,Unnamed: 0,m/z,Calibrated m/z,Calculated m/z,H/C,O/C,Molecular Formula,C,H,O,S,N,13C,34S,18O,N/C,compound_class,probability
0,0,661.3846981,661.3840769,661.3839751,0.980392157,0.0,C51 H50,51,50,0,0,0,0,0,0,0.0,tannin,0.8024151074082078
1,1,661.3846981,661.3840769,661.3838367,2.066666667,0.433333333,C30 H62 O13 S1,30,62,13,1,0,0,0,0,0.0,lipid,0.8440588848500654
2,2,617.3582398,617.3576829,617.3576219,2.071428571,0.428571429,C28 H58 O12 S1,28,58,12,1,0,0,0,0,0.0,lipid,0.8440522144772942
3,3,601.1567085,601.1561748,601.1562791,1.034482759,0.482758621,C29 H30 O14,29,30,14,0,0,0,0,0,0.0,lignin,0.967501412584383
4,4,599.1411866,599.1406558,599.140629,0.965517241,0.482758621,C29 H28 O14,29,28,14,0,0,0,0,0,0.0,tannin,0.7248976677029981
5,5,591.2454695,591.2449498,591.2447002,1.333333333,0.4,C30 H40 O12,30,40,12,0,0,0,0,0,0.0,lignin,0.8684353473610669
6,6,589.2904585,589.2899415,589.2900747,0.826086957,0.0,C46 H38,46,38,0,0,0,0,0,0,0.0,pah,0.9721492064356141
7,7,589.2904585,589.2899415,589.2899363,2.0,0.52,C25 H50 O13 S1,25,50,13,1,0,0,0,0,0.0,carbohydrate,0.5199009037800405
8,8,589.2294303,589.2289135,589.2290501,1.266666667,0.4,C30 H38 O12,30,38,12,0,0,0,0,0,0.0,lignin,0.8778289988622958
9,9,586.5135626,586.5130495,586.5133183,2.058823529,0.176470588,C34 H70 O6 13C1,35,70,6,0,0,1,0,0,0.0,lipid,0.8384534089135455
10,10,585.5103264,585.5098147,585.5099634,2.0,0.171428571,C35 H70 O6,35,70,6,0,0,0,0,0,0.0,lipid,0.8426787930758554
11,11,585.1618786,585.1613675,585.1613645,1.034482759,0.448275862,C29 H30 O13,29,30,13,0,0,0,0,0,0.0,lignin,0.9678000400242766
12,12,579.244988,579.2444851,579.2447002,1.379310345,0.413793103,C29 H40 O12,29,40,12,0,0,0,0,0,0.0,lignin,0.8665205515471559
13,13,577.2660585,577.2655584,577.2654356,1.4,0.366666667,C30 H42 O11,30,42,11,0,0,0,0,0,0.0,lignin,0.8634391430317547
14,14,577.2294395,577.2289394,577.2290501,1.310344828,0.413793103,C29 H38 O12,29,38,12,0,0,0,0,0,0.0,lignin,0.8699839885476377
15,15,575.2505281,575.2500308,575.2497856,1.333333333,0.366666667,C30 H40 O11,30,40,11,0,0,0,0,0,0.0,lignin,0.8674465322580156
16,16,575.2141041,575.2136068,575.2134001,1.24137931,0.413793103,C29 H36 O12,29,36,12,0,0,0,0,0,0.0,lignin,0.8795414784617815
17,17,573.3318834,573.3313887,573.3314072,2.076923077,0.423076923,C26 H54 O11 S1,26,54,11,1,0,0,0,0,0.0,lipid,0.8440447681668722
18,18,573.2346067,573.2341121,573.2341355,1.266666667,0.366666667,C30 H38 O11,30,38,11,0,0,0,0,0,0.0,lignin,0.8776744943687756
19,19,569.13046,569.1299712,569.1300644,0.928571429,0.464285714,C28 H26 O13,28,26,13,0,0,0,0,0,0.0,tannin,0.8802308541384829
20,20,565.2661034,565.2656199,565.2654356,1.448275862,0.379310345,C29 H42 O11,29,42,11,0,0,0,0,0,0.0,lignin,0.8696302640421868
21,21,565.2296224,565.2291389,565.2290501,1.357142857,0.428571429,C28 H38 O12,28,38,12,0,0,0,0,0,0.0,lignin,0.8679099128646616
22,22,563.2868895,563.2864087,563.2861711,1.466666667,0.333333333,C30 H44 O10,30,44,10,0,0,0,0,0,0.0,lignin,0.7458235257660838
23,23,563.2502943,563.2498135,563.2497856,1.379310345,0.379310345,C29 H40 O11,29,40,11,0,0,0,0,0,0.0,lignin,0.8652095975093472
24,24,563.2136939,563.2132132,563.2134001,1.285714286,0.428571429,C28 H36 O12,28,36,12,0,0,0,0,0,0.0,lignin,0.8765624363313425
25,25,561.2709749,561.2704968,561.270521,1.4,0.333333333,C30 H42 O10,30,42,10,0,0,0,0,0,0.0,lignin,0.8623298135478409
26,26,561.2345476,561.2340696,561.2341355,1.310344828,0.379310345,C29 H38 O11,29,38,11,0,0,0,0,0,0.0,lignin,0.8692229440344399
27,27,561.1981895,561.1977116,561.19775,1.214285714,0.428571429,C28 H34 O12,28,34,12,0,0,0,0,0,0.0,lignin,0.8822079691409765
28,28,561.1618126,561.1613347,561.1613645,1.111111111,0.481481481,C27 H30 O13,27,30,13,0,0,0,0,0,0.0,lignin,0.9584151683328439
29,29,559.2551632,559.2546879,559.254871,1.333333333,0.333333333,C30 H40 O10,30,40,10,0,0,0,0,0,0.0,lignin,0.8661166067820245
30,30,559.2187473,559.2182721,559.2184854,1.24137931,0.379310345,C29 H36 O11,29,36,11,0,0,0,0,0,0.0,lignin,0.8794922522837749
31,31,559.1825436,559.1820685,559.1820999,1.142857143,0.428571429,C28 H32 O12,28,32,12,0,0,0,0,0,0.0,lignin,0.9228857893956848
32,32,557.3367287,557.3362561,557.3364926,2.076923077,0.384615385,C26 H54 O10 S1,26,54,10,1,0,0,0,0,0.0,lipid,0.8442473680054079
33,33,557.2399205,557.2394479,557.2392209,1.266666667,0.333333333,C30 H38 O10,30,38,10,0,0,0,0,0,0.0,lignin,0.877486043683524
34,34,557.1306595,557.1301871,557.1300644,0.962962963,0.481481481,C27 H26 O13,27,26,13,0,0,0,0,0,0.0,tannin,0.7245619311305161
35,35,555.114735,555.1142653,555.1144143,0.888888889,0.481481481,C27 H24 O13,27,24,13,0,0,0,0,0,0.0,tannin,0.8812486221538505
36,36,553.2656196,553.2651525,553.2649226,0.829268293,0.0,C41 H34 N2,41,34,0,0,2,0,0,0,0.048780488,pah,0.9721603927278979
37,37,553.2292416,553.2287746,553.2290501,1.407407407,0.444444444,C27 H38 O12,27,38,12,0,0,0,0,0,0.0,lignin,0.8713746702744576
38,38,553.2292416,553.2287746,553.2285371,0.75,0.025,C40 H30 O1 N2,40,30,1,0,2,0,0,0,0.05,pah,0.9719623837887422
39,39,551.2868208,551.2863564,551.2861711,1.517241379,0.344827586,C29 H44 O10,29,44,10,0,0,0,0,0,0.0,lipid,0.720520049595166
40,40,551.2504454,551.249981,551.2497856,1.428571429,0.392857143,C28 H40 O11,28,40,11,0,0,0,0,0,0.0,lignin,0.8703245834450517
41,41,551.2140761,551.2136118,551.2134001,1.333333333,0.444444444,C27 H36 O12,27,36,12,0,0,0,0,0,0.0,lignin,0.8693541802948938
42,42,549.3073132,549.3068515,549.3069065,1.533333333,0.3,C30 H46 O9,30,46,9,0,0,0,0,0,0.0,lipid,0.8703029194457761
43,43,549.2707802,549.2703185,549.270521,1.448275862,0.344827586,C29 H42 O10,29,42,10,0,0,0,0,0,0.0,lignin,0.8693905592969292
44,44,549.234316,549.2338544,549.2336224,0.731707317,0.0,C41 H30 N2,41,30,0,0,2,0,0,0,0.048780488,pah,0.9719697402158353
45,45,549.1980427,549.1975811,549.19775,1.259259259,0.444444444,C27 H34 O12,27,34,12,0,0,0,0,0,0.0,lignin,0.8783299728782883
46,46,548.2585938,548.2581335,548.2582258,1.428571429,0.357142857,C28 H40 O10 13C1,29,40,10,0,0,1,0,0,0.0,lignin,0.8616604073636042
47,47,547.2919193,547.2914603,547.2912565,1.466666667,0.3,C30 H44 O9,30,44,9,0,0,0,0,0,0.0,lipid,0.572147637527775
48,48,547.2554566,547.2549976,547.254871,1.379310345,0.344827586,C29 H40 O10,29,40,10,0,0,0,0,0,0.0,lignin,0.8637607055162008
49,49,547.2190213,547.2185624,547.2184854,1.285714286,0.392857143,C28 H36 O11,28,36,11,0,0,0,0,0,0.0,lignin,0.8763852017034415
50,50,547.1825371,547.1820783,547.1820999,1.185185185,0.444444444,C27 H32 O12,27,32,12,0,0,0,0,0,0.0,lignin,0.8846109689848992
51,51,547.1460783,547.1456195,547.1457144,1.076923077,0.5,C26 H28 O13,26,28,13,0,0,0,0,0,0.0,lignin,0.9588942914300176
52,52,547.1096844,547.1092256,547.1093289,0.96,0.56,C25 H24 O14,25,24,14,0,0,0,0,0,0.0,tannin,0.7233468693531868
53,53,546.2793155,546.2788579,546.2789612,1.448275862,0.310344828,C29 H42 O9 13C1,30,42,9,0,0,1,0,0,0.0,lignin,0.7366429351065389
54,54,546.2427653,546.2423078,546.2425757,1.357142857,0.357142857,C28 H38 O10 13C1,29,38,10,0,0,1,0,0,0.0,lignin,0.8655290367682623
55,55,545.2758828,545.2754266,545.2756064,1.4,0.3,C30 H42 O9,30,42,9,0,0,0,0,0,0.0,lignin,0.8615461591699101
56,56,545.2397115,545.2392553,545.2392209,1.310344828,0.344827586,C29 H38 O10,29,38,10,0,0,0,0,0,0.0,lignin,0.868143276886947
57,57,545.2035524,545.2030963,545.2028354,1.214285714,0.392857143,C28 H34 O11,28,34,11,0,0,0,0,0,0.0,lignin,0.8823467657466374
58,58,545.1307493,545.1302933,545.1300644,1.0,0.5,C26 H26 O13,26,26,13,0,0,0,0,0,0.0,lignin,0.967808138997418
59,59,543.2602727,543.2598192,543.2599563,1.333333333,0.3,C30 H40 O9,30,40,9,0,0,0,0,0,0.0,lignin,0.8651095353552669
60,60,543.2239144,543.2234609,543.2235708,1.24137931,0.344827586,C29 H36 O10,29,36,10,0,0,0,0,0,0.0,lignin,0.8793349130292147
61,61,543.1875573,543.1871039,543.1871853,1.142857143,0.392857143,C28 H32 O11,28,32,11,0,0,0,0,0,0.0,lignin,0.9233033417672102
62,62,543.1513187,543.1508654,543.1507998,1.037037037,0.444444444,C27 H28 O12,27,28,12,0,0,0,0,0,0.0,lignin,0.967805144425899
63,63,543.1150571,543.1146037,543.1144143,0.923076923,0.5,C26 H24 O13,26,24,13,0,0,0,0,0,0.0,tannin,0.8804501051407664
64,64,541.244666,541.2442152,541.2443063,1.266666667,0.3,C30 H38 O9,30,38,9,0,0,0,0,0,0.0,lignin,0.8772512893424593
65,65,541.2081382,541.2076875,541.2079208,1.172413793,0.344827586,C29 H34 O10,29,34,10,0,0,0,0,0,0.0,lignin,0.8864424650893072
66,66,541.1717649,541.1713142,541.1715353,1.071428571,0.392857143,C28 H30 O11,28,30,11,0,0,0,0,0,0.0,lignin,0.9600203787739876
67,67,541.1355768,541.1351261,541.1351497,0.962962963,0.444444444,C27 H26 O12,27,26,12,0,0,0,0,0,0.0,tannin,0.7244603755417074
68,68,539.250358,539.2499099,539.2497856,1.481481481,0.407407407,C27 H40 O11,27,40,11,0,0,0,0,0,0.0,lignin,0.8682000505739005
69,69,539.213855,539.2134069,539.2134001,1.384615385,0.461538462,C26 H36 O12,26,36,12,0,0,0,0,0,0.0,lignin,0.8723195464393999
70,70,539.1772932,539.1768452,539.1770146,1.28,0.52,C25 H32 O13,25,32,13,0,0,0,0,0,0.0,lignin,0.8768939313034096
71,71,539.1197402,539.1192923,539.1194997,0.888888889,0.444444444,C27 H24 O12,27,24,12,0,0,0,0,0,0.0,tannin,0.8809379982221281
72,72,537.234562,537.2341166,537.2341355,1.407407407,0.407407407,C27 H38 O11,27,38,11,0,0,0,0,0,0.0,lignin,0.8711339678488292
73,73,537.1980762,537.1976308,537.19775,1.307692308,0.461538462,C26 H34 O12,26,34,12,0,0,0,0,0,0.0,lignin,0.875489259808824
74,74,537.1616182,537.1611729,537.1613645,1.2,0.52,C25 H30 O13,25,30,13,0,0,0,0,0,0.0,lignin,0.8825099405470244
75,75,535.2919496,535.2915069,535.2912565,1.517241379,0.310344828,C29 H44 O9,29,44,9,0,0,0,0,0,0.0,lipid,0.8703989625160539
76,76,535.2554997,535.2550569,535.254871,1.428571429,0.357142857,C28 H40 O10,28,40,10,0,0,0,0,0,0.0,lignin,0.8616604073636042
77,77,535.2188821,535.2184395,535.2184854,1.333333333,0.407407407,C27 H36 O11,27,36,11,0,0,0,0,0,0.0,lignin,0.8686102277513497
78,78,535.1823064,535.1818637,535.1820999,1.230769231,0.461538462,C26 H32 O12,26,32,12,0,0,0,0,0,0.0,lignin,0.8801680447340925
79,79,535.1458899,535.1454473,535.1457144,1.12,0.52,C25 H28 O13,25,28,13,0,0,0,0,0,0.0,lignin,0.9573904311849917
80,80,535.1458899,535.1454473,535.1452014,0.526315789,0.052631579,C38 H20 O2 N2,38,20,2,0,2,0,0,0,0.052631579,pah,0.9718055982962284
81,81,534.2430161,534.2425747,534.2425757,1.407407407,0.37037037,C27 H38 O10 13C1,28,38,10,0,0,1,0,0,0.0,lignin,0.8631933213828177
82,82,533.3125905,533.3121503,533.3119919,1.533333333,0.266666667,C30 H46 O8,30,46,8,0,0,0,0,0,0.0,lipid,0.8703518806867407
83,83,533.2760785,533.2756384,533.2756064,1.448275862,0.310344828,C29 H42 O9,29,42,9,0,0,0,0,0,0.0,lignin,0.7366429351065389
84,84,533.2395694,533.2391294,533.2392209,1.357142857,0.357142857,C28 H38 O10,28,38,10,0,0,0,0,0,0.0,lignin,0.8655290367682623
85,85,533.2031087,533.2026687,533.2028354,1.259259259,0.407407407,C27 H34 O11,27,34,11,0,0,0,0,0,0.0,lignin,0.8783249927953412
86,86,533.166738,533.1662981,533.1664499,1.153846154,0.461538462,C26 H30 O12,26,30,12,0,0,0,0,0,0.0,lignin,0.8876630831089429
87,87,533.1305104,533.1300705,533.1300644,1.04,0.52,C25 H26 O13,25,26,13,0,0,0,0,0,0.0,lignin,0.9596913392970455
88,88,532.2639211,532.2634824,532.2633112,1.428571429,0.321428571,C28 H40 O9 13C1,29,40,9,0,0,1,0,0,0.0,lignin,0.8607241025142173
89,89,531.2965893,531.2961519,531.2963418,1.466666667,0.266666667,C30 H44 O8,30,44,8,0,0,0,0,0,0.0,lipid,0.7144034340218586
90,90,531.2602001,531.2597628,531.2599563,1.379310345,0.310344828,C29 H40 O9,29,40,9,0,0,0,0,0,0.0,lignin,0.862782339029
91,91,531.2239557,531.2235184,531.2235708,1.285714286,0.357142857,C28 H36 O10,28,36,10,0,0,0,0,0,0.0,lignin,0.8761678532568254
92,92,531.1877843,531.187347,531.1871853,1.185185185,0.407407407,C27 H32 O11,27,32,11,0,0,0,0,0,0.0,lignin,0.8848767278061839
93,93,531.1514396,531.1510024,531.1507998,1.076923077,0.461538462,C26 H28 O12,26,28,12,0,0,0,0,0,0.0,lignin,0.9592666436131461
94,94,531.1150354,531.1145982,531.1144143,0.96,0.52,C25 H24 O13,25,24,13,0,0,0,0,0,0.0,tannin,0.7251220219300942
95,95,530.2481513,530.2477153,530.2476611,1.357142857,0.321428571,C28 H38 O9 13C1,29,38,9,0,0,1,0,0,0.0,lignin,0.8642787533120092
96,96,529.3054292,529.3049945,529.3051924,2.083333333,0.416666667,C24 H50 O10 S1,24,50,10,1,0,0,0,0,0.0,lipid,0.8440364171805943
97,97,529.2811122,529.2806775,529.2806918,1.4,0.266666667,C30 H42 O8,30,42,8,0,0,0,0,0,0.0,lignin,0.8609531326498777
98,98,529.2449446,529.2445099,529.2443063,1.310344828,0.310344828,C29 H38 O9,29,38,9,0,0,0,0,0,0.0,lignin,0.8668985271574453
99,99,529.1721491,529.1717145,529.1715353,1.111111111,0.407407407,C27 H30 O11,27,30,11,0,0,0,0,0,0.0,lignin,0.9591844479802732
100,100,529.1355671,529.1351325,529.1351497,1.0,0.461538462,C26 H26 O12,26,26,12,0,0,0,0,0,0.0,lignin,0.968143537572856
101,101,529.0990143,529.0985798,529.0987642,0.88,0.52,C25 H22 O13,25,22,13,0,0,0,0,0,0.0,tannin,0.8816304263644241
102,102,527.2656536,527.2652215,527.2650417,1.333333333,0.266666667,C30 H40 O8,30,40,8,0,0,0,0,0,0.0,lignin,0.8643531046476595
103,103,527.2291579,527.2287259,527.2286562,1.24137931,0.310344828,C29 H36 O9,29,36,9,0,0,0,0,0,0.0,lignin,0.8791270368260371
104,104,527.1925582,527.1921262,527.1922707,1.142857143,0.357142857,C28 H32 O10,28,32,10,0,0,0,0,0,0.0,lignin,0.8899387864660806
105,105,527.1561172,527.1556853,527.1558852,1.037037037,0.407407407,C27 H28 O11,27,28,11,0,0,0,0,0,0.0,lignin,0.9681143208565339
106,106,527.1198382,527.1194064,527.1194997,0.923076923,0.461538462,C26 H24 O12,26,24,12,0,0,0,0,0,0.0,tannin,0.8803741010005701
107,107,525.2345712,525.2341419,525.2341355,1.461538462,0.423076923,C26 H38 O11,26,38,11,0,0,0,0,0,0.0,lignin,0.8687334390583915
108,108,525.2135036,525.2130743,525.2130061,1.172413793,0.310344828,C29 H34 O9,29,34,9,0,0,0,0,0,0.0,lignin,0.8864150635257412
109,109,525.1982817,525.1978524,525.19775,1.36,0.48,C25 H34 O12,25,34,12,0,0,0,0,0,0.0,lignin,0.868719605344981
110,110,523.255377,523.2549503,523.254871,1.481481481,0.37037037,C27 H40 O10,27,40,10,0,0,0,0,0,0.0,lignin,0.7453247170876476
111,111,523.2188316,523.218405,523.2184854,1.384615385,0.423076923,C26 H36 O11,26,36,11,0,0,0,0,0,0.0,lignin,0.8665402221026103
112,112,523.1824091,523.1819825,523.1820999,1.28,0.48,C25 H32 O12,25,32,12,0,0,0,0,0,0.0,lignin,0.8770554752081111
113,113,523.146037,523.1456104,523.1457144,1.166666667,0.541666667,C24 H28 O13,24,28,13,0,0,0,0,0,0.0,lignin,0.8849944578898233
114,114,521.2760793,521.2756552,521.2756064,1.5,0.321428571,C28 H42 O9,28,42,9,0,0,0,0,0,0.0,lipid,0.7218223614682608
115,115,521.2398925,521.2394685,521.2392209,1.407407407,0.37037037,C27 H38 O10,27,38,10,0,0,0,0,0,0.0,lignin,0.8631933213828177
116,116,521.2035166,521.2030926,521.2028354,1.307692308,0.423076923,C26 H34 O11,26,34,11,0,0,0,0,0,0.0,lignin,0.8703058505029218
117,117,521.1669559,521.166532,521.1664499,1.2,0.48,C25 H30 O12,25,30,12,0,0,0,0,0,0.0,lignin,0.8829728839433871
118,118,521.1303524,521.1299285,521.1300644,1.083333333,0.541666667,C24 H26 O13,24,26,13,0,0,0,0,0,0.0,lignin,0.9583397731278402
119,119,520.263571,520.2631482,520.2633112,1.481481481,0.333333333,C27 H40 O9 13C1,28,40,9,0,0,1,0,0,0.0,lignin,0.6050595463987472
120,120,519.2966177,519.2961962,519.2963418,1.517241379,0.275862069,C29 H44 O8,29,44,8,0,0,0,0,0,0.0,lipid,0.8717053556465973
121,121,519.2601186,519.2596972,519.2599563,1.428571429,0.321428571,C28 H40 O9,28,40,9,0,0,0,0,0,0.0,lignin,0.8607241025142173
122,122,519.2238584,519.2234371,519.2235708,1.333333333,0.37037037,C27 H36 O10,27,36,10,0,0,0,0,0,0.0,lignin,0.8675778689907361
123,123,519.1877196,519.1872983,519.1871853,1.230769231,0.423076923,C26 H32 O11,26,32,11,0,0,0,0,0,0.0,lignin,0.8802983554650696
124,124,518.2478467,518.2474267,518.2476611,1.407407407,0.333333333,C27 H38 O9 13C1,28,38,9,0,0,1,0,0,0.0,lignin,0.86196963291396
125,125,517.3177452,517.3173264,517.3170773,1.533333333,0.233333333,C30 H46 O7,30,46,7,0,0,0,0,0,0.0,lipid,0.8716762608611368
126,126,517.2811744,517.2807556,517.2806918,1.448275862,0.275862069,C29 H42 O8,29,42,8,0,0,0,0,0,0.0,lipid,0.572034479307174
127,127,517.2445542,517.2441355,517.2443063,1.357142857,0.321428571,C28 H38 O9,28,38,9,0,0,0,0,0,0.0,lignin,0.8642787533120092
128,128,517.2081027,517.207684,517.2079208,1.259259259,0.37037037,C27 H34 O10,27,34,10,0,0,0,0,0,0.0,lignin,0.8781867612945577
129,129,517.1718653,517.1714467,517.1715353,1.153846154,0.423076923,C26 H30 O11,26,30,11,0,0,0,0,0,0.0,lignin,0.8881243957661189
130,130,517.1356866,517.135268,517.1351497,1.04,0.48,C25 H26 O12,25,26,12,0,0,0,0,0,0.0,lignin,0.967465106498042
131,131,516.232302,516.2318846,516.232011,1.333333333,0.333333333,C27 H36 O9 13C1,28,36,9,0,0,1,0,0,0.0,lignin,0.8661166067820245
132,132,515.3020984,515.3016822,515.3014272,1.466666667,0.233333333,C30 H44 O7,30,44,7,0,0,0,0,0,0.0,lipid,0.8644250939287309
133,133,515.265647,515.2652309,515.2650417,1.379310345,0.275862069,C29 H40 O8,29,40,8,0,0,0,0,0,0.0,lignin,0.8620664899890362
134,134,515.2290236,515.2286075,515.2286562,1.285714286,0.321428571,C28 H36 O9,28,36,9,0,0,0,0,0,0.0,lignin,0.875910964905383
135,135,515.1924826,515.1920666,515.1922707,1.185185185,0.37037037,C27 H32 O10,27,32,10,0,0,0,0,0,0.0,lignin,0.8850224857382859
136,136,515.1561191,515.1557032,515.1558852,1.076923077,0.423076923,C26 H28 O11,26,28,11,0,0,0,0,0,0.0,lignin,0.9596304036381997
137,137,515.1199956,515.1195797,515.1194997,0.96,0.48,C25 H24 O12,25,24,12,0,0,0,0,0,0.0,tannin,0.7246331425734034
138,138,513.2864269,513.2860134,513.2857772,1.4,0.233333333,C30 H42 O7,30,42,7,0,0,0,0,0,0.0,lignin,0.5544083268574316
139,139,513.2498932,513.2494798,513.2493916,1.310344828,0.275862069,C29 H38 O8,29,38,8,0,0,0,0,0,0.0,lignin,0.8659838500904791
140,140,513.2132929,513.2128795,513.2130061,1.214285714,0.321428571,C28 H34 O9,28,34,9,0,0,0,0,0,0.0,lignin,0.8823332237360946
141,141,513.1768291,513.1764157,513.1766206,1.111111111,0.37037037,C27 H30 O10,27,30,10,0,0,0,0,0,0.0,lignin,0.9595790817305921
142,142,513.1405965,513.1401832,513.1402351,1.0,0.423076923,C26 H26 O11,26,26,11,0,0,0,0,0,0.0,lignin,0.9684544863505706
143,143,513.1044016,513.1039884,513.1038496,0.88,0.48,C25 H22 O12,25,22,12,0,0,0,0,0,0.0,tannin,0.8813829208683075
144,144,511.4735087,511.4730976,511.473184,2.0,0.125,C32 H64 O4,32,64,4,0,0,0,0,0,0.0,lipid,0.8466221097586686
145,145,511.2339967,511.2335859,511.2337416,1.24137931,0.275862069,C29 H36 O8,29,36,8,0,0,0,0,0,0.0,lignin,0.8788691266101635
146,146,511.2186804,511.2182696,511.2184854,1.44,0.44,C25 H36 O11,25,36,11,0,0,0,0,0,0.0,lignin,0.8704797881250406
147,147,511.1975252,511.1971144,511.1973561,1.142857143,0.321428571,C28 H32 O9,28,32,9,0,0,0,0,0,0.0,lignin,0.8905922993248601
148,148,511.1822862,511.1818755,511.1820999,1.333333333,0.5,C24 H32 O12,24,32,12,0,0,0,0,0,0.0,lignin,0.8699801527549464
149,149,511.1251733,511.1247626,511.1245851,0.923076923,0.423076923,C26 H24 O11,26,24,11,0,0,0,0,0,0.0,tannin,0.8802674538778927
150,150,509.2759027,509.2754944,509.2756064,1.555555556,0.333333333,C27 H42 O9,27,42,9,0,0,0,0,0,0.0,lipid,0.8701287397276243
151,151,509.2394023,509.2389941,509.2392209,1.461538462,0.384615385,C26 H38 O10,26,38,10,0,0,0,0,0,0.0,lignin,0.8688764029361227
152,152,509.2031393,509.2027311,509.2028354,1.36,0.44,C25 H34 O11,25,34,11,0,0,0,0,0,0.0,lignin,0.8680203054077221
153,153,509.1669795,509.1665715,509.1664499,1.25,0.5,C24 H30 O12,24,30,12,0,0,0,0,0,0.0,lignin,0.8786855782140133
154,154,507.2603717,507.2599661,507.2599563,1.481481481,0.333333333,C27 H40 O9,27,40,9,0,0,0,0,0,0.0,lignin,0.6050595463987472
155,155,507.2241794,507.2237738,507.2235708,1.384615385,0.384615385,C26 H36 O10,26,36,10,0,0,0,0,0,0.0,lignin,0.8651597799122029
156,156,507.1878253,507.1874198,507.1871853,1.28,0.44,C25 H32 O11,25,32,11,0,0,0,0,0,0.0,lignin,0.87691305146885
157,157,507.1512992,507.1508938,507.1507998,1.166666667,0.5,C24 H28 O12,24,28,12,0,0,0,0,0,0.0,lignin,0.8857116784730561
158,158,507.1146698,507.1142645,507.1144143,1.043478261,0.565217391,C23 H24 O13,23,24,13,0,0,0,0,0,0.0,lignin,0.9591187089552703
159,159,505.244861,505.2444581,505.2443063,1.407407407,0.333333333,C27 H38 O9,27,38,9,0,0,0,0,0,0.0,lignin,0.86196963291396
160,160,505.2082022,505.2077993,505.2079208,1.307692308,0.384615385,C26 H34 O10,26,34,10,0,0,0,0,0,0.0,lignin,0.8695134302625384
161,161,505.1354388,505.135036,505.1351497,1.083333333,0.5,C24 H26 O12,24,26,12,0,0,0,0,0,0.0,lignin,0.9587522236822819
162,162,504.2687654,504.2683637,504.2683965,1.481481481,0.296296296,C27 H40 O8 13C1,28,40,8,0,0,1,0,0,0.0,lipid,0.722342867221551
163,163,504.2321637,504.2317621,504.232011,1.384615385,0.346153846,C26 H36 O9 13C1,27,36,9,0,0,1,0,0,0.0,lignin,0.8635153237777798
164,164,503.3016336,503.3012332,503.3014272,1.517241379,0.24137931,C29 H44 O7,29,44,7,0,0,0,0,0,0.0,lipid,0.8717684701214242
165,165,503.2652403,503.26484,503.2650417,1.428571429,0.285714286,C28 H40 O8,28,40,8,0,0,0,0,0,0.0,lignin,0.7368712791281405
166,166,503.2290774,503.2286771,503.2286562,1.333333333,0.333333333,C27 H36 O9,27,36,9,0,0,0,0,0,0.0,lignin,0.8661166067820245
167,167,503.192841,503.1924407,503.1922707,1.230769231,0.384615385,C26 H32 O10,26,32,10,0,0,0,0,0,0.0,lignin,0.8803020531728867
168,168,503.1564661,503.1560659,503.1558852,1.12,0.44,C25 H28 O11,25,28,11,0,0,0,0,0,0.0,lignin,0.9587166807093762
169,169,503.1199433,503.1195431,503.1194997,1.0,0.5,C24 H24 O12,24,24,12,0,0,0,0,0,0.0,lignin,0.967808138997418
170,170,502.2533567,502.2529577,502.2527465,1.407407407,0.296296296,C27 H38 O8 13C1,28,38,8,0,0,1,0,0,0.0,lignin,0.8611371521822082
171,171,501.2863912,501.2859934,501.2857772,1.448275862,0.24137931,C29 H42 O7,29,42,7,0,0,0,0,0,0.0,lipid,0.7144403750735788
172,172,501.2497834,501.2493857,501.2493916,1.357142857,0.285714286,C28 H38 O8,28,38,8,0,0,0,0,0,0.0,lignin,0.8633994856939692
173,173,501.2132139,501.2128162,501.2130061,1.259259259,0.333333333,C27 H34 O9,27,34,9,0,0,0,0,0,0.0,lignin,0.8779845445898762
174,174,501.1768878,501.1764902,501.1766206,1.153846154,0.384615385,C26 H30 O10,26,30,10,0,0,0,0,0,0.0,lignin,0.8884318149197584
175,175,501.1406933,501.1402957,501.1402351,1.04,0.44,C25 H26 O11,25,26,11,0,0,0,0,0,0.0,lignin,0.967812245033849
176,176,501.1044659,501.1040684,501.1038496,0.916666667,0.5,C24 H22 O12,24,22,12,0,0,0,0,0,0.0,tannin,0.8806302157780184
177,177,499.2706978,499.2703027,499.2701271,1.379310345,0.24137931,C29 H40 O7,29,40,7,0,0,0,0,0,0.0,lignin,0.8615083014384748
178,178,499.2343203,499.2339252,499.2337416,1.285714286,0.285714286,C28 H36 O8,28,36,8,0,0,0,0,0,0.0,lignin,0.8756432680984746
179,179,499.1978293,499.1974342,499.1973561,1.185185185,0.333333333,C27 H32 O9,27,32,9,0,0,0,0,0,0.0,lignin,0.8850474698211025
180,180,499.1612781,499.1608831,499.1609706,1.076923077,0.384615385,C26 H28 O10,26,28,10,0,0,0,0,0,0.0,lignin,0.9599781119030222
181,181,499.145947,499.145552,499.1457144,1.272727273,0.590909091,C22 H28 O13,22,28,13,0,0,0,0,0,0.0,lignin,0.8771450710727867
182,182,499.1248193,499.1244244,499.1245851,0.96,0.44,C25 H24 O11,25,24,11,0,0,0,0,0,0.0,tannin,0.8792819798552735
183,183,499.1095835,499.1091886,499.1093289,1.142857143,0.666666667,C21 H24 O14,21,24,14,0,0,0,0,0,0.0,lignin,0.9177962033471255
184,184,499.0885036,499.0881087,499.0881995,0.833333333,0.5,C24 H20 O12,24,20,12,0,0,0,0,0,0.0,tannin,0.8809056310801644
185,185,497.2547936,497.2544011,497.254477,1.310344828,0.24137931,C29 H38 O7,29,38,7,0,0,0,0,0,0.0,lignin,0.8652724826898208
186,186,497.2396064,497.2392139,497.2392209,1.52,0.4,C25 H38 O10,25,38,10,0,0,0,0,0,0.0,lignin,0.7457021824027195
187,187,497.2185577,497.2181652,497.2180915,1.214285714,0.285714286,C28 H34 O8,28,34,8,0,0,0,0,0,0.0,lignin,0.8821826051920014
188,188,497.2033734,497.2029809,497.2028354,1.416666667,0.458333333,C24 H34 O11,24,34,11,0,0,0,0,0,0.0,lignin,0.8716654106577792
189,189,497.1670292,497.1666368,497.1664499,1.304347826,0.52173913,C23 H30 O12,23,30,12,0,0,0,0,0,0.0,lignin,0.8755867410819196
190,190,497.145847,497.1454546,497.1453205,1.0,0.384615385,C26 H26 O10,26,26,10,0,0,0,0,0,0.0,lignin,0.9715417344241258
191,191,497.1305626,497.1301702,497.1300644,1.181818182,0.590909091,C22 H26 O13,22,26,13,0,0,0,0,0,0.0,lignin,0.8827755335247754
192,192,497.1093593,497.1089669,497.108935,0.88,0.44,C25 H22 O11,25,22,11,0,0,0,0,0,0.0,tannin,0.8807496671588353
193,193,497.0939349,497.0935426,497.0936789,1.047619048,0.666666667,C21 H22 O14,21,22,14,0,0,0,0,0,0.0,lignin,0.9578900816208014
194,194,495.2601477,495.2597578,495.2599563,1.538461538,0.346153846,C26 H40 O9,26,40,9,0,0,0,0,0,0.0,lipid,0.8702344296594138
195,195,495.2392387,495.2388488,495.238827,1.24137931,0.24137931,C29 H36 O7,29,36,7,0,0,0,0,0,0.0,lignin,0.8797516865878002
196,196,495.2238874,495.2234975,495.2235708,1.44,0.4,C25 H36 O10,25,36,10,0,0,0,0,0,0.0,lignin,0.8700259486495231
197,197,495.1877514,495.1873616,495.1871853,1.333333333,0.458333333,C24 H32 O11,24,32,11,0,0,0,0,0,0.0,lignin,0.8695711684264585
198,198,495.1514319,495.1510421,495.1507998,1.217391304,0.52173913,C23 H28 O12,23,28,12,0,0,0,0,0,0.0,lignin,0.8806560662012929
199,199,495.1302804,495.1298906,495.1296704,0.923076923,0.384615385,C26 H24 O10,26,24,10,0,0,0,0,0,0.0,tannin,0.8800527660016394
200,200,495.1149319,495.1145421,495.1144143,1.090909091,0.590909091,C22 H24 O13,22,24,13,0,0,0,0,0,0.0,lignin,0.9576899341904104
201,201,495.0936682,495.0932785,495.0932849,0.8,0.44,C25 H20 O11,25,20,11,0,0,0,0,0,0.0,tannin,0.8993792897885287
202,202,495.0783095,495.0779198,495.0780288,0.952380952,0.666666667,C21 H20 O14,21,20,14,0,0,0,0,0,0.0,tannin,0.7236332426467266
203,203,494.2116811,494.2112925,494.2112756,1.416666667,0.416666667,C24 H34 O10 13C1,25,34,10,0,0,1,0,0,0.0,lignin,0.8708994207140996
204,204,493.2808405,493.2804531,493.2806918,1.555555556,0.296296296,C27 H42 O8,27,42,8,0,0,0,0,0,0.0,lipid,0.8701649310256728
205,205,493.2445726,493.2441853,493.2443063,1.461538462,0.346153846,C26 H38 O9,26,38,9,0,0,0,0,0,0.0,lignin,0.7459921400893689
206,206,493.242434,493.2420467,493.2418043,1.266666667,0.133333333,C30 H38 O4 S1,30,38,4,1,0,0,0,0,0.0,lignin,0.8760034097437893
207,207,493.2084121,493.2080249,493.2079208,1.36,0.4,C25 H34 O10,25,34,10,0,0,0,0,0,0.0,lignin,0.867051841210019
208,208,493.1720871,493.1716999,493.1715353,1.25,0.458333333,C24 H30 O11,24,30,11,0,0,0,0,0,0.0,lignin,0.8788825038366855
209,209,493.1356528,493.1352657,493.1351497,1.130434783,0.52173913,C23 H26 O12,23,26,12,0,0,0,0,0,0.0,lignin,0.9605085703659535
210,210,493.0990721,493.098685,493.0987642,1.0,0.590909091,C22 H22 O13,22,22,13,0,0,0,0,0,0.0,lignin,0.966950805210001
211,211,492.2323536,492.2319676,492.232011,1.44,0.36,C25 H36 O9 13C1,26,36,9,0,0,1,0,0,0.0,lignin,0.8697159733970669
212,212,492.1958616,492.1954757,492.1956255,1.333333333,0.416666667,C24 H32 O10 13C1,25,32,10,0,0,1,0,0,0.0,lignin,0.8688136193249996
213,213,491.3016682,491.3012835,491.3014272,1.571428571,0.25,C28 H44 O7,28,44,7,0,0,0,0,0,0.0,lipid,0.8701401053178598
214,214,491.2653757,491.264991,491.2650417,1.481481481,0.296296296,C27 H40 O8,27,40,8,0,0,0,0,0,0.0,lipid,0.722342867221551
215,215,491.2291562,491.2287715,491.2286562,1.384615385,0.346153846,C26 H36 O9,26,36,9,0,0,0,0,0,0.0,lignin,0.8635153237777798
216,216,491.1928186,491.1924339,491.1922707,1.28,0.4,C25 H32 O10,25,32,10,0,0,0,0,0,0.0,lignin,0.8767708049974201
217,217,491.156383,491.1559984,491.1558852,1.166666667,0.458333333,C24 H28 O11,24,28,11,0,0,0,0,0,0.0,lignin,0.8862862764394173
218,218,491.1198659,491.1194813,491.1194997,1.043478261,0.52173913,C23 H24 O12,23,24,12,0,0,0,0,0,0.0,lignin,0.9595645744836965
219,219,491.0833907,491.0830062,491.0831142,0.909090909,0.590909091,C22 H20 O13,22,20,13,0,0,0,0,0,0.0,tannin,0.8810534948124744
220,220,490.2530957,490.2527123,490.2527465,1.461538462,0.307692308,C26 H38 O8 13C1,27,38,8,0,0,1,0,0,0.0,lignin,0.7361738283994665
221,221,490.2166,490.2162167,490.216361,1.36,0.36,C25 H34 O9 13C1,26,34,9,0,0,1,0,0,0.0,lignin,0.8654748757711446
222,222,490.1802237,490.1798404,490.1799755,1.25,0.416666667,C24 H30 O10 13C1,25,30,10,0,0,1,0,0,0.0,lignin,0.8789472887156362
223,223,489.2861492,489.285767,489.2857772,1.5,0.25,C28 H42 O7,28,42,7,0,0,0,0,0,0.0,lipid,0.8640233978015288
224,224,489.2500012,489.2496191,489.2493916,1.407407407,0.296296296,C27 H38 O8,27,38,8,0,0,0,0,0,0.0,lignin,0.8611371521822082
225,225,489.2136192,489.2132371,489.2130061,1.307692308,0.346153846,C26 H34 O9,26,34,9,0,0,0,0,0,0.0,lignin,0.8683787171877695
226,226,489.1769989,489.1766169,489.1766206,1.2,0.4,C25 H30 O10,25,30,10,0,0,0,0,0,0.0,lignin,0.8835408201059775
227,227,489.1404031,489.1400211,489.1402351,1.083333333,0.458333333,C24 H26 O11,24,26,11,0,0,0,0,0,0.0,lignin,0.959158330425662
228,228,489.1040433,489.1036613,489.1038496,0.956521739,0.52173913,C23 H22 O12,23,22,12,0,0,0,0,0,0.0,tannin,0.7252265224131483
229,229,489.0678911,489.0675091,489.0674641,0.818181818,0.590909091,C22 H18 O13,22,18,13,0,0,0,0,0,0.0,tannin,0.8831690785762442
230,230,488.2373241,488.2369433,488.2370964,1.384615385,0.307692308,C26 H36 O8 13C1,27,36,8,0,0,1,0,0,0.0,lignin,0.8624515116743717
231,231,488.2012011,488.2008203,488.2007109,1.28,0.36,C25 H32 O9 13C1,26,32,9,0,0,1,0,0,0.0,lignin,0.8765324656596144
232,232,487.2706332,487.2702536,487.2701271,1.428571429,0.25,C28 H40 O7,28,40,7,0,0,0,0,0,0.0,lipid,0.5719113275197999
233,233,487.2339589,487.2335794,487.2337416,1.333333333,0.296296296,C27 H36 O8,27,36,8,0,0,0,0,0,0.0,lignin,0.8650153923303495
234,234,487.1975493,487.1971698,487.1973561,1.230769231,0.346153846,C26 H32 O9,26,32,9,0,0,0,0,0,0.0,lignin,0.8801642931116103
235,235,487.1613608,487.1609813,487.1609706,1.12,0.4,C25 H28 O10,25,28,10,0,0,0,0,0,0.0,lignin,0.9591516736702811
236,236,487.1251281,487.1247487,487.1245851,1.0,0.458333333,C24 H24 O11,24,24,11,0,0,0,0,0,0.0,lignin,0.9681704621003224
237,237,487.088776,487.0883967,487.0881995,0.869565217,0.52173913,C23 H20 O12,23,20,12,0,0,0,0,0,0.0,tannin,0.8818574084144547
238,238,486.2828484,486.2824701,486.2823325,2.19047619,0.428571429,C21 H46 O9 S1 13C1,22,46,9,1,0,1,0,0,0.0,lipid,0.8434697616663644
239,239,485.2910751,485.290698,485.2908625,1.448275862,0.206896552,C29 H42 O6,29,42,6,0,0,0,0,0,0.0,lipid,0.8646270688208209
240,240,485.2792152,485.2788381,485.2789777,2.090909091,0.409090909,C22 H46 O9 S1,22,46,9,1,0,0,0,0,0.0,lipid,0.8440270116856103
241,241,485.2547872,485.2544102,485.254477,1.357142857,0.25,C28 H38 O7,28,38,7,0,0,0,0,0,0.0,lignin,0.8627330722136618
242,242,485.2186009,485.218224,485.2180915,1.259259259,0.296296296,C27 H34 O8,27,34,8,0,0,0,0,0,0.0,lignin,0.8777262078005101
243,243,485.1822832,485.1819063,485.181706,1.153846154,0.346153846,C26 H30 O9,26,30,9,0,0,0,0,0,0.0,lignin,0.8885772282256852
244,244,485.1669868,485.1666099,485.1664499,1.363636364,0.545454545,C22 H30 O12,22,30,12,0,0,0,0,0,0.0,lignin,0.8736501603184443
245,245,485.1458237,485.1454468,485.1453205,1.04,0.4,C25 H26 O10,25,26,10,0,0,0,0,0,0.0,lignin,0.9681464131935179
246,246,485.1304536,485.1300767,485.1300644,1.238095238,0.619047619,C21 H26 O13,21,26,13,0,0,0,0,0,0.0,lignin,0.8785948568559034
247,247,485.1091722,485.1087954,485.108935,0.916666667,0.458333333,C24 H22 O11,24,22,11,0,0,0,0,0,0.0,tannin,0.8805317346435381
248,248,485.093842,485.0934652,485.0936789,1.1,0.7,C20 H22 O14,20,22,14,0,0,0,0,0,0.0,lignin,0.9564556499190543
249,249,485.0726899,485.0723132,485.0725495,0.782608696,0.52173913,C23 H18 O12,23,18,12,0,0,0,0,0,0.0,tannin,0.8806332811818504
250,250,483.2390735,483.2386991,483.238827,1.285714286,0.25,C28 H36 O7,28,36,7,0,0,0,0,0,0.0,lignin,0.875388197030912
251,251,483.2237457,483.2233713,483.2235708,1.5,0.416666667,C24 H36 O10,24,36,10,0,0,0,0,0,0.0,lignin,0.8678052566348139
252,252,483.2026453,483.2022709,483.2024415,1.185185185,0.296296296,C27 H32 O8,27,32,8,0,0,0,0,0,0.0,lignin,0.8850211418857417
253,253,483.1874121,483.1870378,483.1871853,1.391304348,0.47826087,C23 H32 O11,23,32,11,0,0,0,0,0,0.0,lignin,0.8726336048530063
254,254,483.1512873,483.150913,483.1507998,1.272727273,0.545454545,C22 H28 O12,22,28,12,0,0,0,0,0,0.0,lignin,0.8771087698294489
255,255,483.1302836,483.1299094,483.1296704,0.96,0.4,C25 H24 O10,25,24,10,0,0,0,0,0,0.0,tannin,0.8792365432075282
256,256,483.1150051,483.1146308,483.1144143,1.142857143,0.619047619,C21 H24 O13,21,24,13,0,0,0,0,0,0.0,lignin,0.9187149763779263
257,257,483.0938746,483.0935004,483.0932849,0.833333333,0.458333333,C24 H20 O11,24,20,11,0,0,0,0,0,0.0,tannin,0.879838558891285
258,258,483.0785352,483.078161,483.0780288,1.0,0.7,C20 H20 O14,20,20,14,0,0,0,0,0,0.0,lignin,0.9588987788851157
259,259,481.2448727,481.2445008,481.2443063,1.52,0.36,C25 H38 O9,25,38,9,0,0,0,0,0,0.0,lipid,0.5717887018367931
260,260,481.2084505,481.2080787,481.2079208,1.416666667,0.416666667,C24 H34 O10,24,34,10,0,0,0,0,0,0.0,lignin,0.8708994207140996
261,261,481.1718491,481.1714773,481.1715353,1.304347826,0.47826087,C23 H30 O11,23,30,11,0,0,0,0,0,0.0,lignin,0.8756628730228668
262,262,481.1637276,481.1633559,481.1631601,0.764705882,0.029411765,C34 H26 O1 S1,34,26,1,1,0,0,0,0,0.0,pah,0.9719717916473802
263,263,481.1353254,481.1349537,481.1351497,1.181818182,0.545454545,C22 H26 O12,22,26,12,0,0,0,0,0,0.0,lignin,0.8836016288775985
264,264,481.1142308,481.1138591,481.1140204,0.88,0.4,C25 H22 O10,25,22,10,0,0,0,0,0,0.0,tannin,0.8795139574488313
265,265,481.0990725,481.0987009,481.0987642,1.047619048,0.619047619,C21 H22 O13,21,22,13,0,0,0,0,0,0.0,lignin,0.9584167583306511
266,266,481.0629282,481.0625566,481.0623787,0.9,0.7,C20 H18 O14,20,18,14,0,0,0,0,0,0.0,tannin,0.880051108660744
267,267,480.1962204,480.1958499,480.1956255,1.391304348,0.434782609,C23 H32 O10 13C1,24,32,10,0,0,1,0,0,0.0,lignin,0.8665553406431403
268,268,479.2654414,479.2650721,479.2650417,1.538461538,0.307692308,C26 H40 O8,26,40,8,0,0,0,0,0,0.0,lipid,0.8702607347567184
269,269,479.2292009,479.2288317,479.2286562,1.44,0.36,C25 H36 O9,25,36,9,0,0,0,0,0,0.0,lignin,0.8697159733970669
270,270,479.192798,479.1924288,479.1922707,1.333333333,0.416666667,C24 H32 O10,24,32,10,0,0,0,0,0,0.0,lignin,0.8688136193249996
271,271,479.1562543,479.1558852,479.1558852,1.217391304,0.47826087,C23 H28 O11,23,28,11,0,0,0,0,0,0.0,lignin,0.8810419482926397
272,272,479.119738,479.1193689,479.1194997,1.090909091,0.545454545,C22 H24 O12,22,24,12,0,0,0,0,0,0.0,lignin,0.9581435379013422
273,273,479.0986217,479.0982526,479.0983703,0.8,0.4,C25 H20 O10,25,20,10,0,0,0,0,0,0.0,tannin,0.9159299466372023
274,274,479.0834035,479.0830344,479.0831142,0.952380952,0.619047619,C21 H20 O13,21,20,13,0,0,0,0,0,0.0,tannin,0.7236067800763754
275,275,478.2531354,478.2527674,478.2527465,1.52,0.32,C25 H38 O8 13C1,26,38,8,0,0,1,0,0,0.0,lipid,0.8703718144945245
276,276,478.2168643,478.2164963,478.216361,1.416666667,0.375,C24 H34 O9 13C1,25,34,9,0,0,1,0,0,0.0,lignin,0.862898712131104
277,277,478.1805359,478.180168,478.1799755,1.304347826,0.434782609,C23 H30 O10 13C1,24,30,10,0,0,1,0,0,0.0,lignin,0.8755779629323162
278,278,477.2859584,477.2855917,477.2857772,1.555555556,0.259259259,C27 H42 O7,27,42,7,0,0,0,0,0,0.0,lipid,0.8702217967656765
279,279,477.2496898,477.2493231,477.2493916,1.461538462,0.307692308,C26 H38 O8,26,38,8,0,0,0,0,0,0.0,lignin,0.7361738283994665
280,280,477.2135363,477.2131696,477.2130061,1.36,0.36,C25 H34 O9,25,34,9,0,0,0,0,0,0.0,lignin,0.8654748757711446
281,281,477.1772073,477.1768406,477.1766206,1.25,0.416666667,C24 H30 O10,24,30,10,0,0,0,0,0,0.0,lignin,0.8789472887156362
282,282,477.140602,477.1402354,477.1402351,1.130434783,0.47826087,C23 H26 O11,23,26,11,0,0,0,0,0,0.0,lignin,0.9720216134959362
283,283,477.1039937,477.1036272,477.1038496,1.0,0.545454545,C22 H22 O12,22,22,12,0,0,0,0,0,0.0,lignin,0.9673878452290895
284,284,477.0676677,477.0673012,477.0674641,0.857142857,0.619047619,C21 H18 O13,21,18,13,0,0,0,0,0,0.0,tannin,0.8826624708658108
285,285,476.237609,476.2372436,476.2370964,1.44,0.32,C25 H36 O8 13C1,26,36,8,0,0,1,0,0,0.0,lignin,0.8602166264711377
286,286,476.2012889,476.2009235,476.2007109,1.333333333,0.375,C24 H32 O9 13C1,25,32,9,0,0,1,0,0,0.0,lignin,0.8677330272594924
287,287,475.270475,475.2701108,475.2701271,1.481481481,0.259259259,C27 H40 O7,27,40,7,0,0,0,0,0,0.0,lipid,0.8643081723782462
288,288,475.2342589,475.2338947,475.2337416,1.384615385,0.307692308,C26 H36 O8,26,36,8,0,0,0,0,0,0.0,lignin,0.8624515116743717
289,289,475.1978932,475.1975291,475.1973561,1.28,0.36,C25 H32 O9,25,32,9,0,0,0,0,0,0.0,lignin,0.8765324656596144
290,290,475.1614085,475.1610444,475.1609706,1.166666667,0.416666667,C24 H28 O10,24,28,10,0,0,0,0,0,0.0,lignin,0.8867499409043358
291,291,475.1248456,475.1244816,475.1245851,1.043478261,0.47826087,C23 H24 O11,23,24,11,0,0,0,0,0,0.0,lignin,0.9599930367665019
292,292,475.0884058,475.0880418,475.0881995,0.909090909,0.545454545,C22 H20 O12,22,20,12,0,0,0,0,0,0.0,tannin,0.8809437603710955
293,293,474.2220281,474.2216653,474.2214464,1.36,0.32,C25 H34 O8 13C1,26,34,8,0,0,1,0,0,0.0,lignin,0.8640749588398957
294,294,473.255053,473.2546913,473.254477,1.407407407,0.259259259,C27 H38 O7,27,38,7,0,0,0,0,0,0.0,lignin,0.7371904456878652
295,295,473.2185682,473.2182066,473.2180915,1.307692308,0.307692308,C26 H34 O8,26,34,8,0,0,0,0,0,0.0,lignin,0.8670017668971758
296,296,473.1819525,473.1815909,473.181706,1.2,0.36,C25 H30 O9,25,30,9,0,0,0,0,0,0.0,lignin,0.8836327546374658
297,297,473.1455195,473.145158,473.1453205,1.083333333,0.416666667,C24 H26 O10,24,26,10,0,0,0,0,0,0.0,lignin,0.9595574715550953
298,298,473.1092637,473.1089022,473.108935,0.956521739,0.47826087,C23 H22 O11,23,22,11,0,0,0,0,0,0.0,tannin,0.7247156666858886
299,299,473.0730559,473.0726945,473.0725495,0.818181818,0.545454545,C22 H18 O12,22,18,12,0,0,0,0,0,0.0,tannin,0.8818588701508862
300,300,471.2390823,471.2387233,471.238827,1.333333333,0.259259259,C27 H36 O7,27,36,7,0,0,0,0,0,0.0,lignin,0.8642083590331433
301,301,471.1873329,471.1869739,471.1871853,1.454545455,0.5,C22 H32 O11,22,32,11,0,0,0,0,0,0.0,lignin,0.8692287845080834
302,302,471.1663794,471.1660204,471.1660559,1.12,0.36,C25 H28 O9,25,28,9,0,0,0,0,0,0.0,lignin,0.9596003066446966
303,303,471.1512337,471.1508747,471.1507998,1.333333333,0.571428571,C21 H28 O12,21,28,12,0,0,0,0,0,0.0,lignin,0.8746933832509551
304,304,471.1302525,471.1298936,471.1296704,1.0,0.416666667,C24 H24 O10,24,24,10,0,0,0,0,0,0.0,lignin,0.9685033992024235
305,305,471.1149694,471.1146105,471.1144143,1.2,0.65,C20 H24 O13,20,24,13,0,0,0,0,0,0.0,lignin,0.8803108751285308
306,306,471.093779,471.0934201,471.0932849,0.869565217,0.47826087,C23 H20 O11,23,20,11,0,0,0,0,0,0.0,tannin,0.8814195826938993
307,307,469.2842511,469.2838945,469.2840631,2.090909091,0.363636364,C22 H46 O8 S1,22,46,8,1,0,0,0,0,0.0,lipid,0.8442748653033266
308,308,469.2236736,469.2233171,469.2231769,1.259259259,0.259259259,C27 H34 O7,27,34,7,0,0,0,0,0,0.0,lignin,0.8774551012801993
309,309,469.2084849,469.2081284,469.2079208,1.47826087,0.434782609,C23 H34 O10,23,34,10,0,0,0,0,0,0.0,lignin,0.8683533097907155
310,310,469.1873536,469.1869971,469.1867914,1.153846154,0.307692308,C26 H30 O8,26,30,8,0,0,0,0,0,0.0,lignin,0.8885732950144007
311,311,469.1720659,469.1717094,469.1715353,1.363636364,0.5,C22 H30 O11,22,30,11,0,0,0,0,0,0.0,lignin,0.8737613636654474
312,312,469.1508008,469.1504444,469.1504059,1.04,0.36,C25 H26 O9,25,26,9,0,0,0,0,0,0.0,lignin,0.9684650131195747
313,313,469.1354047,469.1350483,469.1351497,1.238095238,0.571428571,C21 H26 O12,21,26,12,0,0,0,0,0,0.0,lignin,0.8787777262117735
314,314,469.1141796,469.1138232,469.1140204,0.916666667,0.416666667,C24 H22 O10,24,22,10,0,0,0,0,0,0.0,tannin,0.8803715865729453
315,315,469.0989009,469.0985445,469.0987642,1.1,0.65,C20 H22 O13,20,22,13,0,0,0,0,0,0.0,lignin,0.9564845293248929
316,316,469.0778688,469.0775125,469.0776349,0.782608696,0.47826087,C23 H18 O11,23,18,11,0,0,0,0,0,0.0,tannin,0.8997380600184052
317,317,469.0627087,469.0623523,469.0623787,0.947368421,0.736842105,C19 H18 O14,19,18,14,0,0,0,0,0,0.0,tannin,0.7238873927283915
318,318,467.2288636,467.2285096,467.2286562,1.5,0.375,C24 H36 O9,24,36,9,0,0,0,0,0,0.0,lignin,0.7449966716732388
319,319,467.1925138,467.1921598,467.1922707,1.391304348,0.434782609,C23 H32 O10,23,32,10,0,0,0,0,0,0.0,lignin,0.8665553406431403
320,320,467.1563146,467.1559607,467.1558852,1.272727273,0.5,C22 H28 O11,22,28,11,0,0,0,0,0,0.0,lignin,0.8773758331948951
321,321,467.1200248,467.119671,467.1194997,1.142857143,0.571428571,C21 H24 O12,21,24,12,0,0,0,0,0,0.0,lignin,0.9199669474046603
322,322,467.0988967,467.0985428,467.0983703,0.833333333,0.416666667,C24 H20 O10,24,20,10,0,0,0,0,0,0.0,tannin,0.87916919928608
323,323,467.0835285,467.0831747,467.0831142,1.0,0.65,C20 H20 O13,20,20,13,0,0,0,0,0,0.0,lignin,0.9663736158897642
324,324,466.2168922,466.2165395,466.216361,1.47826087,0.391304348,C23 H34 O9 13C1,24,34,9,0,0,1,0,0,0.0,lignin,0.8673649282153439
325,325,466.1805463,466.1801937,466.1799755,1.363636364,0.454545455,C22 H30 O10 13C1,23,30,10,0,0,1,0,0,0.0,lignin,0.8681478939816168
326,326,465.2498688,465.2495173,465.2493916,1.52,0.32,C25 H38 O8,25,38,8,0,0,0,0,0,0.0,lipid,0.8703718144945245
327,327,465.2133144,465.2129629,465.2130061,1.416666667,0.375,C24 H34 O9,24,34,9,0,0,0,0,0,0.0,lignin,0.862898712131104
328,328,465.1768125,465.1764611,465.1766206,1.304347826,0.434782609,C23 H30 O10,23,30,10,0,0,0,0,0,0.0,lignin,0.8755779629323162
329,329,465.1687444,465.168393,465.1682455,0.764705882,0.0,C34 H26 S1,34,26,0,1,0,0,0,0,0.0,pah,0.9720154542914606
330,330,465.1405137,465.1401624,465.1402351,1.181818182,0.5,C22 H26 O11,22,26,11,0,0,0,0,0,0.0,lignin,0.8842954772097803
331,331,465.1042843,465.1039329,465.1038496,1.047619048,0.571428571,C21 H22 O12,21,22,12,0,0,0,0,0,0.0,lignin,0.9589310986550631
332,332,465.0679612,465.0676099,465.0674641,0.9,0.65,C20 H18 O13,20,18,13,0,0,0,0,0,0.0,tannin,0.8815162843977167
333,333,464.2372622,464.236912,464.2370964,1.5,0.333333333,C24 H36 O8 13C1,25,36,8,0,0,1,0,0,0.0,lipid,0.5716931796575205
334,334,464.2010542,464.200704,464.2007109,1.391304348,0.391304348,C23 H32 O9 13C1,24,32,9,0,0,1,0,0,0.0,lignin,0.8651013767428433
335,335,464.1648818,464.1645317,464.1643254,1.272727273,0.454545455,C22 H28 O10 13C1,23,28,10,0,0,1,0,0,0.0,lignin,0.8775102808133075
336,336,463.2706411,463.2702921,463.2701271,1.538461538,0.269230769,C26 H40 O7,26,40,7,0,0,0,0,0,0.0,lipid,0.8703139683486455
337,337,463.2342629,463.233914,463.2337416,1.44,0.32,C25 H36 O8,25,36,8,0,0,0,0,0,0.0,lignin,0.8602166264711377
338,338,463.1977048,463.1973559,463.1973561,1.333333333,0.375,C24 H32 O9,24,32,9,0,0,0,0,0,0.0,lignin,0.8677330272594924
339,339,463.1611857,463.1608368,463.1609706,1.217391304,0.434782609,C23 H28 O10,23,28,10,0,0,0,0,0,0.0,lignin,0.881930162380017
340,340,463.1248685,463.1245197,463.1245851,1.090909091,0.5,C22 H24 O11,22,24,11,0,0,0,0,0,0.0,lignin,0.9585948862536485
341,341,463.0886028,463.0882541,463.0881995,0.952380952,0.571428571,C21 H20 O12,21,20,12,0,0,0,0,0,0.0,tannin,0.7235999700979175
342,342,462.2215995,462.2212518,462.2214464,1.416666667,0.333333333,C24 H34 O8 13C1,25,34,8,0,0,1,0,0,0.0,lignin,0.861534442479061
343,343,462.1854041,462.1850564,462.1850608,1.304347826,0.391304348,C23 H30 O9 13C1,24,30,9,0,0,1,0,0,0.0,lignin,0.8753213735234364
344,344,461.2549819,461.2546354,461.254477,1.461538462,0.269230769,C26 H38 O7,26,38,7,0,0,0,0,0,0.0,lipid,0.7144592264615717
345,345,461.2185517,461.2182053,461.2180915,1.36,0.32,C25 H34 O8,25,34,8,0,0,0,0,0,0.0,lignin,0.8640749588398957
346,346,461.1820133,461.1816669,461.181706,1.25,0.375,C24 H30 O9,24,30,9,0,0,0,0,0,0.0,lignin,0.8788533261902349
347,347,461.1455455,461.1451992,461.1453205,1.130434783,0.434782609,C23 H26 O10,23,26,10,0,0,0,0,0,0.0,lignin,0.9722655730053387
348,348,461.1092827,461.1089364,461.108935,1.0,0.5,C22 H22 O11,22,22,11,0,0,0,0,0,0.0,lignin,0.967808138997418
349,349,461.0729803,461.0726341,461.0725495,0.857142857,0.571428571,C21 H18 O12,21,18,12,0,0,0,0,0,0.0,tannin,0.8824150991564474
350,350,460.2060944,460.2057493,460.2057963,1.333333333,0.333333333,C24 H32 O8 13C1,25,32,8,0,0,1,0,0,0.0,lignin,0.8661166067820245
351,351,459.2451562,459.2448123,459.2447002,2.105263158,0.631578947,C19 H40 O12,19,40,12,0,0,0,0,0,0.0,carbohydrate,0.8498423722632193
352,352,459.2392673,459.2389233,459.238827,1.384615385,0.269230769,C26 H36 O7,26,36,7,0,0,0,0,0,0.0,lignin,0.8616960803796566
353,353,459.2026909,459.202347,459.2024415,1.28,0.32,C25 H32 O8,25,32,8,0,0,0,0,0,0.0,lignin,0.8762518856376242
354,354,459.166286,459.1659422,459.1660559,1.166666667,0.375,C24 H28 O9,24,28,9,0,0,0,0,0,0.0,lignin,0.8870016803681
355,355,459.1300271,459.1296833,459.1296704,1.043478261,0.434782609,C23 H24 O10,23,24,10,0,0,0,0,0,0.0,lignin,0.9678222616785523
356,356,459.1148283,459.1144845,459.1144143,1.263157895,0.684210526,C19 H24 O13,19,24,13,0,0,0,0,0,0.0,lignin,0.8769478950109411
357,357,459.0937808,459.0934371,459.0932849,0.909090909,0.5,C22 H20 O11,22,20,11,0,0,0,0,0,0.0,tannin,0.880836689729737
358,358,457.2597957,457.2594543,457.2595624,1.407407407,0.222222222,C27 H38 O6,27,38,6,0,0,0,0,0,0.0,lipid,0.5717758422143105
359,359,457.2233555,457.2230141,457.2231769,1.307692308,0.269230769,C26 H34 O7,26,34,7,0,0,0,0,0,0.0,lignin,0.8660089264447681
360,360,457.1871159,457.1867746,457.1867914,1.2,0.32,C25 H30 O8,25,30,8,0,0,0,0,0,0.0,lignin,0.8835942087093809
361,361,457.171964,457.1716226,457.1715353,1.428571429,0.523809524,C21 H30 O11,21,30,11,0,0,0,0,0,0.0,lignin,0.8701394191586515
362,362,457.1509348,457.1505935,457.1504059,1.083333333,0.375,C24 H26 O9,24,26,9,0,0,0,0,0,0.0,lignin,0.9599498169334428
363,363,457.1356429,457.1353017,457.1351497,1.3,0.6,C20 H26 O12,20,26,12,0,0,0,0,0,0.0,lignin,0.8757712315213494
364,364,457.1144751,457.1141338,457.1140204,0.956521739,0.434782609,C23 H22 O10,23,22,10,0,0,0,0,0,0.0,tannin,0.8793818644420996
365,365,457.0991066,457.0987653,457.0987642,1.157894737,0.684210526,C19 H22 O13,19,22,13,0,0,0,0,0,0.0,lignin,0.9194840306411285
366,366,457.0779109,457.0775697,457.0776349,0.818181818,0.5,C22 H18 O11,22,18,11,0,0,0,0,0,0.0,tannin,0.880483606670672
367,367,457.0625743,457.0622331,457.0623787,1.0,0.777777778,C18 H18 O14,18,18,14,0,0,0,0,0,0.0,lignin,0.957833827031758
368,368,455.2291355,455.2287966,455.2286562,1.565217391,0.391304348,C23 H36 O9,23,36,9,0,0,0,0,0,0.0,lipid,0.7205671265795678
369,369,455.2079864,455.2076475,455.2075268,1.230769231,0.269230769,C26 H32 O7,26,32,7,0,0,0,0,0,0.0,lignin,0.8807321653148378
370,370,455.1926993,455.1923605,455.1922707,1.454545455,0.454545455,C22 H32 O10,22,32,10,0,0,0,0,0,0.0,lignin,0.8690155766808342
371,371,455.1714666,455.1711278,455.1711413,1.12,0.32,C25 H28 O8,25,28,8,0,0,0,0,0,0.0,lignin,0.9600648732285533
372,372,455.1561298,455.155791,455.1558852,1.333333333,0.523809524,C21 H28 O11,21,28,11,0,0,0,0,0,0.0,lignin,0.8743525202861934
373,373,455.1480155,455.1476767,455.14751,0.75,0.03125,C32 H24 O1 S1,32,24,1,1,0,0,0,0,0.0,pah,0.9719485382878057
374,374,455.1349576,455.1346189,455.1347558,1.0,0.375,C24 H24 O9,24,24,9,0,0,0,0,0,0.0,lignin,0.9711748366710997
375,375,455.1196864,455.1193476,455.1194997,1.2,0.6,C20 H24 O12,20,24,12,0,0,0,0,0,0.0,lignin,0.8808019196856739
376,376,455.0986159,455.0982772,455.0983703,0.869565217,0.434782609,C23 H20 O10,23,20,10,0,0,0,0,0,0.0,tannin,0.8802521262036713
377,377,455.0834368,455.0830981,455.0831142,1.052631579,0.684210526,C19 H20 O13,19,20,13,0,0,0,0,0,0.0,lignin,0.957571613620351
378,378,453.2496284,453.249292,453.2493916,1.583333333,0.333333333,C24 H38 O8,24,38,8,0,0,0,0,0,0.0,lipid,0.8693545194637006
379,379,453.2131949,453.2128586,453.2130061,1.47826087,0.391304348,C23 H34 O9,23,34,9,0,0,0,0,0,0.0,lignin,0.8673649282153439
380,380,453.1770349,453.1766986,453.1766206,1.363636364,0.454545455,C22 H30 O10,22,30,10,0,0,0,0,0,0.0,lignin,0.8681478939816168
381,381,453.1407605,453.1404242,453.1402351,1.238095238,0.523809524,C21 H26 O11,21,26,11,0,0,0,0,0,0.0,lignin,0.8792504817786414
382,382,453.1195997,453.1192634,453.1191058,0.916666667,0.375,C24 H22 O9,24,22,9,0,0,0,0,0,0.0,tannin,0.8799461290694495
383,383,453.1041988,453.1038626,453.1038496,1.1,0.6,C20 H22 O12,20,22,12,0,0,0,0,0,0.0,lignin,0.9569538991334436
384,384,453.0829133,453.0825771,453.0827202,0.782608696,0.434782609,C23 H18 O10,23,18,10,0,0,0,0,0,0.0,tannin,0.9160304581149192
385,385,453.0675764,453.0672402,453.0674641,0.947368421,0.684210526,C19 H18 O13,19,18,13,0,0,0,0,0,0.0,tannin,0.7238095525370036
386,386,452.2325651,452.23223,452.2323619,1.95,0.4,C20 H39 O8 S1 N1,20,39,8,1,1,0,0,0,0.05,lipid,0.8490138549122925
387,387,452.2009044,452.2005693,452.2007109,1.454545455,0.409090909,C22 H32 O9 13C1,23,32,9,0,0,1,0,0,0.0,lignin,0.8692541847067137
388,388,452.1646786,452.1643436,452.1643254,1.333333333,0.476190476,C21 H28 O10 13C1,22,28,10,0,0,1,0,0,0.0,lignin,0.8697836474657125
389,389,451.2341174,451.2337835,451.2337416,1.5,0.333333333,C24 H36 O8,24,36,8,0,0,0,0,0,0.0,lipid,0.5716931796575205
390,390,451.2131317,451.2127979,451.2126122,1.185185185,0.222222222,C27 H32 O6,27,32,6,0,0,0,0,0,0.0,lignin,0.8845290124784656
391,391,451.1974664,451.1971326,451.1973561,1.391304348,0.391304348,C23 H32 O9,23,32,9,0,0,0,0,0,0.0,lignin,0.8651013767428433
392,392,451.1612358,451.160902,451.1609706,1.272727273,0.454545455,C22 H28 O10,22,28,10,0,0,0,0,0,0.0,lignin,0.8775102808133075
393,393,451.1308383,451.1305046,451.1304583,2.0,1.142857143,C14 H28 O16,14,28,16,0,0,0,0,0,0.0,carbohydrate,0.8844142596513154
394,394,451.12512,451.1247863,451.1245851,1.142857143,0.523809524,C21 H24 O11,21,24,11,0,0,0,0,0,0.0,lignin,0.9211388255127417
395,395,451.08866,451.0883263,451.0881995,1.0,0.6,C20 H20 O12,20,20,12,0,0,0,0,0,0.0,lignin,0.9668622554528324
396,396,451.0520037,451.0516701,451.051814,0.842105263,0.684210526,C19 H16 O13,19,16,13,0,0,0,0,0,0.0,tannin,0.8834529701002491
397,397,450.2217332,450.2214006,450.2214464,1.47826087,0.347826087,C23 H34 O8 13C1,24,34,8,0,0,1,0,0,0.0,lignin,0.7455550777209647
398,398,450.1852233,450.1848908,450.1850608,1.363636364,0.409090909,C22 H30 O9 13C1,23,30,9,0,0,1,0,0,0.0,lignin,0.8671307090419923
399,399,450.1489444,450.1486119,450.1486753,1.238095238,0.476190476,C21 H26 O10 13C1,22,26,10,0,0,1,0,0,0.0,lignin,0.8795866265498702
400,400,449.254974,449.2546426,449.254477,1.52,0.28,C25 H38 O7,25,38,7,0,0,0,0,0,0.0,lipid,0.8704188155245909
401,401,449.2183688,449.2180375,449.2180915,1.416666667,0.333333333,C24 H34 O8,24,34,8,0,0,0,0,0,0.0,lignin,0.861534442479061
402,402,449.1818845,449.1815532,449.181706,1.304347826,0.391304348,C23 H30 O9,23,30,9,0,0,0,0,0,0.0,lignin,0.8753213735234364
403,403,449.14567,449.1453387,449.1453205,1.181818182,0.454545455,C22 H26 O10,22,26,10,0,0,0,0,0,0.0,lignin,0.8848326365215033
404,404,449.1094098,449.1090785,449.108935,1.047619048,0.523809524,C21 H22 O11,21,22,11,0,0,0,0,0,0.0,lignin,0.9594253596499394
405,405,449.0729809,449.0726497,449.0725495,0.9,0.6,C20 H18 O12,20,18,12,0,0,0,0,0,0.0,tannin,0.8813513848168304
406,406,448.2060269,448.2056968,448.2057963,1.391304348,0.347826087,C23 H32 O8 13C1,24,32,8,0,0,1,0,0,0.0,lignin,0.8632129541856994
407,407,448.1695452,448.1692151,448.1694108,1.272727273,0.409090909,C22 H28 O9 13C1,23,28,9,0,0,1,0,0,0.0,lignin,0.877479357296307
408,408,447.2392291,447.2389002,447.238827,1.44,0.28,C25 H36 O7,25,36,7,0,0,0,0,0,0.0,lignin,0.5539209124904667
409,409,447.2026687,447.2023398,447.2024415,1.333333333,0.333333333,C24 H32 O8,24,32,8,0,0,0,0,0,0.0,lignin,0.8661166067820245
410,410,447.1662542,447.1659254,447.1660559,1.217391304,0.391304348,C23 H28 O9,23,28,9,0,0,0,0,0,0.0,lignin,0.882098557947641
411,411,447.1301227,447.129794,447.1296704,1.090909091,0.454545455,C22 H24 O10,22,24,10,0,0,0,0,0,0.0,lignin,0.9590426617837522
412,412,447.0937946,447.0934658,447.0932849,0.952380952,0.523809524,C21 H20 O11,21,20,11,0,0,0,0,0,0.0,tannin,0.7253408737613691
413,413,447.0571838,447.0568551,447.0568994,0.8,0.6,C20 H16 O12,20,16,12,0,0,0,0,0,0.0,tannin,0.8830248816816513
414,414,447.054782,447.0544533,447.0543975,0.666666667,0.291666667,C24 H16 O7 S1,24,16,7,1,0,0,0,0,0.0,pah,0.9715590342370373
415,415,446.2267149,446.2263873,446.2265317,1.416666667,0.291666667,C24 H34 O7 13C1,25,34,7,0,0,1,0,0,0.0,lignin,0.860648773119362
416,416,446.1903553,446.1900277,446.1901462,1.304347826,0.347826087,C23 H30 O8 13C1,24,30,8,0,0,1,0,0,0.0,lignin,0.8686707758092455
417,417,445.2597984,445.259472,445.2595624,1.461538462,0.230769231,C26 H38 O6,26,38,6,0,0,0,0,0,0.0,lipid,0.8644900411774114
418,418,445.2232939,445.2229675,445.2231769,1.36,0.28,C25 H34 O7,25,34,7,0,0,0,0,0,0.0,lignin,0.8631283512726913
419,419,445.1871677,445.1868414,445.1867914,1.25,0.333333333,C24 H30 O8,24,30,8,0,0,0,0,0,0.0,lignin,0.8786354765832745
420,420,445.1509075,445.1505812,445.1504059,1.130434783,0.391304348,C23 H26 O9,23,26,9,0,0,0,0,0,0.0,lignin,0.9731073951724616
421,421,445.1143943,445.114068,445.1140204,1.0,0.454545455,C22 H22 O10,22,22,10,0,0,0,0,0,0.0,lignin,0.9682020602289023
422,422,445.0989837,445.0986575,445.0987642,1.222222222,0.722222222,C18 H22 O13,18,22,13,0,0,0,0,0,0.0,lignin,0.700366459290126
423,423,445.0777989,445.0774727,445.0776349,0.857142857,0.523809524,C21 H18 O11,21,18,11,0,0,0,0,0,0.0,tannin,0.8820608885699259
424,424,445.0753651,445.0750388,445.0751329,0.72,0.24,C25 H18 O6 S1,25,18,6,1,0,0,0,0,0.0,pah,0.9715970882629357
425,425,445.0625334,445.0622072,445.0623787,1.058823529,0.823529412,C17 H18 O14,17,18,14,0,0,0,0,0,0.0,lignin,0.9783752161540097
426,426,445.0391764,445.0388502,445.0387474,0.583333333,0.291666667,C24 H14 O7 S1,24,14,7,1,0,0,0,0,0.0,pah,0.9716384446077571
427,427,443.301609,443.301285,443.3014272,1.833333333,0.291666667,C24 H44 O7,24,44,7,0,0,0,0,0,0.0,lipid,0.8744665698714513
428,428,443.2783234,443.2779994,443.2777959,1.290322581,0.0,C31 H40 S1,31,40,0,1,0,0,0,0,0.0,lipid,0.8754242207731405
429,429,443.2443062,443.2439823,443.2439123,1.384615385,0.230769231,C26 H36 O6,26,36,6,0,0,0,0,0,0.0,lignin,0.7376139766530811
430,430,443.2079838,443.2076598,443.2075268,1.28,0.28,C25 H32 O7,25,32,7,0,0,0,0,0,0.0,lignin,0.8759499352361892
431,431,443.1927038,443.1923799,443.1922707,1.523809524,0.476190476,C21 H32 O10,21,32,10,0,0,0,0,0,0.0,lignin,0.8670573100691469
432,432,443.1715005,443.1711766,443.1711413,1.166666667,0.333333333,C24 H28 O8,24,28,8,0,0,0,0,0,0.0,lignin,0.8870839726218328
433,433,443.1561682,443.1558443,443.1558852,1.4,0.55,C20 H28 O11,20,28,11,0,0,0,0,0,0.0,lignin,0.8720868762049623
434,434,443.1349411,443.1346173,443.1347558,1.043478261,0.391304348,C23 H24 O9,23,24,9,0,0,0,0,0,0.0,lignin,0.9681863479100663
435,435,443.1325301,443.1322063,443.1322539,0.888888889,0.148148148,C27 H24 O4 S1,27,24,4,1,0,0,0,0,0.0,tannin,0.8218833419355261
436,436,443.1196731,443.1193493,443.1194997,1.263157895,0.631578947,C19 H24 O12,19,24,12,0,0,0,0,0,0.0,lignin,0.877165220892677
437,437,443.0986551,443.0983313,443.0983703,0.909090909,0.454545455,C22 H20 O10,22,20,10,0,0,0,0,0,0.0,tannin,0.8807001091248848
438,438,443.0834618,443.083138,443.0831142,1.111111111,0.722222222,C18 H20 O13,18,20,13,0,0,0,0,0,0.0,lignin,0.9585199130769373
439,439,443.0625118,443.0621881,443.0619848,0.761904762,0.523809524,C21 H16 O11,21,16,11,0,0,0,0,0,0.0,tannin,0.9001422980241657
440,440,442.2566566,442.2563338,442.2561178,2.210526316,0.421052632,C19 H42 O8 S1 13C1,20,42,8,1,0,1,0,0,0.0,lipid,0.843415294313479
441,441,441.2530127,441.2526912,441.252763,2.1,0.4,C20 H42 O8 S1,20,42,8,1,0,0,0,0,0.0,lipid,0.844016384780552
442,442,441.2284011,441.2280796,441.2282623,1.307692308,0.230769231,C26 H34 O6,26,34,6,0,0,0,0,0,0.0,lignin,0.8652497701164685
443,443,441.2131321,441.2128107,441.2130061,1.545454545,0.409090909,C22 H34 O9,22,34,9,0,0,0,0,0,0.0,lignin,0.6051790684094449
444,444,441.192135,441.1918135,441.1918768,1.2,0.28,C25 H30 O7,25,30,7,0,0,0,0,0,0.0,lignin,0.8834292057512521
445,445,441.177036,441.1767146,441.1766206,1.428571429,0.476190476,C21 H30 O10,21,30,10,0,0,0,0,0,0.0,lignin,0.8709654298516197
446,446,441.1559893,441.1556679,441.1554913,1.083333333,0.333333333,C24 H26 O8,24,26,8,0,0,0,0,0,0.0,lignin,0.9603286638307879
447,447,441.1407387,441.1404173,441.1402351,1.3,0.55,C20 H26 O11,20,26,11,0,0,0,0,0,0.0,lignin,0.8760903227239947
448,448,441.1194907,441.1191693,441.1191058,0.956521739,0.391304348,C23 H22 O9,23,22,9,0,0,0,0,0,0.0,tannin,0.8793252706849716
449,449,441.1041163,441.103795,441.1038496,1.157894737,0.631578947,C19 H22 O12,19,22,12,0,0,0,0,0,0.0,lignin,0.91733576775788
450,450,441.1017829,441.1014616,441.1013477,0.956521739,0.304347826,C23 H22 O7 S1,23,22,7,1,0,0,0,0,0.0,tannin,0.8789161595910986
451,451,441.0828772,441.082556,441.0827202,0.818181818,0.454545455,C22 H18 O10,22,18,10,0,0,0,0,0,0.0,tannin,0.8796952018411226
452,452,441.067629,441.0673077,441.0674641,1.0,0.722222222,C18 H18 O13,18,18,13,0,0,0,0,0,0.0,lignin,0.958590996744691
453,453,440.2011796,440.2008594,440.2007109,1.523809524,0.428571429,C21 H32 O9 13C1,22,32,9,0,0,1,0,0,0.0,lignin,0.7457160655252787
454,454,440.1646921,440.164372,440.1643254,1.4,0.5,C20 H28 O10 13C1,21,28,10,0,0,1,0,0,0.0,lignin,0.8720374103014963
455,455,439.2341493,439.2338303,439.2337416,1.565217391,0.347826087,C23 H36 O8,23,36,8,0,0,0,0,0,0.0,lipid,0.8700590943851221
456,456,439.1975826,439.1972637,439.1973561,1.454545455,0.409090909,C22 H32 O9,22,32,9,0,0,0,0,0,0.0,lignin,0.8692541847067137
457,457,439.1611577,439.1608388,439.1609706,1.333333333,0.476190476,C21 H28 O10,21,28,10,0,0,0,0,0,0.0,lignin,0.8697836474657125
458,458,439.1531148,439.1527959,439.1525954,0.75,0.0,C32 H24 S1,32,24,0,1,0,0,0,0,0.0,pah,0.9719912204719044
459,459,439.124993,439.1246741,439.1245851,1.2,0.55,C20 H24 O11,20,24,11,0,0,0,0,0,0.0,lignin,0.882093395954825
460,460,439.1039523,439.1036335,439.1034557,0.869565217,0.391304348,C23 H20 O9,23,20,9,0,0,0,0,0,0.0,tannin,0.8790148309957356
461,461,439.088706,439.0883872,439.0881995,1.052631579,0.631578947,C19 H20 O12,19,20,12,0,0,0,0,0,0.0,lignin,0.9581465186302062
462,462,439.0520456,439.0517269,439.051814,0.888888889,0.722222222,C18 H16 O13,18,16,13,0,0,0,0,0,0.0,tannin,0.8804933863704367
463,463,438.2217238,438.2214061,438.2214464,1.545454545,0.363636364,C22 H34 O8 13C1,23,34,8,0,0,1,0,0,0.0,lipid,0.8710027074146595
464,464,438.1855261,438.1852084,438.1850608,1.428571429,0.428571429,C21 H30 O9 13C1,22,30,9,0,0,1,0,0,0.0,lignin,0.8706009725410737
465,465,438.149069,438.1487513,438.1486753,1.3,0.5,C20 H26 O10 13C1,21,26,10,0,0,1,0,0,0.0,lignin,0.8758469336199521
466,466,437.254992,437.2546754,437.254477,1.583333333,0.291666667,C24 H38 O7,24,38,7,0,0,0,0,0,0.0,lipid,0.8700014311919624
467,467,437.218466,437.2181495,437.2180915,1.47826087,0.347826087,C23 H34 O8,23,34,8,0,0,0,0,0,0.0,lignin,0.7455550777209647
468,468,437.1818611,437.1815446,437.181706,1.363636364,0.409090909,C22 H30 O9,22,30,9,0,0,0,0,0,0.0,lignin,0.8671307090419923
469,469,437.1456122,437.1452958,437.1453205,1.238095238,0.476190476,C21 H26 O10,21,26,10,0,0,0,0,0,0.0,lignin,0.8795866265498702
470,470,437.1093888,437.1090724,437.108935,1.1,0.55,C20 H22 O11,20,22,11,0,0,0,0,0,0.0,lignin,0.9579209751297115
471,471,437.0882201,437.0879038,437.0878056,0.782608696,0.391304348,C23 H18 O9,23,18,9,0,0,0,0,0,0.0,tannin,0.8247713534125717
472,472,437.072938,437.0726217,437.0725495,0.947368421,0.631578947,C19 H18 O12,19,18,12,0,0,0,0,0,0.0,tannin,0.7237719927232766
473,473,437.0363868,437.0360705,437.036164,0.777777778,0.722222222,C18 H14 O13,18,14,13,0,0,0,0,0,0.0,tannin,0.8854845160928475
474,474,437.0339794,437.0336631,437.0336621,0.636363636,0.363636364,C22 H14 O8 S1,22,14,8,1,0,0,0,0,0.0,pah,0.9714894947682209
475,475,436.206189,436.2058737,436.2057963,1.454545455,0.363636364,C22 H32 O8 13C1,23,32,8,0,0,1,0,0,0.0,lignin,0.8693603059830572
476,476,436.1699122,436.1695969,436.1694108,1.333333333,0.428571429,C21 H28 O9 13C1,22,28,9,0,0,1,0,0,0.0,lignin,0.8690558019434885
477,477,436.1332998,436.1329846,436.1330253,1.2,0.5,C20 H24 O10 13C1,21,24,10,0,0,1,0,0,0.0,lignin,0.882755218147269
478,478,435.2392997,435.2389856,435.238827,1.5,0.291666667,C24 H36 O7,24,36,7,0,0,0,0,0,0.0,lipid,0.8718014713280816
479,479,435.2026134,435.2022994,435.2024415,1.391304348,0.347826087,C23 H32 O8,23,32,8,0,0,0,0,0,0.0,lignin,0.8632129541856994
480,480,435.166205,435.165891,435.1660559,1.272727273,0.409090909,C22 H28 O9,22,28,9,0,0,0,0,0,0.0,lignin,0.877479357296307
481,481,435.1301302,435.1298163,435.1296704,1.142857143,0.476190476,C21 H24 O10,21,24,10,0,0,0,0,0,0.0,lignin,0.9221203041344296
482,482,435.0937447,435.0934308,435.0932849,1.0,0.55,C20 H20 O11,20,20,11,0,0,0,0,0,0.0,lignin,0.9673447317486634
483,483,435.0570397,435.0567259,435.0568994,0.842105263,0.631578947,C19 H16 O12,19,16,12,0,0,0,0,0,0.0,tannin,0.8831336274217229
484,484,435.0546461,435.0543323,435.0543975,0.695652174,0.304347826,C23 H16 O7 S1,23,16,7,1,0,0,0,0,0.0,pah,0.9715023271797991
485,485,434.226901,434.2265881,434.2265317,1.47826087,0.304347826,C23 H34 O7 13C1,24,34,7,0,0,1,0,0,0.0,lipid,0.5733174499227087
486,486,434.1906213,434.1903085,434.1901462,1.363636364,0.363636364,C22 H30 O8 13C1,23,30,8,0,0,1,0,0,0.0,lignin,0.8654113140717289
487,487,434.1539971,434.1536844,434.1537607,1.238095238,0.428571429,C21 H26 O9 13C1,22,26,9,0,0,1,0,0,0.0,lignin,0.8797591276587878
488,488,433.2598808,433.2595692,433.2595624,1.52,0.24,C25 H38 O6,25,38,6,0,0,0,0,0,0.0,lipid,0.8717524161589065
489,489,433.2233367,433.2230251,433.2231769,1.416666667,0.291666667,C24 H34 O7,24,34,7,0,0,0,0,0,0.0,lignin,0.860648773119362
490,490,433.1870697,433.1867581,433.1867914,1.304347826,0.347826087,C23 H30 O8,23,30,8,0,0,0,0,0,0.0,lignin,0.8686707758092455
491,491,433.1508752,433.1505637,433.1504059,1.181818182,0.409090909,C22 H26 O9,22,26,9,0,0,0,0,0,0.0,lignin,0.8851952350261708
492,492,433.114366,433.1140545,433.1140204,1.047619048,0.476190476,C21 H22 O10,21,22,10,0,0,0,0,0,0.0,lignin,0.959885755860085
493,493,433.1119442,433.1116327,433.1115184,0.88,0.2,C25 H22 O5 S1,25,22,5,1,0,0,0,0,0.0,tannin,0.8787325680252799
494,494,433.0777585,433.0774471,433.0776349,0.9,0.55,C20 H18 O11,20,18,11,0,0,0,0,0,0.0,tannin,0.8812143707303205
495,495,433.075329,433.0750176,433.0751329,0.75,0.25,C24 H18 O6 S1,24,18,6,1,0,0,0,0,0.0,pah,0.9720659371557439
496,496,433.0415556,433.0412442,433.0412494,0.736842105,0.631578947,C19 H14 O12,19,14,12,0,0,0,0,0,0.0,tannin,0.9032248339537272
497,497,433.0391256,433.0388142,433.0387474,0.608695652,0.304347826,C23 H14 O7 S1,23,14,7,1,0,0,0,0,0.0,pah,0.9716021697396228
498,498,432.2111516,432.2108413,432.2108817,1.391304348,0.304347826,C23 H32 O7 13C1,24,32,7,0,0,1,0,0,0.0,lignin,0.8620482687609154
499,499,432.1746528,432.1743425,432.1744962,1.272727273,0.363636364,C22 H28 O8 13C1,23,28,8,0,0,1,0,0,0.0,lignin,0.8772685850368707
500,500,431.244304,431.2439948,431.2439123,1.44,0.24,C25 H36 O6,25,36,6,0,0,0,0,0,0.0,lipid,0.7145002106246147
501,501,431.2079417,431.2076325,431.2075268,1.333333333,0.291666667,C24 H32 O7,24,32,7,0,0,0,0,0,0.0,lignin,0.8649017006393158
502,502,431.1844106,431.1841015,431.1838955,0.903225806,0.0,C31 H28 S1,31,28,0,1,0,0,0,0,0.0,pah,0.9724152597007814
503,503,431.1713834,431.1710743,431.1711413,1.217391304,0.347826087,C23 H28 O8,23,28,8,0,0,0,0,0,0.0,lignin,0.8821255545125016
504,504,431.156066,431.1557569,431.1558852,1.473684211,0.578947368,C19 H28 O11,19,28,11,0,0,0,0,0,0.0,lignin,0.8632587496038973
505,505,431.1479739,431.1476649,431.14751,0.8,0.033333333,C30 H24 O1 S1,30,24,1,1,0,0,0,0,0.0,pah,0.9720244246671242
506,506,431.1349222,431.1346131,431.1347558,1.090909091,0.409090909,C22 H24 O9,22,24,9,0,0,0,0,0,0.0,lignin,0.9594866248986132
507,507,431.1325228,431.1322137,431.1322539,0.923076923,0.153846154,C26 H24 O4 S1,26,24,4,1,0,0,0,0,0.0,tannin,0.8954513151863603
508,508,431.119709,431.1193999,431.1194997,1.333333333,0.666666667,C18 H24 O12,18,24,12,0,0,0,0,0,0.0,lignin,0.6632242151297982
509,509,431.0987273,431.0984183,431.0983703,0.952380952,0.476190476,C21 H20 O10,21,20,10,0,0,0,0,0,0.0,tannin,0.8795529538590496
510,510,431.0835508,431.0832418,431.0831142,1.176470588,0.764705882,C17 H20 O13,17,20,13,0,0,0,0,0,0.0,lignin,0.6741386168383858
511,511,431.0624376,431.0621286,431.0619848,0.8,0.55,C20 H16 O11,20,16,11,0,0,0,0,0,0.0,tannin,0.8813285647814582
512,512,431.0234011,431.0230922,431.0230974,0.52173913,0.304347826,C23 H12 O7 S1,23,12,7,1,0,0,0,0,0.0,pah,0.9716757148454581
513,513,430.1956725,430.1953646,430.1952316,1.304347826,0.304347826,C23 H30 O7 13C1,24,30,7,0,0,1,0,0,0.0,lignin,0.8671357327015989
514,514,429.2284561,429.2281494,429.2282623,1.36,0.24,C25 H34 O6,25,34,6,0,0,0,0,0,0.0,lignin,0.8624267085342222
515,515,429.213275,429.2129683,429.2130061,1.619047619,0.428571429,C21 H34 O9,21,34,9,0,0,0,0,0,0.0,lipid,0.8498185308630802
516,516,429.1922755,429.1919688,429.1918768,1.25,0.291666667,C24 H30 O7,24,30,7,0,0,0,0,0,0.0,lignin,0.8783481556065775
517,517,429.1770606,429.1767539,429.1766206,1.5,0.5,C20 H30 O10,20,30,10,0,0,0,0,0,0.0,lignin,0.8676829946156379
518,518,429.1559315,429.1556249,429.1554913,1.130434783,0.347826087,C23 H26 O8,23,26,8,0,0,0,0,0,0.0,lignin,0.9628357421382219
519,519,429.1405872,429.1402806,429.1402351,1.368421053,0.578947368,C19 H26 O11,19,26,11,0,0,0,0,0,0.0,lignin,0.8734811674500207
520,520,429.11933,429.1190234,429.1191058,1.0,0.409090909,C22 H22 O9,22,22,9,0,0,0,0,0,0.0,lignin,0.9685600373911871
521,521,429.1040197,429.1037131,429.1038496,1.222222222,0.666666667,C18 H22 O12,18,22,12,0,0,0,0,0,0.0,lignin,0.8791819871775239
522,522,429.0829234,429.0826169,429.0827202,0.857142857,0.476190476,C21 H18 O10,21,18,10,0,0,0,0,0,0.0,tannin,0.8810994823007257
523,523,429.0676902,429.0673837,429.0674641,1.058823529,0.764705882,C17 H18 O13,17,18,13,0,0,0,0,0,0.0,lignin,0.9566220583194023
524,524,429.0467352,429.0464287,429.0463347,0.7,0.55,C20 H14 O11,20,14,11,0,0,0,0,0,0.0,tannin,0.8231712943179371
525,525,427.2127807,427.2124765,427.2126122,1.28,0.24,C25 H32 O6,25,32,6,0,0,0,0,0,0.0,lignin,0.8756600074246125
526,526,427.1975788,427.1972745,427.1973561,1.523809524,0.428571429,C21 H32 O9,21,32,9,0,0,0,0,0,0.0,lignin,0.7457160655252787
527,527,427.1765706,427.1762664,427.1762267,1.166666667,0.291666667,C24 H28 O7,24,28,7,0,0,0,0,0,0.0,lignin,0.8869967063170859
528,528,427.161387,427.1610828,427.1609706,1.4,0.5,C20 H28 O10,20,28,10,0,0,0,0,0,0.0,lignin,0.8720374103014963
529,529,427.1402941,427.13999,427.1398412,1.043478261,0.347826087,C23 H24 O8,23,24,8,0,0,0,0,0,0.0,lignin,0.9685331607000197
530,530,427.1249906,427.1246865,427.1245851,1.263157895,0.578947368,C19 H24 O11,19,24,11,0,0,0,0,0,0.0,lignin,0.8777370406872933
531,531,427.1037365,427.1034323,427.1034557,0.909090909,0.409090909,C22 H20 O9,22,20,9,0,0,0,0,0,0.0,tannin,0.8804207478768529
532,532,427.0883831,427.088079,427.0881995,1.111111111,0.666666667,C18 H20 O12,18,20,12,0,0,0,0,0,0.0,lignin,0.9553768957301314
533,533,427.0860535,427.0857495,427.0856976,0.909090909,0.318181818,C22 H20 O7 S1,22,20,7,1,0,0,0,0,0.0,tannin,0.878104346548972
534,534,427.0672375,427.0669334,427.0670702,0.761904762,0.476190476,C21 H16 O10,21,16,10,0,0,0,0,0,0.0,tannin,0.9161513839638771
535,535,427.052011,427.0517069,427.051814,0.941176471,0.764705882,C17 H16 O13,17,16,13,0,0,0,0,0,0.0,tannin,0.7241519988962661
536,536,426.1853713,426.1850683,426.1850608,1.5,0.45,C20 H30 O9 13C1,21,30,9,0,0,1,0,0,0.0,lignin,0.8678959168074705
537,537,426.1490927,426.1487897,426.1486753,1.368421053,0.526315789,C19 H26 O10 13C1,20,26,10,0,0,1,0,0,0.0,lignin,0.873524640646141
538,538,425.2581251,425.2578232,425.2578483,2.1,0.35,C20 H42 O7 S1,20,42,7,1,0,0,0,0,0.0,lipid,0.8442956371457399
539,539,425.2182872,425.2179854,425.2180915,1.545454545,0.363636364,C22 H34 O8,22,34,8,0,0,0,0,0,0.0,lipid,0.8710027074146595
540,540,425.1820573,425.1817555,425.181706,1.428571429,0.428571429,C21 H30 O9,21,30,9,0,0,0,0,0,0.0,lignin,0.8706009725410737
541,541,425.1457477,425.145446,425.1453205,1.3,0.5,C20 H26 O10,20,26,10,0,0,0,0,0,0.0,lignin,0.8758469336199521
542,542,425.1245881,425.1242864,425.1241911,0.956521739,0.347826087,C23 H22 O8,23,22,8,0,0,0,0,0,0.0,tannin,0.8792204335497464
543,543,425.1092298,425.1089281,425.108935,1.157894737,0.578947368,C19 H22 O11,19,22,11,0,0,0,0,0,0.0,lignin,0.9186167697056049
544,544,425.0879605,425.0876588,425.0878056,0.818181818,0.409090909,C22 H18 O9,22,18,9,0,0,0,0,0,0.0,tannin,0.8993960801880257
545,545,425.0726659,425.0723643,425.0725495,1.0,0.666666667,C18 H18 O12,18,18,12,0,0,0,0,0,0.0,lignin,0.9662114318864898
546,546,425.0365106,425.036209,425.036164,0.823529412,0.764705882,C17 H14 O13,17,14,13,0,0,0,0,0,0.0,tannin,0.8846582707815429
547,547,424.2060988,424.2057982,424.2057963,1.523809524,0.380952381,C21 H32 O8 13C1,22,32,8,0,0,1,0,0,0.0,lignin,0.6053858331162847
548,548,424.1698663,424.1695658,424.1694108,1.4,0.45,C20 H28 O9 13C1,21,28,9,0,0,1,0,0,0.0,lignin,0.8716591256382561
549,549,424.1333318,424.1330313,424.1330253,1.263157895,0.526315789,C19 H24 O10 13C1,20,24,10,0,0,1,0,0,0.0,lignin,0.8777515822119983
550,550,423.2390488,423.2387494,423.238827,1.565217391,0.304347826,C23 H36 O7,23,36,7,0,0,0,0,0,0.0,lipid,0.8700949660272166
551,551,423.2028047,423.2025053,423.2024415,1.454545455,0.363636364,C22 H32 O8,22,32,8,0,0,0,0,0,0.0,lignin,0.8693603059830572
552,552,423.1664492,423.1661499,423.1660559,1.333333333,0.428571429,C21 H28 O9,21,28,9,0,0,0,0,0,0.0,lignin,0.8690558019434885
553,553,423.1298417,423.1295424,423.1296704,1.2,0.5,C20 H24 O10,20,24,10,0,0,0,0,0,0.0,lignin,0.882755218147269
554,554,423.0934765,423.0931773,423.0932849,1.052631579,0.578947368,C19 H20 O11,19,20,11,0,0,0,0,0,0.0,lignin,0.9587107808758702
555,555,423.0573324,423.0570332,423.0568994,0.888888889,0.666666667,C18 H16 O12,18,16,12,0,0,0,0,0,0.0,tannin,0.8819289736751241
556,556,422.2303144,422.2300162,422.229903,2.0,0.368421053,C19 H38 O7 S1 13C1,20,38,7,1,0,1,0,0,0.0,lipid,0.8535145723243298
557,557,422.2269517,422.2266536,422.2265317,1.545454545,0.318181818,C22 H34 O7 13C1,23,34,7,0,0,1,0,0,0.0,lipid,0.8702052073669753
558,558,422.1905498,422.1902517,422.1901462,1.428571429,0.380952381,C21 H30 O8 13C1,22,30,8,0,0,1,0,0,0.0,lignin,0.8702071759425687
559,559,422.1539133,422.1536152,422.1537607,1.3,0.45,C20 H26 O9 13C1,21,26,9,0,0,1,0,0,0.0,lignin,0.875851745369814
560,560,422.1175887,422.1172907,422.1173752,1.157894737,0.526315789,C19 H22 O10 13C1,20,22,10,0,0,1,0,0,0.0,lignin,0.8861207261865504
561,561,421.226948,421.226651,421.2265482,1.9,0.35,C20 H38 O7 S1,20,38,7,1,0,0,0,0,0.0,lipid,0.8713547165354969
562,562,421.2235607,421.2232637,421.2231769,1.47826087,0.304347826,C23 H34 O7,23,34,7,0,0,0,0,0,0.0,lipid,0.5733174499227087
563,563,421.1869354,421.1866384,421.1867914,1.363636364,0.363636364,C22 H30 O8,22,30,8,0,0,0,0,0,0.0,lignin,0.8654113140717289
564,564,421.1506503,421.1503535,421.1504059,1.238095238,0.428571429,C21 H26 O9,21,26,9,0,0,0,0,0,0.0,lignin,0.8797591276587878
565,565,421.1144889,421.1141921,421.1140204,1.1,0.5,C20 H22 O10,20,22,10,0,0,0,0,0,0.0,lignin,0.9584202338484777
566,566,421.0779511,421.0776543,421.0776349,0.947368421,0.578947368,C19 H18 O11,19,18,11,0,0,0,0,0,0.0,tannin,0.723764461292377
567,567,421.0413765,421.0410798,421.0412494,0.777777778,0.666666667,C18 H14 O12,18,14,12,0,0,0,0,0,0.0,tannin,0.8844808396814818
568,568,421.0389887,421.038692,421.0387474,0.636363636,0.318181818,C22 H14 O7 S1,22,14,7,1,0,0,0,0,0.0,pah,0.9715550295850018
569,569,420.210976,420.2106803,420.2108817,1.454545455,0.318181818,C22 H32 O7 13C1,23,32,7,0,0,1,0,0,0.0,lignin,0.7365853639112894
570,570,420.1748711,420.1745754,420.1744962,1.333333333,0.380952381,C21 H28 O8 13C1,22,28,8,0,0,1,0,0,0.0,lignin,0.8679193244008683
571,571,420.1385494,420.1382538,420.1381107,1.2,0.45,C20 H24 O9 13C1,21,24,9,0,0,1,0,0,0.0,lignin,0.8832442286911965
572,572,419.2441272,419.2438327,419.2439123,1.5,0.25,C24 H36 O6,24,36,6,0,0,0,0,0,0.0,lipid,0.8640233978015288
573,573,419.2080064,419.2077119,419.2075268,1.391304348,0.304347826,C23 H32 O7,23,32,7,0,0,0,0,0,0.0,lignin,0.8620482687609154
574,574,419.1714653,419.1711708,419.1711413,1.272727273,0.363636364,C22 H28 O8,22,28,8,0,0,0,0,0,0.0,lignin,0.8772685850368707
575,575,419.1479597,419.1476653,419.14751,0.827586207,0.034482759,C29 H24 O1 S1,29,24,1,1,0,0,0,0,0.0,pah,0.9720788846326739
576,576,419.1348768,419.1345824,419.1347558,1.142857143,0.428571429,C21 H24 O9,21,24,9,0,0,0,0,0,0.0,lignin,0.9228857893956848
577,577,419.1324835,419.1321891,419.1322539,0.96,0.16,C25 H24 O4 S1,25,24,4,1,0,0,0,0,0.0,tannin,0.8757637158528351
578,578,419.0987255,419.0984312,419.0983703,1.0,0.5,C20 H20 O10,20,20,10,0,0,0,0,0,0.0,lignin,0.967808138997418
579,579,419.0963093,419.0960149,419.0958684,0.833333333,0.208333333,C24 H20 O5 S1,24,20,5,1,0,0,0,0,0.0,tannin,0.8189383420754274
580,580,419.0624044,419.0621101,419.0619848,0.842105263,0.578947368,C19 H16 O11,19,16,11,0,0,0,0,0,0.0,tannin,0.8827791003563755
581,581,419.0234328,419.0231385,419.0230974,0.545454545,0.318181818,C22 H12 O7 S1,22,12,7,1,0,0,0,0,0.0,pah,0.9716469706245148
582,582,418.2140859,418.2137926,418.2136153,1.16,0.12,C25 H29 O3 N3,25,29,3,0,3,0,0,0,0.12,lignin,0.967488252904294
583,583,418.1953653,418.195072,418.1952316,1.363636364,0.318181818,C22 H30 O7 13C1,23,30,7,0,0,1,0,0,0.0,lignin,0.8638204263037764
584,584,418.1591251,418.1588319,418.1588461,1.238095238,0.380952381,C21 H26 O8 13C1,22,26,8,0,0,1,0,0,0.0,lignin,0.87973984336182
585,585,417.2284932,417.2282011,417.2282623,1.416666667,0.25,C24 H34 O6,24,34,6,0,0,0,0,0,0.0,lignin,0.5541433313896921
586,586,417.2108437,417.2105516,417.2105042,1.416666667,0.166666667,C24 H34 O4 S1,24,34,4,1,0,0,0,0,0.0,lipid,0.8650598864849661
587,587,417.192284,417.191992,417.1918768,1.304347826,0.304347826,C23 H30 O7,23,30,7,0,0,0,0,0,0.0,lignin,0.8671357327015989
588,588,417.155823,417.155531,417.1554913,1.181818182,0.363636364,C22 H26 O8,22,26,8,0,0,0,0,0,0.0,lignin,0.8853739671651504
589,589,417.1534335,417.1531415,417.1529893,1.0,0.115384615,C26 H26 O3 S1,26,26,3,1,0,0,0,0,0.0,lignin,0.8135839220836971
590,590,417.1404429,417.1401508,417.1402351,1.444444444,0.611111111,C18 H26 O11,18,26,11,0,0,0,0,0,0.0,lignin,0.7214881966294018
591,591,417.1323544,417.1320624,417.13186,0.75862069,0.034482759,C29 H22 O1 S1,29,22,1,1,0,0,0,0,0.0,pah,0.9719554046488362
592,592,417.1192569,417.1189649,417.1191058,1.047619048,0.428571429,C21 H22 O9,21,22,9,0,0,0,0,0,0.0,lignin,0.9678366637025656
593,593,417.1168528,417.1165608,417.1166038,0.88,0.16,C25 H22 O4 S1,25,22,4,1,0,0,0,0,0.0,tannin,0.821530890894484
594,594,417.1040262,417.1037342,417.1038496,1.294117647,0.705882353,C17 H22 O12,17,22,12,0,0,0,0,0,0.0,lignin,0.6165929066961461
595,595,417.0829974,417.0827055,417.0827202,0.9,0.5,C20 H18 O10,20,18,10,0,0,0,0,0,0.0,tannin,0.8810733266822574
596,596,417.0678178,417.0675259,417.0674641,1.125,0.8125,C16 H18 O13,16,18,13,0,0,0,0,0,0.0,lignin,0.6759939919562178
597,597,417.0467412,417.0464493,417.0463347,0.736842105,0.578947368,C19 H14 O11,19,14,11,0,0,0,0,0,0.0,tannin,0.9006652734945148
598,598,416.179752,416.1794611,416.1795815,1.272727273,0.318181818,C22 H28 O7 13C1,23,28,7,0,0,1,0,0,0.0,lignin,0.8769877975955239
599,599,415.2188009,415.2185113,415.2184854,2.117647059,0.647058824,C17 H36 O11,17,36,11,0,0,0,0,0,0.0,carbohydrate,0.8498243620200274
600,600,415.2162981,415.2160084,415.2159835,1.714285714,0.285714286,C21 H36 O6 S1,21,36,6,1,0,0,0,0,0.0,lipid,0.853482732923341
601,601,415.212984,415.2126943,415.2126122,1.333333333,0.25,C24 H32 O6,24,32,6,0,0,0,0,0,0.0,lignin,0.8640368762051912
602,602,415.197795,415.1975053,415.1973561,1.6,0.45,C20 H32 O9,20,32,9,0,0,0,0,0,0.0,lipid,0.7004124445994898
603,603,415.1766528,415.1763632,415.1762267,1.217391304,0.304347826,C23 H28 O7,23,28,7,0,0,0,0,0,0.0,lignin,0.8820106257366545
604,604,415.1612823,415.1609927,415.1609706,1.473684211,0.526315789,C19 H28 O10,19,28,10,0,0,0,0,0,0.0,lignin,0.8697776284359552
605,605,415.1399804,415.1396908,415.1398412,1.090909091,0.363636364,C22 H24 O8,22,24,8,0,0,0,0,0,0.0,lignin,0.9599275223067515
606,606,415.137591,415.1373014,415.1373393,0.923076923,0.115384615,C26 H24 O3 S1,26,24,3,1,0,0,0,0,0.0,tannin,0.8782315327325584
607,607,415.1247006,415.124411,415.1245851,1.333333333,0.611111111,C18 H24 O11,18,24,11,0,0,0,0,0,0.0,lignin,0.8748722767110759
608,608,415.1166341,415.1163445,415.1162099,0.689655172,0.034482759,C29 H20 O1 S1,29,20,1,1,0,0,0,0,0.0,pah,0.9718817455717235
609,609,415.103655,415.1033654,415.1034557,0.952380952,0.428571429,C21 H20 O9,21,20,9,0,0,0,0,0,0.0,tannin,0.8794978735411156
610,610,415.101281,415.1009914,415.1009538,0.8,0.16,C25 H20 O4 S1,25,20,4,1,0,0,0,0,0.0,pah,0.9717461490859499
611,611,415.0885271,415.0882376,415.0881995,1.176470588,0.705882353,C17 H20 O12,17,20,12,0,0,0,0,0,0.0,lignin,0.9180056854651639
612,612,415.0675288,415.0672392,415.0670702,0.8,0.5,C20 H16 O10,20,16,10,0,0,0,0,0,0.0,tannin,0.8803221814674643
613,613,415.0522376,415.0519481,415.051814,1.0,0.8125,C16 H16 O13,16,16,13,0,0,0,0,0,0.0,lignin,0.6137306551701001
614,614,414.2134494,414.213161,414.2133405,1.65,0.4,C20 H33 O8 N1,20,33,8,0,1,0,0,0,0.05,lipid,0.8885395683440672
615,615,413.2185019,413.2182146,413.2180915,1.619047619,0.380952381,C21 H34 O8,21,34,8,0,0,0,0,0,0.0,lipid,0.8530254194358868
616,616,413.1972056,413.1969184,413.1969622,1.25,0.25,C24 H30 O6,24,30,6,0,0,0,0,0,0.0,lignin,0.8780347925336163
617,617,413.1818542,413.1815669,413.181706,1.5,0.45,C20 H30 O9,20,30,9,0,0,0,0,0,0.0,lignin,0.8678959168074705
618,618,413.1640791,413.1637919,413.1639479,1.5,0.35,C20 H30 O7 S1,20,30,7,1,0,0,0,0,0.0,lignin,0.6045802143529745
619,619,413.1607304,413.1604432,413.1605766,1.130434783,0.304347826,C23 H26 O7,23,26,7,0,0,0,0,0,0.0,lignin,0.9602146527617084
620,620,413.1455357,413.1452485,413.1453205,1.368421053,0.526315789,C19 H26 O10,19,26,10,0,0,0,0,0,0.0,lignin,0.873524640646141
621,621,413.1245487,413.1242615,413.1241911,1.0,0.363636364,C22 H22 O8,22,22,8,0,0,0,0,0,0.0,lignin,0.9712338275571912
622,622,413.1093384,413.1090512,413.108935,1.222222222,0.611111111,C18 H22 O11,18,22,11,0,0,0,0,0,0.0,lignin,0.8796153722460296
623,623,413.0881833,413.0878962,413.0878056,0.857142857,0.428571429,C21 H18 O9,21,18,9,0,0,0,0,0,0.0,tannin,0.8796103048836432
624,624,413.0728555,413.0725684,413.0725495,1.058823529,0.705882353,C17 H18 O12,17,18,12,0,0,0,0,0,0.0,lignin,0.9571931776457328
625,625,413.0516042,413.0513171,413.0514201,0.7,0.5,C20 H14 O10,20,14,10,0,0,0,0,0,0.0,tannin,0.8202380208693913
626,626,413.0362954,413.0360084,413.036164,0.875,0.8125,C16 H14 O13,16,14,13,0,0,0,0,0,0.0,tannin,0.8813258540627121
627,627,412.1697942,412.1695082,412.1694108,1.473684211,0.473684211,C19 H28 O9 13C1,20,28,9,0,0,1,0,0,0.0,lignin,0.86859113793508
628,628,412.1331598,412.1328738,412.1330253,1.333333333,0.555555556,C18 H24 O10 13C1,19,24,10,0,0,1,0,0,0.0,lignin,0.8747679925476077
629,629,411.2389425,411.2386576,411.238827,1.636363636,0.318181818,C22 H36 O7,22,36,7,0,0,0,0,0,0.0,lipid,0.8672373046453276
630,630,411.2026987,411.2024138,411.2024415,1.523809524,0.380952381,C21 H32 O8,21,32,8,0,0,0,0,0,0.0,lignin,0.6053858331162847
631,631,411.1664964,411.1662116,411.1660559,1.4,0.45,C20 H28 O9,20,28,9,0,0,0,0,0,0.0,lignin,0.8716591256382561
632,632,411.1487029,411.1484181,411.1482979,1.4,0.35,C20 H28 O7 S1,20,28,7,1,0,0,0,0,0.0,lignin,0.862831178950262
633,633,411.1452975,411.1450127,411.1449266,1.043478261,0.304347826,C23 H24 O7,23,24,7,0,0,0,0,0,0.0,lignin,0.9688593656462933
634,634,411.1298993,411.1296145,411.1296704,1.263157895,0.526315789,C19 H24 O10,19,24,10,0,0,0,0,0,0.0,lignin,0.8777515822119983
635,635,411.1217436,411.1214589,411.1212953,0.666666667,0.0,C30 H20 S1,30,20,0,1,0,0,0,0,0.0,pah,0.971893549723109
636,636,411.1086443,411.1083595,411.1085411,0.909090909,0.363636364,C22 H20 O8,22,20,8,0,0,0,0,0,0.0,tannin,0.8794927398472255
637,637,411.0934184,411.0931336,411.0932849,1.111111111,0.611111111,C18 H20 O11,18,20,11,0,0,0,0,0,0.0,lignin,0.9566595634241528
638,638,411.0724662,411.0721815,411.0721556,0.761904762,0.428571429,C21 H16 O9,21,16,9,0,0,0,0,0,0.0,tannin,0.8242815815029273
639,639,411.0573113,411.0570267,411.0568994,0.941176471,0.705882353,C17 H16 O12,17,16,12,0,0,0,0,0,0.0,tannin,0.7240332133048377
640,640,410.1903645,410.1900809,410.1901462,1.5,0.4,C20 H30 O8 13C1,21,30,8,0,0,1,0,0,0.0,lignin,0.7460261681673928
641,641,410.154205,410.1539214,410.1537607,1.368421053,0.473684211,C19 H26 O9 13C1,20,26,9,0,0,1,0,0,0.0,lignin,0.8682934675798741
642,642,410.1176344,410.1173508,410.1173752,1.222222222,0.555555556,C18 H22 O10 13C1,19,22,10,0,0,1,0,0,0.0,lignin,0.8799478566838624
643,643,409.223418,409.2231355,409.2231769,1.545454545,0.318181818,C22 H34 O7,22,34,7,0,0,0,0,0,0.0,lipid,0.8702052073669753
644,644,409.1869592,409.1866768,409.1867914,1.428571429,0.380952381,C21 H30 O8,21,30,8,0,0,0,0,0,0.0,lignin,0.8702071759425687
645,645,409.1507652,409.1504828,409.1504059,1.3,0.45,C20 H26 O9,20,26,9,0,0,0,0,0,0.0,lignin,0.875851745369814
646,646,409.1144132,409.1141309,409.1140204,1.157894737,0.526315789,C19 H22 O10,19,22,10,0,0,0,0,0,0.0,lignin,0.8861207261865504
647,647,409.077739,409.0774567,409.0776349,1.0,0.611111111,C18 H18 O11,18,18,11,0,0,0,0,0,0.0,lignin,0.9667537637684271
648,648,409.0414995,409.0412173,409.0412494,0.823529412,0.705882353,C17 H14 O12,17,14,12,0,0,0,0,0,0.0,tannin,0.8841514492556982
649,649,408.2110337,408.2107525,408.2108817,1.523809524,0.333333333,C21 H32 O7 13C1,22,32,7,0,0,1,0,0,0.0,lipid,0.8703376108308924
650,650,408.1746747,408.1743935,408.1744962,1.4,0.4,C20 H28 O8 13C1,21,28,8,0,0,1,0,0,0.0,lignin,0.8650315480811424
651,651,408.1385707,408.1382895,408.1381107,1.263157895,0.473684211,C19 H24 O9 13C1,20,24,9,0,0,1,0,0,0.0,lignin,0.8780214272773555
652,652,408.1020026,408.1017215,408.1017251,1.111111111,0.555555556,C18 H20 O10 13C1,19,20,10,0,0,1,0,0,0.0,lignin,0.9571905879451326
653,653,407.2442806,407.2440005,407.2439123,1.565217391,0.260869565,C23 H36 O6,23,36,6,0,0,0,0,0,0.0,lipid,0.8701587190138718
654,654,407.207653,407.2073729,407.2075268,1.454545455,0.318181818,C22 H32 O7,22,32,7,0,0,0,0,0,0.0,lignin,0.7365853639112894
655,655,407.1714017,407.1711217,407.1711413,1.333333333,0.380952381,C21 H28 O8,21,28,8,0,0,0,0,0,0.0,lignin,0.8679193244008683
656,656,407.1351815,407.1349015,407.1347558,1.2,0.45,C20 H24 O9,20,24,9,0,0,0,0,0,0.0,lignin,0.8832442286911965
657,657,407.0986187,407.0983388,407.0983703,1.052631579,0.526315789,C19 H20 O10,19,20,10,0,0,0,0,0,0.0,lignin,0.9592545827316602
658,658,407.096202,407.095922,407.0958684,0.869565217,0.217391304,C23 H20 O5 S1,23,20,5,1,0,0,0,0,0.0,tannin,0.8247726881522228
659,659,407.062127,407.0618471,407.0619848,0.888888889,0.611111111,C18 H16 O11,18,16,11,0,0,0,0,0,0.0,tannin,0.8817178631885454
660,660,407.0597417,407.0594618,407.0594829,0.727272727,0.272727273,C22 H16 O6 S1,22,16,6,1,0,0,0,0,0.0,pah,0.9715253456879239
661,661,406.1953831,406.1951042,406.1952316,1.428571429,0.333333333,C21 H30 O7 13C1,22,30,7,0,0,1,0,0,0.0,lignin,0.8609984618177592
662,662,406.1592337,406.1589549,406.1588461,1.3,0.4,C20 H26 O8 13C1,21,26,8,0,0,1,0,0,0.0,lignin,0.8756116311838038
663,663,406.1228168,406.122538,406.1224606,1.157894737,0.473684211,C19 H22 O9 13C1,20,22,9,0,0,1,0,0,0.0,lignin,0.88700519137594
664,664,405.2283478,405.2280701,405.2282623,1.47826087,0.260869565,C23 H34 O6,23,34,6,0,0,0,0,0,0.0,lipid,0.8643600880731555
665,665,405.1921765,405.1918989,405.1918768,1.363636364,0.318181818,C22 H30 O7,22,30,7,0,0,0,0,0,0.0,lignin,0.8638204263037764
666,666,405.1559292,405.1556516,405.1554913,1.238095238,0.380952381,C21 H26 O8,21,26,8,0,0,0,0,0,0.0,lignin,0.87973984336182
667,667,405.119244,405.1189664,405.1191058,1.1,0.45,C20 H22 O9,20,22,9,0,0,0,0,0,0.0,lignin,0.9589209751407728
668,668,405.1168414,405.1165639,405.1166038,0.916666667,0.166666667,C24 H22 O4 S1,24,22,4,1,0,0,0,0,0.0,tannin,0.8955910548759662
669,669,405.0829278,405.0826502,405.0827202,0.947368421,0.526315789,C19 H18 O10,19,18,10,0,0,0,0,0,0.0,tannin,0.8797693734395216
670,670,405.0805281,405.0802506,405.0802183,0.782608696,0.217391304,C23 H18 O5 S1,23,18,5,1,0,0,0,0,0.0,pah,0.9721260167346528
671,671,405.0467548,405.0464773,405.0463347,0.777777778,0.611111111,C18 H14 O11,18,14,11,0,0,0,0,0,0.0,tannin,0.8824885847285966
672,672,404.2162407,404.2159642,404.2159671,1.454545455,0.272727273,C22 H32 O6 13C1,23,32,6,0,0,1,0,0,0.0,lipid,0.5720854957361248
673,673,404.1799866,404.1797102,404.1795815,1.333333333,0.333333333,C21 H28 O7 13C1,22,28,7,0,0,1,0,0,0.0,lignin,0.8661166067820245
674,674,404.1434087,404.1431323,404.143196,1.2,0.4,C20 H24 O8 13C1,21,24,8,0,0,1,0,0,0.0,lignin,0.8835408201059775
675,675,403.2492688,403.2489935,403.2489977,1.5,0.208333333,C24 H36 O5,24,36,5,0,0,0,0,0,0.0,lipid,0.8639327635436798
676,676,403.2163759,403.2161006,403.2159835,1.8,0.3,C20 H36 O6 S1,20,36,6,1,0,0,0,0,0.0,lipid,0.8750917389864628
677,677,403.2130484,403.2127731,403.2126122,1.391304348,0.260869565,C23 H32 O6,23,32,6,0,0,0,0,0,0.0,lignin,0.8612505870091208
678,678,403.1763725,403.1760973,403.1762267,1.272727273,0.318181818,C22 H28 O7,22,28,7,0,0,0,0,0,0.0,lignin,0.8769877975955239
679,679,403.1610701,403.1607949,403.1609706,1.555555556,0.555555556,C18 H28 O10,18,28,10,0,0,0,0,0,0.0,lignin,0.7157828602306335
680,680,403.1530318,403.1527566,403.1525954,0.827586207,0.0,C29 H24 S1,29,24,0,1,0,0,0,0,0.0,pah,0.9721532292213875
681,681,403.1400473,403.1397721,403.1398412,1.142857143,0.380952381,C21 H24 O8,21,24,8,0,0,0,0,0,0.0,lignin,0.9234158206676648
682,682,403.1376686,403.1373934,403.1373393,0.96,0.12,C25 H24 O3 S1,25,24,3,1,0,0,0,0,0.0,tannin,0.876266782792152
683,683,403.1249172,403.1246421,403.1245851,1.411764706,0.647058824,C17 H24 O11,17,24,11,0,0,0,0,0,0.0,lignin,0.5781279060799149
684,684,403.103889,403.1036138,403.1034557,1.0,0.45,C20 H20 O9,20,20,9,0,0,0,0,0,0.0,lignin,0.9682396544321321
685,685,403.0885924,403.0883173,403.0881995,1.25,0.75,C16 H20 O12,16,20,12,0,0,0,0,0,0.0,lignin,0.618439606194033
686,686,403.0673188,403.0670437,403.0670702,0.842105263,0.526315789,C19 H16 O10,19,16,10,0,0,0,0,0,0.0,tannin,0.8820750188769958
687,687,403.0649131,403.064638,403.0645683,0.695652174,0.217391304,C23 H16 O5 S1,23,16,5,1,0,0,0,0,0.0,pah,0.9716510773863207
688,688,403.051959,403.051684,403.051814,1.066666667,0.866666667,C15 H16 O13,15,16,13,0,0,0,0,0,0.0,lignin,0.8086285434181388
689,689,403.0308454,403.0305703,403.0306847,0.666666667,0.611111111,C18 H12 O11,18,12,11,0,0,0,0,0,0.0,tannin,0.8224395340057757
690,690,403.0284315,403.0281565,403.0281827,0.545454545,0.272727273,C22 H12 O6 S1,22,12,6,1,0,0,0,0,0.0,pah,0.9716819459319304
691,691,402.1642144,402.1639403,402.1639315,1.238095238,0.333333333,C21 H26 O7 13C1,22,26,7,0,0,1,0,0,0.0,lignin,0.8795213482473837
692,692,401.2334623,401.2331893,401.2333477,1.416666667,0.208333333,C24 H34 O5,24,34,5,0,0,0,0,0,0.0,lipid,0.7145859444251943
693,693,401.2182788,401.2180059,401.2180915,1.7,0.4,C20 H34 O8,20,34,8,0,0,0,0,0,0.0,lipid,0.8752205983277538
694,694,401.200691,401.2004181,401.2003335,1.7,0.3,C20 H34 O6 S1,20,34,6,1,0,0,0,0,0.0,lipid,0.8532059952146206
695,695,401.1973721,401.1970992,401.1969622,1.304347826,0.260869565,C23 H30 O6,23,30,6,0,0,0,0,0,0.0,lignin,0.8660494452881338
696,696,401.1821161,401.1818433,401.181706,1.578947368,0.473684211,C19 H30 O9,19,30,9,0,0,0,0,0,0.0,lignin,0.7354800147352655
697,697,401.1642727,401.1639999,401.1639479,1.578947368,0.368421053,C19 H30 O7 S1,19,30,7,1,0,0,0,0,0.0,lipid,0.8701707907001911
698,698,401.1608966,401.1606238,401.1605766,1.181818182,0.318181818,C22 H26 O7,22,26,7,0,0,0,0,0,0.0,lignin,0.8854302744300467
699,699,401.1455123,401.1452395,401.1453205,1.444444444,0.555555556,C18 H26 O10,18,26,10,0,0,0,0,0,0.0,lignin,0.8703840386219668
700,700,401.1373998,401.137127,401.1369454,0.75862069,0.0,C29 H22 S1,29,22,0,1,0,0,0,0,0.0,pah,0.9720051158624541
701,701,401.1243178,401.124045,401.1241911,1.047619048,0.380952381,C21 H22 O8,21,22,8,0,0,0,0,0,0.0,lignin,0.9682373858359747
702,702,401.121911,401.1216382,401.1216892,0.88,0.12,C25 H22 O3 S1,25,22,3,1,0,0,0,0,0.0,tannin,0.8187724647779635
703,703,401.1090976,401.1088248,401.108935,1.294117647,0.647058824,C17 H22 O11,17,22,11,0,0,0,0,0,0.0,lignin,0.8761529373577963
704,704,401.0881375,401.0878648,401.0878056,0.9,0.45,C20 H18 O9,20,18,9,0,0,0,0,0,0.0,tannin,0.8808617892870766
705,705,401.0729354,401.0726627,401.0725495,1.125,0.75,C16 H18 O12,16,18,12,0,0,0,0,0,0.0,lignin,0.9196384215337454
706,706,401.0518081,401.0515354,401.0514201,0.736842105,0.526315789,C19 H14 O10,19,14,10,0,0,0,0,0,0.0,tannin,0.91630669675748
707,707,401.0493656,401.0490929,401.0489182,0.608695652,0.217391304,C23 H14 O5 S1,23,14,5,1,0,0,0,0,0.0,pah,0.9716929619986676
708,708,401.0364491,401.0361764,401.036164,0.933333333,0.866666667,C15 H14 O13,15,14,13,0,0,0,0,0,0.0,tannin,0.7248924928722309
709,709,399.2212265,399.220956,399.2210689,1.714285714,0.238095238,C21 H36 O5 S1,21,36,5,1,0,0,0,0,0.0,lipid,0.8661778708671803
710,710,399.2178673,399.2175968,399.2176976,1.333333333,0.208333333,C24 H32 O5,24,32,5,0,0,0,0,0,0.0,lignin,0.863367772626375
711,711,399.2027802,399.2025096,399.2024415,1.6,0.4,C20 H32 O8,20,32,8,0,0,0,0,0,0.0,lipid,0.8532625323928947
712,712,399.1850865,399.184816,399.1846834,1.6,0.3,C20 H32 O6 S1,20,32,6,1,0,0,0,0,0.0,lipid,0.8693055208137389
713,713,399.1817327,399.1814622,399.1813121,1.217391304,0.260869565,C23 H28 O6,23,28,6,0,0,0,0,0,0.0,lignin,0.8817616815765839
714,714,399.1664345,399.166164,399.1660559,1.473684211,0.473684211,C19 H28 O9,19,28,9,0,0,0,0,0,0.0,lignin,0.86859113793508
715,715,399.1485208,399.1482503,399.1482979,1.473684211,0.368421053,C19 H28 O7 S1,19,28,7,1,0,0,0,0,0.0,lignin,0.8684616994691261
716,716,399.1451228,399.1448524,399.1449266,1.090909091,0.318181818,C22 H24 O7,22,24,7,0,0,0,0,0,0.0,lignin,0.9603592967437734
717,717,399.1297887,399.1295182,399.1296704,1.333333333,0.555555556,C18 H24 O10,18,24,10,0,0,0,0,0,0.0,lignin,0.8747679925476077
718,718,399.1217211,399.1214507,399.1212953,0.689655172,0.0,C29 H20 S1,29,20,0,1,0,0,0,0,0.0,pah,0.9719148448608937
719,719,399.1086889,399.1084185,399.1085411,0.952380952,0.380952381,C21 H20 O8,21,20,8,0,0,0,0,0,0.0,tannin,0.8794211238379809
720,720,399.0935646,399.0932942,399.0932849,1.176470588,0.647058824,C17 H20 O11,17,20,11,0,0,0,0,0,0.0,lignin,0.8823987943840346
721,721,399.0725433,399.0722729,399.0721556,0.8,0.45,C20 H16 O9,20,16,9,0,0,0,0,0,0.0,tannin,0.8997686556463087
722,722,399.0572731,399.0570028,399.0568994,1.0,0.75,C16 H16 O12,16,16,12,0,0,0,0,0,0.0,lignin,0.9582142379564959
723,723,398.2302786,398.2300093,398.229903,2.235294118,0.411764706,C17 H38 O7 S1 13C1,18,38,7,1,0,1,0,0,0.0,lipid,0.8433517999469977
724,724,398.190269,398.1899997,398.1901462,1.578947368,0.421052632,C19 H30 O8 13C1,20,30,8,0,0,1,0,0,0.0,lipid,0.7040758723550711
725,725,398.1540344,398.1537651,398.1537607,1.444444444,0.5,C18 H26 O9 13C1,19,26,9,0,0,1,0,0,0.0,lignin,0.8695186913004258
726,726,398.1177808,398.1175116,398.1173752,1.294117647,0.588235294,C17 H22 O10 13C1,18,22,10,0,0,1,0,0,0.0,lignin,0.8761071761976915
727,727,397.2269061,397.226638,397.2265482,2.111111111,0.388888889,C18 H38 O7 S1,18,38,7,1,0,0,0,0,0.0,lipid,0.8440043707283291
728,728,397.223527,397.2232589,397.2231769,1.619047619,0.333333333,C21 H34 O7,21,34,7,0,0,0,0,0,0.0,lipid,0.8673076393533515
729,729,397.1871194,397.1868513,397.1867914,1.5,0.4,C20 H30 O8,20,30,8,0,0,0,0,0,0.0,lignin,0.7460261681673928
730,730,397.1692619,397.1689938,397.1690333,1.5,0.3,C20 H30 O6 S1,20,30,6,1,0,0,0,0,0.0,lipid,0.8717914643204459
731,731,397.1658725,397.1656044,397.165662,1.130434783,0.260869565,C23 H26 O6,23,26,6,0,0,0,0,0,0.0,lignin,0.9607974479209285
732,732,397.1505586,397.1502906,397.1504059,1.368421053,0.473684211,C19 H26 O9,19,26,9,0,0,0,0,0,0.0,lignin,0.8682934675798741
733,733,397.1294379,397.1291698,397.1292765,1.0,0.318181818,C22 H22 O7,22,22,7,0,0,0,0,0,0.0,lignin,0.9714431966518566
734,734,397.1142895,397.1140215,397.1140204,1.222222222,0.555555556,C18 H22 O10,18,22,10,0,0,0,0,0,0.0,lignin,0.8799478566838624
735,735,397.093283,397.093015,397.092891,0.857142857,0.380952381,C21 H18 O8,21,18,8,0,0,0,0,0,0.0,tannin,0.8787095407721361
736,736,397.0780195,397.0777515,397.0776349,1.058823529,0.647058824,C17 H18 O11,17,18,11,0,0,0,0,0,0.0,lignin,0.9578242872347442
737,737,397.0414094,397.0411414,397.0412494,0.875,0.75,C16 H14 O12,16,14,12,0,0,0,0,0,0.0,tannin,0.8810775912001008
738,738,396.2110344,396.2107675,396.2108817,1.6,0.35,C20 H32 O7 13C1,21,32,7,0,0,1,0,0,0.0,lipid,0.8673955028786052
739,739,396.1749024,396.1746355,396.1744962,1.473684211,0.421052632,C19 H28 O8 13C1,20,28,8,0,0,1,0,0,0.0,lignin,0.8684235371327855
740,740,396.1383252,396.1380583,396.1381107,1.333333333,0.5,C18 H24 O9 13C1,19,24,9,0,0,1,0,0,0.0,lignin,0.8699801527549464
741,741,396.1018754,396.1016086,396.1017251,1.176470588,0.588235294,C17 H20 O10 13C1,18,20,10,0,0,1,0,0,0.0,lignin,0.8832474974669771
742,742,395.2076699,395.2074042,395.2075268,1.523809524,0.333333333,C21 H32 O7,21,32,7,0,0,0,0,0,0.0,lipid,0.8703376108308924
743,743,395.1713847,395.171119,395.1711413,1.4,0.4,C20 H28 O8,20,28,8,0,0,0,0,0,0.0,lignin,0.8650315480811424
744,744,395.1537762,395.1535105,395.1533833,1.4,0.3,C20 H28 O6 S1,20,28,6,1,0,0,0,0,0.0,lignin,0.8615461591699101
745,745,395.1351709,395.1349052,395.1347558,1.263157895,0.473684211,C19 H24 O9,19,24,9,0,0,0,0,0,0.0,lignin,0.8780214272773555
746,746,395.0984918,395.0982261,395.0983703,1.111111111,0.555555556,C18 H20 O10,18,20,10,0,0,0,0,0,0.0,lignin,0.9571905879451326
747,747,395.0773386,395.0770729,395.0772409,0.761904762,0.380952381,C21 H16 O8,21,16,8,0,0,0,0,0,0.0,tannin,0.8208384578417135
748,748,395.0622326,395.061967,395.0619848,0.941176471,0.647058824,C17 H16 O11,17,16,11,0,0,0,0,0,0.0,tannin,0.7239759729530708
749,749,394.1953747,394.1951101,394.1952316,1.5,0.35,C20 H30 O7 13C1,21,30,7,0,0,1,0,0,0.0,lignin,0.6045802143529745
750,750,394.159068,394.1588034,394.1588461,1.368421053,0.421052632,C19 H26 O8 13C1,20,26,8,0,0,1,0,0,0.0,lignin,0.8672164005728986
751,751,394.1228444,394.1225799,394.1224606,1.222222222,0.5,C18 H22 O9 13C1,19,22,9,0,0,1,0,0,0.0,lignin,0.8805178024748616
752,752,394.0862685,394.086004,394.0860751,1.058823529,0.588235294,C17 H18 O10 13C1,18,18,10,0,0,1,0,0,0.0,lignin,0.9584483249831873
753,753,393.2286746,393.2284112,393.2282623,1.545454545,0.272727273,C22 H34 O6,22,34,6,0,0,0,0,0,0.0,lipid,0.8702630523120464
754,754,393.1920643,393.1918009,393.1918768,1.428571429,0.333333333,C21 H30 O7,21,30,7,0,0,0,0,0,0.0,lignin,0.8609984618177592
755,755,393.1556585,393.1553951,393.1554913,1.3,0.4,C20 H26 O8,20,26,8,0,0,0,0,0,0.0,lignin,0.8756116311838038
756,756,393.1195032,393.1192399,393.1191058,1.157894737,0.473684211,C19 H22 O9,19,22,9,0,0,0,0,0,0.0,lignin,0.88700519137594
757,757,393.0829261,393.0826629,393.0827202,1.0,0.555555556,C18 H18 O10,18,18,10,0,0,0,0,0,0.0,lignin,0.9672918243730523
758,758,393.0464936,393.0462304,393.0463347,0.823529412,0.647058824,C17 H14 O11,17,14,11,0,0,0,0,0,0.0,tannin,0.8837039412515082
759,759,393.0441184,393.0438552,393.0438328,0.666666667,0.285714286,C21 H14 O6 S1,21,14,6,1,0,0,0,0,0.0,pah,0.971568186515842
760,760,392.1797171,392.1794549,392.1795815,1.4,0.35,C20 H28 O7 13C1,21,28,7,0,0,1,0,0,0.0,lignin,0.862831178950262
761,761,392.143433,392.1431708,392.143196,1.263157895,0.421052632,C19 H24 O8 13C1,20,24,8,0,0,1,0,0,0.0,lignin,0.8780943024138596
762,762,391.2129411,391.2126801,391.2126122,1.454545455,0.272727273,C22 H32 O6,22,32,6,0,0,0,0,0,0.0,lipid,0.5720854957361248
763,763,391.1763419,391.1760809,391.1762267,1.333333333,0.333333333,C21 H28 O7,21,28,7,0,0,0,0,0,0.0,lignin,0.8661166067820245
764,764,391.1401382,391.1398773,391.1398412,1.2,0.4,C20 H24 O8,20,24,8,0,0,0,0,0,0.0,lignin,0.8835408201059775
765,765,391.1038181,391.1035572,391.1034557,1.052631579,0.473684211,C19 H20 O9,19,20,9,0,0,0,0,0,0.0,lignin,0.9597624570807973
766,766,391.1013933,391.1011324,391.1009538,0.869565217,0.173913043,C23 H20 O4 S1,23,20,4,1,0,0,0,0,0.0,tannin,0.8211238820033102
767,767,391.0671767,391.0669158,391.0670702,0.888888889,0.555555556,C18 H16 O10,18,16,10,0,0,0,0,0,0.0,tannin,0.8815392776113194
768,768,391.0647779,391.064517,391.0645683,0.727272727,0.227272727,C22 H16 O5 S1,22,16,5,1,0,0,0,0,0.0,pah,0.9716161086310173
769,769,391.03097,391.0307091,391.0306847,0.705882353,0.647058824,C17 H12 O11,17,12,11,0,0,0,0,0,0.0,tannin,0.9013805800736903
770,770,391.0285565,391.0282957,391.0281827,0.571428571,0.285714286,C21 H12 O6 S1,21,12,6,1,0,0,0,0,0.0,pah,0.971653395949405
771,771,390.2004551,390.2001953,390.200317,1.428571429,0.285714286,C21 H30 O6 13C1,22,30,6,0,0,1,0,0,0.0,lignin,0.7368712791281405
772,772,390.1641305,390.1638707,390.1639315,1.3,0.35,C20 H26 O7 13C1,21,26,7,0,0,1,0,0,0.0,lignin,0.8752932296434357
773,773,389.2336219,389.2333632,389.2333477,1.47826087,0.217391304,C23 H34 O5,23,34,5,0,0,0,0,0,0.0,lipid,0.8642299461975339
774,774,389.2004379,389.2001792,389.2003335,1.789473684,0.315789474,C19 H34 O6 S1,19,34,6,1,0,0,0,0,0.0,lipid,0.8749368111503504
775,775,389.1970869,389.1968282,389.1969622,1.363636364,0.272727273,C22 H30 O6,22,30,6,0,0,0,0,0,0.0,lignin,0.8627963459012232
776,776,389.1609846,389.160726,389.1605766,1.238095238,0.333333333,C21 H26 O7,21,26,7,0,0,0,0,0,0.0,lignin,0.8795213482473837
777,777,389.1244053,389.1241467,389.1241911,1.1,0.4,C20 H22 O8,20,22,8,0,0,0,0,0,0.0,lignin,0.9594238210292281
778,778,389.1219999,389.1217413,389.1216892,0.916666667,0.125,C24 H22 O3 S1,24,22,3,1,0,0,0,0,0.0,tannin,0.8781003458872426
779,779,389.1090689,389.1088104,389.108935,1.375,0.6875,C16 H22 O11,16,22,11,0,0,0,0,0,0.0,lignin,0.5799941817435906
780,780,389.1009756,389.100717,389.1005598,0.666666667,0.037037037,C27 H18 O1 S1,27,18,1,1,0,0,0,0,0.0,pah,0.9718625445872991
781,781,389.0879494,389.0876909,389.0878056,0.947368421,0.473684211,C19 H18 O9,19,18,9,0,0,0,0,0,0.0,tannin,0.8797011160548763
782,782,389.0855497,389.0852912,389.0853037,0.782608696,0.173913043,C23 H18 O4 S1,23,18,4,1,0,0,0,0,0.0,pah,0.971710262690032
783,783,389.0727758,389.0725173,389.0725495,1.2,0.8,C15 H18 O12,15,18,12,0,0,0,0,0,0.0,lignin,0.6192323727929736
784,784,389.0517818,389.0515232,389.0514201,0.777777778,0.555555556,C18 H14 O10,18,14,10,0,0,0,0,0,0.0,tannin,0.881153503395103
785,785,387.2214287,387.2211723,387.2210689,1.8,0.25,C20 H36 O5 S1,20,36,5,1,0,0,0,0,0.0,lipid,0.8771672037593639
786,786,387.2180756,387.2178193,387.2176976,1.391304348,0.217391304,C23 H32 O5,23,32,5,0,0,0,0,0,0.0,lignin,0.5544619403766567
787,787,387.1849212,387.1846648,387.1846834,1.684210526,0.315789474,C19 H32 O6 S1,19,32,6,1,0,0,0,0,0.0,lipid,0.8530043802226365
788,788,387.1815348,387.1812785,387.1813121,1.272727273,0.272727273,C22 H28 O6,22,28,6,0,0,0,0,0,0.0,lignin,0.8766622338455905
789,789,387.1661827,387.1659264,387.1660559,1.555555556,0.5,C18 H28 O9,18,28,9,0,0,0,0,0,0.0,lignin,0.8572666707834081
790,790,387.1450678,387.1448115,387.1449266,1.142857143,0.333333333,C21 H24 O7,21,24,7,0,0,0,0,0,0.0,lignin,0.8905752373549868
791,791,387.1299475,387.1296913,387.1296704,1.411764706,0.588235294,C17 H24 O10,17,24,10,0,0,0,0,0,0.0,lignin,0.8581078573644116
792,792,387.1148003,387.1145441,387.1144143,1.846153846,1.0,C13 H24 O13,13,24,13,0,0,0,0,0,0.0,carbohydrate,0.9030323361944296
793,793,387.1089212,387.108665,387.1085411,1.0,0.4,C20 H20 O8,20,20,8,0,0,0,0,0,0.0,lignin,0.9714017217294012
794,794,387.0936449,387.0933887,387.0932849,1.25,0.6875,C16 H20 O11,16,20,11,0,0,0,0,0,0.0,lignin,0.8774790147625756
795,795,387.0722994,387.0720432,387.0721556,0.842105263,0.473684211,C19 H16 O9,19,16,9,0,0,0,0,0,0.0,tannin,0.8804020666864094
796,796,387.0698707,387.0696145,387.0696536,0.695652174,0.173913043,C23 H16 O4 S1,23,16,4,1,0,0,0,0,0.0,pah,0.9717157037118749
797,797,387.0570086,387.0567525,387.0568994,1.066666667,0.8,C15 H16 O12,15,16,12,0,0,0,0,0,0.0,lignin,0.9597909857978936
798,798,387.0359504,387.0356943,387.0357701,0.666666667,0.555555556,C18 H12 O10,18,12,10,0,0,0,0,0,0.0,tannin,0.8194046688766443
799,799,387.0335299,387.0332737,387.0332681,0.545454545,0.227272727,C22 H12 O5 S1,22,12,5,1,0,0,0,0,0.0,pah,0.9717134774016728
800,800,385.2234762,385.2232221,385.2231769,1.7,0.35,C20 H34 O7,20,34,7,0,0,0,0,0,0.0,lipid,0.8493430565978788
801,801,385.2057649,385.205511,385.2054188,1.7,0.25,C20 H34 O5 S1,20,34,5,1,0,0,0,0,0.0,lipid,0.8662159967111878
802,802,385.202421,385.2021671,385.2020475,1.304347826,0.217391304,C23 H30 O5,23,30,5,0,0,0,0,0,0.0,lignin,0.8652341779021162
803,803,385.1871497,385.1868957,385.1867914,1.578947368,0.421052632,C19 H30 O8,19,30,8,0,0,0,0,0,0.0,lipid,0.7040758723550711
804,804,385.1692662,385.1690123,385.1690333,1.578947368,0.315789474,C19 H30 O6 S1,19,30,6,1,0,0,0,0,0.0,lipid,0.8699983680557143
805,805,385.1658476,385.1655936,385.165662,1.181818182,0.272727273,C22 H26 O6,22,26,6,0,0,0,0,0,0.0,lignin,0.885254263692693
806,806,385.1505155,385.1502615,385.1504059,1.444444444,0.5,C18 H26 O9,18,26,9,0,0,0,0,0,0.0,lignin,0.8695186913004258
807,807,385.1294465,385.1291926,385.1292765,1.047619048,0.333333333,C21 H22 O7,21,22,7,0,0,0,0,0,0.0,lignin,0.9686190777191068
808,808,385.1143308,385.1140769,385.1140204,1.294117647,0.588235294,C17 H22 O10,17,22,10,0,0,0,0,0,0.0,lignin,0.8761071761976915
809,809,385.0932828,385.0930289,385.092891,0.9,0.4,C20 H18 O8,20,18,8,0,0,0,0,0,0.0,tannin,0.8802129199915593
810,810,385.0779563,385.0777025,385.0776349,1.125,0.6875,C16 H18 O11,16,18,11,0,0,0,0,0,0.0,lignin,0.9274572160015534
811,811,385.0566627,385.0564089,385.0565055,0.736842105,0.473684211,C19 H14 O9,19,14,9,0,0,0,0,0,0.0,tannin,0.8233303455792885
812,812,385.0413431,385.0410893,385.0412494,0.933333333,0.8,C15 H14 O12,15,14,12,0,0,0,0,0,0.0,tannin,0.7245220895861952
813,813,384.1747529,384.1745001,384.1744962,1.555555556,0.444444444,C18 H28 O8 13C1,19,28,8,0,0,1,0,0,0.0,lignin,0.7430923193273022
814,814,384.1384715,384.1382187,384.1381107,1.411764706,0.529411765,C17 H24 O9 13C1,18,24,9,0,0,1,0,0,0.0,lignin,0.8717506063893288
815,815,384.1018352,384.1015825,384.1017251,1.25,0.625,C16 H20 O10 13C1,17,20,10,0,0,1,0,0,0.0,lignin,0.8778898704047375
816,816,383.2078881,383.2076364,383.2075268,1.6,0.35,C20 H32 O7,20,32,7,0,0,0,0,0,0.0,lipid,0.8673955028786052
817,817,383.1900001,383.1897484,383.1897688,1.6,0.25,C20 H32 O5 S1,20,32,5,1,0,0,0,0,0.0,lipid,0.8699705537530644
818,818,383.1712647,383.1710131,383.1711413,1.473684211,0.421052632,C19 H28 O8,19,28,8,0,0,0,0,0,0.0,lignin,0.8684235371327855
819,819,383.1501652,383.1499136,383.150012,1.090909091,0.272727273,C22 H24 O6,22,24,6,0,0,0,0,0,0.0,lignin,0.9607982816143196
820,820,383.1350346,383.134783,383.1347558,1.333333333,0.5,C18 H24 O9,18,24,9,0,0,0,0,0,0.0,lignin,0.8699801527549464
821,821,383.098726,383.0984745,383.0983703,1.176470588,0.588235294,C17 H20 O10,17,20,10,0,0,0,0,0,0.0,lignin,0.8832474974669771
822,822,383.077383,383.0771315,383.0772409,0.8,0.4,C20 H16 O8,20,16,8,0,0,0,0,0,0.0,tannin,0.9159299466372023
823,823,383.0620609,383.0618094,383.0619848,1.0,0.6875,C16 H16 O11,16,16,11,0,0,0,0,0,0.0,lignin,0.966010152130423
824,824,383.0259554,383.025704,383.0255993,0.8,0.8,C15 H12 O12,15,12,12,0,0,0,0,0,0.0,tannin,0.8858087472966482
825,825,382.2351263,382.2348757,382.2349884,2.235294118,0.352941176,C17 H38 O6 S1 13C1,18,38,6,1,0,1,0,0,0.0,lipid,0.8435382511028692
826,826,382.2351263,382.2348757,382.2347446,1.736842105,0.263157895,C19 H33 O5 N3,19,33,5,0,3,0,0,0,0.157894737,peptide,0.5223210471376598
827,827,382.1955956,382.1953451,382.1952316,1.578947368,0.368421053,C19 H30 O7 13C1,20,30,7,0,0,1,0,0,0.0,lipid,0.8701707907001911
828,828,382.1590964,382.158846,382.1588461,1.444444444,0.444444444,C18 H26 O8 13C1,19,26,8,0,0,1,0,0,0.0,lignin,0.8703705712991437
829,829,382.1225915,382.1223411,382.1224606,1.294117647,0.529411765,C17 H22 O9 13C1,18,22,9,0,0,1,0,0,0.0,lignin,0.876031648983877
830,830,381.2318277,381.2315784,381.2316336,2.111111111,0.333333333,C18 H38 O6 S1,18,38,6,1,0,0,0,0,0.0,lipid,0.8443244505209204
831,831,381.2284261,381.2281767,381.2282623,1.619047619,0.285714286,C21 H34 O6,21,34,6,0,0,0,0,0,0.0,lipid,0.8692159452052811
832,832,381.1954149,381.1951656,381.1952481,2.0,0.411764706,C17 H34 O7 S1,17,34,7,1,0,0,0,0,0.0,lipid,0.8446820833747053
833,833,381.1920772,381.1918279,381.1918768,1.5,0.35,C20 H30 O7,20,30,7,0,0,0,0,0,0.0,lignin,0.6045802143529745
834,834,381.1744687,381.1742194,381.1741187,1.5,0.25,C20 H30 O5 S1,20,30,5,1,0,0,0,0,0.0,lipid,0.8640233978015288
835,835,381.1558705,381.1556212,381.1554913,1.368421053,0.421052632,C19 H26 O8,19,26,8,0,0,0,0,0,0.0,lignin,0.8672164005728986
836,836,381.119204,381.1189548,381.1191058,1.222222222,0.5,C18 H22 O9,18,22,9,0,0,0,0,0,0.0,lignin,0.8805178024748616
837,837,381.0830007,381.0827516,381.0827202,1.058823529,0.588235294,C17 H18 O10,17,18,10,0,0,0,0,0,0.0,lignin,0.9584483249831873
838,838,381.0466652,381.0464161,381.0463347,0.875,0.6875,C16 H14 O11,16,14,11,0,0,0,0,0,0.0,tannin,0.8824623847090498
839,839,381.0442597,381.0440106,381.0438328,0.7,0.3,C20 H14 O6 S1,20,14,6,1,0,0,0,0,0.0,pah,0.9715047227462197
840,840,380.1797304,380.1794823,380.1795815,1.473684211,0.368421053,C19 H28 O7 13C1,20,28,7,0,0,1,0,0,0.0,lignin,0.8684616994691261
841,841,380.1435884,380.1433403,380.143196,1.333333333,0.444444444,C18 H24 O8 13C1,19,24,8,0,0,1,0,0,0.0,lignin,0.8693541802948938
842,842,380.1069092,380.1066612,380.1068105,1.176470588,0.529411765,C17 H20 O9 13C1,18,20,9,0,0,1,0,0,0.0,lignin,0.8843278340719596
843,843,379.2128596,379.2126126,379.2126122,1.523809524,0.285714286,C21 H32 O6,21,32,6,0,0,0,0,0,0.0,lipid,0.8703847544004419
844,844,379.1763539,379.1761069,379.1762267,1.4,0.35,C20 H28 O7,20,28,7,0,0,0,0,0,0.0,lignin,0.862831178950262
845,845,379.1402388,379.1399919,379.1398412,1.263157895,0.421052632,C19 H24 O8,19,24,8,0,0,0,0,0,0.0,lignin,0.8780943024138596
846,846,379.1035584,379.1033115,379.1034557,1.111111111,0.5,C18 H20 O9,18,20,9,0,0,0,0,0,0.0,lignin,0.9582262299517165
847,847,379.1011486,379.1009017,379.1009538,0.909090909,0.181818182,C22 H20 O4 S1,22,20,4,1,0,0,0,0,0.0,tannin,0.8957511118265853
848,848,379.067325,379.0670782,379.0670702,0.941176471,0.588235294,C17 H16 O10,17,16,10,0,0,0,0,0,0.0,tannin,0.7239658762725398
849,849,379.0649535,379.0647067,379.0645683,0.761904762,0.238095238,C21 H16 O5 S1,21,16,5,1,0,0,0,0,0.0,pah,0.9720853668030065
850,850,379.0310305,379.0307837,379.0306847,0.75,0.6875,C16 H12 O11,16,12,11,0,0,0,0,0,0.0,tannin,0.8841873513890255
851,851,379.0285964,379.0283497,379.0281827,0.6,0.3,C20 H12 O6 S1,20,12,6,1,0,0,0,0,0.0,pah,0.9716153239377532
852,852,378.2004266,378.2001808,378.200317,1.5,0.3,C20 H30 O6 13C1,21,30,6,0,0,1,0,0,0.0,lipid,0.8717914643204459
853,853,378.1641971,378.1639514,378.1639315,1.368421053,0.368421053,C19 H26 O7 13C1,20,26,7,0,0,1,0,0,0.0,lignin,0.8653371406379169
854,854,378.1278982,378.1276525,378.127546,1.222222222,0.444444444,C18 H22 O8 13C1,19,22,8,0,0,1,0,0,0.0,lignin,0.8808732588620881
855,855,378.0912513,378.0910056,378.0911605,1.058823529,0.529411765,C17 H18 O9 13C1,18,18,9,0,0,1,0,0,0.0,lignin,0.9590527076825295
856,856,377.1970629,377.1968183,377.1969622,1.428571429,0.285714286,C21 H30 O6,21,30,6,0,0,0,0,0,0.0,lignin,0.7368712791281405
857,857,377.1609632,377.1607186,377.1605766,1.3,0.35,C20 H26 O7,20,26,7,0,0,0,0,0,0.0,lignin,0.8752932296434357
858,858,377.1243746,377.1241301,377.1241911,1.157894737,0.421052632,C19 H22 O8,19,22,8,0,0,0,0,0,0.0,lignin,0.8876798492158546
859,859,377.1219675,377.1217229,377.1216892,0.956521739,0.130434783,C23 H22 O3 S1,23,22,3,1,0,0,0,0,0.0,tannin,0.8763822757625366
860,860,377.1009598,377.1007153,377.1005598,0.692307692,0.038461538,C26 H18 O1 S1,26,18,1,1,0,0,0,0,0.0,pah,0.9718798406631135
861,861,377.0879677,377.0877232,377.0878056,1.0,0.5,C18 H18 O9,18,18,9,0,0,0,0,0,0.0,lignin,0.967808138997418
862,862,377.0517926,377.0515482,377.0514201,0.823529412,0.588235294,C17 H14 O10,17,14,10,0,0,0,0,0,0.0,tannin,0.8831171764451486
863,863,377.0127757,377.0125313,377.0125327,0.5,0.3,C20 H10 O6 S1,20,10,6,1,0,0,0,0,0.0,pah,0.9716930520596228
864,864,376.2788959,376.2786524,376.2785673,2.105263158,0.315789474,C19 H40 O6 13C1,20,40,6,0,0,1,0,0,0.0,lipid,0.8530345646707678
865,865,376.1850013,376.1847579,376.1846669,1.4,0.3,C20 H28 O6 13C1,21,28,6,0,0,1,0,0,0.0,lignin,0.8615461591699101
866,866,376.1485289,376.1482855,376.1482814,1.263157895,0.368421053,C19 H24 O7 13C1,20,24,7,0,0,1,0,0,0.0,lignin,0.877914872337695
867,867,375.2755425,375.2753001,375.2752125,2.0,0.3,C20 H40 O6,20,40,6,0,0,0,0,0,0.0,lipid,0.8705109490643401
868,868,375.2179268,375.2176844,375.2176976,1.454545455,0.227272727,C22 H32 O5,22,32,5,0,0,0,0,0,0.0,lipid,0.8645799890259701
869,869,375.1816331,375.1813908,375.1813121,1.333333333,0.285714286,C21 H28 O6,21,28,6,0,0,0,0,0,0.0,lignin,0.8647615916134364
870,870,375.1662656,375.1660234,375.1660559,1.647058824,0.529411765,C17 H28 O9,17,28,9,0,0,0,0,0,0.0,lignin,0.48264467595508426
871,871,375.1450403,375.144798,375.1449266,1.2,0.35,C20 H24 O7,20,24,7,0,0,0,0,0,0.0,lignin,0.8836353281656588
872,872,375.1298215,375.1295793,375.1296704,1.5,0.625,C16 H24 O10,16,24,10,0,0,0,0,0,0.0,lignin,0.5696050008564254
873,873,375.1088505,375.1086083,375.1085411,1.052631579,0.421052632,C19 H20 O8,19,20,8,0,0,0,0,0,0.0,lignin,0.960243009251639
874,874,375.0936512,375.093409,375.0932849,1.333333333,0.733333333,C15 H20 O11,15,20,11,0,0,0,0,0,0.0,lignin,0.5557163536794928
875,875,375.0724432,375.072201,375.0721556,0.888888889,0.5,C18 H16 O9,18,16,9,0,0,0,0,0,0.0,tannin,0.881339768508019
876,876,375.0699976,375.0697554,375.0696536,0.727272727,0.181818182,C22 H16 O4 S1,22,16,4,1,0,0,0,0,0.0,pah,0.9716987358952661
877,877,375.0570227,375.0567806,375.0568994,1.142857143,0.857142857,C14 H16 O12,14,16,12,0,0,0,0,0,0.0,lignin,0.670493149094922
878,878,375.0358868,375.0356447,375.0357701,0.705882353,0.588235294,C17 H12 O10,17,12,10,0,0,0,0,0,0.0,tannin,0.8708814116946437
879,879,375.0334903,375.0332482,375.0332681,0.571428571,0.238095238,C21 H12 O5 S1,21,12,5,1,0,0,0,0,0.0,pah,0.9716932791718632
880,880,373.2055287,373.2052887,373.2054188,1.789473684,0.263157895,C19 H34 O5 S1,19,34,5,1,0,0,0,0,0.0,lipid,0.8768867929735855
881,881,373.202179,373.201939,373.2020475,1.363636364,0.227272727,C22 H30 O5,22,30,5,0,0,0,0,0,0.0,lignin,0.8620565893741114
882,882,373.187083,373.186843,373.1867914,1.666666667,0.444444444,C18 H30 O8,18,30,8,0,0,0,0,0,0.0,lipid,0.8775783483186842
883,883,373.169363,373.1691231,373.1690333,1.666666667,0.333333333,C18 H30 O6 S1,18,30,6,1,0,0,0,0,0.0,lipid,0.8528857148046083
884,884,373.1507265,373.1504866,373.1504059,1.529411765,0.529411765,C17 H26 O9,17,26,9,0,0,0,0,0,0.0,lignin,0.8577826207067494
885,885,373.1327637,373.1325238,373.1326478,1.529411765,0.411764706,C17 H26 O7 S1,17,26,7,1,0,0,0,0,0.0,lignin,0.7455866541918553
886,886,373.1293746,373.1291347,373.1292765,1.1,0.35,C20 H22 O7,20,22,7,0,0,0,0,0,0.0,lignin,0.9599306381204249
887,887,373.1269682,373.1267283,373.1267746,0.916666667,0.083333333,C24 H22 O2 S1,24,22,2,1,0,0,0,0,0.0,tannin,0.8200414621629811
888,888,373.1141384,373.1138985,373.1140204,1.375,0.625,C16 H22 O10,16,22,10,0,0,0,0,0,0.0,lignin,0.8602794524198473
889,889,373.0931996,373.0929598,373.092891,0.947368421,0.421052632,C19 H18 O8,19,18,8,0,0,0,0,0,0.0,tannin,0.8796329632622492
890,890,373.0780009,373.0777611,373.0776349,1.2,0.733333333,C15 H18 O11,15,18,11,0,0,0,0,0,0.0,lignin,0.8790766402262774
891,891,373.0567809,373.0565411,373.0565055,0.777777778,0.5,C18 H14 O9,18,14,9,0,0,0,0,0,0.0,tannin,0.9002712263141698
892,892,373.0414137,373.0411739,373.0412494,1.0,0.857142857,C14 H14 O12,14,14,12,0,0,0,0,0,0.0,tannin,0.7269219730539824
893,893,373.0178504,373.0176107,373.0176181,0.476190476,0.238095238,C21 H10 O5 S1,21,10,5,1,0,0,0,0,0.0,pah,0.9717357373049287
894,894,372.2756602,372.2754212,372.2755468,1.95,0.25,C20 H39 O5 N1,20,39,5,0,1,0,0,0,0.05,lipid,0.8736818370072239
895,895,372.1383957,372.138157,372.1381107,1.5,0.5625,C16 H24 O9 13C1,17,24,9,0,0,1,0,0,0.0,lignin,0.8545549134291651
896,896,372.1019732,372.1017345,372.1017251,1.333333333,0.666666667,C15 H20 O10 13C1,16,20,10,0,0,1,0,0,0.0,lignin,0.6632242151297982
897,897,371.2441199,371.2438822,371.2439123,1.8,0.3,C20 H36 O6,20,36,6,0,0,0,0,0,0.0,lipid,0.8750917389864628
898,898,371.2077044,371.2074667,371.2075268,1.684210526,0.368421053,C19 H32 O7,19,32,7,0,0,0,0,0,0.0,lipid,0.8492713608906646
899,899,371.1900685,371.1898309,371.1897688,1.684210526,0.263157895,C19 H32 O5 S1,19,32,5,1,0,0,0,0,0.0,lipid,0.8662645960745549
900,900,371.1867205,371.1864828,371.1863975,1.272727273,0.227272727,C22 H28 O5,22,28,5,0,0,0,0,0,0.0,lignin,0.8763409609273756
901,901,371.1714895,371.1712518,371.1711413,1.555555556,0.444444444,C18 H28 O8,18,28,8,0,0,0,0,0,0.0,lignin,0.7430923193273022
902,902,371.1502711,371.1500335,371.150012,1.142857143,0.285714286,C21 H24 O6,21,24,6,0,0,0,0,0,0.0,lignin,0.8905559683408016
903,903,371.1348797,371.1346421,371.1347558,1.411764706,0.529411765,C17 H24 O9,17,24,9,0,0,0,0,0,0.0,lignin,0.8717506063893288
904,904,371.117125,371.1168874,371.1169978,1.411764706,0.411764706,C17 H24 O7 S1,17,24,7,1,0,0,0,0,0.0,lignin,0.8710195405775485
905,905,371.1137544,371.1135168,371.1136264,1.0,0.35,C20 H20 O7,20,20,7,0,0,0,0,0,0.0,lignin,0.9713016267200214
906,906,371.0986347,371.0983971,371.0983703,1.25,0.625,C16 H20 O10,16,20,10,0,0,0,0,0,0.0,lignin,0.8778898704047375
907,907,371.0776235,371.077386,371.0772409,0.842105263,0.421052632,C19 H16 O8,19,16,8,0,0,0,0,0,0.0,tannin,0.8792697045160404
908,908,371.0622886,371.0620511,371.0619848,1.066666667,0.733333333,C15 H16 O11,15,16,11,0,0,0,0,0,0.0,lignin,0.9567895422992059
909,909,371.0409737,371.0407362,371.0408554,0.666666667,0.5,C18 H12 O9,18,12,9,0,0,0,0,0,0.0,tannin,0.8168720568266542
910,910,371.0257123,371.0254748,371.0255993,0.857142857,0.857142857,C14 H12 O12,14,12,12,0,0,0,0,0,0.0,tannin,0.8823870343142385
911,911,370.1953268,370.1950902,370.1952316,1.666666667,0.388888889,C18 H30 O7 13C1,19,30,7,0,0,1,0,0,0.0,lipid,0.8492289623012723
912,912,370.1591745,370.1589381,370.1588461,1.529411765,0.470588235,C17 H26 O8 13C1,18,26,8,0,0,1,0,0,0.0,lignin,0.8669228059662446
913,913,370.122717,370.1224805,370.1224606,1.375,0.5625,C16 H22 O9 13C1,17,22,9,0,0,1,0,0,0.0,lignin,0.8728135907071751
914,914,370.0861856,370.0859492,370.0860751,1.2,0.666666667,C15 H18 O10 13C1,16,18,10,0,0,1,0,0,0.0,lignin,0.8799889104906293
915,915,369.2286031,369.2283677,369.2282623,1.7,0.3,C20 H34 O6,20,34,6,0,0,0,0,0,0.0,lipid,0.8532059952146206
916,916,369.210835,369.2105996,369.2105042,1.7,0.2,C20 H34 O4 S1,20,34,4,1,0,0,0,0,0.0,lipid,0.8665589183192275
917,917,369.1921115,369.1918761,369.1918768,1.578947368,0.368421053,C19 H30 O7,19,30,7,0,0,0,0,0,0.0,lipid,0.8701707907001911
918,918,369.174236,369.1740006,369.1741187,1.578947368,0.263157895,C19 H30 O5 S1,19,30,5,1,0,0,0,0,0.0,lipid,0.8700712779277149
919,919,369.1556382,369.1554029,369.1554913,1.444444444,0.444444444,C18 H26 O8,18,26,8,0,0,0,0,0,0.0,lignin,0.8703705712991437
920,920,369.1194626,369.1192274,369.1191058,1.294117647,0.529411765,C17 H22 O9,17,22,9,0,0,0,0,0,0.0,lignin,0.876031648983877
921,921,369.0982231,369.0979879,369.0979764,0.9,0.35,C20 H18 O7,20,18,7,0,0,0,0,0,0.0,tannin,0.8787171796378527
922,922,369.0828329,369.0825977,369.0827202,1.125,0.625,C16 H18 O10,16,18,10,0,0,0,0,0,0.0,lignin,0.9555737281963441
923,923,369.0747463,369.0745111,369.0743451,0.518518519,0.0,C27 H14 S1,27,14,0,1,0,0,0,0,0.0,pah,0.9718181617383144
924,924,369.0617208,369.0614856,369.0615909,0.736842105,0.421052632,C19 H14 O8,19,14,8,0,0,0,0,0,0.0,tannin,0.8201372048638058
925,925,369.0466146,369.0463794,369.0463347,0.933333333,0.733333333,C15 H14 O11,15,14,11,0,0,0,0,0,0.0,tannin,0.724329949749823
926,926,368.1904149,368.1901807,368.1901031,1.631578947,0.210526316,C19 H31 O4 S1 N1,19,31,4,1,1,0,0,0,0.052631579,lipid,0.8455060132691277
927,927,368.1798671,368.1796329,368.1795815,1.555555556,0.388888889,C18 H28 O7 13C1,19,28,7,0,0,1,0,0,0.0,lipid,0.7206041659980519
928,928,368.1432975,368.1430633,368.143196,1.411764706,0.470588235,C17 H24 O8 13C1,18,24,8,0,0,1,0,0,0.0,lignin,0.8718832720375627
929,929,368.1071825,368.1069484,368.1068105,1.25,0.5625,C16 H20 O9 13C1,17,20,9,0,0,1,0,0,0.0,lignin,0.8781861901236319
930,930,368.0705266,368.0702925,368.070425,1.066666667,0.666666667,C15 H16 O10 13C1,16,16,10,0,0,1,0,0,0.0,lignin,0.9574337515860373
931,931,367.2435373,367.2433042,367.2431245,1.142857143,0.0,C28 H32,28,32,0,0,0,0,0,0,0.0,lignin,0.924506975328754
932,932,367.2129094,367.2126763,367.2126122,1.6,0.3,C20 H32 O6,20,32,6,0,0,0,0,0,0.0,lipid,0.8693055208137389
933,933,367.1952011,367.1949681,367.1948542,1.6,0.2,C20 H32 O4 S1,20,32,4,1,0,0,0,0,0.0,lipid,0.8700713319837007
934,934,367.1798924,367.1796594,367.179598,2.0,0.4375,C16 H32 O7 S1,16,32,7,1,0,0,0,0,0.0,lipid,0.8445072215694569
935,935,367.1765046,367.1762716,367.1762267,1.473684211,0.368421053,C19 H28 O7,19,28,7,0,0,0,0,0,0.0,lignin,0.8684616994691261
936,936,367.1399755,367.1397425,367.1398412,1.333333333,0.444444444,C18 H24 O8,18,24,8,0,0,0,0,0,0.0,lignin,0.8693541802948938
937,937,367.1038136,367.1035806,367.1034557,1.176470588,0.529411765,C17 H20 O9,17,20,9,0,0,0,0,0,0.0,lignin,0.8843278340719596
938,938,367.0672022,367.0669693,367.0670702,1.0,0.625,C16 H16 O10,16,16,10,0,0,0,0,0,0.0,lignin,0.9666179357340191
939,939,367.0309275,367.0306946,367.0306847,0.8,0.733333333,C15 H12 O11,15,12,11,0,0,0,0,0,0.0,tannin,0.8850662776328212
940,940,366.2498897,366.2496578,366.249726,2.176470588,0.411764706,C17 H37 O7 N1,17,37,7,0,1,0,0,0,0.058823529,lipid,0.8000053189193881
941,941,366.2006701,366.2004382,366.200317,1.578947368,0.315789474,C19 H30 O6 13C1,20,30,6,0,0,1,0,0,0.0,lipid,0.8699983680557143
942,942,366.1640787,366.1638469,366.1639315,1.444444444,0.388888889,C18 H26 O7 13C1,19,26,7,0,0,1,0,0,0.0,lignin,0.8698070172716017
943,943,366.1277839,366.127552,366.127546,1.294117647,0.470588235,C17 H22 O8 13C1,18,22,8,0,0,1,0,0,0.0,lignin,0.8761712065039632
944,944,366.091475,366.0912432,366.0911605,1.125,0.5625,C16 H18 O9 13C1,17,18,9,0,0,1,0,0,0.0,lignin,0.9566329214340543
945,945,365.2006576,365.2004268,365.2003335,2.0,0.352941176,C17 H34 O6 S1,17,34,6,1,0,0,0,0,0.0,lipid,0.853672809476157
946,946,365.1972886,365.1970578,365.1969622,1.5,0.3,C20 H30 O6,20,30,6,0,0,0,0,0,0.0,lipid,0.8717914643204459
947,947,365.1640619,365.1638311,365.1639479,1.875,0.4375,C16 H30 O7 S1,16,30,7,1,0,0,0,0,0.0,lipid,0.8543422557016889
948,948,365.1607086,365.1604778,365.1605766,1.368421053,0.368421053,C19 H26 O7,19,26,7,0,0,0,0,0,0.0,lignin,0.8653371406379169
949,949,365.1245198,365.1242891,365.1241911,1.222222222,0.444444444,C18 H22 O8,18,22,8,0,0,0,0,0,0.0,lignin,0.8808732588620881
950,950,365.088019,365.0877884,365.0878056,1.058823529,0.529411765,C17 H18 O9,17,18,9,0,0,0,0,0,0.0,lignin,0.9590527076825295
951,951,365.0855804,365.0853498,365.0853037,0.857142857,0.19047619,C21 H18 O4 S1,21,18,4,1,0,0,0,0,0.0,tannin,0.8206495341633433
952,952,365.0515827,365.0513521,365.0514201,0.875,0.625,C16 H14 O10,16,14,10,0,0,0,0,0,0.0,tannin,0.8821800919063808
953,953,365.0492037,365.0489731,365.0489182,0.7,0.25,C20 H14 O5 S1,20,14,5,1,0,0,0,0,0.0,pah,0.9715948525840903
954,954,364.1847653,364.1845357,364.1846669,1.473684211,0.315789474,C19 H28 O6 13C1,20,28,6,0,0,1,0,0,0.0,lipid,0.573261177482617
955,955,364.148576,364.1483465,364.1482814,1.333333333,0.388888889,C18 H24 O7 13C1,19,24,7,0,0,1,0,0,0.0,lignin,0.8681476428334115
956,956,364.1121073,364.1118778,364.1118959,1.176470588,0.470588235,C17 H20 O8 13C1,18,20,8,0,0,1,0,0,0.0,lignin,0.885165970370729
957,957,364.0756786,364.0754492,364.0755104,1.0,0.5625,C16 H16 O9 13C1,17,16,9,0,0,1,0,0,0.0,lignin,0.9672253865886402
958,958,363.2178335,363.217605,363.2176976,1.523809524,0.238095238,C21 H32 O5,21,32,5,0,0,0,0,0,0.0,lipid,0.8717304154397569
959,959,363.1815679,363.1813395,363.1813121,1.4,0.3,C20 H28 O6,20,28,6,0,0,0,0,0,0.0,lignin,0.8615461591699101
960,960,363.1452071,363.1449787,363.1449266,1.263157895,0.368421053,C19 H24 O7,19,24,7,0,0,0,0,0,0.0,lignin,0.877914872337695
961,961,363.1086517,363.1084233,363.1085411,1.111111111,0.444444444,C18 H20 O8,18,20,8,0,0,0,0,0,0.0,lignin,0.958796874966486
962,962,363.106269,363.1060406,363.1060391,0.909090909,0.136363636,C22 H20 O3 S1,22,20,3,1,0,0,0,0,0.0,tannin,0.8241074533271547
963,963,363.072512,363.0722837,363.0721556,0.941176471,0.529411765,C17 H16 O9,17,16,9,0,0,0,0,0,0.0,tannin,0.8799625638317246
964,964,363.0358652,363.0356369,363.0357701,0.75,0.625,C16 H12 O10,16,12,10,0,0,0,0,0,0.0,tannin,0.8823188312780482
965,965,363.0334848,363.0332565,363.0332681,0.6,0.25,C20 H12 O5 S1,20,12,5,1,0,0,0,0,0.0,pah,0.9716664329689977
966,966,362.1691737,362.1689464,362.1690169,1.368421053,0.315789474,C19 H26 O6 13C1,20,26,6,0,0,1,0,0,0.0,lignin,0.8634935687555689
967,967,362.1328681,362.1326408,362.1326313,1.222222222,0.388888889,C18 H22 O7 13C1,19,22,7,0,0,1,0,0,0.0,lignin,0.8817201212196911
968,968,361.2021814,361.2019553,361.2020475,1.428571429,0.238095238,C21 H30 O5,21,30,5,0,0,0,0,0,0.0,lipid,0.714582833644387
969,969,361.1659458,361.1657197,361.165662,1.3,0.3,C20 H26 O6,20,26,6,0,0,0,0,0,0.0,lignin,0.8749171955717537
970,970,361.1295238,361.1292977,361.1292765,1.157894737,0.368421053,C19 H22 O7,19,22,7,0,0,0,0,0,0.0,lignin,0.8880306985801314
971,971,361.1271208,361.1268947,361.1267746,0.956521739,0.086956522,C23 H22 O2 S1,23,22,2,1,0,0,0,0,0.0,tannin,0.8946326353735745
972,972,361.1141132,361.1138872,361.1140204,1.466666667,0.666666667,C15 H22 O10,15,22,10,0,0,0,0,0,0.0,lignin,0.5705774754217864
973,973,361.1060417,361.1058157,361.1056452,0.692307692,0.0,C26 H18 S1,26,18,0,1,0,0,0,0,0.0,pah,0.9719175427065432
974,974,361.0930358,361.0928098,361.092891,1.0,0.444444444,C18 H18 O8,18,18,8,0,0,0,0,0,0.0,lignin,0.9682851121488263
975,975,361.0906548,361.0904288,361.0903891,0.818181818,0.136363636,C22 H18 O3 S1,22,18,3,1,0,0,0,0,0.0,pah,0.9718154787294895
976,976,361.0779588,361.0777328,361.0776349,1.285714286,0.785714286,C14 H18 O11,14,18,11,0,0,0,0,0,0.0,lignin,0.5892139594264428
977,977,361.0568476,361.0566216,361.0565055,0.823529412,0.529411765,C17 H14 O9,17,14,9,0,0,0,0,0,0.0,tannin,0.8815097299633867
978,978,361.0202155,361.0199896,361.02012,0.625,0.625,C16 H10 O10,16,10,10,0,0,0,0,0,0.0,tannin,0.8184293358078998
979,979,361.0178176,361.0175917,361.0176181,0.5,0.25,C20 H10 O5 S1,20,10,5,1,0,0,0,0,0.0,pah,0.9717204268531818
980,980,359.2076568,359.2074329,359.2075268,1.777777778,0.388888889,C18 H32 O7,18,32,7,0,0,0,0,0,0.0,lipid,0.8745086734450128
981,981,359.190066,359.1898421,359.1897688,1.777777778,0.277777778,C18 H32 O5 S1,18,32,5,1,0,0,0,0,0.0,lipid,0.8766360953187234
982,982,359.1867156,359.1864918,359.1863975,1.333333333,0.238095238,C21 H28 O5,21,28,5,0,0,0,0,0,0.0,lignin,0.8638300493443731
983,983,359.1714651,359.1712412,359.1711413,1.647058824,0.470588235,C17 H28 O8,17,28,8,0,0,0,0,0,0.0,lipid,0.8659730904127697
984,984,359.1501952,359.1499714,359.150012,1.2,0.3,C20 H24 O6,20,24,6,0,0,0,0,0,0.0,lignin,0.8835270418319823
985,985,359.1348677,359.1346439,359.1347558,1.5,0.5625,C16 H24 O9,16,24,9,0,0,0,0,0,0.0,lignin,0.8545549134291651
986,986,359.1138276,359.1136039,359.1136264,1.052631579,0.368421053,C19 H20 O7,19,20,7,0,0,0,0,0,0.0,lignin,0.9683048163745328
987,987,359.0986609,359.0984371,359.0983703,1.333333333,0.666666667,C15 H20 O10,15,20,10,0,0,0,0,0,0.0,lignin,0.6632242151297982
988,988,359.0775609,359.0773372,359.0772409,0.888888889,0.444444444,C18 H16 O8,18,16,8,0,0,0,0,0,0.0,tannin,0.8809379982221281
989,989,359.0621875,359.0619638,359.0619848,1.142857143,0.785714286,C14 H16 O11,14,16,11,0,0,0,0,0,0.0,lignin,0.6764041620333322
990,990,359.040945,359.0407213,359.0408554,0.705882353,0.529411765,C17 H12 O9,17,12,9,0,0,0,0,0,0.0,tannin,0.8225833706050029
991,991,359.0385505,359.0383268,359.0383535,0.571428571,0.19047619,C21 H12 O4 S1,21,12,4,1,0,0,0,0,0.0,pah,0.9717290501099193
992,992,358.1225774,358.1223548,358.1224606,1.466666667,0.6,C15 H22 O9 13C1,16,22,9,0,0,1,0,0,0.0,lignin,0.7208294843778462
993,993,357.1919914,357.1917699,357.1918768,1.666666667,0.388888889,C18 H30 O7,18,30,7,0,0,0,0,0,0.0,lipid,0.8492289623012723
994,994,357.1742349,357.1740133,357.1741187,1.666666667,0.277777778,C18 H30 O5 S1,18,30,5,1,0,0,0,0,0.0,lipid,0.8663269232372512
995,995,357.1708914,357.1706699,357.1707474,1.238095238,0.238095238,C21 H26 O5,21,26,5,0,0,0,0,0,0.0,lignin,0.8799703179813065
996,996,357.1558219,357.1556004,357.1554913,1.529411765,0.470588235,C17 H26 O8,17,26,8,0,0,0,0,0,0.0,lignin,0.8669228059662446
997,997,357.1380724,357.1378509,357.1377332,1.529411765,0.352941176,C17 H26 O6 S1,17,26,6,1,0,0,0,0,0.0,lipid,0.7204976464495864
998,998,357.1346632,357.1344417,357.1343619,1.1,0.3,C20 H22 O6,20,22,6,0,0,0,0,0,0.0,lignin,0.9604439809272621
999,999,357.1192544,357.1190329,357.1191058,1.375,0.5625,C16 H22 O9,16,22,9,0,0,0,0,0,0.0,lignin,0.8728135907071751
1000,1000,357.1014401,357.1012186,357.1013477,1.375,0.4375,C16 H22 O7 S1,16,22,7,1,0,0,0,0,0.0,lignin,0.867308653000473
1001,1001,357.0980615,357.09784,357.0979764,0.947368421,0.368421053,C19 H18 O7,19,18,7,0,0,0,0,0,0.0,tannin,0.8795135497968921
1002,1002,357.0829483,357.0827269,357.0827202,1.2,0.666666667,C15 H18 O10,15,18,10,0,0,0,0,0,0.0,lignin,0.8799889104906293
1003,1003,357.0619354,357.0617139,357.0615909,0.777777778,0.444444444,C18 H14 O8,18,14,8,0,0,0,0,0,0.0,tannin,0.9160583776641777
1004,1004,357.0465977,357.0463763,357.0463347,1.0,0.785714286,C14 H14 O11,14,14,11,0,0,0,0,0,0.0,lignin,0.7992448338696992
1005,1005,356.1983593,356.1981389,356.198209,1.777777778,0.222222222,C18 H32 O4 S1 13C1,19,32,4,1,0,1,0,0,0.0,lipid,0.8543564033788963
1006,1006,356.1983593,356.1981389,356.1979652,1.35,0.15,C20 H27 O3 N3,20,27,3,0,3,0,0,0,0.15,peptide,0.8829024273496812
1007,1007,356.1797071,356.1794867,356.1795815,1.647058824,0.411764706,C17 H28 O7 13C1,18,28,7,0,0,1,0,0,0.0,lipid,0.8492236404418195
1008,1008,356.1435208,356.1433004,356.143196,1.5,0.5,C16 H24 O8 13C1,17,24,8,0,0,1,0,0,0.0,lignin,0.8676829946156379
1009,1009,356.1068984,356.106678,356.1068105,1.333333333,0.6,C15 H20 O9 13C1,16,20,9,0,0,1,0,0,0.0,lignin,0.8749516226536329
1010,1010,355.2128672,355.2126478,355.2126122,1.684210526,0.315789474,C19 H32 O6,19,32,6,0,0,0,0,0,0.0,lipid,0.8530043802226365
1011,1011,355.1962128,355.1959935,355.1961293,2.125,0.375,C16 H34 O6 34S1,16,34,6,0,0,0,1,0,0.0,lipid,0.8439908625991558
1012,1012,355.1949711,355.1947518,355.1948542,1.684210526,0.210526316,C19 H32 O4 S1,19,32,4,1,0,0,0,0,0.0,lipid,0.8666158870761264
1013,1013,355.1763662,355.1761469,355.1762267,1.555555556,0.388888889,C18 H28 O7,18,28,7,0,0,0,0,0,0.0,lipid,0.7206041659980519
1014,1014,355.158758,355.1585388,355.1584686,1.555555556,0.277777778,C18 H28 O5 S1,18,28,5,1,0,0,0,0,0.0,lipid,0.8701910396709236
1015,1015,355.1401717,355.1399524,355.1398412,1.411764706,0.470588235,C17 H24 O8,17,24,8,0,0,0,0,0,0.0,lignin,0.8718832720375627
1016,1016,355.1035331,355.1033139,355.1034557,1.25,0.5625,C16 H20 O9,16,20,9,0,0,0,0,0,0.0,lignin,0.8781861901236319
1017,1017,355.0674184,355.0671993,355.0670702,1.066666667,0.666666667,C15 H16 O10,15,16,10,0,0,0,0,0,0.0,lignin,0.9574337515860373
1018,1018,355.0461405,355.0459214,355.0459408,0.666666667,0.444444444,C18 H12 O8,18,12,8,0,0,0,0,0,0.0,tannin,0.814897210189444
1019,1019,355.0307672,355.0305481,355.0306847,0.857142857,0.785714286,C14 H12 O11,14,12,11,0,0,0,0,0,0.0,tannin,0.8840376134898043
1020,1020,354.2038103,354.2035922,354.2036883,2.266666667,0.4,C15 H34 O6 S1 13C1,16,34,6,1,0,1,0,0,0.0,lipid,0.8432768839280399
1021,1021,354.2038103,354.2035922,354.2034445,1.705882353,0.294117647,C17 H29 O5 N3,17,29,5,0,3,0,0,0,0.176470588,peptide,0.7850229998583758
1022,1022,354.184052,354.1838338,354.1838341,2.133333333,0.4,C15 H32 O6 13C1 34S1,16,32,6,0,0,1,1,0,0.0,lipid,0.8438300962919281
1023,1023,354.1642584,354.1640402,354.1639315,1.529411765,0.411764706,C17 H26 O7 13C1,18,26,7,0,0,1,0,0,0.0,lignin,0.7455866541918553
1024,1024,354.127633,354.1274149,354.127546,1.375,0.5,C16 H22 O8 13C1,17,22,8,0,0,1,0,0,0.0,lignin,0.8732966204455901
1025,1025,354.0914698,354.0912518,354.0911605,1.2,0.6,C15 H18 O9 13C1,16,18,9,0,0,1,0,0,0.0,lignin,0.8808019196856739
1026,1026,354.0834153,354.0831972,354.0830546,1.133333333,0.6,C15 H17 O9 N1,15,17,9,0,1,0,0,0,0.066666667,lignin,0.9211605040385604
1027,1027,353.215745,353.215528,353.2155896,1.7,0.15,C20 H34 O3 S1,20,34,3,1,0,0,0,0,0.0,lipid,0.8667667126859472
1028,1028,353.2006188,353.2004017,353.2003335,2.125,0.375,C16 H34 O6 S1,16,34,6,1,0,0,0,0,0.0,lipid,0.8439908625991558
1029,1029,353.197261,353.197044,353.1969622,1.578947368,0.315789474,C19 H30 O6,19,30,6,0,0,0,0,0,0.0,lipid,0.8699983680557143
1030,1030,353.1917129,353.1914959,353.1913931,2.285714286,0.428571429,C14 H32 O6 S1 13C2,16,32,6,1,0,2,0,0,0.0,lipid,0.8431490226102152
1031,1031,353.1892385,353.1890214,353.1889284,2.0,0.3125,C16 H32 O5 S1 18O1,16,32,5,1,0,0,0,1,0.0,lipid,0.8703528834996342
1032,1032,353.1807841,353.1805671,353.1804792,2.0,0.375,C16 H32 O6 34S1,16,32,6,0,0,0,1,0,0.0,lipid,0.8449887696993879
1033,1033,353.1794961,353.1792791,353.1792041,1.578947368,0.210526316,C19 H30 O4 S1,19,30,4,1,0,0,0,0,0.0,lipid,0.870174845924444
1034,1034,353.1607535,353.1605365,353.1605766,1.444444444,0.388888889,C18 H26 O7,18,26,7,0,0,0,0,0,0.0,lignin,0.8698070172716017
1035,1035,353.1244099,353.1241929,353.1241911,1.294117647,0.470588235,C17 H22 O8,17,22,8,0,0,0,0,0,0.0,lignin,0.8761712065039632
1036,1036,353.0880632,353.0878463,353.0878056,1.125,0.5625,C16 H18 O9,16,18,9,0,0,0,0,0,0.0,lignin,0.9566329214340543
1037,1037,353.0515621,353.0513452,353.0514201,0.933333333,0.666666667,C15 H14 O10,15,14,10,0,0,0,0,0,0.0,tannin,0.7242359078479877
1038,1038,352.1881635,352.1879476,352.1880382,2.133333333,0.4,C15 H32 O6 S1 13C1,16,32,6,1,0,1,0,0,0.0,lipid,0.8438300962919281
1039,1039,352.1881635,352.1879476,352.1877944,1.588235294,0.294117647,C17 H27 O5 N3,17,27,5,0,3,0,0,0,0.176470588,peptide,0.8743771656363354
1040,1040,352.184757,352.1845411,352.1846669,1.555555556,0.333333333,C18 H28 O6 13C1,19,28,6,0,0,1,0,0,0.0,lipid,0.8701287397276243
1041,1041,352.1485854,352.1483696,352.1482814,1.411764706,0.411764706,C17 H24 O7 13C1,18,24,7,0,0,1,0,0,0.0,lignin,0.8710195405775485
1042,1042,352.1120442,352.1118284,352.1118959,1.25,0.5,C16 H20 O8 13C1,17,20,8,0,0,1,0,0,0.0,lignin,0.8786855782140133
1043,1043,352.0757699,352.0755542,352.0755104,1.066666667,0.6,C15 H16 O9 13C1,16,16,9,0,0,1,0,0,0.0,lignin,0.9581302539407535
1044,1044,351.2178034,351.2175886,351.2176976,1.6,0.25,C20 H32 O5,20,32,5,0,0,0,0,0,0.0,lipid,0.8699705537530644
1045,1045,351.184936,351.1847213,351.1846834,2.0,0.375,C16 H32 O6 S1,16,32,6,1,0,0,0,0,0.0,lipid,0.8449887696993879
1046,1046,351.181634,351.1814192,351.1813121,1.473684211,0.315789474,C19 H28 O6,19,28,6,0,0,0,0,0,0.0,lipid,0.573261177482617
1047,1047,351.1450353,351.1448206,351.1449266,1.333333333,0.388888889,C18 H24 O7,18,24,7,0,0,0,0,0,0.0,lignin,0.8681476428334115
1048,1048,351.1088552,351.1086406,351.1085411,1.176470588,0.470588235,C17 H20 O8,17,20,8,0,0,0,0,0,0.0,lignin,0.885165970370729
1049,1049,351.072284,351.0720694,351.0721556,1.0,0.5625,C16 H16 O9,16,16,9,0,0,0,0,0,0.0,lignin,0.9672253865886402
1050,1050,351.069868,351.0696534,351.0696536,0.8,0.2,C20 H16 O4 S1,20,16,4,1,0,0,0,0,0.0,pah,0.9721677038127499
1051,1051,351.0360188,351.0358042,351.0357701,0.8,0.666666667,C15 H12 O10,15,12,10,0,0,0,0,0,0.0,tannin,0.8843831718624171
1052,1052,350.2056361,350.2054224,350.2054024,1.578947368,0.263157895,C19 H30 O5 13C1,20,30,5,0,0,1,0,0,0.0,lipid,0.8700712779277149
1053,1053,350.1691838,350.1689702,350.1690169,1.444444444,0.333333333,C18 H26 O6 13C1,19,26,6,0,0,1,0,0,0.0,lignin,0.8603228808810346
1054,1054,350.1328946,350.1326811,350.1326313,1.294117647,0.411764706,C17 H22 O7 13C1,18,22,7,0,0,1,0,0,0.0,lignin,0.8760125677970668
1055,1055,350.0963843,350.0961708,350.0962458,1.125,0.5,C16 H18 O8 13C1,17,18,8,0,0,1,0,0,0.0,lignin,0.9575132873982003
1056,1056,349.2023775,349.202165,349.2020475,1.5,0.25,C20 H30 O5,20,30,5,0,0,0,0,0,0.0,lipid,0.8640233978015288
1057,1057,349.1691272,349.1689148,349.1690333,1.875,0.375,C16 H30 O6 S1,16,30,6,1,0,0,0,0,0.0,lipid,0.8556265847342319
1058,1058,349.1657506,349.1655381,349.165662,1.368421053,0.315789474,C19 H26 O6,19,26,6,0,0,0,0,0,0.0,lignin,0.8634935687555689
1059,1059,349.1296063,349.1293939,349.1292765,1.222222222,0.388888889,C18 H22 O7,18,22,7,0,0,0,0,0,0.0,lignin,0.8817201212196911
1060,1060,349.0929908,349.0927784,349.092891,1.058823529,0.470588235,C17 H18 O8,17,18,8,0,0,0,0,0,0.0,lignin,0.9596268847087804
1061,1061,349.090575,349.0903626,349.0903891,0.857142857,0.142857143,C21 H18 O3 S1,21,18,3,1,0,0,0,0,0.0,tannin,0.8177352527646866
1062,1062,349.0568054,349.0565931,349.0565055,0.875,0.5625,C16 H14 O9,16,14,9,0,0,0,0,0,0.0,tannin,0.8819342785169508
1063,1063,349.0202521,349.0200398,349.02012,0.666666667,0.666666667,C15 H10 O10,15,10,10,0,0,0,0,0,0.0,tannin,0.82700571926129
1064,1064,349.0178382,349.0176259,349.0176181,0.526315789,0.263157895,C19 H10 O5 S1,19,10,5,1,0,0,0,0,0.0,pah,0.9716997780854868
1065,1065,348.1900906,348.1898793,348.1897523,1.473684211,0.263157895,C19 H28 O5 13C1,20,28,5,0,0,1,0,0,0.0,lipid,0.8644351479697961
1066,1066,348.1534615,348.1532502,348.1533668,1.333333333,0.333333333,C18 H24 O6 13C1,19,24,6,0,0,1,0,0,0.0,lignin,0.8661166067820245
1067,1067,348.1172955,348.1170842,348.1169813,1.176470588,0.411764706,C17 H20 O7 13C1,18,20,7,0,0,1,0,0,0.0,lignin,0.8857130332803405
1068,1068,348.0807432,348.080532,348.0805958,1.0,0.5,C16 H16 O8 13C1,17,16,8,0,0,1,0,0,0.0,lignin,0.967808138997418
1069,1069,347.2441733,347.243963,347.2439123,2.0,0.333333333,C18 H36 O6,18,36,6,0,0,0,0,0,0.0,lipid,0.8539068330192512
1070,1070,347.1867275,347.1865173,347.1863975,1.4,0.25,C20 H28 O5,20,28,5,0,0,0,0,0,0.0,lignin,0.7373192179287166
1071,1071,347.150115,347.1499048,347.150012,1.263157895,0.315789474,C19 H24 O6,19,24,6,0,0,0,0,0,0.0,lignin,0.8776030180357172
1072,1072,347.1348667,347.1346566,347.1347558,1.6,0.6,C15 H24 O9,15,24,9,0,0,0,0,0,0.0,carbohydrate,0.5648207841605243
1073,1073,347.1172704,347.1170602,347.1169978,1.6,0.466666667,C15 H24 O7 S1,15,24,7,1,0,0,0,0,0.0,lignin,0.6054526174967644
1074,1074,347.1139273,347.1137171,347.1136264,1.111111111,0.388888889,C18 H20 O7,18,20,7,0,0,0,0,0,0.0,lignin,0.959380797828867
1075,1075,347.0986838,347.0984737,347.0983703,1.428571429,0.714285714,C14 H20 O10,14,20,10,0,0,0,0,0,0.0,lignin,0.5719729081030314
1076,1076,347.0773586,347.0771485,347.0772409,0.941176471,0.470588235,C17 H16 O8,17,16,8,0,0,0,0,0,0.0,tannin,0.8798808314791693
1077,1077,347.0749114,347.0747013,347.074739,0.761904762,0.142857143,C21 H16 O3 S1,21,16,3,1,0,0,0,0,0.0,pah,0.9717727363853423
1078,1078,347.0620601,347.06185,347.0619848,1.230769231,0.846153846,C13 H16 O11,13,16,11,0,0,0,0,0,0.0,lignin,0.6143432244373923
1079,1079,347.0411548,347.0409447,347.0408554,0.75,0.5625,C16 H12 O9,16,12,9,0,0,0,0,0,0.0,tannin,0.9008944753895897
1080,1080,346.1743754,346.1741663,346.1741022,1.368421053,0.263157895,C19 H26 O5 13C1,20,26,5,0,0,1,0,0,0.0,lignin,0.862380006454203
1081,1081,345.2283476,345.2281396,345.2282623,1.888888889,0.333333333,C18 H34 O6,18,34,6,0,0,0,0,0,0.0,lipid,0.872090933819403
1082,1082,345.170858,345.17065,345.1707474,1.3,0.25,C20 H26 O5,20,26,5,0,0,0,0,0,0.0,lignin,0.8661157303005449
1083,1083,345.1555631,345.1553552,345.1554913,1.625,0.5,C16 H26 O8,16,26,8,0,0,0,0,0,0.0,lignin,0.5711532985591214
1084,1084,345.1346416,345.1344337,345.1343619,1.157894737,0.315789474,C19 H22 O6,19,22,6,0,0,0,0,0,0.0,lignin,0.8880918474087627
1085,1085,345.1194118,345.1192039,345.1191058,1.466666667,0.6,C15 H22 O9,15,22,9,0,0,0,0,0,0.0,lignin,0.7208294843778462
1086,1086,345.1015284,345.1013206,345.1013477,1.466666667,0.466666667,C15 H22 O7 S1,15,22,7,1,0,0,0,0,0.0,lignin,0.868742295150857
1087,1087,345.0981037,345.0978959,345.0979764,1.0,0.388888889,C18 H18 O7,18,18,7,0,0,0,0,0,0.0,lignin,0.9714818288649003
1088,1088,345.0828299,345.082622,345.0827202,1.285714286,0.714285714,C14 H18 O10,14,18,10,0,0,0,0,0,0.0,lignin,0.6168558782633581
1089,1089,345.0618466,345.0616387,345.0615909,0.823529412,0.470588235,C17 H14 O8,17,14,8,0,0,0,0,0,0.0,tannin,0.879963257342743
1090,1090,345.0594648,345.059257,345.059089,0.666666667,0.142857143,C21 H14 O3 S1,21,14,3,1,0,0,0,0,0.0,pah,0.971756705306691
1091,1091,345.0466301,345.0464223,345.0463347,1.076923077,0.846153846,C13 H14 O11,13,14,11,0,0,0,0,0,0.0,lignin,0.8088471786882737
1092,1092,345.0253749,345.0251671,345.0252054,0.625,0.5625,C16 H10 O9,16,10,9,0,0,0,0,0,0.0,tannin,0.8159151403158436
1093,1093,345.0229663,345.0227585,345.0227034,0.5,0.2,C20 H10 O4 S1,20,10,4,1,0,0,0,0,0.0,pah,0.9717446036358032
1094,1094,344.1068968,344.10669,344.1068105,1.428571429,0.642857143,C14 H20 O9 13C1,15,20,9,0,0,1,0,0,0.0,lignin,0.575993113854784
1095,1095,343.2127154,343.2125097,343.2126122,1.777777778,0.333333333,C18 H32 O6,18,32,6,0,0,0,0,0,0.0,lipid,0.8747870697695147
1096,1096,343.1950249,343.1948192,343.1948542,1.777777778,0.222222222,C18 H32 O4 S1,18,32,4,1,0,0,0,0,0.0,lipid,0.8543564033788963
1097,1097,343.1765259,343.1763202,343.1762267,1.647058824,0.411764706,C17 H28 O7,17,28,7,0,0,0,0,0,0.0,lipid,0.8492236404418195
1098,1098,343.1587239,343.1585182,343.1584686,1.647058824,0.294117647,C17 H28 O5 S1,17,28,5,1,0,0,0,0,0.0,lipid,0.8664073851534478
1099,1099,343.1553344,343.1551288,343.1550973,1.2,0.25,C20 H24 O5,20,24,5,0,0,0,0,0,0.0,lignin,0.8833065551873138
1100,1100,343.1399399,343.1397342,343.1398412,1.5,0.5,C16 H24 O8,16,24,8,0,0,0,0,0,0.0,lignin,0.8676829946156379
1101,1101,343.1188799,343.1186742,343.1187118,1.052631579,0.315789474,C19 H20 O6,19,20,6,0,0,0,0,0,0.0,lignin,0.9687311232349524
1102,1102,343.103771,343.1035654,343.1034557,1.333333333,0.6,C15 H20 O9,15,20,9,0,0,0,0,0,0.0,lignin,0.8749516226536329
1103,1103,343.0825591,343.0823535,343.0823263,0.888888889,0.388888889,C18 H16 O7,18,16,7,0,0,0,0,0,0.0,tannin,0.8795157979794197
1104,1104,343.0671691,343.0669635,343.0670702,1.142857143,0.714285714,C14 H16 O10,14,16,10,0,0,0,0,0,0.0,lignin,0.9195854950653655
1105,1105,343.0461055,343.0459,343.0459408,0.705882353,0.470588235,C17 H12 O8,17,12,8,0,0,0,0,0,0.0,tannin,0.819304528034418
1106,1106,343.0309732,343.0307677,343.0306847,0.923076923,0.846153846,C13 H12 O11,13,12,11,0,0,0,0,0,0.0,tannin,0.7250855083407711
1107,1107,342.2652125,342.2650078,342.2649821,1.947368421,0.210526316,C19 H37 O4 N1,19,37,4,0,1,0,0,0,0.052631579,lipid,0.8790370637643525
1108,1108,342.1826576,342.182453,342.1825589,1.764705882,0.235294118,C17 H30 O4 S1 13C1,18,30,4,1,0,1,0,0,0.0,lipid,0.8550048847529166
1109,1109,342.1826576,342.182453,342.1823151,1.315789474,0.157894737,C19 H25 O3 N3,19,25,3,0,3,0,0,0,0.157894737,peptide,0.8271886198007202
1110,1110,342.1640374,342.1638328,342.1639315,1.625,0.4375,C16 H26 O7 13C1,17,26,7,0,0,1,0,0,0.0,lipid,0.8492691242505686
1111,1111,342.1278143,342.1276098,342.127546,1.466666667,0.533333333,C15 H22 O8 13C1,16,22,8,0,0,1,0,0,0.0,lignin,0.8699244736302753
1112,1112,342.0912918,342.0910873,342.0911605,1.285714286,0.642857143,C14 H18 O9 13C1,15,18,9,0,0,1,0,0,0.0,lignin,0.876503481667753
1113,1113,341.2067725,341.206569,341.2066492,1.882352941,0.176470588,C17 H32 O3 S1 13C2,19,32,3,1,0,2,0,0,0.0,lipid,0.8785063431314383
1114,1114,341.2043337,341.2041302,341.2041845,1.684210526,0.105263158,C19 H32 O2 S1 18O1,19,32,2,1,0,0,0,1,0.0,lipid,0.8698249617243757
1115,1115,341.1971725,341.196969,341.1969622,1.666666667,0.333333333,C18 H30 O6,18,30,6,0,0,0,0,0,0.0,lipid,0.8528857148046083
1116,1116,341.1959679,341.1957644,341.1957354,1.684210526,0.157894737,C19 H32 O3 34S1,19,32,3,0,0,0,1,0,0.0,lipid,0.8668297810989234
1117,1117,341.1794956,341.1792921,341.1792041,1.666666667,0.222222222,C18 H30 O4 S1,18,30,4,1,0,0,0,0,0.0,lipid,0.8666831480129875
1118,1118,341.1607754,341.160572,341.1605766,1.529411765,0.411764706,C17 H26 O7,17,26,7,0,0,0,0,0,0.0,lignin,0.7455866541918553
1119,1119,341.1428998,341.1426964,341.1428186,1.529411765,0.294117647,C17 H26 O5 S1,17,26,5,1,0,0,0,0,0.0,lipid,0.8703360541138352
1120,1120,341.1395363,341.1393329,341.1394473,1.1,0.25,C20 H22 O5,20,22,5,0,0,0,0,0,0.0,lignin,0.9609585157711373
1121,1121,341.1244108,341.1242074,341.1241911,1.375,0.5,C16 H22 O8,16,22,8,0,0,0,0,0,0.0,lignin,0.8732966204455901
1122,1122,341.1092506,341.1090473,341.108935,1.833333333,0.916666667,C12 H22 O11,12,22,11,0,0,0,0,0,0.0,carbohydrate,0.9023909347363339
1123,1123,341.103392,341.1031887,341.1030618,0.947368421,0.315789474,C19 H18 O6,19,18,6,0,0,0,0,0,0.0,tannin,0.879098211224602
1124,1124,341.0879752,341.0877718,341.0878056,1.2,0.6,C15 H18 O9,15,18,9,0,0,0,0,0,0.0,lignin,0.8808019196856739
1125,1125,341.066768,341.0665646,341.0666763,0.777777778,0.388888889,C18 H14 O7,18,14,7,0,0,0,0,0,0.0,tannin,0.8237326824450217
1126,1126,341.0516681,341.0514648,341.0514201,1.0,0.714285714,C14 H14 O10,14,14,10,0,0,0,0,0,0.0,lignin,0.9587009129567663
1127,1127,340.2033642,340.2031618,340.2032944,1.777777778,0.166666667,C18 H32 O3 S1 13C1,19,32,3,1,0,1,0,0,0.0,lipid,0.8662149335932954
1128,1128,340.2033642,340.2031618,340.2030506,1.35,0.1,C20 H27 O2 N3,20,27,2,0,3,0,0,0,0.15,peptide,0.8254803710101022
1129,1129,340.1848113,340.184609,340.1846669,1.647058824,0.352941176,C17 H28 O6 13C1,18,28,6,0,0,1,0,0,0.0,lipid,0.8528656326654399
1130,1130,340.1672021,340.1669998,340.1669089,1.647058824,0.235294118,C17 H28 O4 S1 13C1,18,28,4,1,0,1,0,0,0.0,lipid,0.8667633903355139
1131,1131,340.1484992,340.1482969,340.1482814,1.5,0.4375,C16 H24 O7 13C1,17,24,7,0,0,1,0,0,0.0,lignin,0.8678608208083128
1132,1132,340.1120345,340.1118323,340.1118959,1.333333333,0.533333333,C15 H20 O8 13C1,16,20,8,0,0,1,0,0,0.0,lignin,0.8743338598309057
1133,1133,340.0757715,340.0755693,340.0755104,1.142857143,0.642857143,C14 H16 O9 13C1,15,16,9,0,0,1,0,0,0.0,lignin,0.9180587384654653
1134,1134,339.2179525,339.2177513,339.2176976,1.684210526,0.263157895,C19 H32 O5,19,32,5,0,0,0,0,0,0.0,lipid,0.8662645960745549
1135,1135,339.200041,339.1998398,339.1999395,1.684210526,0.157894737,C19 H32 O3 S1,19,32,3,1,0,0,0,0,0.0,lipid,0.8668297810989234
1136,1136,339.1814276,339.1812264,339.1813121,1.555555556,0.333333333,C18 H28 O6,18,28,6,0,0,0,0,0,0.0,lipid,0.8701287397276243
1137,1137,339.1638157,339.1636145,339.163554,1.555555556,0.222222222,C18 H28 O4 S1,18,28,4,1,0,0,0,0,0.0,lipid,0.8702959002226247
1138,1138,339.145214,339.1450128,339.1449266,1.411764706,0.411764706,C17 H24 O7,17,24,7,0,0,0,0,0,0.0,lignin,0.8710195405775485
1139,1139,339.1086476,339.1084464,339.1085411,1.25,0.5,C16 H20 O8,16,20,8,0,0,0,0,0,0.0,lignin,0.8786855782140133
1140,1140,339.0724325,339.0722314,339.0721556,1.066666667,0.6,C15 H16 O9,15,16,9,0,0,0,0,0,0.0,lignin,0.9581302539407535
1141,1141,339.0358861,339.035685,339.0357701,0.857142857,0.714285714,C14 H12 O10,14,12,10,0,0,0,0,0,0.0,tannin,0.8831814447495343
1142,1142,339.0334969,339.0332958,339.0332681,0.666666667,0.277777778,C18 H12 O5 S1,18,12,5,1,0,0,0,0,0.0,pah,0.971580218850686
1143,1143,338.2187605,338.2185603,338.2184259,2.2,0.466666667,C15 H33 O7 N1,15,33,7,0,1,0,0,0,0.066666667,lipid,0.36341392639004183
1144,1144,338.2089809,338.2087807,338.2087737,2.266666667,0.333333333,C15 H34 O5 S1 13C1,16,34,5,1,0,1,0,0,0.0,lipid,0.8434811749217929
1145,1145,338.1877315,338.1875314,338.1876443,1.666666667,0.166666667,C18 H30 O3 S1 13C1,19,30,3,1,0,1,0,0,0.0,lipid,0.8692231065639968
1146,1146,338.1877315,338.1875314,338.1874005,1.25,0.1,C20 H25 O2 N3,20,25,2,0,3,0,0,0,0.15,lignin,0.6308159664612891
1147,1147,338.1692328,338.1690327,338.1690169,1.529411765,0.352941176,C17 H26 O6 13C1,18,26,6,0,0,1,0,0,0.0,lipid,0.7204976464495864
1148,1148,338.1327907,338.1325907,338.1326313,1.375,0.4375,C16 H22 O7 13C1,17,22,7,0,0,1,0,0,0.0,lignin,0.867308653000473
1149,1149,338.096449,338.096249,338.0962458,1.2,0.533333333,C15 H18 O8 13C1,16,18,8,0,0,1,0,0,0.0,lignin,0.8823316955924241
1150,1150,338.060021,338.0598211,338.0598603,1.0,0.642857143,C14 H14 O9 13C1,15,14,9,0,0,1,0,0,0.0,lignin,0.9664433374847141
1151,1151,337.2055278,337.2053288,337.2054188,2.125,0.3125,C16 H34 O5 S1,16,34,5,1,0,0,0,0,0.0,lipid,0.8529157793679044
1152,1152,337.2021411,337.2019421,337.2020475,1.578947368,0.263157895,C19 H30 O5,19,30,5,0,0,0,0,0,0.0,lipid,0.8700712779277149
1153,1153,337.184414,337.184215,337.1842895,1.578947368,0.157894737,C19 H30 O3 S1,19,30,3,1,0,0,0,0,0.0,lipid,0.8703053429278214
1154,1154,337.1693351,337.1691362,337.1690333,2.0,0.4,C15 H30 O6 S1,15,30,6,1,0,0,0,0,0.0,lipid,0.8447719489635173
1155,1155,337.1659846,337.1657856,337.165662,1.444444444,0.333333333,C18 H26 O6,18,26,6,0,0,0,0,0,0.0,lignin,0.8603228808810346
1156,1156,337.1293437,337.1291448,337.1292765,1.294117647,0.411764706,C17 H22 O7,17,22,7,0,0,0,0,0,0.0,lignin,0.8760125677970668
1157,1157,337.0931822,337.0929833,337.092891,1.125,0.5,C16 H18 O8,16,18,8,0,0,0,0,0,0.0,lignin,0.9575132873982003
1158,1158,337.0565835,337.0563847,337.0565055,0.933333333,0.6,C15 H14 O9,15,14,9,0,0,0,0,0,0.0,tannin,0.8788573885410085
1159,1159,337.0541914,337.0539925,337.0540036,0.736842105,0.210526316,C19 H14 O4 S1,19,14,4,1,0,0,0,0,0.0,pah,0.9716430945733439
1160,1160,337.020408,337.0202092,337.02012,0.714285714,0.714285714,C14 H10 O10,14,10,10,0,0,0,0,0,0.0,tannin,0.8840895489064409
1161,1161,336.1899904,336.1897925,336.1897523,1.555555556,0.277777778,C18 H28 O5 13C1,19,28,5,0,0,1,0,0,0.0,lipid,0.8701910396709236
1162,1162,336.1534766,336.1532788,336.1533668,1.411764706,0.352941176,C17 H24 O6 13C1,18,24,6,0,0,1,0,0,0.0,lignin,0.8623340896755121
1163,1163,336.1172719,336.1170741,336.1169813,1.25,0.4375,C16 H20 O7 13C1,17,20,7,0,0,1,0,0,0.0,lignin,0.8789328934316695
1164,1164,336.0806891,336.0804913,336.0805958,1.066666667,0.533333333,C15 H16 O8 13C1,16,16,8,0,0,1,0,0,0.0,lignin,0.9588103932279388
1165,1165,335.2229632,335.2227664,335.222783,1.6,0.2,C20 H32 O4,20,32,4,0,0,0,0,0,0.0,lipid,0.8700713319837007
1166,1166,335.1866043,335.1864076,335.1863975,1.473684211,0.263157895,C19 H28 O5,19,28,5,0,0,0,0,0,0.0,lipid,0.8644351479697961
1167,1167,335.1501856,335.1499889,335.150012,1.333333333,0.333333333,C18 H24 O6,18,24,6,0,0,0,0,0,0.0,lignin,0.8661166067820245
1168,1168,335.1137901,335.1135934,335.1136264,1.176470588,0.411764706,C17 H20 O7,17,20,7,0,0,0,0,0,0.0,lignin,0.8857130332803405
1169,1169,335.1113573,335.1111606,335.1111245,0.952380952,0.095238095,C21 H20 O2 S1,21,20,2,1,0,0,0,0,0.0,tannin,0.8947431520169076
1170,1170,335.0775052,335.0773085,335.0772409,1.0,0.5,C16 H16 O8,16,16,8,0,0,0,0,0,0.0,lignin,0.967808138997418
1171,1171,335.0409606,335.040764,335.0408554,0.8,0.6,C15 H12 O9,15,12,9,0,0,0,0,0,0.0,tannin,0.8830248816816513
1172,1172,335.0385409,335.0383444,335.0383535,0.631578947,0.210526316,C19 H12 O4 S1,19,12,4,1,0,0,0,0,0.0,pah,0.9716897159760871
1173,1173,334.1743673,334.1741717,334.1741022,1.444444444,0.277777778,C18 H26 O5 13C1,19,26,5,0,0,1,0,0,0.0,lipid,0.5720024117189974
1174,1174,334.1378178,334.1376222,334.1377167,1.294117647,0.352941176,C17 H22 O6 13C1,18,22,6,0,0,1,0,0,0.0,lignin,0.8756473664000939
1175,1175,334.1016288,334.1014332,334.1013312,1.125,0.4375,C16 H18 O7 13C1,17,18,7,0,0,1,0,0,0.0,lignin,0.9581392308443272
1176,1176,333.2396255,333.2394309,333.2394957,2.125,0.3125,C16 H34 O5 N2,16,34,5,0,2,0,0,0,0.125,lipid,0.48095628759567893
1177,1177,333.2074212,333.2072266,333.2071329,1.5,0.2,C20 H30 O4,20,30,4,0,0,0,0,0,0.0,lipid,0.8639240140974118
1178,1178,333.1708506,333.1706561,333.1707474,1.368421053,0.263157895,C19 H26 O5,19,26,5,0,0,0,0,0,0.0,lignin,0.862380006454203
1179,1179,333.1346309,333.1344365,333.1343619,1.222222222,0.333333333,C18 H22 O6,18,22,6,0,0,0,0,0,0.0,lignin,0.8817077171002582
1180,1180,333.0980738,333.0978794,333.0979764,1.058823529,0.411764706,C17 H18 O7,17,18,7,0,0,0,0,0,0.0,lignin,0.960156671258152
1181,1181,333.0956874,333.095493,333.0954745,0.857142857,0.095238095,C21 H18 O2 S1,21,18,2,1,0,0,0,0,0.0,pah,0.9719774894215355
1182,1182,333.0829787,333.0827843,333.0827202,1.384615385,0.769230769,C13 H18 O10,13,18,10,0,0,0,0,0,0.0,lignin,0.5922817518246977
1183,1183,333.0618485,333.0616541,333.0615909,0.875,0.5,C16 H14 O8,16,14,8,0,0,0,0,0,0.0,tannin,0.8816134017374061
1184,1184,333.0594248,333.0592304,333.059089,0.7,0.15,C20 H14 O3 S1,20,14,3,1,0,0,0,0,0.0,pah,0.9717491674895534
1185,1185,333.0464241,333.0462297,333.0463347,1.166666667,0.916666667,C12 H14 O11,12,14,11,0,0,0,0,0,0.0,lipid,0.6217415134013282
1186,1186,333.0253875,333.0251931,333.0252054,0.666666667,0.6,C15 H10 O9,15,10,9,0,0,0,0,0,0.0,tannin,0.8216534000568652
1187,1187,333.0230174,333.022823,333.0227034,0.526315789,0.210526316,C19 H10 O4 S1,19,10,4,1,0,0,0,0,0.0,pah,0.9717310587738087
1188,1188,331.1917789,331.1915866,331.1914828,1.4,0.2,C20 H28 O4,20,28,4,0,0,0,0,0,0.0,lipid,0.7146923364374151
1189,1189,331.1764686,331.1762763,331.1762267,1.75,0.4375,C16 H28 O7,16,28,7,0,0,0,0,0,0.0,lipid,0.8594097554723141
1190,1190,331.1551985,331.1550063,331.1550973,1.263157895,0.263157895,C19 H24 O5,19,24,5,0,0,0,0,0,0.0,lignin,0.8772196050706373
1191,1191,331.1400033,331.1398111,331.1398412,1.6,0.533333333,C15 H24 O8,15,24,8,0,0,0,0,0,0.0,lignin,0.73246905437175
1192,1192,331.1223496,331.1221574,331.1220831,1.6,0.4,C15 H24 O6 S1,15,24,6,1,0,0,0,0,0.0,lipid,0.8532625323928947
1193,1193,331.1189872,331.118795,331.1187118,1.111111111,0.333333333,C18 H20 O6,18,20,6,0,0,0,0,0,0.0,lignin,0.9599821738862261
1194,1194,331.1036472,331.103455,331.1034557,1.428571429,0.642857143,C14 H20 O9,14,20,9,0,0,0,0,0,0.0,lignin,0.575993113854784
1195,1195,331.0823996,331.0822074,331.0823263,0.941176471,0.411764706,C17 H16 O7,17,16,7,0,0,0,0,0,0.0,tannin,0.8797873892087761
1196,1196,331.0799743,331.0797822,331.0798244,0.761904762,0.095238095,C21 H16 O2 S1,21,16,2,1,0,0,0,0,0.0,pah,0.9718603372789589
1197,1197,331.0672768,331.0670846,331.0670702,1.230769231,0.769230769,C13 H16 O10,13,16,10,0,0,0,0,0,0.0,lignin,0.618824138979323
1198,1198,331.0462236,331.0460315,331.0459408,0.75,0.5,C16 H12 O8,16,12,8,0,0,0,0,0,0.0,tannin,0.9162234602860039
1199,1199,331.0307911,331.030599,331.0306847,1.0,0.916666667,C12 H12 O11,12,12,11,0,0,0,0,0,0.0,tannin,0.5658969726938091
1200,1200,329.2700414,329.2698512,329.2697332,2.0,0.210526316,C19 H38 O4,19,38,4,0,0,0,0,0,0.0,lipid,0.8391691372300262
1201,1201,329.2334115,329.2332214,329.2333477,1.888888889,0.277777778,C18 H34 O5,18,34,5,0,0,0,0,0,0.0,lipid,0.8416703116791229
1202,1202,329.1972315,329.1970414,329.1969622,1.764705882,0.352941176,C17 H30 O6,17,30,6,0,0,0,0,0,0.0,lipid,0.8746413035045528
1203,1203,329.1759259,329.1757358,329.1758328,1.3,0.2,C20 H26 O4,20,26,4,0,0,0,0,0,0.0,lignin,0.8652326311424364
1204,1204,329.1606722,329.1604822,329.1605766,1.625,0.4375,C16 H26 O7,16,26,7,0,0,0,0,0,0.0,lipid,0.8492691242505686
1205,1205,329.1430477,329.1428576,329.1428186,1.625,0.3125,C16 H26 O5 S1,16,26,5,1,0,0,0,0,0.0,lipid,0.867444085034099
1206,1206,329.1397169,329.1395269,329.1394473,1.157894737,0.263157895,C19 H22 O5,19,22,5,0,0,0,0,0,0.0,lignin,0.887887376882835
1207,1207,329.1244483,329.1242582,329.1241911,1.466666667,0.533333333,C15 H22 O8,15,22,8,0,0,0,0,0,0.0,lignin,0.8699244736302753
1208,1208,329.1065219,329.1063319,329.1064331,1.466666667,0.4,C15 H22 O6 S1,15,22,6,1,0,0,0,0,0.0,lignin,0.868841257065444
1209,1209,329.1031359,329.1029459,329.1030618,1.0,0.333333333,C18 H18 O6,18,18,6,0,0,0,0,0,0.0,lignin,0.971379137099223
1210,1210,329.0879231,329.0877331,329.0878056,1.285714286,0.642857143,C14 H18 O9,14,18,9,0,0,0,0,0,0.0,lignin,0.876503481667753
1211,1211,329.066976,329.0667861,329.0666763,0.823529412,0.411764706,C17 H14 O7,17,14,7,0,0,0,0,0,0.0,tannin,0.8791669645542577
1212,1212,329.0516089,329.0514189,329.0514201,1.076923077,0.769230769,C13 H14 O10,13,14,10,0,0,0,0,0,0.0,lignin,0.9598944253923059
1213,1213,329.0303931,329.0302032,329.0302907,0.625,0.5,C16 H10 O8,16,10,8,0,0,0,0,0,0.0,pah,0.7993916552502016
1214,1214,328.1835368,328.1833479,328.1834401,1.764705882,0.176470588,C17 H30 O3 13C1 34S1,18,30,3,0,0,1,1,0,0.0,lipid,0.8662423980836433
1215,1215,328.1671003,328.1669114,328.1669089,1.75,0.25,C16 H28 O4 S1 13C1,17,28,4,1,0,1,0,0,0.0,lipid,0.8545524033346984
1216,1216,328.1485545,328.1483656,328.1482814,1.6,0.466666667,C15 H24 O7 13C1,16,24,7,0,0,1,0,0,0.0,lignin,0.6054526174967644
1217,1217,328.1119704,328.1117815,328.1118959,1.428571429,0.571428571,C14 H20 O8 13C1,15,20,8,0,0,1,0,0,0.0,lignin,0.8707251949669379
1218,1218,327.217788,327.2176001,327.2176976,1.777777778,0.277777778,C18 H32 O5,18,32,5,0,0,0,0,0,0.0,lipid,0.8766360953187234
1219,1219,327.1815527,327.1813648,327.1813121,1.647058824,0.352941176,C17 H28 O6,17,28,6,0,0,0,0,0,0.0,lipid,0.8528656326654399
1220,1220,327.1637107,327.1635229,327.163554,1.647058824,0.235294118,C17 H28 O4 S1,17,28,4,1,0,0,0,0,0.0,lipid,0.8667633903355139
1221,1221,327.1450009,327.1448131,327.1449266,1.5,0.4375,C16 H24 O7,16,24,7,0,0,0,0,0,0.0,lignin,0.8678608208083128
1222,1222,327.1087937,327.108606,327.1085411,1.333333333,0.533333333,C15 H20 O8,15,20,8,0,0,0,0,0,0.0,lignin,0.8743338598309057
1223,1223,327.0723362,327.0721484,327.0721556,1.142857143,0.642857143,C14 H16 O9,14,16,9,0,0,0,0,0,0.0,lignin,0.9180587384654653
1224,1224,327.0512923,327.0511046,327.0510262,0.705882353,0.411764706,C17 H12 O7,17,12,7,0,0,0,0,0,0.0,tannin,0.8166060744615018
1225,1225,327.0359064,327.0357187,327.0357701,0.923076923,0.769230769,C13 H12 O10,13,12,10,0,0,0,0,0,0.0,tannin,0.7247500907719117
1226,1226,326.1877082,326.1875214,326.1876443,1.764705882,0.176470588,C17 H30 O3 S1 13C1,18,30,3,1,0,1,0,0,0.0,lipid,0.8662423980836433
1227,1227,326.1877082,326.1875214,326.1874005,1.315789474,0.105263158,C19 H25 O2 N3,19,25,2,0,3,0,0,0,0.157894737,peptide,0.827006098665031
1228,1228,326.1692509,326.1690641,326.1690169,1.625,0.375,C16 H26 O6 13C1,17,26,6,0,0,1,0,0,0.0,lipid,0.852973102826134
1229,1229,326.1327253,326.1325386,326.1326313,1.466666667,0.466666667,C15 H22 O7 13C1,16,22,7,0,0,1,0,0,0.0,lignin,0.868742295150857
1230,1230,326.0965215,326.0963349,326.0962458,1.285714286,0.571428571,C14 H18 O8 13C1,15,18,8,0,0,1,0,0,0.0,lignin,0.8767006265180415
1231,1231,325.2023213,325.2021356,325.2020475,1.666666667,0.277777778,C18 H30 O5,18,30,5,0,0,0,0,0,0.0,lipid,0.8663269232372512
1232,1232,325.1843432,325.1841576,325.1842895,1.666666667,0.166666667,C18 H30 O3 S1,18,30,3,1,0,0,0,0,0.0,lipid,0.8692231065639968
1233,1233,325.1657608,325.1655752,325.165662,1.529411765,0.352941176,C17 H26 O6,17,26,6,0,0,0,0,0,0.0,lipid,0.7204976464495864
1234,1234,325.1481522,325.1479666,325.147904,1.529411765,0.235294118,C17 H26 O4 S1,17,26,4,1,0,0,0,0,0.0,lipid,0.8716984142951765
1235,1235,325.1294991,325.1293135,325.1292765,1.375,0.4375,C16 H22 O7,16,22,7,0,0,0,0,0,0.0,lignin,0.867308653000473
1236,1236,325.0930626,325.0928771,325.092891,1.2,0.533333333,C15 H18 O8,15,18,8,0,0,0,0,0,0.0,lignin,0.8823316955924241
1237,1237,325.0566255,325.05644,325.0565055,1.0,0.642857143,C14 H14 O9,14,14,9,0,0,0,0,0,0.0,lignin,0.9664433374847141
1238,1238,325.0203894,325.020204,325.02012,0.769230769,0.769230769,C13 H10 O10,13,10,10,0,0,0,0,0,0.0,tannin,0.8863086950457257
1239,1239,324.172084,324.1718995,324.1719942,1.647058824,0.176470588,C17 H28 O3 S1 13C1,18,28,3,1,0,1,0,0,0.0,lipid,0.8698572880077865
1240,1240,324.172084,324.1718995,324.1717505,1.210526316,0.105263158,C19 H23 O2 N3,19,23,2,0,3,0,0,0,0.157894737,lignin,0.8405795791213162
1241,1241,324.1534759,324.1532914,324.1533668,1.5,0.375,C16 H24 O6 13C1,17,24,6,0,0,1,0,0,0.0,lignin,0.7449966716732388
1242,1242,324.1171361,324.1169516,324.1169813,1.333333333,0.466666667,C15 H20 O7 13C1,16,20,7,0,0,1,0,0,0.0,lignin,0.8696785171779062
1243,1243,324.0808549,324.0806705,324.0805958,1.142857143,0.571428571,C14 H16 O8 13C1,15,16,8,0,0,1,0,0,0.0,lignin,0.9199669474046603
1244,1244,323.1866283,323.1864449,323.1863975,1.555555556,0.277777778,C18 H28 O5,18,28,5,0,0,0,0,0,0.0,lipid,0.8701910396709236
1245,1245,323.1687243,323.1685408,323.1686394,1.555555556,0.166666667,C18 H28 O3 S1,18,28,3,1,0,0,0,0,0.0,lipid,0.8627972479457098
1246,1246,323.1502289,323.1500455,323.150012,1.411764706,0.352941176,C17 H24 O6,17,24,6,0,0,0,0,0,0.0,lignin,0.8623340896755121
1247,1247,323.1137504,323.113567,323.1136264,1.25,0.4375,C16 H20 O7,16,20,7,0,0,0,0,0,0.0,lignin,0.8789328934316695
1248,1248,323.0774957,323.0773123,323.0772409,1.066666667,0.533333333,C15 H16 O8,15,16,8,0,0,0,0,0,0.0,lignin,0.9588103932279388
1249,1249,323.0409086,323.0407253,323.0408554,0.857142857,0.642857143,C14 H12 O9,14,12,9,0,0,0,0,0,0.0,tannin,0.88278091267716
1250,1250,322.1741896,322.1740073,322.1741022,1.529411765,0.294117647,C17 H26 O5 13C1,18,26,5,0,0,1,0,0,0.0,lipid,0.8703360541138352
1251,1251,322.1379646,322.1377823,322.1377167,1.375,0.375,C16 H22 O6 13C1,17,22,6,0,0,1,0,0,0.0,lignin,0.8652534547875336
1252,1252,322.1014812,322.1012989,322.1013312,1.2,0.466666667,C15 H18 O7 13C1,16,18,7,0,0,1,0,0,0.0,lignin,0.8831018441188826
1253,1253,321.2072425,321.2070612,321.2071329,1.578947368,0.210526316,C19 H30 O4,19,30,4,0,0,0,0,0,0.0,lipid,0.870174845924444
1254,1254,321.1743794,321.1741981,321.1741187,2.0,0.333333333,C15 H30 O5 S1,15,30,5,1,0,0,0,0,0.0,lipid,0.8539068330192512
1255,1255,321.1710243,321.1708431,321.1707474,1.444444444,0.277777778,C18 H26 O5,18,26,5,0,0,0,0,0,0.0,lipid,0.5720024117189974
1256,1256,321.1344335,321.1342523,321.1343619,1.294117647,0.352941176,C17 H22 O6,17,22,6,0,0,0,0,0,0.0,lignin,0.8756473664000939
1257,1257,321.0982405,321.0980593,321.0979764,1.125,0.4375,C16 H18 O7,16,18,7,0,0,0,0,0,0.0,lignin,0.9581392308443272
1258,1258,321.061732,321.0615509,321.0615909,0.933333333,0.533333333,C15 H14 O8,15,14,8,0,0,0,0,0,0.0,tannin,0.8802053682786551
1259,1259,321.0593617,321.0591806,321.059089,0.736842105,0.157894737,C19 H14 O3 S1,19,14,3,1,0,0,0,0,0.0,pah,0.9717398987288328
1260,1260,321.0253005,321.0251194,321.0252054,0.714285714,0.642857143,C14 H10 O9,14,10,9,0,0,0,0,0,0.0,tannin,0.9017837759392083
1261,1261,320.1585213,320.1583412,320.1584522,1.411764706,0.294117647,C17 H24 O5 13C1,18,24,5,0,0,1,0,0,0.0,lignin,0.8609042426025175
1262,1262,320.122258,320.122078,320.1220667,1.25,0.375,C16 H20 O6 13C1,17,20,6,0,0,1,0,0,0.0,lignin,0.8788533261902349
1263,1263,320.0859089,320.0857289,320.0856812,1.066666667,0.466666667,C15 H16 O7 13C1,16,16,7,0,0,1,0,0,0.0,lignin,0.9594606177306035
1264,1264,319.1916391,319.1914601,319.1914828,1.473684211,0.210526316,C19 H28 O4,19,28,4,0,0,0,0,0,0.0,lipid,0.8642800931395236
1265,1265,319.1552496,319.1550706,319.1550973,1.333333333,0.277777778,C18 H24 O5,18,24,5,0,0,0,0,0,0.0,lignin,0.8645844853401355
1266,1266,319.1189779,319.1187989,319.1187118,1.176470588,0.352941176,C17 H20 O6,17,20,6,0,0,0,0,0,0.0,lignin,0.8859998687583651
1267,1267,319.0823857,319.0822067,319.0823263,1.0,0.4375,C16 H16 O7,16,16,7,0,0,0,0,0,0.0,lignin,0.9683411537325615
1268,1268,319.0799701,319.0797912,319.0798244,0.8,0.1,C20 H16 O2 S1,20,16,2,1,0,0,0,0,0.0,pah,0.9718876109170133
1269,1269,319.0672662,319.0670873,319.0670702,1.333333333,0.833333333,C12 H16 O10,12,16,10,0,0,0,0,0,0.0,lignin,0.5972778971334012
1270,1270,319.0462002,319.0460214,319.0459408,0.8,0.533333333,C15 H12 O8,15,12,8,0,0,0,0,0,0.0,tannin,0.8809280324743186
1271,1271,317.1759554,317.1757786,317.1758328,1.368421053,0.210526316,C19 H26 O4,19,26,4,0,0,0,0,0,0.0,lignin,0.7379641317039289
1272,1272,317.1608475,317.1606707,317.1605766,1.733333333,0.466666667,C15 H26 O7,15,26,7,0,0,0,0,0,0.0,lipid,0.8910077160090311
1273,1273,317.1395442,317.1393674,317.1394473,1.222222222,0.277777778,C18 H22 O5,18,22,5,0,0,0,0,0,0.0,lignin,0.8814692040398537
1274,1274,317.1242841,317.1241073,317.1241911,1.571428571,0.571428571,C14 H22 O8,14,22,8,0,0,0,0,0,0.0,lignin,0.6723816979200041
1275,1275,317.1033174,317.1031406,317.1030618,1.058823529,0.352941176,C17 H18 O6,17,18,6,0,0,0,0,0,0.0,lignin,0.9683977367252948
1276,1276,317.0879867,317.08781,317.0878056,1.384615385,0.692307692,C13 H18 O9,13,18,9,0,0,0,0,0,0.0,lignin,0.6176342312666854
1277,1277,317.0667511,317.0665744,317.0666763,0.875,0.4375,C16 H14 O7,16,14,7,0,0,0,0,0,0.0,tannin,0.8805429323942173
1278,1278,317.0516215,317.0514448,317.0514201,1.166666667,0.833333333,C12 H14 O10,12,14,10,0,0,0,0,0,0.0,lignin,0.6701155998710051
1279,1279,317.030526,317.0303493,317.0302907,0.666666667,0.533333333,C15 H10 O8,15,10,8,0,0,0,0,0,0.0,tannin,0.818311554139403
1280,1280,315.2542368,315.2540621,315.2540831,2.0,0.222222222,C18 H36 O4,18,36,4,0,0,0,0,0,0.0,lipid,0.838449177700323
1281,1281,315.2177966,315.2176219,315.2176976,1.882352941,0.294117647,C17 H32 O5,17,32,5,0,0,0,0,0,0.0,lipid,0.8409728601679847
1282,1282,315.1815801,315.1814054,315.1813121,1.75,0.375,C16 H28 O6,16,28,6,0,0,0,0,0,0.0,lipid,0.8744987271631881
1283,1283,315.1602616,315.160087,315.1601827,1.263157895,0.210526316,C19 H24 O4,19,24,4,0,0,0,0,0,0.0,lignin,0.8768315994603864
1284,1284,315.1449971,315.1448225,315.1449266,1.6,0.466666667,C15 H24 O7,15,24,7,0,0,0,0,0,0.0,lignin,0.6054526174967644
1285,1285,315.1274293,315.1272547,315.1271685,1.6,0.333333333,C15 H24 O5 S1,15,24,5,1,0,0,0,0,0.0,lipid,0.8675498355300935
1286,1286,315.1240601,315.1238855,315.1237972,1.111111111,0.277777778,C18 H20 O5,18,20,5,0,0,0,0,0,0.0,lignin,0.960605757728352
1287,1287,315.108672,315.1084975,315.1085411,1.428571429,0.571428571,C14 H20 O8,14,20,8,0,0,0,0,0,0.0,lignin,0.8707251949669379
1288,1288,315.0875075,315.0873329,315.0874117,0.941176471,0.352941176,C17 H16 O6,17,16,6,0,0,0,0,0,0.0,tannin,0.8795587501620202
1289,1289,315.0723834,315.0722089,315.0721556,1.230769231,0.692307692,C13 H16 O9,13,16,9,0,0,0,0,0,0.0,lignin,0.8783063138169698
1290,1290,315.051203,315.0510285,315.0510262,0.75,0.4375,C16 H12 O7,16,12,7,0,0,0,0,0,0.0,tannin,0.8230271566161509
1291,1291,315.035852,315.0356775,315.0357701,1.0,0.833333333,C12 H12 O10,12,12,10,0,0,0,0,0,0.0,lignin,0.6133806882933861
1292,1292,314.167875,314.1677015,314.1677901,1.75,0.1875,C16 H28 O3 13C1 34S1,17,28,3,0,0,1,1,0,0.0,lipid,0.8662763435666504
1293,1293,314.1327751,314.1326016,314.1326313,1.571428571,0.5,C14 H22 O7 13C1,15,22,7,0,0,1,0,0,0.0,lignin,0.7352778882439287
1294,1294,314.0965086,314.0963351,314.0962458,1.384615385,0.615384615,C13 H18 O8 13C1,14,18,8,0,0,1,0,0,0.0,lignin,0.8588676452528805
1295,1295,313.2386901,313.2385176,313.238433,1.888888889,0.222222222,C18 H34 O4,18,34,4,0,0,0,0,0,0.0,lipid,0.8751561985127202
1296,1296,313.2021456,313.2019731,313.2020475,1.764705882,0.294117647,C17 H30 O5,17,30,5,0,0,0,0,0,0.0,lipid,0.876413588320139
1297,1297,313.1811839,313.1810114,313.1809182,1.3,0.15,C20 H26 O3,20,26,3,0,0,0,0,0,0.0,lignin,0.8645230582360972
1298,1298,313.175582,313.1754095,313.1753491,1.866666667,0.2,C15 H28 O3 S1 13C2,17,28,3,1,0,2,0,0,0.0,lipid,0.8771799171931984
1299,1299,313.1731041,313.1729316,313.1728844,1.647058824,0.117647059,C17 H28 O2 S1 18O1,17,28,2,1,0,0,0,1,0.0,lipid,0.8699982577404232
1300,1300,313.1657712,313.1655987,313.165662,1.625,0.375,C16 H26 O6,16,26,6,0,0,0,0,0,0.0,lipid,0.852973102826134
1301,1301,313.1645324,313.1643599,313.1644352,1.647058824,0.176470588,C17 H28 O3 34S1,17,28,3,0,0,0,1,0,0.0,lipid,0.8698572880077865
1302,1302,313.147992,313.1478195,313.147904,1.625,0.25,C16 H26 O4 S1,16,26,4,1,0,0,0,0,0.0,lipid,0.8692593640557673
1303,1303,313.1295382,313.1293657,313.1292765,1.466666667,0.466666667,C15 H22 O7,15,22,7,0,0,0,0,0,0.0,lignin,0.868742295150857
1304,1304,313.0929786,313.0928062,313.092891,1.285714286,0.571428571,C14 H18 O8,14,18,8,0,0,0,0,0,0.0,lignin,0.8767006265180415
1305,1305,313.0720024,313.0718301,313.0717616,0.823529412,0.352941176,C17 H14 O6,17,14,6,0,0,0,0,0,0.0,tannin,0.9157891524271354
1306,1306,313.056676,313.0565037,313.0565055,1.076923077,0.692307692,C13 H14 O9,13,14,9,0,0,0,0,0,0.0,lignin,0.9565121477776211
1307,1307,313.0354487,313.0352764,313.0353761,0.625,0.4375,C16 H10 O7,16,10,7,0,0,0,0,0,0.0,pah,0.9718818880891151
1308,1308,313.0203326,313.0201603,313.02012,0.833333333,0.833333333,C12 H10 O10,12,10,10,0,0,0,0,0,0.0,tannin,0.8853884822904273
1309,1309,312.1751645,312.1749932,312.1751218,1.8,0.133333333,C15 H27 O2 S1 N3,15,27,2,1,3,0,0,0,0.2,peptide,0.8995645256116724
1310,1310,312.1722403,312.172069,312.1719942,1.75,0.1875,C16 H28 O3 S1 13C1,17,28,3,1,0,1,0,0,0.0,lipid,0.8662763435666504
1311,1311,312.1534796,312.1533082,312.1533668,1.6,0.4,C15 H24 O6 13C1,16,24,6,0,0,1,0,0,0.0,lipid,0.8532625323928947
1312,1312,312.1172248,312.1170534,312.1169813,1.428571429,0.5,C14 H20 O7 13C1,15,20,7,0,0,1,0,0,0.0,lignin,0.8711198819028315
1313,1313,312.0806851,312.0805138,312.0805958,1.230769231,0.615384615,C13 H16 O8 13C1,14,16,8,0,0,1,0,0,0.0,lignin,0.8790538752975114
1314,1314,311.2230411,311.2228708,311.222783,1.777777778,0.222222222,C18 H32 O4,18,32,4,0,0,0,0,0,0.0,lipid,0.8543564033788963
1315,1315,311.1865103,311.18634,311.1863975,1.647058824,0.294117647,C17 H28 O5,17,28,5,0,0,0,0,0,0.0,lipid,0.8664073851534478
1316,1316,311.1688127,311.1686424,311.1686394,1.647058824,0.176470588,C17 H28 O3 S1,17,28,3,1,0,0,0,0,0.0,lipid,0.8698572880077865
1317,1317,311.1501088,311.1499386,311.150012,1.5,0.375,C16 H24 O6,16,24,6,0,0,0,0,0,0.0,lignin,0.7449966716732388
1318,1318,311.1323584,311.1321882,311.1322539,1.5,0.25,C16 H24 O4 S1,16,24,4,1,0,0,0,0,0.0,lipid,0.8640233978015288
1319,1319,311.1138701,311.1136999,311.1136264,1.333333333,0.466666667,C15 H20 O7,15,20,7,0,0,0,0,0,0.0,lignin,0.8696785171779062
1320,1320,311.0773161,311.0771459,311.0772409,1.142857143,0.571428571,C14 H16 O8,14,16,8,0,0,0,0,0,0.0,lignin,0.9199669474046603
1321,1321,311.0409813,311.0408111,311.0408554,0.923076923,0.692307692,C13 H12 O9,13,12,9,0,0,0,0,0,0.0,tannin,0.879164253250487
1322,1322,310.1777312,310.177562,310.1774735,2.307692308,0.384615385,C13 H30 O5 S1 13C1,14,30,5,1,0,1,0,0,0.0,lipid,0.8431872659313061
1323,1323,310.156451,310.1562818,310.1563442,1.625,0.1875,C16 H26 O3 S1 13C1,17,26,3,1,0,1,0,0,0.0,lipid,0.8699547441838632
1324,1324,310.1378066,310.1376375,310.1377167,1.466666667,0.4,C15 H22 O6 13C1,16,22,6,0,0,1,0,0,0.0,lignin,0.868841257065444
1325,1325,310.1014126,310.1012435,310.1013312,1.285714286,0.5,C14 H18 O7 13C1,15,18,7,0,0,1,0,0,0.0,lignin,0.8765520376333292
1326,1326,309.1742477,309.1740796,309.1741187,2.142857143,0.357142857,C14 H30 O5 S1,14,30,5,1,0,0,0,0,0.0,lipid,0.843975982978419
1327,1327,309.1708407,309.1706725,309.1707474,1.529411765,0.294117647,C17 H26 O5,17,26,5,0,0,0,0,0,0.0,lipid,0.8703360541138352
1328,1328,309.1531012,309.1529331,309.1529893,1.529411765,0.176470588,C17 H26 O3 S1,17,26,3,1,0,0,0,0,0.0,lipid,0.8635583540251741
1329,1329,309.1379881,309.13782,309.1377332,2.0,0.461538462,C13 H26 O6 S1,13,26,6,1,0,0,0,0,0.0,lipid,0.8443850767376834
1330,1330,309.1346188,309.1344507,309.1343619,1.375,0.375,C16 H22 O6,16,22,6,0,0,0,0,0,0.0,lignin,0.8652534547875336
1331,1331,309.0981116,309.0979436,309.0979764,1.2,0.466666667,C15 H18 O7,15,18,7,0,0,0,0,0,0.0,lignin,0.8831018441188826
1332,1332,309.061681,309.061513,309.0615909,1.0,0.571428571,C14 H14 O8,14,14,8,0,0,0,0,0,0.0,lignin,0.9671395244640945
1333,1333,309.025468,309.0253,309.0252054,0.769230769,0.692307692,C13 H10 O9,13,10,9,0,0,0,0,0,0.0,tannin,0.8850398357369528
1334,1334,308.1586864,308.1585194,308.1584522,1.5,0.3125,C16 H24 O5 13C1,17,24,5,0,0,1,0,0,0.0,lipid,0.7218295218052038
1335,1335,308.1222533,308.1220863,308.1220667,1.333333333,0.4,C15 H20 O6 13C1,16,20,6,0,0,1,0,0,0.0,lignin,0.8684353473610669
1336,1336,308.0857576,308.0855907,308.0856812,1.142857143,0.5,C14 H16 O7 13C1,15,16,7,0,0,1,0,0,0.0,lignin,0.9216463597436804
1337,1337,307.1917234,307.1915574,307.1914828,1.555555556,0.222222222,C18 H28 O4,18,28,4,0,0,0,0,0,0.0,lipid,0.8702959002226247
1338,1338,307.1552873,307.1551214,307.1550973,1.411764706,0.294117647,C17 H24 O5,17,24,5,0,0,0,0,0,0.0,lignin,0.8609042426025175
1339,1339,307.1187659,307.1186,307.1187118,1.25,0.375,C16 H20 O6,16,20,6,0,0,0,0,0,0.0,lignin,0.8788533261902349
1340,1340,307.0825346,307.0823687,307.0823263,1.066666667,0.466666667,C15 H16 O7,15,16,7,0,0,0,0,0,0.0,lignin,0.9594606177306035
1341,1341,307.04617,307.0460042,307.0459408,0.857142857,0.571428571,C14 H12 O8,14,12,8,0,0,0,0,0,0.0,tannin,0.8824150991564474
1342,1342,306.1430355,306.1428707,306.1428021,1.375,0.3125,C16 H22 O5 13C1,17,22,5,0,0,1,0,0,0.0,lignin,0.863058581700429
1343,1343,305.2488412,305.2486773,305.2486038,1.7,0.1,C20 H34 O2,20,34,2,0,0,0,0,0,0.0,lipid,0.8692147088557356
1344,1344,305.179392,305.1792282,305.1792041,2.0,0.266666667,C15 H30 O4 S1,15,30,4,1,0,0,0,0,0.0,lipid,0.8710673809000878
1345,1345,305.176003,305.1758392,305.1758328,1.444444444,0.222222222,C18 H26 O4,18,26,4,0,0,0,0,0,0.0,lipid,0.864712754173199
1346,1346,305.139699,305.1395353,305.1394473,1.294117647,0.294117647,C17 H22 O5,17,22,5,0,0,0,0,0,0.0,lignin,0.8752093104969207
1347,1347,305.1031802,305.1030165,305.1030618,1.125,0.375,C16 H18 O6,16,18,6,0,0,0,0,0,0.0,lignin,0.9593817254152055
1348,1348,305.0667752,305.0666116,305.0666763,0.933333333,0.466666667,C15 H14 O7,15,14,7,0,0,0,0,0,0.0,tannin,0.8801017818232578
1349,1349,305.0515079,305.0513443,305.0514201,1.272727273,0.909090909,C11 H14 O10,11,14,10,0,0,0,0,0,0.0,lignin,0.425997745833519
1350,1350,305.0305335,305.0303699,305.0302907,0.714285714,0.571428571,C14 H10 O8,14,10,8,0,0,0,0,0,0.0,tannin,0.8709879489481771
1351,1351,303.2331358,303.2329742,303.2329537,1.6,0.1,C20 H32 O2,20,32,2,0,0,0,0,0,0.0,lipid,0.8611628472298547
1352,1352,303.1603455,303.1601839,303.1601827,1.333333333,0.222222222,C18 H24 O4,18,24,4,0,0,0,0,0,0.0,lignin,0.8635747973734622
1353,1353,303.1449953,303.1448337,303.1449266,1.714285714,0.5,C14 H24 O7,14,24,7,0,0,0,0,0,0.0,lipid,0.8900709840780326
1354,1354,303.1240181,303.1238566,303.1237972,1.176470588,0.294117647,C17 H20 O5,17,20,5,0,0,0,0,0,0.0,lignin,0.8859235249082407
1355,1355,303.1087218,303.1085603,303.1085411,1.538461538,0.615384615,C13 H20 O8,13,20,8,0,0,0,0,0,0.0,lignin,0.5678118863454513
1356,1356,303.0875004,303.0873389,303.0874117,1.0,0.375,C16 H16 O6,16,16,6,0,0,0,0,0,0.0,lignin,0.9711748366710997
1357,1357,303.0723979,303.0722364,303.0721556,1.333333333,0.75,C12 H16 O9,12,16,9,0,0,0,0,0,0.0,lignin,0.5824285731415106
1358,1358,303.0511251,303.0509636,303.0510262,0.8,0.466666667,C15 H12 O7,15,12,7,0,0,0,0,0,0.0,tannin,0.8798979401144665
1359,1359,301.2386719,301.2385123,301.238433,2.0,0.235294118,C17 H34 O4,17,34,4,0,0,0,0,0,0.0,lipid,0.8378906284806467
1360,1360,301.217357,301.2171975,301.2173037,1.5,0.1,C20 H30 O2,20,30,2,0,0,0,0,0,0.0,lipid,0.863998870134926
1361,1361,301.1657056,301.1655461,301.165662,1.733333333,0.4,C15 H26 O6,15,26,6,0,0,0,0,0,0.0,lipid,0.8756794219021666
1362,1362,301.1447761,301.1446166,301.1445327,1.222222222,0.222222222,C18 H22 O4,18,22,4,0,0,0,0,0,0.0,lignin,0.8810844161091425
1363,1363,301.129438,301.1292786,301.1292765,1.571428571,0.5,C14 H22 O7,14,22,7,0,0,0,0,0,0.0,lignin,0.7352778882439287
1364,1364,301.1082469,301.1080875,301.1081471,1.058823529,0.294117647,C17 H18 O5,17,18,5,0,0,0,0,0,0.0,lignin,0.9688837520293075
1365,1365,301.0931129,301.0929535,301.092891,1.384615385,0.615384615,C13 H18 O8,13,18,8,0,0,0,0,0,0.0,lignin,0.8588676452528805
1366,1366,301.0718593,301.0717,301.0717616,0.875,0.375,C16 H14 O6,16,14,6,0,0,0,0,0,0.0,tannin,0.8787686725068283
1367,1367,301.05661,301.0564507,301.0565055,1.166666667,0.75,C12 H14 O9,12,14,9,0,0,0,0,0,0.0,lignin,0.9174414671145212
1368,1368,300.1170537,300.1168953,300.1169813,1.538461538,0.538461538,C13 H20 O7 13C1,14,20,7,0,0,1,0,0,0.0,lignin,0.8407259716167669
1369,1369,299.2593379,299.2591805,299.2591685,2.0,0.166666667,C18 H36 O3,18,36,3,0,0,0,0,0,0.0,lipid,0.8429723341118256
1370,1370,299.2228328,299.2226754,299.222783,1.882352941,0.235294118,C17 H32 O4,17,32,4,0,0,0,0,0,0.0,lipid,0.8748786649645831
1371,1371,299.2019047,299.2017474,299.2016536,1.4,0.1,C20 H28 O2,20,28,2,0,0,0,0,0,0.0,lipid,0.8654152678243598
1372,1372,299.1865467,299.1863894,299.1863975,1.75,0.3125,C16 H28 O5,16,28,5,0,0,0,0,0,0.0,lipid,0.8762188040500234
1373,1373,299.159905,299.1597477,299.159699,1.857142857,0.214285714,C14 H26 O3 S1 13C2,16,26,3,1,0,2,0,0,0.0,lipid,0.8766527371611303
1374,1374,299.1502468,299.1500895,299.150012,1.6,0.4,C15 H24 O6,15,24,6,0,0,0,0,0,0.0,lipid,0.8532625323928947
1375,1375,299.1490165,299.1488592,299.1487852,1.625,0.1875,C16 H26 O3 34S1,16,26,3,0,0,0,1,0,0.0,lipid,0.8699547441838632
1376,1376,299.113764,299.1136068,299.1136264,1.428571429,0.5,C14 H20 O7,14,20,7,0,0,0,0,0,0.0,lignin,0.8711198819028315
1377,1377,299.077323,299.0771658,299.0772409,1.230769231,0.615384615,C13 H16 O8,13,16,8,0,0,0,0,0,0.0,lignin,0.8790538752975114
1378,1378,299.0563488,299.0561916,299.0561116,0.75,0.375,C16 H12 O6,16,12,6,0,0,0,0,0,0.0,tannin,0.8190798994088839
1379,1379,299.0410394,299.0408822,299.0408554,1.0,0.75,C12 H12 O9,12,12,9,0,0,0,0,0,0.0,lignin,0.9582142379564959
1380,1380,298.1564631,298.1563069,298.1563442,1.733333333,0.2,C15 H26 O3 S1 13C1,16,26,3,1,0,1,0,0,0.0,lipid,0.8663189400300542
1381,1381,298.1378164,298.1376602,298.1377167,1.571428571,0.428571429,C14 H22 O6 13C1,15,22,6,0,0,1,0,0,0.0,lignin,0.6048027737056987
1382,1382,298.1014157,298.1012595,298.1013312,1.384615385,0.538461538,C13 H18 O7 13C1,14,18,7,0,0,1,0,0,0.0,lignin,0.872562986934829
1383,1383,297.243745,297.2435898,297.2435184,1.888888889,0.166666667,C18 H34 O3,18,34,3,0,0,0,0,0,0.0,lipid,0.8793572615106499
1384,1384,297.2073372,297.207182,297.2071329,1.764705882,0.235294118,C17 H30 O4,17,30,4,0,0,0,0,0,0.0,lipid,0.8550048847529166
1385,1385,297.1708215,297.1706663,297.1707474,1.625,0.3125,C16 H26 O5,16,26,5,0,0,0,0,0,0.0,lipid,0.867444085034099
1386,1386,297.1531786,297.1530235,297.1529893,1.625,0.1875,C16 H26 O3 S1,16,26,3,1,0,0,0,0,0.0,lipid,0.8699547441838632
1387,1387,297.134467,297.1343119,297.1343619,1.466666667,0.4,C15 H22 O6,15,22,6,0,0,0,0,0,0.0,lignin,0.868841257065444
1388,1388,297.0981935,297.0980385,297.0979764,1.285714286,0.5,C14 H18 O7,14,18,7,0,0,0,0,0,0.0,lignin,0.8765520376333292
1389,1389,297.0617901,297.061635,297.0615909,1.076923077,0.615384615,C13 H14 O8,13,14,8,0,0,0,0,0,0.0,lignin,0.9577365891919971
1390,1390,297.0252603,297.0251053,297.0252054,0.833333333,0.75,C12 H10 O9,12,10,9,0,0,0,0,0,0.0,tannin,0.8842089472253001
1391,1391,296.1221393,296.1219853,296.1220667,1.428571429,0.428571429,C14 H20 O6 13C1,15,20,6,0,0,1,0,0,0.0,lignin,0.8706009725410737
1392,1392,296.0858959,296.0857419,296.0856812,1.230769231,0.538461538,C13 H16 O7 13C1,14,16,7,0,0,1,0,0,0.0,lignin,0.8795806768065049
1393,1393,295.1552447,295.1550917,295.1550973,1.5,0.3125,C16 H24 O5,16,24,5,0,0,0,0,0,0.0,lipid,0.7218295218052038
1394,1394,295.1375593,295.1374064,295.1373393,1.5,0.1875,C16 H24 O3 S1,16,24,3,1,0,0,0,0,0.0,lipid,0.8639159324197202
1395,1395,295.1187705,295.1186176,295.1187118,1.333333333,0.4,C15 H20 O6,15,20,6,0,0,0,0,0,0.0,lignin,0.8684353473610669
1396,1396,295.082446,295.0822931,295.0823263,1.142857143,0.5,C14 H16 O7,14,16,7,0,0,0,0,0,0.0,lignin,0.9216463597436804
1397,1397,295.0461614,295.0460085,295.0459408,0.923076923,0.615384615,C13 H12 O8,13,12,8,0,0,0,0,0,0.0,tannin,0.8810371620917195
1398,1398,294.1826335,294.1824816,294.1825589,2.307692308,0.307692308,C13 H30 O4 S1 13C1,14,30,4,1,0,1,0,0,0.0,lipid,0.8470487399012804
1399,1399,294.1429218,294.1427699,294.1428021,1.466666667,0.333333333,C15 H22 O5 13C1,16,22,5,0,0,1,0,0,0.0,lignin,0.7458235257660838
1400,1400,294.1066369,294.106485,294.1064166,1.285714286,0.428571429,C14 H18 O6 13C1,15,18,6,0,0,1,0,0,0.0,lignin,0.8765624363313425
1401,1401,293.1794187,293.1792679,293.1792041,2.142857143,0.285714286,C14 H30 O4 S1,14,30,4,1,0,0,0,0,0.0,lipid,0.8693852205517348
1402,1402,293.176056,293.1759051,293.1758328,1.529411765,0.235294118,C17 H26 O4,17,26,4,0,0,0,0,0,0.0,lipid,0.8716984142951765
1403,1403,293.1396175,293.1394666,293.1394473,1.375,0.3125,C16 H22 O5,16,22,5,0,0,0,0,0,0.0,lignin,0.863058581700429
1404,1404,293.1031273,293.1029765,293.1030618,1.2,0.4,C15 H18 O6,15,18,6,0,0,0,0,0,0.0,lignin,0.8835408201059775
1405,1405,293.0667672,293.0666165,293.0666763,1.0,0.5,C14 H14 O7,14,14,7,0,0,0,0,0,0.0,lignin,0.967808138997418
1406,1406,293.0491432,293.0489925,293.0489182,1.0,0.357142857,C14 H14 O5 S1,14,14,5,1,0,0,0,0,0.0,lignin,0.9712665519432703
1407,1407,293.0305012,293.0303505,293.0302907,0.769230769,0.615384615,C13 H10 O8,13,10,8,0,0,0,0,0,0.0,tannin,0.8823769968194479
1408,1408,291.1637461,291.1635974,291.163554,2.0,0.285714286,C14 H28 O4 S1,14,28,4,1,0,0,0,0,0.0,lipid,0.8707208693360313
1409,1409,291.1604126,291.1602638,291.1601827,1.411764706,0.235294118,C17 H24 O4,17,24,4,0,0,0,0,0,0.0,lignin,0.5540854238634403
1410,1410,291.1239442,291.1237955,291.1237972,1.25,0.3125,C16 H20 O5,16,20,5,0,0,0,0,0,0.0,lignin,0.878501987187511
1411,1411,291.0874862,291.0873376,291.0874117,1.066666667,0.4,C15 H16 O6,15,16,6,0,0,0,0,0,0.0,lignin,0.9600655249394023
1412,1412,291.0511375,291.0509889,291.0510262,0.857142857,0.5,C14 H12 O7,14,12,7,0,0,0,0,0,0.0,tannin,0.8817214106911827
1413,1413,291.0148379,291.0146893,291.0146407,0.615384615,0.615384615,C13 H8 O8,13,8,8,0,0,0,0,0,0.0,tannin,0.8171261011290978
1414,1414,289.1446812,289.1445346,289.1445327,1.294117647,0.235294118,C17 H22 O4,17,22,4,0,0,0,0,0,0.0,lignin,0.8747991327636744
1415,1415,289.1082185,289.1080719,289.1081471,1.125,0.3125,C16 H18 O5,16,18,5,0,0,0,0,0,0.0,lignin,0.9601291313078469
1416,1416,289.0931153,289.0929688,289.092891,1.5,0.666666667,C12 H18 O8,12,18,8,0,0,0,0,0,0.0,lignin,0.5686350095173374
1417,1417,289.0718376,289.0716911,289.0717616,0.933333333,0.4,C15 H14 O6,15,14,6,0,0,0,0,0,0.0,tannin,0.8799512277122192
1418,1418,289.056653,289.0565065,289.0565055,1.272727273,0.818181818,C11 H14 O9,11,14,9,0,0,0,0,0,0.0,lignin,0.6528830852901206
1419,1419,289.0355487,289.0354023,289.0353761,0.714285714,0.5,C14 H10 O7,14,10,7,0,0,0,0,0,0.0,tannin,0.8217784991137327
1420,1420,287.2228642,287.2227196,287.222783,2.0,0.25,C16 H32 O4,16,32,4,0,0,0,0,0,0.0,lipid,0.869987452783619
1421,1421,287.150234,287.1500896,287.150012,1.714285714,0.428571429,C14 H24 O6,14,24,6,0,0,0,0,0,0.0,lipid,0.8755158017066812
1422,1422,287.1289521,287.1288077,287.1288826,1.176470588,0.235294118,C17 H20 O4,17,20,4,0,0,0,0,0,0.0,lignin,0.8855488942606401
1423,1423,287.1138407,287.1136962,287.1136264,1.538461538,0.538461538,C13 H20 O7,13,20,7,0,0,0,0,0,0.0,lignin,0.8407259716167669
1424,1424,287.0925829,287.0924385,287.0924971,1.0,0.3125,C16 H16 O5,16,16,5,0,0,0,0,0,0.0,lignin,0.9714652996748144
1425,1425,287.0773692,287.0772248,287.0772409,1.333333333,0.666666667,C12 H16 O8,12,16,8,0,0,0,0,0,0.0,lignin,0.6632242151297982
1426,1426,287.0562815,287.0561372,287.0561116,0.8,0.4,C15 H12 O6,15,12,6,0,0,0,0,0,0.0,tannin,0.9159299466372023
1427,1427,287.040927,287.0407827,287.0408554,1.090909091,0.818181818,C11 H12 O9,11,12,9,0,0,0,0,0,0.0,lignin,0.8090868821476824
1428,1428,285.2436606,285.2435182,285.2435184,2.0,0.176470588,C17 H34 O3,17,34,3,0,0,0,0,0,0.0,lipid,0.8423607721991992
1429,1429,285.2073353,285.2071929,285.2071329,1.875,0.25,C16 H30 O4,16,30,4,0,0,0,0,0,0.0,lipid,0.8746027289483882
1430,1430,285.1709588,285.1708164,285.1707474,1.733333333,0.333333333,C15 H26 O5,15,26,5,0,0,0,0,0,0.0,lipid,0.876052632040512
1431,1431,285.1345513,285.134409,285.1343619,1.571428571,0.428571429,C14 H22 O6,14,22,6,0,0,0,0,0,0.0,lignin,0.6048027737056987
1432,1432,285.0980836,285.0979413,285.0979764,1.384615385,0.538461538,C13 H18 O7,13,18,7,0,0,0,0,0,0.0,lignin,0.872562986934829
1433,1433,285.0616576,285.0615154,285.0615909,1.166666667,0.666666667,C12 H14 O8,12,14,8,0,0,0,0,0,0.0,lignin,0.9194024391616938
1434,1434,285.0406812,285.040539,285.0404615,0.666666667,0.4,C15 H10 O6,15,10,6,0,0,0,0,0,0.0,pah,0.9718639562799419
1435,1435,285.02529,285.0251478,285.0252054,0.909090909,0.818181818,C11 H10 O9,11,10,9,0,0,0,0,0,0.0,tannin,0.8799872625722012
1436,1436,284.2677457,284.2676043,284.2676087,2.117647059,0.117647059,C17 H36 O2 13C1,18,36,2,0,0,1,0,0,0.0,lipid,0.8397562915136021
1437,1437,284.1221852,284.1220439,284.1220667,1.538461538,0.461538462,C13 H20 O6 13C1,14,20,6,0,0,1,0,0,0.0,lignin,0.865009132751888
1438,1438,283.2644512,283.2643109,283.2642539,2.0,0.111111111,C18 H36 O2,18,36,2,0,0,0,0,0,0.0,lipid,0.8770945807524335
1439,1439,283.2280837,283.2279434,283.2278684,1.882352941,0.176470588,C17 H32 O3,17,32,3,0,0,0,0,0,0.0,lipid,0.8785063431314383
1440,1440,283.1552039,283.1550637,283.1550973,1.6,0.333333333,C15 H24 O5,15,24,5,0,0,0,0,0,0.0,lipid,0.8675498355300935
1441,1441,283.1375573,283.1374171,283.1373393,1.6,0.2,C15 H24 O3 S1,15,24,3,1,0,0,0,0,0.0,lipid,0.8700713319837007
1442,1442,283.118785,283.1186448,283.1187118,1.428571429,0.428571429,C14 H20 O6,14,20,6,0,0,0,0,0,0.0,lignin,0.8706009725410737
1443,1443,283.0823838,283.0822437,283.0823263,1.230769231,0.538461538,C13 H16 O7,13,16,7,0,0,0,0,0,0.0,lignin,0.8795806768065049
1444,1444,283.0460389,283.0458988,283.0459408,1.0,0.666666667,C12 H12 O8,12,12,8,0,0,0,0,0,0.0,lignin,0.9662114318864898
1445,1445,282.1430046,282.1428654,282.1428021,1.571428571,0.357142857,C14 H22 O5 13C1,15,22,5,0,0,1,0,0,0.0,lipid,0.8702547636706525
1446,1446,282.1066329,282.1064938,282.1064166,1.384615385,0.461538462,C13 H18 O6 13C1,14,18,6,0,0,1,0,0,0.0,lignin,0.8723195464393999
1447,1447,281.2487903,281.2486521,281.2486038,1.888888889,0.111111111,C18 H34 O2,18,34,2,0,0,0,0,0,0.0,lipid,0.8838586990822513
1448,1448,281.1758883,281.1757502,281.1758328,1.625,0.25,C16 H26 O4,16,26,4,0,0,0,0,0,0.0,lipid,0.8692593640557673
1449,1449,281.1395187,281.1393806,281.1394473,1.466666667,0.333333333,C15 H22 O5,15,22,5,0,0,0,0,0,0.0,lignin,0.7458235257660838
1450,1450,281.1065653,281.1064272,281.1064331,2.0,0.545454545,C11 H22 O6 S1,11,22,6,1,0,0,0,0,0.0,carbohydrate,0.8501116136175029
1451,1451,281.1031516,281.1030135,281.1030618,1.285714286,0.428571429,C14 H18 O6,14,18,6,0,0,0,0,0,0.0,lignin,0.8765624363313425
1452,1452,281.0668349,281.0666969,281.0666763,1.076923077,0.538461538,C13 H14 O7,13,14,7,0,0,0,0,0,0.0,lignin,0.958514123118188
1453,1453,281.0304837,281.0303458,281.0302907,0.833333333,0.666666667,C12 H10 O8,12,10,8,0,0,0,0,0,0.0,tannin,0.883592315610249
1454,1454,280.1272184,280.1270814,280.127152,1.428571429,0.357142857,C14 H20 O5 13C1,15,20,5,0,0,1,0,0,0.0,lignin,0.8616604073636042
1455,1455,279.2330066,279.2328705,279.2329537,1.777777778,0.111111111,C18 H32 O2,18,32,2,0,0,0,0,0,0.0,lipid,0.8664906780952535
1456,1456,279.1602505,279.1601145,279.1601827,1.5,0.25,C16 H24 O4,16,24,4,0,0,0,0,0,0.0,lipid,0.8640233978015288
1457,1457,279.1238985,279.1237626,279.1237972,1.333333333,0.333333333,C15 H20 O5,15,20,5,0,0,0,0,0,0.0,lignin,0.8661166067820245
1458,1458,279.0875685,279.0874326,279.0874117,1.142857143,0.428571429,C14 H16 O6,14,16,6,0,0,0,0,0,0.0,lignin,0.9228857893956848
1459,1459,279.0512352,279.0510993,279.0510262,0.923076923,0.538461538,C13 H12 O7,13,12,7,0,0,0,0,0,0.0,tannin,0.8805200645452522
1460,1460,279.0148537,279.0147178,279.0146407,0.666666667,0.666666667,C12 H8 O8,12,8,8,0,0,0,0,0,0.0,tannin,0.82700571926129
1461,1461,277.1446349,277.144501,277.1445327,1.375,0.25,C16 H22 O4,16,22,4,0,0,0,0,0,0.0,lignin,0.8618416068192193
1462,1462,277.1083018,277.108168,277.1081471,1.2,0.333333333,C15 H18 O5,15,18,5,0,0,0,0,0,0.0,lignin,0.8836215061060398
1463,1463,277.0719546,277.0718208,277.0717616,1.0,0.428571429,C14 H14 O6,14,14,6,0,0,0,0,0,0.0,lignin,0.9684118433108614
1464,1464,277.0355748,277.035441,277.0353761,0.769230769,0.538461538,C13 H10 O7,13,10,7,0,0,0,0,0,0.0,tannin,0.9013272669331995
1465,1465,275.1687646,275.1686327,275.1686394,2.0,0.214285714,C14 H28 O3 S1,14,28,3,1,0,0,0,0,0.0,lipid,0.8389058291786393
1466,1466,275.1289646,275.1288328,275.1288826,1.25,0.25,C16 H20 O4,16,20,4,0,0,0,0,0,0.0,lignin,0.8780347925336163
1467,1467,275.0926101,275.0924784,275.0924971,1.066666667,0.333333333,C15 H16 O5,15,16,5,0,0,0,0,0,0.0,lignin,0.9685329828934813
1468,1468,275.0773289,275.0771971,275.0772409,1.454545455,0.727272727,C11 H16 O8,11,16,8,0,0,0,0,0,0.0,lignin,0.5698786521697949
1469,1469,275.056272,275.0561403,275.0561116,0.857142857,0.428571429,C14 H12 O6,14,12,6,0,0,0,0,0,0.0,tannin,0.8796103048836432
1470,1470,275.0409211,275.0407894,275.0408554,1.2,0.9,C10 H12 O9,10,12,9,0,0,0,0,0,0.0,lignin,0.5162213695115727
1471,1471,273.2073241,273.2071943,273.2071329,2.0,0.266666667,C15 H30 O4,15,30,4,0,0,0,0,0,0.0,lipid,0.8710673809000878
1472,1472,273.1345504,273.1344207,273.1343619,1.692307692,0.461538462,C13 H22 O6,13,22,6,0,0,0,0,0,0.0,lipid,0.8634269925096673
1473,1473,273.0981517,273.098022,273.0979764,1.5,0.583333333,C12 H18 O7,12,18,7,0,0,0,0,0,0.0,lignin,0.7474533339925153
1474,1474,273.0768983,273.0767686,273.076847,0.933333333,0.333333333,C15 H14 O5,15,14,5,0,0,0,0,0,0.0,tannin,0.8792914317120892
1475,1475,273.0617794,273.0616497,273.0615909,1.272727273,0.727272727,C11 H14 O8,11,14,8,0,0,0,0,0,0.0,lignin,0.617976151471981
1476,1476,273.0404948,273.0403652,273.0404615,0.714285714,0.428571429,C14 H10 O6,14,10,6,0,0,0,0,0,0.0,tannin,0.818085748610951
1477,1477,271.2279655,271.2278378,271.2278684,2.0,0.1875,C16 H32 O3,16,32,3,0,0,0,0,0,0.0,lipid,0.8415645208296552
1478,1478,271.1552093,271.1550817,271.1550973,1.714285714,0.357142857,C14 H24 O5,14,24,5,0,0,0,0,0,0.0,lipid,0.8771012368043729
1479,1479,271.1188103,271.1186827,271.1187118,1.538461538,0.461538462,C13 H20 O6,13,20,6,0,0,0,0,0,0.0,lignin,0.865009132751888
1480,1480,271.0824231,271.0822955,271.0823263,1.333333333,0.583333333,C12 H16 O7,12,16,7,0,0,0,0,0,0.0,lignin,0.8745603020781274
1481,1481,271.0613669,271.0612394,271.061197,0.8,0.333333333,C15 H12 O5,15,12,5,0,0,0,0,0,0.0,tannin,0.8229315232051132
1482,1482,271.0460637,271.0459362,271.0459408,1.090909091,0.727272727,C11 H12 O8,11,12,8,0,0,0,0,0,0.0,lignin,0.9563504104913259
1483,1483,270.1066103,270.1064838,270.1064166,1.5,0.5,C12 H18 O6 13C1,13,18,6,0,0,1,0,0,0.0,lignin,0.8676829946156379
1484,1484,269.2487574,269.2486318,269.2486038,2.0,0.117647059,C17 H34 O2,17,34,2,0,0,0,0,0,0.0,lipid,0.8478942514440359
1485,1485,269.2123724,269.2122468,269.2122183,1.875,0.1875,C16 H30 O3,16,30,3,0,0,0,0,0,0.0,lipid,0.877790463457971
1486,1486,269.1759886,269.175863,269.1758328,1.733333333,0.266666667,C15 H26 O4,15,26,4,0,0,0,0,0,0.0,lipid,0.8540235151265729
1487,1487,269.1396245,269.1394989,269.1394473,1.571428571,0.357142857,C14 H22 O5,14,22,5,0,0,0,0,0,0.0,lipid,0.8702547636706525
1488,1488,269.1032407,269.1031152,269.1030618,1.384615385,0.461538462,C13 H18 O6,13,18,6,0,0,0,0,0,0.0,lignin,0.8723195464393999
1489,1489,269.0668513,269.0667258,269.0666763,1.166666667,0.583333333,C12 H14 O7,12,14,7,0,0,0,0,0,0.0,lignin,0.8841567184005946
1490,1490,269.0304805,269.0303551,269.0302907,0.909090909,0.727272727,C11 H10 O8,11,10,8,0,0,0,0,0,0.0,tannin,0.8797207781250623
1491,1491,268.127289,268.1271645,268.127152,1.538461538,0.384615385,C13 H20 O5 13C1,14,20,5,0,0,1,0,0,0.0,lipid,0.5719581519921004
1492,1492,267.2330054,267.2328819,267.2329537,1.882352941,0.117647059,C17 H32 O2,17,32,2,0,0,0,0,0,0.0,lipid,0.8837812979771715
1493,1493,267.1966412,267.1965177,267.1965682,1.75,0.1875,C16 H28 O3,16,28,3,0,0,0,0,0,0.0,lipid,0.8662763435666504
1494,1494,267.1602736,267.1601502,267.1601827,1.6,0.266666667,C15 H24 O4,15,24,4,0,0,0,0,0,0.0,lipid,0.8699419237753343
1495,1495,267.1438711,267.1437477,267.1436998,2.166666667,0.333333333,C12 H26 O4 34S1,12,26,4,0,0,0,1,0,0.0,lipid,0.8439606065299738
1496,1496,267.1238657,267.1237422,267.1237972,1.428571429,0.357142857,C14 H20 O5,14,20,5,0,0,0,0,0,0.0,lignin,0.8616604073636042
1497,1497,267.0875172,267.0873938,267.0874117,1.230769231,0.461538462,C13 H16 O6,13,16,6,0,0,0,0,0,0.0,lignin,0.8801680447340925
1498,1498,267.0511511,267.0510277,267.0510262,1.0,0.583333333,C12 H12 O7,12,12,7,0,0,0,0,0,0.0,lignin,0.9670243888147484
1499,1499,267.0147907,267.0146674,267.0146407,0.727272727,0.727272727,C11 H8 O8,11,8,8,0,0,0,0,0,0.0,tannin,0.8848282378444832
1500,1500,266.1513044,266.1511819,266.1512588,2.363636364,0.363636364,C11 H26 O4 S1 13C1,12,26,4,1,0,1,0,0,0.0,lipid,0.8467221560733055
1501,1501,265.1479605,265.1478391,265.147904,2.166666667,0.333333333,C12 H26 O4 S1,12,26,4,1,0,0,0,0,0.0,lipid,0.8439606065299738
1502,1502,265.1446393,265.1445179,265.1445327,1.466666667,0.266666667,C15 H22 O4,15,22,4,0,0,0,0,0,0.0,lipid,0.7144034340218586
1503,1503,265.1083136,265.1081923,265.1081471,1.285714286,0.357142857,C14 H18 O5,14,18,5,0,0,0,0,0,0.0,lignin,0.8761678532568254
1504,1504,265.0719269,265.0718055,265.0717616,1.076923077,0.461538462,C13 H14 O6,13,14,6,0,0,0,0,0,0.0,lignin,0.9592666436131461
1505,1505,265.0355655,265.0354442,265.0353761,0.833333333,0.583333333,C12 H10 O7,12,10,7,0,0,0,0,0,0.0,tannin,0.8829608395645365
1506,1506,263.1290425,263.1289232,263.1288826,1.333333333,0.266666667,C15 H20 O4,15,20,4,0,0,0,0,0,0.0,lignin,0.8643531046476595
1507,1507,263.0925966,263.0924773,263.0924971,1.142857143,0.357142857,C14 H16 O5,14,16,5,0,0,0,0,0,0.0,lignin,0.8899387864660806
1508,1508,263.0561879,263.0560686,263.0561116,0.923076923,0.461538462,C13 H12 O6,13,12,6,0,0,0,0,0,0.0,tannin,0.8803741010005701
1509,1509,263.0197823,263.0196631,263.0197261,0.666666667,0.583333333,C12 H8 O7,12,8,7,0,0,0,0,0,0.0,tannin,0.8206124861046133
1510,1510,261.1134196,261.1133023,261.1132325,1.2,0.266666667,C15 H18 O4,15,18,4,0,0,0,0,0,0.0,lignin,0.8833469796211233
1511,1511,261.07702,261.0769028,261.076847,1.0,0.357142857,C14 H14 O5,14,14,5,0,0,0,0,0,0.0,lignin,0.9712665519432703
1512,1512,261.0616507,261.0615335,261.0615909,1.4,0.8,C10 H14 O8,10,14,8,0,0,0,0,0,0.0,lignin,0.5719353798061967
1513,1513,261.0405973,261.0404802,261.0404615,0.769230769,0.461538462,C13 H10 O6,13,10,6,0,0,0,0,0,0.0,tannin,0.9161081334834578
1514,1514,259.1187743,259.1186591,259.1187118,1.666666667,0.5,C12 H20 O6,12,20,6,0,0,0,0,0,0.0,lipid,0.8630386568279025
1515,1515,259.0824356,259.0823205,259.0823263,1.454545455,0.636363636,C11 H16 O7,11,16,7,0,0,0,0,0,0.0,lignin,0.572441270437551
1516,1516,259.0612623,259.0611472,259.061197,0.857142857,0.357142857,C14 H12 O5,14,12,5,0,0,0,0,0,0.0,tannin,0.8784378198157887
1517,1517,259.046102,259.0459869,259.0459408,1.2,0.8,C10 H12 O8,10,12,8,0,0,0,0,0,0.0,lignin,0.6192323727929736
1518,1518,257.2398474,257.2397342,257.2396634,2.285714286,0.142857143,C14 H32 O2 13C2,16,32,2,0,0,2,0,0,0.0,lipid,0.8732328619715949
1519,1519,257.1396015,257.1394884,257.1394473,1.692307692,0.384615385,C13 H22 O5,13,22,5,0,0,0,0,0,0.0,lipid,0.8769921992872316
1520,1520,257.1031582,257.1030452,257.1030618,1.5,0.5,C12 H18 O6,12,18,6,0,0,0,0,0,0.0,lignin,0.8676829946156379
1521,1521,257.0667218,257.0666087,257.0666763,1.272727273,0.636363636,C11 H14 O7,11,14,7,0,0,0,0,0,0.0,lignin,0.8771364992215908
1522,1522,257.0303537,257.0302407,257.0302907,1.0,0.8,C10 H10 O8,10,10,8,0,0,0,0,0,0.0,lignin,0.7990303853485424
1523,1523,256.236457,256.2363448,256.2363086,2.133333333,0.133333333,C15 H32 O2 13C1,16,32,2,0,0,1,0,0,0.0,lipid,0.8380312424721174
1524,1524,255.2330578,255.2329466,255.2329537,2.0,0.125,C16 H32 O2,16,32,2,0,0,0,0,0,0.0,lipid,0.8466221097586686
1525,1525,255.1603434,255.1602323,255.1601827,1.714285714,0.285714286,C14 H24 O4,14,24,4,0,0,0,0,0,0.0,lipid,0.853482732923341
1526,1526,255.1238824,255.1237713,255.1237972,1.538461538,0.384615385,C13 H20 O5,13,20,5,0,0,0,0,0,0.0,lipid,0.5719581519921004
1527,1527,255.0874531,255.0873421,255.0874117,1.333333333,0.5,C12 H16 O6,12,16,6,0,0,0,0,0,0.0,lignin,0.8699801527549464
1528,1528,255.0511246,255.0510136,255.0510262,1.090909091,0.636363636,C11 H12 O7,11,12,7,0,0,0,0,0,0.0,lignin,0.9567757616707718
1529,1529,253.2173599,253.2172508,253.2173037,1.875,0.125,C16 H30 O2,16,30,2,0,0,0,0,0,0.0,lipid,0.8836887788921011
1530,1530,253.1446954,253.1445864,253.1445327,1.571428571,0.285714286,C14 H22 O4,14,22,4,0,0,0,0,0,0.0,lipid,0.8700812875910332
1531,1531,253.1083094,253.1082004,253.1081471,1.384615385,0.384615385,C13 H18 O5,13,18,5,0,0,0,0,0,0.0,lignin,0.8651597799122029
1532,1532,253.0718688,253.0717599,253.0717616,1.166666667,0.5,C12 H14 O6,12,14,6,0,0,0,0,0,0.0,lignin,0.8857116784730561
1533,1533,253.0354274,253.0353185,253.0353761,0.909090909,0.636363636,C11 H10 O7,11,10,7,0,0,0,0,0,0.0,tannin,0.8811867050624571
1534,1534,251.1654324,251.1653254,251.1652681,1.6,0.2,C15 H24 O3,15,24,3,0,0,0,0,0,0.0,lipid,0.8700713319837007
1535,1535,251.1290346,251.1289276,251.1288826,1.428571429,0.285714286,C14 H20 O4,14,20,4,0,0,0,0,0,0.0,lignin,0.7368712791281405
1536,1536,251.0925527,251.0924457,251.0924971,1.230769231,0.384615385,C13 H16 O5,13,16,5,0,0,0,0,0,0.0,lignin,0.8803020531728867
1537,1537,251.0561993,251.0560925,251.0561116,1.0,0.5,C12 H12 O6,12,12,6,0,0,0,0,0,0.0,lignin,0.967808138997418
1538,1538,251.0198864,251.0197796,251.0197261,0.727272727,0.636363636,C11 H8 O7,11,8,7,0,0,0,0,0,0.0,tannin,0.9025400078805583
1539,1539,249.1531226,249.1530176,249.1529893,2.166666667,0.25,C12 H26 O3 S1,12,26,3,1,0,0,0,0,0.0,lipid,0.8694754916912029
1540,1540,249.1497736,249.1496687,249.149618,1.466666667,0.2,C15 H22 O3,15,22,3,0,0,0,0,0,0.0,lipid,0.8643614736075845
1541,1541,249.1167649,249.11666,249.1166038,2.0,0.363636364,C11 H22 O4 S1,11,22,4,1,0,0,0,0,0.0,lipid,0.8535613245334102
1542,1542,249.1133718,249.1132669,249.1132325,1.285714286,0.285714286,C14 H18 O4,14,18,4,0,0,0,0,0,0.0,lignin,0.8756432680984746
1543,1543,249.0768946,249.0767898,249.076847,1.076923077,0.384615385,C13 H14 O5,13,14,5,0,0,0,0,0,0.0,lignin,0.9599781119030222
1544,1544,249.0405754,249.0404706,249.0404615,0.833333333,0.5,C12 H10 O6,12,10,6,0,0,0,0,0,0.0,tannin,0.8809056310801644
1545,1545,247.097744,247.0976411,247.0975825,1.142857143,0.285714286,C14 H16 O4,14,16,4,0,0,0,0,0,0.0,lignin,0.8905559683408016
1546,1546,247.0613147,247.0612119,247.061197,0.923076923,0.384615385,C13 H12 O5,13,12,5,0,0,0,0,0,0.0,tannin,0.8800527660016394
1547,1547,247.0248561,247.0247534,247.0248114,0.666666667,0.5,C12 H8 O6,12,8,6,0,0,0,0,0,0.0,tannin,0.8168720568266542
1548,1548,245.103136,245.1030351,245.1030618,1.636363636,0.545454545,C11 H18 O6,11,18,6,0,0,0,0,0,0.0,lignin,0.4860415211825287
1549,1549,245.0668385,245.0667377,245.0666763,1.4,0.7,C10 H14 O7,10,14,7,0,0,0,0,0,0.0,lignin,0.5941583761359668
1550,1550,245.0456693,245.0455686,245.0455469,0.769230769,0.384615385,C13 H10 O5,13,10,5,0,0,0,0,0,0.0,tannin,0.8220851808574215
1551,1551,244.0980738,244.097974,244.0979168,1.071428571,0.214285714,C14 H15 O3 N1,14,15,3,0,1,0,0,0,0.071428571,lignin,0.9699956231204411
1552,1552,243.1966945,243.1965956,243.1965682,2.0,0.214285714,C14 H28 O3,14,28,3,0,0,0,0,0,0.0,lipid,0.8389058291786393
1553,1553,243.1238455,243.1237467,243.1237972,1.666666667,0.416666667,C12 H20 O5,12,20,5,0,0,0,0,0,0.0,lipid,0.8484704779767288
1554,1554,243.0875712,243.0874724,243.0874117,1.454545455,0.545454545,C11 H16 O6,11,16,6,0,0,0,0,0,0.0,lignin,0.8701747986361525
1555,1555,243.0511078,243.051009,243.0510262,1.2,0.7,C10 H12 O7,10,12,7,0,0,0,0,0,0.0,lignin,0.8797694447716072
1556,1556,242.176222,242.1761241,242.1761671,1.923076923,0.230769231,C13 H25 O3 N1,13,25,3,0,1,0,0,0,0.076923077,lipid,0.8226227908881623
1557,1557,241.2173523,241.2172554,241.2173037,2.0,0.133333333,C15 H30 O2,15,30,2,0,0,0,0,0,0.0,lipid,0.8455569484314254
1558,1558,241.1446018,241.144505,241.1445327,1.692307692,0.307692308,C13 H22 O4,13,22,4,0,0,0,0,0,0.0,lipid,0.8530954505740187
1559,1559,241.1082397,241.1081429,241.1081471,1.5,0.416666667,C12 H18 O5,12,18,5,0,0,0,0,0,0.0,lignin,0.8678052566348139
1560,1560,241.0719056,241.0718088,241.0717616,1.272727273,0.545454545,C11 H14 O6,11,14,6,0,0,0,0,0,0.0,lignin,0.8771087698294489
1561,1561,241.0354172,241.0353205,241.0353761,1.0,0.7,C10 H10 O7,10,10,7,0,0,0,0,0,0.0,lignin,0.9588987788851157
1562,1562,240.0708104,240.0707147,240.0706998,1.333333333,0.555555556,C9 H12 O5 N2 13C1,10,12,5,0,2,1,0,0,0.2,peptide,0.7511863207806777
1563,1563,239.1289291,239.1288343,239.1288826,1.538461538,0.307692308,C13 H20 O4,13,20,4,0,0,0,0,0,0.0,lipid,0.8702607347567184
1564,1564,239.0926385,239.0925437,239.0924971,1.333333333,0.416666667,C12 H16 O5,12,16,5,0,0,0,0,0,0.0,lignin,0.8688136193249996
1565,1565,239.0674984,239.0674036,239.067345,1.2,0.5,C10 H12 O5 N2,10,12,5,0,2,0,0,0,0.2,peptide,0.7856179505300611
1566,1566,239.0561784,239.0560837,239.0561116,1.090909091,0.545454545,C11 H12 O6,11,12,6,0,0,0,0,0,0.0,lignin,0.9581435379013422
1567,1567,239.0198434,239.0197487,239.0197261,0.8,0.7,C10 H8 O7,10,8,7,0,0,0,0,0,0.0,tannin,0.884736928144809
1568,1568,237.149763,237.1496702,237.149618,1.571428571,0.214285714,C14 H22 O3,14,22,3,0,0,0,0,0,0.0,lipid,0.8702130475339157
1569,1569,237.1132802,237.1131874,237.1132325,1.384615385,0.307692308,C13 H18 O4,13,18,4,0,0,0,0,0,0.0,lignin,0.8624515116743717
1570,1570,237.0769994,237.0769066,237.076847,1.166666667,0.416666667,C12 H14 O5,12,14,5,0,0,0,0,0,0.0,lignin,0.8867499409043358
1571,1571,237.0405051,237.0404124,237.0404615,0.909090909,0.545454545,C11 H10 O6,11,10,6,0,0,0,0,0,0.0,tannin,0.8809437603710955
1572,1572,235.1704527,235.1703619,235.1703535,1.6,0.133333333,C15 H24 O2,15,24,2,0,0,0,0,0,0.0,lipid,0.8702388901702303
1573,1573,235.1374759,235.1373851,235.1373393,2.181818182,0.272727273,C11 H24 O3 S1,11,24,3,1,0,0,0,0,0.0,lipid,0.869240892880196
1574,1574,235.1340626,235.1339718,235.133968,1.428571429,0.214285714,C14 H20 O3,14,20,3,0,0,0,0,0,0.0,lipid,0.7145100729298841
1575,1575,235.1010154,235.1009246,235.1009538,2.0,0.4,C10 H20 O4 S1,10,20,4,1,0,0,0,0,0.0,lipid,0.8447719489635173
1576,1576,235.0977087,235.097618,235.0975825,1.230769231,0.307692308,C13 H16 O4,13,16,4,0,0,0,0,0,0.0,lignin,0.8809473911611633
1577,1577,235.061282,235.0611913,235.061197,1.0,0.416666667,C12 H12 O5,12,12,5,0,0,0,0,0,0.0,lignin,0.9685033992024235
1578,1578,235.0249423,235.0248516,235.0248114,0.727272727,0.545454545,C11 H8 O6,11,8,6,0,0,0,0,0,0.0,tannin,0.9164090957137423
1579,1579,233.1183635,233.1182748,233.1183179,1.285714286,0.214285714,C14 H18 O3,14,18,3,0,0,0,0,0,0.0,lignin,0.8751334790006485
1580,1580,233.0820486,233.0819599,233.0819324,1.076923077,0.307692308,C13 H14 O4,13,14,4,0,0,0,0,0,0.0,lignin,0.9606635766244602
1581,1581,233.0456512,233.0455625,233.0455469,0.833333333,0.416666667,C12 H10 O5,12,10,5,0,0,0,0,0,0.0,tannin,0.87916919928608
1582,1582,229.1810551,229.1809703,229.1809182,2.0,0.230769231,C13 H26 O3,13,26,3,0,0,0,0,0,0.0,lipid,0.8380631883514781
1583,1583,229.1064411,229.1063563,229.106357,1.153846154,0.153846154,C13 H15 O2 N1 13C1,14,15,2,0,1,1,0,0,0.071428571,lignin,0.9342006090314505
1584,1584,229.0718813,229.0717966,229.0717616,1.4,0.6,C10 H14 O6,10,14,6,0,0,0,0,0,0.0,lignin,0.8584301370770208
1585,1585,228.2051075,228.2050237,228.2050084,2.153846154,0.153846154,C13 H28 O2 13C1,14,28,2,0,0,1,0,0,0.0,lipid,0.8383872908267034
1586,1586,228.1031338,228.10305,228.1030022,1.071428571,0.142857143,C14 H15 O2 N1,14,15,2,0,1,0,0,0,0.071428571,lignin,0.973415911685429
1587,1587,227.2016963,227.2016134,227.2016536,2.0,0.142857143,C14 H28 O2,14,28,2,0,0,0,0,0,0.0,lipid,0.8446343039770412
1588,1588,227.1289974,227.1289146,227.1288826,1.666666667,0.333333333,C12 H20 O4,12,20,4,0,0,0,0,0,0.0,lipid,0.8528857148046083
1589,1589,227.0925397,227.0924569,227.0924971,1.454545455,0.454545455,C11 H16 O5,11,16,5,0,0,0,0,0,0.0,lignin,0.8690155766808342
1590,1590,227.0562255,227.0561428,227.0561116,1.2,0.6,C10 H12 O6,10,12,6,0,0,0,0,0,0.0,lignin,0.8808019196856739
1591,1591,226.0649878,226.064906,226.0649457,2.333333333,1.333333333,C6 H14 O8 13C1,7,14,8,0,0,1,0,0,0.0,carbohydrate,0.8838801355878898
1592,1592,225.1132771,225.1131963,225.1132325,1.5,0.333333333,C12 H18 O4,12,18,4,0,0,0,0,0,0.0,lipid,0.5716931796575205
1593,1593,225.1034697,225.1033889,225.1033365,1.0,0.071428571,C14 H14 O1 N2,14,14,1,0,2,0,0,0,0.142857143,lignin,0.8127700483154758
1594,1594,225.0769395,225.0768587,225.076847,1.272727273,0.454545455,C11 H14 O5,11,14,5,0,0,0,0,0,0.0,lignin,0.8775102808133075
1595,1595,225.0617208,225.0616401,225.0615909,2.0,1.142857143,C7 H14 O8,7,14,8,0,0,0,0,0,0.0,carbohydrate,0.8844142596513154
1596,1596,225.0405925,225.0405118,225.0404615,1.0,0.6,C10 H10 O6,10,10,6,0,0,0,0,0,0.0,lignin,0.9668622554528324
1597,1597,223.0977019,223.097623,223.0975825,1.333333333,0.333333333,C12 H16 O4,12,16,4,0,0,0,0,0,0.0,lignin,0.8661166067820245
1598,1598,223.061251,223.0611722,223.061197,1.090909091,0.454545455,C11 H12 O5,11,12,5,0,0,0,0,0,0.0,lignin,0.9590426617837522
1599,1599,223.0248577,223.024779,223.0248114,0.8,0.6,C10 H8 O6,10,8,6,0,0,0,0,0,0.0,tannin,0.8830248816816513
1600,1600,221.154803,221.1547261,221.1547034,1.571428571,0.142857143,C14 H22 O2,14,22,2,0,0,0,0,0,0.0,lipid,0.862644097299752
1601,1601,221.0820436,221.0819667,221.0819324,1.166666667,0.333333333,C12 H14 O4,12,14,4,0,0,0,0,0,0.0,lignin,0.8870839726218328
1602,1602,221.0456125,221.0455357,221.0455469,0.909090909,0.454545455,C11 H10 O5,11,10,5,0,0,0,0,0,0.0,tannin,0.8807001091248848
1603,1603,219.0663279,219.066253,219.0662823,1.0,0.333333333,C12 H12 O4,12,12,4,0,0,0,0,0,0.0,lignin,0.971379137099223
1604,1604,213.1860842,213.1860151,213.1860035,2.0,0.153846154,C13 H26 O2,13,26,2,0,0,0,0,0,0.0,lipid,0.8437969020870428
1605,1605,213.0768989,213.0768299,213.076847,1.4,0.5,C10 H14 O5,10,14,5,0,0,0,0,0,0.0,lignin,0.8720374103014963
1606,1606,213.0017121,213.0016432,213.0015741,0.5,0.166666667,C12 H6 O2 S1,12,6,2,1,0,0,0,0,0.0,pah,0.9717590505896494
1607,1607,211.09769,211.097623,211.0975825,1.454545455,0.363636364,C11 H16 O4,11,16,4,0,0,0,0,0,0.0,lignin,0.8693603059830572
1608,1608,211.0612857,211.0612187,211.061197,1.2,0.5,C10 H12 O5,10,12,5,0,0,0,0,0,0.0,lignin,0.882755218147269
1609,1609,210.1118113,210.1117453,210.1117768,1.076923077,0.0,C13 H14 N2 13C1,14,14,0,0,2,1,0,0,0.142857143,lignin,0.9711307106239889
1610,1610,209.1084811,209.108416,209.1084219,1.0,0.0,C14 H14 N2,14,14,0,0,2,0,0,0,0.142857143,tannin,0.7344507200954984
1611,1611,209.0455957,209.0455307,209.0455469,1.0,0.5,C10 H10 O5,10,10,5,0,0,0,0,0,0.0,lignin,0.967808138997418
1612,1612,207.06639,207.0663269,207.0662823,1.090909091,0.363636364,C11 H12 O4,11,12,4,0,0,0,0,0,0.0,lignin,0.9599275223067515
1613,1613,205.1598857,205.1598244,205.1597888,1.571428571,0.071428571,C14 H22 O1,14,22,1,0,0,0,0,0,0.0,lipid,0.8632299065953071
1614,1614,201.1132681,201.1132108,201.1132325,1.8,0.4,C10 H18 O4,10,18,4,0,0,0,0,0,0.0,lipid,0.858519105865479
1615,1615,199.1704225,199.170367,199.1703535,2.0,0.166666667,C12 H24 O2,12,24,2,0,0,0,0,0,0.0,lipid,0.8429723341118256
1616,1616,191.0197893,191.0197416,191.0197261,1.333333333,1.166666667,C6 H8 O7,6,8,7,0,0,0,0,0,0.0,carbohydrate,0.5685589434227463
1617,1617,187.1340263,187.1339823,187.133968,2.0,0.3,C10 H20 O3,10,20,3,0,0,0,0,0,0.0,lipid,0.8705109490643401
1618,1618,187.0976474,187.0976035,187.0975825,1.777777778,0.444444444,C9 H16 O4,9,16,4,0,0,0,0,0,0.0,lipid,0.8570983652900761
1619,1619,171.1391235,171.1390946,171.1390534,2.0,0.2,C10 H20 O2,10,20,2,0,0,0,0,0,0.0,lipid,0.8401667893530744
