,Unnamed: 0,m/z,Calibrated m/z,Calculated m/z,H/C,O/C,Molecular Formula,C,H,O,S,N,13C,34S,18O,N/C,compound_class,probability
0,0,661.3847067,661.3840246,661.3839751,0.980392157,0.0,C51 H50,51,50,0,0,0,0,0,0,0.0,tannin,0.8024151074082078
1,1,661.3847067,661.3840246,661.3838367,2.066666667,0.433333333,C30 H62 O13 S1,30,62,13,1,0,0,0,0,0.0,lipid,0.8440588848500654
2,2,619.2401742,619.2395583,619.2396148,1.290322581,0.419354839,C31 H40 O13,31,40,13,0,0,0,0,0,0.0,lignin,0.8762670081126418
3,3,617.3584214,617.3578084,617.3576219,2.071428571,0.428571429,C28 H58 O12 S1,28,58,12,1,0,0,0,0,0.0,lipid,0.8440522144772942
4,4,607.2401374,607.23954,607.2396148,1.333333333,0.433333333,C30 H40 O13,30,40,13,0,0,0,0,0,0.0,lignin,0.8691480155366087
5,5,607.2039221,607.2033248,607.2032293,1.24137931,0.482758621,C29 H36 O14,29,36,14,0,0,0,0,0,0.0,lignin,0.8793327364622143
6,6,605.2606945,605.2601001,605.2603503,1.35483871,0.387096774,C31 H42 O12,31,42,12,0,0,0,0,0,0.0,lignin,0.8669146754098971
7,7,605.2606945,605.2601001,605.2598372,0.772727273,0.022727273,C44 H34 O1 N2,44,34,1,0,2,0,0,0,0.045454545,pah,0.9719991562793039
8,8,605.2242964,605.223702,605.2239647,1.266666667,0.433333333,C30 H38 O13,30,38,13,0,0,0,0,0,0.0,lignin,0.8778828040458311
9,9,605.2242964,605.223702,605.2234517,0.697674419,0.046511628,C43 H30 O2 N2,43,30,2,0,2,0,0,0,0.046511628,pah,0.9718803864720927
10,10,603.2450472,603.2444559,603.2447002,1.290322581,0.387096774,C31 H40 O12,31,40,12,0,0,0,0,0,0.0,lignin,0.8760808544902249
11,11,603.2450472,603.2444559,603.2441871,0.727272727,0.022727273,C44 H32 O1 N2,44,32,1,0,2,0,0,0,0.045454545,pah,0.9719364149021045
12,12,603.2086363,603.2080451,603.2083147,1.2,0.433333333,C30 H36 O13,30,36,13,0,0,0,0,0,0.0,lignin,0.883365151419764
13,13,603.2086363,603.2080451,603.2078016,0.651162791,0.046511628,C43 H28 O2 N2,43,28,2,0,2,0,0,0,0.046511628,pah,0.97184964497593
14,14,597.255548,597.2549658,597.2547518,0.80952381,0.047619048,C42 H34 O2 N2,42,34,2,0,2,0,0,0,0.047619048,pah,0.972015951253549
15,15,597.2192563,597.2186742,597.2188794,1.357142857,0.5,C28 H38 O14,28,38,14,0,0,0,0,0,0.0,lignin,0.8734434156009463
16,16,595.2401459,595.2395668,595.2396148,1.379310345,0.448275862,C29 H40 O13,29,40,13,0,0,0,0,0,0.0,lignin,0.8673579182873761
17,17,595.2039898,595.2034107,595.2032293,1.285714286,0.5,C28 H36 O14,28,36,14,0,0,0,0,0,0.0,lignin,0.8765520376333292
18,18,593.2610818,593.2605057,593.2603503,1.4,0.4,C30 H42 O12,30,42,12,0,0,0,0,0,0.0,lignin,0.8650315480811424
19,19,593.224818,593.224242,593.2239647,1.310344828,0.448275862,C29 H38 O13,29,38,13,0,0,0,0,0,0.0,lignin,0.8705479785831093
20,20,591.2455086,591.2449356,591.2447002,1.333333333,0.4,C30 H40 O12,30,40,12,0,0,0,0,0,0.0,lignin,0.8684353473610669
21,21,591.2090158,591.2084428,591.2083147,1.24137931,0.448275862,C29 H36 O13,29,36,13,0,0,0,0,0,0.0,lignin,0.8794840786340752
22,22,591.1724415,591.1718686,591.1719292,1.142857143,0.5,C28 H32 O14,28,32,14,0,0,0,0,0,0.0,lignin,0.9216463597436804
23,23,589.2295116,589.2289416,589.2290501,1.266666667,0.4,C30 H38 O12,30,38,12,0,0,0,0,0,0.0,lignin,0.8778289988622958
24,24,589.1930809,589.192511,589.1926646,1.172413793,0.448275862,C29 H34 O13,29,34,13,0,0,0,0,0,0.0,lignin,0.8858128470182993
25,25,589.1567269,589.156157,589.1562791,1.071428571,0.5,C28 H30 O14,28,30,14,0,0,0,0,0,0.0,lignin,0.9590229650675004
26,26,587.2140825,587.2135155,587.2134001,1.2,0.4,C30 H36 O12,30,36,12,0,0,0,0,0,0.0,lignin,0.8835408201059775
27,27,583.2400085,583.2394475,583.2396148,1.428571429,0.464285714,C28 H40 O13,28,40,13,0,0,0,0,0,0.0,lignin,0.870907167977861
28,28,583.2036939,583.203133,583.2032293,1.333333333,0.518518519,C27 H36 O14,27,36,14,0,0,0,0,0,0.0,lignin,0.8743605220820723
29,29,581.2247777,581.2242197,581.2239647,1.357142857,0.464285714,C28 H38 O13,28,38,13,0,0,0,0,0,0.0,lignin,0.8686083044519426
30,30,581.1883991,581.1878412,581.1875792,1.259259259,0.518518519,C27 H34 O14,27,34,14,0,0,0,0,0,0.0,lignin,0.8780224614469253
31,31,579.2813288,579.2807738,579.2805726,0.837209302,0.0,C43 H36 N2,43,36,0,0,2,0,0,0,0.046511628,pah,0.9721822740860677
32,32,579.2449762,579.2444212,579.2447002,1.379310345,0.413793103,C29 H40 O12,29,40,12,0,0,0,0,0,0.0,lignin,0.8665205515471559
33,33,579.2449762,579.2444212,579.2441871,0.761904762,0.023809524,C42 H32 O1 N2,42,32,1,0,2,0,0,0,0.047619048,pah,0.9719808395373741
34,34,579.2088543,579.2082993,579.2083147,1.285714286,0.464285714,C28 H36 O13,28,36,13,0,0,0,0,0,0.0,lignin,0.8766118765676509
35,35,579.1727111,579.1721562,579.1719292,1.185185185,0.518518519,C27 H32 O14,27,32,14,0,0,0,0,0,0.0,lignin,0.8837402995560908
36,36,577.2661319,577.2655798,577.2654356,1.4,0.366666667,C30 H42 O11,30,42,11,0,0,0,0,0,0.0,lignin,0.8634391430317547
37,37,577.2295015,577.2289496,577.2290501,1.310344828,0.413793103,C29 H38 O12,29,38,12,0,0,0,0,0,0.0,lignin,0.8699839885476377
38,38,577.1929786,577.1924267,577.1926646,1.214285714,0.464285714,C28 H34 O13,28,34,13,0,0,0,0,0,0.0,lignin,0.8813751146614797
39,39,577.1929786,577.1924267,577.1921516,0.634146341,0.048780488,C41 H26 O2 N2,41,26,2,0,2,0,0,0,0.048780488,pah,0.9718394934051009
40,40,575.2505773,575.2500282,575.2497856,1.333333333,0.366666667,C30 H40 O11,30,40,11,0,0,0,0,0,0.0,lignin,0.8674465322580156
41,41,575.2142151,575.2136661,575.2134001,1.24137931,0.413793103,C29 H36 O12,29,36,12,0,0,0,0,0,0.0,lignin,0.8795414784617815
42,42,575.1777439,575.177195,575.1770146,1.142857143,0.464285714,C28 H32 O13,28,32,13,0,0,0,0,0,0.0,lignin,0.9223318887794252
43,43,573.3318888,573.3313426,573.3314072,2.076923077,0.423076923,C26 H54 O11 S1,26,54,11,1,0,0,0,0,0.0,lipid,0.8440447681668722
44,44,573.2346699,573.2341239,573.2341355,1.266666667,0.366666667,C30 H38 O11,30,38,11,0,0,0,0,0,0.0,lignin,0.8776744943687756
45,45,573.1983854,573.1978395,573.19775,1.172413793,0.413793103,C29 H34 O12,29,34,12,0,0,0,0,0,0.0,lignin,0.8861158924088819
46,46,571.2187999,571.2182569,571.2184854,1.2,0.366666667,C30 H36 O11,30,36,11,0,0,0,0,0,0.0,lignin,0.8836265023179862
47,47,571.2187999,571.2182569,571.2179724,0.651162791,0.0,C43 H28 N2,43,28,0,0,2,0,0,0,0.046511628,pah,0.971885395882462
48,48,569.2243146,569.2237746,569.2239647,1.407407407,0.481481481,C27 H38 O13,27,38,13,0,0,0,0,0,0.0,lignin,0.871674889920112
49,49,569.1878916,569.1873516,569.1875792,1.307692308,0.538461538,C26 H34 O14,26,34,14,0,0,0,0,0,0.0,lignin,0.8758066511121175
50,50,567.2452967,567.2447596,567.2447002,1.428571429,0.428571429,C28 H40 O12,28,40,12,0,0,0,0,0,0.0,lignin,0.8706009725410737
51,51,567.2087394,567.2082024,567.2083147,1.333333333,0.481481481,C27 H36 O13,27,36,13,0,0,0,0,0,0.0,lignin,0.869834938063516
52,52,567.1723123,567.1717753,567.1719292,1.230769231,0.538461538,C26 H32 O14,26,32,14,0,0,0,0,0,0.0,lignin,0.8795806768065049
53,53,565.2662348,565.2657007,565.2654356,1.448275862,0.379310345,C29 H42 O11,29,42,11,0,0,0,0,0,0.0,lignin,0.8696302640421868
54,54,565.2296991,565.229165,565.2290501,1.357142857,0.428571429,C28 H38 O12,28,38,12,0,0,0,0,0,0.0,lignin,0.8679099128646616
55,55,565.1931195,565.1925855,565.1926646,1.259259259,0.481481481,C27 H34 O13,27,34,13,0,0,0,0,0,0.0,lignin,0.8782226361091245
56,56,565.1565799,565.1560459,565.1562791,1.153846154,0.538461538,C26 H30 O14,26,30,14,0,0,0,0,0,0.0,lignin,0.9198369273804101
57,57,565.1565799,565.1560459,565.155766,0.564102564,0.076923077,C39 H22 O3 N2,39,22,3,0,2,0,0,0,0.051282051,pah,0.9718015417896766
58,58,565.120227,565.1196931,565.1198936,1.04,0.6,C25 H26 O15,25,26,15,0,0,0,0,0,0.0,lignin,0.9588443212484137
59,59,563.2869703,563.2864391,563.2861711,1.466666667,0.333333333,C30 H44 O10,30,44,10,0,0,0,0,0,0.0,lignin,0.7458235257660838
60,60,563.2503364,563.2498052,563.2497856,1.379310345,0.379310345,C29 H40 O11,29,40,11,0,0,0,0,0,0.0,lignin,0.8652095975093472
61,61,563.2137696,563.2132385,563.2134001,1.285714286,0.428571429,C28 H36 O12,28,36,12,0,0,0,0,0,0.0,lignin,0.8765624363313425
62,62,563.1773023,563.1767712,563.1770146,1.185185185,0.481481481,C27 H32 O13,27,32,13,0,0,0,0,0,0.0,lignin,0.8842295107609578
63,63,563.1773023,563.1767712,563.1765015,0.6,0.05,C40 H24 O2 N2,40,24,2,0,2,0,0,0,0.05,pah,0.9718250434803709
64,64,563.1410222,563.1404912,563.140629,1.076923077,0.538461538,C26 H28 O14,26,28,14,0,0,0,0,0,0.0,lignin,0.958514123118188
65,65,561.2709823,561.2704541,561.270521,1.4,0.333333333,C30 H42 O10,30,42,10,0,0,0,0,0,0.0,lignin,0.8623298135478409
66,66,561.234575,561.2340468,561.2341355,1.310344828,0.379310345,C29 H38 O11,29,38,11,0,0,0,0,0,0.0,lignin,0.8692229440344399
67,67,561.1982153,561.1976871,561.19775,1.214285714,0.428571429,C28 H34 O12,28,34,12,0,0,0,0,0,0.0,lignin,0.8822079691409765
68,68,561.1619113,561.1613832,561.1613645,1.111111111,0.481481481,C27 H30 O13,27,30,13,0,0,0,0,0,0.0,lignin,0.9584151683328439
69,69,561.1255548,561.1250268,561.124979,1.0,0.538461538,C26 H26 O14,26,26,14,0,0,0,0,0,0.0,lignin,0.9674538429047035
70,70,561.0893058,561.0887779,561.0885935,0.88,0.6,C25 H22 O15,25,22,15,0,0,0,0,0,0.0,tannin,0.8819395320438919
71,71,559.255209,559.2546837,559.254871,1.333333333,0.333333333,C30 H40 O10,30,40,10,0,0,0,0,0,0.0,lignin,0.8661166067820245
72,72,559.2188005,559.2182753,559.2184854,1.24137931,0.379310345,C29 H36 O11,29,36,11,0,0,0,0,0,0.0,lignin,0.8794922522837749
73,73,559.1825758,559.1820507,559.1820999,1.142857143,0.428571429,C28 H32 O12,28,32,12,0,0,0,0,0,0.0,lignin,0.9228857893956848
74,74,557.2399651,557.2394428,557.2392209,1.266666667,0.333333333,C30 H38 O10,30,38,10,0,0,0,0,0,0.0,lignin,0.877486043683524
75,75,557.0940819,557.0935598,557.0936789,0.846153846,0.538461538,C26 H22 O14,26,22,14,0,0,0,0,0,0.0,tannin,0.8823175316674817
76,76,555.2089056,555.2083863,555.2083147,1.384615385,0.5,C26 H36 O13,26,36,13,0,0,0,0,0,0.0,lignin,0.8729662792649842
77,77,555.1724491,555.1719299,555.1719292,1.28,0.56,C25 H32 O14,25,32,14,0,0,0,0,0,0.0,lignin,0.8770615616849229
78,78,553.2657544,553.2652379,553.2654356,1.5,0.392857143,C28 H42 O11,28,42,11,0,0,0,0,0,0.0,lignin,0.7460073806028891
79,79,553.2293198,553.2288034,553.2290501,1.407407407,0.444444444,C27 H38 O12,27,38,12,0,0,0,0,0,0.0,lignin,0.8713746702744576
80,80,553.2293198,553.2288034,553.2285371,0.75,0.025,C40 H30 O1 N2,40,30,1,0,2,0,0,0,0.05,pah,0.9719623837887422
81,81,553.2212951,553.2207787,553.220675,0.894736842,0.052631579,C38 H34 O2 S1,38,34,2,1,0,0,0,0,0.0,pah,0.9722042142654471
82,82,553.1930976,553.1925813,553.1926646,1.307692308,0.5,C26 H34 O13,26,34,13,0,0,0,0,0,0.0,lignin,0.8754866996215374
83,83,553.1569166,553.1564004,553.1562791,1.2,0.56,C25 H30 O14,25,30,14,0,0,0,0,0,0.0,lignin,0.8819425894043175
84,84,551.2504927,551.2499793,551.2497856,1.428571429,0.392857143,C28 H40 O11,28,40,11,0,0,0,0,0,0.0,lignin,0.8703245834450517
85,85,551.2140899,551.2135765,551.2134001,1.333333333,0.444444444,C27 H36 O12,27,36,12,0,0,0,0,0,0.0,lignin,0.8693541802948938
86,86,551.1776353,551.1771219,551.1770146,1.230769231,0.5,C26 H32 O13,26,32,13,0,0,0,0,0,0.0,lignin,0.8799244760255162
87,87,551.1411388,551.1406255,551.140629,1.12,0.56,C25 H28 O14,25,28,14,0,0,0,0,0,0.0,lignin,0.9570016628666871
88,88,551.1046433,551.10413,551.1042435,1.0,0.625,C24 H24 O15,24,24,15,0,0,0,0,0,0.0,lignin,0.9666179357340191
89,89,549.2708097,549.2702991,549.270521,1.448275862,0.344827586,C29 H42 O10,29,42,10,0,0,0,0,0,0.0,lignin,0.8693905592969292
90,90,549.23437,549.2338595,549.2336224,0.731707317,0.0,C41 H30 N2,41,30,0,0,2,0,0,0,0.048780488,pah,0.9719697402158353
91,91,549.1981112,549.1976008,549.19775,1.259259259,0.444444444,C27 H34 O12,27,34,12,0,0,0,0,0,0.0,lignin,0.8783299728782883
92,92,549.1619383,549.1614279,549.1613645,1.153846154,0.5,C26 H30 O13,26,30,13,0,0,0,0,0,0.0,lignin,0.8870157331268812
93,93,547.2919605,547.2914529,547.2912565,1.466666667,0.3,C30 H44 O9,30,44,9,0,0,0,0,0,0.0,lipid,0.572147637527775
94,94,547.2555564,547.2550488,547.254871,1.379310345,0.344827586,C29 H40 O10,29,40,10,0,0,0,0,0,0.0,lignin,0.8637607055162008
95,95,547.219081,547.2185734,547.2184854,1.285714286,0.392857143,C28 H36 O11,28,36,11,0,0,0,0,0,0.0,lignin,0.8763852017034415
96,96,547.1826011,547.1820936,547.1820999,1.185185185,0.444444444,C27 H32 O12,27,32,12,0,0,0,0,0,0.0,lignin,0.8846109689848992
97,97,547.1461481,547.1456406,547.1457144,1.076923077,0.5,C26 H28 O13,26,28,13,0,0,0,0,0,0.0,lignin,0.9588942914300176
98,98,547.1097204,547.109213,547.1093289,0.96,0.56,C25 H24 O14,25,24,14,0,0,0,0,0,0.0,tannin,0.7233468693531868
99,99,547.0733502,547.0728429,547.0729434,0.833333333,0.625,C24 H20 O15,24,20,15,0,0,0,0,0,0.0,tannin,0.8833080220849194
100,100,545.2759386,545.2754339,545.2756064,1.4,0.3,C30 H42 O9,30,42,9,0,0,0,0,0,0.0,lignin,0.8615461591699101
101,101,545.2397934,545.2392888,545.2392209,1.310344828,0.344827586,C29 H38 O10,29,38,10,0,0,0,0,0,0.0,lignin,0.868143276886947
102,102,545.20358,545.2030754,545.2028354,1.214285714,0.392857143,C28 H34 O11,28,34,11,0,0,0,0,0,0.0,lignin,0.8823467657466374
103,103,545.1672241,545.1667196,545.1664499,1.111111111,0.444444444,C27 H30 O12,27,30,12,0,0,0,0,0,0.0,lignin,0.958796874966486
104,104,545.0941622,545.0936577,545.0936789,0.88,0.56,C25 H22 O14,25,22,14,0,0,0,0,0,0.0,tannin,0.8817937385779281
105,105,545.0576208,545.0571164,545.0572933,0.75,0.625,C24 H18 O15,24,18,15,0,0,0,0,0,0.0,tannin,0.8823188312780482
106,106,543.2603302,543.2598284,543.2599563,1.333333333,0.3,C30 H40 O9,30,40,9,0,0,0,0,0,0.0,lignin,0.8651095353552669
107,107,543.2239528,543.2234511,543.2235708,1.24137931,0.344827586,C29 H36 O10,29,36,10,0,0,0,0,0,0.0,lignin,0.8793349130292147
108,108,543.1876786,543.1871769,543.1871853,1.142857143,0.392857143,C28 H32 O11,28,32,11,0,0,0,0,0,0.0,lignin,0.9233033417672102
109,109,543.1150364,543.1145348,543.1144143,0.923076923,0.5,C26 H24 O13,26,24,13,0,0,0,0,0,0.0,tannin,0.8804501051407664
110,110,543.0787372,543.0782357,543.0780288,0.8,0.56,C25 H20 O14,25,20,14,0,0,0,0,0,0.0,tannin,0.8816102491590113
111,111,541.2293913,541.2288925,541.2290501,1.461538462,0.461538462,C26 H38 O12,26,38,12,0,0,0,0,0,0.0,lignin,0.8688559731890979
112,112,541.2081788,541.20768,541.2079208,1.172413793,0.344827586,C29 H34 O10,29,34,10,0,0,0,0,0,0.0,lignin,0.8864424650893072
113,113,541.1929098,541.192411,541.1926646,1.36,0.52,C25 H34 O13,25,34,13,0,0,0,0,0,0.0,lignin,0.8738250585404904
114,114,541.1929098,541.192411,541.1921516,0.684210526,0.052631579,C38 H26 O2 N2,38,26,2,0,2,0,0,0,0.052631579,pah,0.971864687532217
115,115,541.1718435,541.1713448,541.1715353,1.071428571,0.392857143,C28 H30 O11,28,30,11,0,0,0,0,0,0.0,lignin,0.9600203787739876
116,116,541.1566439,541.1561452,541.1562791,1.25,0.583333333,C24 H30 O14,24,30,14,0,0,0,0,0,0.0,lignin,0.8783877290899775
117,117,541.0994203,541.0989217,541.0987642,0.846153846,0.5,C26 H22 O13,26,22,13,0,0,0,0,0,0.0,tannin,0.8814492140116327
118,118,539.2504279,539.2499319,539.2497856,1.481481481,0.407407407,C27 H40 O11,27,40,11,0,0,0,0,0,0.0,lignin,0.8682000505739005
119,119,539.2139221,539.2134263,539.2134001,1.384615385,0.461538462,C26 H36 O12,26,36,12,0,0,0,0,0,0.0,lignin,0.8723195464393999
120,120,539.1773934,539.1768976,539.1770146,1.28,0.52,C25 H32 O13,25,32,13,0,0,0,0,0,0.0,lignin,0.8768939313034096
121,121,539.1408706,539.1403748,539.140629,1.166666667,0.583333333,C24 H28 O14,24,28,14,0,0,0,0,0,0.0,lignin,0.8841567184005946
122,122,539.1408706,539.1403748,539.140116,0.540540541,0.081081081,C37 H20 O3 N2,37,20,3,0,2,0,0,0,0.054054054,pah,0.9717965820196584
123,123,539.1198533,539.1193575,539.1194997,0.888888889,0.444444444,C27 H24 O12,27,24,12,0,0,0,0,0,0.0,tannin,0.8809379982221281
124,124,539.1046307,539.104135,539.1042435,1.043478261,0.652173913,C23 H24 O15,23,24,15,0,0,0,0,0,0.0,lignin,0.9581614447202167
125,125,539.0836075,539.0831118,539.0831142,0.769230769,0.5,C26 H20 O13,26,20,13,0,0,0,0,0,0.0,tannin,0.8997113526686513
126,126,537.2346442,537.2341512,537.2341355,1.407407407,0.407407407,C27 H38 O11,27,38,11,0,0,0,0,0,0.0,lignin,0.8711339678488292
127,127,537.1980997,537.1976068,537.19775,1.307692308,0.461538462,C26 H34 O12,26,34,12,0,0,0,0,0,0.0,lignin,0.875489259808824
128,128,537.1616793,537.1611864,537.1613645,1.2,0.52,C25 H30 O13,25,30,13,0,0,0,0,0,0.0,lignin,0.8825099405470244
129,129,537.1253735,537.1248807,537.124979,1.083333333,0.583333333,C24 H26 O14,24,26,14,0,0,0,0,0,0.0,lignin,0.9579224258214205
130,130,537.089157,537.0886642,537.0885935,0.956521739,0.652173913,C23 H22 O15,23,22,15,0,0,0,0,0,0.0,tannin,0.7234897001295961
131,131,535.2555573,535.2550672,535.254871,1.428571429,0.357142857,C28 H40 O10,28,40,10,0,0,0,0,0,0.0,lignin,0.8616604073636042
132,132,535.2189318,535.2184417,535.2184854,1.333333333,0.407407407,C27 H36 O11,27,36,11,0,0,0,0,0,0.0,lignin,0.8686102277513497
133,133,535.1823492,535.1818592,535.1820999,1.230769231,0.461538462,C26 H32 O12,26,32,12,0,0,0,0,0,0.0,lignin,0.8801680447340925
134,134,535.1459635,535.1454735,535.1457144,1.12,0.52,C25 H28 O13,25,28,13,0,0,0,0,0,0.0,lignin,0.9573904311849917
135,135,535.1097702,535.1092802,535.1093289,1.0,0.583333333,C24 H24 O14,24,24,14,0,0,0,0,0,0.0,lignin,0.9670243888147484
136,136,535.0736097,535.0731198,535.0729434,0.869565217,0.652173913,C23 H20 O15,23,20,15,0,0,0,0,0,0.0,tannin,0.8824580004304996
137,137,534.2430723,534.2425837,534.2425757,1.407407407,0.37037037,C27 H38 O10 13C1,28,38,10,0,0,1,0,0,0.0,lignin,0.8631933213828177
138,138,533.2761431,533.2756558,533.2756064,1.448275862,0.310344828,C29 H42 O9,29,42,9,0,0,0,0,0,0.0,lignin,0.7366429351065389
139,139,533.2396138,533.2391266,533.2392209,1.357142857,0.357142857,C28 H38 O10,28,38,10,0,0,0,0,0,0.0,lignin,0.8655290367682623
140,140,533.2031776,533.2026905,533.2028354,1.259259259,0.407407407,C27 H34 O11,27,34,11,0,0,0,0,0,0.0,lignin,0.8783249927953412
141,141,533.1668453,533.1663582,533.1664499,1.153846154,0.461538462,C26 H30 O12,26,30,12,0,0,0,0,0,0.0,lignin,0.8876630831089429
142,142,533.1305897,533.1301027,533.1300644,1.04,0.52,C25 H26 O13,25,26,13,0,0,0,0,0,0.0,lignin,0.9596913392970455
143,143,533.0943796,533.0938926,533.0936789,0.916666667,0.583333333,C24 H22 O14,24,22,14,0,0,0,0,0,0.0,tannin,0.8808063867349711
144,144,533.0580367,533.0575498,533.0572933,0.782608696,0.652173913,C23 H18 O15,23,18,15,0,0,0,0,0,0.0,tannin,0.8841608488055744
145,145,531.3309175,531.3304331,531.3302254,1.371428571,0.057142857,C35 H48 O2 S1,35,48,2,1,0,0,0,0,0.0,lipid,0.8660369186235378
146,146,531.2602631,531.2597788,531.2599563,1.379310345,0.310344828,C29 H40 O9,29,40,9,0,0,0,0,0,0.0,lignin,0.862782339029
147,147,531.2240052,531.2235209,531.2235708,1.285714286,0.357142857,C28 H36 O10,28,36,10,0,0,0,0,0,0.0,lignin,0.8761678532568254
148,148,531.1877556,531.1872714,531.1871853,1.185185185,0.407407407,C27 H32 O11,27,32,11,0,0,0,0,0,0.0,lignin,0.8848767278061839
149,149,531.1514548,531.1509706,531.1507998,1.076923077,0.461538462,C26 H28 O12,26,28,12,0,0,0,0,0,0.0,lignin,0.9592666436131461
150,150,531.1150378,531.1145537,531.1144143,0.96,0.52,C25 H24 O13,25,24,13,0,0,0,0,0,0.0,tannin,0.7251220219300942
151,151,531.0786362,531.0781521,531.0780288,0.833333333,0.583333333,C24 H20 O14,24,20,14,0,0,0,0,0,0.0,tannin,0.8829608395645365
152,152,529.3054837,529.3050022,529.3051924,2.083333333,0.416666667,C24 H50 O10 S1,24,50,10,1,0,0,0,0,0.0,lipid,0.8440364171805943
153,153,529.2811523,529.2806709,529.2806918,1.4,0.266666667,C30 H42 O8,30,42,8,0,0,0,0,0,0.0,lignin,0.8609531326498777
154,154,529.2449628,529.2444814,529.2443063,1.310344828,0.310344828,C29 H38 O9,29,38,9,0,0,0,0,0,0.0,lignin,0.8668985271574453
155,155,529.172233,529.1717517,529.1715353,1.111111111,0.407407407,C27 H30 O11,27,30,11,0,0,0,0,0,0.0,lignin,0.9591844479802732
156,156,529.1356207,529.1351394,529.1351497,1.0,0.461538462,C26 H26 O12,26,26,12,0,0,0,0,0,0.0,lignin,0.968143537572856
157,157,529.0990796,529.0985984,529.0987642,0.88,0.52,C25 H22 O13,25,22,13,0,0,0,0,0,0.0,tannin,0.8816304263644241
158,158,529.0626561,529.0621749,529.0623787,0.75,0.583333333,C24 H18 O14,24,18,14,0,0,0,0,0,0.0,tannin,0.9018623425899994
159,159,527.2292094,527.2287308,527.2286562,1.24137931,0.310344828,C29 H36 O9,29,36,9,0,0,0,0,0,0.0,lignin,0.8791270368260371
160,160,527.2138632,527.2133847,527.2134001,1.44,0.48,C25 H36 O12,25,36,12,0,0,0,0,0,0.0,lignin,0.8695280914614842
161,161,527.1926382,527.1921598,527.1922707,1.142857143,0.357142857,C28 H32 O10,28,32,10,0,0,0,0,0,0.0,lignin,0.8899387864660806
162,162,527.1772941,527.1768156,527.1770146,1.333333333,0.541666667,C24 H32 O13,24,32,13,0,0,0,0,0,0.0,lignin,0.8743133986327939
163,163,527.1561859,527.1557075,527.1558852,1.037037037,0.407407407,C27 H28 O11,27,28,11,0,0,0,0,0,0.0,lignin,0.9681143208565339
164,164,527.1408986,527.1404202,527.140629,1.217391304,0.608695652,C23 H28 O14,23,28,14,0,0,0,0,0,0.0,lignin,0.8799457755030533
165,165,527.1198888,527.1194105,527.1194997,0.923076923,0.461538462,C26 H24 O12,26,24,12,0,0,0,0,0,0.0,tannin,0.8803741010005701
166,166,527.1047718,527.1042934,527.1042435,1.090909091,0.681818182,C22 H24 O15,22,24,15,0,0,0,0,0,0.0,lignin,0.9563455637149911
167,167,527.08374,527.0832616,527.0831142,0.8,0.52,C25 H20 O13,25,20,13,0,0,0,0,0,0.0,tannin,0.8806586822788581
168,168,525.2345852,525.2341095,525.2341355,1.461538462,0.423076923,C26 H38 O11,26,38,11,0,0,0,0,0,0.0,lignin,0.8687334390583915
169,169,525.1983683,525.1978927,525.19775,1.36,0.48,C25 H34 O12,25,34,12,0,0,0,0,0,0.0,lignin,0.868719605344981
170,170,525.1620654,525.1615899,525.1613645,1.25,0.541666667,C24 H30 O13,24,30,13,0,0,0,0,0,0.0,lignin,0.878377857537403
171,171,525.1256555,525.12518,525.124979,1.130434783,0.608695652,C23 H26 O14,23,26,14,0,0,0,0,0,0.0,lignin,0.9320137627840419
172,172,525.0891318,525.0886563,525.0885935,1.0,0.681818182,C22 H22 O15,22,22,15,0,0,0,0,0,0.0,lignin,0.9660648520303088
173,173,525.0678651,525.0673897,525.0674641,0.72,0.52,C25 H18 O13,25,18,13,0,0,0,0,0,0.0,tannin,0.8241726546081823
174,174,523.2554124,523.2549396,523.254871,1.481481481,0.37037037,C27 H40 O10,27,40,10,0,0,0,0,0,0.0,lignin,0.7453247170876476
175,175,523.2189009,523.2184282,523.2184854,1.384615385,0.423076923,C26 H36 O11,26,36,11,0,0,0,0,0,0.0,lignin,0.8665402221026103
176,176,523.1824626,523.1819899,523.1820999,1.28,0.48,C25 H32 O12,25,32,12,0,0,0,0,0,0.0,lignin,0.8770554752081111
177,177,523.1461264,523.1456537,523.1457144,1.166666667,0.541666667,C24 H28 O13,24,28,13,0,0,0,0,0,0.0,lignin,0.8849944578898233
178,178,523.1098219,523.1093493,523.1093289,1.043478261,0.608695652,C23 H24 O14,23,24,14,0,0,0,0,0,0.0,lignin,0.9586465613413134
179,179,523.0735449,523.0730723,523.0729434,0.909090909,0.681818182,C22 H20 O15,22,20,15,0,0,0,0,0,0.0,tannin,0.8797020628711426
180,180,521.276148,521.275678,521.2756064,1.5,0.321428571,C28 H42 O9,28,42,9,0,0,0,0,0,0.0,lipid,0.7218223614682608
181,181,521.2399266,521.2394567,521.2392209,1.407407407,0.37037037,C27 H38 O10,27,38,10,0,0,0,0,0,0.0,lignin,0.8631933213828177
182,182,521.2035548,521.2030849,521.2028354,1.307692308,0.423076923,C26 H34 O11,26,34,11,0,0,0,0,0,0.0,lignin,0.8703058505029218
183,183,521.1670098,521.16654,521.1664499,1.2,0.48,C25 H30 O12,25,30,12,0,0,0,0,0,0.0,lignin,0.8829728839433871
184,184,521.1304426,521.1299728,521.1300644,1.083333333,0.541666667,C24 H26 O13,24,26,13,0,0,0,0,0,0.0,lignin,0.9583397731278402
185,185,521.0939372,521.0934675,521.0936789,0.956521739,0.608695652,C23 H22 O14,23,22,14,0,0,0,0,0,0.0,tannin,0.7234697639299617
186,186,521.057715,521.0572453,521.0572933,0.818181818,0.681818182,C22 H18 O15,22,18,15,0,0,0,0,0,0.0,tannin,0.8841128229296537
187,187,520.255543,520.2550745,520.2552053,1.444444444,0.333333333,C27 H39 O9 N1,27,39,9,0,1,0,0,0,0.037037037,lignin,0.7352489682361326
188,188,520.227478,520.2270096,520.2269257,1.384615385,0.384615385,C26 H36 O10 13C1,27,36,10,0,0,1,0,0,0.0,lignin,0.8651597799122029
189,189,519.2967374,519.2962703,519.2963418,1.517241379,0.275862069,C29 H44 O8,29,44,8,0,0,0,0,0,0.0,lipid,0.8717053556465973
190,190,519.2601644,519.2596973,519.2599563,1.428571429,0.321428571,C28 H40 O9,28,40,9,0,0,0,0,0,0.0,lignin,0.8607241025142173
191,191,519.2239193,519.2234523,519.2235708,1.333333333,0.37037037,C27 H36 O10,27,36,10,0,0,0,0,0,0.0,lignin,0.8675778689907361
192,192,519.1877896,519.1873226,519.1871853,1.230769231,0.423076923,C26 H32 O11,26,32,11,0,0,0,0,0,0.0,lignin,0.8802983554650696
193,193,519.1514554,519.1509884,519.1507998,1.12,0.48,C25 H28 O12,25,28,12,0,0,0,0,0,0.0,lignin,0.9577770959734799
194,194,519.0785498,519.078083,519.0780288,0.869565217,0.608695652,C23 H20 O14,23,20,14,0,0,0,0,0,0.0,tannin,0.8822701798635805
195,195,518.2478896,518.247424,518.2476611,1.407407407,0.333333333,C27 H38 O9 13C1,28,38,9,0,0,1,0,0,0.0,lignin,0.86196963291396
196,196,518.2115238,518.2110583,518.2112756,1.307692308,0.384615385,C26 H34 O10 13C1,27,34,10,0,0,1,0,0,0.0,lignin,0.8695134302625384
197,197,517.2812196,517.2807553,517.2806918,1.448275862,0.275862069,C29 H42 O8,29,42,8,0,0,0,0,0,0.0,lipid,0.572034479307174
198,198,517.2445895,517.2441253,517.2443063,1.357142857,0.321428571,C28 H38 O9,28,38,9,0,0,0,0,0,0.0,lignin,0.8642787533120092
199,199,517.2081321,517.2076679,517.2079208,1.259259259,0.37037037,C27 H34 O10,27,34,10,0,0,0,0,0,0.0,lignin,0.8781867612945577
200,200,517.171919,517.1714549,517.1715353,1.153846154,0.423076923,C26 H30 O11,26,30,11,0,0,0,0,0,0.0,lignin,0.8881243957661189
201,201,517.1357974,517.1353334,517.1351497,1.04,0.48,C25 H26 O12,25,26,12,0,0,0,0,0,0.0,lignin,0.967465106498042
202,202,515.2656992,515.2652378,515.2650417,1.379310345,0.275862069,C29 H40 O8,29,40,8,0,0,0,0,0,0.0,lignin,0.8620664899890362
203,203,515.2290582,515.2285969,515.2286562,1.285714286,0.321428571,C28 H36 O9,28,36,9,0,0,0,0,0,0.0,lignin,0.875910964905383
204,204,515.1924987,515.1920374,515.1922707,1.185185185,0.37037037,C27 H32 O10,27,32,10,0,0,0,0,0,0.0,lignin,0.8850224857382859
205,205,515.1561292,515.155668,515.1558852,1.076923077,0.423076923,C26 H28 O11,26,28,11,0,0,0,0,0,0.0,lignin,0.9596304036381997
206,206,515.1200319,515.1195707,515.1194997,0.96,0.48,C25 H24 O12,25,24,12,0,0,0,0,0,0.0,tannin,0.7246331425734034
207,207,513.3109803,513.3105217,513.3102778,2.083333333,0.375,C24 H50 O9 S1,24,50,9,1,0,0,0,0,0.0,lipid,0.8442593301927583
208,208,513.2499247,513.2494662,513.2493916,1.310344828,0.275862069,C29 H38 O8,29,38,8,0,0,0,0,0,0.0,lignin,0.8659838500904791
209,209,513.2133264,513.2128679,513.2130061,1.214285714,0.321428571,C28 H34 O9,28,34,9,0,0,0,0,0,0.0,lignin,0.8823332237360946
210,210,513.1980338,513.1975753,513.19775,1.416666667,0.5,C24 H34 O12,24,34,12,0,0,0,0,0,0.0,lignin,0.8715001932553145
211,211,513.1899808,513.1895224,513.1893748,0.857142857,0.057142857,C35 H30 O2 S1,35,30,2,1,0,0,0,0,0.0,pah,0.9720901642186695
212,212,513.1768412,513.1763828,513.1766206,1.111111111,0.37037037,C27 H30 O10,27,30,10,0,0,0,0,0,0.0,lignin,0.9595790817305921
213,213,513.1616391,513.1611808,513.1613645,1.304347826,0.565217391,C23 H30 O13,23,30,13,0,0,0,0,0,0.0,lignin,0.8758149523533547
214,214,513.1406254,513.1401671,513.1402351,1.0,0.423076923,C26 H26 O11,26,26,11,0,0,0,0,0,0.0,lignin,0.9684544863505706
215,215,513.1255231,513.1250648,513.124979,1.181818182,0.636363636,C22 H26 O14,22,26,14,0,0,0,0,0,0.0,lignin,0.8822583511294306
216,216,513.1044737,513.1040154,513.1038496,0.88,0.48,C25 H22 O12,25,22,12,0,0,0,0,0,0.0,tannin,0.8813829208683075
217,217,513.0893012,513.0888429,513.0885935,1.047619048,0.714285714,C21 H22 O15,21,22,15,0,0,0,0,0,0.0,lignin,0.9573591808123574
218,218,513.0681682,513.06771,513.0674641,0.75,0.541666667,C24 H18 O13,24,18,13,0,0,0,0,0,0.0,tannin,0.9000719077339789
219,219,511.2187398,511.2182842,511.2184854,1.44,0.44,C25 H36 O11,25,36,11,0,0,0,0,0,0.0,lignin,0.8704797881250406
220,220,511.2106728,511.2102172,511.2101103,0.888888889,0.027777778,C36 H32 O1 S1,36,32,1,1,0,0,0,0,0.0,pah,0.9722698562154726
221,221,511.1823347,511.1818791,511.1820999,1.333333333,0.5,C24 H32 O12,24,32,12,0,0,0,0,0,0.0,lignin,0.8699801527549464
222,222,511.1743327,511.1738772,511.1737248,0.8,0.057142857,C35 H28 O2 S1,35,28,2,1,0,0,0,0,0.0,pah,0.9719778814313589
223,223,511.1461707,511.1457152,511.1457144,1.217391304,0.565217391,C23 H28 O13,23,28,13,0,0,0,0,0,0.0,lignin,0.8801463372112417
224,224,511.0736455,511.0731901,511.0729434,0.952380952,0.714285714,C21 H20 O15,21,20,15,0,0,0,0,0,0.0,tannin,0.723686870126621
225,225,509.2394535,509.2390007,509.2392209,1.461538462,0.384615385,C26 H38 O10,26,38,10,0,0,0,0,0,0.0,lignin,0.8688764029361227
226,226,509.2032072,509.2027544,509.2028354,1.36,0.44,C25 H34 O11,25,34,11,0,0,0,0,0,0.0,lignin,0.8680203054077221
227,227,509.1670511,509.1665984,509.1664499,1.25,0.5,C24 H30 O12,24,30,12,0,0,0,0,0,0.0,lignin,0.8786855782140133
228,228,509.0943041,509.0938515,509.0936789,1.0,0.636363636,C22 H22 O14,22,22,14,0,0,0,0,0,0.0,lignin,0.9665067940917336
229,229,507.2603954,507.2599454,507.2599563,1.481481481,0.333333333,C27 H40 O9,27,40,9,0,0,0,0,0,0.0,lignin,0.6050595463987472
230,230,507.2242206,507.2237707,507.2235708,1.384615385,0.384615385,C26 H36 O10,26,36,10,0,0,0,0,0,0.0,lignin,0.8651597799122029
231,231,507.1513415,507.1508917,507.1507998,1.166666667,0.5,C24 H28 O12,24,28,12,0,0,0,0,0,0.0,lignin,0.8857116784730561
232,232,507.1147276,507.1142778,507.1144143,1.043478261,0.565217391,C23 H24 O13,23,24,13,0,0,0,0,0,0.0,lignin,0.9591187089552703
233,233,507.0782434,507.0777937,507.0780288,0.909090909,0.636363636,C22 H20 O14,22,20,14,0,0,0,0,0,0.0,tannin,0.8811867050624571
234,234,507.0420517,507.0416021,507.0416433,0.761904762,0.714285714,C21 H16 O15,21,16,15,0,0,0,0,0,0.0,tannin,0.8855216560775252
235,235,506.2119354,506.2114869,506.2112756,1.36,0.4,C25 H34 O10 13C1,26,34,10,0,0,1,0,0,0.0,lignin,0.867051841210019
236,236,505.2448795,505.2444323,505.2443063,1.407407407,0.333333333,C27 H38 O9,27,38,9,0,0,0,0,0,0.0,lignin,0.86196963291396
237,237,505.2082409,505.2077938,505.2079208,1.307692308,0.384615385,C26 H34 O10,26,34,10,0,0,0,0,0,0.0,lignin,0.8695134302625384
238,238,505.1354654,505.1350184,505.1351497,1.083333333,0.5,C24 H26 O12,24,26,12,0,0,0,0,0,0.0,lignin,0.9587522236822819
239,239,505.0993966,505.0989497,505.0987642,0.956521739,0.565217391,C23 H22 O13,23,22,13,0,0,0,0,0,0.0,tannin,0.7234629244494821
240,240,505.0630734,505.0626265,505.0623787,0.818181818,0.636363636,C22 H18 O14,22,18,14,0,0,0,0,0,0.0,tannin,0.8837292524140571
241,241,503.2652722,503.2648279,503.2650417,1.428571429,0.285714286,C28 H40 O8,28,40,8,0,0,0,0,0,0.0,lignin,0.7368712791281405
242,242,503.229106,503.2286617,503.2286562,1.333333333,0.333333333,C27 H36 O9,27,36,9,0,0,0,0,0,0.0,lignin,0.8661166067820245
243,243,503.1929412,503.192497,503.1922707,1.230769231,0.384615385,C26 H32 O10,26,32,10,0,0,0,0,0,0.0,lignin,0.8803020531728867
244,244,503.1565321,503.1560879,503.1558852,1.12,0.44,C25 H28 O11,25,28,11,0,0,0,0,0,0.0,lignin,0.9587166807093762
245,245,503.1200154,503.1195712,503.1194997,1.0,0.5,C24 H24 O12,24,24,12,0,0,0,0,0,0.0,lignin,0.967808138997418
246,246,503.0833974,503.0829533,503.0831142,0.869565217,0.565217391,C23 H20 O13,23,20,13,0,0,0,0,0,0.0,tannin,0.8820845013548739
247,247,503.0470274,503.0465834,503.0467287,0.727272727,0.636363636,C22 H16 O14,22,16,14,0,0,0,0,0,0.0,tannin,0.9025400078805583
248,248,501.2498209,501.2493795,501.2493916,1.357142857,0.285714286,C28 H38 O8,28,38,8,0,0,0,0,0,0.0,lignin,0.8633994856939692
249,249,501.2132612,501.2128198,501.2130061,1.259259259,0.333333333,C27 H34 O9,27,34,9,0,0,0,0,0,0.0,lignin,0.8779845445898762
250,250,501.1979931,501.1975517,501.19775,1.47826087,0.52173913,C23 H34 O12,23,34,12,0,0,0,0,0,0.0,lignin,0.8696824191184594
251,251,501.1899332,501.1894918,501.1893748,0.882352941,0.058823529,C34 H30 O2 S1,34,30,2,1,0,0,0,0,0.0,pah,0.9721482121143126
252,252,501.1769164,501.176475,501.1766206,1.153846154,0.384615385,C26 H30 O10,26,30,10,0,0,0,0,0,0.0,lignin,0.8884318149197584
253,253,501.1617235,501.1612821,501.1613645,1.363636364,0.590909091,C22 H30 O13,22,30,13,0,0,0,0,0,0.0,lignin,0.8735686533476068
254,254,501.1407534,501.140312,501.1402351,1.04,0.44,C25 H26 O11,25,26,11,0,0,0,0,0,0.0,lignin,0.967812245033849
255,255,501.1044816,501.1040403,501.1038496,0.916666667,0.5,C24 H22 O12,24,22,12,0,0,0,0,0,0.0,tannin,0.8806302157780184
256,256,501.0681134,501.0676722,501.0674641,0.782608696,0.565217391,C23 H18 O13,23,18,13,0,0,0,0,0,0.0,tannin,0.8813812681738782
257,257,499.2344053,499.2339667,499.2337416,1.285714286,0.285714286,C28 H36 O8,28,36,8,0,0,0,0,0,0.0,lignin,0.8756432680984746
258,258,499.2190632,499.2186246,499.2184854,1.5,0.458333333,C24 H36 O11,24,36,11,0,0,0,0,0,0.0,lignin,0.8679195163384804
259,259,499.1979007,499.1974621,499.1973561,1.185185185,0.333333333,C27 H32 O9,27,32,9,0,0,0,0,0,0.0,lignin,0.8850474698211025
260,260,499.1825658,499.1821272,499.1820999,1.391304348,0.52173913,C23 H32 O12,23,32,12,0,0,0,0,0,0.0,lignin,0.8723603644608623
261,261,499.1613308,499.1608922,499.1609706,1.076923077,0.384615385,C26 H28 O10,26,28,10,0,0,0,0,0,0.0,lignin,0.9599781119030222
262,262,499.1460268,499.1455883,499.1457144,1.272727273,0.590909091,C22 H28 O13,22,28,13,0,0,0,0,0,0.0,lignin,0.8771450710727867
263,263,499.1379614,499.1375228,499.1373393,0.727272727,0.090909091,C33 H24 O3 S1,33,24,3,1,0,0,0,0,0.0,pah,0.9718416408466203
264,264,499.124891,499.1244525,499.1245851,0.96,0.44,C25 H24 O11,25,24,11,0,0,0,0,0,0.0,tannin,0.8792819798552735
265,265,499.109653,499.1092145,499.1093289,1.142857143,0.666666667,C21 H24 O14,21,24,14,0,0,0,0,0,0.0,lignin,0.9177962033471255
266,266,499.088564,499.0881256,499.0881995,0.833333333,0.5,C24 H20 O12,24,20,12,0,0,0,0,0,0.0,tannin,0.8809056310801644
267,267,499.0733402,499.0729018,499.0729434,1.0,0.75,C20 H20 O15,20,20,15,0,0,0,0,0,0.0,lignin,0.9582142379564959
268,268,499.052282,499.0518436,499.051814,0.695652174,0.565217391,C23 H16 O13,23,16,13,0,0,0,0,0,0.0,tannin,0.8236198295795776
269,269,497.239627,497.2391912,497.2392209,1.52,0.4,C25 H38 O10,25,38,10,0,0,0,0,0,0.0,lignin,0.7457021824027195
270,270,497.2186176,497.2181818,497.2180915,1.214285714,0.285714286,C28 H34 O8,28,34,8,0,0,0,0,0,0.0,lignin,0.8821826051920014
271,271,497.2034175,497.2029817,497.2028354,1.416666667,0.458333333,C24 H34 O11,24,34,11,0,0,0,0,0,0.0,lignin,0.8716654106577792
272,272,497.1670975,497.1666617,497.1664499,1.304347826,0.52173913,C23 H30 O12,23,30,12,0,0,0,0,0,0.0,lignin,0.8755867410819196
273,273,497.1306549,497.1302192,497.1300644,1.181818182,0.590909091,C22 H26 O13,22,26,13,0,0,0,0,0,0.0,lignin,0.8827755335247754
274,274,497.1093538,497.1089182,497.108935,0.88,0.44,C25 H22 O11,25,22,11,0,0,0,0,0,0.0,tannin,0.8807496671588353
275,275,497.0939757,497.0935401,497.0936789,1.047619048,0.666666667,C21 H22 O14,21,22,14,0,0,0,0,0,0.0,lignin,0.9578900816208014
276,276,497.0727754,497.0723398,497.0725495,0.75,0.5,C24 H18 O12,24,18,12,0,0,0,0,0,0.0,tannin,0.9162234602860039
277,277,497.0575134,497.0570778,497.0572933,0.9,0.75,C20 H18 O15,20,18,15,0,0,0,0,0,0.0,tannin,0.8801082800461006
278,278,496.1908726,496.1904382,496.1905401,1.391304348,0.47826087,C23 H32 O11 13C1,24,32,11,0,0,1,0,0,0.0,lignin,0.8726336048530063
279,279,495.2601884,495.2597553,495.2599563,1.538461538,0.346153846,C26 H40 O9,26,40,9,0,0,0,0,0,0.0,lipid,0.8702344296594138
280,280,495.239318,495.238885,495.238827,1.24137931,0.24137931,C29 H36 O7,29,36,7,0,0,0,0,0,0.0,lignin,0.8797516865878002
281,281,495.2239152,495.2234822,495.2235708,1.44,0.4,C25 H36 O10,25,36,10,0,0,0,0,0,0.0,lignin,0.8700259486495231
282,282,495.1877975,495.1873646,495.1871853,1.333333333,0.458333333,C24 H32 O11,24,32,11,0,0,0,0,0,0.0,lignin,0.8695711684264585
283,283,495.115009,495.1145761,495.1144143,1.090909091,0.590909091,C22 H24 O13,22,24,13,0,0,0,0,0,0.0,lignin,0.9576899341904104
284,284,495.0937236,495.0932908,495.0932849,0.8,0.44,C25 H20 O11,25,20,11,0,0,0,0,0,0.0,tannin,0.8993792897885287
285,285,495.0783536,495.0779208,495.0780288,0.952380952,0.666666667,C21 H20 O14,21,20,14,0,0,0,0,0,0.0,tannin,0.7236332426467266
286,286,495.0571056,495.0566728,495.0568994,0.666666667,0.5,C24 H16 O12,24,16,12,0,0,0,0,0,0.0,tannin,0.8168720568266542
287,287,495.0418349,495.0414021,495.0416433,0.8,0.75,C20 H16 O15,20,16,15,0,0,0,0,0,0.0,tannin,0.885236405871983
288,288,494.2117401,494.2113085,494.2112756,1.416666667,0.416666667,C24 H34 O10 13C1,25,34,10,0,0,1,0,0,0.0,lignin,0.8708994207140996
289,289,494.1751138,494.1746823,494.1748901,1.304347826,0.47826087,C23 H30 O11 13C1,24,30,11,0,0,1,0,0,0.0,lignin,0.8756628730228668
290,290,493.244619,493.2441888,493.2443063,1.461538462,0.346153846,C26 H38 O9,26,38,9,0,0,0,0,0,0.0,lignin,0.7459921400893689
291,291,493.2424332,493.242003,493.2418043,1.266666667,0.133333333,C30 H38 O4 S1,30,38,4,1,0,0,0,0,0.0,lignin,0.8760034097437893
292,292,493.2084858,493.2080556,493.2079208,1.36,0.4,C25 H34 O10,25,34,10,0,0,0,0,0,0.0,lignin,0.867051841210019
293,293,493.1721699,493.1717398,493.1715353,1.25,0.458333333,C24 H30 O11,24,30,11,0,0,0,0,0,0.0,lignin,0.8788825038366855
294,294,493.1357258,493.1352958,493.1351497,1.130434783,0.52173913,C23 H26 O12,23,26,12,0,0,0,0,0,0.0,lignin,0.9605085703659535
295,295,493.0991482,493.0987182,493.0987642,1.0,0.590909091,C22 H22 O13,22,22,13,0,0,0,0,0,0.0,lignin,0.966950805210001
296,296,493.0779365,493.0775065,493.0776349,0.72,0.44,C25 H18 O11,25,18,11,0,0,0,0,0,0.0,tannin,0.8192475086751688
297,297,493.0626425,493.0622125,493.0623787,0.857142857,0.666666667,C21 H18 O14,21,18,14,0,0,0,0,0,0.0,tannin,0.8829027338457085
298,298,492.2324109,492.2319821,492.232011,1.44,0.36,C25 H36 O9 13C1,26,36,9,0,0,1,0,0,0.0,lignin,0.8697159733970669
299,299,492.1959183,492.1954895,492.1956255,1.333333333,0.416666667,C24 H32 O10 13C1,25,32,10,0,0,1,0,0,0.0,lignin,0.8688136193249996
300,300,492.1595899,492.1591612,492.15924,1.217391304,0.47826087,C23 H28 O11 13C1,24,28,11,0,0,1,0,0,0.0,lignin,0.8810419482926397
301,301,491.2654368,491.2650093,491.2650417,1.481481481,0.296296296,C27 H40 O8,27,40,8,0,0,0,0,0,0.0,lipid,0.722342867221551
302,302,491.2291986,491.2287711,491.2286562,1.384615385,0.346153846,C26 H36 O9,26,36,9,0,0,0,0,0,0.0,lignin,0.8635153237777798
303,303,491.1928643,491.192437,491.1922707,1.28,0.4,C25 H32 O10,25,32,10,0,0,0,0,0,0.0,lignin,0.8767708049974201
304,304,491.1564335,491.1560061,491.1558852,1.166666667,0.458333333,C24 H28 O11,24,28,11,0,0,0,0,0,0.0,lignin,0.8862862764394173
305,305,491.1199409,491.1195136,491.1194997,1.043478261,0.52173913,C23 H24 O12,23,24,12,0,0,0,0,0,0.0,lignin,0.9595645744836965
306,306,491.0834319,491.0830047,491.0831142,0.909090909,0.590909091,C22 H20 O13,22,20,13,0,0,0,0,0,0.0,tannin,0.8810534948124744
307,307,491.0470833,491.0466561,491.0467287,0.761904762,0.666666667,C21 H16 O14,21,16,14,0,0,0,0,0,0.0,tannin,0.8838972434018532
308,308,491.0447212,491.0442941,491.0442267,0.64,0.36,C25 H16 O9 S1,25,16,9,1,0,0,0,0,0.0,pah,0.9714893620187682
309,309,490.2166251,490.2161991,490.216361,1.36,0.36,C25 H34 O9 13C1,26,34,9,0,0,1,0,0,0.0,lignin,0.8654748757711446
310,310,490.1803237,490.1798978,490.1799755,1.25,0.416666667,C24 H30 O10 13C1,25,30,10,0,0,1,0,0,0.0,lignin,0.8789472887156362
311,311,489.2500279,489.2496032,489.2493916,1.407407407,0.296296296,C27 H38 O8,27,38,8,0,0,0,0,0,0.0,lignin,0.8611371521822082
312,312,489.2136532,489.2132286,489.2130061,1.307692308,0.346153846,C26 H34 O9,26,34,9,0,0,0,0,0,0.0,lignin,0.8683787171877695
313,313,489.1770515,489.1766269,489.1766206,1.2,0.4,C25 H30 O10,25,30,10,0,0,0,0,0,0.0,lignin,0.8835408201059775
314,314,489.1535362,489.1531117,489.1529893,0.8125,0.09375,C32 H26 O3 S1,32,26,3,1,0,0,0,0,0.0,pah,0.971916445549269
315,315,489.1404322,489.1400077,489.1402351,1.083333333,0.458333333,C24 H26 O11,24,26,11,0,0,0,0,0,0.0,lignin,0.959158330425662
316,316,489.1041007,489.1036762,489.1038496,0.956521739,0.52173913,C23 H22 O12,23,22,12,0,0,0,0,0,0.0,tannin,0.7252265224131483
317,317,489.0680216,489.0675972,489.0674641,0.818181818,0.590909091,C22 H18 O13,22,18,13,0,0,0,0,0,0.0,tannin,0.8831690785762442
318,318,487.2340002,487.2335784,487.2337416,1.333333333,0.296296296,C27 H36 O8,27,36,8,0,0,0,0,0,0.0,lignin,0.8650153923303495
319,319,487.1975939,487.1971721,487.1973561,1.230769231,0.346153846,C26 H32 O9,26,32,9,0,0,0,0,0,0.0,lignin,0.8801642931116103
320,320,487.1823822,487.1819605,487.1820999,1.454545455,0.545454545,C22 H32 O12,22,32,12,0,0,0,0,0,0.0,lignin,0.8701747986361525
321,321,487.1743672,487.1739454,487.1737248,0.848484848,0.060606061,C33 H28 O2 S1,33,28,2,1,0,0,0,0,0.0,pah,0.9720610097457651
322,322,487.1613832,487.1609615,487.1609706,1.12,0.4,C25 H28 O10,25,28,10,0,0,0,0,0,0.0,lignin,0.9591516736702811
323,323,487.1462296,487.1458079,487.1457144,1.333333333,0.619047619,C21 H28 O13,21,28,13,0,0,0,0,0,0.0,lignin,0.8748191868227163
324,324,487.1252103,487.1247886,487.1245851,1.0,0.458333333,C24 H24 O11,24,24,11,0,0,0,0,0,0.0,lignin,0.9681704621003224
325,325,487.1099685,487.1095468,487.1093289,1.2,0.7,C20 H24 O14,20,24,14,0,0,0,0,0,0.0,lignin,0.8797694447716072
326,326,487.0888264,487.0884048,487.0881995,0.869565217,0.52173913,C23 H20 O12,23,20,12,0,0,0,0,0,0.0,tannin,0.8818574084144547
327,327,487.0735087,487.0730871,487.0729434,1.052631579,0.789473684,C19 H20 O15,19,20,15,0,0,0,0,0,0.0,lignin,0.9564835415546419
328,328,487.0523055,487.0518839,487.051814,0.727272727,0.590909091,C22 H16 O13,22,16,13,0,0,0,0,0,0.0,tannin,0.9005283771114201
329,329,486.2828854,486.2824649,486.2823325,2.19047619,0.428571429,C21 H46 O9 S1 13C1,22,46,9,1,0,1,0,0,0.0,lipid,0.8434697616663644
330,330,485.2792328,485.2788137,485.2789777,2.090909091,0.409090909,C22 H46 O9 S1,22,46,9,1,0,0,0,0,0.0,lipid,0.8440270116856103
331,331,485.2548026,485.2543835,485.254477,1.357142857,0.25,C28 H38 O7,28,38,7,0,0,0,0,0,0.0,lignin,0.8627330722136618
332,332,485.2186425,485.2182235,485.2180915,1.259259259,0.296296296,C27 H34 O8,27,34,8,0,0,0,0,0,0.0,lignin,0.8777262078005101
333,333,485.2034794,485.2030604,485.2028354,1.47826087,0.47826087,C23 H34 O11,23,34,11,0,0,0,0,0,0.0,lignin,0.8684951569821496
334,334,485.1823468,485.1819278,485.181706,1.153846154,0.346153846,C26 H30 O9,26,30,9,0,0,0,0,0,0.0,lignin,0.8885772282256852
335,335,485.1670856,485.1666667,485.1664499,1.363636364,0.545454545,C22 H30 O12,22,30,12,0,0,0,0,0,0.0,lignin,0.8736501603184443
336,336,485.145857,485.145438,485.1453205,1.04,0.4,C25 H26 O10,25,26,10,0,0,0,0,0,0.0,lignin,0.9681464131935179
337,337,485.1305206,485.1301017,485.1300644,1.238095238,0.619047619,C21 H26 O13,21,26,13,0,0,0,0,0,0.0,lignin,0.8785948568559034
338,338,485.1092273,485.1088084,485.108935,0.916666667,0.458333333,C24 H22 O11,24,22,11,0,0,0,0,0,0.0,tannin,0.8805317346435381
339,339,485.09389,485.0934711,485.0936789,1.1,0.7,C20 H22 O14,20,22,14,0,0,0,0,0,0.0,lignin,0.9564556499190543
340,340,485.0727424,485.0723236,485.0725495,0.782608696,0.52173913,C23 H18 O12,23,18,12,0,0,0,0,0,0.0,tannin,0.8806332811818504
341,341,485.0575351,485.0571163,485.0572933,0.947368421,0.789473684,C19 H18 O15,19,18,15,0,0,0,0,0,0.0,tannin,0.724017953804038
342,342,485.0366114,485.0361926,485.036164,0.636363636,0.590909091,C22 H14 O13,22,14,13,0,0,0,0,0,0.0,tannin,0.8179904939966338
343,343,483.2237969,483.2233807,483.2235708,1.5,0.416666667,C24 H36 O10,24,36,10,0,0,0,0,0,0.0,lignin,0.8678052566348139
344,344,483.2026646,483.2022483,483.2024415,1.185185185,0.296296296,C27 H32 O8,27,32,8,0,0,0,0,0,0.0,lignin,0.8850211418857417
345,345,483.1874543,483.1870381,483.1871853,1.391304348,0.47826087,C23 H32 O11,23,32,11,0,0,0,0,0,0.0,lignin,0.8726336048530063
346,346,483.1794217,483.1790055,483.1788102,0.823529412,0.029411765,C34 H28 O1 S1,34,28,1,1,0,0,0,0,0.0,pah,0.9720808974529991
347,347,483.151352,483.1509359,483.1507998,1.272727273,0.545454545,C22 H28 O12,22,28,12,0,0,0,0,0,0.0,lignin,0.8771087698294489
348,348,483.1302904,483.1298743,483.1296704,0.96,0.4,C25 H24 O10,25,24,10,0,0,0,0,0,0.0,tannin,0.8792365432075282
349,349,483.1150502,483.1146341,483.1144143,1.142857143,0.619047619,C21 H24 O13,21,24,13,0,0,0,0,0,0.0,lignin,0.9187149763779263
350,350,483.0939119,483.0934958,483.0932849,0.833333333,0.458333333,C24 H20 O11,24,20,11,0,0,0,0,0,0.0,tannin,0.879838558891285
351,351,483.0785821,483.078166,483.0780288,1.0,0.7,C20 H20 O14,20,20,14,0,0,0,0,0,0.0,lignin,0.9588987788851157
352,352,483.0573539,483.0569379,483.0568994,0.695652174,0.52173913,C23 H16 O12,23,16,12,0,0,0,0,0,0.0,tannin,0.8209762301685604
353,353,483.0420136,483.0415976,483.0416433,0.842105263,0.789473684,C19 H16 O15,19,16,15,0,0,0,0,0,0.0,tannin,0.8842845464741437
354,354,482.1751963,482.1747816,482.1748901,1.363636364,0.5,C22 H30 O11 13C1,23,30,11,0,0,1,0,0,0.0,lignin,0.8737613636654474
355,355,482.1670784,482.1666636,482.1665149,0.787878788,0.03030303,C33 H26 O1 S1 13C1,34,26,1,1,0,1,0,0,0.0,pah,0.9720076731429174
356,356,482.1670784,482.1666636,482.1667842,1.318181818,0.5,C22 H29 O11 N1,22,29,11,0,1,0,0,0,0.045454545,lignin,0.867760025885425
357,357,482.1388625,482.1384477,482.1385046,1.238095238,0.571428571,C21 H26 O12 13C1,22,26,12,0,0,1,0,0,0.0,lignin,0.8787777262117735
358,358,481.2448811,481.2444676,481.2443063,1.52,0.36,C25 H38 O9,25,38,9,0,0,0,0,0,0.0,lipid,0.5717887018367931
359,359,481.2084935,481.2080801,481.2079208,1.416666667,0.416666667,C24 H34 O10,24,34,10,0,0,0,0,0,0.0,lignin,0.8708994207140996
360,360,481.1718907,481.1714773,481.1715353,1.304347826,0.47826087,C23 H30 O11,23,30,11,0,0,0,0,0,0.0,lignin,0.8756628730228668
361,361,481.1637517,481.1633383,481.1631601,0.764705882,0.029411765,C34 H26 O1 S1,34,26,1,1,0,0,0,0,0.0,pah,0.9719717916473802
362,362,481.1353519,481.1349386,481.1351497,1.181818182,0.545454545,C22 H26 O12,22,26,12,0,0,0,0,0,0.0,lignin,0.8836016288775985
363,363,481.0990983,481.098685,481.0987642,1.047619048,0.619047619,C21 H22 O13,21,22,13,0,0,0,0,0,0.0,lignin,0.9584167583306511
364,364,481.0781835,481.0777702,481.0776349,0.75,0.458333333,C24 H18 O11,24,18,11,0,0,0,0,0,0.0,tannin,0.8243332761191716
365,365,481.0630024,481.0625891,481.0623787,0.9,0.7,C20 H18 O14,20,18,14,0,0,0,0,0,0.0,tannin,0.880051108660744
366,366,480.1962133,480.1958012,480.1956255,1.391304348,0.434782609,C23 H32 O10 13C1,24,32,10,0,0,1,0,0,0.0,lignin,0.8665553406431403
367,367,480.1596001,480.1591881,480.15924,1.272727273,0.5,C22 H28 O11 13C1,23,28,11,0,0,1,0,0,0.0,lignin,0.8773758331948951
368,368,480.1230424,480.1226304,480.1228545,1.142857143,0.571428571,C21 H24 O12 13C1,22,24,12,0,0,1,0,0,0.0,lignin,0.9199669474046603
369,369,479.2292363,479.2288256,479.2286562,1.44,0.36,C25 H36 O9,25,36,9,0,0,0,0,0,0.0,lignin,0.8697159733970669
370,370,479.1928461,479.1924355,479.1922707,1.333333333,0.416666667,C24 H32 O10,24,32,10,0,0,0,0,0,0.0,lignin,0.8688136193249996
371,371,479.1563044,479.1558938,479.1558852,1.217391304,0.47826087,C23 H28 O11,23,28,11,0,0,0,0,0,0.0,lignin,0.8810419482926397
372,372,479.1197893,479.1193788,479.1194997,1.090909091,0.545454545,C22 H24 O12,22,24,12,0,0,0,0,0,0.0,lignin,0.9581435379013422
373,373,479.0834535,479.083043,479.0831142,0.952380952,0.619047619,C21 H20 O13,21,20,13,0,0,0,0,0,0.0,tannin,0.7236067800763754
374,374,479.0624099,479.0619994,479.0619848,0.666666667,0.458333333,C24 H16 O11,24,16,11,0,0,0,0,0,0.0,tannin,0.8153482369284207
375,375,479.0472512,479.0468407,479.0467287,0.8,0.7,C20 H16 O14,20,16,14,0,0,0,0,0,0.0,tannin,0.884736928144809
376,376,478.2168965,478.2164872,478.216361,1.416666667,0.375,C24 H34 O9 13C1,25,34,9,0,0,1,0,0,0.0,lignin,0.862898712131104
377,377,478.1806074,478.1801981,478.1799755,1.304347826,0.434782609,C23 H30 O10 13C1,24,30,10,0,0,1,0,0,0.0,lignin,0.8755779629323162
378,378,478.1439923,478.1435831,478.14359,1.181818182,0.5,C22 H26 O11 13C1,23,26,11,0,0,1,0,0,0.0,lignin,0.8842954772097803
379,379,477.2497201,477.2493121,477.2493916,1.461538462,0.307692308,C26 H38 O8,26,38,8,0,0,0,0,0,0.0,lignin,0.7361738283994665
380,380,477.2135898,477.2131819,477.2130061,1.36,0.36,C25 H34 O9,25,34,9,0,0,0,0,0,0.0,lignin,0.8654748757711446
381,381,477.1772478,477.17684,477.1766206,1.25,0.416666667,C24 H30 O10,24,30,10,0,0,0,0,0,0.0,lignin,0.8789472887156362
382,382,477.1406511,477.1402433,477.1402351,1.130434783,0.47826087,C23 H26 O11,23,26,11,0,0,0,0,0,0.0,lignin,0.9720216134959362
383,383,477.1040503,477.1036425,477.1038496,1.0,0.545454545,C22 H22 O12,22,22,12,0,0,0,0,0,0.0,lignin,0.9673878452290895
384,384,477.0677444,477.0673367,477.0674641,0.857142857,0.619047619,C21 H18 O13,21,18,13,0,0,0,0,0,0.0,tannin,0.8826624708658108
385,385,476.2012971,476.2008906,476.2007109,1.333333333,0.375,C24 H32 O9 13C1,25,32,9,0,0,1,0,0,0.0,lignin,0.8677330272594924
386,386,476.1648273,476.1644208,476.1643254,1.217391304,0.434782609,C23 H28 O10 13C1,24,28,10,0,0,1,0,0,0.0,lignin,0.881930162380017
387,387,475.2342721,475.2338669,475.2337416,1.384615385,0.307692308,C26 H36 O8,26,36,8,0,0,0,0,0,0.0,lignin,0.8624515116743717
388,388,475.197924,475.1975188,475.1973561,1.28,0.36,C25 H32 O9,25,32,9,0,0,0,0,0,0.0,lignin,0.8765324656596144
389,389,475.1614567,475.1610516,475.1609706,1.166666667,0.416666667,C24 H28 O10,24,28,10,0,0,0,0,0,0.0,lignin,0.8867499409043358
390,390,475.1248714,475.1244664,475.1245851,1.043478261,0.47826087,C23 H24 O11,23,24,11,0,0,0,0,0,0.0,lignin,0.9599930367665019
391,391,475.08842,475.0880151,475.0881995,0.909090909,0.545454545,C22 H20 O12,22,20,12,0,0,0,0,0,0.0,tannin,0.8809437603710955
392,392,475.0732201,475.0728151,475.0729434,1.111111111,0.833333333,C18 H20 O15,18,20,15,0,0,0,0,0,0.0,lignin,0.6754998749506761
393,393,475.0522647,475.0518598,475.051814,0.761904762,0.619047619,C21 H16 O13,21,16,13,0,0,0,0,0,0.0,tannin,0.8823279320257728
394,394,475.0498606,475.0494557,475.0493121,0.64,0.32,C25 H16 O8 S1,25,16,8,1,0,0,0,0,0.0,pah,0.9715481114231391
395,395,473.218606,473.2182036,473.2180915,1.307692308,0.307692308,C26 H34 O8,26,34,8,0,0,0,0,0,0.0,lignin,0.8670017668971758
396,396,473.1819854,473.181583,473.181706,1.2,0.36,C25 H30 O9,25,30,9,0,0,0,0,0,0.0,lignin,0.8836327546374658
397,397,473.1667054,473.1663031,473.1664499,1.428571429,0.571428571,C21 H30 O12,21,30,12,0,0,0,0,0,0.0,lignin,0.8707251949669379
398,398,473.1585944,473.1581921,473.1580747,0.8125,0.0625,C32 H26 O2 S1,32,26,2,1,0,0,0,0,0.0,pah,0.9719871948309331
399,399,473.1455454,473.1451431,473.1453205,1.083333333,0.416666667,C24 H26 O10,24,26,10,0,0,0,0,0,0.0,lignin,0.9595574715550953
400,400,473.1303011,473.1298988,473.1300644,1.3,0.65,C20 H26 O13,20,26,13,0,0,0,0,0,0.0,lignin,0.8758926774379919
401,401,473.1222961,473.1218938,473.1216892,0.709677419,0.096774194,C31 H22 O3 S1,31,22,3,1,0,0,0,0,0.0,pah,0.9718235511516136
402,402,473.1093235,473.1089213,473.108935,0.956521739,0.47826087,C23 H22 O11,23,22,11,0,0,0,0,0,0.0,tannin,0.7247156666858886
403,403,473.0941714,473.0937692,473.0936789,1.157894737,0.736842105,C19 H22 O14,19,22,14,0,0,0,0,0,0.0,lignin,0.9181855630178859
404,404,473.0731247,473.0727225,473.0725495,0.818181818,0.545454545,C22 H18 O12,22,18,12,0,0,0,0,0,0.0,tannin,0.8818588701508862
405,405,473.0367317,473.0363295,473.036164,0.666666667,0.619047619,C21 H14 O13,21,14,13,0,0,0,0,0,0.0,tannin,0.8230031739416088
406,406,471.2391308,471.2387311,471.238827,1.333333333,0.259259259,C27 H36 O7,27,36,7,0,0,0,0,0,0.0,lignin,0.8642083590331433
407,407,471.187385,471.1869854,471.1871853,1.454545455,0.5,C22 H32 O11,22,32,11,0,0,0,0,0,0.0,lignin,0.8692287845080834
408,408,471.179359,471.1789594,471.1788102,0.848484848,0.03030303,C33 H28 O1 S1,33,28,1,1,0,0,0,0,0.0,pah,0.9721400775421529
409,409,471.1664161,471.1660165,471.1660559,1.12,0.36,C25 H28 O9,25,28,9,0,0,0,0,0,0.0,lignin,0.9596003066446966
410,410,471.1513082,471.1509086,471.1507998,1.333333333,0.571428571,C21 H28 O12,21,28,12,0,0,0,0,0,0.0,lignin,0.8746933832509551
411,411,471.1302978,471.1298983,471.1296704,1.0,0.416666667,C24 H24 O10,24,24,10,0,0,0,0,0,0.0,lignin,0.9685033992024235
412,412,471.1150396,471.1146401,471.1144143,1.2,0.65,C20 H24 O13,20,24,13,0,0,0,0,0,0.0,lignin,0.8803108751285308
413,413,471.0938347,471.0934353,471.0932849,0.869565217,0.47826087,C23 H20 O11,23,20,11,0,0,0,0,0,0.0,tannin,0.8814195826938993
414,414,471.0785001,471.0781006,471.0780288,1.052631579,0.736842105,C19 H20 O14,19,20,14,0,0,0,0,0,0.0,lignin,0.9570055564520714
415,415,471.0571677,471.0567683,471.0568994,0.727272727,0.545454545,C22 H16 O12,22,16,12,0,0,0,0,0,0.0,tannin,0.9164090957137423
416,416,471.0418404,471.041441,471.0416433,0.888888889,0.833333333,C18 H16 O15,18,16,15,0,0,0,0,0,0.0,tannin,0.8808931204238106
417,417,471.0182747,471.0178754,471.018012,0.48,0.32,C25 H12 O8 S1,25,12,8,1,0,0,0,0,0.0,pah,0.9716947682872835
418,418,469.2842882,469.2838912,469.2840631,2.090909091,0.363636364,C22 H46 O8 S1,22,46,8,1,0,0,0,0,0.0,lipid,0.8442748653033266
419,419,469.2085198,469.2081229,469.2079208,1.47826087,0.434782609,C23 H34 O10,23,34,10,0,0,0,0,0,0.0,lignin,0.8683533097907155
420,420,469.1873416,469.1869447,469.1867914,1.153846154,0.307692308,C26 H30 O8,26,30,8,0,0,0,0,0,0.0,lignin,0.8885732950144007
421,421,469.1721149,469.171718,469.1715353,1.363636364,0.5,C22 H30 O11,22,30,11,0,0,0,0,0,0.0,lignin,0.8737613636654474
422,422,469.1508404,469.1504436,469.1504059,1.04,0.36,C25 H26 O9,25,26,9,0,0,0,0,0,0.0,lignin,0.9684650131195747
423,423,469.1354608,469.135064,469.1351497,1.238095238,0.571428571,C21 H26 O12,21,26,12,0,0,0,0,0,0.0,lignin,0.8787777262117735
424,424,469.1273105,469.1269138,469.1267746,0.6875,0.0625,C32 H22 O2 S1,32,22,2,1,0,0,0,0,0.0,pah,0.9718513415420752
425,425,469.1142124,469.1138156,469.1140204,0.916666667,0.416666667,C24 H22 O10,24,22,10,0,0,0,0,0,0.0,tannin,0.8803715865729453
426,426,469.0989461,469.0985494,469.0987642,1.1,0.65,C20 H22 O13,20,22,13,0,0,0,0,0,0.0,lignin,0.9564845293248929
427,427,469.0779134,469.0775167,469.0776349,0.782608696,0.47826087,C23 H18 O11,23,18,11,0,0,0,0,0,0.0,tannin,0.8997380600184052
428,428,469.0627859,469.0623892,469.0623787,0.947368421,0.736842105,C19 H18 O14,19,18,14,0,0,0,0,0,0.0,tannin,0.7238873927283915
429,429,468.1958927,468.1954973,468.1956255,1.454545455,0.454545455,C22 H32 O10 13C1,23,32,10,0,0,1,0,0,0.0,lignin,0.8690155766808342
430,430,468.1594245,468.1590291,468.15924,1.333333333,0.523809524,C21 H28 O11 13C1,22,28,11,0,0,1,0,0,0.0,lignin,0.8743525202861934
431,431,467.2289122,467.228518,467.2286562,1.5,0.375,C24 H36 O9,24,36,9,0,0,0,0,0,0.0,lignin,0.7449966716732388
432,432,467.1925603,467.1921662,467.1922707,1.391304348,0.434782609,C23 H32 O10,23,32,10,0,0,0,0,0,0.0,lignin,0.8665553406431403
433,433,467.1563762,467.1559822,467.1558852,1.272727273,0.5,C22 H28 O11,22,28,11,0,0,0,0,0,0.0,lignin,0.8773758331948951
434,434,467.1201031,467.1197091,467.1194997,1.142857143,0.571428571,C21 H24 O12,21,24,12,0,0,0,0,0,0.0,lignin,0.9199669474046603
435,435,467.0989012,467.0985072,467.0983703,0.833333333,0.416666667,C24 H20 O10,24,20,10,0,0,0,0,0,0.0,tannin,0.87916919928608
436,436,467.0835929,467.0831989,467.0831142,1.0,0.65,C20 H20 O13,20,20,13,0,0,0,0,0,0.0,lignin,0.9663736158897642
437,437,467.0623026,467.0619087,467.0619848,0.695652174,0.47826087,C23 H16 O11,23,16,11,0,0,0,0,0,0.0,tannin,0.8186045706984555
438,438,467.0469327,467.0465388,467.0467287,0.842105263,0.736842105,C19 H16 O14,19,16,14,0,0,0,0,0,0.0,tannin,0.8838203968945175
439,439,466.2169529,466.2165601,466.216361,1.47826087,0.391304348,C23 H34 O9 13C1,24,34,9,0,0,1,0,0,0.0,lignin,0.8673649282153439
440,440,466.1439796,466.1435869,466.14359,1.238095238,0.523809524,C21 H26 O11 13C1,22,26,11,0,0,1,0,0,0.0,lignin,0.8792504817786414
441,441,465.2499276,465.2495361,465.2493916,1.52,0.32,C25 H38 O8,25,38,8,0,0,0,0,0,0.0,lipid,0.8703718144945245
442,442,465.2133538,465.2129625,465.2130061,1.416666667,0.375,C24 H34 O9,24,34,9,0,0,0,0,0,0.0,lignin,0.862898712131104
443,443,465.1768593,465.176468,465.1766206,1.304347826,0.434782609,C23 H30 O10,23,30,10,0,0,0,0,0,0.0,lignin,0.8755779629323162
444,444,465.1687917,465.1684004,465.1682455,0.764705882,0.0,C34 H26 S1,34,26,0,1,0,0,0,0,0.0,pah,0.9720154542914606
445,445,465.140544,465.1401527,465.1402351,1.181818182,0.5,C22 H26 O11,22,26,11,0,0,0,0,0,0.0,lignin,0.8842954772097803
446,446,465.1043369,465.1039456,465.1038496,1.047619048,0.571428571,C21 H22 O12,21,22,12,0,0,0,0,0,0.0,lignin,0.9589310986550631
447,447,465.0680256,465.0676344,465.0674641,0.9,0.65,C20 H18 O13,20,18,13,0,0,0,0,0,0.0,tannin,0.8815162843977167
448,448,464.2010984,464.2007084,464.2007109,1.391304348,0.391304348,C23 H32 O9 13C1,24,32,9,0,0,1,0,0,0.0,lignin,0.8651013767428433
449,449,464.1649419,464.1645519,464.1643254,1.272727273,0.454545455,C22 H28 O10 13C1,23,28,10,0,0,1,0,0,0.0,lignin,0.8775102808133075
450,450,463.2342948,463.2339061,463.2337416,1.44,0.32,C25 H36 O8,25,36,8,0,0,0,0,0,0.0,lignin,0.8602166264711377
451,451,463.1977447,463.1973561,463.1973561,1.333333333,0.375,C24 H32 O9,24,32,9,0,0,0,0,0,0.0,lignin,0.8677330272594924
452,452,463.1612165,463.160828,463.1609706,1.217391304,0.434782609,C23 H28 O10,23,28,10,0,0,0,0,0,0.0,lignin,0.881930162380017
453,453,463.1248901,463.1245016,463.1245851,1.090909091,0.5,C22 H24 O11,22,24,11,0,0,0,0,0,0.0,lignin,0.9585948862536485
454,454,463.0886716,463.0882831,463.0881995,0.952380952,0.571428571,C21 H20 O12,21,20,12,0,0,0,0,0,0.0,tannin,0.7235999700979175
455,455,463.0523644,463.051976,463.051814,0.8,0.65,C20 H16 O13,20,16,13,0,0,0,0,0,0.0,tannin,0.8841738691623438
456,456,462.1854755,462.1850882,462.1850608,1.304347826,0.391304348,C23 H30 O9 13C1,24,30,9,0,0,1,0,0,0.0,lignin,0.8753213735234364
457,457,462.1492755,462.1488883,462.1486753,1.181818182,0.454545455,C22 H26 O10 13C1,23,26,10,0,0,1,0,0,0.0,lignin,0.8848326365215033
458,458,461.2185902,461.2182043,461.2180915,1.36,0.32,C25 H34 O8,25,34,8,0,0,0,0,0,0.0,lignin,0.8640749588398957
459,459,461.1820318,461.1816459,461.181706,1.25,0.375,C24 H30 O9,24,30,9,0,0,0,0,0,0.0,lignin,0.8788533261902349
460,460,461.1586043,461.1582185,461.1580747,0.838709677,0.064516129,C31 H26 O2 S1,31,26,2,1,0,0,0,0,0.0,pah,0.9720304116662476
461,461,461.1455726,461.1451867,461.1453205,1.130434783,0.434782609,C23 H26 O10,23,26,10,0,0,0,0,0,0.0,lignin,0.9722655730053387
462,462,461.1093155,461.1089297,461.108935,1.0,0.5,C22 H22 O11,22,22,11,0,0,0,0,0,0.0,lignin,0.967808138997418
463,463,461.0941426,461.0937569,461.0936789,1.222222222,0.777777778,C18 H22 O14,18,22,14,0,0,0,0,0,0.0,lignin,0.6189645760596675
464,464,461.073091,461.0727052,461.0725495,0.857142857,0.571428571,C21 H18 O12,21,18,12,0,0,0,0,0,0.0,tannin,0.8824150991564474
465,465,461.0367174,461.0363318,461.036164,0.7,0.65,C20 H14 O13,20,14,13,0,0,0,0,0,0.0,tannin,0.9190388032036612
466,466,459.2393248,459.2389416,459.238827,1.384615385,0.269230769,C26 H36 O7,26,36,7,0,0,0,0,0,0.0,lignin,0.8616960803796566
467,467,459.2027261,459.2023429,459.2024415,1.28,0.32,C25 H32 O8,25,32,8,0,0,0,0,0,0.0,lignin,0.8762518856376242
468,468,459.1793424,459.1789593,459.1788102,0.875,0.03125,C32 H28 O1 S1,32,28,1,1,0,0,0,0,0.0,pah,0.9722138418134406
469,469,459.1663024,459.1659193,459.1660559,1.166666667,0.375,C24 H28 O9,24,28,9,0,0,0,0,0,0.0,lignin,0.8870016803681
470,470,459.1607703,459.1603872,459.1601827,0.774193548,0.129032258,C31 H24 O4,31,24,4,0,0,0,0,0,0.0,pah,0.9718055380486904
471,471,459.1510887,459.1507056,459.1507998,1.4,0.6,C20 H28 O12,20,28,12,0,0,0,0,0,0.0,lignin,0.8584301370770208
472,472,459.1300482,459.1296651,459.1296704,1.043478261,0.434782609,C23 H24 O10,23,24,10,0,0,0,0,0,0.0,lignin,0.9678222616785523
473,473,459.1149369,459.1145538,459.1144143,1.263157895,0.684210526,C19 H24 O13,19,24,13,0,0,0,0,0,0.0,lignin,0.8769478950109411
474,474,459.0938424,459.0934594,459.0932849,0.909090909,0.5,C22 H20 O11,22,20,11,0,0,0,0,0,0.0,tannin,0.880836689729737
475,475,459.0785945,459.0782114,459.0780288,1.111111111,0.777777778,C18 H20 O14,18,20,14,0,0,0,0,0,0.0,lignin,0.9649027855149305
476,476,459.0574354,459.0570524,459.0568994,0.761904762,0.571428571,C21 H16 O12,21,16,12,0,0,0,0,0,0.0,tannin,0.9023675099804717
477,477,457.2233779,457.2229974,457.2231769,1.307692308,0.269230769,C26 H34 O7,26,34,7,0,0,0,0,0,0.0,lignin,0.8660089264447681
478,478,457.2082039,457.2078235,457.2079208,1.545454545,0.454545455,C22 H34 O10,22,34,10,0,0,0,0,0,0.0,lignin,0.7433101299583005
479,479,457.1871656,457.1867852,457.1867914,1.2,0.32,C25 H30 O8,25,30,8,0,0,0,0,0,0.0,lignin,0.8835942087093809
480,480,457.1720246,457.1716442,457.1715353,1.428571429,0.523809524,C21 H30 O11,21,30,11,0,0,0,0,0,0.0,lignin,0.8701394191586515
481,481,457.1509503,457.1505699,457.1504059,1.083333333,0.375,C24 H26 O9,24,26,9,0,0,0,0,0,0.0,lignin,0.9599498169334428
482,482,457.1356894,457.135309,457.1351497,1.3,0.6,C20 H26 O12,20,26,12,0,0,0,0,0,0.0,lignin,0.8757712315213494
483,483,457.1145461,457.1141658,457.1140204,0.956521739,0.434782609,C23 H22 O10,23,22,10,0,0,0,0,0,0.0,tannin,0.8793818644420996
484,484,457.0991832,457.0988029,457.0987642,1.157894737,0.684210526,C19 H22 O13,19,22,13,0,0,0,0,0,0.0,lignin,0.9194840306411285
485,485,457.0779445,457.0775642,457.0776349,0.818181818,0.5,C22 H18 O11,22,18,11,0,0,0,0,0,0.0,tannin,0.880483606670672
486,486,457.0626108,457.0622306,457.0623787,1.0,0.777777778,C18 H18 O14,18,18,14,0,0,0,0,0,0.0,lignin,0.957833827031758
487,487,457.0414829,457.0411026,457.0412494,0.666666667,0.571428571,C21 H14 O12,21,14,12,0,0,0,0,0,0.0,tannin,0.8199230764667729
488,488,457.0390457,457.0386655,457.0387474,0.56,0.28,C25 H14 O7 S1,25,14,7,1,0,0,0,0,0.0,pah,0.9716666153389264
489,489,456.1594831,456.159104,456.15924,1.4,0.55,C20 H28 O11 13C1,21,28,11,0,0,1,0,0,0.0,lignin,0.8720868762049623
490,490,455.1927662,455.1923885,455.1922707,1.454545455,0.454545455,C22 H32 O10,22,32,10,0,0,0,0,0,0.0,lignin,0.8690155766808342
491,491,455.1715259,455.1711482,455.1711413,1.12,0.32,C25 H28 O8,25,28,8,0,0,0,0,0,0.0,lignin,0.9600648732285533
492,492,455.1561839,455.1558062,455.1558852,1.333333333,0.523809524,C21 H28 O11,21,28,11,0,0,0,0,0,0.0,lignin,0.8743525202861934
493,493,455.1480678,455.1476901,455.14751,0.75,0.03125,C32 H24 O1 S1,32,24,1,1,0,0,0,0,0.0,pah,0.9719485382878057
494,494,455.1383456,455.1379679,455.1381271,1.333333333,0.428571429,C21 H28 O9 S1,21,28,9,1,0,0,0,0,0.0,lignin,0.8690558019434885
495,495,455.1349794,455.1346018,455.1347558,1.0,0.375,C24 H24 O9,24,24,9,0,0,0,0,0,0.0,lignin,0.9711748366710997
496,496,455.119712,455.1193343,455.1194997,1.2,0.6,C20 H24 O12,20,24,12,0,0,0,0,0,0.0,lignin,0.8808019196856739
497,497,455.1116463,455.1112687,455.1111245,0.64516129,0.064516129,C31 H20 O2 S1,31,20,2,1,0,0,0,0,0.0,pah,0.9718276746437539
498,498,455.0986775,455.0982999,455.0983703,0.869565217,0.434782609,C23 H20 O10,23,20,10,0,0,0,0,0,0.0,tannin,0.8802521262036713
499,499,455.0834932,455.0831157,455.0831142,1.052631579,0.684210526,C19 H20 O13,19,20,13,0,0,0,0,0,0.0,lignin,0.957571613620351
500,500,455.0625584,455.0621808,455.0619848,0.727272727,0.5,C22 H16 O11,22,16,11,0,0,0,0,0,0.0,tannin,0.8238073027100905
501,501,455.0472979,455.0469204,455.0467287,0.888888889,0.777777778,C18 H16 O14,18,16,14,0,0,0,0,0,0.0,tannin,0.8806180077574333
502,502,454.1805379,454.1801615,454.1799755,1.428571429,0.476190476,C21 H30 O10 13C1,22,30,10,0,0,1,0,0,0.0,lignin,0.8709654298516197
503,503,454.1439709,454.1435946,454.14359,1.3,0.55,C20 H26 O11 13C1,21,26,11,0,0,1,0,0,0.0,lignin,0.8760903227239947
504,504,454.1074141,454.1070379,454.1072044,1.157894737,0.631578947,C19 H22 O12 13C1,20,22,12,0,0,1,0,0,0.0,lignin,0.91733576775788
505,505,453.2132295,453.2128544,453.2130061,1.47826087,0.391304348,C23 H34 O9,23,34,9,0,0,0,0,0,0.0,lignin,0.8673649282153439
506,506,453.1770771,453.1767021,453.1766206,1.363636364,0.454545455,C22 H30 O10,22,30,10,0,0,0,0,0,0.0,lignin,0.8681478939816168
507,507,453.1408145,453.1404395,453.1402351,1.238095238,0.523809524,C21 H26 O11,21,26,11,0,0,0,0,0,0.0,lignin,0.8792504817786414
508,508,453.1042669,453.1038921,453.1038496,1.1,0.6,C20 H22 O12,20,22,12,0,0,0,0,0,0.0,lignin,0.9569538991334436
509,509,453.0829444,453.0825696,453.0827202,0.782608696,0.434782609,C23 H18 O10,23,18,10,0,0,0,0,0,0.0,tannin,0.9160304581149192
510,510,453.0465114,453.0461366,453.0463347,0.636363636,0.5,C22 H14 O11,22,14,11,0,0,0,0,0,0.0,tannin,0.8146671500259025
511,511,453.0313728,453.030998,453.0310786,0.777777778,0.777777778,C18 H14 O14,18,14,14,0,0,0,0,0,0.0,tannin,0.886198003255112
512,512,453.0289992,453.0286244,453.0285767,0.636363636,0.409090909,C22 H14 O9 S1,22,14,9,1,0,0,0,0,0.0,pah,0.9719089676386398
513,513,452.1647462,452.1643726,452.1643254,1.333333333,0.476190476,C21 H28 O10 13C1,22,28,10,0,0,1,0,0,0.0,lignin,0.8697836474657125
514,514,452.1284443,452.1280707,452.1279399,1.2,0.55,C20 H24 O11 13C1,21,24,11,0,0,1,0,0,0.0,lignin,0.882093395954825
515,515,451.2341208,451.2337485,451.2337416,1.5,0.333333333,C24 H36 O8,24,36,8,0,0,0,0,0,0.0,lipid,0.5716931796575205
516,516,451.2131547,451.2127824,451.2126122,1.185185185,0.222222222,C27 H32 O6,27,32,6,0,0,0,0,0,0.0,lignin,0.8845290124784656
517,517,451.161269,451.1608968,451.1609706,1.272727273,0.454545455,C22 H28 O10,22,28,10,0,0,0,0,0,0.0,lignin,0.8775102808133075
518,518,451.1251671,451.1247949,451.1245851,1.142857143,0.523809524,C21 H24 O11,21,24,11,0,0,0,0,0,0.0,lignin,0.9211388255127417
519,519,451.0887264,451.0883543,451.0881995,1.0,0.6,C20 H20 O12,20,20,12,0,0,0,0,0,0.0,lignin,0.9668622554528324
520,520,451.067411,451.0670388,451.0670702,0.695652174,0.434782609,C23 H16 O10,23,16,10,0,0,0,0,0,0.0,tannin,0.8166829982020996
521,521,451.0520201,451.051648,451.051814,0.842105263,0.684210526,C19 H16 O13,19,16,13,0,0,0,0,0,0.0,tannin,0.8834529701002491
522,522,451.04964,451.0492678,451.0493121,0.695652174,0.347826087,C23 H16 O8 S1,23,16,8,1,0,0,0,0,0.0,pah,0.9719172008495743
523,523,451.013246,451.012874,451.0129266,0.545454545,0.409090909,C22 H12 O9 S1,22,12,9,1,0,0,0,0,0.0,pah,0.9715658580537188
524,524,450.2217643,450.2213934,450.2214464,1.47826087,0.347826087,C23 H34 O8 13C1,24,34,8,0,0,1,0,0,0.0,lignin,0.7455550777209647
525,525,450.1852741,450.1849032,450.1850608,1.363636364,0.409090909,C22 H30 O9 13C1,23,30,9,0,0,1,0,0,0.0,lignin,0.8671307090419923
526,526,450.1771635,450.1767926,450.176955,1.318181818,0.409090909,C22 H29 O9 N1,22,29,9,0,1,0,0,0,0.045454545,lignin,0.8649056635539608
527,527,450.1489703,450.1485994,450.1486753,1.238095238,0.476190476,C21 H26 O10 13C1,22,26,10,0,0,1,0,0,0.0,lignin,0.8795866265498702
528,528,450.1127728,450.1124019,450.1122898,1.1,0.55,C20 H22 O11 13C1,21,22,11,0,0,1,0,0,0.0,lignin,0.9579209751297115
529,529,449.2183945,449.2180248,449.2180915,1.416666667,0.333333333,C24 H34 O8,24,34,8,0,0,0,0,0,0.0,lignin,0.861534442479061
530,530,449.1819137,449.1815441,449.181706,1.304347826,0.391304348,C23 H30 O9,23,30,9,0,0,0,0,0,0.0,lignin,0.8753213735234364
531,531,449.1457114,449.1453418,449.1453205,1.181818182,0.454545455,C22 H26 O10,22,26,10,0,0,0,0,0,0.0,lignin,0.8848326365215033
532,532,449.1094489,449.1090794,449.108935,1.047619048,0.523809524,C21 H22 O11,21,22,11,0,0,0,0,0,0.0,lignin,0.9594253596499394
533,533,449.0730386,449.0726692,449.0725495,0.9,0.6,C20 H18 O12,20,18,12,0,0,0,0,0,0.0,tannin,0.8813513848168304
534,534,449.0364875,449.0361181,449.036164,0.736842105,0.684210526,C19 H14 O13,19,14,13,0,0,0,0,0,0.0,tannin,0.8836289932922801
535,535,449.0340548,449.0336854,449.0336621,0.608695652,0.347826087,C23 H14 O8 S1,23,14,8,1,0,0,0,0,0.0,pah,0.971550438390955
536,536,448.2060628,448.2056945,448.2057963,1.391304348,0.347826087,C23 H32 O8 13C1,24,32,8,0,0,1,0,0,0.0,lignin,0.8632129541856994
537,537,448.1695866,448.1692184,448.1694108,1.272727273,0.409090909,C22 H28 O9 13C1,23,28,9,0,0,1,0,0,0.0,lignin,0.877479357296307
538,538,448.1334501,448.1330819,448.1330253,1.142857143,0.476190476,C21 H24 O10 13C1,22,24,10,0,0,1,0,0,0.0,lignin,0.9221203041344296
539,539,447.2392737,447.2389067,447.238827,1.44,0.28,C25 H36 O7,25,36,7,0,0,0,0,0,0.0,lignin,0.5539209124904667
540,540,447.2026978,447.2023309,447.2024415,1.333333333,0.333333333,C24 H32 O8,24,32,8,0,0,0,0,0,0.0,lignin,0.8661166067820245
541,541,447.1793476,447.1789807,447.1788102,0.903225806,0.032258065,C31 H28 O1 S1,31,28,1,1,0,0,0,0,0.0,pah,0.9723044882694266
542,542,447.1662811,447.1659143,447.1660559,1.217391304,0.391304348,C23 H28 O9,23,28,9,0,0,0,0,0,0.0,lignin,0.882098557947641
543,543,447.1301424,447.1297756,447.1296704,1.090909091,0.454545455,C22 H24 O10,22,24,10,0,0,0,0,0,0.0,lignin,0.9590426617837522
544,544,447.093853,447.0934863,447.0932849,0.952380952,0.523809524,C21 H20 O11,21,20,11,0,0,0,0,0,0.0,tannin,0.7253408737613691
545,545,447.0785195,447.0781528,447.0780288,1.176470588,0.823529412,C17 H20 O14,17,20,14,0,0,0,0,0,0.0,lignin,0.6699296782653562
546,546,447.0572429,447.0568762,447.0568994,0.8,0.6,C20 H16 O12,20,16,12,0,0,0,0,0,0.0,tannin,0.8830248816816513
547,547,447.0548442,447.0544775,447.0543975,0.666666667,0.291666667,C24 H16 O7 S1,24,16,7,1,0,0,0,0,0.0,pah,0.9715590342370373
548,548,447.0206787,447.0203121,447.0205139,0.631578947,0.684210526,C19 H12 O13,19,12,13,0,0,0,0,0,0.0,tannin,0.8222296365776623
549,549,447.0182423,447.0178757,447.018012,0.52173913,0.347826087,C23 H12 O8 S1,23,12,8,1,0,0,0,0,0.0,pah,0.9716448446609871
550,550,446.1903941,446.1900285,446.1901462,1.304347826,0.347826087,C23 H30 O8 13C1,24,30,8,0,0,1,0,0,0.0,lignin,0.8686707758092455
551,551,446.154213,446.1538475,446.1537607,1.181818182,0.409090909,C22 H26 O9 13C1,23,26,9,0,0,1,0,0,0.0,lignin,0.8851952350261708
552,552,445.1871949,445.1868307,445.1867914,1.25,0.333333333,C24 H30 O8,24,30,8,0,0,0,0,0,0.0,lignin,0.8786354765832745
553,553,445.1720496,445.1716854,445.1715353,1.5,0.55,C20 H30 O11,20,30,11,0,0,0,0,0,0.0,lignin,0.8454103608422219
554,554,445.1509738,445.1506096,445.1504059,1.130434783,0.391304348,C23 H26 O9,23,26,9,0,0,0,0,0,0.0,lignin,0.9731073951724616
555,555,445.1357125,445.1353484,445.1351497,1.368421053,0.631578947,C19 H26 O12,19,26,12,0,0,0,0,0,0.0,lignin,0.8604777498178064
556,556,445.1178143,445.1174502,445.1173917,1.368421053,0.526315789,C19 H26 O10 S1,19,26,10,1,0,0,0,0,0.0,lignin,0.873524640646141
557,557,445.1144369,445.1140728,445.1140204,1.0,0.454545455,C22 H22 O10,22,22,10,0,0,0,0,0,0.0,lignin,0.9682020602289023
558,558,445.0990293,445.0986653,445.0987642,1.222222222,0.722222222,C18 H22 O13,18,22,13,0,0,0,0,0,0.0,lignin,0.700366459290126
559,559,445.0908916,445.0905276,445.0903891,0.620689655,0.103448276,C29 H18 O3 S1,29,18,3,1,0,0,0,0,0.0,pah,0.9717896016400109
560,560,445.0778155,445.0774514,445.0776349,0.857142857,0.523809524,C21 H18 O11,21,18,11,0,0,0,0,0,0.0,tannin,0.8820608885699259
561,561,445.0753976,445.0750336,445.0751329,0.72,0.24,C25 H18 O6 S1,25,18,6,1,0,0,0,0,0.0,pah,0.9715970882629357
562,562,445.0625775,445.0622135,445.0623787,1.058823529,0.823529412,C17 H18 O14,17,18,14,0,0,0,0,0,0.0,lignin,0.9783752161540097
563,563,445.0415847,445.0412207,445.0412494,0.7,0.6,C20 H14 O12,20,14,12,0,0,0,0,0,0.0,tannin,0.8708059881310077
564,564,445.039207,445.038843,445.0387474,0.583333333,0.291666667,C24 H14 O7 S1,24,14,7,1,0,0,0,0,0.0,pah,0.9716384446077571
565,565,443.2783523,443.2779907,443.2777959,1.290322581,0.0,C31 H40 S1,31,40,0,1,0,0,0,0,0.0,lipid,0.8754242207731405
566,566,443.208012,443.2076505,443.2075268,1.28,0.28,C25 H32 O7,25,32,7,0,0,0,0,0,0.0,lignin,0.8759499352361892
567,567,443.1927619,443.1924004,443.1922707,1.523809524,0.476190476,C21 H32 O10,21,32,10,0,0,0,0,0,0.0,lignin,0.8670573100691469
568,568,443.1715308,443.1711693,443.1711413,1.166666667,0.333333333,C24 H28 O8,24,28,8,0,0,0,0,0,0.0,lignin,0.8870839726218328
569,569,443.1562127,443.1558513,443.1558852,1.4,0.55,C20 H28 O11,20,28,11,0,0,0,0,0,0.0,lignin,0.8720868762049623
570,570,443.1480885,443.1477271,443.14751,0.774193548,0.032258065,C31 H24 O1 S1,31,24,1,1,0,0,0,0,0.0,pah,0.9719817258620062
571,571,443.1383328,443.1379714,443.1381271,1.4,0.45,C20 H28 O9 S1,20,28,9,1,0,0,0,0,0.0,lignin,0.8716591256382561
572,572,443.1349835,443.134622,443.1347558,1.043478261,0.391304348,C23 H24 O9,23,24,9,0,0,0,0,0,0.0,lignin,0.9681863479100663
573,573,443.129418,443.1290565,443.1288826,0.666666667,0.133333333,C30 H20 O4,30,20,4,0,0,0,0,0,0.0,pah,0.9717673387985402
574,574,443.1196891,443.1193277,443.1194997,1.263157895,0.631578947,C19 H24 O12,19,24,12,0,0,0,0,0,0.0,lignin,0.877165220892677
575,575,443.1116327,443.1112713,443.1111245,0.666666667,0.066666667,C30 H20 O2 S1,30,20,2,1,0,0,0,0,0.0,pah,0.9718355605967947
576,576,443.1019778,443.1016164,443.1017416,1.263157895,0.526315789,C19 H24 O10 S1,19,24,10,1,0,0,0,0,0.0,lignin,0.8777515822119983
577,577,443.0987141,443.0983527,443.0983703,0.909090909,0.454545455,C22 H20 O10,22,20,10,0,0,0,0,0,0.0,tannin,0.8807001091248848
578,578,443.0835205,443.0831591,443.0831142,1.111111111,0.722222222,C18 H20 O13,18,20,13,0,0,0,0,0,0.0,lignin,0.9585199130769373
579,579,443.0625412,443.0621799,443.0619848,0.761904762,0.523809524,C21 H16 O11,21,16,11,0,0,0,0,0,0.0,tannin,0.9001422980241657
580,580,443.0472727,443.0469114,443.0467287,0.941176471,0.823529412,C17 H16 O14,17,16,14,0,0,0,0,0,0.0,tannin,0.7243545088661953
581,581,442.2566611,442.2563008,442.2561178,2.210526316,0.421052632,C19 H42 O8 S1 13C1,20,42,8,1,0,1,0,0,0.0,lipid,0.843415294313479
582,582,442.180161,442.1798008,442.1799755,1.5,0.5,C20 H30 O10 13C1,21,30,10,0,0,1,0,0,0.0,lignin,0.8676829946156379
583,583,442.1720844,442.1717243,442.1718696,1.45,0.5,C20 H29 O10 N1,20,29,10,0,1,0,0,0,0.05,lignin,0.8676431306021103
584,584,442.143929,442.1435689,442.14359,1.368421053,0.578947368,C19 H26 O11 13C1,20,26,11,0,0,1,0,0,0.0,lignin,0.8734811674500207
585,585,442.1358921,442.135532,442.1354841,1.315789474,0.578947368,C19 H25 O11 N1,19,25,11,0,1,0,0,0,0.052631579,lignin,0.8746311785097385
586,586,441.253045,441.2526861,441.252763,2.1,0.4,C20 H42 O8 S1,20,42,8,1,0,0,0,0,0.0,lipid,0.844016384780552
587,587,441.2131656,441.2128068,441.2130061,1.545454545,0.409090909,C22 H34 O9,22,34,9,0,0,0,0,0,0.0,lignin,0.6051790684094449
588,588,441.1921576,441.1917988,441.1918768,1.2,0.28,C25 H30 O7,25,30,7,0,0,0,0,0,0.0,lignin,0.8834292057512521
589,589,441.1770766,441.1767178,441.1766206,1.428571429,0.476190476,C21 H30 O10,21,30,10,0,0,0,0,0,0.0,lignin,0.8709654298516197
590,590,441.1560531,441.1556943,441.1554913,1.083333333,0.333333333,C24 H26 O8,24,26,8,0,0,0,0,0,0.0,lignin,0.9603286638307879
591,591,441.1407873,441.1404285,441.1402351,1.3,0.55,C20 H26 O11,20,26,11,0,0,0,0,0,0.0,lignin,0.8760903227239947
592,592,441.1195829,441.1192242,441.1191058,0.956521739,0.391304348,C23 H22 O9,23,22,9,0,0,0,0,0,0.0,tannin,0.8793252706849716
593,593,441.1041659,441.1038072,441.1038496,1.157894737,0.631578947,C19 H22 O12,19,22,12,0,0,0,0,0,0.0,lignin,0.91733576775788
594,594,441.101836,441.1014773,441.1013477,0.956521739,0.304347826,C23 H22 O7 S1,23,22,7,1,0,0,0,0,0.0,tannin,0.8789161595910986
595,595,441.0960313,441.0956726,441.0954745,0.6,0.066666667,C30 H18 O2 S1,30,18,2,1,0,0,0,0,0.0,pah,0.9718110259613113
596,596,441.0829008,441.0825421,441.0827202,0.818181818,0.454545455,C22 H18 O10,22,18,10,0,0,0,0,0,0.0,tannin,0.8796952018411226
597,597,441.0676562,441.0672975,441.0674641,1.0,0.722222222,C18 H18 O13,18,18,13,0,0,0,0,0,0.0,lignin,0.958590996744691
598,598,441.0466386,441.04628,441.0463347,0.666666667,0.523809524,C21 H14 O11,21,14,11,0,0,0,0,0,0.0,tannin,0.8178774455584905
599,599,441.0442248,441.0438662,441.0438328,0.56,0.24,C25 H14 O6 S1,25,14,6,1,0,0,0,0,0.0,pah,0.9716977127864747
600,600,441.0314983,441.0311397,441.0310786,0.823529412,0.823529412,C17 H14 O14,17,14,14,0,0,0,0,0,0.0,tannin,0.8853128346479071
601,601,440.1647426,440.1643851,440.1643254,1.4,0.5,C20 H28 O10 13C1,21,28,10,0,0,1,0,0,0.0,lignin,0.8720374103014963
602,602,440.1566063,440.1562489,440.1562195,1.35,0.5,C20 H27 O10 N1,20,27,10,0,1,0,0,0,0.05,lignin,0.8649016342982737
603,603,440.1281137,440.1277563,440.1279399,1.263157895,0.578947368,C19 H24 O11 13C1,20,24,11,0,0,1,0,0,0.0,lignin,0.8777370406872933
604,604,440.1200108,440.1196534,440.119834,1.210526316,0.578947368,C19 H23 O11 N1,19,23,11,0,1,0,0,0,0.052631579,lignin,0.8810193082462494
605,605,440.0918327,440.0914753,440.0915544,1.111111111,0.666666667,C18 H20 O12 13C1,19,20,12,0,0,1,0,0,0.0,lignin,0.9553768957301314
606,606,439.197625,439.1972688,439.1973561,1.454545455,0.409090909,C22 H32 O9,22,32,9,0,0,0,0,0,0.0,lignin,0.8692541847067137
607,607,439.1611883,439.1608322,439.1609706,1.333333333,0.476190476,C21 H28 O10,21,28,10,0,0,0,0,0,0.0,lignin,0.8697836474657125
608,608,439.1531438,439.1527877,439.1525954,0.75,0.0,C32 H24 S1,32,24,0,1,0,0,0,0,0.0,pah,0.9719912204719044
609,609,439.1250419,439.1246858,439.1245851,1.2,0.55,C20 H24 O11,20,24,11,0,0,0,0,0,0.0,lignin,0.882093395954825
610,610,439.1039784,439.1036223,439.1034557,0.869565217,0.391304348,C23 H20 O9,23,20,9,0,0,0,0,0,0.0,tannin,0.8790148309957356
611,611,439.0887513,439.0883953,439.0881995,1.052631579,0.631578947,C19 H20 O12,19,20,12,0,0,0,0,0,0.0,lignin,0.9581465186302062
612,612,439.0675124,439.0671564,439.0670702,0.727272727,0.454545455,C22 H16 O10,22,16,10,0,0,0,0,0,0.0,tannin,0.8209502396411631
613,613,439.0520959,439.0517399,439.051814,0.888888889,0.722222222,C18 H16 O13,18,16,13,0,0,0,0,0,0.0,tannin,0.8804933863704367
614,614,439.0496824,439.0493265,439.0493121,0.727272727,0.363636364,C22 H16 O8 S1,22,16,8,1,0,0,0,0,0.0,tannin,0.8164251302191383
615,615,439.0284283,439.0280724,439.0281827,0.48,0.24,C25 H12 O6 S1,25,12,6,1,0,0,0,0,0.0,pah,0.9717334834942918
616,616,438.1855681,438.1852133,438.1850608,1.428571429,0.428571429,C21 H30 O9 13C1,22,30,9,0,0,1,0,0,0.0,lignin,0.8706009725410737
617,617,438.149114,438.1487592,438.1486753,1.3,0.5,C20 H26 O10 13C1,21,26,10,0,0,1,0,0,0.0,lignin,0.8758469336199521
618,618,438.1410022,438.1406475,438.1405695,1.25,0.5,C20 H25 O10 N1,20,25,10,0,1,0,0,0,0.05,lignin,0.8783662361955729
619,619,438.1125273,438.1121726,438.1122898,1.157894737,0.578947368,C19 H22 O11 13C1,20,22,11,0,0,1,0,0,0.0,lignin,0.9186167697056049
620,620,438.1043909,438.1040362,438.104184,1.105263158,0.578947368,C19 H21 O11 N1,19,21,11,0,1,0,0,0,0.052631579,lignin,0.9572891574659586
621,621,438.0761323,438.0757776,438.0759043,1.0,0.666666667,C18 H18 O12 13C1,19,18,12,0,0,1,0,0,0.0,lignin,0.9662114318864898
622,622,437.2185046,437.2181511,437.2180915,1.47826087,0.347826087,C23 H34 O8,23,34,8,0,0,0,0,0,0.0,lignin,0.7455550777209647
623,623,437.1818874,437.1815339,437.181706,1.363636364,0.409090909,C22 H30 O9,22,30,9,0,0,0,0,0,0.0,lignin,0.8671307090419923
624,624,437.1456457,437.1452923,437.1453205,1.238095238,0.476190476,C21 H26 O10,21,26,10,0,0,0,0,0,0.0,lignin,0.8795866265498702
625,625,437.109442,437.1090886,437.108935,1.1,0.55,C20 H22 O11,20,22,11,0,0,0,0,0,0.0,lignin,0.9579209751297115
626,626,437.0882812,437.0879279,437.0878056,0.782608696,0.391304348,C23 H18 O9,23,18,9,0,0,0,0,0,0.0,tannin,0.8247713534125717
627,627,437.0730004,437.0726471,437.0725495,0.947368421,0.631578947,C19 H18 O12,19,18,12,0,0,0,0,0,0.0,tannin,0.7237719927232766
628,628,437.0517637,437.0514104,437.0514201,0.636363636,0.454545455,C22 H14 O10,22,14,10,0,0,0,0,0,0.0,pah,0.9718240440526433
629,629,437.036435,437.0360818,437.036164,0.777777778,0.722222222,C18 H14 O13,18,14,13,0,0,0,0,0,0.0,tannin,0.8854845160928475
630,630,437.0340129,437.0336596,437.0336621,0.636363636,0.363636364,C22 H14 O8 S1,22,14,8,1,0,0,0,0,0.0,pah,0.9714894947682209
631,631,436.2062171,436.2058649,436.2057963,1.454545455,0.363636364,C22 H32 O8 13C1,23,32,8,0,0,1,0,0,0.0,lignin,0.8693603059830572
632,632,436.1699448,436.1695927,436.1694108,1.333333333,0.428571429,C21 H28 O9 13C1,22,28,9,0,0,1,0,0,0.0,lignin,0.8690558019434885
633,633,436.1333486,436.1329965,436.1330253,1.2,0.5,C20 H24 O10 13C1,21,24,10,0,0,1,0,0,0.0,lignin,0.882755218147269
634,634,436.0968405,436.0964885,436.0966398,1.052631579,0.578947368,C19 H20 O11 13C1,20,20,11,0,0,1,0,0,0.0,lignin,0.9587107808758702
635,635,436.0887568,436.0884048,436.0885339,1.0,0.578947368,C19 H19 O11 N1,19,19,11,0,1,0,0,0,0.052631579,lignin,0.9673299453010689
636,636,435.2393421,435.2389912,435.238827,1.5,0.291666667,C24 H36 O7,24,36,7,0,0,0,0,0,0.0,lipid,0.8718014713280816
637,637,435.2026473,435.2022965,435.2024415,1.391304348,0.347826087,C23 H32 O8,23,32,8,0,0,0,0,0,0.0,lignin,0.8632129541856994
638,638,435.1792297,435.1788789,435.1788102,0.933333333,0.033333333,C30 H28 O1 S1,30,28,1,1,0,0,0,0,0.0,tannin,0.5007440930494163
639,639,435.1662407,435.16589,435.1660559,1.272727273,0.409090909,C22 H28 O9,22,28,9,0,0,0,0,0,0.0,lignin,0.877479357296307
640,640,435.130182,435.1298313,435.1296704,1.142857143,0.476190476,C21 H24 O10,21,24,10,0,0,0,0,0,0.0,lignin,0.9221203041344296
641,641,435.0937999,435.0934493,435.0932849,1.0,0.55,C20 H20 O11,20,20,11,0,0,0,0,0,0.0,lignin,0.9673447317486634
642,642,435.0570896,435.056739,435.0568994,0.842105263,0.631578947,C19 H16 O12,19,16,12,0,0,0,0,0,0.0,tannin,0.8831336274217229
643,643,435.0546775,435.0543269,435.0543975,0.695652174,0.304347826,C23 H16 O7 S1,23,16,7,1,0,0,0,0,0.0,pah,0.9715023271797991
644,644,435.0207202,435.0203696,435.0205139,0.666666667,0.722222222,C18 H12 O13,18,12,13,0,0,0,0,0,0.0,tannin,0.9196077602018977
645,645,435.0183217,435.0179712,435.018012,0.545454545,0.363636364,C22 H12 O8 S1,22,12,8,1,0,0,0,0,0.0,pah,0.9716083466629195
646,646,434.1906327,434.1902833,434.1901462,1.363636364,0.363636364,C22 H30 O8 13C1,23,30,8,0,0,1,0,0,0.0,lignin,0.8654113140717289
647,647,434.1646307,434.1642813,434.1642823,1.318181818,0.272727273,C22 H29 O6 S1 N1,22,29,6,1,1,0,0,0,0.045454545,lignin,0.8632299871452174
648,648,434.1540362,434.1536868,434.1537607,1.238095238,0.428571429,C21 H26 O9 13C1,22,26,9,0,0,1,0,0,0.0,lignin,0.8797591276587878
649,649,434.1175411,434.1171917,434.1173752,1.1,0.5,C20 H22 O10 13C1,21,22,10,0,0,1,0,0,0.0,lignin,0.9584202338484777
650,650,433.2233657,433.2230175,433.2231769,1.416666667,0.291666667,C24 H34 O7,24,34,7,0,0,0,0,0,0.0,lignin,0.860648773119362
651,651,433.187088,433.1867399,433.1867914,1.304347826,0.347826087,C23 H30 O8,23,30,8,0,0,0,0,0,0.0,lignin,0.8686707758092455
652,652,433.1509197,433.1505716,433.1504059,1.181818182,0.409090909,C22 H26 O9,22,26,9,0,0,0,0,0,0.0,lignin,0.8851952350261708
653,653,433.1144211,433.1140731,433.1140204,1.047619048,0.476190476,C21 H22 O10,21,22,10,0,0,0,0,0,0.0,lignin,0.959885755860085
654,654,433.0989976,433.0986496,433.0987642,1.294117647,0.764705882,C17 H22 O13,17,22,13,0,0,0,0,0,0.0,lignin,0.58900154987835
655,655,433.0908921,433.0905441,433.0903891,0.642857143,0.107142857,C28 H18 O3 S1,28,18,3,1,0,0,0,0,0.0,pah,0.9717901931849781
656,656,433.0777786,433.0774306,433.0776349,0.9,0.55,C20 H18 O11,20,18,11,0,0,0,0,0,0.0,tannin,0.8812143707303205
657,657,433.0753663,433.0750183,433.0751329,0.75,0.25,C24 H18 O6 S1,24,18,6,1,0,0,0,0,0.0,pah,0.9720659371557439
658,658,433.0625365,433.0621885,433.0623787,1.125,0.875,C16 H18 O14,16,18,14,0,0,0,0,0,0.0,lignin,0.6704098263523032
659,659,433.0415741,433.0412261,433.0412494,0.736842105,0.631578947,C19 H14 O12,19,14,12,0,0,0,0,0,0.0,tannin,0.9032248339537272
660,660,433.039199,433.0388511,433.0387474,0.608695652,0.304347826,C23 H14 O7 S1,23,14,7,1,0,0,0,0,0.0,pah,0.9716021697396228
661,661,432.1746812,432.1743344,432.1744962,1.272727273,0.363636364,C22 H28 O8 13C1,23,28,8,0,0,1,0,0,0.0,lignin,0.8772685850368707
662,662,432.1385112,432.1381644,432.1381107,1.142857143,0.428571429,C21 H24 O9 13C1,22,24,9,0,0,1,0,0,0.0,lignin,0.9228857893956848
663,663,431.2079967,431.2076513,431.2075268,1.333333333,0.291666667,C24 H32 O7,24,32,7,0,0,0,0,0,0.0,lignin,0.8649017006393158
664,664,431.1714218,431.1710763,431.1711413,1.217391304,0.347826087,C23 H28 O8,23,28,8,0,0,0,0,0,0.0,lignin,0.8821255545125016
665,665,431.1561048,431.1557594,431.1558852,1.473684211,0.578947368,C19 H28 O11,19,28,11,0,0,0,0,0,0.0,lignin,0.8632587496038973
666,666,431.1480081,431.1476627,431.14751,0.8,0.033333333,C30 H24 O1 S1,30,24,1,1,0,0,0,0,0.0,pah,0.9720244246671242
667,667,431.1383399,431.1379945,431.1381271,1.473684211,0.473684211,C19 H28 O9 S1,19,28,9,1,0,0,0,0,0.0,lignin,0.86859113793508
668,668,431.1349601,431.1346148,431.1347558,1.090909091,0.409090909,C22 H24 O9,22,24,9,0,0,0,0,0,0.0,lignin,0.9594866248986132
669,669,431.1294338,431.1290884,431.1288826,0.689655172,0.137931034,C29 H20 O4,29,20,4,0,0,0,0,0,0.0,pah,0.9717643033487502
670,670,431.1197685,431.1194231,431.1194997,1.333333333,0.666666667,C18 H24 O12,18,24,12,0,0,0,0,0,0.0,lignin,0.6632242151297982
671,671,431.0987794,431.0984341,431.0983703,0.952380952,0.476190476,C21 H20 O10,21,20,10,0,0,0,0,0,0.0,tannin,0.8795529538590496
672,672,431.0836077,431.0832624,431.0831142,1.176470588,0.764705882,C17 H20 O13,17,20,13,0,0,0,0,0,0.0,lignin,0.6741386168383858
673,673,431.0624832,431.0621379,431.0619848,0.8,0.55,C20 H16 O11,20,16,11,0,0,0,0,0,0.0,tannin,0.8813285647814582
674,674,431.0471865,431.0468412,431.0467287,1.0,0.875,C16 H16 O14,16,16,14,0,0,0,0,0,0.0,tannin,0.7269188853990982
675,675,431.0259229,431.0255777,431.0255993,0.631578947,0.631578947,C19 H12 O12,19,12,12,0,0,0,0,0,0.0,tannin,0.8191023012608831
676,676,431.0234569,431.0231117,431.0230974,0.52173913,0.304347826,C23 H12 O7 S1,23,12,7,1,0,0,0,0,0.0,pah,0.9716757148454581
677,677,430.1357414,430.1353973,430.1354841,1.388888889,0.611111111,C18 H25 O11 N1,18,25,11,0,1,0,0,0,0.055555556,lignin,0.6108143616567124
678,678,430.0993186,430.0989746,430.0990986,1.235294118,0.705882353,C17 H21 O12 N1,17,21,12,0,1,0,0,0,0.058823529,lignin,0.6223907840636832
679,679,429.1923053,429.1919625,429.1918768,1.25,0.291666667,C24 H30 O7,24,30,7,0,0,0,0,0,0.0,lignin,0.8783481556065775
680,680,429.1771082,429.1767654,429.1766206,1.5,0.5,C20 H30 O10,20,30,10,0,0,0,0,0,0.0,lignin,0.8676829946156379
681,681,429.1559676,429.1556248,429.1554913,1.130434783,0.347826087,C23 H26 O8,23,26,8,0,0,0,0,0,0.0,lignin,0.9628357421382219
682,682,429.140647,429.1403043,429.1402351,1.368421053,0.578947368,C19 H26 O11,19,26,11,0,0,0,0,0,0.0,lignin,0.8734811674500207
683,683,429.1227474,429.1224047,429.1224771,1.368421053,0.473684211,C19 H26 O9 S1,19,26,9,1,0,0,0,0,0.0,lignin,0.8682934675798741
684,684,429.1193758,429.1190331,429.1191058,1.0,0.409090909,C22 H22 O9,22,22,9,0,0,0,0,0,0.0,lignin,0.9685600373911871
685,685,429.104053,429.1037103,429.1038496,1.222222222,0.666666667,C18 H22 O12,18,22,12,0,0,0,0,0,0.0,lignin,0.8791819871775239
686,686,429.0959699,429.0956272,429.0954745,0.620689655,0.068965517,C29 H18 O2 S1,29,18,2,1,0,0,0,0,0.0,pah,0.9718153943065205
687,687,429.0829495,429.0826069,429.0827202,0.857142857,0.476190476,C21 H18 O10,21,18,10,0,0,0,0,0,0.0,tannin,0.8810994823007257
688,688,429.067739,429.0673964,429.0674641,1.058823529,0.764705882,C17 H18 O13,17,18,13,0,0,0,0,0,0.0,lignin,0.9566220583194023
689,689,429.0467941,429.0464515,429.0463347,0.7,0.55,C20 H14 O11,20,14,11,0,0,0,0,0,0.0,tannin,0.8231712943179371
690,690,429.031596,429.0312534,429.0310786,0.875,0.875,C16 H14 O14,16,14,14,0,0,0,0,0,0.0,tannin,0.8818099517381622
691,691,428.1648177,428.1644762,428.1643254,1.473684211,0.526315789,C19 H28 O10 13C1,20,28,10,0,0,1,0,0,0.0,lignin,0.8697776284359552
692,692,428.1567025,428.1563611,428.1562195,1.421052632,0.526315789,C19 H27 O10 N1,19,27,10,0,1,0,0,0,0.052631579,lignin,0.86857331536578
693,693,428.1283465,428.1280051,428.1279399,1.333333333,0.611111111,C18 H24 O11 13C1,19,24,11,0,0,1,0,0,0.0,lignin,0.8748722767110759
694,694,428.1202525,428.1199111,428.119834,1.277777778,0.611111111,C18 H23 O11 N1,18,23,11,0,1,0,0,0,0.055555556,lignin,0.8769217891313573
695,695,428.0917643,428.091423,428.0915544,1.176470588,0.705882353,C17 H20 O12 13C1,18,20,12,0,0,1,0,0,0.0,lignin,0.9180056854651639
696,696,428.0836329,428.0832916,428.0834485,1.117647059,0.705882353,C17 H19 O12 N1,17,19,12,0,1,0,0,0,0.058823529,lignin,0.9589172138565332
697,697,427.1976159,427.1972758,427.1973561,1.523809524,0.428571429,C21 H32 O9,21,32,9,0,0,0,0,0,0.0,lignin,0.7457160655252787
698,698,427.1766343,427.1762942,427.1762267,1.166666667,0.291666667,C24 H28 O7,24,28,7,0,0,0,0,0,0.0,lignin,0.8869967063170859
699,699,427.1614312,427.1610911,427.1609706,1.4,0.5,C20 H28 O10,20,28,10,0,0,0,0,0,0.0,lignin,0.8720374103014963
700,700,427.1403303,427.1399902,427.1398412,1.043478261,0.347826087,C23 H24 O8,23,24,8,0,0,0,0,0,0.0,lignin,0.9685331607000197
701,701,427.1250397,427.1246996,427.1245851,1.263157895,0.578947368,C19 H24 O11,19,24,11,0,0,0,0,0,0.0,lignin,0.8777370406872933
702,702,427.1071678,427.1068277,427.106827,1.263157895,0.473684211,C19 H24 O9 S1,19,24,9,1,0,0,0,0,0.0,lignin,0.8780214272773555
703,703,427.1037938,427.1034538,427.1034557,0.909090909,0.409090909,C22 H20 O9,22,20,9,0,0,0,0,0,0.0,tannin,0.8804207478768529
704,704,427.0884269,427.0880868,427.0881995,1.111111111,0.666666667,C18 H20 O12,18,20,12,0,0,0,0,0,0.0,lignin,0.9553768957301314
705,705,427.0860992,427.0857592,427.0856976,0.909090909,0.318181818,C22 H20 O7 S1,22,20,7,1,0,0,0,0,0.0,tannin,0.878104346548972
706,706,427.0803165,427.0799765,427.0798244,0.551724138,0.068965517,C29 H16 O2 S1,29,16,2,1,0,0,0,0,0.0,pah,0.9718000787416283
707,707,427.0672509,427.0669109,427.0670702,0.761904762,0.476190476,C21 H16 O10,21,16,10,0,0,0,0,0,0.0,tannin,0.9161513839638771
708,708,427.0520505,427.0517106,427.051814,0.941176471,0.764705882,C17 H16 O13,17,16,13,0,0,0,0,0,0.0,tannin,0.7241519988962661
709,709,427.0311597,427.0308198,427.0306847,0.6,0.55,C20 H12 O11,20,12,11,0,0,0,0,0,0.0,pah,0.623764347062119
710,710,427.0286633,427.0283234,427.0281827,0.5,0.25,C24 H12 O6 S1,24,12,6,1,0,0,0,0,0.0,pah,0.9717204268531818
711,711,426.2615484,426.2612095,426.2612032,2.210526316,0.368421053,C19 H42 O7 S1 13C1,20,42,7,1,0,1,0,0,0.0,lipid,0.8435870054918693
712,712,426.1854376,426.1850988,426.1850608,1.5,0.45,C20 H30 O9 13C1,21,30,9,0,0,1,0,0,0.0,lignin,0.8678959168074705
713,713,426.1491679,426.1488292,426.1486753,1.368421053,0.526315789,C19 H26 O10 13C1,20,26,10,0,0,1,0,0,0.0,lignin,0.873524640646141
714,714,426.1410466,426.1407079,426.1405695,1.315789474,0.526315789,C19 H25 O10 N1,19,25,10,0,1,0,0,0,0.052631579,lignin,0.868127930110582
715,715,426.1126256,426.1122869,426.1122898,1.222222222,0.611111111,C18 H22 O11 13C1,19,22,11,0,0,1,0,0,0.0,lignin,0.8796153722460296
716,716,426.1044619,426.1041232,426.104184,1.166666667,0.611111111,C18 H21 O11 N1,18,21,11,0,1,0,0,0,0.055555556,lignin,0.8845178806296208
717,717,426.0760992,426.0757605,426.0759043,1.058823529,0.705882353,C17 H18 O12 13C1,18,18,12,0,0,1,0,0,0.0,lignin,0.9571931776457328
718,718,425.2581486,425.257811,425.2578483,2.1,0.35,C20 H42 O7 S1,20,42,7,1,0,0,0,0,0.0,lipid,0.8442956371457399
719,719,425.2182855,425.2179479,425.2180915,1.545454545,0.363636364,C22 H34 O8,22,34,8,0,0,0,0,0,0.0,lipid,0.8710027074146595
720,720,425.182099,425.1817615,425.181706,1.428571429,0.428571429,C21 H30 O9,21,30,9,0,0,0,0,0,0.0,lignin,0.8706009725410737
721,721,425.1458059,425.1454684,425.1453205,1.3,0.5,C20 H26 O10,20,26,10,0,0,0,0,0,0.0,lignin,0.8758469336199521
722,722,425.1246094,425.124272,425.1241911,0.956521739,0.347826087,C23 H22 O8,23,22,8,0,0,0,0,0,0.0,tannin,0.8792204335497464
723,723,425.1092709,425.1089335,425.108935,1.157894737,0.578947368,C19 H22 O11,19,22,11,0,0,0,0,0,0.0,lignin,0.9186167697056049
724,724,425.0879984,425.087661,425.0878056,0.818181818,0.409090909,C22 H18 O9,22,18,9,0,0,0,0,0,0.0,tannin,0.8993960801880257
725,725,425.0727129,425.0723756,425.0725495,1.0,0.666666667,C18 H18 O12,18,18,12,0,0,0,0,0,0.0,lignin,0.9662114318864898
726,726,425.0516673,425.05133,425.0514201,0.666666667,0.476190476,C21 H14 O10,21,14,10,0,0,0,0,0,0.0,tannin,0.8159680023244954
727,727,425.0365724,425.0362351,425.036164,0.823529412,0.764705882,C17 H14 O13,17,14,13,0,0,0,0,0,0.0,tannin,0.8846582707815429
728,728,424.206096,424.2057598,424.2057963,1.523809524,0.380952381,C21 H32 O8 13C1,22,32,8,0,0,1,0,0,0.0,lignin,0.6053858331162847
729,729,424.1698808,424.1695446,424.1694108,1.4,0.45,C20 H28 O9 13C1,21,28,9,0,0,1,0,0,0.0,lignin,0.8716591256382561
730,730,424.1334148,424.1330787,424.1330253,1.263157895,0.526315789,C19 H24 O10 13C1,20,24,10,0,0,1,0,0,0.0,lignin,0.8777515822119983
731,731,424.1252695,424.1249334,424.1249194,1.210526316,0.526315789,C19 H23 O10 N1,19,23,10,0,1,0,0,0,0.052631579,lignin,0.8815708216071382
732,732,424.0968214,424.0964854,424.0966398,1.111111111,0.611111111,C18 H20 O11 13C1,19,20,11,0,0,1,0,0,0.0,lignin,0.9566595634241528
733,733,424.0887393,424.0884033,424.0885339,1.055555556,0.611111111,C18 H19 O11 N1,18,19,11,0,1,0,0,0,0.055555556,lignin,0.9586308688709921
734,734,423.2227064,423.2223715,423.222344,1.9,0.35,C20 H38 O7 34S1,20,38,7,0,0,0,1,0,0.0,lipid,0.8713547165354969
735,735,423.2028642,423.2025293,423.2024415,1.454545455,0.363636364,C22 H32 O8,22,32,8,0,0,0,0,0,0.0,lignin,0.8693603059830572
736,736,423.1664943,423.1661595,423.1660559,1.333333333,0.428571429,C21 H28 O9,21,28,9,0,0,0,0,0,0.0,lignin,0.8690558019434885
737,737,423.1298811,423.1295463,423.1296704,1.2,0.5,C20 H24 O10,20,24,10,0,0,0,0,0,0.0,lignin,0.882755218147269
738,738,423.1217839,423.1214491,423.1212953,0.64516129,0.0,C31 H20 S1,31,20,0,1,0,0,0,0,0.0,pah,0.9718766670727417
739,739,423.1047039,423.1043692,423.1045183,1.111111111,0.555555556,C18 H20 O10 N2,18,20,10,0,2,0,0,0,0.111111111,lignin,0.9573571405880317
740,740,423.0935087,423.0931739,423.0932849,1.052631579,0.578947368,C19 H20 O11,19,20,11,0,0,0,0,0,0.0,lignin,0.9587107808758702
741,741,423.0725661,423.0722314,423.0721556,0.727272727,0.409090909,C22 H16 O9,22,16,9,0,0,0,0,0,0.0,tannin,0.8184390835077722
742,742,423.0574003,423.0570656,423.0568994,0.888888889,0.666666667,C18 H16 O12,18,16,12,0,0,0,0,0,0.0,tannin,0.8819289736751241
743,743,423.0185099,423.0181753,423.018012,0.571428571,0.380952381,C21 H12 O8 S1,21,12,8,1,0,0,0,0,0.0,pah,0.9715604960358366
744,744,422.2303406,422.230007,422.229903,2.0,0.368421053,C19 H38 O7 S1 13C1,20,38,7,1,0,1,0,0,0.0,lipid,0.8535145723243298
745,745,422.1905827,422.1902492,422.1901462,1.428571429,0.380952381,C21 H30 O8 13C1,22,30,8,0,0,1,0,0,0.0,lignin,0.8702071759425687
746,746,422.1539386,422.1536051,422.1537607,1.3,0.45,C20 H26 O9 13C1,21,26,9,0,0,1,0,0,0.0,lignin,0.875851745369814
747,747,422.1457945,422.1454611,422.1456549,1.25,0.45,C20 H25 O9 N1,20,25,9,0,1,0,0,0,0.05,lignin,0.878296185826392
748,748,422.1176051,422.1172716,422.1173752,1.157894737,0.526315789,C19 H22 O10 13C1,20,22,10,0,0,1,0,0,0.0,lignin,0.8861207261865504
749,749,421.2269969,421.2266646,421.2265482,1.9,0.35,C20 H38 O7 S1,20,38,7,1,0,0,0,0,0.0,lipid,0.8713547165354969
750,750,421.2235879,421.2232556,421.2231769,1.47826087,0.304347826,C23 H34 O7,23,34,7,0,0,0,0,0,0.0,lipid,0.5733174499227087
751,751,421.1869651,421.1866329,421.1867914,1.363636364,0.363636364,C22 H30 O8,22,30,8,0,0,0,0,0,0.0,lignin,0.8654113140717289
752,752,421.1636666,421.1633344,421.1631601,0.896551724,0.034482759,C29 H26 O1 S1,29,26,1,1,0,0,0,0,0.0,pah,0.9722735894429689
753,753,421.1506832,421.150351,421.1504059,1.238095238,0.428571429,C21 H26 O9,21,26,9,0,0,0,0,0,0.0,lignin,0.8797591276587878
754,754,421.1145267,421.1141946,421.1140204,1.1,0.5,C20 H22 O10,20,22,10,0,0,0,0,0,0.0,lignin,0.9584202338484777
755,755,421.0779972,421.0776651,421.0776349,0.947368421,0.578947368,C19 H18 O11,19,18,11,0,0,0,0,0,0.0,tannin,0.723764461292377
756,756,421.0414069,421.0410749,421.0412494,0.777777778,0.666666667,C18 H14 O12,18,14,12,0,0,0,0,0,0.0,tannin,0.8844808396814818
757,757,421.0390026,421.0386706,421.0387474,0.636363636,0.318181818,C22 H14 O7 S1,22,14,7,1,0,0,0,0,0.0,pah,0.9715550295850018
758,758,420.1749213,420.1745905,420.1744962,1.333333333,0.380952381,C21 H28 O8 13C1,22,28,8,0,0,1,0,0,0.0,lignin,0.8679193244008683
759,759,420.1385871,420.1382562,420.1381107,1.2,0.45,C20 H24 O9 13C1,21,24,9,0,0,1,0,0,0.0,lignin,0.8832442286911965
760,760,420.1019201,420.1015894,420.1017251,1.052631579,0.526315789,C19 H20 O10 13C1,20,20,10,0,0,1,0,0,0.0,lignin,0.9592545827316602
761,761,420.0937434,420.0934126,420.0936193,1.0,0.526315789,C19 H19 O10 N1,19,19,10,0,1,0,0,0,0.052631579,lignin,0.9678667551342842
762,762,419.2080272,419.2076976,419.2075268,1.391304348,0.304347826,C23 H32 O7,23,32,7,0,0,0,0,0,0.0,lignin,0.8620482687609154
763,763,419.1715052,419.1711757,419.1711413,1.272727273,0.363636364,C22 H28 O8,22,28,8,0,0,0,0,0,0.0,lignin,0.8772685850368707
764,764,419.147978,419.1476485,419.14751,0.827586207,0.034482759,C29 H24 O1 S1,29,24,1,1,0,0,0,0,0.0,pah,0.9720788846326739
765,765,419.1349062,419.1345767,419.1347558,1.142857143,0.428571429,C21 H24 O9,21,24,9,0,0,0,0,0,0.0,lignin,0.9228857893956848
766,766,419.1293729,419.1290434,419.1288826,0.714285714,0.142857143,C28 H20 O4,28,20,4,0,0,0,0,0,0.0,pah,0.9717609269332363
767,767,419.0987486,419.0984192,419.0983703,1.0,0.5,C20 H20 O10,20,20,10,0,0,0,0,0,0.0,lignin,0.967808138997418
768,768,419.0835532,419.0832238,419.0831142,1.25,0.8125,C16 H20 O13,16,20,13,0,0,0,0,0,0.0,lignin,0.6143118413052985
769,769,419.0624536,419.0621242,419.0619848,0.842105263,0.578947368,C19 H16 O11,19,16,11,0,0,0,0,0,0.0,tannin,0.8827791003563755
770,770,419.0258906,419.0255612,419.0255993,0.666666667,0.666666667,C18 H12 O12,18,12,12,0,0,0,0,0,0.0,tannin,0.82700571926129
771,771,419.023462,419.0231327,419.0230974,0.545454545,0.318181818,C22 H12 O7 S1,22,12,7,1,0,0,0,0,0.0,pah,0.9716469706245148
772,772,418.1591564,418.1588282,418.1588461,1.238095238,0.380952381,C21 H26 O8 13C1,22,26,8,0,0,1,0,0,0.0,lignin,0.87973984336182
773,773,418.1229391,418.122611,418.1224606,1.1,0.45,C20 H22 O9 13C1,21,22,9,0,0,1,0,0,0.0,lignin,0.9589209751407728
774,774,417.2285329,417.2282059,417.2282623,1.416666667,0.25,C24 H34 O6,24,34,6,0,0,0,0,0,0.0,lignin,0.5541433313896921
775,775,417.210891,417.210564,417.2105042,1.416666667,0.166666667,C24 H34 O4 S1,24,34,4,1,0,0,0,0,0.0,lipid,0.8650598864849661
776,776,417.1923239,417.191997,417.1918768,1.304347826,0.304347826,C23 H30 O7,23,30,7,0,0,0,0,0,0.0,lignin,0.8671357327015989
777,777,417.1558634,417.1555365,417.1554913,1.181818182,0.363636364,C22 H26 O8,22,26,8,0,0,0,0,0,0.0,lignin,0.8853739671651504
778,778,417.1404992,417.1401723,417.1402351,1.444444444,0.611111111,C18 H26 O11,18,26,11,0,0,0,0,0,0.0,lignin,0.7214881966294018
779,779,417.1323768,417.13205,417.13186,0.75862069,0.034482759,C29 H22 O1 S1,29,22,1,1,0,0,0,0,0.0,pah,0.9719554046488362
780,780,417.1226869,417.12236,417.1224771,1.444444444,0.5,C18 H26 O9 S1,18,26,9,1,0,0,0,0,0.0,lignin,0.8695186913004258
781,781,417.1192813,417.1189544,417.1191058,1.047619048,0.428571429,C21 H22 O9,21,22,9,0,0,0,0,0,0.0,lignin,0.9678366637025656
782,782,417.1137377,417.1134109,417.1132325,0.642857143,0.142857143,C28 H18 O4,28,18,4,0,0,0,0,0,0.0,pah,0.9717565693078829
783,783,417.1040448,417.103718,417.1038496,1.294117647,0.705882353,C17 H22 O12,17,22,12,0,0,0,0,0,0.0,lignin,0.6165929066961461
784,784,417.0960074,417.0956806,417.0954745,0.642857143,0.071428571,C28 H18 O2 S1,28,18,2,1,0,0,0,0,0.0,pah,0.9718210583706555
785,785,417.0830197,417.0826929,417.0827202,0.9,0.5,C20 H18 O10,20,18,10,0,0,0,0,0,0.0,tannin,0.8810733266822574
786,786,417.0678891,417.0675624,417.0674641,1.125,0.8125,C16 H18 O13,16,18,13,0,0,0,0,0,0.0,lignin,0.6759939919562178
787,787,417.0468249,417.0464982,417.0463347,0.736842105,0.578947368,C19 H14 O11,19,14,11,0,0,0,0,0,0.0,tannin,0.9006652734945148
788,788,416.1564767,416.1561511,416.1562195,1.5,0.555555556,C18 H27 O10 N1,18,27,10,0,1,0,0,0,0.055555556,lignin,0.605680991108499
789,789,416.1203522,416.1200267,416.119834,1.352941176,0.647058824,C17 H23 O11 N1,17,23,11,0,1,0,0,0,0.058823529,lignin,0.6136212097743032
790,790,415.2130169,415.2126925,415.2126122,1.333333333,0.25,C24 H32 O6,24,32,6,0,0,0,0,0,0.0,lignin,0.8640368762051912
791,791,415.1978376,415.1975133,415.1973561,1.6,0.45,C20 H32 O9,20,32,9,0,0,0,0,0,0.0,lipid,0.7004124445994898
792,792,415.1766977,415.1763734,415.1762267,1.217391304,0.304347826,C23 H28 O7,23,28,7,0,0,0,0,0,0.0,lignin,0.8820106257366545
793,793,415.1613244,415.1610001,415.1609706,1.473684211,0.526315789,C19 H28 O10,19,28,10,0,0,0,0,0,0.0,lignin,0.8697776284359552
794,794,415.143396,415.1430717,415.1432125,1.473684211,0.421052632,C19 H28 O8 S1,19,28,8,1,0,0,0,0,0.0,lignin,0.8684235371327855
795,795,415.1400117,415.1396874,415.1398412,1.090909091,0.363636364,C22 H24 O8,22,24,8,0,0,0,0,0,0.0,lignin,0.9599275223067515
796,796,415.1344697,415.1341455,415.133968,0.689655172,0.103448276,C29 H20 O3,29,20,3,0,0,0,0,0,0.0,pah,0.9718066088548121
797,797,415.1247212,415.124397,415.1245851,1.333333333,0.611111111,C18 H24 O11,18,24,11,0,0,0,0,0,0.0,lignin,0.8748722767110759
798,798,415.1166737,415.1163495,415.1162099,0.689655172,0.034482759,C29 H20 O1 S1,29,20,1,1,0,0,0,0,0.0,pah,0.9718817455717235
799,799,415.1070545,415.1067303,415.106827,1.333333333,0.5,C18 H24 O9 S1,18,24,9,1,0,0,0,0,0.0,lignin,0.8699801527549464
800,800,415.1037025,415.1033783,415.1034557,0.952380952,0.428571429,C21 H20 O9,21,20,9,0,0,0,0,0,0.0,tannin,0.8794978735411156
801,801,415.0885894,415.0882653,415.0881995,1.176470588,0.705882353,C17 H20 O12,17,20,12,0,0,0,0,0,0.0,lignin,0.9180056854651639
802,802,415.0675698,415.0672456,415.0670702,0.8,0.5,C20 H16 O10,20,16,10,0,0,0,0,0,0.0,tannin,0.8803221814674643
803,803,415.0523089,415.0519848,415.051814,1.0,0.8125,C16 H16 O13,16,16,13,0,0,0,0,0,0.0,lignin,0.6137306551701001
804,804,415.0310551,415.030731,415.0306847,0.631578947,0.578947368,C19 H12 O11,19,12,11,0,0,0,0,0,0.0,tannin,0.817054761444958
805,805,415.0286101,415.028286,415.0281827,0.52173913,0.260869565,C23 H12 O6 S1,23,12,6,1,0,0,0,0,0.0,pah,0.9717036763652704
806,806,414.1491713,414.1488483,414.1486753,1.444444444,0.555555556,C18 H26 O10 13C1,19,26,10,0,0,1,0,0,0.0,lignin,0.8703840386219668
807,807,414.1126114,414.1122885,414.1122898,1.294117647,0.647058824,C17 H22 O11 13C1,18,22,11,0,0,1,0,0,0.0,lignin,0.8761529373577963
808,808,414.1044741,414.1041512,414.104184,1.235294118,0.647058824,C17 H21 O11 N1,17,21,11,0,1,0,0,0,0.058823529,lignin,0.8789548264911048
809,809,414.0760426,414.0757197,414.0759043,1.125,0.75,C16 H18 O12 13C1,17,18,12,0,0,1,0,0,0.0,lignin,0.9196384215337454
810,810,413.1972087,413.196887,413.1969622,1.25,0.25,C24 H30 O6,24,30,6,0,0,0,0,0,0.0,lignin,0.8780347925336163
811,811,413.1818955,413.1815738,413.181706,1.5,0.45,C20 H30 O9,20,30,9,0,0,0,0,0,0.0,lignin,0.8678959168074705
812,812,413.1607599,413.1604382,413.1605766,1.130434783,0.304347826,C23 H26 O7,23,26,7,0,0,0,0,0,0.0,lignin,0.9602146527617084
813,813,413.1455748,413.1452532,413.1453205,1.368421053,0.526315789,C19 H26 O10,19,26,10,0,0,0,0,0,0.0,lignin,0.873524640646141
814,814,413.1279295,413.1276079,413.1275624,1.368421053,0.421052632,C19 H26 O8 S1,19,26,8,1,0,0,0,0,0.0,lignin,0.8672164005728986
815,815,413.1245756,413.124254,413.1241911,1.0,0.363636364,C22 H22 O8,22,22,8,0,0,0,0,0,0.0,lignin,0.9712338275571912
816,816,413.1093867,413.1090651,413.108935,1.222222222,0.611111111,C18 H22 O11,18,22,11,0,0,0,0,0,0.0,lignin,0.8796153722460296
817,817,413.088256,413.0879345,413.0878056,0.857142857,0.428571429,C21 H18 O9,21,18,9,0,0,0,0,0,0.0,tannin,0.8796103048836432
818,818,413.0729142,413.0725926,413.0725495,1.058823529,0.705882353,C17 H18 O12,17,18,12,0,0,0,0,0,0.0,lignin,0.9571931776457328
819,819,413.0516679,413.0513464,413.0514201,0.7,0.5,C20 H14 O10,20,14,10,0,0,0,0,0,0.0,tannin,0.8202380208693913
820,820,413.0363321,413.0360106,413.036164,0.875,0.8125,C16 H14 O13,16,14,13,0,0,0,0,0,0.0,tannin,0.8813258540627121
821,821,413.028286,413.0279646,413.0277888,0.37037037,0.111111111,C27 H10 O3 S1,27,10,3,1,0,0,0,0,0.0,pah,0.9717856085601841
822,822,413.0128522,413.0125307,413.0125327,0.434782609,0.260869565,C23 H10 O6 S1,23,10,6,1,0,0,0,0,0.0,pah,0.9717424352135142
823,823,412.1698114,412.169491,412.1694108,1.473684211,0.473684211,C19 H28 O9 13C1,20,28,9,0,0,1,0,0,0.0,lignin,0.86859113793508
824,824,412.1616884,412.1613681,412.1613049,1.421052632,0.473684211,C19 H27 O9 N1,19,27,9,0,1,0,0,0,0.052631579,lignin,0.8598604696159977
825,825,412.1331706,412.1328503,412.1330253,1.333333333,0.555555556,C18 H24 O10 13C1,19,24,10,0,0,1,0,0,0.0,lignin,0.8747679925476077
826,826,412.125076,412.1247557,412.1249194,1.277777778,0.555555556,C18 H23 O10 N1,18,23,10,0,1,0,0,0,0.055555556,lignin,0.8765349106891277
827,827,412.096961,412.0966408,412.0966398,1.176470588,0.647058824,C17 H20 O11 13C1,18,20,11,0,0,1,0,0,0.0,lignin,0.8823987943840346
828,828,412.0889772,412.0886569,412.0885339,1.117647059,0.647058824,C17 H19 O11 N1,17,19,11,0,1,0,0,0,0.058823529,lignin,0.9558278033721905
829,829,411.2027207,411.2024016,411.2024415,1.523809524,0.380952381,C21 H32 O8,21,32,8,0,0,0,0,0,0.0,lignin,0.6053858331162847
830,830,411.1665354,411.1662164,411.1660559,1.4,0.45,C20 H28 O9,20,28,9,0,0,0,0,0,0.0,lignin,0.8716591256382561
831,831,411.1299399,411.1296209,411.1296704,1.263157895,0.526315789,C19 H24 O10,19,24,10,0,0,0,0,0,0.0,lignin,0.8777515822119983
832,832,411.1217874,411.1214684,411.1212953,0.666666667,0.0,C30 H20 S1,30,20,0,1,0,0,0,0,0.0,pah,0.971893549723109
833,833,411.1120609,411.1117419,411.1119124,1.263157895,0.421052632,C19 H24 O8 S1,19,24,8,1,0,0,0,0,0.0,lignin,0.8780943024138596
834,834,411.1086772,411.1083582,411.1085411,0.909090909,0.363636364,C22 H20 O8,22,20,8,0,0,0,0,0,0.0,tannin,0.8794927398472255
835,835,411.1046871,411.1043682,411.1045183,1.176470588,0.588235294,C17 H20 O10 N2,17,20,10,0,2,0,0,0,0.117647059,lignin,0.8701838998476354
836,836,411.09345,411.093131,411.0932849,1.111111111,0.611111111,C18 H20 O11,18,20,11,0,0,0,0,0,0.0,lignin,0.9566595634241528
837,837,411.0854264,411.0851074,411.0849098,0.551724138,0.034482759,C29 H16 O1 S1,29,16,1,1,0,0,0,0,0.0,pah,0.9718149514103368
838,838,411.0725176,411.0721987,411.0721556,0.761904762,0.428571429,C21 H16 O9,21,16,9,0,0,0,0,0,0.0,tannin,0.8242815815029273
839,839,411.0573578,411.0570389,411.0568994,0.941176471,0.705882353,C17 H16 O12,17,16,12,0,0,0,0,0,0.0,tannin,0.7240332133048377
840,840,411.0362489,411.0359301,411.0357701,0.6,0.5,C20 H12 O10,20,12,10,0,0,0,0,0,0.0,pah,0.971829911431745
841,841,411.020927,411.0206082,411.0205139,0.75,0.8125,C16 H12 O13,16,12,13,0,0,0,0,0,0.0,tannin,0.8874641678030833
842,842,410.1903832,410.1900654,410.1901462,1.5,0.4,C20 H30 O8 13C1,21,30,8,0,0,1,0,0,0.0,lignin,0.7460261681673928
843,843,410.1542424,410.1539247,410.1537607,1.368421053,0.473684211,C19 H26 O9 13C1,20,26,9,0,0,1,0,0,0.0,lignin,0.8682934675798741
844,844,410.1176795,410.1173618,410.1173752,1.222222222,0.555555556,C18 H22 O10 13C1,19,22,10,0,0,1,0,0,0.0,lignin,0.8799478566838624
845,845,410.1094967,410.1091791,410.1092693,1.166666667,0.555555556,C18 H21 O10 N1,18,21,10,0,1,0,0,0,0.055555556,lignin,0.8857833894124159
846,846,410.0811669,410.0808493,410.0809897,1.058823529,0.647058824,C17 H18 O11 13C1,18,18,11,0,0,1,0,0,0.0,lignin,0.9578242872347442
847,847,410.0731107,410.0727931,410.0728838,1.0,0.647058824,C17 H17 O11 N1,17,17,11,0,1,0,0,0,0.058823529,lignin,0.9666386741711548
848,848,409.2234553,409.2231388,409.2231769,1.545454545,0.318181818,C22 H34 O7,22,34,7,0,0,0,0,0,0.0,lipid,0.8702052073669753
849,849,409.1869842,409.1866678,409.1867914,1.428571429,0.380952381,C21 H30 O8,21,30,8,0,0,0,0,0,0.0,lignin,0.8702071759425687
850,850,409.150795,409.1504786,409.1504059,1.3,0.45,C20 H26 O9,20,26,9,0,0,0,0,0,0.0,lignin,0.875851745369814
851,851,409.1144511,409.1141348,409.1140204,1.157894737,0.526315789,C19 H22 O10,19,22,10,0,0,0,0,0,0.0,lignin,0.8861207261865504
852,852,409.0931465,409.0928302,409.092891,0.818181818,0.363636364,C22 H18 O8,22,18,8,0,0,0,0,0,0.0,tannin,0.9158220345325712
853,853,409.0890932,409.0887769,409.0888683,1.058823529,0.588235294,C17 H18 O10 N2,17,18,10,0,2,0,0,0,0.117647059,lignin,0.9584723309375432
854,854,409.0777805,409.0774642,409.0776349,1.0,0.611111111,C18 H18 O11,18,18,11,0,0,0,0,0,0.0,lignin,0.9667537637684271
855,855,409.0696928,409.0693765,409.0692597,0.482758621,0.034482759,C29 H14 O1 S1,29,14,1,1,0,0,0,0,0.0,pah,0.9718020284280288
856,856,409.0566474,409.0563311,409.0565055,0.666666667,0.428571429,C21 H14 O9,21,14,9,0,0,0,0,0,0.0,tannin,0.5444974932018121
857,857,409.0415487,409.0412325,409.0412494,0.823529412,0.705882353,C17 H14 O12,17,14,12,0,0,0,0,0,0.0,tannin,0.8841514492556982
858,858,409.0391448,409.0388286,409.0387474,0.666666667,0.333333333,C21 H14 O7 S1,21,14,7,1,0,0,0,0,0.0,pah,0.9714917970813598
859,859,408.1747018,408.1743867,408.1744962,1.4,0.4,C20 H28 O8 13C1,21,28,8,0,0,1,0,0,0.0,lignin,0.8650315480811424
860,860,408.1386005,408.1382854,408.1381107,1.263157895,0.473684211,C19 H24 O9 13C1,20,24,9,0,0,1,0,0,0.0,lignin,0.8780214272773555
861,861,408.1020309,408.1017159,408.1017251,1.111111111,0.555555556,C18 H20 O10 13C1,19,20,10,0,0,1,0,0,0.0,lignin,0.9571905879451326
862,862,408.0938467,408.0935317,408.0936193,1.055555556,0.555555556,C18 H19 O10 N1,18,19,10,0,1,0,0,0,0.055555556,lignin,0.9592708026256374
863,863,408.0654781,408.0651631,408.0653396,0.941176471,0.647058824,C17 H16 O11 13C1,18,16,11,0,0,1,0,0,0.0,tannin,0.7239759729530708
864,864,407.2076864,407.2073725,407.2075268,1.454545455,0.318181818,C22 H32 O7,22,32,7,0,0,0,0,0,0.0,lignin,0.7365853639112894
865,865,407.1714288,407.1711149,407.1711413,1.333333333,0.380952381,C21 H28 O8,21,28,8,0,0,0,0,0,0.0,lignin,0.8679193244008683
866,866,407.1352099,407.1348962,407.1347558,1.2,0.45,C20 H24 O9,20,24,9,0,0,0,0,0,0.0,lignin,0.8832442286911965
867,867,407.1099955,407.1096817,407.1096037,1.111111111,0.5,C18 H20 O9 N2,18,20,9,0,2,0,0,0,0.111111111,lignin,0.9577975923906086
868,868,407.0986522,407.0983385,407.0983703,1.052631579,0.526315789,C19 H20 O10,19,20,10,0,0,0,0,0,0.0,lignin,0.9592545827316602
869,869,407.0774101,407.0770964,407.0772409,0.727272727,0.363636364,C22 H16 O8,22,16,8,0,0,0,0,0,0.0,tannin,0.8164251302191383
870,870,407.0734034,407.0730897,407.0732182,0.941176471,0.588235294,C17 H16 O10 N2,17,16,10,0,2,0,0,0,0.117647059,tannin,0.725259485971618
871,871,407.0621517,407.061838,407.0619848,0.888888889,0.611111111,C18 H16 O11,18,16,11,0,0,0,0,0,0.0,tannin,0.8817178631885454
872,872,407.0597751,407.0594615,407.0594829,0.727272727,0.272727273,C22 H16 O6 S1,22,16,6,1,0,0,0,0,0.0,pah,0.9715253456879239
873,873,407.0260305,407.0257169,407.0255993,0.705882353,0.705882353,C17 H12 O12,17,12,12,0,0,0,0,0,0.0,tannin,0.9044034076337629
874,874,406.1954113,406.1950987,406.1952316,1.428571429,0.333333333,C21 H30 O7 13C1,22,30,7,0,0,1,0,0,0.0,lignin,0.8609984618177592
875,875,406.1592603,406.1589478,406.1588461,1.3,0.4,C20 H26 O8 13C1,21,26,8,0,0,1,0,0,0.0,lignin,0.8756116311838038
876,876,406.1228757,406.1225633,406.1224606,1.157894737,0.473684211,C19 H22 O9 13C1,20,22,9,0,0,1,0,0,0.0,lignin,0.88700519137594
877,877,406.0862141,406.0859017,406.0860751,1.0,0.555555556,C18 H18 O10 13C1,19,18,10,0,0,1,0,0,0.0,lignin,0.9672918243730523
878,878,406.0781084,406.077796,406.0779692,0.944444444,0.555555556,C18 H17 O10 N1,18,17,10,0,1,0,0,0,0.055555556,tannin,0.7260174268643251
879,879,405.2283793,405.228068,405.2282623,1.47826087,0.260869565,C23 H34 O6,23,34,6,0,0,0,0,0,0.0,lipid,0.8643600880731555
880,880,405.1922036,405.1918923,405.1918768,1.363636364,0.318181818,C22 H30 O7,22,30,7,0,0,0,0,0,0.0,lignin,0.8638204263037764
881,881,405.1559483,405.1556371,405.1554913,1.238095238,0.380952381,C21 H26 O8,21,26,8,0,0,0,0,0,0.0,lignin,0.87973984336182
882,882,405.1226722,405.1223611,405.1224771,1.529411765,0.529411765,C17 H26 O9 S1,17,26,9,1,0,0,0,0,0.0,lignin,0.8577826207067494
883,883,405.1192717,405.1189606,405.1191058,1.1,0.45,C20 H22 O9,20,22,9,0,0,0,0,0,0.0,lignin,0.9589209751407728
884,884,405.1137281,405.1134169,405.1132325,0.666666667,0.148148148,C27 H18 O4,27,18,4,0,0,0,0,0,0.0,pah,0.9717506986009419
885,885,405.0959339,405.0956228,405.0954745,0.666666667,0.074074074,C27 H18 O2 S1,27,18,2,1,0,0,0,0,0.0,pah,0.9718285018677243
886,886,405.0941299,405.0938188,405.0939536,1.0,0.5,C18 H18 O9 N2,18,18,9,0,2,0,0,0,0.111111111,lignin,0.9684379769554126
887,887,405.0829655,405.0826544,405.0827202,0.947368421,0.526315789,C19 H18 O10,19,18,10,0,0,0,0,0,0.0,tannin,0.8797693734395216
888,888,405.0805906,405.0802795,405.0802183,0.782608696,0.217391304,C23 H18 O5 S1,23,18,5,1,0,0,0,0,0.0,pah,0.9721260167346528
889,889,405.0678284,405.0675173,405.0674641,1.2,0.866666667,C15 H18 O13,15,18,13,0,0,0,0,0,0.0,lignin,0.6648541645055396
890,890,405.0467959,405.0464849,405.0463347,0.777777778,0.611111111,C18 H14 O11,18,14,11,0,0,0,0,0,0.0,tannin,0.8824885847285966
891,891,405.0078374,405.0075264,405.0074473,0.476190476,0.333333333,C21 H10 O7 S1,21,10,7,1,0,0,0,0,0.0,pah,0.9716901935230009
892,892,404.1800113,404.1797014,404.1795815,1.333333333,0.333333333,C21 H28 O7 13C1,22,28,7,0,0,1,0,0,0.0,lignin,0.8661166067820245
893,893,404.1434471,404.1431372,404.143196,1.2,0.4,C20 H24 O8 13C1,21,24,8,0,0,1,0,0,0.0,lignin,0.8835408201059775
894,894,404.1200155,404.1197057,404.119834,1.4375,0.6875,C16 H23 O11 N1,16,23,11,0,1,0,0,0,0.0625,lignin,0.5768319265204083
895,895,404.1069531,404.1066433,404.1068105,1.052631579,0.473684211,C19 H20 O9 13C1,20,20,9,0,0,1,0,0,0.0,lignin,0.9597624570807973
896,896,403.2130569,403.2127482,403.2126122,1.391304348,0.260869565,C23 H32 O6,23,32,6,0,0,0,0,0,0.0,lignin,0.8612505870091208
897,897,403.1764032,403.1760946,403.1762267,1.272727273,0.318181818,C22 H28 O7,22,28,7,0,0,0,0,0,0.0,lignin,0.8769877975955239
898,898,403.1611005,403.1607919,403.1609706,1.555555556,0.555555556,C18 H28 O10,18,28,10,0,0,0,0,0,0.0,lignin,0.7157828602306335
899,899,403.1530436,403.152735,403.1525954,0.827586207,0.0,C29 H24 S1,29,24,0,1,0,0,0,0,0.0,pah,0.9721532292213875
900,900,403.1400762,403.1397676,403.1398412,1.142857143,0.380952381,C21 H24 O8,21,24,8,0,0,0,0,0,0.0,lignin,0.9234158206676648
901,901,403.1249637,403.1246551,403.1245851,1.411764706,0.647058824,C17 H24 O11,17,24,11,0,0,0,0,0,0.0,lignin,0.5781279060799149
902,902,403.1039029,403.1035943,403.1034557,1.0,0.45,C20 H20 O9,20,20,9,0,0,0,0,0,0.0,lignin,0.9682396544321321
903,903,403.0886271,403.0883186,403.0881995,1.25,0.75,C16 H20 O12,16,20,12,0,0,0,0,0,0.0,lignin,0.618439606194033
904,904,403.0673521,403.0670436,403.0670702,0.842105263,0.526315789,C19 H16 O10,19,16,10,0,0,0,0,0,0.0,tannin,0.8820750188769958
905,905,403.05201,403.0517015,403.051814,1.066666667,0.866666667,C15 H16 O13,15,16,13,0,0,0,0,0,0.0,lignin,0.8086285434181388
906,906,403.0439119,403.0436035,403.0434389,0.461538462,0.115384615,C26 H12 O3 S1,26,12,3,1,0,0,0,0,0.0,pah,0.971780525681263
907,907,403.0308574,403.030549,403.0306847,0.666666667,0.611111111,C18 H12 O11,18,12,11,0,0,0,0,0,0.0,tannin,0.8224395340057757
908,908,403.0284496,403.0281412,403.0281827,0.545454545,0.272727273,C22 H12 O6 S1,22,12,6,1,0,0,0,0,0.0,pah,0.9716819459319304
909,909,402.1410697,402.1407624,402.1405695,1.470588235,0.588235294,C17 H25 O10 N1,17,25,10,0,1,0,0,0,0.058823529,lignin,0.6042555271914309
910,910,401.1974005,401.1970944,401.1969622,1.304347826,0.260869565,C23 H30 O6,23,30,6,0,0,0,0,0,0.0,lignin,0.8660494452881338
911,911,401.1821778,401.1818717,401.181706,1.578947368,0.473684211,C19 H30 O9,19,30,9,0,0,0,0,0,0.0,lignin,0.7354800147352655
912,912,401.1609333,401.1606273,401.1605766,1.181818182,0.318181818,C22 H26 O7,22,26,7,0,0,0,0,0,0.0,lignin,0.8854302744300467
913,913,401.1455248,401.1452188,401.1453205,1.444444444,0.555555556,C18 H26 O10,18,26,10,0,0,0,0,0,0.0,lignin,0.8703840386219668
914,914,401.1374247,401.1371187,401.1369454,0.75862069,0.0,C29 H22 S1,29,22,0,1,0,0,0,0,0.0,pah,0.9720051158624541
915,915,401.1277179,401.1274119,401.1275624,1.444444444,0.444444444,C18 H26 O8 S1,18,26,8,1,0,0,0,0,0.0,lignin,0.8703705712991437
916,916,401.1243391,401.1240331,401.1241911,1.047619048,0.380952381,C21 H22 O8,21,22,8,0,0,0,0,0,0.0,lignin,0.9682373858359747
917,917,401.1188014,401.1184954,401.1183179,0.642857143,0.107142857,C28 H18 O3,28,18,3,0,0,0,0,0,0.0,pah,0.9717901931849781
918,918,401.1091434,401.1088375,401.108935,1.294117647,0.647058824,C17 H22 O11,17,22,11,0,0,0,0,0,0.0,lignin,0.8761529373577963
919,919,401.0914935,401.0911876,401.0911769,1.294117647,0.529411765,C17 H22 O9 S1,17,22,9,1,0,0,0,0,0.0,lignin,0.876031648983877
920,920,401.0881762,401.0878703,401.0878056,0.9,0.45,C20 H18 O9,20,18,9,0,0,0,0,0,0.0,tannin,0.8808617892870766
921,921,401.0729944,401.0726885,401.0725495,1.125,0.75,C16 H18 O12,16,18,12,0,0,0,0,0,0.0,lignin,0.9196384215337454
922,922,401.0518238,401.051518,401.0514201,0.736842105,0.526315789,C19 H14 O10,19,14,10,0,0,0,0,0,0.0,tannin,0.91630669675748
923,923,401.0365034,401.0361976,401.036164,0.933333333,0.866666667,C15 H14 O13,15,14,13,0,0,0,0,0,0.0,tannin,0.7248924928722309
924,924,401.012793,401.0124872,401.0125327,0.454545455,0.272727273,C22 H10 O6 S1,22,10,6,1,0,0,0,0,0.0,pah,0.9717302731275218
925,925,400.1695727,400.169268,400.1694108,1.555555556,0.5,C18 H28 O9 13C1,19,28,9,0,0,1,0,0,0.0,lignin,0.8572666707834081
926,926,400.161516,400.1612113,400.1613049,1.5,0.5,C18 H27 O9 N1,18,27,9,0,1,0,0,0,0.055555556,lignin,0.8673733568310136
927,927,400.1334104,400.1331057,400.1330253,1.411764706,0.588235294,C17 H24 O10 13C1,18,24,10,0,0,1,0,0,0.0,lignin,0.8581078573644116
928,928,400.1253688,400.1250641,400.1249194,1.352941176,0.588235294,C17 H23 O10 N1,17,23,10,0,1,0,0,0,0.058823529,lignin,0.8724481670373485
929,929,400.0970557,400.096751,400.0966398,1.25,0.6875,C16 H20 O11 13C1,17,20,11,0,0,1,0,0,0.0,lignin,0.8774790147625756
930,930,400.088912,400.0886074,400.0885339,1.1875,0.6875,C16 H19 O11 N1,16,19,11,0,1,0,0,0,0.0625,lignin,0.8811193179594033
931,931,400.0603819,400.0600773,400.0602543,1.066666667,0.8,C15 H16 O12 13C1,16,16,12,0,0,1,0,0,0.0,lignin,0.9597909857978936
932,932,399.2027908,399.2024873,399.2024415,1.6,0.4,C20 H32 O8,20,32,8,0,0,0,0,0,0.0,lipid,0.8532625323928947
933,933,399.1817656,399.1814622,399.1813121,1.217391304,0.260869565,C23 H28 O6,23,28,6,0,0,0,0,0,0.0,lignin,0.8817616815765839
934,934,399.166471,399.1661676,399.1660559,1.473684211,0.473684211,C19 H28 O9,19,28,9,0,0,0,0,0,0.0,lignin,0.86859113793508
935,935,399.1485629,399.1482595,399.1482979,1.473684211,0.368421053,C19 H28 O7 S1,19,28,7,1,0,0,0,0,0.0,lignin,0.8684616994691261
936,936,399.1451441,399.1448407,399.1449266,1.090909091,0.318181818,C22 H24 O7,22,24,7,0,0,0,0,0,0.0,lignin,0.9603592967437734
937,937,399.1298111,399.1295077,399.1296704,1.333333333,0.555555556,C18 H24 O10,18,24,10,0,0,0,0,0,0.0,lignin,0.8747679925476077
938,938,399.1217495,399.1214461,399.1212953,0.689655172,0.0,C29 H20 S1,29,20,0,1,0,0,0,0,0.0,pah,0.9719148448608937
939,939,399.1121238,399.1118204,399.1119124,1.333333333,0.444444444,C18 H24 O8 S1,18,24,8,1,0,0,0,0,0.0,lignin,0.8693541802948938
940,940,399.1087266,399.1084233,399.1085411,0.952380952,0.380952381,C21 H20 O8,21,20,8,0,0,0,0,0,0.0,tannin,0.8794211238379809
941,941,399.0936071,399.0933038,399.0932849,1.176470588,0.647058824,C17 H20 O11,17,20,11,0,0,0,0,0,0.0,lignin,0.8823987943840346
942,942,399.0759619,399.0756586,399.0755269,1.176470588,0.529411765,C17 H20 O9 S1,17,20,9,1,0,0,0,0,0.0,lignin,0.8843278340719596
943,943,399.07258,399.0722767,399.0721556,0.8,0.45,C20 H16 O9,20,16,9,0,0,0,0,0,0.0,tannin,0.8997686556463087
944,944,399.0573322,399.0570289,399.0568994,1.0,0.75,C16 H16 O12,16,16,12,0,0,0,0,0,0.0,lignin,0.9582142379564959
945,945,399.0361048,399.0358016,399.0357701,0.631578947,0.526315789,C19 H12 O10,19,12,10,0,0,0,0,0,0.0,tannin,0.815170877670254
946,946,399.0337012,399.033398,399.0332681,0.52173913,0.217391304,C23 H12 O5 S1,23,12,5,1,0,0,0,0,0.0,pah,0.9717288875584751
947,947,399.020758,399.0204547,399.0205139,0.8,0.866666667,C15 H12 O13,15,12,13,0,0,0,0,0,0.0,tannin,0.8867973302406623
948,948,399.0126346,399.0123314,399.0121388,0.307692308,0.115384615,C26 H8 O3 S1,26,8,3,1,0,0,0,0,0.0,pah,0.9717877298550995
949,949,398.2303148,398.2300126,398.229903,2.235294118,0.411764706,C17 H38 O7 S1 13C1,18,38,7,1,0,1,0,0,0.0,lipid,0.8433517999469977
950,950,398.1902875,398.1899854,398.1901462,1.578947368,0.421052632,C19 H30 O8 13C1,20,30,8,0,0,1,0,0,0.0,lipid,0.7040758723550711
951,951,398.154083,398.1537809,398.1537607,1.444444444,0.5,C18 H26 O9 13C1,19,26,9,0,0,1,0,0,0.0,lignin,0.8695186913004258
952,952,398.1460471,398.145745,398.1456549,1.388888889,0.5,C18 H25 O9 N1,18,25,9,0,1,0,0,0,0.055555556,lignin,0.8621259761678866
953,953,398.1178218,398.1175197,398.1173752,1.294117647,0.588235294,C17 H22 O10 13C1,18,22,10,0,0,1,0,0,0.0,lignin,0.8761071761976915
954,954,398.109689,398.109387,398.1092693,1.235294118,0.588235294,C17 H21 O10 N1,17,21,10,0,1,0,0,0,0.058823529,lignin,0.8792444173526116
955,955,398.0811106,398.0808086,398.0809897,1.125,0.6875,C16 H18 O11 13C1,17,18,11,0,0,1,0,0,0.0,lignin,0.9274572160015534
956,956,398.0730068,398.0727048,398.0728838,1.0625,0.6875,C16 H17 O11 N1,16,17,11,0,1,0,0,0,0.0625,lignin,0.9571054579780955
957,957,397.3878033,397.3875022,397.3873464,2.076923077,0.0,C26 H54 S1,26,54,0,1,0,0,0,0,0.0,lipid,0.8841944192962412
958,958,397.2269309,397.22663,397.2265482,2.111111111,0.388888889,C18 H38 O7 S1,18,38,7,1,0,0,0,0,0.0,lipid,0.8440043707283291
959,959,397.1871554,397.1868545,397.1867914,1.5,0.4,C20 H30 O8,20,30,8,0,0,0,0,0,0.0,lignin,0.7460261681673928
960,960,397.1505934,397.1502926,397.1504059,1.368421053,0.473684211,C19 H26 O9,19,26,9,0,0,0,0,0,0.0,lignin,0.8682934675798741
961,961,397.1328959,397.1325951,397.1326478,1.368421053,0.368421053,C19 H26 O7 S1,19,26,7,1,0,0,0,0,0.0,lignin,0.8653371406379169
962,962,397.1294963,397.1291955,397.1292765,1.0,0.318181818,C22 H22 O7,22,22,7,0,0,0,0,0,0.0,lignin,0.9714431966518566
963,963,397.1143353,397.1140346,397.1140204,1.222222222,0.555555556,C18 H22 O10,18,22,10,0,0,0,0,0,0.0,lignin,0.8799478566838624
964,964,397.093305,397.0930042,397.092891,0.857142857,0.380952381,C21 H18 O8,21,18,8,0,0,0,0,0,0.0,tannin,0.8787095407721361
965,965,397.0892655,397.0889648,397.0888683,1.125,0.625,C16 H18 O10 N2,16,18,10,0,2,0,0,0,0.125,lignin,0.9557041981690331
966,966,397.0780607,397.07776,397.0776349,1.058823529,0.647058824,C17 H18 O11,17,18,11,0,0,0,0,0,0.0,lignin,0.9578242872347442
967,967,397.056845,397.0565443,397.0565055,0.7,0.45,C20 H14 O9,20,14,9,0,0,0,0,0,0.0,tannin,0.8177080849228991
968,968,397.0414386,397.0411379,397.0412494,0.875,0.75,C16 H14 O12,16,14,12,0,0,0,0,0,0.0,tannin,0.8810775912001008
969,969,397.0333272,397.0330266,397.0328742,0.37037037,0.074074074,C27 H10 O2 S1,27,10,2,1,0,0,0,0,0.0,pah,0.9717897058959247
970,970,397.0178305,397.0175299,397.0176181,0.434782609,0.217391304,C23 H10 O5 S1,23,10,5,1,0,0,0,0,0.0,pah,0.971756029060163
971,971,396.174934,396.1746344,396.1744962,1.473684211,0.421052632,C19 H28 O8 13C1,20,28,8,0,0,1,0,0,0.0,lignin,0.8684235371327855
972,972,396.1383623,396.1380628,396.1381107,1.333333333,0.5,C18 H24 O9 13C1,19,24,9,0,0,1,0,0,0.0,lignin,0.8699801527549464
973,973,396.1301827,396.1298832,396.1300048,1.277777778,0.5,C18 H23 O9 N1,18,23,9,0,1,0,0,0,0.055555556,lignin,0.8694039167557344
974,974,396.1018999,396.1016004,396.1017251,1.176470588,0.588235294,C17 H20 O10 13C1,18,20,10,0,0,1,0,0,0.0,lignin,0.8832474974669771
975,975,396.0938846,396.0935851,396.0936193,1.117647059,0.588235294,C17 H19 O10 N1,17,19,10,0,1,0,0,0,0.058823529,lignin,0.9569276225881044
976,976,396.0657922,396.0654928,396.0653396,1.0,0.6875,C16 H16 O11 13C1,17,16,11,0,0,1,0,0,0.0,lignin,0.966010152130423
977,977,396.0576653,396.0573659,396.0572338,0.9375,0.6875,C16 H15 O11 N1,16,15,11,0,1,0,0,0,0.0625,tannin,0.7247798413235746
978,978,395.2077014,395.2074031,395.2075268,1.523809524,0.333333333,C21 H32 O7,21,32,7,0,0,0,0,0,0.0,lipid,0.8703376108308924
979,979,395.1714176,395.1711193,395.1711413,1.4,0.4,C20 H28 O8,20,28,8,0,0,0,0,0,0.0,lignin,0.8650315480811424
980,980,395.135204,395.1349058,395.1347558,1.263157895,0.473684211,C19 H24 O9,19,24,9,0,0,0,0,0,0.0,lignin,0.8780214272773555
981,981,395.1098447,395.1095465,395.1096037,1.176470588,0.529411765,C17 H20 O9 N2,17,20,9,0,2,0,0,0,0.117647059,lignin,0.8847634602380484
982,982,395.0985262,395.0982281,395.0983703,1.111111111,0.555555556,C18 H20 O10,18,20,10,0,0,0,0,0,0.0,lignin,0.9571905879451326
983,983,395.0904332,395.090135,395.0899952,0.551724138,0.0,C29 H16 S1,29,16,0,1,0,0,0,0,0.0,pah,0.9718283645529441
984,984,395.0808025,395.0805044,395.0806122,1.111111111,0.444444444,C18 H20 O8 S1,18,20,8,1,0,0,0,0,0.0,lignin,0.958796874966486
985,985,395.0773854,395.0770873,395.0772409,0.761904762,0.380952381,C21 H16 O8,21,16,8,0,0,0,0,0,0.0,tannin,0.8208384578417135
986,986,395.0733872,395.0730891,395.0732182,1.0,0.625,C16 H16 O10 N2,16,16,10,0,2,0,0,0,0.125,lignin,0.9671370517619545
987,987,395.0622786,395.0619805,395.0619848,0.941176471,0.647058824,C17 H16 O11,17,16,11,0,0,0,0,0,0.0,tannin,0.7239759729530708
988,988,395.0260331,395.025735,395.0255993,0.75,0.75,C16 H12 O12,16,12,12,0,0,0,0,0,0.0,tannin,0.8863294717723708
989,989,394.2812438,394.2809467,394.2810261,2.157894737,0.368421053,C19 H41 O7 N1,19,41,7,0,1,0,0,0,0.052631579,lipid,0.823801587706992
990,990,394.1954317,394.1951347,394.1952316,1.5,0.35,C20 H30 O7 13C1,21,30,7,0,0,1,0,0,0.0,lignin,0.6045802143529745
991,991,394.1591014,394.1588045,394.1588461,1.368421053,0.421052632,C19 H26 O8 13C1,20,26,8,0,0,1,0,0,0.0,lignin,0.8672164005728986
992,992,394.1228892,394.1225923,394.1224606,1.222222222,0.5,C18 H22 O9 13C1,19,22,9,0,0,1,0,0,0.0,lignin,0.8805178024748616
993,993,394.1147825,394.1144856,394.1143547,1.166666667,0.5,C18 H21 O9 N1,18,21,9,0,1,0,0,0,0.055555556,lignin,0.886793984668234
994,994,394.0863054,394.0860086,394.0860751,1.058823529,0.588235294,C17 H18 O10 13C1,18,18,10,0,0,1,0,0,0.0,lignin,0.9584483249831873
995,995,394.0781576,394.0778607,394.0779692,1.0,0.588235294,C17 H17 O10 N1,17,17,10,0,1,0,0,0,0.058823529,lignin,0.9672644154936683
996,996,394.0498585,394.0495617,394.0496896,0.875,0.6875,C16 H14 O11 13C1,17,14,11,0,0,1,0,0,0.0,tannin,0.8824623847090498
997,997,393.1920969,393.1918012,393.1918768,1.428571429,0.333333333,C21 H30 O7,21,30,7,0,0,0,0,0,0.0,lignin,0.8609984618177592
998,998,393.1556901,393.1553944,393.1554913,1.3,0.4,C20 H26 O8,20,26,8,0,0,0,0,0,0.0,lignin,0.8756116311838038
999,999,393.1195462,393.1192506,393.1191058,1.157894737,0.473684211,C19 H22 O9,19,22,9,0,0,0,0,0,0.0,lignin,0.88700519137594
1000,1000,393.0943006,393.094005,393.0939536,1.058823529,0.529411765,C17 H18 O9 N2,17,18,9,0,2,0,0,0,0.117647059,lignin,0.9598532872793972
1001,1001,393.0829712,393.0826757,393.0827202,1.0,0.555555556,C18 H18 O10,18,18,10,0,0,0,0,0,0.0,lignin,0.9672918243730523
1002,1002,393.0617624,393.0614669,393.0615909,0.666666667,0.380952381,C21 H14 O8,21,14,8,0,0,0,0,0,0.0,pah,0.9719025429681641
1003,1003,393.0595746,393.0592791,393.059089,0.56,0.12,C25 H14 O3 S1,25,14,3,1,0,0,0,0,0.0,pah,0.9717750656567402
1004,1004,393.0465313,393.0462358,393.0463347,0.823529412,0.647058824,C17 H14 O11,17,14,11,0,0,0,0,0,0.0,tannin,0.8837039412515082
1005,1005,393.0441462,393.0438507,393.0438328,0.666666667,0.285714286,C21 H14 O6 S1,21,14,6,1,0,0,0,0,0.0,pah,0.971568186515842
1006,1006,392.1797466,392.1794522,392.1795815,1.4,0.35,C20 H28 O7 13C1,21,28,7,0,0,1,0,0,0.0,lignin,0.862831178950262
1007,1007,392.1434678,392.1431734,392.143196,1.263157895,0.421052632,C19 H24 O8 13C1,20,24,8,0,0,1,0,0,0.0,lignin,0.8780943024138596
1008,1008,392.1072615,392.1069672,392.1068105,1.111111111,0.5,C18 H20 O9 13C1,19,20,9,0,0,1,0,0,0.0,lignin,0.9582262299517165
1009,1009,392.0991275,392.0988332,392.0987047,1.055555556,0.5,C18 H19 O9 N1,18,19,9,0,1,0,0,0,0.055555556,lignin,0.9598778388825536
1010,1010,392.0705838,392.0702896,392.070425,0.941176471,0.588235294,C17 H16 O10 13C1,18,16,10,0,0,1,0,0,0.0,tannin,0.7239658762725398
1011,1011,392.0624677,392.0621735,392.0623192,0.882352941,0.588235294,C17 H15 O10 N1,17,15,10,0,1,0,0,0,0.058823529,tannin,0.8824090874483254
1012,1012,391.2129693,391.2126762,391.2126122,1.454545455,0.272727273,C22 H32 O6,22,32,6,0,0,0,0,0,0.0,lipid,0.5720854957361248
1013,1013,391.1763693,391.1760761,391.1762267,1.333333333,0.333333333,C21 H28 O7,21,28,7,0,0,0,0,0,0.0,lignin,0.8661166067820245
1014,1014,391.1401815,391.1398885,391.1398412,1.2,0.4,C20 H24 O8,20,24,8,0,0,0,0,0,0.0,lignin,0.8835408201059775
1015,1015,391.1038586,391.1035655,391.1034557,1.052631579,0.473684211,C19 H20 O9,19,20,9,0,0,0,0,0,0.0,lignin,0.9597624570807973
1016,1016,391.0785102,391.0782172,391.0783036,0.941176471,0.529411765,C17 H16 O9 N2,17,16,9,0,2,0,0,0,0.117647059,tannin,0.881027862664855
1017,1017,391.0672125,391.0669195,391.0670702,0.888888889,0.555555556,C18 H16 O10,18,16,10,0,0,0,0,0,0.0,tannin,0.8815392776113194
1018,1018,391.0647979,391.0645049,391.0645683,0.727272727,0.227272727,C22 H16 O5 S1,22,16,5,1,0,0,0,0,0.0,pah,0.9716161086310173
1019,1019,391.0519979,391.0517049,391.051814,1.142857143,0.928571429,C14 H16 O13,14,16,13,0,0,0,0,0,0.0,lipid,0.6213653018810625
1020,1020,391.0310353,391.0307424,391.0306847,0.705882353,0.647058824,C17 H12 O11,17,12,11,0,0,0,0,0,0.0,tannin,0.9013805800736903
1021,1021,391.0286423,391.0283494,391.0281827,0.571428571,0.285714286,C21 H12 O6 S1,21,12,6,1,0,0,0,0,0.0,pah,0.971653395949405
1022,1022,390.1641638,390.163872,390.1639315,1.3,0.35,C20 H26 O7 13C1,21,26,7,0,0,1,0,0,0.0,lignin,0.8752932296434357
1023,1023,390.1279528,390.127661,390.127546,1.157894737,0.421052632,C19 H22 O8 13C1,20,22,8,0,0,1,0,0,0.0,lignin,0.8876798492158546
1024,1024,390.1045261,390.1042343,390.104184,1.4,0.733333333,C15 H21 O11 N1,15,21,11,0,1,0,0,0,0.066666667,lignin,0.5799929769768735
1025,1025,390.0913391,390.0910474,390.0911605,1.0,0.5,C18 H18 O9 13C1,19,18,9,0,0,1,0,0,0.0,lignin,0.967808138997418
1026,1026,390.0831984,390.0829067,390.0830546,0.944444444,0.5,C18 H17 O9 N1,18,17,9,0,1,0,0,0,0.055555556,tannin,0.8803093058280934
1027,1027,389.1970998,389.1968092,389.1969622,1.363636364,0.272727273,C22 H30 O6,22,30,6,0,0,0,0,0,0.0,lignin,0.8627963459012232
1028,1028,389.1610068,389.1607163,389.1605766,1.238095238,0.333333333,C21 H26 O7,21,26,7,0,0,0,0,0,0.0,lignin,0.8795213482473837
1029,1029,389.1457379,389.1454474,389.1453205,1.529411765,0.588235294,C17 H26 O10,17,26,10,0,0,0,0,0,0.0,lignin,0.673858770415603
1030,1030,389.1278623,389.1275718,389.1275624,1.529411765,0.470588235,C17 H26 O8 S1,17,26,8,1,0,0,0,0,0.0,lignin,0.8669228059662446
1031,1031,389.1244532,389.1241627,389.1241911,1.1,0.4,C20 H22 O8,20,22,8,0,0,0,0,0,0.0,lignin,0.9594238210292281
1032,1032,389.1090868,389.1087963,389.108935,1.375,0.6875,C16 H22 O11,16,22,11,0,0,0,0,0,0.0,lignin,0.5799941817435906
1033,1033,389.1010059,389.1007155,389.1005598,0.666666667,0.037037037,C27 H18 O1 S1,27,18,1,1,0,0,0,0,0.0,pah,0.9718625445872991
1034,1034,389.0913417,389.0910512,389.0911769,1.375,0.5625,C16 H22 O9 S1,16,22,9,1,0,0,0,0,0.0,lignin,0.8728135907071751
1035,1035,389.087969,389.0876785,389.0878056,0.947368421,0.473684211,C19 H18 O9,19,18,9,0,0,0,0,0,0.0,tannin,0.8797011160548763
1036,1036,389.0855569,389.0852665,389.0853037,0.782608696,0.173913043,C23 H18 O4 S1,23,18,4,1,0,0,0,0,0.0,pah,0.971710262690032
1037,1037,389.0728216,389.0725311,389.0725495,1.2,0.8,C15 H18 O12,15,18,12,0,0,0,0,0,0.0,lignin,0.6192323727929736
1038,1038,389.05183,389.0515397,389.0514201,0.777777778,0.555555556,C18 H14 O10,18,14,10,0,0,0,0,0,0.0,tannin,0.881153503395103
1039,1039,389.0365981,389.0363078,389.036164,1.0,0.928571429,C14 H14 O13,14,14,13,0,0,0,0,0,0.0,tannin,0.4688609880428534
1040,1040,389.0153724,389.015082,389.0150346,0.588235294,0.647058824,C17 H10 O11,17,10,11,0,0,0,0,0,0.0,tannin,0.8161255795804834
1041,1041,389.0129042,389.0126139,389.0125327,0.476190476,0.285714286,C21 H10 O6 S1,21,10,6,1,0,0,0,0,0.0,pah,0.971714302141369
1042,1042,388.1485151,388.1482259,388.1482814,1.2,0.35,C20 H24 O7 13C1,21,24,7,0,0,1,0,0,0.0,lignin,0.8836353281656588
1043,1043,388.1250617,388.1247725,388.1249194,1.4375,0.625,C16 H23 O10 N1,16,23,10,0,1,0,0,0,0.0625,lignin,0.6054088104398452
1044,1044,387.1815571,387.1812692,387.1813121,1.272727273,0.272727273,C22 H28 O6,22,28,6,0,0,0,0,0,0.0,lignin,0.8766622338455905
1045,1045,387.1661981,387.1659101,387.1660559,1.555555556,0.5,C18 H28 O9,18,28,9,0,0,0,0,0,0.0,lignin,0.8572666707834081
1046,1046,387.1450874,387.1447995,387.1449266,1.142857143,0.333333333,C21 H24 O7,21,24,7,0,0,0,0,0,0.0,lignin,0.8905752373549868
1047,1047,387.1299993,387.1297114,387.1296704,1.411764706,0.588235294,C17 H24 O10,17,24,10,0,0,0,0,0,0.0,lignin,0.8581078573644116
1048,1048,387.1123374,387.1120495,387.1119124,1.411764706,0.470588235,C17 H24 O8 S1,17,24,8,1,0,0,0,0,0.0,lignin,0.8718832720375627
1049,1049,387.1089667,387.1086788,387.1085411,1.0,0.4,C20 H20 O8,20,20,8,0,0,0,0,0,0.0,lignin,0.9714017217294012
1050,1050,387.0936777,387.0933898,387.0932849,1.25,0.6875,C16 H20 O11,16,20,11,0,0,0,0,0,0.0,lignin,0.8774790147625756
1051,1051,387.0757714,387.0754835,387.0755269,1.25,0.5625,C16 H20 O9 S1,16,20,9,1,0,0,0,0,0.0,lignin,0.8781861901236319
1052,1052,387.0723481,387.0720603,387.0721556,0.842105263,0.473684211,C19 H16 O9,19,16,9,0,0,0,0,0,0.0,tannin,0.8804020666864094
1053,1053,387.0699082,387.0696204,387.0696536,0.695652174,0.173913043,C23 H16 O4 S1,23,16,4,1,0,0,0,0,0.0,pah,0.9717157037118749
1054,1054,387.0570397,387.0567519,387.0568994,1.066666667,0.8,C15 H16 O12,15,16,12,0,0,0,0,0,0.0,lignin,0.9597909857978936
1055,1055,387.0489983,387.0487104,387.0485243,0.461538462,0.076923077,C26 H12 O2 S1,26,12,2,1,0,0,0,0,0.0,pah,0.9717901890972318
1056,1056,387.0359846,387.0356968,387.0357701,0.666666667,0.555555556,C18 H12 O10,18,12,10,0,0,0,0,0,0.0,tannin,0.8194046688766443
1057,1057,387.0335987,387.0333109,387.0332681,0.545454545,0.227272727,C22 H12 O5 S1,22,12,5,1,0,0,0,0,0.0,pah,0.9717134774016728
1058,1058,387.020893,387.0206052,387.0205139,0.857142857,0.928571429,C14 H12 O13,14,12,13,0,0,0,0,0,0.0,tannin,0.8832922011687957
1059,1059,386.1541903,386.1539036,386.1537607,1.529411765,0.529411765,C17 H26 O9 13C1,18,26,9,0,0,1,0,0,0.0,lignin,0.8577826207067494
1060,1060,386.1461125,386.1458259,386.1456549,1.470588235,0.529411765,C17 H25 O9 N1,17,25,9,0,1,0,0,0,0.058823529,lignin,0.8683367767125892
1061,1061,386.1176079,386.1173212,386.1173752,1.375,0.625,C16 H22 O10 13C1,17,22,10,0,0,1,0,0,0.0,lignin,0.8602794524198473
1062,1062,386.1094634,386.1091767,386.1092693,1.3125,0.625,C16 H21 O10 N1,16,21,10,0,1,0,0,0,0.0625,lignin,0.8754841482826032
1063,1063,386.081158,386.0808714,386.0809897,1.2,0.733333333,C15 H18 O11 13C1,16,18,11,0,0,1,0,0,0.0,lignin,0.8790766402262774
1064,1064,386.0731555,386.0728689,386.0728838,1.133333333,0.733333333,C15 H17 O11 N1,15,17,11,0,1,0,0,0,0.066666667,lignin,0.9205581606875807
1065,1065,385.1871774,385.186892,385.1867914,1.578947368,0.421052632,C19 H30 O8,19,30,8,0,0,0,0,0,0.0,lipid,0.7040758723550711
1066,1066,385.165876,385.1655906,385.165662,1.181818182,0.272727273,C22 H26 O6,22,26,6,0,0,0,0,0,0.0,lignin,0.885254263692693
1067,1067,385.150534,385.1502486,385.1504059,1.444444444,0.5,C18 H26 O9,18,26,9,0,0,0,0,0,0.0,lignin,0.8695186913004258
1068,1068,385.1294545,385.1291691,385.1292765,1.047619048,0.333333333,C21 H22 O7,21,22,7,0,0,0,0,0,0.0,lignin,0.9686190777191068
1069,1069,385.1143748,385.1140894,385.1140204,1.294117647,0.588235294,C17 H22 O10,17,22,10,0,0,0,0,0,0.0,lignin,0.8761071761976915
1070,1070,385.096711,385.0964257,385.0962623,1.294117647,0.470588235,C17 H22 O8 S1,17,22,8,1,0,0,0,0,0.0,lignin,0.8761712065039632
1071,1071,385.0933187,385.0930334,385.092891,0.9,0.4,C20 H18 O8,20,18,8,0,0,0,0,0,0.0,tannin,0.8802129199915593
1072,1072,385.0779999,385.0777146,385.0776349,1.125,0.6875,C16 H18 O11,16,18,11,0,0,0,0,0,0.0,lignin,0.9274572160015534
1073,1073,385.0566609,385.0563756,385.0565055,0.736842105,0.473684211,C19 H14 O9,19,14,9,0,0,0,0,0,0.0,tannin,0.8233303455792885
1074,1074,385.0542661,385.0539808,385.0540036,0.608695652,0.173913043,C23 H14 O4 S1,23,14,4,1,0,0,0,0,0.0,pah,0.9717322436219564
1075,1075,385.0413773,385.0410921,385.0412494,0.933333333,0.8,C15 H14 O12,15,14,12,0,0,0,0,0,0.0,tannin,0.7245220895861952
1076,1076,385.0333292,385.0330439,385.0328742,0.384615385,0.076923077,C26 H10 O2 S1,26,10,2,1,0,0,0,0,0.0,pah,0.9717893600988525
1077,1077,385.0203863,385.0201011,385.02012,0.555555556,0.555555556,C18 H10 O10,18,10,10,0,0,0,0,0,0.0,pah,0.9718505930803323
1078,1078,385.0180024,385.0177172,385.0176181,0.454545455,0.227272727,C22 H10 O5 S1,22,10,5,1,0,0,0,0,0.0,pah,0.9717472538247165
1079,1079,384.1748167,384.1745325,384.1744962,1.555555556,0.444444444,C18 H28 O8 13C1,19,28,8,0,0,1,0,0,0.0,lignin,0.7430923193273022
1080,1080,384.1385052,384.1382211,384.1381107,1.411764706,0.529411765,C17 H24 O9 13C1,18,24,9,0,0,1,0,0,0.0,lignin,0.8717506063893288
1081,1081,384.1303604,384.1300763,384.1300048,1.352941176,0.529411765,C17 H23 O9 N1,17,23,9,0,1,0,0,0,0.058823529,lignin,0.8725692590569754
1082,1082,384.1018599,384.1015759,384.1017251,1.25,0.625,C16 H20 O10 13C1,17,20,10,0,0,1,0,0,0.0,lignin,0.8778898704047375
1083,1083,384.0937678,384.0934838,384.0936193,1.1875,0.625,C16 H19 O10 N1,16,19,10,0,1,0,0,0,0.0625,lignin,0.8820555736841568
1084,1084,384.0657168,384.0654328,384.0653396,1.066666667,0.733333333,C15 H16 O11 13C1,16,16,11,0,0,1,0,0,0.0,lignin,0.9567895422992059
1085,1085,383.2078933,383.2076104,383.2075268,1.6,0.35,C20 H32 O7,20,32,7,0,0,0,0,0,0.0,lipid,0.8673955028786052
1086,1086,383.1712863,383.1710035,383.1711413,1.473684211,0.421052632,C19 H28 O8,19,28,8,0,0,0,0,0,0.0,lignin,0.8684235371327855
1087,1087,383.1501865,383.1499037,383.150012,1.090909091,0.272727273,C22 H24 O6,22,24,6,0,0,0,0,0,0.0,lignin,0.9607982816143196
1088,1088,383.1350649,383.134782,383.1347558,1.333333333,0.5,C18 H24 O9,18,24,9,0,0,0,0,0,0.0,lignin,0.8699801527549464
1089,1089,383.1140481,383.1137653,383.1136264,0.952380952,0.333333333,C21 H20 O7,21,20,7,0,0,0,0,0,0.0,tannin,0.8792378765928524
1090,1090,383.1100409,383.1097581,383.1096037,1.25,0.5625,C16 H20 O9 N2,16,20,9,0,2,0,0,0,0.125,lignin,0.7251067396394203
1091,1091,383.0987718,383.0984891,383.0983703,1.176470588,0.588235294,C17 H20 O10,17,20,10,0,0,0,0,0,0.0,lignin,0.8832474974669771
1092,1092,383.0808245,383.0805417,383.0806122,1.176470588,0.470588235,C17 H20 O8 S1,17,20,8,1,0,0,0,0,0.0,lignin,0.885165970370729
1093,1093,383.0774059,383.0771231,383.0772409,0.8,0.4,C20 H16 O8,20,16,8,0,0,0,0,0,0.0,tannin,0.9159299466372023
1094,1094,383.0733418,383.0730591,383.0732182,1.066666667,0.666666667,C15 H16 O10 N2,15,16,10,0,2,0,0,0,0.133333333,lignin,0.9574137355581911
1095,1095,383.0620854,383.0618027,383.0619848,1.0,0.6875,C16 H16 O11,16,16,11,0,0,0,0,0,0.0,lignin,0.966010152130423
1096,1096,383.0540341,383.0537514,383.0536096,0.444444444,0.037037037,C27 H12 O1 S1,27,12,1,1,0,0,0,0,0.0,pah,0.9717974010301292
1097,1097,383.0410954,383.0408127,383.0408554,0.631578947,0.473684211,C19 H12 O9,19,12,9,0,0,0,0,0,0.0,pah,0.971798452039956
1098,1098,383.0260098,383.0257271,383.0255993,0.8,0.8,C15 H12 O12,15,12,12,0,0,0,0,0,0.0,tannin,0.8858087472966482
1099,1099,382.2351604,382.2348787,382.2349884,2.235294118,0.352941176,C17 H38 O6 S1 13C1,18,38,6,1,0,1,0,0,0.0,lipid,0.8435382511028692
1100,1100,382.2351604,382.2348787,382.2347446,1.736842105,0.263157895,C19 H33 O5 N3,19,33,5,0,3,0,0,0,0.157894737,peptide,0.5223210471376598
1101,1101,382.1591104,382.1588288,382.1588461,1.444444444,0.444444444,C18 H26 O8 13C1,19,26,8,0,0,1,0,0,0.0,lignin,0.8703705712991437
1102,1102,382.1509356,382.150654,382.1507402,1.388888889,0.444444444,C18 H25 O8 N1,18,25,8,0,1,0,0,0,0.055555556,lignin,0.8610752638576507
1103,1103,382.122605,382.1223234,382.1224606,1.294117647,0.529411765,C17 H22 O9 13C1,18,22,9,0,0,1,0,0,0.0,lignin,0.876031648983877
1104,1104,382.114563,382.1142815,382.1143547,1.235294118,0.529411765,C17 H21 O9 N1,17,21,9,0,1,0,0,0,0.058823529,lignin,0.8795722565444954
1105,1105,382.086498,382.0862165,382.0860751,1.125,0.625,C16 H18 O10 13C1,17,18,10,0,0,1,0,0,0.0,lignin,0.9555737281963441
1106,1106,382.0783839,382.0781025,382.0779692,1.0625,0.625,C16 H17 O10 N1,16,17,10,0,1,0,0,0,0.0625,lignin,0.9583226070625279
1107,1107,382.0498455,382.0495641,382.0496896,0.933333333,0.733333333,C15 H14 O11 13C1,16,14,11,0,0,1,0,0,0.0,tannin,0.724329949749823
1108,1108,381.2318476,381.2315672,381.2316336,2.111111111,0.333333333,C18 H38 O6 S1,18,38,6,1,0,0,0,0,0.0,lipid,0.8443244505209204
1109,1109,381.1921067,381.1918264,381.1918768,1.5,0.35,C20 H30 O7,20,30,7,0,0,0,0,0,0.0,lignin,0.6045802143529745
1110,1110,381.1559012,381.1556209,381.1554913,1.368421053,0.421052632,C19 H26 O8,19,26,8,0,0,0,0,0,0.0,lignin,0.8672164005728986
1111,1111,381.1192269,381.1189466,381.1191058,1.222222222,0.5,C18 H22 O9,18,22,9,0,0,0,0,0,0.0,lignin,0.8805178024748616
1112,1112,381.094129,381.0938488,381.0939536,1.125,0.5625,C16 H18 O9 N2,16,18,9,0,2,0,0,0,0.125,lignin,0.955927740688978
1113,1113,381.083044,381.0827638,381.0827202,1.058823529,0.588235294,C17 H18 O10,17,18,10,0,0,0,0,0,0.0,lignin,0.9584483249831873
1114,1114,381.0620034,381.0617232,381.0615909,0.7,0.4,C20 H14 O8,20,14,8,0,0,0,0,0,0.0,tannin,0.8157054336553855
1115,1115,381.0467187,381.0464385,381.0463347,0.875,0.6875,C16 H14 O11,16,14,11,0,0,0,0,0,0.0,tannin,0.8824623847090498
1116,1116,381.0443023,381.0440222,381.0438328,0.7,0.3,C20 H14 O6 S1,20,14,6,1,0,0,0,0,0.0,pah,0.9715047227462197
1117,1117,381.0076562,381.0073761,381.0074473,0.526315789,0.368421053,C19 H10 O7 S1,19,10,7,1,0,0,0,0,0.0,pah,0.9716245113721174
1118,1118,380.1797541,380.1794751,380.1795815,1.473684211,0.368421053,C19 H28 O7 13C1,20,28,7,0,0,1,0,0,0.0,lignin,0.8684616994691261
1119,1119,380.1436209,380.1433419,380.143196,1.333333333,0.444444444,C18 H24 O8 13C1,19,24,8,0,0,1,0,0,0.0,lignin,0.8693541802948938
1120,1120,380.1069426,380.1066636,380.1068105,1.176470588,0.529411765,C17 H20 O9 13C1,18,20,9,0,0,1,0,0,0.0,lignin,0.8843278340719596
1121,1121,380.0988133,380.0985344,380.0987047,1.117647059,0.529411765,C17 H19 O9 N1,17,19,9,0,1,0,0,0,0.058823529,lignin,0.9575618573072375
1122,1122,380.0707137,380.0704347,380.070425,1.0,0.625,C16 H16 O10 13C1,17,16,10,0,0,1,0,0,0.0,lignin,0.9666179357340191
1123,1123,380.0627037,380.0624248,380.0623192,0.9375,0.625,C16 H15 O10 N1,16,15,10,0,1,0,0,0,0.0625,tannin,0.7247378228469024
1124,1124,379.2128834,379.2126055,379.2126122,1.523809524,0.285714286,C21 H32 O6,21,32,6,0,0,0,0,0,0.0,lipid,0.8703847544004419
1125,1125,379.176374,379.1760963,379.1762267,1.4,0.35,C20 H28 O7,20,28,7,0,0,0,0,0,0.0,lignin,0.862831178950262
1126,1126,379.1402665,379.1399887,379.1398412,1.263157895,0.421052632,C19 H24 O8,19,24,8,0,0,0,0,0,0.0,lignin,0.8780943024138596
1127,1127,379.1149276,379.1146499,379.1146891,1.176470588,0.470588235,C17 H20 O8 N2,17,20,8,0,2,0,0,0,0.117647059,lignin,0.885585259162991
1128,1128,379.1035868,379.1033091,379.1034557,1.111111111,0.5,C18 H20 O9,18,20,9,0,0,0,0,0,0.0,lignin,0.9582262299517165
1129,1129,379.0802875,379.0800099,379.0798244,0.64,0.08,C25 H16 O2 S1,25,16,2,1,0,0,0,0,0.0,pah,0.9718129686727895
1130,1130,379.0784761,379.0781985,379.0783036,1.0,0.5625,C16 H16 O9 N2,16,16,9,0,2,0,0,0,0.125,lignin,0.9678572867440444
1131,1131,379.0673719,379.0670942,379.0670702,0.941176471,0.588235294,C17 H16 O10,17,16,10,0,0,0,0,0,0.0,tannin,0.7239658762725398
1132,1132,379.0649867,379.0647091,379.0645683,0.761904762,0.238095238,C21 H16 O5 S1,21,16,5,1,0,0,0,0,0.0,pah,0.9720853668030065
1133,1133,379.031087,379.0308094,379.0306847,0.75,0.6875,C16 H12 O11,16,12,11,0,0,0,0,0,0.0,tannin,0.8841873513890255
1134,1134,379.028628,379.0283505,379.0281827,0.6,0.3,C20 H12 O6 S1,20,12,6,1,0,0,0,0,0.0,pah,0.9716153239377532
1135,1135,378.1642117,378.1639352,378.1639315,1.368421053,0.368421053,C19 H26 O7 13C1,20,26,7,0,0,1,0,0,0.0,lignin,0.8653371406379169
1136,1136,378.1279113,378.1276349,378.127546,1.222222222,0.444444444,C18 H22 O8 13C1,19,22,8,0,0,1,0,0,0.0,lignin,0.8808732588620881
1137,1137,378.0912719,378.0909955,378.0911605,1.058823529,0.529411765,C17 H18 O9 13C1,18,18,9,0,0,1,0,0,0.0,lignin,0.9590527076825295
1138,1138,378.0832049,378.0829285,378.0830546,1.0,0.529411765,C17 H17 O9 N1,17,17,9,0,1,0,0,0,0.058823529,lignin,0.9678726827427624
1139,1139,378.0551786,378.0549023,378.0547749,0.875,0.625,C16 H14 O10 13C1,17,14,10,0,0,1,0,0,0.0,tannin,0.8821800919063808
1140,1140,377.1970774,377.1968022,377.1969622,1.428571429,0.285714286,C21 H30 O6,21,30,6,0,0,0,0,0,0.0,lignin,0.7368712791281405
1141,1141,377.1609918,377.1607166,377.1605766,1.3,0.35,C20 H26 O7,20,26,7,0,0,0,0,0,0.0,lignin,0.8752932296434357
1142,1142,377.1244067,377.1241315,377.1241911,1.157894737,0.421052632,C19 H22 O8,19,22,8,0,0,0,0,0,0.0,lignin,0.8876798492158546
1143,1143,377.1009905,377.1007154,377.1005598,0.692307692,0.038461538,C26 H18 O1 S1,26,18,1,1,0,0,0,0,0.0,pah,0.9718798406631135
1144,1144,377.099166,377.0988908,377.099039,1.058823529,0.470588235,C17 H18 O8 N2,17,18,8,0,2,0,0,0,0.117647059,lignin,0.9605075170776411
1145,1145,377.0913399,377.0910647,377.0911769,1.466666667,0.6,C15 H22 O9 S1,15,22,9,1,0,0,0,0,0.0,lignin,0.7208294843778462
1146,1146,377.0880098,377.0877347,377.0878056,1.0,0.5,C18 H18 O9,18,18,9,0,0,0,0,0,0.0,lignin,0.967808138997418
1147,1147,377.0518232,377.0515481,377.0514201,0.823529412,0.588235294,C17 H14 O10,17,14,10,0,0,0,0,0,0.0,tannin,0.8831171764451486
1148,1148,377.0152244,377.0149493,377.0150346,0.625,0.6875,C16 H10 O11,16,10,11,0,0,0,0,0,0.0,tannin,0.8215095599901755
1149,1149,377.0128003,377.0125253,377.0125327,0.5,0.3,C20 H10 O6 S1,20,10,6,1,0,0,0,0,0.0,pah,0.9716930520596228
1150,1150,376.1485752,376.1483013,376.1482814,1.263157895,0.368421053,C19 H24 O7 13C1,20,24,7,0,0,1,0,0,0.0,lignin,0.877914872337695
1151,1151,376.1120533,376.1117794,376.1118959,1.111111111,0.444444444,C18 H20 O8 13C1,19,20,8,0,0,1,0,0,0.0,lignin,0.958796874966486
1152,1152,376.0758803,376.0756064,376.0755104,0.941176471,0.529411765,C17 H16 O9 13C1,18,16,9,0,0,1,0,0,0.0,tannin,0.8799625638317246
1153,1153,376.0677728,376.067499,376.0674045,0.882352941,0.529411765,C17 H15 O9 N1,17,15,9,0,1,0,0,0,0.058823529,tannin,0.8821538526609775
1154,1154,375.2755867,375.2753139,375.2752125,2.0,0.3,C20 H40 O6,20,40,6,0,0,0,0,0,0.0,lipid,0.8705109490643401
1155,1155,375.1816667,375.1813939,375.1813121,1.333333333,0.285714286,C21 H28 O6,21,28,6,0,0,0,0,0,0.0,lignin,0.8647615916134364
1156,1156,375.1450661,375.1447935,375.1449266,1.2,0.35,C20 H24 O7,20,24,7,0,0,0,0,0,0.0,lignin,0.8836353281656588
1157,1157,375.1298525,375.1295799,375.1296704,1.5,0.625,C16 H24 O10,16,24,10,0,0,0,0,0,0.0,lignin,0.5696050008564254
1158,1158,375.1088821,375.1086095,375.1085411,1.052631579,0.421052632,C19 H20 O8,19,20,8,0,0,0,0,0,0.0,lignin,0.960243009251639
1159,1159,375.0936955,375.0934229,375.0932849,1.333333333,0.733333333,C15 H20 O11,15,20,11,0,0,0,0,0,0.0,lignin,0.5557163536794928
1160,1160,375.0758749,375.0756024,375.0755269,1.333333333,0.6,C15 H20 O9 S1,15,20,9,1,0,0,0,0,0.0,lignin,0.8749516226536329
1161,1161,375.0724895,375.0722169,375.0721556,0.888888889,0.5,C18 H16 O9,18,16,9,0,0,0,0,0,0.0,tannin,0.881339768508019
1162,1162,375.0700429,375.0697704,375.0696536,0.727272727,0.181818182,C22 H16 O4 S1,22,16,4,1,0,0,0,0,0.0,pah,0.9716987358952661
1163,1163,375.0570546,375.056782,375.0568994,1.142857143,0.857142857,C14 H16 O12,14,16,12,0,0,0,0,0,0.0,lignin,0.670493149094922
1164,1164,375.0489554,375.0486828,375.0485243,0.48,0.08,C25 H12 O2 S1,25,12,2,1,0,0,0,0,0.0,pah,0.971789993145334
1165,1165,375.035898,375.0356255,375.0357701,0.705882353,0.588235294,C17 H12 O10,17,12,10,0,0,0,0,0,0.0,tannin,0.8708814116946437
1166,1166,375.0335104,375.0332379,375.0332681,0.571428571,0.238095238,C21 H12 O5 S1,21,12,5,1,0,0,0,0,0.0,pah,0.9716932791718632
1167,1167,374.1096562,374.1093848,374.1092693,1.4,0.666666667,C15 H21 O10 N1,15,21,10,0,1,0,0,0,0.066666667,lignin,0.6076047313620188
1168,1168,374.0964361,374.0961647,374.0962458,1.0,0.444444444,C18 H18 O8 13C1,19,18,8,0,0,1,0,0,0.0,lignin,0.9682851121488263
1169,1169,373.2021822,373.201912,373.2020475,1.363636364,0.227272727,C22 H30 O5,22,30,5,0,0,0,0,0,0.0,lignin,0.8620565893741114
1170,1170,373.1660642,373.1657941,373.165662,1.238095238,0.285714286,C21 H26 O6,21,26,6,0,0,0,0,0,0.0,lignin,0.8791971745657274
1171,1171,373.150762,373.1504918,373.1504059,1.529411765,0.529411765,C17 H26 O9,17,26,9,0,0,0,0,0,0.0,lignin,0.8577826207067494
1172,1172,373.1328049,373.1325348,373.1326478,1.529411765,0.411764706,C17 H26 O7 S1,17,26,7,1,0,0,0,0,0.0,lignin,0.7455866541918553
1173,1173,373.1294011,373.129131,373.1292765,1.1,0.35,C20 H22 O7,20,22,7,0,0,0,0,0,0.0,lignin,0.9599306381204249
1174,1174,373.1141527,373.1138826,373.1140204,1.375,0.625,C16 H22 O10,16,22,10,0,0,0,0,0,0.0,lignin,0.8602794524198473
1175,1175,373.0965725,373.0963024,373.0962623,1.375,0.5,C16 H22 O8 S1,16,22,8,1,0,0,0,0,0.0,lignin,0.8732966204455901
1176,1176,373.0932261,373.092956,373.092891,0.947368421,0.421052632,C19 H18 O8,19,18,8,0,0,0,0,0,0.0,tannin,0.8796329632622492
1177,1177,373.0780358,373.0777658,373.0776349,1.2,0.733333333,C15 H18 O11,15,18,11,0,0,0,0,0,0.0,lignin,0.8790766402262774
1178,1178,373.0568218,373.0565517,373.0565055,0.777777778,0.5,C18 H14 O9,18,14,9,0,0,0,0,0,0.0,tannin,0.9002712263141698
1179,1179,373.0414615,373.0411915,373.0412494,1.0,0.857142857,C14 H14 O12,14,14,12,0,0,0,0,0,0.0,tannin,0.7269219730539824
1180,1180,373.0202774,373.0200075,373.02012,0.588235294,0.588235294,C17 H10 O10,17,10,10,0,0,0,0,0,0.0,tannin,0.6715335025309994
1181,1181,373.0178673,373.0175973,373.0176181,0.476190476,0.238095238,C21 H10 O5 S1,21,10,5,1,0,0,0,0,0.0,pah,0.9717357373049287
1182,1182,372.138447,372.1381781,372.1381107,1.5,0.5625,C16 H24 O9 13C1,17,24,9,0,0,1,0,0,0.0,lignin,0.8545549134291651
1183,1183,372.130405,372.1301361,372.1300048,1.4375,0.5625,C16 H23 O9 N1,16,23,9,0,1,0,0,0,0.0625,lignin,0.73971736961968
1184,1184,372.1020365,372.1017677,372.1017251,1.333333333,0.666666667,C15 H20 O10 13C1,16,20,10,0,0,1,0,0,0.0,lignin,0.6632242151297982
1185,1185,372.0939114,372.0936426,372.0936193,1.266666667,0.666666667,C15 H19 O10 N1,15,19,10,0,1,0,0,0,0.066666667,lignin,0.6214053373116838
1186,1186,372.0654779,372.0652091,372.0653396,1.142857143,0.785714286,C14 H16 O11 13C1,15,16,11,0,0,1,0,0,0.0,lignin,0.6764041620333322
1187,1187,372.0574312,372.0571624,372.0572338,1.071428571,0.785714286,C14 H15 O11 N1,14,15,11,0,1,0,0,0,0.071428571,lignin,0.9734677214558601
1188,1188,371.1715248,371.1712572,371.1711413,1.555555556,0.444444444,C18 H28 O8,18,28,8,0,0,0,0,0,0.0,lignin,0.7430923193273022
1189,1189,371.1502895,371.1500219,371.150012,1.142857143,0.285714286,C21 H24 O6,21,24,6,0,0,0,0,0,0.0,lignin,0.8905559683408016
1190,1190,371.134915,371.1346474,371.1347558,1.411764706,0.529411765,C17 H24 O9,17,24,9,0,0,0,0,0,0.0,lignin,0.8717506063893288
1191,1191,371.1171514,371.1168838,371.1169978,1.411764706,0.411764706,C17 H24 O7 S1,17,24,7,1,0,0,0,0,0.0,lignin,0.8710195405775485
1192,1192,371.1137784,371.1135108,371.1136264,1.0,0.35,C20 H20 O7,20,20,7,0,0,0,0,0,0.0,lignin,0.9713016267200214
1193,1193,371.0986827,371.0984152,371.0983703,1.25,0.625,C16 H20 O10,16,20,10,0,0,0,0,0,0.0,lignin,0.8778898704047375
1194,1194,371.0810198,371.0807523,371.0806122,1.25,0.5,C16 H20 O8 S1,16,20,8,1,0,0,0,0,0.0,lignin,0.8786855782140133
1195,1195,371.0776523,371.0773847,371.0772409,0.842105263,0.421052632,C19 H16 O8,19,16,8,0,0,0,0,0,0.0,tannin,0.8792697045160404
1196,1196,371.0623331,371.0620656,371.0619848,1.066666667,0.733333333,C15 H16 O11,15,16,11,0,0,0,0,0,0.0,lignin,0.9567895422992059
1197,1197,371.0409834,371.0407159,371.0408554,0.666666667,0.5,C18 H12 O9,18,12,9,0,0,0,0,0,0.0,tannin,0.8168720568266542
1198,1198,371.0385633,371.0382958,371.0383535,0.545454545,0.181818182,C22 H12 O4 S1,22,12,4,1,0,0,0,0,0.0,pah,0.9717417618923129
1199,1199,371.0257461,371.0254787,371.0255993,0.857142857,0.857142857,C14 H12 O12,14,12,12,0,0,0,0,0,0.0,tannin,0.8823870343142385
1200,1200,370.1591762,370.1589099,370.1588461,1.529411765,0.470588235,C17 H26 O8 13C1,18,26,8,0,0,1,0,0,0.0,lignin,0.8669228059662446
1201,1201,370.1227397,370.1224734,370.1224606,1.375,0.5625,C16 H22 O9 13C1,17,22,9,0,0,1,0,0,0.0,lignin,0.8728135907071751
1202,1202,370.1145556,370.1142893,370.1143547,1.3125,0.5625,C16 H21 O9 N1,16,21,9,0,1,0,0,0,0.0625,lignin,0.8745410122354255
1203,1203,370.0862245,370.0859583,370.0860751,1.2,0.666666667,C15 H18 O10 13C1,16,18,10,0,0,1,0,0,0.0,lignin,0.8799889104906293
1204,1204,370.0781998,370.0779335,370.0779692,1.133333333,0.666666667,C15 H17 O10 N1,15,17,10,0,1,0,0,0,0.066666667,lignin,0.9190232062126741
1205,1205,370.0500731,370.0498069,370.0496896,1.0,0.785714286,C14 H14 O11 13C1,15,14,11,0,0,1,0,0,0.0,lignin,0.7992448338696992
1206,1206,369.1921346,369.1918694,369.1918768,1.578947368,0.368421053,C19 H30 O7,19,30,7,0,0,0,0,0,0.0,lipid,0.8701707907001911
1207,1207,369.1556659,369.1554008,369.1554913,1.444444444,0.444444444,C18 H26 O8,18,26,8,0,0,0,0,0,0.0,lignin,0.8703705712991437
1208,1208,369.1347159,369.1344508,369.1343619,1.047619048,0.285714286,C21 H22 O6,21,22,6,0,0,0,0,0,0.0,lignin,0.9689773144335245
1209,1209,369.1195004,369.1192353,369.1191058,1.294117647,0.529411765,C17 H22 O9,17,22,9,0,0,0,0,0,0.0,lignin,0.876031648983877
1210,1210,369.1016765,369.1014115,369.1013477,1.294117647,0.411764706,C17 H22 O7 S1,17,22,7,1,0,0,0,0,0.0,lignin,0.8760125677970668
1211,1211,369.0982559,369.0979909,369.0979764,0.9,0.35,C20 H18 O7,20,18,7,0,0,0,0,0,0.0,tannin,0.8787171796378527
1212,1212,369.0942099,369.0939448,369.0939536,1.2,0.6,C15 H18 O9 N2,15,18,9,0,2,0,0,0,0.133333333,lignin,0.8660124577347009
1213,1213,369.0828633,369.0825983,369.0827202,1.125,0.625,C16 H18 O10,16,18,10,0,0,0,0,0,0.0,lignin,0.9555737281963441
1214,1214,369.074765,369.0745,369.0743451,0.518518519,0.0,C27 H14 S1,27,14,0,1,0,0,0,0,0.0,pah,0.9718181617383144
1215,1215,369.0651073,369.0648423,369.0649622,1.125,0.5,C16 H18 O8 S1,16,18,8,1,0,0,0,0,0.0,lignin,0.9575132873982003
1216,1216,369.0617382,369.0614732,369.0615909,0.736842105,0.421052632,C19 H14 O8,19,14,8,0,0,0,0,0,0.0,tannin,0.8201372048638058
1217,1217,369.0466603,369.0463953,369.0463347,0.933333333,0.733333333,C15 H14 O11,15,14,11,0,0,0,0,0,0.0,tannin,0.724329949749823
1218,1218,368.1799084,368.1796446,368.1795815,1.555555556,0.388888889,C18 H28 O7 13C1,19,28,7,0,0,1,0,0,0.0,lipid,0.7206041659980519
1219,1219,368.143321,368.1430572,368.143196,1.411764706,0.470588235,C17 H24 O8 13C1,18,24,8,0,0,1,0,0,0.0,lignin,0.8718832720375627
1220,1220,368.1353135,368.1350496,368.1350902,1.352941176,0.470588235,C17 H23 O8 N1,17,23,8,0,1,0,0,0,0.058823529,lignin,0.8631279282256138
1221,1221,368.1072124,368.1069487,368.1068105,1.25,0.5625,C16 H20 O9 13C1,17,20,9,0,0,1,0,0,0.0,lignin,0.8781861901236319
1222,1222,368.099103,368.0988392,368.0987047,1.1875,0.5625,C16 H19 O9 N1,16,19,9,0,1,0,0,0,0.0625,lignin,0.8831629880951265
1223,1223,368.0705429,368.0702792,368.070425,1.066666667,0.666666667,C15 H16 O10 13C1,16,16,10,0,0,1,0,0,0.0,lignin,0.9574337515860373
1224,1224,368.0624558,368.0621921,368.0623192,1.0,0.666666667,C15 H15 O10 N1,15,15,10,0,1,0,0,0,0.066666667,lignin,0.9664609411326845
1225,1225,367.2435648,367.2433021,367.2431245,1.142857143,0.0,C28 H32,28,32,0,0,0,0,0,0,0.0,lignin,0.924506975328754
1226,1226,367.2313639,367.2311013,367.2312397,1.714285714,0.142857143,C21 H36 O3 S1,21,36,3,1,0,0,0,0,0.0,lipid,0.8667117401967894
1227,1227,367.2129291,367.2126665,367.2126122,1.6,0.3,C20 H32 O6,20,32,6,0,0,0,0,0,0.0,lipid,0.8693055208137389
1228,1228,367.1765285,367.1762659,367.1762267,1.473684211,0.368421053,C19 H28 O7,19,28,7,0,0,0,0,0,0.0,lignin,0.8684616994691261
1229,1229,367.1400043,367.1397417,367.1398412,1.333333333,0.444444444,C18 H24 O8,18,24,8,0,0,0,0,0,0.0,lignin,0.8693541802948938
1230,1230,367.1150588,367.1147962,367.1146891,1.25,0.5,C16 H20 O8 N2,16,20,8,0,2,0,0,0,0.125,lignin,0.8506245003023476
1231,1231,367.1038419,367.1035793,367.1034557,1.176470588,0.529411765,C17 H20 O9,17,20,9,0,0,0,0,0,0.0,lignin,0.8843278340719596
1232,1232,367.082629,367.0823665,367.0823263,0.8,0.35,C20 H16 O7,20,16,7,0,0,0,0,0,0.0,tannin,0.8242876771051261
1233,1233,367.078568,367.0783056,367.0783036,1.066666667,0.6,C15 H16 O9 N2,15,16,9,0,2,0,0,0,0.133333333,lignin,0.9581073071274477
1234,1234,367.0672367,367.0669743,367.0670702,1.0,0.625,C16 H16 O10,16,16,10,0,0,0,0,0,0.0,lignin,0.9666179357340191
1235,1235,367.0460838,367.0458214,367.0459408,0.631578947,0.421052632,C19 H12 O8,19,12,8,0,0,0,0,0,0.0,pah,0.9718972933814713
1236,1236,367.0309696,367.0307071,367.0306847,0.8,0.733333333,C15 H12 O11,15,12,11,0,0,0,0,0,0.0,tannin,0.8850662776328212
1237,1237,367.0285729,367.0283105,367.0281827,0.631578947,0.315789474,C19 H12 O6 S1,19,12,6,1,0,0,0,0,0.0,pah,0.971563877108899
1238,1238,366.2499348,366.2496733,366.249726,2.176470588,0.411764706,C17 H37 O7 N1,17,37,7,0,1,0,0,0,0.058823529,lipid,0.8000053189193881
1239,1239,366.1641017,366.1638403,366.1639315,1.444444444,0.388888889,C18 H26 O7 13C1,19,26,7,0,0,1,0,0,0.0,lignin,0.8698070172716017
1240,1240,366.1278142,366.1275529,366.127546,1.294117647,0.470588235,C17 H22 O8 13C1,18,22,8,0,0,1,0,0,0.0,lignin,0.8761712065039632
1241,1241,366.1197848,366.1195235,366.1194401,1.235294118,0.470588235,C17 H21 O8 N1,17,21,8,0,1,0,0,0,0.058823529,lignin,0.8796620604448379
1242,1242,366.0915011,366.0912398,366.0911605,1.125,0.5625,C16 H18 O9 13C1,17,18,9,0,0,1,0,0,0.0,lignin,0.9566329214340543
1243,1243,366.0833305,366.0830693,366.0830546,1.0625,0.5625,C16 H17 O9 N1,16,17,9,0,1,0,0,0,0.0625,lignin,0.9590418238133376
1244,1244,366.0549138,366.0546526,366.0547749,0.933333333,0.666666667,C15 H14 O10 13C1,16,14,10,0,0,1,0,0,0.0,tannin,0.7242359078479877
1245,1245,366.0468818,366.0466206,366.0466691,0.866666667,0.666666667,C15 H13 O10 N1,15,13,10,0,1,0,0,0,0.066666667,tannin,0.8833667398723086
1246,1246,365.1973101,365.19705,365.1969622,1.5,0.3,C20 H30 O6,20,30,6,0,0,0,0,0,0.0,lipid,0.8717914643204459
1247,1247,365.1607189,365.1604588,365.1605766,1.368421053,0.368421053,C19 H26 O7,19,26,7,0,0,0,0,0,0.0,lignin,0.8653371406379169
1248,1248,365.1245521,365.124292,365.1241911,1.222222222,0.444444444,C18 H22 O8,18,22,8,0,0,0,0,0,0.0,lignin,0.8808732588620881
1249,1249,365.0993576,365.0990976,365.099039,1.125,0.5,C16 H18 O8 N2,16,18,8,0,2,0,0,0,0.125,lignin,0.9581268813926315
1250,1250,365.0880504,365.0877905,365.0878056,1.058823529,0.529411765,C17 H18 O9,17,18,9,0,0,0,0,0,0.0,lignin,0.9590527076825295
1251,1251,365.0856248,365.0853648,365.0853037,0.857142857,0.19047619,C21 H18 O4 S1,21,18,4,1,0,0,0,0,0.0,tannin,0.8206495341633433
1252,1252,365.0668006,365.0665406,365.0666763,0.7,0.35,C20 H14 O7,20,14,7,0,0,0,0,0,0.0,pah,0.971904481679484
1253,1253,365.0628111,365.0625512,365.0626535,0.933333333,0.6,C15 H14 O9 N2,15,14,9,0,2,0,0,0,0.133333333,tannin,0.8820250149479708
1254,1254,365.0516154,365.0513555,365.0514201,0.875,0.625,C16 H14 O10,16,14,10,0,0,0,0,0,0.0,tannin,0.8821800919063808
1255,1255,365.0492248,365.0489649,365.0489182,0.7,0.25,C20 H14 O5 S1,20,14,5,1,0,0,0,0,0.0,pah,0.9715948525840903
1256,1256,365.0154127,365.0151528,365.0150346,0.666666667,0.733333333,C15 H10 O11,15,10,11,0,0,0,0,0,0.0,tannin,0.9202816312330364
1257,1257,364.1847979,364.184539,364.1846669,1.473684211,0.315789474,C19 H28 O6 13C1,20,28,6,0,0,1,0,0,0.0,lipid,0.573261177482617
1258,1258,364.1486198,364.148361,364.1482814,1.333333333,0.388888889,C18 H24 O7 13C1,19,24,7,0,0,1,0,0,0.0,lignin,0.8681476428334115
1259,1259,364.1121417,364.1118829,364.1118959,1.176470588,0.470588235,C17 H20 O8 13C1,18,20,8,0,0,1,0,0,0.0,lignin,0.885165970370729
1260,1260,364.1039325,364.1036738,364.10379,1.117647059,0.470588235,C17 H19 O8 N1,17,19,8,0,1,0,0,0,0.058823529,lignin,0.9581112967971477
1261,1261,364.0757118,364.0754531,364.0755104,1.0,0.5625,C16 H16 O9 13C1,17,16,9,0,0,1,0,0,0.0,lignin,0.9672253865886402
1262,1262,364.0677169,364.0674582,364.0674045,0.9375,0.5625,C16 H15 O9 N1,16,15,9,0,1,0,0,0,0.0625,tannin,0.8807131310150247
1263,1263,363.1815908,363.1813332,363.1813121,1.4,0.3,C20 H28 O6,20,28,6,0,0,0,0,0,0.0,lignin,0.8615461591699101
1264,1264,363.1452381,363.1449805,363.1449266,1.263157895,0.368421053,C19 H24 O7,19,24,7,0,0,0,0,0,0.0,lignin,0.877914872337695
1265,1265,363.1120318,363.1117743,363.1119124,1.6,0.533333333,C15 H24 O8 S1,15,24,8,1,0,0,0,0,0.0,lignin,0.73246905437175
1266,1266,363.1086789,363.1084214,363.1085411,1.111111111,0.444444444,C18 H20 O8,18,20,8,0,0,0,0,0,0.0,lignin,0.958796874966486
1267,1267,363.0837504,363.0834929,363.0833889,1.0,0.5,C16 H16 O8 N2,16,16,8,0,2,0,0,0,0.125,lignin,0.9685179941428042
1268,1268,363.0759106,363.0756531,363.0755269,1.428571429,0.642857143,C14 H20 O9 S1,14,20,9,1,0,0,0,0,0.0,lignin,0.575993113854784
1269,1269,363.0725514,363.072294,363.0721556,0.941176471,0.529411765,C17 H16 O9,17,16,9,0,0,0,0,0,0.0,tannin,0.8799625638317246
1270,1270,363.0572428,363.0569854,363.0568994,1.230769231,0.923076923,C13 H16 O12,13,16,12,0,0,0,0,0,0.0,lipid,0.7440453498805822
1271,1271,363.0358924,363.035635,363.0357701,0.75,0.625,C16 H12 O10,16,12,10,0,0,0,0,0,0.0,tannin,0.8823188312780482
1272,1272,363.0334892,363.0332318,363.0332681,0.6,0.25,C20 H12 O5 S1,20,12,5,1,0,0,0,0,0.0,pah,0.9716664329689977
1273,1273,362.1692086,362.1689523,362.1690169,1.368421053,0.315789474,C19 H26 O6 13C1,20,26,6,0,0,1,0,0,0.0,lignin,0.8634935687555689
1274,1274,362.1328991,362.1326428,362.1326313,1.222222222,0.388888889,C18 H22 O7 13C1,19,22,7,0,0,1,0,0,0.0,lignin,0.8817201212196911
1275,1275,362.1096671,362.1094109,362.1092693,1.5,0.714285714,C14 H21 O10 N1,14,21,10,0,1,0,0,0,0.071428571,carbohydrate,0.9536099977695812
1276,1276,362.0965685,362.0963123,362.0962458,1.058823529,0.470588235,C17 H18 O8 13C1,18,18,8,0,0,1,0,0,0.0,lignin,0.9596268847087804
1277,1277,362.0600183,362.0597622,362.0598603,0.875,0.5625,C16 H14 O9 13C1,17,14,9,0,0,1,0,0,0.0,tannin,0.8819342785169508
1278,1278,362.0519312,362.051675,362.0517545,0.8125,0.5625,C16 H13 O9 N1,16,13,9,0,1,0,0,0,0.0625,tannin,0.8828520194002312
1279,1279,361.2022046,361.2019494,361.2020475,1.428571429,0.238095238,C21 H30 O5,21,30,5,0,0,0,0,0,0.0,lipid,0.714582833644387
1280,1280,361.1659761,361.165721,361.165662,1.3,0.3,C20 H26 O6,20,26,6,0,0,0,0,0,0.0,lignin,0.8749171955717537
1281,1281,361.1295521,361.1292971,361.1292765,1.157894737,0.368421053,C19 H22 O7,19,22,7,0,0,0,0,0,0.0,lignin,0.8880306985801314
1282,1282,361.1141331,361.1138781,361.1140204,1.466666667,0.666666667,C15 H22 O10,15,22,10,0,0,0,0,0,0.0,lignin,0.5705774754217864
1283,1283,361.1060554,361.1058004,361.1056452,0.692307692,0.0,C26 H18 S1,26,18,0,1,0,0,0,0,0.0,pah,0.9719175427065432
1284,1284,361.1042183,361.1039633,361.1041244,1.058823529,0.411764706,C17 H18 O7 N2,17,18,7,0,2,0,0,0,0.117647059,lignin,0.9599361268142562
1285,1285,361.096406,361.0961511,361.0962623,1.466666667,0.533333333,C15 H22 O8 S1,15,22,8,1,0,0,0,0,0.0,lignin,0.8699244736302753
1286,1286,361.0930641,361.0928091,361.092891,1.0,0.444444444,C18 H18 O8,18,18,8,0,0,0,0,0,0.0,lignin,0.9682851121488263
1287,1287,361.0906699,361.0904149,361.0903891,0.818181818,0.136363636,C22 H18 O3 S1,22,18,3,1,0,0,0,0,0.0,pah,0.9718154787294895
1288,1288,361.0779955,361.0777405,361.0776349,1.285714286,0.785714286,C14 H18 O11,14,18,11,0,0,0,0,0,0.0,lignin,0.5892139594264428
1289,1289,361.0602518,361.0599969,361.0598768,1.285714286,0.642857143,C14 H18 O9 S1,14,18,9,1,0,0,0,0,0.0,lignin,0.876503481667753
1290,1290,361.0568656,361.0566107,361.0565055,0.823529412,0.529411765,C17 H14 O9,17,14,9,0,0,0,0,0,0.0,tannin,0.8815097299633867
1291,1291,361.0414615,361.0412066,361.0412494,1.076923077,0.923076923,C13 H14 O12,13,14,12,0,0,0,0,0,0.0,lignin,0.6073231864727997
1292,1292,361.0202356,361.0199807,361.02012,0.625,0.625,C16 H10 O10,16,10,10,0,0,0,0,0,0.0,tannin,0.8184293358078998
1293,1293,361.0178398,361.017585,361.0176181,0.5,0.25,C20 H10 O5 S1,20,10,5,1,0,0,0,0,0.0,pah,0.9717204268531818
1294,1294,360.1534895,360.1532357,360.1533668,1.263157895,0.315789474,C19 H24 O6 13C1,20,24,6,0,0,1,0,0,0.0,lignin,0.8776030180357172
1295,1295,360.1173483,360.1170945,360.1169813,1.111111111,0.388888889,C18 H20 O7 13C1,19,20,7,0,0,1,0,0,0.0,lignin,0.959380797828867
1296,1296,360.0939001,360.0936463,360.0936193,1.357142857,0.714285714,C14 H19 O10 N1,14,19,10,0,1,0,0,0,0.071428571,lignin,0.6076200836228818
1297,1297,360.0807005,360.0804468,360.0805958,0.941176471,0.470588235,C17 H16 O8 13C1,18,16,8,0,0,1,0,0,0.0,tannin,0.8798808314791693
1298,1298,360.072578,360.0723243,360.0724899,0.882352941,0.470588235,C17 H15 O8 N1,17,15,8,0,1,0,0,0,0.058823529,tannin,0.8817814092547538
1299,1299,360.0654248,360.0651711,360.0653396,1.230769231,0.846153846,C13 H16 O11 13C1,14,16,11,0,0,1,0,0,0.0,lignin,0.6143432244373923
1300,1300,359.1867618,359.1865092,359.1863975,1.333333333,0.238095238,C21 H28 O5,21,28,5,0,0,0,0,0,0.0,lignin,0.8638300493443731
1301,1301,359.1715075,359.1712549,359.1711413,1.647058824,0.470588235,C17 H28 O8,17,28,8,0,0,0,0,0,0.0,lipid,0.8659730904127697
1302,1302,359.1502178,359.1499653,359.150012,1.2,0.3,C20 H24 O6,20,24,6,0,0,0,0,0,0.0,lignin,0.8835270418319823
1303,1303,359.1348876,359.1346351,359.1347558,1.5,0.5625,C16 H24 O9,16,24,9,0,0,0,0,0,0.0,lignin,0.8545549134291651
1304,1304,359.1171865,359.116934,359.1169978,1.5,0.4375,C16 H24 O7 S1,16,24,7,1,0,0,0,0,0.0,lignin,0.8678608208083128
1305,1305,359.1138564,359.1136039,359.1136264,1.052631579,0.368421053,C19 H20 O7,19,20,7,0,0,0,0,0,0.0,lignin,0.9683048163745328
1306,1306,359.098708,359.0984556,359.0983703,1.333333333,0.666666667,C15 H20 O10,15,20,10,0,0,0,0,0,0.0,lignin,0.6632242151297982
1307,1307,359.080979,359.0807265,359.0806122,1.333333333,0.533333333,C15 H20 O8 S1,15,20,8,1,0,0,0,0,0.0,lignin,0.8743338598309057
1308,1308,359.0775887,359.0773362,359.0772409,0.888888889,0.444444444,C18 H16 O8,18,16,8,0,0,0,0,0,0.0,tannin,0.8809379982221281
1309,1309,359.062228,359.0619756,359.0619848,1.142857143,0.785714286,C14 H16 O11,14,16,11,0,0,0,0,0,0.0,lignin,0.6764041620333322
1310,1310,359.0409662,359.0407138,359.0408554,0.705882353,0.529411765,C17 H12 O9,17,12,9,0,0,0,0,0,0.0,tannin,0.8225833706050029
1311,1311,359.0385762,359.0383238,359.0383535,0.571428571,0.19047619,C21 H12 O4 S1,21,12,4,1,0,0,0,0,0.0,pah,0.9717290501099193
1312,1312,359.0258115,359.0255591,359.0255993,0.923076923,0.923076923,C13 H12 O12,13,12,12,0,0,0,0,0,0.0,tannin,0.7361805007239898
1313,1313,358.1226093,358.122358,358.1224606,1.466666667,0.6,C15 H22 O9 13C1,16,22,9,0,0,1,0,0,0.0,lignin,0.7208294843778462
1314,1314,358.1145122,358.1142609,358.1143547,1.4,0.6,C15 H21 O9 N1,15,21,9,0,1,0,0,0,0.066666667,lignin,0.6097650452085577
1315,1315,358.0863981,358.0861469,358.0860751,1.285714286,0.714285714,C14 H18 O10 13C1,15,18,10,0,0,1,0,0,0.0,lignin,0.6168558782633581
1316,1316,358.0783244,358.0780732,358.0779692,1.214285714,0.714285714,C14 H17 O10 N1,14,17,10,0,1,0,0,0,0.071428571,lignin,0.6240156984582201
1317,1317,358.0499496,358.0496984,358.0496896,1.076923077,0.846153846,C13 H14 O11 13C1,14,14,11,0,0,1,0,0,0.0,lignin,0.8088471786882737
1318,1318,357.1920069,357.1917568,357.1918768,1.666666667,0.388888889,C18 H30 O7,18,30,7,0,0,0,0,0,0.0,lipid,0.8492289623012723
1319,1319,357.1709239,357.1706738,357.1707474,1.238095238,0.238095238,C21 H26 O5,21,26,5,0,0,0,0,0,0.0,lignin,0.8799703179813065
1320,1320,357.1558417,357.1555916,357.1554913,1.529411765,0.470588235,C17 H26 O8,17,26,8,0,0,0,0,0,0.0,lignin,0.8669228059662446
1321,1321,357.1346983,357.1344482,357.1343619,1.1,0.3,C20 H22 O6,20,22,6,0,0,0,0,0,0.0,lignin,0.9604439809272621
1322,1322,357.1192768,357.1190268,357.1191058,1.375,0.5625,C16 H22 O9,16,22,9,0,0,0,0,0,0.0,lignin,0.8728135907071751
1323,1323,357.1014524,357.1012024,357.1013477,1.375,0.4375,C16 H22 O7 S1,16,22,7,1,0,0,0,0,0.0,lignin,0.867308653000473
1324,1324,357.0980954,357.0978454,357.0979764,0.947368421,0.368421053,C19 H18 O7,19,18,7,0,0,0,0,0,0.0,tannin,0.8795135497968921
1325,1325,357.0829876,357.0827377,357.0827202,1.2,0.666666667,C15 H18 O10,15,18,10,0,0,0,0,0,0.0,lignin,0.8799889104906293
1326,1326,357.0653414,357.0650915,357.0649622,1.2,0.533333333,C15 H18 O8 S1,15,18,8,1,0,0,0,0,0.0,lignin,0.8823316955924241
1327,1327,357.06195,357.0617,357.0615909,0.777777778,0.444444444,C18 H14 O8,18,14,8,0,0,0,0,0,0.0,tannin,0.9160583776641777
1328,1328,357.0466387,357.0463888,357.0463347,1.0,0.785714286,C14 H14 O11,14,14,11,0,0,0,0,0,0.0,lignin,0.7992448338696992
1329,1329,357.0253365,357.0250866,357.0252054,0.588235294,0.529411765,C17 H10 O9,17,10,9,0,0,0,0,0,0.0,pah,0.9718088907630605
1330,1330,357.022918,357.0226681,357.0227034,0.476190476,0.19047619,C21 H10 O4 S1,21,10,4,1,0,0,0,0,0.0,pah,0.9717546675587861
1331,1331,356.143563,356.1433142,356.143196,1.5,0.5,C16 H24 O8 13C1,17,24,8,0,0,1,0,0,0.0,lignin,0.8676829946156379
1332,1332,356.1069192,356.1066705,356.1068105,1.333333333,0.6,C15 H20 O9 13C1,16,20,9,0,0,1,0,0,0.0,lignin,0.8749516226536329
1333,1333,356.0988216,356.0985729,356.0987047,1.266666667,0.6,C15 H19 O9 N1,15,19,9,0,1,0,0,0,0.066666667,lignin,0.8775315257256849
1334,1334,356.0707696,356.0705209,356.070425,1.142857143,0.714285714,C14 H16 O10 13C1,15,16,10,0,0,1,0,0,0.0,lignin,0.9195854950653655
1335,1335,356.0626967,356.062448,356.0623192,1.071428571,0.714285714,C14 H15 O10 N1,14,15,10,0,1,0,0,0,0.071428571,lignin,0.9566442067628316
1336,1336,355.1962888,355.1960412,355.1961293,2.125,0.375,C16 H34 O6 34S1,16,34,6,0,0,0,1,0,0.0,lipid,0.8439908625991558
1337,1337,355.1763926,355.176145,355.1762267,1.555555556,0.388888889,C18 H28 O7,18,28,7,0,0,0,0,0,0.0,lipid,0.7206041659980519
1338,1338,355.1401999,355.1399523,355.1398412,1.411764706,0.470588235,C17 H24 O8,17,24,8,0,0,0,0,0,0.0,lignin,0.8718832720375627
1339,1339,355.1188455,355.118598,355.1187118,1.0,0.3,C20 H20 O6,20,20,6,0,0,0,0,0,0.0,lignin,0.9715094417891015
1340,1340,355.1035555,355.103308,355.1034557,1.25,0.5625,C16 H20 O9,16,20,9,0,0,0,0,0,0.0,lignin,0.8781861901236319
1341,1341,355.0826409,355.0823934,355.0823263,0.842105263,0.368421053,C19 H16 O7,19,16,7,0,0,0,0,0,0.0,tannin,0.8786454843259985
1342,1342,355.0674449,355.0671975,355.0670702,1.066666667,0.666666667,C15 H16 O10,15,16,10,0,0,0,0,0,0.0,lignin,0.9574337515860373
1343,1343,355.046161,355.0459135,355.0459408,0.666666667,0.444444444,C18 H12 O8,18,12,8,0,0,0,0,0,0.0,tannin,0.814897210189444
1344,1344,355.0307882,355.0305408,355.0306847,0.857142857,0.785714286,C14 H12 O11,14,12,11,0,0,0,0,0,0.0,tannin,0.8840376134898043
1345,1345,354.2191066,354.2188602,354.2189444,1.789473684,0.157894737,C19 H34 O3 S1 13C1,20,34,3,1,0,1,0,0,0.0,lipid,0.866192398057178
1346,1346,354.2191066,354.2188602,354.2187007,1.380952381,0.095238095,C21 H29 O2 N3,21,29,2,0,3,0,0,0,0.142857143,peptide,0.8814766367586175
1347,1347,354.2038225,354.2035762,354.2036883,2.266666667,0.4,C15 H34 O6 S1 13C1,16,34,6,1,0,1,0,0,0.0,lipid,0.8432768839280399
1348,1348,354.2038225,354.2035762,354.2034445,1.705882353,0.294117647,C17 H29 O5 N3,17,29,5,0,3,0,0,0,0.176470588,peptide,0.7850229998583758
1349,1349,354.1642916,354.1640453,354.1639315,1.529411765,0.411764706,C17 H26 O7 13C1,18,26,7,0,0,1,0,0,0.0,lignin,0.7455866541918553
1350,1350,354.1276542,354.1274079,354.127546,1.375,0.5,C16 H22 O8 13C1,17,22,8,0,0,1,0,0,0.0,lignin,0.8732966204455901
1351,1351,354.1195444,354.1192981,354.1194401,1.3125,0.5,C16 H21 O8 N1,16,21,8,0,1,0,0,0,0.0625,lignin,0.8659995269007208
1352,1352,354.0915109,354.0912646,354.0911605,1.2,0.6,C15 H18 O9 13C1,16,18,9,0,0,1,0,0,0.0,lignin,0.8808019196856739
1353,1353,354.0834258,354.0831796,354.0830546,1.133333333,0.6,C15 H17 O9 N1,15,17,9,0,1,0,0,0,0.066666667,lignin,0.9211605040385604
1354,1354,354.0549174,354.0546713,354.0547749,1.0,0.714285714,C14 H14 O10 13C1,15,14,10,0,0,1,0,0,0.0,lignin,0.9587009129567663
1355,1355,354.0467773,354.0465311,354.0466691,0.928571429,0.714285714,C14 H13 O10 N1,14,13,10,0,1,0,0,0,0.071428571,tannin,0.725218234792622
1356,1356,353.2157709,353.2155258,353.2155896,1.7,0.15,C20 H34 O3 S1,20,34,3,1,0,0,0,0,0.0,lipid,0.8667667126859472
1357,1357,353.2006482,353.2004031,353.2003335,2.125,0.375,C16 H34 O6 S1,16,34,6,1,0,0,0,0,0.0,lipid,0.8439908625991558
1358,1358,353.1972817,353.1970365,353.1969622,1.578947368,0.315789474,C19 H30 O6,19,30,6,0,0,0,0,0,0.0,lipid,0.8699983680557143
1359,1359,353.1607848,353.1605397,353.1605766,1.444444444,0.388888889,C18 H26 O7,18,26,7,0,0,0,0,0,0.0,lignin,0.8698070172716017
1360,1360,353.1244407,353.1241957,353.1241911,1.294117647,0.470588235,C17 H22 O8,17,22,8,0,0,0,0,0,0.0,lignin,0.8761712065039632
1361,1361,353.1034212,353.1031762,353.1030618,0.9,0.3,C20 H18 O6,20,18,6,0,0,0,0,0,0.0,tannin,0.877691248181684
1362,1362,353.0994012,353.0991562,353.099039,1.2,0.533333333,C15 H18 O8 N2,15,18,8,0,2,0,0,0,0.133333333,lignin,0.8657414939741702
1363,1363,353.0881048,353.0878598,353.0878056,1.125,0.5625,C16 H18 O9,16,18,9,0,0,0,0,0,0.0,lignin,0.9566329214340543
1364,1364,353.0667738,353.0665289,353.0666763,0.736842105,0.368421053,C19 H14 O7,19,14,7,0,0,0,0,0,0.0,tannin,0.8174472724867108
1365,1365,353.062761,353.062516,353.0626535,1.0,0.642857143,C14 H14 O9 N2,14,14,9,0,2,0,0,0,0.142857143,lignin,0.967005501800054
1366,1366,353.0516019,353.0513569,353.0514201,0.933333333,0.666666667,C15 H14 O10,15,14,10,0,0,0,0,0,0.0,tannin,0.7242359078479877
1367,1367,353.0153589,353.015114,353.0150346,0.714285714,0.785714286,C14 H10 O11,14,10,11,0,0,0,0,0,0.0,tannin,0.8868450676016977
1368,1368,353.0129219,353.012677,353.0125327,0.555555556,0.333333333,C18 H10 O6 S1,18,10,6,1,0,0,0,0,0.0,pah,0.9716249534857649
1369,1369,352.1881812,352.1879373,352.1880382,2.133333333,0.4,C15 H32 O6 S1 13C1,16,32,6,1,0,1,0,0,0.0,lipid,0.8438300962919281
1370,1370,352.1881812,352.1879373,352.1877944,1.588235294,0.294117647,C17 H27 O5 N3,17,27,5,0,3,0,0,0,0.176470588,peptide,0.8743771656363354
1371,1371,352.184807,352.1845631,352.1846669,1.555555556,0.333333333,C18 H28 O6 13C1,19,28,6,0,0,1,0,0,0.0,lipid,0.8701287397276243
1372,1372,352.148603,352.1483592,352.1482814,1.411764706,0.411764706,C17 H24 O7 13C1,18,24,7,0,0,1,0,0,0.0,lignin,0.8710195405775485
1373,1373,352.1120724,352.1118287,352.1118959,1.25,0.5,C16 H20 O8 13C1,17,20,8,0,0,1,0,0,0.0,lignin,0.8786855782140133
1374,1374,352.1039069,352.1036632,352.10379,1.1875,0.5,C16 H19 O8 N1,16,19,8,0,1,0,0,0,0.0625,lignin,0.8847828027303807
1375,1375,352.07581,352.0755663,352.0755104,1.066666667,0.6,C15 H16 O9 13C1,16,16,9,0,0,1,0,0,0.0,lignin,0.9581302539407535
1376,1376,352.0677612,352.0675174,352.0674045,1.0,0.6,C15 H15 O9 N1,15,15,9,0,1,0,0,0,0.066666667,lignin,0.9671786261132075
1377,1377,351.2178437,351.217601,351.2176976,1.6,0.25,C20 H32 O5,20,32,5,0,0,0,0,0,0.0,lipid,0.8699705537530644
1378,1378,351.1849997,351.1847571,351.1846834,2.0,0.375,C16 H32 O6 S1,16,32,6,1,0,0,0,0,0.0,lipid,0.8449887696993879
1379,1379,351.1816389,351.1813963,351.1813121,1.473684211,0.315789474,C19 H28 O6,19,28,6,0,0,0,0,0,0.0,lipid,0.573261177482617
1380,1380,351.1450556,351.144813,351.1449266,1.333333333,0.388888889,C18 H24 O7,18,24,7,0,0,0,0,0,0.0,lignin,0.8681476428334115
1381,1381,351.1199593,351.1197167,351.1197745,1.25,0.4375,C16 H20 O7 N2,16,20,7,0,2,0,0,0,0.125,lignin,0.8501241515466976
1382,1382,351.1088852,351.1086427,351.1085411,1.176470588,0.470588235,C17 H20 O8,17,20,8,0,0,0,0,0,0.0,lignin,0.885165970370729
1383,1383,351.0836965,351.083454,351.0833889,1.066666667,0.533333333,C15 H16 O8 N2,15,16,8,0,2,0,0,0,0.133333333,lignin,0.9586965987270208
1384,1384,351.0723141,351.0720716,351.0721556,1.0,0.5625,C16 H16 O9,16,16,9,0,0,0,0,0,0.0,lignin,0.9672253865886402
1385,1385,351.0698742,351.0696318,351.0696536,0.8,0.2,C20 H16 O4 S1,20,16,4,1,0,0,0,0,0.0,pah,0.9721677038127499
1386,1386,351.0511392,351.0508967,351.0510262,0.631578947,0.368421053,C19 H12 O7,19,12,7,0,0,0,0,0,0.0,pah,0.9714898248665778
1387,1387,351.0360634,351.0358209,351.0357701,0.8,0.666666667,C15 H12 O10,15,12,10,0,0,0,0,0,0.0,tannin,0.8843831718624171
1388,1388,351.0336755,351.0334331,351.0332681,0.631578947,0.263157895,C19 H12 O5 S1,19,12,5,1,0,0,0,0,0.0,pah,0.9716301361827352
1389,1389,350.1692188,350.1689774,350.1690169,1.444444444,0.333333333,C18 H26 O6 13C1,19,26,6,0,0,1,0,0,0.0,lignin,0.8603228808810346
1390,1390,350.1329433,350.132702,350.1326313,1.294117647,0.411764706,C17 H22 O7 13C1,18,22,7,0,0,1,0,0,0.0,lignin,0.8760125677970668
1391,1391,350.1246952,350.1244539,350.1245255,1.235294118,0.411764706,C17 H21 O7 N1,17,21,7,0,1,0,0,0,0.058823529,lignin,0.879715331712912
1392,1392,350.0964011,350.0961598,350.0962458,1.125,0.5,C16 H18 O8 13C1,17,18,8,0,0,1,0,0,0.0,lignin,0.9575132873982003
1393,1393,350.0883966,350.0881553,350.08814,1.0625,0.5,C16 H17 O8 N1,16,17,8,0,1,0,0,0,0.0625,lignin,0.9597262040782661
1394,1394,350.0601675,350.0599263,350.0598603,0.933333333,0.6,C15 H14 O9 13C1,16,14,9,0,0,1,0,0,0.0,tannin,0.8788573885410085
1395,1395,350.0520433,350.0518021,350.0517545,0.866666667,0.6,C15 H13 O9 N1,15,13,9,0,1,0,0,0,0.066666667,tannin,0.8829873339101093
1396,1396,349.2023889,349.2021487,349.2020475,1.5,0.25,C20 H30 O5,20,30,5,0,0,0,0,0,0.0,lipid,0.8640233978015288
1397,1397,349.165768,349.1655279,349.165662,1.368421053,0.315789474,C19 H26 O6,19,26,6,0,0,0,0,0,0.0,lignin,0.8634935687555689
1398,1398,349.1296366,349.1293965,349.1292765,1.222222222,0.388888889,C18 H22 O7,18,22,7,0,0,0,0,0,0.0,lignin,0.8817201212196911
1399,1399,349.1043432,349.1041032,349.1041244,1.125,0.4375,C16 H18 O7 N2,16,18,7,0,2,0,0,0,0.125,lignin,0.9581568170394877
1400,1400,349.0963969,349.0961568,349.0962623,1.571428571,0.571428571,C14 H22 O8 S1,14,22,8,1,0,0,0,0,0.0,lignin,0.6723816979200041
1401,1401,349.0930162,349.0927762,349.092891,1.058823529,0.470588235,C17 H18 O8,17,18,8,0,0,0,0,0,0.0,lignin,0.9596268847087804
1402,1402,349.0905994,349.0903594,349.0903891,0.857142857,0.142857143,C21 H18 O3 S1,21,18,3,1,0,0,0,0,0.0,tannin,0.8177352527646866
1403,1403,349.0679497,349.0677097,349.0677389,0.933333333,0.533333333,C15 H14 O8 N2,15,14,8,0,2,0,0,0,0.133333333,tannin,0.8814396473777102
1404,1404,349.056846,349.056606,349.0565055,0.875,0.5625,C16 H14 O9,16,14,9,0,0,0,0,0,0.0,tannin,0.8819342785169508
1405,1405,349.0202877,349.0200477,349.02012,0.666666667,0.666666667,C15 H10 O10,15,10,10,0,0,0,0,0,0.0,tannin,0.82700571926129
1406,1406,349.0178647,349.0176248,349.0176181,0.526315789,0.263157895,C19 H10 O5 S1,19,10,5,1,0,0,0,0,0.0,pah,0.9716997780854868
1407,1407,348.1534863,348.1532474,348.1533668,1.333333333,0.333333333,C18 H24 O6 13C1,19,24,6,0,0,1,0,0,0.0,lignin,0.8661166067820245
1408,1408,348.1173185,348.1170796,348.1169813,1.176470588,0.411764706,C17 H20 O7 13C1,18,20,7,0,0,1,0,0,0.0,lignin,0.8857130332803405
1409,1409,348.0938996,348.0936608,348.0936193,1.461538462,0.769230769,C13 H19 O10 N1,13,19,10,0,1,0,0,0,0.076923077,carbohydrate,0.9019972153038562
1410,1410,348.0807618,348.080523,348.0805958,1.0,0.5,C16 H16 O8 13C1,17,16,8,0,0,1,0,0,0.0,lignin,0.967808138997418
1411,1411,348.0726149,348.0723761,348.0724899,0.9375,0.5,C16 H15 O8 N1,16,15,8,0,1,0,0,0,0.0625,tannin,0.8805807265582816
1412,1412,347.1867454,347.1865077,347.1863975,1.4,0.25,C20 H28 O5,20,28,5,0,0,0,0,0,0.0,lignin,0.7373192179287166
1413,1413,347.1501347,347.149897,347.150012,1.263157895,0.315789474,C19 H24 O6,19,24,6,0,0,0,0,0,0.0,lignin,0.8776030180357172
1414,1414,347.1349093,347.1346717,347.1347558,1.6,0.6,C15 H24 O9,15,24,9,0,0,0,0,0,0.0,carbohydrate,0.5648207841605243
1415,1415,347.1172899,347.1170523,347.1169978,1.6,0.466666667,C15 H24 O7 S1,15,24,7,1,0,0,0,0,0.0,lignin,0.6054526174967644
1416,1416,347.1139506,347.113713,347.1136264,1.111111111,0.388888889,C18 H20 O7,18,20,7,0,0,0,0,0,0.0,lignin,0.959380797828867
1417,1417,347.0987215,347.0984839,347.0983703,1.428571429,0.714285714,C14 H20 O10,14,20,10,0,0,0,0,0,0.0,lignin,0.5719729081030314
1418,1418,347.088758,347.0885204,347.0884743,1.0,0.4375,C16 H16 O7 N2,16,16,7,0,2,0,0,0,0.125,lignin,0.9680524231055649
1419,1419,347.0807861,347.0805485,347.0806122,1.428571429,0.571428571,C14 H20 O8 S1,14,20,8,1,0,0,0,0,0.0,lignin,0.8707251949669379
1420,1420,347.0773811,347.0771436,347.0772409,0.941176471,0.470588235,C17 H16 O8,17,16,8,0,0,0,0,0,0.0,tannin,0.8798808314791693
1421,1421,347.0749236,347.074686,347.074739,0.761904762,0.142857143,C21 H16 O3 S1,21,16,3,1,0,0,0,0,0.0,pah,0.9717727363853423
1422,1422,347.0620814,347.0618439,347.0619848,1.230769231,0.846153846,C13 H16 O11,13,16,11,0,0,0,0,0,0.0,lignin,0.6143432244373923
1423,1423,347.0411728,347.0409353,347.0408554,0.75,0.5625,C16 H12 O9,16,12,9,0,0,0,0,0,0.0,tannin,0.9008944753895897
1424,1424,346.1378379,346.1376015,346.1377167,1.222222222,0.333333333,C18 H22 O6 13C1,19,22,6,0,0,1,0,0,0.0,lignin,0.8817077171002582
1425,1425,346.1147346,346.1144983,346.1143547,1.5,0.642857143,C14 H21 O9 N1,14,21,9,0,1,0,0,0,0.071428571,carbohydrate,0.6250835408024867
1426,1426,346.1016787,346.1014423,346.1013312,1.058823529,0.411764706,C17 H18 O7 13C1,18,18,7,0,0,1,0,0,0.0,lignin,0.960156671258152
1427,1427,346.0781061,346.0778698,346.0779692,1.307692308,0.769230769,C13 H17 O10 N1,13,17,10,0,1,0,0,0,0.076923077,lignin,0.5827796850628257
1428,1428,345.1708821,345.1706469,345.1707474,1.3,0.25,C20 H26 O5,20,26,5,0,0,0,0,0,0.0,lignin,0.8661157303005449
1429,1429,345.1555962,345.155361,345.1554913,1.625,0.5,C16 H26 O8,16,26,8,0,0,0,0,0,0.0,lignin,0.5711532985591214
1430,1430,345.1346745,345.1344394,345.1343619,1.157894737,0.315789474,C19 H22 O6,19,22,6,0,0,0,0,0,0.0,lignin,0.8880918474087627
1431,1431,345.1194472,345.1192121,345.1191058,1.466666667,0.6,C15 H22 O9,15,22,9,0,0,0,0,0,0.0,lignin,0.7208294843778462
1432,1432,345.1015419,345.1013068,345.1013477,1.466666667,0.466666667,C15 H22 O7 S1,15,22,7,1,0,0,0,0,0.0,lignin,0.868742295150857
1433,1433,345.0981332,345.0978981,345.0979764,1.0,0.388888889,C18 H18 O7,18,18,7,0,0,0,0,0,0.0,lignin,0.9714818288649003
1434,1434,345.0828509,345.0826158,345.0827202,1.285714286,0.714285714,C14 H18 O10,14,18,10,0,0,0,0,0,0.0,lignin,0.6168558782633581
1435,1435,345.0652263,345.0649912,345.0649622,1.285714286,0.571428571,C14 H18 O8 S1,14,18,8,1,0,0,0,0,0.0,lignin,0.8767006265180415
1436,1436,345.0618867,345.0616516,345.0615909,0.823529412,0.470588235,C17 H14 O8,17,14,8,0,0,0,0,0,0.0,tannin,0.879963257342743
1437,1437,345.0466726,345.0464375,345.0463347,1.076923077,0.846153846,C13 H14 O11,13,14,11,0,0,0,0,0,0.0,lignin,0.8088471786882737
1438,1438,345.0254283,345.0251932,345.0252054,0.625,0.5625,C16 H10 O9,16,10,9,0,0,0,0,0,0.0,tannin,0.8159151403158436
1439,1439,345.0229889,345.0227539,345.0227034,0.5,0.2,C20 H10 O4 S1,20,10,4,1,0,0,0,0,0.0,pah,0.9717446036358032
1440,1440,344.1435387,344.1433048,344.143196,1.6,0.533333333,C15 H24 O8 13C1,16,24,8,0,0,1,0,0,0.0,lignin,0.73246905437175
1441,1441,344.1069234,344.1066896,344.1068105,1.428571429,0.642857143,C14 H20 O9 13C1,15,20,9,0,0,1,0,0,0.0,lignin,0.575993113854784
1442,1442,344.0988192,344.0985853,344.0987047,1.357142857,0.642857143,C14 H19 O9 N1,14,19,9,0,1,0,0,0,0.071428571,lignin,0.6132488660862008
1443,1443,344.0707634,344.0705296,344.070425,1.230769231,0.769230769,C13 H16 O10 13C1,14,16,10,0,0,1,0,0,0.0,lignin,0.618824138979323
1444,1444,344.0626936,344.0624597,344.0623192,1.153846154,0.769230769,C13 H15 O10 N1,13,15,10,0,1,0,0,0,0.076923077,lignin,0.6599689320834352
1445,1445,343.1765367,343.176304,343.1762267,1.647058824,0.411764706,C17 H28 O7,17,28,7,0,0,0,0,0,0.0,lipid,0.8492236404418195
1446,1446,343.1553826,343.1551499,343.1550973,1.2,0.25,C20 H24 O5,20,24,5,0,0,0,0,0,0.0,lignin,0.8833065551873138
1447,1447,343.1399649,343.1397322,343.1398412,1.5,0.5,C16 H24 O8,16,24,8,0,0,0,0,0,0.0,lignin,0.8676829946156379
1448,1448,343.1189032,343.1186706,343.1187118,1.052631579,0.315789474,C19 H20 O6,19,20,6,0,0,0,0,0,0.0,lignin,0.9687311232349524
1449,1449,343.1038033,343.1035707,343.1034557,1.333333333,0.6,C15 H20 O9,15,20,9,0,0,0,0,0,0.0,lignin,0.8749516226536329
1450,1450,343.0860034,343.0857708,343.0856976,1.333333333,0.466666667,C15 H20 O7 S1,15,20,7,1,0,0,0,0,0.0,lignin,0.8696785171779062
1451,1451,343.0825898,343.0823572,343.0823263,0.888888889,0.388888889,C18 H16 O7,18,16,7,0,0,0,0,0,0.0,tannin,0.8795157979794197
1452,1452,343.0671925,343.0669599,343.0670702,1.142857143,0.714285714,C14 H16 O10,14,16,10,0,0,0,0,0,0.0,lignin,0.9195854950653655
1453,1453,343.0494716,343.049239,343.0493121,1.142857143,0.571428571,C14 H16 O8 S1,14,16,8,1,0,0,0,0,0.0,lignin,0.9199669474046603
1454,1454,343.0461302,343.0458976,343.0459408,0.705882353,0.470588235,C17 H12 O8,17,12,8,0,0,0,0,0,0.0,tannin,0.819304528034418
1455,1455,343.0310068,343.0307742,343.0306847,0.923076923,0.846153846,C13 H12 O11,13,12,11,0,0,0,0,0,0.0,tannin,0.7250855083407711
1456,1456,342.1994071,342.1991756,342.1990902,1.777777778,0.166666667,C18 H32 O3 13C1 34S1,19,32,3,0,0,1,1,0,0.0,lipid,0.8662149335932954
1457,1457,342.1640529,342.1638214,342.1639315,1.625,0.4375,C16 H26 O7 13C1,17,26,7,0,0,1,0,0,0.0,lipid,0.8492691242505686
1458,1458,342.1278635,342.127632,342.127546,1.466666667,0.533333333,C15 H22 O8 13C1,16,22,8,0,0,1,0,0,0.0,lignin,0.8699244736302753
1459,1459,342.1196976,342.1194662,342.1194401,1.4,0.533333333,C15 H21 O8 N1,15,21,8,0,1,0,0,0,0.066666667,lignin,0.8702261386473177
1460,1460,342.0913054,342.091074,342.0911605,1.285714286,0.642857143,C14 H18 O9 13C1,15,18,9,0,0,1,0,0,0.0,lignin,0.876503481667753
1461,1461,342.0832813,342.0830499,342.0830546,1.214285714,0.642857143,C14 H17 O9 N1,14,17,9,0,1,0,0,0,0.071428571,lignin,0.8804059102040634
1462,1462,342.0550995,342.0548682,342.0547749,1.076923077,0.769230769,C13 H14 O10 13C1,14,14,10,0,0,1,0,0,0.0,lignin,0.9598944253923059
1463,1463,341.2068086,341.2065783,341.2066492,1.882352941,0.176470588,C17 H32 O3 S1 13C2,19,32,3,1,0,2,0,0,0.0,lipid,0.8785063431314383
1464,1464,341.204369,341.2041387,341.2041845,1.684210526,0.105263158,C19 H32 O2 S1 18O1,19,32,2,1,0,0,0,1,0.0,lipid,0.8698249617243757
1465,1465,341.1960053,341.195775,341.1957354,1.684210526,0.157894737,C19 H32 O3 34S1,19,32,3,0,0,0,1,0,0.0,lipid,0.8668297810989234
1466,1466,341.1795565,341.1793263,341.1792041,1.666666667,0.222222222,C18 H30 O4 S1,18,30,4,1,0,0,0,0,0.0,lipid,0.8666831480129875
1467,1467,341.160806,341.1605757,341.1605766,1.529411765,0.411764706,C17 H26 O7,17,26,7,0,0,0,0,0,0.0,lignin,0.7455866541918553
1468,1468,341.1244431,341.1242129,341.1241911,1.375,0.5,C16 H22 O8,16,22,8,0,0,0,0,0,0.0,lignin,0.8732966204455901
1469,1469,341.1092641,341.1090339,341.108935,1.833333333,0.916666667,C12 H22 O11,12,22,11,0,0,0,0,0,0.0,carbohydrate,0.9023909347363339
1470,1470,341.1034004,341.1031702,341.1030618,0.947368421,0.315789474,C19 H18 O6,19,18,6,0,0,0,0,0,0.0,tannin,0.879098211224602
1471,1471,341.0880101,341.0877799,341.0878056,1.2,0.6,C15 H18 O9,15,18,9,0,0,0,0,0,0.0,lignin,0.8808019196856739
1472,1472,341.0701416,341.0699115,341.0700476,1.2,0.466666667,C15 H18 O7 S1,15,18,7,1,0,0,0,0,0.0,lignin,0.8831018441188826
1473,1473,341.0667773,341.0665472,341.0666763,0.777777778,0.388888889,C18 H14 O7,18,14,7,0,0,0,0,0,0.0,tannin,0.8237326824450217
1474,1474,341.0517114,341.0514813,341.0514201,1.0,0.714285714,C14 H14 O10,14,14,10,0,0,0,0,0,0.0,lignin,0.9587009129567663
1475,1475,341.0306068,341.0303767,341.0302907,0.588235294,0.470588235,C17 H10 O8,17,10,8,0,0,0,0,0,0.0,pah,0.9719056139538538
1476,1476,341.0152002,341.0149701,341.0150346,0.769230769,0.846153846,C13 H10 O11,13,10,11,0,0,0,0,0,0.0,tannin,0.8874926422174871
1477,1477,340.2033909,340.2031618,340.2032944,1.777777778,0.166666667,C18 H32 O3 S1 13C1,19,32,3,1,0,1,0,0,0.0,lipid,0.8662149335932954
1478,1478,340.2033909,340.2031618,340.2030506,1.35,0.1,C20 H27 O2 N3,20,27,2,0,3,0,0,0,0.15,peptide,0.8254803710101022
1479,1479,340.1485455,340.1483165,340.1482814,1.5,0.4375,C16 H24 O7 13C1,17,24,7,0,0,1,0,0,0.0,lignin,0.8678608208083128
1480,1480,340.112072,340.111843,340.1118959,1.333333333,0.533333333,C15 H20 O8 13C1,16,20,8,0,0,1,0,0,0.0,lignin,0.8743338598309057
1481,1481,340.1040712,340.1038423,340.10379,1.266666667,0.533333333,C15 H19 O8 N1,15,19,8,0,1,0,0,0,0.066666667,lignin,0.8770144556823964
1482,1482,340.0758095,340.0755805,340.0755104,1.142857143,0.642857143,C14 H16 O9 13C1,15,16,9,0,0,1,0,0,0.0,lignin,0.9180587384654653
1483,1483,340.0676111,340.0673822,340.0674045,1.071428571,0.642857143,C14 H15 O9 N1,14,15,9,0,1,0,0,0,0.071428571,lignin,0.9574357723437835
1484,1484,339.2000797,339.1998518,339.1999395,1.684210526,0.157894737,C19 H32 O3 S1,19,32,3,1,0,0,0,0,0.0,lipid,0.8668297810989234
1485,1485,339.1814443,339.1812165,339.1813121,1.555555556,0.333333333,C18 H28 O6,18,28,6,0,0,0,0,0,0.0,lipid,0.8701287397276243
1486,1486,339.1452451,339.1450173,339.1449266,1.411764706,0.411764706,C17 H24 O7,17,24,7,0,0,0,0,0,0.0,lignin,0.8710195405775485
1487,1487,339.1086754,339.1084476,339.1085411,1.25,0.5,C16 H20 O8,16,20,8,0,0,0,0,0,0.0,lignin,0.8786855782140133
1488,1488,339.0837056,339.0834779,339.0833889,1.142857143,0.571428571,C14 H16 O8 N2,14,16,8,0,2,0,0,0,0.142857143,lignin,0.920912309014177
1489,1489,339.0724657,339.072238,339.0721556,1.066666667,0.6,C15 H16 O9,15,16,9,0,0,0,0,0,0.0,lignin,0.9581302539407535
1490,1490,339.0511311,339.0509035,339.0510262,0.666666667,0.388888889,C18 H12 O7,18,12,7,0,0,0,0,0,0.0,pah,0.9718866497261411
1491,1491,339.0359082,339.0356805,339.0357701,0.857142857,0.714285714,C14 H12 O10,14,12,10,0,0,0,0,0,0.0,tannin,0.8831814447495343
1492,1492,338.2188076,338.2185809,338.2184259,2.2,0.466666667,C15 H33 O7 N1,15,33,7,0,1,0,0,0,0.066666667,lipid,0.36341392639004183
1493,1493,338.2090132,338.2087866,338.2087737,2.266666667,0.333333333,C15 H34 O5 S1 13C1,16,34,5,1,0,1,0,0,0.0,lipid,0.8434811749217929
1494,1494,338.1692746,338.169048,338.1690169,1.529411765,0.352941176,C17 H26 O6 13C1,18,26,6,0,0,1,0,0,0.0,lipid,0.7204976464495864
1495,1495,338.1328228,338.1325962,338.1326313,1.375,0.4375,C16 H22 O7 13C1,17,22,7,0,0,1,0,0,0.0,lignin,0.867308653000473
1496,1496,338.1246743,338.1244477,338.1245255,1.3125,0.4375,C16 H21 O7 N1,16,21,7,0,1,0,0,0,0.0625,lignin,0.8647684673332272
1497,1497,338.0964832,338.0962567,338.0962458,1.2,0.533333333,C15 H18 O8 13C1,16,18,8,0,0,1,0,0,0.0,lignin,0.8823316955924241
1498,1498,338.088451,338.0882245,338.08814,1.133333333,0.533333333,C15 H17 O8 N1,15,17,8,0,1,0,0,0,0.066666667,lignin,0.9343615929166816
1499,1499,338.0600224,338.0597959,338.0598603,1.0,0.642857143,C14 H14 O9 13C1,15,14,9,0,0,1,0,0,0.0,lignin,0.9664433374847141
1500,1500,338.0518748,338.0516483,338.0517545,0.928571429,0.642857143,C14 H13 O9 N1,14,13,9,0,1,0,0,0,0.071428571,tannin,0.8799187377038372
1501,1501,337.2055503,337.2053249,337.2054188,2.125,0.3125,C16 H34 O5 S1,16,34,5,1,0,0,0,0,0.0,lipid,0.8529157793679044
1502,1502,337.2021612,337.2019358,337.2020475,1.578947368,0.263157895,C19 H30 O5,19,30,5,0,0,0,0,0,0.0,lipid,0.8700712779277149
1503,1503,337.1844394,337.1842141,337.1842895,1.578947368,0.157894737,C19 H30 O3 S1,19,30,3,1,0,0,0,0,0.0,lipid,0.8703053429278214
1504,1504,337.1660022,337.1657768,337.165662,1.444444444,0.333333333,C18 H26 O6,18,26,6,0,0,0,0,0,0.0,lignin,0.8603228808810346
1505,1505,337.1293679,337.1291426,337.1292765,1.294117647,0.411764706,C17 H22 O7,17,22,7,0,0,0,0,0,0.0,lignin,0.8760125677970668
1506,1506,337.1043919,337.1041666,337.1041244,1.2,0.466666667,C15 H18 O7 N2,15,18,7,0,2,0,0,0,0.133333333,lignin,0.8658101804880431
1507,1507,337.0932103,337.092985,337.092891,1.125,0.5,C16 H18 O8,16,18,8,0,0,0,0,0,0.0,lignin,0.9575132873982003
1508,1508,337.0719698,337.0717446,337.0717616,0.736842105,0.315789474,C19 H14 O6,19,14,6,0,0,0,0,0,0.0,tannin,0.8153447034215047
1509,1509,337.0679057,337.0676804,337.0677389,1.0,0.571428571,C14 H14 O8 N2,14,14,8,0,2,0,0,0,0.142857143,lignin,0.967850916671486
1510,1510,337.056609,337.0563838,337.0565055,0.933333333,0.6,C15 H14 O9,15,14,9,0,0,0,0,0,0.0,tannin,0.8788573885410085
1511,1511,337.0542118,337.0539865,337.0540036,0.736842105,0.210526316,C19 H14 O4 S1,19,14,4,1,0,0,0,0,0.0,pah,0.9716430945733439
1512,1512,337.020452,337.0202268,337.02012,0.714285714,0.714285714,C14 H10 O10,14,10,10,0,0,0,0,0,0.0,tannin,0.8840895489064409
1513,1513,336.1535167,336.1532925,336.1533668,1.411764706,0.352941176,C17 H24 O6 13C1,18,24,6,0,0,1,0,0,0.0,lignin,0.8623340896755121
1514,1514,336.1172914,336.1170673,336.1169813,1.25,0.4375,C16 H20 O7 13C1,17,20,7,0,0,1,0,0,0.0,lignin,0.8789328934316695
1515,1515,336.1092028,336.1089787,336.1088754,1.1875,0.4375,C16 H19 O7 N1,16,19,7,0,1,0,0,0,0.0625,lignin,0.8853031919349169
1516,1516,336.0806993,336.0804752,336.0805958,1.066666667,0.533333333,C15 H16 O8 13C1,16,16,8,0,0,1,0,0,0.0,lignin,0.9588103932279388
1517,1517,336.0726077,336.0723836,336.0724899,1.0,0.533333333,C15 H15 O8 N1,15,15,8,0,1,0,0,0,0.066666667,lignin,0.9678797894473681
1518,1518,335.1866272,335.1864043,335.1863975,1.473684211,0.263157895,C19 H28 O5,19,28,5,0,0,0,0,0,0.0,lipid,0.8644351479697961
1519,1519,335.1502065,335.1499836,335.150012,1.333333333,0.333333333,C18 H24 O6,18,24,6,0,0,0,0,0,0.0,lignin,0.8661166067820245
1520,1520,335.1138231,335.1136002,335.1136264,1.176470588,0.411764706,C17 H20 O7,17,20,7,0,0,0,0,0,0.0,lignin,0.8857130332803405
1521,1521,335.0886154,335.0883925,335.0884743,1.066666667,0.466666667,C15 H16 O7 N2,15,16,7,0,2,0,0,0,0.133333333,lignin,0.9634813798478696
1522,1522,335.0775486,335.0773258,335.0772409,1.0,0.5,C16 H16 O8,16,16,8,0,0,0,0,0,0.0,lignin,0.967808138997418
1523,1523,335.0409905,335.0407677,335.0408554,0.8,0.6,C15 H12 O9,15,12,9,0,0,0,0,0,0.0,tannin,0.8830248816816513
1524,1524,335.0385642,335.0383415,335.0383535,0.631578947,0.210526316,C19 H12 O4 S1,19,12,4,1,0,0,0,0,0.0,pah,0.9716897159760871
1525,1525,334.1378459,334.1376242,334.1377167,1.294117647,0.352941176,C17 H22 O6 13C1,18,22,6,0,0,1,0,0,0.0,lignin,0.8756473664000939
1526,1526,334.1146104,334.1143887,334.1143547,1.615384615,0.692307692,C13 H21 O9 N1,13,21,9,0,1,0,0,0,0.076923077,carbohydrate,0.8867321034077029
1527,1527,334.101657,334.1014353,334.1013312,1.125,0.4375,C16 H18 O7 13C1,17,18,7,0,0,1,0,0,0.0,lignin,0.9581392308443272
1528,1528,334.0650343,334.0648127,334.0649457,0.933333333,0.533333333,C15 H14 O8 13C1,16,14,8,0,0,1,0,0,0.0,tannin,0.8802053682786551
1529,1529,334.0569615,334.0567399,334.0568398,0.866666667,0.533333333,C15 H13 O8 N1,15,13,8,0,1,0,0,0,0.066666667,tannin,0.8826060989937959
1530,1530,333.1708705,333.17065,333.1707474,1.368421053,0.263157895,C19 H26 O5,19,26,5,0,0,0,0,0,0.0,lignin,0.862380006454203
1531,1531,333.1346553,333.1344349,333.1343619,1.222222222,0.333333333,C18 H22 O6,18,22,6,0,0,0,0,0,0.0,lignin,0.8817077171002582
1532,1532,333.1014537,333.1012333,333.1013477,1.571428571,0.5,C14 H22 O7 S1,14,22,7,1,0,0,0,0,0.0,lignin,0.7352778882439287
1533,1533,333.0981028,333.0978824,333.0979764,1.058823529,0.411764706,C17 H18 O7,17,18,7,0,0,0,0,0,0.0,lignin,0.960156671258152
1534,1534,333.083018,333.0827976,333.0827202,1.384615385,0.769230769,C13 H18 O10,13,18,10,0,0,0,0,0,0.0,lignin,0.5922817518246977
1535,1535,333.073129,333.0729087,333.0728243,0.933333333,0.466666667,C15 H14 O7 N2,15,14,7,0,2,0,0,0,0.133333333,tannin,0.8813748410988709
1536,1536,333.0652669,333.0650465,333.0649622,1.384615385,0.615384615,C13 H18 O8 S1,13,18,8,1,0,0,0,0,0.0,lignin,0.8588676452528805
1537,1537,333.0618764,333.061656,333.0615909,0.875,0.5,C16 H14 O8,16,14,8,0,0,0,0,0,0.0,tannin,0.8816134017374061
1538,1538,333.0594377,333.0592174,333.059089,0.7,0.15,C20 H14 O3 S1,20,14,3,1,0,0,0,0,0.0,pah,0.9717491674895534
1539,1539,333.046439,333.0462186,333.0463347,1.166666667,0.916666667,C12 H14 O11,12,14,11,0,0,0,0,0,0.0,lipid,0.6217415134013282
1540,1540,333.0254115,333.0251912,333.0252054,0.666666667,0.6,C15 H10 O9,15,10,9,0,0,0,0,0,0.0,tannin,0.8216534000568652
1541,1541,333.0230319,333.0228116,333.0227034,0.526315789,0.210526316,C19 H10 O4 S1,19,10,4,1,0,0,0,0,0.0,pah,0.9717310587738087
1542,1542,332.1223864,332.1221672,332.1220667,1.176470588,0.352941176,C17 H20 O6 13C1,18,20,6,0,0,1,0,0,0.0,lignin,0.8859998687583651
1543,1543,332.0988607,332.0986415,332.0987047,1.461538462,0.692307692,C13 H19 O9 N1,13,19,9,0,1,0,0,0,0.076923077,carbohydrate,0.6159920137935203
1544,1544,332.0857703,332.0855511,332.0856812,1.0,0.4375,C16 H16 O7 13C1,17,16,7,0,0,1,0,0,0.0,lignin,0.9683411537325615
1545,1545,332.0777427,332.0775236,332.0775753,0.9375,0.4375,C16 H15 O7 N1,16,15,7,0,1,0,0,0,0.0625,tannin,0.8804199552134154
1546,1546,332.0540962,332.0538771,332.053944,0.47826087,0.0,C23 H11 S1 N1,23,11,0,1,1,0,0,0,0.043478261,pah,0.9718105497932706
1547,1547,331.1552189,331.1550008,331.1550973,1.263157895,0.263157895,C19 H24 O5,19,24,5,0,0,0,0,0,0.0,lignin,0.8772196050706373
1548,1548,331.1400402,331.1398222,331.1398412,1.6,0.533333333,C15 H24 O8,15,24,8,0,0,0,0,0,0.0,lignin,0.73246905437175
1549,1549,331.1223823,331.1221643,331.1220831,1.6,0.4,C15 H24 O6 S1,15,24,6,1,0,0,0,0,0.0,lipid,0.8532625323928947
1550,1550,331.1190082,331.1187902,331.1187118,1.111111111,0.333333333,C18 H20 O6,18,20,6,0,0,0,0,0,0.0,lignin,0.9599821738862261
1551,1551,331.1036944,331.1034765,331.1034557,1.428571429,0.642857143,C14 H20 O9,14,20,9,0,0,0,0,0,0.0,lignin,0.575993113854784
1552,1552,331.0857964,331.0855785,331.0856976,1.428571429,0.5,C14 H20 O7 S1,14,20,7,1,0,0,0,0,0.0,lignin,0.8711198819028315
1553,1553,331.0824241,331.0822061,331.0823263,0.941176471,0.411764706,C17 H16 O7,17,16,7,0,0,0,0,0,0.0,tannin,0.8797873892087761
1554,1554,331.0673025,331.0670846,331.0670702,1.230769231,0.769230769,C13 H16 O10,13,16,10,0,0,0,0,0,0.0,lignin,0.618824138979323
1555,1555,331.0462462,331.0460283,331.0459408,0.75,0.5,C16 H12 O8,16,12,8,0,0,0,0,0,0.0,tannin,0.9162234602860039
1556,1556,331.0308121,331.0305942,331.0306847,1.0,0.916666667,C12 H12 O11,12,12,11,0,0,0,0,0,0.0,tannin,0.5658969726938091
1557,1557,331.0096741,331.0094563,331.0095553,0.533333333,0.6,C15 H8 O9,15,8,9,0,0,0,0,0,0.0,pah,0.971841215774519
1558,1558,331.0073142,331.0070964,331.0070534,0.421052632,0.210526316,C19 H8 O4 S1,19,8,4,1,0,0,0,0,0.0,pah,0.9717612603009906
1559,1559,330.1278282,330.1276114,330.127546,1.571428571,0.571428571,C14 H22 O8 13C1,15,22,8,0,0,1,0,0,0.0,lignin,0.6723816979200041
1560,1560,330.0912726,330.0910559,330.0911605,1.384615385,0.692307692,C13 H18 O9 13C1,14,18,9,0,0,1,0,0,0.0,lignin,0.6176342312666854
1561,1561,330.083192,330.0829753,330.0830546,1.307692308,0.692307692,C13 H17 O9 N1,13,17,9,0,1,0,0,0,0.076923077,lignin,0.615364518104917
1562,1562,329.1606955,329.1604799,329.1605766,1.625,0.4375,C16 H26 O7,16,26,7,0,0,0,0,0,0.0,lipid,0.8492691242505686
1563,1563,329.1397457,329.1395301,329.1394473,1.157894737,0.263157895,C19 H22 O5,19,22,5,0,0,0,0,0,0.0,lignin,0.887887376882835
1564,1564,329.1244781,329.1242626,329.1241911,1.466666667,0.533333333,C15 H22 O8,15,22,8,0,0,0,0,0,0.0,lignin,0.8699244736302753
1565,1565,329.1065539,329.1063383,329.1064331,1.466666667,0.4,C15 H22 O6 S1,15,22,6,1,0,0,0,0,0.0,lignin,0.868841257065444
1566,1566,329.1031597,329.1029442,329.1030618,1.0,0.333333333,C18 H18 O6,18,18,6,0,0,0,0,0,0.0,lignin,0.971379137099223
1567,1567,329.0879501,329.0877346,329.0878056,1.285714286,0.642857143,C14 H18 O9,14,18,9,0,0,0,0,0,0.0,lignin,0.876503481667753
1568,1568,329.0703808,329.0701653,329.0700476,1.285714286,0.5,C14 H18 O7 S1,14,18,7,1,0,0,0,0,0.0,lignin,0.8765520376333292
1569,1569,329.0669996,329.0667841,329.0666763,0.823529412,0.411764706,C17 H14 O7,17,14,7,0,0,0,0,0,0.0,tannin,0.8791669645542577
1570,1570,329.0516445,329.051429,329.0514201,1.076923077,0.769230769,C13 H14 O10,13,14,10,0,0,0,0,0,0.0,lignin,0.9598944253923059
1571,1571,329.0303946,329.0301792,329.0302907,0.625,0.5,C16 H10 O8,16,10,8,0,0,0,0,0,0.0,pah,0.7993916552502016
1572,1572,329.0153159,329.0151005,329.0150346,0.833333333,0.916666667,C12 H10 O11,12,10,11,0,0,0,0,0,0.0,tannin,0.8841718935347853
1573,1573,328.1835576,328.1833432,328.1834401,1.764705882,0.176470588,C17 H30 O3 13C1 34S1,18,30,3,0,0,1,1,0,0.0,lipid,0.8662423980836433
1574,1574,328.1485938,328.1483795,328.1482814,1.6,0.466666667,C15 H24 O7 13C1,16,24,7,0,0,1,0,0,0.0,lignin,0.6054526174967644
1575,1575,328.1120002,328.1117858,328.1118959,1.428571429,0.571428571,C14 H20 O8 13C1,15,20,8,0,0,1,0,0,0.0,lignin,0.8707251949669379
1576,1576,328.1040373,328.103823,328.10379,1.357142857,0.571428571,C14 H19 O8 N1,14,19,8,0,1,0,0,0,0.071428571,lignin,0.8718888772534121
1577,1577,328.0757374,328.0755231,328.0755104,1.230769231,0.692307692,C13 H16 O9 13C1,14,16,9,0,0,1,0,0,0.0,lignin,0.8783063138169698
1578,1578,328.0675397,328.0673255,328.0674045,1.153846154,0.692307692,C13 H15 O9 N1,13,15,9,0,1,0,0,0,0.076923077,lignin,0.9205923926076522
1579,1579,327.1912812,327.1910679,327.1909991,1.875,0.1875,C16 H30 O3 S1 13C2,18,30,3,1,0,2,0,0,0.0,lipid,0.877790463457971
1580,1580,327.1888304,327.1886172,327.1885345,1.666666667,0.111111111,C18 H30 O2 S1 18O1,18,30,2,1,0,0,0,1,0.0,lipid,0.8699050261312774
1581,1581,327.1815837,327.1813705,327.1813121,1.647058824,0.352941176,C17 H28 O6,17,28,6,0,0,0,0,0,0.0,lipid,0.8528656326654399
1582,1582,327.180388,327.1801747,327.1800853,1.666666667,0.166666667,C18 H30 O3 34S1,18,30,3,0,0,0,1,0,0.0,lipid,0.8692231065639968
1583,1583,327.1450214,327.1448083,327.1449266,1.5,0.4375,C16 H24 O7,16,24,7,0,0,0,0,0,0.0,lignin,0.8678608208083128
1584,1584,327.1240867,327.1238736,327.1237972,1.052631579,0.263157895,C19 H20 O5,19,20,5,0,0,0,0,0,0.0,lignin,0.9691305205418821
1585,1585,327.108826,327.1086129,327.1085411,1.333333333,0.533333333,C15 H20 O8,15,20,8,0,0,0,0,0,0.0,lignin,0.8743338598309057
1586,1586,327.0908666,327.0906535,327.090783,1.333333333,0.4,C15 H20 O6 S1,15,20,6,1,0,0,0,0,0.0,lignin,0.8684353473610669
1587,1587,327.0875002,327.0872871,327.0874117,0.888888889,0.333333333,C18 H16 O6,18,16,6,0,0,0,0,0,0.0,tannin,0.8781383396880624
1588,1588,327.083467,327.0832539,327.0833889,1.230769231,0.615384615,C13 H16 O8 N2,13,16,8,0,2,0,0,0,0.153846154,peptide,0.37883327577283477
1589,1589,327.0723614,327.0721483,327.0721556,1.142857143,0.642857143,C14 H16 O9,14,16,9,0,0,0,0,0,0.0,lignin,0.9180587384654653
1590,1590,327.0513219,327.0511088,327.0510262,0.705882353,0.411764706,C17 H12 O7,17,12,7,0,0,0,0,0,0.0,tannin,0.8166060744615018
1591,1591,327.0359351,327.0357221,327.0357701,0.923076923,0.769230769,C13 H12 O10,13,12,10,0,0,0,0,0,0.0,tannin,0.7247500907719117
1592,1592,327.0147427,327.0145297,327.0146407,0.5,0.5,C16 H8 O8,16,8,8,0,0,0,0,0,0.0,pah,0.971547348175893
1593,1593,326.1877329,326.1875209,326.1876443,1.764705882,0.176470588,C17 H30 O3 S1 13C1,18,30,3,1,0,1,0,0,0.0,lipid,0.8662423980836433
1594,1594,326.1877329,326.1875209,326.1874005,1.315789474,0.105263158,C19 H25 O2 N3,19,25,2,0,3,0,0,0,0.157894737,peptide,0.827006098665031
1595,1595,326.1327426,326.1325306,326.1326313,1.466666667,0.466666667,C15 H22 O7 13C1,16,22,7,0,0,1,0,0,0.0,lignin,0.868742295150857
1596,1596,326.1246197,326.1244077,326.1245255,1.4,0.466666667,C15 H21 O7 N1,15,21,7,0,1,0,0,0,0.066666667,lignin,0.8603622617956477
1597,1597,326.0965496,326.0963377,326.0962458,1.285714286,0.571428571,C14 H18 O8 13C1,15,18,8,0,0,1,0,0,0.0,lignin,0.8767006265180415
1598,1598,326.0884416,326.0882297,326.08814,1.214285714,0.571428571,C14 H17 O8 N1,14,17,8,0,1,0,0,0,0.071428571,lignin,0.8808718658899638
1599,1599,326.0599584,326.0597466,326.0598603,1.076923077,0.692307692,C13 H14 O9 13C1,14,14,9,0,0,1,0,0,0.0,lignin,0.9565121477776211
1600,1600,326.0519068,326.051695,326.0517545,1.0,0.692307692,C13 H13 O9 N1,13,13,9,0,1,0,0,0,0.076923077,lignin,0.9662239942162794
1601,1601,325.1868617,325.1866509,325.1867914,2.142857143,0.571428571,C14 H30 O8,14,30,8,0,0,0,0,0,0.0,carbohydrate,0.8497448803892503
1602,1602,325.1843894,325.1841786,325.1842895,1.666666667,0.166666667,C18 H30 O3 S1,18,30,3,1,0,0,0,0,0.0,lipid,0.8692231065639968
1603,1603,325.1657859,325.1655751,325.165662,1.529411765,0.352941176,C17 H26 O6,17,26,6,0,0,0,0,0,0.0,lipid,0.7204976464495864
1604,1604,325.1295334,325.1293227,325.1292765,1.375,0.4375,C16 H22 O7,16,22,7,0,0,0,0,0,0.0,lignin,0.867308653000473
1605,1605,325.1042029,325.1039922,325.1041244,1.285714286,0.5,C14 H18 O7 N2,14,18,7,0,2,0,0,0,0.142857143,peptide,0.39163098057613893
1606,1606,325.0930943,325.0928836,325.092891,1.2,0.533333333,C15 H18 O8,15,18,8,0,0,0,0,0,0.0,lignin,0.8823316955924241
1607,1607,325.0720869,325.0718762,325.0717616,0.777777778,0.333333333,C18 H14 O6,18,14,6,0,0,0,0,0,0.0,tannin,0.8199001999164055
1608,1608,325.0680306,325.0678199,325.0677389,1.076923077,0.615384615,C13 H14 O8 N2,13,14,8,0,2,0,0,0,0.153846154,lignin,0.9606711995680846
1609,1609,325.0566494,325.0564388,325.0565055,1.0,0.642857143,C14 H14 O9,14,14,9,0,0,0,0,0,0.0,lignin,0.9664433374847141
1610,1610,325.0355128,325.0353021,325.0353761,0.588235294,0.411764706,C17 H10 O7,17,10,7,0,0,0,0,0,0.0,pah,0.9714998661429044
1611,1611,325.0204301,325.0202195,325.02012,0.769230769,0.769230769,C13 H10 O10,13,10,10,0,0,0,0,0,0.0,tannin,0.8863086950457257
1612,1612,324.1534997,324.1532902,324.1533668,1.5,0.375,C16 H24 O6 13C1,17,24,6,0,0,1,0,0,0.0,lignin,0.7449966716732388
1613,1613,324.1171706,324.1169611,324.1169813,1.333333333,0.466666667,C15 H20 O7 13C1,16,20,7,0,0,1,0,0,0.0,lignin,0.8696785171779062
1614,1614,324.1089738,324.1087643,324.1088754,1.266666667,0.466666667,C15 H19 O7 N1,15,19,7,0,1,0,0,0,0.066666667,lignin,0.8682811326677008
1615,1615,324.0808512,324.0806417,324.0805958,1.142857143,0.571428571,C14 H16 O8 13C1,15,16,8,0,0,1,0,0,0.0,lignin,0.9199669474046603
1616,1616,324.0727889,324.0725795,324.0724899,1.071428571,0.571428571,C14 H15 O8 N1,14,15,8,0,1,0,0,0,0.071428571,lignin,0.9587591233967677
1617,1617,324.044299,324.0440895,324.0442103,0.923076923,0.692307692,C13 H12 O9 13C1,14,12,9,0,0,1,0,0,0.0,tannin,0.879164253250487
1618,1618,323.1866629,323.1864546,323.1863975,1.555555556,0.277777778,C18 H28 O5,18,28,5,0,0,0,0,0,0.0,lipid,0.8701910396709236
1619,1619,323.1687419,323.1685336,323.1686394,1.555555556,0.166666667,C18 H28 O3 S1,18,28,3,1,0,0,0,0,0.0,lipid,0.8627972479457098
1620,1620,323.1502482,323.1500398,323.150012,1.411764706,0.352941176,C17 H24 O6,17,24,6,0,0,0,0,0,0.0,lignin,0.8623340896755121
1621,1621,323.1137761,323.1135678,323.1136264,1.25,0.4375,C16 H20 O7,16,20,7,0,0,0,0,0,0.0,lignin,0.8789328934316695
1622,1622,323.0886425,323.0884343,323.0884743,1.142857143,0.5,C14 H16 O7 N2,14,16,7,0,2,0,0,0,0.142857143,lignin,0.953091800769446
1623,1623,323.0775139,323.0773056,323.0772409,1.066666667,0.533333333,C15 H16 O8,15,16,8,0,0,0,0,0,0.0,lignin,0.9588103932279388
1624,1624,323.0563236,323.0561153,323.0561116,0.666666667,0.333333333,C18 H12 O6,18,12,6,0,0,0,0,0,0.0,pah,0.9714917970813598
1625,1625,323.040926,323.0407178,323.0408554,0.857142857,0.642857143,C14 H12 O9,14,12,9,0,0,0,0,0,0.0,tannin,0.88278091267716
1626,1626,322.138003,322.1377959,322.1377167,1.375,0.375,C16 H22 O6 13C1,17,22,6,0,0,1,0,0,0.0,lignin,0.8652534547875336
1627,1627,322.1014923,322.1012852,322.1013312,1.2,0.466666667,C15 H18 O7 13C1,16,18,7,0,0,1,0,0,0.0,lignin,0.8831018441188826
1628,1628,322.0935001,322.093293,322.0932254,1.133333333,0.466666667,C15 H17 O7 N1,15,17,7,0,1,0,0,0,0.066666667,lignin,0.9620375743402109
1629,1629,322.0650699,322.0648629,322.0649457,1.0,0.571428571,C14 H14 O8 13C1,15,14,8,0,0,1,0,0,0.0,lignin,0.9671395244640945
1630,1630,322.0569229,322.0567158,322.0568398,0.928571429,0.571428571,C14 H13 O8 N1,14,13,8,0,1,0,0,0,0.071428571,tannin,0.8811020900009445
1631,1631,321.1710397,321.1708338,321.1707474,1.444444444,0.277777778,C18 H26 O5,18,26,5,0,0,0,0,0,0.0,lipid,0.5720024117189974
1632,1632,321.1344536,321.1342477,321.1343619,1.294117647,0.352941176,C17 H22 O6,17,22,6,0,0,0,0,0,0.0,lignin,0.8756473664000939
1633,1633,321.0982646,321.0980588,321.0979764,1.125,0.4375,C16 H18 O7,16,18,7,0,0,0,0,0,0.0,lignin,0.9581392308443272
1634,1634,321.0728964,321.0726905,321.0728243,1.0,0.5,C14 H14 O7 N2,14,14,7,0,2,0,0,0,0.142857143,lignin,0.9709614400343988
1635,1635,321.0617573,321.0615515,321.0615909,0.933333333,0.533333333,C15 H14 O8,15,14,8,0,0,0,0,0,0.0,tannin,0.8802053682786551
1636,1636,321.02533,321.0251243,321.0252054,0.714285714,0.642857143,C14 H10 O9,14,10,9,0,0,0,0,0,0.0,tannin,0.9017837759392083
1637,1637,321.0228988,321.022693,321.0227034,0.555555556,0.222222222,C18 H10 O4 S1,18,10,4,1,0,0,0,0,0.0,pah,0.9717125443034813
1638,1638,320.1222946,320.1220899,320.1220667,1.25,0.375,C16 H20 O6 13C1,17,20,6,0,0,1,0,0,0.0,lignin,0.8788533261902349
1639,1639,320.0859366,320.085732,320.0856812,1.066666667,0.466666667,C15 H16 O7 13C1,16,16,7,0,0,1,0,0,0.0,lignin,0.9594606177306035
1640,1640,320.0778685,320.0776639,320.0775753,1.0,0.466666667,C15 H15 O7 N1,15,15,7,0,1,0,0,0,0.066666667,lignin,0.9685241673417779
1641,1641,319.1552745,319.155071,319.1550973,1.333333333,0.277777778,C18 H24 O5,18,24,5,0,0,0,0,0,0.0,lignin,0.8645844853401355
1642,1642,319.1190013,319.1187978,319.1187118,1.176470588,0.352941176,C17 H20 O6,17,20,6,0,0,0,0,0,0.0,lignin,0.8859998687583651
1643,1643,319.0857766,319.0855732,319.0856976,1.538461538,0.538461538,C13 H20 O7 S1,13,20,7,1,0,0,0,0,0.0,lignin,0.8407259716167669
1644,1644,319.0824043,319.0822009,319.0823263,1.0,0.4375,C16 H16 O7,16,16,7,0,0,0,0,0,0.0,lignin,0.9683411537325615
1645,1645,319.0672888,319.0670854,319.0670702,1.333333333,0.833333333,C12 H16 O10,12,16,10,0,0,0,0,0,0.0,lignin,0.5972778971334012
1646,1646,319.0462201,319.0460168,319.0459408,0.8,0.533333333,C15 H12 O8,15,12,8,0,0,0,0,0,0.0,tannin,0.8809280324743186
1647,1647,319.0097393,319.0095359,319.0095553,0.571428571,0.642857143,C14 H8 O9,14,8,9,0,0,0,0,0,0.0,tannin,0.8148225108877678
1648,1648,317.1759885,317.1757874,317.1758328,1.368421053,0.210526316,C19 H26 O4,19,26,4,0,0,0,0,0,0.0,lignin,0.7379641317039289
1649,1649,317.1395619,317.1393608,317.1394473,1.222222222,0.277777778,C18 H22 O5,18,22,5,0,0,0,0,0,0.0,lignin,0.8814692040398537
1650,1650,317.1242968,317.1240957,317.1241911,1.571428571,0.571428571,C14 H22 O8,14,22,8,0,0,0,0,0,0.0,lignin,0.6723816979200041
1651,1651,317.1033391,317.103138,317.1030618,1.058823529,0.352941176,C17 H18 O6,17,18,6,0,0,0,0,0,0.0,lignin,0.9683977367252948
1652,1652,317.0880238,317.0878228,317.0878056,1.384615385,0.692307692,C13 H18 O9,13,18,9,0,0,0,0,0,0.0,lignin,0.6176342312666854
1653,1653,317.0701529,317.0699518,317.0700476,1.384615385,0.538461538,C13 H18 O7 S1,13,18,7,1,0,0,0,0,0.0,lignin,0.872562986934829
1654,1654,317.0667719,317.0665709,317.0666763,0.875,0.4375,C16 H14 O7,16,14,7,0,0,0,0,0,0.0,tannin,0.8805429323942173
1655,1655,317.0516494,317.0514485,317.0514201,1.166666667,0.833333333,C12 H14 O10,12,14,10,0,0,0,0,0,0.0,lignin,0.6701155998710051
1656,1656,317.0305688,317.0303678,317.0302907,0.666666667,0.533333333,C15 H10 O8,15,10,8,0,0,0,0,0,0.0,tannin,0.818311554139403
1657,1657,316.1121715,316.1119717,316.1118959,1.538461538,0.615384615,C13 H20 O8 13C1,14,20,8,0,0,1,0,0,0.0,lignin,0.5678118863454513
1658,1658,316.075585,316.0753852,316.0755104,1.333333333,0.75,C12 H16 O9 13C1,13,16,9,0,0,1,0,0,0.0,lignin,0.5824285731415106
1659,1659,316.0675471,316.0673473,316.0674045,1.25,0.75,C12 H15 O9 N1,12,15,9,0,1,0,0,0,0.083333333,lignin,0.5931591470292594
1660,1660,315.1450218,315.1448231,315.1449266,1.6,0.466666667,C15 H24 O7,15,24,7,0,0,0,0,0,0.0,lignin,0.6054526174967644
1661,1661,315.1240741,315.1238754,315.1237972,1.111111111,0.277777778,C18 H20 O5,18,20,5,0,0,0,0,0,0.0,lignin,0.960605757728352
1662,1662,315.1086923,315.1084936,315.1085411,1.428571429,0.571428571,C14 H20 O8,14,20,8,0,0,0,0,0,0.0,lignin,0.8707251949669379
1663,1663,315.0908683,315.0906697,315.090783,1.428571429,0.428571429,C14 H20 O6 S1,14,20,6,1,0,0,0,0,0.0,lignin,0.8706009725410737
1664,1664,315.0875254,315.0873267,315.0874117,0.941176471,0.352941176,C17 H16 O6,17,16,6,0,0,0,0,0,0.0,tannin,0.8795587501620202
1665,1665,315.0724215,315.0722229,315.0721556,1.230769231,0.692307692,C13 H16 O9,13,16,9,0,0,0,0,0,0.0,lignin,0.8783063138169698
1666,1666,315.0512182,315.0510196,315.0510262,0.75,0.4375,C16 H12 O7,16,12,7,0,0,0,0,0,0.0,tannin,0.8230271566161509
1667,1667,315.0358688,315.0356702,315.0357701,1.0,0.833333333,C12 H12 O10,12,12,10,0,0,0,0,0,0.0,lignin,0.6133806882933861
1668,1668,315.0149032,315.0147047,315.0146407,0.533333333,0.533333333,C15 H8 O8,15,8,8,0,0,0,0,0,0.0,pah,0.9714536428561201
1669,1669,314.1679054,314.1677079,314.1677901,1.75,0.1875,C16 H28 O3 13C1 34S1,17,28,3,0,0,1,1,0,0.0,lipid,0.8662763435666504
1670,1670,314.1328021,314.1326046,314.1326313,1.571428571,0.5,C14 H22 O7 13C1,15,22,7,0,0,1,0,0,0.0,lignin,0.7352778882439287
1671,1671,314.0965245,314.0963271,314.0962458,1.384615385,0.615384615,C13 H18 O8 13C1,14,18,8,0,0,1,0,0,0.0,lignin,0.8588676452528805
1672,1672,314.0884093,314.0882119,314.08814,1.307692308,0.615384615,C13 H17 O8 N1,13,17,8,0,1,0,0,0,0.076923077,lignin,0.8746187004508528
1673,1673,314.0599476,314.0597502,314.0598603,1.166666667,0.75,C12 H14 O9 13C1,13,14,9,0,0,1,0,0,0.0,lignin,0.9174414671145212
1674,1674,313.1756162,313.1754199,313.1753491,1.866666667,0.2,C15 H28 O3 S1 13C2,17,28,3,1,0,2,0,0,0.0,lipid,0.8771799171931984
1675,1675,313.1731339,313.1729376,313.1728844,1.647058824,0.117647059,C17 H28 O2 S1 18O1,17,28,2,1,0,0,0,1,0.0,lipid,0.8699982577404232
1676,1676,313.1657814,313.1655851,313.165662,1.625,0.375,C16 H26 O6,16,26,6,0,0,0,0,0,0.0,lipid,0.852973102826134
1677,1677,313.1645542,313.1643578,313.1644352,1.647058824,0.176470588,C17 H28 O3 34S1,17,28,3,0,0,0,1,0,0.0,lipid,0.8698572880077865
1678,1678,313.1295603,313.129364,313.1292765,1.466666667,0.466666667,C15 H22 O7,15,22,7,0,0,0,0,0,0.0,lignin,0.868742295150857
1679,1679,313.1082595,313.1080632,313.1081471,1.0,0.277777778,C18 H18 O5,18,18,5,0,0,0,0,0,0.0,lignin,0.971567855461212
1680,1680,313.0930001,313.0928039,313.092891,1.285714286,0.571428571,C14 H18 O8,14,18,8,0,0,0,0,0,0.0,lignin,0.8767006265180415
1681,1681,313.0720335,313.0718373,313.0717616,0.823529412,0.352941176,C17 H14 O6,17,14,6,0,0,0,0,0,0.0,tannin,0.9157891524271354
1682,1682,313.0567031,313.0565069,313.0565055,1.076923077,0.692307692,C13 H14 O9,13,14,9,0,0,0,0,0,0.0,lignin,0.9565121477776211
1683,1683,313.0354741,313.0352779,313.0353761,0.625,0.4375,C16 H10 O7,16,10,7,0,0,0,0,0,0.0,pah,0.9718818880891151
1684,1684,313.0203833,313.0201872,313.02012,0.833333333,0.833333333,C12 H10 O10,12,10,10,0,0,0,0,0,0.0,tannin,0.8853884822904273
1685,1685,312.1751892,312.174994,312.1751218,1.8,0.133333333,C15 H27 O2 S1 N3,15,27,2,1,3,0,0,0,0.2,peptide,0.8995645256116724
1686,1686,312.1722701,312.172075,312.1719942,1.75,0.1875,C16 H28 O3 S1 13C1,17,28,3,1,0,1,0,0,0.0,lipid,0.8662763435666504
1687,1687,312.1534977,312.1533026,312.1533668,1.6,0.4,C15 H24 O6 13C1,16,24,6,0,0,1,0,0,0.0,lipid,0.8532625323928947
1688,1688,312.1172631,312.117068,312.1169813,1.428571429,0.5,C14 H20 O7 13C1,15,20,7,0,0,1,0,0,0.0,lignin,0.8711198819028315
1689,1689,312.1091467,312.1089516,312.1088754,1.357142857,0.5,C14 H19 O7 N1,14,19,7,0,1,0,0,0,0.071428571,lignin,0.8626457145440659
1690,1690,312.0806986,312.0805036,312.0805958,1.230769231,0.615384615,C13 H16 O8 13C1,14,16,8,0,0,1,0,0,0.0,lignin,0.8790538752975114
1691,1691,312.0726757,312.0724806,312.0724899,1.153846154,0.615384615,C13 H15 O8 N1,13,15,8,0,1,0,0,0,0.076923077,lignin,0.9192610303943927
1692,1692,311.168873,311.1686791,311.1686394,1.647058824,0.176470588,C17 H28 O3 S1,17,28,3,1,0,0,0,0,0.0,lipid,0.8698572880077865
1693,1693,311.1501304,311.1499365,311.150012,1.5,0.375,C16 H24 O6,16,24,6,0,0,0,0,0,0.0,lignin,0.7449966716732388
1694,1694,311.1138926,311.1136988,311.1136264,1.333333333,0.466666667,C15 H20 O7,15,20,7,0,0,0,0,0,0.0,lignin,0.8696785171779062
1695,1695,311.0773411,311.0771473,311.0772409,1.142857143,0.571428571,C14 H16 O8,14,16,8,0,0,0,0,0,0.0,lignin,0.9199669474046603
1696,1696,311.0563841,311.0561903,311.0561116,0.705882353,0.352941176,C17 H12 O6,17,12,6,0,0,0,0,0,0.0,pah,0.9718866046239449
1697,1697,311.0410091,311.0408153,311.0408554,0.923076923,0.692307692,C13 H12 O9,13,12,9,0,0,0,0,0,0.0,tannin,0.879164253250487
1698,1698,310.1777529,310.1775602,310.1774735,2.307692308,0.384615385,C13 H30 O5 S1 13C1,14,30,5,1,0,1,0,0,0.0,lipid,0.8431872659313061
1699,1699,310.1378277,310.137635,310.1377167,1.466666667,0.4,C15 H22 O6 13C1,16,22,6,0,0,1,0,0,0.0,lignin,0.868841257065444
1700,1700,310.1014436,310.1012509,310.1013312,1.285714286,0.5,C14 H18 O7 13C1,15,18,7,0,0,1,0,0,0.0,lignin,0.8765520376333292
1701,1701,310.0932958,310.0931031,310.0932254,1.214285714,0.5,C14 H17 O7 N1,14,17,7,0,1,0,0,0,0.071428571,lignin,0.8812468291074678
1702,1702,310.0652324,310.0650398,310.0649457,1.076923077,0.615384615,C13 H14 O8 13C1,14,14,8,0,0,1,0,0,0.0,lignin,0.9577365891919971
1703,1703,310.0570767,310.0568841,310.0568398,1.0,0.615384615,C13 H13 O8 N1,13,13,8,0,1,0,0,0,0.076923077,lignin,0.9670618268403505
1704,1704,309.1742722,309.1740806,309.1741187,2.142857143,0.357142857,C14 H30 O5 S1,14,30,5,1,0,0,0,0,0.0,lipid,0.843975982978419
1705,1705,309.1708613,309.1706697,309.1707474,1.529411765,0.294117647,C17 H26 O5,17,26,5,0,0,0,0,0,0.0,lipid,0.8703360541138352
1706,1706,309.1531262,309.1529346,309.1529893,1.529411765,0.176470588,C17 H26 O3 S1,17,26,3,1,0,0,0,0,0.0,lipid,0.8635583540251741
1707,1707,309.1346353,309.1344438,309.1343619,1.375,0.375,C16 H22 O6,16,22,6,0,0,0,0,0,0.0,lignin,0.8652534547875336
1708,1708,309.0981372,309.0979458,309.0979764,1.2,0.466666667,C15 H18 O7,15,18,7,0,0,0,0,0,0.0,lignin,0.8831018441188826
1709,1709,309.0617012,309.0615097,309.0615909,1.0,0.571428571,C14 H14 O8,14,14,8,0,0,0,0,0,0.0,lignin,0.9671395244640945
1710,1710,309.0254822,309.0252908,309.0252054,0.769230769,0.692307692,C13 H10 O9,13,10,9,0,0,0,0,0,0.0,tannin,0.8850398357369528
1711,1711,308.122264,308.1220737,308.1220667,1.333333333,0.4,C15 H20 O6 13C1,16,20,6,0,0,1,0,0,0.0,lignin,0.8684353473610669
1712,1712,308.085779,308.0855887,308.0856812,1.142857143,0.5,C14 H16 O7 13C1,15,16,7,0,0,1,0,0,0.0,lignin,0.9216463597436804
1713,1713,308.0776677,308.0774775,308.0775753,1.071428571,0.5,C14 H15 O7 N1,14,15,7,0,1,0,0,0,0.071428571,lignin,0.9595435283458971
1714,1714,307.1553044,307.1551153,307.1550973,1.411764706,0.294117647,C17 H24 O5,17,24,5,0,0,0,0,0,0.0,lignin,0.8609042426025175
1715,1715,307.1187788,307.1185897,307.1187118,1.25,0.375,C16 H20 O6,16,20,6,0,0,0,0,0,0.0,lignin,0.8788533261902349
1716,1716,307.0825544,307.0823654,307.0823263,1.066666667,0.466666667,C15 H16 O7,15,16,7,0,0,0,0,0,0.0,lignin,0.9594606177306035
1717,1717,307.0461884,307.0459994,307.0459408,0.857142857,0.571428571,C14 H12 O8,14,12,8,0,0,0,0,0,0.0,tannin,0.8824150991564474
1718,1718,307.0096412,307.0094522,307.0095553,0.615384615,0.692307692,C13 H8 O9,13,8,9,0,0,0,0,0,0.0,tannin,0.820534710934781
1719,1719,306.1064972,306.1063092,306.1064166,1.2,0.4,C15 H18 O6 13C1,16,18,6,0,0,1,0,0,0.0,lignin,0.8835408201059775
1720,1720,306.0620118,306.0618239,306.0619252,0.928571429,0.5,C14 H13 O7 N1,14,13,7,0,1,0,0,0,0.071428571,tannin,0.8808890116714094
1721,1721,305.1397164,305.1395296,305.1394473,1.294117647,0.294117647,C17 H22 O5,17,22,5,0,0,0,0,0,0.0,lignin,0.8752093104969207
1722,1722,305.103194,305.1030073,305.1030618,1.125,0.375,C16 H18 O6,16,18,6,0,0,0,0,0,0.0,lignin,0.9593817254152055
1723,1723,305.0667872,305.0666005,305.0666763,0.933333333,0.466666667,C15 H14 O7,15,14,7,0,0,0,0,0,0.0,tannin,0.8801017818232578
1724,1724,305.0515202,305.0513336,305.0514201,1.272727273,0.909090909,C11 H14 O10,11,14,10,0,0,0,0,0,0.0,lignin,0.425997745833519
1725,1725,305.0305583,305.0303717,305.0302907,0.714285714,0.571428571,C14 H10 O8,14,10,8,0,0,0,0,0,0.0,tannin,0.8709879489481771
1726,1726,303.2331556,303.2329711,303.2329537,1.6,0.1,C20 H32 O2,20,32,2,0,0,0,0,0,0.0,lipid,0.8611628472298547
1727,1727,303.160365,303.1601806,303.1601827,1.333333333,0.222222222,C18 H24 O4,18,24,4,0,0,0,0,0,0.0,lignin,0.8635747973734622
1728,1728,303.1240329,303.1238485,303.1237972,1.176470588,0.294117647,C17 H20 O5,17,20,5,0,0,0,0,0,0.0,lignin,0.8859235249082407
1729,1729,303.1087481,303.1085637,303.1085411,1.538461538,0.615384615,C13 H20 O8,13,20,8,0,0,0,0,0,0.0,lignin,0.5678118863454513
1730,1730,303.0875053,303.0873209,303.0874117,1.0,0.375,C16 H16 O6,16,16,6,0,0,0,0,0,0.0,lignin,0.9711748366710997
1731,1731,303.072418,303.0722337,303.0721556,1.333333333,0.75,C12 H16 O9,12,16,9,0,0,0,0,0,0.0,lignin,0.5824285731415106
1732,1732,303.0511507,303.0509664,303.0510262,0.8,0.466666667,C15 H12 O7,15,12,7,0,0,0,0,0,0.0,tannin,0.8798979401144665
1733,1733,303.0358757,303.0356915,303.0357701,1.090909091,0.909090909,C11 H12 O10,11,12,10,0,0,0,0,0,0.0,lignin,0.5226133916533117
1734,1734,303.0149013,303.014717,303.0146407,0.571428571,0.571428571,C14 H8 O8,14,8,8,0,0,0,0,0,0.0,pah,0.9717824907433599
1735,1735,302.0965111,302.0963279,302.0962458,1.5,0.666666667,C12 H18 O8 13C1,13,18,8,0,0,1,0,0,0.0,lignin,0.5686350095173374
1736,1736,301.1657435,301.1655615,301.165662,1.733333333,0.4,C15 H26 O6,15,26,6,0,0,0,0,0,0.0,lipid,0.8756794219021666
1737,1737,301.1447849,301.1446029,301.1445327,1.222222222,0.222222222,C18 H22 O4,18,22,4,0,0,0,0,0,0.0,lignin,0.8810844161091425
1738,1738,301.1294541,301.1292721,301.1292765,1.571428571,0.5,C14 H22 O7,14,22,7,0,0,0,0,0,0.0,lignin,0.7352778882439287
1739,1739,301.1082797,301.1080977,301.1081471,1.058823529,0.294117647,C17 H18 O5,17,18,5,0,0,0,0,0,0.0,lignin,0.9688837520293075
1740,1740,301.0931406,301.0929586,301.092891,1.384615385,0.615384615,C13 H18 O8,13,18,8,0,0,0,0,0,0.0,lignin,0.8588676452528805
1741,1741,301.0718737,301.0716917,301.0717616,0.875,0.375,C16 H14 O6,16,14,6,0,0,0,0,0,0.0,tannin,0.8787686725068283
1742,1742,301.0566233,301.0564413,301.0565055,1.166666667,0.75,C12 H14 O9,12,14,9,0,0,0,0,0,0.0,lignin,0.9174414671145212
1743,1743,301.0356304,301.0354485,301.0353761,0.666666667,0.466666667,C15 H10 O7,15,10,7,0,0,0,0,0,0.0,tannin,0.8156316414866573
1744,1744,301.0202047,301.0200228,301.02012,0.909090909,0.909090909,C11 H10 O10,11,10,10,0,0,0,0,0,0.0,tannin,0.7261046516392834
1745,1745,300.1170652,300.1168844,300.1169813,1.538461538,0.538461538,C13 H20 O7 13C1,14,20,7,0,0,1,0,0,0.0,lignin,0.8407259716167669
1746,1746,300.0808093,300.0806286,300.0805958,1.333333333,0.666666667,C12 H16 O8 13C1,13,16,8,0,0,1,0,0,0.0,lignin,0.6632242151297982
1747,1747,300.0725962,300.0724154,300.0724899,1.25,0.666666667,C12 H15 O8 N1,12,15,8,0,1,0,0,0,0.083333333,lignin,0.6089257966999078
1748,1748,299.1599228,299.1597431,299.159699,1.857142857,0.214285714,C14 H26 O3 S1 13C2,16,26,3,1,0,2,0,0,0.0,lipid,0.8766527371611303
1749,1749,299.1502669,299.1500872,299.150012,1.6,0.4,C15 H24 O6,15,24,6,0,0,0,0,0,0.0,lipid,0.8532625323928947
1750,1750,299.1490388,299.1488591,299.1487852,1.625,0.1875,C16 H26 O3 34S1,16,26,3,0,0,0,1,0,0.0,lipid,0.8699547441838632
1751,1751,299.113787,299.1136073,299.1136264,1.428571429,0.5,C14 H20 O7,14,20,7,0,0,0,0,0,0.0,lignin,0.8711198819028315
1752,1752,299.0927252,299.0925456,299.0924971,0.941176471,0.294117647,C17 H16 O5,17,16,5,0,0,0,0,0,0.0,tannin,0.8784619827807628
1753,1753,299.077332,299.0771524,299.0772409,1.230769231,0.615384615,C13 H16 O8,13,16,8,0,0,0,0,0,0.0,lignin,0.8790538752975114
1754,1754,299.0563661,299.0561865,299.0561116,0.75,0.375,C16 H12 O6,16,12,6,0,0,0,0,0,0.0,tannin,0.8190798994088839
1755,1755,299.041059,299.0408795,299.0408554,1.0,0.75,C12 H12 O9,12,12,9,0,0,0,0,0,0.0,lignin,0.9582142379564959
1756,1756,299.0198376,299.0196581,299.0197261,0.533333333,0.466666667,C15 H8 O7,15,8,7,0,0,0,0,0,0.0,pah,0.9715263572738999
1757,1757,298.1564866,298.1563081,298.1563442,1.733333333,0.2,C15 H26 O3 S1 13C1,16,26,3,1,0,1,0,0,0.0,lipid,0.8663189400300542
1758,1758,298.1378374,298.1376589,298.1377167,1.571428571,0.428571429,C14 H22 O6 13C1,15,22,6,0,0,1,0,0,0.0,lignin,0.6048027737056987
1759,1759,298.1014265,298.1012481,298.1013312,1.384615385,0.538461538,C13 H18 O7 13C1,14,18,7,0,0,1,0,0,0.0,lignin,0.872562986934829
1760,1760,298.093307,298.0931286,298.0932254,1.307692308,0.538461538,C13 H17 O7 N1,13,17,7,0,1,0,0,0,0.076923077,lignin,0.8660642240881534
1761,1761,298.0651729,298.0649945,298.0649457,1.166666667,0.666666667,C12 H14 O8 13C1,13,14,8,0,0,1,0,0,0.0,lignin,0.9194024391616938
1762,1762,298.0569673,298.0567889,298.0568398,1.083333333,0.666666667,C12 H13 O8 N1,12,13,8,0,1,0,0,0,0.083333333,lignin,0.9569489440451553
1763,1763,297.1708343,297.170657,297.1707474,1.625,0.3125,C16 H26 O5,16,26,5,0,0,0,0,0,0.0,lipid,0.867444085034099
1764,1764,297.1532208,297.1530435,297.1529893,1.625,0.1875,C16 H26 O3 S1,16,26,3,1,0,0,0,0,0.0,lipid,0.8699547441838632
1765,1765,297.1344859,297.1343086,297.1343619,1.466666667,0.4,C15 H22 O6,15,22,6,0,0,0,0,0,0.0,lignin,0.868841257065444
1766,1766,297.0982153,297.0980381,297.0979764,1.285714286,0.5,C14 H18 O7,14,18,7,0,0,0,0,0,0.0,lignin,0.8765520376333292
1767,1767,297.0769202,297.0767429,297.076847,0.823529412,0.294117647,C17 H14 O5,17,14,5,0,0,0,0,0,0.0,tannin,0.8235742074533405
1768,1768,297.0618068,297.0616296,297.0615909,1.076923077,0.615384615,C13 H14 O8,13,14,8,0,0,0,0,0,0.0,lignin,0.9577365891919971
1769,1769,297.0406191,297.0404419,297.0404615,0.625,0.375,C16 H10 O6,16,10,6,0,0,0,0,0,0.0,pah,0.9714905562790079
1770,1770,297.025278,297.0251008,297.0252054,0.833333333,0.75,C12 H10 O9,12,10,9,0,0,0,0,0,0.0,tannin,0.8842089472253001
1771,1771,296.1221482,296.1219721,296.1220667,1.428571429,0.428571429,C14 H20 O6 13C1,15,20,6,0,0,1,0,0,0.0,lignin,0.8706009725410737
1772,1772,296.0859145,296.0857385,296.0856812,1.230769231,0.538461538,C13 H16 O7 13C1,14,16,7,0,0,1,0,0,0.0,lignin,0.8795806768065049
1773,1773,296.0777059,296.0775299,296.0775753,1.153846154,0.538461538,C13 H15 O7 N1,13,15,7,0,1,0,0,0,0.076923077,lignin,0.887850334883538
1774,1774,295.1552682,295.1550932,295.1550973,1.5,0.3125,C16 H24 O5,16,24,5,0,0,0,0,0,0.0,lipid,0.7218295218052038
1775,1775,295.1375824,295.1374074,295.1373393,1.5,0.1875,C16 H24 O3 S1,16,24,3,1,0,0,0,0,0.0,lipid,0.8639159324197202
1776,1776,295.1187831,295.1186082,295.1187118,1.333333333,0.4,C15 H20 O6,15,20,6,0,0,0,0,0,0.0,lignin,0.8684353473610669
1777,1777,295.0824601,295.0822852,295.0823263,1.142857143,0.5,C14 H16 O7,14,16,7,0,0,0,0,0,0.0,lignin,0.9216463597436804
1778,1778,295.061358,295.0611832,295.061197,0.705882353,0.294117647,C17 H12 O5,17,12,5,0,0,0,0,0,0.0,pah,0.9715083349422284
1779,1779,295.0461881,295.0460133,295.0459408,0.923076923,0.615384615,C13 H12 O8,13,12,8,0,0,0,0,0,0.0,tannin,0.8810371620917195
1780,1780,295.0097635,295.0095887,295.0095553,0.666666667,0.75,C12 H8 O9,12,8,9,0,0,0,0,0,0.0,tannin,0.9031995224992789
1781,1781,294.1826416,294.1824678,294.1825589,2.307692308,0.307692308,C13 H30 O4 S1 13C1,14,30,4,1,0,1,0,0,0.0,lipid,0.8470487399012804
1782,1782,294.106665,294.1064913,294.1064166,1.285714286,0.428571429,C14 H18 O6 13C1,15,18,6,0,0,1,0,0,0.0,lignin,0.8765624363313425
1783,1783,294.0984826,294.0983088,294.0983107,1.214285714,0.428571429,C14 H17 O6 N1,14,17,6,0,1,0,0,0,0.071428571,lignin,0.8664349935556743
1784,1784,294.0621682,294.0619945,294.0619252,1.0,0.538461538,C13 H13 O7 N1,13,13,7,0,1,0,0,0,0.076923077,lignin,0.9678883259270549
1785,1785,293.1794483,293.1792757,293.1792041,2.142857143,0.285714286,C14 H30 O4 S1,14,30,4,1,0,0,0,0,0.0,lipid,0.8693852205517348
1786,1786,293.1760655,293.1758928,293.1758328,1.529411765,0.235294118,C17 H26 O4,17,26,4,0,0,0,0,0,0.0,lipid,0.8716984142951765
1787,1787,293.13964,293.1394674,293.1394473,1.375,0.3125,C16 H22 O5,16,22,5,0,0,0,0,0,0.0,lignin,0.863058581700429
1788,1788,293.1031383,293.1029657,293.1030618,1.2,0.4,C15 H18 O6,15,18,6,0,0,0,0,0,0.0,lignin,0.8835408201059775
1789,1789,293.0667824,293.0666099,293.0666763,1.0,0.5,C14 H14 O7,14,14,7,0,0,0,0,0,0.0,lignin,0.967808138997418
1790,1790,293.0305151,293.0303426,293.0302907,0.769230769,0.615384615,C13 H10 O8,13,10,8,0,0,0,0,0,0.0,tannin,0.8823769968194479
1791,1791,292.090831,292.0906597,292.0907665,1.142857143,0.428571429,C14 H16 O6 13C1,15,16,6,0,0,1,0,0,0.0,lignin,0.9228857893956848
1792,1792,291.1604393,291.160269,291.1601827,1.411764706,0.235294118,C17 H24 O4,17,24,4,0,0,0,0,0,0.0,lignin,0.5540854238634403
1793,1793,291.1239653,291.1237951,291.1237972,1.25,0.3125,C16 H20 O5,16,20,5,0,0,0,0,0,0.0,lignin,0.878501987187511
1794,1794,291.0874951,291.0873249,291.0874117,1.066666667,0.4,C15 H16 O6,15,16,6,0,0,0,0,0,0.0,lignin,0.9600655249394023
1795,1795,291.0511595,291.0509893,291.0510262,0.857142857,0.5,C14 H12 O7,14,12,7,0,0,0,0,0,0.0,tannin,0.8817214106911827
1796,1796,291.0148672,291.014697,291.0146407,0.615384615,0.615384615,C13 H8 O8,13,8,8,0,0,0,0,0,0.0,tannin,0.8171261011290978
1797,1797,289.1447026,289.1445347,289.1445327,1.294117647,0.235294118,C17 H22 O4,17,22,4,0,0,0,0,0,0.0,lignin,0.8747991327636744
1798,1798,289.1082349,289.108067,289.1081471,1.125,0.3125,C16 H18 O5,16,18,5,0,0,0,0,0,0.0,lignin,0.9601291313078469
1799,1799,289.0931267,289.0929588,289.092891,1.5,0.666666667,C12 H18 O8,12,18,8,0,0,0,0,0,0.0,lignin,0.5686350095173374
1800,1800,289.071852,289.0716842,289.0717616,0.933333333,0.4,C15 H14 O6,15,14,6,0,0,0,0,0,0.0,tannin,0.8799512277122192
1801,1801,289.0566712,289.0565033,289.0565055,1.272727273,0.818181818,C11 H14 O9,11,14,9,0,0,0,0,0,0.0,lignin,0.6528830852901206
1802,1802,289.0355693,289.0354015,289.0353761,0.714285714,0.5,C14 H10 O7,14,10,7,0,0,0,0,0,0.0,tannin,0.8217784991137327
1803,1803,287.1289548,287.1287892,287.1288826,1.176470588,0.235294118,C17 H20 O4,17,20,4,0,0,0,0,0,0.0,lignin,0.8855488942606401
1804,1804,287.1138607,287.1136952,287.1136264,1.538461538,0.538461538,C13 H20 O7,13,20,7,0,0,0,0,0,0.0,lignin,0.8407259716167669
1805,1805,287.0926018,287.0924362,287.0924971,1.0,0.3125,C16 H16 O5,16,16,5,0,0,0,0,0,0.0,lignin,0.9714652996748144
1806,1806,287.0773898,287.0772242,287.0772409,1.333333333,0.666666667,C12 H16 O8,12,16,8,0,0,0,0,0,0.0,lignin,0.6632242151297982
1807,1807,287.0563024,287.0561369,287.0561116,0.8,0.4,C15 H12 O6,15,12,6,0,0,0,0,0,0.0,tannin,0.9159299466372023
1808,1808,287.0409442,287.0407788,287.0408554,1.090909091,0.818181818,C11 H12 O9,11,12,9,0,0,0,0,0,0.0,lignin,0.8090868821476824
1809,1809,287.019958,287.0197926,287.0197261,0.571428571,0.5,C14 H8 O7,14,8,7,0,0,0,0,0,0.0,pah,0.9718971782568776
1810,1810,286.1014968,286.1013324,286.1013312,1.5,0.583333333,C12 H18 O7 13C1,13,18,7,0,0,1,0,0,0.0,lignin,0.7474533339925153
1811,1811,285.1345664,285.1344031,285.1343619,1.571428571,0.428571429,C14 H22 O6,14,22,6,0,0,0,0,0,0.0,lignin,0.6048027737056987
1812,1812,285.098102,285.0979388,285.0979764,1.384615385,0.538461538,C13 H18 O7,13,18,7,0,0,0,0,0,0.0,lignin,0.872562986934829
1813,1813,285.0770486,285.0768855,285.076847,0.875,0.3125,C16 H14 O5,16,14,5,0,0,0,0,0,0.0,tannin,0.8779152005707213
1814,1814,285.0616726,285.0615094,285.0615909,1.166666667,0.666666667,C12 H14 O8,12,14,8,0,0,0,0,0,0.0,lignin,0.9194024391616938
1815,1815,285.0407009,285.0405378,285.0404615,0.666666667,0.4,C15 H10 O6,15,10,6,0,0,0,0,0,0.0,pah,0.9718639562799419
1816,1816,285.0252977,285.0251346,285.0252054,0.909090909,0.818181818,C11 H10 O9,11,10,9,0,0,0,0,0,0.0,tannin,0.8799872625722012
1817,1817,284.1222024,284.1220403,284.1220667,1.538461538,0.461538462,C13 H20 O6 13C1,14,20,6,0,0,1,0,0,0.0,lignin,0.865009132751888
1818,1818,284.0857666,284.0856046,284.0856812,1.333333333,0.583333333,C12 H16 O7 13C1,13,16,7,0,0,1,0,0,0.0,lignin,0.8745603020781274
1819,1819,283.1552128,283.1550519,283.1550973,1.6,0.333333333,C15 H24 O5,15,24,5,0,0,0,0,0,0.0,lipid,0.8675498355300935
1820,1820,283.1375626,283.1374016,283.1373393,1.6,0.2,C15 H24 O3 S1,15,24,3,1,0,0,0,0,0.0,lipid,0.8700713319837007
1821,1821,283.1187942,283.1186333,283.1187118,1.428571429,0.428571429,C14 H20 O6,14,20,6,0,0,0,0,0,0.0,lignin,0.8706009725410737
1822,1822,283.0823942,283.0822334,283.0823263,1.230769231,0.538461538,C13 H16 O7,13,16,7,0,0,0,0,0,0.0,lignin,0.8795806768065049
1823,1823,283.0614256,283.0612648,283.061197,0.75,0.3125,C16 H12 O5,16,12,5,0,0,0,0,0,0.0,tannin,0.816198937435049
1824,1824,283.0460578,283.045897,283.0459408,1.0,0.666666667,C12 H12 O8,12,12,8,0,0,0,0,0,0.0,lignin,0.9662114318864898
1825,1825,283.0250048,283.024844,283.0248114,0.533333333,0.4,C15 H8 O6,15,8,6,0,0,0,0,0,0.0,pah,0.9715898971905211
1826,1826,282.1430216,282.1428618,282.1428021,1.571428571,0.357142857,C14 H22 O5 13C1,15,22,5,0,0,1,0,0,0.0,lipid,0.8702547636706525
1827,1827,282.1066556,282.1064959,282.1064166,1.384615385,0.461538462,C13 H18 O6 13C1,14,18,6,0,0,1,0,0,0.0,lignin,0.8723195464393999
1828,1828,281.139529,281.1393704,281.1394473,1.466666667,0.333333333,C15 H22 O5,15,22,5,0,0,0,0,0,0.0,lignin,0.7458235257660838
1829,1829,281.1031709,281.1030123,281.1030618,1.285714286,0.428571429,C14 H18 O6,14,18,6,0,0,0,0,0,0.0,lignin,0.8765624363313425
1830,1830,281.0668498,281.0666913,281.0666763,1.076923077,0.538461538,C13 H14 O7,13,14,7,0,0,0,0,0,0.0,lignin,0.958514123118188
1831,1831,281.0457332,281.0455747,281.0455469,0.625,0.3125,C16 H10 O5,16,10,5,0,0,0,0,0,0.0,pah,0.971575584656953
1832,1832,281.0305053,281.0303468,281.0302907,0.833333333,0.666666667,C12 H10 O8,12,10,8,0,0,0,0,0,0.0,tannin,0.883592315610249
1833,1833,280.1272366,280.1270792,280.127152,1.428571429,0.357142857,C14 H20 O5 13C1,15,20,5,0,0,1,0,0,0.0,lignin,0.8616604073636042
1834,1834,280.0909147,280.0907573,280.0907665,1.230769231,0.461538462,C13 H16 O6 13C1,14,16,6,0,0,1,0,0,0.0,lignin,0.8801680447340925
1835,1835,279.1602633,279.160107,279.1601827,1.5,0.25,C16 H24 O4,16,24,4,0,0,0,0,0,0.0,lipid,0.8640233978015288
1836,1836,279.1239149,279.1237586,279.1237972,1.333333333,0.333333333,C15 H20 O5,15,20,5,0,0,0,0,0,0.0,lignin,0.8661166067820245
1837,1837,279.087588,279.0874318,279.0874117,1.142857143,0.428571429,C14 H16 O6,14,16,6,0,0,0,0,0,0.0,lignin,0.9228857893956848
1838,1838,279.0512533,279.0510971,279.0510262,0.923076923,0.538461538,C13 H12 O7,13,12,7,0,0,0,0,0,0.0,tannin,0.8805200645452522
1839,1839,279.0148735,279.0147174,279.0146407,0.666666667,0.666666667,C12 H8 O8,12,8,8,0,0,0,0,0,0.0,tannin,0.82700571926129
1840,1840,277.1446543,277.1445003,277.1445327,1.375,0.25,C16 H22 O4,16,22,4,0,0,0,0,0,0.0,lignin,0.8618416068192193
1841,1841,277.1083301,277.1081762,277.1081471,1.2,0.333333333,C15 H18 O5,15,18,5,0,0,0,0,0,0.0,lignin,0.8836215061060398
1842,1842,277.0719858,277.0718319,277.0717616,1.0,0.428571429,C14 H14 O6,14,14,6,0,0,0,0,0,0.0,lignin,0.9684118433108614
1843,1843,277.0355923,277.0354384,277.0353761,0.769230769,0.538461538,C13 H10 O7,13,10,7,0,0,0,0,0,0.0,tannin,0.9013272669331995
1844,1844,275.1289826,275.128831,275.1288826,1.25,0.25,C16 H20 O4,16,20,4,0,0,0,0,0,0.0,lignin,0.8780347925336163
1845,1845,275.0926341,275.0924825,275.0924971,1.066666667,0.333333333,C15 H16 O5,15,16,5,0,0,0,0,0,0.0,lignin,0.9685329828934813
1846,1846,275.0773375,275.0771859,275.0772409,1.454545455,0.727272727,C11 H16 O8,11,16,8,0,0,0,0,0,0.0,lignin,0.5698786521697949
1847,1847,275.0562933,275.0561417,275.0561116,0.857142857,0.428571429,C14 H12 O6,14,12,6,0,0,0,0,0,0.0,tannin,0.8796103048836432
1848,1848,275.019908,275.0197565,275.0197261,0.615384615,0.538461538,C13 H8 O7,13,8,7,0,0,0,0,0,0.0,tannin,0.8145015233091286
1849,1849,273.1345762,273.1344269,273.1343619,1.692307692,0.461538462,C13 H22 O6,13,22,6,0,0,0,0,0,0.0,lipid,0.8634269925096673
1850,1850,273.1133121,273.1131627,273.1132325,1.125,0.25,C16 H18 O4,16,18,4,0,0,0,0,0,0.0,lignin,0.9609309150441557
1851,1851,273.0981771,273.0980278,273.0979764,1.5,0.583333333,C12 H18 O7,12,18,7,0,0,0,0,0,0.0,lignin,0.7474533339925153
1852,1852,273.0769131,273.0767638,273.076847,0.933333333,0.333333333,C15 H14 O5,15,14,5,0,0,0,0,0,0.0,tannin,0.8792914317120892
1853,1853,273.0618003,273.061651,273.0615909,1.272727273,0.727272727,C11 H14 O8,11,14,8,0,0,0,0,0,0.0,lignin,0.617976151471981
1854,1854,273.0405237,273.0403745,273.0404615,0.714285714,0.428571429,C14 H10 O6,14,10,6,0,0,0,0,0,0.0,tannin,0.818085748610951
1855,1855,273.0340084,273.0338591,273.0339368,0.769230769,0.230769231,C13 H10 O3 S1 N2,13,10,3,1,2,0,0,0,0.153846154,pah,0.9716566190554037
1856,1856,273.0254157,273.0252665,273.0252054,1.0,0.9,C10 H10 O9,10,10,9,0,0,0,0,0,0.0,tannin,0.7551518456432904
1857,1857,271.1188302,271.1186831,271.1187118,1.538461538,0.461538462,C13 H20 O6,13,20,6,0,0,0,0,0,0.0,lignin,0.865009132751888
1858,1858,271.082452,271.082305,271.0823263,1.333333333,0.583333333,C12 H16 O7,12,16,7,0,0,0,0,0,0.0,lignin,0.8745603020781274
1859,1859,271.0613875,271.0612405,271.061197,0.8,0.333333333,C15 H12 O5,15,12,5,0,0,0,0,0,0.0,tannin,0.8229315232051132
1860,1860,271.0460886,271.0459416,271.0459408,1.090909091,0.727272727,C11 H12 O8,11,12,8,0,0,0,0,0,0.0,lignin,0.9563504104913259
1861,1861,271.0250121,271.0248652,271.0248114,0.571428571,0.428571429,C14 H8 O6,14,8,6,0,0,0,0,0,0.0,pah,0.971506624165461
1862,1862,270.1066338,270.106488,270.1064166,1.5,0.5,C12 H18 O6 13C1,13,18,6,0,0,1,0,0,0.0,lignin,0.8676829946156379
1863,1863,269.139646,269.1395012,269.1394473,1.571428571,0.357142857,C14 H22 O5,14,22,5,0,0,0,0,0,0.0,lipid,0.8702547636706525
1864,1864,269.1032618,269.1031171,269.1030618,1.384615385,0.461538462,C13 H18 O6,13,18,6,0,0,0,0,0,0.0,lignin,0.8723195464393999
1865,1865,269.0668728,269.0667281,269.0666763,1.166666667,0.583333333,C12 H14 O7,12,14,7,0,0,0,0,0,0.0,lignin,0.8841567184005946
1866,1866,269.045614,269.0454693,269.0455469,0.666666667,0.333333333,C15 H10 O5,15,10,5,0,0,0,0,0,0.0,pah,0.9714917970813598
1867,1867,269.0305057,269.030361,269.0302907,0.909090909,0.727272727,C11 H10 O8,11,10,8,0,0,0,0,0,0.0,tannin,0.8797207781250623
1868,1868,268.127313,268.1271694,268.127152,1.538461538,0.384615385,C13 H20 O5 13C1,14,20,5,0,0,1,0,0,0.0,lipid,0.5719581519921004
1869,1869,268.0909166,268.090773,268.0907665,1.333333333,0.5,C12 H16 O6 13C1,13,16,6,0,0,1,0,0,0.0,lignin,0.8699801527549464
1870,1870,267.1602899,267.1601474,267.1601827,1.6,0.266666667,C15 H24 O4,15,24,4,0,0,0,0,0,0.0,lipid,0.8699419237753343
1871,1871,267.1438933,267.1437508,267.1436998,2.166666667,0.333333333,C12 H26 O4 34S1,12,26,4,0,0,0,1,0,0.0,lipid,0.8439606065299738
1872,1872,267.1238937,267.1237512,267.1237972,1.428571429,0.357142857,C14 H20 O5,14,20,5,0,0,0,0,0,0.0,lignin,0.8616604073636042
1873,1873,267.0875353,267.0873929,267.0874117,1.230769231,0.461538462,C13 H16 O6,13,16,6,0,0,0,0,0,0.0,lignin,0.8801680447340925
1874,1874,267.0511736,267.0510312,267.0510262,1.0,0.583333333,C12 H12 O7,12,12,7,0,0,0,0,0,0.0,lignin,0.9670243888147484
1875,1875,267.0148123,267.01467,267.0146407,0.727272727,0.727272727,C11 H8 O8,11,8,8,0,0,0,0,0,0.0,tannin,0.8848282378444832
1876,1876,266.1513218,266.1511804,266.1512588,2.363636364,0.363636364,C11 H26 O4 S1 13C1,12,26,4,1,0,1,0,0,0.0,lipid,0.8467221560733055
1877,1877,265.1479801,265.1478399,265.147904,2.166666667,0.333333333,C12 H26 O4 S1,12,26,4,1,0,0,0,0,0.0,lipid,0.8439606065299738
1878,1878,265.144651,265.1445108,265.1445327,1.466666667,0.266666667,C15 H22 O4,15,22,4,0,0,0,0,0,0.0,lipid,0.7144034340218586
1879,1879,265.1083306,265.1081905,265.1081471,1.285714286,0.357142857,C14 H18 O5,14,18,5,0,0,0,0,0,0.0,lignin,0.8761678532568254
1880,1880,265.0719393,265.0717991,265.0717616,1.076923077,0.461538462,C13 H14 O6,13,14,6,0,0,0,0,0,0.0,lignin,0.9592666436131461
1881,1881,265.0507082,265.0505682,265.0506323,0.625,0.25,C16 H10 O4,16,10,4,0,0,0,0,0,0.0,pah,0.9716501347141886
1882,1882,265.0355832,265.0354431,265.0353761,0.833333333,0.583333333,C12 H10 O7,12,10,7,0,0,0,0,0,0.0,tannin,0.8829608395645365
1883,1883,264.1242282,264.1240892,264.1241316,1.357142857,0.285714286,C14 H19 O4 N1,14,19,4,0,1,0,0,0,0.071428571,lignin,0.8430565298478558
1884,1884,263.1290665,263.1289286,263.1288826,1.333333333,0.266666667,C15 H20 O4,15,20,4,0,0,0,0,0,0.0,lignin,0.8643531046476595
1885,1885,263.0926142,263.0924764,263.0924971,1.142857143,0.357142857,C14 H16 O5,14,16,5,0,0,0,0,0,0.0,lignin,0.8899387864660806
1886,1886,263.0562063,263.0560685,263.0561116,0.923076923,0.461538462,C13 H12 O6,13,12,6,0,0,0,0,0,0.0,tannin,0.8803741010005701
1887,1887,263.0197928,263.019655,263.0197261,0.666666667,0.583333333,C12 H8 O7,12,8,7,0,0,0,0,0,0.0,tannin,0.8206124861046133
1888,1888,261.1498162,261.1496805,261.149618,1.375,0.1875,C16 H22 O3,16,22,3,0,0,0,0,0,0.0,lignin,0.5545959540878799
1889,1889,261.113434,261.1132984,261.1132325,1.2,0.266666667,C15 H18 O4,15,18,4,0,0,0,0,0,0.0,lignin,0.8833469796211233
1890,1890,261.0770349,261.0768993,261.076847,1.0,0.357142857,C14 H14 O5,14,14,5,0,0,0,0,0,0.0,lignin,0.9712665519432703
1891,1891,261.0406056,261.04047,261.0404615,0.769230769,0.461538462,C13 H10 O6,13,10,6,0,0,0,0,0,0.0,tannin,0.9161081334834578
1892,1892,261.0041678,261.0040323,261.004076,0.5,0.583333333,C12 H6 O7,12,6,7,0,0,0,0,0,0.0,pah,0.9714667975987987
1893,1893,259.1187827,259.1186494,259.1187118,1.666666667,0.5,C12 H20 O6,12,20,6,0,0,0,0,0,0.0,lipid,0.8630386568279025
1894,1894,259.0977144,259.0975811,259.0975825,1.066666667,0.266666667,C15 H16 O4,15,16,4,0,0,0,0,0,0.0,lignin,0.9691039487795348
1895,1895,259.0824554,259.0823221,259.0823263,1.454545455,0.636363636,C11 H16 O7,11,16,7,0,0,0,0,0,0.0,lignin,0.572441270437551
1896,1896,259.0612844,259.0611512,259.061197,0.857142857,0.357142857,C14 H12 O5,14,12,5,0,0,0,0,0,0.0,tannin,0.8784378198157887
1897,1897,259.0461191,259.0459858,259.0459408,1.2,0.8,C10 H12 O8,10,12,8,0,0,0,0,0,0.0,lignin,0.6192323727929736
1898,1898,259.0248853,259.0247521,259.0248114,0.615384615,0.461538462,C13 H8 O6,13,8,6,0,0,0,0,0,0.0,pah,0.9718606884961118
1899,1899,257.1031816,257.1030506,257.1030618,1.5,0.5,C12 H18 O6,12,18,6,0,0,0,0,0,0.0,lignin,0.8676829946156379
1900,1900,257.0821194,257.0819884,257.0819324,0.933333333,0.266666667,C15 H14 O4,15,14,4,0,0,0,0,0,0.0,tannin,0.8773849425709732
1901,1901,257.0667398,257.0666088,257.0666763,1.272727273,0.636363636,C11 H14 O7,11,14,7,0,0,0,0,0,0.0,lignin,0.8771364992215908
1902,1902,257.0457127,257.0455817,257.0455469,0.714285714,0.357142857,C14 H10 O5,14,10,5,0,0,0,0,0,0.0,tannin,0.815218876636633
1903,1903,257.0303692,257.0302382,257.0302907,1.0,0.8,C10 H10 O8,10,10,8,0,0,0,0,0,0.0,lignin,0.7990303853485424
1904,1904,256.2364835,256.2363534,256.2363086,2.133333333,0.133333333,C15 H32 O2 13C1,16,32,2,0,0,1,0,0,0.0,lipid,0.8380312424721174
1905,1905,255.2331036,255.2329746,255.2329537,2.0,0.125,C16 H32 O2,16,32,2,0,0,0,0,0,0.0,lipid,0.8466221097586686
1906,1906,255.1239028,255.123774,255.1237972,1.538461538,0.384615385,C13 H20 O5,13,20,5,0,0,0,0,0,0.0,lipid,0.5719581519921004
1907,1907,255.0874679,255.0873391,255.0874117,1.333333333,0.5,C12 H16 O6,12,16,6,0,0,0,0,0,0.0,lignin,0.8699801527549464
1908,1908,255.0664249,255.0662962,255.0662823,0.8,0.266666667,C15 H12 O4,15,12,4,0,0,0,0,0,0.0,tannin,0.8186233623227043
1909,1909,255.0511443,255.0510155,255.0510262,1.090909091,0.636363636,C11 H12 O7,11,12,7,0,0,0,0,0,0.0,lignin,0.9567757616707718
1910,1910,255.0299886,255.0298599,255.0298968,0.571428571,0.357142857,C14 H8 O5,14,8,5,0,0,0,0,0,0.0,pah,0.9715852903659359
1911,1911,255.0148278,255.0146991,255.0146407,0.8,0.8,C10 H8 O8,10,8,8,0,0,0,0,0,0.0,tannin,0.8858087472966482
1912,1912,253.1447077,253.1445811,253.1445327,1.571428571,0.285714286,C14 H22 O4,14,22,4,0,0,0,0,0,0.0,lipid,0.8700812875910332
1913,1913,253.1083333,253.1082067,253.1081471,1.384615385,0.384615385,C13 H18 O5,13,18,5,0,0,0,0,0,0.0,lignin,0.8651597799122029
1914,1914,253.0831749,253.0830484,253.082995,1.272727273,0.454545455,C11 H14 O5 N2,11,14,5,0,2,0,0,0,0.181818182,peptide,0.7835984718368889
1915,1915,253.0718844,253.0717579,253.0717616,1.166666667,0.5,C12 H14 O6,12,14,6,0,0,0,0,0,0.0,lignin,0.8857116784730561
1916,1916,253.035441,253.0353145,253.0353761,0.909090909,0.636363636,C11 H10 O7,11,10,7,0,0,0,0,0,0.0,tannin,0.8811867050624571
1917,1917,251.1290436,251.1289192,251.1288826,1.428571429,0.285714286,C14 H20 O4,14,20,4,0,0,0,0,0,0.0,lignin,0.7368712791281405
1918,1918,251.0925633,251.092439,251.0924971,1.230769231,0.384615385,C13 H16 O5,13,16,5,0,0,0,0,0,0.0,lignin,0.8803020531728867
1919,1919,251.056215,251.0560908,251.0561116,1.0,0.5,C12 H12 O6,12,12,6,0,0,0,0,0,0.0,lignin,0.967808138997418
1920,1920,251.0199116,251.0197874,251.0197261,0.727272727,0.636363636,C11 H8 O7,11,8,7,0,0,0,0,0,0.0,tannin,0.9025400078805583
1921,1921,250.1450273,250.1449041,250.144867,1.5,0.214285714,C14 H21 O3 N1,14,21,3,0,1,0,0,0,0.071428571,lipid,0.8484403106322848
1922,1922,249.1497838,249.1496617,249.149618,1.466666667,0.2,C15 H22 O3,15,22,3,0,0,0,0,0,0.0,lipid,0.8643614736075845
1923,1923,249.1133918,249.1132697,249.1132325,1.285714286,0.285714286,C14 H18 O4,14,18,4,0,0,0,0,0,0.0,lignin,0.8756432680984746
1924,1924,249.0769093,249.0767873,249.076847,1.076923077,0.384615385,C13 H14 O5,13,14,5,0,0,0,0,0,0.0,lignin,0.9599781119030222
1925,1925,249.0405879,249.0404659,249.0404615,0.833333333,0.5,C12 H10 O6,12,10,6,0,0,0,0,0,0.0,tannin,0.8809056310801644
1926,1926,249.0042423,249.0041204,249.004076,0.545454545,0.636363636,C11 H6 O7,11,6,7,0,0,0,0,0,0.0,pah,0.9717497177866703
1927,1927,247.0977658,247.097646,247.0975825,1.142857143,0.285714286,C14 H16 O4,14,16,4,0,0,0,0,0,0.0,lignin,0.8905559683408016
1928,1928,247.0613279,247.0612082,247.061197,0.923076923,0.384615385,C13 H12 O5,13,12,5,0,0,0,0,0,0.0,tannin,0.8800527660016394
1929,1929,247.0248632,247.0247435,247.0248114,0.666666667,0.5,C12 H8 O6,12,8,6,0,0,0,0,0,0.0,tannin,0.8168720568266542
1930,1930,245.0820119,245.0818943,245.0819324,1.0,0.285714286,C14 H14 O4,14,14,4,0,0,0,0,0,0.0,lignin,0.9715505344063382
1931,1931,245.0668608,245.0667433,245.0666763,1.4,0.7,C10 H14 O7,10,14,7,0,0,0,0,0,0.0,lignin,0.5941583761359668
1932,1932,245.0456711,245.0455537,245.0455469,0.769230769,0.384615385,C13 H10 O5,13,10,5,0,0,0,0,0,0.0,tannin,0.8220851808574215
1933,1933,243.1603322,243.1602168,243.1601827,1.846153846,0.307692308,C13 H24 O4,13,24,4,0,0,0,0,0,0.0,lipid,0.8736211924894043
1934,1934,243.1238521,243.1237368,243.1237972,1.666666667,0.416666667,C12 H20 O5,12,20,5,0,0,0,0,0,0.0,lipid,0.8484704779767288
1935,1935,243.0875861,243.0874708,243.0874117,1.454545455,0.545454545,C11 H16 O6,11,16,6,0,0,0,0,0,0.0,lignin,0.8701747986361525
1936,1936,243.0664142,243.0662989,243.0662823,0.857142857,0.285714286,C14 H12 O4,14,12,4,0,0,0,0,0,0.0,tannin,0.916183687364836
1937,1937,243.0511333,243.0510181,243.0510262,1.2,0.7,C10 H12 O7,10,12,7,0,0,0,0,0,0.0,lignin,0.8797694447716072
1938,1938,243.0300641,243.0299489,243.0298968,0.615384615,0.384615385,C13 H8 O5,13,8,5,0,0,0,0,0,0.0,pah,0.9714921727148882
1939,1939,242.1762369,242.1761226,242.1761671,1.923076923,0.230769231,C13 H25 O3 N1,13,25,3,0,1,0,0,0,0.076923077,lipid,0.8226227908881623
1940,1940,241.1082581,241.108145,241.1081471,1.5,0.416666667,C12 H18 O5,12,18,5,0,0,0,0,0,0.0,lignin,0.8678052566348139
1941,1941,241.0719273,241.0718143,241.0717616,1.272727273,0.545454545,C11 H14 O6,11,14,6,0,0,0,0,0,0.0,lignin,0.8771087698294489
1942,1942,241.0508003,241.0506873,241.0506323,0.714285714,0.285714286,C14 H10 O4,14,10,4,0,0,0,0,0,0.0,pah,0.9715142685556042
1943,1943,241.0354354,241.0353224,241.0353761,1.0,0.7,C10 H10 O7,10,10,7,0,0,0,0,0,0.0,lignin,0.9588987788851157
1944,1944,240.0708288,240.0707169,240.0706998,1.333333333,0.555555556,C9 H12 O5 N2 13C1,10,12,5,0,2,1,0,0,0.2,peptide,0.7511863207806777
1945,1945,239.1289417,239.1288308,239.1288826,1.538461538,0.307692308,C13 H20 O4,13,20,4,0,0,0,0,0,0.0,lipid,0.8702607347567184
1946,1946,239.0926587,239.0925479,239.0924971,1.333333333,0.416666667,C12 H16 O5,12,16,5,0,0,0,0,0,0.0,lignin,0.8688136193249996
1947,1947,239.0675068,239.067396,239.067345,1.2,0.5,C10 H12 O5 N2,10,12,5,0,2,0,0,0,0.2,peptide,0.7856179505300611
1948,1948,239.0561972,239.0560863,239.0561116,1.090909091,0.545454545,C11 H12 O6,11,12,6,0,0,0,0,0,0.0,lignin,0.9581435379013422
1949,1949,239.0198629,239.0197521,239.0197261,0.8,0.7,C10 H8 O7,10,8,7,0,0,0,0,0,0.0,tannin,0.884736928144809
1950,1950,237.1132976,237.1131889,237.1132325,1.384615385,0.307692308,C13 H18 O4,13,18,4,0,0,0,0,0,0.0,lignin,0.8624515116743717
1951,1951,237.0770112,237.0769025,237.076847,1.166666667,0.416666667,C12 H14 O5,12,14,5,0,0,0,0,0,0.0,lignin,0.8867499409043358
1952,1952,237.0405232,237.0404146,237.0404615,0.909090909,0.545454545,C11 H10 O6,11,10,6,0,0,0,0,0,0.0,tannin,0.8809437603710955
1953,1953,235.1704603,235.1703538,235.1703535,1.6,0.133333333,C15 H24 O2,15,24,2,0,0,0,0,0,0.0,lipid,0.8702388901702303
1954,1954,235.0977173,235.0976109,235.0975825,1.230769231,0.307692308,C13 H16 O4,13,16,4,0,0,0,0,0,0.0,lignin,0.8809473911611633
1955,1955,235.0612982,235.0611918,235.061197,1.0,0.416666667,C12 H12 O5,12,12,5,0,0,0,0,0,0.0,lignin,0.9685033992024235
1956,1956,235.024952,235.0248456,235.0248114,0.727272727,0.545454545,C11 H8 O6,11,8,6,0,0,0,0,0,0.0,tannin,0.9164090957137423
1957,1957,233.1548553,233.154751,233.1547034,1.466666667,0.133333333,C15 H22 O2,15,22,2,0,0,0,0,0,0.0,lipid,0.8643752357300668
1958,1958,233.1183842,233.11828,233.1183179,1.285714286,0.214285714,C14 H18 O3,14,18,3,0,0,0,0,0,0.0,lignin,0.8751334790006485
1959,1959,233.0820726,233.0819684,233.0819324,1.076923077,0.307692308,C13 H14 O4,13,14,4,0,0,0,0,0,0.0,lignin,0.9606635766244602
1960,1960,233.0456662,233.0455621,233.0455469,0.833333333,0.416666667,C12 H10 O5,12,10,5,0,0,0,0,0,0.0,tannin,0.87916919928608
1961,1961,233.0092492,233.0091451,233.0091614,0.545454545,0.545454545,C11 H6 O6,11,6,6,0,0,0,0,0,0.0,pah,0.9718898511614894
1962,1962,231.0664135,231.0663115,231.0662823,0.923076923,0.307692308,C13 H12 O4,13,12,4,0,0,0,0,0,0.0,tannin,0.8782302211454412
1963,1963,231.0299566,231.0298547,231.0298968,0.666666667,0.416666667,C12 H8 O5,12,8,5,0,0,0,0,0,0.0,pah,0.9718289244648753
1964,1964,229.0718977,229.071798,229.0717616,1.4,0.6,C10 H14 O6,10,14,6,0,0,0,0,0,0.0,lignin,0.8584301370770208
1965,1965,229.050752,229.0506522,229.0506323,0.769230769,0.307692308,C13 H10 O4,13,10,4,0,0,0,0,0,0.0,tannin,0.8176421050955416
1966,1966,229.0354309,229.0353312,229.0353761,1.111111111,0.777777778,C9 H10 O7,9,10,7,0,0,0,0,0,0.0,lignin,0.9649027855149305
1967,1967,227.2017172,227.2016195,227.2016536,2.0,0.142857143,C14 H28 O2,14,28,2,0,0,0,0,0,0.0,lipid,0.8446343039770412
1968,1968,227.0925495,227.0924519,227.0924971,1.454545455,0.454545455,C11 H16 O5,11,16,5,0,0,0,0,0,0.0,lignin,0.8690155766808342
1969,1969,227.0562436,227.056146,227.0561116,1.2,0.6,C10 H12 O6,10,12,6,0,0,0,0,0,0.0,lignin,0.8808019196856739
1970,1970,227.0351277,227.0350302,227.0349822,0.615384615,0.307692308,C13 H8 O4,13,8,4,0,0,0,0,0,0.0,pah,0.9715915078675254
1971,1971,227.0198812,227.0197836,227.0197261,0.888888889,0.777777778,C9 H8 O7,9,8,7,0,0,0,0,0,0.0,tannin,0.8806180077574333
1972,1972,226.0650051,226.0649086,226.0649457,2.333333333,1.333333333,C6 H14 O8 13C1,7,14,8,0,0,1,0,0,0.0,carbohydrate,0.8838801355878898
1973,1973,225.1132952,225.1131998,225.1132325,1.5,0.333333333,C12 H18 O4,12,18,4,0,0,0,0,0,0.0,lipid,0.5716931796575205
1974,1974,225.0769589,225.0768635,225.076847,1.272727273,0.454545455,C11 H14 O5,11,14,5,0,0,0,0,0,0.0,lignin,0.8775102808133075
1975,1975,225.0617396,225.0616443,225.0615909,2.0,1.142857143,C7 H14 O8,7,14,8,0,0,0,0,0,0.0,carbohydrate,0.8844142596513154
1976,1976,225.0406092,225.0405139,225.0404615,1.0,0.6,C10 H10 O6,10,10,6,0,0,0,0,0,0.0,lignin,0.9668622554528324
1977,1977,223.0977162,223.097623,223.0975825,1.333333333,0.333333333,C12 H16 O4,12,16,4,0,0,0,0,0,0.0,lignin,0.8661166067820245
1978,1978,223.0612692,223.0611761,223.061197,1.090909091,0.454545455,C11 H12 O5,11,12,5,0,0,0,0,0,0.0,lignin,0.9590426617837522
1979,1979,223.0248706,223.0247775,223.0248114,0.8,0.6,C10 H8 O6,10,8,6,0,0,0,0,0,0.0,tannin,0.8830248816816513
1980,1980,221.0820583,221.0819673,221.0819324,1.166666667,0.333333333,C12 H14 O4,12,14,4,0,0,0,0,0,0.0,lignin,0.8870839726218328
1981,1981,221.0456296,221.0455386,221.0455469,0.909090909,0.454545455,C11 H10 O5,11,10,5,0,0,0,0,0,0.0,tannin,0.8807001091248848
1982,1982,221.0092127,221.0091218,221.0091614,0.6,0.6,C10 H6 O6,10,6,6,0,0,0,0,0,0.0,tannin,0.8153865733786398
1983,1983,219.0663485,219.0662597,219.0662823,1.0,0.333333333,C12 H12 O4,12,12,4,0,0,0,0,0,0.0,lignin,0.971379137099223
1984,1984,219.0299569,219.0298681,219.0298968,0.727272727,0.454545455,C11 H8 O5,11,8,5,0,0,0,0,0,0.0,tannin,0.8209502396411631
1985,1985,217.0507258,217.0506392,217.0506323,0.833333333,0.333333333,C12 H10 O4,12,10,4,0,0,0,0,0,0.0,tannin,0.9157269046539428
1986,1986,211.0977006,211.0976205,211.0975825,1.454545455,0.363636364,C11 H16 O4,11,16,4,0,0,0,0,0,0.0,lignin,0.8693603059830572
1987,1987,211.0613077,211.0612276,211.061197,1.2,0.5,C10 H12 O5,10,12,5,0,0,0,0,0,0.0,lignin,0.882755218147269
1988,1988,211.0248798,211.0247997,211.0248114,0.888888889,0.666666667,C9 H8 O6,9,8,6,0,0,0,0,0,0.0,tannin,0.8819289736751241
1989,1989,209.0456015,209.0455235,209.0455469,1.0,0.5,C10 H10 O5,10,10,5,0,0,0,0,0,0.0,lignin,0.967808138997418
1990,1990,207.0300203,207.0299445,207.0298968,0.8,0.5,C10 H8 O5,10,8,5,0,0,0,0,0,0.0,tannin,0.8803221814674643
1991,1991,199.1704405,199.1703731,199.1703535,2.0,0.166666667,C12 H24 O2,12,24,2,0,0,0,0,0,0.0,lipid,0.8429723341118256
1992,1992,191.0198051,191.0197464,191.0197261,1.333333333,1.166666667,C6 H8 O7,6,8,7,0,0,0,0,0,0.0,carbohydrate,0.5685589434227463
