,Unnamed: 0,m/z,Calibrated m/z,Calculated m/z,H/C,O/C,Molecular Formula,C,H,O,S,N,13C,34S,18O,N/C,compound_class,probability
0,0,661.3847067,661.3840246,661.3839751,0.980392157,0.0,C51 H50,51.0,50.0,0.0,0.0,0.0,0.0,0.0,0.0,0.0,pah,0.8058766285936867
1,1,661.3847067,661.3840246,661.3838367,2.066666667,0.433333333,C30 H62 O13 S1,30.0,62.0,13.0,1.0,0.0,0.0,0.0,0.0,0.0,lipid,0.8820368485566105
2,2,619.2401742,619.2395583,619.2396148,1.290322581,0.419354839,C31 H40 O13,31.0,40.0,13.0,0.0,0.0,0.0,0.0,0.0,0.0,lignin,0.8581624286397375
3,3,617.3584214,617.3578084,617.3576219,2.071428571,0.428571429,C28 H58 O12 S1,28.0,58.0,12.0,1.0,0.0,0.0,0.0,0.0,0.0,lipid,0.8820379799858994
4,4,607.2401374,607.23954,607.2396148,1.333333333,0.433333333,C30 H40 O13,30.0,40.0,13.0,0.0,0.0,0.0,0.0,0.0,0.0,lignin,0.8559398168280759
5,5,607.2039221,607.2033248,607.2032293,1.24137931,0.482758621,C29 H36 O14,29.0,36.0,14.0,0.0,0.0,0.0,0.0,0.0,0.0,lignin,0.859813858806666
6,6,605.2606945,605.2601001,605.2603503,1.35483871,0.387096774,C31 H42 O12,31.0,42.0,12.0,0.0,0.0,0.0,0.0,0.0,0.0,lignin,0.8550937105944723
7,7,605.2606945,605.2601001,605.2598372,0.772727273,0.022727273,C44 H34 O1 N2,44.0,34.0,1.0,0.0,2.0,0.0,0.0,0.0,0.0454545454545454,pah,0.9563177267196625
8,8,605.2242964,605.223702,605.2239647,1.266666667,0.433333333,C30 H38 O13,30.0,38.0,13.0,0.0,0.0,0.0,0.0,0.0,0.0,lignin,0.8590059213647127
9,9,605.2242964,605.223702,605.2234517,0.697674419,0.046511628,C43 H30 O2 N2,43.0,30.0,2.0,0.0,2.0,0.0,0.0,0.0,0.0465116279069767,pah,0.954965026952339
10,10,603.2450472,603.2444559,603.2447002,1.290322581,0.387096774,C31 H40 O12,31.0,40.0,12.0,0.0,0.0,0.0,0.0,0.0,0.0,lignin,0.8580873230066134
11,11,603.2450472,603.2444559,603.2441871,0.727272727,0.022727273,C44 H32 O1 N2,44.0,32.0,1.0,0.0,2.0,0.0,0.0,0.0,0.0454545454545454,pah,0.9551760710923383
12,12,603.2086363,603.2080451,603.2083147,1.2,0.433333333,C30 H36 O13,30.0,36.0,13.0,0.0,0.0,0.0,0.0,0.0,0.0,lignin,0.8623639660792737
13,13,603.2086363,603.2080451,603.2078016,0.651162791,0.046511628,C43 H28 O2 N2,43.0,28.0,2.0,0.0,2.0,0.0,0.0,0.0,0.0465116279069767,pah,0.9547813873619135
14,14,597.255548,597.2549658,597.2547518,0.80952381,0.047619048,C42 H34 O2 N2,42.0,34.0,2.0,0.0,2.0,0.0,0.0,0.0,0.0476190476190476,pah,0.9565960240715718
15,15,597.2192563,597.2186742,597.2188794,1.357142857,0.5,C28 H38 O14,28.0,38.0,14.0,0.0,0.0,0.0,0.0,0.0,0.0,lignin,0.8562919131386483
16,16,595.2401459,595.2395668,595.2396148,1.379310345,0.448275862,C29 H40 O13,29.0,40.0,13.0,0.0,0.0,0.0,0.0,0.0,0.0,lignin,0.8547389734716013
17,17,595.2039898,595.2034107,595.2032293,1.285714286,0.5,C28 H36 O14,28.0,36.0,14.0,0.0,0.0,0.0,0.0,0.0,0.0,lignin,0.858265607232622
18,18,593.2610818,593.2605057,593.2603503,1.4,0.4,C30 H42 O12,30.0,42.0,12.0,0.0,0.0,0.0,0.0,0.0,0.0,lignin,0.8539999627092645
19,19,593.224818,593.224242,593.2239647,1.310344828,0.448275862,C29 H38 O13,29.0,38.0,13.0,0.0,0.0,0.0,0.0,0.0,0.0,lignin,0.8575787400806814
20,20,591.2455086,591.2449356,591.2447002,1.333333333,0.4,C30 H40 O12,30.0,40.0,12.0,0.0,0.0,0.0,0.0,0.0,0.0,lignin,0.8557776041607109
21,21,591.2090158,591.2084428,591.2083147,1.24137931,0.448275862,C29 H36 O13,29.0,36.0,13.0,0.0,0.0,0.0,0.0,0.0,0.0,lignin,0.8599069396667327
22,22,591.1724415,591.1718686,591.1719292,1.142857143,0.5,C28 H32 O14,28.0,32.0,14.0,0.0,0.0,0.0,0.0,0.0,0.0,lignin,0.8647448054225672
23,23,589.2295116,589.2289416,589.2290501,1.266666667,0.4,C30 H38 O12,30.0,38.0,12.0,0.0,0.0,0.0,0.0,0.0,0.0,lignin,0.8589801861449203
24,24,589.1930809,589.192511,589.1926646,1.172413793,0.448275862,C29 H34 O13,29.0,34.0,13.0,0.0,0.0,0.0,0.0,0.0,0.0,lignin,0.8636244187630948
25,25,589.1567269,589.156157,589.1562791,1.071428571,0.5,C28 H30 O14,28.0,30.0,14.0,0.0,0.0,0.0,0.0,0.0,0.0,lignin,0.9389913409355211
26,26,587.2140825,587.2135155,587.2134001,1.2,0.4,C30 H36 O12,30.0,36.0,12.0,0.0,0.0,0.0,0.0,0.0,0.0,lignin,0.8624519255261431
27,27,583.2400085,583.2394475,583.2396148,1.428571429,0.464285714,C28 H40 O13,28.0,40.0,13.0,0.0,0.0,0.0,0.0,0.0,0.0,lignin,0.85428804155216
28,28,583.2036939,583.203133,583.2032293,1.333333333,0.518518519,C27 H36 O14,27.0,36.0,14.0,0.0,0.0,0.0,0.0,0.0,0.0,lignin,0.8569140643089614
29,29,581.2247777,581.2242197,581.2239647,1.357142857,0.464285714,C28 H38 O13,28.0,38.0,13.0,0.0,0.0,0.0,0.0,0.0,0.0,lignin,0.8553716963833837
30,30,581.1883991,581.1878412,581.1875792,1.259259259,0.518518519,C27 H34 O14,27.0,34.0,14.0,0.0,0.0,0.0,0.0,0.0,0.0,lignin,0.859070222297917
31,31,579.2813288,579.2807738,579.2805726,0.837209302,0.0,C43 H36 N2,43.0,36.0,0.0,0.0,2.0,0.0,0.0,0.0,0.0465116279069767,pah,0.9572031762680423
32,32,579.2449762,579.2444212,579.2447002,1.379310345,0.413793103,C29 H40 O12,29.0,40.0,12.0,0.0,0.0,0.0,0.0,0.0,0.0,lignin,0.8545779410739536
33,33,579.2449762,579.2444212,579.2441871,0.761904762,0.023809524,C42 H32 O1 N2,42.0,32.0,1.0,0.0,2.0,0.0,0.0,0.0,0.0476190476190476,pah,0.9554011591517302
34,34,579.2088543,579.2082993,579.2083147,1.285714286,0.464285714,C28 H36 O13,28.0,36.0,13.0,0.0,0.0,0.0,0.0,0.0,0.0,lignin,0.8583253277774467
35,35,579.1727111,579.1721562,579.1719292,1.185185185,0.518518519,C27 H32 O14,27.0,32.0,14.0,0.0,0.0,0.0,0.0,0.0,0.0,lignin,0.8624905874769443
36,36,577.2661319,577.2655798,577.2654356,1.4,0.366666667,C30 H42 O11,30.0,42.0,11.0,0.0,0.0,0.0,0.0,0.0,0.0,lignin,0.8536959124526197
37,37,577.2295015,577.2289496,577.2290501,1.310344828,0.413793103,C29 H38 O12,29.0,38.0,12.0,0.0,0.0,0.0,0.0,0.0,0.0,lignin,0.8575382280757753
38,38,577.1929786,577.1924267,577.1926646,1.214285714,0.464285714,C28 H34 O13,28.0,34.0,13.0,0.0,0.0,0.0,0.0,0.0,0.0,lignin,0.8609411867910233
39,39,577.1929786,577.1924267,577.1921516,0.634146341,0.048780488,C41 H26 O2 N2,41.0,26.0,2.0,0.0,2.0,0.0,0.0,0.0,0.048780487804878,pah,0.9547202617881647
40,40,575.2505773,575.2500282,575.2497856,1.333333333,0.366666667,C30 H40 O11,30.0,40.0,11.0,0.0,0.0,0.0,0.0,0.0,0.0,lignin,0.8555497576394497
41,41,575.2142151,575.2136661,575.2134001,1.24137931,0.413793103,C29 H36 O12,29.0,36.0,12.0,0.0,0.0,0.0,0.0,0.0,0.0,lignin,0.8599327309649782
42,42,575.1777439,575.177195,575.1770146,1.142857143,0.464285714,C28 H32 O13,28.0,32.0,13.0,0.0,0.0,0.0,0.0,0.0,0.0,lignin,0.8650952362701456
43,43,573.3318888,573.3313426,573.3314072,2.076923077,0.423076923,C26 H54 O11 S1,26.0,54.0,11.0,1.0,0.0,0.0,0.0,0.0,0.0,lipid,0.8804933963840099
44,44,573.2346699,573.2341239,573.2341355,1.266666667,0.366666667,C30 H38 O11,30.0,38.0,11.0,0.0,0.0,0.0,0.0,0.0,0.0,lignin,0.858877069886292
45,45,573.1983854,573.1978395,573.19775,1.172413793,0.413793103,C29 H34 O12,29.0,34.0,12.0,0.0,0.0,0.0,0.0,0.0,0.0,lignin,0.8637886748221426
46,46,571.2187999,571.2182569,571.2184854,1.2,0.366666667,C30 H36 O11,30.0,36.0,11.0,0.0,0.0,0.0,0.0,0.0,0.0,lignin,0.8624853579536786
47,47,571.2187999,571.2182569,571.2179724,0.651162791,0.0,C43 H28 N2,43.0,28.0,0.0,0.0,2.0,0.0,0.0,0.0,0.0465116279069767,pah,0.9548478047219231
48,48,569.2243146,569.2237746,569.2239647,1.407407407,0.481481481,C27 H38 O13,27.0,38.0,13.0,0.0,0.0,0.0,0.0,0.0,0.0,lignin,0.8547318529961225
49,49,569.1878916,569.1873516,569.1875792,1.307692308,0.538461538,C26 H34 O14,26.0,34.0,14.0,0.0,0.0,0.0,0.0,0.0,0.0,lignin,0.8575256732893338
50,50,567.2452967,567.2447596,567.2447002,1.428571429,0.428571429,C28 H40 O12,28.0,40.0,12.0,0.0,0.0,0.0,0.0,0.0,0.0,lignin,0.8531021251883066
51,51,567.2087394,567.2082024,567.2083147,1.333333333,0.481481481,C27 H36 O13,27.0,36.0,13.0,0.0,0.0,0.0,0.0,0.0,0.0,lignin,0.8568968818335178
52,52,567.1723123,567.1717753,567.1719292,1.230769231,0.538461538,C26 H32 O14,26.0,32.0,14.0,0.0,0.0,0.0,0.0,0.0,0.0,lignin,0.859936152059013
53,53,565.2662348,565.2657007,565.2654356,1.448275862,0.379310345,C29 H42 O11,29.0,42.0,11.0,0.0,0.0,0.0,0.0,0.0,0.0,lignin,0.8523042278707603
54,54,565.2296991,565.229165,565.2290501,1.357142857,0.428571429,C28 H38 O12,28.0,38.0,12.0,0.0,0.0,0.0,0.0,0.0,0.0,lignin,0.855217011707069
55,55,565.1931195,565.1925855,565.1926646,1.259259259,0.481481481,C27 H34 O13,27.0,34.0,13.0,0.0,0.0,0.0,0.0,0.0,0.0,lignin,0.8592060260431914
56,56,565.1565799,565.1560459,565.1562791,1.153846154,0.538461538,C26 H30 O14,26.0,30.0,14.0,0.0,0.0,0.0,0.0,0.0,0.0,lignin,0.8637360934396507
57,57,565.1565799,565.1560459,565.155766,0.564102564,0.076923077,C39 H22 O3 N2,39.0,22.0,3.0,0.0,2.0,0.0,0.0,0.0,0.0512820512820512,pah,0.954646654557628
58,58,565.120227,565.1196931,565.1198936,1.04,0.6,C25 H26 O15,25.0,26.0,15.0,0.0,0.0,0.0,0.0,0.0,0.0,lignin,0.9373597633860564
59,59,563.2869703,563.2864391,563.2861711,1.466666667,0.333333333,C30 H44 O10,30.0,44.0,10.0,0.0,0.0,0.0,0.0,0.0,0.0,lignin,0.7213482622243065
60,60,563.2503364,563.2498052,563.2497856,1.379310345,0.379310345,C29 H40 O11,29.0,40.0,11.0,0.0,0.0,0.0,0.0,0.0,0.0,lignin,0.8543473830312596
61,61,563.2137696,563.2132385,563.2134001,1.285714286,0.428571429,C28 H36 O12,28.0,36.0,12.0,0.0,0.0,0.0,0.0,0.0,0.0,lignin,0.8583204993812021
62,62,563.1773023,563.1767712,563.1770146,1.185185185,0.481481481,C27 H32 O13,27.0,32.0,13.0,0.0,0.0,0.0,0.0,0.0,0.0,lignin,0.8627872602942844
63,63,563.1773023,563.1767712,563.1765015,0.6,0.05,C40 H24 O2 N2,40.0,24.0,2.0,0.0,2.0,0.0,0.0,0.0,0.05,pah,0.9547401483875163
64,64,563.1410222,563.1404912,563.140629,1.076923077,0.538461538,C26 H28 O14,26.0,28.0,14.0,0.0,0.0,0.0,0.0,0.0,0.0,lignin,0.9385269548055357
65,65,561.2709823,561.2704541,561.270521,1.4,0.333333333,C30 H42 O10,30.0,42.0,10.0,0.0,0.0,0.0,0.0,0.0,0.0,lignin,0.8532756174648506
66,66,561.234575,561.2340468,561.2341355,1.310344828,0.379310345,C29 H38 O11,29.0,38.0,11.0,0.0,0.0,0.0,0.0,0.0,0.0,lignin,0.8563528038143836
67,67,561.1982153,561.1976871,561.19775,1.214285714,0.428571429,C28 H34 O12,28.0,34.0,12.0,0.0,0.0,0.0,0.0,0.0,0.0,lignin,0.8610355222446617
68,68,561.1619113,561.1613832,561.1613645,1.111111111,0.481481481,C27 H30 O13,27.0,30.0,13.0,0.0,0.0,0.0,0.0,0.0,0.0,lignin,0.8660025040950575
69,69,561.1255548,561.1250268,561.124979,1.0,0.538461538,C26 H26 O14,26.0,26.0,14.0,0.0,0.0,0.0,0.0,0.0,0.0,lignin,0.9377416881938219
70,70,561.0893058,561.0887779,561.0885935,0.88,0.6,C25 H22 O15,25.0,22.0,15.0,0.0,0.0,0.0,0.0,0.0,0.0,tannin,0.9051797196442042
71,71,559.255209,559.2546837,559.254871,1.333333333,0.333333333,C30 H40 O10,30.0,40.0,10.0,0.0,0.0,0.0,0.0,0.0,0.0,lignin,0.8551654389159757
72,72,559.2188005,559.2182753,559.2184854,1.24137931,0.379310345,C29 H36 O11,29.0,36.0,11.0,0.0,0.0,0.0,0.0,0.0,0.0,lignin,0.8598881740077434
73,73,559.1825758,559.1820507,559.1820999,1.142857143,0.428571429,C28 H32 O12,28.0,32.0,12.0,0.0,0.0,0.0,0.0,0.0,0.0,lignin,0.86536062181472
74,74,557.2399651,557.2394428,557.2392209,1.266666667,0.333333333,C30 H38 O10,30.0,38.0,10.0,0.0,0.0,0.0,0.0,0.0,0.0,lignin,0.8586550768795854
75,75,557.0940819,557.0935598,557.0936789,0.846153846,0.538461538,C26 H22 O14,26.0,22.0,14.0,0.0,0.0,0.0,0.0,0.0,0.0,tannin,0.9102153758039279
76,76,555.2089056,555.2083863,555.2083147,1.384615385,0.5,C26 H36 O13,26.0,36.0,13.0,0.0,0.0,0.0,0.0,0.0,0.0,lignin,0.8552227047531286
77,77,555.1724491,555.1719299,555.1719292,1.28,0.56,C25 H32 O14,25.0,32.0,14.0,0.0,0.0,0.0,0.0,0.0,0.0,lignin,0.858225632291831
78,78,553.2657544,553.2652379,553.2654356,1.5,0.392857143,C28 H42 O11,28.0,42.0,11.0,0.0,0.0,0.0,0.0,0.0,0.0,lignin,0.7201201372205517
79,79,553.2293198,553.2288034,553.2290501,1.407407407,0.444444444,C27 H38 O12,27.0,38.0,12.0,0.0,0.0,0.0,0.0,0.0,0.0,lignin,0.8538720055209792
80,80,553.2293198,553.2288034,553.2285371,0.75,0.025,C40 H30 O1 N2,40.0,30.0,1.0,0.0,2.0,0.0,0.0,0.0,0.05,pah,0.9553115196822952
81,81,553.2212951,553.2207787,553.220675,0.894736842,0.052631579,C38 H34 O2 S1,38.0,34.0,2.0,1.0,0.0,0.0,0.0,0.0,0.0,pah,0.9579466462929223
82,82,553.1930976,553.1925813,553.1926646,1.307692308,0.5,C26 H34 O13,26.0,34.0,13.0,0.0,0.0,0.0,0.0,0.0,0.0,lignin,0.8576363524440715
83,83,553.1569166,553.1564004,553.1562791,1.2,0.56,C25 H30 O14,25.0,30.0,14.0,0.0,0.0,0.0,0.0,0.0,0.0,lignin,0.8609567090001378
84,84,551.2504927,551.2499793,551.2497856,1.428571429,0.392857143,C28 H40 O11,28.0,40.0,11.0,0.0,0.0,0.0,0.0,0.0,0.0,lignin,0.8531095942078967
85,85,551.2140899,551.2135765,551.2134001,1.333333333,0.444444444,C27 H36 O12,27.0,36.0,12.0,0.0,0.0,0.0,0.0,0.0,0.0,lignin,0.8559448464689936
86,86,551.1776353,551.1771219,551.1770146,1.230769231,0.5,C26 H32 O13,26.0,32.0,13.0,0.0,0.0,0.0,0.0,0.0,0.0,lignin,0.8601321170639903
87,87,551.1411388,551.1406255,551.140629,1.12,0.56,C25 H28 O14,25.0,28.0,14.0,0.0,0.0,0.0,0.0,0.0,0.0,lignin,0.8643486296191378
88,88,551.1046433,551.10413,551.1042435,1.0,0.625,C24 H24 O15,24.0,24.0,15.0,0.0,0.0,0.0,0.0,0.0,0.0,lignin,0.9369677228760567
89,89,549.2708097,549.2702991,549.270521,1.448275862,0.344827586,C29 H42 O10,29.0,42.0,10.0,0.0,0.0,0.0,0.0,0.0,0.0,lignin,0.8521013577592867
90,90,549.23437,549.2338595,549.2336224,0.731707317,0.0,C41 H30 N2,41.0,30.0,0.0,0.0,2.0,0.0,0.0,0.0,0.048780487804878,pah,0.9552512849592715
91,91,549.1981112,549.1976008,549.19775,1.259259259,0.444444444,C27 H34 O12,27.0,34.0,12.0,0.0,0.0,0.0,0.0,0.0,0.0,lignin,0.8592572105971665
92,92,549.1619383,549.1614279,549.1613645,1.153846154,0.5,C26 H30 O13,26.0,30.0,13.0,0.0,0.0,0.0,0.0,0.0,0.0,lignin,0.8641626719912001
93,93,547.2919605,547.2914529,547.2912565,1.466666667,0.3,C30 H44 O9,30.0,44.0,9.0,0.0,0.0,0.0,0.0,0.0,0.0,lipid,0.5977364562644845
94,94,547.2555564,547.2550488,547.254871,1.379310345,0.344827586,C29 H40 O10,29.0,40.0,10.0,0.0,0.0,0.0,0.0,0.0,0.0,lignin,0.8539409115851887
95,95,547.219081,547.2185734,547.2184854,1.285714286,0.392857143,C28 H36 O11,28.0,36.0,11.0,0.0,0.0,0.0,0.0,0.0,0.0,lignin,0.858258022647503
96,96,547.1826011,547.1820936,547.1820999,1.185185185,0.444444444,C27 H32 O12,27.0,32.0,12.0,0.0,0.0,0.0,0.0,0.0,0.0,lignin,0.8630124144492459
97,97,547.1461481,547.1456406,547.1457144,1.076923077,0.5,C26 H28 O13,26.0,28.0,13.0,0.0,0.0,0.0,0.0,0.0,0.0,lignin,0.9391032714552632
98,98,547.1097204,547.109213,547.1093289,0.96,0.56,C25 H24 O14,25.0,24.0,14.0,0.0,0.0,0.0,0.0,0.0,0.0,lignin,0.7923788993482945
99,99,547.0733502,547.0728429,547.0729434,0.833333333,0.625,C24 H20 O15,24.0,20.0,15.0,0.0,0.0,0.0,0.0,0.0,0.0,tannin,0.910741983104368
100,100,545.2759386,545.2754339,545.2756064,1.4,0.3,C30 H42 O9,30.0,42.0,9.0,0.0,0.0,0.0,0.0,0.0,0.0,lignin,0.8529609839494021
101,101,545.2397934,545.2392888,545.2392209,1.310344828,0.344827586,C29 H38 O10,29.0,38.0,10.0,0.0,0.0,0.0,0.0,0.0,0.0,lignin,0.856058548192757
102,102,545.20358,545.2030754,545.2028354,1.214285714,0.392857143,C28 H34 O11,28.0,34.0,11.0,0.0,0.0,0.0,0.0,0.0,0.0,lignin,0.8610484322614917
103,103,545.1672241,545.1667196,545.1664499,1.111111111,0.444444444,C27 H30 O12,27.0,30.0,12.0,0.0,0.0,0.0,0.0,0.0,0.0,lignin,0.866425922452389
104,104,545.0941622,545.0936577,545.0936789,0.88,0.56,C25 H22 O14,25.0,22.0,14.0,0.0,0.0,0.0,0.0,0.0,0.0,tannin,0.9094072895407479
105,105,545.0576208,545.0571164,545.0572933,0.75,0.625,C24 H18 O15,24.0,18.0,15.0,0.0,0.0,0.0,0.0,0.0,0.0,tannin,0.9132092452623188
106,106,543.2603302,543.2598284,543.2599563,1.333333333,0.3,C30 H40 O9,30.0,40.0,9.0,0.0,0.0,0.0,0.0,0.0,0.0,lignin,0.8547907904892924
107,107,543.2239528,543.2234511,543.2235708,1.24137931,0.344827586,C29 H36 O10,29.0,36.0,10.0,0.0,0.0,0.0,0.0,0.0,0.0,lignin,0.8597393459718109
108,108,543.1876786,543.1871769,543.1871853,1.142857143,0.392857143,C28 H32 O11,28.0,32.0,11.0,0.0,0.0,0.0,0.0,0.0,0.0,lignin,0.8655294052039789
109,109,543.1150364,543.1145348,543.1144143,0.923076923,0.5,C26 H24 O13,26.0,24.0,13.0,0.0,0.0,0.0,0.0,0.0,0.0,tannin,0.9033087492614078
110,110,543.0787372,543.0782357,543.0780288,0.8,0.56,C25 H20 O14,25.0,20.0,14.0,0.0,0.0,0.0,0.0,0.0,0.0,tannin,0.911803371539707
111,111,541.2293913,541.2288925,541.2290501,1.461538462,0.461538462,C26 H38 O12,26.0,38.0,12.0,0.0,0.0,0.0,0.0,0.0,0.0,lignin,0.8523914866445432
112,112,541.2081788,541.20768,541.2079208,1.172413793,0.344827586,C29 H34 O10,29.0,34.0,10.0,0.0,0.0,0.0,0.0,0.0,0.0,lignin,0.8638785531468288
113,113,541.1929098,541.192411,541.1926646,1.36,0.52,C25 H34 O13,25.0,34.0,13.0,0.0,0.0,0.0,0.0,0.0,0.0,lignin,0.8562088203414401
114,114,541.1929098,541.192411,541.1921516,0.684210526,0.052631579,C38 H26 O2 N2,38.0,26.0,2.0,0.0,2.0,0.0,0.0,0.0,0.0526315789473684,pah,0.9548784892340112
115,115,541.1718435,541.1713448,541.1715353,1.071428571,0.392857143,C28 H30 O11,28.0,30.0,11.0,0.0,0.0,0.0,0.0,0.0,0.0,lignin,0.9408420137154441
116,116,541.1566439,541.1561452,541.1562791,1.25,0.583333333,C24 H30 O14,24.0,30.0,14.0,0.0,0.0,0.0,0.0,0.0,0.0,lignin,0.8590229203018993
117,117,541.0994203,541.0989217,541.0987642,0.846153846,0.5,C26 H22 O13,26.0,22.0,13.0,0.0,0.0,0.0,0.0,0.0,0.0,tannin,0.9105182006376438
118,118,539.2504279,539.2499319,539.2497856,1.481481481,0.407407407,C27 H40 O11,27.0,40.0,11.0,0.0,0.0,0.0,0.0,0.0,0.0,lignin,0.8507949204076217
119,119,539.2139221,539.2134263,539.2134001,1.384615385,0.461538462,C26 H36 O12,26.0,36.0,12.0,0.0,0.0,0.0,0.0,0.0,0.0,lignin,0.855647337218836
120,120,539.1773934,539.1768976,539.1770146,1.28,0.52,C25 H32 O13,25.0,32.0,13.0,0.0,0.0,0.0,0.0,0.0,0.0,lignin,0.858458465018829
121,121,539.1408706,539.1403748,539.140629,1.166666667,0.583333333,C24 H28 O14,24.0,28.0,14.0,0.0,0.0,0.0,0.0,0.0,0.0,lignin,0.862636641200339
122,122,539.1408706,539.1403748,539.140116,0.540540541,0.081081081,C37 H20 O3 N2,37.0,20.0,3.0,0.0,2.0,0.0,0.0,0.0,0.054054054054054,pah,0.9545985694220622
123,123,539.1198533,539.1193575,539.1194997,0.888888889,0.444444444,C27 H24 O12,27.0,24.0,12.0,0.0,0.0,0.0,0.0,0.0,0.0,tannin,0.909026055364326
124,124,539.1046307,539.104135,539.1042435,1.043478261,0.652173913,C23 H24 O15,23.0,24.0,15.0,0.0,0.0,0.0,0.0,0.0,0.0,lignin,0.9368568217129012
125,125,539.0836075,539.0831118,539.0831142,0.769230769,0.5,C26 H20 O13,26.0,20.0,13.0,0.0,0.0,0.0,0.0,0.0,0.0,tannin,0.9106561261452448
126,126,537.2346442,537.2341512,537.2341355,1.407407407,0.407407407,C27 H38 O11,27.0,38.0,11.0,0.0,0.0,0.0,0.0,0.0,0.0,lignin,0.8538774414655995
127,127,537.1980997,537.1976068,537.19775,1.307692308,0.461538462,C26 H34 O12,26.0,34.0,12.0,0.0,0.0,0.0,0.0,0.0,0.0,lignin,0.8576573340794409
128,128,537.1616793,537.1611864,537.1613645,1.2,0.52,C25 H30 O13,25.0,30.0,13.0,0.0,0.0,0.0,0.0,0.0,0.0,lignin,0.8612187218556372
129,129,537.1253735,537.1248807,537.124979,1.083333333,0.583333333,C24 H26 O14,24.0,26.0,14.0,0.0,0.0,0.0,0.0,0.0,0.0,lignin,0.9379516527736429
130,130,537.089157,537.0886642,537.0885935,0.956521739,0.652173913,C23 H22 O15,23.0,22.0,15.0,0.0,0.0,0.0,0.0,0.0,0.0,lignin,0.6073394269039805
131,131,535.2555573,535.2550672,535.254871,1.428571429,0.357142857,C28 H40 O10,28.0,40.0,10.0,0.0,0.0,0.0,0.0,0.0,0.0,lignin,0.8528711625420383
132,132,535.2189318,535.2184417,535.2184854,1.333333333,0.407407407,C27 H36 O11,27.0,36.0,11.0,0.0,0.0,0.0,0.0,0.0,0.0,lignin,0.8558172828941693
133,133,535.1823492,535.1818592,535.1820999,1.230769231,0.461538462,C26 H32 O12,26.0,32.0,12.0,0.0,0.0,0.0,0.0,0.0,0.0,lignin,0.8602850793115742
134,134,535.1459635,535.1454735,535.1457144,1.12,0.52,C25 H28 O13,25.0,28.0,13.0,0.0,0.0,0.0,0.0,0.0,0.0,lignin,0.8649538787807618
135,135,535.1097702,535.1092802,535.1093289,1.0,0.583333333,C24 H24 O14,24.0,24.0,14.0,0.0,0.0,0.0,0.0,0.0,0.0,lignin,0.937330866738933
136,136,535.0736097,535.0731198,535.0729434,0.869565217,0.652173913,C23 H20 O15,23.0,20.0,15.0,0.0,0.0,0.0,0.0,0.0,0.0,tannin,0.9058424428281947
137,137,534.2430723,534.2425837,534.2425757,1.407407407,0.37037037,C27 H38 O10 13C1,28.0,38.0,10.0,0.0,0.0,1.0,0.0,0.0,0.0,lignin,0.8535592244182769
138,138,533.2761431,533.2756558,533.2756064,1.448275862,0.310344828,C29 H42 O9,29.0,42.0,9.0,0.0,0.0,0.0,0.0,0.0,0.0,lignin,0.7214548504100514
139,139,533.2396138,533.2391266,533.2392209,1.357142857,0.357142857,C28 H38 O10,28.0,38.0,10.0,0.0,0.0,0.0,0.0,0.0,0.0,lignin,0.8547641123093687
140,140,533.2031776,533.2026905,533.2028354,1.259259259,0.407407407,C27 H34 O11,27.0,34.0,11.0,0.0,0.0,0.0,0.0,0.0,0.0,lignin,0.8592577326259434
141,141,533.1668453,533.1663582,533.1664499,1.153846154,0.461538462,C26 H30 O12,26.0,30.0,12.0,0.0,0.0,0.0,0.0,0.0,0.0,lignin,0.864510168595149
142,142,533.1305897,533.1301027,533.1300644,1.04,0.52,C25 H26 O13,25.0,26.0,13.0,0.0,0.0,0.0,0.0,0.0,0.0,lignin,0.9382417641251471
143,143,533.0943796,533.0938926,533.0936789,0.916666667,0.583333333,C24 H22 O14,24.0,22.0,14.0,0.0,0.0,0.0,0.0,0.0,0.0,tannin,0.9037518220513501
144,144,533.0580367,533.0575498,533.0572933,0.782608696,0.652173913,C23 H18 O15,23.0,18.0,15.0,0.0,0.0,0.0,0.0,0.0,0.0,tannin,0.9125035919814692
145,145,531.3309175,531.3304331,531.3302254,1.371428571,0.057142857,C35 H48 O2 S1,35.0,48.0,2.0,1.0,0.0,0.0,0.0,0.0,0.0,lipid,0.9071926569056619
146,146,531.2602631,531.2597788,531.2599563,1.379310345,0.310344828,C29 H40 O9,29.0,40.0,9.0,0.0,0.0,0.0,0.0,0.0,0.0,lignin,0.8536082011678969
147,147,531.2240052,531.2235209,531.2235708,1.285714286,0.357142857,C28 H36 O10,28.0,36.0,10.0,0.0,0.0,0.0,0.0,0.0,0.0,lignin,0.8580977010353766
148,148,531.1877556,531.1872714,531.1871853,1.185185185,0.407407407,C27 H32 O11,27.0,32.0,11.0,0.0,0.0,0.0,0.0,0.0,0.0,lignin,0.8631530819157298
149,149,531.1514548,531.1509706,531.1507998,1.076923077,0.461538462,C26 H28 O12,26.0,28.0,12.0,0.0,0.0,0.0,0.0,0.0,0.0,lignin,0.9397362113069458
150,150,531.1150378,531.1145537,531.1144143,0.96,0.52,C25 H24 O13,25.0,24.0,13.0,0.0,0.0,0.0,0.0,0.0,0.0,lignin,0.9373232868545269
151,151,531.0786362,531.0781521,531.0780288,0.833333333,0.583333333,C24 H20 O14,24.0,20.0,14.0,0.0,0.0,0.0,0.0,0.0,0.0,tannin,0.9106318490754551
152,152,529.3054837,529.3050022,529.3051924,2.083333333,0.416666667,C24 H50 O10 S1,24.0,50.0,10.0,1.0,0.0,0.0,0.0,0.0,0.0,lipid,0.8804950432289443
153,153,529.2811523,529.2806709,529.2806918,1.4,0.266666667,C30 H42 O8,30.0,42.0,8.0,0.0,0.0,0.0,0.0,0.0,0.0,lignin,0.7220223467766338
154,154,529.2449628,529.2444814,529.2443063,1.310344828,0.310344828,C29 H38 O9,29.0,38.0,9.0,0.0,0.0,0.0,0.0,0.0,0.0,lignin,0.8556296046503494
155,155,529.172233,529.1717517,529.1715353,1.111111111,0.407407407,C27 H30 O11,27.0,30.0,11.0,0.0,0.0,0.0,0.0,0.0,0.0,lignin,0.8668041256863468
156,156,529.1356207,529.1351394,529.1351497,1.0,0.461538462,C26 H26 O12,26.0,26.0,12.0,0.0,0.0,0.0,0.0,0.0,0.0,lignin,0.9384201813653748
157,157,529.0990796,529.0985984,529.0987642,0.88,0.52,C25 H22 O13,25.0,22.0,13.0,0.0,0.0,0.0,0.0,0.0,0.0,tannin,0.9093459863401165
158,158,529.0626561,529.0621749,529.0623787,0.75,0.583333333,C24 H18 O14,24.0,18.0,14.0,0.0,0.0,0.0,0.0,0.0,0.0,tannin,0.9130425792706569
159,159,527.2292094,527.2287308,527.2286562,1.24137931,0.310344828,C29 H36 O9,29.0,36.0,9.0,0.0,0.0,0.0,0.0,0.0,0.0,lignin,0.8594270459324749
160,160,527.2138632,527.2133847,527.2134001,1.44,0.48,C25 H36 O12,25.0,36.0,12.0,0.0,0.0,0.0,0.0,0.0,0.0,lignin,0.8528517373065005
161,161,527.1926382,527.1921598,527.1922707,1.142857143,0.357142857,C28 H32 O10,28.0,32.0,10.0,0.0,0.0,0.0,0.0,0.0,0.0,lignin,0.8655984776823569
162,162,527.1772941,527.1768156,527.1770146,1.333333333,0.541666667,C24 H32 O13,24.0,32.0,13.0,0.0,0.0,0.0,0.0,0.0,0.0,lignin,0.8568548661100029
163,163,527.1561859,527.1557075,527.1558852,1.037037037,0.407407407,C27 H28 O11,27.0,28.0,11.0,0.0,0.0,0.0,0.0,0.0,0.0,lignin,0.9396574061133407
164,164,527.1408986,527.1404202,527.140629,1.217391304,0.608695652,C23 H28 O14,23.0,28.0,14.0,0.0,0.0,0.0,0.0,0.0,0.0,lignin,0.8598653702384453
165,165,527.1198888,527.1194105,527.1194997,0.923076923,0.461538462,C26 H24 O12,26.0,24.0,12.0,0.0,0.0,0.0,0.0,0.0,0.0,tannin,0.9029601947648869
166,166,527.1047718,527.1042934,527.1042435,1.090909091,0.681818182,C22 H24 O15,22.0,24.0,15.0,0.0,0.0,0.0,0.0,0.0,0.0,lignin,0.8963725765890425
167,167,527.08374,527.0832616,527.0831142,0.8,0.52,C25 H20 O13,25.0,20.0,13.0,0.0,0.0,0.0,0.0,0.0,0.0,tannin,0.9117345267543964
168,168,525.2345852,525.2341095,525.2341355,1.461538462,0.423076923,C26 H38 O11,26.0,38.0,11.0,0.0,0.0,0.0,0.0,0.0,0.0,lignin,0.853558657630067
169,169,525.1983683,525.1978927,525.19775,1.36,0.48,C25 H34 O12,25.0,34.0,12.0,0.0,0.0,0.0,0.0,0.0,0.0,lignin,0.8562273784802021
170,170,525.1620654,525.1615899,525.1613645,1.25,0.541666667,C24 H30 O13,24.0,30.0,13.0,0.0,0.0,0.0,0.0,0.0,0.0,lignin,0.8593011772551629
171,171,525.1256555,525.12518,525.124979,1.130434783,0.608695652,C23 H26 O14,23.0,26.0,14.0,0.0,0.0,0.0,0.0,0.0,0.0,lignin,0.8630792024898559
172,172,525.0891318,525.0886563,525.0885935,1.0,0.681818182,C22 H22 O15,22.0,22.0,15.0,0.0,0.0,0.0,0.0,0.0,0.0,lignin,0.9365047698483613
173,173,525.0678651,525.0673897,525.0674641,0.72,0.52,C25 H18 O13,25.0,18.0,13.0,0.0,0.0,0.0,0.0,0.0,0.0,tannin,0.8978564335170672
174,174,523.2554124,523.2549396,523.254871,1.481481481,0.37037037,C27 H40 O10,27.0,40.0,10.0,0.0,0.0,0.0,0.0,0.0,0.0,lignin,0.7212583963023853
175,175,523.2189009,523.2184282,523.2184854,1.384615385,0.423076923,C26 H36 O11,26.0,36.0,11.0,0.0,0.0,0.0,0.0,0.0,0.0,lignin,0.8544961207441197
176,176,523.1824626,523.1819899,523.1820999,1.28,0.48,C25 H32 O12,25.0,32.0,12.0,0.0,0.0,0.0,0.0,0.0,0.0,lignin,0.8584873648752595
177,177,523.1461264,523.1456537,523.1457144,1.166666667,0.541666667,C24 H28 O13,24.0,28.0,13.0,0.0,0.0,0.0,0.0,0.0,0.0,lignin,0.8630924509137297
178,178,523.1098219,523.1093493,523.1093289,1.043478261,0.608695652,C23 H24 O14,23.0,24.0,14.0,0.0,0.0,0.0,0.0,0.0,0.0,lignin,0.9372933538734284
179,179,523.0735449,523.0730723,523.0729434,0.909090909,0.681818182,C22 H20 O15,22.0,20.0,15.0,0.0,0.0,0.0,0.0,0.0,0.0,tannin,0.9044046006819407
180,180,521.276148,521.275678,521.2756064,1.5,0.321428571,C28 H42 O9,28.0,42.0,9.0,0.0,0.0,0.0,0.0,0.0,0.0,lipid,0.7445736142756972
181,181,521.2399266,521.2394567,521.2392209,1.407407407,0.37037037,C27 H38 O10,27.0,38.0,10.0,0.0,0.0,0.0,0.0,0.0,0.0,lignin,0.8535592244182769
182,182,521.2035548,521.2030849,521.2028354,1.307692308,0.423076923,C26 H34 O11,26.0,34.0,11.0,0.0,0.0,0.0,0.0,0.0,0.0,lignin,0.8576343208783017
183,183,521.1670098,521.16654,521.1664499,1.2,0.48,C25 H30 O12,25.0,30.0,12.0,0.0,0.0,0.0,0.0,0.0,0.0,lignin,0.8621322417393416
184,184,521.1304426,521.1299728,521.1300644,1.083333333,0.541666667,C24 H26 O13,24.0,26.0,13.0,0.0,0.0,0.0,0.0,0.0,0.0,lignin,0.938536738121055
185,185,521.0939372,521.0934675,521.0936789,0.956521739,0.608695652,C23 H22 O14,23.0,22.0,14.0,0.0,0.0,0.0,0.0,0.0,0.0,lignin,0.6075630728364659
186,186,521.057715,521.0572453,521.0572933,0.818181818,0.681818182,C22 H18 O15,22.0,18.0,15.0,0.0,0.0,0.0,0.0,0.0,0.0,tannin,0.9113807929680918
187,187,520.255543,520.2550745,520.2552053,1.444444444,0.333333333,C27 H39 O9 N1,27.0,39.0,9.0,0.0,1.0,0.0,0.0,0.0,0.037037037037037,lipid,0.5974166980960973
188,188,520.227478,520.2270096,520.2269257,1.384615385,0.384615385,C26 H36 O10 13C1,27.0,36.0,10.0,0.0,0.0,1.0,0.0,0.0,0.0,lignin,0.8542577857751402
189,189,519.2967374,519.2962703,519.2963418,1.517241379,0.275862069,C29 H44 O8,29.0,44.0,8.0,0.0,0.0,0.0,0.0,0.0,0.0,lipid,0.9052411301204518
190,190,519.2601644,519.2596973,519.2599563,1.428571429,0.321428571,C28 H40 O9,28.0,40.0,9.0,0.0,0.0,0.0,0.0,0.0,0.0,lignin,0.8524945041931042
191,191,519.2239193,519.2234523,519.2235708,1.333333333,0.37037037,C27 H36 O10,27.0,36.0,10.0,0.0,0.0,0.0,0.0,0.0,0.0,lignin,0.8555805842877178
192,192,519.1877896,519.1873226,519.1871853,1.230769231,0.423076923,C26 H32 O11,26.0,32.0,11.0,0.0,0.0,0.0,0.0,0.0,0.0,lignin,0.8603511655033385
193,193,519.1514554,519.1509884,519.1507998,1.12,0.48,C25 H28 O12,25.0,28.0,12.0,0.0,0.0,0.0,0.0,0.0,0.0,lignin,0.865474525064329
194,194,519.0785498,519.078083,519.0780288,0.869565217,0.608695652,C23 H20 O14,23.0,20.0,14.0,0.0,0.0,0.0,0.0,0.0,0.0,tannin,0.909762271237974
195,195,518.2478896,518.247424,518.2476611,1.407407407,0.333333333,C27 H38 O9 13C1,28.0,38.0,9.0,0.0,0.0,1.0,0.0,0.0,0.0,lignin,0.853095837024599
196,196,518.2115238,518.2110583,518.2112756,1.307692308,0.384615385,C26 H34 O10 13C1,27.0,34.0,10.0,0.0,0.0,1.0,0.0,0.0,0.0,lignin,0.8564714711045255
197,197,517.2812196,517.2807553,517.2806918,1.448275862,0.275862069,C29 H42 O8,29.0,42.0,8.0,0.0,0.0,0.0,0.0,0.0,0.0,lipid,0.5978969946652475
198,198,517.2445895,517.2441253,517.2443063,1.357142857,0.321428571,C28 H38 O9,28.0,38.0,9.0,0.0,0.0,0.0,0.0,0.0,0.0,lignin,0.8543184943922469
199,199,517.2081321,517.2076679,517.2079208,1.259259259,0.37037037,C27 H34 O10,27.0,34.0,10.0,0.0,0.0,0.0,0.0,0.0,0.0,lignin,0.8591668387306173
200,200,517.171919,517.1714549,517.1715353,1.153846154,0.423076923,C26 H30 O11,26.0,30.0,11.0,0.0,0.0,0.0,0.0,0.0,0.0,lignin,0.8647585193304261
201,201,517.1357974,517.1353334,517.1351497,1.04,0.48,C25 H26 O12,25.0,26.0,12.0,0.0,0.0,0.0,0.0,0.0,0.0,lignin,0.9387324902085392
202,202,515.2656992,515.2652378,515.2650417,1.379310345,0.275862069,C29 H40 O8,29.0,40.0,8.0,0.0,0.0,0.0,0.0,0.0,0.0,lignin,0.8533100709681822
203,203,515.2290582,515.2285969,515.2286562,1.285714286,0.321428571,C28 H36 O9,28.0,36.0,9.0,0.0,0.0,0.0,0.0,0.0,0.0,lignin,0.8566275330367734
204,204,515.1924987,515.1920374,515.1922707,1.185185185,0.37037037,C27 H32 O10,27.0,32.0,10.0,0.0,0.0,0.0,0.0,0.0,0.0,lignin,0.863213952902121
205,205,515.1561292,515.155668,515.1558852,1.076923077,0.423076923,C26 H28 O11,26.0,28.0,11.0,0.0,0.0,0.0,0.0,0.0,0.0,lignin,0.9404358454560999
206,206,515.1200319,515.1195707,515.1194997,0.96,0.48,C25 H24 O12,25.0,24.0,12.0,0.0,0.0,0.0,0.0,0.0,0.0,lignin,0.937629248169521
207,207,513.3109803,513.3105217,513.3102778,2.083333333,0.375,C24 H50 O9 S1,24.0,50.0,9.0,1.0,0.0,0.0,0.0,0.0,0.0,lipid,0.8809200643757957
208,208,513.2499247,513.2494662,513.2493916,1.310344828,0.275862069,C29 H38 O8,29.0,38.0,8.0,0.0,0.0,0.0,0.0,0.0,0.0,lignin,0.8552767903735237
209,209,513.2133264,513.2128679,513.2130061,1.214285714,0.321428571,C28 H34 O9,28.0,34.0,9.0,0.0,0.0,0.0,0.0,0.0,0.0,lignin,0.8617663766855861
210,210,513.1980338,513.1975753,513.19775,1.416666667,0.5,C24 H34 O12,24.0,34.0,12.0,0.0,0.0,0.0,0.0,0.0,0.0,lignin,0.8533499626112258
211,211,513.1899808,513.1895224,513.1893748,0.857142857,0.057142857,C35 H30 O2 S1,35.0,30.0,2.0,1.0,0.0,0.0,0.0,0.0,0.0,pah,0.9570824093341861
212,212,513.1768412,513.1763828,513.1766206,1.111111111,0.37037037,C27 H30 O10,27.0,30.0,10.0,0.0,0.0,0.0,0.0,0.0,0.0,lignin,0.8670056552995836
213,213,513.1616391,513.1611808,513.1613645,1.304347826,0.565217391,C23 H30 O13,23.0,30.0,13.0,0.0,0.0,0.0,0.0,0.0,0.0,lignin,0.8575095755699064
214,214,513.1406254,513.1401671,513.1402351,1.0,0.423076923,C26 H26 O11,26.0,26.0,11.0,0.0,0.0,0.0,0.0,0.0,0.0,lignin,0.9383105180755436
215,215,513.1255231,513.1250648,513.124979,1.181818182,0.636363636,C22 H26 O14,22.0,26.0,14.0,0.0,0.0,0.0,0.0,0.0,0.0,lignin,0.861385605372266
216,216,513.1044737,513.1040154,513.1038496,0.88,0.48,C25 H22 O12,25.0,22.0,12.0,0.0,0.0,0.0,0.0,0.0,0.0,tannin,0.9092924409520977
217,217,513.0893012,513.0888429,513.0885935,1.047619048,0.714285714,C21 H22 O15,21.0,22.0,15.0,0.0,0.0,0.0,0.0,0.0,0.0,lignin,0.9362780442864779
218,218,513.0681682,513.06771,513.0674641,0.75,0.541666667,C24 H18 O13,24.0,18.0,13.0,0.0,0.0,0.0,0.0,0.0,0.0,tannin,0.9105697760377731
219,219,511.2187398,511.2182842,511.2184854,1.44,0.44,C25 H36 O11,25.0,36.0,11.0,0.0,0.0,0.0,0.0,0.0,0.0,lignin,0.8540238329489187
220,220,511.2106728,511.2102172,511.2101103,0.888888889,0.027777778,C36 H32 O1 S1,36.0,32.0,1.0,1.0,0.0,0.0,0.0,0.0,0.0,pah,0.9580236953157628
221,221,511.1823347,511.1818791,511.1820999,1.333333333,0.5,C24 H32 O12,24.0,32.0,12.0,0.0,0.0,0.0,0.0,0.0,0.0,lignin,0.8569490914445916
222,222,511.1743327,511.1738772,511.1737248,0.8,0.057142857,C35 H28 O2 S1,35.0,28.0,2.0,1.0,0.0,0.0,0.0,0.0,0.0,pah,0.9563592091126576
223,223,511.1461707,511.1457152,511.1457144,1.217391304,0.565217391,C23 H28 O13,23.0,28.0,13.0,0.0,0.0,0.0,0.0,0.0,0.0,lignin,0.8602605926644884
224,224,511.0736455,511.0731901,511.0729434,0.952380952,0.714285714,C21 H20 O15,21.0,20.0,15.0,0.0,0.0,0.0,0.0,0.0,0.0,tannin,0.5478430373710308
225,225,509.2394535,509.2390007,509.2392209,1.461538462,0.384615385,C26 H38 O10,26.0,38.0,10.0,0.0,0.0,0.0,0.0,0.0,0.0,lignin,0.8520837870959801
226,226,509.2032072,509.2027544,509.2028354,1.36,0.44,C25 H34 O11,25.0,34.0,11.0,0.0,0.0,0.0,0.0,0.0,0.0,lignin,0.8551926104082886
227,227,509.1670511,509.1665984,509.1664499,1.25,0.5,C24 H30 O12,24.0,30.0,12.0,0.0,0.0,0.0,0.0,0.0,0.0,lignin,0.859461773928792
228,228,509.0943041,509.0938515,509.0936789,1.0,0.636363636,C22 H22 O14,22.0,22.0,14.0,0.0,0.0,0.0,0.0,0.0,0.0,lignin,0.9368716855873492
229,229,507.2603954,507.2599454,507.2599563,1.481481481,0.333333333,C27 H40 O9,27.0,40.0,9.0,0.0,0.0,0.0,0.0,0.0,0.0,lipid,0.5973630845641696
230,230,507.2242206,507.2237707,507.2235708,1.384615385,0.384615385,C26 H36 O10,26.0,36.0,10.0,0.0,0.0,0.0,0.0,0.0,0.0,lignin,0.8542577857751402
231,231,507.1513415,507.1508917,507.1507998,1.166666667,0.5,C24 H28 O12,24.0,28.0,12.0,0.0,0.0,0.0,0.0,0.0,0.0,lignin,0.8635178765675349
232,232,507.1147276,507.1142778,507.1144143,1.043478261,0.565217391,C23 H24 O13,23.0,24.0,13.0,0.0,0.0,0.0,0.0,0.0,0.0,lignin,0.9377572829839496
233,233,507.0782434,507.0777937,507.0780288,0.909090909,0.636363636,C22 H20 O14,22.0,20.0,14.0,0.0,0.0,0.0,0.0,0.0,0.0,tannin,0.9042049560335108
234,234,507.0420517,507.0416021,507.0416433,0.761904762,0.714285714,C21 H16 O15,21.0,16.0,15.0,0.0,0.0,0.0,0.0,0.0,0.0,tannin,0.9134303426686262
235,235,506.2119354,506.2114869,506.2112756,1.36,0.4,C25 H34 O10 13C1,26.0,34.0,10.0,0.0,0.0,1.0,0.0,0.0,0.0,lignin,0.8549941910681123
236,236,505.2448795,505.2444323,505.2443063,1.407407407,0.333333333,C27 H38 O9,27.0,38.0,9.0,0.0,0.0,0.0,0.0,0.0,0.0,lignin,0.853095837024599
237,237,505.2082409,505.2077938,505.2079208,1.307692308,0.384615385,C26 H34 O10,26.0,34.0,10.0,0.0,0.0,0.0,0.0,0.0,0.0,lignin,0.8564714711045255
238,238,505.1354654,505.1350184,505.1351497,1.083333333,0.5,C24 H26 O12,24.0,26.0,12.0,0.0,0.0,0.0,0.0,0.0,0.0,lignin,0.939243594487093
239,239,505.0993966,505.0989497,505.0987642,0.956521739,0.565217391,C23 H22 O13,23.0,22.0,13.0,0.0,0.0,0.0,0.0,0.0,0.0,lignin,0.7923509600906169
240,240,505.0630734,505.0626265,505.0623787,0.818181818,0.636363636,C22 H18 O14,22.0,18.0,14.0,0.0,0.0,0.0,0.0,0.0,0.0,tannin,0.9111883048728089
241,241,503.2652722,503.2648279,503.2650417,1.428571429,0.285714286,C28 H40 O8,28.0,40.0,8.0,0.0,0.0,0.0,0.0,0.0,0.0,lignin,0.7216403689590601
242,242,503.229106,503.2286617,503.2286562,1.333333333,0.333333333,C27 H36 O9,27.0,36.0,9.0,0.0,0.0,0.0,0.0,0.0,0.0,lignin,0.8551654389159757
243,243,503.1929412,503.192497,503.1922707,1.230769231,0.384615385,C26 H32 O10,26.0,32.0,10.0,0.0,0.0,0.0,0.0,0.0,0.0,lignin,0.8603309231585019
244,244,503.1565321,503.1560879,503.1558852,1.12,0.44,C25 H28 O11,25.0,28.0,11.0,0.0,0.0,0.0,0.0,0.0,0.0,lignin,0.8658936161145052
245,245,503.1200154,503.1195712,503.1194997,1.0,0.5,C24 H24 O12,24.0,24.0,12.0,0.0,0.0,0.0,0.0,0.0,0.0,lignin,0.9381105716616908
246,246,503.0833974,503.0829533,503.0831142,0.869565217,0.565217391,C23 H20 O13,23.0,20.0,13.0,0.0,0.0,0.0,0.0,0.0,0.0,tannin,0.909670175473576
247,247,503.0470274,503.0465834,503.0467287,0.727272727,0.636363636,C22 H16 O14,22.0,16.0,14.0,0.0,0.0,0.0,0.0,0.0,0.0,tannin,0.9138058623042212
248,248,501.2498209,501.2493795,501.2493916,1.357142857,0.285714286,C28 H38 O8,28.0,38.0,8.0,0.0,0.0,0.0,0.0,0.0,0.0,lignin,0.8539725447618789
249,249,501.2132612,501.2128198,501.2130061,1.259259259,0.333333333,C27 H34 O9,27.0,34.0,9.0,0.0,0.0,0.0,0.0,0.0,0.0,lignin,0.8589399740843762
250,250,501.1979931,501.1975517,501.19775,1.47826087,0.52173913,C23 H34 O12,23.0,34.0,12.0,0.0,0.0,0.0,0.0,0.0,0.0,lignin,0.8437922820682136
251,251,501.1899332,501.1894918,501.1893748,0.882352941,0.058823529,C34 H30 O2 S1,34.0,30.0,2.0,1.0,0.0,0.0,0.0,0.0,0.0,pah,0.9576375484624398
252,252,501.1769164,501.176475,501.1766206,1.153846154,0.384615385,C26 H30 O10,26.0,30.0,10.0,0.0,0.0,0.0,0.0,0.0,0.0,lignin,0.8648977354898453
253,253,501.1617235,501.1612821,501.1613645,1.363636364,0.590909091,C22 H30 O13,22.0,30.0,13.0,0.0,0.0,0.0,0.0,0.0,0.0,lignin,0.8867054860511641
254,254,501.1407534,501.140312,501.1402351,1.04,0.44,C25 H26 O11,25.0,26.0,11.0,0.0,0.0,0.0,0.0,0.0,0.0,lignin,0.9392601025153977
255,255,501.1044816,501.1040403,501.1038496,0.916666667,0.5,C24 H22 O12,24.0,22.0,12.0,0.0,0.0,0.0,0.0,0.0,0.0,tannin,0.9035274732479802
256,256,501.0681134,501.0676722,501.0674641,0.782608696,0.565217391,C23 H18 O13,23.0,18.0,13.0,0.0,0.0,0.0,0.0,0.0,0.0,tannin,0.9122414019806481
257,257,499.2344053,499.2339667,499.2337416,1.285714286,0.285714286,C28 H36 O8,28.0,36.0,8.0,0.0,0.0,0.0,0.0,0.0,0.0,lignin,0.8562150277618212
258,258,499.2190632,499.2186246,499.2184854,1.5,0.458333333,C24 H36 O11,24.0,36.0,11.0,0.0,0.0,0.0,0.0,0.0,0.0,lignin,0.8443707041643325
259,259,499.1979007,499.1974621,499.1973561,1.185185185,0.333333333,C27 H32 O9,27.0,32.0,9.0,0.0,0.0,0.0,0.0,0.0,0.0,lignin,0.8631900133377295
260,260,499.1825658,499.1821272,499.1820999,1.391304348,0.52173913,C23 H32 O12,23.0,32.0,12.0,0.0,0.0,0.0,0.0,0.0,0.0,lignin,0.8538998165512514
261,261,499.1613308,499.1608922,499.1609706,1.076923077,0.384615385,C26 H28 O10,26.0,28.0,10.0,0.0,0.0,0.0,0.0,0.0,0.0,lignin,0.9412146922616046
262,262,499.1460268,499.1455883,499.1457144,1.272727273,0.590909091,C22 H28 O13,22.0,28.0,13.0,0.0,0.0,0.0,0.0,0.0,0.0,lignin,0.8681104727274969
263,263,499.1379614,499.1375228,499.1373393,0.727272727,0.090909091,C33 H24 O3 S1,33.0,24.0,3.0,1.0,0.0,0.0,0.0,0.0,0.0,pah,0.9557300856925846
264,264,499.124891,499.1244525,499.1245851,0.96,0.44,C25 H24 O11,25.0,24.0,11.0,0.0,0.0,0.0,0.0,0.0,0.0,lignin,0.9379356435485897
265,265,499.109653,499.1092145,499.1093289,1.142857143,0.666666667,C21 H24 O14,21.0,24.0,14.0,0.0,0.0,0.0,0.0,0.0,0.0,lignin,0.8625030633172301
266,266,499.088564,499.0881256,499.0881995,0.833333333,0.5,C24 H20 O12,24.0,20.0,12.0,0.0,0.0,0.0,0.0,0.0,0.0,tannin,0.9108462186971457
267,267,499.0733402,499.0729018,499.0729434,1.0,0.75,C20 H20 O15,20.0,20.0,15.0,0.0,0.0,0.0,0.0,0.0,0.0,lignin,0.9360192879463437
268,268,499.052282,499.0518436,499.051814,0.695652174,0.565217391,C23 H16 O13,23.0,16.0,13.0,0.0,0.0,0.0,0.0,0.0,0.0,tannin,0.8991382066433682
269,269,497.239627,497.2391912,497.2392209,1.52,0.4,C25 H38 O10,25.0,38.0,10.0,0.0,0.0,0.0,0.0,0.0,0.0,lignin,0.7154063548123171
270,270,497.2186176,497.2181818,497.2180915,1.214285714,0.285714286,C28 H34 O8,28.0,34.0,8.0,0.0,0.0,0.0,0.0,0.0,0.0,lignin,0.8616302270694849
271,271,497.2034175,497.2029817,497.2028354,1.416666667,0.458333333,C24 H34 O11,24.0,34.0,11.0,0.0,0.0,0.0,0.0,0.0,0.0,lignin,0.8545238466300615
272,272,497.1670975,497.1666617,497.1664499,1.304347826,0.52173913,C23 H30 O12,23.0,30.0,12.0,0.0,0.0,0.0,0.0,0.0,0.0,lignin,0.8576721475044785
273,273,497.1306549,497.1302192,497.1300644,1.181818182,0.590909091,C22 H26 O13,22.0,26.0,13.0,0.0,0.0,0.0,0.0,0.0,0.0,lignin,0.8619473322064517
274,274,497.1093538,497.1089182,497.108935,0.88,0.44,C25 H22 O11,25.0,22.0,11.0,0.0,0.0,0.0,0.0,0.0,0.0,tannin,0.9092318945537826
275,275,497.0939757,497.0935401,497.0936789,1.047619048,0.666666667,C21 H22 O14,21.0,22.0,14.0,0.0,0.0,0.0,0.0,0.0,0.0,lignin,0.9367198920303622
276,276,497.0727754,497.0723398,497.0725495,0.75,0.5,C24 H18 O12,24.0,18.0,12.0,0.0,0.0,0.0,0.0,0.0,0.0,tannin,0.9032489768593457
277,277,497.0575134,497.0570778,497.0572933,0.9,0.75,C20 H18 O15,20.0,18.0,15.0,0.0,0.0,0.0,0.0,0.0,0.0,tannin,0.9055097851631814
278,278,496.1908726,496.1904382,496.1905401,1.391304348,0.47826087,C23 H32 O11 13C1,24.0,32.0,11.0,0.0,0.0,1.0,0.0,0.0,0.0,lignin,0.8550778583401446
279,279,495.2601884,495.2597553,495.2599563,1.538461538,0.346153846,C26 H40 O9,26.0,40.0,9.0,0.0,0.0,0.0,0.0,0.0,0.0,lipid,0.8942544063203981
280,280,495.239318,495.238885,495.238827,1.24137931,0.24137931,C29 H36 O7,29.0,36.0,7.0,0.0,0.0,0.0,0.0,0.0,0.0,lignin,0.858725546279486
281,281,495.2239152,495.2234822,495.2235708,1.44,0.4,C25 H36 O10,25.0,36.0,10.0,0.0,0.0,0.0,0.0,0.0,0.0,lignin,0.8526898266792393
282,282,495.1877975,495.1873646,495.1871853,1.333333333,0.458333333,C24 H32 O11,24.0,32.0,11.0,0.0,0.0,0.0,0.0,0.0,0.0,lignin,0.8560050922869769
283,283,495.115009,495.1145761,495.1144143,1.090909091,0.590909091,C22 H24 O13,22.0,24.0,13.0,0.0,0.0,0.0,0.0,0.0,0.0,lignin,0.9270874328737305
284,284,495.0937236,495.0932908,495.0932849,0.8,0.44,C25 H20 O11,25.0,20.0,11.0,0.0,0.0,0.0,0.0,0.0,0.0,tannin,0.9095307186672607
285,285,495.0783536,495.0779208,495.0780288,0.952380952,0.666666667,C21 H20 O14,21.0,20.0,14.0,0.0,0.0,0.0,0.0,0.0,0.0,lignin,0.6072375098840981
286,286,495.0571056,495.0566728,495.0568994,0.666666667,0.5,C24 H16 O12,24.0,16.0,12.0,0.0,0.0,0.0,0.0,0.0,0.0,tannin,0.87814781580687
287,287,495.0418349,495.0414021,495.0416433,0.8,0.75,C20 H16 O15,20.0,16.0,15.0,0.0,0.0,0.0,0.0,0.0,0.0,tannin,0.9123376895015239
288,288,494.2117401,494.2113085,494.2112756,1.416666667,0.416666667,C24 H34 O10 13C1,25.0,34.0,10.0,0.0,0.0,1.0,0.0,0.0,0.0,lignin,0.8535325729837526
289,289,494.1751138,494.1746823,494.1748901,1.304347826,0.47826087,C23 H30 O11 13C1,24.0,30.0,11.0,0.0,0.0,1.0,0.0,0.0,0.0,lignin,0.8577465357949408
290,290,493.244619,493.2441888,493.2443063,1.461538462,0.346153846,C26 H38 O9,26.0,38.0,9.0,0.0,0.0,0.0,0.0,0.0,0.0,lignin,0.7213270459284509
291,291,493.2424332,493.242003,493.2418043,1.266666667,0.133333333,C30 H38 O4 S1,30.0,38.0,4.0,1.0,0.0,0.0,0.0,0.0,0.0,lignin,0.855426146924884
292,292,493.2084858,493.2080556,493.2079208,1.36,0.4,C25 H34 O10,25.0,34.0,10.0,0.0,0.0,0.0,0.0,0.0,0.0,lignin,0.8549941910681123
293,293,493.1721699,493.1717398,493.1715353,1.25,0.458333333,C24 H30 O11,24.0,30.0,11.0,0.0,0.0,0.0,0.0,0.0,0.0,lignin,0.8595690676139849
294,294,493.1357258,493.1352958,493.1351497,1.130434783,0.52173913,C23 H26 O12,23.0,26.0,12.0,0.0,0.0,0.0,0.0,0.0,0.0,lignin,0.8651587117835969
295,295,493.0991482,493.0987182,493.0987642,1.0,0.590909091,C22 H22 O13,22.0,22.0,13.0,0.0,0.0,0.0,0.0,0.0,0.0,lignin,0.9372635403054226
296,296,493.0779365,493.0775065,493.0776349,0.72,0.44,C25 H18 O11,25.0,18.0,11.0,0.0,0.0,0.0,0.0,0.0,0.0,tannin,0.8795033813160232
297,297,493.0626425,493.0622125,493.0623787,0.857142857,0.666666667,C21 H18 O14,21.0,18.0,14.0,0.0,0.0,0.0,0.0,0.0,0.0,tannin,0.9064849795306843
298,298,492.2324109,492.2319821,492.232011,1.44,0.36,C25 H36 O9 13C1,26.0,36.0,9.0,0.0,0.0,1.0,0.0,0.0,0.0,lignin,0.8524545849722379
299,299,492.1959183,492.1954895,492.1956255,1.333333333,0.416666667,C24 H32 O10 13C1,25.0,32.0,10.0,0.0,0.0,1.0,0.0,0.0,0.0,lignin,0.8558634344216982
300,300,492.1595899,492.1591612,492.15924,1.217391304,0.47826087,C23 H28 O11 13C1,24.0,28.0,11.0,0.0,0.0,1.0,0.0,0.0,0.0,lignin,0.8607558048809869
301,301,491.2654368,491.2650093,491.2650417,1.481481481,0.296296296,C27 H40 O8,27.0,40.0,8.0,0.0,0.0,0.0,0.0,0.0,0.0,lipid,0.7450201190480755
302,302,491.2291986,491.2287711,491.2286562,1.384615385,0.346153846,C26 H36 O9,26.0,36.0,9.0,0.0,0.0,0.0,0.0,0.0,0.0,lignin,0.8538167710295477
303,303,491.1928643,491.192437,491.1922707,1.28,0.4,C25 H32 O10,25.0,32.0,10.0,0.0,0.0,0.0,0.0,0.0,0.0,lignin,0.8584682436155102
304,304,491.1564335,491.1560061,491.1558852,1.166666667,0.458333333,C24 H28 O11,24.0,28.0,11.0,0.0,0.0,0.0,0.0,0.0,0.0,lignin,0.8638544705892126
305,305,491.1199409,491.1195136,491.1194997,1.043478261,0.52173913,C23 H24 O12,23.0,24.0,12.0,0.0,0.0,0.0,0.0,0.0,0.0,lignin,0.938261808448153
306,306,491.0834319,491.0830047,491.0831142,0.909090909,0.590909091,C22 H20 O13,22.0,20.0,13.0,0.0,0.0,0.0,0.0,0.0,0.0,tannin,0.9040414688712483
307,307,491.0470833,491.0466561,491.0467287,0.761904762,0.666666667,C21 H16 O14,21.0,16.0,14.0,0.0,0.0,0.0,0.0,0.0,0.0,tannin,0.9131113122878798
308,308,491.0447212,491.0442941,491.0442267,0.64,0.36,C25 H16 O9 S1,25.0,16.0,9.0,1.0,0.0,0.0,0.0,0.0,0.0,tannin,0.6144570715464264
309,309,490.2166251,490.2161991,490.216361,1.36,0.36,C25 H34 O9 13C1,26.0,34.0,9.0,0.0,0.0,1.0,0.0,0.0,0.0,lignin,0.8547163326404347
310,310,490.1803237,490.1798978,490.1799755,1.25,0.416666667,C24 H30 O10 13C1,25.0,30.0,10.0,0.0,0.0,1.0,0.0,0.0,0.0,lignin,0.8596050875510549
311,311,489.2500279,489.2496032,489.2493916,1.407407407,0.296296296,C27 H38 O8,27.0,38.0,8.0,0.0,0.0,0.0,0.0,0.0,0.0,lignin,0.8527570281405199
312,312,489.2136532,489.2132286,489.2130061,1.307692308,0.346153846,C26 H34 O9,26.0,34.0,9.0,0.0,0.0,0.0,0.0,0.0,0.0,lignin,0.8561614769532966
313,313,489.1770515,489.1766269,489.1766206,1.2,0.4,C25 H30 O10,25.0,30.0,10.0,0.0,0.0,0.0,0.0,0.0,0.0,lignin,0.8624519255261431
314,314,489.1535362,489.1531117,489.1529893,0.8125,0.09375,C32 H26 O3 S1,32.0,26.0,3.0,1.0,0.0,0.0,0.0,0.0,0.0,pah,0.956328707166139
315,315,489.1404322,489.1400077,489.1402351,1.083333333,0.458333333,C24 H26 O11,24.0,26.0,11.0,0.0,0.0,0.0,0.0,0.0,0.0,lignin,0.9399671975497912
316,316,489.1041007,489.1036762,489.1038496,0.956521739,0.52173913,C23 H22 O12,23.0,22.0,12.0,0.0,0.0,0.0,0.0,0.0,0.0,lignin,0.9373153799200307
317,317,489.0680216,489.0675972,489.0674641,0.818181818,0.590909091,C22 H18 O13,22.0,18.0,13.0,0.0,0.0,0.0,0.0,0.0,0.0,tannin,0.9113929847675786
318,318,487.2340002,487.2335784,487.2337416,1.333333333,0.296296296,C27 H36 O8,27.0,36.0,8.0,0.0,0.0,0.0,0.0,0.0,0.0,lignin,0.8547541698813843
319,319,487.1975939,487.1971721,487.1973561,1.230769231,0.346153846,C26 H32 O9,26.0,32.0,9.0,0.0,0.0,0.0,0.0,0.0,0.0,lignin,0.8601927440400632
320,320,487.1823822,487.1819605,487.1820999,1.454545455,0.545454545,C22 H32 O12,22.0,32.0,12.0,0.0,0.0,0.0,0.0,0.0,0.0,lignin,0.8771773387749441
321,321,487.1743672,487.1739454,487.1737248,0.848484848,0.060606061,C33 H28 O2 S1,33.0,28.0,2.0,1.0,0.0,0.0,0.0,0.0,0.0,pah,0.9569295522683724
322,322,487.1613832,487.1609615,487.1609706,1.12,0.4,C25 H28 O10,25.0,28.0,10.0,0.0,0.0,0.0,0.0,0.0,0.0,lignin,0.8661917050440969
323,323,487.1462296,487.1458079,487.1457144,1.333333333,0.619047619,C21 H28 O13,21.0,28.0,13.0,0.0,0.0,0.0,0.0,0.0,0.0,lignin,0.8782549353152677
324,324,487.1252103,487.1247886,487.1245851,1.0,0.458333333,C24 H24 O11,24.0,24.0,11.0,0.0,0.0,0.0,0.0,0.0,0.0,lignin,0.9384529121977174
325,325,487.1099685,487.1095468,487.1093289,1.2,0.7,C20 H24 O14,20.0,24.0,14.0,0.0,0.0,0.0,0.0,0.0,0.0,lignin,0.8701115474426049
326,326,487.0888264,487.0884048,487.0881995,0.869565217,0.52173913,C23 H20 O12,23.0,20.0,12.0,0.0,0.0,0.0,0.0,0.0,0.0,tannin,0.9096027845342846
327,327,487.0735087,487.0730871,487.0729434,1.052631579,0.789473684,C19 H20 O15,19.0,20.0,15.0,0.0,0.0,0.0,0.0,0.0,0.0,lignin,0.9586510958604177
328,328,487.0523055,487.0518839,487.051814,0.727272727,0.590909091,C22 H16 O13,22.0,16.0,13.0,0.0,0.0,0.0,0.0,0.0,0.0,tannin,0.9113169424727593
329,329,486.2828854,486.2824649,486.2823325,2.19047619,0.428571429,C21 H46 O9 S1 13C1,22.0,46.0,9.0,1.0,0.0,1.0,0.0,0.0,0.0,lipid,0.881259435185816
330,330,485.2792328,485.2788137,485.2789777,2.090909091,0.409090909,C22 H46 O9 S1,22.0,46.0,9.0,1.0,0.0,0.0,0.0,0.0,0.0,lipid,0.8804812793386507
331,331,485.2548026,485.2543835,485.254477,1.357142857,0.25,C28 H38 O7,28.0,38.0,7.0,0.0,0.0,0.0,0.0,0.0,0.0,lignin,0.8536779122335888
332,332,485.2186425,485.2182235,485.2180915,1.259259259,0.296296296,C27 H34 O8,27.0,34.0,8.0,0.0,0.0,0.0,0.0,0.0,0.0,lignin,0.8585367017335954
333,333,485.2034794,485.2030604,485.2028354,1.47826087,0.47826087,C23 H34 O11,23.0,34.0,11.0,0.0,0.0,0.0,0.0,0.0,0.0,lignin,0.8449842918534329
334,334,485.1823468,485.1819278,485.181706,1.153846154,0.346153846,C26 H30 O9,26.0,30.0,9.0,0.0,0.0,0.0,0.0,0.0,0.0,lignin,0.8649317990212347
335,335,485.1670856,485.1666667,485.1664499,1.363636364,0.545454545,C22 H30 O12,22.0,30.0,12.0,0.0,0.0,0.0,0.0,0.0,0.0,lignin,0.8556858842424461
336,336,485.145857,485.145438,485.1453205,1.04,0.4,C25 H26 O10,25.0,26.0,10.0,0.0,0.0,0.0,0.0,0.0,0.0,lignin,0.939829179754654
337,337,485.1305206,485.1301017,485.1300644,1.238095238,0.619047619,C21 H26 O13,21.0,26.0,13.0,0.0,0.0,0.0,0.0,0.0,0.0,lignin,0.868984197584127
338,338,485.1092273,485.1088084,485.108935,0.916666667,0.458333333,C24 H22 O11,24.0,22.0,11.0,0.0,0.0,0.0,0.0,0.0,0.0,tannin,0.9083934022347548
339,339,485.09389,485.0934711,485.0936789,1.1,0.7,C20 H22 O14,20.0,22.0,14.0,0.0,0.0,0.0,0.0,0.0,0.0,lignin,0.8969471571874055
340,340,485.0727424,485.0723236,485.0725495,0.782608696,0.52173913,C23 H18 O12,23.0,18.0,12.0,0.0,0.0,0.0,0.0,0.0,0.0,tannin,0.9121401570239355
341,341,485.0575351,485.0571163,485.0572933,0.947368421,0.789473684,C19 H18 O15,19.0,18.0,15.0,0.0,0.0,0.0,0.0,0.0,0.0,tannin,0.9041489176644226
342,342,485.0366114,485.0361926,485.036164,0.636363636,0.590909091,C22 H14 O13,22.0,14.0,13.0,0.0,0.0,0.0,0.0,0.0,0.0,tannin,0.8822679645159603
343,343,483.2237969,483.2233807,483.2235708,1.5,0.416666667,C24 H36 O10,24.0,36.0,10.0,0.0,0.0,0.0,0.0,0.0,0.0,lignin,0.8461609361572195
344,344,483.2026646,483.2022483,483.2024415,1.185185185,0.296296296,C27 H32 O8,27.0,32.0,8.0,0.0,0.0,0.0,0.0,0.0,0.0,lignin,0.8630785765317196
345,345,483.1874543,483.1870381,483.1871853,1.391304348,0.47826087,C23 H32 O11,23.0,32.0,11.0,0.0,0.0,0.0,0.0,0.0,0.0,lignin,0.8550778583401446
346,346,483.1794217,483.1790055,483.1788102,0.823529412,0.029411765,C34 H28 O1 S1,34.0,28.0,1.0,1.0,0.0,0.0,0.0,0.0,0.0,pah,0.9567475642901542
347,347,483.151352,483.1509359,483.1507998,1.272727273,0.545454545,C22 H28 O12,22.0,28.0,12.0,0.0,0.0,0.0,0.0,0.0,0.0,lignin,0.8585615403772945
348,348,483.1302904,483.1298743,483.1296704,0.96,0.4,C25 H24 O10,25.0,24.0,10.0,0.0,0.0,0.0,0.0,0.0,0.0,lignin,0.9382387848066245
349,349,483.1150502,483.1146341,483.1144143,1.142857143,0.619047619,C21 H24 O13,21.0,24.0,13.0,0.0,0.0,0.0,0.0,0.0,0.0,lignin,0.8631833212336393
350,350,483.0939119,483.0934958,483.0932849,0.833333333,0.458333333,C24 H20 O11,24.0,20.0,11.0,0.0,0.0,0.0,0.0,0.0,0.0,tannin,0.9107747757281182
351,351,483.0785821,483.078166,483.0780288,1.0,0.7,C20 H20 O14,20.0,20.0,14.0,0.0,0.0,0.0,0.0,0.0,0.0,lignin,0.9363989568870723
352,352,483.0573539,483.0569379,483.0568994,0.695652174,0.52173913,C23 H16 O12,23.0,16.0,12.0,0.0,0.0,0.0,0.0,0.0,0.0,tannin,0.8854020111530485
353,353,483.0420136,483.0415976,483.0416433,0.842105263,0.789473684,C19 H16 O15,19.0,16.0,15.0,0.0,0.0,0.0,0.0,0.0,0.0,tannin,0.9082299847672715
354,354,482.1751963,482.1747816,482.1748901,1.363636364,0.5,C22 H30 O11 13C1,23.0,30.0,11.0,0.0,0.0,1.0,0.0,0.0,0.0,lignin,0.856138185792131
355,355,482.1670784,482.1666636,482.1665149,0.787878788,0.03030303,C33 H26 O1 S1 13C1,34.0,26.0,1.0,1.0,0.0,1.0,0.0,0.0,0.0,pah,0.9563424164474916
356,356,482.1670784,482.1666636,482.1667842,1.318181818,0.5,C22 H29 O11 N1,22.0,29.0,11.0,0.0,1.0,0.0,0.0,0.0,0.0454545454545454,lignin,0.856196835373399
357,357,482.1388625,482.1384477,482.1385046,1.238095238,0.571428571,C21 H26 O12 13C1,22.0,26.0,12.0,0.0,0.0,1.0,0.0,0.0,0.0,lignin,0.8594944386425007
358,358,481.2448811,481.2444676,481.2443063,1.52,0.36,C25 H38 O9,25.0,38.0,9.0,0.0,0.0,0.0,0.0,0.0,0.0,lipid,0.5975280669834855
359,359,481.2084935,481.2080801,481.2079208,1.416666667,0.416666667,C24 H34 O10,24.0,34.0,10.0,0.0,0.0,0.0,0.0,0.0,0.0,lignin,0.8535325729837526
360,360,481.1718907,481.1714773,481.1715353,1.304347826,0.47826087,C23 H30 O11,23.0,30.0,11.0,0.0,0.0,0.0,0.0,0.0,0.0,lignin,0.8577465357949408
361,361,481.1637517,481.1633383,481.1631601,0.764705882,0.029411765,C34 H26 O1 S1,34.0,26.0,1.0,1.0,0.0,0.0,0.0,0.0,0.0,pah,0.9561458642253877
362,362,481.1353519,481.1349386,481.1351497,1.181818182,0.545454545,C22 H26 O12,22.0,26.0,12.0,0.0,0.0,0.0,0.0,0.0,0.0,lignin,0.8623792859303526
363,363,481.0990983,481.098685,481.0987642,1.047619048,0.619047619,C21 H22 O13,21.0,22.0,13.0,0.0,0.0,0.0,0.0,0.0,0.0,lignin,0.9372142258588783
364,364,481.0781835,481.0777702,481.0776349,0.75,0.458333333,C24 H18 O11,24.0,18.0,11.0,0.0,0.0,0.0,0.0,0.0,0.0,tannin,0.8907004780183643
365,365,481.0630024,481.0625891,481.0623787,0.9,0.7,C20 H18 O14,20.0,18.0,14.0,0.0,0.0,0.0,0.0,0.0,0.0,tannin,0.904839652154729
366,366,480.1962133,480.1958012,480.1956255,1.391304348,0.434782609,C23 H32 O10 13C1,24.0,32.0,10.0,0.0,0.0,1.0,0.0,0.0,0.0,lignin,0.8543920856695252
367,367,480.1596001,480.1591881,480.15924,1.272727273,0.5,C22 H28 O11 13C1,23.0,28.0,11.0,0.0,0.0,1.0,0.0,0.0,0.0,lignin,0.8587056415866581
368,368,480.1230424,480.1226304,480.1228545,1.142857143,0.571428571,C21 H24 O12 13C1,22.0,24.0,12.0,0.0,0.0,1.0,0.0,0.0,0.0,lignin,0.8638495022608617
369,369,479.2292363,479.2288256,479.2286562,1.44,0.36,C25 H36 O9,25.0,36.0,9.0,0.0,0.0,0.0,0.0,0.0,0.0,lignin,0.8524545849722379
370,370,479.1928461,479.1924355,479.1922707,1.333333333,0.416666667,C24 H32 O10,24.0,32.0,10.0,0.0,0.0,0.0,0.0,0.0,0.0,lignin,0.8558634344216982
371,371,479.1563044,479.1558938,479.1558852,1.217391304,0.47826087,C23 H28 O11,23.0,28.0,11.0,0.0,0.0,0.0,0.0,0.0,0.0,lignin,0.8607558048809869
372,372,479.1197893,479.1193788,479.1194997,1.090909091,0.545454545,C22 H24 O12,22.0,24.0,12.0,0.0,0.0,0.0,0.0,0.0,0.0,lignin,0.9361269209800998
373,373,479.0834535,479.083043,479.0831142,0.952380952,0.619047619,C21 H20 O13,21.0,20.0,13.0,0.0,0.0,0.0,0.0,0.0,0.0,lignin,0.6074923047899838
374,374,479.0624099,479.0619994,479.0619848,0.666666667,0.458333333,C24 H16 O11,24.0,16.0,11.0,0.0,0.0,0.0,0.0,0.0,0.0,tannin,0.8233488057811835
375,375,479.0472512,479.0468407,479.0467287,0.8,0.7,C20 H16 O14,20.0,16.0,14.0,0.0,0.0,0.0,0.0,0.0,0.0,tannin,0.9119703949043423
376,376,478.2168965,478.2164872,478.216361,1.416666667,0.375,C24 H34 O9 13C1,25.0,34.0,9.0,0.0,0.0,1.0,0.0,0.0,0.0,lignin,0.8533931407470099
377,377,478.1806074,478.1801981,478.1799755,1.304347826,0.434782609,C23 H30 O10 13C1,24.0,30.0,10.0,0.0,0.0,1.0,0.0,0.0,0.0,lignin,0.8577486572000133
378,378,478.1439923,478.1435831,478.14359,1.181818182,0.5,C22 H26 O11 13C1,23.0,26.0,11.0,0.0,0.0,1.0,0.0,0.0,0.0,lignin,0.8628004465333037
379,379,477.2497201,477.2493121,477.2493916,1.461538462,0.307692308,C26 H38 O8,26.0,38.0,8.0,0.0,0.0,0.0,0.0,0.0,0.0,lipid,0.597686104002271
380,380,477.2135898,477.2131819,477.2130061,1.36,0.36,C25 H34 O9,25.0,34.0,9.0,0.0,0.0,0.0,0.0,0.0,0.0,lignin,0.8547163326404347
381,381,477.1772478,477.17684,477.1766206,1.25,0.416666667,C24 H30 O10,24.0,30.0,10.0,0.0,0.0,0.0,0.0,0.0,0.0,lignin,0.8596050875510549
382,382,477.1406511,477.1402433,477.1402351,1.130434783,0.47826087,C23 H26 O11,23.0,26.0,11.0,0.0,0.0,0.0,0.0,0.0,0.0,lignin,0.8656700598823249
383,383,477.1040503,477.1036425,477.1038496,1.0,0.545454545,C22 H22 O12,22.0,22.0,12.0,0.0,0.0,0.0,0.0,0.0,0.0,lignin,0.9376762954986292
384,384,477.0677444,477.0673367,477.0674641,0.857142857,0.619047619,C21 H18 O13,21.0,18.0,13.0,0.0,0.0,0.0,0.0,0.0,0.0,tannin,0.9101006203540747
385,385,476.2012971,476.2008906,476.2007109,1.333333333,0.375,C24 H32 O9 13C1,25.0,32.0,9.0,0.0,0.0,1.0,0.0,0.0,0.0,lignin,0.8556167225618718
386,386,476.1648273,476.1644208,476.1643254,1.217391304,0.434782609,C23 H28 O10 13C1,24.0,28.0,10.0,0.0,0.0,1.0,0.0,0.0,0.0,lignin,0.8608926876246871
387,387,475.2342721,475.2338669,475.2337416,1.384615385,0.307692308,C26 H36 O8,26.0,36.0,8.0,0.0,0.0,0.0,0.0,0.0,0.0,lignin,0.8534481397421324
388,388,475.197924,475.1975188,475.1973561,1.28,0.36,C25 H32 O9,25.0,32.0,9.0,0.0,0.0,0.0,0.0,0.0,0.0,lignin,0.8583132135885171
389,389,475.1614567,475.1610516,475.1609706,1.166666667,0.416666667,C24 H28 O10,24.0,28.0,10.0,0.0,0.0,0.0,0.0,0.0,0.0,lignin,0.8640829332157646
390,390,475.1248714,475.1244664,475.1245851,1.043478261,0.47826087,C23 H24 O11,23.0,24.0,11.0,0.0,0.0,0.0,0.0,0.0,0.0,lignin,0.9388068518747831
391,391,475.08842,475.0880151,475.0881995,0.909090909,0.545454545,C22 H20 O12,22.0,20.0,12.0,0.0,0.0,0.0,0.0,0.0,0.0,tannin,0.9039067005377687
392,392,475.0732201,475.0728151,475.0729434,1.111111111,0.833333333,C18 H20 O15,18.0,20.0,15.0,0.0,0.0,0.0,0.0,0.0,0.0,lignin,0.6713240489660419
393,393,475.0522647,475.0518598,475.051814,0.761904762,0.619047619,C21 H16 O13,21.0,16.0,13.0,0.0,0.0,0.0,0.0,0.0,0.0,tannin,0.912894992236496
394,394,475.0498606,475.0494557,475.0493121,0.64,0.32,C25 H16 O8 S1,25.0,16.0,8.0,1.0,0.0,0.0,0.0,0.0,0.0,pah,0.6270420404620187
395,395,473.218606,473.2182036,473.2180915,1.307692308,0.307692308,C26 H34 O8,26.0,34.0,8.0,0.0,0.0,0.0,0.0,0.0,0.0,lignin,0.8556884828481547
396,396,473.1819854,473.181583,473.181706,1.2,0.36,C25 H30 O9,25.0,30.0,9.0,0.0,0.0,0.0,0.0,0.0,0.0,lignin,0.862485067919747
397,397,473.1667054,473.1663031,473.1664499,1.428571429,0.571428571,C21 H30 O12,21.0,30.0,12.0,0.0,0.0,0.0,0.0,0.0,0.0,lignin,0.8676465340958656
398,398,473.1585944,473.1581921,473.1580747,0.8125,0.0625,C32 H26 O2 S1,32.0,26.0,2.0,1.0,0.0,0.0,0.0,0.0,0.0,pah,0.9564656681509384
399,399,473.1455454,473.1451431,473.1453205,1.083333333,0.416666667,C24 H26 O10,24.0,26.0,10.0,0.0,0.0,0.0,0.0,0.0,0.0,lignin,0.9407790399928659
400,400,473.1303011,473.1298988,473.1300644,1.3,0.65,C20 H26 O13,20.0,26.0,13.0,0.0,0.0,0.0,0.0,0.0,0.0,lignin,0.879218090447953
401,401,473.1222961,473.1218938,473.1216892,0.709677419,0.096774194,C31 H22 O3 S1,31.0,22.0,3.0,1.0,0.0,0.0,0.0,0.0,0.0,pah,0.9556155621077813
402,402,473.1093235,473.1089213,473.108935,0.956521739,0.47826087,C23 H22 O11,23.0,22.0,11.0,0.0,0.0,0.0,0.0,0.0,0.0,lignin,0.937643084669267
403,403,473.0941714,473.0937692,473.0936789,1.157894737,0.736842105,C19 H22 O14,19.0,22.0,14.0,0.0,0.0,0.0,0.0,0.0,0.0,lignin,0.8814856448872737
404,404,473.0731247,473.0727225,473.0725495,0.818181818,0.545454545,C22 H18 O12,22.0,18.0,12.0,0.0,0.0,0.0,0.0,0.0,0.0,tannin,0.9113100316406744
405,405,473.0367317,473.0363295,473.036164,0.666666667,0.619047619,C21 H14 O13,21.0,14.0,13.0,0.0,0.0,0.0,0.0,0.0,0.0,tannin,0.9003928888282259
406,406,471.2391308,471.2387311,471.238827,1.333333333,0.259259259,C27 H36 O7,27.0,36.0,7.0,0.0,0.0,0.0,0.0,0.0,0.0,lignin,0.8544190087636763
407,407,471.187385,471.1869854,471.1871853,1.454545455,0.5,C22 H32 O11,22.0,32.0,11.0,0.0,0.0,0.0,0.0,0.0,0.0,lignin,0.8457237448309295
408,408,471.179359,471.1789594,471.1788102,0.848484848,0.03030303,C33 H28 O1 S1,33.0,28.0,1.0,1.0,0.0,0.0,0.0,0.0,0.0,pah,0.9571049300584669
409,409,471.1664161,471.1660165,471.1660559,1.12,0.36,C25 H28 O9,25.0,28.0,9.0,0.0,0.0,0.0,0.0,0.0,0.0,lignin,0.8671586468098044
410,410,471.1513082,471.1509086,471.1507998,1.333333333,0.571428571,C21 H28 O12,21.0,28.0,12.0,0.0,0.0,0.0,0.0,0.0,0.0,lignin,0.8666537342541657
411,411,471.1302978,471.1298983,471.1296704,1.0,0.416666667,C24 H24 O10,24.0,24.0,10.0,0.0,0.0,0.0,0.0,0.0,0.0,lignin,0.9383729783247526
412,412,471.1150396,471.1146401,471.1144143,1.2,0.65,C20 H24 O13,20.0,24.0,13.0,0.0,0.0,0.0,0.0,0.0,0.0,lignin,0.8699529074301813
413,413,471.0938347,471.0934353,471.0932849,0.869565217,0.47826087,C23 H20 O11,23.0,20.0,11.0,0.0,0.0,0.0,0.0,0.0,0.0,tannin,0.9095448156445529
414,414,471.0785001,471.0781006,471.0780288,1.052631579,0.736842105,C19 H20 O14,19.0,20.0,14.0,0.0,0.0,0.0,0.0,0.0,0.0,lignin,0.9360934194567949
415,415,471.0571677,471.0567683,471.0568994,0.727272727,0.545454545,C22 H16 O12,22.0,16.0,12.0,0.0,0.0,0.0,0.0,0.0,0.0,tannin,0.9046069383825799
416,416,471.0418404,471.041441,471.0416433,0.888888889,0.833333333,C18 H16 O15,18.0,16.0,15.0,0.0,0.0,0.0,0.0,0.0,0.0,tannin,0.9067749959954089
417,417,471.0182747,471.0178754,471.018012,0.48,0.32,C25 H12 O8 S1,25.0,12.0,8.0,1.0,0.0,0.0,0.0,0.0,0.0,pah,0.9546525456798058
418,418,469.2842882,469.2838912,469.2840631,2.090909091,0.363636364,C22 H46 O8 S1,22.0,46.0,8.0,1.0,0.0,0.0,0.0,0.0,0.0,lipid,0.8809834091142766
419,419,469.2085198,469.2081229,469.2079208,1.47826087,0.434782609,C23 H34 O10,23.0,34.0,10.0,0.0,0.0,0.0,0.0,0.0,0.0,lignin,0.8520803277780754
420,420,469.1873416,469.1869447,469.1867914,1.153846154,0.307692308,C26 H30 O8,26.0,30.0,8.0,0.0,0.0,0.0,0.0,0.0,0.0,lignin,0.8648595441280529
421,421,469.1721149,469.171718,469.1715353,1.363636364,0.5,C22 H30 O11,22.0,30.0,11.0,0.0,0.0,0.0,0.0,0.0,0.0,lignin,0.856138185792131
422,422,469.1508404,469.1504436,469.1504059,1.04,0.36,C25 H26 O9,25.0,26.0,9.0,0.0,0.0,0.0,0.0,0.0,0.0,lignin,0.9398157555866955
423,423,469.1354608,469.135064,469.1351497,1.238095238,0.571428571,C21 H26 O12,21.0,26.0,12.0,0.0,0.0,0.0,0.0,0.0,0.0,lignin,0.8594944386425007
424,424,469.1273105,469.1269138,469.1267746,0.6875,0.0625,C32 H22 O2 S1,32.0,22.0,2.0,1.0,0.0,0.0,0.0,0.0,0.0,pah,0.9555769836528325
425,425,469.1142124,469.1138156,469.1140204,0.916666667,0.416666667,C24 H22 O10,24.0,22.0,10.0,0.0,0.0,0.0,0.0,0.0,0.0,tannin,0.9083203476808999
426,426,469.0989461,469.0985494,469.0987642,1.1,0.65,C20 H22 O13,20.0,22.0,13.0,0.0,0.0,0.0,0.0,0.0,0.0,lignin,0.8972326078583477
427,427,469.0779134,469.0775167,469.0776349,0.782608696,0.47826087,C23 H18 O11,23.0,18.0,11.0,0.0,0.0,0.0,0.0,0.0,0.0,tannin,0.9103326945295329
428,428,469.0627859,469.0623892,469.0623787,0.947368421,0.736842105,C19 H18 O14,19.0,18.0,14.0,0.0,0.0,0.0,0.0,0.0,0.0,tannin,0.7313513320789486
429,429,468.1958927,468.1954973,468.1956255,1.454545455,0.454545455,C22 H32 O10 13C1,23.0,32.0,10.0,0.0,0.0,1.0,0.0,0.0,0.0,lignin,0.8525940152065388
430,430,468.1594245,468.1590291,468.15924,1.333333333,0.523809524,C21 H28 O11 13C1,22.0,28.0,11.0,0.0,0.0,1.0,0.0,0.0,0.0,lignin,0.8569019814163139
431,431,467.2289122,467.228518,467.2286562,1.5,0.375,C24 H36 O9,24.0,36.0,9.0,0.0,0.0,0.0,0.0,0.0,0.0,lignin,0.7210066780751461
432,432,467.1925603,467.1921662,467.1922707,1.391304348,0.434782609,C23 H32 O10,23.0,32.0,10.0,0.0,0.0,0.0,0.0,0.0,0.0,lignin,0.8543920856695252
433,433,467.1563762,467.1559822,467.1558852,1.272727273,0.5,C22 H28 O11,22.0,28.0,11.0,0.0,0.0,0.0,0.0,0.0,0.0,lignin,0.8587056415866581
434,434,467.1201031,467.1197091,467.1194997,1.142857143,0.571428571,C21 H24 O12,21.0,24.0,12.0,0.0,0.0,0.0,0.0,0.0,0.0,lignin,0.8638495022608617
435,435,467.0989012,467.0985072,467.0983703,0.833333333,0.416666667,C24 H20 O10,24.0,20.0,10.0,0.0,0.0,0.0,0.0,0.0,0.0,tannin,0.9106132019608403
436,436,467.0835929,467.0831989,467.0831142,1.0,0.65,C20 H20 O13,20.0,20.0,13.0,0.0,0.0,0.0,0.0,0.0,0.0,lignin,0.9367628708870519
437,437,467.0623026,467.0619087,467.0619848,0.695652174,0.47826087,C23 H16 O11,23.0,16.0,11.0,0.0,0.0,0.0,0.0,0.0,0.0,tannin,0.8797836069856393
438,438,467.0469327,467.0465388,467.0467287,0.842105263,0.736842105,C19 H16 O14,19.0,16.0,14.0,0.0,0.0,0.0,0.0,0.0,0.0,tannin,0.9077323000238895
439,439,466.2169529,466.2165601,466.216361,1.47826087,0.391304348,C23 H34 O9 13C1,24.0,34.0,9.0,0.0,0.0,1.0,0.0,0.0,0.0,lignin,0.8518162676464807
440,440,466.1439796,466.1435869,466.14359,1.238095238,0.523809524,C21 H26 O11 13C1,22.0,26.0,11.0,0.0,0.0,1.0,0.0,0.0,0.0,lignin,0.8597655219129055
441,441,465.2499276,465.2495361,465.2493916,1.52,0.32,C25 H38 O8,25.0,38.0,8.0,0.0,0.0,0.0,0.0,0.0,0.0,lipid,0.9052839692226714
442,442,465.2133538,465.2129625,465.2130061,1.416666667,0.375,C24 H34 O9,24.0,34.0,9.0,0.0,0.0,0.0,0.0,0.0,0.0,lignin,0.8533931407470099
443,443,465.1768593,465.176468,465.1766206,1.304347826,0.434782609,C23 H30 O10,23.0,30.0,10.0,0.0,0.0,0.0,0.0,0.0,0.0,lignin,0.8577486572000133
444,444,465.1687917,465.1684004,465.1682455,0.764705882,0.0,C34 H26 S1,34.0,26.0,0.0,1.0,0.0,0.0,0.0,0.0,0.0,pah,0.9562309673885254
445,445,465.140544,465.1401527,465.1402351,1.181818182,0.5,C22 H26 O11,22.0,26.0,11.0,0.0,0.0,0.0,0.0,0.0,0.0,lignin,0.8628004465333037
446,446,465.1043369,465.1039456,465.1038496,1.047619048,0.571428571,C21 H22 O12,21.0,22.0,12.0,0.0,0.0,0.0,0.0,0.0,0.0,lignin,0.9377261204168679
447,447,465.0680256,465.0676344,465.0674641,0.9,0.65,C20 H18 O13,20.0,18.0,13.0,0.0,0.0,0.0,0.0,0.0,0.0,tannin,0.9045962786836818
448,448,464.2010984,464.2007084,464.2007109,1.391304348,0.391304348,C23 H32 O9 13C1,24.0,32.0,9.0,0.0,0.0,1.0,0.0,0.0,0.0,lignin,0.8541452301162991
449,449,464.1649419,464.1645519,464.1643254,1.272727273,0.454545455,C22 H28 O10 13C1,23.0,28.0,10.0,0.0,0.0,1.0,0.0,0.0,0.0,lignin,0.8587978397358015
450,450,463.2342948,463.2339061,463.2337416,1.44,0.32,C25 H36 O8,25.0,36.0,8.0,0.0,0.0,0.0,0.0,0.0,0.0,lignin,0.7217167477226758
451,451,463.1977447,463.1973561,463.1973561,1.333333333,0.375,C24 H32 O9,24.0,32.0,9.0,0.0,0.0,0.0,0.0,0.0,0.0,lignin,0.8556167225618718
452,452,463.1612165,463.160828,463.1609706,1.217391304,0.434782609,C23 H28 O10,23.0,28.0,10.0,0.0,0.0,0.0,0.0,0.0,0.0,lignin,0.8608926876246871
453,453,463.1248901,463.1245016,463.1245851,1.090909091,0.5,C22 H24 O11,22.0,24.0,11.0,0.0,0.0,0.0,0.0,0.0,0.0,lignin,0.9393649682670878
454,454,463.0886716,463.0882831,463.0881995,0.952380952,0.571428571,C21 H20 O12,21.0,20.0,12.0,0.0,0.0,0.0,0.0,0.0,0.0,lignin,0.6077937751426358
455,455,463.0523644,463.051976,463.051814,0.8,0.65,C20 H16 O13,20.0,16.0,13.0,0.0,0.0,0.0,0.0,0.0,0.0,tannin,0.9120438747414192
456,456,462.1854755,462.1850882,462.1850608,1.304347826,0.391304348,C23 H30 O9 13C1,24.0,30.0,9.0,0.0,0.0,1.0,0.0,0.0,0.0,lignin,0.8566188534606622
457,457,462.1492755,462.1488883,462.1486753,1.181818182,0.454545455,C22 H26 O10 13C1,23.0,26.0,10.0,0.0,0.0,1.0,0.0,0.0,0.0,lignin,0.863120683281782
458,458,461.2185902,461.2182043,461.2180915,1.36,0.32,C25 H34 O8,25.0,34.0,8.0,0.0,0.0,0.0,0.0,0.0,0.0,lignin,0.8542229494600937
459,459,461.1820318,461.1816459,461.181706,1.25,0.375,C24 H30 O9,24.0,30.0,9.0,0.0,0.0,0.0,0.0,0.0,0.0,lignin,0.8595363644524904
460,460,461.1586043,461.1582185,461.1580747,0.838709677,0.064516129,C31 H26 O2 S1,31.0,26.0,2.0,1.0,0.0,0.0,0.0,0.0,0.0,pah,0.9567710652277401
461,461,461.1455726,461.1451867,461.1453205,1.130434783,0.434782609,C23 H26 O10,23.0,26.0,10.0,0.0,0.0,0.0,0.0,0.0,0.0,lignin,0.8660688445755664
462,462,461.1093155,461.1089297,461.108935,1.0,0.5,C22 H22 O11,22.0,22.0,11.0,0.0,0.0,0.0,0.0,0.0,0.0,lignin,0.9381105716616908
463,463,461.0941426,461.0937569,461.0936789,1.222222222,0.777777778,C18 H22 O14,18.0,22.0,14.0,0.0,0.0,0.0,0.0,0.0,0.0,lignin,0.5724098167368795
464,464,461.073091,461.0727052,461.0725495,0.857142857,0.571428571,C21 H18 O12,21.0,18.0,12.0,0.0,0.0,0.0,0.0,0.0,0.0,tannin,0.9099907868601675
465,465,461.0367174,461.0363318,461.036164,0.7,0.65,C20 H14 O13,20.0,14.0,13.0,0.0,0.0,0.0,0.0,0.0,0.0,tannin,0.9123426389218
466,466,459.2393248,459.2389416,459.238827,1.384615385,0.269230769,C26 H36 O7,26.0,36.0,7.0,0.0,0.0,0.0,0.0,0.0,0.0,lignin,0.853126842084251
467,467,459.2027261,459.2023429,459.2024415,1.28,0.32,C25 H32 O8,25.0,32.0,8.0,0.0,0.0,0.0,0.0,0.0,0.0,lignin,0.8568224022566783
468,468,459.1793424,459.1789593,459.1788102,0.875,0.03125,C32 H28 O1 S1,32.0,28.0,1.0,1.0,0.0,0.0,0.0,0.0,0.0,pah,0.9576990224749038
469,469,459.1663024,459.1659193,459.1660559,1.166666667,0.375,C24 H28 O9,24.0,28.0,9.0,0.0,0.0,0.0,0.0,0.0,0.0,lignin,0.8641887123282241
470,470,459.1607703,459.1603872,459.1601827,0.774193548,0.129032258,C31 H24 O4,31.0,24.0,4.0,0.0,0.0,0.0,0.0,0.0,0.0,pah,0.9558993887908939
471,471,459.1510887,459.1507056,459.1507998,1.4,0.6,C20 H28 O12,20.0,28.0,12.0,0.0,0.0,0.0,0.0,0.0,0.0,lignin,0.8747391676887052
472,472,459.1300482,459.1296651,459.1296704,1.043478261,0.434782609,C23 H24 O10,23.0,24.0,10.0,0.0,0.0,0.0,0.0,0.0,0.0,lignin,0.9393983350411906
473,473,459.1149369,459.1145538,459.1144143,1.263157895,0.684210526,C19 H24 O13,19.0,24.0,13.0,0.0,0.0,0.0,0.0,0.0,0.0,lignin,0.8815946475303967
474,474,459.0938424,459.0934594,459.0932849,0.909090909,0.5,C22 H20 O11,22.0,20.0,11.0,0.0,0.0,0.0,0.0,0.0,0.0,tannin,0.9035353510075929
475,475,459.0785945,459.0782114,459.0780288,1.111111111,0.777777778,C18 H20 O14,18.0,20.0,14.0,0.0,0.0,0.0,0.0,0.0,0.0,lignin,0.9191411506539271
476,476,459.0574354,459.0570524,459.0568994,0.761904762,0.571428571,C21 H16 O12,21.0,16.0,12.0,0.0,0.0,0.0,0.0,0.0,0.0,tannin,0.9127392914886444
477,477,457.2233779,457.2229974,457.2231769,1.307692308,0.269230769,C26 H34 O7,26.0,34.0,7.0,0.0,0.0,0.0,0.0,0.0,0.0,lignin,0.8552996152570825
478,478,457.2082039,457.2078235,457.2079208,1.545454545,0.454545455,C22 H34 O10,22.0,34.0,10.0,0.0,0.0,0.0,0.0,0.0,0.0,lignin,0.7124915119096642
479,479,457.1871656,457.1867852,457.1867914,1.2,0.32,C25 H30 O8,25.0,30.0,8.0,0.0,0.0,0.0,0.0,0.0,0.0,lignin,0.8624271387423971
480,480,457.1720246,457.1716442,457.1715353,1.428571429,0.523809524,C21 H30 O11,21.0,30.0,11.0,0.0,0.0,0.0,0.0,0.0,0.0,lignin,0.8527916043118855
481,481,457.1509503,457.1505699,457.1504059,1.083333333,0.375,C24 H26 O9,24.0,26.0,9.0,0.0,0.0,0.0,0.0,0.0,0.0,lignin,0.9416980705306498
482,482,457.1356894,457.135309,457.1351497,1.3,0.6,C20 H26 O12,20.0,26.0,12.0,0.0,0.0,0.0,0.0,0.0,0.0,lignin,0.867338256688529
483,483,457.1145461,457.1141658,457.1140204,0.956521739,0.434782609,C23 H22 O10,23.0,22.0,10.0,0.0,0.0,0.0,0.0,0.0,0.0,lignin,0.9379702467896589
484,484,457.0991832,457.0988029,457.0987642,1.157894737,0.684210526,C19 H22 O13,19.0,22.0,13.0,0.0,0.0,0.0,0.0,0.0,0.0,lignin,0.8819719487403737
485,485,457.0779445,457.0775642,457.0776349,0.818181818,0.5,C22 H18 O11,22.0,18.0,11.0,0.0,0.0,0.0,0.0,0.0,0.0,tannin,0.9112387217198282
486,486,457.0626108,457.0622306,457.0623787,1.0,0.777777778,C18 H18 O14,18.0,18.0,14.0,0.0,0.0,0.0,0.0,0.0,0.0,lignin,0.9358172554592429
487,487,457.0414829,457.0411026,457.0412494,0.666666667,0.571428571,C21 H14 O12,21.0,14.0,12.0,0.0,0.0,0.0,0.0,0.0,0.0,tannin,0.88593019978691
488,488,457.0390457,457.0386655,457.0387474,0.56,0.28,C25 H14 O7 S1,25.0,14.0,7.0,1.0,0.0,0.0,0.0,0.0,0.0,pah,0.9547819666101398
489,489,456.1594831,456.159104,456.15924,1.4,0.55,C20 H28 O11 13C1,21.0,28.0,11.0,0.0,0.0,1.0,0.0,0.0,0.0,lignin,0.8634048449092754
490,490,455.1927662,455.1923885,455.1922707,1.454545455,0.454545455,C22 H32 O10,22.0,32.0,10.0,0.0,0.0,0.0,0.0,0.0,0.0,lignin,0.8525940152065388
491,491,455.1715259,455.1711482,455.1711413,1.12,0.32,C25 H28 O8,25.0,28.0,8.0,0.0,0.0,0.0,0.0,0.0,0.0,lignin,0.8671761820312451
492,492,455.1561839,455.1558062,455.1558852,1.333333333,0.523809524,C21 H28 O11,21.0,28.0,11.0,0.0,0.0,0.0,0.0,0.0,0.0,lignin,0.8569019814163139
493,493,455.1480678,455.1476901,455.14751,0.75,0.03125,C32 H24 O1 S1,32.0,24.0,1.0,1.0,0.0,0.0,0.0,0.0,0.0,pah,0.9560345835370596
494,494,455.1383456,455.1379679,455.1381271,1.333333333,0.428571429,C21 H28 O9 S1,21.0,28.0,9.0,1.0,0.0,0.0,0.0,0.0,0.0,lignin,0.8559186396947422
495,495,455.1349794,455.1346018,455.1347558,1.0,0.375,C24 H24 O9,24.0,24.0,9.0,0.0,0.0,0.0,0.0,0.0,0.0,lignin,0.9387819963105676
496,496,455.119712,455.1193343,455.1194997,1.2,0.6,C20 H24 O12,20.0,24.0,12.0,0.0,0.0,0.0,0.0,0.0,0.0,lignin,0.8605637013663646
497,497,455.1116463,455.1112687,455.1111245,0.64516129,0.064516129,C31 H20 O2 S1,31.0,20.0,2.0,1.0,0.0,0.0,0.0,0.0,0.0,pah,0.9553730398014201
498,498,455.0986775,455.0982999,455.0983703,0.869565217,0.434782609,C23 H20 O10,23.0,20.0,10.0,0.0,0.0,0.0,0.0,0.0,0.0,tannin,0.9094735199091708
499,499,455.0834932,455.0831157,455.0831142,1.052631579,0.684210526,C19 H20 O13,19.0,20.0,13.0,0.0,0.0,0.0,0.0,0.0,0.0,lignin,0.9365756080557184
500,500,455.0625584,455.0621808,455.0619848,0.727272727,0.5,C22 H16 O11,22.0,16.0,11.0,0.0,0.0,0.0,0.0,0.0,0.0,tannin,0.8955652166735539
501,501,455.0472979,455.0469204,455.0467287,0.888888889,0.777777778,C18 H16 O14,18.0,16.0,14.0,0.0,0.0,0.0,0.0,0.0,0.0,tannin,0.9058090215481187
502,502,454.1805379,454.1801615,454.1799755,1.428571429,0.476190476,C21 H30 O10 13C1,22.0,30.0,10.0,0.0,0.0,1.0,0.0,0.0,0.0,lignin,0.8531472176171233
503,503,454.1439709,454.1435946,454.14359,1.3,0.55,C20 H26 O11 13C1,21.0,26.0,11.0,0.0,0.0,1.0,0.0,0.0,0.0,lignin,0.857690840428841
504,504,454.1074141,454.1070379,454.1072044,1.157894737,0.631578947,C19 H22 O12 13C1,20.0,22.0,12.0,0.0,0.0,1.0,0.0,0.0,0.0,lignin,0.862370494803465
505,505,453.2132295,453.2128544,453.2130061,1.47826087,0.391304348,C23 H34 O9,23.0,34.0,9.0,0.0,0.0,0.0,0.0,0.0,0.0,lignin,0.8518162676464807
506,506,453.1770771,453.1767021,453.1766206,1.363636364,0.454545455,C22 H30 O10,22.0,30.0,10.0,0.0,0.0,0.0,0.0,0.0,0.0,lignin,0.8551600269117119
507,507,453.1408145,453.1404395,453.1402351,1.238095238,0.523809524,C21 H26 O11,21.0,26.0,11.0,0.0,0.0,0.0,0.0,0.0,0.0,lignin,0.8597655219129055
508,508,453.1042669,453.1038921,453.1038496,1.1,0.6,C20 H22 O12,20.0,22.0,12.0,0.0,0.0,0.0,0.0,0.0,0.0,lignin,0.8976887654535102
509,509,453.0829444,453.0825696,453.0827202,0.782608696,0.434782609,C23 H18 O10,23.0,18.0,10.0,0.0,0.0,0.0,0.0,0.0,0.0,tannin,0.900663061298746
510,510,453.0465114,453.0461366,453.0463347,0.636363636,0.5,C22 H14 O11,22.0,14.0,11.0,0.0,0.0,0.0,0.0,0.0,0.0,tannin,0.8232757483226505
511,511,453.0313728,453.030998,453.0310786,0.777777778,0.777777778,C18 H14 O14,18.0,14.0,14.0,0.0,0.0,0.0,0.0,0.0,0.0,tannin,0.9132691023889283
512,512,453.0289992,453.0286244,453.0285767,0.636363636,0.409090909,C22 H14 O9 S1,22.0,14.0,9.0,1.0,0.0,0.0,0.0,0.0,0.0,tannin,0.6165069597733401
513,513,452.1647462,452.1643726,452.1643254,1.333333333,0.476190476,C21 H28 O10 13C1,22.0,28.0,10.0,0.0,0.0,1.0,0.0,0.0,0.0,lignin,0.8568984337715149
514,514,452.1284443,452.1280707,452.1279399,1.2,0.55,C20 H24 O11 13C1,21.0,24.0,11.0,0.0,0.0,1.0,0.0,0.0,0.0,lignin,0.8610027604558137
515,515,451.2341208,451.2337485,451.2337416,1.5,0.333333333,C24 H36 O8,24.0,36.0,8.0,0.0,0.0,0.0,0.0,0.0,0.0,lipid,0.5974726827990636
516,516,451.2131547,451.2127824,451.2126122,1.185185185,0.222222222,C27 H32 O6,27.0,32.0,6.0,0.0,0.0,0.0,0.0,0.0,0.0,lignin,0.8626282459923316
517,517,451.161269,451.1608968,451.1609706,1.272727273,0.454545455,C22 H28 O10,22.0,28.0,10.0,0.0,0.0,0.0,0.0,0.0,0.0,lignin,0.8587978397358015
518,518,451.1251671,451.1247949,451.1245851,1.142857143,0.523809524,C21 H24 O11,21.0,24.0,11.0,0.0,0.0,0.0,0.0,0.0,0.0,lignin,0.8644683520371007
519,519,451.0887264,451.0883543,451.0881995,1.0,0.6,C20 H20 O12,20.0,20.0,12.0,0.0,0.0,0.0,0.0,0.0,0.0,lignin,0.937183515404201
520,520,451.067411,451.0670388,451.0670702,0.695652174,0.434782609,C23 H16 O10,23.0,16.0,10.0,0.0,0.0,0.0,0.0,0.0,0.0,tannin,0.8763845788275905
521,521,451.0520201,451.051648,451.051814,0.842105263,0.684210526,C19 H16 O13,19.0,16.0,13.0,0.0,0.0,0.0,0.0,0.0,0.0,tannin,0.910737240127656
522,522,451.04964,451.0492678,451.0493121,0.695652174,0.347826087,C23 H16 O8 S1,23.0,16.0,8.0,1.0,0.0,0.0,0.0,0.0,0.0,tannin,0.6704116007904389
523,523,451.013246,451.012874,451.0129266,0.545454545,0.409090909,C22 H12 O9 S1,22.0,12.0,9.0,1.0,0.0,0.0,0.0,0.0,0.0,pah,0.954625715270657
524,524,450.2217643,450.2213934,450.2214464,1.47826087,0.347826087,C23 H34 O8 13C1,24.0,34.0,8.0,0.0,0.0,1.0,0.0,0.0,0.0,lignin,0.7210671233256676
525,525,450.1852741,450.1849032,450.1850608,1.363636364,0.409090909,C22 H30 O9 13C1,23.0,30.0,9.0,0.0,0.0,1.0,0.0,0.0,0.0,lignin,0.8549500815200745
526,526,450.1771635,450.1767926,450.176955,1.318181818,0.409090909,C22 H29 O9 N1,22.0,29.0,9.0,0.0,1.0,0.0,0.0,0.0,0.0454545454545454,lignin,0.8555497913980556
527,527,450.1489703,450.1485994,450.1486753,1.238095238,0.476190476,C21 H26 O10 13C1,22.0,26.0,10.0,0.0,0.0,1.0,0.0,0.0,0.0,lignin,0.859958584061288
528,528,450.1127728,450.1124019,450.1122898,1.1,0.55,C20 H22 O11 13C1,21.0,22.0,11.0,0.0,0.0,1.0,0.0,0.0,0.0,lignin,0.8986315021837095
529,529,449.2183945,449.2180248,449.2180915,1.416666667,0.333333333,C24 H34 O8,24.0,34.0,8.0,0.0,0.0,0.0,0.0,0.0,0.0,lignin,0.8528774104053213
530,530,449.1819137,449.1815441,449.181706,1.304347826,0.391304348,C23 H30 O9,23.0,30.0,9.0,0.0,0.0,0.0,0.0,0.0,0.0,lignin,0.8566188534606622
531,531,449.1457114,449.1453418,449.1453205,1.181818182,0.454545455,C22 H26 O10,22.0,26.0,10.0,0.0,0.0,0.0,0.0,0.0,0.0,lignin,0.863120683281782
532,532,449.1094489,449.1090794,449.108935,1.047619048,0.523809524,C21 H22 O11,21.0,22.0,11.0,0.0,0.0,0.0,0.0,0.0,0.0,lignin,0.9382874873006024
533,533,449.0730386,449.0726692,449.0725495,0.9,0.6,C20 H18 O12,20.0,18.0,12.0,0.0,0.0,0.0,0.0,0.0,0.0,tannin,0.904402365888237
534,534,449.0364875,449.0361181,449.036164,0.736842105,0.684210526,C19 H14 O13,19.0,14.0,13.0,0.0,0.0,0.0,0.0,0.0,0.0,tannin,0.9138810840457963
535,535,449.0340548,449.0336854,449.0336621,0.608695652,0.347826087,C23 H14 O8 S1,23.0,14.0,8.0,1.0,0.0,0.0,0.0,0.0,0.0,pah,0.7365840531296188
536,536,448.2060628,448.2056945,448.2057963,1.391304348,0.347826087,C23 H32 O8 13C1,24.0,32.0,8.0,0.0,0.0,1.0,0.0,0.0,0.0,lignin,0.8536635088085431
537,537,448.1695866,448.1692184,448.1694108,1.272727273,0.409090909,C22 H28 O9 13C1,23.0,28.0,9.0,0.0,0.0,1.0,0.0,0.0,0.0,lignin,0.8587822085527257
538,538,448.1334501,448.1330819,448.1330253,1.142857143,0.476190476,C21 H24 O10 13C1,22.0,24.0,10.0,0.0,0.0,1.0,0.0,0.0,0.0,lignin,0.8649885351377138
539,539,447.2392737,447.2389067,447.238827,1.44,0.28,C25 H36 O7,25.0,36.0,7.0,0.0,0.0,0.0,0.0,0.0,0.0,lipid,0.5978232514197949
540,540,447.2026978,447.2023309,447.2024415,1.333333333,0.333333333,C24 H32 O8,24.0,32.0,8.0,0.0,0.0,0.0,0.0,0.0,0.0,lignin,0.8551654389159757
541,541,447.1793476,447.1789807,447.1788102,0.903225806,0.032258065,C31 H28 O1 S1,31.0,28.0,1.0,1.0,0.0,0.0,0.0,0.0,0.0,pah,0.9583317298026769
542,542,447.1662811,447.1659143,447.1660559,1.217391304,0.391304348,C23 H28 O9,23.0,28.0,9.0,0.0,0.0,0.0,0.0,0.0,0.0,lignin,0.8609100995462786
543,543,447.1301424,447.1297756,447.1296704,1.090909091,0.454545455,C22 H24 O10,22.0,24.0,10.0,0.0,0.0,0.0,0.0,0.0,0.0,lignin,0.9402671249234376
544,544,447.093853,447.0934863,447.0932849,0.952380952,0.523809524,C21 H20 O11,21.0,20.0,11.0,0.0,0.0,0.0,0.0,0.0,0.0,lignin,0.7925433517716529
545,545,447.0785195,447.0781528,447.0780288,1.176470588,0.823529412,C17 H20 O14,17.0,20.0,14.0,0.0,0.0,0.0,0.0,0.0,0.0,lignin,0.6103489880130313
546,546,447.0572429,447.0568762,447.0568994,0.8,0.6,C20 H16 O12,20.0,16.0,12.0,0.0,0.0,0.0,0.0,0.0,0.0,tannin,0.9118854893651083
547,547,447.0548442,447.0544775,447.0543975,0.666666667,0.291666667,C24 H16 O7 S1,24.0,16.0,7.0,1.0,0.0,0.0,0.0,0.0,0.0,pah,0.6268685120174017
548,548,447.0206787,447.0203121,447.0205139,0.631578947,0.684210526,C19 H12 O13,19.0,12.0,13.0,0.0,0.0,0.0,0.0,0.0,0.0,tannin,0.9017112298451597
549,549,447.0182423,447.0178757,447.018012,0.52173913,0.347826087,C23 H12 O8 S1,23.0,12.0,8.0,1.0,0.0,0.0,0.0,0.0,0.0,pah,0.9546441303445394
550,550,446.1903941,446.1900285,446.1901462,1.304347826,0.347826087,C23 H30 O8 13C1,24.0,30.0,8.0,0.0,0.0,1.0,0.0,0.0,0.0,lignin,0.8562912088003072
551,551,446.154213,446.1538475,446.1537607,1.181818182,0.409090909,C22 H26 O9 13C1,23.0,26.0,9.0,0.0,0.0,1.0,0.0,0.0,0.0,lignin,0.8633179060435922
552,552,445.1871949,445.1868307,445.1867914,1.25,0.333333333,C24 H30 O8,24.0,30.0,8.0,0.0,0.0,0.0,0.0,0.0,0.0,lignin,0.8593055437815356
553,553,445.1720496,445.1716854,445.1715353,1.5,0.55,C20 H30 O11,20.0,30.0,11.0,0.0,0.0,0.0,0.0,0.0,0.0,lignin,0.8644664270814504
554,554,445.1509738,445.1506096,445.1504059,1.130434783,0.391304348,C23 H26 O9,23.0,26.0,9.0,0.0,0.0,0.0,0.0,0.0,0.0,lignin,0.8663146345801305
555,555,445.1357125,445.1353484,445.1351497,1.368421053,0.631578947,C19 H26 O12,19.0,26.0,12.0,0.0,0.0,0.0,0.0,0.0,0.0,lignin,0.9074758255519842
556,556,445.1178143,445.1174502,445.1173917,1.368421053,0.526315789,C19 H26 O10 S1,19.0,26.0,10.0,1.0,0.0,0.0,0.0,0.0,0.0,lignin,0.8557602745851682
557,557,445.1144369,445.1140728,445.1140204,1.0,0.454545455,C22 H22 O10,22.0,22.0,10.0,0.0,0.0,0.0,0.0,0.0,0.0,lignin,0.9384917442290032
558,558,445.0990293,445.0986653,445.0987642,1.222222222,0.722222222,C18 H22 O13,18.0,22.0,13.0,0.0,0.0,0.0,0.0,0.0,0.0,lignin,0.8691972732759403
559,559,445.0908916,445.0905276,445.0903891,0.620689655,0.103448276,C29 H18 O3 S1,29.0,18.0,3.0,1.0,0.0,0.0,0.0,0.0,0.0,pah,0.9552108212209465
560,560,445.0778155,445.0774514,445.0776349,0.857142857,0.523809524,C21 H18 O11,21.0,18.0,11.0,0.0,0.0,0.0,0.0,0.0,0.0,tannin,0.9099147469728475
561,561,445.0753976,445.0750336,445.0751329,0.72,0.24,C25 H18 O6 S1,25.0,18.0,6.0,1.0,0.0,0.0,0.0,0.0,0.0,pah,0.5010608752813018
562,562,445.0625775,445.0622135,445.0623787,1.058823529,0.823529412,C17 H18 O14,17.0,18.0,14.0,0.0,0.0,0.0,0.0,0.0,0.0,lignin,0.8533527495553574
563,563,445.0415847,445.0412207,445.0412494,0.7,0.6,C20 H14 O12,20.0,14.0,12.0,0.0,0.0,0.0,0.0,0.0,0.0,tannin,0.9060618603923704
564,564,445.039207,445.038843,445.0387474,0.583333333,0.291666667,C24 H14 O7 S1,24.0,14.0,7.0,1.0,0.0,0.0,0.0,0.0,0.0,pah,0.954797008353012
565,565,443.2783523,443.2779907,443.2777959,1.290322581,0.0,C31 H40 S1,31.0,40.0,0.0,1.0,0.0,0.0,0.0,0.0,0.0,lipid,0.8977677860578982
566,566,443.208012,443.2076505,443.2075268,1.28,0.28,C25 H32 O7,25.0,32.0,7.0,0.0,0.0,0.0,0.0,0.0,0.0,lignin,0.8563638007104
567,567,443.1927619,443.1924004,443.1922707,1.523809524,0.476190476,C21 H32 O10,21.0,32.0,10.0,0.0,0.0,0.0,0.0,0.0,0.0,lignin,0.8428985471404598
568,568,443.1715308,443.1711693,443.1711413,1.166666667,0.333333333,C24 H28 O8,24.0,28.0,8.0,0.0,0.0,0.0,0.0,0.0,0.0,lignin,0.864180428239405
569,569,443.1562127,443.1558513,443.1558852,1.4,0.55,C20 H28 O11,20.0,28.0,11.0,0.0,0.0,0.0,0.0,0.0,0.0,lignin,0.8634048449092754
570,570,443.1480885,443.1477271,443.14751,0.774193548,0.032258065,C31 H24 O1 S1,31.0,24.0,1.0,1.0,0.0,0.0,0.0,0.0,0.0,pah,0.9562131746740477
571,571,443.1383328,443.1379714,443.1381271,1.4,0.45,C20 H28 O9 S1,20.0,28.0,9.0,1.0,0.0,0.0,0.0,0.0,0.0,lignin,0.8551011269881498
572,572,443.1349835,443.134622,443.1347558,1.043478261,0.391304348,C23 H24 O9,23.0,24.0,9.0,0.0,0.0,0.0,0.0,0.0,0.0,lignin,0.9400431034082807
573,573,443.129418,443.1290565,443.1288826,0.666666667,0.133333333,C30 H20 O4,30.0,20.0,4.0,0.0,0.0,0.0,0.0,0.0,0.0,pah,0.9553280277406987
574,574,443.1196891,443.1193277,443.1194997,1.263157895,0.631578947,C19 H24 O12,19.0,24.0,12.0,0.0,0.0,0.0,0.0,0.0,0.0,lignin,0.8681338577918819
575,575,443.1116327,443.1112713,443.1111245,0.666666667,0.066666667,C30 H20 O2 S1,30.0,20.0,2.0,1.0,0.0,0.0,0.0,0.0,0.0,pah,0.955464810065909
576,576,443.1019778,443.1016164,443.1017416,1.263157895,0.526315789,C19 H24 O10 S1,19.0,24.0,10.0,1.0,0.0,0.0,0.0,0.0,0.0,lignin,0.8589558060239881
577,577,443.0987141,443.0983527,443.0983703,0.909090909,0.454545455,C22 H20 O10,22.0,20.0,10.0,0.0,0.0,0.0,0.0,0.0,0.0,tannin,0.9085638001158918
578,578,443.0835205,443.0831591,443.0831142,1.111111111,0.722222222,C18 H20 O13,18.0,20.0,13.0,0.0,0.0,0.0,0.0,0.0,0.0,lignin,0.8996881776083736
579,579,443.0625412,443.0621799,443.0619848,0.761904762,0.523809524,C21 H16 O11,21.0,16.0,11.0,0.0,0.0,0.0,0.0,0.0,0.0,tannin,0.9103062671498545
580,580,443.0472727,443.0469114,443.0467287,0.941176471,0.823529412,C17 H16 O14,17.0,16.0,14.0,0.0,0.0,0.0,0.0,0.0,0.0,tannin,0.9046008575964939
581,581,442.2566611,442.2563008,442.2561178,2.210526316,0.421052632,C19 H42 O8 S1 13C1,20.0,42.0,8.0,1.0,0.0,1.0,0.0,0.0,0.0,lipid,0.8811938474869745
582,582,442.180161,442.1798008,442.1799755,1.5,0.5,C20 H30 O10 13C1,21.0,30.0,10.0,0.0,0.0,1.0,0.0,0.0,0.0,lignin,0.8433573749661694
583,583,442.1720844,442.1717243,442.1718696,1.45,0.5,C20 H29 O10 N1,20.0,29.0,10.0,0.0,1.0,0.0,0.0,0.0,0.05,lignin,0.8533566942505827
584,584,442.143929,442.1435689,442.14359,1.368421053,0.578947368,C19 H26 O11 13C1,20.0,26.0,11.0,0.0,0.0,1.0,0.0,0.0,0.0,lignin,0.8641126482561245
585,585,442.1358921,442.135532,442.1354841,1.315789474,0.578947368,C19 H25 O11 N1,19.0,25.0,11.0,0.0,1.0,0.0,0.0,0.0,0.0526315789473684,lignin,0.8574763843703218
586,586,441.253045,441.2526861,441.252763,2.1,0.4,C20 H42 O8 S1,20.0,42.0,8.0,1.0,0.0,0.0,0.0,0.0,0.0,lipid,0.8804859140379998
587,587,441.2131656,441.2128068,441.2130061,1.545454545,0.409090909,C22 H34 O9,22.0,34.0,9.0,0.0,0.0,0.0,0.0,0.0,0.0,lignin,0.5784897788344096
588,588,441.1921576,441.1917988,441.1918768,1.2,0.28,C25 H30 O7,25.0,30.0,7.0,0.0,0.0,0.0,0.0,0.0,0.0,lignin,0.8622675447895244
589,589,441.1770766,441.1767178,441.1766206,1.428571429,0.476190476,C21 H30 O10,21.0,30.0,10.0,0.0,0.0,0.0,0.0,0.0,0.0,lignin,0.8531472176171233
590,590,441.1560531,441.1556943,441.1554913,1.083333333,0.333333333,C24 H26 O8,24.0,26.0,8.0,0.0,0.0,0.0,0.0,0.0,0.0,lignin,0.9427501184176927
591,591,441.1407873,441.1404285,441.1402351,1.3,0.55,C20 H26 O11,20.0,26.0,11.0,0.0,0.0,0.0,0.0,0.0,0.0,lignin,0.857690840428841
592,592,441.1195829,441.1192242,441.1191058,0.956521739,0.391304348,C23 H22 O9,23.0,22.0,9.0,0.0,0.0,0.0,0.0,0.0,0.0,lignin,0.9380149999516532
593,593,441.1041659,441.1038072,441.1038496,1.157894737,0.631578947,C19 H22 O12,19.0,22.0,12.0,0.0,0.0,0.0,0.0,0.0,0.0,lignin,0.862370494803465
594,594,441.101836,441.1014773,441.1013477,0.956521739,0.304347826,C23 H22 O7 S1,23.0,22.0,7.0,1.0,0.0,0.0,0.0,0.0,0.0,lignin,0.9448836834665885
595,595,441.0960313,441.0956726,441.0954745,0.6,0.066666667,C30 H18 O2 S1,30.0,18.0,2.0,1.0,0.0,0.0,0.0,0.0,0.0,pah,0.955199270623522
596,596,441.0829008,441.0825421,441.0827202,0.818181818,0.454545455,C22 H18 O10,22.0,18.0,10.0,0.0,0.0,0.0,0.0,0.0,0.0,tannin,0.911119869170753
597,597,441.0676562,441.0672975,441.0674641,1.0,0.722222222,C18 H18 O13,18.0,18.0,13.0,0.0,0.0,0.0,0.0,0.0,0.0,lignin,0.9362275391038175
598,598,441.0466386,441.04628,441.0463347,0.666666667,0.523809524,C21 H14 O11,21.0,14.0,11.0,0.0,0.0,0.0,0.0,0.0,0.0,tannin,0.8800853977501758
599,599,441.0442248,441.0438662,441.0438328,0.56,0.24,C25 H14 O6 S1,25.0,14.0,6.0,1.0,0.0,0.0,0.0,0.0,0.0,pah,0.9548423389825793
600,600,441.0314983,441.0311397,441.0310786,0.823529412,0.823529412,C17 H14 O14,17.0,14.0,14.0,0.0,0.0,0.0,0.0,0.0,0.0,tannin,0.9095818475370056
601,601,440.1647426,440.1643851,440.1643254,1.4,0.5,C20 H28 O10 13C1,21.0,28.0,10.0,0.0,0.0,1.0,0.0,0.0,0.0,lignin,0.8548859759710256
602,602,440.1566063,440.1562489,440.1562195,1.35,0.5,C20 H27 O10 N1,20.0,27.0,10.0,0.0,1.0,0.0,0.0,0.0,0.05,lignin,0.8551136849857446
603,603,440.1281137,440.1277563,440.1279399,1.263157895,0.578947368,C19 H24 O11 13C1,20.0,24.0,11.0,0.0,0.0,1.0,0.0,0.0,0.0,lignin,0.8586075902669744
604,604,440.1200108,440.1196534,440.119834,1.210526316,0.578947368,C19 H23 O11 N1,19.0,23.0,11.0,0.0,1.0,0.0,0.0,0.0,0.0526315789473684,lignin,0.8609450748365155
605,605,440.0918327,440.0914753,440.0915544,1.111111111,0.666666667,C18 H20 O12 13C1,19.0,20.0,12.0,0.0,0.0,1.0,0.0,0.0,0.0,lignin,0.896475487625716
606,606,439.197625,439.1972688,439.1973561,1.454545455,0.409090909,C22 H32 O9,22.0,32.0,9.0,0.0,0.0,0.0,0.0,0.0,0.0,lignin,0.8524546661476095
607,607,439.1611883,439.1608322,439.1609706,1.333333333,0.476190476,C21 H28 O10,21.0,28.0,10.0,0.0,0.0,0.0,0.0,0.0,0.0,lignin,0.8568984337715149
608,608,439.1531438,439.1527877,439.1525954,0.75,0.0,C32 H24 S1,32.0,24.0,0.0,1.0,0.0,0.0,0.0,0.0,0.0,pah,0.9561156868689886
609,609,439.1250419,439.1246858,439.1245851,1.2,0.55,C20 H24 O11,20.0,24.0,11.0,0.0,0.0,0.0,0.0,0.0,0.0,lignin,0.8610027604558137
610,610,439.1039784,439.1036223,439.1034557,0.869565217,0.391304348,C23 H20 O9,23.0,20.0,9.0,0.0,0.0,0.0,0.0,0.0,0.0,tannin,0.9097462636932916
611,611,439.0887513,439.0883953,439.0881995,1.052631579,0.631578947,C19 H20 O12,19.0,20.0,12.0,0.0,0.0,0.0,0.0,0.0,0.0,lignin,0.9371183644875455
612,612,439.0675124,439.0671564,439.0670702,0.727272727,0.454545455,C22 H16 O10,22.0,16.0,10.0,0.0,0.0,0.0,0.0,0.0,0.0,tannin,0.8825862418684182
613,613,439.0520959,439.0517399,439.051814,0.888888889,0.722222222,C18 H16 O13,18.0,16.0,13.0,0.0,0.0,0.0,0.0,0.0,0.0,tannin,0.9054127865751445
614,614,439.0496824,439.0493265,439.0493121,0.727272727,0.363636364,C22 H16 O8 S1,22.0,16.0,8.0,1.0,0.0,0.0,0.0,0.0,0.0,tannin,0.8745940145949429
615,615,439.0284283,439.0280724,439.0281827,0.48,0.24,C25 H12 O6 S1,25.0,12.0,6.0,1.0,0.0,0.0,0.0,0.0,0.0,pah,0.9547369113119488
616,616,438.1855681,438.1852133,438.1850608,1.428571429,0.428571429,C21 H30 O9 13C1,22.0,30.0,9.0,0.0,0.0,1.0,0.0,0.0,0.0,lignin,0.8531021251883066
617,617,438.149114,438.1487592,438.1486753,1.3,0.5,C20 H26 O10 13C1,21.0,26.0,10.0,0.0,0.0,1.0,0.0,0.0,0.0,lignin,0.8578410160047147
618,618,438.1410022,438.1406475,438.1405695,1.25,0.5,C20 H25 O10 N1,20.0,25.0,10.0,0.0,1.0,0.0,0.0,0.0,0.05,lignin,0.8597279741381065
619,619,438.1125273,438.1121726,438.1122898,1.157894737,0.578947368,C19 H22 O11 13C1,20.0,22.0,11.0,0.0,0.0,1.0,0.0,0.0,0.0,lignin,0.8630354067194317
620,620,438.1043909,438.1040362,438.104184,1.105263158,0.578947368,C19 H21 O11 N1,19.0,21.0,11.0,0.0,1.0,0.0,0.0,0.0,0.0526315789473684,lignin,0.8989078605557956
621,621,438.0761323,438.0757776,438.0759043,1.0,0.666666667,C18 H18 O12 13C1,19.0,18.0,12.0,0.0,0.0,1.0,0.0,0.0,0.0,lignin,0.9366264785975282
622,622,437.2185046,437.2181511,437.2180915,1.47826087,0.347826087,C23 H34 O8,23.0,34.0,8.0,0.0,0.0,0.0,0.0,0.0,0.0,lignin,0.7210671233256676
623,623,437.1818874,437.1815339,437.181706,1.363636364,0.409090909,C22 H30 O9,22.0,30.0,9.0,0.0,0.0,0.0,0.0,0.0,0.0,lignin,0.8549500815200745
624,624,437.1456457,437.1452923,437.1453205,1.238095238,0.476190476,C21 H26 O10,21.0,26.0,10.0,0.0,0.0,0.0,0.0,0.0,0.0,lignin,0.859958584061288
625,625,437.109442,437.1090886,437.108935,1.1,0.55,C20 H22 O11,20.0,22.0,11.0,0.0,0.0,0.0,0.0,0.0,0.0,lignin,0.8986315021837095
626,626,437.0882812,437.0879279,437.0878056,0.782608696,0.391304348,C23 H18 O9,23.0,18.0,9.0,0.0,0.0,0.0,0.0,0.0,0.0,tannin,0.8864215061645397
627,627,437.0730004,437.0726471,437.0725495,0.947368421,0.631578947,C19 H18 O12,19.0,18.0,12.0,0.0,0.0,0.0,0.0,0.0,0.0,tannin,0.547582745923423
628,628,437.0517637,437.0514104,437.0514201,0.636363636,0.454545455,C22 H14 O10,22.0,14.0,10.0,0.0,0.0,0.0,0.0,0.0,0.0,tannin,0.6712354985938742
629,629,437.036435,437.0360818,437.036164,0.777777778,0.722222222,C18 H14 O13,18.0,14.0,13.0,0.0,0.0,0.0,0.0,0.0,0.0,tannin,0.9130521186854276
630,630,437.0340129,437.0336596,437.0336621,0.636363636,0.363636364,C22 H14 O8 S1,22.0,14.0,8.0,1.0,0.0,0.0,0.0,0.0,0.0,tannin,0.6143689857699812
631,631,436.2062171,436.2058649,436.2057963,1.454545455,0.363636364,C22 H32 O8 13C1,23.0,32.0,8.0,0.0,0.0,1.0,0.0,0.0,0.0,lignin,0.8519513849120852
632,632,436.1699448,436.1695927,436.1694108,1.333333333,0.428571429,C21 H28 O9 13C1,22.0,28.0,9.0,0.0,0.0,1.0,0.0,0.0,0.0,lignin,0.8559186396947422
633,633,436.1333486,436.1329965,436.1330253,1.2,0.5,C20 H24 O10 13C1,21.0,24.0,10.0,0.0,0.0,1.0,0.0,0.0,0.0,lignin,0.8613582912770827
634,634,436.0968405,436.0964885,436.0966398,1.052631579,0.578947368,C19 H20 O11 13C1,20.0,20.0,11.0,0.0,0.0,1.0,0.0,0.0,0.0,lignin,0.9376888870397708
635,635,436.0887568,436.0884048,436.0885339,1.0,0.578947368,C19 H19 O11 N1,19.0,19.0,11.0,0.0,1.0,0.0,0.0,0.0,0.0526315789473684,lignin,0.9372243787598153
636,636,435.2393421,435.2389912,435.238827,1.5,0.291666667,C24 H36 O7,24.0,36.0,7.0,0.0,0.0,0.0,0.0,0.0,0.0,lipid,0.9053594854236182
637,637,435.2026473,435.2022965,435.2024415,1.391304348,0.347826087,C23 H32 O8,23.0,32.0,8.0,0.0,0.0,0.0,0.0,0.0,0.0,lignin,0.8536635088085431
638,638,435.1792297,435.1788789,435.1788102,0.933333333,0.033333333,C30 H28 O1 S1,30.0,28.0,1.0,1.0,0.0,0.0,0.0,0.0,0.0,pah,0.8272248073324052
639,639,435.1662407,435.16589,435.1660559,1.272727273,0.409090909,C22 H28 O9,22.0,28.0,9.0,0.0,0.0,0.0,0.0,0.0,0.0,lignin,0.8587822085527257
640,640,435.130182,435.1298313,435.1296704,1.142857143,0.476190476,C21 H24 O10,21.0,24.0,10.0,0.0,0.0,0.0,0.0,0.0,0.0,lignin,0.8649885351377138
641,641,435.0937999,435.0934493,435.0932849,1.0,0.55,C20 H20 O11,20.0,20.0,11.0,0.0,0.0,0.0,0.0,0.0,0.0,lignin,0.937634063699545
642,642,435.0570896,435.056739,435.0568994,0.842105263,0.631578947,C19 H16 O12,19.0,16.0,12.0,0.0,0.0,0.0,0.0,0.0,0.0,tannin,0.9105283086009612
643,643,435.0546775,435.0543269,435.0543975,0.695652174,0.304347826,C23 H16 O7 S1,23.0,16.0,7.0,1.0,0.0,0.0,0.0,0.0,0.0,tannin,0.6158526554149608
644,644,435.0207202,435.0203696,435.0205139,0.666666667,0.722222222,C18 H12 O13,18.0,12.0,13.0,0.0,0.0,0.0,0.0,0.0,0.0,tannin,0.9161288665466163
645,645,435.0183217,435.0179712,435.018012,0.545454545,0.363636364,C22 H12 O8 S1,22.0,12.0,8.0,1.0,0.0,0.0,0.0,0.0,0.0,pah,0.9546370064622899
646,646,434.1906327,434.1902833,434.1901462,1.363636364,0.363636364,C22 H30 O8 13C1,23.0,30.0,8.0,0.0,0.0,1.0,0.0,0.0,0.0,lignin,0.8546552592369823
647,647,434.1646307,434.1642813,434.1642823,1.318181818,0.272727273,C22 H29 O6 S1 N1,22.0,29.0,6.0,1.0,1.0,0.0,0.0,0.0,0.0454545454545454,lignin,0.8546832181563783
648,648,434.1540362,434.1536868,434.1537607,1.238095238,0.428571429,C21 H26 O9 13C1,22.0,26.0,9.0,0.0,0.0,1.0,0.0,0.0,0.0,lignin,0.8600563311768734
649,649,434.1175411,434.1171917,434.1173752,1.1,0.5,C20 H22 O10 13C1,21.0,22.0,10.0,0.0,0.0,1.0,0.0,0.0,0.0,lignin,0.8995673407370784
650,650,433.2233657,433.2230175,433.2231769,1.416666667,0.291666667,C24 H34 O7,24.0,34.0,7.0,0.0,0.0,0.0,0.0,0.0,0.0,lignin,0.7218961815393855
651,651,433.187088,433.1867399,433.1867914,1.304347826,0.347826087,C23 H30 O8,23.0,30.0,8.0,0.0,0.0,0.0,0.0,0.0,0.0,lignin,0.8562912088003072
652,652,433.1509197,433.1505716,433.1504059,1.181818182,0.409090909,C22 H26 O9,22.0,26.0,9.0,0.0,0.0,0.0,0.0,0.0,0.0,lignin,0.8633179060435922
653,653,433.1144211,433.1140731,433.1140204,1.047619048,0.476190476,C21 H22 O10,21.0,22.0,10.0,0.0,0.0,0.0,0.0,0.0,0.0,lignin,0.9389002643250313
654,654,433.0989976,433.0986496,433.0987642,1.294117647,0.764705882,C17 H22 O13,17.0,22.0,13.0,0.0,0.0,0.0,0.0,0.0,0.0,lignin,0.6150586971079013
655,655,433.0908921,433.0905441,433.0903891,0.642857143,0.107142857,C28 H18 O3 S1,28.0,18.0,3.0,1.0,0.0,0.0,0.0,0.0,0.0,pah,0.9552850299797138
656,656,433.0777786,433.0774306,433.0776349,0.9,0.55,C20 H18 O11,20.0,18.0,11.0,0.0,0.0,0.0,0.0,0.0,0.0,tannin,0.9042476957125285
657,657,433.0753663,433.0750183,433.0751329,0.75,0.25,C24 H18 O6 S1,24.0,18.0,6.0,1.0,0.0,0.0,0.0,0.0,0.0,tannin,0.6172638965503788
658,658,433.0625365,433.0621885,433.0623787,1.125,0.875,C16 H18 O14,16.0,18.0,14.0,0.0,0.0,0.0,0.0,0.0,0.0,lignin,0.666736370924333
659,659,433.0415741,433.0412261,433.0412494,0.736842105,0.631578947,C19 H14 O12,19.0,14.0,12.0,0.0,0.0,0.0,0.0,0.0,0.0,tannin,0.9135555986313818
660,660,433.039199,433.0388511,433.0387474,0.608695652,0.304347826,C23 H14 O7 S1,23.0,14.0,7.0,1.0,0.0,0.0,0.0,0.0,0.0,pah,0.9548137289987633
661,661,432.1746812,432.1743344,432.1744962,1.272727273,0.363636364,C22 H28 O8 13C1,23.0,28.0,8.0,0.0,0.0,1.0,0.0,0.0,0.0,lignin,0.8585905454674961
662,662,432.1385112,432.1381644,432.1381107,1.142857143,0.428571429,C21 H24 O9 13C1,22.0,24.0,9.0,0.0,0.0,1.0,0.0,0.0,0.0,lignin,0.86536062181472
663,663,431.2079967,431.2076513,431.2075268,1.333333333,0.291666667,C24 H32 O7,24.0,32.0,7.0,0.0,0.0,0.0,0.0,0.0,0.0,lignin,0.8547093953362758
664,664,431.1714218,431.1710763,431.1711413,1.217391304,0.347826087,C23 H28 O8,23.0,28.0,8.0,0.0,0.0,0.0,0.0,0.0,0.0,lignin,0.8607897864904608
665,665,431.1561048,431.1557594,431.1558852,1.473684211,0.578947368,C19 H28 O11,19.0,28.0,11.0,0.0,0.0,0.0,0.0,0.0,0.0,lignin,0.8969392831006553
666,666,431.1480081,431.1476627,431.14751,0.8,0.033333333,C30 H24 O1 S1,30.0,24.0,1.0,1.0,0.0,0.0,0.0,0.0,0.0,pah,0.9564531303152413
667,667,431.1383399,431.1379945,431.1381271,1.473684211,0.473684211,C19 H28 O9 S1,19.0,28.0,9.0,1.0,0.0,0.0,0.0,0.0,0.0,lignin,0.8455330529439318
668,668,431.1349601,431.1346148,431.1347558,1.090909091,0.409090909,C22 H24 O9,22.0,24.0,9.0,0.0,0.0,0.0,0.0,0.0,0.0,lignin,0.9412317490062639
669,669,431.1294338,431.1290884,431.1288826,0.689655172,0.137931034,C29 H20 O4,29.0,20.0,4.0,0.0,0.0,0.0,0.0,0.0,0.0,pah,0.9554165158993598
670,670,431.1197685,431.1194231,431.1194997,1.333333333,0.666666667,C18 H24 O12,18.0,24.0,12.0,0.0,0.0,0.0,0.0,0.0,0.0,lignin,0.9083813389933786
671,671,431.0987794,431.0984341,431.0983703,0.952380952,0.476190476,C21 H20 O10,21.0,20.0,10.0,0.0,0.0,0.0,0.0,0.0,0.0,lignin,0.9376616624144531
672,672,431.0836077,431.0832624,431.0831142,1.176470588,0.764705882,C17 H20 O13,17.0,20.0,13.0,0.0,0.0,0.0,0.0,0.0,0.0,lignin,0.6686671793381593
673,673,431.0624832,431.0621379,431.0619848,0.8,0.55,C20 H16 O11,20.0,16.0,11.0,0.0,0.0,0.0,0.0,0.0,0.0,tannin,0.9117862541062658
674,674,431.0471865,431.0468412,431.0467287,1.0,0.875,C16 H16 O14,16.0,16.0,14.0,0.0,0.0,0.0,0.0,0.0,0.0,lignin,0.48205899814131214
675,675,431.0259229,431.0255777,431.0255993,0.631578947,0.631578947,C19 H12 O12,19.0,12.0,12.0,0.0,0.0,0.0,0.0,0.0,0.0,tannin,0.8865026993266717
676,676,431.0234569,431.0231117,431.0230974,0.52173913,0.304347826,C23 H12 O7 S1,23.0,12.0,7.0,1.0,0.0,0.0,0.0,0.0,0.0,pah,0.9547028232488749
677,677,430.1357414,430.1353973,430.1354841,1.388888889,0.611111111,C18 H25 O11 N1,18.0,25.0,11.0,0.0,1.0,0.0,0.0,0.0,0.0555555555555555,lignin,0.7236466367550285
678,678,430.0993186,430.0989746,430.0990986,1.235294118,0.705882353,C17 H21 O12 N1,17.0,21.0,12.0,0.0,1.0,0.0,0.0,0.0,0.0588235294117647,lignin,0.5431189608096487
679,679,429.1923053,429.1919625,429.1918768,1.25,0.291666667,C24 H30 O7,24.0,30.0,7.0,0.0,0.0,0.0,0.0,0.0,0.0,lignin,0.8588614492654715
680,680,429.1771082,429.1767654,429.1766206,1.5,0.5,C20 H30 O10,20.0,30.0,10.0,0.0,0.0,0.0,0.0,0.0,0.0,lignin,0.8433573749661694
681,681,429.1559676,429.1556248,429.1554913,1.130434783,0.347826087,C23 H26 O8,23.0,26.0,8.0,0.0,0.0,0.0,0.0,0.0,0.0,lignin,0.8664020624303135
682,682,429.140647,429.1403043,429.1402351,1.368421053,0.578947368,C19 H26 O11,19.0,26.0,11.0,0.0,0.0,0.0,0.0,0.0,0.0,lignin,0.8641126482561245
683,683,429.1227474,429.1224047,429.1224771,1.368421053,0.473684211,C19 H26 O9 S1,19.0,26.0,9.0,1.0,0.0,0.0,0.0,0.0,0.0,lignin,0.8560262835077583
684,684,429.1193758,429.1190331,429.1191058,1.0,0.409090909,C22 H22 O9,22.0,22.0,9.0,0.0,0.0,0.0,0.0,0.0,0.0,lignin,0.9384470108689484
685,685,429.104053,429.1037103,429.1038496,1.222222222,0.666666667,C18 H22 O12,18.0,22.0,12.0,0.0,0.0,0.0,0.0,0.0,0.0,lignin,0.8696864586236128
686,686,429.0959699,429.0956272,429.0954745,0.620689655,0.068965517,C29 H18 O2 S1,29.0,18.0,2.0,1.0,0.0,0.0,0.0,0.0,0.0,pah,0.9552684319046204
687,687,429.0829495,429.0826069,429.0827202,0.857142857,0.476190476,C21 H18 O10,21.0,18.0,10.0,0.0,0.0,0.0,0.0,0.0,0.0,tannin,0.909849618896172
688,688,429.067739,429.0673964,429.0674641,1.058823529,0.764705882,C17 H18 O13,17.0,18.0,13.0,0.0,0.0,0.0,0.0,0.0,0.0,lignin,0.9510137700254886
689,689,429.0467941,429.0464515,429.0463347,0.7,0.55,C20 H14 O11,20.0,14.0,11.0,0.0,0.0,0.0,0.0,0.0,0.0,tannin,0.8969377415879041
690,690,429.031596,429.0312534,429.0310786,0.875,0.875,C16 H14 O14,16.0,14.0,14.0,0.0,0.0,0.0,0.0,0.0,0.0,tannin,0.9079355855235317
691,691,428.1648177,428.1644762,428.1643254,1.473684211,0.526315789,C19 H28 O10 13C1,20.0,28.0,10.0,0.0,0.0,1.0,0.0,0.0,0.0,lignin,0.843886805288161
692,692,428.1567025,428.1563611,428.1562195,1.421052632,0.526315789,C19 H27 O10 N1,19.0,27.0,10.0,0.0,1.0,0.0,0.0,0.0,0.0526315789473684,lignin,0.8542073704620563
693,693,428.1283465,428.1280051,428.1279399,1.333333333,0.611111111,C18 H24 O11 13C1,19.0,24.0,11.0,0.0,0.0,1.0,0.0,0.0,0.0,lignin,0.8874853985524854
694,694,428.1202525,428.1199111,428.119834,1.277777778,0.611111111,C18 H23 O11 N1,18.0,23.0,11.0,0.0,1.0,0.0,0.0,0.0,0.0555555555555555,lignin,0.8584062563554712
695,695,428.0917643,428.091423,428.0915544,1.176470588,0.705882353,C17 H20 O12 13C1,18.0,20.0,12.0,0.0,0.0,1.0,0.0,0.0,0.0,lignin,0.8708226642440356
696,696,428.0836329,428.0832916,428.0834485,1.117647059,0.705882353,C17 H19 O12 N1,17.0,19.0,12.0,0.0,1.0,0.0,0.0,0.0,0.0588235294117647,lignin,0.9004728122469764
697,697,427.1976159,427.1972758,427.1973561,1.523809524,0.428571429,C21 H32 O9,21.0,32.0,9.0,0.0,0.0,0.0,0.0,0.0,0.0,lignin,0.8439914428290309
698,698,427.1766343,427.1762942,427.1762267,1.166666667,0.291666667,C24 H28 O7,24.0,28.0,7.0,0.0,0.0,0.0,0.0,0.0,0.0,lignin,0.8640525703775801
699,699,427.1614312,427.1610911,427.1609706,1.4,0.5,C20 H28 O10,20.0,28.0,10.0,0.0,0.0,0.0,0.0,0.0,0.0,lignin,0.8548859759710256
700,700,427.1403303,427.1399902,427.1398412,1.043478261,0.347826087,C23 H24 O8,23.0,24.0,8.0,0.0,0.0,0.0,0.0,0.0,0.0,lignin,0.9400818075613844
701,701,427.1250397,427.1246996,427.1245851,1.263157895,0.578947368,C19 H24 O11,19.0,24.0,11.0,0.0,0.0,0.0,0.0,0.0,0.0,lignin,0.8586075902669744
702,702,427.1071678,427.1068277,427.106827,1.263157895,0.473684211,C19 H24 O9 S1,19.0,24.0,9.0,1.0,0.0,0.0,0.0,0.0,0.0,lignin,0.8590925235129954
703,703,427.1037938,427.1034538,427.1034557,0.909090909,0.409090909,C22 H20 O9,22.0,20.0,9.0,0.0,0.0,0.0,0.0,0.0,0.0,tannin,0.9084820850138635
704,704,427.0884269,427.0880868,427.0881995,1.111111111,0.666666667,C18 H20 O12,18.0,20.0,12.0,0.0,0.0,0.0,0.0,0.0,0.0,lignin,0.896475487625716
705,705,427.0860992,427.0857592,427.0856976,0.909090909,0.318181818,C22 H20 O7 S1,22.0,20.0,7.0,1.0,0.0,0.0,0.0,0.0,0.0,tannin,0.9081264727804228
706,706,427.0803165,427.0799765,427.0798244,0.551724138,0.068965517,C29 H16 O2 S1,29.0,16.0,2.0,1.0,0.0,0.0,0.0,0.0,0.0,pah,0.9550538632549502
707,707,427.0672509,427.0669109,427.0670702,0.761904762,0.476190476,C21 H16 O10,21.0,16.0,10.0,0.0,0.0,0.0,0.0,0.0,0.0,tannin,0.9024216316716634
708,708,427.0520505,427.0517106,427.051814,0.941176471,0.764705882,C17 H16 O13,17.0,16.0,13.0,0.0,0.0,0.0,0.0,0.0,0.0,tannin,0.9042024052543217
709,709,427.0311597,427.0308198,427.0306847,0.6,0.55,C20 H12 O11,20.0,12.0,11.0,0.0,0.0,0.0,0.0,0.0,0.0,tannin,0.8232887020625513
710,710,427.0286633,427.0283234,427.0281827,0.5,0.25,C24 H12 O6 S1,24.0,12.0,6.0,1.0,0.0,0.0,0.0,0.0,0.0,pah,0.9547466790914647
711,711,426.2615484,426.2612095,426.2612032,2.210526316,0.368421053,C19 H42 O7 S1 13C1,20.0,42.0,7.0,1.0,0.0,1.0,0.0,0.0,0.0,lipid,0.8799258252436892
712,712,426.1854376,426.1850988,426.1850608,1.5,0.45,C20 H30 O9 13C1,21.0,30.0,9.0,0.0,0.0,1.0,0.0,0.0,0.0,lignin,0.8446972210040512
713,713,426.1491679,426.1488292,426.1486753,1.368421053,0.526315789,C19 H26 O10 13C1,20.0,26.0,10.0,0.0,0.0,1.0,0.0,0.0,0.0,lignin,0.8557602745851682
714,714,426.1410466,426.1407079,426.1405695,1.315789474,0.526315789,C19 H25 O10 N1,19.0,25.0,10.0,0.0,1.0,0.0,0.0,0.0,0.0526315789473684,lignin,0.8574448082620967
715,715,426.1126256,426.1122869,426.1122898,1.222222222,0.611111111,C18 H22 O11 13C1,19.0,22.0,11.0,0.0,0.0,1.0,0.0,0.0,0.0,lignin,0.869541265837063
716,716,426.1044619,426.1041232,426.104184,1.166666667,0.611111111,C18 H21 O11 N1,18.0,21.0,11.0,0.0,1.0,0.0,0.0,0.0,0.0555555555555555,lignin,0.8631937883823513
717,717,426.0760992,426.0757605,426.0759043,1.058823529,0.705882353,C17 H18 O12 13C1,18.0,18.0,12.0,0.0,0.0,1.0,0.0,0.0,0.0,lignin,0.9363983771848868
718,718,425.2581486,425.257811,425.2578483,2.1,0.35,C20 H42 O7 S1,20.0,42.0,7.0,1.0,0.0,0.0,0.0,0.0,0.0,lipid,0.8810679872109508
719,719,425.2182855,425.2179479,425.2180915,1.545454545,0.363636364,C22 H34 O8,22.0,34.0,8.0,0.0,0.0,0.0,0.0,0.0,0.0,lipid,0.8933744284769745
720,720,425.182099,425.1817615,425.181706,1.428571429,0.428571429,C21 H30 O9,21.0,30.0,9.0,0.0,0.0,0.0,0.0,0.0,0.0,lignin,0.8531021251883066
721,721,425.1458059,425.1454684,425.1453205,1.3,0.5,C20 H26 O10,20.0,26.0,10.0,0.0,0.0,0.0,0.0,0.0,0.0,lignin,0.8578410160047147
722,722,425.1246094,425.124272,425.1241911,0.956521739,0.347826087,C23 H22 O8,23.0,22.0,8.0,0.0,0.0,0.0,0.0,0.0,0.0,lignin,0.9446354636348273
723,723,425.1092709,425.1089335,425.108935,1.157894737,0.578947368,C19 H22 O11,19.0,22.0,11.0,0.0,0.0,0.0,0.0,0.0,0.0,lignin,0.8630354067194317
724,724,425.0879984,425.087661,425.0878056,0.818181818,0.409090909,C22 H18 O9,22.0,18.0,9.0,0.0,0.0,0.0,0.0,0.0,0.0,tannin,0.9089898380363906
725,725,425.0727129,425.0723756,425.0725495,1.0,0.666666667,C18 H18 O12,18.0,18.0,12.0,0.0,0.0,0.0,0.0,0.0,0.0,lignin,0.9366264785975282
726,726,425.0516673,425.05133,425.0514201,0.666666667,0.476190476,C21 H14 O10,21.0,14.0,10.0,0.0,0.0,0.0,0.0,0.0,0.0,tannin,0.8766042076612184
727,727,425.0365724,425.0362351,425.036164,0.823529412,0.764705882,C17 H14 O13,17.0,14.0,13.0,0.0,0.0,0.0,0.0,0.0,0.0,tannin,0.9128655378600772
728,728,424.206096,424.2057598,424.2057963,1.523809524,0.380952381,C21 H32 O8 13C1,22.0,32.0,8.0,0.0,0.0,1.0,0.0,0.0,0.0,lignin,0.5772890476844388
729,729,424.1698808,424.1695446,424.1694108,1.4,0.45,C20 H28 O9 13C1,21.0,28.0,9.0,0.0,0.0,1.0,0.0,0.0,0.0,lignin,0.8551011269881498
730,730,424.1334148,424.1330787,424.1330253,1.263157895,0.526315789,C19 H24 O10 13C1,20.0,24.0,10.0,0.0,0.0,1.0,0.0,0.0,0.0,lignin,0.8589558060239881
731,731,424.1252695,424.1249334,424.1249194,1.210526316,0.526315789,C19 H23 O10 N1,19.0,23.0,10.0,0.0,1.0,0.0,0.0,0.0,0.0526315789473684,lignin,0.8613376953322552
732,732,424.0968214,424.0964854,424.0966398,1.111111111,0.611111111,C18 H20 O11 13C1,19.0,20.0,11.0,0.0,0.0,1.0,0.0,0.0,0.0,lignin,0.8976290713972919
733,733,424.0887393,424.0884033,424.0885339,1.055555556,0.611111111,C18 H19 O11 N1,18.0,19.0,11.0,0.0,1.0,0.0,0.0,0.0,0.0555555555555555,lignin,0.9371475912016282
734,734,423.2227064,423.2223715,423.222344,1.9,0.35,C20 H38 O7 34S1,20.0,38.0,7.0,0.0,0.0,0.0,1.0,0.0,0.0,lipid,0.8949572689730096
735,735,423.2028642,423.2025293,423.2024415,1.454545455,0.363636364,C22 H32 O8,22.0,32.0,8.0,0.0,0.0,0.0,0.0,0.0,0.0,lignin,0.8519513849120852
736,736,423.1664943,423.1661595,423.1660559,1.333333333,0.428571429,C21 H28 O9,21.0,28.0,9.0,0.0,0.0,0.0,0.0,0.0,0.0,lignin,0.8559186396947422
737,737,423.1298811,423.1295463,423.1296704,1.2,0.5,C20 H24 O10,20.0,24.0,10.0,0.0,0.0,0.0,0.0,0.0,0.0,lignin,0.8613582912770827
738,738,423.1217839,423.1214491,423.1212953,0.64516129,0.0,C31 H20 S1,31.0,20.0,0.0,1.0,0.0,0.0,0.0,0.0,0.0,pah,0.9554891658996745
739,739,423.1047039,423.1043692,423.1045183,1.111111111,0.555555556,C18 H20 O10 N2,18.0,20.0,10.0,0.0,2.0,0.0,0.0,0.0,0.1111111111111111,lignin,0.8997509827438426
740,740,423.0935087,423.0931739,423.0932849,1.052631579,0.578947368,C19 H20 O11,19.0,20.0,11.0,0.0,0.0,0.0,0.0,0.0,0.0,lignin,0.9376888870397708
741,741,423.0725661,423.0722314,423.0721556,0.727272727,0.409090909,C22 H16 O9,22.0,16.0,9.0,0.0,0.0,0.0,0.0,0.0,0.0,tannin,0.8776078359806408
742,742,423.0574003,423.0570656,423.0568994,0.888888889,0.666666667,C18 H16 O12,18.0,16.0,12.0,0.0,0.0,0.0,0.0,0.0,0.0,tannin,0.9051041436534156
743,743,423.0185099,423.0181753,423.018012,0.571428571,0.380952381,C21 H12 O8 S1,21.0,12.0,8.0,1.0,0.0,0.0,0.0,0.0,0.0,pah,0.9546888984655275
744,744,422.2303406,422.230007,422.229903,2.0,0.368421053,C19 H38 O7 S1 13C1,20.0,38.0,7.0,1.0,0.0,1.0,0.0,0.0,0.0,lipid,0.8824060586056713
745,745,422.1905827,422.1902492,422.1901462,1.428571429,0.380952381,C21 H30 O8 13C1,22.0,30.0,8.0,0.0,0.0,1.0,0.0,0.0,0.0,lignin,0.852993985247305
746,746,422.1539386,422.1536051,422.1537607,1.3,0.45,C20 H26 O9 13C1,21.0,26.0,9.0,0.0,0.0,1.0,0.0,0.0,0.0,lignin,0.8578871829915311
747,747,422.1457945,422.1454611,422.1456549,1.25,0.45,C20 H25 O9 N1,20.0,25.0,9.0,0.0,1.0,0.0,0.0,0.0,0.05,lignin,0.8594805221155051
748,748,422.1176051,422.1172716,422.1173752,1.157894737,0.526315789,C19 H22 O10 13C1,20.0,22.0,10.0,0.0,0.0,1.0,0.0,0.0,0.0,lignin,0.8636790064039411
749,749,421.2269969,421.2266646,421.2265482,1.9,0.35,C20 H38 O7 S1,20.0,38.0,7.0,1.0,0.0,0.0,0.0,0.0,0.0,lipid,0.8949572689730096
750,750,421.2235879,421.2232556,421.2231769,1.47826087,0.304347826,C23 H34 O7,23.0,34.0,7.0,0.0,0.0,0.0,0.0,0.0,0.0,lipid,0.74501203631049
751,751,421.1869651,421.1866329,421.1867914,1.363636364,0.363636364,C22 H30 O8,22.0,30.0,8.0,0.0,0.0,0.0,0.0,0.0,0.0,lignin,0.8546552592369823
752,752,421.1636666,421.1633344,421.1631601,0.896551724,0.034482759,C29 H26 O1 S1,29.0,26.0,1.0,1.0,0.0,0.0,0.0,0.0,0.0,pah,0.9581463673739601
753,753,421.1506832,421.150351,421.1504059,1.238095238,0.428571429,C21 H26 O9,21.0,26.0,9.0,0.0,0.0,0.0,0.0,0.0,0.0,lignin,0.8600563311768734
754,754,421.1145267,421.1141946,421.1140204,1.1,0.5,C20 H22 O10,20.0,22.0,10.0,0.0,0.0,0.0,0.0,0.0,0.0,lignin,0.8995673407370784
755,755,421.0779972,421.0776651,421.0776349,0.947368421,0.578947368,C19 H18 O11,19.0,18.0,11.0,0.0,0.0,0.0,0.0,0.0,0.0,lignin,0.6077441458084591
756,756,421.0414069,421.0410749,421.0412494,0.777777778,0.666666667,C18 H14 O12,18.0,14.0,12.0,0.0,0.0,0.0,0.0,0.0,0.0,tannin,0.912697220920735
757,757,421.0390026,421.0386706,421.0387474,0.636363636,0.318181818,C22 H14 O7 S1,22.0,14.0,7.0,1.0,0.0,0.0,0.0,0.0,0.0,pah,0.6271903755226103
758,758,420.1749213,420.1745905,420.1744962,1.333333333,0.380952381,C21 H28 O8 13C1,22.0,28.0,8.0,0.0,0.0,1.0,0.0,0.0,0.0,lignin,0.8556597689398607
759,759,420.1385871,420.1382562,420.1381107,1.2,0.45,C20 H24 O9 13C1,21.0,24.0,9.0,0.0,0.0,1.0,0.0,0.0,0.0,lignin,0.8622951888492913
760,760,420.1019201,420.1015894,420.1017251,1.052631579,0.526315789,C19 H20 O10 13C1,20.0,20.0,10.0,0.0,0.0,1.0,0.0,0.0,0.0,lignin,0.9383212300902677
761,761,420.0937434,420.0934126,420.0936193,1.0,0.526315789,C19 H19 O10 N1,19.0,19.0,10.0,0.0,1.0,0.0,0.0,0.0,0.0526315789473684,lignin,0.9376619571826064
762,762,419.2080272,419.2076976,419.2075268,1.391304348,0.304347826,C23 H32 O7,23.0,32.0,7.0,0.0,0.0,0.0,0.0,0.0,0.0,lignin,0.8532514209341617
763,763,419.1715052,419.1711757,419.1711413,1.272727273,0.363636364,C22 H28 O8,22.0,28.0,8.0,0.0,0.0,0.0,0.0,0.0,0.0,lignin,0.8585905454674961
764,764,419.147978,419.1476485,419.14751,0.827586207,0.034482759,C29 H24 O1 S1,29.0,24.0,1.0,1.0,0.0,0.0,0.0,0.0,0.0,pah,0.9567766647085779
765,765,419.1349062,419.1345767,419.1347558,1.142857143,0.428571429,C21 H24 O9,21.0,24.0,9.0,0.0,0.0,0.0,0.0,0.0,0.0,lignin,0.86536062181472
766,766,419.1293729,419.1290434,419.1288826,0.714285714,0.142857143,C28 H20 O4,28.0,20.0,4.0,0.0,0.0,0.0,0.0,0.0,0.0,pah,0.9555211442941222
767,767,419.0987486,419.0984192,419.0983703,1.0,0.5,C20 H20 O10,20.0,20.0,10.0,0.0,0.0,0.0,0.0,0.0,0.0,lignin,0.9381105716616908
768,768,419.0835532,419.0832238,419.0831142,1.25,0.8125,C16 H20 O13,16.0,20.0,13.0,0.0,0.0,0.0,0.0,0.0,0.0,lignin,0.6209630795184501
769,769,419.0624536,419.0621242,419.0619848,0.842105263,0.578947368,C19 H16 O11,19.0,16.0,11.0,0.0,0.0,0.0,0.0,0.0,0.0,tannin,0.910391290789833
770,770,419.0258906,419.0255612,419.0255993,0.666666667,0.666666667,C18 H12 O12,18.0,12.0,12.0,0.0,0.0,0.0,0.0,0.0,0.0,tannin,0.9078663733977107
771,771,419.023462,419.0231327,419.0230974,0.545454545,0.318181818,C22 H12 O7 S1,22.0,12.0,7.0,1.0,0.0,0.0,0.0,0.0,0.0,pah,0.9547065162769848
772,772,418.1591564,418.1588282,418.1588461,1.238095238,0.380952381,C21 H26 O8 13C1,22.0,26.0,8.0,0.0,0.0,1.0,0.0,0.0,0.0,lignin,0.8600241481292136
773,773,418.1229391,418.122611,418.1224606,1.1,0.45,C20 H22 O9 13C1,21.0,22.0,9.0,0.0,0.0,1.0,0.0,0.0,0.0,lignin,0.9380300423844801
774,774,417.2285329,417.2282059,417.2282623,1.416666667,0.25,C24 H34 O6,24.0,34.0,6.0,0.0,0.0,0.0,0.0,0.0,0.0,lipid,0.5977648010231802
775,775,417.210891,417.210564,417.2105042,1.416666667,0.166666667,C24 H34 O4 S1,24.0,34.0,4.0,1.0,0.0,0.0,0.0,0.0,0.0,lipid,0.9065835083328031
776,776,417.1923239,417.191997,417.1918768,1.304347826,0.304347826,C23 H30 O7,23.0,30.0,7.0,0.0,0.0,0.0,0.0,0.0,0.0,lignin,0.8557642286708154
777,777,417.1558634,417.1555365,417.1554913,1.181818182,0.363636364,C22 H26 O8,22.0,26.0,8.0,0.0,0.0,0.0,0.0,0.0,0.0,lignin,0.8633884455535787
778,778,417.1404992,417.1401723,417.1402351,1.444444444,0.611111111,C18 H26 O11,18.0,26.0,11.0,0.0,0.0,0.0,0.0,0.0,0.0,lignin,0.8973826840661008
779,779,417.1323768,417.13205,417.13186,0.75862069,0.034482759,C29 H22 O1 S1,29.0,22.0,1.0,1.0,0.0,0.0,0.0,0.0,0.0,pah,0.9560866564347938
780,780,417.1226869,417.12236,417.1224771,1.444444444,0.5,C18 H26 O9 S1,18.0,26.0,9.0,1.0,0.0,0.0,0.0,0.0,0.0,lignin,0.8525559541009015
781,781,417.1192813,417.1189544,417.1191058,1.047619048,0.428571429,C21 H22 O9,21.0,22.0,9.0,0.0,0.0,0.0,0.0,0.0,0.0,lignin,0.9395731202322886
782,782,417.1137377,417.1134109,417.1132325,0.642857143,0.142857143,C28 H18 O4,28.0,18.0,4.0,0.0,0.0,0.0,0.0,0.0,0.0,pah,0.9552179141972775
783,783,417.1040448,417.103718,417.1038496,1.294117647,0.705882353,C17 H22 O12,17.0,22.0,12.0,0.0,0.0,0.0,0.0,0.0,0.0,lignin,0.5983309849687374
784,784,417.0960074,417.0956806,417.0954745,0.642857143,0.071428571,C28 H18 O2 S1,28.0,18.0,2.0,1.0,0.0,0.0,0.0,0.0,0.0,pah,0.9553507988983281
785,785,417.0830197,417.0826929,417.0827202,0.9,0.5,C20 H18 O10,20.0,18.0,10.0,0.0,0.0,0.0,0.0,0.0,0.0,tannin,0.9088425954122181
786,786,417.0678891,417.0675624,417.0674641,1.125,0.8125,C16 H18 O13,16.0,18.0,13.0,0.0,0.0,0.0,0.0,0.0,0.0,lignin,0.6717087430310349
787,787,417.0468249,417.0464982,417.0463347,0.736842105,0.578947368,C19 H14 O11,19.0,14.0,11.0,0.0,0.0,0.0,0.0,0.0,0.0,tannin,0.9111155251700875
788,788,416.1564767,416.1561511,416.1562195,1.5,0.555555556,C18 H27 O10 N1,18.0,27.0,10.0,0.0,1.0,0.0,0.0,0.0,0.0555555555555555,lignin,0.845157344575742
789,789,416.1203522,416.1200267,416.119834,1.352941176,0.647058824,C17 H23 O11 N1,17.0,23.0,11.0,0.0,1.0,0.0,0.0,0.0,0.0588235294117647,lignin,0.5367232062112076
790,790,415.2130169,415.2126925,415.2126122,1.333333333,0.25,C24 H32 O6,24.0,32.0,6.0,0.0,0.0,0.0,0.0,0.0,0.0,lignin,0.8543411808180228
791,791,415.1978376,415.1975133,415.1973561,1.6,0.45,C20 H32 O9,20.0,32.0,9.0,0.0,0.0,0.0,0.0,0.0,0.0,lipid,0.7266743264434659
792,792,415.1766977,415.1763734,415.1762267,1.217391304,0.304347826,C23 H28 O7,23.0,28.0,7.0,0.0,0.0,0.0,0.0,0.0,0.0,lignin,0.8615700587035804
793,793,415.1613244,415.1610001,415.1609706,1.473684211,0.526315789,C19 H28 O10,19.0,28.0,10.0,0.0,0.0,0.0,0.0,0.0,0.0,lignin,0.843886805288161
794,794,415.143396,415.1430717,415.1432125,1.473684211,0.421052632,C19 H28 O8 S1,19.0,28.0,8.0,1.0,0.0,0.0,0.0,0.0,0.0,lignin,0.8521928649449
795,795,415.1400117,415.1396874,415.1398412,1.090909091,0.363636364,C22 H24 O8,22.0,24.0,8.0,0.0,0.0,0.0,0.0,0.0,0.0,lignin,0.9423479407213312
796,796,415.1344697,415.1341455,415.133968,0.689655172,0.103448276,C29 H20 O3,29.0,20.0,3.0,0.0,0.0,0.0,0.0,0.0,0.0,pah,0.955496711760649
797,797,415.1247212,415.124397,415.1245851,1.333333333,0.611111111,C18 H24 O11,18.0,24.0,11.0,0.0,0.0,0.0,0.0,0.0,0.0,lignin,0.8874853985524854
798,798,415.1166737,415.1163495,415.1162099,0.689655172,0.034482759,C29 H20 O1 S1,29.0,20.0,1.0,1.0,0.0,0.0,0.0,0.0,0.0,pah,0.9556502467652088
799,799,415.1070545,415.1067303,415.106827,1.333333333,0.5,C18 H24 O9 S1,18.0,24.0,9.0,1.0,0.0,0.0,0.0,0.0,0.0,lignin,0.8569490914445916
800,800,415.1037025,415.1033783,415.1034557,0.952380952,0.428571429,C21 H20 O9,21.0,20.0,9.0,0.0,0.0,0.0,0.0,0.0,0.0,lignin,0.9380123298451813
801,801,415.0885894,415.0882653,415.0881995,1.176470588,0.705882353,C17 H20 O12,17.0,20.0,12.0,0.0,0.0,0.0,0.0,0.0,0.0,lignin,0.8708226642440356
802,802,415.0675698,415.0672456,415.0670702,0.8,0.5,C20 H16 O10,20.0,16.0,10.0,0.0,0.0,0.0,0.0,0.0,0.0,tannin,0.9116910823228206
803,803,415.0523089,415.0519848,415.051814,1.0,0.8125,C16 H16 O13,16.0,16.0,13.0,0.0,0.0,0.0,0.0,0.0,0.0,lignin,0.9355772806691839
804,804,415.0310551,415.030731,415.0306847,0.631578947,0.578947368,C19 H12 O11,19.0,12.0,11.0,0.0,0.0,0.0,0.0,0.0,0.0,tannin,0.8804827086812553
805,805,415.0286101,415.028286,415.0281827,0.52173913,0.260869565,C23 H12 O6 S1,23.0,12.0,6.0,1.0,0.0,0.0,0.0,0.0,0.0,pah,0.9547591890163669
806,806,414.1491713,414.1488483,414.1486753,1.444444444,0.555555556,C18 H26 O10 13C1,19.0,26.0,10.0,0.0,0.0,1.0,0.0,0.0,0.0,lignin,0.8773604803478093
807,807,414.1126114,414.1122885,414.1122898,1.294117647,0.647058824,C17 H22 O11 13C1,18.0,22.0,11.0,0.0,0.0,1.0,0.0,0.0,0.0,lignin,0.8806630857608495
808,808,414.1044741,414.1041512,414.104184,1.235294118,0.647058824,C17 H21 O11 N1,17.0,21.0,11.0,0.0,1.0,0.0,0.0,0.0,0.0588235294117647,lignin,0.859448463291765
809,809,414.0760426,414.0757197,414.0759043,1.125,0.75,C16 H18 O12 13C1,17.0,18.0,12.0,0.0,0.0,1.0,0.0,0.0,0.0,lignin,0.9192373750867573
810,810,413.1972087,413.196887,413.1969622,1.25,0.25,C24 H30 O6,24.0,30.0,6.0,0.0,0.0,0.0,0.0,0.0,0.0,lignin,0.8584587861005847
811,811,413.1818955,413.1815738,413.181706,1.5,0.45,C20 H30 O9,20.0,30.0,9.0,0.0,0.0,0.0,0.0,0.0,0.0,lignin,0.8446972210040512
812,812,413.1607599,413.1604382,413.1605766,1.130434783,0.304347826,C23 H26 O7,23.0,26.0,7.0,0.0,0.0,0.0,0.0,0.0,0.0,lignin,0.8664198383540078
813,813,413.1455748,413.1452532,413.1453205,1.368421053,0.526315789,C19 H26 O10,19.0,26.0,10.0,0.0,0.0,0.0,0.0,0.0,0.0,lignin,0.8557602745851682
814,814,413.1279295,413.1276079,413.1275624,1.368421053,0.421052632,C19 H26 O8 S1,19.0,26.0,8.0,1.0,0.0,0.0,0.0,0.0,0.0,lignin,0.8548882147329214
815,815,413.1245756,413.124254,413.1241911,1.0,0.363636364,C22 H22 O8,22.0,22.0,8.0,0.0,0.0,0.0,0.0,0.0,0.0,lignin,0.938893742466129
816,816,413.1093867,413.1090651,413.108935,1.222222222,0.611111111,C18 H22 O11,18.0,22.0,11.0,0.0,0.0,0.0,0.0,0.0,0.0,lignin,0.869541265837063
817,817,413.088256,413.0879345,413.0878056,0.857142857,0.428571429,C21 H18 O9,21.0,18.0,9.0,0.0,0.0,0.0,0.0,0.0,0.0,tannin,0.9101374825790263
818,818,413.0729142,413.0725926,413.0725495,1.058823529,0.705882353,C17 H18 O12,17.0,18.0,12.0,0.0,0.0,0.0,0.0,0.0,0.0,lignin,0.9363983771848868
819,819,413.0516679,413.0513464,413.0514201,0.7,0.5,C20 H14 O10,20.0,14.0,10.0,0.0,0.0,0.0,0.0,0.0,0.0,tannin,0.8830941284832561
820,820,413.0363321,413.0360106,413.036164,0.875,0.8125,C16 H14 O13,16.0,14.0,13.0,0.0,0.0,0.0,0.0,0.0,0.0,tannin,0.9071773217489703
821,821,413.028286,413.0279646,413.0277888,0.37037037,0.111111111,C27 H10 O3 S1,27.0,10.0,3.0,1.0,0.0,0.0,0.0,0.0,0.0,pah,0.9547387182697641
822,822,413.0128522,413.0125307,413.0125327,0.434782609,0.260869565,C23 H10 O6 S1,23.0,10.0,6.0,1.0,0.0,0.0,0.0,0.0,0.0,pah,0.9546820875619574
823,823,412.1698114,412.169491,412.1694108,1.473684211,0.473684211,C19 H28 O9 13C1,20.0,28.0,9.0,0.0,0.0,1.0,0.0,0.0,0.0,lignin,0.8455330529439318
824,824,412.1616884,412.1613681,412.1613049,1.421052632,0.473684211,C19 H27 O9 N1,19.0,27.0,9.0,0.0,1.0,0.0,0.0,0.0,0.0526315789473684,lignin,0.8525203287697295
825,825,412.1331706,412.1328503,412.1330253,1.333333333,0.555555556,C18 H24 O10 13C1,19.0,24.0,10.0,0.0,0.0,1.0,0.0,0.0,0.0,lignin,0.8568118201188788
826,826,412.125076,412.1247557,412.1249194,1.277777778,0.555555556,C18 H23 O10 N1,18.0,23.0,10.0,0.0,1.0,0.0,0.0,0.0,0.0555555555555555,lignin,0.8587004482151043
827,827,412.096961,412.0966408,412.0966398,1.176470588,0.647058824,C17 H20 O11 13C1,18.0,20.0,11.0,0.0,0.0,1.0,0.0,0.0,0.0,lignin,0.871453006385581
828,828,412.0889772,412.0886569,412.0885339,1.117647059,0.647058824,C17 H19 O11 N1,17.0,19.0,11.0,0.0,1.0,0.0,0.0,0.0,0.0588235294117647,lignin,0.8975008289895918
829,829,411.2027207,411.2024016,411.2024415,1.523809524,0.380952381,C21 H32 O8,21.0,32.0,8.0,0.0,0.0,0.0,0.0,0.0,0.0,lignin,0.5772890476844388
830,830,411.1665354,411.1662164,411.1660559,1.4,0.45,C20 H28 O9,20.0,28.0,9.0,0.0,0.0,0.0,0.0,0.0,0.0,lignin,0.8551011269881498
831,831,411.1299399,411.1296209,411.1296704,1.263157895,0.526315789,C19 H24 O10,19.0,24.0,10.0,0.0,0.0,0.0,0.0,0.0,0.0,lignin,0.8589558060239881
832,832,411.1217874,411.1214684,411.1212953,0.666666667,0.0,C30 H20 S1,30.0,20.0,0.0,1.0,0.0,0.0,0.0,0.0,0.0,pah,0.955596752271868
833,833,411.1120609,411.1117419,411.1119124,1.263157895,0.421052632,C19 H24 O8 S1,19.0,24.0,8.0,1.0,0.0,0.0,0.0,0.0,0.0,lignin,0.859127786459432
834,834,411.1086772,411.1083582,411.1085411,0.909090909,0.363636364,C22 H20 O8,22.0,20.0,8.0,0.0,0.0,0.0,0.0,0.0,0.0,tannin,0.9083577390732558
835,835,411.1046871,411.1043682,411.1045183,1.176470588,0.588235294,C17 H20 O10 N2,17.0,20.0,10.0,0.0,2.0,0.0,0.0,0.0,0.1176470588235294,lignin,0.8607578865036507
836,836,411.09345,411.093131,411.0932849,1.111111111,0.611111111,C18 H20 O11,18.0,20.0,11.0,0.0,0.0,0.0,0.0,0.0,0.0,lignin,0.8976290713972919
837,837,411.0854264,411.0851074,411.0849098,0.551724138,0.034482759,C29 H16 O1 S1,29.0,16.0,1.0,1.0,0.0,0.0,0.0,0.0,0.0,pah,0.9550956285970041
838,838,411.0725176,411.0721987,411.0721556,0.761904762,0.428571429,C21 H16 O9,21.0,16.0,9.0,0.0,0.0,0.0,0.0,0.0,0.0,tannin,0.8877565364890758
839,839,411.0573578,411.0570389,411.0568994,0.941176471,0.705882353,C17 H16 O12,17.0,16.0,12.0,0.0,0.0,0.0,0.0,0.0,0.0,tannin,0.9038524154122541
840,840,411.0362489,411.0359301,411.0357701,0.6,0.5,C20 H12 O10,20.0,12.0,10.0,0.0,0.0,0.0,0.0,0.0,0.0,tannin,0.6702661293474609
841,841,411.020927,411.0206082,411.0205139,0.75,0.8125,C16 H12 O13,16.0,12.0,13.0,0.0,0.0,0.0,0.0,0.0,0.0,tannin,0.9149558289722958
842,842,410.1903832,410.1900654,410.1901462,1.5,0.4,C20 H30 O8 13C1,21.0,30.0,8.0,0.0,0.0,1.0,0.0,0.0,0.0,lignin,0.8503241025359334
843,843,410.1542424,410.1539247,410.1537607,1.368421053,0.473684211,C19 H26 O9 13C1,20.0,26.0,9.0,0.0,0.0,1.0,0.0,0.0,0.0,lignin,0.8560262835077583
844,844,410.1176795,410.1173618,410.1173752,1.222222222,0.555555556,C18 H22 O10 13C1,19.0,22.0,10.0,0.0,0.0,1.0,0.0,0.0,0.0,lignin,0.8601644067693508
845,845,410.1094967,410.1091791,410.1092693,1.166666667,0.555555556,C18 H21 O10 N1,18.0,21.0,10.0,0.0,1.0,0.0,0.0,0.0,0.0555555555555555,lignin,0.8629636240470614
846,846,410.0811669,410.0808493,410.0809897,1.058823529,0.647058824,C17 H18 O11 13C1,18.0,18.0,11.0,0.0,0.0,1.0,0.0,0.0,0.0,lignin,0.936944091835364
847,847,410.0731107,410.0727931,410.0728838,1.0,0.647058824,C17 H17 O11 N1,17.0,17.0,11.0,0.0,1.0,0.0,0.0,0.0,0.0588235294117647,lignin,0.9366766727008656
848,848,409.2234553,409.2231388,409.2231769,1.545454545,0.318181818,C22 H34 O7,22.0,34.0,7.0,0.0,0.0,0.0,0.0,0.0,0.0,lipid,0.903068357882475
849,849,409.1869842,409.1866678,409.1867914,1.428571429,0.380952381,C21 H30 O8,21.0,30.0,8.0,0.0,0.0,0.0,0.0,0.0,0.0,lignin,0.852993985247305
850,850,409.150795,409.1504786,409.1504059,1.3,0.45,C20 H26 O9,20.0,26.0,9.0,0.0,0.0,0.0,0.0,0.0,0.0,lignin,0.8578871829915311
851,851,409.1144511,409.1141348,409.1140204,1.157894737,0.526315789,C19 H22 O10,19.0,22.0,10.0,0.0,0.0,0.0,0.0,0.0,0.0,lignin,0.8636790064039411
852,852,409.0931465,409.0928302,409.092891,0.818181818,0.363636364,C22 H18 O8,22.0,18.0,8.0,0.0,0.0,0.0,0.0,0.0,0.0,tannin,0.8967121955509161
853,853,409.0890932,409.0887769,409.0888683,1.058823529,0.588235294,C17 H18 O10 N2,17.0,18.0,10.0,0.0,2.0,0.0,0.0,0.0,0.1176470588235294,lignin,0.9372565574845947
854,854,409.0777805,409.0774642,409.0776349,1.0,0.611111111,C18 H18 O11,18.0,18.0,11.0,0.0,0.0,0.0,0.0,0.0,0.0,lignin,0.9370868369017359
855,855,409.0696928,409.0693765,409.0692597,0.482758621,0.034482759,C29 H14 O1 S1,29.0,14.0,1.0,1.0,0.0,0.0,0.0,0.0,0.0,pah,0.9549362043404581
856,856,409.0566474,409.0563311,409.0565055,0.666666667,0.428571429,C21 H14 O9,21.0,14.0,9.0,0.0,0.0,0.0,0.0,0.0,0.0,tannin,0.8217195448206607
857,857,409.0415487,409.0412325,409.0412494,0.823529412,0.705882353,C17 H14 O12,17.0,14.0,12.0,0.0,0.0,0.0,0.0,0.0,0.0,tannin,0.9113664629735977
858,858,409.0391448,409.0388286,409.0387474,0.666666667,0.333333333,C21 H14 O7 S1,21.0,14.0,7.0,1.0,0.0,0.0,0.0,0.0,0.0,tannin,0.6151155888371713
859,859,408.1747018,408.1743867,408.1744962,1.4,0.4,C20 H28 O8 13C1,21.0,28.0,8.0,0.0,0.0,1.0,0.0,0.0,0.0,lignin,0.8539999627092645
860,860,408.1386005,408.1382854,408.1381107,1.263157895,0.473684211,C19 H24 O9 13C1,20.0,24.0,9.0,0.0,0.0,1.0,0.0,0.0,0.0,lignin,0.8590925235129954
861,861,408.1020309,408.1017159,408.1017251,1.111111111,0.555555556,C18 H20 O10 13C1,19.0,20.0,10.0,0.0,0.0,1.0,0.0,0.0,0.0,lignin,0.8987638001031305
862,862,408.0938467,408.0935317,408.0936193,1.055555556,0.555555556,C18 H19 O10 N1,18.0,19.0,10.0,0.0,1.0,0.0,0.0,0.0,0.0555555555555555,lignin,0.9377818425008378
863,863,408.0654781,408.0651631,408.0653396,0.941176471,0.647058824,C17 H16 O11 13C1,18.0,16.0,11.0,0.0,0.0,1.0,0.0,0.0,0.0,tannin,0.7310362481980779
864,864,407.2076864,407.2073725,407.2075268,1.454545455,0.318181818,C22 H32 O7,22.0,32.0,7.0,0.0,0.0,0.0,0.0,0.0,0.0,lignin,0.7214151076974835
865,865,407.1714288,407.1711149,407.1711413,1.333333333,0.380952381,C21 H28 O8,21.0,28.0,8.0,0.0,0.0,0.0,0.0,0.0,0.0,lignin,0.8556597689398607
866,866,407.1352099,407.1348962,407.1347558,1.2,0.45,C20 H24 O9,20.0,24.0,9.0,0.0,0.0,0.0,0.0,0.0,0.0,lignin,0.8622951888492913
867,867,407.1099955,407.1096817,407.1096037,1.111111111,0.5,C18 H20 O9 N2,18.0,20.0,9.0,0.0,2.0,0.0,0.0,0.0,0.1111111111111111,lignin,0.8671669683326545
868,868,407.0986522,407.0983385,407.0983703,1.052631579,0.526315789,C19 H20 O10,19.0,20.0,10.0,0.0,0.0,0.0,0.0,0.0,0.0,lignin,0.9383212300902677
869,869,407.0774101,407.0770964,407.0772409,0.727272727,0.363636364,C22 H16 O8,22.0,16.0,8.0,0.0,0.0,0.0,0.0,0.0,0.0,tannin,0.8745940145949429
870,870,407.0734034,407.0730897,407.0732182,0.941176471,0.588235294,C17 H16 O10 N2,17.0,16.0,10.0,0.0,2.0,0.0,0.0,0.0,0.1176470588235294,tannin,0.7317498995990002
871,871,407.0621517,407.061838,407.0619848,0.888888889,0.611111111,C18 H16 O11,18.0,16.0,11.0,0.0,0.0,0.0,0.0,0.0,0.0,tannin,0.904865751325971
872,872,407.0597751,407.0594615,407.0594829,0.727272727,0.272727273,C22 H16 O6 S1,22.0,16.0,6.0,1.0,0.0,0.0,0.0,0.0,0.0,tannin,0.6166727235619185
873,873,407.0260305,407.0257169,407.0255993,0.705882353,0.705882353,C17 H12 O12,17.0,12.0,12.0,0.0,0.0,0.0,0.0,0.0,0.0,tannin,0.9148993047313813
874,874,406.1954113,406.1950987,406.1952316,1.428571429,0.333333333,C21 H30 O7 13C1,22.0,30.0,7.0,0.0,0.0,1.0,0.0,0.0,0.0,lignin,0.8526064400627039
875,875,406.1592603,406.1589478,406.1588461,1.3,0.4,C20 H26 O8 13C1,21.0,26.0,8.0,0.0,0.0,1.0,0.0,0.0,0.0,lignin,0.8578166076724912
876,876,406.1228757,406.1225633,406.1224606,1.157894737,0.473684211,C19 H22 O9 13C1,20.0,22.0,9.0,0.0,0.0,1.0,0.0,0.0,0.0,lignin,0.8641948381615133
877,877,406.0862141,406.0859017,406.0860751,1.0,0.555555556,C18 H18 O10 13C1,19.0,18.0,10.0,0.0,0.0,1.0,0.0,0.0,0.0,lignin,0.9375827385603408
878,878,406.0781084,406.077796,406.0779692,0.944444444,0.555555556,C18 H17 O10 N1,18.0,17.0,10.0,0.0,1.0,0.0,0.0,0.0,0.0555555555555555,lignin,0.6079185696652527
879,879,405.2283793,405.228068,405.2282623,1.47826087,0.260869565,C23 H34 O6,23.0,34.0,6.0,0.0,0.0,0.0,0.0,0.0,0.0,lipid,0.9058677761765465
880,880,405.1922036,405.1918923,405.1918768,1.363636364,0.318181818,C22 H30 O7,22.0,30.0,7.0,0.0,0.0,0.0,0.0,0.0,0.0,lignin,0.8541031074045822
881,881,405.1559483,405.1556371,405.1554913,1.238095238,0.380952381,C21 H26 O8,21.0,26.0,8.0,0.0,0.0,0.0,0.0,0.0,0.0,lignin,0.8600241481292136
882,882,405.1226722,405.1223611,405.1224771,1.529411765,0.529411765,C17 H26 O9 S1,17.0,26.0,9.0,1.0,0.0,0.0,0.0,0.0,0.0,lignin,0.8744764167071676
883,883,405.1192717,405.1189606,405.1191058,1.1,0.45,C20 H22 O9,20.0,22.0,9.0,0.0,0.0,0.0,0.0,0.0,0.0,lignin,0.9380300423844801
884,884,405.1137281,405.1134169,405.1132325,0.666666667,0.148148148,C27 H18 O4,27.0,18.0,4.0,0.0,0.0,0.0,0.0,0.0,0.0,pah,0.9552961676592776
885,885,405.0959339,405.0956228,405.0954745,0.666666667,0.074074074,C27 H18 O2 S1,27.0,18.0,2.0,1.0,0.0,0.0,0.0,0.0,0.0,pah,0.9554498123249641
886,886,405.0941299,405.0938188,405.0939536,1.0,0.5,C18 H18 O9 N2,18.0,18.0,9.0,0.0,2.0,0.0,0.0,0.0,0.1111111111111111,lignin,0.9378384052670199
887,887,405.0829655,405.0826544,405.0827202,0.947368421,0.526315789,C19 H18 O10,19.0,18.0,10.0,0.0,0.0,0.0,0.0,0.0,0.0,lignin,0.607983788255294
888,888,405.0805906,405.0802795,405.0802183,0.782608696,0.217391304,C23 H18 O5 S1,23.0,18.0,5.0,1.0,0.0,0.0,0.0,0.0,0.0,tannin,0.618093608706644
889,889,405.0678284,405.0675173,405.0674641,1.2,0.866666667,C15 H18 O13,15.0,18.0,13.0,0.0,0.0,0.0,0.0,0.0,0.0,lignin,0.5969295364007096
890,890,405.0467959,405.0464849,405.0463347,0.777777778,0.611111111,C18 H14 O11,18.0,14.0,11.0,0.0,0.0,0.0,0.0,0.0,0.0,tannin,0.9124755303765635
891,891,405.0078374,405.0075264,405.0074473,0.476190476,0.333333333,C21 H10 O7 S1,21.0,10.0,7.0,1.0,0.0,0.0,0.0,0.0,0.0,pah,0.9546358512167797
892,892,404.1800113,404.1797014,404.1795815,1.333333333,0.333333333,C21 H28 O7 13C1,22.0,28.0,7.0,0.0,0.0,1.0,0.0,0.0,0.0,lignin,0.8551654389159757
893,893,404.1434471,404.1431372,404.143196,1.2,0.4,C20 H24 O8 13C1,21.0,24.0,8.0,0.0,0.0,1.0,0.0,0.0,0.0,lignin,0.8624519255261431
894,894,404.1200155,404.1197057,404.119834,1.4375,0.6875,C16 H23 O11 N1,16.0,23.0,11.0,0.0,1.0,0.0,0.0,0.0,0.0625,carbohydrate,0.545297019681847
895,895,404.1069531,404.1066433,404.1068105,1.052631579,0.473684211,C19 H20 O9 13C1,20.0,20.0,9.0,0.0,0.0,1.0,0.0,0.0,0.0,lignin,0.9390207736654143
896,896,403.2130569,403.2127482,403.2126122,1.391304348,0.260869565,C23 H32 O6,23.0,32.0,6.0,0.0,0.0,0.0,0.0,0.0,0.0,lignin,0.7221445859494694
897,897,403.1764032,403.1760946,403.1762267,1.272727273,0.318181818,C22 H28 O7,22.0,28.0,7.0,0.0,0.0,0.0,0.0,0.0,0.0,lignin,0.8582005930160992
898,898,403.1611005,403.1607919,403.1609706,1.555555556,0.555555556,C18 H28 O10,18.0,28.0,10.0,0.0,0.0,0.0,0.0,0.0,0.0,lignin,0.8952192095311039
899,899,403.1530436,403.152735,403.1525954,0.827586207,0.0,C29 H24 S1,29.0,24.0,0.0,1.0,0.0,0.0,0.0,0.0,0.0,pah,0.9569455237287485
900,900,403.1400762,403.1397676,403.1398412,1.142857143,0.380952381,C21 H24 O8,21.0,24.0,8.0,0.0,0.0,0.0,0.0,0.0,0.0,lignin,0.8655626976017473
901,901,403.1249637,403.1246551,403.1245851,1.411764706,0.647058824,C17 H24 O11,17.0,24.0,11.0,0.0,0.0,0.0,0.0,0.0,0.0,lignin,0.6902524159559067
902,902,403.1039029,403.1035943,403.1034557,1.0,0.45,C20 H20 O9,20.0,20.0,9.0,0.0,0.0,0.0,0.0,0.0,0.0,lignin,0.9385385587905537
903,903,403.0886271,403.0883186,403.0881995,1.25,0.75,C16 H20 O12,16.0,20.0,12.0,0.0,0.0,0.0,0.0,0.0,0.0,lignin,0.5692058065126332
904,904,403.0673521,403.0670436,403.0670702,0.842105263,0.526315789,C19 H16 O10,19.0,16.0,10.0,0.0,0.0,0.0,0.0,0.0,0.0,tannin,0.9103018845652773
905,905,403.05201,403.0517015,403.051814,1.066666667,0.866666667,C15 H16 O13,15.0,16.0,13.0,0.0,0.0,0.0,0.0,0.0,0.0,lignin,0.5631495980484678
906,906,403.0439119,403.0436035,403.0434389,0.461538462,0.115384615,C26 H12 O3 S1,26.0,12.0,3.0,1.0,0.0,0.0,0.0,0.0,0.0,pah,0.9548314533802567
907,907,403.0308574,403.030549,403.0306847,0.666666667,0.611111111,C18 H12 O11,18.0,12.0,11.0,0.0,0.0,0.0,0.0,0.0,0.0,tannin,0.8982657102832116
908,908,403.0284496,403.0281412,403.0281827,0.545454545,0.272727273,C22 H12 O6 S1,22.0,12.0,6.0,1.0,0.0,0.0,0.0,0.0,0.0,pah,0.9547729839047226
909,909,402.1410697,402.1407624,402.1405695,1.470588235,0.588235294,C17 H25 O10 N1,17.0,25.0,10.0,0.0,1.0,0.0,0.0,0.0,0.0588235294117647,lignin,0.4960974407181866
910,910,401.1974005,401.1970944,401.1969622,1.304347826,0.260869565,C23 H30 O6,23.0,30.0,6.0,0.0,0.0,0.0,0.0,0.0,0.0,lignin,0.8553321515519237
911,911,401.1821778,401.1818717,401.181706,1.578947368,0.473684211,C19 H30 O9,19.0,30.0,9.0,0.0,0.0,0.0,0.0,0.0,0.0,lignin,0.7115557024533326
912,912,401.1609333,401.1606273,401.1605766,1.181818182,0.318181818,C22 H26 O7,22.0,26.0,7.0,0.0,0.0,0.0,0.0,0.0,0.0,lignin,0.8633292663751568
913,913,401.1455248,401.1452188,401.1453205,1.444444444,0.555555556,C18 H26 O10,18.0,26.0,10.0,0.0,0.0,0.0,0.0,0.0,0.0,lignin,0.8773604803478093
914,914,401.1374247,401.1371187,401.1369454,0.75862069,0.0,C29 H22 S1,29.0,22.0,0.0,1.0,0.0,0.0,0.0,0.0,0.0,pah,0.9561811381847718
915,915,401.1277179,401.1274119,401.1275624,1.444444444,0.444444444,C18 H26 O8 S1,18.0,26.0,8.0,1.0,0.0,0.0,0.0,0.0,0.0,lignin,0.8539469661486209
916,916,401.1243391,401.1240331,401.1241911,1.047619048,0.380952381,C21 H22 O8,21.0,22.0,8.0,0.0,0.0,0.0,0.0,0.0,0.0,lignin,0.9403165896418963
917,917,401.1188014,401.1184954,401.1183179,0.642857143,0.107142857,C28 H18 O3,28.0,18.0,3.0,0.0,0.0,0.0,0.0,0.0,0.0,pah,0.9552850299797138
918,918,401.1091434,401.1088375,401.108935,1.294117647,0.647058824,C17 H22 O11,17.0,22.0,11.0,0.0,0.0,0.0,0.0,0.0,0.0,lignin,0.8806630857608495
919,919,401.0914935,401.0911876,401.0911769,1.294117647,0.529411765,C17 H22 O9 S1,17.0,22.0,9.0,1.0,0.0,0.0,0.0,0.0,0.0,lignin,0.8579346088291023
920,920,401.0881762,401.0878703,401.0878056,0.9,0.45,C20 H18 O9,20.0,18.0,9.0,0.0,0.0,0.0,0.0,0.0,0.0,tannin,0.908770549491552
921,921,401.0729944,401.0726885,401.0725495,1.125,0.75,C16 H18 O12,16.0,18.0,12.0,0.0,0.0,0.0,0.0,0.0,0.0,lignin,0.9192373750867573
922,922,401.0518238,401.051518,401.0514201,0.736842105,0.526315789,C19 H14 O10,19.0,14.0,10.0,0.0,0.0,0.0,0.0,0.0,0.0,tannin,0.9040608733127387
923,923,401.0365034,401.0361976,401.036164,0.933333333,0.866666667,C15 H14 O13,15.0,14.0,13.0,0.0,0.0,0.0,0.0,0.0,0.0,tannin,0.905262739605622
924,924,401.012793,401.0124872,401.0125327,0.454545455,0.272727273,C22 H10 O6 S1,22.0,10.0,6.0,1.0,0.0,0.0,0.0,0.0,0.0,pah,0.9546839664960544
925,925,400.1695727,400.169268,400.1694108,1.555555556,0.5,C18 H28 O9 13C1,19.0,28.0,9.0,0.0,0.0,1.0,0.0,0.0,0.0,lignin,0.842463410831856
926,926,400.161516,400.1612113,400.1613049,1.5,0.5,C18 H27 O9 N1,18.0,27.0,9.0,0.0,1.0,0.0,0.0,0.0,0.0555555555555555,lignin,0.8511026188566827
927,927,400.1334104,400.1331057,400.1330253,1.411764706,0.588235294,C17 H24 O10 13C1,18.0,24.0,10.0,0.0,0.0,1.0,0.0,0.0,0.0,lignin,0.8680668133776754
928,928,400.1253688,400.1250641,400.1249194,1.352941176,0.588235294,C17 H23 O10 N1,17.0,23.0,10.0,0.0,1.0,0.0,0.0,0.0,0.0588235294117647,lignin,0.8559770953904738
929,929,400.0970557,400.096751,400.0966398,1.25,0.6875,C16 H20 O11 13C1,17.0,20.0,11.0,0.0,0.0,1.0,0.0,0.0,0.0,lignin,0.8687237884121297
930,930,400.088912,400.0886074,400.0885339,1.1875,0.6875,C16 H19 O11 N1,16.0,19.0,11.0,0.0,1.0,0.0,0.0,0.0,0.0625,lignin,0.8606866579451198
931,931,400.0603819,400.0600773,400.0602543,1.066666667,0.8,C15 H16 O12 13C1,16.0,16.0,12.0,0.0,0.0,1.0,0.0,0.0,0.0,lignin,0.922339765642582
932,932,399.2027908,399.2024873,399.2024415,1.6,0.4,C20 H32 O8,20.0,32.0,8.0,0.0,0.0,0.0,0.0,0.0,0.0,lipid,0.8883462113260732
933,933,399.1817656,399.1814622,399.1813121,1.217391304,0.260869565,C23 H28 O6,23.0,28.0,6.0,0.0,0.0,0.0,0.0,0.0,0.0,lignin,0.8613633599205747
934,934,399.166471,399.1661676,399.1660559,1.473684211,0.473684211,C19 H28 O9,19.0,28.0,9.0,0.0,0.0,0.0,0.0,0.0,0.0,lignin,0.8455330529439318
935,935,399.1485629,399.1482595,399.1482979,1.473684211,0.368421053,C19 H28 O7 S1,19.0,28.0,7.0,1.0,0.0,0.0,0.0,0.0,0.0,lignin,0.8516044776110187
936,936,399.1451441,399.1448407,399.1449266,1.090909091,0.318181818,C22 H24 O7,22.0,24.0,7.0,0.0,0.0,0.0,0.0,0.0,0.0,lignin,0.9436662856715164
937,937,399.1298111,399.1295077,399.1296704,1.333333333,0.555555556,C18 H24 O10,18.0,24.0,10.0,0.0,0.0,0.0,0.0,0.0,0.0,lignin,0.8568118201188788
938,938,399.1217495,399.1214461,399.1212953,0.689655172,0.0,C29 H20 S1,29.0,20.0,0.0,1.0,0.0,0.0,0.0,0.0,0.0,pah,0.9557244638651735
939,939,399.1121238,399.1118204,399.1119124,1.333333333,0.444444444,C18 H24 O8 S1,18.0,24.0,8.0,1.0,0.0,0.0,0.0,0.0,0.0,lignin,0.8559448464689936
940,940,399.1087266,399.1084233,399.1085411,0.952380952,0.380952381,C21 H20 O8,21.0,20.0,8.0,0.0,0.0,0.0,0.0,0.0,0.0,lignin,0.9380736924529675
941,941,399.0936071,399.0933038,399.0932849,1.176470588,0.647058824,C17 H20 O11,17.0,20.0,11.0,0.0,0.0,0.0,0.0,0.0,0.0,lignin,0.871453006385581
942,942,399.0759619,399.0756586,399.0755269,1.176470588,0.529411765,C17 H20 O9 S1,17.0,20.0,9.0,1.0,0.0,0.0,0.0,0.0,0.0,lignin,0.8627759780385011
943,943,399.07258,399.0722767,399.0721556,0.8,0.45,C20 H16 O9,20.0,16.0,9.0,0.0,0.0,0.0,0.0,0.0,0.0,tannin,0.9091517233984657
944,944,399.0573322,399.0570289,399.0568994,1.0,0.75,C16 H16 O12,16.0,16.0,12.0,0.0,0.0,0.0,0.0,0.0,0.0,lignin,0.9360192879463437
945,945,399.0361048,399.0358016,399.0357701,0.631578947,0.526315789,C19 H12 O10,19.0,12.0,10.0,0.0,0.0,0.0,0.0,0.0,0.0,tannin,0.8244490385491012
946,946,399.0337012,399.033398,399.0332681,0.52173913,0.217391304,C23 H12 O5 S1,23.0,12.0,5.0,1.0,0.0,0.0,0.0,0.0,0.0,pah,0.9548124339636221
947,947,399.020758,399.0204547,399.0205139,0.8,0.866666667,C15 H12 O13,15.0,12.0,13.0,0.0,0.0,0.0,0.0,0.0,0.0,tannin,0.9116859854460447
948,948,399.0126346,399.0123314,399.0121388,0.307692308,0.115384615,C26 H8 O3 S1,26.0,8.0,3.0,1.0,0.0,0.0,0.0,0.0,0.0,pah,0.9546994441344092
949,949,398.2303148,398.2300126,398.229903,2.235294118,0.411764706,C17 H38 O7 S1 13C1,18.0,38.0,7.0,1.0,0.0,1.0,0.0,0.0,0.0,lipid,0.881116893202855
950,950,398.1902875,398.1899854,398.1901462,1.578947368,0.421052632,C19 H30 O8 13C1,20.0,30.0,8.0,0.0,0.0,1.0,0.0,0.0,0.0,lipid,0.7277173535673254
951,951,398.154083,398.1537809,398.1537607,1.444444444,0.5,C18 H26 O9 13C1,19.0,26.0,9.0,0.0,0.0,1.0,0.0,0.0,0.0,lignin,0.8525559541009015
952,952,398.1460471,398.145745,398.1456549,1.388888889,0.5,C18 H25 O9 N1,18.0,25.0,9.0,0.0,1.0,0.0,0.0,0.0,0.0555555555555555,lignin,0.8546902556963382
953,953,398.1178218,398.1175197,398.1173752,1.294117647,0.588235294,C17 H22 O10 13C1,18.0,22.0,10.0,0.0,0.0,1.0,0.0,0.0,0.0,lignin,0.8675421293288755
954,954,398.109689,398.109387,398.1092693,1.235294118,0.588235294,C17 H21 O10 N1,17.0,21.0,10.0,0.0,1.0,0.0,0.0,0.0,0.0588235294117647,lignin,0.8600281198747055
955,955,398.0811106,398.0808086,398.0809897,1.125,0.6875,C16 H18 O11 13C1,17.0,18.0,11.0,0.0,0.0,1.0,0.0,0.0,0.0,lignin,0.8999407893331556
956,956,398.0730068,398.0727048,398.0728838,1.0625,0.6875,C16 H17 O11 N1,16.0,17.0,11.0,0.0,1.0,0.0,0.0,0.0,0.0625,lignin,0.9368931326369804
957,957,397.3878033,397.3875022,397.3873464,2.076923077,0.0,C26 H54 S1,26.0,54.0,0.0,1.0,0.0,0.0,0.0,0.0,0.0,lipid,0.8810671230809104
958,958,397.2269309,397.22663,397.2265482,2.111111111,0.388888889,C18 H38 O7 S1,18.0,38.0,7.0,1.0,0.0,0.0,0.0,0.0,0.0,lipid,0.8804934690112376
959,959,397.1871554,397.1868545,397.1867914,1.5,0.4,C20 H30 O8,20.0,30.0,8.0,0.0,0.0,0.0,0.0,0.0,0.0,lignin,0.8503241025359334
960,960,397.1505934,397.1502926,397.1504059,1.368421053,0.473684211,C19 H26 O9,19.0,26.0,9.0,0.0,0.0,0.0,0.0,0.0,0.0,lignin,0.8560262835077583
961,961,397.1328959,397.1325951,397.1326478,1.368421053,0.368421053,C19 H26 O7 S1,19.0,26.0,7.0,1.0,0.0,0.0,0.0,0.0,0.0,lignin,0.8545315277603283
962,962,397.1294963,397.1291955,397.1292765,1.0,0.318181818,C22 H22 O7,22.0,22.0,7.0,0.0,0.0,0.0,0.0,0.0,0.0,lignin,0.9393319932339235
963,963,397.1143353,397.1140346,397.1140204,1.222222222,0.555555556,C18 H22 O10,18.0,22.0,10.0,0.0,0.0,0.0,0.0,0.0,0.0,lignin,0.8601644067693508
964,964,397.093305,397.0930042,397.092891,0.857142857,0.380952381,C21 H18 O8,21.0,18.0,8.0,0.0,0.0,0.0,0.0,0.0,0.0,tannin,0.9099428191865645
965,965,397.0892655,397.0889648,397.0888683,1.125,0.625,C16 H18 O10 N2,16.0,18.0,10.0,0.0,2.0,0.0,0.0,0.0,0.125,lignin,0.8640856623326293
966,966,397.0780607,397.07776,397.0776349,1.058823529,0.647058824,C17 H18 O11,17.0,18.0,11.0,0.0,0.0,0.0,0.0,0.0,0.0,lignin,0.936944091835364
967,967,397.056845,397.0565443,397.0565055,0.7,0.45,C20 H14 O9,20.0,14.0,9.0,0.0,0.0,0.0,0.0,0.0,0.0,tannin,0.8778587410932414
968,968,397.0414386,397.0411379,397.0412494,0.875,0.75,C16 H14 O12,16.0,14.0,12.0,0.0,0.0,0.0,0.0,0.0,0.0,tannin,0.9062049957749687
969,969,397.0333272,397.0330266,397.0328742,0.37037037,0.074074074,C27 H10 O2 S1,27.0,10.0,2.0,1.0,0.0,0.0,0.0,0.0,0.0,pah,0.9547581737455308
970,970,397.0178305,397.0175299,397.0176181,0.434782609,0.217391304,C23 H10 O5 S1,23.0,10.0,5.0,1.0,0.0,0.0,0.0,0.0,0.0,pah,0.9547180294231739
971,971,396.174934,396.1746344,396.1744962,1.473684211,0.421052632,C19 H28 O8 13C1,20.0,28.0,8.0,0.0,0.0,1.0,0.0,0.0,0.0,lignin,0.8521928649449
972,972,396.1383623,396.1380628,396.1381107,1.333333333,0.5,C18 H24 O9 13C1,19.0,24.0,9.0,0.0,0.0,1.0,0.0,0.0,0.0,lignin,0.8569490914445916
973,973,396.1301827,396.1298832,396.1300048,1.277777778,0.5,C18 H23 O9 N1,18.0,23.0,9.0,0.0,1.0,0.0,0.0,0.0,0.0555555555555555,lignin,0.8586292576176036
974,974,396.1018999,396.1016004,396.1017251,1.176470588,0.588235294,C17 H20 O10 13C1,18.0,20.0,10.0,0.0,0.0,1.0,0.0,0.0,0.0,lignin,0.8621950562879027
975,975,396.0938846,396.0935851,396.0936193,1.117647059,0.588235294,C17 H19 O10 N1,17.0,19.0,10.0,0.0,1.0,0.0,0.0,0.0,0.0588235294117647,lignin,0.8981979568450136
976,976,396.0657922,396.0654928,396.0653396,1.0,0.6875,C16 H16 O11 13C1,17.0,16.0,11.0,0.0,0.0,1.0,0.0,0.0,0.0,lignin,0.936459680478176
977,977,396.0576653,396.0573659,396.0572338,0.9375,0.6875,C16 H15 O11 N1,16.0,15.0,11.0,0.0,1.0,0.0,0.0,0.0,0.0625,tannin,0.9045275740171406
978,978,395.2077014,395.2074031,395.2075268,1.523809524,0.333333333,C21 H32 O7,21.0,32.0,7.0,0.0,0.0,0.0,0.0,0.0,0.0,lipid,0.9052917154132322
979,979,395.1714176,395.1711193,395.1711413,1.4,0.4,C20 H28 O8,20.0,28.0,8.0,0.0,0.0,0.0,0.0,0.0,0.0,lignin,0.8539999627092645
980,980,395.135204,395.1349058,395.1347558,1.263157895,0.473684211,C19 H24 O9,19.0,24.0,9.0,0.0,0.0,0.0,0.0,0.0,0.0,lignin,0.8590925235129954
981,981,395.1098447,395.1095465,395.1096037,1.176470588,0.529411765,C17 H20 O9 N2,17.0,20.0,9.0,0.0,2.0,0.0,0.0,0.0,0.1176470588235294,lignin,0.8611664624674816
982,982,395.0985262,395.0982281,395.0983703,1.111111111,0.555555556,C18 H20 O10,18.0,20.0,10.0,0.0,0.0,0.0,0.0,0.0,0.0,lignin,0.8987638001031305
983,983,395.0904332,395.090135,395.0899952,0.551724138,0.0,C29 H16 S1,29.0,16.0,0.0,1.0,0.0,0.0,0.0,0.0,0.0,pah,0.9551363692527953
984,984,395.0808025,395.0805044,395.0806122,1.111111111,0.444444444,C18 H20 O8 S1,18.0,20.0,8.0,1.0,0.0,0.0,0.0,0.0,0.0,lignin,0.866425922452389
985,985,395.0773854,395.0770873,395.0772409,0.761904762,0.380952381,C21 H16 O8,21.0,16.0,8.0,0.0,0.0,0.0,0.0,0.0,0.0,tannin,0.8796322461761873
986,986,395.0733872,395.0730891,395.0732182,1.0,0.625,C16 H16 O10 N2,16.0,16.0,10.0,0.0,2.0,0.0,0.0,0.0,0.125,lignin,0.9367957882018958
987,987,395.0622786,395.0619805,395.0619848,0.941176471,0.647058824,C17 H16 O11,17.0,16.0,11.0,0.0,0.0,0.0,0.0,0.0,0.0,tannin,0.7310362481980779
988,988,395.0260331,395.025735,395.0255993,0.75,0.75,C16 H12 O12,16.0,12.0,12.0,0.0,0.0,0.0,0.0,0.0,0.0,tannin,0.914107495621877
989,989,394.2812438,394.2809467,394.2810261,2.157894737,0.368421053,C19 H41 O7 N1,19.0,41.0,7.0,0.0,1.0,0.0,0.0,0.0,0.0526315789473684,lipid,0.8783195955069921
990,990,394.1954317,394.1951347,394.1952316,1.5,0.35,C20 H30 O7 13C1,21.0,30.0,7.0,0.0,0.0,1.0,0.0,0.0,0.0,lipid,0.5974466648591198
991,991,394.1591014,394.1588045,394.1588461,1.368421053,0.421052632,C19 H26 O8 13C1,20.0,26.0,8.0,0.0,0.0,1.0,0.0,0.0,0.0,lignin,0.8548882147329214
992,992,394.1228892,394.1225923,394.1224606,1.222222222,0.5,C18 H22 O9 13C1,19.0,22.0,9.0,0.0,0.0,1.0,0.0,0.0,0.0,lignin,0.8604575388845316
993,993,394.1147825,394.1144856,394.1143547,1.166666667,0.5,C18 H21 O9 N1,18.0,21.0,9.0,0.0,1.0,0.0,0.0,0.0,0.0555555555555555,lignin,0.8634285544407181
994,994,394.0863054,394.0860086,394.0860751,1.058823529,0.588235294,C17 H18 O10 13C1,18.0,18.0,10.0,0.0,0.0,1.0,0.0,0.0,0.0,lignin,0.9376481056446039
995,995,394.0781576,394.0778607,394.0779692,1.0,0.588235294,C17 H17 O10 N1,17.0,17.0,10.0,0.0,1.0,0.0,0.0,0.0,0.0588235294117647,lignin,0.9371693957451628
996,996,394.0498585,394.0495617,394.0496896,0.875,0.6875,C16 H14 O11 13C1,17.0,14.0,11.0,0.0,0.0,1.0,0.0,0.0,0.0,tannin,0.9057925725515871
997,997,393.1920969,393.1918012,393.1918768,1.428571429,0.333333333,C21 H30 O7,21.0,30.0,7.0,0.0,0.0,0.0,0.0,0.0,0.0,lignin,0.8526064400627039
998,998,393.1556901,393.1553944,393.1554913,1.3,0.4,C20 H26 O8,20.0,26.0,8.0,0.0,0.0,0.0,0.0,0.0,0.0,lignin,0.8578166076724912
999,999,393.1195462,393.1192506,393.1191058,1.157894737,0.473684211,C19 H22 O9,19.0,22.0,9.0,0.0,0.0,0.0,0.0,0.0,0.0,lignin,0.8641948381615133
1000,1000,393.0943006,393.094005,393.0939536,1.058823529,0.529411765,C17 H18 O9 N2,17.0,18.0,9.0,0.0,2.0,0.0,0.0,0.0,0.1176470588235294,lignin,0.9381244460064673
1001,1001,393.0829712,393.0826757,393.0827202,1.0,0.555555556,C18 H18 O10,18.0,18.0,10.0,0.0,0.0,0.0,0.0,0.0,0.0,lignin,0.9375827385603408
1002,1002,393.0617624,393.0614669,393.0615909,0.666666667,0.380952381,C21 H14 O8,21.0,14.0,8.0,0.0,0.0,0.0,0.0,0.0,0.0,tannin,0.6177779502914822
1003,1003,393.0595746,393.0592791,393.059089,0.56,0.12,C25 H14 O3 S1,25.0,14.0,3.0,1.0,0.0,0.0,0.0,0.0,0.0,pah,0.9550094551193835
1004,1004,393.0465313,393.0462358,393.0463347,0.823529412,0.647058824,C17 H14 O11,17.0,14.0,11.0,0.0,0.0,0.0,0.0,0.0,0.0,tannin,0.9110846259545478
1005,1005,393.0441462,393.0438507,393.0438328,0.666666667,0.285714286,C21 H14 O6 S1,21.0,14.0,6.0,1.0,0.0,0.0,0.0,0.0,0.0,pah,0.6270135873063014
1006,1006,392.1797466,392.1794522,392.1795815,1.4,0.35,C20 H28 O7 13C1,21.0,28.0,7.0,0.0,0.0,1.0,0.0,0.0,0.0,lignin,0.8534695274708255
1007,1007,392.1434678,392.1431734,392.143196,1.263157895,0.421052632,C19 H24 O8 13C1,20.0,24.0,8.0,0.0,0.0,1.0,0.0,0.0,0.0,lignin,0.859127786459432
1008,1008,392.1072615,392.1069672,392.1068105,1.111111111,0.5,C18 H20 O9 13C1,19.0,20.0,9.0,0.0,0.0,1.0,0.0,0.0,0.0,lignin,0.865755751129708
1009,1009,392.0991275,392.0988332,392.0987047,1.055555556,0.5,C18 H19 O9 N1,18.0,19.0,9.0,0.0,1.0,0.0,0.0,0.0,0.0555555555555555,lignin,0.9383000809616163
1010,1010,392.0705838,392.0702896,392.070425,0.941176471,0.588235294,C17 H16 O10 13C1,18.0,16.0,10.0,0.0,0.0,1.0,0.0,0.0,0.0,tannin,0.7303977767835377
1011,1011,392.0624677,392.0621735,392.0623192,0.882352941,0.588235294,C17 H15 O10 N1,17.0,15.0,10.0,0.0,1.0,0.0,0.0,0.0,0.0588235294117647,tannin,0.9114241412013234
1012,1012,391.2129693,391.2126762,391.2126122,1.454545455,0.272727273,C22 H32 O6,22.0,32.0,6.0,0.0,0.0,0.0,0.0,0.0,0.0,lipid,0.7452853222153893
1013,1013,391.1763693,391.1760761,391.1762267,1.333333333,0.333333333,C21 H28 O7,21.0,28.0,7.0,0.0,0.0,0.0,0.0,0.0,0.0,lignin,0.8551654389159757
1014,1014,391.1401815,391.1398885,391.1398412,1.2,0.4,C20 H24 O8,20.0,24.0,8.0,0.0,0.0,0.0,0.0,0.0,0.0,lignin,0.8624519255261431
1015,1015,391.1038586,391.1035655,391.1034557,1.052631579,0.473684211,C19 H20 O9,19.0,20.0,9.0,0.0,0.0,0.0,0.0,0.0,0.0,lignin,0.9390207736654143
1016,1016,391.0785102,391.0782172,391.0783036,0.941176471,0.529411765,C17 H16 O9 N2,17.0,16.0,9.0,0.0,2.0,0.0,0.0,0.0,0.1176470588235294,tannin,0.5476971603380267
1017,1017,391.0672125,391.0669195,391.0670702,0.888888889,0.555555556,C18 H16 O10,18.0,16.0,10.0,0.0,0.0,0.0,0.0,0.0,0.0,tannin,0.9091875655957173
1018,1018,391.0647979,391.0645049,391.0645683,0.727272727,0.227272727,C22 H16 O5 S1,22.0,16.0,5.0,1.0,0.0,0.0,0.0,0.0,0.0,pah,0.5012053576626831
1019,1019,391.0519979,391.0517049,391.051814,1.142857143,0.928571429,C14 H16 O13,14.0,16.0,13.0,0.0,0.0,0.0,0.0,0.0,0.0,lignin,0.561802094423949
1020,1020,391.0310353,391.0307424,391.0306847,0.705882353,0.647058824,C17 H12 O11,17.0,12.0,11.0,0.0,0.0,0.0,0.0,0.0,0.0,tannin,0.9143523784852811
1021,1021,391.0286423,391.0283494,391.0281827,0.571428571,0.285714286,C21 H12 O6 S1,21.0,12.0,6.0,1.0,0.0,0.0,0.0,0.0,0.0,pah,0.9547892544273673
1022,1022,390.1641638,390.163872,390.1639315,1.3,0.35,C20 H26 O7 13C1,21.0,26.0,7.0,0.0,0.0,1.0,0.0,0.0,0.0,lignin,0.8564600332216351
1023,1023,390.1279528,390.127661,390.127546,1.157894737,0.421052632,C19 H22 O8 13C1,20.0,22.0,8.0,0.0,0.0,1.0,0.0,0.0,0.0,lignin,0.8645421683430673
1024,1024,390.1045261,390.1042343,390.104184,1.4,0.733333333,C15 H21 O11 N1,15.0,21.0,11.0,0.0,1.0,0.0,0.0,0.0,0.0666666666666666,carbohydrate,0.5416181995227769
1025,1025,390.0913391,390.0910474,390.0911605,1.0,0.5,C18 H18 O9 13C1,19.0,18.0,9.0,0.0,0.0,1.0,0.0,0.0,0.0,lignin,0.9381105716616908
1026,1026,390.0831984,390.0829067,390.0830546,0.944444444,0.5,C18 H17 O9 N1,18.0,17.0,9.0,0.0,1.0,0.0,0.0,0.0,0.0555555555555555,lignin,0.6082849618676411
1027,1027,389.1970998,389.1968092,389.1969622,1.363636364,0.272727273,C22 H30 O6,22.0,30.0,6.0,0.0,0.0,0.0,0.0,0.0,0.0,lignin,0.8536877938566775
1028,1028,389.1610068,389.1607163,389.1605766,1.238095238,0.333333333,C21 H26 O7,21.0,26.0,7.0,0.0,0.0,0.0,0.0,0.0,0.0,lignin,0.8597965148887416
1029,1029,389.1457379,389.1454474,389.1453205,1.529411765,0.588235294,C17 H26 O10,17.0,26.0,10.0,0.0,0.0,0.0,0.0,0.0,0.0,lignin,0.7704756896948375
1030,1030,389.1278623,389.1275718,389.1275624,1.529411765,0.470588235,C17 H26 O8 S1,17.0,26.0,8.0,1.0,0.0,0.0,0.0,0.0,0.0,lignin,0.8427914751261172
1031,1031,389.1244532,389.1241627,389.1241911,1.1,0.4,C20 H22 O8,20.0,22.0,8.0,0.0,0.0,0.0,0.0,0.0,0.0,lignin,0.904897077917974
1032,1032,389.1090868,389.1087963,389.108935,1.375,0.6875,C16 H22 O11,16.0,22.0,11.0,0.0,0.0,0.0,0.0,0.0,0.0,lignin,0.5884546066142188
1033,1033,389.1010059,389.1007155,389.1005598,0.666666667,0.037037037,C27 H18 O1 S1,27.0,18.0,1.0,1.0,0.0,0.0,0.0,0.0,0.0,pah,0.9555241830834269
1034,1034,389.0913417,389.0910512,389.0911769,1.375,0.5625,C16 H22 O9 S1,16.0,22.0,9.0,1.0,0.0,0.0,0.0,0.0,0.0,lignin,0.8640685845385313
1035,1035,389.087969,389.0876785,389.0878056,0.947368421,0.473684211,C19 H18 O9,19.0,18.0,9.0,0.0,0.0,0.0,0.0,0.0,0.0,lignin,0.7928518902418298
1036,1036,389.0855569,389.0852665,389.0853037,0.782608696,0.173913043,C23 H18 O4 S1,23.0,18.0,4.0,1.0,0.0,0.0,0.0,0.0,0.0,pah,0.5005315326447257
1037,1037,389.0728216,389.0725311,389.0725495,1.2,0.8,C15 H18 O12,15.0,18.0,12.0,0.0,0.0,0.0,0.0,0.0,0.0,lignin,0.5385829862356663
1038,1038,389.05183,389.0515397,389.0514201,0.777777778,0.555555556,C18 H14 O10,18.0,14.0,10.0,0.0,0.0,0.0,0.0,0.0,0.0,tannin,0.9123343698442365
1039,1039,389.0365981,389.0363078,389.036164,1.0,0.928571429,C14 H14 O13,14.0,14.0,13.0,0.0,0.0,0.0,0.0,0.0,0.0,lignin,0.48060443977260947
1040,1040,389.0153724,389.015082,389.0150346,0.588235294,0.647058824,C17 H10 O11,17.0,10.0,11.0,0.0,0.0,0.0,0.0,0.0,0.0,tannin,0.8811962902078662
1041,1041,389.0129042,389.0126139,389.0125327,0.476190476,0.285714286,C21 H10 O6 S1,21.0,10.0,6.0,1.0,0.0,0.0,0.0,0.0,0.0,pah,0.9546861092589298
1042,1042,388.1485151,388.1482259,388.1482814,1.2,0.35,C20 H24 O7 13C1,21.0,24.0,7.0,0.0,0.0,1.0,0.0,0.0,0.0,lignin,0.8624798726731575
1043,1043,388.1250617,388.1247725,388.1249194,1.4375,0.625,C16 H23 O10 N1,16.0,23.0,10.0,0.0,1.0,0.0,0.0,0.0,0.0625,lignin,0.5626969636165937
1044,1044,387.1815571,387.1812692,387.1813121,1.272727273,0.272727273,C22 H28 O6,22.0,28.0,6.0,0.0,0.0,0.0,0.0,0.0,0.0,lignin,0.8565598968290127
1045,1045,387.1661981,387.1659101,387.1660559,1.555555556,0.5,C18 H28 O9,18.0,28.0,9.0,0.0,0.0,0.0,0.0,0.0,0.0,lignin,0.842463410831856
1046,1046,387.1450874,387.1447995,387.1449266,1.142857143,0.333333333,C21 H24 O7,21.0,24.0,7.0,0.0,0.0,0.0,0.0,0.0,0.0,lignin,0.8655917935643386
1047,1047,387.1299993,387.1297114,387.1296704,1.411764706,0.588235294,C17 H24 O10,17.0,24.0,10.0,0.0,0.0,0.0,0.0,0.0,0.0,lignin,0.8680668133776754
1048,1048,387.1123374,387.1120495,387.1119124,1.411764706,0.470588235,C17 H24 O8 S1,17.0,24.0,8.0,1.0,0.0,0.0,0.0,0.0,0.0,lignin,0.8546363836169066
1049,1049,387.1089667,387.1086788,387.1085411,1.0,0.4,C20 H20 O8,20.0,20.0,8.0,0.0,0.0,0.0,0.0,0.0,0.0,lignin,0.9385361116841459
1050,1050,387.0936777,387.0933898,387.0932849,1.25,0.6875,C16 H20 O11,16.0,20.0,11.0,0.0,0.0,0.0,0.0,0.0,0.0,lignin,0.8687237884121297
1051,1051,387.0757714,387.0754835,387.0755269,1.25,0.5625,C16 H20 O9 S1,16.0,20.0,9.0,1.0,0.0,0.0,0.0,0.0,0.0,lignin,0.8591693090694903
1052,1052,387.0723481,387.0720603,387.0721556,0.842105263,0.473684211,C19 H16 O9,19.0,16.0,9.0,0.0,0.0,0.0,0.0,0.0,0.0,tannin,0.9105866031734047
1053,1053,387.0699082,387.0696204,387.0696536,0.695652174,0.173913043,C23 H16 O4 S1,23.0,16.0,4.0,1.0,0.0,0.0,0.0,0.0,0.0,pah,0.9553542840704836
1054,1054,387.0570397,387.0567519,387.0568994,1.066666667,0.8,C15 H16 O12,15.0,16.0,12.0,0.0,0.0,0.0,0.0,0.0,0.0,lignin,0.922339765642582
1055,1055,387.0489983,387.0487104,387.0485243,0.461538462,0.076923077,C26 H12 O2 S1,26.0,12.0,2.0,1.0,0.0,0.0,0.0,0.0,0.0,pah,0.9548636184138811
1056,1056,387.0359846,387.0356968,387.0357701,0.666666667,0.555555556,C18 H12 O10,18.0,12.0,10.0,0.0,0.0,0.0,0.0,0.0,0.0,tannin,0.8835871309863135
1057,1057,387.0335987,387.0333109,387.0332681,0.545454545,0.227272727,C22 H12 O5 S1,22.0,12.0,5.0,1.0,0.0,0.0,0.0,0.0,0.0,pah,0.9548357238383387
1058,1058,387.020893,387.0206052,387.0205139,0.857142857,0.928571429,C14 H12 O13,14.0,12.0,13.0,0.0,0.0,0.0,0.0,0.0,0.0,tannin,0.9122904332502537
1059,1059,386.1541903,386.1539036,386.1537607,1.529411765,0.529411765,C17 H26 O9 13C1,18.0,26.0,9.0,0.0,0.0,1.0,0.0,0.0,0.0,lignin,0.8744764167071676
1060,1060,386.1461125,386.1458259,386.1456549,1.470588235,0.529411765,C17 H25 O9 N1,17.0,25.0,9.0,0.0,1.0,0.0,0.0,0.0,0.0588235294117647,lignin,0.851821810121345
1061,1061,386.1176079,386.1173212,386.1173752,1.375,0.625,C16 H22 O10 13C1,17.0,22.0,10.0,0.0,0.0,1.0,0.0,0.0,0.0,lignin,0.9073261976004119
1062,1062,386.1094634,386.1091767,386.1092693,1.3125,0.625,C16 H21 O10 N1,16.0,21.0,10.0,0.0,1.0,0.0,0.0,0.0,0.0625,lignin,0.8571771367505552
1063,1063,386.081158,386.0808714,386.0809897,1.2,0.733333333,C15 H18 O11 13C1,16.0,18.0,11.0,0.0,0.0,1.0,0.0,0.0,0.0,lignin,0.8697404616160099
1064,1064,386.0731555,386.0728689,386.0728838,1.133333333,0.733333333,C15 H17 O11 N1,15.0,17.0,11.0,0.0,1.0,0.0,0.0,0.0,0.0666666666666666,lignin,0.8995437664134867
1065,1065,385.1871774,385.186892,385.1867914,1.578947368,0.421052632,C19 H30 O8,19.0,30.0,8.0,0.0,0.0,0.0,0.0,0.0,0.0,lipid,0.7277173535673254
1066,1066,385.165876,385.1655906,385.165662,1.181818182,0.272727273,C22 H26 O6,22.0,26.0,6.0,0.0,0.0,0.0,0.0,0.0,0.0,lignin,0.8631389125054809
1067,1067,385.150534,385.1502486,385.1504059,1.444444444,0.5,C18 H26 O9,18.0,26.0,9.0,0.0,0.0,0.0,0.0,0.0,0.0,lignin,0.8525559541009015
1068,1068,385.1294545,385.1291691,385.1292765,1.047619048,0.333333333,C21 H22 O7,21.0,22.0,7.0,0.0,0.0,0.0,0.0,0.0,0.0,lignin,0.9404167328261168
1069,1069,385.1143748,385.1140894,385.1140204,1.294117647,0.588235294,C17 H22 O10,17.0,22.0,10.0,0.0,0.0,0.0,0.0,0.0,0.0,lignin,0.8675421293288755
1070,1070,385.096711,385.0964257,385.0962623,1.294117647,0.470588235,C17 H22 O8 S1,17.0,22.0,8.0,1.0,0.0,0.0,0.0,0.0,0.0,lignin,0.8580587781326574
1071,1071,385.0933187,385.0930334,385.092891,0.9,0.4,C20 H18 O8,20.0,18.0,8.0,0.0,0.0,0.0,0.0,0.0,0.0,tannin,0.9086745467713063
1072,1072,385.0779999,385.0777146,385.0776349,1.125,0.6875,C16 H18 O11,16.0,18.0,11.0,0.0,0.0,0.0,0.0,0.0,0.0,lignin,0.8999407893331556
1073,1073,385.0566609,385.0563756,385.0565055,0.736842105,0.473684211,C19 H14 O9,19.0,14.0,9.0,0.0,0.0,0.0,0.0,0.0,0.0,tannin,0.8891495724142242
1074,1074,385.0542661,385.0539808,385.0540036,0.608695652,0.173913043,C23 H14 O4 S1,23.0,14.0,4.0,1.0,0.0,0.0,0.0,0.0,0.0,pah,0.9550532603813968
1075,1075,385.0413773,385.0410921,385.0412494,0.933333333,0.8,C15 H14 O12,15.0,14.0,12.0,0.0,0.0,0.0,0.0,0.0,0.0,tannin,0.904704629860331
1076,1076,385.0333292,385.0330439,385.0328742,0.384615385,0.076923077,C26 H10 O2 S1,26.0,10.0,2.0,1.0,0.0,0.0,0.0,0.0,0.0,pah,0.9547695651135534
1077,1077,385.0203863,385.0201011,385.02012,0.555555556,0.555555556,C18 H10 O10,18.0,10.0,10.0,0.0,0.0,0.0,0.0,0.0,0.0,tannin,0.616928396500983
1078,1078,385.0180024,385.0177172,385.0176181,0.454545455,0.227272727,C22 H10 O5 S1,22.0,10.0,5.0,1.0,0.0,0.0,0.0,0.0,0.0,pah,0.9547257479825575
1079,1079,384.1748167,384.1745325,384.1744962,1.555555556,0.444444444,C18 H28 O8 13C1,19.0,28.0,8.0,0.0,0.0,1.0,0.0,0.0,0.0,lignin,0.7123148726588796
1080,1080,384.1385052,384.1382211,384.1381107,1.411764706,0.529411765,C17 H24 O9 13C1,18.0,24.0,9.0,0.0,0.0,1.0,0.0,0.0,0.0,lignin,0.8532922317608979
1081,1081,384.1303604,384.1300763,384.1300048,1.352941176,0.529411765,C17 H23 O9 N1,17.0,23.0,9.0,0.0,1.0,0.0,0.0,0.0,0.0588235294117647,lignin,0.8562886627263506
1082,1082,384.1018599,384.1015759,384.1017251,1.25,0.625,C16 H20 O10 13C1,17.0,20.0,10.0,0.0,0.0,1.0,0.0,0.0,0.0,lignin,0.8685467575985095
1083,1083,384.0937678,384.0934838,384.0936193,1.1875,0.625,C16 H19 O10 N1,16.0,19.0,10.0,0.0,1.0,0.0,0.0,0.0,0.0625,lignin,0.8615732769707798
1084,1084,384.0657168,384.0654328,384.0653396,1.066666667,0.733333333,C15 H16 O11 13C1,16.0,16.0,11.0,0.0,0.0,1.0,0.0,0.0,0.0,lignin,0.9274802120820231
1085,1085,383.2078933,383.2076104,383.2075268,1.6,0.35,C20 H32 O7,20.0,32.0,7.0,0.0,0.0,0.0,0.0,0.0,0.0,lipid,0.8893044017010189
1086,1086,383.1712863,383.1710035,383.1711413,1.473684211,0.421052632,C19 H28 O8,19.0,28.0,8.0,0.0,0.0,0.0,0.0,0.0,0.0,lignin,0.8521928649449
1087,1087,383.1501865,383.1499037,383.150012,1.090909091,0.272727273,C22 H24 O6,22.0,24.0,6.0,0.0,0.0,0.0,0.0,0.0,0.0,lignin,0.9096716058377616
1088,1088,383.1350649,383.134782,383.1347558,1.333333333,0.5,C18 H24 O9,18.0,24.0,9.0,0.0,0.0,0.0,0.0,0.0,0.0,lignin,0.8569490914445916
1089,1089,383.1140481,383.1137653,383.1136264,0.952380952,0.333333333,C21 H20 O7,21.0,20.0,7.0,0.0,0.0,0.0,0.0,0.0,0.0,lignin,0.9446606463689257
1090,1090,383.1100409,383.1097581,383.1096037,1.25,0.5625,C16 H20 O9 N2,16.0,20.0,9.0,0.0,2.0,0.0,0.0,0.0,0.125,peptide,0.45177581680593465
1091,1091,383.0987718,383.0984891,383.0983703,1.176470588,0.588235294,C17 H20 O10,17.0,20.0,10.0,0.0,0.0,0.0,0.0,0.0,0.0,lignin,0.8621950562879027
1092,1092,383.0808245,383.0805417,383.0806122,1.176470588,0.470588235,C17 H20 O8 S1,17.0,20.0,8.0,1.0,0.0,0.0,0.0,0.0,0.0,lignin,0.863277798509398
1093,1093,383.0774059,383.0771231,383.0772409,0.8,0.4,C20 H16 O8,20.0,16.0,8.0,0.0,0.0,0.0,0.0,0.0,0.0,tannin,0.8989007775752317
1094,1094,383.0733418,383.0730591,383.0732182,1.066666667,0.666666667,C15 H16 O10 N2,15.0,16.0,10.0,0.0,2.0,0.0,0.0,0.0,0.1333333333333333,lignin,0.9364845045449808
1095,1095,383.0620854,383.0618027,383.0619848,1.0,0.6875,C16 H16 O11,16.0,16.0,11.0,0.0,0.0,0.0,0.0,0.0,0.0,lignin,0.936459680478176
1096,1096,383.0540341,383.0537514,383.0536096,0.444444444,0.037037037,C27 H12 O1 S1,27.0,12.0,1.0,1.0,0.0,0.0,0.0,0.0,0.0,pah,0.9548685509547477
1097,1097,383.0410954,383.0408127,383.0408554,0.631578947,0.473684211,C19 H12 O9,19.0,12.0,9.0,0.0,0.0,0.0,0.0,0.0,0.0,tannin,0.8216713721557574
1098,1098,383.0260098,383.0257271,383.0255993,0.8,0.8,C15 H12 O12,15.0,12.0,12.0,0.0,0.0,0.0,0.0,0.0,0.0,tannin,0.9128480552144536
1099,1099,382.2351604,382.2348787,382.2349884,2.235294118,0.352941176,C17 H38 O6 S1 13C1,18.0,38.0,6.0,1.0,0.0,1.0,0.0,0.0,0.0,lipid,0.8798783143913009
1100,1100,382.2351604,382.2348787,382.2347446,1.736842105,0.263157895,C19 H33 O5 N3,19.0,33.0,5.0,0.0,3.0,0.0,0.0,0.0,0.1578947368421052,lipid,0.6220935106482282
1101,1101,382.1591104,382.1588288,382.1588461,1.444444444,0.444444444,C18 H26 O8 13C1,19.0,26.0,8.0,0.0,0.0,1.0,0.0,0.0,0.0,lignin,0.8539469661486209
1102,1102,382.1509356,382.150654,382.1507402,1.388888889,0.444444444,C18 H25 O8 N1,18.0,25.0,8.0,0.0,1.0,0.0,0.0,0.0,0.0555555555555555,lignin,0.8533520895577299
1103,1103,382.122605,382.1223234,382.1224606,1.294117647,0.529411765,C17 H22 O9 13C1,18.0,22.0,9.0,0.0,0.0,1.0,0.0,0.0,0.0,lignin,0.8579346088291023
1104,1104,382.114563,382.1142815,382.1143547,1.235294118,0.529411765,C17 H21 O9 N1,17.0,21.0,9.0,0.0,1.0,0.0,0.0,0.0,0.0588235294117647,lignin,0.8602693670598921
1105,1105,382.086498,382.0862165,382.0860751,1.125,0.625,C16 H18 O10 13C1,17.0,18.0,10.0,0.0,0.0,1.0,0.0,0.0,0.0,lignin,0.8630510011186848
1106,1106,382.0783839,382.0781025,382.0779692,1.0625,0.625,C16 H17 O10 N1,16.0,17.0,10.0,0.0,1.0,0.0,0.0,0.0,0.0625,lignin,0.9370789573630083
1107,1107,382.0498455,382.0495641,382.0496896,0.933333333,0.733333333,C15 H14 O11 13C1,16.0,14.0,11.0,0.0,0.0,1.0,0.0,0.0,0.0,tannin,0.9042504039772463
1108,1108,381.2318476,381.2315672,381.2316336,2.111111111,0.333333333,C18 H38 O6 S1,18.0,38.0,6.0,1.0,0.0,0.0,0.0,0.0,0.0,lipid,0.8811862546083612
1109,1109,381.1921067,381.1918264,381.1918768,1.5,0.35,C20 H30 O7,20.0,30.0,7.0,0.0,0.0,0.0,0.0,0.0,0.0,lipid,0.5974466648591198
1110,1110,381.1559012,381.1556209,381.1554913,1.368421053,0.421052632,C19 H26 O8,19.0,26.0,8.0,0.0,0.0,0.0,0.0,0.0,0.0,lignin,0.8548882147329214
1111,1111,381.1192269,381.1189466,381.1191058,1.222222222,0.5,C18 H22 O9,18.0,22.0,9.0,0.0,0.0,0.0,0.0,0.0,0.0,lignin,0.8604575388845316
1112,1112,381.094129,381.0938488,381.0939536,1.125,0.5625,C16 H18 O9 N2,16.0,18.0,9.0,0.0,2.0,0.0,0.0,0.0,0.125,lignin,0.8653590866579537
1113,1113,381.083044,381.0827638,381.0827202,1.058823529,0.588235294,C17 H18 O10,17.0,18.0,10.0,0.0,0.0,0.0,0.0,0.0,0.0,lignin,0.9376481056446039
1114,1114,381.0620034,381.0617232,381.0615909,0.7,0.4,C20 H14 O8,20.0,14.0,8.0,0.0,0.0,0.0,0.0,0.0,0.0,tannin,0.8226519104937624
1115,1115,381.0467187,381.0464385,381.0463347,0.875,0.6875,C16 H14 O11,16.0,14.0,11.0,0.0,0.0,0.0,0.0,0.0,0.0,tannin,0.9057925725515871
1116,1116,381.0443023,381.0440222,381.0438328,0.7,0.3,C20 H14 O6 S1,20.0,14.0,6.0,1.0,0.0,0.0,0.0,0.0,0.0,tannin,0.615964694334974
1117,1117,381.0076562,381.0073761,381.0074473,0.526315789,0.368421053,C19 H10 O7 S1,19.0,10.0,7.0,1.0,0.0,0.0,0.0,0.0,0.0,pah,0.9546179396710025
1118,1118,380.1797541,380.1794751,380.1795815,1.473684211,0.368421053,C19 H28 O7 13C1,20.0,28.0,7.0,0.0,0.0,1.0,0.0,0.0,0.0,lignin,0.8516044776110187
1119,1119,380.1436209,380.1433419,380.143196,1.333333333,0.444444444,C18 H24 O8 13C1,19.0,24.0,8.0,0.0,0.0,1.0,0.0,0.0,0.0,lignin,0.8559448464689936
1120,1120,380.1069426,380.1066636,380.1068105,1.176470588,0.529411765,C17 H20 O9 13C1,18.0,20.0,9.0,0.0,0.0,1.0,0.0,0.0,0.0,lignin,0.8627759780385011
1121,1121,380.0988133,380.0985344,380.0987047,1.117647059,0.529411765,C17 H19 O9 N1,17.0,19.0,9.0,0.0,1.0,0.0,0.0,0.0,0.0588235294117647,lignin,0.8652599437653927
1122,1122,380.0707137,380.0704347,380.070425,1.0,0.625,C16 H16 O10 13C1,17.0,16.0,10.0,0.0,0.0,1.0,0.0,0.0,0.0,lignin,0.9369677228760567
1123,1123,380.0627037,380.0624248,380.0623192,0.9375,0.625,C16 H15 O10 N1,16.0,15.0,10.0,0.0,1.0,0.0,0.0,0.0,0.0625,tannin,0.9042249571406824
1124,1124,379.2128834,379.2126055,379.2126122,1.523809524,0.285714286,C21 H32 O6,21.0,32.0,6.0,0.0,0.0,0.0,0.0,0.0,0.0,lipid,0.9052096970948964
1125,1125,379.176374,379.1760963,379.1762267,1.4,0.35,C20 H28 O7,20.0,28.0,7.0,0.0,0.0,0.0,0.0,0.0,0.0,lignin,0.8534695274708255
1126,1126,379.1402665,379.1399887,379.1398412,1.263157895,0.421052632,C19 H24 O8,19.0,24.0,8.0,0.0,0.0,0.0,0.0,0.0,0.0,lignin,0.859127786459432
1127,1127,379.1149276,379.1146499,379.1146891,1.176470588,0.470588235,C17 H20 O8 N2,17.0,20.0,8.0,0.0,2.0,0.0,0.0,0.0,0.1176470588235294,lignin,0.8615931686679852
1128,1128,379.1035868,379.1033091,379.1034557,1.111111111,0.5,C18 H20 O9,18.0,20.0,9.0,0.0,0.0,0.0,0.0,0.0,0.0,lignin,0.865755751129708
1129,1129,379.0802875,379.0800099,379.0798244,0.64,0.08,C25 H16 O2 S1,25.0,16.0,2.0,1.0,0.0,0.0,0.0,0.0,0.0,pah,0.9553236900511406
1130,1130,379.0784761,379.0781985,379.0783036,1.0,0.5625,C16 H16 O9 N2,16.0,16.0,9.0,0.0,2.0,0.0,0.0,0.0,0.125,lignin,0.9373620654657413
1131,1131,379.0673719,379.0670942,379.0670702,0.941176471,0.588235294,C17 H16 O10,17.0,16.0,10.0,0.0,0.0,0.0,0.0,0.0,0.0,tannin,0.7303977767835377
1132,1132,379.0649867,379.0647091,379.0645683,0.761904762,0.238095238,C21 H16 O5 S1,21.0,16.0,5.0,1.0,0.0,0.0,0.0,0.0,0.0,tannin,0.617570824231602
1133,1133,379.031087,379.0308094,379.0306847,0.75,0.6875,C16 H12 O11,16.0,12.0,11.0,0.0,0.0,0.0,0.0,0.0,0.0,tannin,0.9135546162202137
1134,1134,379.028628,379.0283505,379.0281827,0.6,0.3,C20 H12 O6 S1,20.0,12.0,6.0,1.0,0.0,0.0,0.0,0.0,0.0,pah,0.9548080056797665
1135,1135,378.1642117,378.1639352,378.1639315,1.368421053,0.368421053,C19 H26 O7 13C1,20.0,26.0,7.0,0.0,0.0,1.0,0.0,0.0,0.0,lignin,0.8545315277603283
1136,1136,378.1279113,378.1276349,378.127546,1.222222222,0.444444444,C18 H22 O8 13C1,19.0,22.0,8.0,0.0,0.0,1.0,0.0,0.0,0.0,lignin,0.8606717626355881
1137,1137,378.0912719,378.0909955,378.0911605,1.058823529,0.529411765,C17 H18 O9 13C1,18.0,18.0,9.0,0.0,0.0,1.0,0.0,0.0,0.0,lignin,0.9383669676472831
1138,1138,378.0832049,378.0829285,378.0830546,1.0,0.529411765,C17 H17 O9 N1,17.0,17.0,9.0,0.0,1.0,0.0,0.0,0.0,0.0588235294117647,lignin,0.9376392833881951
1139,1139,378.0551786,378.0549023,378.0547749,0.875,0.625,C16 H14 O10 13C1,17.0,14.0,10.0,0.0,0.0,1.0,0.0,0.0,0.0,tannin,0.9054849388877582
1140,1140,377.1970774,377.1968022,377.1969622,1.428571429,0.285714286,C21 H30 O6,21.0,30.0,6.0,0.0,0.0,0.0,0.0,0.0,0.0,lignin,0.7216403689590601
1141,1141,377.1609918,377.1607166,377.1605766,1.3,0.35,C20 H26 O7,20.0,26.0,7.0,0.0,0.0,0.0,0.0,0.0,0.0,lignin,0.8564600332216351
1142,1142,377.1244067,377.1241315,377.1241911,1.157894737,0.421052632,C19 H22 O8,19.0,22.0,8.0,0.0,0.0,0.0,0.0,0.0,0.0,lignin,0.8645421683430673
1143,1143,377.1009905,377.1007154,377.1005598,0.692307692,0.038461538,C26 H18 O1 S1,26.0,18.0,1.0,1.0,0.0,0.0,0.0,0.0,0.0,pah,0.9556562469696088
1144,1144,377.099166,377.0988908,377.099039,1.058823529,0.470588235,C17 H18 O8 N2,17.0,18.0,8.0,0.0,2.0,0.0,0.0,0.0,0.1176470588235294,lignin,0.939025381199065
1145,1145,377.0913399,377.0910647,377.0911769,1.466666667,0.6,C15 H22 O9 S1,15.0,22.0,9.0,1.0,0.0,0.0,0.0,0.0,0.0,lignin,0.8968618685560716
1146,1146,377.0880098,377.0877347,377.0878056,1.0,0.5,C18 H18 O9,18.0,18.0,9.0,0.0,0.0,0.0,0.0,0.0,0.0,lignin,0.9381105716616908
1147,1147,377.0518232,377.0515481,377.0514201,0.823529412,0.588235294,C17 H14 O10,17.0,14.0,10.0,0.0,0.0,0.0,0.0,0.0,0.0,tannin,0.9109071158371087
1148,1148,377.0152244,377.0149493,377.0150346,0.625,0.6875,C16 H10 O11,16.0,10.0,11.0,0.0,0.0,0.0,0.0,0.0,0.0,tannin,0.8995815766468354
1149,1149,377.0128003,377.0125253,377.0125327,0.5,0.3,C20 H10 O6 S1,20.0,10.0,6.0,1.0,0.0,0.0,0.0,0.0,0.0,pah,0.9546893306263808
1150,1150,376.1485752,376.1483013,376.1482814,1.263157895,0.368421053,C19 H24 O7 13C1,20.0,24.0,7.0,0.0,0.0,1.0,0.0,0.0,0.0,lignin,0.85901371261316
1151,1151,376.1120533,376.1117794,376.1118959,1.111111111,0.444444444,C18 H20 O8 13C1,19.0,20.0,8.0,0.0,0.0,1.0,0.0,0.0,0.0,lignin,0.866425922452389
1152,1152,376.0758803,376.0756064,376.0755104,0.941176471,0.529411765,C17 H16 O9 13C1,18.0,16.0,9.0,0.0,0.0,1.0,0.0,0.0,0.0,tannin,0.5469755960961425
1153,1153,376.0677728,376.067499,376.0674045,0.882352941,0.529411765,C17 H15 O9 N1,17.0,15.0,9.0,0.0,1.0,0.0,0.0,0.0,0.0588235294117647,tannin,0.9101867592126632
1154,1154,375.2755867,375.2753139,375.2752125,2.0,0.3,C20 H40 O6,20.0,40.0,6.0,0.0,0.0,0.0,0.0,0.0,0.0,lipid,0.8940261673562379
1155,1155,375.1816667,375.1813939,375.1813121,1.333333333,0.285714286,C21 H28 O6,21.0,28.0,6.0,0.0,0.0,0.0,0.0,0.0,0.0,lignin,0.8546532915246612
1156,1156,375.1450661,375.1447935,375.1449266,1.2,0.35,C20 H24 O7,20.0,24.0,7.0,0.0,0.0,0.0,0.0,0.0,0.0,lignin,0.8624798726731575
1157,1157,375.1298525,375.1295799,375.1296704,1.5,0.625,C16 H24 O10,16.0,24.0,10.0,0.0,0.0,0.0,0.0,0.0,0.0,lignin,0.5835599247870535
1158,1158,375.1088821,375.1086095,375.1085411,1.052631579,0.421052632,C19 H20 O8,19.0,20.0,8.0,0.0,0.0,0.0,0.0,0.0,0.0,lignin,0.9398007396403985
1159,1159,375.0936955,375.0934229,375.0932849,1.333333333,0.733333333,C15 H20 O11,15.0,20.0,11.0,0.0,0.0,0.0,0.0,0.0,0.0,lignin,0.6117148964580517
1160,1160,375.0758749,375.0756024,375.0755269,1.333333333,0.6,C15 H20 O9 S1,15.0,20.0,9.0,1.0,0.0,0.0,0.0,0.0,0.0,lignin,0.8651072877873072
1161,1161,375.0724895,375.0722169,375.0721556,0.888888889,0.5,C18 H16 O9,18.0,16.0,9.0,0.0,0.0,0.0,0.0,0.0,0.0,tannin,0.9091053977732365
1162,1162,375.0700429,375.0697704,375.0696536,0.727272727,0.181818182,C22 H16 O4 S1,22.0,16.0,4.0,1.0,0.0,0.0,0.0,0.0,0.0,pah,0.9554743110588209
1163,1163,375.0570546,375.056782,375.0568994,1.142857143,0.857142857,C14 H16 O12,14.0,16.0,12.0,0.0,0.0,0.0,0.0,0.0,0.0,lignin,0.6670715124866456
1164,1164,375.0489554,375.0486828,375.0485243,0.48,0.08,C25 H12 O2 S1,25.0,12.0,2.0,1.0,0.0,0.0,0.0,0.0,0.0,pah,0.9548907186781962
1165,1165,375.035898,375.0356255,375.0357701,0.705882353,0.588235294,C17 H12 O10,17.0,12.0,10.0,0.0,0.0,0.0,0.0,0.0,0.0,tannin,0.9057538576346635
1166,1166,375.0335104,375.0332379,375.0332681,0.571428571,0.238095238,C21 H12 O5 S1,21.0,12.0,5.0,1.0,0.0,0.0,0.0,0.0,0.0,pah,0.9548650696016239
1167,1167,374.1096562,374.1093848,374.1092693,1.4,0.666666667,C15 H21 O10 N1,15.0,21.0,10.0,0.0,1.0,0.0,0.0,0.0,0.0666666666666666,lignin,0.6349966155499902
1168,1168,374.0964361,374.0961647,374.0962458,1.0,0.444444444,C18 H18 O8 13C1,19.0,18.0,8.0,0.0,0.0,1.0,0.0,0.0,0.0,lignin,0.9385942703928519
1169,1169,373.2021822,373.201912,373.2020475,1.363636364,0.227272727,C22 H30 O5,22.0,30.0,5.0,0.0,0.0,0.0,0.0,0.0,0.0,lignin,0.7224488366946822
1170,1170,373.1660642,373.1657941,373.165662,1.238095238,0.285714286,C21 H26 O6,21.0,26.0,6.0,0.0,0.0,0.0,0.0,0.0,0.0,lignin,0.8592997194020715
1171,1171,373.150762,373.1504918,373.1504059,1.529411765,0.529411765,C17 H26 O9,17.0,26.0,9.0,0.0,0.0,0.0,0.0,0.0,0.0,lignin,0.8744764167071676
1172,1172,373.1328049,373.1325348,373.1326478,1.529411765,0.411764706,C17 H26 O7 S1,17.0,26.0,7.0,1.0,0.0,0.0,0.0,0.0,0.0,lignin,0.714233278824674
1173,1173,373.1294011,373.129131,373.1292765,1.1,0.35,C20 H22 O7,20.0,22.0,7.0,0.0,0.0,0.0,0.0,0.0,0.0,lignin,0.9059931539125226
1174,1174,373.1141527,373.1138826,373.1140204,1.375,0.625,C16 H22 O10,16.0,22.0,10.0,0.0,0.0,0.0,0.0,0.0,0.0,lignin,0.9073261976004119
1175,1175,373.0965725,373.0963024,373.0962623,1.375,0.5,C16 H22 O8 S1,16.0,22.0,8.0,1.0,0.0,0.0,0.0,0.0,0.0,lignin,0.8558770867811951
1176,1176,373.0932261,373.092956,373.092891,0.947368421,0.421052632,C19 H18 O8,19.0,18.0,8.0,0.0,0.0,0.0,0.0,0.0,0.0,lignin,0.9380646200794954
1177,1177,373.0780358,373.0777658,373.0776349,1.2,0.733333333,C15 H18 O11,15.0,18.0,11.0,0.0,0.0,0.0,0.0,0.0,0.0,lignin,0.8697404616160099
1178,1178,373.0568218,373.0565517,373.0565055,0.777777778,0.5,C18 H14 O9,18.0,14.0,9.0,0.0,0.0,0.0,0.0,0.0,0.0,tannin,0.9099456628229644
1179,1179,373.0414615,373.0411915,373.0412494,1.0,0.857142857,C14 H14 O12,14.0,14.0,12.0,0.0,0.0,0.0,0.0,0.0,0.0,lignin,0.8178458991916125
1180,1180,373.0202774,373.0200075,373.02012,0.588235294,0.588235294,C17 H10 O10,17.0,10.0,10.0,0.0,0.0,0.0,0.0,0.0,0.0,tannin,0.8244825508584179
1181,1181,373.0178673,373.0175973,373.0176181,0.476190476,0.238095238,C21 H10 O5 S1,21.0,10.0,5.0,1.0,0.0,0.0,0.0,0.0,0.0,pah,0.9547351508963983
1182,1182,372.138447,372.1381781,372.1381107,1.5,0.5625,C16 H24 O9 13C1,17.0,24.0,9.0,0.0,0.0,1.0,0.0,0.0,0.0,lignin,0.864313301098948
1183,1183,372.130405,372.1301361,372.1300048,1.4375,0.5625,C16 H23 O9 N1,16.0,23.0,9.0,0.0,1.0,0.0,0.0,0.0,0.0625,lignin,0.8528065446671353
1184,1184,372.1020365,372.1017677,372.1017251,1.333333333,0.666666667,C15 H20 O10 13C1,16.0,20.0,10.0,0.0,0.0,1.0,0.0,0.0,0.0,lignin,0.9083813389933786
1185,1185,372.0939114,372.0936426,372.0936193,1.266666667,0.666666667,C15 H19 O10 N1,15.0,19.0,10.0,0.0,1.0,0.0,0.0,0.0,0.0666666666666666,lignin,0.6587939792245769
1186,1186,372.0654779,372.0652091,372.0653396,1.142857143,0.785714286,C14 H16 O11 13C1,15.0,16.0,11.0,0.0,0.0,1.0,0.0,0.0,0.0,lignin,0.6721478199530097
1187,1187,372.0574312,372.0571624,372.0572338,1.071428571,0.785714286,C14 H15 O11 N1,14.0,15.0,11.0,0.0,1.0,0.0,0.0,0.0,0.0714285714285714,lignin,0.5641429472371013
1188,1188,371.1715248,371.1712572,371.1711413,1.555555556,0.444444444,C18 H28 O8,18.0,28.0,8.0,0.0,0.0,0.0,0.0,0.0,0.0,lignin,0.7123148726588796
1189,1189,371.1502895,371.1500219,371.150012,1.142857143,0.285714286,C21 H24 O6,21.0,24.0,6.0,0.0,0.0,0.0,0.0,0.0,0.0,lignin,0.8655404216728684
1190,1190,371.134915,371.1346474,371.1347558,1.411764706,0.529411765,C17 H24 O9,17.0,24.0,9.0,0.0,0.0,0.0,0.0,0.0,0.0,lignin,0.8532922317608979
1191,1191,371.1171514,371.1168838,371.1169978,1.411764706,0.411764706,C17 H24 O7 S1,17.0,24.0,7.0,1.0,0.0,0.0,0.0,0.0,0.0,lignin,0.8536124892890739
1192,1192,371.1137784,371.1135108,371.1136264,1.0,0.35,C20 H20 O7,20.0,20.0,7.0,0.0,0.0,0.0,0.0,0.0,0.0,lignin,0.9390272687441088
1193,1193,371.0986827,371.0984152,371.0983703,1.25,0.625,C16 H20 O10,16.0,20.0,10.0,0.0,0.0,0.0,0.0,0.0,0.0,lignin,0.8685467575985095
1194,1194,371.0810198,371.0807523,371.0806122,1.25,0.5,C16 H20 O8 S1,16.0,20.0,8.0,1.0,0.0,0.0,0.0,0.0,0.0,lignin,0.859461773928792
1195,1195,371.0776523,371.0773847,371.0772409,0.842105263,0.421052632,C19 H16 O8,19.0,16.0,8.0,0.0,0.0,0.0,0.0,0.0,0.0,tannin,0.9104559100614212
1196,1196,371.0623331,371.0620656,371.0619848,1.066666667,0.733333333,C15 H16 O11,15.0,16.0,11.0,0.0,0.0,0.0,0.0,0.0,0.0,lignin,0.9274802120820231
1197,1197,371.0409834,371.0407159,371.0408554,0.666666667,0.5,C18 H12 O9,18.0,12.0,9.0,0.0,0.0,0.0,0.0,0.0,0.0,tannin,0.87814781580687
1198,1198,371.0385633,371.0382958,371.0383535,0.545454545,0.181818182,C22 H12 O4 S1,22.0,12.0,4.0,1.0,0.0,0.0,0.0,0.0,0.0,pah,0.9548967136673359
1199,1199,371.0257461,371.0254787,371.0255993,0.857142857,0.857142857,C14 H12 O12,14.0,12.0,12.0,0.0,0.0,0.0,0.0,0.0,0.0,tannin,0.908620339165038
1200,1200,370.1591762,370.1589099,370.1588461,1.529411765,0.470588235,C17 H26 O8 13C1,18.0,26.0,8.0,0.0,0.0,1.0,0.0,0.0,0.0,lignin,0.8427914751261172
1201,1201,370.1227397,370.1224734,370.1224606,1.375,0.5625,C16 H22 O9 13C1,17.0,22.0,9.0,0.0,0.0,1.0,0.0,0.0,0.0,lignin,0.8640685845385313
1202,1202,370.1145556,370.1142893,370.1143547,1.3125,0.5625,C16 H21 O9 N1,16.0,21.0,9.0,0.0,1.0,0.0,0.0,0.0,0.0625,lignin,0.8575178900570654
1203,1203,370.0862245,370.0859583,370.0860751,1.2,0.666666667,C15 H18 O10 13C1,16.0,18.0,10.0,0.0,0.0,1.0,0.0,0.0,0.0,lignin,0.869799958367009
1204,1204,370.0781998,370.0779335,370.0779692,1.133333333,0.666666667,C15 H17 O10 N1,15.0,17.0,10.0,0.0,1.0,0.0,0.0,0.0,0.0666666666666666,lignin,0.8638522701494293
1205,1205,370.0500731,370.0498069,370.0496896,1.0,0.785714286,C14 H14 O11 13C1,15.0,14.0,11.0,0.0,0.0,1.0,0.0,0.0,0.0,lignin,0.9357606077857149
1206,1206,369.1921346,369.1918694,369.1918768,1.578947368,0.368421053,C19 H30 O7,19.0,30.0,7.0,0.0,0.0,0.0,0.0,0.0,0.0,lipid,0.8897376175940354
1207,1207,369.1556659,369.1554008,369.1554913,1.444444444,0.444444444,C18 H26 O8,18.0,26.0,8.0,0.0,0.0,0.0,0.0,0.0,0.0,lignin,0.8539469661486209
1208,1208,369.1347159,369.1344508,369.1343619,1.047619048,0.285714286,C21 H22 O6,21.0,22.0,6.0,0.0,0.0,0.0,0.0,0.0,0.0,lignin,0.9411239465166001
1209,1209,369.1195004,369.1192353,369.1191058,1.294117647,0.529411765,C17 H22 O9,17.0,22.0,9.0,0.0,0.0,0.0,0.0,0.0,0.0,lignin,0.8579346088291023
1210,1210,369.1016765,369.1014115,369.1013477,1.294117647,0.411764706,C17 H22 O7 S1,17.0,22.0,7.0,1.0,0.0,0.0,0.0,0.0,0.0,lignin,0.8580292045969926
1211,1211,369.0982559,369.0979909,369.0979764,0.9,0.35,C20 H18 O7,20.0,18.0,7.0,0.0,0.0,0.0,0.0,0.0,0.0,tannin,0.9085025490448484
1212,1212,369.0942099,369.0939448,369.0939536,1.2,0.6,C15 H18 O9 N2,15.0,18.0,9.0,0.0,2.0,0.0,0.0,0.0,0.1333333333333333,lipid,0.37843819028212955
1213,1213,369.0828633,369.0825983,369.0827202,1.125,0.625,C16 H18 O10,16.0,18.0,10.0,0.0,0.0,0.0,0.0,0.0,0.0,lignin,0.8630510011186848
1214,1214,369.074765,369.0745,369.0743451,0.518518519,0.0,C27 H14 S1,27.0,14.0,0.0,1.0,0.0,0.0,0.0,0.0,0.0,pah,0.955046764397369
1215,1215,369.0651073,369.0648423,369.0649622,1.125,0.5,C16 H18 O8 S1,16.0,18.0,8.0,1.0,0.0,0.0,0.0,0.0,0.0,lignin,0.8649377403916679
1216,1216,369.0617382,369.0614732,369.0615909,0.736842105,0.421052632,C19 H14 O8,19.0,14.0,8.0,0.0,0.0,0.0,0.0,0.0,0.0,tannin,0.8801030713772249
1217,1217,369.0466603,369.0463953,369.0463347,0.933333333,0.733333333,C15 H14 O11,15.0,14.0,11.0,0.0,0.0,0.0,0.0,0.0,0.0,tannin,0.9042504039772463
1218,1218,368.1799084,368.1796446,368.1795815,1.555555556,0.388888889,C18 H28 O7 13C1,19.0,28.0,7.0,0.0,0.0,1.0,0.0,0.0,0.0,lipid,0.730519721335294
1219,1219,368.143321,368.1430572,368.143196,1.411764706,0.470588235,C17 H24 O8 13C1,18.0,24.0,8.0,0.0,0.0,1.0,0.0,0.0,0.0,lignin,0.8546363836169066
1220,1220,368.1353135,368.1350496,368.1350902,1.352941176,0.470588235,C17 H23 O8 N1,17.0,23.0,8.0,0.0,1.0,0.0,0.0,0.0,0.0588235294117647,lignin,0.8546132972397759
1221,1221,368.1072124,368.1069487,368.1068105,1.25,0.5625,C16 H20 O9 13C1,17.0,20.0,9.0,0.0,0.0,1.0,0.0,0.0,0.0,lignin,0.8591693090694903
1222,1222,368.099103,368.0988392,368.0987047,1.1875,0.5625,C16 H19 O9 N1,16.0,19.0,9.0,0.0,1.0,0.0,0.0,0.0,0.0625,lignin,0.8612025094852968
1223,1223,368.0705429,368.0702792,368.070425,1.066666667,0.666666667,C15 H16 O10 13C1,16.0,16.0,10.0,0.0,0.0,1.0,0.0,0.0,0.0,lignin,0.9368326605141327
1224,1224,368.0624558,368.0621921,368.0623192,1.0,0.666666667,C15 H15 O10 N1,15.0,15.0,10.0,0.0,1.0,0.0,0.0,0.0,0.0666666666666666,lignin,0.9365460693011969
1225,1225,367.2435648,367.2433021,367.2431245,1.142857143,0.0,C28 H32,28.0,32.0,0.0,0.0,0.0,0.0,0.0,0.0,0.0,lignin,0.6792428211669431
1226,1226,367.2313639,367.2311013,367.2312397,1.714285714,0.142857143,C21 H36 O3 S1,21.0,36.0,3.0,1.0,0.0,0.0,0.0,0.0,0.0,lipid,0.9024251515614974
1227,1227,367.2129291,367.2126665,367.2126122,1.6,0.3,C20 H32 O6,20.0,32.0,6.0,0.0,0.0,0.0,0.0,0.0,0.0,lipid,0.8933328730978781
1228,1228,367.1765285,367.1762659,367.1762267,1.473684211,0.368421053,C19 H28 O7,19.0,28.0,7.0,0.0,0.0,0.0,0.0,0.0,0.0,lignin,0.8516044776110187
1229,1229,367.1400043,367.1397417,367.1398412,1.333333333,0.444444444,C18 H24 O8,18.0,24.0,8.0,0.0,0.0,0.0,0.0,0.0,0.0,lignin,0.8559448464689936
1230,1230,367.1150588,367.1147962,367.1146891,1.25,0.5,C16 H20 O8 N2,16.0,20.0,8.0,0.0,2.0,0.0,0.0,0.0,0.125,peptide,0.46028332250499393
1231,1231,367.1038419,367.1035793,367.1034557,1.176470588,0.529411765,C17 H20 O9,17.0,20.0,9.0,0.0,0.0,0.0,0.0,0.0,0.0,lignin,0.8627759780385011
1232,1232,367.082629,367.0823665,367.0823263,0.8,0.35,C20 H16 O7,20.0,16.0,7.0,0.0,0.0,0.0,0.0,0.0,0.0,tannin,0.883125021827933
1233,1233,367.078568,367.0783056,367.0783036,1.066666667,0.6,C15 H16 O9 N2,15.0,16.0,9.0,0.0,2.0,0.0,0.0,0.0,0.1333333333333333,lignin,0.9372257669066977
1234,1234,367.0672367,367.0669743,367.0670702,1.0,0.625,C16 H16 O10,16.0,16.0,10.0,0.0,0.0,0.0,0.0,0.0,0.0,lignin,0.9369677228760567
1235,1235,367.0460838,367.0458214,367.0459408,0.631578947,0.421052632,C19 H12 O8,19.0,12.0,8.0,0.0,0.0,0.0,0.0,0.0,0.0,tannin,0.6167560487341361
1236,1236,367.0309696,367.0307071,367.0306847,0.8,0.733333333,C15 H12 O11,15.0,12.0,11.0,0.0,0.0,0.0,0.0,0.0,0.0,tannin,0.912200992987322
1237,1237,367.0285729,367.0283105,367.0281827,0.631578947,0.315789474,C19 H12 O6 S1,19.0,12.0,6.0,1.0,0.0,0.0,0.0,0.0,0.0,pah,0.8230737073184423
1238,1238,366.2499348,366.2496733,366.249726,2.176470588,0.411764706,C17 H37 O7 N1,17.0,37.0,7.0,0.0,1.0,0.0,0.0,0.0,0.0588235294117647,lipid,0.8280315535830652
1239,1239,366.1641017,366.1638403,366.1639315,1.444444444,0.388888889,C18 H26 O7 13C1,19.0,26.0,7.0,0.0,0.0,1.0,0.0,0.0,0.0,lignin,0.852497948510852
1240,1240,366.1278142,366.1275529,366.127546,1.294117647,0.470588235,C17 H22 O8 13C1,18.0,22.0,8.0,0.0,0.0,1.0,0.0,0.0,0.0,lignin,0.8580587781326574
1241,1241,366.1197848,366.1195235,366.1194401,1.235294118,0.470588235,C17 H21 O8 N1,17.0,21.0,8.0,0.0,1.0,0.0,0.0,0.0,0.0588235294117647,lignin,0.8584777773051423
1242,1242,366.0915011,366.0912398,366.0911605,1.125,0.5625,C16 H18 O9 13C1,17.0,18.0,9.0,0.0,0.0,1.0,0.0,0.0,0.0,lignin,0.8640486212740811
1243,1243,366.0833305,366.0830693,366.0830546,1.0625,0.5625,C16 H17 O9 N1,16.0,17.0,9.0,0.0,1.0,0.0,0.0,0.0,0.0625,lignin,0.937770523921575
1244,1244,366.0549138,366.0546526,366.0547749,0.933333333,0.666666667,C15 H14 O10 13C1,16.0,14.0,10.0,0.0,0.0,1.0,0.0,0.0,0.0,tannin,0.9038722731183986
1245,1245,366.0468818,366.0466206,366.0466691,0.866666667,0.666666667,C15 H13 O10 N1,15.0,13.0,10.0,0.0,1.0,0.0,0.0,0.0,0.0666666666666666,tannin,0.9075499962768807
1246,1246,365.1973101,365.19705,365.1969622,1.5,0.3,C20 H30 O6,20.0,30.0,6.0,0.0,0.0,0.0,0.0,0.0,0.0,lipid,0.9053719780058133
1247,1247,365.1607189,365.1604588,365.1605766,1.368421053,0.368421053,C19 H26 O7,19.0,26.0,7.0,0.0,0.0,0.0,0.0,0.0,0.0,lignin,0.8545315277603283
1248,1248,365.1245521,365.124292,365.1241911,1.222222222,0.444444444,C18 H22 O8,18.0,22.0,8.0,0.0,0.0,0.0,0.0,0.0,0.0,lignin,0.8606717626355881
1249,1249,365.0993576,365.0990976,365.099039,1.125,0.5,C16 H18 O8 N2,16.0,18.0,8.0,0.0,2.0,0.0,0.0,0.0,0.125,lignin,0.8664998092600346
1250,1250,365.0880504,365.0877905,365.0878056,1.058823529,0.529411765,C17 H18 O9,17.0,18.0,9.0,0.0,0.0,0.0,0.0,0.0,0.0,lignin,0.9383669676472831
1251,1251,365.0856248,365.0853648,365.0853037,0.857142857,0.19047619,C21 H18 O4 S1,21.0,18.0,4.0,1.0,0.0,0.0,0.0,0.0,0.0,tannin,0.8730667593257063
1252,1252,365.0668006,365.0665406,365.0666763,0.7,0.35,C20 H14 O7,20.0,14.0,7.0,0.0,0.0,0.0,0.0,0.0,0.0,tannin,0.6709979991759447
1253,1253,365.0628111,365.0625512,365.0626535,0.933333333,0.6,C15 H14 O9 N2,15.0,14.0,9.0,0.0,2.0,0.0,0.0,0.0,0.1333333333333333,tannin,0.9076506282054007
1254,1254,365.0516154,365.0513555,365.0514201,0.875,0.625,C16 H14 O10,16.0,14.0,10.0,0.0,0.0,0.0,0.0,0.0,0.0,tannin,0.9054849388877582
1255,1255,365.0492248,365.0489649,365.0489182,0.7,0.25,C20 H14 O5 S1,20.0,14.0,5.0,1.0,0.0,0.0,0.0,0.0,0.0,pah,0.6268534114179227
1256,1256,365.0154127,365.0151528,365.0150346,0.666666667,0.733333333,C15 H10 O11,15.0,10.0,11.0,0.0,0.0,0.0,0.0,0.0,0.0,tannin,0.9163143612510867
1257,1257,364.1847979,364.184539,364.1846669,1.473684211,0.315789474,C19 H28 O6 13C1,20.0,28.0,6.0,0.0,0.0,1.0,0.0,0.0,0.0,lipid,0.597758489194349
1258,1258,364.1486198,364.148361,364.1482814,1.333333333,0.388888889,C18 H24 O7 13C1,19.0,24.0,7.0,0.0,0.0,1.0,0.0,0.0,0.0,lignin,0.8557121103029814
1259,1259,364.1121417,364.1118829,364.1118959,1.176470588,0.470588235,C17 H20 O8 13C1,18.0,20.0,8.0,0.0,0.0,1.0,0.0,0.0,0.0,lignin,0.863277798509398
1260,1260,364.1039325,364.1036738,364.10379,1.117647059,0.470588235,C17 H19 O8 N1,17.0,19.0,8.0,0.0,1.0,0.0,0.0,0.0,0.0588235294117647,lignin,0.8659763349899248
1261,1261,364.0757118,364.0754531,364.0755104,1.0,0.5625,C16 H16 O9 13C1,17.0,16.0,9.0,0.0,0.0,1.0,0.0,0.0,0.0,lignin,0.9375190296057887
1262,1262,364.0677169,364.0674582,364.0674045,0.9375,0.5625,C16 H15 O9 N1,16.0,15.0,9.0,0.0,1.0,0.0,0.0,0.0,0.0625,tannin,0.9039714224677052
1263,1263,363.1815908,363.1813332,363.1813121,1.4,0.3,C20 H28 O6,20.0,28.0,6.0,0.0,0.0,0.0,0.0,0.0,0.0,lignin,0.8529609839494021
1264,1264,363.1452381,363.1449805,363.1449266,1.263157895,0.368421053,C19 H24 O7,19.0,24.0,7.0,0.0,0.0,0.0,0.0,0.0,0.0,lignin,0.85901371261316
1265,1265,363.1120318,363.1117743,363.1119124,1.6,0.533333333,C15 H24 O8 S1,15.0,24.0,8.0,1.0,0.0,0.0,0.0,0.0,0.0,lignin,0.7333510108324296
1266,1266,363.1086789,363.1084214,363.1085411,1.111111111,0.444444444,C18 H20 O8,18.0,20.0,8.0,0.0,0.0,0.0,0.0,0.0,0.0,lignin,0.866425922452389
1267,1267,363.0837504,363.0834929,363.0833889,1.0,0.5,C16 H16 O8 N2,16.0,16.0,8.0,0.0,2.0,0.0,0.0,0.0,0.125,lignin,0.9411918333645166
1268,1268,363.0759106,363.0756531,363.0755269,1.428571429,0.642857143,C14 H20 O9 S1,14.0,20.0,9.0,1.0,0.0,0.0,0.0,0.0,0.0,lignin,0.6894132117822891
1269,1269,363.0725514,363.072294,363.0721556,0.941176471,0.529411765,C17 H16 O9,17.0,16.0,9.0,0.0,0.0,0.0,0.0,0.0,0.0,tannin,0.5469755960961425
1270,1270,363.0572428,363.0569854,363.0568994,1.230769231,0.923076923,C13 H16 O12,13.0,16.0,12.0,0.0,0.0,0.0,0.0,0.0,0.0,lignin,0.5378256973454028
1271,1271,363.0358924,363.035635,363.0357701,0.75,0.625,C16 H12 O10,16.0,12.0,10.0,0.0,0.0,0.0,0.0,0.0,0.0,tannin,0.9132092452623188
1272,1272,363.0334892,363.0332318,363.0332681,0.6,0.25,C20 H12 O5 S1,20.0,12.0,5.0,1.0,0.0,0.0,0.0,0.0,0.0,pah,0.9548998884321624
1273,1273,362.1692086,362.1689523,362.1690169,1.368421053,0.315789474,C19 H26 O6 13C1,20.0,26.0,6.0,0.0,0.0,1.0,0.0,0.0,0.0,lignin,0.8539485050410622
1274,1274,362.1328991,362.1326428,362.1326313,1.222222222,0.388888889,C18 H22 O7 13C1,19.0,22.0,7.0,0.0,0.0,1.0,0.0,0.0,0.0,lignin,0.8606978369621684
1275,1275,362.1096671,362.1094109,362.1092693,1.5,0.714285714,C14 H21 O10 N1,14.0,21.0,10.0,0.0,1.0,0.0,0.0,0.0,0.0714285714285714,carbohydrate,0.9148059356693654
1276,1276,362.0965685,362.0963123,362.0962458,1.058823529,0.470588235,C17 H18 O8 13C1,18.0,18.0,8.0,0.0,0.0,1.0,0.0,0.0,0.0,lignin,0.9391815298977093
1277,1277,362.0600183,362.0597622,362.0598603,0.875,0.5625,C16 H14 O9 13C1,17.0,14.0,9.0,0.0,0.0,1.0,0.0,0.0,0.0,tannin,0.9095325607858153
1278,1278,362.0519312,362.051675,362.0517545,0.8125,0.5625,C16 H13 O9 N1,16.0,13.0,9.0,0.0,1.0,0.0,0.0,0.0,0.0625,tannin,0.9127266806907863
1279,1279,361.2022046,361.2019494,361.2020475,1.428571429,0.238095238,C21 H30 O5,21.0,30.0,5.0,0.0,0.0,0.0,0.0,0.0,0.0,lipid,0.7453846202826135
1280,1280,361.1659761,361.165721,361.165662,1.3,0.3,C20 H26 O6,20.0,26.0,6.0,0.0,0.0,0.0,0.0,0.0,0.0,lignin,0.8558651879009446
1281,1281,361.1295521,361.1292971,361.1292765,1.157894737,0.368421053,C19 H22 O7,19.0,22.0,7.0,0.0,0.0,0.0,0.0,0.0,0.0,lignin,0.8646894595552299
1282,1282,361.1141331,361.1138781,361.1140204,1.466666667,0.666666667,C15 H22 O10,15.0,22.0,10.0,0.0,0.0,0.0,0.0,0.0,0.0,lignin,0.5840812244510609
1283,1283,361.1060554,361.1058004,361.1056452,0.692307692,0.0,C26 H18 S1,26.0,18.0,0.0,1.0,0.0,0.0,0.0,0.0,0.0,pah,0.9557400528183342
1284,1284,361.1042183,361.1039633,361.1041244,1.058823529,0.411764706,C17 H18 O7 N2,17.0,18.0,7.0,0.0,2.0,0.0,0.0,0.0,0.1176470588235294,lignin,0.9435598544501745
1285,1285,361.096406,361.0961511,361.0962623,1.466666667,0.533333333,C15 H22 O8 S1,15.0,22.0,8.0,1.0,0.0,0.0,0.0,0.0,0.0,lignin,0.8440341707384746
1286,1286,361.0930641,361.0928091,361.092891,1.0,0.444444444,C18 H18 O8,18.0,18.0,8.0,0.0,0.0,0.0,0.0,0.0,0.0,lignin,0.9385942703928519
1287,1287,361.0906699,361.0904149,361.0903891,0.818181818,0.136363636,C22 H18 O3 S1,22.0,18.0,3.0,1.0,0.0,0.0,0.0,0.0,0.0,pah,0.6978105510806714
1288,1288,361.0779955,361.0777405,361.0776349,1.285714286,0.785714286,C14 H18 O11,14.0,18.0,11.0,0.0,0.0,0.0,0.0,0.0,0.0,lignin,0.6148650116649406
1289,1289,361.0602518,361.0599969,361.0598768,1.285714286,0.642857143,C14 H18 O9 S1,14.0,18.0,9.0,1.0,0.0,0.0,0.0,0.0,0.0,lignin,0.8681091495399957
1290,1290,361.0568656,361.0566107,361.0565055,0.823529412,0.529411765,C17 H14 O9,17.0,14.0,9.0,0.0,0.0,0.0,0.0,0.0,0.0,tannin,0.9111428411108176
1291,1291,361.0414615,361.0412066,361.0412494,1.076923077,0.923076923,C13 H14 O12,13.0,14.0,12.0,0.0,0.0,0.0,0.0,0.0,0.0,lipid,0.5607646295444808
1292,1292,361.0202356,361.0199807,361.02012,0.625,0.625,C16 H10 O10,16.0,10.0,10.0,0.0,0.0,0.0,0.0,0.0,0.0,tannin,0.8841772555147294
1293,1293,361.0178398,361.017585,361.0176181,0.5,0.25,C20 H10 O5 S1,20.0,10.0,5.0,1.0,0.0,0.0,0.0,0.0,0.0,pah,0.9547466790914647
1294,1294,360.1534895,360.1532357,360.1533668,1.263157895,0.315789474,C19 H24 O6 13C1,20.0,24.0,6.0,0.0,0.0,1.0,0.0,0.0,0.0,lignin,0.8585967345210401
1295,1295,360.1173483,360.1170945,360.1169813,1.111111111,0.388888889,C18 H20 O7 13C1,19.0,20.0,7.0,0.0,0.0,1.0,0.0,0.0,0.0,lignin,0.8669206215533534
1296,1296,360.0939001,360.0936463,360.0936193,1.357142857,0.714285714,C14 H19 O10 N1,14.0,19.0,10.0,0.0,1.0,0.0,0.0,0.0,0.0714285714285714,lignin,0.5860695493790158
1297,1297,360.0807005,360.0804468,360.0805958,0.941176471,0.470588235,C17 H16 O8 13C1,18.0,16.0,8.0,0.0,0.0,1.0,0.0,0.0,0.0,lignin,0.6082803140462957
1298,1298,360.072578,360.0723243,360.0724899,0.882352941,0.470588235,C17 H15 O8 N1,17.0,15.0,8.0,0.0,1.0,0.0,0.0,0.0,0.0588235294117647,tannin,0.9100559183619927
1299,1299,360.0654248,360.0651711,360.0653396,1.230769231,0.846153846,C13 H16 O11 13C1,14.0,16.0,11.0,0.0,0.0,1.0,0.0,0.0,0.0,lignin,0.6223674138929643
1300,1300,359.1867618,359.1865092,359.1863975,1.333333333,0.238095238,C21 H28 O5,21.0,28.0,5.0,0.0,0.0,0.0,0.0,0.0,0.0,lignin,0.854241840505573
1301,1301,359.1715075,359.1712549,359.1711413,1.647058824,0.470588235,C17 H28 O8,17.0,28.0,8.0,0.0,0.0,0.0,0.0,0.0,0.0,lipid,0.9109316902337969
1302,1302,359.1502178,359.1499653,359.150012,1.2,0.3,C20 H24 O6,20.0,24.0,6.0,0.0,0.0,0.0,0.0,0.0,0.0,lignin,0.8623589099774603
1303,1303,359.1348876,359.1346351,359.1347558,1.5,0.5625,C16 H24 O9,16.0,24.0,9.0,0.0,0.0,0.0,0.0,0.0,0.0,lignin,0.864313301098948
1304,1304,359.1171865,359.116934,359.1169978,1.5,0.4375,C16 H24 O7 S1,16.0,24.0,7.0,1.0,0.0,0.0,0.0,0.0,0.0,lignin,0.8453355476671289
1305,1305,359.1138564,359.1136039,359.1136264,1.052631579,0.368421053,C19 H20 O7,19.0,20.0,7.0,0.0,0.0,0.0,0.0,0.0,0.0,lignin,0.9406780105372258
1306,1306,359.098708,359.0984556,359.0983703,1.333333333,0.666666667,C15 H20 O10,15.0,20.0,10.0,0.0,0.0,0.0,0.0,0.0,0.0,lignin,0.9083813389933786
1307,1307,359.080979,359.0807265,359.0806122,1.333333333,0.533333333,C15 H20 O8 S1,15.0,20.0,8.0,1.0,0.0,0.0,0.0,0.0,0.0,lignin,0.8568780398511537
1308,1308,359.0775887,359.0773362,359.0772409,0.888888889,0.444444444,C18 H16 O8,18.0,16.0,8.0,0.0,0.0,0.0,0.0,0.0,0.0,tannin,0.909026055364326
1309,1309,359.062228,359.0619756,359.0619848,1.142857143,0.785714286,C14 H16 O11,14.0,16.0,11.0,0.0,0.0,0.0,0.0,0.0,0.0,lignin,0.6721478199530097
1310,1310,359.0409662,359.0407138,359.0408554,0.705882353,0.529411765,C17 H12 O9,17.0,12.0,9.0,0.0,0.0,0.0,0.0,0.0,0.0,tannin,0.8905335829581513
1311,1311,359.0385762,359.0383238,359.0383535,0.571428571,0.19047619,C21 H12 O4 S1,21.0,12.0,4.0,1.0,0.0,0.0,0.0,0.0,0.0,pah,0.9549365274018804
1312,1312,359.0258115,359.0255591,359.0255993,0.923076923,0.923076923,C13 H12 O12,13.0,12.0,12.0,0.0,0.0,0.0,0.0,0.0,0.0,tannin,0.9095164005291296
1313,1313,358.1226093,358.122358,358.1224606,1.466666667,0.6,C15 H22 O9 13C1,16.0,22.0,9.0,0.0,0.0,1.0,0.0,0.0,0.0,lignin,0.8968618685560716
1314,1314,358.1145122,358.1142609,358.1143547,1.4,0.6,C15 H21 O9 N1,15.0,21.0,9.0,0.0,1.0,0.0,0.0,0.0,0.0666666666666666,lignin,0.7235265599817444
1315,1315,358.0863981,358.0861469,358.0860751,1.285714286,0.714285714,C14 H18 O10 13C1,15.0,18.0,10.0,0.0,0.0,1.0,0.0,0.0,0.0,lignin,0.5988748811103604
1316,1316,358.0783244,358.0780732,358.0779692,1.214285714,0.714285714,C14 H17 O10 N1,14.0,17.0,10.0,0.0,1.0,0.0,0.0,0.0,0.0714285714285714,lignin,0.4979756289659888
1317,1317,358.0499496,358.0496984,358.0496896,1.076923077,0.846153846,C13 H14 O11 13C1,14.0,14.0,11.0,0.0,0.0,1.0,0.0,0.0,0.0,lignin,0.5640847163904019
1318,1318,357.1920069,357.1917568,357.1918768,1.666666667,0.388888889,C18 H30 O7,18.0,30.0,7.0,0.0,0.0,0.0,0.0,0.0,0.0,lipid,0.8867562342433137
1319,1319,357.1709239,357.1706738,357.1707474,1.238095238,0.238095238,C21 H26 O5,21.0,26.0,5.0,0.0,0.0,0.0,0.0,0.0,0.0,lignin,0.8588291511619879
1320,1320,357.1558417,357.1555916,357.1554913,1.529411765,0.470588235,C17 H26 O8,17.0,26.0,8.0,0.0,0.0,0.0,0.0,0.0,0.0,lignin,0.8427914751261172
1321,1321,357.1346983,357.1344482,357.1343619,1.1,0.3,C20 H22 O6,20.0,22.0,6.0,0.0,0.0,0.0,0.0,0.0,0.0,lignin,0.8772739845545985
1322,1322,357.1192768,357.1190268,357.1191058,1.375,0.5625,C16 H22 O9,16.0,22.0,9.0,0.0,0.0,0.0,0.0,0.0,0.0,lignin,0.8640685845385313
1323,1323,357.1014524,357.1012024,357.1013477,1.375,0.4375,C16 H22 O7 S1,16.0,22.0,7.0,1.0,0.0,0.0,0.0,0.0,0.0,lignin,0.8547987798263854
1324,1324,357.0980954,357.0978454,357.0979764,0.947368421,0.368421053,C19 H18 O7,19.0,18.0,7.0,0.0,0.0,0.0,0.0,0.0,0.0,lignin,0.9443732019527694
1325,1325,357.0829876,357.0827377,357.0827202,1.2,0.666666667,C15 H18 O10,15.0,18.0,10.0,0.0,0.0,0.0,0.0,0.0,0.0,lignin,0.869799958367009
1326,1326,357.0653414,357.0650915,357.0649622,1.2,0.533333333,C15 H18 O8 S1,15.0,18.0,8.0,1.0,0.0,0.0,0.0,0.0,0.0,lignin,0.8611151874168176
1327,1327,357.06195,357.0617,357.0615909,0.777777778,0.444444444,C18 H14 O8,18.0,14.0,8.0,0.0,0.0,0.0,0.0,0.0,0.0,tannin,0.9011111731574382
1328,1328,357.0466387,357.0463888,357.0463347,1.0,0.785714286,C14 H14 O11,14.0,14.0,11.0,0.0,0.0,0.0,0.0,0.0,0.0,lignin,0.9357606077857149
1329,1329,357.0253365,357.0250866,357.0252054,0.588235294,0.529411765,C17 H10 O9,17.0,10.0,9.0,0.0,0.0,0.0,0.0,0.0,0.0,tannin,0.6707545024871868
1330,1330,357.022918,357.0226681,357.0227034,0.476190476,0.19047619,C21 H10 O4 S1,21.0,10.0,4.0,1.0,0.0,0.0,0.0,0.0,0.0,pah,0.9547821990314438
1331,1331,356.143563,356.1433142,356.143196,1.5,0.5,C16 H24 O8 13C1,17.0,24.0,8.0,0.0,0.0,1.0,0.0,0.0,0.0,lignin,0.8433573749661694
1332,1332,356.1069192,356.1066705,356.1068105,1.333333333,0.6,C15 H20 O9 13C1,16.0,20.0,9.0,0.0,0.0,1.0,0.0,0.0,0.0,lignin,0.8651072877873072
1333,1333,356.0988216,356.0985729,356.0987047,1.266666667,0.6,C15 H19 O9 N1,15.0,19.0,9.0,0.0,1.0,0.0,0.0,0.0,0.0666666666666666,lignin,0.8588959652379365
1334,1334,356.0707696,356.0705209,356.070425,1.142857143,0.714285714,C14 H16 O10 13C1,15.0,16.0,10.0,0.0,0.0,1.0,0.0,0.0,0.0,lignin,0.8821196427901488
1335,1335,356.0626967,356.062448,356.0623192,1.071428571,0.714285714,C14 H15 O10 N1,14.0,15.0,10.0,0.0,1.0,0.0,0.0,0.0,0.0714285714285714,lignin,0.9493780745084199
1336,1336,355.1962888,355.1960412,355.1961293,2.125,0.375,C16 H34 O6 34S1,16.0,34.0,6.0,0.0,0.0,0.0,1.0,0.0,0.0,lipid,0.8805059043682597
1337,1337,355.1763926,355.176145,355.1762267,1.555555556,0.388888889,C18 H28 O7,18.0,28.0,7.0,0.0,0.0,0.0,0.0,0.0,0.0,lipid,0.730519721335294
1338,1338,355.1401999,355.1399523,355.1398412,1.411764706,0.470588235,C17 H24 O8,17.0,24.0,8.0,0.0,0.0,0.0,0.0,0.0,0.0,lignin,0.8546363836169066
1339,1339,355.1188455,355.118598,355.1187118,1.0,0.3,C20 H20 O6,20.0,20.0,6.0,0.0,0.0,0.0,0.0,0.0,0.0,lignin,0.9394967774038369
1340,1340,355.1035555,355.103308,355.1034557,1.25,0.5625,C16 H20 O9,16.0,20.0,9.0,0.0,0.0,0.0,0.0,0.0,0.0,lignin,0.8591693090694903
1341,1341,355.0826409,355.0823934,355.0823263,0.842105263,0.368421053,C19 H16 O7,19.0,16.0,7.0,0.0,0.0,0.0,0.0,0.0,0.0,tannin,0.9082686213467899
1342,1342,355.0674449,355.0671975,355.0670702,1.066666667,0.666666667,C15 H16 O10,15.0,16.0,10.0,0.0,0.0,0.0,0.0,0.0,0.0,lignin,0.9368326605141327
1343,1343,355.046161,355.0459135,355.0459408,0.666666667,0.444444444,C18 H12 O8,18.0,12.0,8.0,0.0,0.0,0.0,0.0,0.0,0.0,tannin,0.822537980878395
1344,1344,355.0307882,355.0305408,355.0306847,0.857142857,0.785714286,C14 H12 O11,14.0,12.0,11.0,0.0,0.0,0.0,0.0,0.0,0.0,tannin,0.9073757037448281
1345,1345,354.2191066,354.2188602,354.2189444,1.789473684,0.157894737,C19 H34 O3 S1 13C1,20.0,34.0,3.0,1.0,0.0,1.0,0.0,0.0,0.0,lipid,0.9160652920015723
1346,1346,354.2191066,354.2188602,354.2187007,1.380952381,0.095238095,C21 H29 O2 N3,21.0,29.0,2.0,0.0,3.0,0.0,0.0,0.0,0.1428571428571428,peptide,0.8696202792849734
1347,1347,354.2038225,354.2035762,354.2036883,2.266666667,0.4,C15 H34 O6 S1 13C1,16.0,34.0,6.0,1.0,0.0,1.0,0.0,0.0,0.0,lipid,0.881025296399477
1348,1348,354.2038225,354.2035762,354.2034445,1.705882353,0.294117647,C17 H29 O5 N3,17.0,29.0,5.0,0.0,3.0,0.0,0.0,0.0,0.1764705882352941,peptide,0.8049899344864757
1349,1349,354.1642916,354.1640453,354.1639315,1.529411765,0.411764706,C17 H26 O7 13C1,18.0,26.0,7.0,0.0,0.0,1.0,0.0,0.0,0.0,lignin,0.714233278824674
1350,1350,354.1276542,354.1274079,354.127546,1.375,0.5,C16 H22 O8 13C1,17.0,22.0,8.0,0.0,0.0,1.0,0.0,0.0,0.0,lignin,0.8558770867811951
1351,1351,354.1195444,354.1192981,354.1194401,1.3125,0.5,C16 H21 O8 N1,16.0,21.0,8.0,0.0,1.0,0.0,0.0,0.0,0.0625,lignin,0.8559893720870384
1352,1352,354.0915109,354.0912646,354.0911605,1.2,0.6,C15 H18 O9 13C1,16.0,18.0,9.0,0.0,0.0,1.0,0.0,0.0,0.0,lignin,0.8605637013663646
1353,1353,354.0834258,354.0831796,354.0830546,1.133333333,0.6,C15 H17 O9 N1,15.0,17.0,9.0,0.0,1.0,0.0,0.0,0.0,0.0666666666666666,lignin,0.8634521642565514
1354,1354,354.0549174,354.0546713,354.0547749,1.0,0.714285714,C14 H14 O10 13C1,15.0,14.0,10.0,0.0,0.0,1.0,0.0,0.0,0.0,lignin,0.9362882572194385
1355,1355,354.0467773,354.0465311,354.0466691,0.928571429,0.714285714,C14 H13 O10 N1,14.0,13.0,10.0,0.0,1.0,0.0,0.0,0.0,0.0714285714285714,tannin,0.9051978384017145
1356,1356,353.2157709,353.2155258,353.2155896,1.7,0.15,C20 H34 O3 S1,20.0,34.0,3.0,1.0,0.0,0.0,0.0,0.0,0.0,lipid,0.9024854380471068
1357,1357,353.2006482,353.2004031,353.2003335,2.125,0.375,C16 H34 O6 S1,16.0,34.0,6.0,1.0,0.0,0.0,0.0,0.0,0.0,lipid,0.8805059043682597
1358,1358,353.1972817,353.1970365,353.1969622,1.578947368,0.315789474,C19 H30 O6,19.0,30.0,6.0,0.0,0.0,0.0,0.0,0.0,0.0,lipid,0.8936332481473148
1359,1359,353.1607848,353.1605397,353.1605766,1.444444444,0.388888889,C18 H26 O7,18.0,26.0,7.0,0.0,0.0,0.0,0.0,0.0,0.0,lignin,0.852497948510852
1360,1360,353.1244407,353.1241957,353.1241911,1.294117647,0.470588235,C17 H22 O8,17.0,22.0,8.0,0.0,0.0,0.0,0.0,0.0,0.0,lignin,0.8580587781326574
1361,1361,353.1034212,353.1031762,353.1030618,0.9,0.3,C20 H18 O6,20.0,18.0,6.0,0.0,0.0,0.0,0.0,0.0,0.0,tannin,0.9085644734080807
1362,1362,353.0994012,353.0991562,353.099039,1.2,0.533333333,C15 H18 O8 N2,15.0,18.0,8.0,0.0,2.0,0.0,0.0,0.0,0.1333333333333333,peptide,0.3752309850559742
1363,1363,353.0881048,353.0878598,353.0878056,1.125,0.5625,C16 H18 O9,16.0,18.0,9.0,0.0,0.0,0.0,0.0,0.0,0.0,lignin,0.8640486212740811
1364,1364,353.0667738,353.0665289,353.0666763,0.736842105,0.368421053,C19 H14 O7,19.0,14.0,7.0,0.0,0.0,0.0,0.0,0.0,0.0,tannin,0.875570569088923
1365,1365,353.062761,353.062516,353.0626535,1.0,0.642857143,C14 H14 O9 N2,14.0,14.0,9.0,0.0,2.0,0.0,0.0,0.0,0.1428571428571428,lignin,0.9401723960469791
1366,1366,353.0516019,353.0513569,353.0514201,0.933333333,0.666666667,C15 H14 O10,15.0,14.0,10.0,0.0,0.0,0.0,0.0,0.0,0.0,tannin,0.9038722731183986
1367,1367,353.0153589,353.015114,353.0150346,0.714285714,0.785714286,C14 H10 O11,14.0,10.0,11.0,0.0,0.0,0.0,0.0,0.0,0.0,tannin,0.9157158344270341
1368,1368,353.0129219,353.012677,353.0125327,0.555555556,0.333333333,C18 H10 O6 S1,18.0,10.0,6.0,1.0,0.0,0.0,0.0,0.0,0.0,pah,0.9546932516036046
1369,1369,352.1881812,352.1879373,352.1880382,2.133333333,0.4,C15 H32 O6 S1 13C1,16.0,32.0,6.0,1.0,0.0,1.0,0.0,0.0,0.0,lipid,0.8802200581766249
1370,1370,352.1881812,352.1879373,352.1877944,1.588235294,0.294117647,C17 H27 O5 N3,17.0,27.0,5.0,0.0,3.0,0.0,0.0,0.0,0.1764705882352941,peptide,0.8676981756117191
1371,1371,352.184807,352.1845631,352.1846669,1.555555556,0.333333333,C18 H28 O6 13C1,19.0,28.0,6.0,0.0,0.0,1.0,0.0,0.0,0.0,lipid,0.8939832484480863
1372,1372,352.148603,352.1483592,352.1482814,1.411764706,0.411764706,C17 H24 O7 13C1,18.0,24.0,7.0,0.0,0.0,1.0,0.0,0.0,0.0,lignin,0.8536124892890739
1373,1373,352.1120724,352.1118287,352.1118959,1.25,0.5,C16 H20 O8 13C1,17.0,20.0,8.0,0.0,0.0,1.0,0.0,0.0,0.0,lignin,0.859461773928792
1374,1374,352.1039069,352.1036632,352.10379,1.1875,0.5,C16 H19 O8 N1,16.0,19.0,8.0,0.0,1.0,0.0,0.0,0.0,0.0625,lignin,0.8614158185403038
1375,1375,352.07581,352.0755663,352.0755104,1.066666667,0.6,C15 H16 O9 13C1,16.0,16.0,9.0,0.0,0.0,1.0,0.0,0.0,0.0,lignin,0.9375341676749738
1376,1376,352.0677612,352.0675174,352.0674045,1.0,0.6,C15 H15 O9 N1,15.0,15.0,9.0,0.0,1.0,0.0,0.0,0.0,0.0666666666666666,lignin,0.9370973343393736
1377,1377,351.2178437,351.217601,351.2176976,1.6,0.25,C20 H32 O5,20.0,32.0,5.0,0.0,0.0,0.0,0.0,0.0,0.0,lipid,0.9027902535012388
1378,1378,351.1849997,351.1847571,351.1846834,2.0,0.375,C16 H32 O6 S1,16.0,32.0,6.0,1.0,0.0,0.0,0.0,0.0,0.0,lipid,0.8822187270475151
1379,1379,351.1816389,351.1813963,351.1813121,1.473684211,0.315789474,C19 H28 O6,19.0,28.0,6.0,0.0,0.0,0.0,0.0,0.0,0.0,lipid,0.597758489194349
1380,1380,351.1450556,351.144813,351.1449266,1.333333333,0.388888889,C18 H24 O7,18.0,24.0,7.0,0.0,0.0,0.0,0.0,0.0,0.0,lignin,0.8557121103029814
1381,1381,351.1199593,351.1197167,351.1197745,1.25,0.4375,C16 H20 O7 N2,16.0,20.0,7.0,0.0,2.0,0.0,0.0,0.0,0.125,peptide,0.4658375257255652
1382,1382,351.1088852,351.1086427,351.1085411,1.176470588,0.470588235,C17 H20 O8,17.0,20.0,8.0,0.0,0.0,0.0,0.0,0.0,0.0,lignin,0.863277798509398
1383,1383,351.0836965,351.083454,351.0833889,1.066666667,0.533333333,C15 H16 O8 N2,15.0,16.0,8.0,0.0,2.0,0.0,0.0,0.0,0.1333333333333333,lignin,0.9416938549618266
1384,1384,351.0723141,351.0720716,351.0721556,1.0,0.5625,C16 H16 O9,16.0,16.0,9.0,0.0,0.0,0.0,0.0,0.0,0.0,lignin,0.9375190296057887
1385,1385,351.0698742,351.0696318,351.0696536,0.8,0.2,C20 H16 O4 S1,20.0,16.0,4.0,1.0,0.0,0.0,0.0,0.0,0.0,tannin,0.618517273024004
1386,1386,351.0511392,351.0508967,351.0510262,0.631578947,0.368421053,C19 H12 O7,19.0,12.0,7.0,0.0,0.0,0.0,0.0,0.0,0.0,tannin,0.6142537527712453
1387,1387,351.0360634,351.0358209,351.0357701,0.8,0.666666667,C15 H12 O10,15.0,12.0,10.0,0.0,0.0,0.0,0.0,0.0,0.0,tannin,0.9121152908398399
1388,1388,351.0336755,351.0334331,351.0332681,0.631578947,0.263157895,C19 H12 O5 S1,19.0,12.0,5.0,1.0,0.0,0.0,0.0,0.0,0.0,pah,0.9549423201358961
1389,1389,350.1692188,350.1689774,350.1690169,1.444444444,0.333333333,C18 H26 O6 13C1,19.0,26.0,6.0,0.0,0.0,1.0,0.0,0.0,0.0,lignin,0.8520692137013153
1390,1390,350.1329433,350.132702,350.1326313,1.294117647,0.411764706,C17 H22 O7 13C1,18.0,22.0,7.0,0.0,0.0,1.0,0.0,0.0,0.0,lignin,0.8580292045969926
1391,1391,350.1246952,350.1244539,350.1245255,1.235294118,0.411764706,C17 H21 O7 N1,17.0,21.0,7.0,0.0,1.0,0.0,0.0,0.0,0.0588235294117647,lignin,0.8582385785369914
1392,1392,350.0964011,350.0961598,350.0962458,1.125,0.5,C16 H18 O8 13C1,17.0,18.0,8.0,0.0,0.0,1.0,0.0,0.0,0.0,lignin,0.8649377403916679
1393,1393,350.0883966,350.0881553,350.08814,1.0625,0.5,C16 H17 O8 N1,16.0,17.0,8.0,0.0,1.0,0.0,0.0,0.0,0.0625,lignin,0.9383912616005267
1394,1394,350.0601675,350.0599263,350.0598603,0.933333333,0.6,C15 H14 O9 13C1,16.0,14.0,9.0,0.0,0.0,1.0,0.0,0.0,0.0,tannin,0.9032475889876415
1395,1395,350.0520433,350.0518021,350.0517545,0.866666667,0.6,C15 H13 O9 N1,15.0,13.0,9.0,0.0,1.0,0.0,0.0,0.0,0.0666666666666666,tannin,0.9120347230158933
1396,1396,349.2023889,349.2021487,349.2020475,1.5,0.25,C20 H30 O5,20.0,30.0,5.0,0.0,0.0,0.0,0.0,0.0,0.0,lipid,0.9057386725738421
1397,1397,349.165768,349.1655279,349.165662,1.368421053,0.315789474,C19 H26 O6,19.0,26.0,6.0,0.0,0.0,0.0,0.0,0.0,0.0,lignin,0.8539485050410622
1398,1398,349.1296366,349.1293965,349.1292765,1.222222222,0.388888889,C18 H22 O7,18.0,22.0,7.0,0.0,0.0,0.0,0.0,0.0,0.0,lignin,0.8606978369621684
1399,1399,349.1043432,349.1041032,349.1041244,1.125,0.4375,C16 H18 O7 N2,16.0,18.0,7.0,0.0,2.0,0.0,0.0,0.0,0.125,lignin,0.9000224820602882
1400,1400,349.0963969,349.0961568,349.0962623,1.571428571,0.571428571,C14 H22 O8 S1,14.0,22.0,8.0,1.0,0.0,0.0,0.0,0.0,0.0,lignin,0.7699808293856132
1401,1401,349.0930162,349.0927762,349.092891,1.058823529,0.470588235,C17 H18 O8,17.0,18.0,8.0,0.0,0.0,0.0,0.0,0.0,0.0,lignin,0.9391815298977093
1402,1402,349.0905994,349.0903594,349.0903891,0.857142857,0.142857143,C21 H18 O3 S1,21.0,18.0,3.0,1.0,0.0,0.0,0.0,0.0,0.0,tannin,0.6197610225539519
1403,1403,349.0679497,349.0677097,349.0677389,0.933333333,0.533333333,C15 H14 O8 N2,15.0,14.0,8.0,0.0,2.0,0.0,0.0,0.0,0.1333333333333333,tannin,0.9071640204121605
1404,1404,349.056846,349.056606,349.0565055,0.875,0.5625,C16 H14 O9,16.0,14.0,9.0,0.0,0.0,0.0,0.0,0.0,0.0,tannin,0.9095325607858153
1405,1405,349.0202877,349.0200477,349.02012,0.666666667,0.666666667,C15 H10 O10,15.0,10.0,10.0,0.0,0.0,0.0,0.0,0.0,0.0,tannin,0.9078663733977107
1406,1406,349.0178647,349.0176248,349.0176181,0.526315789,0.263157895,C19 H10 O5 S1,19.0,10.0,5.0,1.0,0.0,0.0,0.0,0.0,0.0,pah,0.954761762307389
1407,1407,348.1534863,348.1532474,348.1533668,1.333333333,0.333333333,C18 H24 O6 13C1,19.0,24.0,6.0,0.0,0.0,1.0,0.0,0.0,0.0,lignin,0.8551654389159757
1408,1408,348.1173185,348.1170796,348.1169813,1.176470588,0.411764706,C17 H20 O7 13C1,18.0,20.0,7.0,0.0,0.0,1.0,0.0,0.0,0.0,lignin,0.8635838990533404
1409,1409,348.0938996,348.0936608,348.0936193,1.461538462,0.769230769,C13 H19 O10 N1,13.0,19.0,10.0,0.0,1.0,0.0,0.0,0.0,0.0769230769230769,carbohydrate,0.9137876100069915
1410,1410,348.0807618,348.080523,348.0805958,1.0,0.5,C16 H16 O8 13C1,17.0,16.0,8.0,0.0,0.0,1.0,0.0,0.0,0.0,lignin,0.9381105716616908
1411,1411,348.0726149,348.0723761,348.0724899,0.9375,0.5,C16 H15 O8 N1,16.0,15.0,8.0,0.0,1.0,0.0,0.0,0.0,0.0625,tannin,0.9037077794142139
1412,1412,347.1867454,347.1865077,347.1863975,1.4,0.25,C20 H28 O5,20.0,28.0,5.0,0.0,0.0,0.0,0.0,0.0,0.0,lignin,0.5417735867959198
1413,1413,347.1501347,347.149897,347.150012,1.263157895,0.315789474,C19 H24 O6,19.0,24.0,6.0,0.0,0.0,0.0,0.0,0.0,0.0,lignin,0.8585967345210401
1414,1414,347.1349093,347.1346717,347.1347558,1.6,0.6,C15 H24 O9,15.0,24.0,9.0,0.0,0.0,0.0,0.0,0.0,0.0,carbohydrate,0.8532555745413963
1415,1415,347.1172899,347.1170523,347.1169978,1.6,0.466666667,C15 H24 O7 S1,15.0,24.0,7.0,1.0,0.0,0.0,0.0,0.0,0.0,lipid,0.5469464105580049
1416,1416,347.1139506,347.113713,347.1136264,1.111111111,0.388888889,C18 H20 O7,18.0,20.0,7.0,0.0,0.0,0.0,0.0,0.0,0.0,lignin,0.8669206215533534
1417,1417,347.0987215,347.0984839,347.0983703,1.428571429,0.714285714,C14 H20 O10,14.0,20.0,10.0,0.0,0.0,0.0,0.0,0.0,0.0,lignin,0.5849220149562266
1418,1418,347.088758,347.0885204,347.0884743,1.0,0.4375,C16 H16 O7 N2,16.0,16.0,7.0,0.0,2.0,0.0,0.0,0.0,0.125,lignin,0.9417996099311893
1419,1419,347.0807861,347.0805485,347.0806122,1.428571429,0.571428571,C14 H20 O8 S1,14.0,20.0,8.0,1.0,0.0,0.0,0.0,0.0,0.0,lignin,0.8676465340958656
1420,1420,347.0773811,347.0771436,347.0772409,0.941176471,0.470588235,C17 H16 O8,17.0,16.0,8.0,0.0,0.0,0.0,0.0,0.0,0.0,lignin,0.6082803140462957
1421,1421,347.0749236,347.074686,347.074739,0.761904762,0.142857143,C21 H16 O3 S1,21.0,16.0,3.0,1.0,0.0,0.0,0.0,0.0,0.0,pah,0.9557790960437889
1422,1422,347.0620814,347.0618439,347.0619848,1.230769231,0.846153846,C13 H16 O11,13.0,16.0,11.0,0.0,0.0,0.0,0.0,0.0,0.0,lignin,0.6223674138929643
1423,1423,347.0411728,347.0409353,347.0408554,0.75,0.5625,C16 H12 O9,16.0,12.0,9.0,0.0,0.0,0.0,0.0,0.0,0.0,tannin,0.9129546728300489
1424,1424,346.1378379,346.1376015,346.1377167,1.222222222,0.333333333,C18 H22 O6 13C1,19.0,22.0,6.0,0.0,0.0,1.0,0.0,0.0,0.0,lignin,0.8604874486797005
1425,1425,346.1147346,346.1144983,346.1143547,1.5,0.642857143,C14 H21 O9 N1,14.0,21.0,9.0,0.0,1.0,0.0,0.0,0.0,0.0714285714285714,carbohydrate,0.7159181097143617
1426,1426,346.1016787,346.1014423,346.1013312,1.058823529,0.411764706,C17 H18 O7 13C1,18.0,18.0,7.0,0.0,0.0,1.0,0.0,0.0,0.0,lignin,0.9401085973020669
1427,1427,346.0781061,346.0778698,346.0779692,1.307692308,0.769230769,C13 H17 O10 N1,13.0,17.0,10.0,0.0,1.0,0.0,0.0,0.0,0.0769230769230769,lignin,0.6189154720951272
1428,1428,345.1708821,345.1706469,345.1707474,1.3,0.25,C20 H26 O5,20.0,26.0,5.0,0.0,0.0,0.0,0.0,0.0,0.0,lignin,0.8553772841872419
1429,1429,345.1555962,345.155361,345.1554913,1.625,0.5,C16 H26 O8,16.0,26.0,8.0,0.0,0.0,0.0,0.0,0.0,0.0,lipid,0.5698070515660043
1430,1430,345.1346745,345.1344394,345.1343619,1.157894737,0.315789474,C19 H22 O6,19.0,22.0,6.0,0.0,0.0,0.0,0.0,0.0,0.0,lignin,0.8646443611917022
1431,1431,345.1194472,345.1192121,345.1191058,1.466666667,0.6,C15 H22 O9,15.0,22.0,9.0,0.0,0.0,0.0,0.0,0.0,0.0,lignin,0.8968618685560716
1432,1432,345.1015419,345.1013068,345.1013477,1.466666667,0.466666667,C15 H22 O7 S1,15.0,22.0,7.0,1.0,0.0,0.0,0.0,0.0,0.0,lignin,0.8522105375986422
1433,1433,345.0981332,345.0978981,345.0979764,1.0,0.388888889,C18 H18 O7,18.0,18.0,7.0,0.0,0.0,0.0,0.0,0.0,0.0,lignin,0.9386453007985068
1434,1434,345.0828509,345.0826158,345.0827202,1.285714286,0.714285714,C14 H18 O10,14.0,18.0,10.0,0.0,0.0,0.0,0.0,0.0,0.0,lignin,0.5988748811103604
1435,1435,345.0652263,345.0649912,345.0649622,1.285714286,0.571428571,C14 H18 O8 S1,14.0,18.0,8.0,1.0,0.0,0.0,0.0,0.0,0.0,lignin,0.8580004395408487
1436,1436,345.0618867,345.0616516,345.0615909,0.823529412,0.470588235,C17 H14 O8,17.0,14.0,8.0,0.0,0.0,0.0,0.0,0.0,0.0,tannin,0.91104338178093
1437,1437,345.0466726,345.0464375,345.0463347,1.076923077,0.846153846,C13 H14 O11,13.0,14.0,11.0,0.0,0.0,0.0,0.0,0.0,0.0,lignin,0.5640847163904019
1438,1438,345.0254283,345.0251932,345.0252054,0.625,0.5625,C16 H10 O9,16.0,10.0,9.0,0.0,0.0,0.0,0.0,0.0,0.0,tannin,0.8785869204079019
1439,1439,345.0229889,345.0227539,345.0227034,0.5,0.2,C20 H10 O4 S1,20.0,10.0,4.0,1.0,0.0,0.0,0.0,0.0,0.0,pah,0.954802360704169
1440,1440,344.1435387,344.1433048,344.143196,1.6,0.533333333,C15 H24 O8 13C1,16.0,24.0,8.0,0.0,0.0,1.0,0.0,0.0,0.0,lignin,0.7333510108324296
1441,1441,344.1069234,344.1066896,344.1068105,1.428571429,0.642857143,C14 H20 O9 13C1,15.0,20.0,9.0,0.0,0.0,1.0,0.0,0.0,0.0,lignin,0.6894132117822891
1442,1442,344.0988192,344.0985853,344.0987047,1.357142857,0.642857143,C14 H19 O9 N1,14.0,19.0,9.0,0.0,1.0,0.0,0.0,0.0,0.0714285714285714,lignin,0.5017084861636325
1443,1443,344.0707634,344.0705296,344.070425,1.230769231,0.769230769,C13 H16 O10 13C1,14.0,16.0,10.0,0.0,0.0,1.0,0.0,0.0,0.0,lignin,0.5715335399731842
1444,1444,344.0626936,344.0624597,344.0623192,1.153846154,0.769230769,C13 H15 O10 N1,13.0,15.0,10.0,0.0,1.0,0.0,0.0,0.0,0.0769230769230769,lignin,0.49524491371342894
1445,1445,343.1765367,343.176304,343.1762267,1.647058824,0.411764706,C17 H28 O7,17.0,28.0,7.0,0.0,0.0,0.0,0.0,0.0,0.0,lipid,0.8869825099617297
1446,1446,343.1553826,343.1551499,343.1550973,1.2,0.25,C20 H24 O5,20.0,24.0,5.0,0.0,0.0,0.0,0.0,0.0,0.0,lignin,0.8620969614344016
1447,1447,343.1399649,343.1397322,343.1398412,1.5,0.5,C16 H24 O8,16.0,24.0,8.0,0.0,0.0,0.0,0.0,0.0,0.0,lignin,0.8433573749661694
1448,1448,343.1189032,343.1186706,343.1187118,1.052631579,0.315789474,C19 H20 O6,19.0,20.0,6.0,0.0,0.0,0.0,0.0,0.0,0.0,lignin,0.9408711387891717
1449,1449,343.1038033,343.1035707,343.1034557,1.333333333,0.6,C15 H20 O9,15.0,20.0,9.0,0.0,0.0,0.0,0.0,0.0,0.0,lignin,0.8651072877873072
1450,1450,343.0860034,343.0857708,343.0856976,1.333333333,0.466666667,C15 H20 O7 S1,15.0,20.0,7.0,1.0,0.0,0.0,0.0,0.0,0.0,lignin,0.8568990388449247
1451,1451,343.0825898,343.0823572,343.0823263,0.888888889,0.388888889,C18 H16 O7,18.0,16.0,7.0,0.0,0.0,0.0,0.0,0.0,0.0,tannin,0.9089022056801559
1452,1452,343.0671925,343.0669599,343.0670702,1.142857143,0.714285714,C14 H16 O10,14.0,16.0,10.0,0.0,0.0,0.0,0.0,0.0,0.0,lignin,0.8821196427901488
1453,1453,343.0494716,343.049239,343.0493121,1.142857143,0.571428571,C14 H16 O8 S1,14.0,16.0,8.0,1.0,0.0,0.0,0.0,0.0,0.0,lignin,0.8638495022608617
1454,1454,343.0461302,343.0458976,343.0459408,0.705882353,0.470588235,C17 H12 O8,17.0,12.0,8.0,0.0,0.0,0.0,0.0,0.0,0.0,tannin,0.8805498803658571
1455,1455,343.0310068,343.0307742,343.0306847,0.923076923,0.846153846,C13 H12 O11,13.0,12.0,11.0,0.0,0.0,0.0,0.0,0.0,0.0,tannin,0.905462233666084
1456,1456,342.1994071,342.1991756,342.1990902,1.777777778,0.166666667,C18 H32 O3 13C1 34S1,19.0,32.0,3.0,0.0,0.0,1.0,1.0,0.0,0.0,lipid,0.9161294705286982
1457,1457,342.1640529,342.1638214,342.1639315,1.625,0.4375,C16 H26 O7 13C1,17.0,26.0,7.0,0.0,0.0,1.0,0.0,0.0,0.0,lipid,0.887384394563776
1458,1458,342.1278635,342.127632,342.127546,1.466666667,0.533333333,C15 H22 O8 13C1,16.0,22.0,8.0,0.0,0.0,1.0,0.0,0.0,0.0,lignin,0.8440341707384746
1459,1459,342.1196976,342.1194662,342.1194401,1.4,0.533333333,C15 H21 O8 N1,15.0,21.0,8.0,0.0,1.0,0.0,0.0,0.0,0.0666666666666666,lignin,0.8544301386543001
1460,1460,342.0913054,342.091074,342.0911605,1.285714286,0.642857143,C14 H18 O9 13C1,15.0,18.0,9.0,0.0,0.0,1.0,0.0,0.0,0.0,lignin,0.8681091495399957
1461,1461,342.0832813,342.0830499,342.0830546,1.214285714,0.642857143,C14 H17 O9 N1,14.0,17.0,9.0,0.0,1.0,0.0,0.0,0.0,0.0714285714285714,lignin,0.8603035998339109
1462,1462,342.0550995,342.0548682,342.0547749,1.076923077,0.769230769,C13 H14 O10 13C1,14.0,14.0,10.0,0.0,0.0,1.0,0.0,0.0,0.0,lignin,0.8997305966071183
1463,1463,341.2068086,341.2065783,341.2066492,1.882352941,0.176470588,C17 H32 O3 S1 13C2,19.0,32.0,3.0,1.0,0.0,2.0,0.0,0.0,0.0,lipid,0.9098172907577601
1464,1464,341.204369,341.2041387,341.2041845,1.684210526,0.105263158,C19 H32 O2 S1 18O1,19.0,32.0,2.0,1.0,0.0,0.0,0.0,1.0,0.0,lipid,0.9027330741199574
1465,1465,341.1960053,341.195775,341.1957354,1.684210526,0.157894737,C19 H32 O3 34S1,19.0,32.0,3.0,0.0,0.0,0.0,1.0,0.0,0.0,lipid,0.9025531293072738
1466,1466,341.1795565,341.1793263,341.1792041,1.666666667,0.222222222,C18 H30 O4 S1,18.0,30.0,4.0,1.0,0.0,0.0,0.0,0.0,0.0,lipid,0.8936440924996226
1467,1467,341.160806,341.1605757,341.1605766,1.529411765,0.411764706,C17 H26 O7,17.0,26.0,7.0,0.0,0.0,0.0,0.0,0.0,0.0,lignin,0.714233278824674
1468,1468,341.1244431,341.1242129,341.1241911,1.375,0.5,C16 H22 O8,16.0,22.0,8.0,0.0,0.0,0.0,0.0,0.0,0.0,lignin,0.8558770867811951
1469,1469,341.1092641,341.1090339,341.108935,1.833333333,0.916666667,C12 H22 O11,12.0,22.0,11.0,0.0,0.0,0.0,0.0,0.0,0.0,carbohydrate,0.9049782348390434
1470,1470,341.1034004,341.1031702,341.1030618,0.947368421,0.315789474,C19 H18 O6,19.0,18.0,6.0,0.0,0.0,0.0,0.0,0.0,0.0,lignin,0.9446690885011011
1471,1471,341.0880101,341.0877799,341.0878056,1.2,0.6,C15 H18 O9,15.0,18.0,9.0,0.0,0.0,0.0,0.0,0.0,0.0,lignin,0.8605637013663646
1472,1472,341.0701416,341.0699115,341.0700476,1.2,0.466666667,C15 H18 O7 S1,15.0,18.0,7.0,1.0,0.0,0.0,0.0,0.0,0.0,lignin,0.8622105658929644
1473,1473,341.0667773,341.0665472,341.0666763,0.777777778,0.388888889,C18 H14 O7,18.0,14.0,7.0,0.0,0.0,0.0,0.0,0.0,0.0,tannin,0.8843592757745377
1474,1474,341.0517114,341.0514813,341.0514201,1.0,0.714285714,C14 H14 O10,14.0,14.0,10.0,0.0,0.0,0.0,0.0,0.0,0.0,lignin,0.9362882572194385
1475,1475,341.0306068,341.0303767,341.0302907,0.588235294,0.470588235,C17 H10 O8,17.0,10.0,8.0,0.0,0.0,0.0,0.0,0.0,0.0,tannin,0.6155303856224308
1476,1476,341.0152002,341.0149701,341.0150346,0.769230769,0.846153846,C13 H10 O11,13.0,10.0,11.0,0.0,0.0,0.0,0.0,0.0,0.0,tannin,0.9145612651617674
1477,1477,340.2033909,340.2031618,340.2032944,1.777777778,0.166666667,C18 H32 O3 S1 13C1,19.0,32.0,3.0,1.0,0.0,1.0,0.0,0.0,0.0,lipid,0.9161294705286982
1478,1478,340.2033909,340.2031618,340.2030506,1.35,0.1,C20 H27 O2 N3,20.0,27.0,2.0,0.0,3.0,0.0,0.0,0.0,0.15,peptide,0.8704815700868018
1479,1479,340.1485455,340.1483165,340.1482814,1.5,0.4375,C16 H24 O7 13C1,17.0,24.0,7.0,0.0,0.0,1.0,0.0,0.0,0.0,lignin,0.8453355476671289
1480,1480,340.112072,340.111843,340.1118959,1.333333333,0.533333333,C15 H20 O8 13C1,16.0,20.0,8.0,0.0,0.0,1.0,0.0,0.0,0.0,lignin,0.8568780398511537
1481,1481,340.1040712,340.1038423,340.10379,1.266666667,0.533333333,C15 H19 O8 N1,15.0,19.0,8.0,0.0,1.0,0.0,0.0,0.0,0.0666666666666666,lignin,0.8590310708973622
1482,1482,340.0758095,340.0755805,340.0755104,1.142857143,0.642857143,C14 H16 O9 13C1,15.0,16.0,9.0,0.0,0.0,1.0,0.0,0.0,0.0,lignin,0.862838604435732
1483,1483,340.0676111,340.0673822,340.0674045,1.071428571,0.642857143,C14 H15 O9 N1,14.0,15.0,9.0,0.0,1.0,0.0,0.0,0.0,0.0714285714285714,lignin,0.93698514309172
1484,1484,339.2000797,339.1998518,339.1999395,1.684210526,0.157894737,C19 H32 O3 S1,19.0,32.0,3.0,1.0,0.0,0.0,0.0,0.0,0.0,lipid,0.9025531293072738
1485,1485,339.1814443,339.1812165,339.1813121,1.555555556,0.333333333,C18 H28 O6,18.0,28.0,6.0,0.0,0.0,0.0,0.0,0.0,0.0,lipid,0.8939832484480863
1486,1486,339.1452451,339.1450173,339.1449266,1.411764706,0.411764706,C17 H24 O7,17.0,24.0,7.0,0.0,0.0,0.0,0.0,0.0,0.0,lignin,0.8536124892890739
1487,1487,339.1086754,339.1084476,339.1085411,1.25,0.5,C16 H20 O8,16.0,20.0,8.0,0.0,0.0,0.0,0.0,0.0,0.0,lignin,0.859461773928792
1488,1488,339.0837056,339.0834779,339.0833889,1.142857143,0.571428571,C14 H16 O8 N2,14.0,16.0,8.0,0.0,2.0,0.0,0.0,0.0,0.1428571428571428,peptide,0.41253028730382335
1489,1489,339.0724657,339.072238,339.0721556,1.066666667,0.6,C15 H16 O9,15.0,16.0,9.0,0.0,0.0,0.0,0.0,0.0,0.0,lignin,0.9375341676749738
1490,1490,339.0511311,339.0509035,339.0510262,0.666666667,0.388888889,C18 H12 O7,18.0,12.0,7.0,0.0,0.0,0.0,0.0,0.0,0.0,tannin,0.6183471312736659
1491,1491,339.0359082,339.0356805,339.0357701,0.857142857,0.714285714,C14 H12 O10,14.0,12.0,10.0,0.0,0.0,0.0,0.0,0.0,0.0,tannin,0.9067838653036295
1492,1492,338.2188076,338.2185809,338.2184259,2.2,0.466666667,C15 H33 O7 N1,15.0,33.0,7.0,0.0,1.0,0.0,0.0,0.0,0.0666666666666666,lipid,0.37551812748815594
1493,1493,338.2090132,338.2087866,338.2087737,2.266666667,0.333333333,C15 H34 O5 S1 13C1,16.0,34.0,5.0,1.0,0.0,1.0,0.0,0.0,0.0,lipid,0.8798228513611109
1494,1494,338.1692746,338.169048,338.1690169,1.529411765,0.352941176,C17 H26 O6 13C1,18.0,26.0,6.0,0.0,0.0,1.0,0.0,0.0,0.0,lipid,0.7336008558490557
1495,1495,338.1328228,338.1325962,338.1326313,1.375,0.4375,C16 H22 O7 13C1,17.0,22.0,7.0,0.0,0.0,1.0,0.0,0.0,0.0,lignin,0.8547987798263854
1496,1496,338.1246743,338.1244477,338.1245255,1.3125,0.4375,C16 H21 O7 N1,16.0,21.0,7.0,0.0,1.0,0.0,0.0,0.0,0.0625,lignin,0.8557613087367681
1497,1497,338.0964832,338.0962567,338.0962458,1.2,0.533333333,C15 H18 O8 13C1,16.0,18.0,8.0,0.0,0.0,1.0,0.0,0.0,0.0,lignin,0.8611151874168176
1498,1498,338.088451,338.0882245,338.08814,1.133333333,0.533333333,C15 H17 O8 N1,15.0,17.0,8.0,0.0,1.0,0.0,0.0,0.0,0.0666666666666666,lignin,0.8651188654830552
1499,1499,338.0600224,338.0597959,338.0598603,1.0,0.642857143,C14 H14 O9 13C1,15.0,14.0,9.0,0.0,0.0,1.0,0.0,0.0,0.0,lignin,0.936817375609157
1500,1500,338.0518748,338.0516483,338.0517545,0.928571429,0.642857143,C14 H13 O9 N1,14.0,13.0,9.0,0.0,1.0,0.0,0.0,0.0,0.0714285714285714,tannin,0.9047998416666385
1501,1501,337.2055503,337.2053249,337.2054188,2.125,0.3125,C16 H34 O5 S1,16.0,34.0,5.0,1.0,0.0,0.0,0.0,0.0,0.0,lipid,0.8813627598339535
1502,1502,337.2021612,337.2019358,337.2020475,1.578947368,0.263157895,C19 H30 O5,19.0,30.0,5.0,0.0,0.0,0.0,0.0,0.0,0.0,lipid,0.9029142376183611
1503,1503,337.1844394,337.1842141,337.1842895,1.578947368,0.157894737,C19 H30 O3 S1,19.0,30.0,3.0,1.0,0.0,0.0,0.0,0.0,0.0,lipid,0.9049890433210166
1504,1504,337.1660022,337.1657768,337.165662,1.444444444,0.333333333,C18 H26 O6,18.0,26.0,6.0,0.0,0.0,0.0,0.0,0.0,0.0,lignin,0.8520692137013153
1505,1505,337.1293679,337.1291426,337.1292765,1.294117647,0.411764706,C17 H22 O7,17.0,22.0,7.0,0.0,0.0,0.0,0.0,0.0,0.0,lignin,0.8580292045969926
1506,1506,337.1043919,337.1041666,337.1041244,1.2,0.466666667,C15 H18 O7 N2,15.0,18.0,7.0,0.0,2.0,0.0,0.0,0.0,0.1333333333333333,peptide,0.48773325905431414
1507,1507,337.0932103,337.092985,337.092891,1.125,0.5,C16 H18 O8,16.0,18.0,8.0,0.0,0.0,0.0,0.0,0.0,0.0,lignin,0.8649377403916679
1508,1508,337.0719698,337.0717446,337.0717616,0.736842105,0.315789474,C19 H14 O6,19.0,14.0,6.0,0.0,0.0,0.0,0.0,0.0,0.0,tannin,0.8206704151228443
1509,1509,337.0679057,337.0676804,337.0677389,1.0,0.571428571,C14 H14 O8 N2,14.0,14.0,8.0,0.0,2.0,0.0,0.0,0.0,0.1428571428571428,lignin,0.9406861775536065
1510,1510,337.056609,337.0563838,337.0565055,0.933333333,0.6,C15 H14 O9,15.0,14.0,9.0,0.0,0.0,0.0,0.0,0.0,0.0,tannin,0.9032475889876415
1511,1511,337.0542118,337.0539865,337.0540036,0.736842105,0.210526316,C19 H14 O4 S1,19.0,14.0,4.0,1.0,0.0,0.0,0.0,0.0,0.0,pah,0.626653423386444
1512,1512,337.020452,337.0202268,337.02012,0.714285714,0.714285714,C14 H10 O10,14.0,10.0,10.0,0.0,0.0,0.0,0.0,0.0,0.0,tannin,0.9147583555183848
1513,1513,336.1535167,336.1532925,336.1533668,1.411764706,0.352941176,C17 H24 O6 13C1,18.0,24.0,6.0,0.0,0.0,1.0,0.0,0.0,0.0,lignin,0.8532161373240953
1514,1514,336.1172914,336.1170673,336.1169813,1.25,0.4375,C16 H20 O7 13C1,17.0,20.0,7.0,0.0,0.0,1.0,0.0,0.0,0.0,lignin,0.8595975426145843
1515,1515,336.1092028,336.1089787,336.1088754,1.1875,0.4375,C16 H19 O7 N1,16.0,19.0,7.0,0.0,1.0,0.0,0.0,0.0,0.0625,lignin,0.8612391402690751
1516,1516,336.0806993,336.0804752,336.0805958,1.066666667,0.533333333,C15 H16 O8 13C1,16.0,16.0,8.0,0.0,0.0,1.0,0.0,0.0,0.0,lignin,0.9384314250449665
1517,1517,336.0726077,336.0723836,336.0724899,1.0,0.533333333,C15 H15 O8 N1,15.0,15.0,8.0,0.0,1.0,0.0,0.0,0.0,0.0666666666666666,lignin,0.9375885579953976
1518,1518,335.1866272,335.1864043,335.1863975,1.473684211,0.263157895,C19 H28 O5,19.0,28.0,5.0,0.0,0.0,0.0,0.0,0.0,0.0,lipid,0.9058961779140209
1519,1519,335.1502065,335.1499836,335.150012,1.333333333,0.333333333,C18 H24 O6,18.0,24.0,6.0,0.0,0.0,0.0,0.0,0.0,0.0,lignin,0.8551654389159757
1520,1520,335.1138231,335.1136002,335.1136264,1.176470588,0.411764706,C17 H20 O7,17.0,20.0,7.0,0.0,0.0,0.0,0.0,0.0,0.0,lignin,0.8635838990533404
1521,1521,335.0886154,335.0883925,335.0884743,1.066666667,0.466666667,C15 H16 O7 N2,15.0,16.0,7.0,0.0,2.0,0.0,0.0,0.0,0.1333333333333333,lignin,0.9429140017701163
1522,1522,335.0775486,335.0773258,335.0772409,1.0,0.5,C16 H16 O8,16.0,16.0,8.0,0.0,0.0,0.0,0.0,0.0,0.0,lignin,0.9381105716616908
1523,1523,335.0409905,335.0407677,335.0408554,0.8,0.6,C15 H12 O9,15.0,12.0,9.0,0.0,0.0,0.0,0.0,0.0,0.0,tannin,0.9118854893651083
1524,1524,335.0385642,335.0383415,335.0383535,0.631578947,0.210526316,C19 H12 O4 S1,19.0,12.0,4.0,1.0,0.0,0.0,0.0,0.0,0.0,pah,0.9550496377157837
1525,1525,334.1378459,334.1376242,334.1377167,1.294117647,0.352941176,C17 H22 O6 13C1,18.0,22.0,6.0,0.0,0.0,1.0,0.0,0.0,0.0,lignin,0.8566892753566246
1526,1526,334.1146104,334.1143887,334.1143547,1.615384615,0.692307692,C13 H21 O9 N1,13.0,21.0,9.0,0.0,1.0,0.0,0.0,0.0,0.0769230769230769,carbohydrate,0.9073309174514517
1527,1527,334.101657,334.1014353,334.1013312,1.125,0.4375,C16 H18 O7 13C1,17.0,18.0,7.0,0.0,0.0,1.0,0.0,0.0,0.0,lignin,0.8663785152895833
1528,1528,334.0650343,334.0648127,334.0649457,0.933333333,0.533333333,C15 H14 O8 13C1,16.0,14.0,8.0,0.0,0.0,1.0,0.0,0.0,0.0,tannin,0.9030532619630259
1529,1529,334.0569615,334.0567399,334.0568398,0.866666667,0.533333333,C15 H13 O8 N1,15.0,13.0,8.0,0.0,1.0,0.0,0.0,0.0,0.0666666666666666,tannin,0.9107642629297017
1530,1530,333.1708705,333.17065,333.1707474,1.368421053,0.263157895,C19 H26 O5,19.0,26.0,5.0,0.0,0.0,0.0,0.0,0.0,0.0,lignin,0.8534858881876447
1531,1531,333.1346553,333.1344349,333.1343619,1.222222222,0.333333333,C18 H22 O6,18.0,22.0,6.0,0.0,0.0,0.0,0.0,0.0,0.0,lignin,0.8604874486797005
1532,1532,333.1014537,333.1012333,333.1013477,1.571428571,0.5,C14 H22 O7 S1,14.0,22.0,7.0,1.0,0.0,0.0,0.0,0.0,0.0,lignin,0.8421333903939011
1533,1533,333.0981028,333.0978824,333.0979764,1.058823529,0.411764706,C17 H18 O7,17.0,18.0,7.0,0.0,0.0,0.0,0.0,0.0,0.0,lignin,0.9401085973020669
1534,1534,333.083018,333.0827976,333.0827202,1.384615385,0.769230769,C13 H18 O10,13.0,18.0,10.0,0.0,0.0,0.0,0.0,0.0,0.0,lignin,0.5858837081847463
1535,1535,333.073129,333.0729087,333.0728243,0.933333333,0.466666667,C15 H14 O7 N2,15.0,14.0,7.0,0.0,2.0,0.0,0.0,0.0,0.1333333333333333,tannin,0.9133194959616328
1536,1536,333.0652669,333.0650465,333.0649622,1.384615385,0.615384615,C13 H18 O8 S1,13.0,18.0,8.0,1.0,0.0,0.0,0.0,0.0,0.0,lignin,0.8751242671524487
1537,1537,333.0618764,333.061656,333.0615909,0.875,0.5,C16 H14 O8,16.0,14.0,8.0,0.0,0.0,0.0,0.0,0.0,0.0,tannin,0.9094405737502246
1538,1538,333.0594377,333.0592174,333.059089,0.7,0.15,C20 H14 O3 S1,20.0,14.0,3.0,1.0,0.0,0.0,0.0,0.0,0.0,pah,0.9554341550260746
1539,1539,333.046439,333.0462186,333.0463347,1.166666667,0.916666667,C12 H14 O11,12.0,14.0,11.0,0.0,0.0,0.0,0.0,0.0,0.0,lignin,0.5198365356574941
1540,1540,333.0254115,333.0251912,333.0252054,0.666666667,0.6,C15 H10 O9,15.0,10.0,9.0,0.0,0.0,0.0,0.0,0.0,0.0,tannin,0.8918104310974739
1541,1541,333.0230319,333.0228116,333.0227034,0.526315789,0.210526316,C19 H10 O4 S1,19.0,10.0,4.0,1.0,0.0,0.0,0.0,0.0,0.0,pah,0.9548276398917673
1542,1542,332.1223864,332.1221672,332.1220667,1.176470588,0.352941176,C17 H20 O6 13C1,18.0,20.0,6.0,0.0,0.0,1.0,0.0,0.0,0.0,lignin,0.8636665595698494
1543,1543,332.0988607,332.0986415,332.0987047,1.461538462,0.692307692,C13 H19 O9 N1,13.0,19.0,9.0,0.0,1.0,0.0,0.0,0.0,0.0769230769230769,carbohydrate,0.794287343702521
1544,1544,332.0857703,332.0855511,332.0856812,1.0,0.4375,C16 H16 O7 13C1,17.0,16.0,7.0,0.0,0.0,1.0,0.0,0.0,0.0,lignin,0.9381706904368453
1545,1545,332.0777427,332.0775236,332.0775753,0.9375,0.4375,C16 H15 O7 N1,16.0,15.0,7.0,0.0,1.0,0.0,0.0,0.0,0.0625,tannin,0.7304530565685072
1546,1546,332.0540962,332.0538771,332.053944,0.47826087,0.0,C23 H11 S1 N1,23.0,11.0,0.0,1.0,1.0,0.0,0.0,0.0,0.0434782608695652,pah,0.9545793490888551
1547,1547,331.1552189,331.1550008,331.1550973,1.263157895,0.263157895,C19 H24 O5,19.0,24.0,5.0,0.0,0.0,0.0,0.0,0.0,0.0,lignin,0.8568886518184275
1548,1548,331.1400402,331.1398222,331.1398412,1.6,0.533333333,C15 H24 O8,15.0,24.0,8.0,0.0,0.0,0.0,0.0,0.0,0.0,lignin,0.7333510108324296
1549,1549,331.1223823,331.1221643,331.1220831,1.6,0.4,C15 H24 O6 S1,15.0,24.0,6.0,1.0,0.0,0.0,0.0,0.0,0.0,lipid,0.8883462113260732
1550,1550,331.1190082,331.1187902,331.1187118,1.111111111,0.333333333,C18 H20 O6,18.0,20.0,6.0,0.0,0.0,0.0,0.0,0.0,0.0,lignin,0.8670870170821307
1551,1551,331.1036944,331.1034765,331.1034557,1.428571429,0.642857143,C14 H20 O9,14.0,20.0,9.0,0.0,0.0,0.0,0.0,0.0,0.0,lignin,0.6894132117822891
1552,1552,331.0857964,331.0855785,331.0856976,1.428571429,0.5,C14 H20 O7 S1,14.0,20.0,7.0,1.0,0.0,0.0,0.0,0.0,0.0,lignin,0.8530374102173699
1553,1553,331.0824241,331.0822061,331.0823263,0.941176471,0.411764706,C17 H16 O7,17.0,16.0,7.0,0.0,0.0,0.0,0.0,0.0,0.0,lignin,0.6084836347782548
1554,1554,331.0673025,331.0670846,331.0670702,1.230769231,0.769230769,C13 H16 O10,13.0,16.0,10.0,0.0,0.0,0.0,0.0,0.0,0.0,lignin,0.5715335399731842
1555,1555,331.0462462,331.0460283,331.0459408,0.75,0.5,C16 H12 O8,16.0,12.0,8.0,0.0,0.0,0.0,0.0,0.0,0.0,tannin,0.9032489768593457
1556,1556,331.0308121,331.0305942,331.0306847,1.0,0.916666667,C12 H12 O11,12.0,12.0,11.0,0.0,0.0,0.0,0.0,0.0,0.0,lignin,0.48072698067089126
1557,1557,331.0096741,331.0094563,331.0095553,0.533333333,0.6,C15 H8 O9,15.0,8.0,9.0,0.0,0.0,0.0,0.0,0.0,0.0,tannin,0.6170929868695971
1558,1558,331.0073142,331.0070964,331.0070534,0.421052632,0.210526316,C19 H8 O4 S1,19.0,8.0,4.0,1.0,0.0,0.0,0.0,0.0,0.0,pah,0.9547131332603918
1559,1559,330.1278282,330.1276114,330.127546,1.571428571,0.571428571,C14 H22 O8 13C1,15.0,22.0,8.0,0.0,0.0,1.0,0.0,0.0,0.0,lignin,0.7699808293856132
1560,1560,330.0912726,330.0910559,330.0911605,1.384615385,0.692307692,C13 H18 O9 13C1,14.0,18.0,9.0,0.0,0.0,1.0,0.0,0.0,0.0,lignin,0.5880898619588504
1561,1561,330.083192,330.0829753,330.0830546,1.307692308,0.692307692,C13 H17 O9 N1,13.0,17.0,9.0,0.0,1.0,0.0,0.0,0.0,0.0769230769230769,lignin,0.5258931815287322
1562,1562,329.1606955,329.1604799,329.1605766,1.625,0.4375,C16 H26 O7,16.0,26.0,7.0,0.0,0.0,0.0,0.0,0.0,0.0,lipid,0.887384394563776
1563,1563,329.1397457,329.1395301,329.1394473,1.157894737,0.263157895,C19 H22 O5,19.0,22.0,5.0,0.0,0.0,0.0,0.0,0.0,0.0,lignin,0.8644020707364083
1564,1564,329.1244781,329.1242626,329.1241911,1.466666667,0.533333333,C15 H22 O8,15.0,22.0,8.0,0.0,0.0,0.0,0.0,0.0,0.0,lignin,0.8440341707384746
1565,1565,329.1065539,329.1063383,329.1064331,1.466666667,0.4,C15 H22 O6 S1,15.0,22.0,6.0,1.0,0.0,0.0,0.0,0.0,0.0,lignin,0.8521401014245304
1566,1566,329.1031597,329.1029442,329.1030618,1.0,0.333333333,C18 H18 O6,18.0,18.0,6.0,0.0,0.0,0.0,0.0,0.0,0.0,lignin,0.9391886105421801
1567,1567,329.0879501,329.0877346,329.0878056,1.285714286,0.642857143,C14 H18 O9,14.0,18.0,9.0,0.0,0.0,0.0,0.0,0.0,0.0,lignin,0.8681091495399957
1568,1568,329.0703808,329.0701653,329.0700476,1.285714286,0.5,C14 H18 O7 S1,14.0,18.0,7.0,1.0,0.0,0.0,0.0,0.0,0.0,lignin,0.858265607232622
1569,1569,329.0669996,329.0667841,329.0666763,0.823529412,0.411764706,C17 H14 O7,17.0,14.0,7.0,0.0,0.0,0.0,0.0,0.0,0.0,tannin,0.9084702102194235
1570,1570,329.0516445,329.051429,329.0514201,1.076923077,0.769230769,C13 H14 O10,13.0,14.0,10.0,0.0,0.0,0.0,0.0,0.0,0.0,lignin,0.8997305966071183
1571,1571,329.0303946,329.0301792,329.0302907,0.625,0.5,C16 H10 O8,16.0,10.0,8.0,0.0,0.0,0.0,0.0,0.0,0.0,tannin,0.822472543438221
1572,1572,329.0153159,329.0151005,329.0150346,0.833333333,0.916666667,C12 H10 O11,12.0,10.0,11.0,0.0,0.0,0.0,0.0,0.0,0.0,tannin,0.9134050703971175
1573,1573,328.1835576,328.1833432,328.1834401,1.764705882,0.176470588,C17 H30 O3 13C1 34S1,18.0,30.0,3.0,0.0,0.0,1.0,1.0,0.0,0.0,lipid,0.9162158135724232
1574,1574,328.1485938,328.1483795,328.1482814,1.6,0.466666667,C15 H24 O7 13C1,16.0,24.0,7.0,0.0,0.0,1.0,0.0,0.0,0.0,lipid,0.5469464105580049
1575,1575,328.1120002,328.1117858,328.1118959,1.428571429,0.571428571,C14 H20 O8 13C1,15.0,20.0,8.0,0.0,0.0,1.0,0.0,0.0,0.0,lignin,0.8676465340958656
1576,1576,328.1040373,328.103823,328.10379,1.357142857,0.571428571,C14 H19 O8 N1,14.0,19.0,8.0,0.0,1.0,0.0,0.0,0.0,0.0714285714285714,lignin,0.8557828074057884
1577,1577,328.0757374,328.0755231,328.0755104,1.230769231,0.692307692,C13 H16 O9 13C1,14.0,16.0,9.0,0.0,0.0,1.0,0.0,0.0,0.0,lignin,0.869216077903457
1578,1578,328.0675397,328.0673255,328.0674045,1.153846154,0.692307692,C13 H15 O9 N1,13.0,15.0,9.0,0.0,1.0,0.0,0.0,0.0,0.0769230769230769,lignin,0.8620610704741811
1579,1579,327.1912812,327.1910679,327.1909991,1.875,0.1875,C16 H30 O3 S1 13C2,18.0,30.0,3.0,1.0,0.0,2.0,0.0,0.0,0.0,lipid,0.9097199513149974
1580,1580,327.1888304,327.1886172,327.1885345,1.666666667,0.111111111,C18 H30 O2 S1 18O1,18.0,30.0,2.0,1.0,0.0,0.0,0.0,1.0,0.0,lipid,0.9028080459603431
1581,1581,327.1815837,327.1813705,327.1813121,1.647058824,0.352941176,C17 H28 O6,17.0,28.0,6.0,0.0,0.0,0.0,0.0,0.0,0.0,lipid,0.8878262918026183
1582,1582,327.180388,327.1801747,327.1800853,1.666666667,0.166666667,C18 H30 O3 34S1,18.0,30.0,3.0,0.0,0.0,0.0,1.0,0.0,0.0,lipid,0.9026298056504704
1583,1583,327.1450214,327.1448083,327.1449266,1.5,0.4375,C16 H24 O7,16.0,24.0,7.0,0.0,0.0,0.0,0.0,0.0,0.0,lignin,0.8453355476671289
1584,1584,327.1240867,327.1238736,327.1237972,1.052631579,0.263157895,C19 H20 O5,19.0,20.0,5.0,0.0,0.0,0.0,0.0,0.0,0.0,lignin,0.9418216047017145
1585,1585,327.108826,327.1086129,327.1085411,1.333333333,0.533333333,C15 H20 O8,15.0,20.0,8.0,0.0,0.0,0.0,0.0,0.0,0.0,lignin,0.8568780398511537
1586,1586,327.0908666,327.0906535,327.090783,1.333333333,0.4,C15 H20 O6 S1,15.0,20.0,6.0,1.0,0.0,0.0,0.0,0.0,0.0,lignin,0.8557776041607109
1587,1587,327.0875002,327.0872871,327.0874117,0.888888889,0.333333333,C18 H16 O6,18.0,16.0,6.0,0.0,0.0,0.0,0.0,0.0,0.0,tannin,0.9090546110433003
1588,1588,327.083467,327.0832539,327.0833889,1.230769231,0.615384615,C13 H16 O8 N2,13.0,16.0,8.0,0.0,2.0,0.0,0.0,0.0,0.1538461538461538,peptide,0.5552697844117686
1589,1589,327.0723614,327.0721483,327.0721556,1.142857143,0.642857143,C14 H16 O9,14.0,16.0,9.0,0.0,0.0,0.0,0.0,0.0,0.0,lignin,0.862838604435732
1590,1590,327.0513219,327.0511088,327.0510262,0.705882353,0.411764706,C17 H12 O7,17.0,12.0,7.0,0.0,0.0,0.0,0.0,0.0,0.0,tannin,0.8757917221814091
1591,1591,327.0359351,327.0357221,327.0357701,0.923076923,0.769230769,C13 H12 O10,13.0,12.0,10.0,0.0,0.0,0.0,0.0,0.0,0.0,tannin,0.9048632456178158
1592,1592,327.0147427,327.0145297,327.0146407,0.5,0.5,C16 H8 O8,16.0,8.0,8.0,0.0,0.0,0.0,0.0,0.0,0.0,pah,0.7367609008781975
1593,1593,326.1877329,326.1875209,326.1876443,1.764705882,0.176470588,C17 H30 O3 S1 13C1,18.0,30.0,3.0,1.0,0.0,1.0,0.0,0.0,0.0,lipid,0.9162158135724232
1594,1594,326.1877329,326.1875209,326.1874005,1.315789474,0.105263158,C19 H25 O2 N3,19.0,25.0,2.0,0.0,3.0,0.0,0.0,0.0,0.1578947368421052,peptide,0.871579107980749
1595,1595,326.1327426,326.1325306,326.1326313,1.466666667,0.466666667,C15 H22 O7 13C1,16.0,22.0,7.0,0.0,0.0,1.0,0.0,0.0,0.0,lignin,0.8522105375986422
1596,1596,326.1246197,326.1244077,326.1245255,1.4,0.466666667,C15 H21 O7 N1,15.0,21.0,7.0,0.0,1.0,0.0,0.0,0.0,0.0666666666666666,lignin,0.8528641607630647
1597,1597,326.0965496,326.0963377,326.0962458,1.285714286,0.571428571,C14 H18 O8 13C1,15.0,18.0,8.0,0.0,0.0,1.0,0.0,0.0,0.0,lignin,0.8580004395408487
1598,1598,326.0884416,326.0882297,326.08814,1.214285714,0.571428571,C14 H17 O8 N1,14.0,17.0,8.0,0.0,1.0,0.0,0.0,0.0,0.0714285714285714,lignin,0.8594802706571146
1599,1599,326.0599584,326.0597466,326.0598603,1.076923077,0.692307692,C13 H14 O9 13C1,14.0,14.0,9.0,0.0,0.0,1.0,0.0,0.0,0.0,lignin,0.9255064973522062
1600,1600,326.0519068,326.051695,326.0517545,1.0,0.692307692,C13 H13 O9 N1,13.0,13.0,9.0,0.0,1.0,0.0,0.0,0.0,0.0769230769230769,lignin,0.9363739697264354
1601,1601,325.1868617,325.1866509,325.1867914,2.142857143,0.571428571,C14 H30 O8,14.0,30.0,8.0,0.0,0.0,0.0,0.0,0.0,0.0,carbohydrate,0.8502988220234396
1602,1602,325.1843894,325.1841786,325.1842895,1.666666667,0.166666667,C18 H30 O3 S1,18.0,30.0,3.0,1.0,0.0,0.0,0.0,0.0,0.0,lipid,0.9026298056504704
1603,1603,325.1657859,325.1655751,325.165662,1.529411765,0.352941176,C17 H26 O6,17.0,26.0,6.0,0.0,0.0,0.0,0.0,0.0,0.0,lipid,0.7336008558490557
1604,1604,325.1295334,325.1293227,325.1292765,1.375,0.4375,C16 H22 O7,16.0,22.0,7.0,0.0,0.0,0.0,0.0,0.0,0.0,lignin,0.8547987798263854
1605,1605,325.1042029,325.1039922,325.1041244,1.285714286,0.5,C14 H18 O7 N2,14.0,18.0,7.0,0.0,2.0,0.0,0.0,0.0,0.1428571428571428,peptide,0.6446852613265172
1606,1606,325.0930943,325.0928836,325.092891,1.2,0.533333333,C15 H18 O8,15.0,18.0,8.0,0.0,0.0,0.0,0.0,0.0,0.0,lignin,0.8611151874168176
1607,1607,325.0720869,325.0718762,325.0717616,0.777777778,0.333333333,C18 H14 O6,18.0,14.0,6.0,0.0,0.0,0.0,0.0,0.0,0.0,tannin,0.8769511101179127
1608,1608,325.0680306,325.0678199,325.0677389,1.076923077,0.615384615,C13 H14 O8 N2,13.0,14.0,8.0,0.0,2.0,0.0,0.0,0.0,0.1538461538461538,lignin,0.4494552420016921
1609,1609,325.0566494,325.0564388,325.0565055,1.0,0.642857143,C14 H14 O9,14.0,14.0,9.0,0.0,0.0,0.0,0.0,0.0,0.0,lignin,0.936817375609157
1610,1610,325.0355128,325.0353021,325.0353761,0.588235294,0.411764706,C17 H10 O7,17.0,10.0,7.0,0.0,0.0,0.0,0.0,0.0,0.0,pah,0.5017352231959984
1611,1611,325.0204301,325.0202195,325.02012,0.769230769,0.769230769,C13 H10 O10,13.0,10.0,10.0,0.0,0.0,0.0,0.0,0.0,0.0,tannin,0.9137451236882533
1612,1612,324.1534997,324.1532902,324.1533668,1.5,0.375,C16 H24 O6 13C1,17.0,24.0,6.0,0.0,0.0,1.0,0.0,0.0,0.0,lignin,0.7210066780751461
1613,1613,324.1171706,324.1169611,324.1169813,1.333333333,0.466666667,C15 H20 O7 13C1,16.0,20.0,7.0,0.0,0.0,1.0,0.0,0.0,0.0,lignin,0.8568990388449247
1614,1614,324.1089738,324.1087643,324.1088754,1.266666667,0.466666667,C15 H19 O7 N1,15.0,19.0,7.0,0.0,1.0,0.0,0.0,0.0,0.0666666666666666,lignin,0.8457648738742882
1615,1615,324.0808512,324.0806417,324.0805958,1.142857143,0.571428571,C14 H16 O8 13C1,15.0,16.0,8.0,0.0,0.0,1.0,0.0,0.0,0.0,lignin,0.8638495022608617
1616,1616,324.0727889,324.0725795,324.0724899,1.071428571,0.571428571,C14 H15 O8 N1,14.0,15.0,8.0,0.0,1.0,0.0,0.0,0.0,0.0714285714285714,lignin,0.9376464568570066
1617,1617,324.044299,324.0440895,324.0442103,0.923076923,0.692307692,C13 H12 O9 13C1,14.0,12.0,9.0,0.0,0.0,1.0,0.0,0.0,0.0,tannin,0.9043302071749215
1618,1618,323.1866629,323.1864546,323.1863975,1.555555556,0.277777778,C18 H28 O5,18.0,28.0,5.0,0.0,0.0,0.0,0.0,0.0,0.0,lipid,0.905019831958972
1619,1619,323.1687419,323.1685336,323.1686394,1.555555556,0.166666667,C18 H28 O3 S1,18.0,28.0,3.0,1.0,0.0,0.0,0.0,0.0,0.0,lipid,0.9054958497763632
1620,1620,323.1502482,323.1500398,323.150012,1.411764706,0.352941176,C17 H24 O6,17.0,24.0,6.0,0.0,0.0,0.0,0.0,0.0,0.0,lignin,0.8532161373240953
1621,1621,323.1137761,323.1135678,323.1136264,1.25,0.4375,C16 H20 O7,16.0,20.0,7.0,0.0,0.0,0.0,0.0,0.0,0.0,lignin,0.8595975426145843
1622,1622,323.0886425,323.0884343,323.0884743,1.142857143,0.5,C14 H16 O7 N2,14.0,16.0,7.0,0.0,2.0,0.0,0.0,0.0,0.1428571428571428,peptide,0.4188616406904667
1623,1623,323.0775139,323.0773056,323.0772409,1.066666667,0.533333333,C15 H16 O8,15.0,16.0,8.0,0.0,0.0,0.0,0.0,0.0,0.0,lignin,0.9384314250449665
1624,1624,323.0563236,323.0561153,323.0561116,0.666666667,0.333333333,C18 H12 O6,18.0,12.0,6.0,0.0,0.0,0.0,0.0,0.0,0.0,tannin,0.6151155888371713
1625,1625,323.040926,323.0407178,323.0408554,0.857142857,0.642857143,C14 H12 O9,14.0,12.0,9.0,0.0,0.0,0.0,0.0,0.0,0.0,tannin,0.9101734895278802
1626,1626,322.138003,322.1377959,322.1377167,1.375,0.375,C16 H22 O6 13C1,17.0,22.0,6.0,0.0,0.0,1.0,0.0,0.0,0.0,lignin,0.8544202875819928
1627,1627,322.1014923,322.1012852,322.1013312,1.2,0.466666667,C15 H18 O7 13C1,16.0,18.0,7.0,0.0,0.0,1.0,0.0,0.0,0.0,lignin,0.8622105658929644
1628,1628,322.0935001,322.093293,322.0932254,1.133333333,0.466666667,C15 H17 O7 N1,15.0,17.0,7.0,0.0,1.0,0.0,0.0,0.0,0.0666666666666666,lignin,0.865870033221088
1629,1629,322.0650699,322.0648629,322.0649457,1.0,0.571428571,C14 H14 O8 13C1,15.0,14.0,8.0,0.0,0.0,1.0,0.0,0.0,0.0,lignin,0.9374378451743167
1630,1630,322.0569229,322.0567158,322.0568398,0.928571429,0.571428571,C14 H13 O8 N1,14.0,13.0,8.0,0.0,1.0,0.0,0.0,0.0,0.0714285714285714,tannin,0.9044842768123118
1631,1631,321.1710397,321.1708338,321.1707474,1.444444444,0.277777778,C18 H26 O5,18.0,26.0,5.0,0.0,0.0,0.0,0.0,0.0,0.0,lipid,0.5978631261009373
1632,1632,321.1344536,321.1342477,321.1343619,1.294117647,0.352941176,C17 H22 O6,17.0,22.0,6.0,0.0,0.0,0.0,0.0,0.0,0.0,lignin,0.8566892753566246
1633,1633,321.0982646,321.0980588,321.0979764,1.125,0.4375,C16 H18 O7,16.0,18.0,7.0,0.0,0.0,0.0,0.0,0.0,0.0,lignin,0.8663785152895833
1634,1634,321.0728964,321.0726905,321.0728243,1.0,0.5,C14 H14 O7 N2,14.0,14.0,7.0,0.0,2.0,0.0,0.0,0.0,0.1428571428571428,lignin,0.9412429143108894
1635,1635,321.0617573,321.0615515,321.0615909,0.933333333,0.533333333,C15 H14 O8,15.0,14.0,8.0,0.0,0.0,0.0,0.0,0.0,0.0,tannin,0.9030532619630259
1636,1636,321.02533,321.0251243,321.0252054,0.714285714,0.642857143,C14 H10 O9,14.0,10.0,9.0,0.0,0.0,0.0,0.0,0.0,0.0,tannin,0.9141407816423888
1637,1637,321.0228988,321.022693,321.0227034,0.555555556,0.222222222,C18 H10 O4 S1,18.0,10.0,4.0,1.0,0.0,0.0,0.0,0.0,0.0,pah,0.9548596831436564
1638,1638,320.1222946,320.1220899,320.1220667,1.25,0.375,C16 H20 O6 13C1,17.0,20.0,6.0,0.0,0.0,1.0,0.0,0.0,0.0,lignin,0.8595363644524904
1639,1639,320.0859366,320.085732,320.0856812,1.066666667,0.466666667,C15 H16 O7 13C1,16.0,16.0,7.0,0.0,0.0,1.0,0.0,0.0,0.0,lignin,0.9394054729317538
1640,1640,320.0778685,320.0776639,320.0775753,1.0,0.466666667,C15 H15 O7 N1,15.0,15.0,7.0,0.0,1.0,0.0,0.0,0.0,0.0666666666666666,lignin,0.937976877557165
1641,1641,319.1552745,319.155071,319.1550973,1.333333333,0.277777778,C18 H24 O5,18.0,24.0,5.0,0.0,0.0,0.0,0.0,0.0,0.0,lignin,0.8545807044721861
1642,1642,319.1190013,319.1187978,319.1187118,1.176470588,0.352941176,C17 H20 O6,17.0,20.0,6.0,0.0,0.0,0.0,0.0,0.0,0.0,lignin,0.8636665595698494
1643,1643,319.0857766,319.0855732,319.0856976,1.538461538,0.538461538,C13 H20 O7 S1,13.0,20.0,7.0,1.0,0.0,0.0,0.0,0.0,0.0,lignin,0.8636158259330294
1644,1644,319.0824043,319.0822009,319.0823263,1.0,0.4375,C16 H16 O7,16.0,16.0,7.0,0.0,0.0,0.0,0.0,0.0,0.0,lignin,0.9381706904368453
1645,1645,319.0672888,319.0670854,319.0670702,1.333333333,0.833333333,C12 H16 O10,12.0,16.0,10.0,0.0,0.0,0.0,0.0,0.0,0.0,lignin,0.5874643242023488
1646,1646,319.0462201,319.0460168,319.0459408,0.8,0.533333333,C15 H12 O8,15.0,12.0,8.0,0.0,0.0,0.0,0.0,0.0,0.0,tannin,0.9117582887929346
1647,1647,319.0097393,319.0095359,319.0095553,0.571428571,0.642857143,C14 H8 O9,14.0,8.0,9.0,0.0,0.0,0.0,0.0,0.0,0.0,tannin,0.8264394825445107
1648,1648,317.1759885,317.1757874,317.1758328,1.368421053,0.210526316,C19 H26 O4,19.0,26.0,4.0,0.0,0.0,0.0,0.0,0.0,0.0,lignin,0.5419616893746702
1649,1649,317.1395619,317.1393608,317.1394473,1.222222222,0.277777778,C18 H22 O5,18.0,22.0,5.0,0.0,0.0,0.0,0.0,0.0,0.0,lignin,0.8612404828743975
1650,1650,317.1242968,317.1240957,317.1241911,1.571428571,0.571428571,C14 H22 O8,14.0,22.0,8.0,0.0,0.0,0.0,0.0,0.0,0.0,lignin,0.7699808293856132
1651,1651,317.1033391,317.103138,317.1030618,1.058823529,0.352941176,C17 H18 O6,17.0,18.0,6.0,0.0,0.0,0.0,0.0,0.0,0.0,lignin,0.9411767629784672
1652,1652,317.0880238,317.0878228,317.0878056,1.384615385,0.692307692,C13 H18 O9,13.0,18.0,9.0,0.0,0.0,0.0,0.0,0.0,0.0,lignin,0.5880898619588504
1653,1653,317.0701529,317.0699518,317.0700476,1.384615385,0.538461538,C13 H18 O7 S1,13.0,18.0,7.0,1.0,0.0,0.0,0.0,0.0,0.0,lignin,0.853990153824107
1654,1654,317.0667719,317.0665709,317.0666763,0.875,0.4375,C16 H14 O7,16.0,14.0,7.0,0.0,0.0,0.0,0.0,0.0,0.0,tannin,0.9093478143131895
1655,1655,317.0516494,317.0514485,317.0514201,1.166666667,0.833333333,C12 H14 O10,12.0,14.0,10.0,0.0,0.0,0.0,0.0,0.0,0.0,lignin,0.6100752927030905
1656,1656,317.0305688,317.0303678,317.0302907,0.666666667,0.533333333,C15 H10 O8,15.0,10.0,8.0,0.0,0.0,0.0,0.0,0.0,0.0,tannin,0.8810054472017974
1657,1657,316.1121715,316.1119717,316.1118959,1.538461538,0.615384615,C13 H20 O8 13C1,14.0,20.0,8.0,0.0,0.0,1.0,0.0,0.0,0.0,lignin,0.5823736990154117
1658,1658,316.075585,316.0753852,316.0755104,1.333333333,0.75,C12 H16 O9 13C1,13.0,16.0,9.0,0.0,0.0,1.0,0.0,0.0,0.0,lignin,0.589863990071753
1659,1659,316.0675471,316.0673473,316.0674045,1.25,0.75,C12 H15 O9 N1,12.0,15.0,9.0,0.0,1.0,0.0,0.0,0.0,0.0833333333333333,lignin,0.5271761954245988
1660,1660,315.1450218,315.1448231,315.1449266,1.6,0.466666667,C15 H24 O7,15.0,24.0,7.0,0.0,0.0,0.0,0.0,0.0,0.0,lipid,0.5469464105580049
1661,1661,315.1240741,315.1238754,315.1237972,1.111111111,0.277777778,C18 H20 O5,18.0,20.0,5.0,0.0,0.0,0.0,0.0,0.0,0.0,lignin,0.8669946705992919
1662,1662,315.1086923,315.1084936,315.1085411,1.428571429,0.571428571,C14 H20 O8,14.0,20.0,8.0,0.0,0.0,0.0,0.0,0.0,0.0,lignin,0.8676465340958656
1663,1663,315.0908683,315.0906697,315.090783,1.428571429,0.428571429,C14 H20 O6 S1,14.0,20.0,6.0,1.0,0.0,0.0,0.0,0.0,0.0,lignin,0.8531021251883066
1664,1664,315.0875254,315.0873267,315.0874117,0.941176471,0.352941176,C17 H16 O6,17.0,16.0,6.0,0.0,0.0,0.0,0.0,0.0,0.0,lignin,0.9443883808698047
1665,1665,315.0724215,315.0722229,315.0721556,1.230769231,0.692307692,C13 H16 O9,13.0,16.0,9.0,0.0,0.0,0.0,0.0,0.0,0.0,lignin,0.869216077903457
1666,1666,315.0512182,315.0510196,315.0510262,0.75,0.4375,C16 H12 O7,16.0,12.0,7.0,0.0,0.0,0.0,0.0,0.0,0.0,tannin,0.8856384338559653
1667,1667,315.0358688,315.0356702,315.0357701,1.0,0.833333333,C12 H12 O10,12.0,12.0,10.0,0.0,0.0,0.0,0.0,0.0,0.0,lignin,0.8699342715313045
1668,1668,315.0149032,315.0147047,315.0146407,0.533333333,0.533333333,C15 H8 O8,15.0,8.0,8.0,0.0,0.0,0.0,0.0,0.0,0.0,tannin,0.6140739243256299
1669,1669,314.1679054,314.1677079,314.1677901,1.75,0.1875,C16 H28 O3 13C1 34S1,17.0,28.0,3.0,0.0,0.0,1.0,1.0,0.0,0.0,lipid,0.8915779411434499
1670,1670,314.1328021,314.1326046,314.1326313,1.571428571,0.5,C14 H22 O7 13C1,15.0,22.0,7.0,0.0,0.0,1.0,0.0,0.0,0.0,lignin,0.8421333903939011
1671,1671,314.0965245,314.0963271,314.0962458,1.384615385,0.615384615,C13 H18 O8 13C1,14.0,18.0,8.0,0.0,0.0,1.0,0.0,0.0,0.0,lignin,0.8751242671524487
1672,1672,314.0884093,314.0882119,314.08814,1.307692308,0.615384615,C13 H17 O8 N1,13.0,17.0,8.0,0.0,1.0,0.0,0.0,0.0,0.0769230769230769,lignin,0.8576363397053349
1673,1673,314.0599476,314.0597502,314.0598603,1.166666667,0.75,C12 H14 O9 13C1,13.0,14.0,9.0,0.0,0.0,1.0,0.0,0.0,0.0,lignin,0.8811229925723323
1674,1674,313.1756162,313.1754199,313.1753491,1.866666667,0.2,C15 H28 O3 S1 13C2,17.0,28.0,3.0,1.0,0.0,2.0,0.0,0.0,0.0,lipid,0.909623926364912
1675,1675,313.1731339,313.1729376,313.1728844,1.647058824,0.117647059,C17 H28 O2 S1 18O1,17.0,28.0,2.0,1.0,0.0,0.0,0.0,1.0,0.0,lipid,0.902893332816781
1676,1676,313.1657814,313.1655851,313.165662,1.625,0.375,C16 H26 O6,16.0,26.0,6.0,0.0,0.0,0.0,0.0,0.0,0.0,lipid,0.8880166682901779
1677,1677,313.1645542,313.1643578,313.1644352,1.647058824,0.176470588,C17 H28 O3 34S1,17.0,28.0,3.0,0.0,0.0,0.0,1.0,0.0,0.0,lipid,0.9027175641678495
1678,1678,313.1295603,313.129364,313.1292765,1.466666667,0.466666667,C15 H22 O7,15.0,22.0,7.0,0.0,0.0,0.0,0.0,0.0,0.0,lignin,0.8522105375986422
1679,1679,313.1082595,313.1080632,313.1081471,1.0,0.277777778,C18 H18 O5,18.0,18.0,5.0,0.0,0.0,0.0,0.0,0.0,0.0,lignin,0.9394178720648311
1680,1680,313.0930001,313.0928039,313.092891,1.285714286,0.571428571,C14 H18 O8,14.0,18.0,8.0,0.0,0.0,0.0,0.0,0.0,0.0,lignin,0.8580004395408487
1681,1681,313.0720335,313.0718373,313.0717616,0.823529412,0.352941176,C17 H14 O6,17.0,14.0,6.0,0.0,0.0,0.0,0.0,0.0,0.0,tannin,0.8959702730613325
1682,1682,313.0567031,313.0565069,313.0565055,1.076923077,0.692307692,C13 H14 O9,13.0,14.0,9.0,0.0,0.0,0.0,0.0,0.0,0.0,lignin,0.9255064973522062
1683,1683,313.0354741,313.0352779,313.0353761,0.625,0.4375,C16 H10 O7,16.0,10.0,7.0,0.0,0.0,0.0,0.0,0.0,0.0,tannin,0.6170970469105834
1684,1684,313.0203833,313.0201872,313.02012,0.833333333,0.833333333,C12 H10 O10,12.0,10.0,10.0,0.0,0.0,0.0,0.0,0.0,0.0,tannin,0.9095797881340199
1685,1685,312.1751892,312.174994,312.1751218,1.8,0.133333333,C15 H27 O2 S1 N3,15.0,27.0,2.0,1.0,3.0,0.0,0.0,0.0,0.2,peptide,0.8956652741009579
1686,1686,312.1722701,312.172075,312.1719942,1.75,0.1875,C16 H28 O3 S1 13C1,17.0,28.0,3.0,1.0,0.0,1.0,0.0,0.0,0.0,lipid,0.8915779411434499
1687,1687,312.1534977,312.1533026,312.1533668,1.6,0.4,C15 H24 O6 13C1,16.0,24.0,6.0,0.0,0.0,1.0,0.0,0.0,0.0,lipid,0.8883462113260732
1688,1688,312.1172631,312.117068,312.1169813,1.428571429,0.5,C14 H20 O7 13C1,15.0,20.0,7.0,0.0,0.0,1.0,0.0,0.0,0.0,lignin,0.8530374102173699
1689,1689,312.1091467,312.1089516,312.1088754,1.357142857,0.5,C14 H19 O7 N1,14.0,19.0,7.0,0.0,1.0,0.0,0.0,0.0,0.0714285714285714,lignin,0.8544881236837119
1690,1690,312.0806986,312.0805036,312.0805958,1.230769231,0.615384615,C13 H16 O8 13C1,14.0,16.0,8.0,0.0,0.0,1.0,0.0,0.0,0.0,lignin,0.86923654862165
1691,1691,312.0726757,312.0724806,312.0724899,1.153846154,0.615384615,C13 H15 O8 N1,13.0,15.0,8.0,0.0,1.0,0.0,0.0,0.0,0.0769230769230769,lignin,0.8630808035211717
1692,1692,311.168873,311.1686791,311.1686394,1.647058824,0.176470588,C17 H28 O3 S1,17.0,28.0,3.0,1.0,0.0,0.0,0.0,0.0,0.0,lipid,0.9027175641678495
1693,1693,311.1501304,311.1499365,311.150012,1.5,0.375,C16 H24 O6,16.0,24.0,6.0,0.0,0.0,0.0,0.0,0.0,0.0,lignin,0.7210066780751461
1694,1694,311.1138926,311.1136988,311.1136264,1.333333333,0.466666667,C15 H20 O7,15.0,20.0,7.0,0.0,0.0,0.0,0.0,0.0,0.0,lignin,0.8568990388449247
1695,1695,311.0773411,311.0771473,311.0772409,1.142857143,0.571428571,C14 H16 O8,14.0,16.0,8.0,0.0,0.0,0.0,0.0,0.0,0.0,lignin,0.8638495022608617
1696,1696,311.0563841,311.0561903,311.0561116,0.705882353,0.352941176,C17 H12 O6,17.0,12.0,6.0,0.0,0.0,0.0,0.0,0.0,0.0,tannin,0.720988092934032
1697,1697,311.0410091,311.0408153,311.0408554,0.923076923,0.692307692,C13 H12 O9,13.0,12.0,9.0,0.0,0.0,0.0,0.0,0.0,0.0,tannin,0.9043302071749215
1698,1698,310.1777529,310.1775602,310.1774735,2.307692308,0.384615385,C13 H30 O5 S1 13C1,14.0,30.0,5.0,1.0,0.0,1.0,0.0,0.0,0.0,lipid,0.8808895292957079
1699,1699,310.1378277,310.137635,310.1377167,1.466666667,0.4,C15 H22 O6 13C1,16.0,22.0,6.0,0.0,0.0,1.0,0.0,0.0,0.0,lignin,0.8521401014245304
1700,1700,310.1014436,310.1012509,310.1013312,1.285714286,0.5,C14 H18 O7 13C1,15.0,18.0,7.0,0.0,0.0,1.0,0.0,0.0,0.0,lignin,0.858265607232622
1701,1701,310.0932958,310.0931031,310.0932254,1.214285714,0.5,C14 H17 O7 N1,14.0,17.0,7.0,0.0,1.0,0.0,0.0,0.0,0.0714285714285714,lignin,0.8593922457008218
1702,1702,310.0652324,310.0650398,310.0649457,1.076923077,0.615384615,C13 H14 O8 13C1,14.0,14.0,8.0,0.0,0.0,1.0,0.0,0.0,0.0,lignin,0.9374616791450322
1703,1703,310.0570767,310.0568841,310.0568398,1.0,0.615384615,C13 H13 O8 N1,13.0,13.0,8.0,0.0,1.0,0.0,0.0,0.0,0.0769230769230769,lignin,0.93699797280074
1704,1704,309.1742722,309.1740806,309.1741187,2.142857143,0.357142857,C14 H30 O5 S1,14.0,30.0,5.0,1.0,0.0,0.0,0.0,0.0,0.0,lipid,0.8805270025501585
1705,1705,309.1708613,309.1706697,309.1707474,1.529411765,0.294117647,C17 H26 O5,17.0,26.0,5.0,0.0,0.0,0.0,0.0,0.0,0.0,lipid,0.9051840961696774
1706,1706,309.1531262,309.1529346,309.1529893,1.529411765,0.176470588,C17 H26 O3 S1,17.0,26.0,3.0,1.0,0.0,0.0,0.0,0.0,0.0,lipid,0.9056196517521844
1707,1707,309.1346353,309.1344438,309.1343619,1.375,0.375,C16 H22 O6,16.0,22.0,6.0,0.0,0.0,0.0,0.0,0.0,0.0,lignin,0.8544202875819928
1708,1708,309.0981372,309.0979458,309.0979764,1.2,0.466666667,C15 H18 O7,15.0,18.0,7.0,0.0,0.0,0.0,0.0,0.0,0.0,lignin,0.8622105658929644
1709,1709,309.0617012,309.0615097,309.0615909,1.0,0.571428571,C14 H14 O8,14.0,14.0,8.0,0.0,0.0,0.0,0.0,0.0,0.0,lignin,0.9374378451743167
1710,1710,309.0254822,309.0252908,309.0252054,0.769230769,0.692307692,C13 H10 O9,13.0,10.0,9.0,0.0,0.0,0.0,0.0,0.0,0.0,tannin,0.913071378934452
1711,1711,308.122264,308.1220737,308.1220667,1.333333333,0.4,C15 H20 O6 13C1,16.0,20.0,6.0,0.0,0.0,1.0,0.0,0.0,0.0,lignin,0.8557776041607109
1712,1712,308.085779,308.0855887,308.0856812,1.142857143,0.5,C14 H16 O7 13C1,15.0,16.0,7.0,0.0,0.0,1.0,0.0,0.0,0.0,lignin,0.8647448054225672
1713,1713,308.0776677,308.0774775,308.0775753,1.071428571,0.5,C14 H15 O7 N1,14.0,15.0,7.0,0.0,1.0,0.0,0.0,0.0,0.0714285714285714,lignin,0.938558712969366
1714,1714,307.1553044,307.1551153,307.1550973,1.411764706,0.294117647,C17 H24 O5,17.0,24.0,5.0,0.0,0.0,0.0,0.0,0.0,0.0,lignin,0.8526399174402866
1715,1715,307.1187788,307.1185897,307.1187118,1.25,0.375,C16 H20 O6,16.0,20.0,6.0,0.0,0.0,0.0,0.0,0.0,0.0,lignin,0.8595363644524904
1716,1716,307.0825544,307.0823654,307.0823263,1.066666667,0.466666667,C15 H16 O7,15.0,16.0,7.0,0.0,0.0,0.0,0.0,0.0,0.0,lignin,0.9394054729317538
1717,1717,307.0461884,307.0459994,307.0459408,0.857142857,0.571428571,C14 H12 O8,14.0,12.0,8.0,0.0,0.0,0.0,0.0,0.0,0.0,tannin,0.9099907868601675
1718,1718,307.0096412,307.0094522,307.0095553,0.615384615,0.692307692,C13 H8 O9,13.0,8.0,9.0,0.0,0.0,0.0,0.0,0.0,0.0,tannin,0.8968150611752337
1719,1719,306.1064972,306.1063092,306.1064166,1.2,0.4,C15 H18 O6 13C1,16.0,18.0,6.0,0.0,0.0,1.0,0.0,0.0,0.0,lignin,0.8624519255261431
1720,1720,306.0620118,306.0618239,306.0619252,0.928571429,0.5,C14 H13 O7 N1,14.0,13.0,7.0,0.0,1.0,0.0,0.0,0.0,0.0714285714285714,tannin,0.904142792181408
1721,1721,305.1397164,305.1395296,305.1394473,1.294117647,0.294117647,C17 H22 O5,17.0,22.0,5.0,0.0,0.0,0.0,0.0,0.0,0.0,lignin,0.8560062114096032
1722,1722,305.103194,305.1030073,305.1030618,1.125,0.375,C16 H18 O6,16.0,18.0,6.0,0.0,0.0,0.0,0.0,0.0,0.0,lignin,0.8667259995282492
1723,1723,305.0667872,305.0666005,305.0666763,0.933333333,0.466666667,C15 H14 O7,15.0,14.0,7.0,0.0,0.0,0.0,0.0,0.0,0.0,tannin,0.902888941690638
1724,1724,305.0515202,305.0513336,305.0514201,1.272727273,0.909090909,C11 H14 O10,11.0,14.0,10.0,0.0,0.0,0.0,0.0,0.0,0.0,lignin,0.5097527569443608
1725,1725,305.0305583,305.0303717,305.0302907,0.714285714,0.571428571,C14 H10 O8,14.0,10.0,8.0,0.0,0.0,0.0,0.0,0.0,0.0,tannin,0.9053111784062173
1726,1726,303.2331556,303.2329711,303.2329537,1.6,0.1,C20 H32 O2,20.0,32.0,2.0,0.0,0.0,0.0,0.0,0.0,0.0,lipid,0.9049891539567966
1727,1727,303.160365,303.1601806,303.1601827,1.333333333,0.222222222,C18 H24 O4,18.0,24.0,4.0,0.0,0.0,0.0,0.0,0.0,0.0,lignin,0.8541138921156524
1728,1728,303.1240329,303.1238485,303.1237972,1.176470588,0.294117647,C17 H20 O5,17.0,20.0,5.0,0.0,0.0,0.0,0.0,0.0,0.0,lignin,0.8635257803130376
1729,1729,303.1087481,303.1085637,303.1085411,1.538461538,0.615384615,C13 H20 O8,13.0,20.0,8.0,0.0,0.0,0.0,0.0,0.0,0.0,lignin,0.5823736990154117
1730,1730,303.0875053,303.0873209,303.0874117,1.0,0.375,C16 H16 O6,16.0,16.0,6.0,0.0,0.0,0.0,0.0,0.0,0.0,lignin,0.9387819963105676
1731,1731,303.072418,303.0722337,303.0721556,1.333333333,0.75,C12 H16 O9,12.0,16.0,9.0,0.0,0.0,0.0,0.0,0.0,0.0,lignin,0.589863990071753
1732,1732,303.0511507,303.0509664,303.0510262,0.8,0.466666667,C15 H12 O7,15.0,12.0,7.0,0.0,0.0,0.0,0.0,0.0,0.0,tannin,0.911563067689493
1733,1733,303.0358757,303.0356915,303.0357701,1.090909091,0.909090909,C11 H12 O10,11.0,12.0,10.0,0.0,0.0,0.0,0.0,0.0,0.0,lignin,0.5454234984664029
1734,1734,303.0149013,303.014717,303.0146407,0.571428571,0.571428571,C14 H8 O8,14.0,8.0,8.0,0.0,0.0,0.0,0.0,0.0,0.0,tannin,0.7640075538744704
1735,1735,302.0965111,302.0963279,302.0962458,1.5,0.666666667,C12 H18 O8 13C1,13.0,18.0,8.0,0.0,0.0,1.0,0.0,0.0,0.0,lignin,0.5827334864284917
1736,1736,301.1657435,301.1655615,301.165662,1.733333333,0.4,C15 H26 O6,15.0,26.0,6.0,0.0,0.0,0.0,0.0,0.0,0.0,lipid,0.9104959019640793
1737,1737,301.1447849,301.1446029,301.1445327,1.222222222,0.222222222,C18 H22 O4,18.0,22.0,4.0,0.0,0.0,0.0,0.0,0.0,0.0,lignin,0.8609084226359729
1738,1738,301.1294541,301.1292721,301.1292765,1.571428571,0.5,C14 H22 O7,14.0,22.0,7.0,0.0,0.0,0.0,0.0,0.0,0.0,lignin,0.8421333903939011
1739,1739,301.1082797,301.1080977,301.1081471,1.058823529,0.294117647,C17 H18 O5,17.0,18.0,5.0,0.0,0.0,0.0,0.0,0.0,0.0,lignin,0.9415500167477054
1740,1740,301.0931406,301.0929586,301.092891,1.384615385,0.615384615,C13 H18 O8,13.0,18.0,8.0,0.0,0.0,0.0,0.0,0.0,0.0,lignin,0.8751242671524487
1741,1741,301.0718737,301.0716917,301.0717616,0.875,0.375,C16 H14 O6,16.0,14.0,6.0,0.0,0.0,0.0,0.0,0.0,0.0,tannin,0.9095647813438834
1742,1742,301.0566233,301.0564413,301.0565055,1.166666667,0.75,C12 H14 O9,12.0,14.0,9.0,0.0,0.0,0.0,0.0,0.0,0.0,lignin,0.8811229925723323
1743,1743,301.0356304,301.0354485,301.0353761,0.666666667,0.466666667,C15 H10 O7,15.0,10.0,7.0,0.0,0.0,0.0,0.0,0.0,0.0,tannin,0.8760718027125914
1744,1744,301.0202047,301.0200228,301.02012,0.909090909,0.909090909,C11 H10 O10,11.0,10.0,10.0,0.0,0.0,0.0,0.0,0.0,0.0,tannin,0.9099655688646673
1745,1745,300.1170652,300.1168844,300.1169813,1.538461538,0.538461538,C13 H20 O7 13C1,14.0,20.0,7.0,0.0,0.0,1.0,0.0,0.0,0.0,lignin,0.8636158259330294
1746,1746,300.0808093,300.0806286,300.0805958,1.333333333,0.666666667,C12 H16 O8 13C1,13.0,16.0,8.0,0.0,0.0,1.0,0.0,0.0,0.0,lignin,0.9083813389933786
1747,1747,300.0725962,300.0724154,300.0724899,1.25,0.666666667,C12 H15 O8 N1,12.0,15.0,8.0,0.0,1.0,0.0,0.0,0.0,0.0833333333333333,lignin,0.6579110443749691
1748,1748,299.1599228,299.1597431,299.159699,1.857142857,0.214285714,C14 H26 O3 S1 13C2,16.0,26.0,3.0,1.0,0.0,2.0,0.0,0.0,0.0,lipid,0.9095303005932337
1749,1749,299.1502669,299.1500872,299.150012,1.6,0.4,C15 H24 O6,15.0,24.0,6.0,0.0,0.0,0.0,0.0,0.0,0.0,lipid,0.8883462113260732
1750,1750,299.1490388,299.1488591,299.1487852,1.625,0.1875,C16 H26 O3 34S1,16.0,26.0,3.0,0.0,0.0,0.0,1.0,0.0,0.0,lipid,0.9028192599474792
1751,1751,299.113787,299.1136073,299.1136264,1.428571429,0.5,C14 H20 O7,14.0,20.0,7.0,0.0,0.0,0.0,0.0,0.0,0.0,lignin,0.8530374102173699
1752,1752,299.0927252,299.0925456,299.0924971,0.941176471,0.294117647,C17 H16 O5,17.0,16.0,5.0,0.0,0.0,0.0,0.0,0.0,0.0,lignin,0.9446300889575234
1753,1753,299.077332,299.0771524,299.0772409,1.230769231,0.615384615,C13 H16 O8,13.0,16.0,8.0,0.0,0.0,0.0,0.0,0.0,0.0,lignin,0.86923654862165
1754,1754,299.0563661,299.0561865,299.0561116,0.75,0.375,C16 H12 O6,16.0,12.0,6.0,0.0,0.0,0.0,0.0,0.0,0.0,tannin,0.8773566316636309
1755,1755,299.041059,299.0408795,299.0408554,1.0,0.75,C12 H12 O9,12.0,12.0,9.0,0.0,0.0,0.0,0.0,0.0,0.0,lignin,0.9360192879463437
1756,1756,299.0198376,299.0196581,299.0197261,0.533333333,0.466666667,C15 H8 O7,15.0,8.0,7.0,0.0,0.0,0.0,0.0,0.0,0.0,pah,0.6273230230486307
1757,1757,298.1564866,298.1563081,298.1563442,1.733333333,0.2,C15 H26 O3 S1 13C1,16.0,26.0,3.0,1.0,0.0,1.0,0.0,0.0,0.0,lipid,0.8917208815074147
1758,1758,298.1378374,298.1376589,298.1377167,1.571428571,0.428571429,C14 H22 O6 13C1,15.0,22.0,6.0,0.0,0.0,1.0,0.0,0.0,0.0,lipid,0.5801629485111165
1759,1759,298.1014265,298.1012481,298.1013312,1.384615385,0.538461538,C13 H18 O7 13C1,14.0,18.0,7.0,0.0,0.0,1.0,0.0,0.0,0.0,lignin,0.853990153824107
1760,1760,298.093307,298.0931286,298.0932254,1.307692308,0.538461538,C13 H17 O7 N1,13.0,17.0,7.0,0.0,1.0,0.0,0.0,0.0,0.0769230769230769,lignin,0.8559859096339821
1761,1761,298.0651729,298.0649945,298.0649457,1.166666667,0.666666667,C12 H14 O8 13C1,13.0,14.0,8.0,0.0,0.0,1.0,0.0,0.0,0.0,lignin,0.8716059672005706
1762,1762,298.0569673,298.0567889,298.0568398,1.083333333,0.666666667,C12 H13 O8 N1,12.0,13.0,8.0,0.0,1.0,0.0,0.0,0.0,0.0833333333333333,lignin,0.8974200751799574
1763,1763,297.1708343,297.170657,297.1707474,1.625,0.3125,C16 H26 O5,16.0,26.0,5.0,0.0,0.0,0.0,0.0,0.0,0.0,lipid,0.8902729476924985
1764,1764,297.1532208,297.1530435,297.1529893,1.625,0.1875,C16 H26 O3 S1,16.0,26.0,3.0,1.0,0.0,0.0,0.0,0.0,0.0,lipid,0.9028192599474792
1765,1765,297.1344859,297.1343086,297.1343619,1.466666667,0.4,C15 H22 O6,15.0,22.0,6.0,0.0,0.0,0.0,0.0,0.0,0.0,lignin,0.8521401014245304
1766,1766,297.0982153,297.0980381,297.0979764,1.285714286,0.5,C14 H18 O7,14.0,18.0,7.0,0.0,0.0,0.0,0.0,0.0,0.0,lignin,0.858265607232622
1767,1767,297.0769202,297.0767429,297.076847,0.823529412,0.294117647,C17 H14 O5,17.0,14.0,5.0,0.0,0.0,0.0,0.0,0.0,0.0,tannin,0.8793565276138541
1768,1768,297.0618068,297.0616296,297.0615909,1.076923077,0.615384615,C13 H14 O8,13.0,14.0,8.0,0.0,0.0,0.0,0.0,0.0,0.0,lignin,0.9374616791450322
1769,1769,297.0406191,297.0404419,297.0404615,0.625,0.375,C16 H10 O6,16.0,10.0,6.0,0.0,0.0,0.0,0.0,0.0,0.0,tannin,0.614096578228415
1770,1770,297.025278,297.0251008,297.0252054,0.833333333,0.75,C12 H10 O9,12.0,10.0,9.0,0.0,0.0,0.0,0.0,0.0,0.0,tannin,0.9083217423387062
1771,1771,296.1221482,296.1219721,296.1220667,1.428571429,0.428571429,C14 H20 O6 13C1,15.0,20.0,6.0,0.0,0.0,1.0,0.0,0.0,0.0,lignin,0.8531021251883066
1772,1772,296.0859145,296.0857385,296.0856812,1.230769231,0.538461538,C13 H16 O7 13C1,14.0,16.0,7.0,0.0,0.0,1.0,0.0,0.0,0.0,lignin,0.859936152059013
1773,1773,296.0777059,296.0775299,296.0775753,1.153846154,0.538461538,C13 H15 O7 N1,13.0,15.0,7.0,0.0,1.0,0.0,0.0,0.0,0.0769230769230769,lignin,0.8640138246505892
1774,1774,295.1552682,295.1550932,295.1550973,1.5,0.3125,C16 H24 O5,16.0,24.0,5.0,0.0,0.0,0.0,0.0,0.0,0.0,lipid,0.9053963300895331
1775,1775,295.1375824,295.1374074,295.1373393,1.5,0.1875,C16 H24 O3 S1,16.0,24.0,3.0,1.0,0.0,0.0,0.0,0.0,0.0,lipid,0.905766517461984
1776,1776,295.1187831,295.1186082,295.1187118,1.333333333,0.4,C15 H20 O6,15.0,20.0,6.0,0.0,0.0,0.0,0.0,0.0,0.0,lignin,0.8557776041607109
1777,1777,295.0824601,295.0822852,295.0823263,1.142857143,0.5,C14 H16 O7,14.0,16.0,7.0,0.0,0.0,0.0,0.0,0.0,0.0,lignin,0.8647448054225672
1778,1778,295.061358,295.0611832,295.061197,0.705882353,0.294117647,C17 H12 O5,17.0,12.0,5.0,0.0,0.0,0.0,0.0,0.0,0.0,tannin,0.6161167424582332
1779,1779,295.0461881,295.0460133,295.0459408,0.923076923,0.615384615,C13 H12 O8,13.0,12.0,8.0,0.0,0.0,0.0,0.0,0.0,0.0,tannin,0.9036390419493042
1780,1780,295.0097635,295.0095887,295.0095553,0.666666667,0.75,C12 H8 O9,12.0,8.0,9.0,0.0,0.0,0.0,0.0,0.0,0.0,tannin,0.9166068646261522
1781,1781,294.1826416,294.1824678,294.1825589,2.307692308,0.307692308,C13 H30 O4 S1 13C1,14.0,30.0,4.0,1.0,0.0,1.0,0.0,0.0,0.0,lipid,0.8797577319373033
1782,1782,294.106665,294.1064913,294.1064166,1.285714286,0.428571429,C14 H18 O6 13C1,15.0,18.0,6.0,0.0,0.0,1.0,0.0,0.0,0.0,lignin,0.8583204993812021
1783,1783,294.0984826,294.0983088,294.0983107,1.214285714,0.428571429,C14 H17 O6 N1,14.0,17.0,6.0,0.0,1.0,0.0,0.0,0.0,0.0714285714285714,lignin,0.8592667385582745
1784,1784,294.0621682,294.0619945,294.0619252,1.0,0.538461538,C13 H13 O7 N1,13.0,13.0,7.0,0.0,1.0,0.0,0.0,0.0,0.0769230769230769,lignin,0.9375007068585843
1785,1785,293.1794483,293.1792757,293.1792041,2.142857143,0.285714286,C14 H30 O4 S1,14.0,30.0,4.0,1.0,0.0,0.0,0.0,0.0,0.0,lipid,0.8937650662189582
1786,1786,293.1760655,293.1758928,293.1758328,1.529411765,0.235294118,C17 H26 O4,17.0,26.0,4.0,0.0,0.0,0.0,0.0,0.0,0.0,lipid,0.905168974241783
1787,1787,293.13964,293.1394674,293.1394473,1.375,0.3125,C16 H22 O5,16.0,22.0,5.0,0.0,0.0,0.0,0.0,0.0,0.0,lignin,0.8537409752996945
1788,1788,293.1031383,293.1029657,293.1030618,1.2,0.4,C15 H18 O6,15.0,18.0,6.0,0.0,0.0,0.0,0.0,0.0,0.0,lignin,0.8624519255261431
1789,1789,293.0667824,293.0666099,293.0666763,1.0,0.5,C14 H14 O7,14.0,14.0,7.0,0.0,0.0,0.0,0.0,0.0,0.0,lignin,0.9381105716616908
1790,1790,293.0305151,293.0303426,293.0302907,0.769230769,0.615384615,C13 H10 O8,13.0,10.0,8.0,0.0,0.0,0.0,0.0,0.0,0.0,tannin,0.9127014588558909
1791,1791,292.090831,292.0906597,292.0907665,1.142857143,0.428571429,C14 H16 O6 13C1,15.0,16.0,6.0,0.0,0.0,1.0,0.0,0.0,0.0,lignin,0.86536062181472
1792,1792,291.1604393,291.160269,291.1601827,1.411764706,0.235294118,C17 H24 O4,17.0,24.0,4.0,0.0,0.0,0.0,0.0,0.0,0.0,lipid,0.5977689434241291
1793,1793,291.1239653,291.1237951,291.1237972,1.25,0.3125,C16 H20 O5,16.0,20.0,5.0,0.0,0.0,0.0,0.0,0.0,0.0,lignin,0.8590890134974964
1794,1794,291.0874951,291.0873249,291.0874117,1.066666667,0.4,C15 H16 O6,15.0,16.0,6.0,0.0,0.0,0.0,0.0,0.0,0.0,lignin,0.9405464776260228
1795,1795,291.0511595,291.0509893,291.0510262,0.857142857,0.5,C14 H12 O7,14.0,12.0,7.0,0.0,0.0,0.0,0.0,0.0,0.0,tannin,0.909882677844233
1796,1796,291.0148672,291.014697,291.0146407,0.615384615,0.615384615,C13 H8 O8,13.0,8.0,8.0,0.0,0.0,0.0,0.0,0.0,0.0,tannin,0.8816557835786212
1797,1797,289.1447026,289.1445347,289.1445327,1.294117647,0.235294118,C17 H22 O4,17.0,22.0,4.0,0.0,0.0,0.0,0.0,0.0,0.0,lignin,0.8554423689663867
1798,1798,289.1082349,289.108067,289.1081471,1.125,0.3125,C16 H18 O5,16.0,18.0,5.0,0.0,0.0,0.0,0.0,0.0,0.0,lignin,0.8668119331941735
1799,1799,289.0931267,289.0929588,289.092891,1.5,0.666666667,C12 H18 O8,12.0,18.0,8.0,0.0,0.0,0.0,0.0,0.0,0.0,lignin,0.5827334864284917
1800,1800,289.071852,289.0716842,289.0717616,0.933333333,0.4,C15 H14 O6,15.0,14.0,6.0,0.0,0.0,0.0,0.0,0.0,0.0,tannin,0.9078967809026871
1801,1801,289.0566712,289.0565033,289.0565055,1.272727273,0.818181818,C11 H14 O9,11.0,14.0,9.0,0.0,0.0,0.0,0.0,0.0,0.0,lignin,0.6147681221618215
1802,1802,289.0355693,289.0354015,289.0353761,0.714285714,0.5,C14 H10 O7,14.0,10.0,7.0,0.0,0.0,0.0,0.0,0.0,0.0,tannin,0.886907156241457
1803,1803,287.1289548,287.1287892,287.1288826,1.176470588,0.235294118,C17 H20 O4,17.0,20.0,4.0,0.0,0.0,0.0,0.0,0.0,0.0,lignin,0.8631794027763069
1804,1804,287.1138607,287.1136952,287.1136264,1.538461538,0.538461538,C13 H20 O7,13.0,20.0,7.0,0.0,0.0,0.0,0.0,0.0,0.0,lignin,0.8636158259330294
1805,1805,287.0926018,287.0924362,287.0924971,1.0,0.3125,C16 H16 O5,16.0,16.0,5.0,0.0,0.0,0.0,0.0,0.0,0.0,lignin,0.9393845240461876
1806,1806,287.0773898,287.0772242,287.0772409,1.333333333,0.666666667,C12 H16 O8,12.0,16.0,8.0,0.0,0.0,0.0,0.0,0.0,0.0,lignin,0.9083813389933786
1807,1807,287.0563024,287.0561369,287.0561116,0.8,0.4,C15 H12 O6,15.0,12.0,6.0,0.0,0.0,0.0,0.0,0.0,0.0,tannin,0.8989007775752317
1808,1808,287.0409442,287.0407788,287.0408554,1.090909091,0.818181818,C11 H12 O9,11.0,12.0,9.0,0.0,0.0,0.0,0.0,0.0,0.0,lignin,0.6727500803791863
1809,1809,287.019958,287.0197926,287.0197261,0.571428571,0.5,C14 H8 O7,14.0,8.0,7.0,0.0,0.0,0.0,0.0,0.0,0.0,tannin,0.6155461393886452
1810,1810,286.1014968,286.1013324,286.1013312,1.5,0.583333333,C12 H18 O7 13C1,13.0,18.0,7.0,0.0,0.0,1.0,0.0,0.0,0.0,lignin,0.8961767060147693
1811,1811,285.1345664,285.1344031,285.1343619,1.571428571,0.428571429,C14 H22 O6,14.0,22.0,6.0,0.0,0.0,0.0,0.0,0.0,0.0,lipid,0.5801629485111165
1812,1812,285.098102,285.0979388,285.0979764,1.384615385,0.538461538,C13 H18 O7,13.0,18.0,7.0,0.0,0.0,0.0,0.0,0.0,0.0,lignin,0.853990153824107
1813,1813,285.0770486,285.0768855,285.076847,0.875,0.3125,C16 H14 O5,16.0,14.0,5.0,0.0,0.0,0.0,0.0,0.0,0.0,tannin,0.909557328678952
1814,1814,285.0616726,285.0615094,285.0615909,1.166666667,0.666666667,C12 H14 O8,12.0,14.0,8.0,0.0,0.0,0.0,0.0,0.0,0.0,lignin,0.8716059672005706
1815,1815,285.0407009,285.0405378,285.0404615,0.666666667,0.4,C15 H10 O6,15.0,10.0,6.0,0.0,0.0,0.0,0.0,0.0,0.0,tannin,0.6708963608779575
1816,1816,285.0252977,285.0251346,285.0252054,0.909090909,0.818181818,C11 H10 O9,11.0,10.0,9.0,0.0,0.0,0.0,0.0,0.0,0.0,tannin,0.9057688274822404
1817,1817,284.1222024,284.1220403,284.1220667,1.538461538,0.461538462,C13 H20 O6 13C1,14.0,20.0,6.0,0.0,0.0,1.0,0.0,0.0,0.0,lignin,0.842617617005337
1818,1818,284.0857666,284.0856046,284.0856812,1.333333333,0.583333333,C12 H16 O7 13C1,13.0,16.0,7.0,0.0,0.0,1.0,0.0,0.0,0.0,lignin,0.8666134186730344
1819,1819,283.1552128,283.1550519,283.1550973,1.6,0.333333333,C15 H24 O5,15.0,24.0,5.0,0.0,0.0,0.0,0.0,0.0,0.0,lipid,0.8908387253181619
1820,1820,283.1375626,283.1374016,283.1373393,1.6,0.2,C15 H24 O3 S1,15.0,24.0,3.0,1.0,0.0,0.0,0.0,0.0,0.0,lipid,0.9029389024265715
1821,1821,283.1187942,283.1186333,283.1187118,1.428571429,0.428571429,C14 H20 O6,14.0,20.0,6.0,0.0,0.0,0.0,0.0,0.0,0.0,lignin,0.8531021251883066
1822,1822,283.0823942,283.0822334,283.0823263,1.230769231,0.538461538,C13 H16 O7,13.0,16.0,7.0,0.0,0.0,0.0,0.0,0.0,0.0,lignin,0.859936152059013
1823,1823,283.0614256,283.0612648,283.061197,0.75,0.3125,C16 H12 O5,16.0,12.0,5.0,0.0,0.0,0.0,0.0,0.0,0.0,tannin,0.8214204655345485
1824,1824,283.0460578,283.045897,283.0459408,1.0,0.666666667,C12 H12 O8,12.0,12.0,8.0,0.0,0.0,0.0,0.0,0.0,0.0,lignin,0.9366264785975282
1825,1825,283.0250048,283.024844,283.0248114,0.533333333,0.4,C15 H8 O6,15.0,8.0,6.0,0.0,0.0,0.0,0.0,0.0,0.0,pah,0.9546365615588769
1826,1826,282.1430216,282.1428618,282.1428021,1.571428571,0.357142857,C14 H22 O5 13C1,15.0,22.0,5.0,0.0,0.0,1.0,0.0,0.0,0.0,lipid,0.8916654049594701
1827,1827,282.1066556,282.1064959,282.1064166,1.384615385,0.461538462,C13 H18 O6 13C1,14.0,18.0,6.0,0.0,0.0,1.0,0.0,0.0,0.0,lignin,0.855647337218836
1828,1828,281.139529,281.1393704,281.1394473,1.466666667,0.333333333,C15 H22 O5,15.0,22.0,5.0,0.0,0.0,0.0,0.0,0.0,0.0,lignin,0.7213482622243065
1829,1829,281.1031709,281.1030123,281.1030618,1.285714286,0.428571429,C14 H18 O6,14.0,18.0,6.0,0.0,0.0,0.0,0.0,0.0,0.0,lignin,0.8583204993812021
1830,1830,281.0668498,281.0666913,281.0666763,1.076923077,0.538461538,C13 H14 O7,13.0,14.0,7.0,0.0,0.0,0.0,0.0,0.0,0.0,lignin,0.9385269548055357
1831,1831,281.0457332,281.0455747,281.0455469,0.625,0.3125,C16 H10 O5,16.0,10.0,5.0,0.0,0.0,0.0,0.0,0.0,0.0,pah,0.9548242023748316
1832,1832,281.0305053,281.0303468,281.0302907,0.833333333,0.666666667,C12 H10 O8,12.0,10.0,8.0,0.0,0.0,0.0,0.0,0.0,0.0,tannin,0.9108975923352037
1833,1833,280.1272366,280.1270792,280.127152,1.428571429,0.357142857,C14 H20 O5 13C1,15.0,20.0,5.0,0.0,0.0,1.0,0.0,0.0,0.0,lignin,0.8528711625420383
1834,1834,280.0909147,280.0907573,280.0907665,1.230769231,0.461538462,C13 H16 O6 13C1,14.0,16.0,6.0,0.0,0.0,1.0,0.0,0.0,0.0,lignin,0.8602850793115742
1835,1835,279.1602633,279.160107,279.1601827,1.5,0.25,C16 H24 O4,16.0,24.0,4.0,0.0,0.0,0.0,0.0,0.0,0.0,lipid,0.9057386725738421
1836,1836,279.1239149,279.1237586,279.1237972,1.333333333,0.333333333,C15 H20 O5,15.0,20.0,5.0,0.0,0.0,0.0,0.0,0.0,0.0,lignin,0.8551654389159757
1837,1837,279.087588,279.0874318,279.0874117,1.142857143,0.428571429,C14 H16 O6,14.0,16.0,6.0,0.0,0.0,0.0,0.0,0.0,0.0,lignin,0.86536062181472
1838,1838,279.0512533,279.0510971,279.0510262,0.923076923,0.538461538,C13 H12 O7,13.0,12.0,7.0,0.0,0.0,0.0,0.0,0.0,0.0,tannin,0.9034052875631626
1839,1839,279.0148735,279.0147174,279.0146407,0.666666667,0.666666667,C12 H8 O8,12.0,8.0,8.0,0.0,0.0,0.0,0.0,0.0,0.0,tannin,0.9078663733977107
1840,1840,277.1446543,277.1445003,277.1445327,1.375,0.25,C16 H22 O4,16.0,22.0,4.0,0.0,0.0,0.0,0.0,0.0,0.0,lignin,0.8532178669268617
1841,1841,277.1083301,277.1081762,277.1081471,1.2,0.333333333,C15 H18 O5,15.0,18.0,5.0,0.0,0.0,0.0,0.0,0.0,0.0,lignin,0.8624573785737117
1842,1842,277.0719858,277.0718319,277.0717616,1.0,0.428571429,C14 H14 O6,14.0,14.0,6.0,0.0,0.0,0.0,0.0,0.0,0.0,lignin,0.9382571288507146
1843,1843,277.0355923,277.0354384,277.0353761,0.769230769,0.538461538,C13 H10 O7,13.0,10.0,7.0,0.0,0.0,0.0,0.0,0.0,0.0,tannin,0.9124760919264538
1844,1844,275.1289826,275.128831,275.1288826,1.25,0.25,C16 H20 O4,16.0,20.0,4.0,0.0,0.0,0.0,0.0,0.0,0.0,lignin,0.8584587861005847
1845,1845,275.0926341,275.0924825,275.0924971,1.066666667,0.333333333,C15 H16 O5,15.0,16.0,5.0,0.0,0.0,0.0,0.0,0.0,0.0,lignin,0.9419074772657214
1846,1846,275.0773375,275.0771859,275.0772409,1.454545455,0.727272727,C11 H16 O8,11.0,16.0,8.0,0.0,0.0,0.0,0.0,0.0,0.0,lignin,0.5835168645866556
1847,1847,275.0562933,275.0561417,275.0561116,0.857142857,0.428571429,C14 H12 O6,14.0,12.0,6.0,0.0,0.0,0.0,0.0,0.0,0.0,tannin,0.9101374825790263
1848,1848,275.019908,275.0197565,275.0197261,0.615384615,0.538461538,C13 H8 O7,13.0,8.0,7.0,0.0,0.0,0.0,0.0,0.0,0.0,tannin,0.8237883929346351
1849,1849,273.1345762,273.1344269,273.1343619,1.692307692,0.461538462,C13 H22 O6,13.0,22.0,6.0,0.0,0.0,0.0,0.0,0.0,0.0,lipid,0.9104781452149295
1850,1850,273.1133121,273.1131627,273.1132325,1.125,0.25,C16 H18 O4,16.0,18.0,4.0,0.0,0.0,0.0,0.0,0.0,0.0,lignin,0.8665217869198992
1851,1851,273.0981771,273.0980278,273.0979764,1.5,0.583333333,C12 H18 O7,12.0,18.0,7.0,0.0,0.0,0.0,0.0,0.0,0.0,lignin,0.8961767060147693
1852,1852,273.0769131,273.0767638,273.076847,0.933333333,0.333333333,C15 H14 O5,15.0,14.0,5.0,0.0,0.0,0.0,0.0,0.0,0.0,tannin,0.9076881399548344
1853,1853,273.0618003,273.061651,273.0615909,1.272727273,0.727272727,C11 H14 O8,11.0,14.0,8.0,0.0,0.0,0.0,0.0,0.0,0.0,lignin,0.5997762449136061
1854,1854,273.0405237,273.0403745,273.0404615,0.714285714,0.428571429,C14 H10 O6,14.0,10.0,6.0,0.0,0.0,0.0,0.0,0.0,0.0,tannin,0.8777318422507452
1855,1855,273.0340084,273.0338591,273.0339368,0.769230769,0.230769231,C13 H10 O3 S1 N2,13.0,10.0,3.0,1.0,2.0,0.0,0.0,0.0,0.1538461538461538,pah,0.4987899909023182
1856,1856,273.0254157,273.0252665,273.0252054,1.0,0.9,C10 H10 O9,10.0,10.0,9.0,0.0,0.0,0.0,0.0,0.0,0.0,lignin,0.48079936006349683
1857,1857,271.1188302,271.1186831,271.1187118,1.538461538,0.461538462,C13 H20 O6,13.0,20.0,6.0,0.0,0.0,0.0,0.0,0.0,0.0,lignin,0.842617617005337
1858,1858,271.082452,271.082305,271.0823263,1.333333333,0.583333333,C12 H16 O7,12.0,16.0,7.0,0.0,0.0,0.0,0.0,0.0,0.0,lignin,0.8666134186730344
1859,1859,271.0613875,271.0612405,271.061197,0.8,0.333333333,C15 H12 O5,15.0,12.0,5.0,0.0,0.0,0.0,0.0,0.0,0.0,tannin,0.880376890853686
1860,1860,271.0460886,271.0459416,271.0459408,1.090909091,0.727272727,C11 H12 O8,11.0,12.0,8.0,0.0,0.0,0.0,0.0,0.0,0.0,lignin,0.8966045338519388
1861,1861,271.0250121,271.0248652,271.0248114,0.571428571,0.428571429,C14 H8 O6,14.0,8.0,6.0,0.0,0.0,0.0,0.0,0.0,0.0,pah,0.6268888699258163
1862,1862,270.1066338,270.106488,270.1064166,1.5,0.5,C12 H18 O6 13C1,13.0,18.0,6.0,0.0,0.0,1.0,0.0,0.0,0.0,lignin,0.8433573749661694
1863,1863,269.139646,269.1395012,269.1394473,1.571428571,0.357142857,C14 H22 O5,14.0,22.0,5.0,0.0,0.0,0.0,0.0,0.0,0.0,lipid,0.8916654049594701
1864,1864,269.1032618,269.1031171,269.1030618,1.384615385,0.461538462,C13 H18 O6,13.0,18.0,6.0,0.0,0.0,0.0,0.0,0.0,0.0,lignin,0.855647337218836
1865,1865,269.0668728,269.0667281,269.0666763,1.166666667,0.583333333,C12 H14 O7,12.0,14.0,7.0,0.0,0.0,0.0,0.0,0.0,0.0,lignin,0.862636641200339
1866,1866,269.045614,269.0454693,269.0455469,0.666666667,0.333333333,C15 H10 O5,15.0,10.0,5.0,0.0,0.0,0.0,0.0,0.0,0.0,tannin,0.6151155888371713
1867,1867,269.0305057,269.030361,269.0302907,0.909090909,0.727272727,C11 H10 O8,11.0,10.0,8.0,0.0,0.0,0.0,0.0,0.0,0.0,tannin,0.90501689352093
1868,1868,268.127313,268.1271694,268.127152,1.538461538,0.384615385,C13 H20 O5 13C1,14.0,20.0,5.0,0.0,0.0,1.0,0.0,0.0,0.0,lipid,0.584844338568189
1869,1869,268.0909166,268.090773,268.0907665,1.333333333,0.5,C12 H16 O6 13C1,13.0,16.0,6.0,0.0,0.0,1.0,0.0,0.0,0.0,lignin,0.8569490914445916
1870,1870,267.1602899,267.1601474,267.1601827,1.6,0.266666667,C15 H24 O4,15.0,24.0,4.0,0.0,0.0,0.0,0.0,0.0,0.0,lipid,0.9027227663705488
1871,1871,267.1438933,267.1437508,267.1436998,2.166666667,0.333333333,C12 H26 O4 34S1,12.0,26.0,4.0,0.0,0.0,0.0,1.0,0.0,0.0,lipid,0.8805648379227418
1872,1872,267.1238937,267.1237512,267.1237972,1.428571429,0.357142857,C14 H20 O5,14.0,20.0,5.0,0.0,0.0,0.0,0.0,0.0,0.0,lignin,0.8528711625420383
1873,1873,267.0875353,267.0873929,267.0874117,1.230769231,0.461538462,C13 H16 O6,13.0,16.0,6.0,0.0,0.0,0.0,0.0,0.0,0.0,lignin,0.8602850793115742
1874,1874,267.0511736,267.0510312,267.0510262,1.0,0.583333333,C12 H12 O7,12.0,12.0,7.0,0.0,0.0,0.0,0.0,0.0,0.0,lignin,0.937330866738933
1875,1875,267.0148123,267.01467,267.0146407,0.727272727,0.727272727,C11 H8 O8,11.0,8.0,8.0,0.0,0.0,0.0,0.0,0.0,0.0,tannin,0.9145279376246502
1876,1876,266.1513218,266.1511804,266.1512588,2.363636364,0.363636364,C11 H26 O4 S1 13C1,12.0,26.0,4.0,1.0,0.0,1.0,0.0,0.0,0.0,lipid,0.8792198076215062
1877,1877,265.1479801,265.1478399,265.147904,2.166666667,0.333333333,C12 H26 O4 S1,12.0,26.0,4.0,1.0,0.0,0.0,0.0,0.0,0.0,lipid,0.8805648379227418
1878,1878,265.144651,265.1445108,265.1445327,1.466666667,0.266666667,C15 H22 O4,15.0,22.0,4.0,0.0,0.0,0.0,0.0,0.0,0.0,lipid,0.9059406179454281
1879,1879,265.1083306,265.1081905,265.1081471,1.285714286,0.357142857,C14 H18 O5,14.0,18.0,5.0,0.0,0.0,0.0,0.0,0.0,0.0,lignin,0.8580977010353766
1880,1880,265.0719393,265.0717991,265.0717616,1.076923077,0.461538462,C13 H14 O6,13.0,14.0,6.0,0.0,0.0,0.0,0.0,0.0,0.0,lignin,0.9397362113069458
1881,1881,265.0507082,265.0505682,265.0506323,0.625,0.25,C16 H10 O4,16.0,10.0,4.0,0.0,0.0,0.0,0.0,0.0,0.0,pah,0.9549542012839318
1882,1882,265.0355832,265.0354431,265.0353761,0.833333333,0.583333333,C12 H10 O7,12.0,10.0,7.0,0.0,0.0,0.0,0.0,0.0,0.0,tannin,0.9106318490754551
1883,1883,264.1242282,264.1240892,264.1241316,1.357142857,0.285714286,C14 H19 O4 N1,14.0,19.0,4.0,0.0,1.0,0.0,0.0,0.0,0.0714285714285714,lignin,0.6608908140517553
1884,1884,263.1290665,263.1289286,263.1288826,1.333333333,0.266666667,C15 H20 O4,15.0,20.0,4.0,0.0,0.0,0.0,0.0,0.0,0.0,lignin,0.8544825854241301
1885,1885,263.0926142,263.0924764,263.0924971,1.142857143,0.357142857,C14 H16 O5,14.0,16.0,5.0,0.0,0.0,0.0,0.0,0.0,0.0,lignin,0.8655984776823569
1886,1886,263.0562063,263.0560685,263.0561116,0.923076923,0.461538462,C13 H12 O6,13.0,12.0,6.0,0.0,0.0,0.0,0.0,0.0,0.0,tannin,0.9029601947648869
1887,1887,263.0197928,263.019655,263.0197261,0.666666667,0.583333333,C12 H8 O7,12.0,8.0,7.0,0.0,0.0,0.0,0.0,0.0,0.0,tannin,0.8880670230669914
1888,1888,261.1498162,261.1496805,261.149618,1.375,0.1875,C16 H22 O3,16.0,22.0,3.0,0.0,0.0,0.0,0.0,0.0,0.0,lipid,0.7454629106574415
1889,1889,261.113434,261.1132984,261.1132325,1.2,0.266666667,C15 H18 O4,15.0,18.0,4.0,0.0,0.0,0.0,0.0,0.0,0.0,lignin,0.8621966287469928
1890,1890,261.0770349,261.0768993,261.076847,1.0,0.357142857,C14 H14 O5,14.0,14.0,5.0,0.0,0.0,0.0,0.0,0.0,0.0,lignin,0.9389574379667742
1891,1891,261.0406056,261.04047,261.0404615,0.769230769,0.461538462,C13 H10 O6,13.0,10.0,6.0,0.0,0.0,0.0,0.0,0.0,0.0,tannin,0.9018489457523857
1892,1892,261.0041678,261.0040323,261.004076,0.5,0.583333333,C12 H6 O7,12.0,6.0,7.0,0.0,0.0,0.0,0.0,0.0,0.0,tannin,0.6136524234315416
1893,1893,259.1187827,259.1186494,259.1187118,1.666666667,0.5,C12 H20 O6,12.0,20.0,6.0,0.0,0.0,0.0,0.0,0.0,0.0,lipid,0.8227734348494588
1894,1894,259.0977144,259.0975811,259.0975825,1.066666667,0.266666667,C15 H16 O4,15.0,16.0,4.0,0.0,0.0,0.0,0.0,0.0,0.0,lignin,0.9426311053117225
1895,1895,259.0824554,259.0823221,259.0823263,1.454545455,0.636363636,C11 H16 O7,11.0,16.0,7.0,0.0,0.0,0.0,0.0,0.0,0.0,lignin,0.6885567985583754
1896,1896,259.0612844,259.0611512,259.061197,0.857142857,0.357142857,C14 H12 O5,14.0,12.0,5.0,0.0,0.0,0.0,0.0,0.0,0.0,tannin,0.9097119228282846
1897,1897,259.0461191,259.0459858,259.0459408,1.2,0.8,C10 H12 O8,10.0,12.0,8.0,0.0,0.0,0.0,0.0,0.0,0.0,lignin,0.5385829862356663
1898,1898,259.0248853,259.0247521,259.0248114,0.615384615,0.461538462,C13 H8 O6,13.0,8.0,6.0,0.0,0.0,0.0,0.0,0.0,0.0,tannin,0.6175919660152388
1899,1899,257.1031816,257.1030506,257.1030618,1.5,0.5,C12 H18 O6,12.0,18.0,6.0,0.0,0.0,0.0,0.0,0.0,0.0,lignin,0.8433573749661694
1900,1900,257.0821194,257.0819884,257.0819324,0.933333333,0.266666667,C15 H14 O4,15.0,14.0,4.0,0.0,0.0,0.0,0.0,0.0,0.0,tannin,0.9071992376978741
1901,1901,257.0667398,257.0666088,257.0666763,1.272727273,0.636363636,C11 H14 O7,11.0,14.0,7.0,0.0,0.0,0.0,0.0,0.0,0.0,lignin,0.8678471925501243
1902,1902,257.0457127,257.0455817,257.0455469,0.714285714,0.357142857,C14 H10 O5,14.0,10.0,5.0,0.0,0.0,0.0,0.0,0.0,0.0,tannin,0.821309359609371
1903,1903,257.0303692,257.0302382,257.0302907,1.0,0.8,C10 H10 O8,10.0,10.0,8.0,0.0,0.0,0.0,0.0,0.0,0.0,lignin,0.9356643772971147
1904,1904,256.2364835,256.2363534,256.2363086,2.133333333,0.133333333,C15 H32 O2 13C1,16.0,32.0,2.0,0.0,0.0,1.0,0.0,0.0,0.0,lipid,0.8933700162800532
1905,1905,255.2331036,255.2329746,255.2329537,2.0,0.125,C16 H32 O2,16.0,32.0,2.0,0.0,0.0,0.0,0.0,0.0,0.0,lipid,0.8768155094915852
1906,1906,255.1239028,255.123774,255.1237972,1.538461538,0.384615385,C13 H20 O5,13.0,20.0,5.0,0.0,0.0,0.0,0.0,0.0,0.0,lipid,0.584844338568189
1907,1907,255.0874679,255.0873391,255.0874117,1.333333333,0.5,C12 H16 O6,12.0,16.0,6.0,0.0,0.0,0.0,0.0,0.0,0.0,lignin,0.8569490914445916
1908,1908,255.0664249,255.0662962,255.0662823,0.8,0.266666667,C15 H12 O4,15.0,12.0,4.0,0.0,0.0,0.0,0.0,0.0,0.0,tannin,0.873919646333665
1909,1909,255.0511443,255.0510155,255.0510262,1.090909091,0.636363636,C11 H12 O7,11.0,12.0,7.0,0.0,0.0,0.0,0.0,0.0,0.0,lignin,0.8972249760763764
1910,1910,255.0299886,255.0298599,255.0298968,0.571428571,0.357142857,C14 H8 O5,14.0,8.0,5.0,0.0,0.0,0.0,0.0,0.0,0.0,pah,0.9546683888821701
1911,1911,255.0148278,255.0146991,255.0146407,0.8,0.8,C10 H8 O8,10.0,8.0,8.0,0.0,0.0,0.0,0.0,0.0,0.0,tannin,0.9128480552144536
1912,1912,253.1447077,253.1445811,253.1445327,1.571428571,0.285714286,C14 H22 O4,14.0,22.0,4.0,0.0,0.0,0.0,0.0,0.0,0.0,lipid,0.9029094788950232
1913,1913,253.1083333,253.1082067,253.1081471,1.384615385,0.384615385,C13 H18 O5,13.0,18.0,5.0,0.0,0.0,0.0,0.0,0.0,0.0,lignin,0.8542577857751402
1914,1914,253.0831749,253.0830484,253.082995,1.272727273,0.454545455,C11 H14 O5 N2,11.0,14.0,5.0,0.0,2.0,0.0,0.0,0.0,0.1818181818181818,peptide,0.7815037500020976
1915,1915,253.0718844,253.0717579,253.0717616,1.166666667,0.5,C12 H14 O6,12.0,14.0,6.0,0.0,0.0,0.0,0.0,0.0,0.0,lignin,0.8635178765675349
1916,1916,253.035441,253.0353145,253.0353761,0.909090909,0.636363636,C11 H10 O7,11.0,10.0,7.0,0.0,0.0,0.0,0.0,0.0,0.0,tannin,0.9042049560335108
1917,1917,251.1290436,251.1289192,251.1288826,1.428571429,0.285714286,C14 H20 O4,14.0,20.0,4.0,0.0,0.0,0.0,0.0,0.0,0.0,lignin,0.7216403689590601
1918,1918,251.0925633,251.092439,251.0924971,1.230769231,0.384615385,C13 H16 O5,13.0,16.0,5.0,0.0,0.0,0.0,0.0,0.0,0.0,lignin,0.8603309231585019
1919,1919,251.056215,251.0560908,251.0561116,1.0,0.5,C12 H12 O6,12.0,12.0,6.0,0.0,0.0,0.0,0.0,0.0,0.0,lignin,0.9381105716616908
1920,1920,251.0199116,251.0197874,251.0197261,0.727272727,0.636363636,C11 H8 O7,11.0,8.0,7.0,0.0,0.0,0.0,0.0,0.0,0.0,tannin,0.9138058623042212
1921,1921,250.1450273,250.1449041,250.144867,1.5,0.214285714,C14 H21 O3 N1,14.0,21.0,3.0,0.0,1.0,0.0,0.0,0.0,0.0714285714285714,lipid,0.8947826203353436
1922,1922,249.1497838,249.1496617,249.149618,1.466666667,0.2,C15 H22 O3,15.0,22.0,3.0,0.0,0.0,0.0,0.0,0.0,0.0,lipid,0.9061868233706191
1923,1923,249.1133918,249.1132697,249.1132325,1.285714286,0.285714286,C14 H18 O4,14.0,18.0,4.0,0.0,0.0,0.0,0.0,0.0,0.0,lignin,0.8562150277618212
1924,1924,249.0769093,249.0767873,249.076847,1.076923077,0.384615385,C13 H14 O5,13.0,14.0,5.0,0.0,0.0,0.0,0.0,0.0,0.0,lignin,0.9412146922616046
1925,1925,249.0405879,249.0404659,249.0404615,0.833333333,0.5,C12 H10 O6,12.0,10.0,6.0,0.0,0.0,0.0,0.0,0.0,0.0,tannin,0.9108462186971457
1926,1926,249.0042423,249.0041204,249.004076,0.545454545,0.636363636,C11 H6 O7,11.0,6.0,7.0,0.0,0.0,0.0,0.0,0.0,0.0,tannin,0.824157009892361
1927,1927,247.0977658,247.097646,247.0975825,1.142857143,0.285714286,C14 H16 O4,14.0,16.0,4.0,0.0,0.0,0.0,0.0,0.0,0.0,lignin,0.8655404216728684
1928,1928,247.0613279,247.0612082,247.061197,0.923076923,0.384615385,C13 H12 O5,13.0,12.0,5.0,0.0,0.0,0.0,0.0,0.0,0.0,tannin,0.9080979204529367
1929,1929,247.0248632,247.0247435,247.0248114,0.666666667,0.5,C12 H8 O6,12.0,8.0,6.0,0.0,0.0,0.0,0.0,0.0,0.0,tannin,0.87814781580687
1930,1930,245.0820119,245.0818943,245.0819324,1.0,0.285714286,C14 H14 O4,14.0,14.0,4.0,0.0,0.0,0.0,0.0,0.0,0.0,lignin,0.9393421914127134
1931,1931,245.0668608,245.0667433,245.0666763,1.4,0.7,C10 H14 O7,10.0,14.0,7.0,0.0,0.0,0.0,0.0,0.0,0.0,lignin,0.5868177632215665
1932,1932,245.0456711,245.0455537,245.0455469,0.769230769,0.384615385,C13 H10 O5,13.0,10.0,5.0,0.0,0.0,0.0,0.0,0.0,0.0,tannin,0.8815022636194273
1933,1933,243.1603322,243.1602168,243.1601827,1.846153846,0.307692308,C13 H24 O4,13.0,24.0,4.0,0.0,0.0,0.0,0.0,0.0,0.0,lipid,0.87721855486704
1934,1934,243.1238521,243.1237368,243.1237972,1.666666667,0.416666667,C12 H20 O5,12.0,20.0,5.0,0.0,0.0,0.0,0.0,0.0,0.0,lipid,0.9114112754316384
1935,1935,243.0875861,243.0874708,243.0874117,1.454545455,0.545454545,C11 H16 O6,11.0,16.0,6.0,0.0,0.0,0.0,0.0,0.0,0.0,lignin,0.8771773387749441
1936,1936,243.0664142,243.0662989,243.0662823,0.857142857,0.285714286,C14 H12 O4,14.0,12.0,4.0,0.0,0.0,0.0,0.0,0.0,0.0,tannin,0.8872063649407382
1937,1937,243.0511333,243.0510181,243.0510262,1.2,0.7,C10 H12 O7,10.0,12.0,7.0,0.0,0.0,0.0,0.0,0.0,0.0,lignin,0.8701115474426049
1938,1938,243.0300641,243.0299489,243.0298968,0.615384615,0.384615385,C13 H8 O5,13.0,8.0,5.0,0.0,0.0,0.0,0.0,0.0,0.0,tannin,0.6138695843235984
1939,1939,242.1762369,242.1761226,242.1761671,1.923076923,0.230769231,C13 H25 O3 N1,13.0,25.0,3.0,0.0,1.0,0.0,0.0,0.0,0.0769230769230769,lipid,0.8390773260116762
1940,1940,241.1082581,241.108145,241.1081471,1.5,0.416666667,C12 H18 O5,12.0,18.0,5.0,0.0,0.0,0.0,0.0,0.0,0.0,lignin,0.8461609361572195
1941,1941,241.0719273,241.0718143,241.0717616,1.272727273,0.545454545,C11 H14 O6,11.0,14.0,6.0,0.0,0.0,0.0,0.0,0.0,0.0,lignin,0.8585615403772945
1942,1942,241.0508003,241.0506873,241.0506323,0.714285714,0.285714286,C14 H10 O4,14.0,10.0,4.0,0.0,0.0,0.0,0.0,0.0,0.0,tannin,0.6163347178028482
1943,1943,241.0354354,241.0353224,241.0353761,1.0,0.7,C10 H10 O7,10.0,10.0,7.0,0.0,0.0,0.0,0.0,0.0,0.0,lignin,0.9363989568870723
1944,1944,240.0708288,240.0707169,240.0706998,1.333333333,0.555555556,C9 H12 O5 N2 13C1,10.0,12.0,5.0,0.0,2.0,1.0,0.0,0.0,0.2,peptide,0.6195654344179312
1945,1945,239.1289417,239.1288308,239.1288826,1.538461538,0.307692308,C13 H20 O4,13.0,20.0,4.0,0.0,0.0,0.0,0.0,0.0,0.0,lipid,0.9051444360177483
1946,1946,239.0926587,239.0925479,239.0924971,1.333333333,0.416666667,C12 H16 O5,12.0,16.0,5.0,0.0,0.0,0.0,0.0,0.0,0.0,lignin,0.8558634344216982
1947,1947,239.0675068,239.067396,239.067345,1.2,0.5,C10 H12 O5 N2,10.0,12.0,5.0,0.0,2.0,0.0,0.0,0.0,0.2,peptide,0.7846793775772192
1948,1948,239.0561972,239.0560863,239.0561116,1.090909091,0.545454545,C11 H12 O6,11.0,12.0,6.0,0.0,0.0,0.0,0.0,0.0,0.0,lignin,0.9361269209800998
1949,1949,239.0198629,239.0197521,239.0197261,0.8,0.7,C10 H8 O7,10.0,8.0,7.0,0.0,0.0,0.0,0.0,0.0,0.0,tannin,0.9119703949043423
1950,1950,237.1132976,237.1131889,237.1132325,1.384615385,0.307692308,C13 H18 O4,13.0,18.0,4.0,0.0,0.0,0.0,0.0,0.0,0.0,lignin,0.8534481397421324
1951,1951,237.0770112,237.0769025,237.076847,1.166666667,0.416666667,C12 H14 O5,12.0,14.0,5.0,0.0,0.0,0.0,0.0,0.0,0.0,lignin,0.8640829332157646
1952,1952,237.0405232,237.0404146,237.0404615,0.909090909,0.545454545,C11 H10 O6,11.0,10.0,6.0,0.0,0.0,0.0,0.0,0.0,0.0,tannin,0.9039067005377687
1953,1953,235.1704603,235.1703538,235.1703535,1.6,0.133333333,C15 H24 O2,15.0,24.0,2.0,0.0,0.0,0.0,0.0,0.0,0.0,lipid,0.9049246581668637
1954,1954,235.0977173,235.0976109,235.0975825,1.230769231,0.307692308,C13 H16 O4,13.0,16.0,4.0,0.0,0.0,0.0,0.0,0.0,0.0,lignin,0.8598610011472492
1955,1955,235.0612982,235.0611918,235.061197,1.0,0.416666667,C12 H12 O5,12.0,12.0,5.0,0.0,0.0,0.0,0.0,0.0,0.0,lignin,0.9383729783247526
1956,1956,235.024952,235.0248456,235.0248114,0.727272727,0.545454545,C11 H8 O6,11.0,8.0,6.0,0.0,0.0,0.0,0.0,0.0,0.0,tannin,0.9046069383825799
1957,1957,233.1548553,233.154751,233.1547034,1.466666667,0.133333333,C15 H22 O2,15.0,22.0,2.0,0.0,0.0,0.0,0.0,0.0,0.0,lipid,0.9063370177795363
1958,1958,233.1183842,233.11828,233.1183179,1.285714286,0.214285714,C14 H18 O3,14.0,18.0,3.0,0.0,0.0,0.0,0.0,0.0,0.0,lignin,0.8555412359121467
1959,1959,233.0820726,233.0819684,233.0819324,1.076923077,0.307692308,C13 H14 O4,13.0,14.0,4.0,0.0,0.0,0.0,0.0,0.0,0.0,lignin,0.9430836454252531
1960,1960,233.0456662,233.0455621,233.0455469,0.833333333,0.416666667,C12 H10 O5,12.0,10.0,5.0,0.0,0.0,0.0,0.0,0.0,0.0,tannin,0.9106132019608403
1961,1961,233.0092492,233.0091451,233.0091614,0.545454545,0.545454545,C11 H6 O6,11.0,6.0,6.0,0.0,0.0,0.0,0.0,0.0,0.0,tannin,0.6155001839204667
1962,1962,231.0664135,231.0663115,231.0662823,0.923076923,0.307692308,C13 H12 O4,13.0,12.0,4.0,0.0,0.0,0.0,0.0,0.0,0.0,tannin,0.9077749590218458
1963,1963,231.0299566,231.0298547,231.0298968,0.666666667,0.416666667,C12 H8 O5,12.0,8.0,5.0,0.0,0.0,0.0,0.0,0.0,0.0,tannin,0.8211700261813883
1964,1964,229.0718977,229.071798,229.0717616,1.4,0.6,C10 H14 O6,10.0,14.0,6.0,0.0,0.0,0.0,0.0,0.0,0.0,lignin,0.8747391676887052
1965,1965,229.050752,229.0506522,229.0506323,0.769230769,0.307692308,C13 H10 O4,13.0,10.0,4.0,0.0,0.0,0.0,0.0,0.0,0.0,tannin,0.8742835945101547
1966,1966,229.0354309,229.0353312,229.0353761,1.111111111,0.777777778,C9 H10 O7,9.0,10.0,7.0,0.0,0.0,0.0,0.0,0.0,0.0,lignin,0.9191411506539271
1967,1967,227.2017172,227.2016195,227.2016536,2.0,0.142857143,C14 H28 O2,14.0,28.0,2.0,0.0,0.0,0.0,0.0,0.0,0.0,lipid,0.8763974878267637
1968,1968,227.0925495,227.0924519,227.0924971,1.454545455,0.454545455,C11 H16 O5,11.0,16.0,5.0,0.0,0.0,0.0,0.0,0.0,0.0,lignin,0.8525940152065388
1969,1969,227.0562436,227.056146,227.0561116,1.2,0.6,C10 H12 O6,10.0,12.0,6.0,0.0,0.0,0.0,0.0,0.0,0.0,lignin,0.8605637013663646
1970,1970,227.0351277,227.0350302,227.0349822,0.615384615,0.307692308,C13 H8 O4,13.0,8.0,4.0,0.0,0.0,0.0,0.0,0.0,0.0,pah,0.9548180827455178
1971,1971,227.0198812,227.0197836,227.0197261,0.888888889,0.777777778,C9 H8 O7,9.0,8.0,7.0,0.0,0.0,0.0,0.0,0.0,0.0,tannin,0.9058090215481187
1972,1972,226.0650051,226.0649086,226.0649457,2.333333333,1.333333333,C6 H14 O8 13C1,7.0,14.0,8.0,0.0,0.0,1.0,0.0,0.0,0.0,carbohydrate,0.5447091650555639
1973,1973,225.1132952,225.1131998,225.1132325,1.5,0.333333333,C12 H18 O4,12.0,18.0,4.0,0.0,0.0,0.0,0.0,0.0,0.0,lipid,0.5974726827990636
1974,1974,225.0769589,225.0768635,225.076847,1.272727273,0.454545455,C11 H14 O5,11.0,14.0,5.0,0.0,0.0,0.0,0.0,0.0,0.0,lignin,0.8587978397358015
1975,1975,225.0617396,225.0616443,225.0615909,2.0,1.142857143,C7 H14 O8,7.0,14.0,8.0,0.0,0.0,0.0,0.0,0.0,0.0,carbohydrate,0.903181468447178
1976,1976,225.0406092,225.0405139,225.0404615,1.0,0.6,C10 H10 O6,10.0,10.0,6.0,0.0,0.0,0.0,0.0,0.0,0.0,lignin,0.937183515404201
1977,1977,223.0977162,223.097623,223.0975825,1.333333333,0.333333333,C12 H16 O4,12.0,16.0,4.0,0.0,0.0,0.0,0.0,0.0,0.0,lignin,0.8551654389159757
1978,1978,223.0612692,223.0611761,223.061197,1.090909091,0.454545455,C11 H12 O5,11.0,12.0,5.0,0.0,0.0,0.0,0.0,0.0,0.0,lignin,0.9402671249234376
1979,1979,223.0248706,223.0247775,223.0248114,0.8,0.6,C10 H8 O6,10.0,8.0,6.0,0.0,0.0,0.0,0.0,0.0,0.0,tannin,0.9118854893651083
1980,1980,221.0820583,221.0819673,221.0819324,1.166666667,0.333333333,C12 H14 O4,12.0,14.0,4.0,0.0,0.0,0.0,0.0,0.0,0.0,lignin,0.864180428239405
1981,1981,221.0456296,221.0455386,221.0455469,0.909090909,0.454545455,C11 H10 O5,11.0,10.0,5.0,0.0,0.0,0.0,0.0,0.0,0.0,tannin,0.9085638001158918
1982,1982,221.0092127,221.0091218,221.0091614,0.6,0.6,C10 H6 O6,10.0,6.0,6.0,0.0,0.0,0.0,0.0,0.0,0.0,tannin,0.8789482362274651
1983,1983,219.0663485,219.0662597,219.0662823,1.0,0.333333333,C12 H12 O4,12.0,12.0,4.0,0.0,0.0,0.0,0.0,0.0,0.0,lignin,0.9391886105421801
1984,1984,219.0299569,219.0298681,219.0298968,0.727272727,0.454545455,C11 H8 O5,11.0,8.0,5.0,0.0,0.0,0.0,0.0,0.0,0.0,tannin,0.8825862418684182
1985,1985,217.0507258,217.0506392,217.0506323,0.833333333,0.333333333,C12 H10 O4,12.0,10.0,4.0,0.0,0.0,0.0,0.0,0.0,0.0,tannin,0.8944827292493143
1986,1986,211.0977006,211.0976205,211.0975825,1.454545455,0.363636364,C11 H16 O4,11.0,16.0,4.0,0.0,0.0,0.0,0.0,0.0,0.0,lignin,0.8519513849120852
1987,1987,211.0613077,211.0612276,211.061197,1.2,0.5,C10 H12 O5,10.0,12.0,5.0,0.0,0.0,0.0,0.0,0.0,0.0,lignin,0.8613582912770827
1988,1988,211.0248798,211.0247997,211.0248114,0.888888889,0.666666667,C9 H8 O6,9.0,8.0,6.0,0.0,0.0,0.0,0.0,0.0,0.0,tannin,0.9051041436534156
1989,1989,209.0456015,209.0455235,209.0455469,1.0,0.5,C10 H10 O5,10.0,10.0,5.0,0.0,0.0,0.0,0.0,0.0,0.0,lignin,0.9381105716616908
1990,1990,207.0300203,207.0299445,207.0298968,0.8,0.5,C10 H8 O5,10.0,8.0,5.0,0.0,0.0,0.0,0.0,0.0,0.0,tannin,0.9116910823228206
1991,1991,199.1704405,199.1703731,199.1703535,2.0,0.166666667,C12 H24 O2,12.0,24.0,2.0,0.0,0.0,0.0,0.0,0.0,0.0,lipid,0.8759599682420353
1992,1992,191.0198051,191.0197464,191.0197261,1.333333333,1.166666667,C6 H8 O7,6.0,8.0,7.0,0.0,0.0,0.0,0.0,0.0,0.0,carbohydrate,0.9009940751952363
