,Unnamed: 0,m/z,Calibrated m/z,Calculated m/z,H/C,O/C,Molecular Formula,C,H,O,S,N,13C,34S,18O,N/C,compound_class,probability
0,0,661.3846981,661.3840769,661.3839751,0.980392157,0.0,C51 H50,51.0,50.0,0.0,0.0,0.0,0.0,0.0,0.0,0.0,pah,0.8058766285936867
1,1,661.3846981,661.3840769,661.3838367,2.066666667,0.433333333,C30 H62 O13 S1,30.0,62.0,13.0,1.0,0.0,0.0,0.0,0.0,0.0,lipid,0.8820368485566105
2,2,617.3582398,617.3576829,617.3576219,2.071428571,0.428571429,C28 H58 O12 S1,28.0,58.0,12.0,1.0,0.0,0.0,0.0,0.0,0.0,lipid,0.8820379799858994
3,3,601.1567085,601.1561748,601.1562791,1.034482759,0.482758621,C29 H30 O14,29.0,30.0,14.0,0.0,0.0,0.0,0.0,0.0,0.0,lignin,0.9386218908881009
4,4,599.1411866,599.1406558,599.140629,0.965517241,0.482758621,C29 H28 O14,29.0,28.0,14.0,0.0,0.0,0.0,0.0,0.0,0.0,lignin,0.9376105483975936
5,5,591.2454695,591.2449498,591.2447002,1.333333333,0.4,C30 H40 O12,30.0,40.0,12.0,0.0,0.0,0.0,0.0,0.0,0.0,lignin,0.8557776041607109
6,6,589.2904585,589.2899415,589.2900747,0.826086957,0.0,C46 H38,46.0,38.0,0.0,0.0,0.0,0.0,0.0,0.0,0.0,pah,0.9569236853146788
7,7,589.2904585,589.2899415,589.2899363,2.0,0.52,C25 H50 O13 S1,25.0,50.0,13.0,1.0,0.0,0.0,0.0,0.0,0.0,carbohydrate,0.5254648751245239
8,8,589.2294303,589.2289135,589.2290501,1.266666667,0.4,C30 H38 O12,30.0,38.0,12.0,0.0,0.0,0.0,0.0,0.0,0.0,lignin,0.8589801861449203
9,9,586.5135626,586.5130495,586.5133183,2.058823529,0.176470588,C34 H70 O6 13C1,35.0,70.0,6.0,0.0,0.0,1.0,0.0,0.0,0.0,lipid,0.9008587624085213
10,10,585.5103264,585.5098147,585.5099634,2.0,0.171428571,C35 H70 O6,35.0,70.0,6.0,0.0,0.0,0.0,0.0,0.0,0.0,lipid,0.8758845640034327
11,11,585.1618786,585.1613675,585.1613645,1.034482759,0.448275862,C29 H30 O13,29.0,30.0,13.0,0.0,0.0,0.0,0.0,0.0,0.0,lignin,0.939055744208604
12,12,579.244988,579.2444851,579.2447002,1.379310345,0.413793103,C29 H40 O12,29.0,40.0,12.0,0.0,0.0,0.0,0.0,0.0,0.0,lignin,0.8545779410739536
13,13,577.2660585,577.2655584,577.2654356,1.4,0.366666667,C30 H42 O11,30.0,42.0,11.0,0.0,0.0,0.0,0.0,0.0,0.0,lignin,0.8536959124526197
14,14,577.2294395,577.2289394,577.2290501,1.310344828,0.413793103,C29 H38 O12,29.0,38.0,12.0,0.0,0.0,0.0,0.0,0.0,0.0,lignin,0.8575382280757753
15,15,575.2505281,575.2500308,575.2497856,1.333333333,0.366666667,C30 H40 O11,30.0,40.0,11.0,0.0,0.0,0.0,0.0,0.0,0.0,lignin,0.8555497576394497
16,16,575.2141041,575.2136068,575.2134001,1.24137931,0.413793103,C29 H36 O12,29.0,36.0,12.0,0.0,0.0,0.0,0.0,0.0,0.0,lignin,0.8599327309649782
17,17,573.3318834,573.3313887,573.3314072,2.076923077,0.423076923,C26 H54 O11 S1,26.0,54.0,11.0,1.0,0.0,0.0,0.0,0.0,0.0,lipid,0.8804933963840099
18,18,573.2346067,573.2341121,573.2341355,1.266666667,0.366666667,C30 H38 O11,30.0,38.0,11.0,0.0,0.0,0.0,0.0,0.0,0.0,lignin,0.858877069886292
19,19,569.13046,569.1299712,569.1300644,0.928571429,0.464285714,C28 H26 O13,28.0,26.0,13.0,0.0,0.0,0.0,0.0,0.0,0.0,tannin,0.9030408906416472
20,20,565.2661034,565.2656199,565.2654356,1.448275862,0.379310345,C29 H42 O11,29.0,42.0,11.0,0.0,0.0,0.0,0.0,0.0,0.0,lignin,0.8523042278707603
21,21,565.2296224,565.2291389,565.2290501,1.357142857,0.428571429,C28 H38 O12,28.0,38.0,12.0,0.0,0.0,0.0,0.0,0.0,0.0,lignin,0.855217011707069
22,22,563.2868895,563.2864087,563.2861711,1.466666667,0.333333333,C30 H44 O10,30.0,44.0,10.0,0.0,0.0,0.0,0.0,0.0,0.0,lignin,0.7213482622243065
23,23,563.2502943,563.2498135,563.2497856,1.379310345,0.379310345,C29 H40 O11,29.0,40.0,11.0,0.0,0.0,0.0,0.0,0.0,0.0,lignin,0.8543473830312596
24,24,563.2136939,563.2132132,563.2134001,1.285714286,0.428571429,C28 H36 O12,28.0,36.0,12.0,0.0,0.0,0.0,0.0,0.0,0.0,lignin,0.8583204993812021
25,25,561.2709749,561.2704968,561.270521,1.4,0.333333333,C30 H42 O10,30.0,42.0,10.0,0.0,0.0,0.0,0.0,0.0,0.0,lignin,0.8532756174648506
26,26,561.2345476,561.2340696,561.2341355,1.310344828,0.379310345,C29 H38 O11,29.0,38.0,11.0,0.0,0.0,0.0,0.0,0.0,0.0,lignin,0.8563528038143836
27,27,561.1981895,561.1977116,561.19775,1.214285714,0.428571429,C28 H34 O12,28.0,34.0,12.0,0.0,0.0,0.0,0.0,0.0,0.0,lignin,0.8610355222446617
28,28,561.1618126,561.1613347,561.1613645,1.111111111,0.481481481,C27 H30 O13,27.0,30.0,13.0,0.0,0.0,0.0,0.0,0.0,0.0,lignin,0.8660025040950575
29,29,559.2551632,559.2546879,559.254871,1.333333333,0.333333333,C30 H40 O10,30.0,40.0,10.0,0.0,0.0,0.0,0.0,0.0,0.0,lignin,0.8551654389159757
30,30,559.2187473,559.2182721,559.2184854,1.24137931,0.379310345,C29 H36 O11,29.0,36.0,11.0,0.0,0.0,0.0,0.0,0.0,0.0,lignin,0.8598881740077434
31,31,559.1825436,559.1820685,559.1820999,1.142857143,0.428571429,C28 H32 O12,28.0,32.0,12.0,0.0,0.0,0.0,0.0,0.0,0.0,lignin,0.86536062181472
32,32,557.3367287,557.3362561,557.3364926,2.076923077,0.384615385,C26 H54 O10 S1,26.0,54.0,10.0,1.0,0.0,0.0,0.0,0.0,0.0,lipid,0.8808709528415528
33,33,557.2399205,557.2394479,557.2392209,1.266666667,0.333333333,C30 H38 O10,30.0,38.0,10.0,0.0,0.0,0.0,0.0,0.0,0.0,lignin,0.8586550768795854
34,34,557.1306595,557.1301871,557.1300644,0.962962963,0.481481481,C27 H26 O13,27.0,26.0,13.0,0.0,0.0,0.0,0.0,0.0,0.0,lignin,0.9376187150495708
35,35,555.114735,555.1142653,555.1144143,0.888888889,0.481481481,C27 H24 O13,27.0,24.0,13.0,0.0,0.0,0.0,0.0,0.0,0.0,tannin,0.9090804034812356
36,36,553.2656196,553.2651525,553.2649226,0.829268293,0.0,C41 H34 N2,41.0,34.0,0.0,0.0,2.0,0.0,0.0,0.0,0.048780487804878,pah,0.9561764516329582
37,37,553.2292416,553.2287746,553.2290501,1.407407407,0.444444444,C27 H38 O12,27.0,38.0,12.0,0.0,0.0,0.0,0.0,0.0,0.0,lignin,0.8538720055209792
38,38,553.2292416,553.2287746,553.2285371,0.75,0.025,C40 H30 O1 N2,40.0,30.0,1.0,0.0,2.0,0.0,0.0,0.0,0.05,pah,0.9553115196822952
39,39,551.2868208,551.2863564,551.2861711,1.517241379,0.344827586,C29 H44 O10,29.0,44.0,10.0,0.0,0.0,0.0,0.0,0.0,0.0,lipid,0.7445370331446013
40,40,551.2504454,551.249981,551.2497856,1.428571429,0.392857143,C28 H40 O11,28.0,40.0,11.0,0.0,0.0,0.0,0.0,0.0,0.0,lignin,0.8531095942078967
41,41,551.2140761,551.2136118,551.2134001,1.333333333,0.444444444,C27 H36 O12,27.0,36.0,12.0,0.0,0.0,0.0,0.0,0.0,0.0,lignin,0.8559448464689936
42,42,549.3073132,549.3068515,549.3069065,1.533333333,0.3,C30 H46 O9,30.0,46.0,9.0,0.0,0.0,0.0,0.0,0.0,0.0,lipid,0.9051667145639227
43,43,549.2707802,549.2703185,549.270521,1.448275862,0.344827586,C29 H42 O10,29.0,42.0,10.0,0.0,0.0,0.0,0.0,0.0,0.0,lignin,0.8521013577592867
44,44,549.234316,549.2338544,549.2336224,0.731707317,0.0,C41 H30 N2,41.0,30.0,0.0,0.0,2.0,0.0,0.0,0.0,0.048780487804878,pah,0.9552512849592715
45,45,549.1980427,549.1975811,549.19775,1.259259259,0.444444444,C27 H34 O12,27.0,34.0,12.0,0.0,0.0,0.0,0.0,0.0,0.0,lignin,0.8592572105971665
46,46,548.2585938,548.2581335,548.2582258,1.428571429,0.357142857,C28 H40 O10 13C1,29.0,40.0,10.0,0.0,0.0,1.0,0.0,0.0,0.0,lignin,0.8528711625420383
47,47,547.2919193,547.2914603,547.2912565,1.466666667,0.3,C30 H44 O9,30.0,44.0,9.0,0.0,0.0,0.0,0.0,0.0,0.0,lipid,0.5977364562644845
48,48,547.2554566,547.2549976,547.254871,1.379310345,0.344827586,C29 H40 O10,29.0,40.0,10.0,0.0,0.0,0.0,0.0,0.0,0.0,lignin,0.8539409115851887
49,49,547.2190213,547.2185624,547.2184854,1.285714286,0.392857143,C28 H36 O11,28.0,36.0,11.0,0.0,0.0,0.0,0.0,0.0,0.0,lignin,0.858258022647503
50,50,547.1825371,547.1820783,547.1820999,1.185185185,0.444444444,C27 H32 O12,27.0,32.0,12.0,0.0,0.0,0.0,0.0,0.0,0.0,lignin,0.8630124144492459
51,51,547.1460783,547.1456195,547.1457144,1.076923077,0.5,C26 H28 O13,26.0,28.0,13.0,0.0,0.0,0.0,0.0,0.0,0.0,lignin,0.9391032714552632
52,52,547.1096844,547.1092256,547.1093289,0.96,0.56,C25 H24 O14,25.0,24.0,14.0,0.0,0.0,0.0,0.0,0.0,0.0,lignin,0.7923788993482945
53,53,546.2793155,546.2788579,546.2789612,1.448275862,0.310344828,C29 H42 O9 13C1,30.0,42.0,9.0,0.0,0.0,1.0,0.0,0.0,0.0,lignin,0.7214548504100514
54,54,546.2427653,546.2423078,546.2425757,1.357142857,0.357142857,C28 H38 O10 13C1,29.0,38.0,10.0,0.0,0.0,1.0,0.0,0.0,0.0,lignin,0.8547641123093687
55,55,545.2758828,545.2754266,545.2756064,1.4,0.3,C30 H42 O9,30.0,42.0,9.0,0.0,0.0,0.0,0.0,0.0,0.0,lignin,0.8529609839494021
56,56,545.2397115,545.2392553,545.2392209,1.310344828,0.344827586,C29 H38 O10,29.0,38.0,10.0,0.0,0.0,0.0,0.0,0.0,0.0,lignin,0.856058548192757
57,57,545.2035524,545.2030963,545.2028354,1.214285714,0.392857143,C28 H34 O11,28.0,34.0,11.0,0.0,0.0,0.0,0.0,0.0,0.0,lignin,0.8610484322614917
58,58,545.1307493,545.1302933,545.1300644,1.0,0.5,C26 H26 O13,26.0,26.0,13.0,0.0,0.0,0.0,0.0,0.0,0.0,lignin,0.9381105716616908
59,59,543.2602727,543.2598192,543.2599563,1.333333333,0.3,C30 H40 O9,30.0,40.0,9.0,0.0,0.0,0.0,0.0,0.0,0.0,lignin,0.8547907904892924
60,60,543.2239144,543.2234609,543.2235708,1.24137931,0.344827586,C29 H36 O10,29.0,36.0,10.0,0.0,0.0,0.0,0.0,0.0,0.0,lignin,0.8597393459718109
61,61,543.1875573,543.1871039,543.1871853,1.142857143,0.392857143,C28 H32 O11,28.0,32.0,11.0,0.0,0.0,0.0,0.0,0.0,0.0,lignin,0.8655294052039789
62,62,543.1513187,543.1508654,543.1507998,1.037037037,0.444444444,C27 H28 O12,27.0,28.0,12.0,0.0,0.0,0.0,0.0,0.0,0.0,lignin,0.9391481634974909
63,63,543.1150571,543.1146037,543.1144143,0.923076923,0.5,C26 H24 O13,26.0,24.0,13.0,0.0,0.0,0.0,0.0,0.0,0.0,tannin,0.9033087492614078
64,64,541.244666,541.2442152,541.2443063,1.266666667,0.3,C30 H38 O9,30.0,38.0,9.0,0.0,0.0,0.0,0.0,0.0,0.0,lignin,0.8582294273785547
65,65,541.2081382,541.2076875,541.2079208,1.172413793,0.344827586,C29 H34 O10,29.0,34.0,10.0,0.0,0.0,0.0,0.0,0.0,0.0,lignin,0.8638785531468288
66,66,541.1717649,541.1713142,541.1715353,1.071428571,0.392857143,C28 H30 O11,28.0,30.0,11.0,0.0,0.0,0.0,0.0,0.0,0.0,lignin,0.9408420137154441
67,67,541.1355768,541.1351261,541.1351497,0.962962963,0.444444444,C27 H26 O12,27.0,26.0,12.0,0.0,0.0,0.0,0.0,0.0,0.0,lignin,0.9379066853145479
68,68,539.250358,539.2499099,539.2497856,1.481481481,0.407407407,C27 H40 O11,27.0,40.0,11.0,0.0,0.0,0.0,0.0,0.0,0.0,lignin,0.8507949204076217
69,69,539.213855,539.2134069,539.2134001,1.384615385,0.461538462,C26 H36 O12,26.0,36.0,12.0,0.0,0.0,0.0,0.0,0.0,0.0,lignin,0.855647337218836
70,70,539.1772932,539.1768452,539.1770146,1.28,0.52,C25 H32 O13,25.0,32.0,13.0,0.0,0.0,0.0,0.0,0.0,0.0,lignin,0.858458465018829
71,71,539.1197402,539.1192923,539.1194997,0.888888889,0.444444444,C27 H24 O12,27.0,24.0,12.0,0.0,0.0,0.0,0.0,0.0,0.0,tannin,0.909026055364326
72,72,537.234562,537.2341166,537.2341355,1.407407407,0.407407407,C27 H38 O11,27.0,38.0,11.0,0.0,0.0,0.0,0.0,0.0,0.0,lignin,0.8538774414655995
73,73,537.1980762,537.1976308,537.19775,1.307692308,0.461538462,C26 H34 O12,26.0,34.0,12.0,0.0,0.0,0.0,0.0,0.0,0.0,lignin,0.8576573340794409
74,74,537.1616182,537.1611729,537.1613645,1.2,0.52,C25 H30 O13,25.0,30.0,13.0,0.0,0.0,0.0,0.0,0.0,0.0,lignin,0.8612187218556372
75,75,535.2919496,535.2915069,535.2912565,1.517241379,0.310344828,C29 H44 O9,29.0,44.0,9.0,0.0,0.0,0.0,0.0,0.0,0.0,lipid,0.9052821781507039
76,76,535.2554997,535.2550569,535.254871,1.428571429,0.357142857,C28 H40 O10,28.0,40.0,10.0,0.0,0.0,0.0,0.0,0.0,0.0,lignin,0.8528711625420383
77,77,535.2188821,535.2184395,535.2184854,1.333333333,0.407407407,C27 H36 O11,27.0,36.0,11.0,0.0,0.0,0.0,0.0,0.0,0.0,lignin,0.8558172828941693
78,78,535.1823064,535.1818637,535.1820999,1.230769231,0.461538462,C26 H32 O12,26.0,32.0,12.0,0.0,0.0,0.0,0.0,0.0,0.0,lignin,0.8602850793115742
79,79,535.1458899,535.1454473,535.1457144,1.12,0.52,C25 H28 O13,25.0,28.0,13.0,0.0,0.0,0.0,0.0,0.0,0.0,lignin,0.8649538787807618
80,80,535.1458899,535.1454473,535.1452014,0.526315789,0.052631579,C38 H20 O2 N2,38.0,20.0,2.0,0.0,2.0,0.0,0.0,0.0,0.0526315789473684,pah,0.9546021431536053
81,81,534.2430161,534.2425747,534.2425757,1.407407407,0.37037037,C27 H38 O10 13C1,28.0,38.0,10.0,0.0,0.0,1.0,0.0,0.0,0.0,lignin,0.8535592244182769
82,82,533.3125905,533.3121503,533.3119919,1.533333333,0.266666667,C30 H46 O8,30.0,46.0,8.0,0.0,0.0,0.0,0.0,0.0,0.0,lipid,0.9051442483921136
83,83,533.2760785,533.2756384,533.2756064,1.448275862,0.310344828,C29 H42 O9,29.0,42.0,9.0,0.0,0.0,0.0,0.0,0.0,0.0,lignin,0.7214548504100514
84,84,533.2395694,533.2391294,533.2392209,1.357142857,0.357142857,C28 H38 O10,28.0,38.0,10.0,0.0,0.0,0.0,0.0,0.0,0.0,lignin,0.8547641123093687
85,85,533.2031087,533.2026687,533.2028354,1.259259259,0.407407407,C27 H34 O11,27.0,34.0,11.0,0.0,0.0,0.0,0.0,0.0,0.0,lignin,0.8592577326259434
86,86,533.166738,533.1662981,533.1664499,1.153846154,0.461538462,C26 H30 O12,26.0,30.0,12.0,0.0,0.0,0.0,0.0,0.0,0.0,lignin,0.864510168595149
87,87,533.1305104,533.1300705,533.1300644,1.04,0.52,C25 H26 O13,25.0,26.0,13.0,0.0,0.0,0.0,0.0,0.0,0.0,lignin,0.9382417641251471
88,88,532.2639211,532.2634824,532.2633112,1.428571429,0.321428571,C28 H40 O9 13C1,29.0,40.0,9.0,0.0,0.0,1.0,0.0,0.0,0.0,lignin,0.8524945041931042
89,89,531.2965893,531.2961519,531.2963418,1.466666667,0.266666667,C30 H44 O8,30.0,44.0,8.0,0.0,0.0,0.0,0.0,0.0,0.0,lipid,0.9059406179454281
90,90,531.2602001,531.2597628,531.2599563,1.379310345,0.310344828,C29 H40 O9,29.0,40.0,9.0,0.0,0.0,0.0,0.0,0.0,0.0,lignin,0.8536082011678969
91,91,531.2239557,531.2235184,531.2235708,1.285714286,0.357142857,C28 H36 O10,28.0,36.0,10.0,0.0,0.0,0.0,0.0,0.0,0.0,lignin,0.8580977010353766
92,92,531.1877843,531.187347,531.1871853,1.185185185,0.407407407,C27 H32 O11,27.0,32.0,11.0,0.0,0.0,0.0,0.0,0.0,0.0,lignin,0.8631530819157298
93,93,531.1514396,531.1510024,531.1507998,1.076923077,0.461538462,C26 H28 O12,26.0,28.0,12.0,0.0,0.0,0.0,0.0,0.0,0.0,lignin,0.9397362113069458
94,94,531.1150354,531.1145982,531.1144143,0.96,0.52,C25 H24 O13,25.0,24.0,13.0,0.0,0.0,0.0,0.0,0.0,0.0,lignin,0.9373232868545269
95,95,530.2481513,530.2477153,530.2476611,1.357142857,0.321428571,C28 H38 O9 13C1,29.0,38.0,9.0,0.0,0.0,1.0,0.0,0.0,0.0,lignin,0.8543184943922469
96,96,529.3054292,529.3049945,529.3051924,2.083333333,0.416666667,C24 H50 O10 S1,24.0,50.0,10.0,1.0,0.0,0.0,0.0,0.0,0.0,lipid,0.8804950432289443
97,97,529.2811122,529.2806775,529.2806918,1.4,0.266666667,C30 H42 O8,30.0,42.0,8.0,0.0,0.0,0.0,0.0,0.0,0.0,lignin,0.7220223467766338
98,98,529.2449446,529.2445099,529.2443063,1.310344828,0.310344828,C29 H38 O9,29.0,38.0,9.0,0.0,0.0,0.0,0.0,0.0,0.0,lignin,0.8556296046503494
99,99,529.1721491,529.1717145,529.1715353,1.111111111,0.407407407,C27 H30 O11,27.0,30.0,11.0,0.0,0.0,0.0,0.0,0.0,0.0,lignin,0.8668041256863468
100,100,529.1355671,529.1351325,529.1351497,1.0,0.461538462,C26 H26 O12,26.0,26.0,12.0,0.0,0.0,0.0,0.0,0.0,0.0,lignin,0.9384201813653748
101,101,529.0990143,529.0985798,529.0987642,0.88,0.52,C25 H22 O13,25.0,22.0,13.0,0.0,0.0,0.0,0.0,0.0,0.0,tannin,0.9093459863401165
102,102,527.2656536,527.2652215,527.2650417,1.333333333,0.266666667,C30 H40 O8,30.0,40.0,8.0,0.0,0.0,0.0,0.0,0.0,0.0,lignin,0.8544825854241301
103,103,527.2291579,527.2287259,527.2286562,1.24137931,0.310344828,C29 H36 O9,29.0,36.0,9.0,0.0,0.0,0.0,0.0,0.0,0.0,lignin,0.8594270459324749
104,104,527.1925582,527.1921262,527.1922707,1.142857143,0.357142857,C28 H32 O10,28.0,32.0,10.0,0.0,0.0,0.0,0.0,0.0,0.0,lignin,0.8655984776823569
105,105,527.1561172,527.1556853,527.1558852,1.037037037,0.407407407,C27 H28 O11,27.0,28.0,11.0,0.0,0.0,0.0,0.0,0.0,0.0,lignin,0.9396574061133407
106,106,527.1198382,527.1194064,527.1194997,0.923076923,0.461538462,C26 H24 O12,26.0,24.0,12.0,0.0,0.0,0.0,0.0,0.0,0.0,tannin,0.9029601947648869
107,107,525.2345712,525.2341419,525.2341355,1.461538462,0.423076923,C26 H38 O11,26.0,38.0,11.0,0.0,0.0,0.0,0.0,0.0,0.0,lignin,0.853558657630067
108,108,525.2135036,525.2130743,525.2130061,1.172413793,0.310344828,C29 H34 O9,29.0,34.0,9.0,0.0,0.0,0.0,0.0,0.0,0.0,lignin,0.8638071352522505
109,109,525.1982817,525.1978524,525.19775,1.36,0.48,C25 H34 O12,25.0,34.0,12.0,0.0,0.0,0.0,0.0,0.0,0.0,lignin,0.8562273784802021
110,110,523.255377,523.2549503,523.254871,1.481481481,0.37037037,C27 H40 O10,27.0,40.0,10.0,0.0,0.0,0.0,0.0,0.0,0.0,lignin,0.7212583963023853
111,111,523.2188316,523.218405,523.2184854,1.384615385,0.423076923,C26 H36 O11,26.0,36.0,11.0,0.0,0.0,0.0,0.0,0.0,0.0,lignin,0.8544961207441197
112,112,523.1824091,523.1819825,523.1820999,1.28,0.48,C25 H32 O12,25.0,32.0,12.0,0.0,0.0,0.0,0.0,0.0,0.0,lignin,0.8584873648752595
113,113,523.146037,523.1456104,523.1457144,1.166666667,0.541666667,C24 H28 O13,24.0,28.0,13.0,0.0,0.0,0.0,0.0,0.0,0.0,lignin,0.8630924509137297
114,114,521.2760793,521.2756552,521.2756064,1.5,0.321428571,C28 H42 O9,28.0,42.0,9.0,0.0,0.0,0.0,0.0,0.0,0.0,lipid,0.7445736142756972
115,115,521.2398925,521.2394685,521.2392209,1.407407407,0.37037037,C27 H38 O10,27.0,38.0,10.0,0.0,0.0,0.0,0.0,0.0,0.0,lignin,0.8535592244182769
116,116,521.2035166,521.2030926,521.2028354,1.307692308,0.423076923,C26 H34 O11,26.0,34.0,11.0,0.0,0.0,0.0,0.0,0.0,0.0,lignin,0.8576343208783017
117,117,521.1669559,521.166532,521.1664499,1.2,0.48,C25 H30 O12,25.0,30.0,12.0,0.0,0.0,0.0,0.0,0.0,0.0,lignin,0.8621322417393416
118,118,521.1303524,521.1299285,521.1300644,1.083333333,0.541666667,C24 H26 O13,24.0,26.0,13.0,0.0,0.0,0.0,0.0,0.0,0.0,lignin,0.938536738121055
119,119,520.263571,520.2631482,520.2633112,1.481481481,0.333333333,C27 H40 O9 13C1,28.0,40.0,9.0,0.0,0.0,1.0,0.0,0.0,0.0,lipid,0.5973630845641696
120,120,519.2966177,519.2961962,519.2963418,1.517241379,0.275862069,C29 H44 O8,29.0,44.0,8.0,0.0,0.0,0.0,0.0,0.0,0.0,lipid,0.9052411301204518
121,121,519.2601186,519.2596972,519.2599563,1.428571429,0.321428571,C28 H40 O9,28.0,40.0,9.0,0.0,0.0,0.0,0.0,0.0,0.0,lignin,0.8524945041931042
122,122,519.2238584,519.2234371,519.2235708,1.333333333,0.37037037,C27 H36 O10,27.0,36.0,10.0,0.0,0.0,0.0,0.0,0.0,0.0,lignin,0.8555805842877178
123,123,519.1877196,519.1872983,519.1871853,1.230769231,0.423076923,C26 H32 O11,26.0,32.0,11.0,0.0,0.0,0.0,0.0,0.0,0.0,lignin,0.8603511655033385
124,124,518.2478467,518.2474267,518.2476611,1.407407407,0.333333333,C27 H38 O9 13C1,28.0,38.0,9.0,0.0,0.0,1.0,0.0,0.0,0.0,lignin,0.853095837024599
125,125,517.3177452,517.3173264,517.3170773,1.533333333,0.233333333,C30 H46 O7,30.0,46.0,7.0,0.0,0.0,0.0,0.0,0.0,0.0,lipid,0.9051482326385554
126,126,517.2811744,517.2807556,517.2806918,1.448275862,0.275862069,C29 H42 O8,29.0,42.0,8.0,0.0,0.0,0.0,0.0,0.0,0.0,lipid,0.5978969946652475
127,127,517.2445542,517.2441355,517.2443063,1.357142857,0.321428571,C28 H38 O9,28.0,38.0,9.0,0.0,0.0,0.0,0.0,0.0,0.0,lignin,0.8543184943922469
128,128,517.2081027,517.207684,517.2079208,1.259259259,0.37037037,C27 H34 O10,27.0,34.0,10.0,0.0,0.0,0.0,0.0,0.0,0.0,lignin,0.8591668387306173
129,129,517.1718653,517.1714467,517.1715353,1.153846154,0.423076923,C26 H30 O11,26.0,30.0,11.0,0.0,0.0,0.0,0.0,0.0,0.0,lignin,0.8647585193304261
130,130,517.1356866,517.135268,517.1351497,1.04,0.48,C25 H26 O12,25.0,26.0,12.0,0.0,0.0,0.0,0.0,0.0,0.0,lignin,0.9387324902085392
131,131,516.232302,516.2318846,516.232011,1.333333333,0.333333333,C27 H36 O9 13C1,28.0,36.0,9.0,0.0,0.0,1.0,0.0,0.0,0.0,lignin,0.8551654389159757
132,132,515.3020984,515.3016822,515.3014272,1.466666667,0.233333333,C30 H44 O7,30.0,44.0,7.0,0.0,0.0,0.0,0.0,0.0,0.0,lipid,0.9061713300633027
133,133,515.265647,515.2652309,515.2650417,1.379310345,0.275862069,C29 H40 O8,29.0,40.0,8.0,0.0,0.0,0.0,0.0,0.0,0.0,lignin,0.8533100709681822
134,134,515.2290236,515.2286075,515.2286562,1.285714286,0.321428571,C28 H36 O9,28.0,36.0,9.0,0.0,0.0,0.0,0.0,0.0,0.0,lignin,0.8566275330367734
135,135,515.1924826,515.1920666,515.1922707,1.185185185,0.37037037,C27 H32 O10,27.0,32.0,10.0,0.0,0.0,0.0,0.0,0.0,0.0,lignin,0.863213952902121
136,136,515.1561191,515.1557032,515.1558852,1.076923077,0.423076923,C26 H28 O11,26.0,28.0,11.0,0.0,0.0,0.0,0.0,0.0,0.0,lignin,0.9404358454560999
137,137,515.1199956,515.1195797,515.1194997,0.96,0.48,C25 H24 O12,25.0,24.0,12.0,0.0,0.0,0.0,0.0,0.0,0.0,lignin,0.937629248169521
138,138,513.2864269,513.2860134,513.2857772,1.4,0.233333333,C30 H42 O7,30.0,42.0,7.0,0.0,0.0,0.0,0.0,0.0,0.0,lipid,0.5976704237096515
139,139,513.2498932,513.2494798,513.2493916,1.310344828,0.275862069,C29 H38 O8,29.0,38.0,8.0,0.0,0.0,0.0,0.0,0.0,0.0,lignin,0.8552767903735237
140,140,513.2132929,513.2128795,513.2130061,1.214285714,0.321428571,C28 H34 O9,28.0,34.0,9.0,0.0,0.0,0.0,0.0,0.0,0.0,lignin,0.8617663766855861
141,141,513.1768291,513.1764157,513.1766206,1.111111111,0.37037037,C27 H30 O10,27.0,30.0,10.0,0.0,0.0,0.0,0.0,0.0,0.0,lignin,0.8670056552995836
142,142,513.1405965,513.1401832,513.1402351,1.0,0.423076923,C26 H26 O11,26.0,26.0,11.0,0.0,0.0,0.0,0.0,0.0,0.0,lignin,0.9383105180755436
143,143,513.1044016,513.1039884,513.1038496,0.88,0.48,C25 H22 O12,25.0,22.0,12.0,0.0,0.0,0.0,0.0,0.0,0.0,tannin,0.9092924409520977
144,144,511.4735087,511.4730976,511.473184,2.0,0.125,C32 H64 O4,32.0,64.0,4.0,0.0,0.0,0.0,0.0,0.0,0.0,lipid,0.8768155094915852
145,145,511.2339967,511.2335859,511.2337416,1.24137931,0.275862069,C29 H36 O8,29.0,36.0,8.0,0.0,0.0,0.0,0.0,0.0,0.0,lignin,0.8590605444540561
146,146,511.2186804,511.2182696,511.2184854,1.44,0.44,C25 H36 O11,25.0,36.0,11.0,0.0,0.0,0.0,0.0,0.0,0.0,lignin,0.8540238329489187
147,147,511.1975252,511.1971144,511.1973561,1.142857143,0.321428571,C28 H32 O9,28.0,32.0,9.0,0.0,0.0,0.0,0.0,0.0,0.0,lignin,0.8655720964291248
148,148,511.1822862,511.1818755,511.1820999,1.333333333,0.5,C24 H32 O12,24.0,32.0,12.0,0.0,0.0,0.0,0.0,0.0,0.0,lignin,0.8569490914445916
149,149,511.1251733,511.1247626,511.1245851,0.923076923,0.423076923,C26 H24 O11,26.0,24.0,11.0,0.0,0.0,0.0,0.0,0.0,0.0,tannin,0.9081835507750734
150,150,509.2759027,509.2754944,509.2756064,1.555555556,0.333333333,C27 H42 O9,27.0,42.0,9.0,0.0,0.0,0.0,0.0,0.0,0.0,lipid,0.8939832484480863
151,151,509.2394023,509.2389941,509.2392209,1.461538462,0.384615385,C26 H38 O10,26.0,38.0,10.0,0.0,0.0,0.0,0.0,0.0,0.0,lignin,0.8520837870959801
152,152,509.2031393,509.2027311,509.2028354,1.36,0.44,C25 H34 O11,25.0,34.0,11.0,0.0,0.0,0.0,0.0,0.0,0.0,lignin,0.8551926104082886
153,153,509.1669795,509.1665715,509.1664499,1.25,0.5,C24 H30 O12,24.0,30.0,12.0,0.0,0.0,0.0,0.0,0.0,0.0,lignin,0.859461773928792
154,154,507.2603717,507.2599661,507.2599563,1.481481481,0.333333333,C27 H40 O9,27.0,40.0,9.0,0.0,0.0,0.0,0.0,0.0,0.0,lipid,0.5973630845641696
155,155,507.2241794,507.2237738,507.2235708,1.384615385,0.384615385,C26 H36 O10,26.0,36.0,10.0,0.0,0.0,0.0,0.0,0.0,0.0,lignin,0.8542577857751402
156,156,507.1878253,507.1874198,507.1871853,1.28,0.44,C25 H32 O11,25.0,32.0,11.0,0.0,0.0,0.0,0.0,0.0,0.0,lignin,0.8585189419863835
157,157,507.1512992,507.1508938,507.1507998,1.166666667,0.5,C24 H28 O12,24.0,28.0,12.0,0.0,0.0,0.0,0.0,0.0,0.0,lignin,0.8635178765675349
158,158,507.1146698,507.1142645,507.1144143,1.043478261,0.565217391,C23 H24 O13,23.0,24.0,13.0,0.0,0.0,0.0,0.0,0.0,0.0,lignin,0.9377572829839496
159,159,505.244861,505.2444581,505.2443063,1.407407407,0.333333333,C27 H38 O9,27.0,38.0,9.0,0.0,0.0,0.0,0.0,0.0,0.0,lignin,0.853095837024599
160,160,505.2082022,505.2077993,505.2079208,1.307692308,0.384615385,C26 H34 O10,26.0,34.0,10.0,0.0,0.0,0.0,0.0,0.0,0.0,lignin,0.8564714711045255
161,161,505.1354388,505.135036,505.1351497,1.083333333,0.5,C24 H26 O12,24.0,26.0,12.0,0.0,0.0,0.0,0.0,0.0,0.0,lignin,0.939243594487093
162,162,504.2687654,504.2683637,504.2683965,1.481481481,0.296296296,C27 H40 O8 13C1,28.0,40.0,8.0,0.0,0.0,1.0,0.0,0.0,0.0,lipid,0.7450201190480755
163,163,504.2321637,504.2317621,504.232011,1.384615385,0.346153846,C26 H36 O9 13C1,27.0,36.0,9.0,0.0,0.0,1.0,0.0,0.0,0.0,lignin,0.8538167710295477
164,164,503.3016336,503.3012332,503.3014272,1.517241379,0.24137931,C29 H44 O7,29.0,44.0,7.0,0.0,0.0,0.0,0.0,0.0,0.0,lipid,0.9056424800592401
165,165,503.2652403,503.26484,503.2650417,1.428571429,0.285714286,C28 H40 O8,28.0,40.0,8.0,0.0,0.0,0.0,0.0,0.0,0.0,lignin,0.7216403689590601
166,166,503.2290774,503.2286771,503.2286562,1.333333333,0.333333333,C27 H36 O9,27.0,36.0,9.0,0.0,0.0,0.0,0.0,0.0,0.0,lignin,0.8551654389159757
167,167,503.192841,503.1924407,503.1922707,1.230769231,0.384615385,C26 H32 O10,26.0,32.0,10.0,0.0,0.0,0.0,0.0,0.0,0.0,lignin,0.8603309231585019
168,168,503.1564661,503.1560659,503.1558852,1.12,0.44,C25 H28 O11,25.0,28.0,11.0,0.0,0.0,0.0,0.0,0.0,0.0,lignin,0.8658936161145052
169,169,503.1199433,503.1195431,503.1194997,1.0,0.5,C24 H24 O12,24.0,24.0,12.0,0.0,0.0,0.0,0.0,0.0,0.0,lignin,0.9381105716616908
170,170,502.2533567,502.2529577,502.2527465,1.407407407,0.296296296,C27 H38 O8 13C1,28.0,38.0,8.0,0.0,0.0,1.0,0.0,0.0,0.0,lignin,0.8527570281405199
171,171,501.2863912,501.2859934,501.2857772,1.448275862,0.24137931,C29 H42 O7,29.0,42.0,7.0,0.0,0.0,0.0,0.0,0.0,0.0,lipid,0.9062807397931408
172,172,501.2497834,501.2493857,501.2493916,1.357142857,0.285714286,C28 H38 O8,28.0,38.0,8.0,0.0,0.0,0.0,0.0,0.0,0.0,lignin,0.8539725447618789
173,173,501.2132139,501.2128162,501.2130061,1.259259259,0.333333333,C27 H34 O9,27.0,34.0,9.0,0.0,0.0,0.0,0.0,0.0,0.0,lignin,0.8589399740843762
174,174,501.1768878,501.1764902,501.1766206,1.153846154,0.384615385,C26 H30 O10,26.0,30.0,10.0,0.0,0.0,0.0,0.0,0.0,0.0,lignin,0.8648977354898453
175,175,501.1406933,501.1402957,501.1402351,1.04,0.44,C25 H26 O11,25.0,26.0,11.0,0.0,0.0,0.0,0.0,0.0,0.0,lignin,0.9392601025153977
176,176,501.1044659,501.1040684,501.1038496,0.916666667,0.5,C24 H22 O12,24.0,22.0,12.0,0.0,0.0,0.0,0.0,0.0,0.0,tannin,0.9035274732479802
177,177,499.2706978,499.2703027,499.2701271,1.379310345,0.24137931,C29 H40 O7,29.0,40.0,7.0,0.0,0.0,0.0,0.0,0.0,0.0,lignin,0.7222350427283615
178,178,499.2343203,499.2339252,499.2337416,1.285714286,0.285714286,C28 H36 O8,28.0,36.0,8.0,0.0,0.0,0.0,0.0,0.0,0.0,lignin,0.8562150277618212
179,179,499.1978293,499.1974342,499.1973561,1.185185185,0.333333333,C27 H32 O9,27.0,32.0,9.0,0.0,0.0,0.0,0.0,0.0,0.0,lignin,0.8631900133377295
180,180,499.1612781,499.1608831,499.1609706,1.076923077,0.384615385,C26 H28 O10,26.0,28.0,10.0,0.0,0.0,0.0,0.0,0.0,0.0,lignin,0.9412146922616046
181,181,499.145947,499.145552,499.1457144,1.272727273,0.590909091,C22 H28 O13,22.0,28.0,13.0,0.0,0.0,0.0,0.0,0.0,0.0,lignin,0.8681104727274969
182,182,499.1248193,499.1244244,499.1245851,0.96,0.44,C25 H24 O11,25.0,24.0,11.0,0.0,0.0,0.0,0.0,0.0,0.0,lignin,0.9379356435485897
183,183,499.1095835,499.1091886,499.1093289,1.142857143,0.666666667,C21 H24 O14,21.0,24.0,14.0,0.0,0.0,0.0,0.0,0.0,0.0,lignin,0.8625030633172301
184,184,499.0885036,499.0881087,499.0881995,0.833333333,0.5,C24 H20 O12,24.0,20.0,12.0,0.0,0.0,0.0,0.0,0.0,0.0,tannin,0.9108462186971457
185,185,497.2547936,497.2544011,497.254477,1.310344828,0.24137931,C29 H38 O7,29.0,38.0,7.0,0.0,0.0,0.0,0.0,0.0,0.0,lignin,0.8549653857321193
186,186,497.2396064,497.2392139,497.2392209,1.52,0.4,C25 H38 O10,25.0,38.0,10.0,0.0,0.0,0.0,0.0,0.0,0.0,lignin,0.7154063548123171
187,187,497.2185577,497.2181652,497.2180915,1.214285714,0.285714286,C28 H34 O8,28.0,34.0,8.0,0.0,0.0,0.0,0.0,0.0,0.0,lignin,0.8616302270694849
188,188,497.2033734,497.2029809,497.2028354,1.416666667,0.458333333,C24 H34 O11,24.0,34.0,11.0,0.0,0.0,0.0,0.0,0.0,0.0,lignin,0.8545238466300615
189,189,497.1670292,497.1666368,497.1664499,1.304347826,0.52173913,C23 H30 O12,23.0,30.0,12.0,0.0,0.0,0.0,0.0,0.0,0.0,lignin,0.8576721475044785
190,190,497.145847,497.1454546,497.1453205,1.0,0.384615385,C26 H26 O10,26.0,26.0,10.0,0.0,0.0,0.0,0.0,0.0,0.0,lignin,0.9386873505798446
191,191,497.1305626,497.1301702,497.1300644,1.181818182,0.590909091,C22 H26 O13,22.0,26.0,13.0,0.0,0.0,0.0,0.0,0.0,0.0,lignin,0.8619473322064517
192,192,497.1093593,497.1089669,497.108935,0.88,0.44,C25 H22 O11,25.0,22.0,11.0,0.0,0.0,0.0,0.0,0.0,0.0,tannin,0.9092318945537826
193,193,497.0939349,497.0935426,497.0936789,1.047619048,0.666666667,C21 H22 O14,21.0,22.0,14.0,0.0,0.0,0.0,0.0,0.0,0.0,lignin,0.9367198920303622
194,194,495.2601477,495.2597578,495.2599563,1.538461538,0.346153846,C26 H40 O9,26.0,40.0,9.0,0.0,0.0,0.0,0.0,0.0,0.0,lipid,0.8942544063203981
195,195,495.2392387,495.2388488,495.238827,1.24137931,0.24137931,C29 H36 O7,29.0,36.0,7.0,0.0,0.0,0.0,0.0,0.0,0.0,lignin,0.858725546279486
196,196,495.2238874,495.2234975,495.2235708,1.44,0.4,C25 H36 O10,25.0,36.0,10.0,0.0,0.0,0.0,0.0,0.0,0.0,lignin,0.8526898266792393
197,197,495.1877514,495.1873616,495.1871853,1.333333333,0.458333333,C24 H32 O11,24.0,32.0,11.0,0.0,0.0,0.0,0.0,0.0,0.0,lignin,0.8560050922869769
198,198,495.1514319,495.1510421,495.1507998,1.217391304,0.52173913,C23 H28 O12,23.0,28.0,12.0,0.0,0.0,0.0,0.0,0.0,0.0,lignin,0.8605138161774146
199,199,495.1302804,495.1298906,495.1296704,0.923076923,0.384615385,C26 H24 O10,26.0,24.0,10.0,0.0,0.0,0.0,0.0,0.0,0.0,tannin,0.9080979204529367
200,200,495.1149319,495.1145421,495.1144143,1.090909091,0.590909091,C22 H24 O13,22.0,24.0,13.0,0.0,0.0,0.0,0.0,0.0,0.0,lignin,0.9270874328737305
201,201,495.0936682,495.0932785,495.0932849,0.8,0.44,C25 H20 O11,25.0,20.0,11.0,0.0,0.0,0.0,0.0,0.0,0.0,tannin,0.9095307186672607
202,202,495.0783095,495.0779198,495.0780288,0.952380952,0.666666667,C21 H20 O14,21.0,20.0,14.0,0.0,0.0,0.0,0.0,0.0,0.0,lignin,0.6072375098840981
203,203,494.2116811,494.2112925,494.2112756,1.416666667,0.416666667,C24 H34 O10 13C1,25.0,34.0,10.0,0.0,0.0,1.0,0.0,0.0,0.0,lignin,0.8535325729837526
204,204,493.2808405,493.2804531,493.2806918,1.555555556,0.296296296,C27 H42 O8,27.0,42.0,8.0,0.0,0.0,0.0,0.0,0.0,0.0,lipid,0.9030221013849383
205,205,493.2445726,493.2441853,493.2443063,1.461538462,0.346153846,C26 H38 O9,26.0,38.0,9.0,0.0,0.0,0.0,0.0,0.0,0.0,lignin,0.7213270459284509
206,206,493.242434,493.2420467,493.2418043,1.266666667,0.133333333,C30 H38 O4 S1,30.0,38.0,4.0,1.0,0.0,0.0,0.0,0.0,0.0,lignin,0.855426146924884
207,207,493.2084121,493.2080249,493.2079208,1.36,0.4,C25 H34 O10,25.0,34.0,10.0,0.0,0.0,0.0,0.0,0.0,0.0,lignin,0.8549941910681123
208,208,493.1720871,493.1716999,493.1715353,1.25,0.458333333,C24 H30 O11,24.0,30.0,11.0,0.0,0.0,0.0,0.0,0.0,0.0,lignin,0.8595690676139849
209,209,493.1356528,493.1352657,493.1351497,1.130434783,0.52173913,C23 H26 O12,23.0,26.0,12.0,0.0,0.0,0.0,0.0,0.0,0.0,lignin,0.8651587117835969
210,210,493.0990721,493.098685,493.0987642,1.0,0.590909091,C22 H22 O13,22.0,22.0,13.0,0.0,0.0,0.0,0.0,0.0,0.0,lignin,0.9372635403054226
211,211,492.2323536,492.2319676,492.232011,1.44,0.36,C25 H36 O9 13C1,26.0,36.0,9.0,0.0,0.0,1.0,0.0,0.0,0.0,lignin,0.8524545849722379
212,212,492.1958616,492.1954757,492.1956255,1.333333333,0.416666667,C24 H32 O10 13C1,25.0,32.0,10.0,0.0,0.0,1.0,0.0,0.0,0.0,lignin,0.8558634344216982
213,213,491.3016682,491.3012835,491.3014272,1.571428571,0.25,C28 H44 O7,28.0,44.0,7.0,0.0,0.0,0.0,0.0,0.0,0.0,lipid,0.9049340716743739
214,214,491.2653757,491.264991,491.2650417,1.481481481,0.296296296,C27 H40 O8,27.0,40.0,8.0,0.0,0.0,0.0,0.0,0.0,0.0,lipid,0.7450201190480755
215,215,491.2291562,491.2287715,491.2286562,1.384615385,0.346153846,C26 H36 O9,26.0,36.0,9.0,0.0,0.0,0.0,0.0,0.0,0.0,lignin,0.8538167710295477
216,216,491.1928186,491.1924339,491.1922707,1.28,0.4,C25 H32 O10,25.0,32.0,10.0,0.0,0.0,0.0,0.0,0.0,0.0,lignin,0.8584682436155102
217,217,491.156383,491.1559984,491.1558852,1.166666667,0.458333333,C24 H28 O11,24.0,28.0,11.0,0.0,0.0,0.0,0.0,0.0,0.0,lignin,0.8638544705892126
218,218,491.1198659,491.1194813,491.1194997,1.043478261,0.52173913,C23 H24 O12,23.0,24.0,12.0,0.0,0.0,0.0,0.0,0.0,0.0,lignin,0.938261808448153
219,219,491.0833907,491.0830062,491.0831142,0.909090909,0.590909091,C22 H20 O13,22.0,20.0,13.0,0.0,0.0,0.0,0.0,0.0,0.0,tannin,0.9040414688712483
220,220,490.2530957,490.2527123,490.2527465,1.461538462,0.307692308,C26 H38 O8 13C1,27.0,38.0,8.0,0.0,0.0,1.0,0.0,0.0,0.0,lipid,0.597686104002271
221,221,490.2166,490.2162167,490.216361,1.36,0.36,C25 H34 O9 13C1,26.0,34.0,9.0,0.0,0.0,1.0,0.0,0.0,0.0,lignin,0.8547163326404347
222,222,490.1802237,490.1798404,490.1799755,1.25,0.416666667,C24 H30 O10 13C1,25.0,30.0,10.0,0.0,0.0,1.0,0.0,0.0,0.0,lignin,0.8596050875510549
223,223,489.2861492,489.285767,489.2857772,1.5,0.25,C28 H42 O7,28.0,42.0,7.0,0.0,0.0,0.0,0.0,0.0,0.0,lipid,0.9057386725738421
224,224,489.2500012,489.2496191,489.2493916,1.407407407,0.296296296,C27 H38 O8,27.0,38.0,8.0,0.0,0.0,0.0,0.0,0.0,0.0,lignin,0.8527570281405199
225,225,489.2136192,489.2132371,489.2130061,1.307692308,0.346153846,C26 H34 O9,26.0,34.0,9.0,0.0,0.0,0.0,0.0,0.0,0.0,lignin,0.8561614769532966
226,226,489.1769989,489.1766169,489.1766206,1.2,0.4,C25 H30 O10,25.0,30.0,10.0,0.0,0.0,0.0,0.0,0.0,0.0,lignin,0.8624519255261431
227,227,489.1404031,489.1400211,489.1402351,1.083333333,0.458333333,C24 H26 O11,24.0,26.0,11.0,0.0,0.0,0.0,0.0,0.0,0.0,lignin,0.9399671975497912
228,228,489.1040433,489.1036613,489.1038496,0.956521739,0.52173913,C23 H22 O12,23.0,22.0,12.0,0.0,0.0,0.0,0.0,0.0,0.0,lignin,0.9373153799200307
229,229,489.0678911,489.0675091,489.0674641,0.818181818,0.590909091,C22 H18 O13,22.0,18.0,13.0,0.0,0.0,0.0,0.0,0.0,0.0,tannin,0.9113929847675786
230,230,488.2373241,488.2369433,488.2370964,1.384615385,0.307692308,C26 H36 O8 13C1,27.0,36.0,8.0,0.0,0.0,1.0,0.0,0.0,0.0,lignin,0.8534481397421324
231,231,488.2012011,488.2008203,488.2007109,1.28,0.36,C25 H32 O9 13C1,26.0,32.0,9.0,0.0,0.0,1.0,0.0,0.0,0.0,lignin,0.8583132135885171
232,232,487.2706332,487.2702536,487.2701271,1.428571429,0.25,C28 H40 O7,28.0,40.0,7.0,0.0,0.0,0.0,0.0,0.0,0.0,lipid,0.5978101942906946
233,233,487.2339589,487.2335794,487.2337416,1.333333333,0.296296296,C27 H36 O8,27.0,36.0,8.0,0.0,0.0,0.0,0.0,0.0,0.0,lignin,0.8547541698813843
234,234,487.1975493,487.1971698,487.1973561,1.230769231,0.346153846,C26 H32 O9,26.0,32.0,9.0,0.0,0.0,0.0,0.0,0.0,0.0,lignin,0.8601927440400632
235,235,487.1613608,487.1609813,487.1609706,1.12,0.4,C25 H28 O10,25.0,28.0,10.0,0.0,0.0,0.0,0.0,0.0,0.0,lignin,0.8661917050440969
236,236,487.1251281,487.1247487,487.1245851,1.0,0.458333333,C24 H24 O11,24.0,24.0,11.0,0.0,0.0,0.0,0.0,0.0,0.0,lignin,0.9384529121977174
237,237,487.088776,487.0883967,487.0881995,0.869565217,0.52173913,C23 H20 O12,23.0,20.0,12.0,0.0,0.0,0.0,0.0,0.0,0.0,tannin,0.9096027845342846
238,238,486.2828484,486.2824701,486.2823325,2.19047619,0.428571429,C21 H46 O9 S1 13C1,22.0,46.0,9.0,1.0,0.0,1.0,0.0,0.0,0.0,lipid,0.881259435185816
239,239,485.2910751,485.290698,485.2908625,1.448275862,0.206896552,C29 H42 O6,29.0,42.0,6.0,0.0,0.0,0.0,0.0,0.0,0.0,lipid,0.9062898800233059
240,240,485.2792152,485.2788381,485.2789777,2.090909091,0.409090909,C22 H46 O9 S1,22.0,46.0,9.0,1.0,0.0,0.0,0.0,0.0,0.0,lipid,0.8804812793386507
241,241,485.2547872,485.2544102,485.254477,1.357142857,0.25,C28 H38 O7,28.0,38.0,7.0,0.0,0.0,0.0,0.0,0.0,0.0,lignin,0.8536779122335888
242,242,485.2186009,485.218224,485.2180915,1.259259259,0.296296296,C27 H34 O8,27.0,34.0,8.0,0.0,0.0,0.0,0.0,0.0,0.0,lignin,0.8585367017335954
243,243,485.1822832,485.1819063,485.181706,1.153846154,0.346153846,C26 H30 O9,26.0,30.0,9.0,0.0,0.0,0.0,0.0,0.0,0.0,lignin,0.8649317990212347
244,244,485.1669868,485.1666099,485.1664499,1.363636364,0.545454545,C22 H30 O12,22.0,30.0,12.0,0.0,0.0,0.0,0.0,0.0,0.0,lignin,0.8556858842424461
245,245,485.1458237,485.1454468,485.1453205,1.04,0.4,C25 H26 O10,25.0,26.0,10.0,0.0,0.0,0.0,0.0,0.0,0.0,lignin,0.939829179754654
246,246,485.1304536,485.1300767,485.1300644,1.238095238,0.619047619,C21 H26 O13,21.0,26.0,13.0,0.0,0.0,0.0,0.0,0.0,0.0,lignin,0.868984197584127
247,247,485.1091722,485.1087954,485.108935,0.916666667,0.458333333,C24 H22 O11,24.0,22.0,11.0,0.0,0.0,0.0,0.0,0.0,0.0,tannin,0.9083934022347548
248,248,485.093842,485.0934652,485.0936789,1.1,0.7,C20 H22 O14,20.0,22.0,14.0,0.0,0.0,0.0,0.0,0.0,0.0,lignin,0.8969471571874055
249,249,485.0726899,485.0723132,485.0725495,0.782608696,0.52173913,C23 H18 O12,23.0,18.0,12.0,0.0,0.0,0.0,0.0,0.0,0.0,tannin,0.9121401570239355
250,250,483.2390735,483.2386991,483.238827,1.285714286,0.25,C28 H36 O7,28.0,36.0,7.0,0.0,0.0,0.0,0.0,0.0,0.0,lignin,0.8558659383421624
251,251,483.2237457,483.2233713,483.2235708,1.5,0.416666667,C24 H36 O10,24.0,36.0,10.0,0.0,0.0,0.0,0.0,0.0,0.0,lignin,0.8461609361572195
252,252,483.2026453,483.2022709,483.2024415,1.185185185,0.296296296,C27 H32 O8,27.0,32.0,8.0,0.0,0.0,0.0,0.0,0.0,0.0,lignin,0.8630785765317196
253,253,483.1874121,483.1870378,483.1871853,1.391304348,0.47826087,C23 H32 O11,23.0,32.0,11.0,0.0,0.0,0.0,0.0,0.0,0.0,lignin,0.8550778583401446
254,254,483.1512873,483.150913,483.1507998,1.272727273,0.545454545,C22 H28 O12,22.0,28.0,12.0,0.0,0.0,0.0,0.0,0.0,0.0,lignin,0.8585615403772945
255,255,483.1302836,483.1299094,483.1296704,0.96,0.4,C25 H24 O10,25.0,24.0,10.0,0.0,0.0,0.0,0.0,0.0,0.0,lignin,0.9382387848066245
256,256,483.1150051,483.1146308,483.1144143,1.142857143,0.619047619,C21 H24 O13,21.0,24.0,13.0,0.0,0.0,0.0,0.0,0.0,0.0,lignin,0.8631833212336393
257,257,483.0938746,483.0935004,483.0932849,0.833333333,0.458333333,C24 H20 O11,24.0,20.0,11.0,0.0,0.0,0.0,0.0,0.0,0.0,tannin,0.9107747757281182
258,258,483.0785352,483.078161,483.0780288,1.0,0.7,C20 H20 O14,20.0,20.0,14.0,0.0,0.0,0.0,0.0,0.0,0.0,lignin,0.9363989568870723
259,259,481.2448727,481.2445008,481.2443063,1.52,0.36,C25 H38 O9,25.0,38.0,9.0,0.0,0.0,0.0,0.0,0.0,0.0,lipid,0.5975280669834855
260,260,481.2084505,481.2080787,481.2079208,1.416666667,0.416666667,C24 H34 O10,24.0,34.0,10.0,0.0,0.0,0.0,0.0,0.0,0.0,lignin,0.8535325729837526
261,261,481.1718491,481.1714773,481.1715353,1.304347826,0.47826087,C23 H30 O11,23.0,30.0,11.0,0.0,0.0,0.0,0.0,0.0,0.0,lignin,0.8577465357949408
262,262,481.1637276,481.1633559,481.1631601,0.764705882,0.029411765,C34 H26 O1 S1,34.0,26.0,1.0,1.0,0.0,0.0,0.0,0.0,0.0,pah,0.9561458642253877
263,263,481.1353254,481.1349537,481.1351497,1.181818182,0.545454545,C22 H26 O12,22.0,26.0,12.0,0.0,0.0,0.0,0.0,0.0,0.0,lignin,0.8623792859303526
264,264,481.1142308,481.1138591,481.1140204,0.88,0.4,C25 H22 O10,25.0,22.0,10.0,0.0,0.0,0.0,0.0,0.0,0.0,tannin,0.9091407825168283
265,265,481.0990725,481.0987009,481.0987642,1.047619048,0.619047619,C21 H22 O13,21.0,22.0,13.0,0.0,0.0,0.0,0.0,0.0,0.0,lignin,0.9372142258588783
266,266,481.0629282,481.0625566,481.0623787,0.9,0.7,C20 H18 O14,20.0,18.0,14.0,0.0,0.0,0.0,0.0,0.0,0.0,tannin,0.904839652154729
267,267,480.1962204,480.1958499,480.1956255,1.391304348,0.434782609,C23 H32 O10 13C1,24.0,32.0,10.0,0.0,0.0,1.0,0.0,0.0,0.0,lignin,0.8543920856695252
268,268,479.2654414,479.2650721,479.2650417,1.538461538,0.307692308,C26 H40 O8,26.0,40.0,8.0,0.0,0.0,0.0,0.0,0.0,0.0,lipid,0.9051444360177483
269,269,479.2292009,479.2288317,479.2286562,1.44,0.36,C25 H36 O9,25.0,36.0,9.0,0.0,0.0,0.0,0.0,0.0,0.0,lignin,0.8524545849722379
270,270,479.192798,479.1924288,479.1922707,1.333333333,0.416666667,C24 H32 O10,24.0,32.0,10.0,0.0,0.0,0.0,0.0,0.0,0.0,lignin,0.8558634344216982
271,271,479.1562543,479.1558852,479.1558852,1.217391304,0.47826087,C23 H28 O11,23.0,28.0,11.0,0.0,0.0,0.0,0.0,0.0,0.0,lignin,0.8607558048809869
272,272,479.119738,479.1193689,479.1194997,1.090909091,0.545454545,C22 H24 O12,22.0,24.0,12.0,0.0,0.0,0.0,0.0,0.0,0.0,lignin,0.9361269209800998
273,273,479.0986217,479.0982526,479.0983703,0.8,0.4,C25 H20 O10,25.0,20.0,10.0,0.0,0.0,0.0,0.0,0.0,0.0,tannin,0.8989007775752317
274,274,479.0834035,479.0830344,479.0831142,0.952380952,0.619047619,C21 H20 O13,21.0,20.0,13.0,0.0,0.0,0.0,0.0,0.0,0.0,lignin,0.6074923047899838
275,275,478.2531354,478.2527674,478.2527465,1.52,0.32,C25 H38 O8 13C1,26.0,38.0,8.0,0.0,0.0,1.0,0.0,0.0,0.0,lipid,0.9052839692226714
276,276,478.2168643,478.2164963,478.216361,1.416666667,0.375,C24 H34 O9 13C1,25.0,34.0,9.0,0.0,0.0,1.0,0.0,0.0,0.0,lignin,0.8533931407470099
277,277,478.1805359,478.180168,478.1799755,1.304347826,0.434782609,C23 H30 O10 13C1,24.0,30.0,10.0,0.0,0.0,1.0,0.0,0.0,0.0,lignin,0.8577486572000133
278,278,477.2859584,477.2855917,477.2857772,1.555555556,0.259259259,C27 H42 O7,27.0,42.0,7.0,0.0,0.0,0.0,0.0,0.0,0.0,lipid,0.9050188027582621
279,279,477.2496898,477.2493231,477.2493916,1.461538462,0.307692308,C26 H38 O8,26.0,38.0,8.0,0.0,0.0,0.0,0.0,0.0,0.0,lipid,0.597686104002271
280,280,477.2135363,477.2131696,477.2130061,1.36,0.36,C25 H34 O9,25.0,34.0,9.0,0.0,0.0,0.0,0.0,0.0,0.0,lignin,0.8547163326404347
281,281,477.1772073,477.1768406,477.1766206,1.25,0.416666667,C24 H30 O10,24.0,30.0,10.0,0.0,0.0,0.0,0.0,0.0,0.0,lignin,0.8596050875510549
282,282,477.140602,477.1402354,477.1402351,1.130434783,0.47826087,C23 H26 O11,23.0,26.0,11.0,0.0,0.0,0.0,0.0,0.0,0.0,lignin,0.8656700598823249
283,283,477.1039937,477.1036272,477.1038496,1.0,0.545454545,C22 H22 O12,22.0,22.0,12.0,0.0,0.0,0.0,0.0,0.0,0.0,lignin,0.9376762954986292
284,284,477.0676677,477.0673012,477.0674641,0.857142857,0.619047619,C21 H18 O13,21.0,18.0,13.0,0.0,0.0,0.0,0.0,0.0,0.0,tannin,0.9101006203540747
285,285,476.237609,476.2372436,476.2370964,1.44,0.32,C25 H36 O8 13C1,26.0,36.0,8.0,0.0,0.0,1.0,0.0,0.0,0.0,lignin,0.7217167477226758
286,286,476.2012889,476.2009235,476.2007109,1.333333333,0.375,C24 H32 O9 13C1,25.0,32.0,9.0,0.0,0.0,1.0,0.0,0.0,0.0,lignin,0.8556167225618718
287,287,475.270475,475.2701108,475.2701271,1.481481481,0.259259259,C27 H40 O7,27.0,40.0,7.0,0.0,0.0,0.0,0.0,0.0,0.0,lipid,0.9058480553176945
288,288,475.2342589,475.2338947,475.2337416,1.384615385,0.307692308,C26 H36 O8,26.0,36.0,8.0,0.0,0.0,0.0,0.0,0.0,0.0,lignin,0.8534481397421324
289,289,475.1978932,475.1975291,475.1973561,1.28,0.36,C25 H32 O9,25.0,32.0,9.0,0.0,0.0,0.0,0.0,0.0,0.0,lignin,0.8583132135885171
290,290,475.1614085,475.1610444,475.1609706,1.166666667,0.416666667,C24 H28 O10,24.0,28.0,10.0,0.0,0.0,0.0,0.0,0.0,0.0,lignin,0.8640829332157646
291,291,475.1248456,475.1244816,475.1245851,1.043478261,0.47826087,C23 H24 O11,23.0,24.0,11.0,0.0,0.0,0.0,0.0,0.0,0.0,lignin,0.9388068518747831
292,292,475.0884058,475.0880418,475.0881995,0.909090909,0.545454545,C22 H20 O12,22.0,20.0,12.0,0.0,0.0,0.0,0.0,0.0,0.0,tannin,0.9039067005377687
293,293,474.2220281,474.2216653,474.2214464,1.36,0.32,C25 H34 O8 13C1,26.0,34.0,8.0,0.0,0.0,1.0,0.0,0.0,0.0,lignin,0.8542229494600937
294,294,473.255053,473.2546913,473.254477,1.407407407,0.259259259,C27 H38 O7,27.0,38.0,7.0,0.0,0.0,0.0,0.0,0.0,0.0,lignin,0.5417342346426334
295,295,473.2185682,473.2182066,473.2180915,1.307692308,0.307692308,C26 H34 O8,26.0,34.0,8.0,0.0,0.0,0.0,0.0,0.0,0.0,lignin,0.8556884828481547
296,296,473.1819525,473.1815909,473.181706,1.2,0.36,C25 H30 O9,25.0,30.0,9.0,0.0,0.0,0.0,0.0,0.0,0.0,lignin,0.862485067919747
297,297,473.1455195,473.145158,473.1453205,1.083333333,0.416666667,C24 H26 O10,24.0,26.0,10.0,0.0,0.0,0.0,0.0,0.0,0.0,lignin,0.9407790399928659
298,298,473.1092637,473.1089022,473.108935,0.956521739,0.47826087,C23 H22 O11,23.0,22.0,11.0,0.0,0.0,0.0,0.0,0.0,0.0,lignin,0.937643084669267
299,299,473.0730559,473.0726945,473.0725495,0.818181818,0.545454545,C22 H18 O12,22.0,18.0,12.0,0.0,0.0,0.0,0.0,0.0,0.0,tannin,0.9113100316406744
300,300,471.2390823,471.2387233,471.238827,1.333333333,0.259259259,C27 H36 O7,27.0,36.0,7.0,0.0,0.0,0.0,0.0,0.0,0.0,lignin,0.8544190087636763
301,301,471.1873329,471.1869739,471.1871853,1.454545455,0.5,C22 H32 O11,22.0,32.0,11.0,0.0,0.0,0.0,0.0,0.0,0.0,lignin,0.8457237448309295
302,302,471.1663794,471.1660204,471.1660559,1.12,0.36,C25 H28 O9,25.0,28.0,9.0,0.0,0.0,0.0,0.0,0.0,0.0,lignin,0.8671586468098044
303,303,471.1512337,471.1508747,471.1507998,1.333333333,0.571428571,C21 H28 O12,21.0,28.0,12.0,0.0,0.0,0.0,0.0,0.0,0.0,lignin,0.8666537342541657
304,304,471.1302525,471.1298936,471.1296704,1.0,0.416666667,C24 H24 O10,24.0,24.0,10.0,0.0,0.0,0.0,0.0,0.0,0.0,lignin,0.9383729783247526
305,305,471.1149694,471.1146105,471.1144143,1.2,0.65,C20 H24 O13,20.0,24.0,13.0,0.0,0.0,0.0,0.0,0.0,0.0,lignin,0.8699529074301813
306,306,471.093779,471.0934201,471.0932849,0.869565217,0.47826087,C23 H20 O11,23.0,20.0,11.0,0.0,0.0,0.0,0.0,0.0,0.0,tannin,0.9095448156445529
307,307,469.2842511,469.2838945,469.2840631,2.090909091,0.363636364,C22 H46 O8 S1,22.0,46.0,8.0,1.0,0.0,0.0,0.0,0.0,0.0,lipid,0.8809834091142766
308,308,469.2236736,469.2233171,469.2231769,1.259259259,0.259259259,C27 H34 O7,27.0,34.0,7.0,0.0,0.0,0.0,0.0,0.0,0.0,lignin,0.8570023559015464
309,309,469.2084849,469.2081284,469.2079208,1.47826087,0.434782609,C23 H34 O10,23.0,34.0,10.0,0.0,0.0,0.0,0.0,0.0,0.0,lignin,0.8520803277780754
310,310,469.1873536,469.1869971,469.1867914,1.153846154,0.307692308,C26 H30 O8,26.0,30.0,8.0,0.0,0.0,0.0,0.0,0.0,0.0,lignin,0.8648595441280529
311,311,469.1720659,469.1717094,469.1715353,1.363636364,0.5,C22 H30 O11,22.0,30.0,11.0,0.0,0.0,0.0,0.0,0.0,0.0,lignin,0.856138185792131
312,312,469.1508008,469.1504444,469.1504059,1.04,0.36,C25 H26 O9,25.0,26.0,9.0,0.0,0.0,0.0,0.0,0.0,0.0,lignin,0.9398157555866955
313,313,469.1354047,469.1350483,469.1351497,1.238095238,0.571428571,C21 H26 O12,21.0,26.0,12.0,0.0,0.0,0.0,0.0,0.0,0.0,lignin,0.8594944386425007
314,314,469.1141796,469.1138232,469.1140204,0.916666667,0.416666667,C24 H22 O10,24.0,22.0,10.0,0.0,0.0,0.0,0.0,0.0,0.0,tannin,0.9083203476808999
315,315,469.0989009,469.0985445,469.0987642,1.1,0.65,C20 H22 O13,20.0,22.0,13.0,0.0,0.0,0.0,0.0,0.0,0.0,lignin,0.8972326078583477
316,316,469.0778688,469.0775125,469.0776349,0.782608696,0.47826087,C23 H18 O11,23.0,18.0,11.0,0.0,0.0,0.0,0.0,0.0,0.0,tannin,0.9103326945295329
317,317,469.0627087,469.0623523,469.0623787,0.947368421,0.736842105,C19 H18 O14,19.0,18.0,14.0,0.0,0.0,0.0,0.0,0.0,0.0,tannin,0.7313513320789486
318,318,467.2288636,467.2285096,467.2286562,1.5,0.375,C24 H36 O9,24.0,36.0,9.0,0.0,0.0,0.0,0.0,0.0,0.0,lignin,0.7210066780751461
319,319,467.1925138,467.1921598,467.1922707,1.391304348,0.434782609,C23 H32 O10,23.0,32.0,10.0,0.0,0.0,0.0,0.0,0.0,0.0,lignin,0.8543920856695252
320,320,467.1563146,467.1559607,467.1558852,1.272727273,0.5,C22 H28 O11,22.0,28.0,11.0,0.0,0.0,0.0,0.0,0.0,0.0,lignin,0.8587056415866581
321,321,467.1200248,467.119671,467.1194997,1.142857143,0.571428571,C21 H24 O12,21.0,24.0,12.0,0.0,0.0,0.0,0.0,0.0,0.0,lignin,0.8638495022608617
322,322,467.0988967,467.0985428,467.0983703,0.833333333,0.416666667,C24 H20 O10,24.0,20.0,10.0,0.0,0.0,0.0,0.0,0.0,0.0,tannin,0.9106132019608403
323,323,467.0835285,467.0831747,467.0831142,1.0,0.65,C20 H20 O13,20.0,20.0,13.0,0.0,0.0,0.0,0.0,0.0,0.0,lignin,0.9367628708870519
324,324,466.2168922,466.2165395,466.216361,1.47826087,0.391304348,C23 H34 O9 13C1,24.0,34.0,9.0,0.0,0.0,1.0,0.0,0.0,0.0,lignin,0.8518162676464807
325,325,466.1805463,466.1801937,466.1799755,1.363636364,0.454545455,C22 H30 O10 13C1,23.0,30.0,10.0,0.0,0.0,1.0,0.0,0.0,0.0,lignin,0.8551600269117119
326,326,465.2498688,465.2495173,465.2493916,1.52,0.32,C25 H38 O8,25.0,38.0,8.0,0.0,0.0,0.0,0.0,0.0,0.0,lipid,0.9052839692226714
327,327,465.2133144,465.2129629,465.2130061,1.416666667,0.375,C24 H34 O9,24.0,34.0,9.0,0.0,0.0,0.0,0.0,0.0,0.0,lignin,0.8533931407470099
328,328,465.1768125,465.1764611,465.1766206,1.304347826,0.434782609,C23 H30 O10,23.0,30.0,10.0,0.0,0.0,0.0,0.0,0.0,0.0,lignin,0.8577486572000133
329,329,465.1687444,465.168393,465.1682455,0.764705882,0.0,C34 H26 S1,34.0,26.0,0.0,1.0,0.0,0.0,0.0,0.0,0.0,pah,0.9562309673885254
330,330,465.1405137,465.1401624,465.1402351,1.181818182,0.5,C22 H26 O11,22.0,26.0,11.0,0.0,0.0,0.0,0.0,0.0,0.0,lignin,0.8628004465333037
331,331,465.1042843,465.1039329,465.1038496,1.047619048,0.571428571,C21 H22 O12,21.0,22.0,12.0,0.0,0.0,0.0,0.0,0.0,0.0,lignin,0.9377261204168679
332,332,465.0679612,465.0676099,465.0674641,0.9,0.65,C20 H18 O13,20.0,18.0,13.0,0.0,0.0,0.0,0.0,0.0,0.0,tannin,0.9045962786836818
333,333,464.2372622,464.236912,464.2370964,1.5,0.333333333,C24 H36 O8 13C1,25.0,36.0,8.0,0.0,0.0,1.0,0.0,0.0,0.0,lipid,0.5974726827990636
334,334,464.2010542,464.200704,464.2007109,1.391304348,0.391304348,C23 H32 O9 13C1,24.0,32.0,9.0,0.0,0.0,1.0,0.0,0.0,0.0,lignin,0.8541452301162991
335,335,464.1648818,464.1645317,464.1643254,1.272727273,0.454545455,C22 H28 O10 13C1,23.0,28.0,10.0,0.0,0.0,1.0,0.0,0.0,0.0,lignin,0.8587978397358015
336,336,463.2706411,463.2702921,463.2701271,1.538461538,0.269230769,C26 H40 O7,26.0,40.0,7.0,0.0,0.0,0.0,0.0,0.0,0.0,lipid,0.9051156428435616
337,337,463.2342629,463.233914,463.2337416,1.44,0.32,C25 H36 O8,25.0,36.0,8.0,0.0,0.0,0.0,0.0,0.0,0.0,lignin,0.7217167477226758
338,338,463.1977048,463.1973559,463.1973561,1.333333333,0.375,C24 H32 O9,24.0,32.0,9.0,0.0,0.0,0.0,0.0,0.0,0.0,lignin,0.8556167225618718
339,339,463.1611857,463.1608368,463.1609706,1.217391304,0.434782609,C23 H28 O10,23.0,28.0,10.0,0.0,0.0,0.0,0.0,0.0,0.0,lignin,0.8608926876246871
340,340,463.1248685,463.1245197,463.1245851,1.090909091,0.5,C22 H24 O11,22.0,24.0,11.0,0.0,0.0,0.0,0.0,0.0,0.0,lignin,0.9393649682670878
341,341,463.0886028,463.0882541,463.0881995,0.952380952,0.571428571,C21 H20 O12,21.0,20.0,12.0,0.0,0.0,0.0,0.0,0.0,0.0,lignin,0.6077937751426358
342,342,462.2215995,462.2212518,462.2214464,1.416666667,0.333333333,C24 H34 O8 13C1,25.0,34.0,8.0,0.0,0.0,1.0,0.0,0.0,0.0,lignin,0.8528774104053213
343,343,462.1854041,462.1850564,462.1850608,1.304347826,0.391304348,C23 H30 O9 13C1,24.0,30.0,9.0,0.0,0.0,1.0,0.0,0.0,0.0,lignin,0.8566188534606622
344,344,461.2549819,461.2546354,461.254477,1.461538462,0.269230769,C26 H38 O7,26.0,38.0,7.0,0.0,0.0,0.0,0.0,0.0,0.0,lipid,0.7452928512018278
345,345,461.2185517,461.2182053,461.2180915,1.36,0.32,C25 H34 O8,25.0,34.0,8.0,0.0,0.0,0.0,0.0,0.0,0.0,lignin,0.8542229494600937
346,346,461.1820133,461.1816669,461.181706,1.25,0.375,C24 H30 O9,24.0,30.0,9.0,0.0,0.0,0.0,0.0,0.0,0.0,lignin,0.8595363644524904
347,347,461.1455455,461.1451992,461.1453205,1.130434783,0.434782609,C23 H26 O10,23.0,26.0,10.0,0.0,0.0,0.0,0.0,0.0,0.0,lignin,0.8660688445755664
348,348,461.1092827,461.1089364,461.108935,1.0,0.5,C22 H22 O11,22.0,22.0,11.0,0.0,0.0,0.0,0.0,0.0,0.0,lignin,0.9381105716616908
349,349,461.0729803,461.0726341,461.0725495,0.857142857,0.571428571,C21 H18 O12,21.0,18.0,12.0,0.0,0.0,0.0,0.0,0.0,0.0,tannin,0.9099907868601675
350,350,460.2060944,460.2057493,460.2057963,1.333333333,0.333333333,C24 H32 O8 13C1,25.0,32.0,8.0,0.0,0.0,1.0,0.0,0.0,0.0,lignin,0.8551654389159757
351,351,459.2451562,459.2448123,459.2447002,2.105263158,0.631578947,C19 H40 O12,19.0,40.0,12.0,0.0,0.0,0.0,0.0,0.0,0.0,carbohydrate,0.8543062331667624
352,352,459.2392673,459.2389233,459.238827,1.384615385,0.269230769,C26 H36 O7,26.0,36.0,7.0,0.0,0.0,0.0,0.0,0.0,0.0,lignin,0.853126842084251
353,353,459.2026909,459.202347,459.2024415,1.28,0.32,C25 H32 O8,25.0,32.0,8.0,0.0,0.0,0.0,0.0,0.0,0.0,lignin,0.8568224022566783
354,354,459.166286,459.1659422,459.1660559,1.166666667,0.375,C24 H28 O9,24.0,28.0,9.0,0.0,0.0,0.0,0.0,0.0,0.0,lignin,0.8641887123282241
355,355,459.1300271,459.1296833,459.1296704,1.043478261,0.434782609,C23 H24 O10,23.0,24.0,10.0,0.0,0.0,0.0,0.0,0.0,0.0,lignin,0.9393983350411906
356,356,459.1148283,459.1144845,459.1144143,1.263157895,0.684210526,C19 H24 O13,19.0,24.0,13.0,0.0,0.0,0.0,0.0,0.0,0.0,lignin,0.8815946475303967
357,357,459.0937808,459.0934371,459.0932849,0.909090909,0.5,C22 H20 O11,22.0,20.0,11.0,0.0,0.0,0.0,0.0,0.0,0.0,tannin,0.9035353510075929
358,358,457.2597957,457.2594543,457.2595624,1.407407407,0.222222222,C27 H38 O6,27.0,38.0,6.0,0.0,0.0,0.0,0.0,0.0,0.0,lipid,0.7454030805512142
359,359,457.2233555,457.2230141,457.2231769,1.307692308,0.269230769,C26 H34 O7,26.0,34.0,7.0,0.0,0.0,0.0,0.0,0.0,0.0,lignin,0.8552996152570825
360,360,457.1871159,457.1867746,457.1867914,1.2,0.32,C25 H30 O8,25.0,30.0,8.0,0.0,0.0,0.0,0.0,0.0,0.0,lignin,0.8624271387423971
361,361,457.171964,457.1716226,457.1715353,1.428571429,0.523809524,C21 H30 O11,21.0,30.0,11.0,0.0,0.0,0.0,0.0,0.0,0.0,lignin,0.8527916043118855
362,362,457.1509348,457.1505935,457.1504059,1.083333333,0.375,C24 H26 O9,24.0,26.0,9.0,0.0,0.0,0.0,0.0,0.0,0.0,lignin,0.9416980705306498
363,363,457.1356429,457.1353017,457.1351497,1.3,0.6,C20 H26 O12,20.0,26.0,12.0,0.0,0.0,0.0,0.0,0.0,0.0,lignin,0.867338256688529
364,364,457.1144751,457.1141338,457.1140204,0.956521739,0.434782609,C23 H22 O10,23.0,22.0,10.0,0.0,0.0,0.0,0.0,0.0,0.0,lignin,0.9379702467896589
365,365,457.0991066,457.0987653,457.0987642,1.157894737,0.684210526,C19 H22 O13,19.0,22.0,13.0,0.0,0.0,0.0,0.0,0.0,0.0,lignin,0.8819719487403737
366,366,457.0779109,457.0775697,457.0776349,0.818181818,0.5,C22 H18 O11,22.0,18.0,11.0,0.0,0.0,0.0,0.0,0.0,0.0,tannin,0.9112387217198282
367,367,457.0625743,457.0622331,457.0623787,1.0,0.777777778,C18 H18 O14,18.0,18.0,14.0,0.0,0.0,0.0,0.0,0.0,0.0,lignin,0.9358172554592429
368,368,455.2291355,455.2287966,455.2286562,1.565217391,0.391304348,C23 H36 O9,23.0,36.0,9.0,0.0,0.0,0.0,0.0,0.0,0.0,lipid,0.8904160479044767
369,369,455.2079864,455.2076475,455.2075268,1.230769231,0.269230769,C26 H32 O7,26.0,32.0,7.0,0.0,0.0,0.0,0.0,0.0,0.0,lignin,0.8594486390629215
370,370,455.1926993,455.1923605,455.1922707,1.454545455,0.454545455,C22 H32 O10,22.0,32.0,10.0,0.0,0.0,0.0,0.0,0.0,0.0,lignin,0.8525940152065388
371,371,455.1714666,455.1711278,455.1711413,1.12,0.32,C25 H28 O8,25.0,28.0,8.0,0.0,0.0,0.0,0.0,0.0,0.0,lignin,0.8671761820312451
372,372,455.1561298,455.155791,455.1558852,1.333333333,0.523809524,C21 H28 O11,21.0,28.0,11.0,0.0,0.0,0.0,0.0,0.0,0.0,lignin,0.8569019814163139
373,373,455.1480155,455.1476767,455.14751,0.75,0.03125,C32 H24 O1 S1,32.0,24.0,1.0,1.0,0.0,0.0,0.0,0.0,0.0,pah,0.9560345835370596
374,374,455.1349576,455.1346189,455.1347558,1.0,0.375,C24 H24 O9,24.0,24.0,9.0,0.0,0.0,0.0,0.0,0.0,0.0,lignin,0.9387819963105676
375,375,455.1196864,455.1193476,455.1194997,1.2,0.6,C20 H24 O12,20.0,24.0,12.0,0.0,0.0,0.0,0.0,0.0,0.0,lignin,0.8605637013663646
376,376,455.0986159,455.0982772,455.0983703,0.869565217,0.434782609,C23 H20 O10,23.0,20.0,10.0,0.0,0.0,0.0,0.0,0.0,0.0,tannin,0.9094735199091708
377,377,455.0834368,455.0830981,455.0831142,1.052631579,0.684210526,C19 H20 O13,19.0,20.0,13.0,0.0,0.0,0.0,0.0,0.0,0.0,lignin,0.9365756080557184
378,378,453.2496284,453.249292,453.2493916,1.583333333,0.333333333,C24 H38 O8,24.0,38.0,8.0,0.0,0.0,0.0,0.0,0.0,0.0,lipid,0.892550661387012
379,379,453.2131949,453.2128586,453.2130061,1.47826087,0.391304348,C23 H34 O9,23.0,34.0,9.0,0.0,0.0,0.0,0.0,0.0,0.0,lignin,0.8518162676464807
380,380,453.1770349,453.1766986,453.1766206,1.363636364,0.454545455,C22 H30 O10,22.0,30.0,10.0,0.0,0.0,0.0,0.0,0.0,0.0,lignin,0.8551600269117119
381,381,453.1407605,453.1404242,453.1402351,1.238095238,0.523809524,C21 H26 O11,21.0,26.0,11.0,0.0,0.0,0.0,0.0,0.0,0.0,lignin,0.8597655219129055
382,382,453.1195997,453.1192634,453.1191058,0.916666667,0.375,C24 H22 O9,24.0,22.0,9.0,0.0,0.0,0.0,0.0,0.0,0.0,tannin,0.9082203010663153
383,383,453.1041988,453.1038626,453.1038496,1.1,0.6,C20 H22 O12,20.0,22.0,12.0,0.0,0.0,0.0,0.0,0.0,0.0,lignin,0.8976887654535102
384,384,453.0829133,453.0825771,453.0827202,0.782608696,0.434782609,C23 H18 O10,23.0,18.0,10.0,0.0,0.0,0.0,0.0,0.0,0.0,tannin,0.900663061298746
385,385,453.0675764,453.0672402,453.0674641,0.947368421,0.684210526,C19 H18 O13,19.0,18.0,13.0,0.0,0.0,0.0,0.0,0.0,0.0,tannin,0.7310367819898654
386,386,452.2325651,452.23223,452.2323619,1.95,0.4,C20 H39 O8 S1 N1,20.0,39.0,8.0,1.0,1.0,0.0,0.0,0.0,0.05,lipid,0.8804144946623544
387,387,452.2009044,452.2005693,452.2007109,1.454545455,0.409090909,C22 H32 O9 13C1,23.0,32.0,9.0,0.0,0.0,1.0,0.0,0.0,0.0,lignin,0.8524546661476095
388,388,452.1646786,452.1643436,452.1643254,1.333333333,0.476190476,C21 H28 O10 13C1,22.0,28.0,10.0,0.0,0.0,1.0,0.0,0.0,0.0,lignin,0.8568984337715149
389,389,451.2341174,451.2337835,451.2337416,1.5,0.333333333,C24 H36 O8,24.0,36.0,8.0,0.0,0.0,0.0,0.0,0.0,0.0,lipid,0.5974726827990636
390,390,451.2131317,451.2127979,451.2126122,1.185185185,0.222222222,C27 H32 O6,27.0,32.0,6.0,0.0,0.0,0.0,0.0,0.0,0.0,lignin,0.8626282459923316
391,391,451.1974664,451.1971326,451.1973561,1.391304348,0.391304348,C23 H32 O9,23.0,32.0,9.0,0.0,0.0,0.0,0.0,0.0,0.0,lignin,0.8541452301162991
392,392,451.1612358,451.160902,451.1609706,1.272727273,0.454545455,C22 H28 O10,22.0,28.0,10.0,0.0,0.0,0.0,0.0,0.0,0.0,lignin,0.8587978397358015
393,393,451.1308383,451.1305046,451.1304583,2.0,1.142857143,C14 H28 O16,14.0,28.0,16.0,0.0,0.0,0.0,0.0,0.0,0.0,carbohydrate,0.903181468447178
394,394,451.12512,451.1247863,451.1245851,1.142857143,0.523809524,C21 H24 O11,21.0,24.0,11.0,0.0,0.0,0.0,0.0,0.0,0.0,lignin,0.8644683520371007
395,395,451.08866,451.0883263,451.0881995,1.0,0.6,C20 H20 O12,20.0,20.0,12.0,0.0,0.0,0.0,0.0,0.0,0.0,lignin,0.937183515404201
396,396,451.0520037,451.0516701,451.051814,0.842105263,0.684210526,C19 H16 O13,19.0,16.0,13.0,0.0,0.0,0.0,0.0,0.0,0.0,tannin,0.910737240127656
397,397,450.2217332,450.2214006,450.2214464,1.47826087,0.347826087,C23 H34 O8 13C1,24.0,34.0,8.0,0.0,0.0,1.0,0.0,0.0,0.0,lignin,0.7210671233256676
398,398,450.1852233,450.1848908,450.1850608,1.363636364,0.409090909,C22 H30 O9 13C1,23.0,30.0,9.0,0.0,0.0,1.0,0.0,0.0,0.0,lignin,0.8549500815200745
399,399,450.1489444,450.1486119,450.1486753,1.238095238,0.476190476,C21 H26 O10 13C1,22.0,26.0,10.0,0.0,0.0,1.0,0.0,0.0,0.0,lignin,0.859958584061288
400,400,449.254974,449.2546426,449.254477,1.52,0.28,C25 H38 O7,25.0,38.0,7.0,0.0,0.0,0.0,0.0,0.0,0.0,lipid,0.9052277265056023
401,401,449.2183688,449.2180375,449.2180915,1.416666667,0.333333333,C24 H34 O8,24.0,34.0,8.0,0.0,0.0,0.0,0.0,0.0,0.0,lignin,0.8528774104053213
402,402,449.1818845,449.1815532,449.181706,1.304347826,0.391304348,C23 H30 O9,23.0,30.0,9.0,0.0,0.0,0.0,0.0,0.0,0.0,lignin,0.8566188534606622
403,403,449.14567,449.1453387,449.1453205,1.181818182,0.454545455,C22 H26 O10,22.0,26.0,10.0,0.0,0.0,0.0,0.0,0.0,0.0,lignin,0.863120683281782
404,404,449.1094098,449.1090785,449.108935,1.047619048,0.523809524,C21 H22 O11,21.0,22.0,11.0,0.0,0.0,0.0,0.0,0.0,0.0,lignin,0.9382874873006024
405,405,449.0729809,449.0726497,449.0725495,0.9,0.6,C20 H18 O12,20.0,18.0,12.0,0.0,0.0,0.0,0.0,0.0,0.0,tannin,0.904402365888237
406,406,448.2060269,448.2056968,448.2057963,1.391304348,0.347826087,C23 H32 O8 13C1,24.0,32.0,8.0,0.0,0.0,1.0,0.0,0.0,0.0,lignin,0.8536635088085431
407,407,448.1695452,448.1692151,448.1694108,1.272727273,0.409090909,C22 H28 O9 13C1,23.0,28.0,9.0,0.0,0.0,1.0,0.0,0.0,0.0,lignin,0.8587822085527257
408,408,447.2392291,447.2389002,447.238827,1.44,0.28,C25 H36 O7,25.0,36.0,7.0,0.0,0.0,0.0,0.0,0.0,0.0,lipid,0.5978232514197949
409,409,447.2026687,447.2023398,447.2024415,1.333333333,0.333333333,C24 H32 O8,24.0,32.0,8.0,0.0,0.0,0.0,0.0,0.0,0.0,lignin,0.8551654389159757
410,410,447.1662542,447.1659254,447.1660559,1.217391304,0.391304348,C23 H28 O9,23.0,28.0,9.0,0.0,0.0,0.0,0.0,0.0,0.0,lignin,0.8609100995462786
411,411,447.1301227,447.129794,447.1296704,1.090909091,0.454545455,C22 H24 O10,22.0,24.0,10.0,0.0,0.0,0.0,0.0,0.0,0.0,lignin,0.9402671249234376
412,412,447.0937946,447.0934658,447.0932849,0.952380952,0.523809524,C21 H20 O11,21.0,20.0,11.0,0.0,0.0,0.0,0.0,0.0,0.0,lignin,0.7925433517716529
413,413,447.0571838,447.0568551,447.0568994,0.8,0.6,C20 H16 O12,20.0,16.0,12.0,0.0,0.0,0.0,0.0,0.0,0.0,tannin,0.9118854893651083
414,414,447.054782,447.0544533,447.0543975,0.666666667,0.291666667,C24 H16 O7 S1,24.0,16.0,7.0,1.0,0.0,0.0,0.0,0.0,0.0,pah,0.6268685120174017
415,415,446.2267149,446.2263873,446.2265317,1.416666667,0.291666667,C24 H34 O7 13C1,25.0,34.0,7.0,0.0,0.0,1.0,0.0,0.0,0.0,lignin,0.7218961815393855
416,416,446.1903553,446.1900277,446.1901462,1.304347826,0.347826087,C23 H30 O8 13C1,24.0,30.0,8.0,0.0,0.0,1.0,0.0,0.0,0.0,lignin,0.8562912088003072
417,417,445.2597984,445.259472,445.2595624,1.461538462,0.230769231,C26 H38 O6,26.0,38.0,6.0,0.0,0.0,0.0,0.0,0.0,0.0,lipid,0.9062016042043123
418,418,445.2232939,445.2229675,445.2231769,1.36,0.28,C25 H34 O7,25.0,34.0,7.0,0.0,0.0,0.0,0.0,0.0,0.0,lignin,0.8538456264754423
419,419,445.1871677,445.1868414,445.1867914,1.25,0.333333333,C24 H30 O8,24.0,30.0,8.0,0.0,0.0,0.0,0.0,0.0,0.0,lignin,0.8593055437815356
420,420,445.1509075,445.1505812,445.1504059,1.130434783,0.391304348,C23 H26 O9,23.0,26.0,9.0,0.0,0.0,0.0,0.0,0.0,0.0,lignin,0.8663146345801305
421,421,445.1143943,445.114068,445.1140204,1.0,0.454545455,C22 H22 O10,22.0,22.0,10.0,0.0,0.0,0.0,0.0,0.0,0.0,lignin,0.9384917442290032
422,422,445.0989837,445.0986575,445.0987642,1.222222222,0.722222222,C18 H22 O13,18.0,22.0,13.0,0.0,0.0,0.0,0.0,0.0,0.0,lignin,0.8691972732759403
423,423,445.0777989,445.0774727,445.0776349,0.857142857,0.523809524,C21 H18 O11,21.0,18.0,11.0,0.0,0.0,0.0,0.0,0.0,0.0,tannin,0.9099147469728475
424,424,445.0753651,445.0750388,445.0751329,0.72,0.24,C25 H18 O6 S1,25.0,18.0,6.0,1.0,0.0,0.0,0.0,0.0,0.0,pah,0.5010608752813018
425,425,445.0625334,445.0622072,445.0623787,1.058823529,0.823529412,C17 H18 O14,17.0,18.0,14.0,0.0,0.0,0.0,0.0,0.0,0.0,lignin,0.8533527495553574
426,426,445.0391764,445.0388502,445.0387474,0.583333333,0.291666667,C24 H14 O7 S1,24.0,14.0,7.0,1.0,0.0,0.0,0.0,0.0,0.0,pah,0.954797008353012
427,427,443.301609,443.301285,443.3014272,1.833333333,0.291666667,C24 H44 O7,24.0,44.0,7.0,0.0,0.0,0.0,0.0,0.0,0.0,lipid,0.9096250525332579
428,428,443.2783234,443.2779994,443.2777959,1.290322581,0.0,C31 H40 S1,31.0,40.0,0.0,1.0,0.0,0.0,0.0,0.0,0.0,lipid,0.8977677860578982
429,429,443.2443062,443.2439823,443.2439123,1.384615385,0.230769231,C26 H36 O6,26.0,36.0,6.0,0.0,0.0,0.0,0.0,0.0,0.0,lignin,0.5418614632414241
430,430,443.2079838,443.2076598,443.2075268,1.28,0.28,C25 H32 O7,25.0,32.0,7.0,0.0,0.0,0.0,0.0,0.0,0.0,lignin,0.8563638007104
431,431,443.1927038,443.1923799,443.1922707,1.523809524,0.476190476,C21 H32 O10,21.0,32.0,10.0,0.0,0.0,0.0,0.0,0.0,0.0,lignin,0.8428985471404598
432,432,443.1715005,443.1711766,443.1711413,1.166666667,0.333333333,C24 H28 O8,24.0,28.0,8.0,0.0,0.0,0.0,0.0,0.0,0.0,lignin,0.864180428239405
433,433,443.1561682,443.1558443,443.1558852,1.4,0.55,C20 H28 O11,20.0,28.0,11.0,0.0,0.0,0.0,0.0,0.0,0.0,lignin,0.8634048449092754
434,434,443.1349411,443.1346173,443.1347558,1.043478261,0.391304348,C23 H24 O9,23.0,24.0,9.0,0.0,0.0,0.0,0.0,0.0,0.0,lignin,0.9400431034082807
435,435,443.1325301,443.1322063,443.1322539,0.888888889,0.148148148,C27 H24 O4 S1,27.0,24.0,4.0,1.0,0.0,0.0,0.0,0.0,0.0,tannin,0.8724313394983749
436,436,443.1196731,443.1193493,443.1194997,1.263157895,0.631578947,C19 H24 O12,19.0,24.0,12.0,0.0,0.0,0.0,0.0,0.0,0.0,lignin,0.8681338577918819
437,437,443.0986551,443.0983313,443.0983703,0.909090909,0.454545455,C22 H20 O10,22.0,20.0,10.0,0.0,0.0,0.0,0.0,0.0,0.0,tannin,0.9085638001158918
438,438,443.0834618,443.083138,443.0831142,1.111111111,0.722222222,C18 H20 O13,18.0,20.0,13.0,0.0,0.0,0.0,0.0,0.0,0.0,lignin,0.8996881776083736
439,439,443.0625118,443.0621881,443.0619848,0.761904762,0.523809524,C21 H16 O11,21.0,16.0,11.0,0.0,0.0,0.0,0.0,0.0,0.0,tannin,0.9103062671498545
440,440,442.2566566,442.2563338,442.2561178,2.210526316,0.421052632,C19 H42 O8 S1 13C1,20.0,42.0,8.0,1.0,0.0,1.0,0.0,0.0,0.0,lipid,0.8811938474869745
441,441,441.2530127,441.2526912,441.252763,2.1,0.4,C20 H42 O8 S1,20.0,42.0,8.0,1.0,0.0,0.0,0.0,0.0,0.0,lipid,0.8804859140379998
442,442,441.2284011,441.2280796,441.2282623,1.307692308,0.230769231,C26 H34 O6,26.0,34.0,6.0,0.0,0.0,0.0,0.0,0.0,0.0,lignin,0.8549581428999312
443,443,441.2131321,441.2128107,441.2130061,1.545454545,0.409090909,C22 H34 O9,22.0,34.0,9.0,0.0,0.0,0.0,0.0,0.0,0.0,lignin,0.5784897788344096
444,444,441.192135,441.1918135,441.1918768,1.2,0.28,C25 H30 O7,25.0,30.0,7.0,0.0,0.0,0.0,0.0,0.0,0.0,lignin,0.8622675447895244
445,445,441.177036,441.1767146,441.1766206,1.428571429,0.476190476,C21 H30 O10,21.0,30.0,10.0,0.0,0.0,0.0,0.0,0.0,0.0,lignin,0.8531472176171233
446,446,441.1559893,441.1556679,441.1554913,1.083333333,0.333333333,C24 H26 O8,24.0,26.0,8.0,0.0,0.0,0.0,0.0,0.0,0.0,lignin,0.9427501184176927
447,447,441.1407387,441.1404173,441.1402351,1.3,0.55,C20 H26 O11,20.0,26.0,11.0,0.0,0.0,0.0,0.0,0.0,0.0,lignin,0.857690840428841
448,448,441.1194907,441.1191693,441.1191058,0.956521739,0.391304348,C23 H22 O9,23.0,22.0,9.0,0.0,0.0,0.0,0.0,0.0,0.0,lignin,0.9380149999516532
449,449,441.1041163,441.103795,441.1038496,1.157894737,0.631578947,C19 H22 O12,19.0,22.0,12.0,0.0,0.0,0.0,0.0,0.0,0.0,lignin,0.862370494803465
450,450,441.1017829,441.1014616,441.1013477,0.956521739,0.304347826,C23 H22 O7 S1,23.0,22.0,7.0,1.0,0.0,0.0,0.0,0.0,0.0,lignin,0.9448836834665885
451,451,441.0828772,441.082556,441.0827202,0.818181818,0.454545455,C22 H18 O10,22.0,18.0,10.0,0.0,0.0,0.0,0.0,0.0,0.0,tannin,0.911119869170753
452,452,441.067629,441.0673077,441.0674641,1.0,0.722222222,C18 H18 O13,18.0,18.0,13.0,0.0,0.0,0.0,0.0,0.0,0.0,lignin,0.9362275391038175
453,453,440.2011796,440.2008594,440.2007109,1.523809524,0.428571429,C21 H32 O9 13C1,22.0,32.0,9.0,0.0,0.0,1.0,0.0,0.0,0.0,lignin,0.8439914428290309
454,454,440.1646921,440.164372,440.1643254,1.4,0.5,C20 H28 O10 13C1,21.0,28.0,10.0,0.0,0.0,1.0,0.0,0.0,0.0,lignin,0.8548859759710256
455,455,439.2341493,439.2338303,439.2337416,1.565217391,0.347826087,C23 H36 O8,23.0,36.0,8.0,0.0,0.0,0.0,0.0,0.0,0.0,lipid,0.8929348647009853
456,456,439.1975826,439.1972637,439.1973561,1.454545455,0.409090909,C22 H32 O9,22.0,32.0,9.0,0.0,0.0,0.0,0.0,0.0,0.0,lignin,0.8524546661476095
457,457,439.1611577,439.1608388,439.1609706,1.333333333,0.476190476,C21 H28 O10,21.0,28.0,10.0,0.0,0.0,0.0,0.0,0.0,0.0,lignin,0.8568984337715149
458,458,439.1531148,439.1527959,439.1525954,0.75,0.0,C32 H24 S1,32.0,24.0,0.0,1.0,0.0,0.0,0.0,0.0,0.0,pah,0.9561156868689886
459,459,439.124993,439.1246741,439.1245851,1.2,0.55,C20 H24 O11,20.0,24.0,11.0,0.0,0.0,0.0,0.0,0.0,0.0,lignin,0.8610027604558137
460,460,439.1039523,439.1036335,439.1034557,0.869565217,0.391304348,C23 H20 O9,23.0,20.0,9.0,0.0,0.0,0.0,0.0,0.0,0.0,tannin,0.9097462636932916
461,461,439.088706,439.0883872,439.0881995,1.052631579,0.631578947,C19 H20 O12,19.0,20.0,12.0,0.0,0.0,0.0,0.0,0.0,0.0,lignin,0.9371183644875455
462,462,439.0520456,439.0517269,439.051814,0.888888889,0.722222222,C18 H16 O13,18.0,16.0,13.0,0.0,0.0,0.0,0.0,0.0,0.0,tannin,0.9054127865751445
463,463,438.2217238,438.2214061,438.2214464,1.545454545,0.363636364,C22 H34 O8 13C1,23.0,34.0,8.0,0.0,0.0,1.0,0.0,0.0,0.0,lipid,0.8933744284769745
464,464,438.1855261,438.1852084,438.1850608,1.428571429,0.428571429,C21 H30 O9 13C1,22.0,30.0,9.0,0.0,0.0,1.0,0.0,0.0,0.0,lignin,0.8531021251883066
465,465,438.149069,438.1487513,438.1486753,1.3,0.5,C20 H26 O10 13C1,21.0,26.0,10.0,0.0,0.0,1.0,0.0,0.0,0.0,lignin,0.8578410160047147
466,466,437.254992,437.2546754,437.254477,1.583333333,0.291666667,C24 H38 O7,24.0,38.0,7.0,0.0,0.0,0.0,0.0,0.0,0.0,lipid,0.894152658720164
467,467,437.218466,437.2181495,437.2180915,1.47826087,0.347826087,C23 H34 O8,23.0,34.0,8.0,0.0,0.0,0.0,0.0,0.0,0.0,lignin,0.7210671233256676
468,468,437.1818611,437.1815446,437.181706,1.363636364,0.409090909,C22 H30 O9,22.0,30.0,9.0,0.0,0.0,0.0,0.0,0.0,0.0,lignin,0.8549500815200745
469,469,437.1456122,437.1452958,437.1453205,1.238095238,0.476190476,C21 H26 O10,21.0,26.0,10.0,0.0,0.0,0.0,0.0,0.0,0.0,lignin,0.859958584061288
470,470,437.1093888,437.1090724,437.108935,1.1,0.55,C20 H22 O11,20.0,22.0,11.0,0.0,0.0,0.0,0.0,0.0,0.0,lignin,0.8986315021837095
471,471,437.0882201,437.0879038,437.0878056,0.782608696,0.391304348,C23 H18 O9,23.0,18.0,9.0,0.0,0.0,0.0,0.0,0.0,0.0,tannin,0.8864215061645397
472,472,437.072938,437.0726217,437.0725495,0.947368421,0.631578947,C19 H18 O12,19.0,18.0,12.0,0.0,0.0,0.0,0.0,0.0,0.0,tannin,0.547582745923423
473,473,437.0363868,437.0360705,437.036164,0.777777778,0.722222222,C18 H14 O13,18.0,14.0,13.0,0.0,0.0,0.0,0.0,0.0,0.0,tannin,0.9130521186854276
474,474,437.0339794,437.0336631,437.0336621,0.636363636,0.363636364,C22 H14 O8 S1,22.0,14.0,8.0,1.0,0.0,0.0,0.0,0.0,0.0,tannin,0.6143689857699812
475,475,436.206189,436.2058737,436.2057963,1.454545455,0.363636364,C22 H32 O8 13C1,23.0,32.0,8.0,0.0,0.0,1.0,0.0,0.0,0.0,lignin,0.8519513849120852
476,476,436.1699122,436.1695969,436.1694108,1.333333333,0.428571429,C21 H28 O9 13C1,22.0,28.0,9.0,0.0,0.0,1.0,0.0,0.0,0.0,lignin,0.8559186396947422
477,477,436.1332998,436.1329846,436.1330253,1.2,0.5,C20 H24 O10 13C1,21.0,24.0,10.0,0.0,0.0,1.0,0.0,0.0,0.0,lignin,0.8613582912770827
478,478,435.2392997,435.2389856,435.238827,1.5,0.291666667,C24 H36 O7,24.0,36.0,7.0,0.0,0.0,0.0,0.0,0.0,0.0,lipid,0.9053594854236182
479,479,435.2026134,435.2022994,435.2024415,1.391304348,0.347826087,C23 H32 O8,23.0,32.0,8.0,0.0,0.0,0.0,0.0,0.0,0.0,lignin,0.8536635088085431
480,480,435.166205,435.165891,435.1660559,1.272727273,0.409090909,C22 H28 O9,22.0,28.0,9.0,0.0,0.0,0.0,0.0,0.0,0.0,lignin,0.8587822085527257
481,481,435.1301302,435.1298163,435.1296704,1.142857143,0.476190476,C21 H24 O10,21.0,24.0,10.0,0.0,0.0,0.0,0.0,0.0,0.0,lignin,0.8649885351377138
482,482,435.0937447,435.0934308,435.0932849,1.0,0.55,C20 H20 O11,20.0,20.0,11.0,0.0,0.0,0.0,0.0,0.0,0.0,lignin,0.937634063699545
483,483,435.0570397,435.0567259,435.0568994,0.842105263,0.631578947,C19 H16 O12,19.0,16.0,12.0,0.0,0.0,0.0,0.0,0.0,0.0,tannin,0.9105283086009612
484,484,435.0546461,435.0543323,435.0543975,0.695652174,0.304347826,C23 H16 O7 S1,23.0,16.0,7.0,1.0,0.0,0.0,0.0,0.0,0.0,tannin,0.6158526554149608
485,485,434.226901,434.2265881,434.2265317,1.47826087,0.304347826,C23 H34 O7 13C1,24.0,34.0,7.0,0.0,0.0,1.0,0.0,0.0,0.0,lipid,0.74501203631049
486,486,434.1906213,434.1903085,434.1901462,1.363636364,0.363636364,C22 H30 O8 13C1,23.0,30.0,8.0,0.0,0.0,1.0,0.0,0.0,0.0,lignin,0.8546552592369823
487,487,434.1539971,434.1536844,434.1537607,1.238095238,0.428571429,C21 H26 O9 13C1,22.0,26.0,9.0,0.0,0.0,1.0,0.0,0.0,0.0,lignin,0.8600563311768734
488,488,433.2598808,433.2595692,433.2595624,1.52,0.24,C25 H38 O6,25.0,38.0,6.0,0.0,0.0,0.0,0.0,0.0,0.0,lipid,0.90521970300767
489,489,433.2233367,433.2230251,433.2231769,1.416666667,0.291666667,C24 H34 O7,24.0,34.0,7.0,0.0,0.0,0.0,0.0,0.0,0.0,lignin,0.7218961815393855
490,490,433.1870697,433.1867581,433.1867914,1.304347826,0.347826087,C23 H30 O8,23.0,30.0,8.0,0.0,0.0,0.0,0.0,0.0,0.0,lignin,0.8562912088003072
491,491,433.1508752,433.1505637,433.1504059,1.181818182,0.409090909,C22 H26 O9,22.0,26.0,9.0,0.0,0.0,0.0,0.0,0.0,0.0,lignin,0.8633179060435922
492,492,433.114366,433.1140545,433.1140204,1.047619048,0.476190476,C21 H22 O10,21.0,22.0,10.0,0.0,0.0,0.0,0.0,0.0,0.0,lignin,0.9389002643250313
493,493,433.1119442,433.1116327,433.1115184,0.88,0.2,C25 H22 O5 S1,25.0,22.0,5.0,1.0,0.0,0.0,0.0,0.0,0.0,tannin,0.8764927749728082
494,494,433.0777585,433.0774471,433.0776349,0.9,0.55,C20 H18 O11,20.0,18.0,11.0,0.0,0.0,0.0,0.0,0.0,0.0,tannin,0.9042476957125285
495,495,433.075329,433.0750176,433.0751329,0.75,0.25,C24 H18 O6 S1,24.0,18.0,6.0,1.0,0.0,0.0,0.0,0.0,0.0,tannin,0.6172638965503788
496,496,433.0415556,433.0412442,433.0412494,0.736842105,0.631578947,C19 H14 O12,19.0,14.0,12.0,0.0,0.0,0.0,0.0,0.0,0.0,tannin,0.9135555986313818
497,497,433.0391256,433.0388142,433.0387474,0.608695652,0.304347826,C23 H14 O7 S1,23.0,14.0,7.0,1.0,0.0,0.0,0.0,0.0,0.0,pah,0.9548137289987633
498,498,432.2111516,432.2108413,432.2108817,1.391304348,0.304347826,C23 H32 O7 13C1,24.0,32.0,7.0,0.0,0.0,1.0,0.0,0.0,0.0,lignin,0.8532514209341617
499,499,432.1746528,432.1743425,432.1744962,1.272727273,0.363636364,C22 H28 O8 13C1,23.0,28.0,8.0,0.0,0.0,1.0,0.0,0.0,0.0,lignin,0.8585905454674961
500,500,431.244304,431.2439948,431.2439123,1.44,0.24,C25 H36 O6,25.0,36.0,6.0,0.0,0.0,0.0,0.0,0.0,0.0,lipid,0.9063305396156418
501,501,431.2079417,431.2076325,431.2075268,1.333333333,0.291666667,C24 H32 O7,24.0,32.0,7.0,0.0,0.0,0.0,0.0,0.0,0.0,lignin,0.8547093953362758
502,502,431.1844106,431.1841015,431.1838955,0.903225806,0.0,C31 H28 S1,31.0,28.0,0.0,1.0,0.0,0.0,0.0,0.0,0.0,pah,0.9586316038969451
503,503,431.1713834,431.1710743,431.1711413,1.217391304,0.347826087,C23 H28 O8,23.0,28.0,8.0,0.0,0.0,0.0,0.0,0.0,0.0,lignin,0.8607897864904608
504,504,431.156066,431.1557569,431.1558852,1.473684211,0.578947368,C19 H28 O11,19.0,28.0,11.0,0.0,0.0,0.0,0.0,0.0,0.0,lignin,0.8969392831006553
505,505,431.1479739,431.1476649,431.14751,0.8,0.033333333,C30 H24 O1 S1,30.0,24.0,1.0,1.0,0.0,0.0,0.0,0.0,0.0,pah,0.9564531303152413
506,506,431.1349222,431.1346131,431.1347558,1.090909091,0.409090909,C22 H24 O9,22.0,24.0,9.0,0.0,0.0,0.0,0.0,0.0,0.0,lignin,0.9412317490062639
507,507,431.1325228,431.1322137,431.1322539,0.923076923,0.153846154,C26 H24 O4 S1,26.0,24.0,4.0,1.0,0.0,0.0,0.0,0.0,0.0,tannin,0.8772969249811211
508,508,431.119709,431.1193999,431.1194997,1.333333333,0.666666667,C18 H24 O12,18.0,24.0,12.0,0.0,0.0,0.0,0.0,0.0,0.0,lignin,0.9083813389933786
509,509,431.0987273,431.0984183,431.0983703,0.952380952,0.476190476,C21 H20 O10,21.0,20.0,10.0,0.0,0.0,0.0,0.0,0.0,0.0,lignin,0.9376616624144531
510,510,431.0835508,431.0832418,431.0831142,1.176470588,0.764705882,C17 H20 O13,17.0,20.0,13.0,0.0,0.0,0.0,0.0,0.0,0.0,lignin,0.6686671793381593
511,511,431.0624376,431.0621286,431.0619848,0.8,0.55,C20 H16 O11,20.0,16.0,11.0,0.0,0.0,0.0,0.0,0.0,0.0,tannin,0.9117862541062658
512,512,431.0234011,431.0230922,431.0230974,0.52173913,0.304347826,C23 H12 O7 S1,23.0,12.0,7.0,1.0,0.0,0.0,0.0,0.0,0.0,pah,0.9547028232488749
513,513,430.1956725,430.1953646,430.1952316,1.304347826,0.304347826,C23 H30 O7 13C1,24.0,30.0,7.0,0.0,0.0,1.0,0.0,0.0,0.0,lignin,0.8557642286708154
514,514,429.2284561,429.2281494,429.2282623,1.36,0.24,C25 H34 O6,25.0,34.0,6.0,0.0,0.0,0.0,0.0,0.0,0.0,lignin,0.853525018744878
515,515,429.213275,429.2129683,429.2130061,1.619047619,0.428571429,C21 H34 O9,21.0,34.0,9.0,0.0,0.0,0.0,0.0,0.0,0.0,lipid,0.8875419821275597
516,516,429.1922755,429.1919688,429.1918768,1.25,0.291666667,C24 H30 O7,24.0,30.0,7.0,0.0,0.0,0.0,0.0,0.0,0.0,lignin,0.8588614492654715
517,517,429.1770606,429.1767539,429.1766206,1.5,0.5,C20 H30 O10,20.0,30.0,10.0,0.0,0.0,0.0,0.0,0.0,0.0,lignin,0.8433573749661694
518,518,429.1559315,429.1556249,429.1554913,1.130434783,0.347826087,C23 H26 O8,23.0,26.0,8.0,0.0,0.0,0.0,0.0,0.0,0.0,lignin,0.8664020624303135
519,519,429.1405872,429.1402806,429.1402351,1.368421053,0.578947368,C19 H26 O11,19.0,26.0,11.0,0.0,0.0,0.0,0.0,0.0,0.0,lignin,0.8641126482561245
520,520,429.11933,429.1190234,429.1191058,1.0,0.409090909,C22 H22 O9,22.0,22.0,9.0,0.0,0.0,0.0,0.0,0.0,0.0,lignin,0.9384470108689484
521,521,429.1040197,429.1037131,429.1038496,1.222222222,0.666666667,C18 H22 O12,18.0,22.0,12.0,0.0,0.0,0.0,0.0,0.0,0.0,lignin,0.8696864586236128
522,522,429.0829234,429.0826169,429.0827202,0.857142857,0.476190476,C21 H18 O10,21.0,18.0,10.0,0.0,0.0,0.0,0.0,0.0,0.0,tannin,0.909849618896172
523,523,429.0676902,429.0673837,429.0674641,1.058823529,0.764705882,C17 H18 O13,17.0,18.0,13.0,0.0,0.0,0.0,0.0,0.0,0.0,lignin,0.9510137700254886
524,524,429.0467352,429.0464287,429.0463347,0.7,0.55,C20 H14 O11,20.0,14.0,11.0,0.0,0.0,0.0,0.0,0.0,0.0,tannin,0.8969377415879041
525,525,427.2127807,427.2124765,427.2126122,1.28,0.24,C25 H32 O6,25.0,32.0,6.0,0.0,0.0,0.0,0.0,0.0,0.0,lignin,0.8559759184002644
526,526,427.1975788,427.1972745,427.1973561,1.523809524,0.428571429,C21 H32 O9,21.0,32.0,9.0,0.0,0.0,0.0,0.0,0.0,0.0,lignin,0.8439914428290309
527,527,427.1765706,427.1762664,427.1762267,1.166666667,0.291666667,C24 H28 O7,24.0,28.0,7.0,0.0,0.0,0.0,0.0,0.0,0.0,lignin,0.8640525703775801
528,528,427.161387,427.1610828,427.1609706,1.4,0.5,C20 H28 O10,20.0,28.0,10.0,0.0,0.0,0.0,0.0,0.0,0.0,lignin,0.8548859759710256
529,529,427.1402941,427.13999,427.1398412,1.043478261,0.347826087,C23 H24 O8,23.0,24.0,8.0,0.0,0.0,0.0,0.0,0.0,0.0,lignin,0.9400818075613844
530,530,427.1249906,427.1246865,427.1245851,1.263157895,0.578947368,C19 H24 O11,19.0,24.0,11.0,0.0,0.0,0.0,0.0,0.0,0.0,lignin,0.8586075902669744
531,531,427.1037365,427.1034323,427.1034557,0.909090909,0.409090909,C22 H20 O9,22.0,20.0,9.0,0.0,0.0,0.0,0.0,0.0,0.0,tannin,0.9084820850138635
532,532,427.0883831,427.088079,427.0881995,1.111111111,0.666666667,C18 H20 O12,18.0,20.0,12.0,0.0,0.0,0.0,0.0,0.0,0.0,lignin,0.896475487625716
533,533,427.0860535,427.0857495,427.0856976,0.909090909,0.318181818,C22 H20 O7 S1,22.0,20.0,7.0,1.0,0.0,0.0,0.0,0.0,0.0,tannin,0.9081264727804228
534,534,427.0672375,427.0669334,427.0670702,0.761904762,0.476190476,C21 H16 O10,21.0,16.0,10.0,0.0,0.0,0.0,0.0,0.0,0.0,tannin,0.9024216316716634
535,535,427.052011,427.0517069,427.051814,0.941176471,0.764705882,C17 H16 O13,17.0,16.0,13.0,0.0,0.0,0.0,0.0,0.0,0.0,tannin,0.9042024052543217
536,536,426.1853713,426.1850683,426.1850608,1.5,0.45,C20 H30 O9 13C1,21.0,30.0,9.0,0.0,0.0,1.0,0.0,0.0,0.0,lignin,0.8446972210040512
537,537,426.1490927,426.1487897,426.1486753,1.368421053,0.526315789,C19 H26 O10 13C1,20.0,26.0,10.0,0.0,0.0,1.0,0.0,0.0,0.0,lignin,0.8557602745851682
538,538,425.2581251,425.2578232,425.2578483,2.1,0.35,C20 H42 O7 S1,20.0,42.0,7.0,1.0,0.0,0.0,0.0,0.0,0.0,lipid,0.8810679872109508
539,539,425.2182872,425.2179854,425.2180915,1.545454545,0.363636364,C22 H34 O8,22.0,34.0,8.0,0.0,0.0,0.0,0.0,0.0,0.0,lipid,0.8933744284769745
540,540,425.1820573,425.1817555,425.181706,1.428571429,0.428571429,C21 H30 O9,21.0,30.0,9.0,0.0,0.0,0.0,0.0,0.0,0.0,lignin,0.8531021251883066
541,541,425.1457477,425.145446,425.1453205,1.3,0.5,C20 H26 O10,20.0,26.0,10.0,0.0,0.0,0.0,0.0,0.0,0.0,lignin,0.8578410160047147
542,542,425.1245881,425.1242864,425.1241911,0.956521739,0.347826087,C23 H22 O8,23.0,22.0,8.0,0.0,0.0,0.0,0.0,0.0,0.0,lignin,0.9446354636348273
543,543,425.1092298,425.1089281,425.108935,1.157894737,0.578947368,C19 H22 O11,19.0,22.0,11.0,0.0,0.0,0.0,0.0,0.0,0.0,lignin,0.8630354067194317
544,544,425.0879605,425.0876588,425.0878056,0.818181818,0.409090909,C22 H18 O9,22.0,18.0,9.0,0.0,0.0,0.0,0.0,0.0,0.0,tannin,0.9089898380363906
545,545,425.0726659,425.0723643,425.0725495,1.0,0.666666667,C18 H18 O12,18.0,18.0,12.0,0.0,0.0,0.0,0.0,0.0,0.0,lignin,0.9366264785975282
546,546,425.0365106,425.036209,425.036164,0.823529412,0.764705882,C17 H14 O13,17.0,14.0,13.0,0.0,0.0,0.0,0.0,0.0,0.0,tannin,0.9128655378600772
547,547,424.2060988,424.2057982,424.2057963,1.523809524,0.380952381,C21 H32 O8 13C1,22.0,32.0,8.0,0.0,0.0,1.0,0.0,0.0,0.0,lignin,0.5772890476844388
548,548,424.1698663,424.1695658,424.1694108,1.4,0.45,C20 H28 O9 13C1,21.0,28.0,9.0,0.0,0.0,1.0,0.0,0.0,0.0,lignin,0.8551011269881498
549,549,424.1333318,424.1330313,424.1330253,1.263157895,0.526315789,C19 H24 O10 13C1,20.0,24.0,10.0,0.0,0.0,1.0,0.0,0.0,0.0,lignin,0.8589558060239881
550,550,423.2390488,423.2387494,423.238827,1.565217391,0.304347826,C23 H36 O7,23.0,36.0,7.0,0.0,0.0,0.0,0.0,0.0,0.0,lipid,0.9029066986427383
551,551,423.2028047,423.2025053,423.2024415,1.454545455,0.363636364,C22 H32 O8,22.0,32.0,8.0,0.0,0.0,0.0,0.0,0.0,0.0,lignin,0.8519513849120852
552,552,423.1664492,423.1661499,423.1660559,1.333333333,0.428571429,C21 H28 O9,21.0,28.0,9.0,0.0,0.0,0.0,0.0,0.0,0.0,lignin,0.8559186396947422
553,553,423.1298417,423.1295424,423.1296704,1.2,0.5,C20 H24 O10,20.0,24.0,10.0,0.0,0.0,0.0,0.0,0.0,0.0,lignin,0.8613582912770827
554,554,423.0934765,423.0931773,423.0932849,1.052631579,0.578947368,C19 H20 O11,19.0,20.0,11.0,0.0,0.0,0.0,0.0,0.0,0.0,lignin,0.9376888870397708
555,555,423.0573324,423.0570332,423.0568994,0.888888889,0.666666667,C18 H16 O12,18.0,16.0,12.0,0.0,0.0,0.0,0.0,0.0,0.0,tannin,0.9051041436534156
556,556,422.2303144,422.2300162,422.229903,2.0,0.368421053,C19 H38 O7 S1 13C1,20.0,38.0,7.0,1.0,0.0,1.0,0.0,0.0,0.0,lipid,0.8824060586056713
557,557,422.2269517,422.2266536,422.2265317,1.545454545,0.318181818,C22 H34 O7 13C1,23.0,34.0,7.0,0.0,0.0,1.0,0.0,0.0,0.0,lipid,0.903068357882475
558,558,422.1905498,422.1902517,422.1901462,1.428571429,0.380952381,C21 H30 O8 13C1,22.0,30.0,8.0,0.0,0.0,1.0,0.0,0.0,0.0,lignin,0.852993985247305
559,559,422.1539133,422.1536152,422.1537607,1.3,0.45,C20 H26 O9 13C1,21.0,26.0,9.0,0.0,0.0,1.0,0.0,0.0,0.0,lignin,0.8578871829915311
560,560,422.1175887,422.1172907,422.1173752,1.157894737,0.526315789,C19 H22 O10 13C1,20.0,22.0,10.0,0.0,0.0,1.0,0.0,0.0,0.0,lignin,0.8636790064039411
561,561,421.226948,421.226651,421.2265482,1.9,0.35,C20 H38 O7 S1,20.0,38.0,7.0,1.0,0.0,0.0,0.0,0.0,0.0,lipid,0.8949572689730096
562,562,421.2235607,421.2232637,421.2231769,1.47826087,0.304347826,C23 H34 O7,23.0,34.0,7.0,0.0,0.0,0.0,0.0,0.0,0.0,lipid,0.74501203631049
563,563,421.1869354,421.1866384,421.1867914,1.363636364,0.363636364,C22 H30 O8,22.0,30.0,8.0,0.0,0.0,0.0,0.0,0.0,0.0,lignin,0.8546552592369823
564,564,421.1506503,421.1503535,421.1504059,1.238095238,0.428571429,C21 H26 O9,21.0,26.0,9.0,0.0,0.0,0.0,0.0,0.0,0.0,lignin,0.8600563311768734
565,565,421.1144889,421.1141921,421.1140204,1.1,0.5,C20 H22 O10,20.0,22.0,10.0,0.0,0.0,0.0,0.0,0.0,0.0,lignin,0.8995673407370784
566,566,421.0779511,421.0776543,421.0776349,0.947368421,0.578947368,C19 H18 O11,19.0,18.0,11.0,0.0,0.0,0.0,0.0,0.0,0.0,lignin,0.6077441458084591
567,567,421.0413765,421.0410798,421.0412494,0.777777778,0.666666667,C18 H14 O12,18.0,14.0,12.0,0.0,0.0,0.0,0.0,0.0,0.0,tannin,0.912697220920735
568,568,421.0389887,421.038692,421.0387474,0.636363636,0.318181818,C22 H14 O7 S1,22.0,14.0,7.0,1.0,0.0,0.0,0.0,0.0,0.0,pah,0.6271903755226103
569,569,420.210976,420.2106803,420.2108817,1.454545455,0.318181818,C22 H32 O7 13C1,23.0,32.0,7.0,0.0,0.0,1.0,0.0,0.0,0.0,lignin,0.7214151076974835
570,570,420.1748711,420.1745754,420.1744962,1.333333333,0.380952381,C21 H28 O8 13C1,22.0,28.0,8.0,0.0,0.0,1.0,0.0,0.0,0.0,lignin,0.8556597689398607
571,571,420.1385494,420.1382538,420.1381107,1.2,0.45,C20 H24 O9 13C1,21.0,24.0,9.0,0.0,0.0,1.0,0.0,0.0,0.0,lignin,0.8622951888492913
572,572,419.2441272,419.2438327,419.2439123,1.5,0.25,C24 H36 O6,24.0,36.0,6.0,0.0,0.0,0.0,0.0,0.0,0.0,lipid,0.9057386725738421
573,573,419.2080064,419.2077119,419.2075268,1.391304348,0.304347826,C23 H32 O7,23.0,32.0,7.0,0.0,0.0,0.0,0.0,0.0,0.0,lignin,0.8532514209341617
574,574,419.1714653,419.1711708,419.1711413,1.272727273,0.363636364,C22 H28 O8,22.0,28.0,8.0,0.0,0.0,0.0,0.0,0.0,0.0,lignin,0.8585905454674961
575,575,419.1479597,419.1476653,419.14751,0.827586207,0.034482759,C29 H24 O1 S1,29.0,24.0,1.0,1.0,0.0,0.0,0.0,0.0,0.0,pah,0.9567766647085779
576,576,419.1348768,419.1345824,419.1347558,1.142857143,0.428571429,C21 H24 O9,21.0,24.0,9.0,0.0,0.0,0.0,0.0,0.0,0.0,lignin,0.86536062181472
577,577,419.1324835,419.1321891,419.1322539,0.96,0.16,C25 H24 O4 S1,25.0,24.0,4.0,1.0,0.0,0.0,0.0,0.0,0.0,lignin,0.9425478935050446
578,578,419.0987255,419.0984312,419.0983703,1.0,0.5,C20 H20 O10,20.0,20.0,10.0,0.0,0.0,0.0,0.0,0.0,0.0,lignin,0.9381105716616908
579,579,419.0963093,419.0960149,419.0958684,0.833333333,0.208333333,C24 H20 O5 S1,24.0,20.0,5.0,1.0,0.0,0.0,0.0,0.0,0.0,tannin,0.872562133602328
580,580,419.0624044,419.0621101,419.0619848,0.842105263,0.578947368,C19 H16 O11,19.0,16.0,11.0,0.0,0.0,0.0,0.0,0.0,0.0,tannin,0.910391290789833
581,581,419.0234328,419.0231385,419.0230974,0.545454545,0.318181818,C22 H12 O7 S1,22.0,12.0,7.0,1.0,0.0,0.0,0.0,0.0,0.0,pah,0.9547065162769848
582,582,418.2140859,418.2137926,418.2136153,1.16,0.12,C25 H29 O3 N3,25.0,29.0,3.0,0.0,3.0,0.0,0.0,0.0,0.12,lignin,0.8212375908677959
583,583,418.1953653,418.195072,418.1952316,1.363636364,0.318181818,C22 H30 O7 13C1,23.0,30.0,7.0,0.0,0.0,1.0,0.0,0.0,0.0,lignin,0.8541031074045822
584,584,418.1591251,418.1588319,418.1588461,1.238095238,0.380952381,C21 H26 O8 13C1,22.0,26.0,8.0,0.0,0.0,1.0,0.0,0.0,0.0,lignin,0.8600241481292136
585,585,417.2284932,417.2282011,417.2282623,1.416666667,0.25,C24 H34 O6,24.0,34.0,6.0,0.0,0.0,0.0,0.0,0.0,0.0,lipid,0.5977648010231802
586,586,417.2108437,417.2105516,417.2105042,1.416666667,0.166666667,C24 H34 O4 S1,24.0,34.0,4.0,1.0,0.0,0.0,0.0,0.0,0.0,lipid,0.9065835083328031
587,587,417.192284,417.191992,417.1918768,1.304347826,0.304347826,C23 H30 O7,23.0,30.0,7.0,0.0,0.0,0.0,0.0,0.0,0.0,lignin,0.8557642286708154
588,588,417.155823,417.155531,417.1554913,1.181818182,0.363636364,C22 H26 O8,22.0,26.0,8.0,0.0,0.0,0.0,0.0,0.0,0.0,lignin,0.8633884455535787
589,589,417.1534335,417.1531415,417.1529893,1.0,0.115384615,C26 H26 O3 S1,26.0,26.0,3.0,1.0,0.0,0.0,0.0,0.0,0.0,lignin,0.9453918778409482
590,590,417.1404429,417.1401508,417.1402351,1.444444444,0.611111111,C18 H26 O11,18.0,26.0,11.0,0.0,0.0,0.0,0.0,0.0,0.0,lignin,0.8973826840661008
591,591,417.1323544,417.1320624,417.13186,0.75862069,0.034482759,C29 H22 O1 S1,29.0,22.0,1.0,1.0,0.0,0.0,0.0,0.0,0.0,pah,0.9560866564347938
592,592,417.1192569,417.1189649,417.1191058,1.047619048,0.428571429,C21 H22 O9,21.0,22.0,9.0,0.0,0.0,0.0,0.0,0.0,0.0,lignin,0.9395731202322886
593,593,417.1168528,417.1165608,417.1166038,0.88,0.16,C25 H22 O4 S1,25.0,22.0,4.0,1.0,0.0,0.0,0.0,0.0,0.0,tannin,0.8726256976893417
594,594,417.1040262,417.1037342,417.1038496,1.294117647,0.705882353,C17 H22 O12,17.0,22.0,12.0,0.0,0.0,0.0,0.0,0.0,0.0,lignin,0.5983309849687374
595,595,417.0829974,417.0827055,417.0827202,0.9,0.5,C20 H18 O10,20.0,18.0,10.0,0.0,0.0,0.0,0.0,0.0,0.0,tannin,0.9088425954122181
596,596,417.0678178,417.0675259,417.0674641,1.125,0.8125,C16 H18 O13,16.0,18.0,13.0,0.0,0.0,0.0,0.0,0.0,0.0,lignin,0.6717087430310349
597,597,417.0467412,417.0464493,417.0463347,0.736842105,0.578947368,C19 H14 O11,19.0,14.0,11.0,0.0,0.0,0.0,0.0,0.0,0.0,tannin,0.9111155251700875
598,598,416.179752,416.1794611,416.1795815,1.272727273,0.318181818,C22 H28 O7 13C1,23.0,28.0,7.0,0.0,0.0,1.0,0.0,0.0,0.0,lignin,0.8582005930160992
599,599,415.2188009,415.2185113,415.2184854,2.117647059,0.647058824,C17 H36 O11,17.0,36.0,11.0,0.0,0.0,0.0,0.0,0.0,0.0,carbohydrate,0.8931556311042176
600,600,415.2162981,415.2160084,415.2159835,1.714285714,0.285714286,C21 H36 O6 S1,21.0,36.0,6.0,1.0,0.0,0.0,0.0,0.0,0.0,lipid,0.8864639381004131
601,601,415.212984,415.2126943,415.2126122,1.333333333,0.25,C24 H32 O6,24.0,32.0,6.0,0.0,0.0,0.0,0.0,0.0,0.0,lignin,0.8543411808180228
602,602,415.197795,415.1975053,415.1973561,1.6,0.45,C20 H32 O9,20.0,32.0,9.0,0.0,0.0,0.0,0.0,0.0,0.0,lipid,0.7266743264434659
603,603,415.1766528,415.1763632,415.1762267,1.217391304,0.304347826,C23 H28 O7,23.0,28.0,7.0,0.0,0.0,0.0,0.0,0.0,0.0,lignin,0.8615700587035804
604,604,415.1612823,415.1609927,415.1609706,1.473684211,0.526315789,C19 H28 O10,19.0,28.0,10.0,0.0,0.0,0.0,0.0,0.0,0.0,lignin,0.843886805288161
605,605,415.1399804,415.1396908,415.1398412,1.090909091,0.363636364,C22 H24 O8,22.0,24.0,8.0,0.0,0.0,0.0,0.0,0.0,0.0,lignin,0.9423479407213312
606,606,415.137591,415.1373014,415.1373393,0.923076923,0.115384615,C26 H24 O3 S1,26.0,24.0,3.0,1.0,0.0,0.0,0.0,0.0,0.0,tannin,0.8726112475289082
607,607,415.1247006,415.124411,415.1245851,1.333333333,0.611111111,C18 H24 O11,18.0,24.0,11.0,0.0,0.0,0.0,0.0,0.0,0.0,lignin,0.8874853985524854
608,608,415.1166341,415.1163445,415.1162099,0.689655172,0.034482759,C29 H20 O1 S1,29.0,20.0,1.0,1.0,0.0,0.0,0.0,0.0,0.0,pah,0.9556502467652088
609,609,415.103655,415.1033654,415.1034557,0.952380952,0.428571429,C21 H20 O9,21.0,20.0,9.0,0.0,0.0,0.0,0.0,0.0,0.0,lignin,0.9380123298451813
610,610,415.101281,415.1009914,415.1009538,0.8,0.16,C25 H20 O4 S1,25.0,20.0,4.0,1.0,0.0,0.0,0.0,0.0,0.0,pah,0.5001732229737135
611,611,415.0885271,415.0882376,415.0881995,1.176470588,0.705882353,C17 H20 O12,17.0,20.0,12.0,0.0,0.0,0.0,0.0,0.0,0.0,lignin,0.8708226642440356
612,612,415.0675288,415.0672392,415.0670702,0.8,0.5,C20 H16 O10,20.0,16.0,10.0,0.0,0.0,0.0,0.0,0.0,0.0,tannin,0.9116910823228206
613,613,415.0522376,415.0519481,415.051814,1.0,0.8125,C16 H16 O13,16.0,16.0,13.0,0.0,0.0,0.0,0.0,0.0,0.0,lignin,0.9355772806691839
614,614,414.2134494,414.213161,414.2133405,1.65,0.4,C20 H33 O8 N1,20.0,33.0,8.0,0.0,1.0,0.0,0.0,0.0,0.05,lipid,0.9143869413247148
615,615,413.2185019,413.2182146,413.2180915,1.619047619,0.380952381,C21 H34 O8,21.0,34.0,8.0,0.0,0.0,0.0,0.0,0.0,0.0,lipid,0.8880820265879823
616,616,413.1972056,413.1969184,413.1969622,1.25,0.25,C24 H30 O6,24.0,30.0,6.0,0.0,0.0,0.0,0.0,0.0,0.0,lignin,0.8584587861005847
617,617,413.1818542,413.1815669,413.181706,1.5,0.45,C20 H30 O9,20.0,30.0,9.0,0.0,0.0,0.0,0.0,0.0,0.0,lignin,0.8446972210040512
618,618,413.1640791,413.1637919,413.1639479,1.5,0.35,C20 H30 O7 S1,20.0,30.0,7.0,1.0,0.0,0.0,0.0,0.0,0.0,lipid,0.5974466648591198
619,619,413.1607304,413.1604432,413.1605766,1.130434783,0.304347826,C23 H26 O7,23.0,26.0,7.0,0.0,0.0,0.0,0.0,0.0,0.0,lignin,0.8664198383540078
620,620,413.1455357,413.1452485,413.1453205,1.368421053,0.526315789,C19 H26 O10,19.0,26.0,10.0,0.0,0.0,0.0,0.0,0.0,0.0,lignin,0.8557602745851682
621,621,413.1245487,413.1242615,413.1241911,1.0,0.363636364,C22 H22 O8,22.0,22.0,8.0,0.0,0.0,0.0,0.0,0.0,0.0,lignin,0.938893742466129
622,622,413.1093384,413.1090512,413.108935,1.222222222,0.611111111,C18 H22 O11,18.0,22.0,11.0,0.0,0.0,0.0,0.0,0.0,0.0,lignin,0.869541265837063
623,623,413.0881833,413.0878962,413.0878056,0.857142857,0.428571429,C21 H18 O9,21.0,18.0,9.0,0.0,0.0,0.0,0.0,0.0,0.0,tannin,0.9101374825790263
624,624,413.0728555,413.0725684,413.0725495,1.058823529,0.705882353,C17 H18 O12,17.0,18.0,12.0,0.0,0.0,0.0,0.0,0.0,0.0,lignin,0.9363983771848868
625,625,413.0516042,413.0513171,413.0514201,0.7,0.5,C20 H14 O10,20.0,14.0,10.0,0.0,0.0,0.0,0.0,0.0,0.0,tannin,0.8830941284832561
626,626,413.0362954,413.0360084,413.036164,0.875,0.8125,C16 H14 O13,16.0,14.0,13.0,0.0,0.0,0.0,0.0,0.0,0.0,tannin,0.9071773217489703
627,627,412.1697942,412.1695082,412.1694108,1.473684211,0.473684211,C19 H28 O9 13C1,20.0,28.0,9.0,0.0,0.0,1.0,0.0,0.0,0.0,lignin,0.8455330529439318
628,628,412.1331598,412.1328738,412.1330253,1.333333333,0.555555556,C18 H24 O10 13C1,19.0,24.0,10.0,0.0,0.0,1.0,0.0,0.0,0.0,lignin,0.8568118201188788
629,629,411.2389425,411.2386576,411.238827,1.636363636,0.318181818,C22 H36 O7,22.0,36.0,7.0,0.0,0.0,0.0,0.0,0.0,0.0,lipid,0.8887603882115597
630,630,411.2026987,411.2024138,411.2024415,1.523809524,0.380952381,C21 H32 O8,21.0,32.0,8.0,0.0,0.0,0.0,0.0,0.0,0.0,lignin,0.5772890476844388
631,631,411.1664964,411.1662116,411.1660559,1.4,0.45,C20 H28 O9,20.0,28.0,9.0,0.0,0.0,0.0,0.0,0.0,0.0,lignin,0.8551011269881498
632,632,411.1487029,411.1484181,411.1482979,1.4,0.35,C20 H28 O7 S1,20.0,28.0,7.0,1.0,0.0,0.0,0.0,0.0,0.0,lignin,0.8534695274708255
633,633,411.1452975,411.1450127,411.1449266,1.043478261,0.304347826,C23 H24 O7,23.0,24.0,7.0,0.0,0.0,0.0,0.0,0.0,0.0,lignin,0.9406367878822761
634,634,411.1298993,411.1296145,411.1296704,1.263157895,0.526315789,C19 H24 O10,19.0,24.0,10.0,0.0,0.0,0.0,0.0,0.0,0.0,lignin,0.8589558060239881
635,635,411.1217436,411.1214589,411.1212953,0.666666667,0.0,C30 H20 S1,30.0,20.0,0.0,1.0,0.0,0.0,0.0,0.0,0.0,pah,0.955596752271868
636,636,411.1086443,411.1083595,411.1085411,0.909090909,0.363636364,C22 H20 O8,22.0,20.0,8.0,0.0,0.0,0.0,0.0,0.0,0.0,tannin,0.9083577390732558
637,637,411.0934184,411.0931336,411.0932849,1.111111111,0.611111111,C18 H20 O11,18.0,20.0,11.0,0.0,0.0,0.0,0.0,0.0,0.0,lignin,0.8976290713972919
638,638,411.0724662,411.0721815,411.0721556,0.761904762,0.428571429,C21 H16 O9,21.0,16.0,9.0,0.0,0.0,0.0,0.0,0.0,0.0,tannin,0.8877565364890758
639,639,411.0573113,411.0570267,411.0568994,0.941176471,0.705882353,C17 H16 O12,17.0,16.0,12.0,0.0,0.0,0.0,0.0,0.0,0.0,tannin,0.9038524154122541
640,640,410.1903645,410.1900809,410.1901462,1.5,0.4,C20 H30 O8 13C1,21.0,30.0,8.0,0.0,0.0,1.0,0.0,0.0,0.0,lignin,0.8503241025359334
641,641,410.154205,410.1539214,410.1537607,1.368421053,0.473684211,C19 H26 O9 13C1,20.0,26.0,9.0,0.0,0.0,1.0,0.0,0.0,0.0,lignin,0.8560262835077583
642,642,410.1176344,410.1173508,410.1173752,1.222222222,0.555555556,C18 H22 O10 13C1,19.0,22.0,10.0,0.0,0.0,1.0,0.0,0.0,0.0,lignin,0.8601644067693508
643,643,409.223418,409.2231355,409.2231769,1.545454545,0.318181818,C22 H34 O7,22.0,34.0,7.0,0.0,0.0,0.0,0.0,0.0,0.0,lipid,0.903068357882475
644,644,409.1869592,409.1866768,409.1867914,1.428571429,0.380952381,C21 H30 O8,21.0,30.0,8.0,0.0,0.0,0.0,0.0,0.0,0.0,lignin,0.852993985247305
645,645,409.1507652,409.1504828,409.1504059,1.3,0.45,C20 H26 O9,20.0,26.0,9.0,0.0,0.0,0.0,0.0,0.0,0.0,lignin,0.8578871829915311
646,646,409.1144132,409.1141309,409.1140204,1.157894737,0.526315789,C19 H22 O10,19.0,22.0,10.0,0.0,0.0,0.0,0.0,0.0,0.0,lignin,0.8636790064039411
647,647,409.077739,409.0774567,409.0776349,1.0,0.611111111,C18 H18 O11,18.0,18.0,11.0,0.0,0.0,0.0,0.0,0.0,0.0,lignin,0.9370868369017359
648,648,409.0414995,409.0412173,409.0412494,0.823529412,0.705882353,C17 H14 O12,17.0,14.0,12.0,0.0,0.0,0.0,0.0,0.0,0.0,tannin,0.9113664629735977
649,649,408.2110337,408.2107525,408.2108817,1.523809524,0.333333333,C21 H32 O7 13C1,22.0,32.0,7.0,0.0,0.0,1.0,0.0,0.0,0.0,lipid,0.9052917154132322
650,650,408.1746747,408.1743935,408.1744962,1.4,0.4,C20 H28 O8 13C1,21.0,28.0,8.0,0.0,0.0,1.0,0.0,0.0,0.0,lignin,0.8539999627092645
651,651,408.1385707,408.1382895,408.1381107,1.263157895,0.473684211,C19 H24 O9 13C1,20.0,24.0,9.0,0.0,0.0,1.0,0.0,0.0,0.0,lignin,0.8590925235129954
652,652,408.1020026,408.1017215,408.1017251,1.111111111,0.555555556,C18 H20 O10 13C1,19.0,20.0,10.0,0.0,0.0,1.0,0.0,0.0,0.0,lignin,0.8987638001031305
653,653,407.2442806,407.2440005,407.2439123,1.565217391,0.260869565,C23 H36 O6,23.0,36.0,6.0,0.0,0.0,0.0,0.0,0.0,0.0,lipid,0.9049648770505282
654,654,407.207653,407.2073729,407.2075268,1.454545455,0.318181818,C22 H32 O7,22.0,32.0,7.0,0.0,0.0,0.0,0.0,0.0,0.0,lignin,0.7214151076974835
655,655,407.1714017,407.1711217,407.1711413,1.333333333,0.380952381,C21 H28 O8,21.0,28.0,8.0,0.0,0.0,0.0,0.0,0.0,0.0,lignin,0.8556597689398607
656,656,407.1351815,407.1349015,407.1347558,1.2,0.45,C20 H24 O9,20.0,24.0,9.0,0.0,0.0,0.0,0.0,0.0,0.0,lignin,0.8622951888492913
657,657,407.0986187,407.0983388,407.0983703,1.052631579,0.526315789,C19 H20 O10,19.0,20.0,10.0,0.0,0.0,0.0,0.0,0.0,0.0,lignin,0.9383212300902677
658,658,407.096202,407.095922,407.0958684,0.869565217,0.217391304,C23 H20 O5 S1,23.0,20.0,5.0,1.0,0.0,0.0,0.0,0.0,0.0,tannin,0.8770673310549629
659,659,407.062127,407.0618471,407.0619848,0.888888889,0.611111111,C18 H16 O11,18.0,16.0,11.0,0.0,0.0,0.0,0.0,0.0,0.0,tannin,0.904865751325971
660,660,407.0597417,407.0594618,407.0594829,0.727272727,0.272727273,C22 H16 O6 S1,22.0,16.0,6.0,1.0,0.0,0.0,0.0,0.0,0.0,tannin,0.6166727235619185
661,661,406.1953831,406.1951042,406.1952316,1.428571429,0.333333333,C21 H30 O7 13C1,22.0,30.0,7.0,0.0,0.0,1.0,0.0,0.0,0.0,lignin,0.8526064400627039
662,662,406.1592337,406.1589549,406.1588461,1.3,0.4,C20 H26 O8 13C1,21.0,26.0,8.0,0.0,0.0,1.0,0.0,0.0,0.0,lignin,0.8578166076724912
663,663,406.1228168,406.122538,406.1224606,1.157894737,0.473684211,C19 H22 O9 13C1,20.0,22.0,9.0,0.0,0.0,1.0,0.0,0.0,0.0,lignin,0.8641948381615133
664,664,405.2283478,405.2280701,405.2282623,1.47826087,0.260869565,C23 H34 O6,23.0,34.0,6.0,0.0,0.0,0.0,0.0,0.0,0.0,lipid,0.9058677761765465
665,665,405.1921765,405.1918989,405.1918768,1.363636364,0.318181818,C22 H30 O7,22.0,30.0,7.0,0.0,0.0,0.0,0.0,0.0,0.0,lignin,0.8541031074045822
666,666,405.1559292,405.1556516,405.1554913,1.238095238,0.380952381,C21 H26 O8,21.0,26.0,8.0,0.0,0.0,0.0,0.0,0.0,0.0,lignin,0.8600241481292136
667,667,405.119244,405.1189664,405.1191058,1.1,0.45,C20 H22 O9,20.0,22.0,9.0,0.0,0.0,0.0,0.0,0.0,0.0,lignin,0.9380300423844801
668,668,405.1168414,405.1165639,405.1166038,0.916666667,0.166666667,C24 H22 O4 S1,24.0,22.0,4.0,1.0,0.0,0.0,0.0,0.0,0.0,tannin,0.878144828504755
669,669,405.0829278,405.0826502,405.0827202,0.947368421,0.526315789,C19 H18 O10,19.0,18.0,10.0,0.0,0.0,0.0,0.0,0.0,0.0,lignin,0.607983788255294
670,670,405.0805281,405.0802506,405.0802183,0.782608696,0.217391304,C23 H18 O5 S1,23.0,18.0,5.0,1.0,0.0,0.0,0.0,0.0,0.0,tannin,0.618093608706644
671,671,405.0467548,405.0464773,405.0463347,0.777777778,0.611111111,C18 H14 O11,18.0,14.0,11.0,0.0,0.0,0.0,0.0,0.0,0.0,tannin,0.9124755303765635
672,672,404.2162407,404.2159642,404.2159671,1.454545455,0.272727273,C22 H32 O6 13C1,23.0,32.0,6.0,0.0,0.0,1.0,0.0,0.0,0.0,lipid,0.7452853222153893
673,673,404.1799866,404.1797102,404.1795815,1.333333333,0.333333333,C21 H28 O7 13C1,22.0,28.0,7.0,0.0,0.0,1.0,0.0,0.0,0.0,lignin,0.8551654389159757
674,674,404.1434087,404.1431323,404.143196,1.2,0.4,C20 H24 O8 13C1,21.0,24.0,8.0,0.0,0.0,1.0,0.0,0.0,0.0,lignin,0.8624519255261431
675,675,403.2492688,403.2489935,403.2489977,1.5,0.208333333,C24 H36 O5,24.0,36.0,5.0,0.0,0.0,0.0,0.0,0.0,0.0,lipid,0.9057483950434205
676,676,403.2163759,403.2161006,403.2159835,1.8,0.3,C20 H36 O6 S1,20.0,36.0,6.0,1.0,0.0,0.0,0.0,0.0,0.0,lipid,0.9103624533629853
677,677,403.2130484,403.2127731,403.2126122,1.391304348,0.260869565,C23 H32 O6,23.0,32.0,6.0,0.0,0.0,0.0,0.0,0.0,0.0,lignin,0.7221445859494694
678,678,403.1763725,403.1760973,403.1762267,1.272727273,0.318181818,C22 H28 O7,22.0,28.0,7.0,0.0,0.0,0.0,0.0,0.0,0.0,lignin,0.8582005930160992
679,679,403.1610701,403.1607949,403.1609706,1.555555556,0.555555556,C18 H28 O10,18.0,28.0,10.0,0.0,0.0,0.0,0.0,0.0,0.0,lignin,0.8952192095311039
680,680,403.1530318,403.1527566,403.1525954,0.827586207,0.0,C29 H24 S1,29.0,24.0,0.0,1.0,0.0,0.0,0.0,0.0,0.0,pah,0.9569455237287485
681,681,403.1400473,403.1397721,403.1398412,1.142857143,0.380952381,C21 H24 O8,21.0,24.0,8.0,0.0,0.0,0.0,0.0,0.0,0.0,lignin,0.8655626976017473
682,682,403.1376686,403.1373934,403.1373393,0.96,0.12,C25 H24 O3 S1,25.0,24.0,3.0,1.0,0.0,0.0,0.0,0.0,0.0,lignin,0.9173054876419064
683,683,403.1249172,403.1246421,403.1245851,1.411764706,0.647058824,C17 H24 O11,17.0,24.0,11.0,0.0,0.0,0.0,0.0,0.0,0.0,lignin,0.6902524159559067
684,684,403.103889,403.1036138,403.1034557,1.0,0.45,C20 H20 O9,20.0,20.0,9.0,0.0,0.0,0.0,0.0,0.0,0.0,lignin,0.9385385587905537
685,685,403.0885924,403.0883173,403.0881995,1.25,0.75,C16 H20 O12,16.0,20.0,12.0,0.0,0.0,0.0,0.0,0.0,0.0,lignin,0.5692058065126332
686,686,403.0673188,403.0670437,403.0670702,0.842105263,0.526315789,C19 H16 O10,19.0,16.0,10.0,0.0,0.0,0.0,0.0,0.0,0.0,tannin,0.9103018845652773
687,687,403.0649131,403.064638,403.0645683,0.695652174,0.217391304,C23 H16 O5 S1,23.0,16.0,5.0,1.0,0.0,0.0,0.0,0.0,0.0,pah,0.9552402330409187
688,688,403.051959,403.051684,403.051814,1.066666667,0.866666667,C15 H16 O13,15.0,16.0,13.0,0.0,0.0,0.0,0.0,0.0,0.0,lignin,0.5631495980484678
689,689,403.0308454,403.0305703,403.0306847,0.666666667,0.611111111,C18 H12 O11,18.0,12.0,11.0,0.0,0.0,0.0,0.0,0.0,0.0,tannin,0.8982657102832116
690,690,403.0284315,403.0281565,403.0281827,0.545454545,0.272727273,C22 H12 O6 S1,22.0,12.0,6.0,1.0,0.0,0.0,0.0,0.0,0.0,pah,0.9547729839047226
691,691,402.1642144,402.1639403,402.1639315,1.238095238,0.333333333,C21 H26 O7 13C1,22.0,26.0,7.0,0.0,0.0,1.0,0.0,0.0,0.0,lignin,0.8597965148887416
692,692,401.2334623,401.2331893,401.2333477,1.416666667,0.208333333,C24 H34 O5,24.0,34.0,5.0,0.0,0.0,0.0,0.0,0.0,0.0,lipid,0.9065362964226624
693,693,401.2182788,401.2180059,401.2180915,1.7,0.4,C20 H34 O8,20.0,34.0,8.0,0.0,0.0,0.0,0.0,0.0,0.0,lipid,0.9109316548595059
694,694,401.200691,401.2004181,401.2003335,1.7,0.3,C20 H34 O6 S1,20.0,34.0,6.0,1.0,0.0,0.0,0.0,0.0,0.0,lipid,0.8864899220423258
695,695,401.1973721,401.1970992,401.1969622,1.304347826,0.260869565,C23 H30 O6,23.0,30.0,6.0,0.0,0.0,0.0,0.0,0.0,0.0,lignin,0.8553321515519237
696,696,401.1821161,401.1818433,401.181706,1.578947368,0.473684211,C19 H30 O9,19.0,30.0,9.0,0.0,0.0,0.0,0.0,0.0,0.0,lignin,0.7115557024533326
697,697,401.1642727,401.1639999,401.1639479,1.578947368,0.368421053,C19 H30 O7 S1,19.0,30.0,7.0,1.0,0.0,0.0,0.0,0.0,0.0,lipid,0.8897376175940354
698,698,401.1608966,401.1606238,401.1605766,1.181818182,0.318181818,C22 H26 O7,22.0,26.0,7.0,0.0,0.0,0.0,0.0,0.0,0.0,lignin,0.8633292663751568
699,699,401.1455123,401.1452395,401.1453205,1.444444444,0.555555556,C18 H26 O10,18.0,26.0,10.0,0.0,0.0,0.0,0.0,0.0,0.0,lignin,0.8773604803478093
700,700,401.1373998,401.137127,401.1369454,0.75862069,0.0,C29 H22 S1,29.0,22.0,0.0,1.0,0.0,0.0,0.0,0.0,0.0,pah,0.9561811381847718
701,701,401.1243178,401.124045,401.1241911,1.047619048,0.380952381,C21 H22 O8,21.0,22.0,8.0,0.0,0.0,0.0,0.0,0.0,0.0,lignin,0.9403165896418963
702,702,401.121911,401.1216382,401.1216892,0.88,0.12,C25 H22 O3 S1,25.0,22.0,3.0,1.0,0.0,0.0,0.0,0.0,0.0,tannin,0.6717501495908056
703,703,401.1090976,401.1088248,401.108935,1.294117647,0.647058824,C17 H22 O11,17.0,22.0,11.0,0.0,0.0,0.0,0.0,0.0,0.0,lignin,0.8806630857608495
704,704,401.0881375,401.0878648,401.0878056,0.9,0.45,C20 H18 O9,20.0,18.0,9.0,0.0,0.0,0.0,0.0,0.0,0.0,tannin,0.908770549491552
705,705,401.0729354,401.0726627,401.0725495,1.125,0.75,C16 H18 O12,16.0,18.0,12.0,0.0,0.0,0.0,0.0,0.0,0.0,lignin,0.9192373750867573
706,706,401.0518081,401.0515354,401.0514201,0.736842105,0.526315789,C19 H14 O10,19.0,14.0,10.0,0.0,0.0,0.0,0.0,0.0,0.0,tannin,0.9040608733127387
707,707,401.0493656,401.0490929,401.0489182,0.608695652,0.217391304,C23 H14 O5 S1,23.0,14.0,5.0,1.0,0.0,0.0,0.0,0.0,0.0,pah,0.9549776355024363
708,708,401.0364491,401.0361764,401.036164,0.933333333,0.866666667,C15 H14 O13,15.0,14.0,13.0,0.0,0.0,0.0,0.0,0.0,0.0,tannin,0.905262739605622
709,709,399.2212265,399.220956,399.2210689,1.714285714,0.238095238,C21 H36 O5 S1,21.0,36.0,5.0,1.0,0.0,0.0,0.0,0.0,0.0,lipid,0.8891720209490227
710,710,399.2178673,399.2175968,399.2176976,1.333333333,0.208333333,C24 H32 O5,24.0,32.0,5.0,0.0,0.0,0.0,0.0,0.0,0.0,lignin,0.8540036092460728
711,711,399.2027802,399.2025096,399.2024415,1.6,0.4,C20 H32 O8,20.0,32.0,8.0,0.0,0.0,0.0,0.0,0.0,0.0,lipid,0.8883462113260732
712,712,399.1850865,399.184816,399.1846834,1.6,0.3,C20 H32 O6 S1,20.0,32.0,6.0,1.0,0.0,0.0,0.0,0.0,0.0,lipid,0.8933328730978781
713,713,399.1817327,399.1814622,399.1813121,1.217391304,0.260869565,C23 H28 O6,23.0,28.0,6.0,0.0,0.0,0.0,0.0,0.0,0.0,lignin,0.8613633599205747
714,714,399.1664345,399.166164,399.1660559,1.473684211,0.473684211,C19 H28 O9,19.0,28.0,9.0,0.0,0.0,0.0,0.0,0.0,0.0,lignin,0.8455330529439318
715,715,399.1485208,399.1482503,399.1482979,1.473684211,0.368421053,C19 H28 O7 S1,19.0,28.0,7.0,1.0,0.0,0.0,0.0,0.0,0.0,lignin,0.8516044776110187
716,716,399.1451228,399.1448524,399.1449266,1.090909091,0.318181818,C22 H24 O7,22.0,24.0,7.0,0.0,0.0,0.0,0.0,0.0,0.0,lignin,0.9436662856715164
717,717,399.1297887,399.1295182,399.1296704,1.333333333,0.555555556,C18 H24 O10,18.0,24.0,10.0,0.0,0.0,0.0,0.0,0.0,0.0,lignin,0.8568118201188788
718,718,399.1217211,399.1214507,399.1212953,0.689655172,0.0,C29 H20 S1,29.0,20.0,0.0,1.0,0.0,0.0,0.0,0.0,0.0,pah,0.9557244638651735
719,719,399.1086889,399.1084185,399.1085411,0.952380952,0.380952381,C21 H20 O8,21.0,20.0,8.0,0.0,0.0,0.0,0.0,0.0,0.0,lignin,0.9380736924529675
720,720,399.0935646,399.0932942,399.0932849,1.176470588,0.647058824,C17 H20 O11,17.0,20.0,11.0,0.0,0.0,0.0,0.0,0.0,0.0,lignin,0.871453006385581
721,721,399.0725433,399.0722729,399.0721556,0.8,0.45,C20 H16 O9,20.0,16.0,9.0,0.0,0.0,0.0,0.0,0.0,0.0,tannin,0.9091517233984657
722,722,399.0572731,399.0570028,399.0568994,1.0,0.75,C16 H16 O12,16.0,16.0,12.0,0.0,0.0,0.0,0.0,0.0,0.0,lignin,0.9360192879463437
723,723,398.2302786,398.2300093,398.229903,2.235294118,0.411764706,C17 H38 O7 S1 13C1,18.0,38.0,7.0,1.0,0.0,1.0,0.0,0.0,0.0,lipid,0.881116893202855
724,724,398.190269,398.1899997,398.1901462,1.578947368,0.421052632,C19 H30 O8 13C1,20.0,30.0,8.0,0.0,0.0,1.0,0.0,0.0,0.0,lipid,0.7277173535673254
725,725,398.1540344,398.1537651,398.1537607,1.444444444,0.5,C18 H26 O9 13C1,19.0,26.0,9.0,0.0,0.0,1.0,0.0,0.0,0.0,lignin,0.8525559541009015
726,726,398.1177808,398.1175116,398.1173752,1.294117647,0.588235294,C17 H22 O10 13C1,18.0,22.0,10.0,0.0,0.0,1.0,0.0,0.0,0.0,lignin,0.8675421293288755
727,727,397.2269061,397.226638,397.2265482,2.111111111,0.388888889,C18 H38 O7 S1,18.0,38.0,7.0,1.0,0.0,0.0,0.0,0.0,0.0,lipid,0.8804934690112376
728,728,397.223527,397.2232589,397.2231769,1.619047619,0.333333333,C21 H34 O7,21.0,34.0,7.0,0.0,0.0,0.0,0.0,0.0,0.0,lipid,0.8889919939190702
729,729,397.1871194,397.1868513,397.1867914,1.5,0.4,C20 H30 O8,20.0,30.0,8.0,0.0,0.0,0.0,0.0,0.0,0.0,lignin,0.8503241025359334
730,730,397.1692619,397.1689938,397.1690333,1.5,0.3,C20 H30 O6 S1,20.0,30.0,6.0,1.0,0.0,0.0,0.0,0.0,0.0,lipid,0.9053719780058133
731,731,397.1658725,397.1656044,397.165662,1.130434783,0.260869565,C23 H26 O6,23.0,26.0,6.0,0.0,0.0,0.0,0.0,0.0,0.0,lignin,0.8662195619324781
732,732,397.1505586,397.1502906,397.1504059,1.368421053,0.473684211,C19 H26 O9,19.0,26.0,9.0,0.0,0.0,0.0,0.0,0.0,0.0,lignin,0.8560262835077583
733,733,397.1294379,397.1291698,397.1292765,1.0,0.318181818,C22 H22 O7,22.0,22.0,7.0,0.0,0.0,0.0,0.0,0.0,0.0,lignin,0.9393319932339235
734,734,397.1142895,397.1140215,397.1140204,1.222222222,0.555555556,C18 H22 O10,18.0,22.0,10.0,0.0,0.0,0.0,0.0,0.0,0.0,lignin,0.8601644067693508
735,735,397.093283,397.093015,397.092891,0.857142857,0.380952381,C21 H18 O8,21.0,18.0,8.0,0.0,0.0,0.0,0.0,0.0,0.0,tannin,0.9099428191865645
736,736,397.0780195,397.0777515,397.0776349,1.058823529,0.647058824,C17 H18 O11,17.0,18.0,11.0,0.0,0.0,0.0,0.0,0.0,0.0,lignin,0.936944091835364
737,737,397.0414094,397.0411414,397.0412494,0.875,0.75,C16 H14 O12,16.0,14.0,12.0,0.0,0.0,0.0,0.0,0.0,0.0,tannin,0.9062049957749687
738,738,396.2110344,396.2107675,396.2108817,1.6,0.35,C20 H32 O7 13C1,21.0,32.0,7.0,0.0,0.0,1.0,0.0,0.0,0.0,lipid,0.8893044017010189
739,739,396.1749024,396.1746355,396.1744962,1.473684211,0.421052632,C19 H28 O8 13C1,20.0,28.0,8.0,0.0,0.0,1.0,0.0,0.0,0.0,lignin,0.8521928649449
740,740,396.1383252,396.1380583,396.1381107,1.333333333,0.5,C18 H24 O9 13C1,19.0,24.0,9.0,0.0,0.0,1.0,0.0,0.0,0.0,lignin,0.8569490914445916
741,741,396.1018754,396.1016086,396.1017251,1.176470588,0.588235294,C17 H20 O10 13C1,18.0,20.0,10.0,0.0,0.0,1.0,0.0,0.0,0.0,lignin,0.8621950562879027
742,742,395.2076699,395.2074042,395.2075268,1.523809524,0.333333333,C21 H32 O7,21.0,32.0,7.0,0.0,0.0,0.0,0.0,0.0,0.0,lipid,0.9052917154132322
743,743,395.1713847,395.171119,395.1711413,1.4,0.4,C20 H28 O8,20.0,28.0,8.0,0.0,0.0,0.0,0.0,0.0,0.0,lignin,0.8539999627092645
744,744,395.1537762,395.1535105,395.1533833,1.4,0.3,C20 H28 O6 S1,20.0,28.0,6.0,1.0,0.0,0.0,0.0,0.0,0.0,lignin,0.8529609839494021
745,745,395.1351709,395.1349052,395.1347558,1.263157895,0.473684211,C19 H24 O9,19.0,24.0,9.0,0.0,0.0,0.0,0.0,0.0,0.0,lignin,0.8590925235129954
746,746,395.0984918,395.0982261,395.0983703,1.111111111,0.555555556,C18 H20 O10,18.0,20.0,10.0,0.0,0.0,0.0,0.0,0.0,0.0,lignin,0.8987638001031305
747,747,395.0773386,395.0770729,395.0772409,0.761904762,0.380952381,C21 H16 O8,21.0,16.0,8.0,0.0,0.0,0.0,0.0,0.0,0.0,tannin,0.8796322461761873
748,748,395.0622326,395.061967,395.0619848,0.941176471,0.647058824,C17 H16 O11,17.0,16.0,11.0,0.0,0.0,0.0,0.0,0.0,0.0,tannin,0.7310362481980779
749,749,394.1953747,394.1951101,394.1952316,1.5,0.35,C20 H30 O7 13C1,21.0,30.0,7.0,0.0,0.0,1.0,0.0,0.0,0.0,lipid,0.5974466648591198
750,750,394.159068,394.1588034,394.1588461,1.368421053,0.421052632,C19 H26 O8 13C1,20.0,26.0,8.0,0.0,0.0,1.0,0.0,0.0,0.0,lignin,0.8548882147329214
751,751,394.1228444,394.1225799,394.1224606,1.222222222,0.5,C18 H22 O9 13C1,19.0,22.0,9.0,0.0,0.0,1.0,0.0,0.0,0.0,lignin,0.8604575388845316
752,752,394.0862685,394.086004,394.0860751,1.058823529,0.588235294,C17 H18 O10 13C1,18.0,18.0,10.0,0.0,0.0,1.0,0.0,0.0,0.0,lignin,0.9376481056446039
753,753,393.2286746,393.2284112,393.2282623,1.545454545,0.272727273,C22 H34 O6,22.0,34.0,6.0,0.0,0.0,0.0,0.0,0.0,0.0,lipid,0.9050765944045687
754,754,393.1920643,393.1918009,393.1918768,1.428571429,0.333333333,C21 H30 O7,21.0,30.0,7.0,0.0,0.0,0.0,0.0,0.0,0.0,lignin,0.8526064400627039
755,755,393.1556585,393.1553951,393.1554913,1.3,0.4,C20 H26 O8,20.0,26.0,8.0,0.0,0.0,0.0,0.0,0.0,0.0,lignin,0.8578166076724912
756,756,393.1195032,393.1192399,393.1191058,1.157894737,0.473684211,C19 H22 O9,19.0,22.0,9.0,0.0,0.0,0.0,0.0,0.0,0.0,lignin,0.8641948381615133
757,757,393.0829261,393.0826629,393.0827202,1.0,0.555555556,C18 H18 O10,18.0,18.0,10.0,0.0,0.0,0.0,0.0,0.0,0.0,lignin,0.9375827385603408
758,758,393.0464936,393.0462304,393.0463347,0.823529412,0.647058824,C17 H14 O11,17.0,14.0,11.0,0.0,0.0,0.0,0.0,0.0,0.0,tannin,0.9110846259545478
759,759,393.0441184,393.0438552,393.0438328,0.666666667,0.285714286,C21 H14 O6 S1,21.0,14.0,6.0,1.0,0.0,0.0,0.0,0.0,0.0,pah,0.6270135873063014
760,760,392.1797171,392.1794549,392.1795815,1.4,0.35,C20 H28 O7 13C1,21.0,28.0,7.0,0.0,0.0,1.0,0.0,0.0,0.0,lignin,0.8534695274708255
761,761,392.143433,392.1431708,392.143196,1.263157895,0.421052632,C19 H24 O8 13C1,20.0,24.0,8.0,0.0,0.0,1.0,0.0,0.0,0.0,lignin,0.859127786459432
762,762,391.2129411,391.2126801,391.2126122,1.454545455,0.272727273,C22 H32 O6,22.0,32.0,6.0,0.0,0.0,0.0,0.0,0.0,0.0,lipid,0.7452853222153893
763,763,391.1763419,391.1760809,391.1762267,1.333333333,0.333333333,C21 H28 O7,21.0,28.0,7.0,0.0,0.0,0.0,0.0,0.0,0.0,lignin,0.8551654389159757
764,764,391.1401382,391.1398773,391.1398412,1.2,0.4,C20 H24 O8,20.0,24.0,8.0,0.0,0.0,0.0,0.0,0.0,0.0,lignin,0.8624519255261431
765,765,391.1038181,391.1035572,391.1034557,1.052631579,0.473684211,C19 H20 O9,19.0,20.0,9.0,0.0,0.0,0.0,0.0,0.0,0.0,lignin,0.9390207736654143
766,766,391.1013933,391.1011324,391.1009538,0.869565217,0.173913043,C23 H20 O4 S1,23.0,20.0,4.0,1.0,0.0,0.0,0.0,0.0,0.0,tannin,0.872836559545535
767,767,391.0671767,391.0669158,391.0670702,0.888888889,0.555555556,C18 H16 O10,18.0,16.0,10.0,0.0,0.0,0.0,0.0,0.0,0.0,tannin,0.9091875655957173
768,768,391.0647779,391.064517,391.0645683,0.727272727,0.227272727,C22 H16 O5 S1,22.0,16.0,5.0,1.0,0.0,0.0,0.0,0.0,0.0,pah,0.5012053576626831
769,769,391.03097,391.0307091,391.0306847,0.705882353,0.647058824,C17 H12 O11,17.0,12.0,11.0,0.0,0.0,0.0,0.0,0.0,0.0,tannin,0.9143523784852811
770,770,391.0285565,391.0282957,391.0281827,0.571428571,0.285714286,C21 H12 O6 S1,21.0,12.0,6.0,1.0,0.0,0.0,0.0,0.0,0.0,pah,0.9547892544273673
771,771,390.2004551,390.2001953,390.200317,1.428571429,0.285714286,C21 H30 O6 13C1,22.0,30.0,6.0,0.0,0.0,1.0,0.0,0.0,0.0,lignin,0.7216403689590601
772,772,390.1641305,390.1638707,390.1639315,1.3,0.35,C20 H26 O7 13C1,21.0,26.0,7.0,0.0,0.0,1.0,0.0,0.0,0.0,lignin,0.8564600332216351
773,773,389.2336219,389.2333632,389.2333477,1.47826087,0.217391304,C23 H34 O5,23.0,34.0,5.0,0.0,0.0,0.0,0.0,0.0,0.0,lipid,0.9061087608403682
774,774,389.2004379,389.2001792,389.2003335,1.789473684,0.315789474,C19 H34 O6 S1,19.0,34.0,6.0,1.0,0.0,0.0,0.0,0.0,0.0,lipid,0.9103443173026194
775,775,389.1970869,389.1968282,389.1969622,1.363636364,0.272727273,C22 H30 O6,22.0,30.0,6.0,0.0,0.0,0.0,0.0,0.0,0.0,lignin,0.8536877938566775
776,776,389.1609846,389.160726,389.1605766,1.238095238,0.333333333,C21 H26 O7,21.0,26.0,7.0,0.0,0.0,0.0,0.0,0.0,0.0,lignin,0.8597965148887416
777,777,389.1244053,389.1241467,389.1241911,1.1,0.4,C20 H22 O8,20.0,22.0,8.0,0.0,0.0,0.0,0.0,0.0,0.0,lignin,0.904897077917974
778,778,389.1219999,389.1217413,389.1216892,0.916666667,0.125,C24 H22 O3 S1,24.0,22.0,3.0,1.0,0.0,0.0,0.0,0.0,0.0,tannin,0.8728966224147718
779,779,389.1090689,389.1088104,389.108935,1.375,0.6875,C16 H22 O11,16.0,22.0,11.0,0.0,0.0,0.0,0.0,0.0,0.0,lignin,0.5884546066142188
780,780,389.1009756,389.100717,389.1005598,0.666666667,0.037037037,C27 H18 O1 S1,27.0,18.0,1.0,1.0,0.0,0.0,0.0,0.0,0.0,pah,0.9555241830834269
781,781,389.0879494,389.0876909,389.0878056,0.947368421,0.473684211,C19 H18 O9,19.0,18.0,9.0,0.0,0.0,0.0,0.0,0.0,0.0,lignin,0.7928518902418298
782,782,389.0855497,389.0852912,389.0853037,0.782608696,0.173913043,C23 H18 O4 S1,23.0,18.0,4.0,1.0,0.0,0.0,0.0,0.0,0.0,pah,0.5005315326447257
783,783,389.0727758,389.0725173,389.0725495,1.2,0.8,C15 H18 O12,15.0,18.0,12.0,0.0,0.0,0.0,0.0,0.0,0.0,lignin,0.5385829862356663
784,784,389.0517818,389.0515232,389.0514201,0.777777778,0.555555556,C18 H14 O10,18.0,14.0,10.0,0.0,0.0,0.0,0.0,0.0,0.0,tannin,0.9123343698442365
785,785,387.2214287,387.2211723,387.2210689,1.8,0.25,C20 H36 O5 S1,20.0,36.0,5.0,1.0,0.0,0.0,0.0,0.0,0.0,lipid,0.9099195037485771
786,786,387.2180756,387.2178193,387.2176976,1.391304348,0.217391304,C23 H32 O5,23.0,32.0,5.0,0.0,0.0,0.0,0.0,0.0,0.0,lipid,0.5976478752784827
787,787,387.1849212,387.1846648,387.1846834,1.684210526,0.315789474,C19 H32 O6 S1,19.0,32.0,6.0,1.0,0.0,0.0,0.0,0.0,0.0,lipid,0.8865381872751316
788,788,387.1815348,387.1812785,387.1813121,1.272727273,0.272727273,C22 H28 O6,22.0,28.0,6.0,0.0,0.0,0.0,0.0,0.0,0.0,lignin,0.8565598968290127
789,789,387.1661827,387.1659264,387.1660559,1.555555556,0.5,C18 H28 O9,18.0,28.0,9.0,0.0,0.0,0.0,0.0,0.0,0.0,lignin,0.842463410831856
790,790,387.1450678,387.1448115,387.1449266,1.142857143,0.333333333,C21 H24 O7,21.0,24.0,7.0,0.0,0.0,0.0,0.0,0.0,0.0,lignin,0.8655917935643386
791,791,387.1299475,387.1296913,387.1296704,1.411764706,0.588235294,C17 H24 O10,17.0,24.0,10.0,0.0,0.0,0.0,0.0,0.0,0.0,lignin,0.8680668133776754
792,792,387.1148003,387.1145441,387.1144143,1.846153846,1.0,C13 H24 O13,13.0,24.0,13.0,0.0,0.0,0.0,0.0,0.0,0.0,carbohydrate,0.904180848133441
793,793,387.1089212,387.108665,387.1085411,1.0,0.4,C20 H20 O8,20.0,20.0,8.0,0.0,0.0,0.0,0.0,0.0,0.0,lignin,0.9385361116841459
794,794,387.0936449,387.0933887,387.0932849,1.25,0.6875,C16 H20 O11,16.0,20.0,11.0,0.0,0.0,0.0,0.0,0.0,0.0,lignin,0.8687237884121297
795,795,387.0722994,387.0720432,387.0721556,0.842105263,0.473684211,C19 H16 O9,19.0,16.0,9.0,0.0,0.0,0.0,0.0,0.0,0.0,tannin,0.9105866031734047
796,796,387.0698707,387.0696145,387.0696536,0.695652174,0.173913043,C23 H16 O4 S1,23.0,16.0,4.0,1.0,0.0,0.0,0.0,0.0,0.0,pah,0.9553542840704836
797,797,387.0570086,387.0567525,387.0568994,1.066666667,0.8,C15 H16 O12,15.0,16.0,12.0,0.0,0.0,0.0,0.0,0.0,0.0,lignin,0.922339765642582
798,798,387.0359504,387.0356943,387.0357701,0.666666667,0.555555556,C18 H12 O10,18.0,12.0,10.0,0.0,0.0,0.0,0.0,0.0,0.0,tannin,0.8835871309863135
799,799,387.0335299,387.0332737,387.0332681,0.545454545,0.227272727,C22 H12 O5 S1,22.0,12.0,5.0,1.0,0.0,0.0,0.0,0.0,0.0,pah,0.9548357238383387
800,800,385.2234762,385.2232221,385.2231769,1.7,0.35,C20 H34 O7,20.0,34.0,7.0,0.0,0.0,0.0,0.0,0.0,0.0,lipid,0.91134526572808
801,801,385.2057649,385.205511,385.2054188,1.7,0.25,C20 H34 O5 S1,20.0,34.0,5.0,1.0,0.0,0.0,0.0,0.0,0.0,lipid,0.8892733787248559
802,802,385.202421,385.2021671,385.2020475,1.304347826,0.217391304,C23 H30 O5,23.0,30.0,5.0,0.0,0.0,0.0,0.0,0.0,0.0,lignin,0.8549502675169386
803,803,385.1871497,385.1868957,385.1867914,1.578947368,0.421052632,C19 H30 O8,19.0,30.0,8.0,0.0,0.0,0.0,0.0,0.0,0.0,lipid,0.7277173535673254
804,804,385.1692662,385.1690123,385.1690333,1.578947368,0.315789474,C19 H30 O6 S1,19.0,30.0,6.0,1.0,0.0,0.0,0.0,0.0,0.0,lipid,0.8936332481473148
805,805,385.1658476,385.1655936,385.165662,1.181818182,0.272727273,C22 H26 O6,22.0,26.0,6.0,0.0,0.0,0.0,0.0,0.0,0.0,lignin,0.8631389125054809
806,806,385.1505155,385.1502615,385.1504059,1.444444444,0.5,C18 H26 O9,18.0,26.0,9.0,0.0,0.0,0.0,0.0,0.0,0.0,lignin,0.8525559541009015
807,807,385.1294465,385.1291926,385.1292765,1.047619048,0.333333333,C21 H22 O7,21.0,22.0,7.0,0.0,0.0,0.0,0.0,0.0,0.0,lignin,0.9404167328261168
808,808,385.1143308,385.1140769,385.1140204,1.294117647,0.588235294,C17 H22 O10,17.0,22.0,10.0,0.0,0.0,0.0,0.0,0.0,0.0,lignin,0.8675421293288755
809,809,385.0932828,385.0930289,385.092891,0.9,0.4,C20 H18 O8,20.0,18.0,8.0,0.0,0.0,0.0,0.0,0.0,0.0,tannin,0.9086745467713063
810,810,385.0779563,385.0777025,385.0776349,1.125,0.6875,C16 H18 O11,16.0,18.0,11.0,0.0,0.0,0.0,0.0,0.0,0.0,lignin,0.8999407893331556
811,811,385.0566627,385.0564089,385.0565055,0.736842105,0.473684211,C19 H14 O9,19.0,14.0,9.0,0.0,0.0,0.0,0.0,0.0,0.0,tannin,0.8891495724142242
812,812,385.0413431,385.0410893,385.0412494,0.933333333,0.8,C15 H14 O12,15.0,14.0,12.0,0.0,0.0,0.0,0.0,0.0,0.0,tannin,0.904704629860331
813,813,384.1747529,384.1745001,384.1744962,1.555555556,0.444444444,C18 H28 O8 13C1,19.0,28.0,8.0,0.0,0.0,1.0,0.0,0.0,0.0,lignin,0.7123148726588796
814,814,384.1384715,384.1382187,384.1381107,1.411764706,0.529411765,C17 H24 O9 13C1,18.0,24.0,9.0,0.0,0.0,1.0,0.0,0.0,0.0,lignin,0.8532922317608979
815,815,384.1018352,384.1015825,384.1017251,1.25,0.625,C16 H20 O10 13C1,17.0,20.0,10.0,0.0,0.0,1.0,0.0,0.0,0.0,lignin,0.8685467575985095
816,816,383.2078881,383.2076364,383.2075268,1.6,0.35,C20 H32 O7,20.0,32.0,7.0,0.0,0.0,0.0,0.0,0.0,0.0,lipid,0.8893044017010189
817,817,383.1900001,383.1897484,383.1897688,1.6,0.25,C20 H32 O5 S1,20.0,32.0,5.0,1.0,0.0,0.0,0.0,0.0,0.0,lipid,0.9027902535012388
818,818,383.1712647,383.1710131,383.1711413,1.473684211,0.421052632,C19 H28 O8,19.0,28.0,8.0,0.0,0.0,0.0,0.0,0.0,0.0,lignin,0.8521928649449
819,819,383.1501652,383.1499136,383.150012,1.090909091,0.272727273,C22 H24 O6,22.0,24.0,6.0,0.0,0.0,0.0,0.0,0.0,0.0,lignin,0.9096716058377616
820,820,383.1350346,383.134783,383.1347558,1.333333333,0.5,C18 H24 O9,18.0,24.0,9.0,0.0,0.0,0.0,0.0,0.0,0.0,lignin,0.8569490914445916
821,821,383.098726,383.0984745,383.0983703,1.176470588,0.588235294,C17 H20 O10,17.0,20.0,10.0,0.0,0.0,0.0,0.0,0.0,0.0,lignin,0.8621950562879027
822,822,383.077383,383.0771315,383.0772409,0.8,0.4,C20 H16 O8,20.0,16.0,8.0,0.0,0.0,0.0,0.0,0.0,0.0,tannin,0.8989007775752317
823,823,383.0620609,383.0618094,383.0619848,1.0,0.6875,C16 H16 O11,16.0,16.0,11.0,0.0,0.0,0.0,0.0,0.0,0.0,lignin,0.936459680478176
824,824,383.0259554,383.025704,383.0255993,0.8,0.8,C15 H12 O12,15.0,12.0,12.0,0.0,0.0,0.0,0.0,0.0,0.0,tannin,0.9128480552144536
825,825,382.2351263,382.2348757,382.2349884,2.235294118,0.352941176,C17 H38 O6 S1 13C1,18.0,38.0,6.0,1.0,0.0,1.0,0.0,0.0,0.0,lipid,0.8798783143913009
826,826,382.2351263,382.2348757,382.2347446,1.736842105,0.263157895,C19 H33 O5 N3,19.0,33.0,5.0,0.0,3.0,0.0,0.0,0.0,0.1578947368421052,lipid,0.6220935106482282
827,827,382.1955956,382.1953451,382.1952316,1.578947368,0.368421053,C19 H30 O7 13C1,20.0,30.0,7.0,0.0,0.0,1.0,0.0,0.0,0.0,lipid,0.8897376175940354
828,828,382.1590964,382.158846,382.1588461,1.444444444,0.444444444,C18 H26 O8 13C1,19.0,26.0,8.0,0.0,0.0,1.0,0.0,0.0,0.0,lignin,0.8539469661486209
829,829,382.1225915,382.1223411,382.1224606,1.294117647,0.529411765,C17 H22 O9 13C1,18.0,22.0,9.0,0.0,0.0,1.0,0.0,0.0,0.0,lignin,0.8579346088291023
830,830,381.2318277,381.2315784,381.2316336,2.111111111,0.333333333,C18 H38 O6 S1,18.0,38.0,6.0,1.0,0.0,0.0,0.0,0.0,0.0,lipid,0.8811862546083612
831,831,381.2284261,381.2281767,381.2282623,1.619047619,0.285714286,C21 H34 O6,21.0,34.0,6.0,0.0,0.0,0.0,0.0,0.0,0.0,lipid,0.8930703486785798
832,832,381.1954149,381.1951656,381.1952481,2.0,0.411764706,C17 H34 O7 S1,17.0,34.0,7.0,1.0,0.0,0.0,0.0,0.0,0.0,lipid,0.8814578289037781
833,833,381.1920772,381.1918279,381.1918768,1.5,0.35,C20 H30 O7,20.0,30.0,7.0,0.0,0.0,0.0,0.0,0.0,0.0,lipid,0.5974466648591198
834,834,381.1744687,381.1742194,381.1741187,1.5,0.25,C20 H30 O5 S1,20.0,30.0,5.0,1.0,0.0,0.0,0.0,0.0,0.0,lipid,0.9057386725738421
835,835,381.1558705,381.1556212,381.1554913,1.368421053,0.421052632,C19 H26 O8,19.0,26.0,8.0,0.0,0.0,0.0,0.0,0.0,0.0,lignin,0.8548882147329214
836,836,381.119204,381.1189548,381.1191058,1.222222222,0.5,C18 H22 O9,18.0,22.0,9.0,0.0,0.0,0.0,0.0,0.0,0.0,lignin,0.8604575388845316
837,837,381.0830007,381.0827516,381.0827202,1.058823529,0.588235294,C17 H18 O10,17.0,18.0,10.0,0.0,0.0,0.0,0.0,0.0,0.0,lignin,0.9376481056446039
838,838,381.0466652,381.0464161,381.0463347,0.875,0.6875,C16 H14 O11,16.0,14.0,11.0,0.0,0.0,0.0,0.0,0.0,0.0,tannin,0.9057925725515871
839,839,381.0442597,381.0440106,381.0438328,0.7,0.3,C20 H14 O6 S1,20.0,14.0,6.0,1.0,0.0,0.0,0.0,0.0,0.0,tannin,0.615964694334974
840,840,380.1797304,380.1794823,380.1795815,1.473684211,0.368421053,C19 H28 O7 13C1,20.0,28.0,7.0,0.0,0.0,1.0,0.0,0.0,0.0,lignin,0.8516044776110187
841,841,380.1435884,380.1433403,380.143196,1.333333333,0.444444444,C18 H24 O8 13C1,19.0,24.0,8.0,0.0,0.0,1.0,0.0,0.0,0.0,lignin,0.8559448464689936
842,842,380.1069092,380.1066612,380.1068105,1.176470588,0.529411765,C17 H20 O9 13C1,18.0,20.0,9.0,0.0,0.0,1.0,0.0,0.0,0.0,lignin,0.8627759780385011
843,843,379.2128596,379.2126126,379.2126122,1.523809524,0.285714286,C21 H32 O6,21.0,32.0,6.0,0.0,0.0,0.0,0.0,0.0,0.0,lipid,0.9052096970948964
844,844,379.1763539,379.1761069,379.1762267,1.4,0.35,C20 H28 O7,20.0,28.0,7.0,0.0,0.0,0.0,0.0,0.0,0.0,lignin,0.8534695274708255
845,845,379.1402388,379.1399919,379.1398412,1.263157895,0.421052632,C19 H24 O8,19.0,24.0,8.0,0.0,0.0,0.0,0.0,0.0,0.0,lignin,0.859127786459432
846,846,379.1035584,379.1033115,379.1034557,1.111111111,0.5,C18 H20 O9,18.0,20.0,9.0,0.0,0.0,0.0,0.0,0.0,0.0,lignin,0.865755751129708
847,847,379.1011486,379.1009017,379.1009538,0.909090909,0.181818182,C22 H20 O4 S1,22.0,20.0,4.0,1.0,0.0,0.0,0.0,0.0,0.0,tannin,0.8791740742350556
848,848,379.067325,379.0670782,379.0670702,0.941176471,0.588235294,C17 H16 O10,17.0,16.0,10.0,0.0,0.0,0.0,0.0,0.0,0.0,tannin,0.7303977767835377
849,849,379.0649535,379.0647067,379.0645683,0.761904762,0.238095238,C21 H16 O5 S1,21.0,16.0,5.0,1.0,0.0,0.0,0.0,0.0,0.0,tannin,0.617570824231602
850,850,379.0310305,379.0307837,379.0306847,0.75,0.6875,C16 H12 O11,16.0,12.0,11.0,0.0,0.0,0.0,0.0,0.0,0.0,tannin,0.9135546162202137
851,851,379.0285964,379.0283497,379.0281827,0.6,0.3,C20 H12 O6 S1,20.0,12.0,6.0,1.0,0.0,0.0,0.0,0.0,0.0,pah,0.9548080056797665
852,852,378.2004266,378.2001808,378.200317,1.5,0.3,C20 H30 O6 13C1,21.0,30.0,6.0,0.0,0.0,1.0,0.0,0.0,0.0,lipid,0.9053719780058133
853,853,378.1641971,378.1639514,378.1639315,1.368421053,0.368421053,C19 H26 O7 13C1,20.0,26.0,7.0,0.0,0.0,1.0,0.0,0.0,0.0,lignin,0.8545315277603283
854,854,378.1278982,378.1276525,378.127546,1.222222222,0.444444444,C18 H22 O8 13C1,19.0,22.0,8.0,0.0,0.0,1.0,0.0,0.0,0.0,lignin,0.8606717626355881
855,855,378.0912513,378.0910056,378.0911605,1.058823529,0.529411765,C17 H18 O9 13C1,18.0,18.0,9.0,0.0,0.0,1.0,0.0,0.0,0.0,lignin,0.9383669676472831
856,856,377.1970629,377.1968183,377.1969622,1.428571429,0.285714286,C21 H30 O6,21.0,30.0,6.0,0.0,0.0,0.0,0.0,0.0,0.0,lignin,0.7216403689590601
857,857,377.1609632,377.1607186,377.1605766,1.3,0.35,C20 H26 O7,20.0,26.0,7.0,0.0,0.0,0.0,0.0,0.0,0.0,lignin,0.8564600332216351
858,858,377.1243746,377.1241301,377.1241911,1.157894737,0.421052632,C19 H22 O8,19.0,22.0,8.0,0.0,0.0,0.0,0.0,0.0,0.0,lignin,0.8645421683430673
859,859,377.1219675,377.1217229,377.1216892,0.956521739,0.130434783,C23 H22 O3 S1,23.0,22.0,3.0,1.0,0.0,0.0,0.0,0.0,0.0,lignin,0.9185234166423613
860,860,377.1009598,377.1007153,377.1005598,0.692307692,0.038461538,C26 H18 O1 S1,26.0,18.0,1.0,1.0,0.0,0.0,0.0,0.0,0.0,pah,0.9556562469696088
861,861,377.0879677,377.0877232,377.0878056,1.0,0.5,C18 H18 O9,18.0,18.0,9.0,0.0,0.0,0.0,0.0,0.0,0.0,lignin,0.9381105716616908
862,862,377.0517926,377.0515482,377.0514201,0.823529412,0.588235294,C17 H14 O10,17.0,14.0,10.0,0.0,0.0,0.0,0.0,0.0,0.0,tannin,0.9109071158371087
863,863,377.0127757,377.0125313,377.0125327,0.5,0.3,C20 H10 O6 S1,20.0,10.0,6.0,1.0,0.0,0.0,0.0,0.0,0.0,pah,0.9546893306263808
864,864,376.2788959,376.2786524,376.2785673,2.105263158,0.315789474,C19 H40 O6 13C1,20.0,40.0,6.0,0.0,0.0,1.0,0.0,0.0,0.0,lipid,0.8816120527727108
865,865,376.1850013,376.1847579,376.1846669,1.4,0.3,C20 H28 O6 13C1,21.0,28.0,6.0,0.0,0.0,1.0,0.0,0.0,0.0,lignin,0.8529609839494021
866,866,376.1485289,376.1482855,376.1482814,1.263157895,0.368421053,C19 H24 O7 13C1,20.0,24.0,7.0,0.0,0.0,1.0,0.0,0.0,0.0,lignin,0.85901371261316
867,867,375.2755425,375.2753001,375.2752125,2.0,0.3,C20 H40 O6,20.0,40.0,6.0,0.0,0.0,0.0,0.0,0.0,0.0,lipid,0.8940261673562379
868,868,375.2179268,375.2176844,375.2176976,1.454545455,0.227272727,C22 H32 O5,22.0,32.0,5.0,0.0,0.0,0.0,0.0,0.0,0.0,lipid,0.9062434491074116
869,869,375.1816331,375.1813908,375.1813121,1.333333333,0.285714286,C21 H28 O6,21.0,28.0,6.0,0.0,0.0,0.0,0.0,0.0,0.0,lignin,0.8546532915246612
870,870,375.1662656,375.1660234,375.1660559,1.647058824,0.529411765,C17 H28 O9,17.0,28.0,9.0,0.0,0.0,0.0,0.0,0.0,0.0,carbohydrate,0.40264262579214166
871,871,375.1450403,375.144798,375.1449266,1.2,0.35,C20 H24 O7,20.0,24.0,7.0,0.0,0.0,0.0,0.0,0.0,0.0,lignin,0.8624798726731575
872,872,375.1298215,375.1295793,375.1296704,1.5,0.625,C16 H24 O10,16.0,24.0,10.0,0.0,0.0,0.0,0.0,0.0,0.0,lignin,0.5835599247870535
873,873,375.1088505,375.1086083,375.1085411,1.052631579,0.421052632,C19 H20 O8,19.0,20.0,8.0,0.0,0.0,0.0,0.0,0.0,0.0,lignin,0.9398007396403985
874,874,375.0936512,375.093409,375.0932849,1.333333333,0.733333333,C15 H20 O11,15.0,20.0,11.0,0.0,0.0,0.0,0.0,0.0,0.0,lignin,0.6117148964580517
875,875,375.0724432,375.072201,375.0721556,0.888888889,0.5,C18 H16 O9,18.0,16.0,9.0,0.0,0.0,0.0,0.0,0.0,0.0,tannin,0.9091053977732365
876,876,375.0699976,375.0697554,375.0696536,0.727272727,0.181818182,C22 H16 O4 S1,22.0,16.0,4.0,1.0,0.0,0.0,0.0,0.0,0.0,pah,0.9554743110588209
877,877,375.0570227,375.0567806,375.0568994,1.142857143,0.857142857,C14 H16 O12,14.0,16.0,12.0,0.0,0.0,0.0,0.0,0.0,0.0,lignin,0.6670715124866456
878,878,375.0358868,375.0356447,375.0357701,0.705882353,0.588235294,C17 H12 O10,17.0,12.0,10.0,0.0,0.0,0.0,0.0,0.0,0.0,tannin,0.9057538576346635
879,879,375.0334903,375.0332482,375.0332681,0.571428571,0.238095238,C21 H12 O5 S1,21.0,12.0,5.0,1.0,0.0,0.0,0.0,0.0,0.0,pah,0.9548650696016239
880,880,373.2055287,373.2052887,373.2054188,1.789473684,0.263157895,C19 H34 O5 S1,19.0,34.0,5.0,1.0,0.0,0.0,0.0,0.0,0.0,lipid,0.9098819481351559
881,881,373.202179,373.201939,373.2020475,1.363636364,0.227272727,C22 H30 O5,22.0,30.0,5.0,0.0,0.0,0.0,0.0,0.0,0.0,lignin,0.7224488366946822
882,882,373.187083,373.186843,373.1867914,1.666666667,0.444444444,C18 H30 O8,18.0,30.0,8.0,0.0,0.0,0.0,0.0,0.0,0.0,lipid,0.9114867615163087
883,883,373.169363,373.1691231,373.1690333,1.666666667,0.333333333,C18 H30 O6 S1,18.0,30.0,6.0,1.0,0.0,0.0,0.0,0.0,0.0,lipid,0.8866181809581267
884,884,373.1507265,373.1504866,373.1504059,1.529411765,0.529411765,C17 H26 O9,17.0,26.0,9.0,0.0,0.0,0.0,0.0,0.0,0.0,lignin,0.8744764167071676
885,885,373.1327637,373.1325238,373.1326478,1.529411765,0.411764706,C17 H26 O7 S1,17.0,26.0,7.0,1.0,0.0,0.0,0.0,0.0,0.0,lignin,0.714233278824674
886,886,373.1293746,373.1291347,373.1292765,1.1,0.35,C20 H22 O7,20.0,22.0,7.0,0.0,0.0,0.0,0.0,0.0,0.0,lignin,0.9059931539125226
887,887,373.1269682,373.1267283,373.1267746,0.916666667,0.083333333,C24 H22 O2 S1,24.0,22.0,2.0,1.0,0.0,0.0,0.0,0.0,0.0,tannin,0.552684002101396
888,888,373.1141384,373.1138985,373.1140204,1.375,0.625,C16 H22 O10,16.0,22.0,10.0,0.0,0.0,0.0,0.0,0.0,0.0,lignin,0.9073261976004119
889,889,373.0931996,373.0929598,373.092891,0.947368421,0.421052632,C19 H18 O8,19.0,18.0,8.0,0.0,0.0,0.0,0.0,0.0,0.0,lignin,0.9380646200794954
890,890,373.0780009,373.0777611,373.0776349,1.2,0.733333333,C15 H18 O11,15.0,18.0,11.0,0.0,0.0,0.0,0.0,0.0,0.0,lignin,0.8697404616160099
891,891,373.0567809,373.0565411,373.0565055,0.777777778,0.5,C18 H14 O9,18.0,14.0,9.0,0.0,0.0,0.0,0.0,0.0,0.0,tannin,0.9099456628229644
892,892,373.0414137,373.0411739,373.0412494,1.0,0.857142857,C14 H14 O12,14.0,14.0,12.0,0.0,0.0,0.0,0.0,0.0,0.0,lignin,0.8178458991916125
893,893,373.0178504,373.0176107,373.0176181,0.476190476,0.238095238,C21 H10 O5 S1,21.0,10.0,5.0,1.0,0.0,0.0,0.0,0.0,0.0,pah,0.9547351508963983
894,894,372.2756602,372.2754212,372.2755468,1.95,0.25,C20 H39 O5 N1,20.0,39.0,5.0,0.0,1.0,0.0,0.0,0.0,0.05,lipid,0.8950231062992746
895,895,372.1383957,372.138157,372.1381107,1.5,0.5625,C16 H24 O9 13C1,17.0,24.0,9.0,0.0,0.0,1.0,0.0,0.0,0.0,lignin,0.864313301098948
896,896,372.1019732,372.1017345,372.1017251,1.333333333,0.666666667,C15 H20 O10 13C1,16.0,20.0,10.0,0.0,0.0,1.0,0.0,0.0,0.0,lignin,0.9083813389933786
897,897,371.2441199,371.2438822,371.2439123,1.8,0.3,C20 H36 O6,20.0,36.0,6.0,0.0,0.0,0.0,0.0,0.0,0.0,lipid,0.9103624533629853
898,898,371.2077044,371.2074667,371.2075268,1.684210526,0.368421053,C19 H32 O7,19.0,32.0,7.0,0.0,0.0,0.0,0.0,0.0,0.0,lipid,0.9114225959932811
899,899,371.1900685,371.1898309,371.1897688,1.684210526,0.263157895,C19 H32 O5 S1,19.0,32.0,5.0,1.0,0.0,0.0,0.0,0.0,0.0,lipid,0.8894148674552484
900,900,371.1867205,371.1864828,371.1863975,1.272727273,0.227272727,C22 H28 O5,22.0,28.0,5.0,0.0,0.0,0.0,0.0,0.0,0.0,lignin,0.8561209699715887
901,901,371.1714895,371.1712518,371.1711413,1.555555556,0.444444444,C18 H28 O8,18.0,28.0,8.0,0.0,0.0,0.0,0.0,0.0,0.0,lignin,0.7123148726588796
902,902,371.1502711,371.1500335,371.150012,1.142857143,0.285714286,C21 H24 O6,21.0,24.0,6.0,0.0,0.0,0.0,0.0,0.0,0.0,lignin,0.8655404216728684
903,903,371.1348797,371.1346421,371.1347558,1.411764706,0.529411765,C17 H24 O9,17.0,24.0,9.0,0.0,0.0,0.0,0.0,0.0,0.0,lignin,0.8532922317608979
904,904,371.117125,371.1168874,371.1169978,1.411764706,0.411764706,C17 H24 O7 S1,17.0,24.0,7.0,1.0,0.0,0.0,0.0,0.0,0.0,lignin,0.8536124892890739
905,905,371.1137544,371.1135168,371.1136264,1.0,0.35,C20 H20 O7,20.0,20.0,7.0,0.0,0.0,0.0,0.0,0.0,0.0,lignin,0.9390272687441088
906,906,371.0986347,371.0983971,371.0983703,1.25,0.625,C16 H20 O10,16.0,20.0,10.0,0.0,0.0,0.0,0.0,0.0,0.0,lignin,0.8685467575985095
907,907,371.0776235,371.077386,371.0772409,0.842105263,0.421052632,C19 H16 O8,19.0,16.0,8.0,0.0,0.0,0.0,0.0,0.0,0.0,tannin,0.9104559100614212
908,908,371.0622886,371.0620511,371.0619848,1.066666667,0.733333333,C15 H16 O11,15.0,16.0,11.0,0.0,0.0,0.0,0.0,0.0,0.0,lignin,0.9274802120820231
909,909,371.0409737,371.0407362,371.0408554,0.666666667,0.5,C18 H12 O9,18.0,12.0,9.0,0.0,0.0,0.0,0.0,0.0,0.0,tannin,0.87814781580687
910,910,371.0257123,371.0254748,371.0255993,0.857142857,0.857142857,C14 H12 O12,14.0,12.0,12.0,0.0,0.0,0.0,0.0,0.0,0.0,tannin,0.908620339165038
911,911,370.1953268,370.1950902,370.1952316,1.666666667,0.388888889,C18 H30 O7 13C1,19.0,30.0,7.0,0.0,0.0,1.0,0.0,0.0,0.0,lipid,0.8867562342433137
912,912,370.1591745,370.1589381,370.1588461,1.529411765,0.470588235,C17 H26 O8 13C1,18.0,26.0,8.0,0.0,0.0,1.0,0.0,0.0,0.0,lignin,0.8427914751261172
913,913,370.122717,370.1224805,370.1224606,1.375,0.5625,C16 H22 O9 13C1,17.0,22.0,9.0,0.0,0.0,1.0,0.0,0.0,0.0,lignin,0.8640685845385313
914,914,370.0861856,370.0859492,370.0860751,1.2,0.666666667,C15 H18 O10 13C1,16.0,18.0,10.0,0.0,0.0,1.0,0.0,0.0,0.0,lignin,0.869799958367009
915,915,369.2286031,369.2283677,369.2282623,1.7,0.3,C20 H34 O6,20.0,34.0,6.0,0.0,0.0,0.0,0.0,0.0,0.0,lipid,0.8864899220423258
916,916,369.210835,369.2105996,369.2105042,1.7,0.2,C20 H34 O4 S1,20.0,34.0,4.0,1.0,0.0,0.0,0.0,0.0,0.0,lipid,0.8933506205517036
917,917,369.1921115,369.1918761,369.1918768,1.578947368,0.368421053,C19 H30 O7,19.0,30.0,7.0,0.0,0.0,0.0,0.0,0.0,0.0,lipid,0.8897376175940354
918,918,369.174236,369.1740006,369.1741187,1.578947368,0.263157895,C19 H30 O5 S1,19.0,30.0,5.0,1.0,0.0,0.0,0.0,0.0,0.0,lipid,0.9029142376183611
919,919,369.1556382,369.1554029,369.1554913,1.444444444,0.444444444,C18 H26 O8,18.0,26.0,8.0,0.0,0.0,0.0,0.0,0.0,0.0,lignin,0.8539469661486209
920,920,369.1194626,369.1192274,369.1191058,1.294117647,0.529411765,C17 H22 O9,17.0,22.0,9.0,0.0,0.0,0.0,0.0,0.0,0.0,lignin,0.8579346088291023
921,921,369.0982231,369.0979879,369.0979764,0.9,0.35,C20 H18 O7,20.0,18.0,7.0,0.0,0.0,0.0,0.0,0.0,0.0,tannin,0.9085025490448484
922,922,369.0828329,369.0825977,369.0827202,1.125,0.625,C16 H18 O10,16.0,18.0,10.0,0.0,0.0,0.0,0.0,0.0,0.0,lignin,0.8630510011186848
923,923,369.0747463,369.0745111,369.0743451,0.518518519,0.0,C27 H14 S1,27.0,14.0,0.0,1.0,0.0,0.0,0.0,0.0,0.0,pah,0.955046764397369
924,924,369.0617208,369.0614856,369.0615909,0.736842105,0.421052632,C19 H14 O8,19.0,14.0,8.0,0.0,0.0,0.0,0.0,0.0,0.0,tannin,0.8801030713772249
925,925,369.0466146,369.0463794,369.0463347,0.933333333,0.733333333,C15 H14 O11,15.0,14.0,11.0,0.0,0.0,0.0,0.0,0.0,0.0,tannin,0.9042504039772463
926,926,368.1904149,368.1901807,368.1901031,1.631578947,0.210526316,C19 H31 O4 S1 N1,19.0,31.0,4.0,1.0,1.0,0.0,0.0,0.0,0.0526315789473684,lipid,0.9027988542364263
927,927,368.1798671,368.1796329,368.1795815,1.555555556,0.388888889,C18 H28 O7 13C1,19.0,28.0,7.0,0.0,0.0,1.0,0.0,0.0,0.0,lipid,0.730519721335294
928,928,368.1432975,368.1430633,368.143196,1.411764706,0.470588235,C17 H24 O8 13C1,18.0,24.0,8.0,0.0,0.0,1.0,0.0,0.0,0.0,lignin,0.8546363836169066
929,929,368.1071825,368.1069484,368.1068105,1.25,0.5625,C16 H20 O9 13C1,17.0,20.0,9.0,0.0,0.0,1.0,0.0,0.0,0.0,lignin,0.8591693090694903
930,930,368.0705266,368.0702925,368.070425,1.066666667,0.666666667,C15 H16 O10 13C1,16.0,16.0,10.0,0.0,0.0,1.0,0.0,0.0,0.0,lignin,0.9368326605141327
931,931,367.2435373,367.2433042,367.2431245,1.142857143,0.0,C28 H32,28.0,32.0,0.0,0.0,0.0,0.0,0.0,0.0,0.0,lignin,0.6792428211669431
932,932,367.2129094,367.2126763,367.2126122,1.6,0.3,C20 H32 O6,20.0,32.0,6.0,0.0,0.0,0.0,0.0,0.0,0.0,lipid,0.8933328730978781
933,933,367.1952011,367.1949681,367.1948542,1.6,0.2,C20 H32 O4 S1,20.0,32.0,4.0,1.0,0.0,0.0,0.0,0.0,0.0,lipid,0.9029389024265715
934,934,367.1798924,367.1796594,367.179598,2.0,0.4375,C16 H32 O7 S1,16.0,32.0,7.0,1.0,0.0,0.0,0.0,0.0,0.0,lipid,0.8811149432055705
935,935,367.1765046,367.1762716,367.1762267,1.473684211,0.368421053,C19 H28 O7,19.0,28.0,7.0,0.0,0.0,0.0,0.0,0.0,0.0,lignin,0.8516044776110187
936,936,367.1399755,367.1397425,367.1398412,1.333333333,0.444444444,C18 H24 O8,18.0,24.0,8.0,0.0,0.0,0.0,0.0,0.0,0.0,lignin,0.8559448464689936
937,937,367.1038136,367.1035806,367.1034557,1.176470588,0.529411765,C17 H20 O9,17.0,20.0,9.0,0.0,0.0,0.0,0.0,0.0,0.0,lignin,0.8627759780385011
938,938,367.0672022,367.0669693,367.0670702,1.0,0.625,C16 H16 O10,16.0,16.0,10.0,0.0,0.0,0.0,0.0,0.0,0.0,lignin,0.9369677228760567
939,939,367.0309275,367.0306946,367.0306847,0.8,0.733333333,C15 H12 O11,15.0,12.0,11.0,0.0,0.0,0.0,0.0,0.0,0.0,tannin,0.912200992987322
940,940,366.2498897,366.2496578,366.249726,2.176470588,0.411764706,C17 H37 O7 N1,17.0,37.0,7.0,0.0,1.0,0.0,0.0,0.0,0.0588235294117647,lipid,0.8280315535830652
941,941,366.2006701,366.2004382,366.200317,1.578947368,0.315789474,C19 H30 O6 13C1,20.0,30.0,6.0,0.0,0.0,1.0,0.0,0.0,0.0,lipid,0.8936332481473148
942,942,366.1640787,366.1638469,366.1639315,1.444444444,0.388888889,C18 H26 O7 13C1,19.0,26.0,7.0,0.0,0.0,1.0,0.0,0.0,0.0,lignin,0.852497948510852
943,943,366.1277839,366.127552,366.127546,1.294117647,0.470588235,C17 H22 O8 13C1,18.0,22.0,8.0,0.0,0.0,1.0,0.0,0.0,0.0,lignin,0.8580587781326574
944,944,366.091475,366.0912432,366.0911605,1.125,0.5625,C16 H18 O9 13C1,17.0,18.0,9.0,0.0,0.0,1.0,0.0,0.0,0.0,lignin,0.8640486212740811
945,945,365.2006576,365.2004268,365.2003335,2.0,0.352941176,C17 H34 O6 S1,17.0,34.0,6.0,1.0,0.0,0.0,0.0,0.0,0.0,lipid,0.882951018848549
946,946,365.1972886,365.1970578,365.1969622,1.5,0.3,C20 H30 O6,20.0,30.0,6.0,0.0,0.0,0.0,0.0,0.0,0.0,lipid,0.9053719780058133
947,947,365.1640619,365.1638311,365.1639479,1.875,0.4375,C16 H30 O7 S1,16.0,30.0,7.0,1.0,0.0,0.0,0.0,0.0,0.0,lipid,0.8837733402757829
948,948,365.1607086,365.1604778,365.1605766,1.368421053,0.368421053,C19 H26 O7,19.0,26.0,7.0,0.0,0.0,0.0,0.0,0.0,0.0,lignin,0.8545315277603283
949,949,365.1245198,365.1242891,365.1241911,1.222222222,0.444444444,C18 H22 O8,18.0,22.0,8.0,0.0,0.0,0.0,0.0,0.0,0.0,lignin,0.8606717626355881
950,950,365.088019,365.0877884,365.0878056,1.058823529,0.529411765,C17 H18 O9,17.0,18.0,9.0,0.0,0.0,0.0,0.0,0.0,0.0,lignin,0.9383669676472831
951,951,365.0855804,365.0853498,365.0853037,0.857142857,0.19047619,C21 H18 O4 S1,21.0,18.0,4.0,1.0,0.0,0.0,0.0,0.0,0.0,tannin,0.8730667593257063
952,952,365.0515827,365.0513521,365.0514201,0.875,0.625,C16 H14 O10,16.0,14.0,10.0,0.0,0.0,0.0,0.0,0.0,0.0,tannin,0.9054849388877582
953,953,365.0492037,365.0489731,365.0489182,0.7,0.25,C20 H14 O5 S1,20.0,14.0,5.0,1.0,0.0,0.0,0.0,0.0,0.0,pah,0.6268534114179227
954,954,364.1847653,364.1845357,364.1846669,1.473684211,0.315789474,C19 H28 O6 13C1,20.0,28.0,6.0,0.0,0.0,1.0,0.0,0.0,0.0,lipid,0.597758489194349
955,955,364.148576,364.1483465,364.1482814,1.333333333,0.388888889,C18 H24 O7 13C1,19.0,24.0,7.0,0.0,0.0,1.0,0.0,0.0,0.0,lignin,0.8557121103029814
956,956,364.1121073,364.1118778,364.1118959,1.176470588,0.470588235,C17 H20 O8 13C1,18.0,20.0,8.0,0.0,0.0,1.0,0.0,0.0,0.0,lignin,0.863277798509398
957,957,364.0756786,364.0754492,364.0755104,1.0,0.5625,C16 H16 O9 13C1,17.0,16.0,9.0,0.0,0.0,1.0,0.0,0.0,0.0,lignin,0.9375190296057887
958,958,363.2178335,363.217605,363.2176976,1.523809524,0.238095238,C21 H32 O5,21.0,32.0,5.0,0.0,0.0,0.0,0.0,0.0,0.0,lipid,0.9051990054494479
959,959,363.1815679,363.1813395,363.1813121,1.4,0.3,C20 H28 O6,20.0,28.0,6.0,0.0,0.0,0.0,0.0,0.0,0.0,lignin,0.8529609839494021
960,960,363.1452071,363.1449787,363.1449266,1.263157895,0.368421053,C19 H24 O7,19.0,24.0,7.0,0.0,0.0,0.0,0.0,0.0,0.0,lignin,0.85901371261316
961,961,363.1086517,363.1084233,363.1085411,1.111111111,0.444444444,C18 H20 O8,18.0,20.0,8.0,0.0,0.0,0.0,0.0,0.0,0.0,lignin,0.866425922452389
962,962,363.106269,363.1060406,363.1060391,0.909090909,0.136363636,C22 H20 O3 S1,22.0,20.0,3.0,1.0,0.0,0.0,0.0,0.0,0.0,tannin,0.8732176468455407
963,963,363.072512,363.0722837,363.0721556,0.941176471,0.529411765,C17 H16 O9,17.0,16.0,9.0,0.0,0.0,0.0,0.0,0.0,0.0,tannin,0.5469755960961425
964,964,363.0358652,363.0356369,363.0357701,0.75,0.625,C16 H12 O10,16.0,12.0,10.0,0.0,0.0,0.0,0.0,0.0,0.0,tannin,0.9132092452623188
965,965,363.0334848,363.0332565,363.0332681,0.6,0.25,C20 H12 O5 S1,20.0,12.0,5.0,1.0,0.0,0.0,0.0,0.0,0.0,pah,0.9548998884321624
966,966,362.1691737,362.1689464,362.1690169,1.368421053,0.315789474,C19 H26 O6 13C1,20.0,26.0,6.0,0.0,0.0,1.0,0.0,0.0,0.0,lignin,0.8539485050410622
967,967,362.1328681,362.1326408,362.1326313,1.222222222,0.388888889,C18 H22 O7 13C1,19.0,22.0,7.0,0.0,0.0,1.0,0.0,0.0,0.0,lignin,0.8606978369621684
968,968,361.2021814,361.2019553,361.2020475,1.428571429,0.238095238,C21 H30 O5,21.0,30.0,5.0,0.0,0.0,0.0,0.0,0.0,0.0,lipid,0.7453846202826135
969,969,361.1659458,361.1657197,361.165662,1.3,0.3,C20 H26 O6,20.0,26.0,6.0,0.0,0.0,0.0,0.0,0.0,0.0,lignin,0.8558651879009446
970,970,361.1295238,361.1292977,361.1292765,1.157894737,0.368421053,C19 H22 O7,19.0,22.0,7.0,0.0,0.0,0.0,0.0,0.0,0.0,lignin,0.8646894595552299
971,971,361.1271208,361.1268947,361.1267746,0.956521739,0.086956522,C23 H22 O2 S1,23.0,22.0,2.0,1.0,0.0,0.0,0.0,0.0,0.0,lignin,0.9109645207399023
972,972,361.1141132,361.1138872,361.1140204,1.466666667,0.666666667,C15 H22 O10,15.0,22.0,10.0,0.0,0.0,0.0,0.0,0.0,0.0,lignin,0.5840812244510609
973,973,361.1060417,361.1058157,361.1056452,0.692307692,0.0,C26 H18 S1,26.0,18.0,0.0,1.0,0.0,0.0,0.0,0.0,0.0,pah,0.9557400528183342
974,974,361.0930358,361.0928098,361.092891,1.0,0.444444444,C18 H18 O8,18.0,18.0,8.0,0.0,0.0,0.0,0.0,0.0,0.0,lignin,0.9385942703928519
975,975,361.0906548,361.0904288,361.0903891,0.818181818,0.136363636,C22 H18 O3 S1,22.0,18.0,3.0,1.0,0.0,0.0,0.0,0.0,0.0,pah,0.6978105510806714
976,976,361.0779588,361.0777328,361.0776349,1.285714286,0.785714286,C14 H18 O11,14.0,18.0,11.0,0.0,0.0,0.0,0.0,0.0,0.0,lignin,0.6148650116649406
977,977,361.0568476,361.0566216,361.0565055,0.823529412,0.529411765,C17 H14 O9,17.0,14.0,9.0,0.0,0.0,0.0,0.0,0.0,0.0,tannin,0.9111428411108176
978,978,361.0202155,361.0199896,361.02012,0.625,0.625,C16 H10 O10,16.0,10.0,10.0,0.0,0.0,0.0,0.0,0.0,0.0,tannin,0.8841772555147294
979,979,361.0178176,361.0175917,361.0176181,0.5,0.25,C20 H10 O5 S1,20.0,10.0,5.0,1.0,0.0,0.0,0.0,0.0,0.0,pah,0.9547466790914647
980,980,359.2076568,359.2074329,359.2075268,1.777777778,0.388888889,C18 H32 O7,18.0,32.0,7.0,0.0,0.0,0.0,0.0,0.0,0.0,lipid,0.9356683320730482
981,981,359.190066,359.1898421,359.1897688,1.777777778,0.277777778,C18 H32 O5 S1,18.0,32.0,5.0,1.0,0.0,0.0,0.0,0.0,0.0,lipid,0.9098522139135087
982,982,359.1867156,359.1864918,359.1863975,1.333333333,0.238095238,C21 H28 O5,21.0,28.0,5.0,0.0,0.0,0.0,0.0,0.0,0.0,lignin,0.854241840505573
983,983,359.1714651,359.1712412,359.1711413,1.647058824,0.470588235,C17 H28 O8,17.0,28.0,8.0,0.0,0.0,0.0,0.0,0.0,0.0,lipid,0.9109316902337969
984,984,359.1501952,359.1499714,359.150012,1.2,0.3,C20 H24 O6,20.0,24.0,6.0,0.0,0.0,0.0,0.0,0.0,0.0,lignin,0.8623589099774603
985,985,359.1348677,359.1346439,359.1347558,1.5,0.5625,C16 H24 O9,16.0,24.0,9.0,0.0,0.0,0.0,0.0,0.0,0.0,lignin,0.864313301098948
986,986,359.1138276,359.1136039,359.1136264,1.052631579,0.368421053,C19 H20 O7,19.0,20.0,7.0,0.0,0.0,0.0,0.0,0.0,0.0,lignin,0.9406780105372258
987,987,359.0986609,359.0984371,359.0983703,1.333333333,0.666666667,C15 H20 O10,15.0,20.0,10.0,0.0,0.0,0.0,0.0,0.0,0.0,lignin,0.9083813389933786
988,988,359.0775609,359.0773372,359.0772409,0.888888889,0.444444444,C18 H16 O8,18.0,16.0,8.0,0.0,0.0,0.0,0.0,0.0,0.0,tannin,0.909026055364326
989,989,359.0621875,359.0619638,359.0619848,1.142857143,0.785714286,C14 H16 O11,14.0,16.0,11.0,0.0,0.0,0.0,0.0,0.0,0.0,lignin,0.6721478199530097
990,990,359.040945,359.0407213,359.0408554,0.705882353,0.529411765,C17 H12 O9,17.0,12.0,9.0,0.0,0.0,0.0,0.0,0.0,0.0,tannin,0.8905335829581513
991,991,359.0385505,359.0383268,359.0383535,0.571428571,0.19047619,C21 H12 O4 S1,21.0,12.0,4.0,1.0,0.0,0.0,0.0,0.0,0.0,pah,0.9549365274018804
992,992,358.1225774,358.1223548,358.1224606,1.466666667,0.6,C15 H22 O9 13C1,16.0,22.0,9.0,0.0,0.0,1.0,0.0,0.0,0.0,lignin,0.8968618685560716
993,993,357.1919914,357.1917699,357.1918768,1.666666667,0.388888889,C18 H30 O7,18.0,30.0,7.0,0.0,0.0,0.0,0.0,0.0,0.0,lipid,0.8867562342433137
994,994,357.1742349,357.1740133,357.1741187,1.666666667,0.277777778,C18 H30 O5 S1,18.0,30.0,5.0,1.0,0.0,0.0,0.0,0.0,0.0,lipid,0.889611206356164
995,995,357.1708914,357.1706699,357.1707474,1.238095238,0.238095238,C21 H26 O5,21.0,26.0,5.0,0.0,0.0,0.0,0.0,0.0,0.0,lignin,0.8588291511619879
996,996,357.1558219,357.1556004,357.1554913,1.529411765,0.470588235,C17 H26 O8,17.0,26.0,8.0,0.0,0.0,0.0,0.0,0.0,0.0,lignin,0.8427914751261172
997,997,357.1380724,357.1378509,357.1377332,1.529411765,0.352941176,C17 H26 O6 S1,17.0,26.0,6.0,1.0,0.0,0.0,0.0,0.0,0.0,lipid,0.7336008558490557
998,998,357.1346632,357.1344417,357.1343619,1.1,0.3,C20 H22 O6,20.0,22.0,6.0,0.0,0.0,0.0,0.0,0.0,0.0,lignin,0.8772739845545985
999,999,357.1192544,357.1190329,357.1191058,1.375,0.5625,C16 H22 O9,16.0,22.0,9.0,0.0,0.0,0.0,0.0,0.0,0.0,lignin,0.8640685845385313
1000,1000,357.1014401,357.1012186,357.1013477,1.375,0.4375,C16 H22 O7 S1,16.0,22.0,7.0,1.0,0.0,0.0,0.0,0.0,0.0,lignin,0.8547987798263854
1001,1001,357.0980615,357.09784,357.0979764,0.947368421,0.368421053,C19 H18 O7,19.0,18.0,7.0,0.0,0.0,0.0,0.0,0.0,0.0,lignin,0.9443732019527694
1002,1002,357.0829483,357.0827269,357.0827202,1.2,0.666666667,C15 H18 O10,15.0,18.0,10.0,0.0,0.0,0.0,0.0,0.0,0.0,lignin,0.869799958367009
1003,1003,357.0619354,357.0617139,357.0615909,0.777777778,0.444444444,C18 H14 O8,18.0,14.0,8.0,0.0,0.0,0.0,0.0,0.0,0.0,tannin,0.9011111731574382
1004,1004,357.0465977,357.0463763,357.0463347,1.0,0.785714286,C14 H14 O11,14.0,14.0,11.0,0.0,0.0,0.0,0.0,0.0,0.0,lignin,0.9357606077857149
1005,1005,356.1983593,356.1981389,356.198209,1.777777778,0.222222222,C18 H32 O4 S1 13C1,19.0,32.0,4.0,1.0,0.0,1.0,0.0,0.0,0.0,lipid,0.9112916315418402
1006,1006,356.1983593,356.1981389,356.1979652,1.35,0.15,C20 H27 O3 N3,20.0,27.0,3.0,0.0,3.0,0.0,0.0,0.0,0.15,peptide,0.8707901990778695
1007,1007,356.1797071,356.1794867,356.1795815,1.647058824,0.411764706,C17 H28 O7 13C1,18.0,28.0,7.0,0.0,0.0,1.0,0.0,0.0,0.0,lipid,0.8869825099617297
1008,1008,356.1435208,356.1433004,356.143196,1.5,0.5,C16 H24 O8 13C1,17.0,24.0,8.0,0.0,0.0,1.0,0.0,0.0,0.0,lignin,0.8433573749661694
1009,1009,356.1068984,356.106678,356.1068105,1.333333333,0.6,C15 H20 O9 13C1,16.0,20.0,9.0,0.0,0.0,1.0,0.0,0.0,0.0,lignin,0.8651072877873072
1010,1010,355.2128672,355.2126478,355.2126122,1.684210526,0.315789474,C19 H32 O6,19.0,32.0,6.0,0.0,0.0,0.0,0.0,0.0,0.0,lipid,0.8865381872751316
1011,1011,355.1962128,355.1959935,355.1961293,2.125,0.375,C16 H34 O6 34S1,16.0,34.0,6.0,0.0,0.0,0.0,1.0,0.0,0.0,lipid,0.8805059043682597
1012,1012,355.1949711,355.1947518,355.1948542,1.684210526,0.210526316,C19 H32 O4 S1,19.0,32.0,4.0,1.0,0.0,0.0,0.0,0.0,0.0,lipid,0.8934883172088857
1013,1013,355.1763662,355.1761469,355.1762267,1.555555556,0.388888889,C18 H28 O7,18.0,28.0,7.0,0.0,0.0,0.0,0.0,0.0,0.0,lipid,0.730519721335294
1014,1014,355.158758,355.1585388,355.1584686,1.555555556,0.277777778,C18 H28 O5 S1,18.0,28.0,5.0,1.0,0.0,0.0,0.0,0.0,0.0,lipid,0.905019831958972
1015,1015,355.1401717,355.1399524,355.1398412,1.411764706,0.470588235,C17 H24 O8,17.0,24.0,8.0,0.0,0.0,0.0,0.0,0.0,0.0,lignin,0.8546363836169066
1016,1016,355.1035331,355.1033139,355.1034557,1.25,0.5625,C16 H20 O9,16.0,20.0,9.0,0.0,0.0,0.0,0.0,0.0,0.0,lignin,0.8591693090694903
1017,1017,355.0674184,355.0671993,355.0670702,1.066666667,0.666666667,C15 H16 O10,15.0,16.0,10.0,0.0,0.0,0.0,0.0,0.0,0.0,lignin,0.9368326605141327
1018,1018,355.0461405,355.0459214,355.0459408,0.666666667,0.444444444,C18 H12 O8,18.0,12.0,8.0,0.0,0.0,0.0,0.0,0.0,0.0,tannin,0.822537980878395
1019,1019,355.0307672,355.0305481,355.0306847,0.857142857,0.785714286,C14 H12 O11,14.0,12.0,11.0,0.0,0.0,0.0,0.0,0.0,0.0,tannin,0.9073757037448281
1020,1020,354.2038103,354.2035922,354.2036883,2.266666667,0.4,C15 H34 O6 S1 13C1,16.0,34.0,6.0,1.0,0.0,1.0,0.0,0.0,0.0,lipid,0.881025296399477
1021,1021,354.2038103,354.2035922,354.2034445,1.705882353,0.294117647,C17 H29 O5 N3,17.0,29.0,5.0,0.0,3.0,0.0,0.0,0.0,0.1764705882352941,peptide,0.8049899344864757
1022,1022,354.184052,354.1838338,354.1838341,2.133333333,0.4,C15 H32 O6 13C1 34S1,16.0,32.0,6.0,0.0,0.0,1.0,1.0,0.0,0.0,lipid,0.8802200581766249
1023,1023,354.1642584,354.1640402,354.1639315,1.529411765,0.411764706,C17 H26 O7 13C1,18.0,26.0,7.0,0.0,0.0,1.0,0.0,0.0,0.0,lignin,0.714233278824674
1024,1024,354.127633,354.1274149,354.127546,1.375,0.5,C16 H22 O8 13C1,17.0,22.0,8.0,0.0,0.0,1.0,0.0,0.0,0.0,lignin,0.8558770867811951
1025,1025,354.0914698,354.0912518,354.0911605,1.2,0.6,C15 H18 O9 13C1,16.0,18.0,9.0,0.0,0.0,1.0,0.0,0.0,0.0,lignin,0.8605637013663646
1026,1026,354.0834153,354.0831972,354.0830546,1.133333333,0.6,C15 H17 O9 N1,15.0,17.0,9.0,0.0,1.0,0.0,0.0,0.0,0.0666666666666666,lignin,0.8634521642565514
1027,1027,353.215745,353.215528,353.2155896,1.7,0.15,C20 H34 O3 S1,20.0,34.0,3.0,1.0,0.0,0.0,0.0,0.0,0.0,lipid,0.9024854380471068
1028,1028,353.2006188,353.2004017,353.2003335,2.125,0.375,C16 H34 O6 S1,16.0,34.0,6.0,1.0,0.0,0.0,0.0,0.0,0.0,lipid,0.8805059043682597
1029,1029,353.197261,353.197044,353.1969622,1.578947368,0.315789474,C19 H30 O6,19.0,30.0,6.0,0.0,0.0,0.0,0.0,0.0,0.0,lipid,0.8936332481473148
1030,1030,353.1917129,353.1914959,353.1913931,2.285714286,0.428571429,C14 H32 O6 S1 13C2,16.0,32.0,6.0,1.0,0.0,2.0,0.0,0.0,0.0,lipid,0.8808203117027524
1031,1031,353.1892385,353.1890214,353.1889284,2.0,0.3125,C16 H32 O5 S1 18O1,16.0,32.0,5.0,1.0,0.0,0.0,0.0,1.0,0.0,lipid,0.8934724595827017
1032,1032,353.1807841,353.1805671,353.1804792,2.0,0.375,C16 H32 O6 34S1,16.0,32.0,6.0,0.0,0.0,0.0,1.0,0.0,0.0,lipid,0.8822187270475151
1033,1033,353.1794961,353.1792791,353.1792041,1.578947368,0.210526316,C19 H30 O4 S1,19.0,30.0,4.0,1.0,0.0,0.0,0.0,0.0,0.0,lipid,0.9049222501838379
1034,1034,353.1607535,353.1605365,353.1605766,1.444444444,0.388888889,C18 H26 O7,18.0,26.0,7.0,0.0,0.0,0.0,0.0,0.0,0.0,lignin,0.852497948510852
1035,1035,353.1244099,353.1241929,353.1241911,1.294117647,0.470588235,C17 H22 O8,17.0,22.0,8.0,0.0,0.0,0.0,0.0,0.0,0.0,lignin,0.8580587781326574
1036,1036,353.0880632,353.0878463,353.0878056,1.125,0.5625,C16 H18 O9,16.0,18.0,9.0,0.0,0.0,0.0,0.0,0.0,0.0,lignin,0.8640486212740811
1037,1037,353.0515621,353.0513452,353.0514201,0.933333333,0.666666667,C15 H14 O10,15.0,14.0,10.0,0.0,0.0,0.0,0.0,0.0,0.0,tannin,0.9038722731183986
1038,1038,352.1881635,352.1879476,352.1880382,2.133333333,0.4,C15 H32 O6 S1 13C1,16.0,32.0,6.0,1.0,0.0,1.0,0.0,0.0,0.0,lipid,0.8802200581766249
1039,1039,352.1881635,352.1879476,352.1877944,1.588235294,0.294117647,C17 H27 O5 N3,17.0,27.0,5.0,0.0,3.0,0.0,0.0,0.0,0.1764705882352941,peptide,0.8676981756117191
1040,1040,352.184757,352.1845411,352.1846669,1.555555556,0.333333333,C18 H28 O6 13C1,19.0,28.0,6.0,0.0,0.0,1.0,0.0,0.0,0.0,lipid,0.8939832484480863
1041,1041,352.1485854,352.1483696,352.1482814,1.411764706,0.411764706,C17 H24 O7 13C1,18.0,24.0,7.0,0.0,0.0,1.0,0.0,0.0,0.0,lignin,0.8536124892890739
1042,1042,352.1120442,352.1118284,352.1118959,1.25,0.5,C16 H20 O8 13C1,17.0,20.0,8.0,0.0,0.0,1.0,0.0,0.0,0.0,lignin,0.859461773928792
1043,1043,352.0757699,352.0755542,352.0755104,1.066666667,0.6,C15 H16 O9 13C1,16.0,16.0,9.0,0.0,0.0,1.0,0.0,0.0,0.0,lignin,0.9375341676749738
1044,1044,351.2178034,351.2175886,351.2176976,1.6,0.25,C20 H32 O5,20.0,32.0,5.0,0.0,0.0,0.0,0.0,0.0,0.0,lipid,0.9027902535012388
1045,1045,351.184936,351.1847213,351.1846834,2.0,0.375,C16 H32 O6 S1,16.0,32.0,6.0,1.0,0.0,0.0,0.0,0.0,0.0,lipid,0.8822187270475151
1046,1046,351.181634,351.1814192,351.1813121,1.473684211,0.315789474,C19 H28 O6,19.0,28.0,6.0,0.0,0.0,0.0,0.0,0.0,0.0,lipid,0.597758489194349
1047,1047,351.1450353,351.1448206,351.1449266,1.333333333,0.388888889,C18 H24 O7,18.0,24.0,7.0,0.0,0.0,0.0,0.0,0.0,0.0,lignin,0.8557121103029814
1048,1048,351.1088552,351.1086406,351.1085411,1.176470588,0.470588235,C17 H20 O8,17.0,20.0,8.0,0.0,0.0,0.0,0.0,0.0,0.0,lignin,0.863277798509398
1049,1049,351.072284,351.0720694,351.0721556,1.0,0.5625,C16 H16 O9,16.0,16.0,9.0,0.0,0.0,0.0,0.0,0.0,0.0,lignin,0.9375190296057887
1050,1050,351.069868,351.0696534,351.0696536,0.8,0.2,C20 H16 O4 S1,20.0,16.0,4.0,1.0,0.0,0.0,0.0,0.0,0.0,tannin,0.618517273024004
1051,1051,351.0360188,351.0358042,351.0357701,0.8,0.666666667,C15 H12 O10,15.0,12.0,10.0,0.0,0.0,0.0,0.0,0.0,0.0,tannin,0.9121152908398399
1052,1052,350.2056361,350.2054224,350.2054024,1.578947368,0.263157895,C19 H30 O5 13C1,20.0,30.0,5.0,0.0,0.0,1.0,0.0,0.0,0.0,lipid,0.9029142376183611
1053,1053,350.1691838,350.1689702,350.1690169,1.444444444,0.333333333,C18 H26 O6 13C1,19.0,26.0,6.0,0.0,0.0,1.0,0.0,0.0,0.0,lignin,0.8520692137013153
1054,1054,350.1328946,350.1326811,350.1326313,1.294117647,0.411764706,C17 H22 O7 13C1,18.0,22.0,7.0,0.0,0.0,1.0,0.0,0.0,0.0,lignin,0.8580292045969926
1055,1055,350.0963843,350.0961708,350.0962458,1.125,0.5,C16 H18 O8 13C1,17.0,18.0,8.0,0.0,0.0,1.0,0.0,0.0,0.0,lignin,0.8649377403916679
1056,1056,349.2023775,349.202165,349.2020475,1.5,0.25,C20 H30 O5,20.0,30.0,5.0,0.0,0.0,0.0,0.0,0.0,0.0,lipid,0.9057386725738421
1057,1057,349.1691272,349.1689148,349.1690333,1.875,0.375,C16 H30 O6 S1,16.0,30.0,6.0,1.0,0.0,0.0,0.0,0.0,0.0,lipid,0.8895018167791979
1058,1058,349.1657506,349.1655381,349.165662,1.368421053,0.315789474,C19 H26 O6,19.0,26.0,6.0,0.0,0.0,0.0,0.0,0.0,0.0,lignin,0.8539485050410622
1059,1059,349.1296063,349.1293939,349.1292765,1.222222222,0.388888889,C18 H22 O7,18.0,22.0,7.0,0.0,0.0,0.0,0.0,0.0,0.0,lignin,0.8606978369621684
1060,1060,349.0929908,349.0927784,349.092891,1.058823529,0.470588235,C17 H18 O8,17.0,18.0,8.0,0.0,0.0,0.0,0.0,0.0,0.0,lignin,0.9391815298977093
1061,1061,349.090575,349.0903626,349.0903891,0.857142857,0.142857143,C21 H18 O3 S1,21.0,18.0,3.0,1.0,0.0,0.0,0.0,0.0,0.0,tannin,0.6197610225539519
1062,1062,349.0568054,349.0565931,349.0565055,0.875,0.5625,C16 H14 O9,16.0,14.0,9.0,0.0,0.0,0.0,0.0,0.0,0.0,tannin,0.9095325607858153
1063,1063,349.0202521,349.0200398,349.02012,0.666666667,0.666666667,C15 H10 O10,15.0,10.0,10.0,0.0,0.0,0.0,0.0,0.0,0.0,tannin,0.9078663733977107
1064,1064,349.0178382,349.0176259,349.0176181,0.526315789,0.263157895,C19 H10 O5 S1,19.0,10.0,5.0,1.0,0.0,0.0,0.0,0.0,0.0,pah,0.954761762307389
1065,1065,348.1900906,348.1898793,348.1897523,1.473684211,0.263157895,C19 H28 O5 13C1,20.0,28.0,5.0,0.0,0.0,1.0,0.0,0.0,0.0,lipid,0.9058961779140209
1066,1066,348.1534615,348.1532502,348.1533668,1.333333333,0.333333333,C18 H24 O6 13C1,19.0,24.0,6.0,0.0,0.0,1.0,0.0,0.0,0.0,lignin,0.8551654389159757
1067,1067,348.1172955,348.1170842,348.1169813,1.176470588,0.411764706,C17 H20 O7 13C1,18.0,20.0,7.0,0.0,0.0,1.0,0.0,0.0,0.0,lignin,0.8635838990533404
1068,1068,348.0807432,348.080532,348.0805958,1.0,0.5,C16 H16 O8 13C1,17.0,16.0,8.0,0.0,0.0,1.0,0.0,0.0,0.0,lignin,0.9381105716616908
1069,1069,347.2441733,347.243963,347.2439123,2.0,0.333333333,C18 H36 O6,18.0,36.0,6.0,0.0,0.0,0.0,0.0,0.0,0.0,lipid,0.8839912284900251
1070,1070,347.1867275,347.1865173,347.1863975,1.4,0.25,C20 H28 O5,20.0,28.0,5.0,0.0,0.0,0.0,0.0,0.0,0.0,lignin,0.5417735867959198
1071,1071,347.150115,347.1499048,347.150012,1.263157895,0.315789474,C19 H24 O6,19.0,24.0,6.0,0.0,0.0,0.0,0.0,0.0,0.0,lignin,0.8585967345210401
1072,1072,347.1348667,347.1346566,347.1347558,1.6,0.6,C15 H24 O9,15.0,24.0,9.0,0.0,0.0,0.0,0.0,0.0,0.0,carbohydrate,0.8532555745413963
1073,1073,347.1172704,347.1170602,347.1169978,1.6,0.466666667,C15 H24 O7 S1,15.0,24.0,7.0,1.0,0.0,0.0,0.0,0.0,0.0,lipid,0.5469464105580049
1074,1074,347.1139273,347.1137171,347.1136264,1.111111111,0.388888889,C18 H20 O7,18.0,20.0,7.0,0.0,0.0,0.0,0.0,0.0,0.0,lignin,0.8669206215533534
1075,1075,347.0986838,347.0984737,347.0983703,1.428571429,0.714285714,C14 H20 O10,14.0,20.0,10.0,0.0,0.0,0.0,0.0,0.0,0.0,lignin,0.5849220149562266
1076,1076,347.0773586,347.0771485,347.0772409,0.941176471,0.470588235,C17 H16 O8,17.0,16.0,8.0,0.0,0.0,0.0,0.0,0.0,0.0,lignin,0.6082803140462957
1077,1077,347.0749114,347.0747013,347.074739,0.761904762,0.142857143,C21 H16 O3 S1,21.0,16.0,3.0,1.0,0.0,0.0,0.0,0.0,0.0,pah,0.9557790960437889
1078,1078,347.0620601,347.06185,347.0619848,1.230769231,0.846153846,C13 H16 O11,13.0,16.0,11.0,0.0,0.0,0.0,0.0,0.0,0.0,lignin,0.6223674138929643
1079,1079,347.0411548,347.0409447,347.0408554,0.75,0.5625,C16 H12 O9,16.0,12.0,9.0,0.0,0.0,0.0,0.0,0.0,0.0,tannin,0.9129546728300489
1080,1080,346.1743754,346.1741663,346.1741022,1.368421053,0.263157895,C19 H26 O5 13C1,20.0,26.0,5.0,0.0,0.0,1.0,0.0,0.0,0.0,lignin,0.8534858881876447
1081,1081,345.2283476,345.2281396,345.2282623,1.888888889,0.333333333,C18 H34 O6,18.0,34.0,6.0,0.0,0.0,0.0,0.0,0.0,0.0,lipid,0.9024522081863896
1082,1082,345.170858,345.17065,345.1707474,1.3,0.25,C20 H26 O5,20.0,26.0,5.0,0.0,0.0,0.0,0.0,0.0,0.0,lignin,0.8553772841872419
1083,1083,345.1555631,345.1553552,345.1554913,1.625,0.5,C16 H26 O8,16.0,26.0,8.0,0.0,0.0,0.0,0.0,0.0,0.0,lipid,0.5698070515660043
1084,1084,345.1346416,345.1344337,345.1343619,1.157894737,0.315789474,C19 H22 O6,19.0,22.0,6.0,0.0,0.0,0.0,0.0,0.0,0.0,lignin,0.8646443611917022
1085,1085,345.1194118,345.1192039,345.1191058,1.466666667,0.6,C15 H22 O9,15.0,22.0,9.0,0.0,0.0,0.0,0.0,0.0,0.0,lignin,0.8968618685560716
1086,1086,345.1015284,345.1013206,345.1013477,1.466666667,0.466666667,C15 H22 O7 S1,15.0,22.0,7.0,1.0,0.0,0.0,0.0,0.0,0.0,lignin,0.8522105375986422
1087,1087,345.0981037,345.0978959,345.0979764,1.0,0.388888889,C18 H18 O7,18.0,18.0,7.0,0.0,0.0,0.0,0.0,0.0,0.0,lignin,0.9386453007985068
1088,1088,345.0828299,345.082622,345.0827202,1.285714286,0.714285714,C14 H18 O10,14.0,18.0,10.0,0.0,0.0,0.0,0.0,0.0,0.0,lignin,0.5988748811103604
1089,1089,345.0618466,345.0616387,345.0615909,0.823529412,0.470588235,C17 H14 O8,17.0,14.0,8.0,0.0,0.0,0.0,0.0,0.0,0.0,tannin,0.91104338178093
1090,1090,345.0594648,345.059257,345.059089,0.666666667,0.142857143,C21 H14 O3 S1,21.0,14.0,3.0,1.0,0.0,0.0,0.0,0.0,0.0,pah,0.9553076059118688
1091,1091,345.0466301,345.0464223,345.0463347,1.076923077,0.846153846,C13 H14 O11,13.0,14.0,11.0,0.0,0.0,0.0,0.0,0.0,0.0,lignin,0.5640847163904019
1092,1092,345.0253749,345.0251671,345.0252054,0.625,0.5625,C16 H10 O9,16.0,10.0,9.0,0.0,0.0,0.0,0.0,0.0,0.0,tannin,0.8785869204079019
1093,1093,345.0229663,345.0227585,345.0227034,0.5,0.2,C20 H10 O4 S1,20.0,10.0,4.0,1.0,0.0,0.0,0.0,0.0,0.0,pah,0.954802360704169
1094,1094,344.1068968,344.10669,344.1068105,1.428571429,0.642857143,C14 H20 O9 13C1,15.0,20.0,9.0,0.0,0.0,1.0,0.0,0.0,0.0,lignin,0.6894132117822891
1095,1095,343.2127154,343.2125097,343.2126122,1.777777778,0.333333333,C18 H32 O6,18.0,32.0,6.0,0.0,0.0,0.0,0.0,0.0,0.0,lipid,0.9103383608282736
1096,1096,343.1950249,343.1948192,343.1948542,1.777777778,0.222222222,C18 H32 O4 S1,18.0,32.0,4.0,1.0,0.0,0.0,0.0,0.0,0.0,lipid,0.9112916315418402
1097,1097,343.1765259,343.1763202,343.1762267,1.647058824,0.411764706,C17 H28 O7,17.0,28.0,7.0,0.0,0.0,0.0,0.0,0.0,0.0,lipid,0.8869825099617297
1098,1098,343.1587239,343.1585182,343.1584686,1.647058824,0.294117647,C17 H28 O5 S1,17.0,28.0,5.0,1.0,0.0,0.0,0.0,0.0,0.0,lipid,0.8898850121520221
1099,1099,343.1553344,343.1551288,343.1550973,1.2,0.25,C20 H24 O5,20.0,24.0,5.0,0.0,0.0,0.0,0.0,0.0,0.0,lignin,0.8620969614344016
1100,1100,343.1399399,343.1397342,343.1398412,1.5,0.5,C16 H24 O8,16.0,24.0,8.0,0.0,0.0,0.0,0.0,0.0,0.0,lignin,0.8433573749661694
1101,1101,343.1188799,343.1186742,343.1187118,1.052631579,0.315789474,C19 H20 O6,19.0,20.0,6.0,0.0,0.0,0.0,0.0,0.0,0.0,lignin,0.9408711387891717
1102,1102,343.103771,343.1035654,343.1034557,1.333333333,0.6,C15 H20 O9,15.0,20.0,9.0,0.0,0.0,0.0,0.0,0.0,0.0,lignin,0.8651072877873072
1103,1103,343.0825591,343.0823535,343.0823263,0.888888889,0.388888889,C18 H16 O7,18.0,16.0,7.0,0.0,0.0,0.0,0.0,0.0,0.0,tannin,0.9089022056801559
1104,1104,343.0671691,343.0669635,343.0670702,1.142857143,0.714285714,C14 H16 O10,14.0,16.0,10.0,0.0,0.0,0.0,0.0,0.0,0.0,lignin,0.8821196427901488
1105,1105,343.0461055,343.0459,343.0459408,0.705882353,0.470588235,C17 H12 O8,17.0,12.0,8.0,0.0,0.0,0.0,0.0,0.0,0.0,tannin,0.8805498803658571
1106,1106,343.0309732,343.0307677,343.0306847,0.923076923,0.846153846,C13 H12 O11,13.0,12.0,11.0,0.0,0.0,0.0,0.0,0.0,0.0,tannin,0.905462233666084
1107,1107,342.2652125,342.2650078,342.2649821,1.947368421,0.210526316,C19 H37 O4 N1,19.0,37.0,4.0,0.0,1.0,0.0,0.0,0.0,0.0526315789473684,lipid,0.8966498107990984
1108,1108,342.1826576,342.182453,342.1825589,1.764705882,0.235294118,C17 H30 O4 S1 13C1,18.0,30.0,4.0,1.0,0.0,1.0,0.0,0.0,0.0,lipid,0.9112534356182442
1109,1109,342.1826576,342.182453,342.1823151,1.315789474,0.157894737,C19 H25 O3 N3,19.0,25.0,3.0,0.0,3.0,0.0,0.0,0.0,0.1578947368421052,peptide,0.8719523745366144
1110,1110,342.1640374,342.1638328,342.1639315,1.625,0.4375,C16 H26 O7 13C1,17.0,26.0,7.0,0.0,0.0,1.0,0.0,0.0,0.0,lipid,0.887384394563776
1111,1111,342.1278143,342.1276098,342.127546,1.466666667,0.533333333,C15 H22 O8 13C1,16.0,22.0,8.0,0.0,0.0,1.0,0.0,0.0,0.0,lignin,0.8440341707384746
1112,1112,342.0912918,342.0910873,342.0911605,1.285714286,0.642857143,C14 H18 O9 13C1,15.0,18.0,9.0,0.0,0.0,1.0,0.0,0.0,0.0,lignin,0.8681091495399957
1113,1113,341.2067725,341.206569,341.2066492,1.882352941,0.176470588,C17 H32 O3 S1 13C2,19.0,32.0,3.0,1.0,0.0,2.0,0.0,0.0,0.0,lipid,0.9098172907577601
1114,1114,341.2043337,341.2041302,341.2041845,1.684210526,0.105263158,C19 H32 O2 S1 18O1,19.0,32.0,2.0,1.0,0.0,0.0,0.0,1.0,0.0,lipid,0.9027330741199574
1115,1115,341.1971725,341.196969,341.1969622,1.666666667,0.333333333,C18 H30 O6,18.0,30.0,6.0,0.0,0.0,0.0,0.0,0.0,0.0,lipid,0.8866181809581267
1116,1116,341.1959679,341.1957644,341.1957354,1.684210526,0.157894737,C19 H32 O3 34S1,19.0,32.0,3.0,0.0,0.0,0.0,1.0,0.0,0.0,lipid,0.9025531293072738
1117,1117,341.1794956,341.1792921,341.1792041,1.666666667,0.222222222,C18 H30 O4 S1,18.0,30.0,4.0,1.0,0.0,0.0,0.0,0.0,0.0,lipid,0.8936440924996226
1118,1118,341.1607754,341.160572,341.1605766,1.529411765,0.411764706,C17 H26 O7,17.0,26.0,7.0,0.0,0.0,0.0,0.0,0.0,0.0,lignin,0.714233278824674
1119,1119,341.1428998,341.1426964,341.1428186,1.529411765,0.294117647,C17 H26 O5 S1,17.0,26.0,5.0,1.0,0.0,0.0,0.0,0.0,0.0,lipid,0.9051840961696774
1120,1120,341.1395363,341.1393329,341.1394473,1.1,0.25,C20 H22 O5,20.0,22.0,5.0,0.0,0.0,0.0,0.0,0.0,0.0,lignin,0.8755257216189645
1121,1121,341.1244108,341.1242074,341.1241911,1.375,0.5,C16 H22 O8,16.0,22.0,8.0,0.0,0.0,0.0,0.0,0.0,0.0,lignin,0.8558770867811951
1122,1122,341.1092506,341.1090473,341.108935,1.833333333,0.916666667,C12 H22 O11,12.0,22.0,11.0,0.0,0.0,0.0,0.0,0.0,0.0,carbohydrate,0.9049782348390434
1123,1123,341.103392,341.1031887,341.1030618,0.947368421,0.315789474,C19 H18 O6,19.0,18.0,6.0,0.0,0.0,0.0,0.0,0.0,0.0,lignin,0.9446690885011011
1124,1124,341.0879752,341.0877718,341.0878056,1.2,0.6,C15 H18 O9,15.0,18.0,9.0,0.0,0.0,0.0,0.0,0.0,0.0,lignin,0.8605637013663646
1125,1125,341.066768,341.0665646,341.0666763,0.777777778,0.388888889,C18 H14 O7,18.0,14.0,7.0,0.0,0.0,0.0,0.0,0.0,0.0,tannin,0.8843592757745377
1126,1126,341.0516681,341.0514648,341.0514201,1.0,0.714285714,C14 H14 O10,14.0,14.0,10.0,0.0,0.0,0.0,0.0,0.0,0.0,lignin,0.9362882572194385
1127,1127,340.2033642,340.2031618,340.2032944,1.777777778,0.166666667,C18 H32 O3 S1 13C1,19.0,32.0,3.0,1.0,0.0,1.0,0.0,0.0,0.0,lipid,0.9161294705286982
1128,1128,340.2033642,340.2031618,340.2030506,1.35,0.1,C20 H27 O2 N3,20.0,27.0,2.0,0.0,3.0,0.0,0.0,0.0,0.15,peptide,0.8704815700868018
1129,1129,340.1848113,340.184609,340.1846669,1.647058824,0.352941176,C17 H28 O6 13C1,18.0,28.0,6.0,0.0,0.0,1.0,0.0,0.0,0.0,lipid,0.8878262918026183
1130,1130,340.1672021,340.1669998,340.1669089,1.647058824,0.235294118,C17 H28 O4 S1 13C1,18.0,28.0,4.0,1.0,0.0,1.0,0.0,0.0,0.0,lipid,0.8938213132574262
1131,1131,340.1484992,340.1482969,340.1482814,1.5,0.4375,C16 H24 O7 13C1,17.0,24.0,7.0,0.0,0.0,1.0,0.0,0.0,0.0,lignin,0.8453355476671289
1132,1132,340.1120345,340.1118323,340.1118959,1.333333333,0.533333333,C15 H20 O8 13C1,16.0,20.0,8.0,0.0,0.0,1.0,0.0,0.0,0.0,lignin,0.8568780398511537
1133,1133,340.0757715,340.0755693,340.0755104,1.142857143,0.642857143,C14 H16 O9 13C1,15.0,16.0,9.0,0.0,0.0,1.0,0.0,0.0,0.0,lignin,0.862838604435732
1134,1134,339.2179525,339.2177513,339.2176976,1.684210526,0.263157895,C19 H32 O5,19.0,32.0,5.0,0.0,0.0,0.0,0.0,0.0,0.0,lipid,0.8894148674552484
1135,1135,339.200041,339.1998398,339.1999395,1.684210526,0.157894737,C19 H32 O3 S1,19.0,32.0,3.0,1.0,0.0,0.0,0.0,0.0,0.0,lipid,0.9025531293072738
1136,1136,339.1814276,339.1812264,339.1813121,1.555555556,0.333333333,C18 H28 O6,18.0,28.0,6.0,0.0,0.0,0.0,0.0,0.0,0.0,lipid,0.8939832484480863
1137,1137,339.1638157,339.1636145,339.163554,1.555555556,0.222222222,C18 H28 O4 S1,18.0,28.0,4.0,1.0,0.0,0.0,0.0,0.0,0.0,lipid,0.905034795379182
1138,1138,339.145214,339.1450128,339.1449266,1.411764706,0.411764706,C17 H24 O7,17.0,24.0,7.0,0.0,0.0,0.0,0.0,0.0,0.0,lignin,0.8536124892890739
1139,1139,339.1086476,339.1084464,339.1085411,1.25,0.5,C16 H20 O8,16.0,20.0,8.0,0.0,0.0,0.0,0.0,0.0,0.0,lignin,0.859461773928792
1140,1140,339.0724325,339.0722314,339.0721556,1.066666667,0.6,C15 H16 O9,15.0,16.0,9.0,0.0,0.0,0.0,0.0,0.0,0.0,lignin,0.9375341676749738
1141,1141,339.0358861,339.035685,339.0357701,0.857142857,0.714285714,C14 H12 O10,14.0,12.0,10.0,0.0,0.0,0.0,0.0,0.0,0.0,tannin,0.9067838653036295
1142,1142,339.0334969,339.0332958,339.0332681,0.666666667,0.277777778,C18 H12 O5 S1,18.0,12.0,5.0,1.0,0.0,0.0,0.0,0.0,0.0,pah,0.8230489745043871
1143,1143,338.2187605,338.2185603,338.2184259,2.2,0.466666667,C15 H33 O7 N1,15.0,33.0,7.0,0.0,1.0,0.0,0.0,0.0,0.0666666666666666,lipid,0.37551812748815594
1144,1144,338.2089809,338.2087807,338.2087737,2.266666667,0.333333333,C15 H34 O5 S1 13C1,16.0,34.0,5.0,1.0,0.0,1.0,0.0,0.0,0.0,lipid,0.8798228513611109
1145,1145,338.1877315,338.1875314,338.1876443,1.666666667,0.166666667,C18 H30 O3 S1 13C1,19.0,30.0,3.0,1.0,0.0,1.0,0.0,0.0,0.0,lipid,0.9026298056504704
1146,1146,338.1877315,338.1875314,338.1874005,1.25,0.1,C20 H25 O2 N3,20.0,25.0,2.0,0.0,3.0,0.0,0.0,0.0,0.15,peptide,0.8737103656788004
1147,1147,338.1692328,338.1690327,338.1690169,1.529411765,0.352941176,C17 H26 O6 13C1,18.0,26.0,6.0,0.0,0.0,1.0,0.0,0.0,0.0,lipid,0.7336008558490557
1148,1148,338.1327907,338.1325907,338.1326313,1.375,0.4375,C16 H22 O7 13C1,17.0,22.0,7.0,0.0,0.0,1.0,0.0,0.0,0.0,lignin,0.8547987798263854
1149,1149,338.096449,338.096249,338.0962458,1.2,0.533333333,C15 H18 O8 13C1,16.0,18.0,8.0,0.0,0.0,1.0,0.0,0.0,0.0,lignin,0.8611151874168176
1150,1150,338.060021,338.0598211,338.0598603,1.0,0.642857143,C14 H14 O9 13C1,15.0,14.0,9.0,0.0,0.0,1.0,0.0,0.0,0.0,lignin,0.936817375609157
1151,1151,337.2055278,337.2053288,337.2054188,2.125,0.3125,C16 H34 O5 S1,16.0,34.0,5.0,1.0,0.0,0.0,0.0,0.0,0.0,lipid,0.8813627598339535
1152,1152,337.2021411,337.2019421,337.2020475,1.578947368,0.263157895,C19 H30 O5,19.0,30.0,5.0,0.0,0.0,0.0,0.0,0.0,0.0,lipid,0.9029142376183611
1153,1153,337.184414,337.184215,337.1842895,1.578947368,0.157894737,C19 H30 O3 S1,19.0,30.0,3.0,1.0,0.0,0.0,0.0,0.0,0.0,lipid,0.9049890433210166
1154,1154,337.1693351,337.1691362,337.1690333,2.0,0.4,C15 H30 O6 S1,15.0,30.0,6.0,1.0,0.0,0.0,0.0,0.0,0.0,lipid,0.8816610572682526
1155,1155,337.1659846,337.1657856,337.165662,1.444444444,0.333333333,C18 H26 O6,18.0,26.0,6.0,0.0,0.0,0.0,0.0,0.0,0.0,lignin,0.8520692137013153
1156,1156,337.1293437,337.1291448,337.1292765,1.294117647,0.411764706,C17 H22 O7,17.0,22.0,7.0,0.0,0.0,0.0,0.0,0.0,0.0,lignin,0.8580292045969926
1157,1157,337.0931822,337.0929833,337.092891,1.125,0.5,C16 H18 O8,16.0,18.0,8.0,0.0,0.0,0.0,0.0,0.0,0.0,lignin,0.8649377403916679
1158,1158,337.0565835,337.0563847,337.0565055,0.933333333,0.6,C15 H14 O9,15.0,14.0,9.0,0.0,0.0,0.0,0.0,0.0,0.0,tannin,0.9032475889876415
1159,1159,337.0541914,337.0539925,337.0540036,0.736842105,0.210526316,C19 H14 O4 S1,19.0,14.0,4.0,1.0,0.0,0.0,0.0,0.0,0.0,pah,0.626653423386444
1160,1160,337.020408,337.0202092,337.02012,0.714285714,0.714285714,C14 H10 O10,14.0,10.0,10.0,0.0,0.0,0.0,0.0,0.0,0.0,tannin,0.9147583555183848
1161,1161,336.1899904,336.1897925,336.1897523,1.555555556,0.277777778,C18 H28 O5 13C1,19.0,28.0,5.0,0.0,0.0,1.0,0.0,0.0,0.0,lipid,0.905019831958972
1162,1162,336.1534766,336.1532788,336.1533668,1.411764706,0.352941176,C17 H24 O6 13C1,18.0,24.0,6.0,0.0,0.0,1.0,0.0,0.0,0.0,lignin,0.8532161373240953
1163,1163,336.1172719,336.1170741,336.1169813,1.25,0.4375,C16 H20 O7 13C1,17.0,20.0,7.0,0.0,0.0,1.0,0.0,0.0,0.0,lignin,0.8595975426145843
1164,1164,336.0806891,336.0804913,336.0805958,1.066666667,0.533333333,C15 H16 O8 13C1,16.0,16.0,8.0,0.0,0.0,1.0,0.0,0.0,0.0,lignin,0.9384314250449665
1165,1165,335.2229632,335.2227664,335.222783,1.6,0.2,C20 H32 O4,20.0,32.0,4.0,0.0,0.0,0.0,0.0,0.0,0.0,lipid,0.9029389024265715
1166,1166,335.1866043,335.1864076,335.1863975,1.473684211,0.263157895,C19 H28 O5,19.0,28.0,5.0,0.0,0.0,0.0,0.0,0.0,0.0,lipid,0.9058961779140209
1167,1167,335.1501856,335.1499889,335.150012,1.333333333,0.333333333,C18 H24 O6,18.0,24.0,6.0,0.0,0.0,0.0,0.0,0.0,0.0,lignin,0.8551654389159757
1168,1168,335.1137901,335.1135934,335.1136264,1.176470588,0.411764706,C17 H20 O7,17.0,20.0,7.0,0.0,0.0,0.0,0.0,0.0,0.0,lignin,0.8635838990533404
1169,1169,335.1113573,335.1111606,335.1111245,0.952380952,0.095238095,C21 H20 O2 S1,21.0,20.0,2.0,1.0,0.0,0.0,0.0,0.0,0.0,lignin,0.9110899293860829
1170,1170,335.0775052,335.0773085,335.0772409,1.0,0.5,C16 H16 O8,16.0,16.0,8.0,0.0,0.0,0.0,0.0,0.0,0.0,lignin,0.9381105716616908
1171,1171,335.0409606,335.040764,335.0408554,0.8,0.6,C15 H12 O9,15.0,12.0,9.0,0.0,0.0,0.0,0.0,0.0,0.0,tannin,0.9118854893651083
1172,1172,335.0385409,335.0383444,335.0383535,0.631578947,0.210526316,C19 H12 O4 S1,19.0,12.0,4.0,1.0,0.0,0.0,0.0,0.0,0.0,pah,0.9550496377157837
1173,1173,334.1743673,334.1741717,334.1741022,1.444444444,0.277777778,C18 H26 O5 13C1,19.0,26.0,5.0,0.0,0.0,1.0,0.0,0.0,0.0,lipid,0.5978631261009373
1174,1174,334.1378178,334.1376222,334.1377167,1.294117647,0.352941176,C17 H22 O6 13C1,18.0,22.0,6.0,0.0,0.0,1.0,0.0,0.0,0.0,lignin,0.8566892753566246
1175,1175,334.1016288,334.1014332,334.1013312,1.125,0.4375,C16 H18 O7 13C1,17.0,18.0,7.0,0.0,0.0,1.0,0.0,0.0,0.0,lignin,0.8663785152895833
1176,1176,333.2396255,333.2394309,333.2394957,2.125,0.3125,C16 H34 O5 N2,16.0,34.0,5.0,0.0,2.0,0.0,0.0,0.0,0.125,lipid,0.5682323292948384
1177,1177,333.2074212,333.2072266,333.2071329,1.5,0.2,C20 H30 O4,20.0,30.0,4.0,0.0,0.0,0.0,0.0,0.0,0.0,lipid,0.9057546937892417
1178,1178,333.1708506,333.1706561,333.1707474,1.368421053,0.263157895,C19 H26 O5,19.0,26.0,5.0,0.0,0.0,0.0,0.0,0.0,0.0,lignin,0.8534858881876447
1179,1179,333.1346309,333.1344365,333.1343619,1.222222222,0.333333333,C18 H22 O6,18.0,22.0,6.0,0.0,0.0,0.0,0.0,0.0,0.0,lignin,0.8604874486797005
1180,1180,333.0980738,333.0978794,333.0979764,1.058823529,0.411764706,C17 H18 O7,17.0,18.0,7.0,0.0,0.0,0.0,0.0,0.0,0.0,lignin,0.9401085973020669
1181,1181,333.0956874,333.095493,333.0954745,0.857142857,0.095238095,C21 H18 O2 S1,21.0,18.0,2.0,1.0,0.0,0.0,0.0,0.0,0.0,pah,0.9569590238263814
1182,1182,333.0829787,333.0827843,333.0827202,1.384615385,0.769230769,C13 H18 O10,13.0,18.0,10.0,0.0,0.0,0.0,0.0,0.0,0.0,lignin,0.5858837081847463
1183,1183,333.0618485,333.0616541,333.0615909,0.875,0.5,C16 H14 O8,16.0,14.0,8.0,0.0,0.0,0.0,0.0,0.0,0.0,tannin,0.9094405737502246
1184,1184,333.0594248,333.0592304,333.059089,0.7,0.15,C20 H14 O3 S1,20.0,14.0,3.0,1.0,0.0,0.0,0.0,0.0,0.0,pah,0.9554341550260746
1185,1185,333.0464241,333.0462297,333.0463347,1.166666667,0.916666667,C12 H14 O11,12.0,14.0,11.0,0.0,0.0,0.0,0.0,0.0,0.0,lignin,0.5198365356574941
1186,1186,333.0253875,333.0251931,333.0252054,0.666666667,0.6,C15 H10 O9,15.0,10.0,9.0,0.0,0.0,0.0,0.0,0.0,0.0,tannin,0.8918104310974739
1187,1187,333.0230174,333.022823,333.0227034,0.526315789,0.210526316,C19 H10 O4 S1,19.0,10.0,4.0,1.0,0.0,0.0,0.0,0.0,0.0,pah,0.9548276398917673
1188,1188,331.1917789,331.1915866,331.1914828,1.4,0.2,C20 H28 O4,20.0,28.0,4.0,0.0,0.0,0.0,0.0,0.0,0.0,lipid,0.7454530363098634
1189,1189,331.1764686,331.1762763,331.1762267,1.75,0.4375,C16 H28 O7,16.0,28.0,7.0,0.0,0.0,0.0,0.0,0.0,0.0,lipid,0.9305568920708372
1190,1190,331.1551985,331.1550063,331.1550973,1.263157895,0.263157895,C19 H24 O5,19.0,24.0,5.0,0.0,0.0,0.0,0.0,0.0,0.0,lignin,0.8568886518184275
1191,1191,331.1400033,331.1398111,331.1398412,1.6,0.533333333,C15 H24 O8,15.0,24.0,8.0,0.0,0.0,0.0,0.0,0.0,0.0,lignin,0.7333510108324296
1192,1192,331.1223496,331.1221574,331.1220831,1.6,0.4,C15 H24 O6 S1,15.0,24.0,6.0,1.0,0.0,0.0,0.0,0.0,0.0,lipid,0.8883462113260732
1193,1193,331.1189872,331.118795,331.1187118,1.111111111,0.333333333,C18 H20 O6,18.0,20.0,6.0,0.0,0.0,0.0,0.0,0.0,0.0,lignin,0.8670870170821307
1194,1194,331.1036472,331.103455,331.1034557,1.428571429,0.642857143,C14 H20 O9,14.0,20.0,9.0,0.0,0.0,0.0,0.0,0.0,0.0,lignin,0.6894132117822891
1195,1195,331.0823996,331.0822074,331.0823263,0.941176471,0.411764706,C17 H16 O7,17.0,16.0,7.0,0.0,0.0,0.0,0.0,0.0,0.0,lignin,0.6084836347782548
1196,1196,331.0799743,331.0797822,331.0798244,0.761904762,0.095238095,C21 H16 O2 S1,21.0,16.0,2.0,1.0,0.0,0.0,0.0,0.0,0.0,pah,0.9559307940091211
1197,1197,331.0672768,331.0670846,331.0670702,1.230769231,0.769230769,C13 H16 O10,13.0,16.0,10.0,0.0,0.0,0.0,0.0,0.0,0.0,lignin,0.5715335399731842
1198,1198,331.0462236,331.0460315,331.0459408,0.75,0.5,C16 H12 O8,16.0,12.0,8.0,0.0,0.0,0.0,0.0,0.0,0.0,tannin,0.9032489768593457
1199,1199,331.0307911,331.030599,331.0306847,1.0,0.916666667,C12 H12 O11,12.0,12.0,11.0,0.0,0.0,0.0,0.0,0.0,0.0,lignin,0.48072698067089126
1200,1200,329.2700414,329.2698512,329.2697332,2.0,0.210526316,C19 H38 O4,19.0,38.0,4.0,0.0,0.0,0.0,0.0,0.0,0.0,lipid,0.9010941964984275
1201,1201,329.2334115,329.2332214,329.2333477,1.888888889,0.277777778,C18 H34 O5,18.0,34.0,5.0,0.0,0.0,0.0,0.0,0.0,0.0,lipid,0.8770166123677781
1202,1202,329.1972315,329.1970414,329.1969622,1.764705882,0.352941176,C17 H30 O6,17.0,30.0,6.0,0.0,0.0,0.0,0.0,0.0,0.0,lipid,0.9103511275765687
1203,1203,329.1759259,329.1757358,329.1758328,1.3,0.2,C20 H26 O4,20.0,26.0,4.0,0.0,0.0,0.0,0.0,0.0,0.0,lignin,0.8549409600477341
1204,1204,329.1606722,329.1604822,329.1605766,1.625,0.4375,C16 H26 O7,16.0,26.0,7.0,0.0,0.0,0.0,0.0,0.0,0.0,lipid,0.887384394563776
1205,1205,329.1430477,329.1428576,329.1428186,1.625,0.3125,C16 H26 O5 S1,16.0,26.0,5.0,1.0,0.0,0.0,0.0,0.0,0.0,lipid,0.8902729476924985
1206,1206,329.1397169,329.1395269,329.1394473,1.157894737,0.263157895,C19 H22 O5,19.0,22.0,5.0,0.0,0.0,0.0,0.0,0.0,0.0,lignin,0.8644020707364083
1207,1207,329.1244483,329.1242582,329.1241911,1.466666667,0.533333333,C15 H22 O8,15.0,22.0,8.0,0.0,0.0,0.0,0.0,0.0,0.0,lignin,0.8440341707384746
1208,1208,329.1065219,329.1063319,329.1064331,1.466666667,0.4,C15 H22 O6 S1,15.0,22.0,6.0,1.0,0.0,0.0,0.0,0.0,0.0,lignin,0.8521401014245304
1209,1209,329.1031359,329.1029459,329.1030618,1.0,0.333333333,C18 H18 O6,18.0,18.0,6.0,0.0,0.0,0.0,0.0,0.0,0.0,lignin,0.9391886105421801
1210,1210,329.0879231,329.0877331,329.0878056,1.285714286,0.642857143,C14 H18 O9,14.0,18.0,9.0,0.0,0.0,0.0,0.0,0.0,0.0,lignin,0.8681091495399957
1211,1211,329.066976,329.0667861,329.0666763,0.823529412,0.411764706,C17 H14 O7,17.0,14.0,7.0,0.0,0.0,0.0,0.0,0.0,0.0,tannin,0.9084702102194235
1212,1212,329.0516089,329.0514189,329.0514201,1.076923077,0.769230769,C13 H14 O10,13.0,14.0,10.0,0.0,0.0,0.0,0.0,0.0,0.0,lignin,0.8997305966071183
1213,1213,329.0303931,329.0302032,329.0302907,0.625,0.5,C16 H10 O8,16.0,10.0,8.0,0.0,0.0,0.0,0.0,0.0,0.0,tannin,0.822472543438221
1214,1214,328.1835368,328.1833479,328.1834401,1.764705882,0.176470588,C17 H30 O3 13C1 34S1,18.0,30.0,3.0,0.0,0.0,1.0,1.0,0.0,0.0,lipid,0.9162158135724232
1215,1215,328.1671003,328.1669114,328.1669089,1.75,0.25,C16 H28 O4 S1 13C1,17.0,28.0,4.0,1.0,0.0,1.0,0.0,0.0,0.0,lipid,0.911227922712216
1216,1216,328.1485545,328.1483656,328.1482814,1.6,0.466666667,C15 H24 O7 13C1,16.0,24.0,7.0,0.0,0.0,1.0,0.0,0.0,0.0,lipid,0.5469464105580049
1217,1217,328.1119704,328.1117815,328.1118959,1.428571429,0.571428571,C14 H20 O8 13C1,15.0,20.0,8.0,0.0,0.0,1.0,0.0,0.0,0.0,lignin,0.8676465340958656
1218,1218,327.217788,327.2176001,327.2176976,1.777777778,0.277777778,C18 H32 O5,18.0,32.0,5.0,0.0,0.0,0.0,0.0,0.0,0.0,lipid,0.9098522139135087
1219,1219,327.1815527,327.1813648,327.1813121,1.647058824,0.352941176,C17 H28 O6,17.0,28.0,6.0,0.0,0.0,0.0,0.0,0.0,0.0,lipid,0.8878262918026183
1220,1220,327.1637107,327.1635229,327.163554,1.647058824,0.235294118,C17 H28 O4 S1,17.0,28.0,4.0,1.0,0.0,0.0,0.0,0.0,0.0,lipid,0.8938213132574262
1221,1221,327.1450009,327.1448131,327.1449266,1.5,0.4375,C16 H24 O7,16.0,24.0,7.0,0.0,0.0,0.0,0.0,0.0,0.0,lignin,0.8453355476671289
1222,1222,327.1087937,327.108606,327.1085411,1.333333333,0.533333333,C15 H20 O8,15.0,20.0,8.0,0.0,0.0,0.0,0.0,0.0,0.0,lignin,0.8568780398511537
1223,1223,327.0723362,327.0721484,327.0721556,1.142857143,0.642857143,C14 H16 O9,14.0,16.0,9.0,0.0,0.0,0.0,0.0,0.0,0.0,lignin,0.862838604435732
1224,1224,327.0512923,327.0511046,327.0510262,0.705882353,0.411764706,C17 H12 O7,17.0,12.0,7.0,0.0,0.0,0.0,0.0,0.0,0.0,tannin,0.8757917221814091
1225,1225,327.0359064,327.0357187,327.0357701,0.923076923,0.769230769,C13 H12 O10,13.0,12.0,10.0,0.0,0.0,0.0,0.0,0.0,0.0,tannin,0.9048632456178158
1226,1226,326.1877082,326.1875214,326.1876443,1.764705882,0.176470588,C17 H30 O3 S1 13C1,18.0,30.0,3.0,1.0,0.0,1.0,0.0,0.0,0.0,lipid,0.9162158135724232
1227,1227,326.1877082,326.1875214,326.1874005,1.315789474,0.105263158,C19 H25 O2 N3,19.0,25.0,2.0,0.0,3.0,0.0,0.0,0.0,0.1578947368421052,peptide,0.871579107980749
1228,1228,326.1692509,326.1690641,326.1690169,1.625,0.375,C16 H26 O6 13C1,17.0,26.0,6.0,0.0,0.0,1.0,0.0,0.0,0.0,lipid,0.8880166682901779
1229,1229,326.1327253,326.1325386,326.1326313,1.466666667,0.466666667,C15 H22 O7 13C1,16.0,22.0,7.0,0.0,0.0,1.0,0.0,0.0,0.0,lignin,0.8522105375986422
1230,1230,326.0965215,326.0963349,326.0962458,1.285714286,0.571428571,C14 H18 O8 13C1,15.0,18.0,8.0,0.0,0.0,1.0,0.0,0.0,0.0,lignin,0.8580004395408487
1231,1231,325.2023213,325.2021356,325.2020475,1.666666667,0.277777778,C18 H30 O5,18.0,30.0,5.0,0.0,0.0,0.0,0.0,0.0,0.0,lipid,0.889611206356164
1232,1232,325.1843432,325.1841576,325.1842895,1.666666667,0.166666667,C18 H30 O3 S1,18.0,30.0,3.0,1.0,0.0,0.0,0.0,0.0,0.0,lipid,0.9026298056504704
1233,1233,325.1657608,325.1655752,325.165662,1.529411765,0.352941176,C17 H26 O6,17.0,26.0,6.0,0.0,0.0,0.0,0.0,0.0,0.0,lipid,0.7336008558490557
1234,1234,325.1481522,325.1479666,325.147904,1.529411765,0.235294118,C17 H26 O4 S1,17.0,26.0,4.0,1.0,0.0,0.0,0.0,0.0,0.0,lipid,0.905168974241783
1235,1235,325.1294991,325.1293135,325.1292765,1.375,0.4375,C16 H22 O7,16.0,22.0,7.0,0.0,0.0,0.0,0.0,0.0,0.0,lignin,0.8547987798263854
1236,1236,325.0930626,325.0928771,325.092891,1.2,0.533333333,C15 H18 O8,15.0,18.0,8.0,0.0,0.0,0.0,0.0,0.0,0.0,lignin,0.8611151874168176
1237,1237,325.0566255,325.05644,325.0565055,1.0,0.642857143,C14 H14 O9,14.0,14.0,9.0,0.0,0.0,0.0,0.0,0.0,0.0,lignin,0.936817375609157
1238,1238,325.0203894,325.020204,325.02012,0.769230769,0.769230769,C13 H10 O10,13.0,10.0,10.0,0.0,0.0,0.0,0.0,0.0,0.0,tannin,0.9137451236882533
1239,1239,324.172084,324.1718995,324.1719942,1.647058824,0.176470588,C17 H28 O3 S1 13C1,18.0,28.0,3.0,1.0,0.0,1.0,0.0,0.0,0.0,lipid,0.9027175641678495
1240,1240,324.172084,324.1718995,324.1717505,1.210526316,0.105263158,C19 H23 O2 N3,19.0,23.0,2.0,0.0,3.0,0.0,0.0,0.0,0.1578947368421052,peptide,0.875651170734654
1241,1241,324.1534759,324.1532914,324.1533668,1.5,0.375,C16 H24 O6 13C1,17.0,24.0,6.0,0.0,0.0,1.0,0.0,0.0,0.0,lignin,0.7210066780751461
1242,1242,324.1171361,324.1169516,324.1169813,1.333333333,0.466666667,C15 H20 O7 13C1,16.0,20.0,7.0,0.0,0.0,1.0,0.0,0.0,0.0,lignin,0.8568990388449247
1243,1243,324.0808549,324.0806705,324.0805958,1.142857143,0.571428571,C14 H16 O8 13C1,15.0,16.0,8.0,0.0,0.0,1.0,0.0,0.0,0.0,lignin,0.8638495022608617
1244,1244,323.1866283,323.1864449,323.1863975,1.555555556,0.277777778,C18 H28 O5,18.0,28.0,5.0,0.0,0.0,0.0,0.0,0.0,0.0,lipid,0.905019831958972
1245,1245,323.1687243,323.1685408,323.1686394,1.555555556,0.166666667,C18 H28 O3 S1,18.0,28.0,3.0,1.0,0.0,0.0,0.0,0.0,0.0,lipid,0.9054958497763632
1246,1246,323.1502289,323.1500455,323.150012,1.411764706,0.352941176,C17 H24 O6,17.0,24.0,6.0,0.0,0.0,0.0,0.0,0.0,0.0,lignin,0.8532161373240953
1247,1247,323.1137504,323.113567,323.1136264,1.25,0.4375,C16 H20 O7,16.0,20.0,7.0,0.0,0.0,0.0,0.0,0.0,0.0,lignin,0.8595975426145843
1248,1248,323.0774957,323.0773123,323.0772409,1.066666667,0.533333333,C15 H16 O8,15.0,16.0,8.0,0.0,0.0,0.0,0.0,0.0,0.0,lignin,0.9384314250449665
1249,1249,323.0409086,323.0407253,323.0408554,0.857142857,0.642857143,C14 H12 O9,14.0,12.0,9.0,0.0,0.0,0.0,0.0,0.0,0.0,tannin,0.9101734895278802
1250,1250,322.1741896,322.1740073,322.1741022,1.529411765,0.294117647,C17 H26 O5 13C1,18.0,26.0,5.0,0.0,0.0,1.0,0.0,0.0,0.0,lipid,0.9051840961696774
1251,1251,322.1379646,322.1377823,322.1377167,1.375,0.375,C16 H22 O6 13C1,17.0,22.0,6.0,0.0,0.0,1.0,0.0,0.0,0.0,lignin,0.8544202875819928
1252,1252,322.1014812,322.1012989,322.1013312,1.2,0.466666667,C15 H18 O7 13C1,16.0,18.0,7.0,0.0,0.0,1.0,0.0,0.0,0.0,lignin,0.8622105658929644
1253,1253,321.2072425,321.2070612,321.2071329,1.578947368,0.210526316,C19 H30 O4,19.0,30.0,4.0,0.0,0.0,0.0,0.0,0.0,0.0,lipid,0.9049222501838379
1254,1254,321.1743794,321.1741981,321.1741187,2.0,0.333333333,C15 H30 O5 S1,15.0,30.0,5.0,1.0,0.0,0.0,0.0,0.0,0.0,lipid,0.8839912284900251
1255,1255,321.1710243,321.1708431,321.1707474,1.444444444,0.277777778,C18 H26 O5,18.0,26.0,5.0,0.0,0.0,0.0,0.0,0.0,0.0,lipid,0.5978631261009373
1256,1256,321.1344335,321.1342523,321.1343619,1.294117647,0.352941176,C17 H22 O6,17.0,22.0,6.0,0.0,0.0,0.0,0.0,0.0,0.0,lignin,0.8566892753566246
1257,1257,321.0982405,321.0980593,321.0979764,1.125,0.4375,C16 H18 O7,16.0,18.0,7.0,0.0,0.0,0.0,0.0,0.0,0.0,lignin,0.8663785152895833
1258,1258,321.061732,321.0615509,321.0615909,0.933333333,0.533333333,C15 H14 O8,15.0,14.0,8.0,0.0,0.0,0.0,0.0,0.0,0.0,tannin,0.9030532619630259
1259,1259,321.0593617,321.0591806,321.059089,0.736842105,0.157894737,C19 H14 O3 S1,19.0,14.0,3.0,1.0,0.0,0.0,0.0,0.0,0.0,pah,0.9555939026568565
1260,1260,321.0253005,321.0251194,321.0252054,0.714285714,0.642857143,C14 H10 O9,14.0,10.0,9.0,0.0,0.0,0.0,0.0,0.0,0.0,tannin,0.9141407816423888
1261,1261,320.1585213,320.1583412,320.1584522,1.411764706,0.294117647,C17 H24 O5 13C1,18.0,24.0,5.0,0.0,0.0,1.0,0.0,0.0,0.0,lignin,0.8526399174402866
1262,1262,320.122258,320.122078,320.1220667,1.25,0.375,C16 H20 O6 13C1,17.0,20.0,6.0,0.0,0.0,1.0,0.0,0.0,0.0,lignin,0.8595363644524904
1263,1263,320.0859089,320.0857289,320.0856812,1.066666667,0.466666667,C15 H16 O7 13C1,16.0,16.0,7.0,0.0,0.0,1.0,0.0,0.0,0.0,lignin,0.9394054729317538
1264,1264,319.1916391,319.1914601,319.1914828,1.473684211,0.210526316,C19 H28 O4,19.0,28.0,4.0,0.0,0.0,0.0,0.0,0.0,0.0,lipid,0.9061386834313991
1265,1265,319.1552496,319.1550706,319.1550973,1.333333333,0.277777778,C18 H24 O5,18.0,24.0,5.0,0.0,0.0,0.0,0.0,0.0,0.0,lignin,0.8545807044721861
1266,1266,319.1189779,319.1187989,319.1187118,1.176470588,0.352941176,C17 H20 O6,17.0,20.0,6.0,0.0,0.0,0.0,0.0,0.0,0.0,lignin,0.8636665595698494
1267,1267,319.0823857,319.0822067,319.0823263,1.0,0.4375,C16 H16 O7,16.0,16.0,7.0,0.0,0.0,0.0,0.0,0.0,0.0,lignin,0.9381706904368453
1268,1268,319.0799701,319.0797912,319.0798244,0.8,0.1,C20 H16 O2 S1,20.0,16.0,2.0,1.0,0.0,0.0,0.0,0.0,0.0,pah,0.9561891481920217
1269,1269,319.0672662,319.0670873,319.0670702,1.333333333,0.833333333,C12 H16 O10,12.0,16.0,10.0,0.0,0.0,0.0,0.0,0.0,0.0,lignin,0.5874643242023488
1270,1270,319.0462002,319.0460214,319.0459408,0.8,0.533333333,C15 H12 O8,15.0,12.0,8.0,0.0,0.0,0.0,0.0,0.0,0.0,tannin,0.9117582887929346
1271,1271,317.1759554,317.1757786,317.1758328,1.368421053,0.210526316,C19 H26 O4,19.0,26.0,4.0,0.0,0.0,0.0,0.0,0.0,0.0,lignin,0.5419616893746702
1272,1272,317.1608475,317.1606707,317.1605766,1.733333333,0.466666667,C15 H26 O7,15.0,26.0,7.0,0.0,0.0,0.0,0.0,0.0,0.0,lipid,0.9303025348089744
1273,1273,317.1395442,317.1393674,317.1394473,1.222222222,0.277777778,C18 H22 O5,18.0,22.0,5.0,0.0,0.0,0.0,0.0,0.0,0.0,lignin,0.8612404828743975
1274,1274,317.1242841,317.1241073,317.1241911,1.571428571,0.571428571,C14 H22 O8,14.0,22.0,8.0,0.0,0.0,0.0,0.0,0.0,0.0,lignin,0.7699808293856132
1275,1275,317.1033174,317.1031406,317.1030618,1.058823529,0.352941176,C17 H18 O6,17.0,18.0,6.0,0.0,0.0,0.0,0.0,0.0,0.0,lignin,0.9411767629784672
1276,1276,317.0879867,317.08781,317.0878056,1.384615385,0.692307692,C13 H18 O9,13.0,18.0,9.0,0.0,0.0,0.0,0.0,0.0,0.0,lignin,0.5880898619588504
1277,1277,317.0667511,317.0665744,317.0666763,0.875,0.4375,C16 H14 O7,16.0,14.0,7.0,0.0,0.0,0.0,0.0,0.0,0.0,tannin,0.9093478143131895
1278,1278,317.0516215,317.0514448,317.0514201,1.166666667,0.833333333,C12 H14 O10,12.0,14.0,10.0,0.0,0.0,0.0,0.0,0.0,0.0,lignin,0.6100752927030905
1279,1279,317.030526,317.0303493,317.0302907,0.666666667,0.533333333,C15 H10 O8,15.0,10.0,8.0,0.0,0.0,0.0,0.0,0.0,0.0,tannin,0.8810054472017974
1280,1280,315.2542368,315.2540621,315.2540831,2.0,0.222222222,C18 H36 O4,18.0,36.0,4.0,0.0,0.0,0.0,0.0,0.0,0.0,lipid,0.9009542844024814
1281,1281,315.2177966,315.2176219,315.2176976,1.882352941,0.294117647,C17 H32 O5,17.0,32.0,5.0,0.0,0.0,0.0,0.0,0.0,0.0,lipid,0.9029774373428066
1282,1282,315.1815801,315.1814054,315.1813121,1.75,0.375,C16 H28 O6,16.0,28.0,6.0,0.0,0.0,0.0,0.0,0.0,0.0,lipid,0.9103948873639764
1283,1283,315.1602616,315.160087,315.1601827,1.263157895,0.210526316,C19 H24 O4,19.0,24.0,4.0,0.0,0.0,0.0,0.0,0.0,0.0,lignin,0.8563152048101884
1284,1284,315.1449971,315.1448225,315.1449266,1.6,0.466666667,C15 H24 O7,15.0,24.0,7.0,0.0,0.0,0.0,0.0,0.0,0.0,lipid,0.5469464105580049
1285,1285,315.1274293,315.1272547,315.1271685,1.6,0.333333333,C15 H24 O5 S1,15.0,24.0,5.0,1.0,0.0,0.0,0.0,0.0,0.0,lipid,0.8908387253181619
1286,1286,315.1240601,315.1238855,315.1237972,1.111111111,0.277777778,C18 H20 O5,18.0,20.0,5.0,0.0,0.0,0.0,0.0,0.0,0.0,lignin,0.8669946705992919
1287,1287,315.108672,315.1084975,315.1085411,1.428571429,0.571428571,C14 H20 O8,14.0,20.0,8.0,0.0,0.0,0.0,0.0,0.0,0.0,lignin,0.8676465340958656
1288,1288,315.0875075,315.0873329,315.0874117,0.941176471,0.352941176,C17 H16 O6,17.0,16.0,6.0,0.0,0.0,0.0,0.0,0.0,0.0,lignin,0.9443883808698047
1289,1289,315.0723834,315.0722089,315.0721556,1.230769231,0.692307692,C13 H16 O9,13.0,16.0,9.0,0.0,0.0,0.0,0.0,0.0,0.0,lignin,0.869216077903457
1290,1290,315.051203,315.0510285,315.0510262,0.75,0.4375,C16 H12 O7,16.0,12.0,7.0,0.0,0.0,0.0,0.0,0.0,0.0,tannin,0.8856384338559653
1291,1291,315.035852,315.0356775,315.0357701,1.0,0.833333333,C12 H12 O10,12.0,12.0,10.0,0.0,0.0,0.0,0.0,0.0,0.0,lignin,0.8699342715313045
1292,1292,314.167875,314.1677015,314.1677901,1.75,0.1875,C16 H28 O3 13C1 34S1,17.0,28.0,3.0,0.0,0.0,1.0,1.0,0.0,0.0,lipid,0.8915779411434499
1293,1293,314.1327751,314.1326016,314.1326313,1.571428571,0.5,C14 H22 O7 13C1,15.0,22.0,7.0,0.0,0.0,1.0,0.0,0.0,0.0,lignin,0.8421333903939011
1294,1294,314.0965086,314.0963351,314.0962458,1.384615385,0.615384615,C13 H18 O8 13C1,14.0,18.0,8.0,0.0,0.0,1.0,0.0,0.0,0.0,lignin,0.8751242671524487
1295,1295,313.2386901,313.2385176,313.238433,1.888888889,0.222222222,C18 H34 O4,18.0,34.0,4.0,0.0,0.0,0.0,0.0,0.0,0.0,lipid,0.9085655367161068
1296,1296,313.2021456,313.2019731,313.2020475,1.764705882,0.294117647,C17 H30 O5,17.0,30.0,5.0,0.0,0.0,0.0,0.0,0.0,0.0,lipid,0.9098334287702418
1297,1297,313.1811839,313.1810114,313.1809182,1.3,0.15,C20 H26 O3,20.0,26.0,3.0,0.0,0.0,0.0,0.0,0.0,0.0,lignin,0.5426793119367326
1298,1298,313.175582,313.1754095,313.1753491,1.866666667,0.2,C15 H28 O3 S1 13C2,17.0,28.0,3.0,1.0,0.0,2.0,0.0,0.0,0.0,lipid,0.909623926364912
1299,1299,313.1731041,313.1729316,313.1728844,1.647058824,0.117647059,C17 H28 O2 S1 18O1,17.0,28.0,2.0,1.0,0.0,0.0,0.0,1.0,0.0,lipid,0.902893332816781
1300,1300,313.1657712,313.1655987,313.165662,1.625,0.375,C16 H26 O6,16.0,26.0,6.0,0.0,0.0,0.0,0.0,0.0,0.0,lipid,0.8880166682901779
1301,1301,313.1645324,313.1643599,313.1644352,1.647058824,0.176470588,C17 H28 O3 34S1,17.0,28.0,3.0,0.0,0.0,0.0,1.0,0.0,0.0,lipid,0.9027175641678495
1302,1302,313.147992,313.1478195,313.147904,1.625,0.25,C16 H26 O4 S1,16.0,26.0,4.0,1.0,0.0,0.0,0.0,0.0,0.0,lipid,0.8940245517574699
1303,1303,313.1295382,313.1293657,313.1292765,1.466666667,0.466666667,C15 H22 O7,15.0,22.0,7.0,0.0,0.0,0.0,0.0,0.0,0.0,lignin,0.8522105375986422
1304,1304,313.0929786,313.0928062,313.092891,1.285714286,0.571428571,C14 H18 O8,14.0,18.0,8.0,0.0,0.0,0.0,0.0,0.0,0.0,lignin,0.8580004395408487
1305,1305,313.0720024,313.0718301,313.0717616,0.823529412,0.352941176,C17 H14 O6,17.0,14.0,6.0,0.0,0.0,0.0,0.0,0.0,0.0,tannin,0.8959702730613325
1306,1306,313.056676,313.0565037,313.0565055,1.076923077,0.692307692,C13 H14 O9,13.0,14.0,9.0,0.0,0.0,0.0,0.0,0.0,0.0,lignin,0.9255064973522062
1307,1307,313.0354487,313.0352764,313.0353761,0.625,0.4375,C16 H10 O7,16.0,10.0,7.0,0.0,0.0,0.0,0.0,0.0,0.0,tannin,0.6170970469105834
1308,1308,313.0203326,313.0201603,313.02012,0.833333333,0.833333333,C12 H10 O10,12.0,10.0,10.0,0.0,0.0,0.0,0.0,0.0,0.0,tannin,0.9095797881340199
1309,1309,312.1751645,312.1749932,312.1751218,1.8,0.133333333,C15 H27 O2 S1 N3,15.0,27.0,2.0,1.0,3.0,0.0,0.0,0.0,0.2,peptide,0.8956652741009579
1310,1310,312.1722403,312.172069,312.1719942,1.75,0.1875,C16 H28 O3 S1 13C1,17.0,28.0,3.0,1.0,0.0,1.0,0.0,0.0,0.0,lipid,0.8915779411434499
1311,1311,312.1534796,312.1533082,312.1533668,1.6,0.4,C15 H24 O6 13C1,16.0,24.0,6.0,0.0,0.0,1.0,0.0,0.0,0.0,lipid,0.8883462113260732
1312,1312,312.1172248,312.1170534,312.1169813,1.428571429,0.5,C14 H20 O7 13C1,15.0,20.0,7.0,0.0,0.0,1.0,0.0,0.0,0.0,lignin,0.8530374102173699
1313,1313,312.0806851,312.0805138,312.0805958,1.230769231,0.615384615,C13 H16 O8 13C1,14.0,16.0,8.0,0.0,0.0,1.0,0.0,0.0,0.0,lignin,0.86923654862165
1314,1314,311.2230411,311.2228708,311.222783,1.777777778,0.222222222,C18 H32 O4,18.0,32.0,4.0,0.0,0.0,0.0,0.0,0.0,0.0,lipid,0.9112916315418402
1315,1315,311.1865103,311.18634,311.1863975,1.647058824,0.294117647,C17 H28 O5,17.0,28.0,5.0,0.0,0.0,0.0,0.0,0.0,0.0,lipid,0.8898850121520221
1316,1316,311.1688127,311.1686424,311.1686394,1.647058824,0.176470588,C17 H28 O3 S1,17.0,28.0,3.0,1.0,0.0,0.0,0.0,0.0,0.0,lipid,0.9027175641678495
1317,1317,311.1501088,311.1499386,311.150012,1.5,0.375,C16 H24 O6,16.0,24.0,6.0,0.0,0.0,0.0,0.0,0.0,0.0,lignin,0.7210066780751461
1318,1318,311.1323584,311.1321882,311.1322539,1.5,0.25,C16 H24 O4 S1,16.0,24.0,4.0,1.0,0.0,0.0,0.0,0.0,0.0,lipid,0.9057386725738421
1319,1319,311.1138701,311.1136999,311.1136264,1.333333333,0.466666667,C15 H20 O7,15.0,20.0,7.0,0.0,0.0,0.0,0.0,0.0,0.0,lignin,0.8568990388449247
1320,1320,311.0773161,311.0771459,311.0772409,1.142857143,0.571428571,C14 H16 O8,14.0,16.0,8.0,0.0,0.0,0.0,0.0,0.0,0.0,lignin,0.8638495022608617
1321,1321,311.0409813,311.0408111,311.0408554,0.923076923,0.692307692,C13 H12 O9,13.0,12.0,9.0,0.0,0.0,0.0,0.0,0.0,0.0,tannin,0.9043302071749215
1322,1322,310.1777312,310.177562,310.1774735,2.307692308,0.384615385,C13 H30 O5 S1 13C1,14.0,30.0,5.0,1.0,0.0,1.0,0.0,0.0,0.0,lipid,0.8808895292957079
1323,1323,310.156451,310.1562818,310.1563442,1.625,0.1875,C16 H26 O3 S1 13C1,17.0,26.0,3.0,1.0,0.0,1.0,0.0,0.0,0.0,lipid,0.9028192599474792
1324,1324,310.1378066,310.1376375,310.1377167,1.466666667,0.4,C15 H22 O6 13C1,16.0,22.0,6.0,0.0,0.0,1.0,0.0,0.0,0.0,lignin,0.8521401014245304
1325,1325,310.1014126,310.1012435,310.1013312,1.285714286,0.5,C14 H18 O7 13C1,15.0,18.0,7.0,0.0,0.0,1.0,0.0,0.0,0.0,lignin,0.858265607232622
1326,1326,309.1742477,309.1740796,309.1741187,2.142857143,0.357142857,C14 H30 O5 S1,14.0,30.0,5.0,1.0,0.0,0.0,0.0,0.0,0.0,lipid,0.8805270025501585
1327,1327,309.1708407,309.1706725,309.1707474,1.529411765,0.294117647,C17 H26 O5,17.0,26.0,5.0,0.0,0.0,0.0,0.0,0.0,0.0,lipid,0.9051840961696774
1328,1328,309.1531012,309.1529331,309.1529893,1.529411765,0.176470588,C17 H26 O3 S1,17.0,26.0,3.0,1.0,0.0,0.0,0.0,0.0,0.0,lipid,0.9056196517521844
1329,1329,309.1379881,309.13782,309.1377332,2.0,0.461538462,C13 H26 O6 S1,13.0,26.0,6.0,1.0,0.0,0.0,0.0,0.0,0.0,lipid,0.8824233487459654
1330,1330,309.1346188,309.1344507,309.1343619,1.375,0.375,C16 H22 O6,16.0,22.0,6.0,0.0,0.0,0.0,0.0,0.0,0.0,lignin,0.8544202875819928
1331,1331,309.0981116,309.0979436,309.0979764,1.2,0.466666667,C15 H18 O7,15.0,18.0,7.0,0.0,0.0,0.0,0.0,0.0,0.0,lignin,0.8622105658929644
1332,1332,309.061681,309.061513,309.0615909,1.0,0.571428571,C14 H14 O8,14.0,14.0,8.0,0.0,0.0,0.0,0.0,0.0,0.0,lignin,0.9374378451743167
1333,1333,309.025468,309.0253,309.0252054,0.769230769,0.692307692,C13 H10 O9,13.0,10.0,9.0,0.0,0.0,0.0,0.0,0.0,0.0,tannin,0.913071378934452
1334,1334,308.1586864,308.1585194,308.1584522,1.5,0.3125,C16 H24 O5 13C1,17.0,24.0,5.0,0.0,0.0,1.0,0.0,0.0,0.0,lipid,0.9053963300895331
1335,1335,308.1222533,308.1220863,308.1220667,1.333333333,0.4,C15 H20 O6 13C1,16.0,20.0,6.0,0.0,0.0,1.0,0.0,0.0,0.0,lignin,0.8557776041607109
1336,1336,308.0857576,308.0855907,308.0856812,1.142857143,0.5,C14 H16 O7 13C1,15.0,16.0,7.0,0.0,0.0,1.0,0.0,0.0,0.0,lignin,0.8647448054225672
1337,1337,307.1917234,307.1915574,307.1914828,1.555555556,0.222222222,C18 H28 O4,18.0,28.0,4.0,0.0,0.0,0.0,0.0,0.0,0.0,lipid,0.905034795379182
1338,1338,307.1552873,307.1551214,307.1550973,1.411764706,0.294117647,C17 H24 O5,17.0,24.0,5.0,0.0,0.0,0.0,0.0,0.0,0.0,lignin,0.8526399174402866
1339,1339,307.1187659,307.1186,307.1187118,1.25,0.375,C16 H20 O6,16.0,20.0,6.0,0.0,0.0,0.0,0.0,0.0,0.0,lignin,0.8595363644524904
1340,1340,307.0825346,307.0823687,307.0823263,1.066666667,0.466666667,C15 H16 O7,15.0,16.0,7.0,0.0,0.0,0.0,0.0,0.0,0.0,lignin,0.9394054729317538
1341,1341,307.04617,307.0460042,307.0459408,0.857142857,0.571428571,C14 H12 O8,14.0,12.0,8.0,0.0,0.0,0.0,0.0,0.0,0.0,tannin,0.9099907868601675
1342,1342,306.1430355,306.1428707,306.1428021,1.375,0.3125,C16 H22 O5 13C1,17.0,22.0,5.0,0.0,0.0,1.0,0.0,0.0,0.0,lignin,0.8537409752996945
1343,1343,305.2488412,305.2486773,305.2486038,1.7,0.1,C20 H34 O2,20.0,34.0,2.0,0.0,0.0,0.0,0.0,0.0,0.0,lipid,0.9026665582662059
1344,1344,305.179392,305.1792282,305.1792041,2.0,0.266666667,C15 H30 O4 S1,15.0,30.0,4.0,1.0,0.0,0.0,0.0,0.0,0.0,lipid,0.8946886355739408
1345,1345,305.176003,305.1758392,305.1758328,1.444444444,0.222222222,C18 H26 O4,18.0,26.0,4.0,0.0,0.0,0.0,0.0,0.0,0.0,lipid,0.906305064803705
1346,1346,305.139699,305.1395353,305.1394473,1.294117647,0.294117647,C17 H22 O5,17.0,22.0,5.0,0.0,0.0,0.0,0.0,0.0,0.0,lignin,0.8560062114096032
1347,1347,305.1031802,305.1030165,305.1030618,1.125,0.375,C16 H18 O6,16.0,18.0,6.0,0.0,0.0,0.0,0.0,0.0,0.0,lignin,0.8667259995282492
1348,1348,305.0667752,305.0666116,305.0666763,0.933333333,0.466666667,C15 H14 O7,15.0,14.0,7.0,0.0,0.0,0.0,0.0,0.0,0.0,tannin,0.902888941690638
1349,1349,305.0515079,305.0513443,305.0514201,1.272727273,0.909090909,C11 H14 O10,11.0,14.0,10.0,0.0,0.0,0.0,0.0,0.0,0.0,lignin,0.5097527569443608
1350,1350,305.0305335,305.0303699,305.0302907,0.714285714,0.571428571,C14 H10 O8,14.0,10.0,8.0,0.0,0.0,0.0,0.0,0.0,0.0,tannin,0.9053111784062173
1351,1351,303.2331358,303.2329742,303.2329537,1.6,0.1,C20 H32 O2,20.0,32.0,2.0,0.0,0.0,0.0,0.0,0.0,0.0,lipid,0.9049891539567966
1352,1352,303.1603455,303.1601839,303.1601827,1.333333333,0.222222222,C18 H24 O4,18.0,24.0,4.0,0.0,0.0,0.0,0.0,0.0,0.0,lignin,0.8541138921156524
1353,1353,303.1449953,303.1448337,303.1449266,1.714285714,0.5,C14 H24 O7,14.0,24.0,7.0,0.0,0.0,0.0,0.0,0.0,0.0,lipid,0.7246998356629574
1354,1354,303.1240181,303.1238566,303.1237972,1.176470588,0.294117647,C17 H20 O5,17.0,20.0,5.0,0.0,0.0,0.0,0.0,0.0,0.0,lignin,0.8635257803130376
1355,1355,303.1087218,303.1085603,303.1085411,1.538461538,0.615384615,C13 H20 O8,13.0,20.0,8.0,0.0,0.0,0.0,0.0,0.0,0.0,lignin,0.5823736990154117
1356,1356,303.0875004,303.0873389,303.0874117,1.0,0.375,C16 H16 O6,16.0,16.0,6.0,0.0,0.0,0.0,0.0,0.0,0.0,lignin,0.9387819963105676
1357,1357,303.0723979,303.0722364,303.0721556,1.333333333,0.75,C12 H16 O9,12.0,16.0,9.0,0.0,0.0,0.0,0.0,0.0,0.0,lignin,0.589863990071753
1358,1358,303.0511251,303.0509636,303.0510262,0.8,0.466666667,C15 H12 O7,15.0,12.0,7.0,0.0,0.0,0.0,0.0,0.0,0.0,tannin,0.911563067689493
1359,1359,301.2386719,301.2385123,301.238433,2.0,0.235294118,C17 H34 O4,17.0,34.0,4.0,0.0,0.0,0.0,0.0,0.0,0.0,lipid,0.902265276734932
1360,1360,301.217357,301.2171975,301.2173037,1.5,0.1,C20 H30 O2,20.0,30.0,2.0,0.0,0.0,0.0,0.0,0.0,0.0,lipid,0.9062139447411767
1361,1361,301.1657056,301.1655461,301.165662,1.733333333,0.4,C15 H26 O6,15.0,26.0,6.0,0.0,0.0,0.0,0.0,0.0,0.0,lipid,0.9104959019640793
1362,1362,301.1447761,301.1446166,301.1445327,1.222222222,0.222222222,C18 H22 O4,18.0,22.0,4.0,0.0,0.0,0.0,0.0,0.0,0.0,lignin,0.8609084226359729
1363,1363,301.129438,301.1292786,301.1292765,1.571428571,0.5,C14 H22 O7,14.0,22.0,7.0,0.0,0.0,0.0,0.0,0.0,0.0,lignin,0.8421333903939011
1364,1364,301.1082469,301.1080875,301.1081471,1.058823529,0.294117647,C17 H18 O5,17.0,18.0,5.0,0.0,0.0,0.0,0.0,0.0,0.0,lignin,0.9415500167477054
1365,1365,301.0931129,301.0929535,301.092891,1.384615385,0.615384615,C13 H18 O8,13.0,18.0,8.0,0.0,0.0,0.0,0.0,0.0,0.0,lignin,0.8751242671524487
1366,1366,301.0718593,301.0717,301.0717616,0.875,0.375,C16 H14 O6,16.0,14.0,6.0,0.0,0.0,0.0,0.0,0.0,0.0,tannin,0.9095647813438834
1367,1367,301.05661,301.0564507,301.0565055,1.166666667,0.75,C12 H14 O9,12.0,14.0,9.0,0.0,0.0,0.0,0.0,0.0,0.0,lignin,0.8811229925723323
1368,1368,300.1170537,300.1168953,300.1169813,1.538461538,0.538461538,C13 H20 O7 13C1,14.0,20.0,7.0,0.0,0.0,1.0,0.0,0.0,0.0,lignin,0.8636158259330294
1369,1369,299.2593379,299.2591805,299.2591685,2.0,0.166666667,C18 H36 O3,18.0,36.0,3.0,0.0,0.0,0.0,0.0,0.0,0.0,lipid,0.8759599682420353
1370,1370,299.2228328,299.2226754,299.222783,1.882352941,0.235294118,C17 H32 O4,17.0,32.0,4.0,0.0,0.0,0.0,0.0,0.0,0.0,lipid,0.9084920574846965
1371,1371,299.2019047,299.2017474,299.2016536,1.4,0.1,C20 H28 O2,20.0,28.0,2.0,0.0,0.0,0.0,0.0,0.0,0.0,lipid,0.9068412849172736
1372,1372,299.1865467,299.1863894,299.1863975,1.75,0.3125,C16 H28 O5,16.0,28.0,5.0,0.0,0.0,0.0,0.0,0.0,0.0,lipid,0.9109469450643927
1373,1373,299.159905,299.1597477,299.159699,1.857142857,0.214285714,C14 H26 O3 S1 13C2,16.0,26.0,3.0,1.0,0.0,2.0,0.0,0.0,0.0,lipid,0.9095303005932337
1374,1374,299.1502468,299.1500895,299.150012,1.6,0.4,C15 H24 O6,15.0,24.0,6.0,0.0,0.0,0.0,0.0,0.0,0.0,lipid,0.8883462113260732
1375,1375,299.1490165,299.1488592,299.1487852,1.625,0.1875,C16 H26 O3 34S1,16.0,26.0,3.0,0.0,0.0,0.0,1.0,0.0,0.0,lipid,0.9028192599474792
1376,1376,299.113764,299.1136068,299.1136264,1.428571429,0.5,C14 H20 O7,14.0,20.0,7.0,0.0,0.0,0.0,0.0,0.0,0.0,lignin,0.8530374102173699
1377,1377,299.077323,299.0771658,299.0772409,1.230769231,0.615384615,C13 H16 O8,13.0,16.0,8.0,0.0,0.0,0.0,0.0,0.0,0.0,lignin,0.86923654862165
1378,1378,299.0563488,299.0561916,299.0561116,0.75,0.375,C16 H12 O6,16.0,12.0,6.0,0.0,0.0,0.0,0.0,0.0,0.0,tannin,0.8773566316636309
1379,1379,299.0410394,299.0408822,299.0408554,1.0,0.75,C12 H12 O9,12.0,12.0,9.0,0.0,0.0,0.0,0.0,0.0,0.0,lignin,0.9360192879463437
1380,1380,298.1564631,298.1563069,298.1563442,1.733333333,0.2,C15 H26 O3 S1 13C1,16.0,26.0,3.0,1.0,0.0,1.0,0.0,0.0,0.0,lipid,0.8917208815074147
1381,1381,298.1378164,298.1376602,298.1377167,1.571428571,0.428571429,C14 H22 O6 13C1,15.0,22.0,6.0,0.0,0.0,1.0,0.0,0.0,0.0,lipid,0.5801629485111165
1382,1382,298.1014157,298.1012595,298.1013312,1.384615385,0.538461538,C13 H18 O7 13C1,14.0,18.0,7.0,0.0,0.0,1.0,0.0,0.0,0.0,lignin,0.853990153824107
1383,1383,297.243745,297.2435898,297.2435184,1.888888889,0.166666667,C18 H34 O3,18.0,34.0,3.0,0.0,0.0,0.0,0.0,0.0,0.0,lipid,0.9099152096493137
1384,1384,297.2073372,297.207182,297.2071329,1.764705882,0.235294118,C17 H30 O4,17.0,30.0,4.0,0.0,0.0,0.0,0.0,0.0,0.0,lipid,0.9112534356182442
1385,1385,297.1708215,297.1706663,297.1707474,1.625,0.3125,C16 H26 O5,16.0,26.0,5.0,0.0,0.0,0.0,0.0,0.0,0.0,lipid,0.8902729476924985
1386,1386,297.1531786,297.1530235,297.1529893,1.625,0.1875,C16 H26 O3 S1,16.0,26.0,3.0,1.0,0.0,0.0,0.0,0.0,0.0,lipid,0.9028192599474792
1387,1387,297.134467,297.1343119,297.1343619,1.466666667,0.4,C15 H22 O6,15.0,22.0,6.0,0.0,0.0,0.0,0.0,0.0,0.0,lignin,0.8521401014245304
1388,1388,297.0981935,297.0980385,297.0979764,1.285714286,0.5,C14 H18 O7,14.0,18.0,7.0,0.0,0.0,0.0,0.0,0.0,0.0,lignin,0.858265607232622
1389,1389,297.0617901,297.061635,297.0615909,1.076923077,0.615384615,C13 H14 O8,13.0,14.0,8.0,0.0,0.0,0.0,0.0,0.0,0.0,lignin,0.9374616791450322
1390,1390,297.0252603,297.0251053,297.0252054,0.833333333,0.75,C12 H10 O9,12.0,10.0,9.0,0.0,0.0,0.0,0.0,0.0,0.0,tannin,0.9083217423387062
1391,1391,296.1221393,296.1219853,296.1220667,1.428571429,0.428571429,C14 H20 O6 13C1,15.0,20.0,6.0,0.0,0.0,1.0,0.0,0.0,0.0,lignin,0.8531021251883066
1392,1392,296.0858959,296.0857419,296.0856812,1.230769231,0.538461538,C13 H16 O7 13C1,14.0,16.0,7.0,0.0,0.0,1.0,0.0,0.0,0.0,lignin,0.859936152059013
1393,1393,295.1552447,295.1550917,295.1550973,1.5,0.3125,C16 H24 O5,16.0,24.0,5.0,0.0,0.0,0.0,0.0,0.0,0.0,lipid,0.9053963300895331
1394,1394,295.1375593,295.1374064,295.1373393,1.5,0.1875,C16 H24 O3 S1,16.0,24.0,3.0,1.0,0.0,0.0,0.0,0.0,0.0,lipid,0.905766517461984
1395,1395,295.1187705,295.1186176,295.1187118,1.333333333,0.4,C15 H20 O6,15.0,20.0,6.0,0.0,0.0,0.0,0.0,0.0,0.0,lignin,0.8557776041607109
1396,1396,295.082446,295.0822931,295.0823263,1.142857143,0.5,C14 H16 O7,14.0,16.0,7.0,0.0,0.0,0.0,0.0,0.0,0.0,lignin,0.8647448054225672
1397,1397,295.0461614,295.0460085,295.0459408,0.923076923,0.615384615,C13 H12 O8,13.0,12.0,8.0,0.0,0.0,0.0,0.0,0.0,0.0,tannin,0.9036390419493042
1398,1398,294.1826335,294.1824816,294.1825589,2.307692308,0.307692308,C13 H30 O4 S1 13C1,14.0,30.0,4.0,1.0,0.0,1.0,0.0,0.0,0.0,lipid,0.8797577319373033
1399,1399,294.1429218,294.1427699,294.1428021,1.466666667,0.333333333,C15 H22 O5 13C1,16.0,22.0,5.0,0.0,0.0,1.0,0.0,0.0,0.0,lignin,0.7213482622243065
1400,1400,294.1066369,294.106485,294.1064166,1.285714286,0.428571429,C14 H18 O6 13C1,15.0,18.0,6.0,0.0,0.0,1.0,0.0,0.0,0.0,lignin,0.8583204993812021
1401,1401,293.1794187,293.1792679,293.1792041,2.142857143,0.285714286,C14 H30 O4 S1,14.0,30.0,4.0,1.0,0.0,0.0,0.0,0.0,0.0,lipid,0.8937650662189582
1402,1402,293.176056,293.1759051,293.1758328,1.529411765,0.235294118,C17 H26 O4,17.0,26.0,4.0,0.0,0.0,0.0,0.0,0.0,0.0,lipid,0.905168974241783
1403,1403,293.1396175,293.1394666,293.1394473,1.375,0.3125,C16 H22 O5,16.0,22.0,5.0,0.0,0.0,0.0,0.0,0.0,0.0,lignin,0.8537409752996945
1404,1404,293.1031273,293.1029765,293.1030618,1.2,0.4,C15 H18 O6,15.0,18.0,6.0,0.0,0.0,0.0,0.0,0.0,0.0,lignin,0.8624519255261431
1405,1405,293.0667672,293.0666165,293.0666763,1.0,0.5,C14 H14 O7,14.0,14.0,7.0,0.0,0.0,0.0,0.0,0.0,0.0,lignin,0.9381105716616908
1406,1406,293.0491432,293.0489925,293.0489182,1.0,0.357142857,C14 H14 O5 S1,14.0,14.0,5.0,1.0,0.0,0.0,0.0,0.0,0.0,lignin,0.9389574379667742
1407,1407,293.0305012,293.0303505,293.0302907,0.769230769,0.615384615,C13 H10 O8,13.0,10.0,8.0,0.0,0.0,0.0,0.0,0.0,0.0,tannin,0.9127014588558909
1408,1408,291.1637461,291.1635974,291.163554,2.0,0.285714286,C14 H28 O4 S1,14.0,28.0,4.0,1.0,0.0,0.0,0.0,0.0,0.0,lipid,0.8943798610648617
1409,1409,291.1604126,291.1602638,291.1601827,1.411764706,0.235294118,C17 H24 O4,17.0,24.0,4.0,0.0,0.0,0.0,0.0,0.0,0.0,lipid,0.5977689434241291
1410,1410,291.1239442,291.1237955,291.1237972,1.25,0.3125,C16 H20 O5,16.0,20.0,5.0,0.0,0.0,0.0,0.0,0.0,0.0,lignin,0.8590890134974964
1411,1411,291.0874862,291.0873376,291.0874117,1.066666667,0.4,C15 H16 O6,15.0,16.0,6.0,0.0,0.0,0.0,0.0,0.0,0.0,lignin,0.9405464776260228
1412,1412,291.0511375,291.0509889,291.0510262,0.857142857,0.5,C14 H12 O7,14.0,12.0,7.0,0.0,0.0,0.0,0.0,0.0,0.0,tannin,0.909882677844233
1413,1413,291.0148379,291.0146893,291.0146407,0.615384615,0.615384615,C13 H8 O8,13.0,8.0,8.0,0.0,0.0,0.0,0.0,0.0,0.0,tannin,0.8816557835786212
1414,1414,289.1446812,289.1445346,289.1445327,1.294117647,0.235294118,C17 H22 O4,17.0,22.0,4.0,0.0,0.0,0.0,0.0,0.0,0.0,lignin,0.8554423689663867
1415,1415,289.1082185,289.1080719,289.1081471,1.125,0.3125,C16 H18 O5,16.0,18.0,5.0,0.0,0.0,0.0,0.0,0.0,0.0,lignin,0.8668119331941735
1416,1416,289.0931153,289.0929688,289.092891,1.5,0.666666667,C12 H18 O8,12.0,18.0,8.0,0.0,0.0,0.0,0.0,0.0,0.0,lignin,0.5827334864284917
1417,1417,289.0718376,289.0716911,289.0717616,0.933333333,0.4,C15 H14 O6,15.0,14.0,6.0,0.0,0.0,0.0,0.0,0.0,0.0,tannin,0.9078967809026871
1418,1418,289.056653,289.0565065,289.0565055,1.272727273,0.818181818,C11 H14 O9,11.0,14.0,9.0,0.0,0.0,0.0,0.0,0.0,0.0,lignin,0.6147681221618215
1419,1419,289.0355487,289.0354023,289.0353761,0.714285714,0.5,C14 H10 O7,14.0,10.0,7.0,0.0,0.0,0.0,0.0,0.0,0.0,tannin,0.886907156241457
1420,1420,287.2228642,287.2227196,287.222783,2.0,0.25,C16 H32 O4,16.0,32.0,4.0,0.0,0.0,0.0,0.0,0.0,0.0,lipid,0.8949112535639223
1421,1421,287.150234,287.1500896,287.150012,1.714285714,0.428571429,C14 H24 O6,14.0,24.0,6.0,0.0,0.0,0.0,0.0,0.0,0.0,lipid,0.9120098467850731
1422,1422,287.1289521,287.1288077,287.1288826,1.176470588,0.235294118,C17 H20 O4,17.0,20.0,4.0,0.0,0.0,0.0,0.0,0.0,0.0,lignin,0.8631794027763069
1423,1423,287.1138407,287.1136962,287.1136264,1.538461538,0.538461538,C13 H20 O7,13.0,20.0,7.0,0.0,0.0,0.0,0.0,0.0,0.0,lignin,0.8636158259330294
1424,1424,287.0925829,287.0924385,287.0924971,1.0,0.3125,C16 H16 O5,16.0,16.0,5.0,0.0,0.0,0.0,0.0,0.0,0.0,lignin,0.9393845240461876
1425,1425,287.0773692,287.0772248,287.0772409,1.333333333,0.666666667,C12 H16 O8,12.0,16.0,8.0,0.0,0.0,0.0,0.0,0.0,0.0,lignin,0.9083813389933786
1426,1426,287.0562815,287.0561372,287.0561116,0.8,0.4,C15 H12 O6,15.0,12.0,6.0,0.0,0.0,0.0,0.0,0.0,0.0,tannin,0.8989007775752317
1427,1427,287.040927,287.0407827,287.0408554,1.090909091,0.818181818,C11 H12 O9,11.0,12.0,9.0,0.0,0.0,0.0,0.0,0.0,0.0,lignin,0.6727500803791863
1428,1428,285.2436606,285.2435182,285.2435184,2.0,0.176470588,C17 H34 O3,17.0,34.0,3.0,0.0,0.0,0.0,0.0,0.0,0.0,lipid,0.8758082641925838
1429,1429,285.2073353,285.2071929,285.2071329,1.875,0.25,C16 H30 O4,16.0,30.0,4.0,0.0,0.0,0.0,0.0,0.0,0.0,lipid,0.9084198030861976
1430,1430,285.1709588,285.1708164,285.1707474,1.733333333,0.333333333,C15 H26 O5,15.0,26.0,5.0,0.0,0.0,0.0,0.0,0.0,0.0,lipid,0.9109602698519085
1431,1431,285.1345513,285.134409,285.1343619,1.571428571,0.428571429,C14 H22 O6,14.0,22.0,6.0,0.0,0.0,0.0,0.0,0.0,0.0,lipid,0.5801629485111165
1432,1432,285.0980836,285.0979413,285.0979764,1.384615385,0.538461538,C13 H18 O7,13.0,18.0,7.0,0.0,0.0,0.0,0.0,0.0,0.0,lignin,0.853990153824107
1433,1433,285.0616576,285.0615154,285.0615909,1.166666667,0.666666667,C12 H14 O8,12.0,14.0,8.0,0.0,0.0,0.0,0.0,0.0,0.0,lignin,0.8716059672005706
1434,1434,285.0406812,285.040539,285.0404615,0.666666667,0.4,C15 H10 O6,15.0,10.0,6.0,0.0,0.0,0.0,0.0,0.0,0.0,tannin,0.6708963608779575
1435,1435,285.02529,285.0251478,285.0252054,0.909090909,0.818181818,C11 H10 O9,11.0,10.0,9.0,0.0,0.0,0.0,0.0,0.0,0.0,tannin,0.9057688274822404
1436,1436,284.2677457,284.2676043,284.2676087,2.117647059,0.117647059,C17 H36 O2 13C1,18.0,36.0,2.0,0.0,0.0,1.0,0.0,0.0,0.0,lipid,0.9009765103726359
1437,1437,284.1221852,284.1220439,284.1220667,1.538461538,0.461538462,C13 H20 O6 13C1,14.0,20.0,6.0,0.0,0.0,1.0,0.0,0.0,0.0,lignin,0.842617617005337
1438,1438,283.2644512,283.2643109,283.2642539,2.0,0.111111111,C18 H36 O2,18.0,36.0,2.0,0.0,0.0,0.0,0.0,0.0,0.0,lipid,0.8772183810602238
1439,1439,283.2280837,283.2279434,283.2278684,1.882352941,0.176470588,C17 H32 O3,17.0,32.0,3.0,0.0,0.0,0.0,0.0,0.0,0.0,lipid,0.9098172907577601
1440,1440,283.1552039,283.1550637,283.1550973,1.6,0.333333333,C15 H24 O5,15.0,24.0,5.0,0.0,0.0,0.0,0.0,0.0,0.0,lipid,0.8908387253181619
1441,1441,283.1375573,283.1374171,283.1373393,1.6,0.2,C15 H24 O3 S1,15.0,24.0,3.0,1.0,0.0,0.0,0.0,0.0,0.0,lipid,0.9029389024265715
1442,1442,283.118785,283.1186448,283.1187118,1.428571429,0.428571429,C14 H20 O6,14.0,20.0,6.0,0.0,0.0,0.0,0.0,0.0,0.0,lignin,0.8531021251883066
1443,1443,283.0823838,283.0822437,283.0823263,1.230769231,0.538461538,C13 H16 O7,13.0,16.0,7.0,0.0,0.0,0.0,0.0,0.0,0.0,lignin,0.859936152059013
1444,1444,283.0460389,283.0458988,283.0459408,1.0,0.666666667,C12 H12 O8,12.0,12.0,8.0,0.0,0.0,0.0,0.0,0.0,0.0,lignin,0.9366264785975282
1445,1445,282.1430046,282.1428654,282.1428021,1.571428571,0.357142857,C14 H22 O5 13C1,15.0,22.0,5.0,0.0,0.0,1.0,0.0,0.0,0.0,lipid,0.8916654049594701
1446,1446,282.1066329,282.1064938,282.1064166,1.384615385,0.461538462,C13 H18 O6 13C1,14.0,18.0,6.0,0.0,0.0,1.0,0.0,0.0,0.0,lignin,0.855647337218836
1447,1447,281.2487903,281.2486521,281.2486038,1.888888889,0.111111111,C18 H34 O2,18.0,34.0,2.0,0.0,0.0,0.0,0.0,0.0,0.0,lipid,0.9125050251243889
1448,1448,281.1758883,281.1757502,281.1758328,1.625,0.25,C16 H26 O4,16.0,26.0,4.0,0.0,0.0,0.0,0.0,0.0,0.0,lipid,0.8940245517574699
1449,1449,281.1395187,281.1393806,281.1394473,1.466666667,0.333333333,C15 H22 O5,15.0,22.0,5.0,0.0,0.0,0.0,0.0,0.0,0.0,lignin,0.7213482622243065
1450,1450,281.1065653,281.1064272,281.1064331,2.0,0.545454545,C11 H22 O6 S1,11.0,22.0,6.0,1.0,0.0,0.0,0.0,0.0,0.0,carbohydrate,0.6761691794752778
1451,1451,281.1031516,281.1030135,281.1030618,1.285714286,0.428571429,C14 H18 O6,14.0,18.0,6.0,0.0,0.0,0.0,0.0,0.0,0.0,lignin,0.8583204993812021
1452,1452,281.0668349,281.0666969,281.0666763,1.076923077,0.538461538,C13 H14 O7,13.0,14.0,7.0,0.0,0.0,0.0,0.0,0.0,0.0,lignin,0.9385269548055357
1453,1453,281.0304837,281.0303458,281.0302907,0.833333333,0.666666667,C12 H10 O8,12.0,10.0,8.0,0.0,0.0,0.0,0.0,0.0,0.0,tannin,0.9108975923352037
1454,1454,280.1272184,280.1270814,280.127152,1.428571429,0.357142857,C14 H20 O5 13C1,15.0,20.0,5.0,0.0,0.0,1.0,0.0,0.0,0.0,lignin,0.8528711625420383
1455,1455,279.2330066,279.2328705,279.2329537,1.777777778,0.111111111,C18 H32 O2,18.0,32.0,2.0,0.0,0.0,0.0,0.0,0.0,0.0,lipid,0.9186339738140527
1456,1456,279.1602505,279.1601145,279.1601827,1.5,0.25,C16 H24 O4,16.0,24.0,4.0,0.0,0.0,0.0,0.0,0.0,0.0,lipid,0.9057386725738421
1457,1457,279.1238985,279.1237626,279.1237972,1.333333333,0.333333333,C15 H20 O5,15.0,20.0,5.0,0.0,0.0,0.0,0.0,0.0,0.0,lignin,0.8551654389159757
1458,1458,279.0875685,279.0874326,279.0874117,1.142857143,0.428571429,C14 H16 O6,14.0,16.0,6.0,0.0,0.0,0.0,0.0,0.0,0.0,lignin,0.86536062181472
1459,1459,279.0512352,279.0510993,279.0510262,0.923076923,0.538461538,C13 H12 O7,13.0,12.0,7.0,0.0,0.0,0.0,0.0,0.0,0.0,tannin,0.9034052875631626
1460,1460,279.0148537,279.0147178,279.0146407,0.666666667,0.666666667,C12 H8 O8,12.0,8.0,8.0,0.0,0.0,0.0,0.0,0.0,0.0,tannin,0.9078663733977107
1461,1461,277.1446349,277.144501,277.1445327,1.375,0.25,C16 H22 O4,16.0,22.0,4.0,0.0,0.0,0.0,0.0,0.0,0.0,lignin,0.8532178669268617
1462,1462,277.1083018,277.108168,277.1081471,1.2,0.333333333,C15 H18 O5,15.0,18.0,5.0,0.0,0.0,0.0,0.0,0.0,0.0,lignin,0.8624573785737117
1463,1463,277.0719546,277.0718208,277.0717616,1.0,0.428571429,C14 H14 O6,14.0,14.0,6.0,0.0,0.0,0.0,0.0,0.0,0.0,lignin,0.9382571288507146
1464,1464,277.0355748,277.035441,277.0353761,0.769230769,0.538461538,C13 H10 O7,13.0,10.0,7.0,0.0,0.0,0.0,0.0,0.0,0.0,tannin,0.9124760919264538
1465,1465,275.1687646,275.1686327,275.1686394,2.0,0.214285714,C14 H28 O3 S1,14.0,28.0,3.0,1.0,0.0,0.0,0.0,0.0,0.0,lipid,0.901048425856256
1466,1466,275.1289646,275.1288328,275.1288826,1.25,0.25,C16 H20 O4,16.0,20.0,4.0,0.0,0.0,0.0,0.0,0.0,0.0,lignin,0.8584587861005847
1467,1467,275.0926101,275.0924784,275.0924971,1.066666667,0.333333333,C15 H16 O5,15.0,16.0,5.0,0.0,0.0,0.0,0.0,0.0,0.0,lignin,0.9419074772657214
1468,1468,275.0773289,275.0771971,275.0772409,1.454545455,0.727272727,C11 H16 O8,11.0,16.0,8.0,0.0,0.0,0.0,0.0,0.0,0.0,lignin,0.5835168645866556
1469,1469,275.056272,275.0561403,275.0561116,0.857142857,0.428571429,C14 H12 O6,14.0,12.0,6.0,0.0,0.0,0.0,0.0,0.0,0.0,tannin,0.9101374825790263
1470,1470,275.0409211,275.0407894,275.0408554,1.2,0.9,C10 H12 O9,10.0,12.0,9.0,0.0,0.0,0.0,0.0,0.0,0.0,lignin,0.5858895896843809
1471,1471,273.2073241,273.2071943,273.2071329,2.0,0.266666667,C15 H30 O4,15.0,30.0,4.0,0.0,0.0,0.0,0.0,0.0,0.0,lipid,0.8946886355739408
1472,1472,273.1345504,273.1344207,273.1343619,1.692307692,0.461538462,C13 H22 O6,13.0,22.0,6.0,0.0,0.0,0.0,0.0,0.0,0.0,lipid,0.9104781452149295
1473,1473,273.0981517,273.098022,273.0979764,1.5,0.583333333,C12 H18 O7,12.0,18.0,7.0,0.0,0.0,0.0,0.0,0.0,0.0,lignin,0.8961767060147693
1474,1474,273.0768983,273.0767686,273.076847,0.933333333,0.333333333,C15 H14 O5,15.0,14.0,5.0,0.0,0.0,0.0,0.0,0.0,0.0,tannin,0.9076881399548344
1475,1475,273.0617794,273.0616497,273.0615909,1.272727273,0.727272727,C11 H14 O8,11.0,14.0,8.0,0.0,0.0,0.0,0.0,0.0,0.0,lignin,0.5997762449136061
1476,1476,273.0404948,273.0403652,273.0404615,0.714285714,0.428571429,C14 H10 O6,14.0,10.0,6.0,0.0,0.0,0.0,0.0,0.0,0.0,tannin,0.8777318422507452
1477,1477,271.2279655,271.2278378,271.2278684,2.0,0.1875,C16 H32 O3,16.0,32.0,3.0,0.0,0.0,0.0,0.0,0.0,0.0,lipid,0.8756525087525968
1478,1478,271.1552093,271.1550817,271.1550973,1.714285714,0.357142857,C14 H24 O5,14.0,24.0,5.0,0.0,0.0,0.0,0.0,0.0,0.0,lipid,0.9110109440261974
1479,1479,271.1188103,271.1186827,271.1187118,1.538461538,0.461538462,C13 H20 O6,13.0,20.0,6.0,0.0,0.0,0.0,0.0,0.0,0.0,lignin,0.842617617005337
1480,1480,271.0824231,271.0822955,271.0823263,1.333333333,0.583333333,C12 H16 O7,12.0,16.0,7.0,0.0,0.0,0.0,0.0,0.0,0.0,lignin,0.8666134186730344
1481,1481,271.0613669,271.0612394,271.061197,0.8,0.333333333,C15 H12 O5,15.0,12.0,5.0,0.0,0.0,0.0,0.0,0.0,0.0,tannin,0.880376890853686
1482,1482,271.0460637,271.0459362,271.0459408,1.090909091,0.727272727,C11 H12 O8,11.0,12.0,8.0,0.0,0.0,0.0,0.0,0.0,0.0,lignin,0.8966045338519388
1483,1483,270.1066103,270.1064838,270.1064166,1.5,0.5,C12 H18 O6 13C1,13.0,18.0,6.0,0.0,0.0,1.0,0.0,0.0,0.0,lignin,0.8433573749661694
1484,1484,269.2487574,269.2486318,269.2486038,2.0,0.117647059,C17 H34 O2,17.0,34.0,2.0,0.0,0.0,0.0,0.0,0.0,0.0,lipid,0.8770186717438824
1485,1485,269.2123724,269.2122468,269.2122183,1.875,0.1875,C16 H30 O3,16.0,30.0,3.0,0.0,0.0,0.0,0.0,0.0,0.0,lipid,0.9097199513149974
1486,1486,269.1759886,269.175863,269.1758328,1.733333333,0.266666667,C15 H26 O4,15.0,26.0,4.0,0.0,0.0,0.0,0.0,0.0,0.0,lipid,0.9112201777035118
1487,1487,269.1396245,269.1394989,269.1394473,1.571428571,0.357142857,C14 H22 O5,14.0,22.0,5.0,0.0,0.0,0.0,0.0,0.0,0.0,lipid,0.8916654049594701
1488,1488,269.1032407,269.1031152,269.1030618,1.384615385,0.461538462,C13 H18 O6,13.0,18.0,6.0,0.0,0.0,0.0,0.0,0.0,0.0,lignin,0.855647337218836
1489,1489,269.0668513,269.0667258,269.0666763,1.166666667,0.583333333,C12 H14 O7,12.0,14.0,7.0,0.0,0.0,0.0,0.0,0.0,0.0,lignin,0.862636641200339
1490,1490,269.0304805,269.0303551,269.0302907,0.909090909,0.727272727,C11 H10 O8,11.0,10.0,8.0,0.0,0.0,0.0,0.0,0.0,0.0,tannin,0.90501689352093
1491,1491,268.127289,268.1271645,268.127152,1.538461538,0.384615385,C13 H20 O5 13C1,14.0,20.0,5.0,0.0,0.0,1.0,0.0,0.0,0.0,lipid,0.584844338568189
1492,1492,267.2330054,267.2328819,267.2329537,1.882352941,0.117647059,C17 H32 O2,17.0,32.0,2.0,0.0,0.0,0.0,0.0,0.0,0.0,lipid,0.9123647585395194
1493,1493,267.1966412,267.1965177,267.1965682,1.75,0.1875,C16 H28 O3,16.0,28.0,3.0,0.0,0.0,0.0,0.0,0.0,0.0,lipid,0.8915779411434499
1494,1494,267.1602736,267.1601502,267.1601827,1.6,0.266666667,C15 H24 O4,15.0,24.0,4.0,0.0,0.0,0.0,0.0,0.0,0.0,lipid,0.9027227663705488
1495,1495,267.1438711,267.1437477,267.1436998,2.166666667,0.333333333,C12 H26 O4 34S1,12.0,26.0,4.0,0.0,0.0,0.0,1.0,0.0,0.0,lipid,0.8805648379227418
1496,1496,267.1238657,267.1237422,267.1237972,1.428571429,0.357142857,C14 H20 O5,14.0,20.0,5.0,0.0,0.0,0.0,0.0,0.0,0.0,lignin,0.8528711625420383
1497,1497,267.0875172,267.0873938,267.0874117,1.230769231,0.461538462,C13 H16 O6,13.0,16.0,6.0,0.0,0.0,0.0,0.0,0.0,0.0,lignin,0.8602850793115742
1498,1498,267.0511511,267.0510277,267.0510262,1.0,0.583333333,C12 H12 O7,12.0,12.0,7.0,0.0,0.0,0.0,0.0,0.0,0.0,lignin,0.937330866738933
1499,1499,267.0147907,267.0146674,267.0146407,0.727272727,0.727272727,C11 H8 O8,11.0,8.0,8.0,0.0,0.0,0.0,0.0,0.0,0.0,tannin,0.9145279376246502
1500,1500,266.1513044,266.1511819,266.1512588,2.363636364,0.363636364,C11 H26 O4 S1 13C1,12.0,26.0,4.0,1.0,0.0,1.0,0.0,0.0,0.0,lipid,0.8792198076215062
1501,1501,265.1479605,265.1478391,265.147904,2.166666667,0.333333333,C12 H26 O4 S1,12.0,26.0,4.0,1.0,0.0,0.0,0.0,0.0,0.0,lipid,0.8805648379227418
1502,1502,265.1446393,265.1445179,265.1445327,1.466666667,0.266666667,C15 H22 O4,15.0,22.0,4.0,0.0,0.0,0.0,0.0,0.0,0.0,lipid,0.9059406179454281
1503,1503,265.1083136,265.1081923,265.1081471,1.285714286,0.357142857,C14 H18 O5,14.0,18.0,5.0,0.0,0.0,0.0,0.0,0.0,0.0,lignin,0.8580977010353766
1504,1504,265.0719269,265.0718055,265.0717616,1.076923077,0.461538462,C13 H14 O6,13.0,14.0,6.0,0.0,0.0,0.0,0.0,0.0,0.0,lignin,0.9397362113069458
1505,1505,265.0355655,265.0354442,265.0353761,0.833333333,0.583333333,C12 H10 O7,12.0,10.0,7.0,0.0,0.0,0.0,0.0,0.0,0.0,tannin,0.9106318490754551
1506,1506,263.1290425,263.1289232,263.1288826,1.333333333,0.266666667,C15 H20 O4,15.0,20.0,4.0,0.0,0.0,0.0,0.0,0.0,0.0,lignin,0.8544825854241301
1507,1507,263.0925966,263.0924773,263.0924971,1.142857143,0.357142857,C14 H16 O5,14.0,16.0,5.0,0.0,0.0,0.0,0.0,0.0,0.0,lignin,0.8655984776823569
1508,1508,263.0561879,263.0560686,263.0561116,0.923076923,0.461538462,C13 H12 O6,13.0,12.0,6.0,0.0,0.0,0.0,0.0,0.0,0.0,tannin,0.9029601947648869
1509,1509,263.0197823,263.0196631,263.0197261,0.666666667,0.583333333,C12 H8 O7,12.0,8.0,7.0,0.0,0.0,0.0,0.0,0.0,0.0,tannin,0.8880670230669914
1510,1510,261.1134196,261.1133023,261.1132325,1.2,0.266666667,C15 H18 O4,15.0,18.0,4.0,0.0,0.0,0.0,0.0,0.0,0.0,lignin,0.8621966287469928
1511,1511,261.07702,261.0769028,261.076847,1.0,0.357142857,C14 H14 O5,14.0,14.0,5.0,0.0,0.0,0.0,0.0,0.0,0.0,lignin,0.9389574379667742
1512,1512,261.0616507,261.0615335,261.0615909,1.4,0.8,C10 H14 O8,10.0,14.0,8.0,0.0,0.0,0.0,0.0,0.0,0.0,lignin,0.5058092206255662
1513,1513,261.0405973,261.0404802,261.0404615,0.769230769,0.461538462,C13 H10 O6,13.0,10.0,6.0,0.0,0.0,0.0,0.0,0.0,0.0,tannin,0.9018489457523857
1514,1514,259.1187743,259.1186591,259.1187118,1.666666667,0.5,C12 H20 O6,12.0,20.0,6.0,0.0,0.0,0.0,0.0,0.0,0.0,lipid,0.8227734348494588
1515,1515,259.0824356,259.0823205,259.0823263,1.454545455,0.636363636,C11 H16 O7,11.0,16.0,7.0,0.0,0.0,0.0,0.0,0.0,0.0,lignin,0.6885567985583754
1516,1516,259.0612623,259.0611472,259.061197,0.857142857,0.357142857,C14 H12 O5,14.0,12.0,5.0,0.0,0.0,0.0,0.0,0.0,0.0,tannin,0.9097119228282846
1517,1517,259.046102,259.0459869,259.0459408,1.2,0.8,C10 H12 O8,10.0,12.0,8.0,0.0,0.0,0.0,0.0,0.0,0.0,lignin,0.5385829862356663
1518,1518,257.2398474,257.2397342,257.2396634,2.285714286,0.142857143,C14 H32 O2 13C2,16.0,32.0,2.0,0.0,0.0,2.0,0.0,0.0,0.0,lipid,0.8908929329642236
1519,1519,257.1396015,257.1394884,257.1394473,1.692307692,0.384615385,C13 H22 O5,13.0,22.0,5.0,0.0,0.0,0.0,0.0,0.0,0.0,lipid,0.9111314324360794
1520,1520,257.1031582,257.1030452,257.1030618,1.5,0.5,C12 H18 O6,12.0,18.0,6.0,0.0,0.0,0.0,0.0,0.0,0.0,lignin,0.8433573749661694
1521,1521,257.0667218,257.0666087,257.0666763,1.272727273,0.636363636,C11 H14 O7,11.0,14.0,7.0,0.0,0.0,0.0,0.0,0.0,0.0,lignin,0.8678471925501243
1522,1522,257.0303537,257.0302407,257.0302907,1.0,0.8,C10 H10 O8,10.0,10.0,8.0,0.0,0.0,0.0,0.0,0.0,0.0,lignin,0.9356643772971147
1523,1523,256.236457,256.2363448,256.2363086,2.133333333,0.133333333,C15 H32 O2 13C1,16.0,32.0,2.0,0.0,0.0,1.0,0.0,0.0,0.0,lipid,0.8933700162800532
1524,1524,255.2330578,255.2329466,255.2329537,2.0,0.125,C16 H32 O2,16.0,32.0,2.0,0.0,0.0,0.0,0.0,0.0,0.0,lipid,0.8768155094915852
1525,1525,255.1603434,255.1602323,255.1601827,1.714285714,0.285714286,C14 H24 O4,14.0,24.0,4.0,0.0,0.0,0.0,0.0,0.0,0.0,lipid,0.8864639381004131
1526,1526,255.1238824,255.1237713,255.1237972,1.538461538,0.384615385,C13 H20 O5,13.0,20.0,5.0,0.0,0.0,0.0,0.0,0.0,0.0,lipid,0.584844338568189
1527,1527,255.0874531,255.0873421,255.0874117,1.333333333,0.5,C12 H16 O6,12.0,16.0,6.0,0.0,0.0,0.0,0.0,0.0,0.0,lignin,0.8569490914445916
1528,1528,255.0511246,255.0510136,255.0510262,1.090909091,0.636363636,C11 H12 O7,11.0,12.0,7.0,0.0,0.0,0.0,0.0,0.0,0.0,lignin,0.8972249760763764
1529,1529,253.2173599,253.2172508,253.2173037,1.875,0.125,C16 H30 O2,16.0,30.0,2.0,0.0,0.0,0.0,0.0,0.0,0.0,lipid,0.9122224231074885
1530,1530,253.1446954,253.1445864,253.1445327,1.571428571,0.285714286,C14 H22 O4,14.0,22.0,4.0,0.0,0.0,0.0,0.0,0.0,0.0,lipid,0.9029094788950232
1531,1531,253.1083094,253.1082004,253.1081471,1.384615385,0.384615385,C13 H18 O5,13.0,18.0,5.0,0.0,0.0,0.0,0.0,0.0,0.0,lignin,0.8542577857751402
1532,1532,253.0718688,253.0717599,253.0717616,1.166666667,0.5,C12 H14 O6,12.0,14.0,6.0,0.0,0.0,0.0,0.0,0.0,0.0,lignin,0.8635178765675349
1533,1533,253.0354274,253.0353185,253.0353761,0.909090909,0.636363636,C11 H10 O7,11.0,10.0,7.0,0.0,0.0,0.0,0.0,0.0,0.0,tannin,0.9042049560335108
1534,1534,251.1654324,251.1653254,251.1652681,1.6,0.2,C15 H24 O3,15.0,24.0,3.0,0.0,0.0,0.0,0.0,0.0,0.0,lipid,0.9029389024265715
1535,1535,251.1290346,251.1289276,251.1288826,1.428571429,0.285714286,C14 H20 O4,14.0,20.0,4.0,0.0,0.0,0.0,0.0,0.0,0.0,lignin,0.7216403689590601
1536,1536,251.0925527,251.0924457,251.0924971,1.230769231,0.384615385,C13 H16 O5,13.0,16.0,5.0,0.0,0.0,0.0,0.0,0.0,0.0,lignin,0.8603309231585019
1537,1537,251.0561993,251.0560925,251.0561116,1.0,0.5,C12 H12 O6,12.0,12.0,6.0,0.0,0.0,0.0,0.0,0.0,0.0,lignin,0.9381105716616908
1538,1538,251.0198864,251.0197796,251.0197261,0.727272727,0.636363636,C11 H8 O7,11.0,8.0,7.0,0.0,0.0,0.0,0.0,0.0,0.0,tannin,0.9138058623042212
1539,1539,249.1531226,249.1530176,249.1529893,2.166666667,0.25,C12 H26 O3 S1,12.0,26.0,3.0,1.0,0.0,0.0,0.0,0.0,0.0,lipid,0.8917988502963974
1540,1540,249.1497736,249.1496687,249.149618,1.466666667,0.2,C15 H22 O3,15.0,22.0,3.0,0.0,0.0,0.0,0.0,0.0,0.0,lipid,0.9061868233706191
1541,1541,249.1167649,249.11666,249.1166038,2.0,0.363636364,C11 H22 O4 S1,11.0,22.0,4.0,1.0,0.0,0.0,0.0,0.0,0.0,lipid,0.882556990721336
1542,1542,249.1133718,249.1132669,249.1132325,1.285714286,0.285714286,C14 H18 O4,14.0,18.0,4.0,0.0,0.0,0.0,0.0,0.0,0.0,lignin,0.8562150277618212
1543,1543,249.0768946,249.0767898,249.076847,1.076923077,0.384615385,C13 H14 O5,13.0,14.0,5.0,0.0,0.0,0.0,0.0,0.0,0.0,lignin,0.9412146922616046
1544,1544,249.0405754,249.0404706,249.0404615,0.833333333,0.5,C12 H10 O6,12.0,10.0,6.0,0.0,0.0,0.0,0.0,0.0,0.0,tannin,0.9108462186971457
1545,1545,247.097744,247.0976411,247.0975825,1.142857143,0.285714286,C14 H16 O4,14.0,16.0,4.0,0.0,0.0,0.0,0.0,0.0,0.0,lignin,0.8655404216728684
1546,1546,247.0613147,247.0612119,247.061197,0.923076923,0.384615385,C13 H12 O5,13.0,12.0,5.0,0.0,0.0,0.0,0.0,0.0,0.0,tannin,0.9080979204529367
1547,1547,247.0248561,247.0247534,247.0248114,0.666666667,0.5,C12 H8 O6,12.0,8.0,6.0,0.0,0.0,0.0,0.0,0.0,0.0,tannin,0.87814781580687
1548,1548,245.103136,245.1030351,245.1030618,1.636363636,0.545454545,C11 H18 O6,11.0,18.0,6.0,0.0,0.0,0.0,0.0,0.0,0.0,carbohydrate,0.5842593934155198
1549,1549,245.0668385,245.0667377,245.0666763,1.4,0.7,C10 H14 O7,10.0,14.0,7.0,0.0,0.0,0.0,0.0,0.0,0.0,lignin,0.5868177632215665
1550,1550,245.0456693,245.0455686,245.0455469,0.769230769,0.384615385,C13 H10 O5,13.0,10.0,5.0,0.0,0.0,0.0,0.0,0.0,0.0,tannin,0.8815022636194273
1551,1551,244.0980738,244.097974,244.0979168,1.071428571,0.214285714,C14 H15 O3 N1,14.0,15.0,3.0,0.0,1.0,0.0,0.0,0.0,0.0714285714285714,lignin,0.9536446860384172
1552,1552,243.1966945,243.1965956,243.1965682,2.0,0.214285714,C14 H28 O3,14.0,28.0,3.0,0.0,0.0,0.0,0.0,0.0,0.0,lipid,0.901048425856256
1553,1553,243.1238455,243.1237467,243.1237972,1.666666667,0.416666667,C12 H20 O5,12.0,20.0,5.0,0.0,0.0,0.0,0.0,0.0,0.0,lipid,0.9114112754316384
1554,1554,243.0875712,243.0874724,243.0874117,1.454545455,0.545454545,C11 H16 O6,11.0,16.0,6.0,0.0,0.0,0.0,0.0,0.0,0.0,lignin,0.8771773387749441
1555,1555,243.0511078,243.051009,243.0510262,1.2,0.7,C10 H12 O7,10.0,12.0,7.0,0.0,0.0,0.0,0.0,0.0,0.0,lignin,0.8701115474426049
1556,1556,242.176222,242.1761241,242.1761671,1.923076923,0.230769231,C13 H25 O3 N1,13.0,25.0,3.0,0.0,1.0,0.0,0.0,0.0,0.0769230769230769,lipid,0.8390773260116762
1557,1557,241.2173523,241.2172554,241.2173037,2.0,0.133333333,C15 H30 O2,15.0,30.0,2.0,0.0,0.0,0.0,0.0,0.0,0.0,lipid,0.8766085881461982
1558,1558,241.1446018,241.144505,241.1445327,1.692307692,0.307692308,C13 H22 O4,13.0,22.0,4.0,0.0,0.0,0.0,0.0,0.0,0.0,lipid,0.8865107848622837
1559,1559,241.1082397,241.1081429,241.1081471,1.5,0.416666667,C12 H18 O5,12.0,18.0,5.0,0.0,0.0,0.0,0.0,0.0,0.0,lignin,0.8461609361572195
1560,1560,241.0719056,241.0718088,241.0717616,1.272727273,0.545454545,C11 H14 O6,11.0,14.0,6.0,0.0,0.0,0.0,0.0,0.0,0.0,lignin,0.8585615403772945
1561,1561,241.0354172,241.0353205,241.0353761,1.0,0.7,C10 H10 O7,10.0,10.0,7.0,0.0,0.0,0.0,0.0,0.0,0.0,lignin,0.9363989568870723
1562,1562,240.0708104,240.0707147,240.0706998,1.333333333,0.555555556,C9 H12 O5 N2 13C1,10.0,12.0,5.0,0.0,2.0,1.0,0.0,0.0,0.2,peptide,0.6195654344179312
1563,1563,239.1289291,239.1288343,239.1288826,1.538461538,0.307692308,C13 H20 O4,13.0,20.0,4.0,0.0,0.0,0.0,0.0,0.0,0.0,lipid,0.9051444360177483
1564,1564,239.0926385,239.0925437,239.0924971,1.333333333,0.416666667,C12 H16 O5,12.0,16.0,5.0,0.0,0.0,0.0,0.0,0.0,0.0,lignin,0.8558634344216982
1565,1565,239.0674984,239.0674036,239.067345,1.2,0.5,C10 H12 O5 N2,10.0,12.0,5.0,0.0,2.0,0.0,0.0,0.0,0.2,peptide,0.7846793775772192
1566,1566,239.0561784,239.0560837,239.0561116,1.090909091,0.545454545,C11 H12 O6,11.0,12.0,6.0,0.0,0.0,0.0,0.0,0.0,0.0,lignin,0.9361269209800998
1567,1567,239.0198434,239.0197487,239.0197261,0.8,0.7,C10 H8 O7,10.0,8.0,7.0,0.0,0.0,0.0,0.0,0.0,0.0,tannin,0.9119703949043423
1568,1568,237.149763,237.1496702,237.149618,1.571428571,0.214285714,C14 H22 O3,14.0,22.0,3.0,0.0,0.0,0.0,0.0,0.0,0.0,lipid,0.90495771018232
1569,1569,237.1132802,237.1131874,237.1132325,1.384615385,0.307692308,C13 H18 O4,13.0,18.0,4.0,0.0,0.0,0.0,0.0,0.0,0.0,lignin,0.8534481397421324
1570,1570,237.0769994,237.0769066,237.076847,1.166666667,0.416666667,C12 H14 O5,12.0,14.0,5.0,0.0,0.0,0.0,0.0,0.0,0.0,lignin,0.8640829332157646
1571,1571,237.0405051,237.0404124,237.0404615,0.909090909,0.545454545,C11 H10 O6,11.0,10.0,6.0,0.0,0.0,0.0,0.0,0.0,0.0,tannin,0.9039067005377687
1572,1572,235.1704527,235.1703619,235.1703535,1.6,0.133333333,C15 H24 O2,15.0,24.0,2.0,0.0,0.0,0.0,0.0,0.0,0.0,lipid,0.9049246581668637
1573,1573,235.1374759,235.1373851,235.1373393,2.181818182,0.272727273,C11 H24 O3 S1,11.0,24.0,3.0,1.0,0.0,0.0,0.0,0.0,0.0,lipid,0.8935673344529734
1574,1574,235.1340626,235.1339718,235.133968,1.428571429,0.214285714,C14 H20 O3,14.0,20.0,3.0,0.0,0.0,0.0,0.0,0.0,0.0,lipid,0.9064590724537369
1575,1575,235.1010154,235.1009246,235.1009538,2.0,0.4,C10 H20 O4 S1,10.0,20.0,4.0,1.0,0.0,0.0,0.0,0.0,0.0,lipid,0.8816610572682526
1576,1576,235.0977087,235.097618,235.0975825,1.230769231,0.307692308,C13 H16 O4,13.0,16.0,4.0,0.0,0.0,0.0,0.0,0.0,0.0,lignin,0.8598610011472492
1577,1577,235.061282,235.0611913,235.061197,1.0,0.416666667,C12 H12 O5,12.0,12.0,5.0,0.0,0.0,0.0,0.0,0.0,0.0,lignin,0.9383729783247526
1578,1578,235.0249423,235.0248516,235.0248114,0.727272727,0.545454545,C11 H8 O6,11.0,8.0,6.0,0.0,0.0,0.0,0.0,0.0,0.0,tannin,0.9046069383825799
1579,1579,233.1183635,233.1182748,233.1183179,1.285714286,0.214285714,C14 H18 O3,14.0,18.0,3.0,0.0,0.0,0.0,0.0,0.0,0.0,lignin,0.8555412359121467
1580,1580,233.0820486,233.0819599,233.0819324,1.076923077,0.307692308,C13 H14 O4,13.0,14.0,4.0,0.0,0.0,0.0,0.0,0.0,0.0,lignin,0.9430836454252531
1581,1581,233.0456512,233.0455625,233.0455469,0.833333333,0.416666667,C12 H10 O5,12.0,10.0,5.0,0.0,0.0,0.0,0.0,0.0,0.0,tannin,0.9106132019608403
1582,1582,229.1810551,229.1809703,229.1809182,2.0,0.230769231,C13 H26 O3,13.0,26.0,3.0,0.0,0.0,0.0,0.0,0.0,0.0,lipid,0.9008557440674559
1583,1583,229.1064411,229.1063563,229.106357,1.153846154,0.153846154,C13 H15 O2 N1 13C1,14.0,15.0,2.0,0.0,1.0,1.0,0.0,0.0,0.0714285714285714,lignin,0.9014380949528661
1584,1584,229.0718813,229.0717966,229.0717616,1.4,0.6,C10 H14 O6,10.0,14.0,6.0,0.0,0.0,0.0,0.0,0.0,0.0,lignin,0.8747391676887052
1585,1585,228.2051075,228.2050237,228.2050084,2.153846154,0.153846154,C13 H28 O2 13C1,14.0,28.0,2.0,0.0,0.0,1.0,0.0,0.0,0.0,lipid,0.8928959975338561
1586,1586,228.1031338,228.10305,228.1030022,1.071428571,0.142857143,C14 H15 O2 N1,14.0,15.0,2.0,0.0,1.0,0.0,0.0,0.0,0.0714285714285714,lignin,0.9573594224155911
1587,1587,227.2016963,227.2016134,227.2016536,2.0,0.142857143,C14 H28 O2,14.0,28.0,2.0,0.0,0.0,0.0,0.0,0.0,0.0,lipid,0.8763974878267637
1588,1588,227.1289974,227.1289146,227.1288826,1.666666667,0.333333333,C12 H20 O4,12.0,20.0,4.0,0.0,0.0,0.0,0.0,0.0,0.0,lipid,0.8866181809581267
1589,1589,227.0925397,227.0924569,227.0924971,1.454545455,0.454545455,C11 H16 O5,11.0,16.0,5.0,0.0,0.0,0.0,0.0,0.0,0.0,lignin,0.8525940152065388
1590,1590,227.0562255,227.0561428,227.0561116,1.2,0.6,C10 H12 O6,10.0,12.0,6.0,0.0,0.0,0.0,0.0,0.0,0.0,lignin,0.8605637013663646
1591,1591,226.0649878,226.064906,226.0649457,2.333333333,1.333333333,C6 H14 O8 13C1,7.0,14.0,8.0,0.0,0.0,1.0,0.0,0.0,0.0,carbohydrate,0.5447091650555639
1592,1592,225.1132771,225.1131963,225.1132325,1.5,0.333333333,C12 H18 O4,12.0,18.0,4.0,0.0,0.0,0.0,0.0,0.0,0.0,lipid,0.5974726827990636
1593,1593,225.1034697,225.1033889,225.1033365,1.0,0.071428571,C14 H14 O1 N2,14.0,14.0,1.0,0.0,2.0,0.0,0.0,0.0,0.1428571428571428,lignin,0.9110151833820531
1594,1594,225.0769395,225.0768587,225.076847,1.272727273,0.454545455,C11 H14 O5,11.0,14.0,5.0,0.0,0.0,0.0,0.0,0.0,0.0,lignin,0.8587978397358015
1595,1595,225.0617208,225.0616401,225.0615909,2.0,1.142857143,C7 H14 O8,7.0,14.0,8.0,0.0,0.0,0.0,0.0,0.0,0.0,carbohydrate,0.903181468447178
1596,1596,225.0405925,225.0405118,225.0404615,1.0,0.6,C10 H10 O6,10.0,10.0,6.0,0.0,0.0,0.0,0.0,0.0,0.0,lignin,0.937183515404201
1597,1597,223.0977019,223.097623,223.0975825,1.333333333,0.333333333,C12 H16 O4,12.0,16.0,4.0,0.0,0.0,0.0,0.0,0.0,0.0,lignin,0.8551654389159757
1598,1598,223.061251,223.0611722,223.061197,1.090909091,0.454545455,C11 H12 O5,11.0,12.0,5.0,0.0,0.0,0.0,0.0,0.0,0.0,lignin,0.9402671249234376
1599,1599,223.0248577,223.024779,223.0248114,0.8,0.6,C10 H8 O6,10.0,8.0,6.0,0.0,0.0,0.0,0.0,0.0,0.0,tannin,0.9118854893651083
1600,1600,221.154803,221.1547261,221.1547034,1.571428571,0.142857143,C14 H22 O2,14.0,22.0,2.0,0.0,0.0,0.0,0.0,0.0,0.0,lipid,0.9054497830266183
1601,1601,221.0820436,221.0819667,221.0819324,1.166666667,0.333333333,C12 H14 O4,12.0,14.0,4.0,0.0,0.0,0.0,0.0,0.0,0.0,lignin,0.864180428239405
1602,1602,221.0456125,221.0455357,221.0455469,0.909090909,0.454545455,C11 H10 O5,11.0,10.0,5.0,0.0,0.0,0.0,0.0,0.0,0.0,tannin,0.9085638001158918
1603,1603,219.0663279,219.066253,219.0662823,1.0,0.333333333,C12 H12 O4,12.0,12.0,4.0,0.0,0.0,0.0,0.0,0.0,0.0,lignin,0.9391886105421801
1604,1604,213.1860842,213.1860151,213.1860035,2.0,0.153846154,C13 H26 O2,13.0,26.0,2.0,0.0,0.0,0.0,0.0,0.0,0.0,lipid,0.876181598775134
1605,1605,213.0768989,213.0768299,213.076847,1.4,0.5,C10 H14 O5,10.0,14.0,5.0,0.0,0.0,0.0,0.0,0.0,0.0,lignin,0.8548859759710256
1606,1606,213.0017121,213.0016432,213.0015741,0.5,0.166666667,C12 H6 O2 S1,12.0,6.0,2.0,1.0,0.0,0.0,0.0,0.0,0.0,pah,0.9548381407088387
1607,1607,211.09769,211.097623,211.0975825,1.454545455,0.363636364,C11 H16 O4,11.0,16.0,4.0,0.0,0.0,0.0,0.0,0.0,0.0,lignin,0.8519513849120852
1608,1608,211.0612857,211.0612187,211.061197,1.2,0.5,C10 H12 O5,10.0,12.0,5.0,0.0,0.0,0.0,0.0,0.0,0.0,lignin,0.8613582912770827
1609,1609,210.1118113,210.1117453,210.1117768,1.076923077,0.0,C13 H14 N2 13C1,14.0,14.0,0.0,0.0,2.0,1.0,0.0,0.0,0.1428571428571428,lignin,0.6062253253649429
1610,1610,209.1084811,209.108416,209.1084219,1.0,0.0,C14 H14 N2,14.0,14.0,0.0,0.0,2.0,0.0,0.0,0.0,0.1428571428571428,pah,0.75850545767445
1611,1611,209.0455957,209.0455307,209.0455469,1.0,0.5,C10 H10 O5,10.0,10.0,5.0,0.0,0.0,0.0,0.0,0.0,0.0,lignin,0.9381105716616908
1612,1612,207.06639,207.0663269,207.0662823,1.090909091,0.363636364,C11 H12 O4,11.0,12.0,4.0,0.0,0.0,0.0,0.0,0.0,0.0,lignin,0.9423479407213312
1613,1613,205.1598857,205.1598244,205.1597888,1.571428571,0.071428571,C14 H22 O1,14.0,22.0,1.0,0.0,0.0,0.0,0.0,0.0,0.0,lipid,0.9055909889719477
1614,1614,201.1132681,201.1132108,201.1132325,1.8,0.4,C10 H18 O4,10.0,18.0,4.0,0.0,0.0,0.0,0.0,0.0,0.0,lipid,0.8979828009118617
1615,1615,199.1704225,199.170367,199.1703535,2.0,0.166666667,C12 H24 O2,12.0,24.0,2.0,0.0,0.0,0.0,0.0,0.0,0.0,lipid,0.8759599682420353
1616,1616,191.0197893,191.0197416,191.0197261,1.333333333,1.166666667,C6 H8 O7,6.0,8.0,7.0,0.0,0.0,0.0,0.0,0.0,0.0,carbohydrate,0.9009940751952363
1617,1617,187.1340263,187.1339823,187.133968,2.0,0.3,C10 H20 O3,10.0,20.0,3.0,0.0,0.0,0.0,0.0,0.0,0.0,lipid,0.8940261673562379
1618,1618,187.0976474,187.0976035,187.0975825,1.777777778,0.444444444,C9 H16 O4,9.0,16.0,4.0,0.0,0.0,0.0,0.0,0.0,0.0,lipid,0.8972618057092376
1619,1619,171.1391235,171.1390946,171.1390534,2.0,0.2,C10 H20 O2,10.0,20.0,2.0,0.0,0.0,0.0,0.0,0.0,0.0,lipid,0.9012274197235552
