,Unnamed: 0,m/z,Calibrated m/z,Calculated m/z,H/C,O/C,Molecular Formula,C,H,O,S,N,13C,34S,18O,N/C,compound_class,probability
0,0,659.5470613,659.5466575,659.5467429,2.0,0.210526316,C38 H76 O8,38,76,8,0,0,0,0,0,0.0,lipid,0.9508589927556181
1,1,655.4618477,655.4614478,655.4612992,1.837837838,0.189189189,C37 H68 O7 S1,37,68,7,1,0,0,0,0,0.0,lipid,0.8875819451894207
2,2,617.3580194,617.3576551,617.3576219,2.071428571,0.428571429,C28 H58 O12 S1,28,58,12,1,0,0,0,0,0.0,lipid,0.8953687762334411
3,3,614.5452308,614.5448691,614.5446184,2.055555556,0.166666667,C36 H74 O6 13C1,37,74,6,0,0,1,0,0,0.0,lipid,0.9500987740864376
4,4,613.541673,613.5413122,613.5412636,2.0,0.162162162,C37 H74 O6,37,74,6,0,0,0,0,0,0.0,lipid,0.9512158225655115
5,5,586.5136427,586.5133065,586.5133183,2.058823529,0.176470588,C34 H70 O6 13C1,35,70,6,0,0,1,0,0,0.0,lipid,0.950019315849206
6,6,585.5103733,585.510038,585.5099634,2.0,0.171428571,C35 H70 O6,35,70,6,0,0,0,0,0,0.0,lipid,0.9511427238928866
7,7,579.2449012,579.2445715,579.2447002,1.379310345,0.413793103,C29 H40 O12,29,40,12,0,0,0,0,0,0.0,lignin,0.8342704334627598
8,8,577.2658217,577.2654938,577.2654356,1.4,0.366666667,C30 H42 O11,30,42,11,0,0,0,0,0,0.0,lignin,0.8332965773998516
9,9,577.2292573,577.2289295,577.2290501,1.310344828,0.413793103,C29 H38 O12,29,38,12,0,0,0,0,0,0.0,lignin,0.8355076242943296
10,10,575.2502849,575.2499588,575.2497856,1.333333333,0.366666667,C30 H40 O11,30,40,11,0,0,0,0,0,0.0,lignin,0.834332419815118
11,11,573.3317032,573.3313788,573.3314072,2.076923077,0.423076923,C26 H54 O11 S1,26,54,11,1,0,0,0,0,0.0,lipid,0.8953885066489861
12,12,565.2658899,565.2655727,565.2654356,1.448275862,0.379310345,C29 H42 O11,29,42,11,0,0,0,0,0,0.0,lignin,0.832776753008449
13,13,565.2294483,565.2291311,565.2290501,1.357142857,0.428571429,C28 H38 O12,28,38,12,0,0,0,0,0,0.0,lignin,0.8348659923260369
14,14,563.2866611,563.2863456,563.2861711,1.466666667,0.333333333,C30 H44 O10,30,44,10,0,0,0,0,0,0.0,lipid,0.6150078427360112
15,15,563.2501017,563.2497862,563.2497856,1.379310345,0.379310345,C29 H40 O11,29,40,11,0,0,0,0,0,0.0,lignin,0.8337778163907712
16,16,563.2136328,563.2133174,563.2134001,1.285714286,0.428571429,C28 H36 O12,28,36,12,0,0,0,0,0,0.0,lignin,0.8363311057415543
17,17,561.2708197,561.270506,561.270521,1.4,0.333333333,C30 H42 O10,30,42,10,0,0,0,0,0,0.0,lignin,0.8328864499687902
18,18,561.2344064,561.2340927,561.2341355,1.310344828,0.379310345,C29 H38 O11,29,38,11,0,0,0,0,0,0.0,lignin,0.8349162611781814
19,19,561.1980149,561.1977013,561.19775,1.214285714,0.428571429,C28 H34 O12,28,34,12,0,0,0,0,0,0.0,lignin,0.83817337096499
20,20,559.2550594,559.2547475,559.254871,1.333333333,0.333333333,C30 H40 O10,30,40,10,0,0,0,0,0,0.0,lignin,0.8338729306890442
21,21,559.2186179,559.218306,559.2184854,1.24137931,0.379310345,C29 H36 O11,29,36,11,0,0,0,0,0,0.0,lignin,0.8363249218099302
22,22,557.3366398,557.3363296,557.3364926,2.076923077,0.384615385,C26 H54 O10 S1,26,54,10,1,0,0,0,0,0.0,lipid,0.8957098147773139
23,23,553.2654866,553.2651799,553.2654356,1.5,0.392857143,C28 H42 O11,28,42,11,0,0,0,0,0,0.0,lignin,0.6991294615549993
24,24,553.2654866,553.2651799,553.2649226,0.829268293,0.0,C41 H34 N2,41,34,0,0,2,0,0,0,0.048780488,pah,0.9292410519818086
25,25,553.2291879,553.2288813,553.2290501,1.407407407,0.444444444,C27 H38 O12,27,38,12,0,0,0,0,0,0.0,lignin,0.8342677878592821
26,26,551.2865991,551.2862942,551.2861711,1.517241379,0.344827586,C29 H44 O10,29,44,10,0,0,0,0,0,0.0,lipid,0.898684349755713
27,27,551.2501807,551.2498758,551.2497856,1.428571429,0.392857143,C28 H40 O11,28,40,11,0,0,0,0,0,0.0,lignin,0.8332192163785981
28,28,551.213767,551.2134621,551.2134001,1.333333333,0.444444444,C27 H36 O12,27,36,12,0,0,0,0,0,0.0,lignin,0.8356017707481657
29,29,549.2706637,549.2703605,549.270521,1.448275862,0.344827586,C29 H42 O10,29,42,10,0,0,0,0,0,0.0,lignin,0.705211141807773
30,30,549.2342355,549.2339324,549.2341355,1.357142857,0.392857143,C28 H38 O11,28,38,11,0,0,0,0,0,0.0,lignin,0.8343236188163402
31,31,549.1979678,549.1976647,549.19775,1.259259259,0.444444444,C27 H34 O12,27,34,12,0,0,0,0,0,0.0,lignin,0.8373134731105182
32,32,547.2917187,547.2914172,547.2912565,1.466666667,0.3,C30 H44 O9,30,44,9,0,0,0,0,0,0.0,lipid,0.8989858493746435
33,33,547.255256,547.2549545,547.254871,1.379310345,0.344827586,C29 H40 O10,29,40,10,0,0,0,0,0,0.0,lignin,0.8333216646159194
34,34,547.2188401,547.2185387,547.2184854,1.285714286,0.392857143,C28 H36 O11,28,36,11,0,0,0,0,0,0.0,lignin,0.8356336017273737
35,35,545.2757694,545.2754697,545.2756064,1.4,0.3,C30 H42 O9,30,42,9,0,0,0,0,0,0.0,lignin,0.8325094714093435
36,36,545.2395202,545.2392205,545.2392209,1.310344828,0.344827586,C29 H38 O10,29,38,10,0,0,0,0,0,0.0,lignin,0.834395262008595
37,37,545.2033053,545.2030057,545.2028354,1.214285714,0.392857143,C28 H34 O11,28,34,11,0,0,0,0,0,0.0,lignin,0.8372929811086784
38,38,543.2601225,543.2598246,543.2599563,1.333333333,0.3,C30 H40 O9,30,40,9,0,0,0,0,0,0.0,lignin,0.8334178432873607
39,39,543.2237771,543.2234791,543.2235708,1.24137931,0.344827586,C29 H36 O10,29,36,10,0,0,0,0,0,0.0,lignin,0.8356411310305184
40,40,541.2445261,541.2442299,541.2443063,1.266666667,0.3,C30 H38 O9,30,38,9,0,0,0,0,0,0.0,lignin,0.8347937448061853
41,41,539.5048509,539.5045562,539.5044841,2.0,0.117647059,C34 H68 O4,34,68,4,0,0,0,0,0,0.0,lipid,0.9117600548103457
42,42,539.2136741,539.2133796,539.2134001,1.384615385,0.461538462,C26 H36 O12,26,36,12,0,0,0,0,0,0.0,lignin,0.8349141630872529
43,43,537.2708956,537.2706028,537.270521,1.5,0.357142857,C28 H42 O10,28,42,10,0,0,0,0,0,0.0,lipid,0.8986903935320854
44,44,537.2344567,537.2341639,537.2341355,1.407407407,0.407407407,C27 H38 O11,27,38,11,0,0,0,0,0,0.0,lignin,0.833730994735894
45,45,537.1979057,537.1976131,537.19775,1.307692308,0.461538462,C26 H34 O12,26,34,12,0,0,0,0,0,0.0,lignin,0.8365121500959644
46,46,535.2917235,535.2914325,535.2912565,1.517241379,0.310344828,C29 H44 O9,29,44,9,0,0,0,0,0,0.0,lipid,0.8987964114470424
47,47,535.2552628,535.2549717,535.254871,1.428571429,0.357142857,C28 H40 O10,28,40,10,0,0,0,0,0,0.0,lignin,0.8327779978200078
48,48,535.2187397,535.2184488,535.2184854,1.333333333,0.407407407,C27 H36 O11,27,36,11,0,0,0,0,0,0.0,lignin,0.8349514147951366
49,49,535.1822115,535.1819206,535.1820999,1.230769231,0.461538462,C26 H32 O12,26,32,12,0,0,0,0,0,0.0,lignin,0.8385721013890916
50,50,533.2759003,533.2756109,533.2756064,1.448275862,0.310344828,C29 H42 O9,29,42,9,0,0,0,0,0,0.0,lipid,0.6151253914514141
51,51,533.2394348,533.2391455,533.2392209,1.357142857,0.357142857,C28 H38 O10,28,38,10,0,0,0,0,0,0.0,lignin,0.8338209409650839
52,52,533.2030277,533.2027385,533.2028354,1.259259259,0.407407407,C27 H34 O11,27,34,11,0,0,0,0,0,0.0,lignin,0.8364845290038974
53,53,531.2965287,531.2962411,531.2963418,1.466666667,0.266666667,C30 H44 O8,30,44,8,0,0,0,0,0,0.0,lipid,0.8991203180146377
54,54,531.2601205,531.2598329,531.2599563,1.379310345,0.310344828,C29 H40 O9,29,40,9,0,0,0,0,0,0.0,lignin,0.8329027569239222
55,55,531.223831,531.2235434,531.2235708,1.285714286,0.357142857,C28 H36 O10,28,36,10,0,0,0,0,0,0.0,lignin,0.8350151800891865
56,56,531.187585,531.1872975,531.1871853,1.185185185,0.407407407,C27 H32 O11,27,32,11,0,0,0,0,0,0.0,lignin,0.8384903554142026
57,57,530.3090473,530.3087606,530.3085473,2.173913043,0.434782609,C23 H50 O10 S1 13C1,24,50,10,1,0,1,0,0,0.0,lipid,0.8955130073549764
58,58,529.30535,529.3050641,529.3051924,2.083333333,0.416666667,C24 H50 O10 S1,24,50,10,1,0,0,0,0,0.0,lipid,0.8954115277261752
59,59,529.2809643,529.2806784,529.2806918,1.4,0.266666667,C30 H42 O8,30,42,8,0,0,0,0,0,0.0,lipid,0.6153336664102532
60,60,529.244709,529.2444231,529.2443063,1.310344828,0.310344828,C29 H38 O9,29,38,9,0,0,0,0,0,0.0,lignin,0.8339059387831975
61,61,529.2084607,529.2081749,529.2079208,1.214285714,0.357142857,C28 H34 O10,28,34,10,0,0,0,0,0,0.0,lignin,0.8364884786997809
62,62,527.2290146,527.2287305,527.2286562,1.24137931,0.310344828,C29 H36 O9,29,36,9,0,0,0,0,0,0.0,lignin,0.8354011031090478
63,63,523.2551608,523.25488,523.254871,1.481481481,0.37037037,C27 H40 O10,27,40,10,0,0,0,0,0,0.0,lignin,0.7051219756595777
64,64,523.2187142,523.2184335,523.2184854,1.384615385,0.423076923,C26 H36 O11,26,36,11,0,0,0,0,0,0.0,lignin,0.8343212460093214
65,65,523.1823462,523.1820655,523.1820999,1.28,0.48,C25 H32 O12,25,32,12,0,0,0,0,0,0.0,lignin,0.8376225206385058
66,66,521.2759095,521.2756304,521.2756064,1.5,0.321428571,C28 H42 O9,28,42,9,0,0,0,0,0,0.0,lipid,0.898808063766802
67,67,521.239628,521.239349,521.2392209,1.407407407,0.37037037,C27 H38 O10,27,38,10,0,0,0,0,0,0.0,lignin,0.8332362128344523
68,68,521.2032882,521.2030093,521.2028354,1.307692308,0.423076923,C26 H34 O11,26,34,11,0,0,0,0,0,0.0,lignin,0.8357351924986641
69,69,519.2965334,519.2962561,519.2963418,1.517241379,0.275862069,C29 H44 O8,29,44,8,0,0,0,0,0,0.0,lipid,0.898918577853754
70,70,519.2600541,519.2597768,519.2599563,1.428571429,0.321428571,C28 H40 O9,28,40,9,0,0,0,0,0,0.0,lignin,0.7051866941695961
71,71,519.2237419,519.2234646,519.2235708,1.333333333,0.37037037,C27 H36 O10,27,36,10,0,0,0,0,0,0.0,lignin,0.8343843134676916
72,72,519.1875319,519.1872547,519.1871853,1.230769231,0.423076923,C26 H32 O11,26,32,11,0,0,0,0,0,0.0,lignin,0.8375673832815738
73,73,517.2810097,517.280734,517.2806918,1.448275862,0.275862069,C29 H42 O8,29,42,8,0,0,0,0,0,0.0,lipid,0.8991437663272371
74,74,517.2444662,517.2441906,517.2443063,1.357142857,0.321428571,C28 H38 O9,28,38,9,0,0,0,0,0,0.0,lignin,0.8333539033294288
75,75,517.2080068,517.2077312,517.2079208,1.259259259,0.37037037,C27 H34 O10,27,34,10,0,0,0,0,0,0.0,lignin,0.8357527375540983
76,76,517.1717808,517.1715053,517.1715353,1.153846154,0.423076923,C26 H30 O11,26,30,11,0,0,0,0,0,0.0,lignin,0.837440383003387
77,77,515.2654404,515.2651665,515.2650417,1.379310345,0.275862069,C29 H40 O8,29,40,8,0,0,0,0,0,0.0,lignin,0.8324973902350002
78,78,515.2288998,515.2286259,515.2286562,1.285714286,0.321428571,C28 H36 O9,28,36,9,0,0,0,0,0,0.0,lignin,0.8344489905453051
79,79,515.1923985,515.1921246,515.1922707,1.185185185,0.37037037,C27 H32 O10,27,32,10,0,0,0,0,0,0.0,lignin,0.8375278496571464
80,80,513.3107422,513.31047,513.3102778,2.083333333,0.375,C24 H50 O9 S1,24,50,9,1,0,0,0,0,0.0,lipid,0.8957629769341781
81,81,513.2497446,513.2494724,513.2493916,1.310344828,0.275862069,C29 H38 O8,29,38,8,0,0,0,0,0,0.0,lignin,0.8333713871506461
82,82,513.2132154,513.2129432,513.2130061,1.214285714,0.321428571,C28 H34 O9,28,34,9,0,0,0,0,0,0.0,lignin,0.835697318641613
83,83,512.4768873,512.4766157,512.4765388,2.064516129,0.129032258,C31 H64 O4 13C1,32,64,4,0,0,1,0,0,0.0,lipid,0.9503210561077964
84,84,511.4734904,511.4732196,511.473184,2.0,0.125,C32 H64 O4,32,64,4,0,0,0,0,0,0.0,lipid,0.9117052864755664
85,85,511.2185893,511.2183188,511.2184854,1.44,0.44,C25 H36 O11,25,36,11,0,0,0,0,0,0.0,lignin,0.8336839104874183
86,86,509.2393157,509.2390469,509.2392209,1.461538462,0.384615385,C26 H38 O10,26,38,10,0,0,0,0,0,0.0,lignin,0.8326634989597721
87,87,509.2030493,509.2027805,509.2028354,1.36,0.44,C25 H34 O11,25,34,11,0,0,0,0,0,0.0,lignin,0.8350028186278718
88,88,507.2602333,507.2599662,507.2599563,1.481481481,0.333333333,C27 H40 O9,27,40,9,0,0,0,0,0,0.0,lipid,0.8988192336561974
89,89,507.2239868,507.2237197,507.2235708,1.384615385,0.384615385,C26 H36 O10,26,36,10,0,0,0,0,0,0.0,lignin,0.8337684022759575
90,90,507.1875974,507.1873304,507.1871853,1.28,0.44,C25 H32 O11,25,32,11,0,0,0,0,0,0.0,lignin,0.8367109006044491
91,91,505.2811356,505.2808701,505.2806918,1.5,0.285714286,C28 H42 O8,28,42,8,0,0,0,0,0,0.0,lipid,0.8989360654354407
92,92,505.2446564,505.244391,505.2443063,1.407407407,0.333333333,C27 H38 O9,27,38,9,0,0,0,0,0,0.0,lignin,0.8327851865116488
93,93,505.2081059,505.2078405,505.2079208,1.307692308,0.384615385,C26 H34 O10,26,34,10,0,0,0,0,0,0.0,lignin,0.835052331135533
94,94,505.1716328,505.1713674,505.1715353,1.2,0.44,C25 H30 O11,25,30,11,0,0,0,0,0,0.0,lignin,0.8389349102088618
95,95,503.2651715,503.2649077,503.2650417,1.428571429,0.285714286,C28 H40 O8,28,40,8,0,0,0,0,0,0.0,lipid,0.6152643190638664
96,96,503.22893,503.2286663,503.2286562,1.333333333,0.333333333,C27 H36 O9,27,36,9,0,0,0,0,0,0.0,lignin,0.8338729306890442
97,97,503.192664,503.1924003,503.1922707,1.230769231,0.384615385,C26 H32 O10,26,32,10,0,0,0,0,0,0.0,lignin,0.8366887603948273
98,98,501.4162289,501.4159667,501.4160631,2.0,0.206896552,C29 H58 O6,29,58,6,0,0,0,0,0,0.0,lipid,0.9508838098730408
99,99,501.2862117,501.2859496,501.2857772,1.448275862,0.24137931,C29 H42 O7,29,42,7,0,0,0,0,0,0.0,lipid,0.8992852370910919
100,100,501.2496472,501.2493851,501.2493916,1.357142857,0.285714286,C28 H38 O8,28,38,8,0,0,0,0,0,0.0,lignin,0.8329048323527074
101,101,501.2131427,501.2128806,501.2130061,1.259259259,0.333333333,C27 H34 O9,27,34,9,0,0,0,0,0,0.0,lignin,0.8350851941810931
102,102,501.1767927,501.1765307,501.1766206,1.153846154,0.384615385,C26 H30 O10,26,30,10,0,0,0,0,0,0.0,lignin,0.8363180783690186
103,103,499.2705276,499.2702671,499.2701271,1.379310345,0.24137931,C29 H40 O7,29,40,7,0,0,0,0,0,0.0,lipid,0.6162285918387181
104,104,499.2341686,499.2339082,499.2337416,1.285714286,0.285714286,C28 H36 O8,28,36,8,0,0,0,0,0,0.0,lignin,0.833874209945203
105,105,499.1976679,499.1974075,499.1973561,1.185185185,0.333333333,C27 H32 O9,27,32,9,0,0,0,0,0,0.0,lignin,0.836599287014771
106,106,497.2184079,497.2181491,497.2180915,1.214285714,0.285714286,C28 H34 O8,28,34,8,0,0,0,0,0,0.0,lignin,0.8350442415515683
107,107,497.2032228,497.2029641,497.2028354,1.416666667,0.458333333,C24 H34 O11,24,34,11,0,0,0,0,0,0.0,lignin,0.8343251370513045
108,108,497.1668314,497.1665728,497.1664499,1.304347826,0.52173913,C23 H30 O12,23,30,12,0,0,0,0,0,0.0,lignin,0.838039553323678
109,109,495.2600668,495.2598098,495.2599563,1.538461538,0.346153846,C26 H40 O9,26,40,9,0,0,0,0,0,0.0,lipid,0.8878220289661055
110,110,495.2237868,495.2235297,495.2235708,1.44,0.4,C25 H36 O10,25,36,10,0,0,0,0,0,0.0,lignin,0.8331473294248424
111,111,495.1875752,495.1873182,495.1871853,1.333333333,0.458333333,C24 H32 O11,24,32,11,0,0,0,0,0,0.0,lignin,0.8358672023691363
112,112,495.151251,495.150994,495.1507998,1.217391304,0.52173913,C23 H28 O12,23,28,12,0,0,0,0,0,0.0,lignin,0.8409862583846855
113,113,493.2444805,493.2442251,493.2443063,1.461538462,0.346153846,C26 H38 O9,26,38,9,0,0,0,0,0,0.0,lignin,0.7050859932967405
114,114,493.2422992,493.2420438,493.2418043,1.266666667,0.133333333,C30 H38 O4 S1,30,38,4,1,0,0,0,0,0.0,lignin,0.5210516392599304
115,115,493.2082453,493.2079899,493.2079208,1.36,0.4,C25 H34 O10,25,34,10,0,0,0,0,0,0.0,lignin,0.8343809230895431
116,116,493.1719248,493.1716694,493.1715353,1.25,0.458333333,C24 H30 O11,24,30,11,0,0,0,0,0,0.0,lignin,0.8379131244335216
117,117,493.1354634,493.1352081,493.1351497,1.130434783,0.52173913,C23 H26 O12,23,26,12,0,0,0,0,0,0.0,lignin,0.9210108254807355
118,118,493.0989696,493.0987143,493.0987642,1.0,0.590909091,C22 H22 O13,22,22,13,0,0,0,0,0,0.0,tannin,0.7198370368158248
119,119,492.232211,492.2319564,492.232011,1.44,0.36,C25 H36 O9 13C1,26,36,9,0,0,1,0,0,0.0,lignin,0.8326591091061971
120,120,491.2652408,491.264987,491.2650417,1.481481481,0.296296296,C27 H40 O8,27,40,8,0,0,0,0,0,0.0,lipid,0.8989538691834852
121,121,491.2289924,491.2287386,491.2286562,1.384615385,0.346153846,C26 H36 O9,26,36,9,0,0,0,0,0,0.0,lignin,0.8332605961497664
122,122,491.1926543,491.1924006,491.1922707,1.28,0.4,C25 H32 O10,25,32,10,0,0,0,0,0,0.0,lignin,0.8358896186348627
123,123,491.1562362,491.1559826,491.1558852,1.166666667,0.458333333,C24 H28 O11,24,28,11,0,0,0,0,0,0.0,lignin,0.8381254229159059
124,124,491.1197853,491.1195316,491.1194997,1.043478261,0.52173913,C23 H24 O12,23,24,12,0,0,0,0,0,0.0,lignin,0.7989336368843805
125,125,491.0832765,491.0830229,491.0831142,0.909090909,0.590909091,C22 H20 O13,22,20,13,0,0,0,0,0,0.0,tannin,0.8883526378689318
126,126,490.2165298,490.2162769,490.216361,1.36,0.36,C25 H34 O9 13C1,26,34,9,0,0,1,0,0,0.0,lignin,0.8338149895033347
127,127,489.2860202,489.285768,489.2857772,1.5,0.25,C28 H42 O7,28,42,7,0,0,0,0,0,0.0,lipid,0.8990755587185465
128,128,489.2497651,489.249513,489.2493916,1.407407407,0.296296296,C27 H38 O8,27,38,8,0,0,0,0,0,0.0,lignin,0.7051686540520841
129,129,489.2133831,489.2131311,489.2130061,1.307692308,0.346153846,C26 H34 O9,26,34,9,0,0,0,0,0,0.0,lignin,0.8344576384929407
130,130,489.1768595,489.1766075,489.1766206,1.2,0.4,C25 H30 O10,25,30,10,0,0,0,0,0,0.0,lignin,0.8378584543447772
131,131,489.140302,489.14005,489.1402351,1.083333333,0.458333333,C24 H26 O11,24,26,11,0,0,0,0,0,0.0,lignin,0.9237227886848363
132,132,489.1039937,489.1037417,489.1038496,0.956521739,0.52173913,C23 H22 O12,23,22,12,0,0,0,0,0,0.0,tannin,0.8851437397695603
133,133,487.4005663,487.4003157,487.400413,2.0,0.214285714,C28 H56 O6,28,56,6,0,0,0,0,0,0.0,lipid,0.9508335893594475
134,134,487.2704811,487.2702307,487.2701271,1.428571429,0.25,C28 H40 O7,28,40,7,0,0,0,0,0,0.0,lipid,0.8993186520826676
135,135,487.233886,487.2336355,487.2337416,1.333333333,0.296296296,C27 H36 O8,27,36,8,0,0,0,0,0,0.0,lignin,0.8333740645294258
136,136,487.1974959,487.1972455,487.1973561,1.230769231,0.346153846,C26 H32 O9,26,32,9,0,0,0,0,0,0.0,lignin,0.8358962409010452
137,137,487.1612458,487.1609954,487.1609706,1.12,0.4,C25 H28 O10,25,28,10,0,0,0,0,0,0.0,lignin,0.9217657858504513
138,138,486.2826397,486.28239,486.2823325,2.19047619,0.428571429,C21 H46 O9 S1 13C1,22,46,9,1,0,1,0,0,0.0,lipid,0.8954891544386385
139,139,485.2791307,485.2788819,485.2789777,2.090909091,0.409090909,C22 H46 O9 S1,22,46,9,1,0,0,0,0,0.0,lipid,0.8954387440826883
140,140,485.2546559,485.2544071,485.254477,1.357142857,0.25,C28 H38 O7,28,38,7,0,0,0,0,0,0.0,lignin,0.8324183898874526
141,141,485.2183838,485.218135,485.2180915,1.259259259,0.296296296,C27 H34 O8,27,34,8,0,0,0,0,0,0.0,lignin,0.8344169793233881
142,142,485.18208,485.1818313,485.181706,1.153846154,0.346153846,C26 H30 O9,26,30,9,0,0,0,0,0,0.0,lignin,0.8352705701251442
143,143,485.0726403,485.0723916,485.0725495,0.782608696,0.52173913,C23 H18 O12,23,18,12,0,0,0,0,0,0.0,tannin,0.8908693682625664
144,144,483.223639,483.2233918,483.2235708,1.5,0.416666667,C24 H36 O10,24,36,10,0,0,0,0,0,0.0,lignin,0.8264543435641967
145,145,483.2026184,483.2023713,483.2024415,1.185185185,0.296296296,C27 H32 O8,27,32,8,0,0,0,0,0,0.0,lignin,0.8358306509246527
146,146,483.1873268,483.1870797,483.1871853,1.391304348,0.47826087,C23 H32 O11,23,32,11,0,0,0,0,0,0.0,lignin,0.8350728904475977
147,147,483.1511495,483.1509024,483.1507998,1.272727273,0.545454545,C22 H28 O12,22,28,12,0,0,0,0,0,0.0,lignin,0.8397186723665037
148,148,481.2446951,481.2444496,481.2443063,1.52,0.36,C25 H38 O9,25,38,9,0,0,0,0,0,0.0,lipid,0.8878001695502
149,149,481.2082793,481.2080339,481.2079208,1.416666667,0.416666667,C24 H34 O10,24,34,10,0,0,0,0,0,0.0,lignin,0.8337169597066568
150,150,481.1717611,481.1715157,481.1715353,1.304347826,0.47826087,C23 H30 O11,23,30,11,0,0,0,0,0,0.0,lignin,0.8369655127963075
151,151,481.1636302,481.1633848,481.1631601,0.764705882,0.029411765,C34 H26 O1 S1,34,26,1,1,0,0,0,0,0.0,pah,0.9469533862272705
152,152,481.1352544,481.135009,481.1351497,1.181818182,0.545454545,C22 H26 O12,22,26,12,0,0,0,0,0,0.0,lignin,0.8436300447614633
153,153,481.0989916,481.0987463,481.0987642,1.047619048,0.619047619,C21 H22 O13,21,22,13,0,0,0,0,0,0.0,tannin,0.5344469963004036
154,154,479.2653324,479.2650886,479.2650417,1.538461538,0.307692308,C26 H40 O8,26,40,8,0,0,0,0,0,0.0,lipid,0.8987445739712967
155,155,479.2290369,479.2287931,479.2286562,1.44,0.36,C25 H36 O9,25,36,9,0,0,0,0,0,0.0,lignin,0.8326591091061971
156,156,479.1926356,479.1923918,479.1922707,1.333333333,0.416666667,C24 H32 O10,24,32,10,0,0,0,0,0,0.0,lignin,0.8351062822906374
157,157,479.156143,479.1558992,479.1558852,1.217391304,0.47826087,C23 H28 O11,23,28,11,0,0,0,0,0,0.0,lignin,0.8395044463260406
158,158,479.1196613,479.1194176,479.1194997,1.090909091,0.545454545,C22 H24 O12,22,24,12,0,0,0,0,0,0.0,lignin,0.9233995944237889
159,159,479.0832773,479.0830336,479.0831142,0.952380952,0.619047619,C21 H20 O13,21,20,13,0,0,0,0,0,0.0,tannin,0.8879446229898905
160,160,477.2496155,477.2493733,477.2493916,1.461538462,0.307692308,C26 H38 O8,26,38,8,0,0,0,0,0,0.0,lipid,0.8989716956755128
161,161,477.2133344,477.2130923,477.2130061,1.36,0.36,C25 H34 O9,25,34,9,0,0,0,0,0,0.0,lignin,0.8338149895033347
162,162,477.1769953,477.1767531,477.1766206,1.25,0.416666667,C24 H30 O10,24,30,10,0,0,0,0,0,0.0,lignin,0.8369116499533445
163,163,477.1404662,477.1402241,477.1402351,1.130434783,0.47826087,C23 H26 O11,23,26,11,0,0,0,0,0,0.0,lignin,0.9211887064605533
164,164,477.1039664,477.1037244,477.1038496,1.0,0.545454545,C22 H22 O12,22,22,12,0,0,0,0,0,0.0,tannin,0.7179299885071994
165,165,477.067614,477.0673719,477.0674641,0.857142857,0.619047619,C21 H18 O13,21,18,13,0,0,0,0,0,0.0,tannin,0.8896187745561207
166,166,476.2010893,476.200848,476.2007109,1.333333333,0.375,C24 H32 O9 13C1,25,32,9,0,0,1,0,0,0.0,lignin,0.8344504603674346
167,167,475.270331,475.2700904,475.2701271,1.481481481,0.259259259,C27 H40 O7,27,40,7,0,0,0,0,0,0.0,lipid,0.8991007476511015
168,168,475.2340886,475.2338481,475.2337416,1.384615385,0.307692308,C26 H36 O8,26,36,8,0,0,0,0,0,0.0,lignin,0.8327994150879661
169,169,475.1977006,475.1974601,475.1973561,1.28,0.36,C25 H32 O9,25,32,9,0,0,0,0,0,0.0,lignin,0.8351715209768091
170,170,475.1612569,475.1610165,475.1609706,1.166666667,0.416666667,C24 H28 O10,24,28,10,0,0,0,0,0,0.0,lignin,0.8368266771994491
171,171,475.1248071,475.1245667,475.1245851,1.043478261,0.47826087,C23 H24 O11,23,24,11,0,0,0,0,0,0.0,lignin,0.9230528968966676
172,172,475.088331,475.0880906,475.0881995,0.909090909,0.545454545,C22 H20 O12,22,20,12,0,0,0,0,0,0.0,tannin,0.8878165329626247
173,173,473.3850546,473.3848156,473.3847629,2.0,0.222222222,C27 H54 O6,27,54,6,0,0,0,0,0,0.0,lipid,0.9507809319250212
174,174,473.2548502,473.2546112,473.254477,1.407407407,0.259259259,C27 H38 O7,27,38,7,0,0,0,0,0,0.0,lipid,0.6154425305923725
175,175,473.2184007,473.2181618,473.2180915,1.307692308,0.307692308,C26 H34 O8,26,34,8,0,0,0,0,0,0.0,lignin,0.8339150797179506
176,176,473.1818604,473.1816215,473.181706,1.2,0.36,C25 H30 O9,25,30,9,0,0,0,0,0,0.0,lignin,0.8369032299329842
177,177,473.1454055,473.1451666,473.1453205,1.083333333,0.416666667,C24 H26 O10,24,26,10,0,0,0,0,0,0.0,lignin,0.9241864824805865
178,178,473.1091696,473.1089308,473.108935,0.956521739,0.47826087,C23 H22 O11,23,22,11,0,0,0,0,0,0.0,tannin,0.8850877183742616
179,179,473.0729419,473.0727031,473.0725495,0.818181818,0.545454545,C22 H18 O12,22,18,12,0,0,0,0,0,0.0,tannin,0.8908953478252742
180,180,471.2389759,471.2387386,471.238827,1.333333333,0.259259259,C27 H36 O7,27,36,7,0,0,0,0,0,0.0,lignin,0.8328369536683361
181,181,471.2024993,471.2022621,471.2024415,1.230769231,0.307692308,C26 H32 O8,26,32,8,0,0,0,0,0,0.0,lignin,0.8351123833118621
182,182,471.187327,471.1870898,471.1871853,1.454545455,0.5,C22 H32 O11,22,32,11,0,0,0,0,0,0.0,lignin,0.8281098189709389
183,183,471.1792732,471.1790359,471.1788102,0.848484848,0.03030303,C33 H28 O1 S1,33,28,1,1,0,0,0,0,0.0,pah,0.9266922393798065
184,184,471.1663274,471.1660902,471.1660559,1.12,0.36,C25 H28 O9,25,28,9,0,0,0,0,0,0.0,lignin,0.9225384172381463
185,185,470.9929942,470.9927571,470.9928599,0.347826087,0.347826087,C23 H8 O8 S1 N2,23,8,8,1,2,0,0,0,0.086956522,pah,0.9448889239606272
186,186,469.2841962,469.2839605,469.2840631,2.090909091,0.363636364,C22 H46 O8 S1,22,46,8,1,0,0,0,0,0.0,lipid,0.8958265080266263
187,187,469.2082747,469.2080391,469.2079208,1.47826087,0.434782609,C23 H34 O10,23,34,10,0,0,0,0,0,0.0,lignin,0.8269431132030054
188,188,469.1718881,469.1716525,469.1715353,1.363636364,0.5,C22 H30 O11,22,30,11,0,0,0,0,0,0.0,lignin,0.8360367689358619
189,189,469.13532,469.1350844,469.1351497,1.238095238,0.571428571,C21 H26 O12,21,26,12,0,0,0,0,0,0.0,lignin,0.8763761843099372
190,190,469.098837,469.0986015,469.0987642,1.1,0.65,C20 H22 O13,20,22,13,0,0,0,0,0,0.0,lignin,0.8009993842283294
191,191,467.2288132,467.2285792,467.2286562,1.5,0.375,C24 H36 O9,24,36,9,0,0,0,0,0,0.0,lipid,0.6148219769299166
192,192,467.1924261,467.1921922,467.1922707,1.391304348,0.434782609,C23 H32 O10,23,32,10,0,0,0,0,0,0.0,lignin,0.8343864751264018
193,193,467.1561914,467.1559575,467.1558852,1.272727273,0.5,C22 H28 O11,22,28,11,0,0,0,0,0,0.0,lignin,0.8383576414216887
194,194,467.1199004,467.1196665,467.1194997,1.142857143,0.571428571,C21 H24 O12,21,24,12,0,0,0,0,0,0.0,lignin,0.8989317700132468
195,195,467.0834268,467.0831929,467.0831142,1.0,0.65,C20 H20 O13,20,20,13,0,0,0,0,0,0.0,tannin,0.7149622933866118
196,196,465.24973,465.2494976,465.2493916,1.52,0.32,C25 H38 O8,25,38,8,0,0,0,0,0,0.0,lipid,0.8987564667448502
197,197,465.2132226,465.2129903,465.2130061,1.416666667,0.375,C24 H34 O9,24,34,9,0,0,0,0,0,0.0,lignin,0.8331618138875563
198,198,465.1767478,465.1765155,465.1766206,1.304347826,0.434782609,C23 H30 O10,23,30,10,0,0,0,0,0,0.0,lignin,0.8360350271655032
199,199,465.1686707,465.1684383,465.1682455,0.764705882,0.0,C34 H26 S1,34,26,0,1,0,0,0,0,0.0,pah,0.9471866474380295
200,200,465.1404164,465.1401841,465.1402351,1.181818182,0.5,C22 H26 O11,22,26,11,0,0,0,0,0,0.0,lignin,0.8416428230963244
201,201,465.1041128,465.1038806,465.1038496,1.047619048,0.571428571,C21 H22 O12,21,22,12,0,0,0,0,0,0.0,lignin,0.7995934512777584
202,202,464.200904,464.2006724,464.2007109,1.391304348,0.391304348,C23 H32 O9 13C1,24,32,9,0,0,1,0,0,0.0,lignin,0.8337569456037942
203,203,463.2340969,463.2338662,463.2337416,1.44,0.32,C25 H36 O8,25,36,8,0,0,0,0,0,0.0,lignin,0.7050531071757442
204,204,463.1975876,463.1973569,463.1973561,1.333333333,0.375,C24 H32 O9,24,32,9,0,0,0,0,0,0.0,lignin,0.8344504603674346
205,205,463.1611118,463.1608811,463.1609706,1.217391304,0.434782609,C23 H28 O10,23,28,10,0,0,0,0,0,0.0,lignin,0.8382489229867254
206,206,463.1247511,463.1245205,463.1245851,1.090909091,0.5,C22 H24 O11,22,24,11,0,0,0,0,0,0.0,lignin,0.9235444385444863
207,207,463.0884823,463.0882517,463.0881995,0.952380952,0.571428571,C21 H20 O12,21,20,12,0,0,0,0,0,0.0,tannin,0.8871913195437842
208,208,461.254807,461.2545778,461.254477,1.461538462,0.269230769,C26 H38 O7,26,38,7,0,0,0,0,0,0.0,lipid,0.899126956877572
209,209,461.218414,461.2181849,461.2180915,1.36,0.32,C25 H34 O8,25,34,8,0,0,0,0,0,0.0,lignin,0.8332939848251304
210,210,461.181896,461.1816669,461.181706,1.25,0.375,C24 H30 O9,24,30,9,0,0,0,0,0,0.0,lignin,0.8360428301224448
211,211,461.1455048,461.1452757,461.1453205,1.130434783,0.434782609,C23 H26 O10,23,26,10,0,0,0,0,0,0.0,lignin,0.9215711611485989
212,212,461.109133,461.1089039,461.108935,1.0,0.5,C22 H22 O11,22,22,11,0,0,0,0,0,0.0,tannin,0.5343542876145502
213,213,461.0728568,461.0726278,461.0725495,0.857142857,0.571428571,C21 H18 O12,21,18,12,0,0,0,0,0,0.0,tannin,0.8892786090510258
214,214,459.2391453,459.2389178,459.238827,1.384615385,0.269230769,C26 H36 O7,26,36,7,0,0,0,0,0,0.0,lignin,0.7051332246239836
215,215,459.2026007,459.2023732,459.2024415,1.28,0.32,C25 H32 O8,25,32,8,0,0,0,0,0,0.0,lignin,0.8345277996369497
216,216,459.1661894,459.165962,459.1660559,1.166666667,0.375,C24 H28 O9,24,28,9,0,0,0,0,0,0.0,lignin,0.8357151818783966
217,217,459.129916,459.1296886,459.1296704,1.043478261,0.434782609,C23 H24 O10,23,24,10,0,0,0,0,0,0.0,lignin,0.9244328444464964
218,218,459.0936344,459.0934069,459.0932849,0.909090909,0.5,C22 H20 O11,22,20,11,0,0,0,0,0,0.0,tannin,0.8877160002165685
219,219,459.0571942,459.0569669,459.0568994,0.761904762,0.571428571,C21 H16 O12,21,16,12,0,0,0,0,0,0.0,tannin,0.8922856803447387
220,220,457.2232975,457.2230716,457.2231769,1.307692308,0.269230769,C26 H34 O7,26,34,7,0,0,0,0,0,0.0,lignin,0.8333213349475266
221,221,457.1869891,457.1867632,457.1867914,1.2,0.32,C25 H30 O8,25,30,8,0,0,0,0,0,0.0,lignin,0.8359767710292234
222,222,457.1718204,457.1715945,457.1715353,1.428571429,0.523809524,C21 H30 O11,21,30,11,0,0,0,0,0,0.0,lignin,0.8289065624576348
223,223,457.1507271,457.1505013,457.1504059,1.083333333,0.375,C24 H26 O9,24,26,9,0,0,0,0,0,0.0,lignin,0.9249132968918093
224,224,457.1355019,457.1352761,457.1351497,1.3,0.6,C20 H26 O12,20,26,12,0,0,0,0,0,0.0,lignin,0.8995033012768848
225,225,457.1143289,457.1141031,457.1140204,0.956521739,0.434782609,C23 H22 O10,23,22,10,0,0,0,0,0,0.0,tannin,0.8834619386114715
226,226,457.0990209,457.0987951,457.0987642,1.157894737,0.684210526,C19 H22 O13,19,22,13,0,0,0,0,0,0.0,lignin,0.9374204214509074
227,227,457.077791,457.0775652,457.0776349,0.818181818,0.5,C22 H18 O11,22,18,11,0,0,0,0,0,0.0,tannin,0.8899351174640622
228,228,455.1925575,455.1923333,455.1922707,1.454545455,0.454545455,C22 H32 O10,22,32,10,0,0,0,0,0,0.0,lignin,0.8275290536985264
229,229,455.1713504,455.1711262,455.1711413,1.12,0.32,C25 H28 O8,25,28,8,0,0,0,0,0,0.0,lignin,0.9177215789244151
230,230,455.1560359,455.1558116,455.1558852,1.333333333,0.523809524,C21 H28 O11,21,28,11,0,0,0,0,0,0.0,lignin,0.8372923297705837
231,231,455.1196031,455.1193789,455.1194997,1.2,0.6,C20 H24 O12,20,24,12,0,0,0,0,0,0.0,lignin,0.9059390441440254
232,232,455.0985452,455.098321,455.0983703,0.869565217,0.434782609,C23 H20 O10,23,20,10,0,0,0,0,0,0.0,tannin,0.8860453440128238
233,233,455.0833435,455.0831194,455.0831142,1.052631579,0.684210526,C19 H20 O13,19,20,13,0,0,0,0,0,0.0,tannin,0.7182488174130537
234,234,455.062276,455.0620518,455.0619848,0.727272727,0.5,C22 H16 O11,22,16,11,0,0,0,0,0,0.0,tannin,0.8913263157432917
235,235,453.2131136,453.212891,453.2130061,1.47826087,0.391304348,C23 H34 O9,23,34,9,0,0,0,0,0,0.0,lignin,0.8325242578492139
236,236,453.1768974,453.1766748,453.1766206,1.363636364,0.454545455,C22 H30 O10,22,30,10,0,0,0,0,0,0.0,lignin,0.835183203339092
237,237,453.1406027,453.14038,453.1402351,1.238095238,0.523809524,C21 H26 O11,21,26,11,0,0,0,0,0,0.0,lignin,0.8402541281095945
238,238,453.1040923,453.1038697,453.1038496,1.1,0.6,C20 H22 O12,20,22,12,0,0,0,0,0,0.0,lignin,0.7996275057241246
239,239,453.0828482,453.0826256,453.0827202,0.782608696,0.434782609,C23 H18 O10,23,18,10,0,0,0,0,0,0.0,tannin,0.889443524163832
240,240,453.067527,453.0673045,453.0674641,0.947368421,0.684210526,C19 H18 O13,19,18,13,0,0,0,0,0,0.0,tannin,0.8855491626788792
241,241,452.200863,452.2006412,452.2007109,1.454545455,0.409090909,C22 H32 O9 13C1,23,32,9,0,0,1,0,0,0.0,lignin,0.8330576147525267
242,242,452.1645919,452.16437,452.1643254,1.333333333,0.476190476,C21 H28 O10 13C1,22,28,10,0,0,1,0,0,0.0,lignin,0.8362265044741136
243,243,451.233991,451.2337699,451.2337416,1.5,0.333333333,C24 H36 O8,24,36,8,0,0,0,0,0,0.0,lipid,0.8987679166636724
244,244,451.1974326,451.1972116,451.1973561,1.391304348,0.391304348,C23 H32 O9,23,32,9,0,0,0,0,0,0.0,lignin,0.8337569456037942
245,245,451.1611433,451.1609223,451.1609706,1.272727273,0.454545455,C22 H28 O10,22,28,10,0,0,0,0,0,0.0,lignin,0.8371986769680919
246,246,451.1306766,451.1304556,451.1304583,2.0,1.142857143,C14 H28 O16,14,28,16,0,0,0,0,0,0.0,carbohydrate,0.9371420288161947
247,247,451.1249562,451.1247352,451.1245851,1.142857143,0.523809524,C21 H24 O11,21,24,11,0,0,0,0,0,0.0,lignin,0.879722557733766
248,248,451.0885142,451.0882932,451.0881995,1.0,0.6,C20 H20 O12,20,20,12,0,0,0,0,0,0.0,tannin,0.7201531095269726
249,249,451.0519139,451.051693,451.051814,0.842105263,0.684210526,C19 H16 O13,19,16,13,0,0,0,0,0,0.0,tannin,0.8866924296087237
250,250,450.2216514,450.2214311,450.2214464,1.47826087,0.347826087,C23 H34 O8 13C1,24,34,8,0,0,1,0,0,0.0,lipid,0.6149398372087977
251,251,450.1851574,450.1849372,450.1850608,1.363636364,0.409090909,C22 H30 O9 13C1,23,30,9,0,0,1,0,0,0.0,lignin,0.8344546157711239
252,252,450.1770822,450.1768619,450.176955,1.318181818,0.409090909,C22 H29 O9 N1,22,29,9,0,1,0,0,0,0.045454545,lignin,0.8355977924541682
253,253,449.2547968,449.2545773,449.254477,1.52,0.28,C25 H38 O7,25,38,7,0,0,0,0,0,0.0,lipid,0.8988945992775432
254,254,449.2182772,449.2180578,449.2180915,1.416666667,0.333333333,C24 H34 O8,24,34,8,0,0,0,0,0,0.0,lignin,0.8326610086001767
255,255,449.1818185,449.1815991,449.181706,1.304347826,0.391304348,C23 H30 O9,23,30,9,0,0,0,0,0,0.0,lignin,0.8352293789505436
256,256,449.1455569,449.1453375,449.1453205,1.181818182,0.454545455,C22 H26 O10,22,26,10,0,0,0,0,0,0.0,lignin,0.8400079515126706
257,257,449.1092728,449.1090534,449.108935,1.047619048,0.523809524,C21 H22 O11,21,22,11,0,0,0,0,0,0.0,lignin,0.7989481505149815
258,258,449.0728603,449.072641,449.0725495,0.9,0.6,C20 H18 O12,20,18,12,0,0,0,0,0,0.0,tannin,0.888607825062012
259,259,448.2059161,448.2056974,448.2057963,1.391304348,0.347826087,C23 H32 O8 13C1,24,32,8,0,0,1,0,0,0.0,lignin,0.8331844774466687
260,260,448.1694945,448.1692759,448.1694108,1.272727273,0.409090909,C22 H28 O9 13C1,23,28,9,0,0,1,0,0,0.0,lignin,0.836205647908846
261,261,447.239091,447.2388731,447.238827,1.44,0.28,C25 H36 O7,25,36,7,0,0,0,0,0,0.0,lipid,0.8991539672877744
262,262,447.2025958,447.202378,447.2024415,1.333333333,0.333333333,C24 H32 O8,24,32,8,0,0,0,0,0,0.0,lignin,0.8338729306890442
263,263,447.1661903,447.1659725,447.1660559,1.217391304,0.391304348,C23 H28 O9,23,28,9,0,0,0,0,0,0.0,lignin,0.8371753385765501
264,264,447.1299466,447.1297288,447.1296704,1.090909091,0.454545455,C22 H24 O10,22,24,10,0,0,0,0,0,0.0,lignin,0.9239045996356099
265,265,447.0936239,447.0934062,447.0932849,0.952380952,0.523809524,C21 H20 O11,21,20,11,0,0,0,0,0,0.0,tannin,0.8854061898895654
266,266,447.0571058,447.0568881,447.0568994,0.8,0.6,C20 H16 O12,20,16,12,0,0,0,0,0,0.0,tannin,0.8905301293287525
267,267,446.1902925,446.1900754,446.1901462,1.304347826,0.347826087,C23 H30 O8 13C1,24,30,8,0,0,1,0,0,0.0,lignin,0.8345378593731582
268,268,445.3537391,445.3535227,445.3534628,2.0,0.24,C25 H50 O6,25,50,6,0,0,0,0,0,0.0,lipid,0.950667495420243
269,269,445.2232476,445.2230313,445.2231769,1.36,0.28,C25 H34 O7,25,34,7,0,0,0,0,0,0.0,lignin,0.8328034682928278
270,270,445.1870461,445.1868298,445.1867914,1.25,0.333333333,C24 H30 O8,24,30,8,0,0,0,0,0,0.0,lignin,0.8352686575161645
271,271,445.1507711,445.1505549,445.1504059,1.130434783,0.391304348,C23 H26 O9,23,26,9,0,0,0,0,0,0.0,lignin,0.9221863501723424
272,272,445.1142763,445.1140601,445.1140204,1.0,0.454545455,C22 H22 O10,22,22,10,0,0,0,0,0,0.0,lignin,0.7997660021122768
273,273,445.0777303,445.0775141,445.0776349,0.857142857,0.523809524,C21 H18 O11,21,18,11,0,0,0,0,0,0.0,tannin,0.8898582990944618
274,274,443.2782252,443.2780105,443.2777959,1.290322581,0.0,C31 H40 S1,31,40,0,1,0,0,0,0,0.0,lipid,0.8952060936549111
275,275,443.2078539,443.2076393,443.2075268,1.28,0.28,C25 H32 O7,25,32,7,0,0,0,0,0,0.0,lignin,0.8338805265028105
276,276,443.1925776,443.192363,443.1922707,1.523809524,0.476190476,C21 H32 O10,21,32,10,0,0,0,0,0,0.0,lignin,0.8267328655759186
277,277,443.1713865,443.1711719,443.1711413,1.166666667,0.333333333,C24 H28 O8,24,28,8,0,0,0,0,0,0.0,lignin,0.8346794013289476
278,278,443.1560879,443.1558733,443.1558852,1.4,0.55,C20 H28 O11,20,28,11,0,0,0,0,0,0.0,lignin,0.8782358730492537
279,279,443.1348877,443.1346731,443.1347558,1.043478261,0.391304348,C23 H24 O9,23,24,9,0,0,0,0,0,0.0,lignin,0.9237498133974196
280,280,443.1195979,443.1193833,443.1194997,1.263157895,0.631578947,C19 H24 O12,19,24,12,0,0,0,0,0,0.0,lignin,0.9372556229782972
281,281,443.0986068,443.0983922,443.0983703,0.909090909,0.454545455,C22 H20 O10,22,20,10,0,0,0,0,0,0.0,tannin,0.8851355866656185
282,282,443.0833486,443.083134,443.0831142,1.111111111,0.722222222,C18 H20 O13,18,20,13,0,0,0,0,0,0.0,lignin,0.8007793123430964
283,283,443.0623226,443.0621081,443.0619848,0.761904762,0.523809524,C21 H16 O11,21,16,11,0,0,0,0,0,0.0,tannin,0.8912988256207013
284,284,442.2564537,442.2562398,442.2561178,2.210526316,0.421052632,C19 H42 O8 S1 13C1,20,42,8,1,0,1,0,0,0.0,lipid,0.8954604735446855
285,285,441.2529291,441.252716,441.252763,2.1,0.4,C20 H42 O8 S1,20,42,8,1,0,0,0,0,0.0,lipid,0.8954714282175825
286,286,441.2131069,441.2128938,441.2130061,1.545454545,0.409090909,C22 H34 O9,22,34,9,0,0,0,0,0,0.0,lipid,0.8873511899326403
287,287,441.1920583,441.1918453,441.1918768,1.2,0.28,C25 H30 O7,25,30,7,0,0,0,0,0,0.0,lignin,0.8352222483260565
288,288,441.1769042,441.1766912,441.1766206,1.428571429,0.476190476,C21 H30 O10,21,30,10,0,0,0,0,0,0.0,lignin,0.8344007143098542
289,289,441.1405939,441.1403809,441.1402351,1.3,0.55,C20 H26 O11,20,26,11,0,0,0,0,0,0.0,lignin,0.8541178918181773
290,290,441.1040268,441.1038138,441.1038496,1.157894737,0.631578947,C19 H22 O12,19,22,12,0,0,0,0,0,0.0,lignin,0.9375757656279873
291,291,441.1017051,441.1014921,441.1013477,0.956521739,0.304347826,C23 H22 O7 S1,23,22,7,1,0,0,0,0,0.0,lignin,0.9228371019486576
292,292,441.0828327,441.0826198,441.0827202,0.818181818,0.454545455,C22 H18 O10,22,18,10,0,0,0,0,0,0.0,tannin,0.8888685685298932
293,293,441.0675367,441.0673237,441.0674641,1.0,0.722222222,C18 H18 O13,18,18,13,0,0,0,0,0,0.0,tannin,0.7187886609001521
294,294,441.0464985,441.0462856,441.0463347,0.666666667,0.523809524,C21 H14 O11,21,14,11,0,0,0,0,0,0.0,tannin,0.8933402581689249
295,295,439.2340202,439.2338087,439.2337416,1.565217391,0.347826087,C23 H36 O8,23,36,8,0,0,0,0,0,0.0,lipid,0.8877367502426065
296,296,439.197508,439.1972965,439.1973561,1.454545455,0.409090909,C22 H32 O9,22,32,9,0,0,0,0,0,0.0,lignin,0.8330576147525267
297,297,439.1610763,439.1608648,439.1609706,1.333333333,0.476190476,C21 H28 O10,21,28,10,0,0,0,0,0,0.0,lignin,0.8362265044741136
298,298,439.1248694,439.124658,439.1245851,1.2,0.55,C20 H24 O11,20,24,11,0,0,0,0,0,0.0,lignin,0.8429203321102083
299,299,439.0885244,439.088313,439.0881995,1.052631579,0.631578947,C19 H20 O12,19,20,12,0,0,0,0,0,0.0,tannin,0.5344452656300825
300,300,439.0673559,439.0671445,439.0670702,0.727272727,0.454545455,C22 H16 O10,22,16,10,0,0,0,0,0,0.0,tannin,0.8912626941760255
301,301,439.0519768,439.0517654,439.051814,0.888888889,0.722222222,C18 H16 O13,18,16,13,0,0,0,0,0,0.0,tannin,0.8860383850198895
302,302,438.1853881,438.1851774,438.1850608,1.428571429,0.428571429,C21 H30 O9 13C1,22,30,9,0,0,1,0,0,0.0,lignin,0.8336997195324882
303,303,437.2183382,437.2181283,437.2180915,1.47826087,0.347826087,C23 H34 O8,23,34,8,0,0,0,0,0,0.0,lipid,0.6149398372087977
304,304,437.1818162,437.1816063,437.181706,1.363636364,0.409090909,C22 H30 O9,22,30,9,0,0,0,0,0,0.0,lignin,0.8344546157711239
305,305,437.1455115,437.1453017,437.1453205,1.238095238,0.476190476,C21 H26 O10,21,26,10,0,0,0,0,0,0.0,lignin,0.8387578556575305
306,306,437.1092549,437.1090451,437.108935,1.1,0.55,C20 H22 O11,20,22,11,0,0,0,0,0,0.0,lignin,0.9234807836091358
307,307,437.072832,437.0726222,437.0725495,0.947368421,0.631578947,C19 H18 O12,19,18,12,0,0,0,0,0,0.0,tannin,0.8819629948653823
308,308,437.0363049,437.0360952,437.036164,0.777777778,0.722222222,C18 H14 O13,18,14,13,0,0,0,0,0,0.0,tannin,0.8872171647749152
309,309,436.2060683,436.2058592,436.2057963,1.454545455,0.363636364,C22 H32 O8 13C1,23,32,8,0,0,1,0,0,0.0,lignin,0.8325115136195407
310,310,436.1697384,436.1695293,436.1694108,1.333333333,0.428571429,C21 H28 O9 13C1,22,28,9,0,0,1,0,0,0.0,lignin,0.8353129386485975
311,311,435.2391345,435.2389262,435.238827,1.5,0.291666667,C24 H36 O7,24,36,7,0,0,0,0,0,0.0,lipid,0.8989137939023202
312,312,435.2025572,435.2023488,435.2024415,1.391304348,0.347826087,C23 H32 O8,23,32,8,0,0,0,0,0,0.0,lignin,0.8331844774466687
313,313,435.166158,435.1659497,435.1660559,1.272727273,0.409090909,C22 H28 O9,22,28,9,0,0,0,0,0,0.0,lignin,0.836205647908846
314,314,435.1299915,435.1297832,435.1296704,1.142857143,0.476190476,C21 H24 O10,21,24,10,0,0,0,0,0,0.0,lignin,0.879164104635571
315,315,435.0935924,435.0933842,435.0932849,1.0,0.55,C20 H20 O11,20,20,11,0,0,0,0,0,0.0,tannin,0.7180632888639532
316,316,435.056979,435.0567708,435.0568994,0.842105263,0.631578947,C19 H16 O12,19,16,12,0,0,0,0,0,0.0,tannin,0.8837915323224077
317,317,434.190466,434.1902584,434.1901462,1.363636364,0.363636364,C22 H30 O8 13C1,23,30,8,0,0,1,0,0,0.0,lignin,0.8338075984653373
318,318,434.1645046,434.1642971,434.1642823,1.318181818,0.272727273,C22 H29 O6 S1 N1,22,29,6,1,1,0,0,0,0.045454545,lipid,0.9021347176158153
319,319,434.1539097,434.1537022,434.1537607,1.238095238,0.428571429,C21 H26 O9 13C1,22,26,9,0,0,1,0,0,0.0,lignin,0.8375005342499972
320,320,433.2232756,433.2230689,433.2231769,1.416666667,0.291666667,C24 H34 O7,24,34,7,0,0,0,0,0,0.0,lignin,0.5229977670878153
321,321,433.1869779,433.1867711,433.1867914,1.304347826,0.347826087,C23 H30 O8,23,30,8,0,0,0,0,0,0.0,lignin,0.8345378593731582
322,322,433.1507266,433.1505199,433.1504059,1.181818182,0.409090909,C22 H26 O9,22,26,9,0,0,0,0,0,0.0,lignin,0.8386409515294984
323,323,433.1142475,433.1140408,433.1140204,1.047619048,0.476190476,C21 H22 O10,21,22,10,0,0,0,0,0,0.0,lignin,0.9231000809630941
324,324,433.1118054,433.1115987,433.1115184,0.88,0.2,C25 H22 O5 S1,25,22,5,1,0,0,0,0,0.0,tannin,0.5456505230544597
325,325,433.0777212,433.0775146,433.0776349,0.9,0.55,C20 H18 O11,20,18,11,0,0,0,0,0,0.0,tannin,0.8881038084823973
326,326,433.0753266,433.0751199,433.0751329,0.75,0.25,C24 H18 O6 S1,24,18,6,1,0,0,0,0,0.0,tannin,0.689438979078648
327,327,433.0414342,433.0412276,433.0412494,0.736842105,0.631578947,C19 H14 O12,19,14,12,0,0,0,0,0,0.0,tannin,0.8924790555830707
328,328,432.1745793,432.1743734,432.1744962,1.272727273,0.363636364,C22 H28 O8 13C1,23,28,8,0,0,1,0,0,0.0,lignin,0.8353536569308438
329,329,431.2442004,431.2439952,431.2439123,1.44,0.24,C25 H36 O6,25,36,6,0,0,0,0,0,0.0,lipid,0.8990991766440993
330,330,431.2078113,431.2076062,431.2075268,1.333333333,0.291666667,C24 H32 O7,24,32,7,0,0,0,0,0,0.0,lignin,0.8333202386735905
331,331,431.1843141,431.184109,431.1838955,0.903225806,0.0,C31 H28 S1,31,28,0,1,0,0,0,0,0.0,pah,0.9243082615318899
332,332,431.1713032,431.1710981,431.1711413,1.217391304,0.347826087,C23 H28 O8,23,28,8,0,0,0,0,0,0.0,lignin,0.8362328151436913
333,333,431.1479191,431.147714,431.14751,0.8,0.033333333,C30 H24 O1 S1,30,24,1,1,0,0,0,0,0.0,pah,0.947292963856194
334,334,431.1348679,431.1346628,431.1347558,1.090909091,0.409090909,C22 H24 O9,22,24,9,0,0,0,0,0,0.0,lignin,0.925637293056457
335,335,431.0986132,431.0984081,431.0983703,0.952380952,0.476190476,C21 H20 O10,21,20,10,0,0,0,0,0,0.0,tannin,0.8851658793705335
336,336,431.0833969,431.0831918,431.0831142,1.176470588,0.764705882,C17 H20 O13,17,20,13,0,0,0,0,0,0.0,lignin,0.871549817463768
337,337,431.0623032,431.0620981,431.0619848,0.8,0.55,C20 H16 O11,20,16,11,0,0,0,0,0,0.0,tannin,0.8912646698831658
338,338,431.0409171,431.040712,431.0408554,0.52173913,0.391304348,C23 H12 O9,23,12,9,0,0,0,0,0,0.0,tannin,0.6958124729381152
339,339,429.2283825,429.2281789,429.2282623,1.36,0.24,C25 H34 O6,25,34,6,0,0,0,0,0,0.0,lignin,0.7050156712212723
340,340,429.1921399,429.1919363,429.1918768,1.25,0.291666667,C24 H30 O7,24,30,7,0,0,0,0,0,0.0,lignin,0.8344997735755761
341,341,429.176972,429.1767684,429.1766206,1.5,0.5,C20 H30 O10,20,30,10,0,0,0,0,0,0.0,lignin,0.8273653065013118
342,342,429.1558048,429.1556013,429.1554913,1.130434783,0.347826087,C23 H26 O8,23,26,8,0,0,0,0,0,0.0,lignin,0.9178522739228869
343,343,429.1404635,429.1402599,429.1402351,1.368421053,0.578947368,C19 H26 O11,19,26,11,0,0,0,0,0,0.0,lignin,0.8690787382335774
344,344,429.1192637,429.1190602,429.1191058,1.0,0.409090909,C22 H22 O9,22,22,9,0,0,0,0,0,0.0,lignin,0.9229629923744872
345,345,429.1039392,429.1037357,429.1038496,1.222222222,0.666666667,C18 H22 O12,18,22,12,0,0,0,0,0,0.0,lignin,0.9378189442849829
346,346,429.0828838,429.0826803,429.0827202,0.857142857,0.476190476,C21 H18 O10,21,18,10,0,0,0,0,0,0.0,tannin,0.8881567082586823
347,347,429.0676335,429.06743,429.0674641,1.058823529,0.764705882,C17 H18 O13,17,18,13,0,0,0,0,0,0.0,tannin,0.7182159146236808
348,348,429.0466443,429.0464408,429.0463347,0.7,0.55,C20 H14 O11,20,14,11,0,0,0,0,0,0.0,tannin,0.8926375152229371
349,349,427.1975093,427.1973073,427.1973561,1.523809524,0.428571429,C21 H32 O9,21,32,9,0,0,0,0,0,0.0,lignin,0.6991516811539982
350,350,427.1764762,427.1762742,427.1762267,1.166666667,0.291666667,C24 H28 O7,24,28,7,0,0,0,0,0,0.0,lignin,0.8338693067683167
351,351,427.1612483,427.1610463,427.1609706,1.4,0.5,C20 H28 O10,20,28,10,0,0,0,0,0,0.0,lignin,0.835287767426083
352,352,427.1401249,427.1399229,427.1398412,1.043478261,0.347826087,C23 H24 O8,23,24,8,0,0,0,0,0,0.0,lignin,0.9242305602299566
353,353,427.124836,427.1246341,427.1245851,1.263157895,0.578947368,C19 H24 O11,19,24,11,0,0,0,0,0,0.0,lignin,0.8757937439833763
354,354,427.1036702,427.1034683,427.1034557,0.909090909,0.409090909,C22 H20 O9,22,20,9,0,0,0,0,0,0.0,tannin,0.884222573071407
355,355,427.0883286,427.0881267,427.0881995,1.111111111,0.666666667,C18 H20 O12,18,20,12,0,0,0,0,0,0.0,lignin,0.8010577142832004
356,356,427.0860064,427.0858045,427.0856976,0.909090909,0.318181818,C22 H20 O7 S1,22,20,7,1,0,0,0,0,0.0,tannin,0.8831251615686984
357,357,427.0671771,427.0669752,427.0670702,0.761904762,0.476190476,C21 H16 O10,21,16,10,0,0,0,0,0,0.0,tannin,0.8903953605749428
358,358,427.0519448,427.0517429,427.051814,0.941176471,0.764705882,C17 H16 O13,17,16,13,0,0,0,0,0,0.0,tannin,0.8854675522116354
359,359,426.2613637,426.2611624,426.2612032,2.210526316,0.368421053,C19 H42 O7 S1 13C1,20,42,7,1,0,1,0,0,0.0,lipid,0.8952239605765223
360,360,426.2613637,426.2611624,426.2609594,1.761904762,0.285714286,C21 H37 O6 N3,21,37,6,0,3,0,0,0,0.142857143,lipid,0.5021922420455306
361,361,425.258034,425.2578335,425.2578483,2.1,0.35,C20 H42 O7 S1,20,42,7,1,0,0,0,0,0.0,lipid,0.8959038058341307
362,362,425.218221,425.2180205,425.2180915,1.545454545,0.363636364,C22 H34 O8,22,34,8,0,0,0,0,0,0.0,lipid,0.8876568011452676
363,363,425.1819512,425.1817508,425.181706,1.428571429,0.428571429,C21 H30 O9,21,30,9,0,0,0,0,0,0.0,lignin,0.8336997195324882
364,364,425.1456108,425.1454104,425.1453205,1.3,0.5,C20 H26 O10,20,26,10,0,0,0,0,0,0.0,lignin,0.8376012675083813
365,365,425.1091517,425.1089514,425.108935,1.157894737,0.578947368,C19 H22 O11,19,22,11,0,0,0,0,0,0.0,lignin,0.9050256880101776
366,366,425.0878963,425.0876959,425.0878056,0.818181818,0.409090909,C22 H18 O9,22,18,9,0,0,0,0,0,0.0,tannin,0.8874377353024426
367,367,425.072631,425.0724307,425.0725495,1.0,0.666666667,C18 H18 O12,18,18,12,0,0,0,0,0,0.0,tannin,0.7188385592029459
368,368,425.0515712,425.0513709,425.0514201,0.666666667,0.476190476,C21 H14 O10,21,14,10,0,0,0,0,0,0.0,tannin,0.8925335271330035
369,369,424.16972,424.1695203,424.1694108,1.4,0.45,C20 H28 O9 13C1,21,28,9,0,0,1,0,0,0.0,lignin,0.8344730465960998
370,370,423.2026965,423.2024976,423.2024415,1.454545455,0.363636364,C22 H32 O8,22,32,8,0,0,0,0,0,0.0,lignin,0.8325115136195407
371,371,423.1663153,423.1661164,423.1660559,1.333333333,0.428571429,C21 H28 O9,21,28,9,0,0,0,0,0,0.0,lignin,0.8353129386485975
372,372,423.1297971,423.1295983,423.1296704,1.2,0.5,C20 H24 O10,20,24,10,0,0,0,0,0,0.0,lignin,0.8408858900156151
373,373,423.0934065,423.0932077,423.0932849,1.052631579,0.578947368,C19 H20 O11,19,20,11,0,0,0,0,0,0.0,lignin,0.7996701997119878
374,374,423.0572122,423.0570134,423.0568994,0.888888889,0.666666667,C18 H16 O12,18,16,12,0,0,0,0,0,0.0,tannin,0.8829197497931753
375,375,422.2301899,422.2299918,422.229903,2.0,0.368421053,C19 H38 O7 S1 13C1,20,38,7,1,0,1,0,0,0.0,lipid,0.8963428002914992
376,376,422.1904269,422.1902288,422.1901462,1.428571429,0.380952381,C21 H30 O8 13C1,22,30,8,0,0,1,0,0,0.0,lignin,0.8330678331558111
377,377,422.1538644,422.1536663,422.1537607,1.3,0.45,C20 H26 O9 13C1,21,26,9,0,0,1,0,0,0.0,lignin,0.8364472504454241
378,378,421.2268138,421.2266165,421.2265482,1.9,0.35,C20 H38 O7 S1,20,38,7,1,0,0,0,0,0.0,lipid,0.9504269085832171
379,379,421.2234299,421.2232326,421.2231769,1.47826087,0.304347826,C23 H34 O7,23,34,7,0,0,0,0,0,0.0,lipid,0.8989332362224884
380,380,421.1868774,421.1866801,421.1867914,1.363636364,0.363636364,C22 H30 O8,22,30,8,0,0,0,0,0,0.0,lignin,0.8338075984653373
381,381,421.1505632,421.150366,421.1504059,1.238095238,0.428571429,C21 H26 O9,21,26,9,0,0,0,0,0,0.0,lignin,0.8375005342499972
382,382,421.1143362,421.1141389,421.1140204,1.1,0.5,C20 H22 O10,20,22,10,0,0,0,0,0,0.0,lignin,0.923685074341073
383,383,421.0778483,421.0776511,421.0776349,0.947368421,0.578947368,C19 H18 O11,19,18,11,0,0,0,0,0,0.0,tannin,0.8874680083002593
384,384,421.0413146,421.0411174,421.0412494,0.777777778,0.666666667,C18 H14 O12,18,14,12,0,0,0,0,0,0.0,tannin,0.8856116285620196
385,385,421.0389196,421.0387224,421.0387474,0.636363636,0.318181818,C22 H14 O7 S1,22,14,7,1,0,0,0,0,0.0,tannin,0.6911739499665454
386,386,420.2109265,420.2107299,420.2108817,1.454545455,0.318181818,C22 H32 O7 13C1,23,32,7,0,0,1,0,0,0.0,lipid,0.6150837931048422
387,387,420.1747247,420.1745282,420.1744962,1.333333333,0.380952381,C21 H28 O8 13C1,22,28,8,0,0,1,0,0,0.0,lignin,0.8345375581929154
388,388,419.301686,419.3014901,419.3014272,2.0,0.318181818,C22 H44 O7,22,44,7,0,0,0,0,0,0.0,lipid,0.8968431055919046
389,389,419.244051,419.2438552,419.2439123,1.5,0.25,C24 H36 O6,24,36,6,0,0,0,0,0,0.0,lipid,0.8990755587185465
390,390,419.2078491,419.2076534,419.2075268,1.391304348,0.304347826,C23 H32 O7,23,32,7,0,0,0,0,0,0.0,lignin,0.8326715948802841
391,391,419.1713623,419.1711666,419.1711413,1.272727273,0.363636364,C22 H28 O8,22,28,8,0,0,0,0,0,0.0,lignin,0.8353536569308438
392,392,419.1348359,419.1346402,419.1347558,1.142857143,0.428571429,C21 H24 O9,21,24,9,0,0,0,0,0,0.0,lignin,0.8788650611170613
393,393,419.1324459,419.1322502,419.1322539,0.96,0.16,C25 H24 O4 S1,25,24,4,1,0,0,0,0,0.0,lignin,0.8697038544998261
394,394,419.0986187,419.0984231,419.0983703,1.0,0.5,C20 H20 O10,20,20,10,0,0,0,0,0,0.0,tannin,0.5343542876145502
395,395,419.0623042,419.0621085,419.0619848,0.842105263,0.578947368,C19 H16 O11,19,16,11,0,0,0,0,0,0.0,tannin,0.8896283600222408
396,396,418.1953049,418.1951099,418.1952316,1.363636364,0.318181818,C22 H30 O7 13C1,23,30,7,0,0,1,0,0,0.0,lignin,0.8332184885590884
397,397,418.1590042,418.1588092,418.1588461,1.238095238,0.380952381,C21 H26 O8 13C1,22,26,8,0,0,1,0,0,0.0,lignin,0.8364355341859937
398,398,417.2284077,417.2282135,417.2282623,1.416666667,0.25,C24 H34 O6,24,34,6,0,0,0,0,0,0.0,lipid,0.899139908530258
399,399,417.1921455,417.1919513,417.1918768,1.304347826,0.304347826,C23 H30 O7,23,30,7,0,0,0,0,0,0.0,lignin,0.8339270776083682
400,400,417.1557159,417.1555217,417.1554913,1.181818182,0.363636364,C22 H26 O8,22,26,8,0,0,0,0,0,0.0,lignin,0.8374666369775061
401,401,417.1191982,417.1190041,417.1191058,1.047619048,0.428571429,C21 H22 O9,21,22,9,0,0,0,0,0,0.0,lignin,0.9245349490279308
402,402,417.1039682,417.1037741,417.1038496,1.294117647,0.705882353,C17 H22 O12,17,22,12,0,0,0,0,0,0.0,lignin,0.8977547057089218
403,403,417.0829036,417.0827095,417.0827202,0.9,0.5,C20 H18 O10,20,18,10,0,0,0,0,0,0.0,tannin,0.8881561586193099
404,404,417.0677299,417.0675358,417.0674641,1.125,0.8125,C16 H18 O13,16,18,13,0,0,0,0,0,0.0,lignin,0.695307272391477
405,405,417.0466262,417.0464321,417.0463347,0.736842105,0.578947368,C19 H14 O11,19,14,11,0,0,0,0,0,0.0,tannin,0.8929972309390157
406,406,417.0252521,417.025058,417.0252054,0.454545455,0.409090909,C22 H10 O9,22,10,9,0,0,0,0,0,0.0,tannin,0.6839496296223005
407,407,415.2187162,415.2185236,415.2184854,2.117647059,0.647058824,C17 H36 O11,17,36,11,0,0,0,0,0,0.0,carbohydrate,0.9391977784474227
408,408,415.2128648,415.2126721,415.2126122,1.333333333,0.25,C24 H32 O6,24,32,6,0,0,0,0,0,0.0,lignin,0.8327240286549756
409,409,415.1765144,415.1763218,415.1762267,1.217391304,0.304347826,C23 H28 O7,23,28,7,0,0,0,0,0,0.0,lignin,0.8353131546094886
410,410,415.1611798,415.1609872,415.1609706,1.473684211,0.526315789,C19 H28 O10,19,28,10,0,0,0,0,0,0.0,lignin,0.8281985116508592
411,411,415.1399488,415.1397562,415.1398412,1.090909091,0.363636364,C22 H24 O8,22,24,8,0,0,0,0,0,0.0,lignin,0.9253329983054248
412,412,415.124658,415.1244655,415.1245851,1.333333333,0.611111111,C18 H24 O11,18,24,11,0,0,0,0,0,0.0,lignin,0.9317578855469945
413,413,415.1036169,415.1034243,415.1034557,0.952380952,0.428571429,C21 H20 O9,21,20,9,0,0,0,0,0,0.0,tannin,0.883472537078682
414,414,415.0884541,415.0882615,415.0881995,1.176470588,0.705882353,C17 H20 O12,17,20,12,0,0,0,0,0,0.0,lignin,0.9373981229188637
415,415,415.0674108,415.0672182,415.0670702,0.8,0.5,C20 H16 O10,20,16,10,0,0,0,0,0,0.0,tannin,0.8898634126020722
416,416,415.0520954,415.0519028,415.051814,1.0,0.8125,C16 H16 O13,16,16,13,0,0,0,0,0,0.0,tannin,0.7187612591084548
417,417,415.0285006,415.028308,415.0281827,0.52173913,0.260869565,C23 H12 O6 S1,23,12,6,1,0,0,0,0,0.0,pah,0.9427575910161027
418,418,414.2133927,414.2132008,414.2133405,1.65,0.4,C20 H33 O8 N1,20,33,8,0,1,0,0,0,0.05,lipid,0.9527080737460805
419,419,413.1971375,413.1969464,413.1969622,1.25,0.25,C24 H30 O6,24,30,6,0,0,0,0,0,0.0,lignin,0.8339009726134938
420,420,413.1817975,413.1816065,413.181706,1.5,0.45,C20 H30 O9,20,30,9,0,0,0,0,0,0.0,lignin,0.8267889167464967
421,421,413.1606955,413.1605044,413.1605766,1.130434783,0.304347826,C23 H26 O7,23,26,7,0,0,0,0,0,0.0,lignin,0.9179129277440101
422,422,413.1454702,413.1452791,413.1453205,1.368421053,0.526315789,C19 H26 O10,19,26,10,0,0,0,0,0,0.0,lignin,0.8364781403694513
423,423,413.1244332,413.1242421,413.1241911,1.0,0.363636364,C22 H22 O8,22,22,8,0,0,0,0,0,0.0,lignin,0.9231951468926688
424,424,413.1092301,413.109039,413.108935,1.222222222,0.611111111,C18 H22 O11,18,22,11,0,0,0,0,0,0.0,lignin,0.9054420749003365
425,425,413.0881018,413.0879108,413.0878056,0.857142857,0.428571429,C21 H18 O9,21,18,9,0,0,0,0,0,0.0,tannin,0.886355801163637
426,426,413.0727429,413.0725519,413.0725495,1.058823529,0.705882353,C17 H18 O12,17,18,12,0,0,0,0,0,0.0,tannin,0.7181912348985497
427,427,413.0515258,413.0513348,413.0514201,0.7,0.5,C20 H14 O10,20,14,10,0,0,0,0,0,0.0,tannin,0.8921734771064271
428,428,413.0362434,413.0360524,413.036164,0.875,0.8125,C16 H14 O13,16,14,13,0,0,0,0,0,0.0,tannin,0.8860206361983167
429,429,412.2188682,412.2186778,412.2188198,2.058823529,0.588235294,C17 H35 O10 N1,17,35,10,0,1,0,0,0,0.058823529,carbohydrate,0.9335238293401229
430,430,412.169681,412.1694907,412.1694108,1.473684211,0.473684211,C19 H28 O9 13C1,20,28,9,0,0,1,0,0,0.0,lignin,0.8274549635347638
431,431,412.133091,412.1329007,412.1330253,1.333333333,0.555555556,C18 H24 O10 13C1,19,24,10,0,0,1,0,0,0.0,lignin,0.8855529236594872
432,432,411.2026127,411.2024232,411.2024415,1.523809524,0.380952381,C21 H32 O8,21,32,8,0,0,0,0,0,0.0,lipid,0.8876253884668124
433,433,411.166359,411.1661695,411.1660559,1.4,0.45,C20 H28 O9,20,28,9,0,0,0,0,0,0.0,lignin,0.8344730465960998
434,434,411.1298186,411.1296291,411.1296704,1.263157895,0.526315789,C19 H24 O10,19,24,10,0,0,0,0,0,0.0,lignin,0.8394393452038115
435,435,411.1085825,411.108393,411.1085411,0.909090909,0.363636364,C22 H20 O8,22,20,8,0,0,0,0,0,0.0,tannin,0.8836043465835448
436,436,411.093368,411.0931786,411.0932849,1.111111111,0.611111111,C18 H20 O11,18,20,11,0,0,0,0,0,0.0,lignin,0.7962153711442304
437,437,411.0723707,411.0721812,411.0721556,0.761904762,0.428571429,C21 H16 O9,21,16,9,0,0,0,0,0,0.0,tannin,0.8905348109180251
438,438,411.0571877,411.0569983,411.0568994,0.941176471,0.705882353,C17 H16 O12,17,16,12,0,0,0,0,0,0.0,tannin,0.8855487762387957
439,439,410.1903073,410.1901186,410.1901462,1.5,0.4,C20 H30 O8 13C1,21,30,8,0,0,1,0,0,0.0,lignin,0.6991851238401421
440,440,410.1540591,410.1538704,410.1537607,1.368421053,0.473684211,C19 H26 O9 13C1,20,26,9,0,0,1,0,0,0.0,lignin,0.8354311653546528
441,441,409.3113655,409.3111774,409.3112041,1.5,0.071428571,C28 H42 O2,28,42,2,0,0,0,0,0,0.0,lipid,0.9000498036786798
442,442,409.2233256,409.2231376,409.2231769,1.545454545,0.318181818,C22 H34 O7,22,34,7,0,0,0,0,0,0.0,lipid,0.8880211989307194
443,443,409.1869083,409.1867203,409.1867914,1.428571429,0.380952381,C21 H30 O8,21,30,8,0,0,0,0,0,0.0,lignin,0.8330678331558111
444,444,409.1506578,409.1504698,409.1504059,1.3,0.45,C20 H26 O9,20,26,9,0,0,0,0,0,0.0,lignin,0.8364472504454241
445,445,409.1142825,409.1140945,409.1140204,1.157894737,0.526315789,C19 H22 O10,19,22,10,0,0,0,0,0,0.0,lignin,0.8434647626808582
446,446,409.0777074,409.0775195,409.0776349,1.0,0.611111111,C18 H18 O11,18,18,11,0,0,0,0,0,0.0,tannin,0.7204533358106446
447,447,409.0565719,409.056384,409.0565055,0.666666667,0.428571429,C21 H14 O9,21,14,9,0,0,0,0,0,0.0,tannin,0.8865710859608796
448,448,409.0413965,409.0412087,409.0412494,0.823529412,0.705882353,C17 H14 O12,17,14,12,0,0,0,0,0,0.0,tannin,0.8868202139143249
449,449,408.2109899,408.2108027,408.2108817,1.523809524,0.333333333,C21 H32 O7 13C1,22,32,7,0,0,1,0,0,0.0,lipid,0.8987030638286988
450,450,408.1746018,408.1744146,408.1744962,1.4,0.4,C20 H28 O8 13C1,21,28,8,0,0,1,0,0,0.0,lignin,0.8337426698163128
451,451,408.1384038,408.1382166,408.1381107,1.263157895,0.473684211,C19 H24 O9 13C1,20,24,9,0,0,1,0,0,0.0,lignin,0.8379342541388677
452,452,407.2076082,407.2074217,407.2075268,1.454545455,0.318181818,C22 H32 O7,22,32,7,0,0,0,0,0,0.0,lipid,0.6150837931048422
453,453,407.1713215,407.1711351,407.1711413,1.333333333,0.380952381,C21 H28 O8,21,28,8,0,0,0,0,0,0.0,lignin,0.8345375581929154
454,454,407.1350365,407.1348501,407.1347558,1.2,0.45,C20 H24 O9,20,24,9,0,0,0,0,0,0.0,lignin,0.8392294486551026
455,455,407.098543,407.0983567,407.0983703,1.052631579,0.526315789,C19 H20 O10,19,20,10,0,0,0,0,0,0.0,lignin,0.798972433992815
456,456,407.0620609,407.0618745,407.0619848,0.888888889,0.611111111,C18 H16 O11,18,16,11,0,0,0,0,0,0.0,tannin,0.8890079529608889
457,457,407.0234713,407.023285,407.0230974,0.571428571,0.333333333,C21 H12 O7 S1,21,12,7,1,0,0,0,0,0.0,tannin,0.6806830982355968
458,458,406.1953401,406.1951544,406.1952316,1.428571429,0.333333333,C21 H30 O7 13C1,22,30,7,0,0,1,0,0,0.0,lignin,0.8325051815489909
459,459,406.1590857,406.1589001,406.1588461,1.3,0.4,C20 H26 O8 13C1,21,26,8,0,0,1,0,0,0.0,lignin,0.8354687261162557
460,460,405.2283419,405.228157,405.2282623,1.47826087,0.260869565,C23 H34 O6,23,34,6,0,0,0,0,0,0.0,lipid,0.899105048974117
461,461,405.1920772,405.1918923,405.1918768,1.363636364,0.318181818,C22 H30 O7,22,30,7,0,0,0,0,0,0.0,lignin,0.8332184885590884
462,462,405.155776,405.1555911,405.1554913,1.238095238,0.380952381,C21 H26 O8,21,26,8,0,0,0,0,0,0.0,lignin,0.8364355341859937
463,463,405.1191855,405.1190006,405.1191058,1.1,0.45,C20 H22 O9,20,22,9,0,0,0,0,0,0.0,lignin,0.9241467758287756
464,464,405.1167671,405.1165822,405.1166038,0.916666667,0.166666667,C24 H22 O4 S1,24,22,4,1,0,0,0,0,0.0,lignin,0.6980301468519394
465,465,405.0828608,405.082676,405.0827202,0.947368421,0.526315789,C19 H18 O10,19,18,10,0,0,0,0,0,0.0,tannin,0.8857538208385117
466,466,405.0466066,405.0464218,405.0463347,0.777777778,0.611111111,C18 H14 O11,18,14,11,0,0,0,0,0,0.0,tannin,0.8911661515797213
467,467,405.044195,405.0440102,405.0438328,0.636363636,0.272727273,C22 H14 O6 S1,22,14,6,1,0,0,0,0,0.0,tannin,0.6740514095086221
468,468,404.3102497,404.3100654,404.3098674,2.095238095,0.285714286,C21 H44 O6 13C1,22,44,6,0,0,1,0,0,0.0,lipid,0.8958114127086478
469,469,404.1798633,404.1796791,404.1795815,1.333333333,0.333333333,C21 H28 O7 13C1,22,28,7,0,0,1,0,0,0.0,lignin,0.8338729306890442
470,470,404.1433433,404.1431592,404.143196,1.2,0.4,C20 H24 O8 13C1,21,24,8,0,0,1,0,0,0.0,lignin,0.8378584543447772
471,471,403.3067585,403.306575,403.3065126,2.0,0.272727273,C22 H44 O6,22,44,6,0,0,0,0,0,0.0,lipid,0.9123959166155313
472,472,403.2491789,403.2489955,403.2489977,1.5,0.208333333,C24 H36 O5,24,36,5,0,0,0,0,0,0.0,lipid,0.8990223816706114
473,473,403.2129189,403.2127355,403.2126122,1.391304348,0.260869565,C23 H32 O6,23,32,6,0,0,0,0,0,0.0,lignin,0.5228957124990143
474,474,403.1763301,403.1761467,403.1762267,1.272727273,0.318181818,C22 H28 O7,22,28,7,0,0,0,0,0,0.0,lignin,0.8346308195599859
475,475,403.1399912,403.1398078,403.1398412,1.142857143,0.380952381,C21 H24 O8,21,24,8,0,0,0,0,0,0.0,lignin,0.8372911099717408
476,476,403.1037485,403.1035652,403.1034557,1.0,0.45,C20 H20 O9,20,20,9,0,0,0,0,0,0.0,lignin,0.7997472816433296
477,477,403.0884537,403.0882704,403.0881995,1.25,0.75,C16 H20 O12,16,20,12,0,0,0,0,0,0.0,lignin,0.9379697367630134
478,478,403.0672426,403.0670593,403.0670702,0.842105263,0.526315789,C19 H16 O10,19,16,10,0,0,0,0,0,0.0,tannin,0.8902000671987619
479,479,403.0307849,403.0306016,403.0306847,0.666666667,0.611111111,C18 H12 O11,18,12,11,0,0,0,0,0,0.0,tannin,0.8945968876826651
480,480,403.0283966,403.0282134,403.0281827,0.545454545,0.272727273,C22 H12 O6 S1,22,12,6,1,0,0,0,0,0.0,pah,0.8359576561032211
481,481,401.1972494,401.1970676,401.1969622,1.304347826,0.260869565,C23 H30 O6,23,30,6,0,0,0,0,0,0.0,lignin,0.8332592890934049
482,482,401.1819872,401.1818053,401.181706,1.578947368,0.473684211,C19 H30 O9,19,30,9,0,0,0,0,0,0.0,lignin,0.5646120272796932
483,483,401.1607889,401.160607,401.1605766,1.181818182,0.318181818,C22 H26 O7,22,26,7,0,0,0,0,0,0.0,lignin,0.8363512312297198
484,484,401.1508607,401.1506789,401.1506807,0.916666667,0.166666667,C24 H22 O4 N2,24,22,4,0,2,0,0,0,0.083333333,pah,0.5432459487380105
485,485,401.1454349,401.145253,401.1453205,1.444444444,0.555555556,C18 H26 O10,18,26,10,0,0,0,0,0,0.0,lignin,0.8616668119793458
486,486,401.1242574,401.1240756,401.1241911,1.047619048,0.380952381,C21 H22 O8,21,22,8,0,0,0,0,0,0.0,lignin,0.9239370097849766
487,487,401.1090615,401.1088797,401.108935,1.294117647,0.647058824,C17 H22 O11,17,22,11,0,0,0,0,0,0.0,lignin,0.9367468205349448
488,488,401.0880398,401.087858,401.0878056,0.9,0.45,C20 H18 O9,20,18,9,0,0,0,0,0,0.0,tannin,0.8853331391773303
489,489,401.0728468,401.0726651,401.0725495,1.125,0.75,C16 H18 O12,16,18,12,0,0,0,0,0,0.0,lignin,0.8041493815571386
490,490,401.0516765,401.0514947,401.0514201,0.736842105,0.526315789,C19 H14 O10,19,14,10,0,0,0,0,0,0.0,tannin,0.8913894104755858
491,491,399.2224287,399.2222484,399.222344,2.111111111,0.388888889,C18 H38 O7 34S1,18,38,7,0,0,0,1,0,0.0,lipid,0.8955114304956654
492,492,399.202683,399.2025027,399.2024415,1.6,0.4,C20 H32 O8,20,32,8,0,0,0,0,0,0.0,lipid,0.8872600893033035
493,493,399.1816003,399.18142,399.1813121,1.217391304,0.260869565,C23 H28 O6,23,28,6,0,0,0,0,0,0.0,lignin,0.8345793083014653
494,494,399.1663291,399.1661488,399.1660559,1.473684211,0.473684211,C19 H28 O9,19,28,9,0,0,0,0,0,0.0,lignin,0.8274549635347638
495,495,399.1450435,399.1448633,399.1449266,1.090909091,0.318181818,C22 H24 O7,22,24,7,0,0,0,0,0,0.0,lignin,0.926251821520993
496,496,399.1297472,399.129567,399.1296704,1.333333333,0.555555556,C18 H24 O10,18,24,10,0,0,0,0,0,0.0,lignin,0.8855529236594872
497,497,399.1086475,399.1084672,399.1085411,0.952380952,0.380952381,C21 H20 O8,21,20,8,0,0,0,0,0,0.0,tannin,0.8829351455758822
498,498,399.0934832,399.093303,399.0932849,1.176470588,0.647058824,C17 H20 O11,17,20,11,0,0,0,0,0,0.0,lignin,0.9334354169466648
499,499,399.0724656,399.0722854,399.0721556,0.8,0.45,C20 H16 O9,20,16,9,0,0,0,0,0,0.0,tannin,0.889259166769776
500,500,399.0571531,399.0569729,399.0568994,1.0,0.75,C16 H16 O12,16,16,12,0,0,0,0,0,0.0,tannin,0.7187722595064604
501,501,398.2301708,398.2299912,398.229903,2.235294118,0.411764706,C17 H38 O7 S1 13C1,18,38,7,1,0,1,0,0,0.0,lipid,0.8954253472840892
502,502,398.1539414,398.1537618,398.1537607,1.444444444,0.5,C18 H26 O9 13C1,19,26,9,0,0,1,0,0,0.0,lignin,0.8282831421771762
503,503,397.2267882,397.2266093,397.2265482,2.111111111,0.388888889,C18 H38 O7 S1,18,38,7,1,0,0,0,0,0.0,lipid,0.8955114304956654
504,504,397.1870165,397.1868378,397.1867914,1.5,0.4,C20 H30 O8,20,30,8,0,0,0,0,0,0.0,lignin,0.6991851238401421
505,505,397.1505148,397.1503361,397.1504059,1.368421053,0.473684211,C19 H26 O9,19,26,9,0,0,0,0,0,0.0,lignin,0.8354311653546528
506,506,397.1142227,397.114044,397.1140204,1.222222222,0.555555556,C18 H22 O10,18,22,10,0,0,0,0,0,0.0,lignin,0.8613108101946756
507,507,397.0931572,397.0929785,397.092891,0.857142857,0.380952381,C21 H18 O8,21,18,8,0,0,0,0,0,0.0,tannin,0.8850789147845107
508,508,397.0779102,397.0777315,397.0776349,1.058823529,0.647058824,C17 H18 O11,17,18,11,0,0,0,0,0,0.0,tannin,0.5384903959759445
509,509,397.0567244,397.0565458,397.0565055,0.7,0.45,C20 H14 O9,20,14,9,0,0,0,0,0,0.0,tannin,0.8916338881188077
510,510,397.0413787,397.0412,397.0412494,0.875,0.75,C16 H14 O12,16,14,12,0,0,0,0,0,0.0,tannin,0.8861719482091654
511,511,396.1747775,396.1745995,396.1744962,1.473684211,0.421052632,C19 H28 O8 13C1,20,28,8,0,0,1,0,0,0.0,lignin,0.8329424263277572
512,512,396.1382596,396.1380816,396.1381107,1.333333333,0.5,C18 H24 O9 13C1,19,24,9,0,0,1,0,0,0.0,lignin,0.8367388708071595
513,513,395.2076191,395.2074419,395.2075268,1.523809524,0.333333333,C21 H32 O7,21,32,7,0,0,0,0,0,0.0,lipid,0.8987030638286988
514,514,395.1713112,395.171134,395.1711413,1.4,0.4,C20 H28 O8,20,28,8,0,0,0,0,0,0.0,lignin,0.8337426698163128
515,515,395.1350511,395.1348738,395.1347558,1.263157895,0.473684211,C19 H24 O9,19,24,9,0,0,0,0,0,0.0,lignin,0.8379342541388677
516,516,395.0984491,395.098272,395.0983703,1.111111111,0.555555556,C18 H20 O10,18,20,10,0,0,0,0,0,0.0,lignin,0.9235886018153199
517,517,395.077335,395.0771578,395.0772409,0.761904762,0.380952381,C21 H16 O8,21,16,8,0,0,0,0,0,0.0,tannin,0.8900717174199209
518,518,395.0621532,395.061976,395.0619848,0.941176471,0.647058824,C17 H16 O11,17,16,11,0,0,0,0,0,0.0,tannin,0.8820460864989048
519,519,394.2811919,394.2810153,394.2810261,2.157894737,0.368421053,C19 H41 O7 N1,19,41,7,0,1,0,0,0,0.052631579,lipid,0.8980922997333147
520,520,394.1953362,394.1951597,394.1952316,1.5,0.35,C20 H30 O7 13C1,21,30,7,0,0,1,0,0,0.0,lipid,0.8987133088926436
521,521,394.1589874,394.158811,394.1588461,1.368421053,0.421052632,C19 H26 O8 13C1,20,26,8,0,0,1,0,0,0.0,lignin,0.8345541250536979
522,522,394.1227303,394.1225538,394.1224606,1.222222222,0.5,C18 H22 O9 13C1,19,22,9,0,0,1,0,0,0.0,lignin,0.8400352790112302
523,523,393.1920027,393.191827,393.1918768,1.428571429,0.333333333,C21 H30 O7,21,30,7,0,0,0,0,0,0.0,lignin,0.8325051815489909
524,524,393.1556113,393.1554356,393.1554913,1.3,0.4,C20 H26 O8,20,26,8,0,0,0,0,0,0.0,lignin,0.8354687261162557
525,525,393.1193764,393.1192008,393.1191058,1.157894737,0.473684211,C19 H22 O9,19,22,9,0,0,0,0,0,0.0,lignin,0.8390207913383911
526,526,393.0828631,393.0826874,393.0827202,1.0,0.555555556,C18 H18 O10,18,18,10,0,0,0,0,0,0.0,tannin,0.7182419971692593
527,527,393.0464408,393.0462652,393.0463347,0.823529412,0.647058824,C17 H14 O11,17,14,11,0,0,0,0,0,0.0,tannin,0.8842376128177181
528,528,393.044046,393.0438704,393.0438328,0.666666667,0.285714286,C21 H14 O6 S1,21,14,6,1,0,0,0,0,0.0,tannin,0.6832341391308281
529,529,392.1796809,392.1795059,392.1795815,1.4,0.35,C20 H28 O7 13C1,21,28,7,0,0,1,0,0,0.0,lignin,0.8330869837025784
530,530,392.1433674,392.1431925,392.143196,1.263157895,0.421052632,C19 H24 O8 13C1,20,24,8,0,0,1,0,0,0.0,lignin,0.8366819585757919
531,531,391.2128311,391.2126569,391.2126122,1.454545455,0.272727273,C22 H32 O6,22,32,6,0,0,0,0,0,0.0,lipid,0.8991358874016202
532,532,391.1763063,391.1761321,391.1762267,1.333333333,0.333333333,C21 H28 O7,21,28,7,0,0,0,0,0,0.0,lignin,0.8338729306890442
533,533,391.1400445,391.1398703,391.1398412,1.2,0.4,C20 H24 O8,20,24,8,0,0,0,0,0,0.0,lignin,0.8378584543447772
534,534,391.1036953,391.1035211,391.1034557,1.052631579,0.473684211,C19 H20 O9,19,20,9,0,0,0,0,0,0.0,lignin,0.9231642844065927
535,535,391.0671341,391.0669599,391.0670702,0.888888889,0.555555556,C18 H16 O10,18,16,10,0,0,0,0,0,0.0,tannin,0.888417713617072
536,536,391.0309133,391.0307392,391.0306847,0.705882353,0.647058824,C17 H12 O11,17,12,11,0,0,0,0,0,0.0,tannin,0.8870714778792166
537,537,391.0284853,391.0283112,391.0281827,0.571428571,0.285714286,C21 H12 O6 S1,21,12,6,1,0,0,0,0,0.0,tannin,0.5787028797422653
538,538,390.1640879,390.1639144,390.1639315,1.3,0.35,C20 H26 O7 13C1,21,26,7,0,0,1,0,0,0.0,lignin,0.834644694332989
539,539,389.2910474,389.2908746,389.2908625,2.0,0.285714286,C21 H42 O6,21,42,6,0,0,0,0,0,0.0,lipid,0.8972473438244724
540,540,389.1970512,389.1968785,389.1969622,1.363636364,0.272727273,C22 H30 O6,22,30,6,0,0,0,0,0,0.0,lignin,0.832476577468784
541,541,389.1608562,389.1606835,389.1605766,1.238095238,0.333333333,C21 H26 O7,21,26,7,0,0,0,0,0,0.0,lignin,0.8355138997417013
542,542,389.1243349,389.1241623,389.1241911,1.1,0.4,C20 H22 O8,20,22,8,0,0,0,0,0,0.0,lignin,0.9260178454543573
543,543,389.0879093,389.0877367,389.0878056,0.947368421,0.473684211,C19 H18 O9,19,18,9,0,0,0,0,0,0.0,tannin,0.8852616182208575
544,544,389.0726938,389.0725212,389.0725495,1.2,0.8,C15 H18 O12,15,18,12,0,0,0,0,0,0.0,lignin,0.9083349281392836
545,545,389.0516724,389.0514998,389.0514201,0.777777778,0.555555556,C18 H14 O10,18,14,10,0,0,0,0,0,0.0,tannin,0.8917544267563218
546,546,387.1814598,387.1812886,387.1813121,1.272727273,0.272727273,C22 H28 O6,22,28,6,0,0,0,0,0,0.0,lignin,0.8338891467467956
547,547,387.1661315,387.1659603,387.1660559,1.555555556,0.5,C18 H28 O9,18,28,9,0,0,0,0,0,0.0,lignin,0.8266031854817719
548,548,387.1450243,387.1448532,387.1449266,1.142857143,0.333333333,C21 H24 O7,21,24,7,0,0,0,0,0,0.0,lignin,0.8352416794532239
549,549,387.1298407,387.1296696,387.1296704,1.411764706,0.588235294,C17 H24 O10,17,24,10,0,0,0,0,0,0.0,lignin,0.8596743067086043
550,550,387.1087919,387.1086208,387.1085411,1.0,0.4,C20 H20 O8,20,20,8,0,0,0,0,0,0.0,lignin,0.9229951599688443
551,551,387.0935051,387.0933339,387.0932849,1.25,0.6875,C16 H20 O11,16,20,11,0,0,0,0,0,0.0,lignin,0.9373111529463104
552,552,387.0722449,387.0720738,387.0721556,0.842105263,0.473684211,C19 H16 O9,19,16,9,0,0,0,0,0,0.0,tannin,0.8885584598329499
553,553,387.0569887,387.0568176,387.0568994,1.066666667,0.8,C15 H16 O12,15,16,12,0,0,0,0,0,0.0,tannin,0.7181584298038171
554,554,387.0359026,387.0357316,387.0357701,0.666666667,0.555555556,C18 H12 O10,18,12,10,0,0,0,0,0,0.0,tannin,0.8936620665946929
555,555,387.0335215,387.0333504,387.0332681,0.545454545,0.227272727,C22 H12 O5 S1,22,12,5,1,0,0,0,0,0.0,pah,0.9429079140770261
556,556,385.2056101,385.2054404,385.2054188,1.7,0.25,C20 H34 O5 S1,20,34,5,1,0,0,0,0,0.0,lipid,0.8878211654675752
557,557,385.187033,385.1868633,385.1867914,1.578947368,0.421052632,C19 H30 O8,19,30,8,0,0,0,0,0,0.0,lipid,0.8872158406070341
558,558,385.1657982,385.1656285,385.165662,1.181818182,0.272727273,C22 H26 O6,22,26,6,0,0,0,0,0,0.0,lignin,0.8354546494763826
559,559,385.1504732,385.1503035,385.1504059,1.444444444,0.5,C18 H26 O9,18,26,9,0,0,0,0,0,0.0,lignin,0.8282831421771762
560,560,385.1293972,385.1292275,385.1292765,1.047619048,0.333333333,C21 H22 O7,21,22,7,0,0,0,0,0,0.0,lignin,0.924531749404783
561,561,385.1142431,385.1140735,385.1140204,1.294117647,0.588235294,C17 H22 O10,17,22,10,0,0,0,0,0,0.0,lignin,0.8705117197456845
562,562,385.0931572,385.0929876,385.092891,0.9,0.4,C20 H18 O8,20,18,8,0,0,0,0,0,0.0,tannin,0.8843017126936044
563,563,385.0778475,385.0776779,385.0776349,1.125,0.6875,C16 H18 O11,16,18,11,0,0,0,0,0,0.0,lignin,0.8044095158226628
564,564,385.0565911,385.0564215,385.0565055,0.736842105,0.473684211,C19 H14 O9,19,14,9,0,0,0,0,0,0.0,tannin,0.8908747937123872
565,565,385.0412927,385.0411231,385.0412494,0.933333333,0.8,C15 H14 O12,15,14,12,0,0,0,0,0,0.0,tannin,0.8854986123794397
566,566,384.1384039,384.138235,384.1381107,1.411764706,0.529411765,C17 H24 O9 13C1,18,24,9,0,0,1,0,0,0.0,lignin,0.8293299320096675
567,567,383.2077713,383.2076031,383.2075268,1.6,0.35,C20 H32 O7,20,32,7,0,0,0,0,0,0.0,lipid,0.887567316184467
568,568,383.1712306,383.1710625,383.1711413,1.473684211,0.421052632,C19 H28 O8,19,28,8,0,0,0,0,0,0.0,lignin,0.8329424263277572
569,569,383.1349492,383.1347811,383.1347558,1.333333333,0.5,C18 H24 O9,18,24,9,0,0,0,0,0,0.0,lignin,0.8367388708071595
570,570,383.0986138,383.0984457,383.0983703,1.176470588,0.588235294,C17 H20 O10,17,20,10,0,0,0,0,0,0.0,lignin,0.8696242068198721
571,571,383.0773297,383.0771616,383.0772409,0.8,0.4,C20 H16 O8,20,16,8,0,0,0,0,0,0.0,tannin,0.887987590440153
572,572,383.0620289,383.0618609,383.0619848,1.0,0.6875,C16 H16 O11,16,16,11,0,0,0,0,0,0.0,tannin,0.7188162608953104
573,573,382.2350727,382.2349052,382.2349884,2.235294118,0.352941176,C17 H38 O6 S1 13C1,18,38,6,1,0,1,0,0,0.0,lipid,0.8952333918759068
574,574,382.2350727,382.2349052,382.2347446,1.736842105,0.263157895,C19 H33 O5 N3,19,33,5,0,3,0,0,0,0.157894737,peptide,0.7716880076793204
575,575,382.159011,382.1588436,382.1588461,1.444444444,0.444444444,C18 H26 O8 13C1,19,26,8,0,0,1,0,0,0.0,lignin,0.8336779378339203
576,576,382.1225577,382.1223903,382.1224606,1.294117647,0.529411765,C17 H22 O9 13C1,18,22,9,0,0,1,0,0,0.0,lignin,0.8385555082181227
577,577,381.2317677,381.231601,381.2316336,2.111111111,0.333333333,C18 H38 O6 S1,18,38,6,1,0,0,0,0,0.0,lipid,0.8959999529514524
578,578,381.1920207,381.1918541,381.1918768,1.5,0.35,C20 H30 O7,20,30,7,0,0,0,0,0,0.0,lipid,0.8987133088926436
579,579,381.1557502,381.1555836,381.1554913,1.368421053,0.421052632,C19 H26 O8,19,26,8,0,0,0,0,0,0.0,lignin,0.8345541250536979
580,580,381.1191773,381.1190107,381.1191058,1.222222222,0.5,C18 H22 O9,18,22,9,0,0,0,0,0,0.0,lignin,0.8400352790112302
581,581,381.082931,381.0827644,381.0827202,1.058823529,0.588235294,C17 H18 O10,17,18,10,0,0,0,0,0,0.0,lignin,0.7997197866742848
582,582,381.0465686,381.0464021,381.0463347,0.875,0.6875,C16 H14 O11,16,14,11,0,0,0,0,0,0.0,tannin,0.8863063375075599
583,583,380.1796889,380.179523,380.1795815,1.473684211,0.368421053,C19 H28 O7 13C1,20,28,7,0,0,1,0,0,0.0,lignin,0.7051830624225264
584,584,380.1434718,380.1433059,380.143196,1.333333333,0.444444444,C18 H24 O8 13C1,19,24,8,0,0,1,0,0,0.0,lignin,0.8356017707481657
585,585,380.1068688,380.1067029,380.1068105,1.176470588,0.529411765,C17 H20 O9 13C1,18,20,9,0,0,1,0,0,0.0,lignin,0.8404865065150892
586,586,379.2127767,379.2126115,379.2126122,1.523809524,0.285714286,C21 H32 O6,21,32,6,0,0,0,0,0,0.0,lipid,0.8988622185062674
587,587,379.17632,379.1761548,379.1762267,1.4,0.35,C20 H28 O7,20,28,7,0,0,0,0,0,0.0,lignin,0.8330869837025784
588,588,379.1401157,379.1399506,379.1398412,1.263157895,0.421052632,C19 H24 O8,19,24,8,0,0,0,0,0,0.0,lignin,0.8366819585757919
589,589,379.103516,379.1033509,379.1034557,1.111111111,0.5,C18 H20 O9,18,20,9,0,0,0,0,0,0.0,lignin,0.9238766061941412
590,590,379.1011209,379.1009558,379.1009538,0.909090909,0.181818182,C22 H20 O4 S1,22,20,4,1,0,0,0,0,0.0,lignin,0.7032741411236854
591,591,379.0672574,379.0670924,379.0670702,0.941176471,0.588235294,C17 H16 O10,17,16,10,0,0,0,0,0,0.0,tannin,0.8877585091174358
592,592,379.0309299,379.0307648,379.0306847,0.75,0.6875,C16 H12 O11,16,12,11,0,0,0,0,0,0.0,tannin,0.886080380840762
593,593,379.0284949,379.0283298,379.0281827,0.6,0.3,C20 H12 O6 S1,20,12,6,1,0,0,0,0,0.0,tannin,0.6757180230909425
594,594,378.1641277,378.1639633,378.1639315,1.368421053,0.368421053,C19 H26 O7 13C1,20,26,7,0,0,1,0,0,0.0,lignin,0.8337981667391554
595,595,378.1277759,378.1276115,378.127546,1.222222222,0.444444444,C18 H22 O8 13C1,19,22,8,0,0,1,0,0,0.0,lignin,0.8383631886455438
596,596,377.2820344,377.2818707,377.2819221,2.222222222,0.333333333,C18 H40 O6 13C2,20,40,6,0,0,2,0,0,0.0,lipid,0.8954395285221282
597,597,377.1970304,377.1968668,377.1969622,1.428571429,0.285714286,C21 H30 O6,21,30,6,0,0,0,0,0,0.0,lipid,0.6152643190638664
598,598,377.1608434,377.1606798,377.1605766,1.3,0.35,C20 H26 O7,20,26,7,0,0,0,0,0,0.0,lignin,0.834644694332989
599,599,377.1243208,377.1241572,377.1241911,1.157894737,0.421052632,C19 H22 O8,19,22,8,0,0,0,0,0,0.0,lignin,0.8372411582367747
600,600,377.1218899,377.1217263,377.1216892,0.956521739,0.130434783,C23 H22 O3 S1,23,22,3,1,0,0,0,0,0.0,lignin,0.853714136747521
601,601,377.0879192,377.0877556,377.0878056,1.0,0.5,C18 H18 O9,18,18,9,0,0,0,0,0,0.0,tannin,0.5343542876145502
602,602,377.0516646,377.051501,377.0514201,0.823529412,0.588235294,C17 H14 O10,17,14,10,0,0,0,0,0,0.0,tannin,0.8900533721712502
603,603,377.0127192,377.0125556,377.0125327,0.5,0.3,C20 H10 O6 S1,20,10,6,1,0,0,0,0,0.0,pah,0.579578123880469
604,604,376.2788975,376.2787345,376.2785673,2.105263158,0.315789474,C19 H40 O6 13C1,20,40,6,0,0,1,0,0,0.0,lipid,0.8962037383831521
605,605,376.1484525,376.1482896,376.1482814,1.263157895,0.368421053,C19 H24 O7 13C1,20,24,7,0,0,1,0,0,0.0,lignin,0.8356344679256787
606,606,375.2754773,375.2753151,375.2752125,2.0,0.3,C20 H40 O6,20,40,6,0,0,0,0,0,0.0,lipid,0.8970647538889185
607,607,375.2178614,375.2176992,375.2176976,1.454545455,0.227272727,C22 H32 O5,22,32,5,0,0,0,0,0,0.0,lipid,0.8991103371069687
608,608,375.1815345,375.1813723,375.1813121,1.333333333,0.285714286,C21 H28 O6,21,28,6,0,0,0,0,0,0.0,lignin,0.8330510647877931
609,609,375.145001,375.1448388,375.1449266,1.2,0.35,C20 H24 O7,20,24,7,0,0,0,0,0,0.0,lignin,0.8370549320286065
610,610,375.1087502,375.1085881,375.1085411,1.052631579,0.421052632,C19 H20 O8,19,20,8,0,0,0,0,0,0.0,lignin,0.9246741862486655
611,611,375.1063504,375.1061883,375.1060391,0.869565217,0.130434783,C23 H20 O3 S1,23,20,3,1,0,0,0,0,0.0,tannin,0.4455962231774526
612,612,375.0723543,375.0721922,375.0721556,0.888888889,0.5,C18 H16 O9,18,16,9,0,0,0,0,0,0.0,tannin,0.8885945528392828
613,613,375.0569794,375.0568173,375.0568994,1.142857143,0.857142857,C14 H16 O12,14,16,12,0,0,0,0,0,0.0,lignin,0.8135919786442123
614,614,375.0358376,375.0356756,375.0357701,0.705882353,0.588235294,C17 H12 O10,17,12,10,0,0,0,0,0,0.0,tannin,0.8939191578622026
615,615,375.0334445,375.0332824,375.0332681,0.571428571,0.238095238,C21 H12 O5 S1,21,12,5,1,0,0,0,0,0.0,pah,0.9429693357001483
616,616,373.2054769,373.2053162,373.2054188,1.789473684,0.263157895,C19 H34 O5 S1,19,34,5,1,0,0,0,0,0.0,lipid,0.9117373307860788
617,617,373.2021461,373.2019854,373.2020475,1.363636364,0.227272727,C22 H30 O5,22,30,5,0,0,0,0,0,0.0,lignin,0.5229219938313043
618,618,373.1659365,373.1657758,373.165662,1.238095238,0.285714286,C21 H26 O6,21,26,6,0,0,0,0,0,0.0,lignin,0.8346100428821439
619,619,373.1506074,373.1504468,373.1504059,1.529411765,0.529411765,C17 H26 O9,17,26,9,0,0,0,0,0,0.0,lignin,0.8609689138860667
620,620,373.1293372,373.1291765,373.1292765,1.1,0.35,C20 H22 O7,20,22,7,0,0,0,0,0,0.0,lignin,0.9259083379256863
621,621,373.1141028,373.1139422,373.1140204,1.375,0.625,C16 H22 O10,16,22,10,0,0,0,0,0,0.0,lignin,0.8926964560417048
622,622,373.0930878,373.0929272,373.092891,0.947368421,0.421052632,C19 H18 O8,19,18,8,0,0,0,0,0,0.0,tannin,0.8834873499862365
623,623,373.0778791,373.0777185,373.0776349,1.2,0.733333333,C15 H18 O11,15,18,11,0,0,0,0,0,0.0,lignin,0.9351041219580637
624,624,373.0567008,373.0565402,373.0565055,0.777777778,0.5,C18 H14 O9,18,14,9,0,0,0,0,0,0.0,tannin,0.8903120038459488
625,625,373.0413843,373.0412237,373.0412494,1.0,0.857142857,C14 H14 O12,14,14,12,0,0,0,0,0,0.0,tannin,0.6618957217883642
626,626,373.0178023,373.0176417,373.0176181,0.476190476,0.238095238,C21 H10 O5 S1,21,10,5,1,0,0,0,0,0.0,pah,0.9426808646166105
627,627,372.2756488,372.2754888,372.2755468,1.95,0.25,C20 H39 O5 N1,20,39,5,0,1,0,0,0,0.05,lipid,0.9154159602515435
628,628,371.2076582,371.207499,371.2075268,1.684210526,0.368421053,C19 H32 O7,19,32,7,0,0,0,0,0,0.0,lipid,0.8871301460979518
629,629,371.1899465,371.1897873,371.1897688,1.684210526,0.263157895,C19 H32 O5 S1,19,32,5,1,0,0,0,0,0.0,lipid,0.8877987029957936
630,630,371.18662,371.1864608,371.1863975,1.272727273,0.227272727,C22 H28 O5,22,28,5,0,0,0,0,0,0.0,lignin,0.8332797002956926
631,631,371.1713972,371.171238,371.1711413,1.555555556,0.444444444,C18 H28 O8,18,28,8,0,0,0,0,0,0.0,lignin,0.5644977643999162
632,632,371.1502562,371.1500971,371.150012,1.142857143,0.285714286,C21 H24 O6,21,24,6,0,0,0,0,0,0.0,lignin,0.8342165739532424
633,633,371.1348377,371.1346785,371.1347558,1.411764706,0.529411765,C17 H24 O9,17,24,9,0,0,0,0,0,0.0,lignin,0.8293299320096675
634,634,371.1137121,371.1135529,371.1136264,1.0,0.35,C20 H20 O7,20,20,7,0,0,0,0,0,0.0,lignin,0.9232898567126135
635,635,371.0985688,371.0984097,371.0983703,1.25,0.625,C16 H20 O10,16,20,10,0,0,0,0,0,0.0,lignin,0.9374903237143478
636,636,371.0774916,371.0773324,371.0772409,0.842105263,0.421052632,C19 H16 O8,19,16,8,0,0,0,0,0,0.0,tannin,0.8867513495449076
637,637,371.0621893,371.0620302,371.0619848,1.066666667,0.733333333,C15 H16 O11,15,16,11,0,0,0,0,0,0.0,tannin,0.7181227087884073
638,638,371.0409262,371.0407671,371.0408554,0.666666667,0.5,C18 H12 O9,18,12,9,0,0,0,0,0,0.0,tannin,0.8929154893576697
639,639,371.025681,371.0255219,371.0255993,0.857142857,0.857142857,C14 H12 O12,14,12,12,0,0,0,0,0,0.0,tannin,0.8860522208457097
640,640,370.159078,370.1589196,370.1588461,1.529411765,0.470588235,C17 H26 O8 13C1,18,26,8,0,0,1,0,0,0.0,lignin,0.8265938027476514
641,641,370.1226592,370.1225008,370.1224606,1.375,0.5625,C16 H22 O9 13C1,17,22,9,0,0,1,0,0,0.0,lignin,0.8689680844681595
642,642,369.2106888,369.2105311,369.2105042,1.7,0.2,C20 H34 O4 S1,20,34,4,1,0,0,0,0,0.0,lipid,0.8882832046011397
643,643,369.1920333,369.1918756,369.1918768,1.578947368,0.368421053,C19 H30 O7,19,30,7,0,0,0,0,0,0.0,lipid,0.8875339098984247
644,644,369.1742163,369.1740586,369.1741187,1.578947368,0.263157895,C19 H30 O5 S1,19,30,5,1,0,0,0,0,0.0,lipid,0.8884108714478677
645,645,369.1555947,369.155437,369.1554913,1.444444444,0.444444444,C18 H26 O8,18,26,8,0,0,0,0,0,0.0,lignin,0.8336779378339203
646,646,369.1193627,369.119205,369.1191058,1.294117647,0.529411765,C17 H22 O9,17,22,9,0,0,0,0,0,0.0,lignin,0.8385555082181227
647,647,369.0981349,369.0979772,369.0979764,0.9,0.35,C20 H18 O7,20,18,7,0,0,0,0,0,0.0,tannin,0.8836284918248406
648,648,369.0827945,369.0826369,369.0827202,1.125,0.625,C16 H18 O10,16,18,10,0,0,0,0,0,0.0,lignin,0.923819692016124
649,649,369.0616801,369.0615225,369.0615909,0.736842105,0.421052632,C19 H14 O8,19,14,8,0,0,0,0,0,0.0,tannin,0.8908048602081117
650,650,369.0465256,369.046368,369.0463347,0.933333333,0.733333333,C15 H14 O11,15,14,11,0,0,0,0,0,0.0,tannin,0.885607464066563
651,651,368.1798097,368.1796527,368.1795815,1.555555556,0.388888889,C18 H28 O7 13C1,19,28,7,0,0,1,0,0,0.0,lipid,0.8874412228509632
652,652,368.143263,368.1431061,368.143196,1.411764706,0.470588235,C17 H24 O8 13C1,18,24,8,0,0,1,0,0,0.0,lignin,0.8345930226308214
653,653,368.1071041,368.1069472,368.1068105,1.25,0.5625,C16 H20 O9 13C1,17,20,9,0,0,1,0,0,0.0,lignin,0.8918273028810111
654,654,367.2128216,367.2126653,367.2126122,1.6,0.3,C20 H32 O6,20,32,6,0,0,0,0,0,0.0,lipid,0.8879386577473328
655,655,367.1764072,367.176251,367.1762267,1.473684211,0.368421053,C19 H28 O7,19,28,7,0,0,0,0,0,0.0,lignin,0.7051830624225264
656,656,367.139928,367.1397719,367.1398412,1.333333333,0.444444444,C18 H24 O8,18,24,8,0,0,0,0,0,0.0,lignin,0.8356017707481657
657,657,367.1037132,367.1035571,367.1034557,1.176470588,0.529411765,C17 H20 O9,17,20,9,0,0,0,0,0,0.0,lignin,0.8404865065150892
658,658,367.0671634,367.0670073,367.0670702,1.0,0.625,C16 H16 O10,16,16,10,0,0,0,0,0,0.0,tannin,0.7149311823157929
659,659,367.0460314,367.0458753,367.0459408,0.631578947,0.421052632,C19 H12 O8,19,12,8,0,0,0,0,0,0.0,tannin,0.8832019529438492
660,660,367.0308548,367.0306987,367.0306847,0.8,0.733333333,C15 H12 O11,15,12,11,0,0,0,0,0,0.0,tannin,0.8869355359903219
661,661,366.2498637,366.2497081,366.249726,2.176470588,0.411764706,C17 H37 O7 N1,17,37,7,0,1,0,0,0,0.058823529,lipid,0.9006713290155757
662,662,366.1640317,366.1638762,366.1639315,1.444444444,0.388888889,C18 H26 O7 13C1,19,26,7,0,0,1,0,0,0.0,lignin,0.8329453447100488
663,663,366.1277243,366.1275689,366.127546,1.294117647,0.470588235,C17 H22 O8 13C1,18,22,8,0,0,1,0,0,0.0,lignin,0.8370481707535029
664,664,365.1971955,365.1970408,365.1969622,1.5,0.3,C20 H30 O6,20,30,6,0,0,0,0,0,0.0,lipid,0.8988833019797393
665,665,365.1606692,365.1605145,365.1605766,1.368421053,0.368421053,C19 H26 O7,19,26,7,0,0,0,0,0,0.0,lignin,0.8337981667391554
666,666,365.1244249,365.1242702,365.1241911,1.222222222,0.444444444,C18 H22 O8,18,22,8,0,0,0,0,0,0.0,lignin,0.8383631886455438
667,667,365.087948,365.0877933,365.0878056,1.058823529,0.529411765,C17 H18 O9,17,18,9,0,0,0,0,0,0.0,lignin,0.7989984966383796
668,668,365.0854997,365.085345,365.0853037,0.857142857,0.19047619,C21 H18 O4 S1,21,18,4,1,0,0,0,0,0.0,tannin,0.6708644693742182
669,669,365.0667271,365.0665724,365.0666763,0.7,0.35,C20 H14 O7,20,14,7,0,0,0,0,0,0.0,tannin,0.8480883696187901
670,670,365.0515341,365.0513794,365.0514201,0.875,0.625,C16 H14 O10,16,14,10,0,0,0,0,0,0.0,tannin,0.8893488806351136
671,671,365.0491539,365.0489993,365.0489182,0.7,0.25,C20 H14 O5 S1,20,14,5,1,0,0,0,0,0.0,tannin,0.6770982436052244
672,672,364.1847355,364.1845815,364.1846669,1.473684211,0.315789474,C19 H28 O6 13C1,20,28,6,0,0,1,0,0,0.0,lipid,0.8989043669567967
673,673,364.1484819,364.1483279,364.1482814,1.333333333,0.388888889,C18 H24 O7 13C1,19,24,7,0,0,1,0,0,0.0,lignin,0.8346571906617998
674,674,364.1120282,364.1118742,364.1118959,1.176470588,0.470588235,C17 H20 O8 13C1,18,20,8,0,0,1,0,0,0.0,lignin,0.8381771370223309
675,675,363.2753705,363.2752171,363.2752125,2.105263158,0.315789474,C19 H40 O6,19,40,6,0,0,0,0,0,0.0,lipid,0.8962037383831521
676,676,363.181493,363.1813397,363.1813121,1.4,0.3,C20 H28 O6,20,28,6,0,0,0,0,0,0.0,lignin,0.8325094714093435
677,677,363.1451201,363.1449669,363.1449266,1.263157895,0.368421053,C19 H24 O7,19,24,7,0,0,0,0,0,0.0,lignin,0.8356344679256787
678,678,363.1086157,363.1084625,363.1085411,1.111111111,0.444444444,C18 H20 O8,18,20,8,0,0,0,0,0,0.0,lignin,0.9244800061505736
679,679,363.1062204,363.1060672,363.1060391,0.909090909,0.136363636,C22 H20 O3 S1,22,20,3,1,0,0,0,0,0.0,lignin,0.5766390369185463
680,680,363.072411,363.0722578,363.0721556,0.941176471,0.529411765,C17 H16 O9,17,16,9,0,0,0,0,0,0.0,tannin,0.8862348843835012
681,681,363.0358505,363.0356974,363.0357701,0.75,0.625,C16 H12 O10,16,12,10,0,0,0,0,0,0.0,tannin,0.8921572274611455
682,682,363.0334393,363.0332861,363.0332681,0.6,0.25,C20 H12 O5 S1,20,12,5,1,0,0,0,0,0.0,pah,0.5796838894949758
683,683,362.1691108,362.1689583,362.1690169,1.368421053,0.315789474,C19 H26 O6 13C1,20,26,6,0,0,1,0,0,0.0,lignin,0.8331204436372474
684,684,362.1327976,362.1326451,362.1326313,1.222222222,0.388888889,C18 H22 O7 13C1,19,22,7,0,0,1,0,0,0.0,lignin,0.8369959120087316
685,685,361.2021393,361.2019875,361.2020475,1.428571429,0.238095238,C21 H30 O5,21,30,5,0,0,0,0,0,0.0,lipid,0.8991594035646813
686,686,361.1658636,361.1657118,361.165662,1.3,0.3,C20 H26 O6,20,26,6,0,0,0,0,0,0.0,lignin,0.8337416936517474
687,687,361.1294466,361.1292949,361.1292765,1.157894737,0.368421053,C19 H22 O7,19,22,7,0,0,0,0,0,0.0,lignin,0.8361584277190202
688,688,361.0929868,361.0928351,361.092891,1.0,0.444444444,C18 H18 O8,18,18,8,0,0,0,0,0,0.0,lignin,0.7997275990059256
689,689,361.0906222,361.0904704,361.0903891,0.818181818,0.136363636,C22 H18 O3 S1,22,18,3,1,0,0,0,0,0.0,pah,0.8385149258274653
690,690,361.0778664,361.0777147,361.0776349,1.285714286,0.785714286,C14 H18 O11,14,18,11,0,0,0,0,0,0.0,lignin,0.9022890218302425
691,691,361.0567317,361.05658,361.0565055,0.823529412,0.529411765,C17 H14 O9,17,14,9,0,0,0,0,0,0.0,tannin,0.8906032986819842
692,692,361.0201751,361.0200234,361.02012,0.625,0.625,C16 H10 O10,16,10,10,0,0,0,0,0,0.0,tannin,0.8950742156957221
693,693,361.0177814,361.0176298,361.0176181,0.5,0.25,C20 H10 O5 S1,20,10,5,1,0,0,0,0,0.0,pah,0.9427203376834943
694,694,359.1866222,359.1864719,359.1863975,1.333333333,0.238095238,C21 H28 O5,21,28,5,0,0,0,0,0,0.0,lignin,0.8325827229365658
695,695,359.1501293,359.149979,359.150012,1.2,0.3,C20 H24 O6,20,24,6,0,0,0,0,0,0.0,lignin,0.8355864217761433
696,696,359.1348374,359.1346872,359.1347558,1.5,0.5625,C16 H24 O9,16,24,9,0,0,0,0,0,0.0,lignin,0.8610221949516811
697,697,359.1137668,359.1136165,359.1136264,1.052631579,0.368421053,C19 H20 O7,19,20,7,0,0,0,0,0,0.0,lignin,0.9241931596496284
698,698,359.0985869,359.0984367,359.0983703,1.333333333,0.666666667,C15 H20 O10,15,20,10,0,0,0,0,0,0.0,lignin,0.8927516930537751
699,699,359.0774746,359.0773244,359.0772409,0.888888889,0.444444444,C18 H16 O8,18,16,8,0,0,0,0,0,0.0,tannin,0.8855841935154203
700,700,359.0621218,359.0619716,359.0619848,1.142857143,0.785714286,C14 H16 O11,14,16,11,0,0,0,0,0,0.0,lignin,0.8713769566273971
701,701,359.0409172,359.040767,359.0408554,0.705882353,0.529411765,C17 H12 O9,17,12,9,0,0,0,0,0,0.0,tannin,0.8921435345976952
702,702,357.1919657,357.1918169,357.1918768,1.666666667,0.388888889,C18 H30 O7,18,30,7,0,0,0,0,0,0.0,lipid,0.8870856076941287
703,703,357.1742017,357.1740529,357.1741187,1.666666667,0.277777778,C18 H30 O5 S1,18,30,5,1,0,0,0,0,0.0,lipid,0.8877741968319114
704,704,357.1708601,357.1707112,357.1707474,1.238095238,0.238095238,C21 H26 O5,21,26,5,0,0,0,0,0,0.0,lignin,0.8339133382080854
705,705,357.1557226,357.1555738,357.1554913,1.529411765,0.470588235,C17 H26 O8,17,26,8,0,0,0,0,0,0.0,lignin,0.8265938027476514
706,706,357.1345873,357.1344385,357.1343619,1.1,0.3,C20 H22 O6,20,22,6,0,0,0,0,0,0.0,lignin,0.9270961699149929
707,707,357.1192067,357.1190579,357.1191058,1.375,0.5625,C16 H22 O9,16,22,9,0,0,0,0,0,0.0,lignin,0.8689680844681595
708,708,357.0980217,357.0978729,357.0979764,0.947368421,0.368421053,C19 H18 O7,19,18,7,0,0,0,0,0,0.0,tannin,0.8829069074112894
709,709,357.0828769,357.0827281,357.0827202,1.2,0.666666667,C15 H18 O10,15,18,10,0,0,0,0,0,0.0,lignin,0.9346222680973405
710,710,357.061805,357.0616563,357.0615909,0.777777778,0.444444444,C18 H14 O8,18,14,8,0,0,0,0,0,0.0,tannin,0.889695562991165
711,711,357.0465091,357.0463604,357.0463347,1.0,0.785714286,C14 H14 O11,14,14,11,0,0,0,0,0,0.0,tannin,0.7187612826936334
712,712,357.0252657,357.0251169,357.0252054,0.588235294,0.529411765,C17 H10 O9,17,10,9,0,0,0,0,0,0.0,tannin,0.8945280966372529
713,713,356.2807336,356.2805854,356.2806322,1.95,0.2,C20 H39 O4 N1,20,39,4,0,1,0,0,0,0.05,lipid,0.9170857156122156
714,714,356.19831,356.1981619,356.198209,1.777777778,0.222222222,C18 H32 O4 S1 13C1,19,32,4,1,0,1,0,0,0.0,lipid,0.8876372532709956
715,715,356.1434583,356.1433102,356.143196,1.5,0.5,C16 H24 O8 13C1,17,24,8,0,0,1,0,0,0.0,lignin,0.8273653065013118
716,716,356.1068931,356.1067451,356.1068105,1.333333333,0.6,C15 H20 O9 13C1,16,20,9,0,0,1,0,0,0.0,lignin,0.8989794111211274
717,717,355.1962109,355.1960636,355.1961293,2.125,0.375,C16 H34 O6 34S1,16,34,6,0,0,0,1,0,0.0,lipid,0.8955564970908574
718,718,355.1949257,355.1947783,355.1948542,1.684210526,0.210526316,C19 H32 O4 S1,19,32,4,1,0,0,0,0,0.0,lipid,0.8882764400204015
719,719,355.1763243,355.1761769,355.1762267,1.555555556,0.388888889,C18 H28 O7,18,28,7,0,0,0,0,0,0.0,lipid,0.8874412228509632
720,720,355.1400803,355.139933,355.1398412,1.411764706,0.470588235,C17 H24 O8,17,24,8,0,0,0,0,0,0.0,lignin,0.8345930226308214
721,721,355.1035157,355.1033684,355.1034557,1.25,0.5625,C16 H20 O9,16,20,9,0,0,0,0,0,0.0,lignin,0.8918273028810111
722,722,355.0825392,355.0823919,355.0823263,0.842105263,0.368421053,C19 H16 O7,19,16,7,0,0,0,0,0,0.0,tannin,0.8852441316062967
723,723,355.0673193,355.067172,355.0670702,1.066666667,0.666666667,C15 H16 O10,15,16,10,0,0,0,0,0,0.0,tannin,0.5384688998705429
724,724,355.0460856,355.0459383,355.0459408,0.666666667,0.444444444,C18 H12 O8,18,12,8,0,0,0,0,0,0.0,tannin,0.8917474833399839
725,725,355.0307408,355.0305935,355.0306847,0.857142857,0.785714286,C14 H12 O11,14,12,11,0,0,0,0,0,0.0,tannin,0.8862498318473137
726,726,354.2037738,354.2036271,354.2036883,2.266666667,0.4,C15 H34 O6 S1 13C1,16,34,6,1,0,1,0,0,0.0,lipid,0.8953813427494071
727,727,354.1641959,354.1640493,354.1639315,1.529411765,0.411764706,C17 H26 O7 13C1,18,26,7,0,0,1,0,0,0.0,lignin,0.5644410084860741
728,728,354.1276008,354.1274542,354.127546,1.375,0.5,C16 H22 O8 13C1,17,22,8,0,0,1,0,0,0.0,lignin,0.8357920129054219
729,729,353.2157068,353.2155609,353.2155896,1.7,0.15,C20 H34 O3 S1,20,34,3,1,0,0,0,0,0.0,lipid,0.8888963100116485
730,730,353.2005295,353.2003836,353.2003335,2.125,0.375,C16 H34 O6 S1,16,34,6,1,0,0,0,0,0.0,lipid,0.8955564970908574
731,731,353.1971767,353.1970308,353.1969622,1.578947368,0.315789474,C19 H30 O6,19,30,6,0,0,0,0,0,0.0,lipid,0.887918011836413
732,732,353.1793814,353.1792355,353.1792041,1.578947368,0.210526316,C19 H30 O4 S1,19,30,4,1,0,0,0,0,0.0,lipid,0.8989893866289629
733,733,353.1606984,353.1605525,353.1605766,1.444444444,0.388888889,C18 H26 O7,18,26,7,0,0,0,0,0,0.0,lignin,0.8329453447100488
734,734,353.1243522,353.1242064,353.1241911,1.294117647,0.470588235,C17 H22 O8,17,22,8,0,0,0,0,0,0.0,lignin,0.8370481707535029
735,735,353.0879845,353.0878387,353.0878056,1.125,0.5625,C16 H18 O9,16,18,9,0,0,0,0,0,0.0,lignin,0.9211925866681876
736,736,353.0667109,353.0665651,353.0666763,0.736842105,0.368421053,C19 H14 O7,19,14,7,0,0,0,0,0,0.0,tannin,0.8847553646849132
737,737,353.0515228,353.051377,353.0514201,0.933333333,0.666666667,C15 H14 O10,15,14,10,0,0,0,0,0,0.0,tannin,0.885758639618804
738,738,352.1881269,352.1879817,352.1880382,2.133333333,0.4,C15 H32 O6 S1 13C1,16,32,6,1,0,1,0,0,0.0,lipid,0.8953193825493141
739,739,352.1847251,352.1845799,352.1846669,1.555555556,0.333333333,C18 H28 O6 13C1,19,28,6,0,0,1,0,0,0.0,lipid,0.887841149763051
740,740,352.1484943,352.1483492,352.1482814,1.411764706,0.411764706,C17 H24 O7 13C1,18,24,7,0,0,1,0,0,0.0,lignin,0.8337243166814716
741,741,352.1120103,352.1118652,352.1118959,1.25,0.5,C16 H20 O8 13C1,17,20,8,0,0,1,0,0,0.0,lignin,0.8390726626231947
742,742,352.0762854,352.0761403,352.076136,0.833333333,0.166666667,C18 H15 O3 S1 N3,18,15,3,1,3,0,0,0,0.166666667,pah,0.6421435618263976
743,743,351.2177934,351.2176489,351.2176976,1.6,0.25,C20 H32 O5,20,32,5,0,0,0,0,0,0.0,lipid,0.8884135794682871
744,744,351.1849101,351.1847656,351.1846834,2.0,0.375,C16 H32 O6 S1,16,32,6,1,0,0,0,0,0.0,lipid,0.8962749012232921
745,745,351.1815251,351.1813806,351.1813121,1.473684211,0.315789474,C19 H28 O6,19,28,6,0,0,0,0,0,0.0,lipid,0.8989043669567967
746,746,351.1450028,351.1448583,351.1449266,1.333333333,0.388888889,C18 H24 O7,18,24,7,0,0,0,0,0,0.0,lignin,0.8346571906617998
747,747,351.1087624,351.108618,351.1085411,1.176470588,0.470588235,C17 H20 O8,17,20,8,0,0,0,0,0,0.0,lignin,0.8381771370223309
748,748,351.0722484,351.0721041,351.0721556,1.0,0.5625,C16 H16 O9,16,16,9,0,0,0,0,0,0.0,tannin,0.7184856346802457
749,749,351.0359423,351.035798,351.0357701,0.8,0.666666667,C15 H12 O10,15,12,10,0,0,0,0,0,0.0,tannin,0.8850477108536452
750,750,350.1691328,350.1689891,350.1690169,1.444444444,0.333333333,C18 H26 O6 13C1,19,26,6,0,0,1,0,0,0.0,lignin,0.7051367445582484
751,751,350.132836,350.1326924,350.1326313,1.294117647,0.411764706,C17 H22 O7 13C1,18,22,7,0,0,1,0,0,0.0,lignin,0.835809388057631
752,752,349.2022812,349.2021382,349.2020475,1.5,0.25,C20 H30 O5,20,30,5,0,0,0,0,0,0.0,lipid,0.8990755587185465
753,753,349.1657301,349.1655871,349.165662,1.368421053,0.315789474,C19 H26 O6,19,26,6,0,0,0,0,0,0.0,lignin,0.8331204436372474
754,754,349.1295133,349.1293704,349.1292765,1.222222222,0.388888889,C18 H22 O7,18,22,7,0,0,0,0,0,0.0,lignin,0.8369959120087316
755,755,349.0929713,349.0928284,349.092891,1.058823529,0.470588235,C17 H18 O8,17,18,8,0,0,0,0,0,0.0,lignin,0.9232541407148626
756,756,349.0905567,349.0904138,349.0903891,0.857142857,0.142857143,C21 H18 O3 S1,21,18,3,1,0,0,0,0,0.0,tannin,0.4466678151245416
757,757,349.0567249,349.056582,349.0565055,0.875,0.5625,C16 H14 O9,16,14,9,0,0,0,0,0,0.0,tannin,0.8887760590738665
758,758,349.020205,349.0200622,349.02012,0.666666667,0.666666667,C15 H10 O10,15,10,10,0,0,0,0,0,0.0,tannin,0.8875171320512413
759,759,349.0177955,349.0176527,349.0176181,0.526315789,0.263157895,C19 H10 O5 S1,19,10,5,1,0,0,0,0,0.0,pah,0.942765440678415
760,760,348.153438,348.1532957,348.1533668,1.333333333,0.333333333,C18 H24 O6 13C1,19,24,6,0,0,1,0,0,0.0,lignin,0.8338729306890442
761,761,348.117161,348.1170188,348.1169813,1.176470588,0.411764706,C17 H20 O7 13C1,18,20,7,0,0,1,0,0,0.0,lignin,0.8363898939348801
762,762,347.2804361,347.2802945,347.2802979,2.105263158,0.263157895,C19 H40 O5,19,40,5,0,0,0,0,0,0.0,lipid,0.895994962779433
763,763,347.2441261,347.2439845,347.2439123,2.0,0.333333333,C18 H36 O6,18,36,6,0,0,0,0,0,0.0,lipid,0.8966668682152645
764,764,347.1866186,347.186477,347.1863975,1.4,0.25,C20 H28 O5,20,28,5,0,0,0,0,0,0.0,lipid,0.7445036516428389
765,765,347.1500782,347.1499367,347.150012,1.263157895,0.315789474,C19 H24 O6,19,24,6,0,0,0,0,0,0.0,lignin,0.8345463118716229
766,766,347.1172345,347.117093,347.1169978,1.6,0.466666667,C15 H24 O7 S1,15,24,7,1,0,0,0,0,0.0,lipid,0.8869126513236528
767,767,347.1138347,347.1136932,347.1136264,1.111111111,0.388888889,C18 H20 O7,18,20,7,0,0,0,0,0,0.0,lignin,0.9260685236304826
768,768,347.0985723,347.0984308,347.0983703,1.428571429,0.714285714,C14 H20 O10,14,20,10,0,0,0,0,0,0.0,lignin,0.7270515418893693
769,769,347.0773305,347.077189,347.0772409,0.941176471,0.470588235,C17 H16 O8,17,16,8,0,0,0,0,0,0.0,tannin,0.8853816780091762
770,770,347.0748723,347.0747309,347.074739,0.761904762,0.142857143,C21 H16 O3 S1,21,16,3,1,0,0,0,0,0.0,pah,0.9443461768307954
771,771,347.0620326,347.0618912,347.0619848,1.230769231,0.846153846,C13 H16 O11,13,16,11,0,0,0,0,0,0.0,lignin,0.865709191476714
772,772,347.0410567,347.0409153,347.0408554,0.75,0.5625,C16 H12 O9,16,12,9,0,0,0,0,0,0.0,tannin,0.892419795980868
773,773,347.0386632,347.0385218,347.0383535,0.6,0.2,C20 H12 O4 S1,20,12,4,1,0,0,0,0,0.0,pah,0.9430551960357576
774,774,346.1377649,346.1376241,346.1377167,1.222222222,0.333333333,C18 H22 O6 13C1,19,22,6,0,0,1,0,0,0.0,lignin,0.8362041427777758
775,775,345.170831,345.1706909,345.1707474,1.3,0.25,C20 H26 O5,20,26,5,0,0,0,0,0,0.0,lignin,0.8331806222944973
776,776,345.1555637,345.1554237,345.1554913,1.625,0.5,C16 H26 O8,16,26,8,0,0,0,0,0,0.0,lipid,0.9110977448828196
777,777,345.1345667,345.1344267,345.1343619,1.157894737,0.315789474,C19 H22 O6,19,22,6,0,0,0,0,0,0.0,lignin,0.8345049064539636
778,778,345.119338,345.119198,345.1191058,1.466666667,0.6,C15 H22 O9,15,22,9,0,0,0,0,0,0.0,lignin,0.8920687337041704
779,779,345.1014759,345.1013358,345.1013477,1.466666667,0.466666667,C15 H22 O7 S1,15,22,7,1,0,0,0,0,0.0,lignin,0.8274811547214409
780,780,345.0980723,345.0979322,345.0979764,1.0,0.388888889,C18 H18 O7,18,18,7,0,0,0,0,0,0.0,lignin,0.9230455634826772
781,781,345.0827936,345.0826536,345.0827202,1.285714286,0.714285714,C14 H18 O10,14,18,10,0,0,0,0,0,0.0,lignin,0.9367365103719767
782,782,345.0617856,345.0616456,345.0615909,0.823529412,0.470588235,C17 H14 O8,17,14,8,0,0,0,0,0,0.0,tannin,0.8889972895408199
783,783,345.0465431,345.0464031,345.0463347,1.076923077,0.846153846,C13 H14 O11,13,14,11,0,0,0,0,0,0.0,lignin,0.5150527798436108
784,784,345.0253325,345.0251926,345.0252054,0.625,0.5625,C16 H10 O9,16,10,9,0,0,0,0,0,0.0,tannin,0.8942533763501563
785,785,343.2126744,343.2125357,343.2126122,1.777777778,0.333333333,C18 H32 O6,18,32,6,0,0,0,0,0,0.0,lipid,0.9113668518805105
786,786,343.1764464,343.1763078,343.1762267,1.647058824,0.411764706,C17 H28 O7,17,28,7,0,0,0,0,0,0.0,lipid,0.887035803792673
787,787,343.1586275,343.1584889,343.1584686,1.647058824,0.294117647,C17 H28 O5 S1,17,28,5,1,0,0,0,0,0.0,lipid,0.8877471779130696
788,788,343.1552813,343.1551427,343.1550973,1.2,0.25,C20 H24 O5,20,24,5,0,0,0,0,0,0.0,lignin,0.83470904881592
789,789,343.139909,343.1397704,343.1398412,1.5,0.5,C16 H24 O8,16,24,8,0,0,0,0,0,0.0,lignin,0.8273653065013118
790,790,343.1188255,343.1186869,343.1187118,1.052631579,0.315789474,C19 H20 O6,19,20,6,0,0,0,0,0,0.0,lignin,0.924942827172873
791,791,343.1036857,343.1035472,343.1034557,1.333333333,0.6,C15 H20 O9,15,20,9,0,0,0,0,0,0.0,lignin,0.8989794111211274
792,792,343.0824921,343.0823536,343.0823263,0.888888889,0.388888889,C18 H16 O7,18,16,7,0,0,0,0,0,0.0,tannin,0.8843954586917059
793,793,343.0671409,343.0670024,343.0670702,1.142857143,0.714285714,C14 H16 O10,14,16,10,0,0,0,0,0,0.0,lignin,0.813279368650133
794,794,343.0460445,343.045906,343.0459408,0.705882353,0.470588235,C17 H12 O8,17,12,8,0,0,0,0,0,0.0,tannin,0.8917518655347261
795,795,343.030884,343.0307455,343.0306847,0.923076923,0.846153846,C13 H12 O11,13,12,11,0,0,0,0,0,0.0,tannin,0.885544910791214
796,796,342.2651645,342.2650265,342.2649821,1.947368421,0.210526316,C19 H37 O4 N1,19,37,4,0,1,0,0,0,0.052631579,lipid,0.917092730815458
797,797,342.1992953,342.1991574,342.1990902,1.777777778,0.166666667,C18 H32 O3 13C1 34S1,19,32,3,0,0,1,1,0,0.0,lipid,0.8881190179620504
798,798,342.1826056,342.1824677,342.1825589,1.764705882,0.235294118,C17 H30 O4 S1 13C1,18,30,4,1,0,1,0,0,0.0,lipid,0.8876058677771839
799,799,342.1826056,342.1824677,342.1823151,1.315789474,0.157894737,C19 H25 O3 N3,19,25,3,0,3,0,0,0,0.157894737,peptide,0.8386618935982716
800,800,342.1277284,342.1275905,342.127546,1.466666667,0.533333333,C15 H22 O8 13C1,16,22,8,0,0,1,0,0,0.0,lignin,0.8617302558400242
801,801,342.0912602,342.0911224,342.0911605,1.285714286,0.642857143,C14 H18 O9 13C1,15,18,9,0,0,1,0,0,0.0,lignin,0.9368792747350903
802,802,341.2699456,341.2698083,341.2697332,1.9,0.2,C20 H38 O4,20,38,4,0,0,0,0,0,0.0,lipid,0.9116552432229884
803,803,341.2067386,341.2066014,341.2066492,1.882352941,0.176470588,C17 H32 O3 S1 13C2,19,32,3,1,0,2,0,0,0.0,lipid,0.9119108651009821
804,804,341.2043023,341.2041651,341.2041845,1.684210526,0.105263158,C19 H32 O2 S1 18O1,19,32,2,1,0,0,0,1,0.0,lipid,0.8893599169661794
805,805,341.1971042,341.196967,341.1969622,1.666666667,0.333333333,C18 H30 O6,18,30,6,0,0,0,0,0,0.0,lipid,0.8873950242524898
806,806,341.1959027,341.1957655,341.1957354,1.684210526,0.157894737,C19 H32 O3 34S1,19,32,3,0,0,0,1,0,0.0,lipid,0.8889193028084751
807,807,341.1793762,341.1792391,341.1792041,1.666666667,0.222222222,C18 H30 O4 S1,18,30,4,1,0,0,0,0,0.0,lipid,0.8882690063209321
808,808,341.1607274,341.1605902,341.1605766,1.529411765,0.411764706,C17 H26 O7,17,26,7,0,0,0,0,0,0.0,lignin,0.5644410084860741
809,809,341.1243539,341.1242167,341.1241911,1.375,0.5,C16 H22 O8,16,22,8,0,0,0,0,0,0.0,lignin,0.8357920129054219
810,810,341.1091746,341.1090375,341.108935,1.833333333,0.916666667,C12 H22 O11,12,22,11,0,0,0,0,0,0.0,carbohydrate,0.9442126816878812
811,811,341.1032845,341.1031474,341.1030618,0.947368421,0.315789474,C19 H18 O6,19,18,6,0,0,0,0,0,0.0,lignin,0.7566098511473209
812,812,341.0879243,341.0877872,341.0878056,1.2,0.6,C15 H18 O9,15,18,9,0,0,0,0,0,0.0,lignin,0.9059390441440254
813,813,341.0667284,341.0665913,341.0666763,0.777777778,0.388888889,C18 H14 O7,18,14,7,0,0,0,0,0,0.0,tannin,0.8899577323622199
814,814,341.0516037,341.0514666,341.0514201,1.0,0.714285714,C14 H14 O10,14,14,10,0,0,0,0,0,0.0,tannin,0.718794579387262
815,815,341.0305226,341.0303855,341.0302907,0.588235294,0.470588235,C17 H10 O8,17,10,8,0,0,0,0,0,0.0,tannin,0.8854301244298088
816,816,340.2033501,340.2032137,340.2032944,1.777777778,0.166666667,C18 H32 O3 S1 13C1,19,32,3,1,0,1,0,0,0.0,lipid,0.8881190179620504
817,817,340.2033501,340.2032137,340.2030506,1.35,0.1,C20 H27 O2 N3,20,27,2,0,3,0,0,0,0.15,peptide,0.837461143683212
818,818,340.1484483,340.1483119,340.1482814,1.5,0.4375,C16 H24 O7 13C1,17,24,7,0,0,1,0,0,0.0,lignin,0.826658791362721
819,819,340.1120021,340.1118657,340.1118959,1.333333333,0.533333333,C15 H20 O8 13C1,16,20,8,0,0,1,0,0,0.0,lignin,0.8375261257168185
820,820,339.2000298,339.1998941,339.1999395,1.684210526,0.157894737,C19 H32 O3 S1,19,32,3,1,0,0,0,0,0.0,lipid,0.8889193028084751
821,821,339.1813894,339.1812537,339.1813121,1.555555556,0.333333333,C18 H28 O6,18,28,6,0,0,0,0,0,0.0,lipid,0.887841149763051
822,822,339.1637103,339.1635746,339.163554,1.555555556,0.222222222,C18 H28 O4 S1,18,28,4,1,0,0,0,0,0.0,lipid,0.8990245004456753
823,823,339.1451412,339.1450055,339.1449266,1.411764706,0.411764706,C17 H24 O7,17,24,7,0,0,0,0,0,0.0,lignin,0.8337243166814716
824,824,339.1086223,339.1084867,339.1085411,1.25,0.5,C16 H20 O8,16,20,8,0,0,0,0,0,0.0,lignin,0.8390726626231947
825,825,339.0723496,339.0722139,339.0721556,1.066666667,0.6,C15 H16 O9,15,16,9,0,0,0,0,0,0.0,lignin,0.7998495313383561
826,826,339.0511081,339.0509725,339.0510262,0.666666667,0.388888889,C18 H12 O7,18,12,7,0,0,0,0,0,0.0,tannin,0.8818871016181191
827,827,339.0358364,339.0357008,339.0357701,0.857142857,0.714285714,C14 H12 O10,14,12,10,0,0,0,0,0,0.0,tannin,0.8864068171071295
828,828,338.2187093,338.2185742,338.2184259,2.2,0.466666667,C15 H33 O7 N1,15,33,7,0,1,0,0,0,0.066666667,lipid,0.5754334421562644
829,829,338.2089222,338.2087872,338.2087737,2.266666667,0.333333333,C15 H34 O5 S1 13C1,16,34,5,1,0,1,0,0,0.0,lipid,0.8952445498391904
830,830,338.187701,338.187566,338.1876443,1.666666667,0.166666667,C18 H30 O3 S1 13C1,19,30,3,1,0,1,0,0,0.0,lipid,0.8889446958205326
831,831,338.187701,338.187566,338.1874005,1.25,0.1,C20 H25 O2 N3,20,25,2,0,3,0,0,0,0.15,peptide,0.8386416197267845
832,832,338.1691796,338.1690446,338.1690169,1.529411765,0.352941176,C17 H26 O6 13C1,18,26,6,0,0,1,0,0,0.0,lipid,0.8878114900830892
833,833,338.1327403,338.1326054,338.1326313,1.375,0.4375,C16 H22 O7 13C1,17,22,7,0,0,1,0,0,0.0,lignin,0.834696160673723
834,834,338.0963777,338.0962428,338.0962458,1.2,0.533333333,C15 H18 O8 13C1,16,18,8,0,0,1,0,0,0.0,lignin,0.8421925036864257
835,835,337.2054999,337.2053656,337.2054188,2.125,0.3125,C16 H34 O5 S1,16,34,5,1,0,0,0,0,0.0,lipid,0.8961229222447814
836,836,337.2021232,337.2019888,337.2020475,1.578947368,0.263157895,C19 H30 O5,19,30,5,0,0,0,0,0,0.0,lipid,0.8884108714478677
837,837,337.1843739,337.1842396,337.1842895,1.578947368,0.157894737,C19 H30 O3 S1,19,30,3,1,0,0,0,0,0.0,lipid,0.8986174022777897
838,838,337.1658892,337.1657549,337.165662,1.444444444,0.333333333,C18 H26 O6,18,26,6,0,0,0,0,0,0.0,lignin,0.7051367445582484
839,839,337.1293293,337.129195,337.1292765,1.294117647,0.411764706,C17 H22 O7,17,22,7,0,0,0,0,0,0.0,lignin,0.835809388057631
840,840,337.093101,337.0929668,337.092891,1.125,0.5,C16 H18 O8,16,18,8,0,0,0,0,0,0.0,lignin,0.9210037118104808
841,841,337.0565639,337.0564297,337.0565055,0.933333333,0.6,C15 H14 O9,15,14,9,0,0,0,0,0,0.0,tannin,0.8881254643977685
842,842,337.02033,337.0201958,337.02012,0.714285714,0.714285714,C14 H10 O10,14,10,10,0,0,0,0,0,0.0,tannin,0.8879325968662926
843,843,336.1534466,336.1533131,336.1533668,1.411764706,0.352941176,C17 H24 O6 13C1,18,24,6,0,0,1,0,0,0.0,lignin,0.8329576745151493
844,844,336.1172014,336.1170678,336.1169813,1.25,0.4375,C16 H20 O7 13C1,17,20,7,0,0,1,0,0,0.0,lignin,0.8373942575131214
845,845,335.1865421,335.1864092,335.1863975,1.473684211,0.263157895,C19 H28 O5,19,28,5,0,0,0,0,0,0.0,lipid,0.8991111175562445
846,846,335.1501411,335.1500083,335.150012,1.333333333,0.333333333,C18 H24 O6,18,24,6,0,0,0,0,0,0.0,lignin,0.8338729306890442
847,847,335.1137466,335.1136137,335.1136264,1.176470588,0.411764706,C17 H20 O7,17,20,7,0,0,0,0,0,0.0,lignin,0.8363898939348801
848,848,335.0774405,335.0773077,335.0772409,1.0,0.5,C16 H16 O8,16,16,8,0,0,0,0,0,0.0,tannin,0.5343542876145502
849,849,335.0750019,335.0748691,335.074739,0.8,0.15,C20 H16 O3 S1,20,16,3,1,0,0,0,0,0.0,pah,0.5809047948298603
850,850,335.0409285,335.0407957,335.0408554,0.8,0.6,C15 H12 O9,15,12,9,0,0,0,0,0,0.0,tannin,0.8905301293287525
851,851,335.0385225,335.0383897,335.0383535,0.631578947,0.210526316,C19 H12 O4 S1,19,12,4,1,0,0,0,0,0.0,pah,0.9431050407965367
852,852,334.1742793,334.1741471,334.1741022,1.444444444,0.277777778,C18 H26 O5 13C1,19,26,5,0,0,1,0,0,0.0,lipid,0.899148518186719
853,853,334.1377976,334.1376655,334.1377167,1.294117647,0.352941176,C17 H22 O6 13C1,18,22,6,0,0,1,0,0,0.0,lignin,0.8347936871261549
854,854,333.239599,333.2394676,333.2394957,2.125,0.3125,C16 H34 O5 N2,16,34,5,0,2,0,0,0,0.125,lipid,0.7757524598114482
855,855,333.207337,333.2072055,333.2071329,1.5,0.2,C20 H30 O4,20,30,4,0,0,0,0,0,0.0,lipid,0.8990700091700145
856,856,333.1708209,333.1706895,333.1707474,1.368421053,0.263157895,C19 H26 O5,19,26,5,0,0,0,0,0,0.0,lignin,0.8323166360899512
857,857,333.1345394,333.134408,333.1343619,1.222222222,0.333333333,C18 H22 O6,18,22,6,0,0,0,0,0,0.0,lignin,0.8362041427777758
858,858,333.0980439,333.0979125,333.0979764,1.058823529,0.411764706,C17 H18 O7,17,18,7,0,0,0,0,0,0.0,lignin,0.9243868824337756
859,859,333.0956424,333.095511,333.0954745,0.857142857,0.095238095,C21 H18 O2 S1,21,18,2,1,0,0,0,0,0.0,pah,0.9320891425622669
860,860,333.0829191,333.0827878,333.0827202,1.384615385,0.769230769,C13 H18 O10,13,18,10,0,0,0,0,0,0.0,lignin,0.5658735484138051
861,861,333.0617835,333.0616521,333.0615909,0.875,0.5,C16 H14 O8,16,14,8,0,0,0,0,0,0.0,tannin,0.8890450631437485
862,862,333.0593529,333.0592216,333.059089,0.7,0.15,C20 H14 O3 S1,20,14,3,1,0,0,0,0,0.0,pah,0.9437012842083246
863,863,333.0253292,333.0251979,333.0252054,0.666666667,0.6,C15 H10 O9,15,10,9,0,0,0,0,0,0.0,tannin,0.8945985661965528
864,864,333.0229521,333.0228208,333.0227034,0.526315789,0.210526316,C19 H10 O4 S1,19,10,4,1,0,0,0,0,0.0,pah,0.9428801080550159
865,865,331.1916542,331.1915242,331.1914828,1.4,0.2,C20 H28 O4,20,28,4,0,0,0,0,0,0.0,lipid,0.8999960506222482
866,866,331.1551731,331.1550431,331.1550973,1.263157895,0.263157895,C19 H24 O5,19,24,5,0,0,0,0,0,0.0,lignin,0.8338824724603627
867,867,331.1399678,331.1398378,331.1398412,1.6,0.533333333,C15 H24 O8,15,24,8,0,0,0,0,0,0.0,lignin,0.7703039615253509
868,868,331.12229,331.12216,331.1220831,1.6,0.4,C15 H24 O6 S1,15,24,6,1,0,0,0,0,0.0,lipid,0.8872600893033035
869,869,331.1188937,331.1187637,331.1187118,1.111111111,0.333333333,C18 H20 O6,18,20,6,0,0,0,0,0,0.0,lignin,0.9267340594488551
870,870,331.103602,331.103472,331.1034557,1.428571429,0.642857143,C14 H20 O9,14,20,9,0,0,0,0,0,0.0,lignin,0.8919566447549068
871,871,331.0823857,331.0822558,331.0823263,0.941176471,0.411764706,C17 H16 O7,17,16,7,0,0,0,0,0,0.0,tannin,0.8835090484313242
872,872,331.0672246,331.0670947,331.0670702,1.230769231,0.769230769,C13 H16 O10,13,16,10,0,0,0,0,0,0.0,lignin,0.9388394083497408
873,873,331.0461559,331.046026,331.0459408,0.75,0.5,C16 H12 O8,16,12,8,0,0,0,0,0,0.0,tannin,0.8908719501658513
874,874,329.2699825,329.2698538,329.2697332,2.0,0.210526316,C19 H38 O4,19,38,4,0,0,0,0,0,0.0,lipid,0.9508589927556181
875,875,329.2333953,329.2332667,329.2333477,1.888888889,0.277777778,C18 H34 O5,18,34,5,0,0,0,0,0,0.0,lipid,0.9509152006720921
876,876,329.1759073,329.1757788,329.1758328,1.3,0.2,C20 H26 O4,20,26,4,0,0,0,0,0,0.0,lignin,0.8325702129051005
877,877,329.160646,329.1605174,329.1605766,1.625,0.4375,C16 H26 O7,16,26,7,0,0,0,0,0,0.0,lipid,0.8869790237646585
878,878,329.1396311,329.1395026,329.1394473,1.157894737,0.263157895,C19 H22 O5,19,22,5,0,0,0,0,0,0.0,lignin,0.8335282914750313
879,879,329.1243791,329.1242506,329.1241911,1.466666667,0.533333333,C15 H22 O8,15,22,8,0,0,0,0,0,0.0,lignin,0.8617302558400242
880,880,329.1031115,329.102983,329.1030618,1.0,0.333333333,C18 H18 O6,18,18,6,0,0,0,0,0,0.0,lignin,0.9234207039608633
881,881,329.0878951,329.0877666,329.0878056,1.285714286,0.642857143,C14 H18 O9,14,18,9,0,0,0,0,0,0.0,lignin,0.9368792747350903
882,882,329.0668951,329.0667666,329.0666763,0.823529412,0.411764706,C17 H14 O7,17,14,7,0,0,0,0,0,0.0,tannin,0.8872773215798404
883,883,329.0515488,329.0514203,329.0514201,1.076923077,0.769230769,C13 H14 O10,13,14,10,0,0,0,0,0,0.0,tannin,0.7180414567006689
884,884,329.0303608,329.0302324,329.0302907,0.625,0.5,C16 H10 O8,16,10,8,0,0,0,0,0,0.0,tannin,0.8938624899274175
885,885,328.1835132,328.1833853,328.1834401,1.764705882,0.176470588,C17 H30 O3 13C1 34S1,18,30,3,0,0,1,1,0,0.0,lipid,0.8881040572055572
886,886,328.1484728,328.1483449,328.1482814,1.6,0.466666667,C15 H24 O7 13C1,16,24,7,0,0,1,0,0,0.0,lipid,0.8869126513236528
887,887,328.1119527,328.1118249,328.1118959,1.428571429,0.571428571,C14 H20 O8 13C1,15,20,8,0,0,1,0,0,0.0,lignin,0.8618200331133318
888,888,327.254272,327.2541448,327.2540831,1.894736842,0.210526316,C19 H36 O4,19,36,4,0,0,0,0,0,0.0,lipid,0.9116096500331358
889,889,327.2177687,327.2176415,327.2176976,1.777777778,0.277777778,C18 H32 O5,18,32,5,0,0,0,0,0,0.0,lipid,0.9116934792234475
890,890,327.1911793,327.1910521,327.1909991,1.875,0.1875,C16 H30 O3 S1 13C2,18,30,3,1,0,2,0,0,0.0,lipid,0.911864050071137
891,891,327.1887113,327.1885841,327.1885345,1.666666667,0.111111111,C18 H30 O2 S1 18O1,18,30,2,1,0,0,0,1,0.0,lipid,0.8984927327101001
892,892,327.1814578,327.1813307,327.1813121,1.647058824,0.352941176,C17 H28 O6,17,28,6,0,0,0,0,0,0.0,lipid,0.8873555696373779
893,893,327.1802808,327.1801536,327.1800853,1.666666667,0.166666667,C18 H30 O3 34S1,18,30,3,0,0,0,1,0,0.0,lipid,0.8889446958205326
894,894,327.1636486,327.1635215,327.163554,1.647058824,0.235294118,C17 H28 O4 S1,17,28,4,1,0,0,0,0,0.0,lipid,0.8882607132895309
895,895,327.1449847,327.1448576,327.1449266,1.5,0.4375,C16 H24 O7,16,24,7,0,0,0,0,0,0.0,lignin,0.826658791362721
896,896,327.1087248,327.1085977,327.1085411,1.333333333,0.533333333,C15 H20 O8,15,20,8,0,0,0,0,0,0.0,lignin,0.8375261257168185
897,897,327.0874663,327.0873392,327.0874117,0.888888889,0.333333333,C18 H16 O6,18,16,6,0,0,0,0,0,0.0,tannin,0.8836563022938899
898,898,327.0722881,327.072161,327.0721556,1.142857143,0.642857143,C14 H16 O9,14,16,9,0,0,0,0,0,0.0,lignin,0.9374702002125843
899,899,327.0512156,327.0510886,327.0510262,0.705882353,0.411764706,C17 H12 O7,17,12,7,0,0,0,0,0,0.0,tannin,0.8907698479596023
900,900,327.0358733,327.0357463,327.0357701,0.923076923,0.769230769,C13 H12 O10,13,12,10,0,0,0,0,0,0.0,tannin,0.8856379466113624
901,901,326.1876959,326.1875694,326.1876443,1.764705882,0.176470588,C17 H30 O3 S1 13C1,18,30,3,1,0,1,0,0,0.0,lipid,0.8881040572055572
902,902,326.1327037,326.1325773,326.1326313,1.466666667,0.466666667,C15 H22 O7 13C1,16,22,7,0,0,1,0,0,0.0,lignin,0.8274811547214409
903,903,326.0964427,326.0963164,326.0962458,1.285714286,0.571428571,C14 H18 O8 13C1,15,18,8,0,0,1,0,0,0.0,lignin,0.875238878372056
904,904,325.2022322,325.2021064,325.2020475,1.666666667,0.277777778,C18 H30 O5,18,30,5,0,0,0,0,0,0.0,lipid,0.8877741968319114
905,905,325.1843338,325.1842081,325.1842895,1.666666667,0.166666667,C18 H30 O3 S1,18,30,3,1,0,0,0,0,0.0,lipid,0.8889446958205326
906,906,325.1657328,325.1656071,325.165662,1.529411765,0.352941176,C17 H26 O6,17,26,6,0,0,0,0,0,0.0,lipid,0.8878114900830892
907,907,325.1480488,325.1479231,325.147904,1.529411765,0.235294118,C17 H26 O4 S1,17,26,4,1,0,0,0,0,0.0,lipid,0.8990112637108117
908,908,325.1294309,325.1293052,325.1292765,1.375,0.4375,C16 H22 O7,16,22,7,0,0,0,0,0,0.0,lignin,0.834696160673723
909,909,325.0930148,325.0928892,325.092891,1.2,0.533333333,C15 H18 O8,15,18,8,0,0,0,0,0,0.0,lignin,0.8421925036864257
910,910,325.0719648,325.0718392,325.0717616,0.777777778,0.333333333,C18 H14 O6,18,14,6,0,0,0,0,0,0.0,tannin,0.8548627581574472
911,911,325.0565894,325.0564638,325.0565055,1.0,0.642857143,C14 H14 O9,14,14,9,0,0,0,0,0,0.0,tannin,0.714952794485101
912,912,325.0354704,325.0353448,325.0353761,0.588235294,0.411764706,C17 H10 O7,17,10,7,0,0,0,0,0,0.0,tannin,0.7773545675978741
913,913,325.0203385,325.0202129,325.02012,0.769230769,0.769230769,C13 H10 O10,13,10,10,0,0,0,0,0,0.0,tannin,0.8870528905642627
914,914,324.1720676,324.1719426,324.1719942,1.647058824,0.176470588,C17 H28 O3 S1 13C1,18,28,3,1,0,1,0,0,0.0,lipid,0.8889728478515039
915,915,324.1534526,324.1533276,324.1533668,1.5,0.375,C16 H24 O6 13C1,17,24,6,0,0,1,0,0,0.0,lipid,0.6148219769299166
916,916,324.1171074,324.1169824,324.1169813,1.333333333,0.466666667,C15 H20 O7 13C1,16,20,7,0,0,1,0,0,0.0,lignin,0.8360323034793374
917,917,323.1865509,323.1864266,323.1863975,1.555555556,0.277777778,C18 H28 O5,18,28,5,0,0,0,0,0,0.0,lipid,0.8987935582561759
918,918,323.1686963,323.168572,323.1686394,1.555555556,0.166666667,C18 H28 O3 S1,18,28,3,1,0,0,0,0,0.0,lipid,0.8986756046876009
919,919,323.1501687,323.1500444,323.150012,1.411764706,0.352941176,C17 H24 O6,17,24,6,0,0,0,0,0,0.0,lignin,0.8329576745151493
920,920,323.1137139,323.1135897,323.1136264,1.25,0.4375,C16 H20 O7,16,20,7,0,0,0,0,0,0.0,lignin,0.8373942575131214
921,921,323.0774297,323.0773055,323.0772409,1.066666667,0.533333333,C15 H16 O8,15,16,8,0,0,0,0,0,0.0,lignin,0.9232136447372982
922,922,323.0408903,323.0407661,323.0408554,0.857142857,0.642857143,C14 H12 O9,14,12,9,0,0,0,0,0,0.0,tannin,0.8834933495614816
923,923,322.13793,322.1378064,322.1377167,1.375,0.375,C16 H22 O6 13C1,17,22,6,0,0,1,0,0,0.0,lignin,0.8337856979677092
924,924,322.1014431,322.1013195,322.1013312,1.2,0.466666667,C15 H18 O7 13C1,16,18,7,0,0,1,0,0,0.0,lignin,0.839746042718223
925,925,321.2106423,321.2105194,321.2105042,2.125,0.25,C16 H34 O4 S1,16,34,4,1,0,0,0,0,0.0,lipid,0.8960110234561538
926,926,321.1742978,321.1741749,321.1741187,2.0,0.333333333,C15 H30 O5 S1,15,30,5,1,0,0,0,0,0.0,lipid,0.8966668682152645
927,927,321.1709388,321.1708159,321.1707474,1.444444444,0.277777778,C18 H26 O5,18,26,5,0,0,0,0,0,0.0,lipid,0.899148518186719
928,928,321.1344174,321.1342946,321.1343619,1.294117647,0.352941176,C17 H22 O6,17,22,6,0,0,0,0,0,0.0,lignin,0.8347936871261549
929,929,321.0981615,321.0980387,321.0979764,1.125,0.4375,C16 H18 O7,16,18,7,0,0,0,0,0,0.0,lignin,0.9214248872960976
930,930,321.0616912,321.0615685,321.0615909,0.933333333,0.533333333,C15 H14 O8,15,14,8,0,0,0,0,0,0.0,tannin,0.8867643302833439
931,931,321.0252918,321.0251691,321.0252054,0.714285714,0.642857143,C14 H10 O9,14,10,9,0,0,0,0,0,0.0,tannin,0.8869560832530994
932,932,320.1222136,320.1220915,320.1220667,1.25,0.375,C16 H20 O6 13C1,17,20,6,0,0,1,0,0,0.0,lignin,0.8360428301224448
933,933,319.1915922,319.1914707,319.1914828,1.473684211,0.210526316,C19 H28 O4,19,28,4,0,0,0,0,0,0.0,lipid,0.8991253552285562
934,934,319.1551997,319.1550783,319.1550973,1.333333333,0.277777778,C18 H24 O5,18,24,5,0,0,0,0,0,0.0,lignin,0.8329633774908792
935,935,319.1188974,319.118776,319.1187118,1.176470588,0.352941176,C17 H20 O6,17,20,6,0,0,0,0,0,0.0,lignin,0.835327637727115
936,936,319.0823694,319.082248,319.0823263,1.0,0.4375,C16 H16 O7,16,16,7,0,0,0,0,0,0.0,lignin,0.7992225654347699
937,937,319.0799742,319.0798528,319.0798244,0.8,0.1,C20 H16 O2 S1,20,16,2,1,0,0,0,0,0.0,pah,0.9468765741992138
938,938,319.0461204,319.045999,319.0459408,0.8,0.533333333,C15 H12 O8,15,12,8,0,0,0,0,0,0.0,tannin,0.8911066438831258
939,939,317.2446635,317.2445434,317.2445811,2.125,0.25,C16 H34 O4 N2,16,34,4,0,2,0,0,0,0.125,lipid,0.7220096079741233
940,940,317.1759211,317.175801,317.1758328,1.368421053,0.210526316,C19 H26 O4,19,26,4,0,0,0,0,0,0.0,lipid,0.7456382687062229
941,941,317.1395196,317.1393996,317.1394473,1.222222222,0.277777778,C18 H22 O5,18,22,5,0,0,0,0,0,0.0,lignin,0.8347640706516106
942,942,317.1242591,317.1241391,317.1241911,1.571428571,0.571428571,C14 H22 O8,14,22,8,0,0,0,0,0,0.0,lignin,0.7271302743693546
943,943,317.1032325,317.1031125,317.1030618,1.058823529,0.352941176,C17 H18 O6,17,18,6,0,0,0,0,0,0.0,lignin,0.9245567414496534
944,944,317.0879523,317.0878324,317.0878056,1.384615385,0.692307692,C13 H18 O9,13,18,9,0,0,0,0,0,0.0,lignin,0.892280867839623
945,945,317.0667224,317.0666024,317.0666763,0.875,0.4375,C16 H14 O7,16,14,7,0,0,0,0,0,0.0,tannin,0.8859132597764695
946,946,317.0515512,317.0514312,317.0514201,1.166666667,0.833333333,C12 H14 O10,12,14,10,0,0,0,0,0,0.0,lignin,0.8744597392737719
947,947,317.0304658,317.0303459,317.0302907,0.666666667,0.533333333,C15 H10 O8,15,10,8,0,0,0,0,0,0.0,tannin,0.8934645445120403
948,948,315.2541952,315.2540766,315.2540831,2.0,0.222222222,C18 H36 O4,18,36,4,0,0,0,0,0,0.0,lipid,0.9507809319250212
949,949,315.1815048,315.1813861,315.1813121,1.75,0.375,C16 H28 O6,16,28,6,0,0,0,0,0,0.0,lipid,0.9112517940252094
950,950,315.160254,315.1601354,315.1601827,1.263157895,0.210526316,C19 H24 O4,19,24,4,0,0,0,0,0,0.0,lignin,0.8331960657847258
951,951,315.1449807,315.1448621,315.1449266,1.6,0.466666667,C15 H24 O7,15,24,7,0,0,0,0,0,0.0,lipid,0.8869126513236528
952,952,315.123977,315.1238584,315.1237972,1.111111111,0.277777778,C18 H20 O5,18,20,5,0,0,0,0,0,0.0,lignin,0.9219647281241243
953,953,315.1086416,315.108523,315.1085411,1.428571429,0.571428571,C14 H20 O8,14,20,8,0,0,0,0,0,0.0,lignin,0.8618200331133318
954,954,315.0874787,315.0873602,315.0874117,0.941176471,0.352941176,C17 H16 O6,17,16,6,0,0,0,0,0,0.0,tannin,0.8828733065795689
955,955,315.0723091,315.0721905,315.0721556,1.230769231,0.692307692,C13 H16 O9,13,16,9,0,0,0,0,0,0.0,lignin,0.9376766394751254
956,956,315.0511453,315.0510268,315.0510262,0.75,0.4375,C16 H12 O7,16,12,7,0,0,0,0,0,0.0,tannin,0.890773357599144
957,957,315.0358238,315.0357053,315.0357701,1.0,0.833333333,C12 H12 O10,12,12,10,0,0,0,0,0,0.0,tannin,0.719058395828905
958,958,314.1678506,314.1677326,314.1677901,1.75,0.1875,C16 H28 O3 13C1 34S1,17,28,3,0,0,1,1,0,0.0,lipid,0.8880877461068708
959,959,314.1327375,314.1326196,314.1326313,1.571428571,0.5,C14 H22 O7 13C1,15,22,7,0,0,1,0,0,0.0,lignin,0.8263889261171222
960,960,314.0964339,314.096316,314.0962458,1.384615385,0.615384615,C13 H18 O8 13C1,14,18,8,0,0,1,0,0,0.0,lignin,0.8926995596818157
961,961,313.2386094,313.2384921,313.238433,1.888888889,0.222222222,C18 H34 O4,18,34,4,0,0,0,0,0,0.0,lipid,0.9115607629507437
962,962,313.1811114,313.1809941,313.1809182,1.3,0.15,C20 H26 O3,20,26,3,0,0,0,0,0,0.0,lignin,0.5226635022517346
963,963,313.1755161,313.1753989,313.1753491,1.866666667,0.2,C15 H28 O3 S1 13C2,17,28,3,1,0,2,0,0,0.0,lipid,0.9118130285441725
964,964,313.1730381,313.1729208,313.1728844,1.647058824,0.117647059,C17 H28 O2 S1 18O1,17,28,2,1,0,0,0,1,0.0,lipid,0.8985439402941472
965,965,313.1657393,313.1656221,313.165662,1.625,0.375,C16 H26 O6,16,26,6,0,0,0,0,0,0.0,lipid,0.8873111679940516
966,966,313.1645061,313.1643888,313.1644352,1.647058824,0.176470588,C17 H28 O3 34S1,17,28,3,0,0,0,1,0,0.0,lipid,0.8889728478515039
967,967,313.1479559,313.1478387,313.147904,1.625,0.25,C16 H26 O4 S1,16,26,4,1,0,0,0,0,0.0,lipid,0.888251269360415
968,968,313.129466,313.1293488,313.1292765,1.466666667,0.466666667,C15 H22 O7,15,22,7,0,0,0,0,0,0.0,lignin,0.8274811547214409
969,969,313.0929531,313.0928359,313.092891,1.285714286,0.571428571,C14 H18 O8,14,18,8,0,0,0,0,0,0.0,lignin,0.875238878372056
970,970,313.0719417,313.0718245,313.0717616,0.823529412,0.352941176,C17 H14 O6,17,14,6,0,0,0,0,0,0.0,tannin,0.8854418079986954
971,971,313.0566262,313.056509,313.0565055,1.076923077,0.692307692,C13 H14 O9,13,14,9,0,0,0,0,0,0.0,lignin,0.6339076759264559
972,972,313.0354222,313.0353051,313.0353761,0.625,0.4375,C16 H10 O7,16,10,7,0,0,0,0,0,0.0,tannin,0.883905764427005
973,973,312.175089,312.1749725,312.1751218,1.8,0.133333333,C15 H27 O2 S1 N3,15,27,2,1,3,0,0,0,0.2,peptide,0.861526881445948
974,974,312.1721677,312.1720511,312.1719942,1.75,0.1875,C16 H28 O3 S1 13C1,17,28,3,1,0,1,0,0,0.0,lipid,0.8880877461068708
975,975,312.1534564,312.1533399,312.1533668,1.6,0.4,C15 H24 O6 13C1,16,24,6,0,0,1,0,0,0.0,lipid,0.8872600893033035
976,976,312.1171568,312.1170403,312.1169813,1.428571429,0.5,C14 H20 O7 13C1,15,20,7,0,0,1,0,0,0.0,lignin,0.8285561198475986
977,977,311.2229539,311.2228381,311.222783,1.777777778,0.222222222,C18 H32 O4,18,32,4,0,0,0,0,0,0.0,lipid,0.8876372532709956
978,978,311.1864882,311.1863724,311.1863975,1.647058824,0.294117647,C17 H28 O5,17,28,5,0,0,0,0,0,0.0,lipid,0.8877471779130696
979,979,311.1687625,311.1686467,311.1686394,1.647058824,0.176470588,C17 H28 O3 S1,17,28,3,1,0,0,0,0,0.0,lipid,0.8889728478515039
980,980,311.1500833,311.1499675,311.150012,1.5,0.375,C16 H24 O6,16,24,6,0,0,0,0,0,0.0,lipid,0.6148219769299166
981,981,311.1138016,311.1136858,311.1136264,1.333333333,0.466666667,C15 H20 O7,15,20,7,0,0,0,0,0,0.0,lignin,0.8360323034793374
982,982,311.0772947,311.077179,311.0772409,1.142857143,0.571428571,C14 H16 O8,14,16,8,0,0,0,0,0,0.0,lignin,0.8989317700132468
983,983,311.0563028,311.056187,311.0561116,0.705882353,0.352941176,C17 H12 O6,17,12,6,0,0,0,0,0,0.0,tannin,0.8494030670832178
984,984,311.0409511,311.0408354,311.0408554,0.923076923,0.692307692,C13 H12 O9,13,12,9,0,0,0,0,0,0.0,tannin,0.8857762110805734
985,985,310.1776443,310.1775292,310.1774735,2.307692308,0.384615385,C13 H30 O5 S1 13C1,14,30,5,1,0,1,0,0,0.0,lipid,0.8953246217623722
986,986,310.1564181,310.156303,310.1563442,1.625,0.1875,C16 H26 O3 S1 13C1,17,26,3,1,0,1,0,0,0.0,lipid,0.8890041742701991
987,987,310.1377746,310.1376595,310.1377167,1.466666667,0.4,C15 H22 O6 13C1,16,22,6,0,0,1,0,0,0.0,lignin,0.8327789977429184
988,988,310.1013945,310.1012794,310.1013312,1.285714286,0.5,C14 H18 O7 13C1,15,18,7,0,0,1,0,0,0.0,lignin,0.8380029393311151
989,989,309.2072264,309.207112,309.2071329,1.666666667,0.222222222,C18 H30 O4,18,30,4,0,0,0,0,0,0.0,lipid,0.8882690063209321
990,990,309.1742085,309.1740941,309.1741187,2.142857143,0.357142857,C14 H30 O5 S1,14,30,5,1,0,0,0,0,0.0,lipid,0.8956212142417985
991,991,309.1708089,309.1706945,309.1707474,1.529411765,0.294117647,C17 H26 O5,17,26,5,0,0,0,0,0,0.0,lipid,0.8988160217178299
992,992,309.1530711,309.1529566,309.1529893,1.529411765,0.176470588,C17 H26 O3 S1,17,26,3,1,0,0,0,0,0.0,lipid,0.8986861189284762
993,993,309.1345417,309.1344273,309.1343619,1.375,0.375,C16 H22 O6,16,22,6,0,0,0,0,0,0.0,lignin,0.8337856979677092
994,994,309.0980717,309.0979574,309.0979764,1.2,0.466666667,C15 H18 O7,15,18,7,0,0,0,0,0,0.0,lignin,0.839746042718223
995,995,309.0616561,309.0615418,309.0615909,1.0,0.571428571,C14 H14 O8,14,14,8,0,0,0,0,0,0.0,tannin,0.7188318803111553
996,996,309.0253899,309.0252756,309.0252054,0.769230769,0.692307692,C13 H10 O9,13,10,9,0,0,0,0,0,0.0,tannin,0.8874969172213542
997,997,308.1221779,308.1220642,308.1220667,1.333333333,0.4,C15 H20 O6 13C1,16,20,6,0,0,1,0,0,0.0,lignin,0.8348312264573547
998,998,307.1916371,307.1915241,307.1914828,1.555555556,0.222222222,C18 H28 O4,18,28,4,0,0,0,0,0,0.0,lipid,0.8990245004456753
999,999,307.1552322,307.1551192,307.1550973,1.411764706,0.294117647,C17 H24 O5,17,24,5,0,0,0,0,0,0.0,lignin,0.7051016842292435
1000,1000,307.1187514,307.1186384,307.1187118,1.25,0.375,C16 H20 O6,16,20,6,0,0,0,0,0,0.0,lignin,0.8360428301224448
1001,1001,307.0824672,307.0823542,307.0823263,1.066666667,0.466666667,C15 H16 O7,15,16,7,0,0,0,0,0,0.0,lignin,0.9233844942888657
1002,1002,307.0461076,307.0459946,307.0459408,0.857142857,0.571428571,C14 H12 O8,14,12,8,0,0,0,0,0,0.0,tannin,0.8892786090510258
1003,1003,305.2487554,305.2486438,305.2486038,1.7,0.1,C20 H34 O2,20,34,2,0,0,0,0,0,0.0,lipid,0.8892676813037337
1004,1004,305.175916,305.1758044,305.1758328,1.444444444,0.222222222,C18 H26 O4,18,26,4,0,0,0,0,0,0.0,lipid,0.899186300871572
1005,1005,305.1396192,305.1395076,305.1394473,1.294117647,0.294117647,C17 H22 O5,17,22,5,0,0,0,0,0,0.0,lignin,0.8343052553157075
1006,1006,305.1031455,305.1030339,305.1030618,1.125,0.375,C16 H18 O6,16,18,6,0,0,0,0,0,0.0,lignin,0.9229646011340614
1007,1007,305.0667409,305.0666294,305.0666763,0.933333333,0.466666667,C15 H14 O7,15,14,7,0,0,0,0,0,0.0,tannin,0.8850785374502141
1008,1008,305.0304701,305.0303585,305.0302907,0.714285714,0.571428571,C14 H10 O8,14,10,8,0,0,0,0,0,0.0,tannin,0.8935087459376472
1009,1009,303.2330731,303.2329629,303.2329537,1.6,0.1,C20 H32 O2,20,32,2,0,0,0,0,0,0.0,lipid,0.899713573065555
1010,1010,303.1603085,303.1601982,303.1601827,1.333333333,0.222222222,C18 H24 O4,18,24,4,0,0,0,0,0,0.0,lignin,0.8324014405187038
1011,1011,303.1239514,303.1238412,303.1237972,1.176470588,0.294117647,C17 H20 O5,17,20,5,0,0,0,0,0,0.0,lignin,0.8337358822169936
1012,1012,303.1086542,303.108544,303.1085411,1.538461538,0.615384615,C13 H20 O8,13,20,8,0,0,0,0,0,0.0,lignin,0.7269160324640462
1013,1013,303.0874703,303.0873601,303.0874117,1.0,0.375,C16 H16 O6,16,16,6,0,0,0,0,0,0.0,lignin,0.923123916587147
1014,1014,303.0723153,303.0722051,303.0721556,1.333333333,0.75,C12 H16 O9,12,16,9,0,0,0,0,0,0.0,lignin,0.8925303720993923
1015,1015,303.0511025,303.0509923,303.0510262,0.8,0.466666667,C15 H12 O7,15,12,7,0,0,0,0,0,0.0,tannin,0.8894938522077274
1016,1016,301.2386243,301.2385155,301.238433,2.0,0.235294118,C17 H34 O4,17,34,4,0,0,0,0,0,0.0,lipid,0.9506969396438937
1017,1017,301.2173485,301.2172397,301.2173037,1.5,0.1,C20 H30 O2,20,30,2,0,0,0,0,0,0.0,lipid,0.8999837294852118
1018,1018,301.1656989,301.16559,301.165662,1.733333333,0.4,C15 H26 O6,15,26,6,0,0,0,0,0,0.0,lipid,0.9111859593102725
1019,1019,301.1293898,301.129281,301.1292765,1.571428571,0.5,C14 H22 O7,14,22,7,0,0,0,0,0,0.0,lignin,0.8263889261171222
1020,1020,301.1082094,301.1081006,301.1081471,1.058823529,0.294117647,C17 H18 O5,17,18,5,0,0,0,0,0,0.0,lignin,0.9255307396396907
1021,1021,301.0930503,301.0929415,301.092891,1.384615385,0.615384615,C13 H18 O8,13,18,8,0,0,0,0,0,0.0,lignin,0.8926995596818157
1022,1022,301.0718247,301.071716,301.0717616,0.875,0.375,C16 H14 O6,16,14,6,0,0,0,0,0,0.0,tannin,0.8845091569594329
1023,1023,301.056573,301.0564642,301.0565055,1.166666667,0.75,C12 H14 O9,12,14,9,0,0,0,0,0,0.0,lignin,0.813303787075944
1024,1024,301.0355291,301.0354204,301.0353761,0.666666667,0.466666667,C15 H10 O7,15,10,7,0,0,0,0,0,0.0,tannin,0.892395113955178
1025,1025,300.1170289,300.1169208,300.1169813,1.538461538,0.538461538,C13 H20 O7 13C1,14,20,7,0,0,1,0,0,0.0,lignin,0.8609222479047899
1026,1026,299.2592836,299.2591761,299.2591685,2.0,0.166666667,C18 H36 O3,18,36,3,0,0,0,0,0,0.0,lipid,0.9511799801226442
1027,1027,299.2228309,299.2227234,299.222783,1.882352941,0.235294118,C17 H32 O4,17,32,4,0,0,0,0,0,0.0,lipid,0.9115081713760894
1028,1028,299.2018073,299.2016998,299.2016536,1.4,0.1,C20 H28 O2,20,28,2,0,0,0,0,0,0.0,lipid,0.9002846116996519
1029,1029,299.1598394,299.1597319,299.159699,1.857142857,0.214285714,C14 H26 O3 S1 13C2,16,26,3,1,0,2,0,0,0.0,lipid,0.9117571593044399
1030,1030,299.1501722,299.1500648,299.150012,1.6,0.4,C15 H24 O6,15,24,6,0,0,0,0,0,0.0,lipid,0.8872600893033035
1031,1031,299.148941,299.1488336,299.1487852,1.625,0.1875,C16 H26 O3 34S1,16,26,3,0,0,0,1,0,0.0,lipid,0.8890041742701991
1032,1032,299.1137279,299.1136204,299.1136264,1.428571429,0.5,C14 H20 O7,14,20,7,0,0,0,0,0,0.0,lignin,0.8285561198475986
1033,1033,299.0772979,299.0771906,299.0772409,1.230769231,0.615384615,C13 H16 O8,13,16,8,0,0,0,0,0,0.0,lignin,0.9053265793657654
1034,1034,299.056272,299.0561647,299.0561116,0.75,0.375,C16 H12 O6,16,12,6,0,0,0,0,0,0.0,tannin,0.8862744334605269
1035,1035,299.0409744,299.0408671,299.0408554,1.0,0.75,C12 H12 O9,12,12,9,0,0,0,0,0,0.0,tannin,0.7187722595064604
1036,1036,298.156429,298.1563222,298.1563442,1.733333333,0.2,C15 H26 O3 S1 13C1,16,26,3,1,0,1,0,0,0.0,lipid,0.8880698540837206
1037,1037,298.137799,298.1376922,298.1377167,1.571428571,0.428571429,C14 H22 O6 13C1,15,22,6,0,0,1,0,0,0.0,lipid,0.887199590547711
1038,1038,298.1013961,298.1012893,298.1013312,1.384615385,0.538461538,C13 H18 O7 13C1,14,18,7,0,0,1,0,0,0.0,lignin,0.8363624467952218
1039,1039,297.2436666,297.2435605,297.2435184,1.888888889,0.166666667,C18 H34 O3,18,34,3,0,0,0,0,0,0.0,lipid,0.9119539982284127
1040,1040,297.170805,297.1706989,297.1707474,1.625,0.3125,C16 H26 O5,16,26,5,0,0,0,0,0,0.0,lipid,0.8877169641925093
1041,1041,297.1531257,297.1530197,297.1529893,1.625,0.1875,C16 H26 O3 S1,16,26,3,1,0,0,0,0,0.0,lipid,0.8890041742701991
1042,1042,297.134438,297.1343319,297.1343619,1.466666667,0.4,C15 H22 O6,15,22,6,0,0,0,0,0,0.0,lignin,0.8327789977429184
1043,1043,297.0981345,297.0980285,297.0979764,1.285714286,0.5,C14 H18 O7,14,18,7,0,0,0,0,0,0.0,lignin,0.8380029393311151
1044,1044,297.0617298,297.0616238,297.0615909,1.076923077,0.615384615,C13 H14 O8,13,14,8,0,0,0,0,0,0.0,lignin,0.7958895041920028
1045,1045,297.0405655,297.0404595,297.0404615,0.625,0.375,C16 H10 O6,16,10,6,0,0,0,0,0,0.0,tannin,0.745406741314586
1046,1046,297.0252491,297.0251431,297.0252054,0.833333333,0.75,C12 H10 O9,12,10,9,0,0,0,0,0,0.0,tannin,0.8865392976591749
1047,1047,296.1221152,296.1220099,296.1220667,1.428571429,0.428571429,C14 H20 O6 13C1,15,20,6,0,0,1,0,0,0.0,lignin,0.8336997195324882
1048,1048,295.2279761,295.2278714,295.2278684,1.777777778,0.166666667,C18 H32 O3,18,32,3,0,0,0,0,0,0.0,lipid,0.8881190179620504
1049,1049,295.1551989,295.1550942,295.1550973,1.5,0.3125,C16 H24 O5,16,24,5,0,0,0,0,0,0.0,lipid,0.8988389064480587
1050,1050,295.1374798,295.1373751,295.1373393,1.5,0.1875,C16 H24 O3 S1,16,24,3,1,0,0,0,0,0.0,lipid,0.8987552071022504
1051,1051,295.118749,295.1186443,295.1187118,1.333333333,0.4,C15 H20 O6,15,20,6,0,0,0,0,0,0.0,lignin,0.8348312264573547
1052,1052,295.0824061,295.0823014,295.0823263,1.142857143,0.5,C14 H16 O7,14,16,7,0,0,0,0,0,0.0,lignin,0.8794083712790549
1053,1053,295.0461047,295.0460001,295.0459408,0.923076923,0.615384615,C13 H12 O8,13,12,8,0,0,0,0,0,0.0,tannin,0.8884490667914067
1054,1054,294.182608,294.182504,294.1825589,2.307692308,0.307692308,C13 H30 O4 S1 13C1,14,30,4,1,0,1,0,0,0.0,lipid,0.8952529851623134
1055,1055,294.1065659,294.106462,294.1064166,1.285714286,0.428571429,C14 H18 O6 13C1,15,18,6,0,0,1,0,0,0.0,lignin,0.8363311057415543
1056,1056,293.2123217,293.2122184,293.2122183,1.666666667,0.166666667,C18 H30 O3,18,30,3,0,0,0,0,0,0.0,lipid,0.8889446958205326
1057,1057,293.1793575,293.1792542,293.1792041,2.142857143,0.285714286,C14 H30 O4 S1,14,30,4,1,0,0,0,0,0.0,lipid,0.8955191198843965
1058,1058,293.1759877,293.1758844,293.1758328,1.529411765,0.235294118,C17 H26 O4,17,26,4,0,0,0,0,0,0.0,lipid,0.8990112637108117
1059,1059,293.139567,293.1394637,293.1394473,1.375,0.3125,C16 H22 O5,16,22,5,0,0,0,0,0,0.0,lignin,0.8329880235153558
1060,1060,293.1031087,293.1030054,293.1030618,1.2,0.4,C15 H18 O6,15,18,6,0,0,0,0,0,0.0,lignin,0.8378584543447772
1061,1061,293.0667415,293.0666383,293.0666763,1.0,0.5,C14 H14 O7,14,14,7,0,0,0,0,0,0.0,tannin,0.5343542876145502
1062,1062,293.049107,293.0490037,293.0489182,1.0,0.357142857,C14 H14 O5 S1,14,14,5,1,0,0,0,0,0.0,lignin,0.9232389156408709
1063,1063,293.0304361,293.0303329,293.0302907,0.769230769,0.615384615,C13 H10 O8,13,10,8,0,0,0,0,0,0.0,tannin,0.891454416141889
1064,1064,292.2131891,292.2130865,292.2129466,2.214285714,0.357142857,C14 H31 O5 N1,14,31,5,0,1,0,0,0,0.071428571,lipid,0.8619613068576658
1065,1065,291.1603445,291.1602426,291.1601827,1.411764706,0.235294118,C17 H24 O4,17,24,4,0,0,0,0,0,0.0,lipid,0.8992532727946084
1066,1066,291.1239041,291.1238022,291.1237972,1.25,0.3125,C16 H20 O5,16,20,5,0,0,0,0,0,0.0,lignin,0.8352792419034845
1067,1067,291.0874599,291.087358,291.0874117,1.066666667,0.4,C15 H16 O6,15,16,6,0,0,0,0,0,0.0,lignin,0.9246725588062675
1068,1068,291.0511073,291.0510055,291.0510262,0.857142857,0.5,C14 H12 O7,14,12,7,0,0,0,0,0,0.0,tannin,0.889061331374523
1069,1069,291.014775,291.0146731,291.0146407,0.615384615,0.615384615,C13 H8 O8,13,8,8,0,0,0,0,0,0.0,tannin,0.8974338428745898
1070,1070,289.1446503,289.1445498,289.1445327,1.294117647,0.235294118,C17 H22 O4,17,22,4,0,0,0,0,0,0.0,lignin,0.83307851202604
1071,1071,289.1082003,289.1080998,289.1081471,1.125,0.3125,C16 H18 O5,16,18,5,0,0,0,0,0,0.0,lignin,0.9177999416139782
1072,1072,289.093054,289.0929535,289.092891,1.5,0.666666667,C12 H18 O8,12,18,8,0,0,0,0,0,0.0,carbohydrate,0.7597194088571999
1073,1073,289.071813,289.0717125,289.0717616,0.933333333,0.4,C15 H14 O6,15,14,6,0,0,0,0,0,0.0,tannin,0.8835357083707478
1074,1074,289.0565912,289.0564907,289.0565055,1.272727273,0.818181818,C11 H14 O9,11,14,9,0,0,0,0,0,0.0,lignin,0.9024009289779162
1075,1075,289.0355008,289.0354003,289.0353761,0.714285714,0.5,C14 H10 O7,14,10,7,0,0,0,0,0,0.0,tannin,0.8915950396868668
1076,1076,287.2228424,287.2227431,287.222783,2.0,0.25,C16 H32 O4,16,32,4,0,0,0,0,0,0.0,lipid,0.9506062480833833
1077,1077,287.1501713,287.1500722,287.150012,1.714285714,0.428571429,C14 H24 O6,14,24,6,0,0,0,0,0,0.0,lipid,0.9111127858276176
1078,1078,287.1289303,287.1288312,287.1288826,1.176470588,0.235294118,C17 H20 O4,17,20,4,0,0,0,0,0,0.0,lignin,0.8328668078997365
1079,1079,287.1137883,287.1136891,287.1136264,1.538461538,0.538461538,C13 H20 O7,13,20,7,0,0,0,0,0,0.0,lignin,0.8609222479047899
1080,1080,287.0925626,287.0924634,287.0924971,1.0,0.3125,C16 H16 O5,16,16,5,0,0,0,0,0,0.0,lignin,0.9236088029065634
1081,1081,287.0773288,287.0772296,287.0772409,1.333333333,0.666666667,C12 H16 O8,12,16,8,0,0,0,0,0,0.0,lignin,0.8927516930537751
1082,1082,287.0562124,287.0561133,287.0561116,0.8,0.4,C15 H12 O6,15,12,6,0,0,0,0,0,0.0,tannin,0.887987590440153
1083,1083,287.0408971,287.040798,287.0408554,1.090909091,0.818181818,C11 H12 O9,11,12,9,0,0,0,0,0,0.0,tannin,0.6606467615582281
1084,1084,285.2436035,285.2435056,285.2435184,2.0,0.176470588,C17 H34 O3,17,34,3,0,0,0,0,0,0.0,lipid,0.951103963750956
1085,1085,285.2072517,285.2071538,285.2071329,1.875,0.25,C16 H30 O4,16,30,4,0,0,0,0,0,0.0,lipid,0.9114513818873846
1086,1086,285.1345003,285.1344025,285.1343619,1.571428571,0.428571429,C14 H22 O6,14,22,6,0,0,0,0,0,0.0,lipid,0.887199590547711
1087,1087,285.0980596,285.0979618,285.0979764,1.384615385,0.538461538,C13 H18 O7,13,18,7,0,0,0,0,0,0.0,lignin,0.8363624467952218
1088,1088,285.0616336,285.0615358,285.0615909,1.166666667,0.666666667,C12 H14 O8,12,14,8,0,0,0,0,0,0.0,lignin,0.9374977691896854
1089,1089,285.040639,285.0405413,285.0404615,0.666666667,0.4,C15 H10 O6,15,10,6,0,0,0,0,0,0.0,tannin,0.8823962105473196
1090,1090,284.2677323,284.2676351,284.2676087,2.117647059,0.117647059,C17 H36 O2 13C1,18,36,2,0,0,1,0,0,0.0,lipid,0.9501370062538033
1091,1091,284.1221604,284.1220633,284.1220667,1.538461538,0.461538462,C13 H20 O6 13C1,14,20,6,0,0,1,0,0,0.0,lignin,0.8263764999728576
1092,1092,283.2643996,283.2643031,283.2642539,2.0,0.111111111,C18 H36 O2,18,36,2,0,0,0,0,0,0.0,lipid,0.9118104066108167
1093,1093,283.2279886,283.2278921,283.2278684,1.882352941,0.176470588,C17 H32 O3,17,32,3,0,0,0,0,0,0.0,lipid,0.9119108651009821
1094,1094,283.1551756,283.1550792,283.1550973,1.6,0.333333333,C15 H24 O5,15,24,5,0,0,0,0,0,0.0,lipid,0.887682517417798
1095,1095,283.1374707,283.1373743,283.1373393,1.6,0.2,C15 H24 O3 S1,15,24,3,1,0,0,0,0,0.0,lipid,0.8989564497524519
1096,1096,283.118764,283.1186676,283.1187118,1.428571429,0.428571429,C14 H20 O6,14,20,6,0,0,0,0,0,0.0,lignin,0.8336997195324882
1097,1097,283.0823753,283.0822789,283.0823263,1.230769231,0.538461538,C13 H16 O7,13,16,7,0,0,0,0,0,0.0,lignin,0.8410669813250493
1098,1098,283.0613438,283.0612474,283.061197,0.75,0.3125,C16 H12 O5,16,12,5,0,0,0,0,0,0.0,tannin,0.8451541372536902
1099,1099,283.0460103,283.0459139,283.0459408,1.0,0.666666667,C12 H12 O8,12,12,8,0,0,0,0,0,0.0,tannin,0.7188385592029459
1100,1100,282.2520011,282.2519053,282.2519586,2.0,0.117647059,C17 H34 O2 13C1,18,34,2,0,0,1,0,0,0.0,lipid,0.9117600548103457
1101,1101,282.1429299,282.1428341,282.1428021,1.571428571,0.357142857,C14 H22 O5 13C1,15,22,5,0,0,1,0,0,0.0,lipid,0.8876422447176312
1102,1102,282.1065744,282.1064787,282.1064166,1.384615385,0.461538462,C13 H18 O6 13C1,14,18,6,0,0,1,0,0,0.0,lignin,0.8349141630872529
1103,1103,281.2487461,281.2486509,281.2486038,1.888888889,0.111111111,C18 H34 O2,18,34,2,0,0,0,0,0,0.0,lipid,0.8879645986420032
1104,1104,281.1758817,281.1757866,281.1758328,1.625,0.25,C16 H26 O4,16,26,4,0,0,0,0,0,0.0,lipid,0.888251269360415
1105,1105,281.1395001,281.139405,281.1394473,1.466666667,0.333333333,C15 H22 O5,15,22,5,0,0,0,0,0,0.0,lipid,0.6150078427360112
1106,1106,281.1031246,281.1030295,281.1030618,1.285714286,0.428571429,C14 H18 O6,14,18,6,0,0,0,0,0,0.0,lignin,0.8363311057415543
1107,1107,281.066789,281.066694,281.0666763,1.076923077,0.538461538,C13 H14 O7,13,14,7,0,0,0,0,0,0.0,lignin,0.9232869088314007
1108,1108,281.0304234,281.0303284,281.0302907,0.833333333,0.666666667,C12 H10 O8,12,10,8,0,0,0,0,0,0.0,tannin,0.8840953958957011
1109,1109,280.2647737,280.2646792,280.2645882,1.944444444,0.055555556,C18 H35 O1 N1,18,35,1,0,1,0,0,0,0.055555556,lipid,0.9654316329467525
1110,1110,280.1271977,280.1271033,280.127152,1.428571429,0.357142857,C14 H20 O5 13C1,15,20,5,0,0,1,0,0,0.0,lignin,0.8327779978200078
1111,1111,279.2329959,279.2329021,279.2329537,1.777777778,0.111111111,C18 H32 O2,18,32,2,0,0,0,0,0,0.0,lipid,0.8887866559579528
1112,1112,279.1636407,279.1635469,279.163554,2.153846154,0.307692308,C13 H28 O4 S1,13,28,4,1,0,0,0,0,0.0,lipid,0.8960079419585284
1113,1113,279.1602392,279.1601454,279.1601827,1.5,0.25,C16 H24 O4,16,24,4,0,0,0,0,0,0.0,lipid,0.8990755587185465
1114,1114,279.1238741,279.1237804,279.1237972,1.333333333,0.333333333,C15 H20 O5,15,20,5,0,0,0,0,0,0.0,lignin,0.8338729306890442
1115,1115,279.0875327,279.087439,279.0874117,1.142857143,0.428571429,C14 H16 O6,14,16,6,0,0,0,0,0,0.0,lignin,0.8788650611170613
1116,1116,279.0511644,279.0510707,279.0510262,0.923076923,0.538461538,C13 H12 O7,13,12,7,0,0,0,0,0,0.0,tannin,0.8872823610246054
1117,1117,279.0147937,279.0147001,279.0146407,0.666666667,0.666666667,C12 H8 O8,12,8,8,0,0,0,0,0,0.0,tannin,0.8875171320512413
1118,1118,277.1445938,277.1445014,277.1445327,1.375,0.25,C16 H22 O4,16,22,4,0,0,0,0,0,0.0,lignin,0.7049679448181568
1119,1119,277.108249,277.1081567,277.1081471,1.2,0.333333333,C15 H18 O5,15,18,5,0,0,0,0,0,0.0,lignin,0.8366955023105469
1120,1120,277.0718892,277.0717969,277.0717616,1.0,0.428571429,C14 H14 O6,14,14,6,0,0,0,0,0,0.0,lignin,0.7992034749090533
1121,1121,277.0355106,277.0354183,277.0353761,0.769230769,0.538461538,C13 H10 O7,13,10,7,0,0,0,0,0,0.0,tannin,0.8912906287983773
1122,1122,275.1289593,275.1288683,275.1288826,1.25,0.25,C16 H20 O4,16,20,4,0,0,0,0,0,0.0,lignin,0.8339009726134938
1123,1123,275.0925732,275.0924822,275.0924971,1.066666667,0.333333333,C15 H16 O5,15,16,5,0,0,0,0,0,0.0,lignin,0.9250913311888654
1124,1124,275.0562219,275.0561309,275.0561116,0.857142857,0.428571429,C14 H12 O6,14,12,6,0,0,0,0,0,0.0,tannin,0.886355801163637
1125,1125,275.0198147,275.0197237,275.0197261,0.615384615,0.538461538,C13 H8 O7,13,8,7,0,0,0,0,0,0.0,tannin,0.8942729544301515
1126,1126,273.2072654,273.2071756,273.2071329,2.0,0.266666667,C15 H30 O4,15,30,4,0,0,0,0,0,0.0,lipid,0.9505079377910247
1127,1127,273.1345014,273.1344118,273.1343619,1.692307692,0.461538462,C13 H22 O6,13,22,6,0,0,0,0,0,0.0,lipid,0.9506390251538128
1128,1128,273.0981091,273.0980194,273.0979764,1.5,0.583333333,C12 H18 O7,12,18,7,0,0,0,0,0,0.0,lignin,0.8920159296199666
1129,1129,273.0768781,273.0767885,273.076847,0.933333333,0.333333333,C15 H14 O5,15,14,5,0,0,0,0,0,0.0,tannin,0.8828328407329934
1130,1130,273.0617262,273.0616366,273.0615909,1.272727273,0.727272727,C11 H14 O8,11,14,8,0,0,0,0,0,0.0,lignin,0.937336513474143
1131,1131,273.0404678,273.0403782,273.0404615,0.714285714,0.428571429,C14 H10 O6,14,10,6,0,0,0,0,0,0.0,tannin,0.8911929489453125
1132,1132,271.2279304,271.227842,271.2278684,2.0,0.1875,C16 H32 O3,16,32,3,0,0,0,0,0,0.0,lipid,0.9510215289632686
1133,1133,271.1551719,271.1550836,271.1550973,1.714285714,0.357142857,C14 H24 O5,14,24,5,0,0,0,0,0,0.0,lipid,0.9114766082422558
1134,1134,271.1187835,271.1186952,271.1187118,1.538461538,0.461538462,C13 H20 O6,13,20,6,0,0,0,0,0,0.0,lignin,0.8263764999728576
1135,1135,271.0823989,271.0823106,271.0823263,1.333333333,0.583333333,C12 H16 O7,12,16,7,0,0,0,0,0,0.0,lignin,0.8697266752734935
1136,1136,271.0613115,271.0612232,271.061197,0.8,0.333333333,C15 H12 O5,15,12,5,0,0,0,0,0,0.0,tannin,0.885028373954532
1137,1137,271.0460262,271.0459379,271.0459408,1.090909091,0.727272727,C11 H12 O8,11,12,8,0,0,0,0,0,0.0,lignin,0.6338392890677603
1138,1138,271.0249357,271.0248474,271.0248114,0.571428571,0.428571429,C14 H8 O6,14,8,6,0,0,0,0,0,0.0,tannin,0.8477964113446459
1139,1139,270.2521123,270.2520246,270.2519586,2.125,0.125,C16 H34 O2 13C1,17,34,2,0,0,1,0,0,0.0,lipid,0.9500519744990704
1140,1140,270.1065647,270.1064771,270.1064166,1.5,0.5,C12 H18 O6 13C1,13,18,6,0,0,1,0,0,0.0,lignin,0.8273653065013118
1141,1141,269.2487197,269.2486327,269.2486038,2.0,0.117647059,C17 H34 O2,17,34,2,0,0,0,0,0,0.0,lipid,0.9117600548103457
1142,1142,269.2123243,269.2122373,269.2122183,1.875,0.1875,C16 H30 O3,16,30,3,0,0,0,0,0,0.0,lipid,0.911864050071137
1143,1143,269.1395721,269.1394851,269.1394473,1.571428571,0.357142857,C14 H22 O5,14,22,5,0,0,0,0,0,0.0,lipid,0.8876422447176312
1144,1144,269.1031921,269.1031051,269.1030618,1.384615385,0.461538462,C13 H18 O6,13,18,6,0,0,0,0,0,0.0,lignin,0.8349141630872529
1145,1145,269.0667908,269.0667039,269.0666763,1.166666667,0.583333333,C12 H14 O7,12,14,7,0,0,0,0,0,0.0,lignin,0.8697137413775067
1146,1146,269.0455901,269.0455031,269.0455469,0.666666667,0.333333333,C15 H10 O5,15,10,5,0,0,0,0,0,0.0,tannin,0.7270477875095833
1147,1147,269.0304168,269.0303298,269.0302907,0.909090909,0.727272727,C11 H10 O8,11,10,8,0,0,0,0,0,0.0,tannin,0.8858661799548061
1148,1148,267.2329845,267.2328988,267.2329537,1.882352941,0.117647059,C17 H32 O2,17,32,2,0,0,0,0,0,0.0,lipid,0.8879414211002409
1149,1149,267.1966086,267.1965229,267.1965682,1.75,0.1875,C16 H28 O3,16,28,3,0,0,0,0,0,0.0,lipid,0.8880877461068708
1150,1150,267.1602473,267.1601616,267.1601827,1.6,0.266666667,C15 H24 O4,15,24,4,0,0,0,0,0,0.0,lipid,0.8882402083667353
1151,1151,267.1438261,267.1437405,267.1436998,2.166666667,0.333333333,C12 H26 O4 34S1,12,26,4,0,0,0,1,0,0.0,lipid,0.8957081152971608
1152,1152,267.123853,267.1237673,267.1237972,1.428571429,0.357142857,C14 H20 O5,14,20,5,0,0,0,0,0,0.0,lignin,0.8327779978200078
1153,1153,267.0874847,267.0873991,267.0874117,1.230769231,0.461538462,C13 H16 O6,13,16,6,0,0,0,0,0,0.0,lignin,0.8385721013890916
1154,1154,267.0511194,267.0510338,267.0510262,1.0,0.583333333,C12 H12 O7,12,12,7,0,0,0,0,0,0.0,tannin,0.719379338881798
1155,1155,267.014739,267.0146535,267.0146407,0.727272727,0.727272727,C11 H8 O8,11,8,8,0,0,0,0,0,0.0,tannin,0.8877031569053457
1156,1156,266.151296,266.151211,266.1512588,2.363636364,0.363636364,C11 H26 O4 S1 13C1,12,26,4,1,0,1,0,0,0.0,lipid,0.895248753614793
1157,1157,265.1479454,265.147861,265.147904,2.166666667,0.333333333,C12 H26 O4 S1,12,26,4,1,0,0,0,0,0.0,lipid,0.8957081152971608
1158,1158,265.1446037,265.1445194,265.1445327,1.466666667,0.266666667,C15 H22 O4,15,22,4,0,0,0,0,0,0.0,lipid,0.8991203180146377
1159,1159,265.1082653,265.108181,265.1081471,1.285714286,0.357142857,C14 H18 O5,14,18,5,0,0,0,0,0,0.0,lignin,0.8350151800891865
1160,1160,265.0718752,265.071791,265.0717616,1.076923077,0.461538462,C13 H14 O6,13,14,6,0,0,0,0,0,0.0,lignin,0.9235827496153132
1161,1161,265.0355107,265.0354264,265.0353761,0.833333333,0.583333333,C12 H10 O7,12,10,7,0,0,0,0,0,0.0,tannin,0.8898293511906308
1162,1162,264.1241953,264.1241117,264.1241316,1.357142857,0.285714286,C14 H19 O4 N1,14,19,4,0,1,0,0,0,0.071428571,lipid,0.9022680313995703
1163,1163,263.128996,263.128913,263.1288826,1.333333333,0.266666667,C15 H20 O4,15,20,4,0,0,0,0,0,0.0,lignin,0.8329291560981915
1164,1164,263.0925656,263.0924827,263.0924971,1.142857143,0.357142857,C14 H16 O5,14,16,5,0,0,0,0,0,0.0,lignin,0.8362779476476903
1165,1165,263.0561611,263.0560782,263.0561116,0.923076923,0.461538462,C13 H12 O6,13,12,6,0,0,0,0,0,0.0,tannin,0.8852854715936329
1166,1166,263.0197657,263.0196828,263.0197261,0.666666667,0.583333333,C12 H8 O7,12,8,7,0,0,0,0,0,0.0,tannin,0.8940693987963954
1167,1167,261.1133429,261.1132613,261.1132325,1.2,0.266666667,C15 H18 O4,15,18,4,0,0,0,0,0,0.0,lignin,0.8349899284233526
1168,1168,261.0769699,261.0768883,261.076847,1.0,0.357142857,C14 H14 O5,14,14,5,0,0,0,0,0,0.0,lignin,0.9232389156408709
1169,1169,261.0405553,261.0404737,261.0404615,0.769230769,0.461538462,C13 H10 O6,13,10,6,0,0,0,0,0,0.0,tannin,0.890087525506217
1170,1170,259.1187644,259.1186841,259.1187118,1.666666667,0.5,C12 H20 O6,12,20,6,0,0,0,0,0,0.0,lipid,0.9505075972465269
1171,1171,259.0976629,259.0975826,259.0975825,1.066666667,0.266666667,C15 H16 O4,15,16,4,0,0,0,0,0,0.0,lignin,0.9264263709958831
1172,1172,259.0824059,259.0823256,259.0823263,1.454545455,0.636363636,C11 H16 O7,11,16,7,0,0,0,0,0,0.0,lignin,0.8917845480266632
1173,1173,259.0612468,259.0611665,259.061197,0.857142857,0.357142857,C14 H12 O5,14,12,5,0,0,0,0,0,0.0,tannin,0.8846496525962744
1174,1174,259.0460656,259.0459854,259.0459408,1.2,0.8,C10 H12 O8,10,12,8,0,0,0,0,0,0.0,lignin,0.9083349281392836
1175,1175,259.0248395,259.0247593,259.0248114,0.615384615,0.461538462,C13 H8 O6,13,8,6,0,0,0,0,0,0.0,tannin,0.8881719339616584
1176,1176,257.2397848,257.2397057,257.2396634,2.285714286,0.142857143,C14 H32 O2 13C2,16,32,2,0,0,2,0,0,0.0,lipid,0.8961332596910679
1177,1177,257.2123117,257.2122326,257.2122183,2.0,0.2,C15 H30 O3,15,30,3,0,0,0,0,0,0.0,lipid,0.950931769973615
1178,1178,257.1759536,257.1758746,257.1758328,1.857142857,0.285714286,C14 H26 O4,14,26,4,0,0,0,0,0,0.0,lipid,0.9510093231492807
1179,1179,257.1395589,257.1394799,257.1394473,1.692307692,0.384615385,C13 H22 O5,13,22,5,0,0,0,0,0,0.0,lipid,0.9114073151484096
1180,1180,257.103133,257.103054,257.1030618,1.5,0.5,C12 H18 O6,12,18,6,0,0,0,0,0,0.0,lignin,0.8273653065013118
1181,1181,257.0667088,257.0666299,257.0666763,1.272727273,0.636363636,C11 H14 O7,11,14,7,0,0,0,0,0,0.0,lignin,0.9370921140481723
1182,1182,257.0456527,257.0455737,257.0455469,0.714285714,0.357142857,C14 H10 O5,14,10,5,0,0,0,0,0,0.0,tannin,0.8508400590092547
1183,1183,257.0303244,257.0302455,257.0302907,1.0,0.8,C10 H10 O8,10,10,8,0,0,0,0,0,0.0,tannin,0.7187603222335043
1184,1184,256.2364179,256.2363395,256.2363086,2.133333333,0.133333333,C15 H32 O2 13C1,16,32,2,0,0,1,0,0,0.0,lipid,0.9499594568396607
1185,1185,255.2330226,255.2329449,255.2329537,2.0,0.125,C16 H32 O2,16,32,2,0,0,0,0,0,0.0,lipid,0.9117052864755664
1186,1186,255.1966703,255.1965926,255.1965682,1.866666667,0.2,C15 H28 O3,15,28,3,0,0,0,0,0,0.0,lipid,0.9118130285441725
1187,1187,255.1602941,255.1602165,255.1601827,1.714285714,0.285714286,C14 H24 O4,14,24,4,0,0,0,0,0,0.0,lipid,0.8874932655849193
1188,1188,255.123855,255.1237774,255.1237972,1.538461538,0.384615385,C13 H20 O5,13,20,5,0,0,0,0,0,0.0,lipid,0.8875384310094454
1189,1189,255.0874389,255.0873613,255.0874117,1.333333333,0.5,C12 H16 O6,12,16,6,0,0,0,0,0,0.0,lignin,0.8367388708071595
1190,1190,255.0510865,255.0510088,255.0510262,1.090909091,0.636363636,C11 H12 O7,11,12,7,0,0,0,0,0,0.0,lignin,0.7958678932983878
1191,1191,255.0147463,255.0146688,255.0146407,0.8,0.8,C10 H8 O8,10,8,8,0,0,0,0,0,0.0,tannin,0.8866986852868557
1192,1192,254.2207655,254.2206884,254.2206585,2.0,0.133333333,C15 H30 O2 13C1,16,30,2,0,0,1,0,0,0.0,lipid,0.9514603576451324
1193,1193,253.2173465,253.2172701,253.2173037,1.875,0.125,C16 H30 O2,16,30,2,0,0,0,0,0,0.0,lipid,0.887916064782676
1194,1194,253.1446404,253.1445641,253.1445327,1.571428571,0.285714286,C14 H22 O4,14,22,4,0,0,0,0,0,0.0,lipid,0.8882269264701284
1195,1195,253.1082515,253.1081752,253.1081471,1.384615385,0.384615385,C13 H18 O5,13,18,5,0,0,0,0,0,0.0,lignin,0.8337684022759575
1196,1196,253.0831033,253.083027,253.082995,1.272727273,0.454545455,C11 H14 O5 N2,11,14,5,0,2,0,0,0,0.181818182,peptide,0.9355708329111974
1197,1197,253.0718306,253.0717543,253.0717616,1.166666667,0.5,C12 H14 O6,12,14,6,0,0,0,0,0,0.0,lignin,0.839680591125683
1198,1198,253.0354189,253.0353426,253.0353761,0.909090909,0.636363636,C11 H10 O7,11,10,7,0,0,0,0,0,0.0,tannin,0.8825620321394398
1199,1199,251.1653689,251.1652938,251.1652681,1.6,0.2,C15 H24 O3,15,24,3,0,0,0,0,0,0.0,lipid,0.8989564497524519
1200,1200,251.1289792,251.1289041,251.1288826,1.428571429,0.285714286,C14 H20 O4,14,20,4,0,0,0,0,0,0.0,lipid,0.6152643190638664
1201,1201,251.0925389,251.0924639,251.0924971,1.230769231,0.384615385,C13 H16 O5,13,16,5,0,0,0,0,0,0.0,lignin,0.8366887603948273
1202,1202,251.0561765,251.0561015,251.0561116,1.0,0.5,C12 H12 O6,12,12,6,0,0,0,0,0,0.0,tannin,0.5343542876145502
1203,1203,251.0198396,251.0197647,251.0197261,0.727272727,0.636363636,C11 H8 O7,11,8,7,0,0,0,0,0,0.0,tannin,0.8926675651474779
1204,1204,250.1449628,250.1448884,250.144867,1.5,0.214285714,C14 H21 O3 N1,14,21,3,0,1,0,0,0,0.071428571,lipid,0.8996814096610409
1205,1205,249.1497207,249.149647,249.149618,1.466666667,0.2,C15 H22 O3,15,22,3,0,0,0,0,0,0.0,lipid,0.8997971399897539
1206,1206,249.1133345,249.1132608,249.1132325,1.285714286,0.285714286,C14 H18 O4,14,18,4,0,0,0,0,0,0.0,lignin,0.833874209945203
1207,1207,249.0768797,249.0768061,249.076847,1.076923077,0.384615385,C13 H14 O5,13,14,5,0,0,0,0,0,0.0,lignin,0.9251139604385881
1208,1208,249.0405354,249.0404617,249.0404615,0.833333333,0.5,C12 H10 O6,12,10,6,0,0,0,0,0,0.0,tannin,0.889612759557275
1209,1209,247.1340016,247.1339292,247.133968,1.333333333,0.2,C15 H20 O3,15,20,3,0,0,0,0,0,0.0,lignin,0.5229043314731214
1210,1210,247.097691,247.0976186,247.0975825,1.142857143,0.285714286,C14 H16 O4,14,16,4,0,0,0,0,0,0.0,lignin,0.8342165739532424
1211,1211,247.0612882,247.0612158,247.061197,0.923076923,0.384615385,C13 H12 O5,13,12,5,0,0,0,0,0,0.0,tannin,0.8835658763478523
1212,1212,247.0248386,247.0247663,247.0248114,0.666666667,0.5,C12 H8 O6,12,8,6,0,0,0,0,0,0.0,tannin,0.8929154893576697
1213,1213,245.0456128,245.0455418,245.0455469,0.769230769,0.384615385,C13 H10 O5,13,10,5,0,0,0,0,0,0.0,tannin,0.8900227060417532
1214,1214,243.1966582,243.1965883,243.1965682,2.0,0.214285714,C14 H28 O3,14,28,3,0,0,0,0,0,0.0,lipid,0.9508335893594475
1215,1215,243.1602719,243.1602021,243.1601827,1.846153846,0.307692308,C13 H24 O4,13,24,4,0,0,0,0,0,0.0,lipid,0.9509085371559408
1216,1216,243.1238341,243.1237644,243.1237972,1.666666667,0.416666667,C12 H20 O5,12,20,5,0,0,0,0,0,0.0,lipid,0.9113284338026352
1217,1217,243.087515,243.0874453,243.0874117,1.454545455,0.545454545,C11 H16 O6,11,16,6,0,0,0,0,0,0.0,lignin,0.8776649047802589
1218,1218,243.0510775,243.0510078,243.0510262,1.2,0.7,C10 H12 O7,10,12,7,0,0,0,0,0,0.0,lignin,0.9347262621921966
1219,1219,242.2207554,242.2206862,242.2206585,2.142857143,0.142857143,C14 H30 O2 13C1,15,30,2,0,0,1,0,0,0.0,lipid,0.949858357166191
1220,1220,242.1762107,242.1761415,242.1761671,1.923076923,0.230769231,C13 H25 O3 N1,13,25,3,0,1,0,0,0,0.076923077,lipid,0.9427689598691987
1221,1221,241.2173379,241.2172693,241.2173037,2.0,0.133333333,C15 H30 O2,15,30,2,0,0,0,0,0,0.0,lipid,0.9514603576451324
1222,1222,241.1810134,241.1809449,241.1809182,1.857142857,0.214285714,C14 H26 O3,14,26,3,0,0,0,0,0,0.0,lipid,0.9117571593044399
1223,1223,241.1445736,241.1445051,241.1445327,1.692307692,0.307692308,C13 H22 O4,13,22,4,0,0,0,0,0,0.0,lipid,0.8874472829421871
1224,1224,241.1082083,241.1081398,241.1081471,1.5,0.416666667,C12 H18 O5,12,18,5,0,0,0,0,0,0.0,lignin,0.8264543435641967
1225,1225,241.0718709,241.0718025,241.0717616,1.272727273,0.545454545,C11 H14 O6,11,14,6,0,0,0,0,0,0.0,lignin,0.8397186723665037
1226,1226,241.0354061,241.0353376,241.0353761,1.0,0.7,C10 H10 O7,10,10,7,0,0,0,0,0,0.0,tannin,0.7188065712841234
1227,1227,240.0707772,240.0707094,240.0706998,1.333333333,0.555555556,C9 H12 O5 N2 13C1,10,12,5,0,2,1,0,0,0.2,peptide,0.7690419882378609
1228,1228,239.1289079,239.1288407,239.1288826,1.538461538,0.307692308,C13 H20 O4,13,20,4,0,0,0,0,0,0.0,lipid,0.8987445739712967
1229,1229,239.0925915,239.0925244,239.0924971,1.333333333,0.416666667,C12 H16 O5,12,16,5,0,0,0,0,0,0.0,lignin,0.8351062822906374
1230,1230,239.0674465,239.0673793,239.067345,1.2,0.5,C10 H12 O5 N2,10,12,5,0,2,0,0,0,0.2,peptide,0.9447494277177434
1231,1231,239.0561591,239.056092,239.0561116,1.090909091,0.545454545,C11 H12 O6,11,12,6,0,0,0,0,0,0.0,lignin,0.9233995944237889
1232,1232,239.0198226,239.0197554,239.0197261,0.8,0.7,C10 H8 O7,10,8,7,0,0,0,0,0,0.0,tannin,0.8871091687262413
1233,1233,237.1496955,237.1496296,237.149618,1.571428571,0.214285714,C14 H22 O3,14,22,3,0,0,0,0,0,0.0,lipid,0.8990007295009894
1234,1234,237.1132683,237.1132024,237.1132325,1.384615385,0.307692308,C13 H18 O4,13,18,4,0,0,0,0,0,0.0,lignin,0.8327994150879661
1235,1235,237.0769405,237.0768746,237.076847,1.166666667,0.416666667,C12 H14 O5,12,14,5,0,0,0,0,0,0.0,lignin,0.8368266771994491
1236,1236,237.0404848,237.0404189,237.0404615,0.909090909,0.545454545,C11 H10 O6,11,10,6,0,0,0,0,0,0.0,tannin,0.8878165329626247
1237,1237,235.170409,235.1703444,235.1703535,1.6,0.133333333,C15 H24 O2,15,24,2,0,0,0,0,0,0.0,lipid,0.8986672850302968
1238,1238,235.1340317,235.1339671,235.133968,1.428571429,0.214285714,C14 H20 O3,14,20,3,0,0,0,0,0,0.0,lipid,0.8998669051565701
1239,1239,235.0976706,235.097606,235.0975825,1.230769231,0.307692308,C13 H16 O4,13,16,4,0,0,0,0,0,0.0,lignin,0.8351123833118621
1240,1240,235.0612505,235.0611859,235.061197,1.0,0.416666667,C12 H12 O5,12,12,5,0,0,0,0,0,0.0,lignin,0.9229424889167854
1241,1241,235.0249091,235.0248446,235.0248114,0.727272727,0.545454545,C11 H8 O6,11,8,6,0,0,0,0,0,0.0,tannin,0.8922708704770399
1242,1242,233.1547907,233.1547274,233.1547034,1.466666667,0.133333333,C15 H22 O2,15,22,2,0,0,0,0,0,0.0,lipid,0.8999980345663671
1243,1243,233.0456152,233.0455519,233.0455469,0.833333333,0.416666667,C12 H10 O5,12,10,5,0,0,0,0,0,0.0,tannin,0.8869940391007465
1244,1244,231.0299313,231.0298693,231.0298968,0.666666667,0.416666667,C12 H8 O5,12,8,5,0,0,0,0,0,0.0,tannin,0.8829833170871767
1245,1245,229.181,229.1809392,229.1809182,2.0,0.230769231,C13 H26 O3,13,26,3,0,0,0,0,0,0.0,lipid,0.9507256407414124
1246,1246,228.2050641,228.205004,228.2050084,2.153846154,0.153846154,C13 H28 O2 13C1,14,28,2,0,0,1,0,0,0.0,lipid,0.9118915364527265
1247,1247,228.1031238,228.1030638,228.1030022,1.071428571,0.142857143,C14 H15 O2 N1,14,15,2,0,1,0,0,0,0.071428571,lignin,0.9067037718278295
1248,1248,227.201683,227.2016235,227.2016536,2.0,0.142857143,C14 H28 O2,14,28,2,0,0,0,0,0,0.0,lipid,0.9513765053962828
1249,1249,227.1289652,227.1289057,227.1288826,1.666666667,0.333333333,C12 H20 O4,12,20,4,0,0,0,0,0,0.0,lipid,0.8873950242524898
1250,1250,227.0925275,227.0924681,227.0924971,1.454545455,0.454545455,C11 H16 O5,11,16,5,0,0,0,0,0,0.0,lignin,0.8275290536985264
1251,1251,227.0658947,227.0658353,227.0658359,2.0,1.0,C7 H14 O7 18O1,7,14,7,0,0,0,0,1,0.0,carbohydrate,0.9394636628626312
1252,1252,227.0561856,227.0561262,227.0561116,1.2,0.6,C10 H12 O6,10,12,6,0,0,0,0,0,0.0,lignin,0.9059390441440254
1253,1253,226.0649744,226.0649156,226.0649457,2.333333333,1.333333333,C6 H14 O8 13C1,7,14,8,0,0,1,0,0,0.0,carbohydrate,0.922265663066403
1254,1254,225.1132689,225.1132108,225.1132325,1.5,0.333333333,C12 H18 O4,12,18,4,0,0,0,0,0,0.0,lipid,0.8987679166636724
1255,1255,225.0769047,225.0768465,225.076847,1.272727273,0.454545455,C11 H14 O5,11,14,5,0,0,0,0,0,0.0,lignin,0.8371986769680919
1256,1256,225.0616756,225.0616175,225.0615909,2.0,1.142857143,C7 H14 O8,7,14,8,0,0,0,0,0,0.0,carbohydrate,0.9371420288161947
1257,1257,225.0405453,225.0404872,225.0404615,1.0,0.6,C10 H10 O6,10,10,6,0,0,0,0,0,0.0,tannin,0.7201531095269726
1258,1258,223.0976524,223.0975955,223.0975825,1.333333333,0.333333333,C12 H16 O4,12,16,4,0,0,0,0,0,0.0,lignin,0.8338729306890442
1259,1259,223.0612363,223.0611795,223.061197,1.090909091,0.454545455,C11 H12 O5,11,12,5,0,0,0,0,0,0.0,lignin,0.9239045996356099
1260,1260,223.024845,223.0247882,223.0248114,0.8,0.6,C10 H8 O6,10,8,6,0,0,0,0,0,0.0,tannin,0.8905301293287525
1261,1261,221.1547632,221.1547075,221.1547034,1.571428571,0.142857143,C14 H22 O2,14,22,2,0,0,0,0,0,0.0,lipid,0.898749660258987
1262,1262,221.0820089,221.0819533,221.0819324,1.166666667,0.333333333,C12 H14 O4,12,14,4,0,0,0,0,0,0.0,lignin,0.8346794013289476
1263,1263,221.0455953,221.0455397,221.0455469,0.909090909,0.454545455,C11 H10 O5,11,10,5,0,0,0,0,0,0.0,tannin,0.8851355866656185
1264,1264,219.0299249,219.0298706,219.0298968,0.727272727,0.454545455,C11 H8 O5,11,8,5,0,0,0,0,0,0.0,tannin,0.8912626941760255
1265,1265,215.1653224,215.1652706,215.1652681,2.0,0.25,C12 H24 O3,12,24,3,0,0,0,0,0,0.0,lipid,0.9506062480833833
1266,1266,213.1860462,213.1859956,213.1860035,2.0,0.153846154,C13 H26 O2,13,26,2,0,0,0,0,0,0.0,lipid,0.9512835903447941
1267,1267,211.0248457,211.0247965,211.0248114,0.888888889,0.666666667,C9 H8 O6,9,8,6,0,0,0,0,0,0.0,tannin,0.8829197497931753
1268,1268,209.1084643,209.1084163,209.1084219,1.0,0.0,C14 H14 N2,14,14,0,0,2,0,0,0,0.142857143,pah,0.8075821028862826
1269,1269,209.0455795,209.0455315,209.0455469,1.0,0.5,C10 H10 O5,10,10,5,0,0,0,0,0,0.0,tannin,0.5343542876145502
1270,1270,207.0299638,207.029917,207.0298968,0.8,0.5,C10 H8 O5,10,8,5,0,0,0,0,0,0.0,tannin,0.8898634126020722
1271,1271,206.1631634,206.1631173,206.1631436,1.692307692,0.076923077,C13 H22 O1 13C1,14,22,1,0,0,1,0,0,0.0,lipid,0.8985820605453487
1272,1272,205.1598519,205.1598064,205.1597888,1.571428571,0.071428571,C14 H22 O1,14,22,1,0,0,0,0,0,0.0,lipid,0.8998834361500105
1273,1273,201.1132574,201.1132144,201.1132325,1.8,0.4,C10 H18 O4,10,18,4,0,0,0,0,0,0.0,lipid,0.9505274450254895
1274,1274,199.1703948,199.170353,199.1703535,2.0,0.166666667,C12 H24 O2,12,24,2,0,0,0,0,0,0.0,lipid,0.9511799801226442
1275,1275,195.0299443,195.029905,195.0298968,0.888888889,0.555555556,C9 H8 O5,9,8,5,0,0,0,0,0,0.0,tannin,0.888417713617072
1276,1276,191.0197597,191.0197229,191.0197261,1.333333333,1.166666667,C6 H8 O7,6,8,7,0,0,0,0,0,0.0,carbohydrate,0.8589698800266896
1277,1277,187.1340028,187.1339684,187.133968,2.0,0.3,C10 H20 O3,10,20,3,0,0,0,0,0,0.0,lipid,0.8970647538889185
1278,1278,187.0976235,187.0975891,187.0975825,1.777777778,0.444444444,C9 H16 O4,9,16,4,0,0,0,0,0,0.0,lipid,0.9504195273322157
1279,1279,185.1547325,185.1546993,185.1547034,2.0,0.181818182,C11 H22 O2,11,22,2,0,0,0,0,0,0.0,lipid,0.9510636013274633
1280,1280,171.1390905,171.1390658,171.1390534,2.0,0.2,C10 H20 O2,10,20,2,0,0,0,0,0,0.0,lipid,0.950931769973615
