Index,m/z,Calibrated m/z,Calculated m/z,Peak Height,Resolving Power,S/N,Ion Charge,m/z Error (ppm),m/z Error Score,Isotopologue Similarity,Confidence Score,DBE,H/C,O/C,Heteroatom Class,Ion Type,Is Isotopologue,Mono Isotopic Index,Molecular Formula,C,H,O,S,N,13C,34S,18O
0,645.2191411,645.2185527,645.2183663,5589082.62,319460.2666,9.919174443,-1,0.288938275,0.628884684,0,0.37733081,32,0.666666667,0.066666667,N2 O3,de-protonated,0,,C45 H30 O3 N2,45,30,3,,2,,,
1,619.2036774,619.2031249,619.2032293,6113076.916,332882.5165,10.84912864,-1,-0.168585266,0.853939953,0,0.512363972,13,1.2,0.466666667,O14,de-protonated,0,,C30 H36 O14,30,36,14,,,,,
2,617.3582344,617.3576845,617.3576219,6211083.724,333877.2665,11.02306535,-1,0.101288903,0.944596998,0,0.566758199,0,2.071428571,0.428571429,S1 O12,de-protonated,0,,C28 H58 O12 S1,28,58,12,1,,,,
3,613.5417679,613.5412232,613.5412636,7968661.525,268763.4132,14.14231085,-1,-0.065775922,0.976250608,0,0.585750365,1,2,0.162162162,O6,de-protonated,0,,C37 H74 O6,37,74,6,,,,,
4,607.2399792,607.239443,607.2396148,7298141.809,339440.5166,12.95231197,-1,-0.282903706,0.641057483,0,0.38463449,11,1.333333333,0.433333333,O13,de-protonated,0,,C30 H40 O13,30,40,13,,,,,
5,605.2605599,605.2600264,605.2598372,5424988.115,340551.0165,9.627949187,-1,0.312667568,0.580934822,0,0.348560893,29,0.772727273,0.022727273,N2 O1,de-protonated,0,,C44 H34 O1 N2,44,34,1,,2,,,
6,605.2242435,605.2237101,605.2239647,9368676.714,340571.0165,16.62697529,-1,-0.420755928,0.373988273,0,0.224392964,12,1.266666667,0.433333333,O13,de-protonated,0,,C30 H38 O13,30,38,13,,,,,
6,605.2242435,605.2237101,605.2234517,9368676.714,340571.0165,16.62697529,-1,0.426970841,0.363200393,0,0.217920236,30,0.697674419,0.046511628,N2 O2,de-protonated,0,,C43 H30 O2 N2,43,30,2,,2,,,
7,605.1879977,605.1874644,605.1875792,5693144.577,340591.5165,10.10385747,-1,-0.18978688,0.818644063,0,0.491186438,13,1.172413793,0.482758621,O14,de-protonated,0,,C29 H34 O14,29,34,14,,,,,
8,603.2449716,603.2444409,603.2447002,6514386.56,341688.5165,11.56134934,-1,-0.429855671,0.358246936,0,0.214948162,12,1.290322581,0.387096774,O12,de-protonated,0,,C31 H40 O12,31,40,12,,,,,
8,603.2449716,603.2444409,603.2441871,6514386.56,341688.5165,11.56134934,-1,0.42065251,0.374169112,0,0.224501467,30,0.727272727,0.022727273,N2 O1,de-protonated,0,,C44 H32 O1 N2,44,32,1,,2,,,
9,603.2086125,603.2080818,603.2083147,8016028.652,273367.4132,14.22637523,-1,-0.386094787,0.436851422,0,0.262110853,13,1.2,0.433333333,O13,de-protonated,0,,C30 H36 O13,30,36,13,,,,,
9,603.2086125,603.2080818,603.2078016,8016028.652,273367.4132,14.22637523,-1,0.464464733,0.301650551,0,0.180990331,31,0.651162791,0.046511628,N2 O2,de-protonated,0,,C43 H28 O2 N2,43,28,2,,2,,,
10,601.1929337,601.1924058,601.1926646,5830206.247,274284.0132,10.34710645,-1,-0.430582597,0.357004237,0,0.214202542,14,1.133333333,0.433333333,O13,de-protonated,0,,C30 H34 O13,30,34,13,,,,,
10,601.1929337,601.1924058,601.1921516,5830206.247,274284.0132,10.34710645,-1,0.422828603,0.370373028,0,0.222223817,32,0.604651163,0.046511628,N2 O2,de-protonated,0,,C43 H26 O2 N2,43,26,2,,2,,,
11,597.255477,597.2549543,597.2547518,5234792.34,276092.2133,9.290400935,-1,0.339096779,0.527917853,0,0.316750712,27,0.80952381,0.047619048,N2 O2,de-protonated,0,,C42 H34 O2 N2,42,34,2,,2,,,
12,597.2191651,597.2186426,597.2188794,6588145.507,345136.0165,11.69225238,-1,-0.396524584,0.417483732,0,0.250490239,10,1.357142857,0.5,O14,de-protonated,0,,C28 H38 O14,28,38,14,,,,,
12,597.2191651,597.2186426,597.2183663,6588145.507,345136.0165,11.69225238,-1,0.462565092,0.304616223,0,0.182769734,28,0.731707317,0.073170732,N2 O3,de-protonated,0,,C41 H30 O3 N2,41,30,3,,2,,,
13,595.2401136,595.2395937,595.2396148,7107129.516,277027.0132,12.61331461,-1,-0.035551342,0.993002939,0,0.595801764,10,1.379310345,0.448275862,O13,de-protonated,0,,C29 H40 O13,29,40,13,,,,,
14,595.203914,595.2033941,595.2032293,6304220.364,277043.8132,11.18835877,-1,0.27691639,0.653106592,0,0.391863955,11,1.285714286,0.5,O14,de-protonated,0,,C28 H36 O14,28,36,14,,,,,
15,593.2247658,593.2242486,593.2239647,8457999.112,347460.0166,15.01075836,-1,0.478425481,0.28037807,0,0.168226842,11,1.310344828,0.448275862,O13,de-protonated,0,,C29 H38 O13,29,38,13,,,,,
16,593.188327,593.1878098,593.1875792,6589068.006,277985.2132,11.69388957,-1,0.388707941,0.431965156,0,0.259179094,12,1.214285714,0.5,O14,de-protonated,0,,C28 H34 O14,28,34,14,,,,,
17,591.2453833,591.2448688,591.2447002,6639506.04,348623.2664,11.78340402,-1,0.285121818,0.636585947,0,0.381951568,11,1.333333333,0.4,O12,de-protonated,0,,C30 H40 O12,30,40,12,,,,,
18,591.2089448,591.2084303,591.2083147,7663580.995,348645.0166,13.6008719,-1,0.195607579,0.808504955,0,0.485102973,12,1.24137931,0.448275862,O13,de-protonated,0,,C29 H36 O13,29,36,13,,,,,
19,591.1724263,591.1719119,591.1719292,6901780.596,348666.2665,12.24887345,-1,-0.029265158,0.995253249,0,0.597151949,13,1.142857143,0.5,O14,de-protonated,0,,C28 H32 O14,28,32,14,,,,,
20,589.2294372,589.2289254,589.2290501,9160103.254,349816.0165,16.25681141,-1,-0.211661822,0.77966345,0,0.46779807,12,1.266666667,0.4,O12,de-protonated,0,,C30 H38 O12,30,38,12,,,,,
21,589.1930533,589.1925415,589.1926646,9036087.322,349837.5165,16.03671524,-1,-0.208968118,0.784586705,0,0.470752023,13,1.172413793,0.448275862,O13,de-protonated,0,,C29 H34 O13,29,34,13,,,,,
22,586.5137205,586.5132123,586.5133183,7683652.208,351435.7665,13.63649311,-1,-0.180678364,0.834135613,0.986727738,0.895172463,1,2.058823529,0.176470588,13C1 O6,de-protonated,1,23,C34 H70 O6 13C1,34,70,6,,,1,,
23,585.510515,585.5100081,585.5099634,21554187.92,352038.2665,38.25310243,-1,0.076325438,0.90114472,0.986727738,0.935377927,1,2,0.171428571,O6,de-protonated,0,,C35 H70 O6,35,70,6,,,,,
24,583.2399662,583.2394623,583.2396148,6116221.912,282726.8132,10.85471019,-1,-0.26143741,0.684053225,0,0.410431935,9,1.428571429,0.464285714,O13,de-protonated,0,,C28 H40 O13,28,40,13,,,,,
25,583.2036253,583.2031215,583.2032293,6078442.521,353430.7666,10.78766156,-1,-0.184842266,0.827112304,0,0.496267382,10,1.333333333,0.518518519,O14,de-protonated,0,,C27 H36 O14,27,36,14,,,,,
27,581.1883156,581.1878145,581.1875792,6705349.036,354656.2666,11.90025829,-1,0.404795096,0.402392151,0,0.241435291,11,1.259259259,0.518518519,O14,de-protonated,0,,C27 H34 O14,27,34,14,,,,,
28,579.2813312,579.2808327,579.2810857,5589898.295,355823.7665,9.920622056,-1,-0.436799798,0.346467237,0,0.207880342,9,1.466666667,0.366666667,O11,de-protonated,0,,C30 H44 O11,30,44,11,,,,,
28,579.2813312,579.2808327,579.2805726,5589898.295,355823.7665,9.920622056,-1,0.448892105,0.326453636,0,0.195872182,27,0.837209302,0,N2,de-protonated,0,,C43 H36 N2,43,36,,,2,,,
29,579.2449787,579.2444802,579.2447002,11992209.95,355845.7666,21.28306746,-1,-0.379744598,0.448815126,0,0.269289076,10,1.379310345,0.413793103,O12,de-protonated,0,,C29 H40 O12,29,40,12,,,,,
30,579.208819,579.2083206,579.2083147,10329144.04,355868.0165,18.33155609,-1,0.010146539,0.999428207,0,0.599656924,11,1.285714286,0.464285714,O13,de-protonated,0,,C28 H36 O13,28,36,13,,,,,
31,579.1726398,579.1721414,579.1719292,6068435.31,355890.5166,10.76990135,-1,0.366351391,0.474435465,0,0.284661279,12,1.185185185,0.518518519,O14,de-protonated,0,,C27 H32 O14,27,32,14,,,,,
32,577.2660527,577.2655568,577.2654356,6816386.179,357066.0164,12.09732047,-1,0.209917498,0.782855197,0,0.469713118,10,1.4,0.366666667,O11,de-protonated,0,,C30 H42 O11,30,42,11,,,,,
33,577.2294488,577.228953,577.2290501,11370908.08,357088.2665,20.18041751,-1,-0.168247604,0.854479699,0,0.51268782,11,1.310344828,0.413793103,O12,de-protonated,0,,C29 H38 O12,29,38,12,,,,,
34,577.1928974,577.1924016,577.1926646,11008950.68,357111.2666,19.53803686,-1,-0.455614615,0.315609936,0,0.189365961,12,1.214285714,0.464285714,O13,de-protonated,0,,C28 H34 O13,28,34,13,,,,,
34,577.1928974,577.1924016,577.1921516,11008950.68,357111.2666,19.53803686,-1,0.433281919,0.352409178,0,0.211445507,30,0.634146341,0.048780488,N2 O2,de-protonated,0,,C41 H26 O2 N2,41,26,2,,2,,,
35,577.1565883,577.1560926,577.1562791,6612616.873,357133.7665,11.73568271,-1,-0.323225822,0.559665335,0,0.335799201,13,1.111111111,0.518518519,O14,de-protonated,0,,C27 H30 O14,27,30,14,,,,,
36,575.3571594,575.3566661,575.3564402,6394426.081,358250.2664,11.34845056,-1,0.392649147,0.424637835,0,0.254782701,12,1.405405405,0.081081081,S1 O3,de-protonated,0,,C37 H52 O3 S1,37,52,3,1,,,,
37,575.2505233,575.2500301,575.2497856,7077660.254,358317.0165,12.5610143,-1,0.425130356,0.36637866,0,0.219827196,11,1.333333333,0.366666667,O11,de-protonated,0,,C30 H40 O11,30,40,11,,,,,
38,575.2140465,575.2135533,575.2134001,7915975.418,358339.7665,14.04880665,-1,0.266466896,0.67403716,0,0.404422296,12,1.24137931,0.413793103,O12,de-protonated,0,,C29 H36 O12,29,36,12,,,,,
39,575.1776703,575.1771772,575.1770146,6931294.319,286689.8132,12.30125266,-1,0.282815884,0.641234449,0,0.384740669,13,1.142857143,0.464285714,O13,de-protonated,0,,C28 H32 O13,28,32,13,,,,,
40,575.1047064,575.1042134,575.1042435,6545007.412,358407.5165,11.61569343,-1,-0.05233715,0.984897552,0,0.590938531,15,0.923076923,0.576923077,O15,de-protonated,0,,C26 H24 O15,26,24,15,,,,,
41,573.3317939,573.3313032,573.3314072,14831336.62,359516.2665,26.32178216,-1,-0.181362959,0.832987837,0,0.499792702,0,2.076923077,0.423076923,S1 O11,de-protonated,0,,C26 H54 O11 S1,26,54,11,1,,,,
42,573.2345302,573.2340397,573.2341355,8001792.57,359577.2666,14.20110987,-1,-0.167124752,0.856269205,0,0.513761523,12,1.266666667,0.366666667,O11,de-protonated,0,,C30 H38 O11,30,38,11,,,,,
43,573.1982705,573.19778,573.19775,7668282.203,287679.8133,13.60921533,-1,0.052350913,0.984889668,0,0.590933801,13,1.172413793,0.413793103,O12,de-protonated,0,,C29 H34 O12,29,34,12,,,,,
44,573.0892956,573.0888052,573.0885935,5344560.64,359668.0165,9.485211244,-1,0.369489621,0.468387761,0,0.281032656,16,0.846153846,0.576923077,O15,de-protonated,0,,C26 H22 O15,26,22,15,,,,,
45,571.2187628,571.2182749,571.2184854,5868361.767,360845.7666,10.41482261,-1,-0.368563455,0.470169871,0,0.282101922,13,1.2,0.366666667,O11,de-protonated,0,,C30 H36 O11,30,36,11,,,,,
46,571.1823571,571.1818693,571.1820999,6133760.799,360868.7665,10.88583718,-1,-0.403796045,0.404202109,0,0.242521266,14,1.103448276,0.413793103,O12,de-protonated,0,,C29 H32 O12,29,32,12,,,,,
46,571.1823571,571.1818693,571.1815869,6133760.799,360868.7665,10.88583718,-1,0.494454426,0.25711007,0,0.154266042,32,0.571428571,0.023809524,N2 O1,de-protonated,0,,C42 H24 O1 N2,42,24,1,,2,,,
47,569.2242726,569.2237874,569.2239647,8244351.794,362110.5166,14.63158969,-1,-0.311634339,0.58302039,0,0.349812234,9,1.407407407,0.481481481,O13,de-protonated,0,,C27 H38 O13,27,38,13,,,,,
48,569.1878141,569.187329,569.1875792,7424052.32,362133.2666,13.17577052,-1,-0.439727873,0.34156217,0,0.204937302,10,1.307692308,0.538461538,O14,de-protonated,0,,C26 H34 O14,26,34,14,,,,,
48,569.1878141,569.187329,569.1870662,7424052.32,362133.2666,13.17577052,-1,0.461670176,0.306019177,0,0.183611506,28,0.666666667,0.076923077,N2 O3,de-protonated,0,,C39 H26 O3 N2,39,26,3,,2,,,
49,567.2451518,567.2446692,567.2447002,8547366.648,363373.5165,15.16936259,-1,-0.054676429,0.983528759,0,0.590117256,9,1.428571429,0.428571429,O12,de-protonated,0,,C28 H40 O12,28,40,12,,,,,
50,567.2087261,567.2082436,567.2083147,10073582.43,363397.2665,17.87800041,-1,-0.125347048,0.916412914,0,0.549847748,10,1.333333333,0.481481481,O13,de-protonated,0,,C27 H36 O13,27,36,13,,,,,
51,567.1723051,567.1718226,567.1719292,7096812.972,363420.5165,12.59500542,-1,-0.187852372,0.821973355,0,0.493184013,11,1.230769231,0.538461538,O14,de-protonated,0,,C26 H32 O14,26,32,14,,,,,
52,565.266058,565.265578,565.2654356,7365071.681,364645.7665,13.07109516,-1,0.251783003,0.703144634,0,0.421886781,9,1.448275862,0.379310345,O11,de-protonated,0,,C29 H42 O11,29,42,11,,,,,
53,565.2296298,565.2291498,565.2290501,11703532.28,364669.2665,20.77073935,-1,0.176416531,0.84121803,0,0.504730818,10,1.357142857,0.428571429,O12,de-protonated,0,,C28 H38 O12,28,38,12,,,,,
54,565.1930578,565.1925779,565.1926646,11772549.13,364693.2665,20.89322638,-1,-0.153516786,0.877279165,0,0.526367499,11,1.259259259,0.481481481,O13,de-protonated,0,,C27 H34 O13,27,34,13,,,,,
55,565.1565849,565.1561051,565.1562791,8181353.077,364716.7665,14.51978328,-1,-0.307970208,0.590420506,0,0.354252304,12,1.153846154,0.538461538,O14,de-protonated,0,,C26 H30 O14,26,30,14,,,,,
56,565.1202192,565.1197394,565.1198936,6206257.581,364740.2664,11.01450019,-1,-0.27284811,0.661272417,0,0.39676345,13,1.04,0.6,O15,de-protonated,0,,C25 H26 O15,25,26,15,,,,,
57,565.0838797,565.0833999,565.0835081,6644554.127,291810.8132,11.79236307,-1,-0.191468888,0.815732719,0,0.489439632,14,0.916666667,0.666666667,O16,de-protonated,0,,C24 H22 O16,24,22,16,,,,,
58,563.2502928,563.2498154,563.2497856,11110422.24,365950.7664,19.7181226,-1,0.053003033,0.984513822,0,0.590708293,10,1.379310345,0.379310345,O11,de-protonated,0,,C29 H40 O11,29,40,11,,,,,
59,563.2136967,563.2132194,563.2134001,16193953.09,365974.5166,28.74007357,-1,-0.320692346,0.564760672,0,0.338856403,11,1.285714286,0.428571429,O12,de-protonated,0,,C28 H36 O12,28,36,12,,,,,
60,563.1772577,563.1767804,563.1770146,11766487.25,365998.2665,20.88246811,-1,-0.41571756,0.382848027,0,0.229708816,12,1.185185185,0.481481481,O13,de-protonated,0,,C27 H32 O13,27,32,13,,,,,
60,563.1772577,563.1767804,563.1765015,11766487.25,365998.2665,20.88246811,-1,0.495300783,0.127958154,0.696462008,0.355359696,30,0.6,0.05,N2 O2,de-protonated,0,,C40 H24 O2 N2,40,24,2,,2,,,
61,563.1409876,563.1405104,563.140629,8317944.4,366021.7664,14.76219751,-1,-0.21071917,0.781389967,0,0.46883398,13,1.076923077,0.538461538,O14,de-protonated,0,,C26 H28 O14,26,28,14,,,,,
62,563.1047759,563.1042987,563.1042435,6390666.851,292836.4133,11.3417789,-1,0.097969666,0.94807418,0,0.568844508,14,0.96,0.6,O15,de-protonated,0,,C25 H24 O15,25,24,15,,,,,
63,561.2709701,561.2704953,561.270521,8431886.191,367241.2665,14.96441468,-1,-0.045796708,0.98841574,0,0.593049444,10,1.4,0.333333333,O10,de-protonated,0,,C30 H42 O10,30,42,10,,,,,
64,561.2345104,561.2340357,561.2341355,14778732.55,367265.5165,26.22842355,-1,-0.177872918,0.838810073,0,0.503286044,11,1.310344828,0.379310345,O11,de-protonated,0,,C29 H38 O11,29,38,11,,,,,
65,561.1981423,561.1976677,561.19775,12278572.36,367289.2665,21.79128659,-1,-0.146671516,0.887351518,0,0.532410911,12,1.214285714,0.428571429,O12,de-protonated,0,,C28 H34 O12,28,34,12,,,,,
66,561.1618403,561.1613657,561.1613645,6680857.758,367313.0165,11.85679261,-1,0.002081902,0.999975921,0,0.599985552,13,1.111111111,0.481481481,O13,de-protonated,0,,C27 H30 O13,27,30,13,,,,,
67,561.1255382,561.1250636,561.124979,6556369.507,367336.5165,11.6358582,-1,0.150845331,0.881250942,0,0.528750565,14,1,0.538461538,O14,de-protonated,0,,C26 H26 O14,26,26,14,,,,,
68,561.0892242,561.0887497,561.0885935,6844202.261,367360.2665,12.14668681,-1,0.278440537,0.650042585,0,0.390025551,15,0.88,0.6,O15,de-protonated,0,,C25 H22 O15,25,22,15,,,,,
69,559.2551382,559.2546661,559.254871,10659290.22,368565.0164,18.91748007,-1,-0.366341501,0.474454565,0,0.284672739,11,1.333333333,0.333333333,O10,de-protonated,0,,C30 H40 O10,30,40,10,,,,,
70,559.2187266,559.2182546,559.2184854,12354015.7,368589.0166,21.92517898,-1,-0.412860272,0.387916772,0,0.232750063,12,1.24137931,0.379310345,O11,de-protonated,0,,C29 H36 O11,29,36,11,,,,,
71,559.1825026,559.1820306,559.1820999,8385199.18,368613.2665,14.88155733,-1,-0.123959767,0.918175437,0,0.550905262,13,1.142857143,0.428571429,O12,de-protonated,0,,C28 H32 O12,28,32,12,,,,,
73,557.3366959,557.3362263,557.3364926,10281228.84,369834.0165,18.24651902,-1,-0.477834816,0.281259262,0,0.168755557,0,2.076923077,0.384615385,S1 O10,de-protonated,0,,C26 H54 O10 S1,26,54,10,1,,,,
74,557.2398654,557.2393959,557.2392209,5693085.558,369898.2665,10.10375273,-1,0.314104151,0.578036082,0,0.346821649,12,1.266666667,0.333333333,O10,de-protonated,0,,C30 H38 O10,30,38,10,,,,,
76,557.0939803,557.0935111,557.0936789,7106825.459,369994.7665,12.61277499,-1,-0.301169488,0.604166237,0,0.362499742,16,0.846153846,0.538461538,O14,de-protonated,0,,C26 H22 O14,26,22,14,,,,,
77,557.0575387,557.0570695,557.0572933,6422494.571,370019.0167,11.39826486,-1,-0.401798815,0.407831329,0,0.244698797,17,0.72,0.6,O15,de-protonated,0,,C25 H18 O15,25,18,15,,,,,
78,555.2088515,555.2083847,555.2083147,6776669.571,371251.0166,12.02683377,-1,0.126172553,0.915356438,0,0.549213863,9,1.384615385,0.5,O13,de-protonated,0,,C26 H36 O13,26,36,13,,,,,
79,555.1723078,555.171841,555.1719292,7353607.749,371275.5165,13.05074965,-1,-0.15876794,0.869323178,0,0.521593907,10,1.28,0.56,O14,de-protonated,0,,C25 H32 O14,25,32,14,,,,,
80,555.1147288,555.1142622,555.1144143,5595693.088,371314.0166,9.930906313,-1,-0.274074115,0.658813651,0,0.395288191,16,0.888888889,0.481481481,O13,de-protonated,0,,C27 H24 O13,27,24,13,,,,,
81,555.0783804,555.0779137,555.0780288,6745171.167,297070.8132,11.97093226,-1,-0.207268622,0.787676165,0,0.472605699,17,0.769230769,0.538461538,O14,de-protonated,0,,C26 H20 O14,26,20,14,,,,,
82,553.2655796,553.2651153,553.2649226,5490547.531,372555.0165,9.744300176,-1,0.34834145,0.509604206,0,0.305762524,26,0.829268293,0,N2,de-protonated,0,,C41 H34 N2,41,34,,,2,,,
83,553.2292967,553.2288325,553.2290501,11317368.33,372579.5165,20.08539832,-1,-0.39338492,0.423275657,0,0.253965394,9,1.407407407,0.444444444,O12,de-protonated,0,,C27 H38 O12,27,38,12,,,,,
84,553.2212795,553.2208153,553.220675,5283459.121,372585.2666,9.376771869,-1,0.25362463,0.699518087,0,0.419710852,22,0.894736842,0.052631579,S1 O2,de-protonated,0,,C38 H34 O2 S1,38,34,2,1,,,,
85,553.1930525,553.1925883,553.1926646,11064581.07,372604.2665,19.63676639,-1,-0.137971224,0.899644241,0,0.539786545,10,1.307692308,0.5,O13,de-protonated,0,,C26 H34 O13,26,34,13,,,,,
86,553.1567658,553.1563017,553.1562791,6110707.532,298102.8132,10.8449236,-1,0.040838807,0.990777192,0,0.594466315,11,1.2,0.56,O14,de-protonated,0,,C25 H30 O14,25,30,14,,,,,
87,551.2504175,551.2499559,551.2497856,9490387.608,373917.2664,16.84298061,-1,0.308956076,0.588428882,0,0.353057329,9,1.428571429,0.392857143,O11,de-protonated,0,,C28 H40 O11,28,40,11,,,,,
88,551.2139806,551.213519,551.2134001,12460144.97,373942.0166,22.11353096,-1,0.21579788,0.772042917,0,0.46322575,10,1.333333333,0.444444444,O12,de-protonated,0,,C27 H36 O12,27,36,12,,,,,
89,551.1775318,551.1770702,551.1770146,9441261.448,373966.7664,16.7557944,-1,0.10099401,0.944910088,0,0.566946053,11,1.230769231,0.5,O13,de-protonated,0,,C26 H32 O13,26,32,13,,,,,
90,551.1410793,551.1406178,551.140629,6548741.216,373991.5166,11.62231996,-1,-0.020481007,0.997672315,0,0.598603389,12,1.12,0.56,O14,de-protonated,0,,C25 H28 O14,25,28,14,,,,,
91,551.1046339,551.1041725,551.1042435,7631767.745,374016.2666,13.54441162,-1,-0.128964554,0.911741109,0,0.547044665,13,1,0.625,O15,de-protonated,0,,C24 H24 O15,24,24,15,,,,,
92,551.0681645,551.0677031,551.067858,6151832.715,374041.0166,10.91791015,-1,-0.281104603,0.644681503,0,0.386808902,14,0.869565217,0.695652174,O16,de-protonated,0,,C23 H20 O16,23,20,16,,,,,
93,549.2707735,549.2703145,549.270521,11392728.33,375265.0166,20.21914281,-1,-0.376049001,0.455833826,0,0.273500296,9,1.448275862,0.344827586,O10,de-protonated,0,,C29 H42 O10,29,42,10,,,,,
94,549.2343296,549.2338706,549.2341355,20777780.57,375289.5166,36.87518042,-1,-0.482324631,0.137301611,0.766236582,0.3888756,10,1.357142857,0.392857143,O11,de-protonated,0,,C28 H38 O11,28,38,11,,,,,
94,549.2343296,549.2338706,549.2336224,20777780.57,375289.5166,36.87518042,-1,0.451820819,0.160852144,0.691216745,0.372997985,28,0.731707317,0,N2,de-protonated,0,,C41 H30 N2,41,30,,,2,,,
95,549.1980507,549.1975917,549.19775,14910358.97,375314.2665,26.46202637,-1,-0.288222418,0.630329857,0,0.378197914,11,1.259259259,0.444444444,O12,de-protonated,0,,C27 H34 O12,27,34,12,,,,,
96,549.1618465,549.1613876,549.1613645,8866791.291,300271.4133,15.73625862,-1,0.042034943,0.990231709,0,0.594139026,12,1.153846154,0.5,O13,de-protonated,0,,C26 H30 O13,26,30,13,,,,,
97,549.1255639,549.125105,549.124979,5940742.39,300291.2133,10.54327948,-1,0.229468415,0.746371388,0,0.447822833,13,1.04,0.56,O14,de-protonated,0,,C25 H26 O14,25,26,14,,,,,
98,549.0892602,549.0888014,549.0885935,6534114.81,300311.0132,11.59636188,-1,0.378627717,0.450932057,0,0.270559234,14,0.916666667,0.625,O15,de-protonated,0,,C24 H22 O15,24,22,15,,,,,
99,547.2554606,547.2550042,547.254871,12367160.2,376646.5165,21.94850707,-1,0.243424755,0.719500657,0,0.431700394,10,1.379310345,0.344827586,O10,de-protonated,0,,C29 H40 O10,29,40,10,,,,,
100,547.2189869,547.2185305,547.2184854,16501304.45,376672.0165,29.28554263,-1,0.082312146,0.481529551,0.766236582,0.595412363,11,1.285714286,0.392857143,O11,de-protonated,0,,C28 H36 O11,28,36,11,,,,,
101,547.1825356,547.1820792,547.1820999,11339090.6,376696.7665,20.12394974,-1,-0.037866367,0.992065745,0,0.595239447,12,1.185185185,0.444444444,O12,de-protonated,0,,C27 H32 O12,27,32,12,,,,,
102,547.1460711,547.1456148,547.1457144,8362550.211,301377.6132,14.84136127,-1,-0.182055495,0.831823947,0,0.499094368,13,1.076923077,0.5,O13,de-protonated,0,,C26 H28 O13,26,28,13,,,,,
103,547.1096627,547.1092064,547.1093289,8296749.29,376747.2665,14.72458167,-1,-0.223913707,0.756887368,0,0.454132421,14,0.96,0.56,O14,de-protonated,0,,C25 H24 O14,25,24,14,,,,,
104,547.0733198,547.0728636,547.0729434,7588875.229,376772.2665,13.46828851,-1,-0.145922411,0.888432692,0,0.533059615,15,0.833333333,0.625,O15,de-protonated,0,,C24 H20 O15,24,20,15,,,,,
105,545.2758523,545.2753985,545.2756064,9099845.581,378014.2665,16.14986964,-1,-0.381326806,0.44582264,0,0.267493584,10,1.4,0.3,O9,de-protonated,0,,C30 H42 O9,30,42,9,,,,,
106,545.2396801,545.2392263,545.2392209,12426107.78,378039.0165,22.05312375,-1,0.009958369,0.999449212,0,0.599669527,11,1.310344828,0.344827586,O10,de-protonated,0,,C29 H38 O10,29,38,10,,,,,
107,545.2035324,545.2030786,545.2028354,11357524.31,302451.4132,20.1566648,-1,0.44607625,0.331056315,0,0.198633789,12,1.214285714,0.392857143,O11,de-protonated,0,,C28 H34 O11,28,34,11,,,,,
109,545.1306911,545.1302374,545.1300644,6022370.354,302491.8133,10.68814798,-1,0.317444291,0.571301486,0,0.342780892,14,1,0.5,O13,de-protonated,0,,C26 H26 O13,26,26,13,,,,,
110,545.0941559,545.0937023,545.0936789,7706242.225,378140.2665,13.67658454,-1,0.043030996,0.989765694,0,0.593859416,15,0.88,0.56,O14,de-protonated,0,,C25 H22 O14,25,22,14,,,,,
111,545.0575374,545.0570838,545.0572933,8253991.543,378165.7665,14.64869774,-1,-0.384503919,0.439836828,0,0.263902097,16,0.75,0.625,O15,de-protonated,0,,C24 H18 O15,24,18,15,,,,,
112,543.2602426,543.2597913,543.2599563,7903441.343,379416.5166,14.02656191,-1,-0.30377063,0.598907717,0,0.35934463,11,1.333333333,0.3,O9,de-protonated,0,,C30 H40 O9,30,40,9,,,,,
113,543.22392,543.2234688,543.2235708,10330952.65,303553.6132,18.33476591,-1,-0.187863927,0.821953531,0,0.493172119,12,1.24137931,0.344827586,O10,de-protonated,0,,C29 H36 O10,29,36,10,,,,,
114,543.187527,543.1870758,543.1871853,8555882.673,379467.2665,15.18447633,-1,-0.201630914,0.79782879,0,0.478697274,13,1.142857143,0.392857143,O11,de-protonated,0,,C28 H32 O11,28,32,11,,,,,
115,543.151326,543.1508749,543.1507998,5963733.799,379492.5166,10.58408328,-1,0.138248235,0.899261895,0,0.539557137,14,1.037037037,0.444444444,O12,de-protonated,0,,C27 H28 O12,27,28,12,,,,,
116,543.0786647,543.0782136,543.0780288,6641985.483,303634.8134,11.78780439,-1,0.340382831,0.525361182,0,0.315216709,16,0.8,0.56,O14,de-protonated,0,,C25 H20 O14,25,20,14,,,,,
117,541.2293316,541.2288829,541.2290501,6848442.807,380840.5165,12.15421268,-1,-0.308888762,0.588564856,0,0.353138914,8,1.461538462,0.461538462,O12,de-protonated,0,,C26 H38 O12,26,38,12,,,,,
118,541.2081292,541.2076806,541.2079208,7012044.449,380855.5165,12.44456324,-1,-0.443751479,0.334882919,0,0.200929751,13,1.172413793,0.344827586,O10,de-protonated,0,,C29 H34 O10,29,34,10,,,,,
119,541.1928559,541.1924073,541.1926646,9704558.631,380866.2666,17.22307872,-1,-0.475416956,0.284883833,0,0.1709303,9,1.36,0.52,O13,de-protonated,0,,C25 H34 O13,25,34,13,,,,,
119,541.1928559,541.1924073,541.1921516,9704558.631,380866.2666,17.22307872,-1,0.47260879,0.289128598,0,0.173477159,27,0.684210526,0.052631579,N2 O2,de-protonated,0,,C38 H26 O2 N2,38,26,2,,2,,,
120,541.1717943,541.1713457,541.1715353,6625315.652,380881.0165,11.75821976,-1,-0.350271044,0.505801983,0,0.30348119,14,1.071428571,0.392857143,O11,de-protonated,0,,C28 H30 O11,28,30,11,,,,,
121,541.1565566,541.1561081,541.1562791,7171138.767,380891.7665,12.72691445,-1,-0.316043274,0.574125362,0,0.344475217,10,1.25,0.583333333,O14,de-protonated,0,,C24 H30 O14,24,30,14,,,,,
122,541.1355106,541.1350621,541.1351497,5473486.544,380906.2665,9.71402134,-1,-0.1619367,0.864429021,0,0.518657412,15,0.962962963,0.444444444,O12,de-protonated,0,,C27 H26 O12,27,26,12,,,,,
123,539.2503715,539.2499254,539.2497856,6569691.724,305790.4132,11.65950169,-1,0.259331203,0.688234291,0,0.412940575,8,1.481481481,0.407407407,O11,de-protonated,0,,C27 H40 O11,27,40,11,,,,,
124,539.2138487,539.2134026,539.2134001,10530824.18,382264.0165,18.68948612,-1,0.004761863,0.999874034,0,0.59992442,9,1.384615385,0.461538462,O12,de-protonated,0,,C26 H36 O12,26,36,12,,,,,
125,539.1773149,539.1768689,539.1770146,12666712.22,382290.0165,22.48013434,-1,-0.270187181,0.66660225,0,0.39996135,10,1.28,0.52,O13,de-protonated,0,,C25 H32 O13,25,32,13,,,,,
126,539.140872,539.1404261,539.140629,8594196.301,382315.7666,15.2524731,-1,-0.376424246,0.455119332,0,0.273071599,11,1.166666667,0.583333333,O14,de-protonated,0,,C24 H28 O14,24,28,14,,,,,
127,539.1045658,539.1041199,539.1042435,7788294.007,382341.5165,13.8222052,-1,-0.229300793,0.746690322,0,0.448014193,12,1.043478261,0.652173913,O15,de-protonated,0,,C23 H24 O15,23,24,15,,,,,
128,539.0835634,539.0831175,539.0831142,6025214.063,382356.0167,10.69319483,-1,0.006234069,0.999784114,0,0.599870469,17,0.769230769,0.5,O13,de-protonated,0,,C26 H20 O13,26,20,13,,,,,
129,539.0683821,539.0679363,539.067858,5432500.732,305893.6133,9.641282137,-1,0.145141504,0.889555264,0,0.533733158,13,0.909090909,0.727272727,O16,de-protonated,0,,C22 H20 O16,22,20,16,,,,,
130,537.2345618,537.2341184,537.2341355,13638541.91,383672.0166,24.2048804,-1,-0.031922245,0.994354719,0,0.596612831,9,1.407407407,0.407407407,O11,de-protonated,0,,C27 H38 O11,27,38,11,,,,,
131,537.1980655,537.197622,537.19775,18173274.31,383698.5165,32.25285621,-1,-0.238217525,0.364797977,0.779247988,0.530577981,10,1.307692308,0.461538462,O12,de-protonated,0,,C26 H34 O12,26,34,12,,,,,
132,537.1616498,537.1612064,537.1613645,12953600.44,383724.5166,22.98928664,-1,-0.294284187,0.618085309,0,0.370851185,11,1.2,0.52,O13,de-protonated,0,,C25 H30 O13,25,30,13,,,,,
133,537.1253621,537.1249188,537.124979,8047197.398,383750.0166,14.28169168,-1,-0.112060731,0.932613438,0,0.559568063,12,1.083333333,0.583333333,O14,de-protonated,0,,C24 H26 O14,24,26,14,,,,,
134,537.0890811,537.0886378,537.0885935,8554554.076,383776.0165,15.18211841,-1,0.082606655,0.962799271,0,0.577679563,13,0.956521739,0.652173913,O15,de-protonated,0,,C23 H22 O15,23,22,15,,,,,
135,535.2554561,535.2550152,535.254871,11330871.11,385091.0166,20.10936227,-1,0.269485688,0.668005726,0,0.400803436,9,1.428571429,0.357142857,O10,de-protonated,0,,C28 H40 O10,28,40,10,,,,,
136,535.2188824,535.2184416,535.2184854,18932720.62,385117.0166,33.60067676,-1,-0.081968593,0.481680559,0.772687514,0.598083341,10,1.333333333,0.407407407,O11,de-protonated,0,,C27 H36 O11,27,36,11,,,,,
137,535.1823162,535.1818753,535.1820999,18202778.15,385143.2665,32.30521789,-1,-0.419674993,0.187940272,0.779247988,0.424463358,11,1.230769231,0.461538462,O12,de-protonated,0,,C26 H32 O12,26,32,12,,,,,
138,535.1459302,535.1454894,535.1457144,12046089.54,385169.5165,21.37868979,-1,-0.420511351,0.374416017,0,0.22464961,12,1.12,0.52,O13,de-protonated,0,,C25 H28 O13,25,28,13,,,,,
139,535.1097055,535.1092647,535.1093289,8746439.296,385195.5167,15.52266499,-1,-0.11993426,0.923197242,0,0.553918345,13,1,0.583333333,O14,de-protonated,0,,C24 H24 O14,24,24,14,,,,,
140,535.0735806,535.0731399,535.0729434,7935579.443,308177.4132,14.08359872,-1,0.367163294,0.472868356,0,0.283721014,14,0.869565217,0.652173913,O15,de-protonated,0,,C23 H20 O15,23,20,15,,,,,
141,533.2760547,533.2756164,533.2756064,9243664.674,386520.0164,16.40511129,-1,0.018676778,0.998063976,0,0.598838386,9,1.448275862,0.310344828,O9,de-protonated,0,,C29 H42 O9,29,42,9,,,,,
142,533.239551,533.2391127,533.2392209,19087873.8,386546.5165,33.87603348,-1,-0.202921246,0.397759205,0.766236582,0.545150156,10,1.357142857,0.357142857,O10,de-protonated,0,,C28 H38 O10,28,38,10,,,,,
143,533.2031123,533.2026741,533.2028354,20585840.4,386573.2666,36.53453632,-1,-0.302537469,0.300700303,0.772687514,0.489495187,11,1.259259259,0.407407407,O11,de-protonated,0,,C27 H34 O11,27,34,11,,,,,
144,533.1667772,533.1663389,533.1664499,13963222.58,386599.2665,24.78110452,-1,-0.20808459,0.786194477,0,0.471716686,12,1.153846154,0.461538462,O12,de-protonated,0,,C26 H30 O12,26,30,12,,,,,
145,533.1304681,533.1300299,533.1300644,7913328.375,309300.6131,14.04410883,-1,-0.064595931,0.977085321,0,0.586251192,13,1.04,0.52,O13,de-protonated,0,,C25 H26 O13,25,26,13,,,,,
146,533.0942935,533.0938554,533.0936789,9866324.303,309321.6132,17.51017091,-1,0.331165681,0.543741291,0,0.326244775,14,0.916666667,0.583333333,O14,de-protonated,0,,C24 H22 O14,24,22,14,,,,,
147,533.0579376,533.0574995,533.0572933,6238106.742,386678.5165,11.07102421,-1,0.386807677,0.435516231,0,0.261309738,15,0.782608696,0.652173913,O15,de-protonated,0,,C23 H18 O15,23,18,15,,,,,
148,531.3308726,531.3304367,531.3302254,6527614.648,310348.2132,11.58482577,-1,0.397646953,0.415421479,0,0.249252888,12,1.371428571,0.057142857,S1 O2,de-protonated,0,,C35 H48 O2 S1,35,48,2,1,,,,
149,531.2602207,531.2597849,531.2599563,13016213.25,387987.0165,23.10040817,-1,-0.322723626,0.560674865,0,0.336404919,10,1.379310345,0.310344828,O9,de-protonated,0,,C29 H40 O9,29,40,9,,,,,
150,531.2239369,531.2235012,531.2235708,17963836.36,388013.5165,31.88115808,-1,-0.131087458,0.454474528,0.766236582,0.57917935,11,1.285714286,0.357142857,O10,de-protonated,0,,C28 H36 O10,28,36,10,,,,,
151,531.1877095,531.1872738,531.1871853,12239488.91,388040.0165,21.72192358,-1,0.16661467,0.857079403,0,0.514247642,12,1.185185185,0.407407407,O11,de-protonated,0,,C27 H32 O11,27,32,11,,,,,
152,531.1514337,531.150998,531.1507998,8285173.255,388066.5165,14.70403721,-1,0.373155922,0.461356031,0,0.276813619,13,1.076923077,0.461538462,O12,de-protonated,0,,C26 H28 O12,26,28,12,,,,,
153,531.1150614,531.1146258,531.1144143,6403075.697,388093.0165,11.36380138,-1,0.398159704,0.414480806,0,0.248688483,14,0.96,0.52,O13,de-protonated,0,,C25 H24 O13,25,24,13,,,,,
154,531.0785897,531.0781542,531.0780288,7956644.254,310495.6133,14.1209833,-1,0.236056145,0.733762798,0,0.440257679,15,0.833333333,0.583333333,O14,de-protonated,0,,C24 H20 O14,24,20,14,,,,,
155,529.3054331,529.3049998,529.3051924,24680589.68,389419.5165,43.80165602,-1,-0.363953892,0.23953647,0.792708918,0.460805449,0,2.083333333,0.416666667,S1 O10,de-protonated,0,,C24 H50 O10 S1,24,50,10,1,,,,
156,529.2811088,529.2806756,529.2806918,5615213.895,389437.7666,9.96555069,-1,-0.030611782,0.994807521,0,0.596884513,10,1.4,0.266666667,O8,de-protonated,0,,C30 H42 O8,30,42,8,,,,,
157,529.2449118,529.2444786,529.2443063,8331038.926,311571.4132,14.7854369,-1,0.325548392,0.554999798,0,0.332999879,11,1.310344828,0.310344828,O9,de-protonated,0,,C29 H38 O9,29,38,9,,,,,
158,529.2086135,529.2081803,529.2079208,8895971.729,389490.7666,15.78804634,-1,0.490487558,0.262751991,0,0.157651195,12,1.214285714,0.357142857,O10,de-protonated,0,,C28 H34 O10,28,34,10,,,,,
159,529.1721922,529.1717591,529.1715353,6637578.458,311614.2133,11.77998306,-1,0.423062794,0.369965636,0,0.221979382,13,1.111111111,0.407407407,O11,de-protonated,0,,C27 H30 O11,27,30,11,,,,,
160,529.1355226,529.1350896,529.1351497,7206717.664,311635.8132,12.79005778,-1,-0.113735123,0.930656639,0,0.558393983,14,1,0.461538462,O12,de-protonated,0,,C26 H26 O12,26,26,12,,,,,
161,529.0989833,529.0985503,529.0987642,9612358.577,389571.5164,17.0594475,-1,-0.40429514,0.403297455,0,0.241978473,15,0.88,0.52,O13,de-protonated,0,,C25 H22 O13,25,22,13,,,,,
162,529.0837375,529.0833045,529.0835081,5800752.866,389582.7666,10.29483432,-1,-0.384798609,0.439283212,0,0.263569927,11,1.047619048,0.761904762,O16,de-protonated,0,,C21 H22 O16,21,22,16,,,,,
163,529.0626159,529.0621829,529.0623787,9503394.856,389598.2667,16.86606511,-1,-0.370098618,0.467217198,0,0.280330319,16,0.75,0.583333333,O14,de-protonated,0,,C24 H18 O14,24,18,14,,,,,
164,527.2291781,527.2287475,527.2286562,5892465.741,312762.6132,10.45760093,-1,0.173147294,0.846575852,0,0.507945511,12,1.24137931,0.310344828,O9,de-protonated,0,,C29 H36 O9,29,36,9,,,,,
165,527.2137986,527.213368,527.2134001,6583652.54,390964.5164,11.68427852,-1,-0.060811459,0.979664972,0,0.587798983,8,1.44,0.48,O12,de-protonated,0,,C25 H36 O12,25,36,12,,,,,
166,527.1926138,527.1921833,527.1922707,6902709.436,390980.2666,12.2505219,-1,-0.165842516,0.858302605,0,0.514981563,13,1.142857143,0.357142857,O10,de-protonated,0,,C28 H32 O10,28,32,10,,,,,
167,527.1772797,527.1768492,527.1770146,9777640.459,312793.4132,17.35278005,-1,-0.31367589,0.5789001,0,0.34734006,9,1.333333333,0.541666667,O13,de-protonated,0,,C24 H32 O13,24,32,13,,,,,
168,527.1561307,527.1557002,527.1558852,6710641.815,391007.2666,11.9096516,-1,-0.350976743,0.504413302,0,0.302647981,14,1.037037037,0.407407407,O11,de-protonated,0,,C27 H28 O11,27,28,11,,,,,
169,527.140909,527.1404785,527.140629,7404735.732,312815.0132,13.14148858,-1,-0.285537199,0.635748183,0,0.38144891,10,1.217391304,0.608695652,O14,de-protonated,0,,C23 H28 O14,23,28,14,,,,,
170,527.1198072,527.1193768,527.1194997,6531453.179,391034.2665,11.59163817,-1,-0.2331742,0.73929614,0,0.443577684,15,0.923076923,0.461538462,O12,de-protonated,0,,C26 H24 O12,26,24,12,,,,,
171,527.1046654,527.1042349,527.1042435,5863266.399,391045.7665,10.40577965,-1,-0.016364785,0.998513294,0,0.599107976,11,1.090909091,0.681818182,O15,de-protonated,0,,C22 H24 O15,22,24,15,,,,,
172,527.0836709,527.0832404,527.0831142,7881543.604,391061.0165,13.98769909,-1,0.239555704,0.727009084,0,0.43620545,16,0.8,0.52,O13,de-protonated,0,,C25 H20 O13,25,20,13,,,,,
173,525.2345015,525.2340734,525.2341355,7565954.635,313950.4132,13.42761039,-1,-0.118265088,0.925238714,0,0.555143229,8,1.461538462,0.423076923,O11,de-protonated,0,,C26 H38 O11,26,38,11,,,,,
174,525.198273,525.1978449,525.19775,10595494.08,313972.0132,18.80425846,-1,0.180760414,0.833998195,0,0.500398917,9,1.36,0.48,O12,de-protonated,0,,C25 H34 O12,25,34,12,,,,,
175,525.162017,525.161589,525.1613645,8814660.669,392492.0166,15.64374027,-1,0.427488995,0.362308135,0,0.217384881,10,1.25,0.541666667,O13,de-protonated,0,,C24 H30 O13,24,30,13,,,,,
176,525.1256339,525.125206,525.124979,6353872.437,392519.5165,11.27647834,-1,0.432239133,0.35418066,0,0.212508396,11,1.130434783,0.608695652,O14,de-protonated,0,,C23 H26 O14,23,26,14,,,,,
177,525.1043865,525.1039586,525.1038496,6018089.135,392535.0167,10.68054992,-1,0.207640335,0.787001559,0,0.472200936,16,0.846153846,0.461538462,O12,de-protonated,0,,C26 H22 O12,26,22,12,,,,,
178,525.0891488,525.088721,525.0885935,7308070.15,392546.7665,12.9699322,-1,0.242781358,0.720752169,0,0.432451301,12,1,0.681818182,O15,de-protonated,0,,C22 H22 O15,22,22,15,,,,,
179,525.0678408,525.0674129,525.0674641,7596901.049,392562.7666,13.48253226,-1,-0.097489253,0.948568894,0,0.569141336,17,0.72,0.52,O13,de-protonated,0,,C25 H18 O13,25,18,13,,,,,
180,525.0525432,525.0521153,525.052208,5355731.336,314059.2133,9.505036337,-1,-0.176442706,0.841174867,0,0.50470492,13,0.857142857,0.761904762,O16,de-protonated,0,,C21 H18 O16,21,18,16,,,,,
181,523.2553422,523.2549166,523.254871,6976234.203,393922.5164,12.38100932,-1,0.087327989,0.958517314,0,0.575110388,8,1.481481481,0.37037037,O10,de-protonated,0,,C27 H40 O10,27,40,10,,,,,
182,523.2188617,523.2184362,523.2184854,15584508.05,393950.0165,27.65846641,-1,-0.094147526,0.951949689,0,0.571169814,9,1.384615385,0.423076923,O11,de-protonated,0,,C26 H36 O11,26,36,11,,,,,
183,523.182401,523.1819756,523.1820999,18790739.57,393977.5165,33.34869717,-1,-0.237728143,0.36527033,0.785920819,0.533530525,10,1.28,0.48,O12,de-protonated,0,,C25 H32 O12,25,32,12,,,,,
184,523.1460688,523.1456434,523.1457144,12345451.52,394004.7665,21.90997979,-1,-0.135797749,0.902623136,0,0.541573882,11,1.166666667,0.541666667,O13,de-protonated,0,,C24 H28 O13,24,28,13,,,,,
185,523.1097597,523.1093344,523.1093289,8681897.046,394031.7665,15.40811921,-1,0.010400842,0.999399194,0,0.599639517,12,1.043478261,0.608695652,O14,de-protonated,0,,C23 H24 O14,23,24,14,,,,,
186,523.0735272,523.0731019,523.0729434,7611814.178,315247.4132,13.5089992,-1,0.302940399,0.600586043,0,0.360351626,13,0.909090909,0.681818182,O15,de-protonated,0,,C22 H20 O15,22,20,15,,,,,
187,521.2760822,521.2756592,521.2756064,5640111.564,316334.4132,10.00973761,-1,0.101226192,0.944663647,0,0.566798188,8,1.5,0.321428571,O9,de-protonated,0,,C28 H42 O9,28,42,9,,,,,
188,521.2398482,521.2394253,521.2392209,12230869.76,316356.4133,21.70662682,-1,0.392086334,0.425681033,0,0.25540862,9,1.407407407,0.37037037,O10,de-protonated,0,,C27 H38 O10,27,38,10,,,,,
189,521.203503,521.20308,521.2028354,14803141.81,395473.2665,26.27174367,-1,0.469408766,0.294011438,0,0.176406863,10,1.307692308,0.423076923,O11,de-protonated,0,,C26 H34 O11,26,34,11,,,,,
190,521.1669438,521.1665209,521.1664499,14761597.14,395501.0166,26.19801263,-1,0.136340614,0.901882615,0,0.541129569,11,1.2,0.48,O12,de-protonated,0,,C25 H30 O12,25,30,12,,,,,
191,521.1303498,521.129927,521.1300644,9942559.743,395528.7665,17.64546907,-1,-0.263609145,0.679733588,0,0.407840153,12,1.083333333,0.541666667,O13,de-protonated,0,,C24 H26 O13,24,26,13,,,,,
192,521.0939045,521.0934817,521.0936789,12408406.49,395556.5164,22.02170855,-1,-0.378394218,0.451375099,0,0.270825059,13,0.956521739,0.608695652,O14,de-protonated,0,,C23 H22 O14,23,22,14,,,,,
193,521.057597,521.0571742,521.0572933,8563157.773,395584.0165,15.19738775,-1,-0.228576014,0.748068237,0,0.448840942,14,0.818181818,0.681818182,O15,de-protonated,0,,C22 H18 O15,22,18,15,,,,,
194,520.2555236,520.2551019,520.2552053,6256968.895,396193.5166,11.10449964,-1,-0.19871702,0.803016273,0,0.481809764,9,1.444444444,0.333333333,N1 O9,de-protonated,0,,C27 H39 O9 N1,27,39,9,,1,,,
197,519.2238434,519.223423,519.2235708,19293226.22,396980.7666,34.24048086,-1,-0.28464508,0.318773657,0.772687514,0.5003392,10,1.333333333,0.37037037,O10,de-protonated,0,,C27 H36 O10,27,36,10,,,,,
198,519.1877284,519.187308,519.1871853,14428129.24,397008.7665,25.60619346,-1,0.236387794,0.733124355,0,0.439874613,11,1.230769231,0.423076923,O11,de-protonated,0,,C26 H32 O11,26,32,11,,,,,
199,519.1514402,519.1510199,519.1507998,8926224.617,198518.5083,15.84173739,-1,0.424001663,0.368334646,0,0.221000787,12,1.12,0.48,O12,de-protonated,0,,C25 H28 O12,25,28,12,,,,,
200,519.1150168,519.1145966,519.1144143,7073820.93,397064.0165,12.55420049,-1,0.351101089,0.50416872,0,0.302501232,13,1,0.541666667,O13,de-protonated,0,,C24 H24 O13,24,24,13,,,,,
201,519.0784913,519.078071,519.0780288,9737879.166,397092.2665,17.28221405,-1,0.081417044,0.963843535,0,0.578306121,14,0.869565217,0.608695652,O14,de-protonated,0,,C23 H20 O14,23,20,14,,,,,
202,517.2811678,517.2807499,517.2806918,5617342.917,398472.0165,9.969329152,-1,0.112349697,0.932277515,0,0.559366509,9,1.448275862,0.275862069,O8,de-protonated,0,,C29 H42 O8,29,42,8,,,,,
203,517.2445492,517.2441313,517.2443063,15823099.84,398500.2665,28.08190507,-1,-0.338307151,0.529488975,0,0.317693385,10,1.357142857,0.321428571,O9,de-protonated,0,,C28 H38 O9,28,38,9,,,,,
204,517.2080936,517.2076758,517.2079208,19073253.69,398528.2665,33.85008658,-1,-0.473630041,0.143790272,0.772687514,0.395349168,11,1.259259259,0.37037037,O10,de-protonated,0,,C27 H34 O10,27,34,10,,,,,
205,517.1718515,517.1714338,517.1715353,13019606.41,398556.2665,23.10643016,-1,-0.196258432,0.807360171,0,0.484416103,12,1.153846154,0.423076923,O11,de-protonated,0,,C26 H30 O11,26,30,11,,,,,
206,517.1357079,517.1352902,517.1351497,8264501.374,398583.7665,14.66734997,-1,0.271608177,0.663757173,0,0.398254304,13,1.04,0.48,O12,de-protonated,0,,C25 H26 O12,25,26,12,,,,,
208,517.0630463,517.0626286,517.0623787,6896774.967,398639.7667,12.23998975,-1,0.483283762,0.273193948,0,0.163916369,15,0.782608696,0.608695652,O14,de-protonated,0,,C23 H18 O14,23,18,14,,,,,
209,515.265629,515.2652137,515.2650417,6975625.875,320024.4133,12.3799297,-1,0.333695958,0.538683147,0,0.323209888,10,1.379310345,0.275862069,O8,de-protonated,0,,C29 H40 O8,29,40,8,,,,,
210,515.2289986,515.2285833,515.2286562,12937912.06,400058.7664,22.96144384,-1,-0.14155481,0.894651599,0,0.536790959,11,1.285714286,0.321428571,O9,de-protonated,0,,C28 H36 O9,28,36,9,,,,,
211,515.192481,515.1920657,515.1922707,12385476.89,400087.5164,21.98101445,-1,-0.397950035,0.414865345,0,0.248919207,12,1.185185185,0.37037037,O10,de-protonated,0,,C27 H32 O10,27,32,10,,,,,
212,515.1771766,515.1767613,515.1770146,6017722.768,400099.0166,10.67989972,-1,-0.49159408,0.261170485,0,0.156702291,8,1.391304348,0.565217391,O13,de-protonated,0,,C23 H32 O13,23,32,13,,,,,
213,515.1692146,515.1687994,515.1686394,5387084.819,400105.5164,9.560680652,-1,0.310500092,0.585310492,0,0.351186295,21,0.823529412,0.088235294,S1 O3,de-protonated,0,,C34 H28 O3 S1,34,28,3,1,,,,
214,515.1560896,515.1556743,515.1558852,9309306.369,400115.7665,16.5216083,-1,-0.409312109,0.394254833,0,0.2365529,13,1.076923077,0.423076923,O11,de-protonated,0,,C26 H28 O11,26,28,11,,,,,
215,515.1199636,515.1195484,515.1194997,7246428.309,400143.7666,12.8605339,-1,0.094570922,0.95152721,0,0.570916326,14,0.96,0.48,O12,de-protonated,0,,C25 H24 O12,25,24,12,,,,,
219,513.2498987,513.2494859,513.2493916,5758864.602,401601.7665,10.2204935,-1,0.18356882,0.8292709,0,0.49756254,11,1.310344828,0.275862069,O8,de-protonated,0,,C29 H38 O8,29,38,8,,,,,
220,513.2132523,513.2128396,513.2130061,9087533.934,321304.2133,16.12801966,-1,-0.324547402,0.557009874,0,0.334205924,12,1.214285714,0.321428571,O9,de-protonated,0,,C28 H34 O9,28,34,9,,,,,
221,513.1979758,513.1975631,513.19775,9076841.953,401642.0164,16.10904416,-1,-0.364203599,0.47858925,0,0.28715355,8,1.416666667,0.5,O12,de-protonated,0,,C24 H34 O12,24,34,12,,,,,
222,513.1899459,513.1895332,513.1893748,6893093.311,535531.3552,12.23345577,-1,0.308567273,0.589214289,0,0.353528573,21,0.857142857,0.057142857,S1 O2,de-protonated,0,,C35 H30 O2 S1,35,30,2,1,,,,
223,513.1768281,513.1764153,513.1766206,7214247.101,401659.0166,12.80342059,-1,-0.400054866,0.411012046,0,0.246607227,13,1.111111111,0.37037037,O10,de-protonated,0,,C27 H30 O10,27,30,10,,,,,
224,513.1616031,513.1611904,513.1613645,11409602.99,401670.5167,20.24909097,-1,-0.339284658,0.527544181,0,0.316526508,9,1.304347826,0.565217391,O13,de-protonated,0,,C23 H30 O13,23,30,13,,,,,
225,513.1253934,513.1249808,513.124979,6273440.361,321359.2132,11.13373223,-1,0.003476328,0.999932864,0,0.599959719,10,1.181818182,0.636363636,O14,de-protonated,0,,C22 H26 O14,22,26,14,,,,,
226,513.1043783,513.1039656,513.1038496,6380135.667,401715.2666,11.32308877,-1,0.226126722,0.752711049,0,0.451626629,15,0.88,0.48,O12,de-protonated,0,,C25 H22 O12,25,22,12,,,,,
227,513.0892512,513.0888386,513.0885935,5632831.067,401727.5165,9.996816609,-1,0.477673062,0.281500868,0,0.168900521,11,1.047619048,0.714285714,O15,de-protonated,0,,C21 H22 O15,21,22,15,,,,,
229,511.4736172,511.4732067,511.473184,10061018.23,402996.5164,17.85570221,-1,0.044270878,0.989170671,0,0.593502403,1,2,0.125,O4,de-protonated,0,,C32 H64 O4,32,64,4,,,,,
230,511.2186768,511.2182666,511.2184854,11003532.21,322557.8132,19.52842048,-1,-0.42810733,0.361244825,0,0.216746895,8,1.44,0.44,O11,de-protonated,0,,C25 H36 O11,25,36,11,,,,,
231,511.2105833,511.210173,511.2101103,5523350.375,403203.5164,9.802516728,-1,0.122689361,0.919775191,0,0.551865115,21,0.888888889,0.027777778,S1 O1,de-protonated,0,,C36 H32 O1 S1,36,32,1,1,,,,
232,511.1823013,511.1818911,511.1820999,16215101.56,403225.7665,28.77760661,-1,-0.408544258,0.39563273,0,0.237379638,9,1.333333333,0.5,O12,de-protonated,0,,C24 H32 O12,24,32,12,,,,,
233,511.1742943,511.1738841,511.1737248,6623695.19,322585.8132,11.75534386,-1,0.311670391,0.582947611,0,0.349768566,22,0.8,0.057142857,S1 O2,de-protonated,0,,C35 H28 O2 S1,35,28,2,1,,,,
234,511.146119,511.1457088,511.1457144,11473311.21,322603.6132,20.36215657,-1,-0.011014304,0.999326255,0,0.599595753,10,1.217391304,0.565217391,O13,de-protonated,0,,C23 H28 O13,23,28,13,,,,,
235,511.1099929,511.1095828,511.1093289,7042920.778,322626.4132,12.49936072,-1,0.496685078,0.253971377,0,0.152382826,11,1.090909091,0.636363636,O14,de-protonated,0,,C22 H24 O14,22,24,14,,,,,
237,511.0735921,511.073182,511.0729434,6793731.445,322649.4132,12.05711418,-1,0.46683654,0.297971473,0,0.178782884,12,0.952380952,0.714285714,O15,de-protonated,0,,C21 H20 O15,21,20,15,,,,,
239,509.2394127,509.239005,509.2392209,11905639.16,404764.5166,21.12942673,-1,-0.424001209,0.368335433,0,0.22100126,8,1.461538462,0.384615385,O10,de-protonated,0,,C26 H38 O10,26,38,10,,,,,
240,509.20315,509.2027423,509.2028354,19436177.11,404793.0165,34.49418167,-1,-0.182752342,0.415324993,0.785920819,0.563563323,9,1.36,0.44,O11,de-protonated,0,,C25 H34 O11,25,34,11,,,,,
241,509.1669927,509.166585,509.1664499,14903575.97,404821.7665,26.44998829,-1,0.265443155,0.676079353,0,0.405647612,10,1.25,0.5,O12,de-protonated,0,,C24 H30 O12,24,30,12,,,,,
243,509.0942827,509.0938751,509.0936789,8677852.488,323903.8132,15.40094117,-1,0.385583342,0.437810321,0,0.262686193,12,1,0.636363636,O14,de-protonated,0,,C22 H22 O14,22,22,14,,,,,
244,509.0729694,509.0725619,509.0725495,5275467.725,404896.5165,9.362589211,-1,0.024320479,0.996719361,0,0.598031617,17,0.72,0.48,O12,de-protonated,0,,C25 H18 O12,25,18,12,,,,,
245,509.0576456,509.0572381,509.0572933,8358873.63,404908.7666,14.83483629,-1,-0.108463618,0.936732488,0,0.562039493,13,0.857142857,0.714285714,O15,de-protonated,0,,C21 H18 O15,21,18,15,,,,,
248,507.2603348,507.2599296,507.2599563,7558193.103,406343.7665,13.41383568,-1,-0.052738171,0.984667018,0,0.590800211,8,1.481481481,0.333333333,O9,de-protonated,0,,C27 H40 O9,27,40,9,,,,,
249,507.2241937,507.2237885,507.2235708,15974049.39,325098.0133,28.34980144,-1,0.429082464,0.359571184,0,0.21574271,9,1.384615385,0.384615385,O10,de-protonated,0,,C26 H36 O10,26,36,10,,,,,
250,507.18781,507.1874049,507.1871853,18059930.9,406401.5166,32.05170101,-1,0.432910454,0.353039692,0,0.211823815,10,1.28,0.44,O11,de-protonated,0,,C25 H32 O11,25,32,11,,,,,
251,507.1512985,507.1508934,507.1507998,15090040.89,406430.7664,26.78091525,-1,0.18448114,0.827725387,0,0.496635232,11,1.166666667,0.5,O12,de-protonated,0,,C24 H28 O12,24,28,12,,,,,
252,507.1147013,507.1142962,507.1144143,13393091.8,325168.2132,23.76927,-1,-0.232835564,0.73994457,0,0.443966742,12,1.043478261,0.565217391,O13,de-protonated,0,,C23 H24 O13,23,24,13,,,,,
253,507.0782359,507.0778309,507.0780288,14514483.49,406489.2667,25.7594499,-1,-0.39019748,0.42918983,0,0.257513898,13,0.909090909,0.636363636,O14,de-protonated,0,,C22 H20 O14,22,20,14,,,,,
254,507.0420083,507.0416034,507.0416433,7055558.52,325214.8132,12.52178944,-1,-0.078739841,0.966142214,0,0.579685328,14,0.761904762,0.714285714,O15,de-protonated,0,,C21 H16 O15,21,16,15,,,,,
256,505.2448146,505.2444119,505.2443063,12265316.54,407964.7665,21.76776094,-1,0.209047599,0.784441899,0,0.470665139,9,1.407407407,0.333333333,O9,de-protonated,0,,C27 H38 O9,27,38,9,,,,,
257,505.2082113,505.2078086,505.2079208,23670557.63,407994.2665,42.00911066,-1,-0.222030758,0.380213229,0.779247988,0.539827132,10,1.307692308,0.384615385,O10,de-protonated,0,,C26 H34 O10,26,34,10,,,,,
258,505.1717019,505.1712993,505.1715353,25805859.75,408023.7666,45.79871902,-1,-0.467021164,0.148843099,0.785920819,0.403674187,11,1.2,0.44,O11,de-protonated,0,,C25 H30 O11,25,30,11,,,,,
259,505.1354147,505.1350121,505.1351497,14592656.1,408052.7665,25.89818603,-1,-0.272520611,0.661928901,0,0.39715734,12,1.083333333,0.5,O12,de-protonated,0,,C24 H26 O12,24,26,12,,,,,
260,505.0993341,505.0989316,505.0987642,9012521.169,326465.6132,15.99489142,-1,0.331284567,0.543503438,0,0.326102063,13,0.956521739,0.565217391,O13,de-protonated,0,,C23 H22 O13,23,22,13,,,,,
264,503.2652596,503.2648594,503.2650417,10083763.86,409569.0167,17.89606982,-1,-0.362292022,0.482295987,0,0.289377592,9,1.428571429,0.285714286,O8,de-protonated,0,,C28 H40 O8,28,40,8,,,,,
265,503.2290301,503.22863,503.2286562,16050708,409598.5164,28.48585062,-1,-0.052167836,0.984994373,0,0.590996624,10,1.333333333,0.333333333,O9,de-protonated,0,,C27 H36 O9,27,36,9,,,,,
266,503.192836,503.1924358,503.1922707,14694288.9,327702.6132,26.07855793,-1,0.328211769,0.549656953,0,0.329794172,11,1.230769231,0.384615385,O10,de-protonated,0,,C26 H32 O10,26,32,10,,,,,
267,503.1564824,503.1560823,503.1558852,12541111.86,327726.2131,22.25722623,-1,0.391818406,0.426178021,0,0.255706813,12,1.12,0.44,O11,de-protonated,0,,C25 H28 O11,25,28,11,,,,,
268,503.1199595,503.1195594,503.1194997,11237187.61,327750.0132,19.9430983,-1,0.118786768,0.924603266,0,0.55476196,13,1,0.5,O12,de-protonated,0,,C24 H24 O12,24,24,12,,,,,
269,503.0833868,503.0829868,503.0831142,13691839.05,409717.5165,24.29946902,-1,-0.253118823,0.700514889,0,0.420308933,14,0.869565217,0.565217391,O13,de-protonated,0,,C23 H20 O13,23,20,13,,,,,
270,503.0469241,503.0465242,503.0467287,10219613.21,327797.6133,18.13716724,-1,-0.40652529,0.399266274,0,0.239559764,15,0.727272727,0.636363636,O14,de-protonated,0,,C22 H16 O14,22,16,14,,,,,
271,501.249776,501.2493783,501.2493916,9589156.349,411216.2665,17.01826956,-1,-0.026708072,0.996044947,0,0.597626968,10,1.357142857,0.285714286,O8,de-protonated,0,,C28 H38 O8,28,38,8,,,,,
272,501.2132281,501.2128304,501.2130061,17128513.17,411246.2666,30.39867572,-1,-0.35058214,0.25259484,0.772687514,0.46063191,11,1.259259259,0.333333333,O9,de-protonated,0,,C27 H34 O9,27,34,9,,,,,
273,501.1979353,501.1975377,501.19775,5592932.585,411258.7666,9.926007134,-1,-0.423667752,0.368914301,0,0.22134858,7,1.47826087,0.52173913,O12,de-protonated,0,,C23 H34 O12,23,34,12,,,,,
274,501.1898965,501.1894989,501.1893748,7166427.719,411265.0166,12.71855356,-1,0.247534489,0.711480441,0,0.426888264,20,0.882352941,0.058823529,S1 O2,de-protonated,0,,C34 H30 O2 S1,34,30,2,1,,,,
275,501.1768664,501.1764688,501.1766206,13820466.28,411275.7666,24.52774906,-1,-0.302865141,0.600738183,0,0.36044291,12,1.153846154,0.384615385,O10,de-protonated,0,,C26 H30 O10,26,30,10,,,,,
276,501.161707,501.1613094,501.1613645,7512948.301,411288.5165,13.33353787,-1,-0.109974957,0.935016019,0,0.561009611,8,1.363636364,0.590909091,O13,de-protonated,0,,C22 H30 O13,22,30,13,,,,,
278,501.1407142,501.1403166,501.1402351,10208706.92,411305.7664,18.1178114,-1,0.162607218,0.863384592,0,0.518030755,13,1.04,0.44,O11,de-protonated,0,,C25 H26 O11,25,26,11,,,,,
279,501.1255229,501.1251254,501.124979,5582060.579,329054.4132,9.906712138,-1,0.292084907,0.622529412,0,0.373517647,9,1.238095238,0.666666667,O14,de-protonated,0,,C21 H26 O14,21,26,14,,,,,
280,501.1044087,501.1040112,501.1038496,8571798.733,411335.5165,15.21272322,-1,0.322420072,0.5612852,0,0.33677112,14,0.916666667,0.5,O12,de-protonated,0,,C24 H22 O12,24,22,12,,,,,
281,501.0891889,501.0887915,501.0885935,5889834.283,411348.0165,10.45293077,-1,0.395114357,0.420081084,0,0.252048651,10,1.1,0.75,O15,de-protonated,0,,C20 H22 O15,20,22,15,,,,,
282,501.0680402,501.0676428,501.0674641,10537850.15,329092.2133,18.7019554,-1,0.356582746,0.493419349,0,0.296051609,15,0.782608696,0.565217391,O13,de-protonated,0,,C23 H18 O13,23,18,13,,,,,
283,499.2343494,499.2339542,499.2337416,6385937.61,412876.0165,11.33338572,-1,0.425914912,0.365022133,0,0.21901328,11,1.285714286,0.285714286,O8,de-protonated,0,,C28 H36 O8,28,36,8,,,,,
284,499.1978678,499.1974727,499.1973561,7454555.708,412906.5165,13.22990614,-1,0.233633451,0.738416154,0,0.443049693,12,1.185185185,0.333333333,O9,de-protonated,0,,C27 H32 O9,27,32,9,,,,,
285,499.1825192,499.1821241,499.1820999,11018959.64,412919.2666,19.55580017,-1,0.048419236,0.987059883,0,0.59223593,8,1.391304348,0.52173913,O12,de-protonated,0,,C23 H32 O12,23,32,12,,,,,
287,499.1612924,499.1608973,499.1609706,7238082.277,412936.7665,12.84572185,-1,-0.146683435,0.887334281,0,0.532400569,13,1.076923077,0.384615385,O10,de-protonated,0,,C26 H28 O10,26,28,10,,,,,
288,499.1459917,499.1455967,499.1457144,12686748.34,330359.4132,22.51569326,-1,-0.235934105,0.733997648,0,0.440398589,9,1.272727273,0.590909091,O13,de-protonated,0,,C22 H28 O13,22,28,13,,,,,
289,499.1379255,499.1375304,499.1373393,6750825.164,412955.7665,11.98096664,-1,0.383001209,0.4426641,0,0.26559846,22,0.727272727,0.090909091,S1 O3,de-protonated,0,,C33 H24 O3 S1,33,24,3,1,,,,
290,499.1248617,499.1244667,499.1245851,8401227.497,412966.5164,14.91000344,-1,-0.237157132,0.731642027,0,0.438985216,14,0.96,0.44,O11,de-protonated,0,,C25 H24 O11,25,24,11,,,,,
291,499.109575,499.10918,499.1093289,10311351.71,412979.2666,18.29997931,-1,-0.298462246,0.609639616,0,0.36578377,10,1.142857143,0.666666667,O14,de-protonated,0,,C21 H24 O14,21,24,14,,,,,
292,499.0884889,499.0880939,499.0881995,11769645.6,412997.0166,20.88807337,-1,-0.21164979,0.779685511,0,0.467811307,15,0.833333333,0.5,O12,de-protonated,0,,C24 H20 O12,24,20,12,,,,,
293,499.0733085,499.0729135,499.0729434,10189542.04,413009.2666,18.08379869,-1,-0.059914951,0.980254212,0,0.588152527,11,1,0.75,O15,de-protonated,0,,C20 H20 O15,20,20,15,,,,,
294,499.052267,499.0518721,499.051814,7831409.535,413027.0166,13.8987241,-1,0.116361652,0.927537168,0,0.556522301,16,0.695652174,0.565217391,O13,de-protonated,0,,C23 H16 O13,23,16,13,,,,,
295,497.2033807,497.2029881,497.2028354,12704807.77,414562.5164,22.54774408,-1,0.307124402,0.592129457,0,0.355277674,8,1.416666667,0.458333333,O11,de-protonated,0,,C24 H34 O11,24,34,11,,,,,
296,497.1670605,497.1666679,497.1664499,15612042.31,331674.4133,27.7073326,-1,0.438635331,0.343388031,0,0.206032818,9,1.304347826,0.52173913,O12,de-protonated,0,,C23 H30 O12,23,30,12,,,,,
298,497.130579,497.1301865,497.1300644,12371410.17,414623.2665,21.95604967,-1,0.24566452,0.715135213,0,0.429081128,10,1.181818182,0.590909091,O13,de-protonated,0,,C22 H26 O13,22,26,13,,,,,
299,497.1093669,497.1089744,497.108935,7176857.798,414641.2666,12.73706425,-1,0.079326506,0.965644607,0,0.579386764,15,0.88,0.44,O11,de-protonated,0,,C25 H22 O11,25,22,11,,,,,
300,497.0939402,497.0935477,497.0936789,12614429.03,414653.7665,22.38734521,-1,-0.263776579,0.679400214,0,0.407640128,11,1.047619048,0.666666667,O14,de-protonated,0,,C21 H22 O14,21,22,14,,,,,
301,497.0727643,497.0723719,497.0725495,10827955.33,414671.7666,19.21681699,-1,-0.357312206,0.491993901,0,0.29519634,16,0.75,0.5,O12,de-protonated,0,,C24 H18 O12,24,18,12,,,,,
302,497.0574876,497.0570952,497.0572933,9625024.786,414684.5165,17.08192674,-1,-0.398685225,0.413517663,0,0.248110598,12,0.9,0.75,O15,de-protonated,0,,C20 H18 O15,20,18,15,,,,,
303,497.0363805,497.0359881,497.036164,5734182.819,331761.6132,10.17668972,-1,-0.353773236,0.498920584,0,0.299352351,17,0.608695652,0.565217391,O13,de-protonated,0,,C23 H14 O13,23,14,13,,,,,
304,496.1908465,496.1904551,496.1905401,6151332.105,415408.5166,10.91702169,-1,-0.171370087,0.849460424,0.973628144,0.899127512,9,1.391304348,0.47826087,13C1 O11,de-protonated,1,308,C23 H32 O11 13C1,23,32,11,,,1,,
306,495.2601137,495.2597235,495.2599563,5807506.07,416189.5165,10.30681951,-1,-0.470106655,0.292942404,0,0.175765443,7,1.538461538,0.346153846,O9,de-protonated,0,,C26 H40 O9,26,40,9,,,,,
307,495.223873,495.2234829,495.2235708,14846315.84,416220.0166,26.3483664,-1,-0.177583549,0.839289534,0,0.50357372,8,1.44,0.4,O10,de-protonated,0,,C25 H36 O10,25,36,10,,,,,
308,495.1877306,495.1873405,495.1871853,20174332.34,416250.0166,35.80421607,-1,0.31329336,0.714566187,0.973628144,0.81819097,9,1.333333333,0.458333333,O11,de-protonated,0,,C24 H32 O11,24,32,11,,,,,
310,495.1149497,495.1145596,495.1144143,12364252.64,416311.5165,21.94334691,-1,0.293569893,0.61952885,0,0.37171731,11,1.090909091,0.590909091,O13,de-protonated,0,,C22 H24 O13,22,24,13,,,,,
311,495.0936389,495.0932489,495.0932849,6431659.432,333063.4133,11.41453011,-1,-0.072684701,0.971076174,0,0.582645704,16,0.8,0.44,O11,de-protonated,0,,C25 H20 O11,25,20,11,,,,,
312,495.0783094,495.0779194,495.0780288,15462405.24,416342.0166,27.44176555,-1,-0.220885128,0.762573114,0,0.457543868,12,0.952380952,0.666666667,O14,de-protonated,0,,C21 H20 O14,21,20,14,,,,,
313,495.0571213,495.0567314,495.0568994,8365239.113,416359.7665,14.84613338,-1,-0.339439065,0.527237122,0,0.316342273,17,0.666666667,0.5,O12,de-protonated,0,,C24 H16 O12,24,16,12,,,,,
314,495.0418079,495.041418,495.0416433,9267021.144,416373.0165,16.44656298,-1,-0.455060458,0.316496037,0,0.189897622,13,0.8,0.75,O15,de-protonated,0,,C20 H16 O15,20,16,15,,,,,
315,494.2116728,494.2112839,494.2112756,5510231.95,333657.8133,9.779234921,-1,0.016850217,0.998423855,0.987018898,0.993861872,9,1.416666667,0.416666667,13C1 O10,de-protonated,1,320,C24 H34 O10 13C1,24,34,10,,,1,,
318,493.244573,493.2441853,493.2443063,13462871.33,417889.7666,23.8931106,-1,-0.245241106,0.715961496,0,0.429576898,8,1.461538462,0.346153846,O9,de-protonated,0,,C26 H38 O9,26,38,9,,,,,
319,493.2423979,493.2420103,493.2418043,14231747,417892.0166,25.25766583,-1,0.417458593,0.379775123,0,0.227865074,12,1.266666667,0.133333333,S1 O4,de-protonated,0,,C30 H38 O4 S1,30,38,4,1,,,,
320,493.2084116,493.2080239,493.2079208,18757472.91,417920.5165,33.28965746,-1,0.209184922,0.89130775,0.987018898,0.929592209,9,1.36,0.4,O10,de-protonated,0,,C25 H34 O10,25,34,10,,,,,
321,493.1720956,493.1717081,493.1715353,20060008.41,417951.2665,35.6013207,-1,0.35039583,0.252778177,0.792708918,0.468750473,10,1.25,0.458333333,O11,de-protonated,0,,C24 H30 O11,24,30,11,,,,,
322,493.1356713,493.1352837,493.1351497,17738194.47,334385.8133,31.48070216,-1,0.271731309,0.663510514,0,0.398106308,11,1.130434783,0.52173913,O12,de-protonated,0,,C23 H26 O12,23,26,12,,,,,
323,493.0990938,493.0987063,493.0987642,15294358.19,418013.5165,27.14352555,-1,-0.117572821,0.926078301,0,0.555646981,12,1,0.590909091,O13,de-protonated,0,,C22 H22 O13,22,22,13,,,,,
324,493.0778887,493.0775012,493.0776349,6201780.466,334425.0133,11.00655447,-1,-0.271057596,0.664859858,0,0.398915915,17,0.72,0.44,O11,de-protonated,0,,C25 H18 O11,25,18,11,,,,,
325,493.062633,493.0622455,493.0623787,15728711.89,418044.0166,27.9143909,-1,-0.27017643,0.666623766,0,0.399974259,13,0.857142857,0.666666667,O14,de-protonated,0,,C21 H18 O14,21,18,14,,,,,
326,492.19588,492.1954937,492.1956255,8399641.115,418780.5165,14.90718802,-1,-0.267911402,0.671152806,0.949960888,0.782676039,10,1.333333333,0.416666667,13C1 O10,de-protonated,1,329,C24 H32 O10 13C1,24,32,10,,,1,,
327,491.265383,491.2649977,491.2650417,6617595.519,419573.7666,11.74451852,-1,-0.089498219,0.956475966,0,0.573885579,8,1.481481481,0.296296296,O8,de-protonated,0,,C27 H40 O8,27,40,8,,,,,
328,491.2291427,491.2287576,491.2286562,18462662.87,335683.6133,32.76644598,-1,0.206345062,0.394674775,0.779247988,0.54850406,9,1.384615385,0.346153846,O9,de-protonated,0,,C26 H36 O9,26,36,9,,,,,
329,491.192807,491.1924219,491.1922707,23402931.17,419635.7666,41.53414299,-1,0.307747564,0.631011571,0.949960888,0.758591298,10,1.28,0.4,O10,de-protonated,0,,C25 H32 O10,25,32,10,,,,,
330,491.1563573,491.1559722,491.1558852,19346994.82,419666.5167,34.3359062,-1,0.177189183,0.419971075,0.792708918,0.569066212,11,1.166666667,0.458333333,O11,de-protonated,0,,C24 H28 O11,24,28,11,,,,,
331,491.1198734,491.1194883,491.1194997,16095472.02,419697.7666,28.56529516,-1,-0.023094341,0.997041338,0,0.598224803,12,1.043478261,0.52173913,O12,de-protonated,0,,C23 H24 O12,23,24,12,,,,,
332,491.0833869,491.083002,491.0831142,17489629.15,419729.2665,31.03956307,-1,-0.228489662,0.748232285,0,0.448939371,13,0.909090909,0.590909091,O13,de-protonated,0,,C22 H20 O13,22,20,13,,,,,
333,491.0470079,491.046623,491.0467287,13044284.36,419760.0165,23.15022712,-1,-0.215212601,0.773125657,0,0.463875394,14,0.761904762,0.666666667,O14,de-protonated,0,,C21 H16 O14,21,16,14,,,,,
335,490.1802238,490.1798399,490.1799755,6644657.891,420502.2666,11.79254722,-1,-0.276537044,0.653868814,0.986124736,0.786771183,11,1.25,0.416666667,13C1 O10,de-protonated,1,338,C24 H30 O10 13C1,24,30,10,,,1,,
336,489.2499519,489.2495692,489.2493916,9642963.567,421301.7665,17.11376343,-1,0.362969278,0.480981682,0,0.288589009,9,1.407407407,0.296296296,O8,de-protonated,0,,C27 H38 O8,27,38,8,,,,,
337,489.2136002,489.2132176,489.2130061,17636028.1,337066.6132,31.2993833,-1,0.432172953,0.177146621,0.779247988,0.417987168,10,1.307692308,0.346153846,O9,de-protonated,0,,C26 H34 O9,26,34,9,,,,,
338,489.1770025,489.1766199,489.1766206,22504402.47,421365.0167,39.93948722,-1,-0.001458222,0.8269285,0.986124736,0.890606995,11,1.2,0.4,O10,de-protonated,0,,C25 H30 O10,25,30,10,,,,,
339,489.1535297,489.1531472,489.1529893,6876292.128,421385.2665,12.20363802,-1,0.322629192,0.560864727,0,0.336518836,20,0.8125,0.09375,S1 O3,de-protonated,0,,C32 H26 O3 S1,32,26,3,1,,,,
340,489.1404053,489.1400228,489.1402351,18713492.03,421396.5165,33.21160278,-1,-0.434167517,0.350908357,0,0.210545014,12,1.083333333,0.458333333,O11,de-protonated,0,,C24 H26 O11,24,26,11,,,,,
341,489.1040543,489.1036718,489.1038496,16027113.08,421427.5165,28.44397575,-1,-0.363538749,0.479877428,0,0.287926457,13,0.956521739,0.52173913,O12,de-protonated,0,,C23 H22 O12,23,22,12,,,,,
342,489.088894,489.0885115,489.0885935,6044492.03,421440.5164,10.72740823,-1,-0.167551566,0.855589956,0,0.513353974,9,1.157894737,0.789473684,O15,de-protonated,0,,C19 H22 O15,19,22,15,,,,,
343,489.0679242,489.0675418,489.0674641,14511624.71,337167.0132,25.75437629,-1,0.158778602,0.869306827,0,0.521584096,14,0.818181818,0.590909091,O13,de-protonated,0,,C22 H18 O13,22,18,13,,,,,
345,487.2339644,487.2335842,487.2337416,12771458.13,423045.0164,22.6660312,-1,-0.322917947,0.560284205,0,0.336170523,10,1.333333333,0.296296296,O8,de-protonated,0,,C27 H36 O8,27,36,8,,,,,
346,487.1975678,487.1971877,487.1973561,20517898.5,423077.0167,36.41395705,-1,-0.345622344,0.257487274,0.779247988,0.466191559,11,1.230769231,0.346153846,O9,de-protonated,0,,C26 H32 O9,26,32,9,,,,,
347,487.1823618,487.1819816,487.1820999,8498688.377,423089.7665,15.08297127,-1,-0.24279719,0.720721388,0,0.432432833,7,1.454545455,0.545454545,O12,de-protonated,0,,C22 H32 O12,22,32,12,,,,,
348,487.1743391,487.173959,487.1737248,8630637.542,423096.7665,15.31714687,-1,0.480692163,0.27701207,0,0.166207242,20,0.848484848,0.060606061,S1 O2,de-protonated,0,,C33 H28 O2 S1,33,28,2,1,,,,
349,487.1613239,487.1609438,487.1609706,14960813.01,338486.6132,26.55156922,-1,-0.055044094,0.983308363,0,0.589985018,12,1.12,0.4,O10,de-protonated,0,,C25 H28 O10,25,28,10,,,,,
350,487.1461681,487.145788,487.1457144,6802847.474,423121.2664,12.07329277,-1,0.151129339,0.88083116,0,0.528498696,8,1.333333333,0.619047619,O13,de-protonated,0,,C21 H28 O13,21,28,13,,,,,
352,487.1251236,487.1247436,487.1245851,10526294.37,423139.5166,18.68144689,-1,0.325407761,0.555282131,0,0.333169278,13,1,0.458333333,O11,de-protonated,0,,C24 H24 O11,24,24,11,,,,,
353,487.1099016,487.1095215,487.1093289,6517875.301,423152.7666,11.56754096,-1,0.395388565,0.419575512,0,0.251745307,9,1.2,0.7,O14,de-protonated,0,,C20 H24 O14,20,24,14,,,,,
354,487.0887908,487.0884108,487.0881995,10964584.7,338537.0132,19.45929873,-1,0.433662921,0.351763085,0,0.211057851,14,0.869565217,0.52173913,O12,de-protonated,0,,C23 H20 O12,23,20,12,,,,,
355,487.0734704,487.0730904,487.0729434,8024539.927,423184.7665,14.24148054,-1,0.3018518,0.602786796,0,0.361672078,10,1.052631579,0.789473684,O15,de-protonated,0,,C19 H20 O15,19,20,15,,,,,
356,487.0522842,487.0519042,487.051814,11628178.98,338562.4132,20.63700675,-1,0.185144264,0.826599033,0,0.49595942,15,0.727272727,0.590909091,O13,de-protonated,0,,C22 H16 O13,22,16,13,,,,,
357,486.2827657,486.2823867,486.2823325,8185412.967,423872.5165,14.52698853,-1,0.111396326,0.933382985,0.96919456,0.947707615,0,2.19047619,0.428571429,13C1 S1 O9,de-protonated,1,358,C21 H46 O9 S1 13C1,21,46,9,1,,1,,
358,485.279205,485.2788272,485.2789777,42170405.6,424749.0166,74.84155057,-1,-0.310169168,0.759680872,0.96919456,0.843486347,0,2.090909091,0.409090909,S1 O9,de-protonated,0,,C22 H46 O9 S1,22,46,9,1,,,,
359,485.2185884,485.2182107,485.2180915,8443830.487,424802.5166,14.98561271,-1,0.245638171,0.715186644,0,0.429111987,11,1.259259259,0.296296296,O8,de-protonated,0,,C27 H34 O8,27,34,8,,,,,
360,485.203365,485.2029873,485.2028354,6709368.164,424815.7665,11.9073912,-1,0.313195368,0.579869686,0,0.347921811,7,1.47826087,0.47826087,O11,de-protonated,0,,C23 H34 O11,23,34,11,,,,,
362,485.1822745,485.1818969,485.181706,7466741.507,424834.2665,13.25153278,-1,0.393423249,0.423204747,0,0.253922848,12,1.153846154,0.346153846,O9,de-protonated,0,,C26 H30 O9,26,30,9,,,,,
363,485.1670118,485.1666341,485.1664499,11745220.9,424847.2666,20.84472585,-1,0.379820537,0.448671329,0,0.269202797,8,1.363636364,0.545454545,O12,de-protonated,0,,C22 H30 O12,22,30,12,,,,,
365,485.1458333,485.1454556,485.1453205,7897939.289,339892.8132,14.01679719,-1,0.278566717,0.649788816,0,0.38987329,13,1.04,0.4,O10,de-protonated,0,,C25 H26 O10,25,26,10,,,,,
366,485.1304454,485.1300678,485.1300644,12226008.74,339903.6132,21.69799977,-1,0.007058097,0.999723279,0,0.599833967,9,1.238095238,0.619047619,O13,de-protonated,0,,C21 H26 O13,21,26,13,,,,,
368,485.1092045,485.1088269,485.108935,10744150.75,424898.2665,19.06808554,-1,-0.222753705,0.759069228,0,0.455441537,14,0.916666667,0.458333333,O11,de-protonated,0,,C24 H22 O11,24,22,11,,,,,
369,485.0938501,485.0934726,485.0936789,15752360.71,424911.7666,27.95636143,-1,-0.425257086,0.366159368,0,0.219695621,10,1.1,0.7,O14,de-protonated,0,,C20 H22 O14,20,22,14,,,,,
370,485.0727344,485.0723569,485.0725495,16443012.89,424930.2665,29.18209022,-1,-0.396966498,0.416671232,0,0.250002739,15,0.782608696,0.52173913,O12,de-protonated,0,,C23 H18 O12,23,18,12,,,,,
371,485.0574998,485.0571223,485.0572933,11524806.39,424943.5165,20.45354717,-1,-0.352699552,0.501027494,0,0.300616496,11,0.947368421,0.789473684,O15,de-protonated,0,,C19 H18 O15,19,18,15,,,,,
372,485.036539,485.0361615,485.036164,6614596.34,339969.4132,11.73919575,-1,-0.005140345,0.999853216,0,0.599911929,16,0.636363636,0.590909091,O13,de-protonated,0,,C22 H14 O13,22,14,13,,,,,
373,483.2237645,483.2233892,483.2235708,9307656.926,426555.7666,16.51868097,-1,-0.375809504,0.45629006,0,0.273774036,7,1.5,0.416666667,O10,de-protonated,0,,C24 H36 O10,24,36,10,,,,,
374,483.2026179,483.2022427,483.2024415,5683150.618,426574.7665,10.08612078,-1,-0.411366288,0.390579612,0,0.234347767,12,1.185185185,0.296296296,O8,de-protonated,0,,C27 H32 O8,27,32,8,,,,,
375,483.1874154,483.1870402,483.1871853,20155922.4,426588.2666,35.77154319,-1,-0.300333804,0.302927892,0.799615298,0.501602854,8,1.391304348,0.47826087,O11,de-protonated,0,,C23 H32 O11,23,32,11,,,,,
376,483.1793952,483.17902,483.1788102,9972644.345,426595.2665,17.69886145,-1,0.434298869,0.350686039,0,0.210411624,21,0.823529412,0.029411765,S1 O1,de-protonated,0,,C34 H28 O1 S1,34,28,1,1,,,,
377,483.1512545,483.1508793,483.1507998,20983964.94,426619.7666,37.2411043,-1,0.164606794,0.430125969,0.806643077,0.580732812,9,1.272727273,0.545454545,O12,de-protonated,0,,C22 H28 O12,22,28,12,,,,,
379,483.1301963,483.1298212,483.1296704,5263513.299,426638.7666,9.3413732,-1,0.312062368,0.582156347,0,0.349293808,14,0.96,0.4,O10,de-protonated,0,,C25 H24 O10,25,24,10,,,,,
381,483.0938535,483.0934784,483.0932849,7363497.219,426670.5165,13.0683009,-1,0.400471999,0.410250267,0,0.24615016,15,0.833333333,0.458333333,O11,de-protonated,0,,C24 H20 O11,24,20,11,,,,,
382,483.0785504,483.0781754,483.0780288,13441244.37,426684.0165,23.85472835,-1,0.303399413,0.599658126,0,0.359794876,11,1,0.7,O14,de-protonated,0,,C20 H20 O14,20,20,14,,,,,
383,483.0573277,483.0569527,483.0568994,9092439.453,426702.7665,16.13672568,-1,0.110332971,0.934606399,0,0.560763839,16,0.695652174,0.52173913,O12,de-protonated,0,,C23 H16 O12,23,16,12,,,,,
384,483.0419906,483.0416156,483.0416433,6246969.977,426716.2664,11.08675415,-1,-0.057222139,0.981973495,0,0.589184097,12,0.842105263,0.789473684,O15,de-protonated,0,,C19 H16 O15,19,16,15,,,,,
385,482.1751369,482.1747629,482.1748901,7785065.736,427483.7665,13.81647586,-1,-0.263711622,0.679529554,0.98868612,0.80319218,9,1.363636364,0.5,13C1 O11,de-protonated,1,390,C22 H30 O11 13C1,22,30,11,,,1,,
386,482.1670796,482.1667057,482.1665149,6315424.32,341992.6132,11.20824289,-1,0.39569332,0.419013923,0.956521189,0.634016829,22,0.787878788,0.03030303,13C1 S1 O1,de-protonated,1,391,C33 H26 O1 S1 13C1,33,26,1,1,,1,,
386,482.1670796,482.1667057,482.1667842,6315424.32,341992.6132,11.20824289,-1,-0.162801157,0.863081936,0,0.517849162,9,1.318181818,0.5,N1 O11,de-protonated,0,,C22 H29 O11 N1,22,29,11,,1,,,
387,482.1388102,482.1384363,482.1385046,5377638.067,427516.0166,9.543915112,-1,-0.14164089,0.894530443,0.965963294,0.923103583,10,1.238095238,0.571428571,13C1 O12,de-protonated,1,392,C21 H26 O12 13C1,21,26,12,,,1,,
388,481.244801,481.2444282,481.2443063,5421769.709,342648.0132,9.62223735,-1,0.253392545,0.699975532,0,0.419985319,7,1.52,0.36,O9,de-protonated,0,,C25 H38 O9,25,38,9,,,,,
389,481.2084277,481.208055,481.2079208,16703739.85,428342.2666,29.64481306,-1,0.278888183,0.649142229,0,0.389485337,8,1.416666667,0.416666667,O10,de-protonated,0,,C24 H34 O10,24,34,10,,,,,
390,481.1718509,481.1714782,481.1715353,33390328.93,428374.7665,59.25918793,-1,-0.118534985,0.802219903,0.98868612,0.87680639,9,1.304347826,0.47826087,O11,de-protonated,0,,C23 H30 O11,23,30,11,,,,,
391,481.1637242,481.1633515,481.1631601,13810612.92,428382.0165,24.51026188,-1,0.397816191,0.417062412,0.956521189,0.632845923,22,0.764705882,0.029411765,S1 O1,de-protonated,0,,C34 H26 O1 S1,34,26,1,1,,,,
392,481.1353376,481.1349649,481.1351497,28376007.07,428407.2666,50.36006502,-1,-0.384120211,0.667544263,0.965963294,0.786911876,10,1.181818182,0.545454545,O12,de-protonated,0,,C22 H26 O12,22,26,12,,,,,
393,481.0990617,481.0986891,481.0987642,18595379.68,428440.0166,33.00198394,-1,-0.156241857,0.873174774,0,0.523904864,11,1.047619048,0.619047619,O13,de-protonated,0,,C21 H22 O13,21,22,13,,,,,
394,481.0781303,481.0777577,481.0776349,7415084.388,428458.2666,13.15985477,-1,0.255332339,0.696148526,0,0.417689116,16,0.75,0.458333333,O11,de-protonated,0,,C24 H18 O11,24,18,11,,,,,
395,481.062932,481.0625595,481.0623787,11781969.94,428471.7664,20.90994589,-1,0.375688229,0.456521148,0,0.273912689,12,0.9,0.7,O14,de-protonated,0,,C20 H18 O14,20,18,14,,,,,
396,480.1961507,480.1957792,480.1956255,7086181.247,429245.5165,12.57613686,-1,0.319977323,0.566199799,0.988834846,0.735253818,9,1.391304348,0.434782609,13C1 O10,de-protonated,1,400,C23 H32 O10 13C1,23,32,10,,,1,,
397,480.1595379,480.1591665,480.15924,8313148.696,429278.2665,14.75368637,-1,-0.153157615,0.877816167,0.999183858,0.926363244,10,1.272727273,0.5,13C1 O11,de-protonated,1,401,C22 H28 O11 13C1,22,28,11,,,1,,
398,480.1230279,480.1226565,480.1228545,6092619.133,429310.5165,10.81282137,-1,-0.412357468,0.388812001,0.989349443,0.629026978,11,1.142857143,0.571428571,13C1 O12,de-protonated,1,402,C21 H24 O12 13C1,21,24,12,,,1,,
399,479.2291939,479.2288236,479.2286562,12575025.45,344089.2133,22.31741406,-1,0.349367327,0.507581808,0,0.304549085,8,1.44,0.36,O9,de-protonated,0,,C25 H36 O9,25,36,9,,,,,
400,479.1927939,479.1924237,479.1922707,25351351.17,430144.0166,44.99208399,-1,0.319291215,0.566890472,0.988834846,0.735668222,9,1.333333333,0.416666667,O10,de-protonated,0,,C24 H32 O10,24,32,10,,,,,
401,479.1562665,479.1558963,479.1558852,33342454.18,430176.7665,59.17422265,-1,0.023156542,0.937420785,0.999183858,0.962126014,10,1.217391304,0.47826087,O11,de-protonated,0,,C23 H28 O11,23,28,11,,,,,
402,479.119752,479.1193819,479.1194997,23772065.94,430209.5166,42.18926163,-1,-0.245885481,0.551757912,0.989349443,0.726794524,11,1.090909091,0.545454545,O12,de-protonated,0,,C22 H24 O12,22,24,12,,,,,
403,479.0834194,479.0830493,479.0831142,19203811.87,430242.5164,34.08179354,-1,-0.135365375,0.903211255,0,0.541926753,12,0.952380952,0.619047619,O13,de-protonated,0,,C21 H20 O13,21,20,13,,,,,
404,479.0623762,479.0620061,479.0619848,5687555.163,344209.0131,10.09393771,-1,0.044552546,0.989033193,0,0.593419916,17,0.666666667,0.458333333,O11,de-protonated,0,,C24 H16 O11,24,16,11,,,,,
405,479.0472026,479.0468325,479.0467287,11651243.41,430275.0166,20.67794015,-1,0.216787668,0.770208632,0,0.462125179,13,0.8,0.7,O14,de-protonated,0,,C20 H16 O14,20,16,14,,,,,
406,478.2168373,478.2164682,478.216361,6091681.411,344817.6133,10.81115716,-1,0.224228586,0.756294242,0.974476353,0.843567086,9,1.416666667,0.375,13C1 O9,de-protonated,1,410,C24 H34 O9 13C1,24,34,9,,,1,,
407,478.1805345,478.1801655,478.1799755,7369256.207,344843.8133,13.07852161,-1,0.397486031,0.415716889,0.977675985,0.640500528,10,1.304347826,0.434782609,13C1 O10,de-protonated,1,411,C23 H30 O10 13C1,23,30,10,,,1,,
408,478.1439881,478.1436191,478.14359,5449288.588,431087.5165,9.671076235,-1,0.060951899,0.979571906,0.975597669,0.977982211,11,1.181818182,0.5,13C1 O11,de-protonated,1,412,C22 H26 O11 13C1,22,26,11,,,1,,
409,477.2496672,477.2492993,477.2493916,10519898.2,431895.2666,18.67009535,-1,-0.193428324,0.812322032,0,0.487393219,8,1.461538462,0.307692308,O8,de-protonated,0,,C26 H38 O8,26,38,8,,,,,
410,477.2134825,477.2131147,477.2130061,19332398.25,345542.6133,34.31000108,-1,0.227545639,0.753159111,0.974476353,0.841686007,9,1.36,0.36,O9,de-protonated,0,,C25 H34 O9,25,34,9,,,,,
411,477.1771979,477.1768301,477.1766206,24724697.06,431961.2665,43.87993521,-1,0.438997212,0.379249784,0.977675985,0.618620265,10,1.25,0.416666667,O10,de-protonated,0,,C24 H30 O10,24,30,10,,,,,
412,477.1406157,477.140248,477.1402351,25515679.95,431994.0165,45.28372503,-1,0.027045387,0.987758262,0.975597669,0.982894025,11,1.130434783,0.47826087,O11,de-protonated,0,,C23 H26 O11,23,26,11,,,,,
413,477.1040324,477.1036648,477.1038496,21321124.37,432027.5165,37.83947498,-1,-0.387451286,0.217156098,0.806643077,0.452950889,12,1,0.545454545,O12,de-protonated,0,,C22 H22 O12,22,22,12,,,,,
414,477.0677152,477.0673476,477.0674641,19844437.99,432060.0165,35.21873902,-1,-0.244256891,0.717880339,0,0.430728203,13,0.857142857,0.619047619,O13,de-protonated,0,,C21 H18 O13,21,18,13,,,,,
415,477.0315821,477.0312145,477.0310786,6037448.246,432092.7665,10.71490733,-1,0.284900229,0.637032813,0,0.382219688,14,0.7,0.7,O14,de-protonated,0,,C20 H14 O14,20,14,14,,,,,
416,475.234232,475.2338667,475.2337416,12777500.77,433727.2665,22.67675533,-1,0.263188746,0.68057042,0,0.408342252,9,1.384615385,0.307692308,O8,de-protonated,0,,C26 H36 O8,26,36,8,,,,,
417,475.1978501,475.1974848,475.1973561,19859553.96,433760.5165,35.24556596,-1,0.270918777,0.332568907,0.785920819,0.513909672,10,1.28,0.36,O9,de-protonated,0,,C25 H32 O9,25,32,9,,,,,
418,475.1614064,475.1610411,475.1609706,21729103.9,433793.7666,38.56353301,-1,0.148465436,0.442372648,0.792708918,0.582507156,11,1.166666667,0.416666667,O10,de-protonated,0,,C24 H28 O10,24,28,10,,,,,
420,475.1248489,475.1244837,475.1245851,19232393.45,433826.7665,34.13251844,-1,-0.213347652,0.776566152,0,0.465939691,12,1.043478261,0.47826087,O11,de-protonated,0,,C23 H24 O11,23,24,11,,,,,
421,475.0883928,475.0880276,475.0881995,18644506.73,347088.2132,33.08917174,-1,-0.362021183,0.482821902,0,0.289693141,13,0.909090909,0.545454545,O12,de-protonated,0,,C22 H20 O12,22,20,12,,,,,
422,475.0732035,475.0728383,475.0729434,6819694.564,433874.2664,12.103192,-1,-0.221267818,0.761856601,0,0.457113961,9,1.111111111,0.833333333,O15,de-protonated,0,,C18 H20 O15,18,20,15,,,,,
423,475.05222,475.0518548,475.051814,15493431.08,433893.5166,27.49682838,-1,0.085839401,0.959890973,0,0.575934584,14,0.761904762,0.619047619,O13,de-protonated,0,,C21 H16 O13,21,16,13,,,,,
425,473.218537,473.2181741,473.2180915,12333560.87,435574.7666,21.88887696,-1,0.174492311,0.844379578,0,0.506627747,10,1.307692308,0.307692308,O8,de-protonated,0,,C26 H34 O8,26,34,8,,,,,
427,473.1819637,473.1816009,473.181706,19887327.93,348486.6133,35.29485756,-1,-0.222218658,0.380036947,0.785920819,0.542390496,11,1.2,0.36,O9,de-protonated,0,,C25 H30 O9,25,30,9,,,,,
428,473.1666799,473.1663171,473.1664499,7744112.288,435622.5165,13.74379409,-1,-0.280659362,0.645577947,0,0.387346768,7,1.428571429,0.571428571,O12,de-protonated,0,,C21 H30 O12,21,30,12,,,,,
429,473.1585946,473.1582318,473.1580747,10912976.04,435630.0166,19.36770673,-1,0.331915559,0.542241338,0,0.325344803,20,0.8125,0.0625,S1 O2,de-protonated,0,,C32 H26 O2 S1,32,26,2,1,,,,
430,473.1455285,473.1451657,473.1453205,16007455.52,435642.0165,28.40908867,-1,-0.327218349,0.551648838,0,0.330989303,12,1.083333333,0.416666667,O10,de-protonated,0,,C24 H26 O10,24,26,10,,,,,
431,473.1303002,473.1299374,473.1300644,8550476.037,435656.0165,15.17488095,-1,-0.268374081,0.670228266,0,0.40213696,8,1.3,0.65,O13,de-protonated,0,,C20 H26 O13,20,26,13,,,,,
432,473.1222867,473.1219239,473.1216892,7287914.973,435663.0165,12.93416198,-1,0.496141761,0.254733615,0,0.152840169,21,0.709677419,0.096774194,S1 O3,de-protonated,0,,C31 H22 O3 S1,31,22,3,1,,,,
433,473.1093116,473.1089488,473.108935,12887328.97,435675.0167,22.87167194,-1,0.029213783,0.995269861,0,0.597161916,13,0.956521739,0.47826087,O11,de-protonated,0,,C23 H22 O11,23,22,11,,,,,
434,473.0941188,473.0937561,473.0936789,10037629.66,435689.0165,17.81419356,-1,0.163273037,0.862344471,0,0.517406683,9,1.157894737,0.736842105,O14,de-protonated,0,,C19 H22 O14,19,22,14,,,,,
435,473.0730964,473.0727337,473.0725495,13152775.14,348566.8132,23.34277016,-1,0.389331463,0.430802517,0,0.25848151,14,0.818181818,0.545454545,O12,de-protonated,0,,C22 H18 O12,22,18,12,,,,,
436,473.0578365,473.0574738,473.0572933,6224673.129,435722.7667,11.04718302,-1,0.38149895,0.445497518,0,0.267298511,10,1,0.833333333,O15,de-protonated,0,,C18 H18 O15,18,18,15,,,,,
437,473.0367168,473.0363541,473.036164,7162622.766,348593.6132,12.71180076,-1,0.401913685,0.407622204,0,0.244573323,15,0.666666667,0.619047619,O13,de-protonated,0,,C21 H14 O13,21,14,13,,,,,
439,471.1873656,471.1870052,471.1871853,12217867.1,349961.8132,21.68355047,-1,-0.38225826,0.444064513,0,0.266438708,7,1.454545455,0.5,O11,de-protonated,0,,C22 H32 O11,22,32,11,,,,,
440,471.1793331,471.1789727,471.1788102,11220984.03,437459.5166,19.91434115,-1,0.345053045,0.516100711,0,0.309660427,20,0.848484848,0.03030303,S1 O1,de-protonated,0,,C33 H28 O1 S1,33,28,1,1,,,,
441,471.1663693,471.1660089,471.1660559,10366715.59,437471.5166,18.39823587,-1,-0.099873674,0.946092172,0,0.567655303,12,1.12,0.36,O9,de-protonated,0,,C25 H28 O9,25,28,9,,,,,
442,471.1512572,471.1508968,471.1507998,13741914.97,349988.6131,24.38834081,-1,0.205900712,0.790153261,0,0.474091957,8,1.333333333,0.571428571,O12,de-protonated,0,,C21 H28 O12,21,28,12,,,,,
444,471.1302464,471.129886,471.1296704,8123942.777,350004.2132,14.41789486,-1,0.457585255,0.31247028,0,0.187482168,13,1,0.416666667,O10,de-protonated,0,,C24 H24 O10,24,24,10,,,,,
446,471.0938092,471.0934489,471.0932849,9618412.938,437539.2667,17.07019242,-1,0.348036827,0.510205137,0,0.306123082,14,0.869565217,0.47826087,O11,de-protonated,0,,C23 H20 O11,23,20,11,,,,,
447,471.0784678,471.0781076,471.0780288,11937034.24,437553.5166,21.18514486,-1,0.167241554,0.856083441,0,0.513650064,10,1.052631579,0.736842105,O14,de-protonated,0,,C19 H20 O14,19,20,14,,,,,
448,471.0571746,471.0568143,471.0568994,13020661.4,437573.0167,23.10830249,-1,-0.180660242,0.834165958,0,0.500499575,15,0.727272727,0.545454545,O12,de-protonated,0,,C22 H16 O12,22,16,12,,,,,
449,471.041851,471.0414907,471.0416433,7221625.925,437587.2665,12.81651609,-1,-0.323857802,0.55839527,0,0.335037162,11,0.888888889,0.833333333,O15,de-protonated,0,,C18 H16 O15,18,16,15,,,,,
450,469.2842677,469.2839096,469.2840631,22590000.44,351381.0132,40.09140145,-1,-0.327078632,0.275964537,0.806643077,0.488235953,0,2.090909091,0.363636364,S1 O8,de-protonated,0,,C22 H46 O8 S1,22,46,8,1,,,,
451,469.2084557,469.2080978,469.2079208,8256149.781,351437.8132,14.65252806,-1,0.37722737,0.453591497,0,0.272154898,7,1.47826087,0.434782609,O10,de-protonated,0,,C23 H34 O10,23,34,10,,,,,
453,469.1720474,469.1716895,469.1715353,18670163.73,439331.5165,33.13470627,-1,0.328729333,0.548619663,0,0.329171798,8,1.363636364,0.5,O11,de-protonated,0,,C22 H30 O11,22,30,11,,,,,
455,469.1507652,469.1504073,469.1504059,5557765.046,351481.0132,9.863593859,-1,0.002919886,0.999952636,0,0.599971582,13,1.04,0.36,O9,de-protonated,0,,C25 H26 O9,25,26,9,,,,,
456,469.1354214,469.1350635,469.1351497,23165811.2,439365.7666,41.11331646,-1,-0.183774245,0.414461658,0.813795486,0.574195189,9,1.238095238,0.571428571,O12,de-protonated,0,,C21 H26 O12,21,26,12,,,,,
457,469.1272922,469.1269343,469.1267746,9002103.73,439373.0166,15.97640317,-1,0.340427025,0.525273374,0,0.315164024,22,0.6875,0.0625,S1 O2,de-protonated,0,,C32 H22 O2 S1,32,22,2,1,,,,
458,469.114186,469.1138281,469.1140204,9148318.427,351508.4131,16.23589639,-1,-0.409837052,0.393314113,0,0.235988468,14,0.916666667,0.416666667,O10,de-protonated,0,,C24 H22 O10,24,22,10,,,,,
459,469.0989291,469.0985713,469.0987642,21449687.77,439400.0165,38.06764172,-1,-0.411283039,0.390728244,0,0.234436947,10,1.1,0.65,O13,de-protonated,0,,C20 H22 O13,20,22,13,,,,,
460,469.0778707,469.0775129,469.0776349,11788400.13,351535.6133,20.9213578,-1,-0.259993622,0.686920213,0,0.412152128,15,0.782608696,0.47826087,O11,de-protonated,0,,C23 H18 O11,23,18,11,,,,,
461,469.0627337,469.0623759,469.0623787,16107427.39,439433.5165,28.58651284,-1,-0.006034704,0.9997977,0,0.59987862,11,0.947368421,0.736842105,O14,de-protonated,0,,C19 H18 O14,19,18,14,,,,,
462,469.0418311,469.0414733,469.0412494,6527216.655,439453.5167,11.58411944,-1,0.477405006,0.281901533,0,0.16914092,16,0.636363636,0.545454545,O12,de-protonated,0,,C22 H14 O12,22,14,12,,,,,
463,468.1958452,468.1954885,468.1956255,6993397.488,440247.5165,12.41146971,-1,-0.292754277,0.621176971,0.989717906,0.768593345,8,1.454545455,0.454545455,13C1 O10,de-protonated,1,466,C22 H32 O10 13C1,22,32,10,,,1,,
464,468.1594092,468.1590525,468.15924,8805776.248,440281.7666,15.62797272,-1,-0.400549932,0.410108012,0.962585373,0.631098956,9,1.333333333,0.523809524,13C1 O11,de-protonated,1,468,C21 H28 O11 13C1,21,28,11,,,1,,
465,467.2288744,467.2285188,467.2286562,9997325.876,441158.2665,17.74266478,-1,-0.294052882,0.618552774,0,0.371131664,7,1.5,0.375,O9,de-protonated,0,,C24 H36 O9,24,36,9,,,,,
466,467.192514,467.1921585,467.1922707,26203089.1,441193.0166,46.50369827,-1,-0.240181047,0.673487691,0.989717906,0.799979777,8,1.391304348,0.434782609,O10,de-protonated,0,,C23 H32 O10,23,32,10,,,,,
468,467.1563097,467.1559542,467.1558852,29352204.1,352981.6132,52.09256197,-1,0.147839733,0.64788253,0.962585373,0.773763667,9,1.272727273,0.5,O11,de-protonated,0,,C22 H28 O11,22,28,11,,,,,
470,467.1200679,467.1197125,467.1194997,17454799.69,353009.0134,30.97774979,-1,0.455544145,0.31572254,0,0.189433524,10,1.142857143,0.571428571,O12,de-protonated,0,,C21 H24 O12,21,24,12,,,,,
471,467.0988315,467.0984761,467.0983703,5290727.353,353025.0132,9.389671098,-1,0.226519735,0.751967504,0,0.451180502,15,0.833333333,0.416666667,O10,de-protonated,0,,C24 H20 O10,24,20,10,,,,,
472,467.0835336,467.0831782,467.0831142,17855225.66,353036.6132,31.68840222,-1,0.137132017,0.900798868,0,0.540479321,11,1,0.65,O13,de-protonated,0,,C20 H20 O13,20,20,13,,,,,
473,467.0622908,467.0619354,467.0619848,8240382.907,441316.0164,14.62454594,-1,-0.105717727,0.939798104,0,0.563878862,16,0.695652174,0.47826087,O11,de-protonated,0,,C23 H16 O11,23,16,11,,,,,
474,467.0469545,467.0465991,467.0467287,13759939.55,441330.5165,24.42032978,-1,-0.277297748,0.652340172,0,0.391404103,12,0.842105263,0.736842105,O14,de-protonated,0,,C19 H16 O14,19,16,14,,,,,
475,467.0444951,467.0441397,467.0442267,5354002.628,441332.7665,9.501968328,-1,-0.186298825,0.824631987,0,0.494779192,16,0.695652174,0.391304348,S1 O9,de-protonated,0,,C23 H16 O9 S1,23,16,9,1,,,,
476,466.1805509,466.1801966,466.1799755,6715463.997,353720.4132,11.91820973,-1,0.474441025,0.286354761,0.936721016,0.546501263,9,1.363636364,0.454545455,13C1 O10,de-protonated,1,480,C22 H30 O10 13C1,22,30,10,,,1,,
477,466.1439211,466.1435669,466.14359,6957095.362,353748.2131,12.34704284,-1,-0.049443707,0.986510257,0.976351395,0.982446712,10,1.238095238,0.523809524,13C1 O11,de-protonated,1,482,C21 H26 O11 13C1,21,26,11,,,1,,
479,465.2133121,465.212959,465.2130061,21639729.92,443070.0165,38.40491734,-1,-0.101333226,0.472274935,0.792708918,0.600448528,8,1.416666667,0.375,O9,de-protonated,0,,C24 H34 O9,24,34,9,,,,,
480,465.1768283,465.1764753,465.1766206,42264724.83,443104.7665,75.00894278,-1,-0.312501377,0.4338125,0.936721016,0.634975906,9,1.304347826,0.434782609,O10,de-protonated,0,,C23 H30 O10,23,30,10,,,,,
481,465.1687764,465.1684233,465.1682455,7754073.106,443112.0165,13.76147197,-1,0.382319128,0.443949716,0,0.266369829,22,0.764705882,0,S1,de-protonated,0,,C34 H26 S1,34,26,,1,,,,
482,465.1404924,465.1401394,465.1402351,34037332.46,443139.0165,60.40745167,-1,-0.205867675,0.888361619,0.976351395,0.923557529,10,1.181818182,0.5,O11,de-protonated,0,,C22 H26 O11,22,26,11,,,,,
483,465.1043355,465.1039825,465.1038496,16963222.16,443173.7666,30.10532698,-1,0.285813959,0.635189933,0,0.38111396,11,1.047619048,0.571428571,O12,de-protonated,0,,C21 H22 O12,21,22,12,,,,,
484,465.083263,465.08291,465.0827202,5233039.25,443193.5166,9.287289654,-1,0.408018128,0.396578141,0,0.237946884,16,0.75,0.416666667,O10,de-protonated,0,,C24 H18 O10,24,18,10,,,,,
485,465.0680126,465.0676597,465.0674641,16549824.5,354566.6133,29.37165316,-1,0.420599843,0.374261223,0,0.224556734,12,0.9,0.65,O13,de-protonated,0,,C20 H18 O13,20,18,13,,,,,
486,465.0315001,465.0311472,465.0310786,5906994.819,354594.4131,10.48338628,-1,0.147521834,0.886119163,0,0.531671498,13,0.736842105,0.736842105,O14,de-protonated,0,,C19 H14 O14,19,14,14,,,,,
487,464.20104,464.2006881,464.2007109,7242601.374,355228.8132,12.85374208,-1,-0.049134146,0.986677516,0.993460436,0.989390684,9,1.391304348,0.391304348,13C1 O9,de-protonated,1,490,C23 H32 O9 13C1,23,32,9,,,1,,
488,464.1648437,464.1644919,464.1643254,7132677.408,444070.7663,12.6586555,-1,0.35874721,0.489193305,0.941037846,0.669931122,10,1.272727273,0.454545455,13C1 O10,de-protonated,1,491,C22 H28 O10 13C1,22,28,10,,,1,,
489,463.2342377,463.233887,463.2337416,10205131.89,444962.5164,18.11146664,-1,0.313946951,0.578353221,0,0.347011933,8,1.44,0.32,O8,de-protonated,0,,C25 H36 O8,25,36,8,,,,,
490,463.1977009,463.1973503,463.1973561,28834841.21,444998.0164,51.17437681,-1,-0.012531618,0.992902722,0.993460436,0.993125808,9,1.333333333,0.375,O9,de-protonated,0,,C24 H32 O9,24,32,9,,,,,
491,463.1611887,463.1608381,463.1609706,43302542.92,445032.7665,76.85080116,-1,-0.285944836,0.562059615,0.941037846,0.713650908,10,1.217391304,0.434782609,O10,de-protonated,0,,C23 H28 O10,23,28,10,,,,,
492,463.1378855,463.137535,463.1373393,5897646.466,445055.5166,10.46679537,-1,0.422525368,0.370900858,0,0.222540515,19,0.8,0.1,S1 O3,de-protonated,0,,C30 H24 O3 S1,30,24,3,1,,,,
493,463.1248579,463.1245073,463.1245851,26977828.22,445068.0167,47.8786596,-1,-0.167810247,0.42758885,0.806643077,0.579210541,11,1.090909091,0.5,O11,de-protonated,0,,C22 H24 O11,22,24,11,,,,,
494,463.0886295,463.0882789,463.0881995,18007251.74,445102.5165,31.95820913,-1,0.171458429,0.849317509,0,0.509590506,12,0.952380952,0.571428571,O12,de-protonated,0,,C21 H20 O12,21,20,12,,,,,
495,463.0523175,463.051967,463.051814,13669851.73,445137.7666,24.26044723,-1,0.330365642,0.545342397,0,0.327205438,13,0.8,0.65,O13,de-protonated,0,,C20 H16 O13,20,16,13,,,,,
497,462.1854004,462.185051,462.1850608,6342057.342,356778.0132,11.2555096,-1,-0.021254257,0.997493461,0.970275981,0.986606469,10,1.304347826,0.391304348,13C1 O9,de-protonated,1,500,C23 H30 O9 13C1,23,30,9,,,1,,
498,462.1491862,462.1488368,462.1486753,5782353.003,446007.2666,10.26217933,-1,0.349467573,0.507384297,0.968991643,0.692027235,11,1.181818182,0.454545455,13C1 O10,de-protonated,1,502,C22 H26 O10 13C1,22,26,10,,,1,,
499,461.2185054,461.2181572,461.2180915,15954472.73,446907.2665,28.31505792,-1,0.142356985,0.893520346,0,0.536112208,9,1.36,0.32,O8,de-protonated,0,,C25 H34 O8,25,34,8,,,,,
500,461.1820002,461.181652,461.181706,29374348.66,446943.0165,52.13186284,-1,-0.117028721,0.962114361,0.970275981,0.965379009,10,1.25,0.375,O9,de-protonated,0,,C24 H30 O9,24,30,9,,,,,
501,461.1585831,461.158235,461.1580747,7541354.847,357572.4132,13.38395213,-1,0.347483529,0.511297093,0,0.306778256,19,0.838709677,0.064516129,S1 O2,de-protonated,0,,C31 H26 O2 S1,31,26,2,1,,,,
502,461.1455657,461.1452176,461.1453205,28356729.38,446978.2666,50.32585211,-1,-0.223233363,0.632775972,0.968991643,0.767262241,11,1.130434783,0.434782609,O10,de-protonated,0,,C23 H26 O10,23,26,10,,,,,
504,461.1092604,461.1089123,461.108935,19602498.83,447013.5164,34.78935965,-1,-0.049122299,0.986683898,0,0.592010339,12,1,0.5,O11,de-protonated,0,,C22 H22 O11,22,22,11,,,,,
505,461.0941289,461.0937808,461.0936789,6276961.212,447027.7665,11.13998083,-1,0.22107045,0.762226205,0,0.457335723,8,1.222222222,0.777777778,O14,de-protonated,0,,C18 H22 O14,18,22,14,,,,,
506,461.0730267,461.0726786,461.0725495,17575787.46,447048.2666,31.19247177,-1,0.280052808,0.646798894,0,0.388079336,13,0.857142857,0.571428571,O12,de-protonated,0,,C21 H18 O12,21,18,12,,,,,
507,461.0366474,461.0362993,461.036164,9016832.086,357667.0132,16.00254218,-1,0.293606633,0.619454604,0,0.371672762,14,0.7,0.65,O13,de-protonated,0,,C20 H14 O13,20,14,13,,,,,
508,459.2392011,459.2388553,459.238827,5411254.258,448833.7666,9.603575146,-1,0.061617981,0.979127708,0,0.587476625,9,1.384615385,0.269230769,O7,de-protonated,0,,C26 H36 O7,26,36,7,,,,,
509,459.2026939,459.2023481,459.2024415,16823128.09,359095.4132,29.85669626,-1,-0.203266788,0.794898346,0,0.476939008,10,1.28,0.32,O8,de-protonated,0,,C25 H32 O8,25,32,8,,,,,
510,459.1793094,459.1789636,459.1788102,9768772.392,448892.2667,17.33704152,-1,0.334180555,0.537715432,0,0.322629259,19,0.875,0.03125,S1 O1,de-protonated,0,,C32 H28 O1 S1,32,28,1,1,,,,
511,459.1662689,459.1659231,459.1660559,22417704.23,448905.0167,39.78562029,-1,-0.289241362,0.314136366,0.792708918,0.505565387,11,1.166666667,0.375,O9,de-protonated,0,,C24 H28 O9,24,28,9,,,,,
513,459.1510545,459.1507087,459.1507998,8347816.005,448919.5167,14.81521187,-1,-0.198365897,0.803638517,0,0.48218311,7,1.4,0.6,O12,de-protonated,0,,C20 H28 O12,20,28,12,,,,,
514,459.1429951,459.1426494,459.1424247,11969625.89,448927.7664,21.24298661,-1,0.48939403,0.2643208,0,0.15859248,20,0.774193548,0.064516129,S1 O2,de-protonated,0,,C31 H24 O2 S1,31,24,2,1,,,,
515,459.1300085,459.1296628,459.1296704,16703694.14,448940.5165,29.64473194,-1,-0.016684792,0.998454627,0,0.599072776,12,1.043478261,0.434782609,O10,de-protonated,0,,C23 H24 O10,23,24,10,,,,,
516,459.1148044,459.1144587,459.1144143,7840659.938,448955.0164,13.91514117,-1,0.096757626,0.949318117,0,0.56959087,8,1.263157895,0.684210526,O13,de-protonated,0,,C19 H24 O13,19,24,13,,,,,
518,459.0937717,459.093426,459.0932849,13309309.2,359180.6132,23.6205776,-1,0.307375472,0.591622146,0,0.354973288,13,0.909090909,0.5,O11,de-protonated,0,,C22 H20 O11,22,20,11,,,,,
519,459.078548,459.0782024,459.0780288,10524025.87,448990.5166,18.67742089,-1,0.378184791,0.451772604,0,0.271063562,9,1.111111111,0.777777778,O14,de-protonated,0,,C18 H20 O14,18,20,14,,,,,
520,459.0574047,459.057059,459.0568994,14241860.39,449011.5166,25.27561449,-1,0.347710277,0.510849526,0,0.306509715,14,0.761904762,0.571428571,O12,de-protonated,0,,C21 H16 O12,21,16,12,,,,,
521,459.0420535,459.0417079,459.0416433,5770004.606,449026.5164,10.24026412,-1,0.140869327,0.895614348,0,0.537368609,10,0.941176471,0.882352941,O15,de-protonated,0,,C17 H16 O15,17,16,15,,,,,
522,457.2233447,457.2230013,457.2231769,7259892.499,450812.2663,12.88442935,-1,-0.384122253,0.440554246,0,0.264332547,10,1.307692308,0.269230769,O7,de-protonated,0,,C26 H34 O7,26,34,7,,,,,
523,457.2081505,457.2078071,457.2079208,5749888.468,450827.2666,10.20456319,-1,-0.248622938,0.709349032,0,0.425609419,6,1.545454545,0.454545455,O10,de-protonated,0,,C22 H34 O10,22,34,10,,,,,
524,457.2000965,457.1997531,457.1995456,6078929.946,450835.5166,10.78852661,-1,0.453891687,0.318369515,0,0.191021709,19,0.909090909,0,S1,de-protonated,0,,C33 H30 S1,33,30,,1,,,,
525,457.1871177,457.1867743,457.1867914,10273948.39,450848.0166,18.23359811,-1,-0.037334127,0.992286365,0,0.595371819,11,1.2,0.32,O8,de-protonated,0,,C25 H30 O8,25,30,8,,,,,
526,457.1719601,457.1716167,457.1715353,12405650.79,450863.2665,22.01681789,-1,0.178253111,0.838179354,0,0.502907612,7,1.428571429,0.523809524,O11,de-protonated,0,,C21 H30 O11,21,30,11,,,,,
528,457.1508837,457.1505404,457.1504059,8726299.951,450883.7665,15.48692287,-1,0.294305892,0.618041442,0,0.370824865,12,1.083333333,0.375,O9,de-protonated,0,,C24 H26 O9,24,26,9,,,,,
529,457.135687,457.1353437,457.1351497,13659471.09,450898.7666,24.24202427,-1,0.424262218,0.36788265,0,0.22072959,8,1.3,0.6,O12,de-protonated,0,,C20 H26 O12,20,26,12,,,,,
531,457.1144748,457.1141315,457.1140204,10077585.57,360735.8133,17.88510496,-1,0.243110499,0.720112078,0,0.432067247,13,0.956521739,0.434782609,O10,de-protonated,0,,C23 H22 O10,23,22,10,,,,,
532,457.0991517,457.0988085,457.0987642,14243756.08,450934.7666,25.27897884,-1,0.09677704,0.949298302,0,0.569578981,9,1.157894737,0.684210526,O13,de-protonated,0,,C19 H22 O13,19,22,13,,,,,
533,457.0778808,457.0775376,457.0776349,15978416.65,450955.7665,28.35755219,-1,-0.212782681,0.777605509,0,0.466563305,14,0.818181818,0.5,O11,de-protonated,0,,C22 H18 O11,22,18,11,,,,,
534,457.0625939,457.0622507,457.0623787,19495045.89,450970.7665,34.59865852,-1,-0.280106405,0.64669102,0,0.388014612,10,1,0.777777778,O14,de-protonated,0,,C18 H18 O14,18,18,14,,,,,
535,457.041473,457.0411299,457.0412494,12100073.16,450992.0166,21.47449674,-1,-0.261472396,0.683983703,0,0.410390222,15,0.666666667,0.571428571,O12,de-protonated,0,,C21 H14 O12,21,14,12,,,,,
536,457.0390396,457.0386965,457.0387474,6115092.57,450994.0165,10.8527059,-1,-0.111510835,0.933250636,0,0.559950381,19,0.56,0.28,S1 O7,de-protonated,0,,C25 H14 O7 S1,25,14,7,1,,,,
537,456.1594171,456.159075,456.15924,8159118.216,451863.7665,14.48032215,-1,-0.361772195,0.483305545,0.974275131,0.679693379,8,1.4,0.55,13C1 O11,de-protonated,1,542,C20 H28 O11 13C1,20,28,11,,,1,,
538,456.1514227,456.1510806,456.1508649,5802664.924,451872.0165,10.29822773,-1,0.47299331,0.288545143,0.998052378,0.572348037,21,0.774193548,0.032258065,13C1 S1 O1,de-protonated,1,543,C31 H24 O1 S1 13C1,31,24,1,1,,1,,
538,456.1514227,456.1510806,456.1511342,5802664.924,451872.0165,10.29822773,-1,-0.117353807,0.926343054,0,0.555805832,8,1.35,0.55,N1 O11,de-protonated,0,,C20 H27 O11 N1,20,27,11,,1,,,
539,455.1927186,455.1923777,455.1922707,15807071.03,362258.8132,28.05345807,-1,0.235091831,0.735617215,0,0.441370329,7,1.454545455,0.454545455,O10,de-protonated,0,,C22 H32 O10,22,32,10,,,,,
541,455.1714445,455.1711036,455.1711413,6276858.75,452844.5165,11.13979898,-1,-0.082810121,0.962619262,0,0.577571557,12,1.12,0.32,O8,de-protonated,0,,C25 H28 O8,25,28,8,,,,,
542,455.1561519,455.155811,455.1558852,30340112.46,452859.7666,53.84584351,-1,-0.163007885,0.673032293,0.974275131,0.793529428,8,1.333333333,0.523809524,O11,de-protonated,0,,C21 H28 O11,21,28,11,,,,,
543,455.1480403,455.1476995,455.14751,16813004.4,452867.7666,29.83872934,-1,0.416196502,0.335273327,0.998052378,0.600384948,21,0.75,0.03125,S1 O1,de-protonated,0,,C32 H24 O1 S1,32,24,1,1,,,,
544,455.1349322,455.1345913,455.1347558,7502643.171,452881.2665,13.31524893,-1,-0.361429353,0.483971741,0,0.290383044,13,1,0.375,O9,de-protonated,0,,C24 H24 O9,24,24,9,,,,,
545,455.1196851,455.1193442,455.1194997,28883800.32,452896.0165,51.26126655,-1,-0.341527129,0.261544323,0.821075868,0.485356941,9,1.2,0.6,O12,de-protonated,0,,C20 H24 O12,20,24,12,,,,,
546,455.1116354,455.1112946,455.1111245,8589727.365,452904.0164,15.2445419,-1,0.373644111,0.460422526,0,0.276253516,22,0.64516129,0.064516129,S1 O2,de-protonated,0,,C31 H20 O2 S1,31,20,2,1,,,,
547,455.0986268,455.098286,455.0983703,10047206.3,452917.0166,17.8311896,-1,-0.185280729,0.826366929,0,0.495820157,14,0.869565217,0.434782609,O10,de-protonated,0,,C23 H20 O10,23,20,10,,,,,
548,455.0834564,455.0831156,455.0831142,22447507.62,362345.8132,39.83851359,-1,0.003207639,0.999942841,0,0.599965704,10,1.052631579,0.684210526,O13,de-protonated,0,,C19 H20 O13,19,20,13,,,,,
549,455.0624806,455.0621398,455.0619848,11405197.41,452953.2666,20.24127221,-1,0.340583644,0.524962215,0,0.314977329,15,0.727272727,0.5,O11,de-protonated,0,,C22 H16 O11,22,16,11,,,,,
550,455.0472962,455.0469555,455.0467287,11289307.09,362374.6133,20.03559689,-1,0.498465607,0.251483584,0,0.150890151,11,0.888888889,0.777777778,O14,de-protonated,0,,C18 H16 O14,18,16,14,,,,,
551,454.1804407,454.180101,454.1799755,6483488.74,363066.2132,11.50651371,-1,0.276468694,0.654006134,0.969828202,0.780334961,8,1.428571429,0.476190476,13C1 O10,de-protonated,1,556,C21 H30 O10 13C1,21,30,10,,,1,,
552,454.1439657,454.143626,454.14359,8392649.523,453869.0165,14.89477976,-1,0.079402983,0.965579486,0.975160283,0.969411805,9,1.3,0.55,13C1 O11,de-protonated,1,558,C20 H26 O11 13C1,20,26,11,,,1,,
553,454.1074221,454.1070825,454.1072044,6646282.37,453905.5166,11.79543025,-1,-0.268547432,0.669881788,0.976555971,0.792551461,10,1.157894737,0.631578947,13C1 O12,de-protonated,1,560,C19 H22 O12 13C1,19,22,12,,,1,,
554,453.2131935,453.212855,453.2130061,16396214.21,454801.5165,29.09903467,-1,-0.333590926,0.538892933,0,0.32333576,7,1.47826087,0.391304348,O9,de-protonated,0,,C23 H34 O9,23,34,9,,,,,
556,453.1770355,453.176697,453.1766206,33247392.1,454837.5165,59.00551207,-1,0.168566188,0.753988301,0.969828202,0.840324262,8,1.363636364,0.454545455,O10,de-protonated,0,,C22 H30 O10,22,30,10,,,,,
558,453.1407823,453.1404438,453.1402351,31374604.31,363899.2132,55.68179868,-1,0.460600583,0.636640172,0.975160283,0.772048216,9,1.238095238,0.523809524,O11,de-protonated,0,,C21 H26 O11,21,26,11,,,,,
560,453.1042207,453.1038823,453.1038496,26196247.5,363928.6132,46.4915562,-1,0.072053896,0.820725324,0.976555971,0.883057583,10,1.1,0.6,O12,de-protonated,0,,C20 H22 O12,20,22,12,,,,,
561,453.0829192,453.0825808,453.0827202,9548783.589,454932.2666,16.94661836,-1,-0.307821653,0.590720644,0,0.354432387,15,0.782608696,0.434782609,O10,de-protonated,0,,C23 H18 O10,23,18,10,,,,,
562,453.0676018,453.0672634,453.0674641,30577266.94,363958.0132,54.2667313,-1,-0.442934119,0.168116995,0.828487691,0.432265273,11,0.947368421,0.684210526,O13,de-protonated,0,,C19 H18 O13,19,18,13,,,,,
563,453.0464928,453.0461545,453.0463347,9518575.576,454968.5165,16.89300696,-1,-0.397931415,0.414899503,0,0.248939702,16,0.636363636,0.5,O11,de-protonated,0,,C22 H14 O11,22,14,11,,,,,
564,453.0313192,453.0309808,453.0310786,8418227.638,454983.7665,14.94017429,-1,-0.215785898,0.772065096,0,0.463239058,12,0.777777778,0.777777778,O14,de-protonated,0,,C18 H14 O14,18,14,14,,,,,
565,453.0290249,453.0286866,453.0285767,5629816.171,454986.0166,9.99146595,-1,0.242660504,0.720987124,0,0.432592274,16,0.636363636,0.409090909,S1 O9,de-protonated,0,,C22 H14 O9 S1,22,14,9,1,,,,
566,452.2009309,452.2005936,452.2007109,8789161.426,455819.2667,15.59848571,-1,-0.259339921,0.688217001,0.980098543,0.804969618,8,1.454545455,0.409090909,13C1 O9,de-protonated,1,571,C22 H32 O9 13C1,22,32,9,,,1,,
567,452.164656,452.1643187,452.1643254,11011647.96,364684.8132,19.54282383,-1,-0.014745627,0.998792765,0.966613219,0.985920947,9,1.333333333,0.476190476,13C1 O10,de-protonated,1,573,C21 H28 O10 13C1,21,28,10,,,1,,
568,452.1284095,452.1280723,452.1279399,6495864.741,364714.0132,11.52847791,-1,0.292886082,0.620910647,0.998203723,0.771827878,10,1.2,0.55,13C1 O11,de-protonated,1,575,C20 H24 O11 13C1,20,24,11,,,1,,
569,451.2340866,451.2337505,451.2337416,8861741.716,456796.2666,15.72729693,-1,0.019657352,0.997855572,0,0.598713343,7,1.5,0.333333333,O8,de-protonated,0,,C24 H36 O8,24,36,8,,,,,
570,451.2131323,451.2127962,451.2126122,6784358.653,456817.5166,12.0404799,-1,0.407791704,0.396985324,0,0.238191195,12,1.185185185,0.222222222,O6,de-protonated,0,,C27 H32 O6,27,32,6,,,,,
571,451.1974785,451.1971424,451.1973561,39908774.04,456833.0166,70.82774017,-1,-0.473473112,0.48801755,0.980098543,0.684849947,8,1.391304348,0.391304348,O9,de-protonated,0,,C23 H32 O9,23,32,9,,,,,
573,451.1612466,451.1609105,451.1609706,57823997.36,456870.0165,102.6226227,-1,-0.133061217,0.95255644,0.966613219,0.958179152,9,1.272727273,0.454545455,O10,de-protonated,0,,C22 H28 O10,22,28,10,,,,,
575,451.125142,451.124806,451.1245851,28056461.99,456906.2666,49.79295524,-1,0.489767575,0.442347446,0.998203723,0.664689957,10,1.142857143,0.523809524,O11,de-protonated,0,,C21 H24 O11,21,24,11,,,,,
576,451.088715,451.088379,451.0881995,22364077.38,456943.5166,39.69044651,-1,0.397851214,0.415046639,0,0.249027984,11,1,0.6,O12,de-protonated,0,,C20 H20 O12,20,20,12,,,,,
577,451.0673764,451.0670405,451.0670702,6813801.001,456964.7665,12.09273245,-1,-0.065895188,0.97616544,0,0.585699264,16,0.695652174,0.434782609,O10,de-protonated,0,,C23 H16 O10,23,16,10,,,,,
578,451.0520071,451.0516711,451.051814,25526517.68,456980.2666,45.30295918,-1,-0.316817641,0.28628219,0.828487691,0.50316439,12,0.842105263,0.684210526,O13,de-protonated,0,,C19 H16 O13,19,16,13,,,,,
579,451.0495789,451.049243,451.0493121,6951147.413,456982.7667,12.33648677,-1,-0.153233103,0.877703382,0,0.526622029,16,0.695652174,0.347826087,S1 O8,de-protonated,0,,C23 H16 O8 S1,23,16,8,1,,,,
580,451.0132261,451.0128902,451.0129266,5555875.081,457020.0165,9.860239661,-1,-0.08062009,0.964535266,0,0.57872116,17,0.545454545,0.409090909,S1 O9,de-protonated,0,,C22 H12 O9 S1,22,12,9,1,,,,
581,450.1852336,450.1848987,450.1850608,13203389.52,457860.5165,23.43259758,-1,-0.360241133,0.486282837,0.997873802,0.690919223,9,1.363636364,0.409090909,13C1 O9,de-protonated,1,585,C22 H30 O9 13C1,22,30,9,,,1,,
582,450.148929,450.1485942,450.1486753,11115729.34,457897.5165,19.72754132,-1,-0.18031645,0.834741273,0.998451294,0.900225281,10,1.238095238,0.476190476,13C1 O10,de-protonated,1,588,C21 H26 O10 13C1,21,26,10,,,1,,
583,449.2183631,449.2180294,449.2180915,20261027.57,458846.0167,35.95807765,-1,-0.138297683,0.44959679,0.792708918,0.586841641,8,1.416666667,0.333333333,O8,de-protonated,0,,C24 H34 O8,24,34,8,,,,,
584,449.2161412,449.2158074,449.2155896,21472379.14,458848.2666,38.10791303,-1,0.484942026,0.135383967,0.766236582,0.387725013,12,1.214285714,0.107142857,S1 O3,de-protonated,0,,C28 H34 O3 S1,28,34,3,1,,,,
585,449.181886,449.1815523,449.181706,51995024.35,458883.2665,92.27770492,-1,-0.342139975,0.504077658,0.997873802,0.701596116,9,1.304347826,0.391304348,O9,de-protonated,0,,C23 H30 O9,23,30,9,,,,,
588,449.1456713,449.1453377,449.1453205,46836581.17,458920.2665,83.12280396,-1,0.038223802,0.913328566,0.998451294,0.947377657,10,1.181818182,0.454545455,O10,de-protonated,0,,C22 H26 O10,22,26,10,,,,,
590,449.1094028,449.1090692,449.108935,22897537.2,458957.0166,40.63719957,-1,0.298861408,0.304416309,0.813795486,0.50816798,11,1.047619048,0.523809524,O11,de-protonated,0,,C21 H22 O11,21,22,11,,,,,
591,449.0730093,449.0726758,449.0725495,23312472.8,458994.5166,41.37360282,-1,0.281260184,0.322184109,0.821075868,0.521740813,12,0.9,0.6,O12,de-protonated,0,,C20 H18 O12,20,18,12,,,,,
592,449.0364602,449.0361267,449.036164,14870858.22,459031.5165,26.39192277,-1,-0.083025253,0.962428487,0,0.577457092,13,0.736842105,0.684210526,O13,de-protonated,0,,C19 H14 O13,19,14,13,,,,,
593,449.0340301,449.0336966,449.0336621,7768377.052,459034.0164,13.78685776,-1,0.076967159,0.96762487,0,0.580574922,17,0.608695652,0.347826087,S1 O8,de-protonated,0,,C23 H14 O8 S1,23,14,8,1,,,,
594,448.2059967,448.2056642,448.2057963,7414833.79,459882.0164,13.15941002,-1,-0.294718434,0.617207658,0.982857895,0.763467753,9,1.391304348,0.347826087,13C1 O8,de-protonated,1,598,C23 H32 O8 13C1,23,32,8,,,1,,
595,448.1695558,448.1692234,448.1694108,11153447.2,459919.7666,19.79448076,-1,-0.418149584,0.378558846,0.990671076,0.623403738,10,1.272727273,0.409090909,13C1 O9,de-protonated,1,600,C22 H28 O9 13C1,22,28,9,,,1,,
596,448.1333892,448.1330568,448.1330253,6123589.29,459956.5165,10.86778538,-1,0.070316106,0.972905194,0.98064941,0.976002881,11,1.142857143,0.476190476,13C1 O10,de-protonated,1,602,C21 H24 O10 13C1,21,24,10,,,1,,
597,447.239169,447.2388377,447.238827,6115498.692,460876.2666,10.85342666,-1,0.023895635,0.996832796,0,0.598099678,8,1.44,0.28,O7,de-protonated,0,,C25 H36 O7,25,36,7,,,,,
598,447.202667,447.2023357,447.2024415,31580031.72,368731.2133,56.04637913,-1,-0.23642562,0.675129587,0.982857895,0.79822091,9,1.333333333,0.333333333,O8,de-protonated,0,,C24 H32 O8,24,32,8,,,,,
599,447.1792867,447.1789554,447.1788102,6156060.342,460938.2665,10.92541309,-1,0.324829603,0.556443081,0,0.333865849,18,0.903225806,0.032258065,S1 O1,de-protonated,0,,C31 H28 O1 S1,31,28,1,1,,,,
600,447.1662582,447.165927,447.1660559,47224515.84,460951.7664,83.81128755,-1,-0.288386537,0.504278702,0.990671076,0.698835652,10,1.217391304,0.391304348,O9,de-protonated,0,,C23 H28 O9,23,28,9,,,,,
602,447.1301025,447.1297713,447.1296704,29068171.78,460989.0166,51.58847816,-1,0.225475108,0.863423903,0.98064941,0.910314106,11,1.090909091,0.454545455,O10,de-protonated,0,,C22 H24 O10,22,24,10,,,,,
604,447.0938345,447.0935034,447.0932849,17953373.48,461026.0164,31.86258917,-1,0.48855194,0.265532866,0,0.15931972,12,0.952380952,0.523809524,O11,de-protonated,0,,C21 H20 O11,21,20,11,,,,,
605,447.0785094,447.0781783,447.0780288,8131056.81,368833.6133,14.43052043,-1,0.334401313,0.537274701,0,0.32236482,8,1.176470588,0.823529412,O14,de-protonated,0,,C17 H20 O14,17,20,14,,,,,
606,447.0572049,447.0568738,447.0568994,24808052.56,461063.7665,44.02786963,-1,-0.05739215,0.490933599,0.821075868,0.622990507,13,0.8,0.6,O12,de-protonated,0,,C20 H16 O12,20,16,12,,,,,
607,447.0547794,447.0544483,447.0543975,5907281.463,368853.2133,10.483895,-1,0.113716638,0.930678377,0,0.558407026,17,0.666666667,0.291666667,S1 O7,de-protonated,0,,C24 H16 O7 S1,24,16,7,1,,,,
608,447.0206526,447.0203216,447.0205139,7323555.173,461101.5165,12.99741411,-1,-0.430257024,0.357560539,0,0.214536323,14,0.631578947,0.684210526,O13,de-protonated,0,,C19 H12 O13,19,12,13,,,,,
609,447.0182428,447.0179117,447.018012,8322070.546,461104.0164,14.76952035,-1,-0.224339824,0.756084617,0,0.45365077,18,0.52173913,0.347826087,S1 O8,de-protonated,0,,C23 H12 O8 S1,23,12,8,1,,,,
610,446.1903512,446.1900211,446.1901462,7162384.631,461959.5164,12.71137813,-1,-0.280482278,0.64593444,0.968190752,0.774836965,10,1.304347826,0.347826087,13C1 O8,de-protonated,1,612,C23 H30 O8 13C1,23,30,8,,,1,,
611,445.2233128,445.2229839,445.2231769,12181284.44,462963.2666,21.61862573,-1,-0.433426209,0.352164422,0,0.211298653,9,1.36,0.28,O7,de-protonated,0,,C25 H34 O7,25,34,7,,,,,
612,445.1871519,445.1868231,445.1867914,22793176.77,463000.5165,40.45198683,-1,0.071123775,0.809111189,0.968190752,0.872743014,10,1.25,0.333333333,O8,de-protonated,0,,C24 H30 O8,24,30,8,,,,,
613,445.172022,445.1716931,445.1715353,7111105.164,370413.2133,12.62037036,-1,0.354613451,0.497273552,0,0.298364131,6,1.5,0.55,O11,de-protonated,0,,C20 H30 O11,20,30,11,,,,,
615,445.1509245,445.1505956,445.1504059,22326940.88,463038.2666,39.62453885,-1,0.426296142,0.182181943,0.799615298,0.429155285,11,1.130434783,0.391304348,O9,de-protonated,0,,C23 H26 O9,23,26,9,,,,,
616,445.1356595,445.1353307,445.1351497,10081931.33,370443.4132,17.89281755,-1,0.406444708,0.399411613,0,0.239646968,7,1.368421053,0.631578947,O12,de-protonated,0,,C19 H26 O12,19,26,12,,,,,
618,445.1178017,445.117473,445.1173917,5419834.346,463073.0166,9.618802581,-1,0.182590807,0.830922371,0,0.498553423,7,1.368421053,0.526315789,S1 O10,de-protonated,0,,C19 H26 O10 S1,19,26,10,1,,,,
619,445.1143824,445.1140536,445.1140204,20378845.65,463076.2664,36.16717423,-1,0.074702369,0.969473182,0,0.581683909,12,1,0.454545455,O10,de-protonated,0,,C22 H22 O10,22,22,10,,,,,
620,445.0989998,445.0986711,445.0987642,14701202.94,463092.2665,26.09082856,-1,-0.209286784,0.784005962,0,0.470403577,8,1.222222222,0.722222222,O13,de-protonated,0,,C18 H22 O13,18,22,13,,,,,
621,445.0908777,445.090549,445.0903891,8139984.417,463101.0165,14.44636462,-1,0.359209315,0.488292469,0,0.292975481,21,0.620689655,0.103448276,S1 O3,de-protonated,0,,C29 H18 O3 S1,29,18,3,1,,,,
622,445.0778024,445.0774737,445.0776349,24293582.63,463114.2666,43.11481873,-1,-0.362145818,0.241289932,0.813795486,0.470292153,13,0.857142857,0.523809524,O11,de-protonated,0,,C21 H18 O11,21,18,11,,,,,
623,445.0625681,445.0622394,445.0623787,16269118.35,463130.5165,28.87347243,-1,-0.313095825,0.580070559,0,0.348042335,9,1.058823529,0.823529412,O14,de-protonated,0,,C17 H18 O14,17,18,14,,,,,
624,445.0415393,445.0412106,445.0412494,15612875.82,463152.0165,27.70881187,-1,-0.087127672,0.958703424,0,0.575222054,14,0.7,0.6,O12,de-protonated,0,,C20 H14 O12,20,14,12,,,,,
625,445.0391395,445.0388108,445.0387474,7543499.949,463154.5167,13.38775914,-1,0.142422416,0.893427855,0,0.536056713,18,0.583333333,0.291666667,S1 O7,de-protonated,0,,C24 H14 O7 S1,24,14,7,1,,,,
626,444.1149491,444.1146215,444.1147486,5506280.945,371294.8132,9.77222291,-1,-0.286320599,0.634167867,0,0.38050072,8,1.277777778,0.666666667,N1 O12,de-protonated,0,,C18 H23 O12 N1,18,23,12,,1,,,
627,443.2783139,443.2779874,443.2777959,8458696.036,464994.2665,15.01199521,-1,0.431842669,0.354855381,0,0.212913228,12,1.290322581,0,S1,de-protonated,0,,C31 H40 S1,31,40,,1,,,,
628,443.2079787,443.2076522,443.2075268,7413576.36,372054.6132,13.15717841,-1,0.282892678,0.641079705,0,0.384647823,10,1.28,0.28,O7,de-protonated,0,,C25 H32 O7,25,32,7,,,,,
629,443.1926602,443.1923338,443.1922707,7958702.113,465084.5165,14.12463547,-1,0.142277817,0.893632212,0,0.536179327,6,1.523809524,0.476190476,O10,de-protonated,0,,C21 H32 O10,21,32,10,,,,,
631,443.1714797,443.1711532,443.1711413,14297969.01,465106.7664,25.37519276,-1,0.026877487,0.995994713,0,0.597596828,11,1.166666667,0.333333333,O8,de-protonated,0,,C24 H28 O8,24,28,8,,,,,
632,443.1561628,443.1558364,443.1558852,21105184.18,465122.5165,37.45623706,-1,-0.110064302,0.934913903,0,0.560948342,7,1.4,0.55,O11,de-protonated,0,,C20 H28 O11,20,28,11,,,,,
634,443.1383453,443.1380189,443.1381271,7682851.679,465141.5166,13.63507237,-1,-0.2442394,0.717914417,0,0.43074865,7,1.4,0.45,S1 O9,de-protonated,0,,C20 H28 O9 S1,20,28,9,1,,,,
635,443.1349454,443.1346189,443.1347558,16572346.67,465144.7665,29.41162419,-1,-0.308877633,0.588587337,0,0.353152402,12,1.043478261,0.391304348,O9,de-protonated,0,,C23 H24 O9,23,24,9,,,,,
636,443.1294029,443.1290765,443.1288826,5710601.559,372120.6133,10.13483909,-1,0.437542427,0.345219681,0,0.207131809,21,0.666666667,0.133333333,O4,de-protonated,0,,C30 H20 O4,30,20,4,,,,,
637,443.1196807,443.1193543,443.1194997,24169099.46,465160.7666,42.89389332,-1,-0.327980098,0.275060683,0.828487691,0.496431486,8,1.263157895,0.631578947,O12,de-protonated,0,,C19 H24 O12,19,24,12,,,,,
638,443.1116244,443.111298,443.1111245,13841559.26,465169.2665,24.56518363,-1,0.391576857,0.426626285,0,0.255975771,21,0.666666667,0.066666667,S1 O2,de-protonated,0,,C30 H20 O2 S1,30,20,2,1,,,,
639,443.1019337,443.1016073,443.1017416,5625182.266,465179.7665,9.983241967,-1,-0.303114204,0.600234685,0,0.360140811,8,1.263157895,0.526315789,S1 O10,de-protonated,0,,C19 H24 O10 S1,19,24,10,1,,,,
640,443.0986633,443.0983369,443.0983703,20055876.1,372146.4133,35.59398692,-1,-0.075294173,0.968995196,0,0.581397118,13,0.909090909,0.454545455,O10,de-protonated,0,,C22 H20 O10,22,20,10,,,,,
641,443.0834658,443.0831395,443.0831142,22584368.94,465198.7666,40.081407,-1,0.057063191,0.982072599,0,0.589243559,9,1.111111111,0.722222222,O13,de-protonated,0,,C18 H20 O13,18,20,13,,,,,
642,443.0624981,443.0621718,443.0619848,15266448.04,372176.8132,27.09399226,-1,0.422121713,0.371604064,0,0.222962438,14,0.761904762,0.523809524,O11,de-protonated,0,,C21 H16 O11,21,16,11,,,,,
644,443.0260868,443.0257605,443.0255993,5902063.537,372207.4133,10.47463453,-1,0.363948226,0.479083916,0,0.28745035,15,0.6,0.6,O12,de-protonated,0,,C20 H12 O12,20,12,12,,,,,
645,442.2566307,442.2563053,442.2561178,9683879.182,372855.0132,17.18637806,-1,0.424084453,0.368190997,0.944172674,0.598583668,0,2.210526316,0.421052632,13C1 S1 O8,de-protonated,1,650,C19 H42 O8 S1 13C1,19,42,8,1,,1,,
646,442.1801376,442.1798124,442.1799755,6979411.576,466149.5166,12.38664834,-1,-0.368889311,0.469542602,0.960897821,0.66608469,7,1.5,0.5,13C1 O10,de-protonated,1,654,C20 H30 O10 13C1,20,30,10,,,1,,
647,442.1720364,442.1717111,442.1718696,5559569.259,466158.0164,9.866795869,-1,-0.358376766,0.489915818,0,0.293949491,7,1.45,0.5,N1 O10,de-protonated,0,,C20 H29 O10 N1,20,29,10,,1,,,
648,442.1439115,442.1435863,442.14359,7378056.937,466187.7666,13.09414063,-1,-0.008368422,0.999611017,0.97604673,0.990185302,8,1.368421053,0.578947368,13C1 O11,de-protonated,1,657,C19 H26 O11 13C1,19,26,11,,,1,,
649,442.1358505,442.1355253,442.1354841,6038477.431,372956.8133,10.71673387,-1,0.09326434,0.952825461,0,0.571695276,8,1.315789474,0.578947368,N1 O11,de-protonated,0,,C19 H25 O11 N1,19,25,11,,1,,,
650,441.2530073,441.2526832,441.252763,68984930.52,373703.0132,122.4303891,-1,-0.180850995,0.60101872,0.944172674,0.738280302,0,2.1,0.4,S1 O8,de-protonated,0,,C20 H42 O8 S1,20,42,8,1,,,,
651,441.213148,441.2128239,441.2130061,10021739.24,467170.7667,17.78599218,-1,-0.413009793,0.387650742,0,0.232590445,6,1.545454545,0.409090909,O9,de-protonated,0,,C22 H34 O9,22,34,9,,,,,
653,441.192138,441.191814,441.1918768,5521009.721,467193.0165,9.798362675,-1,-0.142368627,0.893503891,0,0.536102335,11,1.2,0.28,O7,de-protonated,0,,C25 H30 O7,25,30,7,,,,,
654,441.1770191,441.1766951,441.1766206,23997970.78,467209.0165,42.59018422,-1,0.168747575,0.661611423,0.960897821,0.781325982,7,1.428571429,0.476190476,O10,de-protonated,0,,C21 H30 O10,21,30,10,,,,,
656,441.1560147,441.1556906,441.1554913,5362370.45,373785.2132,9.516819045,-1,0.451913107,0.32155526,0,0.192933156,12,1.083333333,0.333333333,O8,de-protonated,0,,C24 H26 O8,24,26,8,,,,,
657,441.1407618,441.1404378,441.1402351,28989014.43,467247.7664,51.44799436,-1,0.459347272,0.654644582,0.97604673,0.783205441,8,1.3,0.55,O11,de-protonated,0,,C20 H26 O11,20,26,11,,,,,
659,441.1195683,441.1192443,441.1191058,7757812.268,467270.2666,13.76810801,-1,0.314015361,0.578215206,0,0.346929124,13,0.956521739,0.391304348,O9,de-protonated,0,,C23 H22 O9,23,22,9,,,,,
660,441.1041546,441.1038306,441.1038496,29197437.03,467286.2664,51.8178905,-1,-0.043131008,0.494859156,0.828487691,0.62831057,9,1.157894737,0.631578947,O12,de-protonated,0,,C19 H22 O12,19,22,12,,,,,
661,441.1017982,441.1014742,441.1013477,10118550.6,467288.7665,17.95780727,-1,0.286806439,0.633187609,0,0.379912566,13,0.956521739,0.304347826,S1 O7,de-protonated,0,,C23 H22 O7 S1,23,22,7,1,,,,
662,441.0959973,441.0956733,441.0954745,8102941.703,467295.2664,14.38062339,-1,0.450801353,0.32335311,0,0.194011866,22,0.6,0.066666667,S1 O2,de-protonated,0,,C30 H18 O2 S1,30,18,2,1,,,,
663,441.0828978,441.0825739,441.0827202,16073193.57,467308.7666,28.52575668,-1,-0.331810103,0.542452233,0,0.32547134,14,0.818181818,0.454545455,O10,de-protonated,0,,C22 H18 O10,22,18,10,,,,,
664,441.0676426,441.0673186,441.0674641,35323809.4,467325.2666,62.69061512,-1,-0.329774471,0.273263015,0.836034544,0.498371626,10,1,0.722222222,O13,de-protonated,0,,C18 H18 O13,18,18,13,,,,,
665,441.0465986,441.0462747,441.0463347,11914440.7,467347.5165,21.14504718,-1,-0.136110117,0.902197322,0,0.541318393,15,0.666666667,0.523809524,O11,de-protonated,0,,C21 H14 O11,21,14,11,,,,,
666,441.04419,441.0438661,441.0438328,5644673.363,467349.7665,10.01783362,-1,0.075488908,0.96883714,0,0.581302284,19,0.56,0.24,S1 O6,de-protonated,0,,C25 H14 O6 S1,25,14,6,1,,,,
667,441.0314415,441.0311176,441.0310786,8278670.907,467363.2666,14.69249723,-1,0.088504306,0.957416532,0,0.574449919,11,0.823529412,0.823529412,O14,de-protonated,0,,C17 H14 O14,17,14,14,,,,,
668,440.1647256,440.1644028,440.1643254,10297207.84,468283.5165,18.27487761,-1,0.175788301,0.842252736,0.962291564,0.890268267,8,1.4,0.5,13C1 O10,de-protonated,1,675,C20 H28 O10 13C1,20,28,10,,,1,,
669,440.1281046,440.1277818,440.1279399,10874149,468322.5164,19.29879877,-1,-0.359156514,0.488395375,0.95979816,0.676956489,9,1.263157895,0.578947368,13C1 O11,de-protonated,1,677,C19 H24 O11 13C1,19,24,11,,,1,,
670,440.1199973,440.1196745,440.119834,7051138.356,468331.5164,12.5139448,-1,-0.362530125,0.481833788,0,0.289100273,9,1.210526316,0.578947368,N1 O11,de-protonated,0,,C19 H23 O11 N1,19,23,11,,1,,,
671,440.091778,440.0914552,440.0915544,6937020.025,468361.5165,12.31141431,-1,-0.225289489,0.754293154,0.961365478,0.837122084,10,1.111111111,0.666666667,13C1 O12,de-protonated,1,680,C18 H20 O12 13C1,18,20,12,,,1,,
673,439.1975881,439.1972664,439.1973561,24462604.03,469314.7664,43.41478794,-1,-0.204158241,0.396648016,0.806643077,0.560646041,7,1.454545455,0.409090909,O9,de-protonated,0,,C22 H32 O9,22,32,9,,,,,
675,439.1611692,439.1608476,439.1609706,59046090.5,469354.0166,104.7915216,-1,-0.280100522,0.744477798,0.962291564,0.831603304,8,1.333333333,0.476190476,O10,de-protonated,0,,C21 H28 O10,21,28,10,,,,,
676,439.1531284,439.1528068,439.1525954,14927872.53,469362.2666,26.49310839,-1,0.481274154,0.138075908,0.741475186,0.379435619,21,0.75,0,S1,de-protonated,0,,C32 H24 S1,32,24,,1,,,,
677,439.1249929,439.1246712,439.1245851,38750954.45,375514.0132,68.77291018,-1,0.196282411,0.647856664,0.95979816,0.772633262,9,1.2,0.55,O11,de-protonated,0,,C20 H24 O11,20,24,11,,,,,
679,439.1039888,439.1036673,439.1034557,5536096.365,469414.7668,9.825137561,-1,0.481830494,0.275331006,0,0.165198603,14,0.869565217,0.391304348,O9,de-protonated,0,,C23 H20 O9,23,20,9,,,,,
680,439.0887147,439.0883931,439.0881995,26073327.86,375545.0132,46.27340567,-1,0.44082022,0.547017495,0.961365478,0.712756688,10,1.052631579,0.631578947,O12,de-protonated,0,,C19 H20 O12,19,20,12,,,,,
681,439.0674678,439.0671463,439.0670702,11032503.93,375563.2132,19.57983778,-1,0.173306781,0.846316017,0,0.50778961,15,0.727272727,0.454545455,O10,de-protonated,0,,C22 H16 O10,22,16,10,,,,,
682,439.0520647,439.0517432,439.051814,27954715.76,469470.2666,49.61238204,-1,-0.161349389,0.432670663,0.836034544,0.594016216,11,0.888888889,0.722222222,O13,de-protonated,0,,C18 H16 O13,18,16,13,,,,,
683,439.0308314,439.0305099,439.0306847,6850225.117,469493.0165,12.15737582,-1,-0.397983283,0.414804358,0,0.248882615,16,0.571428571,0.523809524,O11,de-protonated,0,,C21 H12 O11,21,12,11,,,,,
684,438.1855262,438.1852057,438.1850608,9167792.05,470399.0164,16.27045703,-1,0.330623764,0.54482573,0.94533653,0.70503005,8,1.428571429,0.428571429,13C1 O9,de-protonated,1,690,C21 H30 O9 13C1,21,30,9,,,1,,
685,438.1490879,438.1487675,438.1486753,11878716.21,376350.4133,21.08164546,-1,0.210307363,0.782142989,0.974096121,0.858924242,9,1.3,0.5,13C1 O10,de-protonated,1,692,C20 H26 O10 13C1,20,26,10,,,1,,
686,438.1124848,438.1121644,438.1122898,9383998.215,470477.5163,16.65416699,-1,-0.286186869,0.634437662,0.957485348,0.763656736,10,1.157894737,0.578947368,13C1 O11,de-protonated,1,694,C19 H22 O11 13C1,19,22,11,,,1,,
687,438.1044025,438.1040822,438.104184,5737218.075,470485.7665,10.18207652,-1,-0.232380765,0.740814846,0,0.444488908,10,1.105263158,0.578947368,N1 O11,de-protonated,0,,C19 H21 O11 N1,19,21,11,,1,,,
688,438.0761209,438.0758006,438.0759043,6430989.167,470516.5166,11.41334057,-1,-0.236806403,0.732318021,0.99610505,0.837832833,11,1,0.666666667,13C1 O12,de-protonated,1,695,C18 H18 O12 13C1,18,18,12,,,1,,
689,437.2184504,437.2181311,437.2180915,13338822.84,471439.5164,23.67295665,-1,0.090501065,0.955517252,0,0.573310351,7,1.47826087,0.347826087,O8,de-protonated,0,,C23 H34 O8,23,34,8,,,,,
690,437.1818743,437.181555,437.181706,56933324.38,471479.0164,101.0419088,-1,-0.345360546,0.53015904,0.94533653,0.696230036,8,1.363636364,0.409090909,O9,de-protonated,0,,C22 H30 O9,22,30,9,,,,,
692,437.1456174,437.1452982,437.1453205,62224023.25,471518.0165,110.4315293,-1,-0.0510425,0.883886571,0.974096121,0.919970391,9,1.238095238,0.476190476,O10,de-protonated,0,,C21 H26 O10,21,26,10,,,,,
694,437.1094108,437.1090916,437.108935,32993394.11,471556.7664,58.55473141,-1,0.358251913,0.562298533,0.957485348,0.720373259,10,1.1,0.55,O11,de-protonated,0,,C20 H22 O11,20,22,11,,,,,
695,437.0729398,437.0726206,437.0725495,30232197.81,377277.0132,53.65432295,-1,0.162739604,0.797748022,0.99610505,0.877090833,11,0.947368421,0.631578947,O12,de-protonated,0,,C19 H18 O12,19,18,12,,,,,
696,437.0517376,437.0514185,437.0514201,6838048.359,471619.0165,12.13576523,-1,-0.003780068,0.99992062,0,0.599952372,16,0.636363636,0.454545455,O10,de-protonated,0,,C22 H14 O10,22,14,10,,,,,
697,437.0364212,437.0361021,437.036164,17490159.78,471635.5166,31.04050481,-1,-0.141544456,0.894666167,0,0.5367997,12,0.777777778,0.722222222,O13,de-protonated,0,,C18 H14 O13,18,14,13,,,,,
698,437.0339975,437.0336783,437.0336621,9762368.999,471638.5165,17.32567716,-1,0.037261586,0.992316196,0,0.595389717,16,0.636363636,0.363636364,S1 O8,de-protonated,0,,C22 H14 O8 S1,22,14,8,1,,,,
699,436.2061555,436.2058374,436.2057963,6898034.196,472533.2664,12.24222456,-1,0.094287637,0.951810071,0.964206124,0.956768492,8,1.454545455,0.363636364,13C1 O8,de-protonated,1,705,C22 H32 O8 13C1,22,32,8,,,1,,
701,436.1333319,436.1330139,436.1330253,9832587.798,472612.5164,17.45029734,-1,-0.026177839,0.996200131,0.984724981,0.991610071,10,1.2,0.5,13C1 O10,de-protonated,1,709,C20 H24 O10 13C1,20,24,10,,,1,,
702,436.0967987,436.0964807,436.0966398,7809400.687,472651.7665,13.85966409,-1,-0.364634185,0.477755565,0.953357118,0.667996186,11,1.052631579,0.578947368,13C1 O11,de-protonated,1,710,C19 H20 O11 13C1,19,20,11,,,1,,
703,436.0887119,436.0883939,436.0885339,6168947.741,472660.5168,10.94828489,-1,-0.32101479,0.564111839,0,0.338467104,11,1,0.578947368,N1 O11,de-protonated,0,,C19 H19 O11 N1,19,19,11,,1,,,
704,435.2392557,435.2389387,435.238827,6759582.698,473583.0166,11.996509,-1,0.256753919,0.693338788,0,0.416003273,7,1.5,0.291666667,O7,de-protonated,0,,C24 H36 O7,24,36,7,,,,,
705,435.2026187,435.2023018,435.2024415,35012164.27,378898.4131,62.13752571,-1,-0.320983349,0.757992586,0.964206124,0.840478001,8,1.391304348,0.347826087,O8,de-protonated,0,,C23 H32 O8,23,32,8,,,,,
706,435.1792264,435.1789095,435.1788102,5237205.009,473648.2665,9.294682797,-1,0.228254202,0.748679464,0,0.449207679,17,0.933333333,0.033333333,S1 O1,de-protonated,0,,C30 H28 O1 S1,30,28,1,1,,,,
707,435.1662235,435.1659066,435.1660559,72710689.42,473662.7665,129.0426464,-1,-0.343159955,0.259924914,0.806643077,0.478612179,9,1.272727273,0.409090909,O9,de-protonated,0,,C22 H28 O9,22,28,9,,,,,
709,435.1301519,435.129835,435.1296704,38969330.94,473701.7666,69.16047192,-1,0.378270603,0.723904922,0.984724981,0.828232945,10,1.142857143,0.476190476,O10,de-protonated,0,,C21 H24 O10,21,24,10,,,,,
710,435.0937654,435.0934486,435.0932849,26811799.31,378993.2132,47.58400127,-1,0.37622167,0.466630283,0.953357118,0.661321017,11,1,0.55,O11,de-protonated,0,,C20 H20 O11,20,20,11,,,,,
711,435.0724312,435.0721144,435.0721556,6313911.023,473764.5166,11.20555718,-1,-0.094566599,0.951531532,0,0.570918919,16,0.695652174,0.391304348,O9,de-protonated,0,,C23 H16 O9,23,16,9,,,,,
712,435.0570624,435.0567456,435.0568994,35278769.43,473781.2663,62.61068085,-1,-0.353523263,0.249705445,0.828487691,0.481218343,12,0.842105263,0.631578947,O12,de-protonated,0,,C19 H16 O12,19,16,12,,,,,
713,435.0546594,435.0543427,435.0543975,7695961.235,473784.2665,13.65833844,-1,-0.125976082,0.915608399,0,0.54936504,16,0.695652174,0.304347826,S1 O7,de-protonated,0,,C23 H16 O7 S1,23,16,7,1,,,,
714,435.0207266,435.0204099,435.0205139,8306622.656,473821.2665,14.74210434,-1,-0.239153039,0.727788043,0,0.436672826,13,0.666666667,0.722222222,O13,de-protonated,0,,C18 H12 O13,18,12,13,,,,,
715,435.0183183,435.0180016,435.018012,9161873.55,473823.5165,16.25995322,-1,-0.023983832,0.996809411,0,0.598085647,17,0.545454545,0.363636364,S1 O8,de-protonated,0,,C22 H12 O8 S1,22,12,8,1,,,,
716,434.1905883,434.1902725,434.1901462,7388698.635,474726.7665,13.11302689,-1,0.290918698,0.624885303,0.961196543,0.759409799,9,1.363636364,0.363636364,13C1 O8,de-protonated,1,721,C22 H30 O8 13C1,22,30,8,,,1,,
717,434.1646107,434.164295,434.1642823,6215164.887,474755.5165,11.03030835,-1,0.029217195,0.995268758,0,0.597161255,9,1.318181818,0.272727273,N1 S1 O6,de-protonated,0,,C22 H29 O6 S1 N1,22,29,6,1,1,,,
718,434.1540186,434.1537029,434.1537607,11988780.06,474766.7666,21.2769803,-1,-0.133171328,0.906172522,0.956384539,0.926257329,10,1.238095238,0.428571429,13C1 O9,de-protonated,1,723,C21 H26 O9 13C1,21,26,9,,,1,,
719,434.117556,434.1172404,434.1173752,7892645.972,474807.0165,14.00740292,-1,-0.310607032,0.585094549,0.966318123,0.737583978,11,1.1,0.5,13C1 O10,de-protonated,1,725,C20 H22 O10 13C1,20,22,10,,,1,,
720,433.2233424,433.2230278,433.2231769,16344238.28,475787.0165,29.00679086,-1,-0.344097144,0.517992985,0,0.310795791,8,1.416666667,0.291666667,O7,de-protonated,0,,C24 H34 O7,24,34,7,,,,,
721,433.1870555,433.1867409,433.1867914,38338753.22,475826.5166,68.04135973,-1,-0.116494508,0.776131535,0.961196543,0.850157539,9,1.304347826,0.347826087,O8,de-protonated,0,,C23 H30 O8,23,30,8,,,,,
723,433.1508908,433.1505763,433.1504059,38602685.03,475866.2667,68.50977035,-1,0.393473381,0.664642264,0.956384539,0.781339174,10,1.181818182,0.409090909,O9,de-protonated,0,,C22 H26 O9,22,26,9,,,,,
725,433.1143869,433.1140725,433.1140204,28001553.47,475906.7665,49.69550683,-1,0.120345689,0.753892449,0.966318123,0.838862719,11,1.047619048,0.476190476,O10,de-protonated,0,,C21 H22 O10,21,22,10,,,,,
726,433.0989867,433.0986723,433.0987642,6803718.536,475923.2665,12.07483868,-1,-0.212379188,0.778346963,0,0.467008178,7,1.294117647,0.764705882,O13,de-protonated,0,,C17 H22 O13,17,22,13,,,,,
727,433.0908829,433.0905685,433.0903891,8134217.565,475932.5165,14.43612995,-1,0.414192513,0.385549471,0,0.231329683,20,0.642857143,0.107142857,S1 O3,de-protonated,0,,C28 H18 O3 S1,28,18,3,1,,,,
728,433.0777717,433.0774573,433.0776349,34543133.44,475947.0167,61.30511745,-1,-0.41001448,0.196498195,0.821075868,0.446329264,12,0.9,0.55,O11,de-protonated,0,,C20 H18 O11,20,18,11,,,,,
729,433.0625079,433.0621935,433.0623787,9623378.302,475963.7665,17.07900466,-1,-0.427641213,0.362046228,0,0.217227737,8,1.125,0.875,O14,de-protonated,0,,C16 H18 O14,16,18,14,,,,,
730,433.0544428,433.0541284,433.0540036,5571827.948,475972.2665,9.888551868,-1,0.288311622,0.630149788,0,0.378089873,21,0.518518519,0.148148148,S1 O4,de-protonated,0,,C27 H14 O4 S1,27,14,4,1,,,,
731,433.0415397,433.0412254,433.0412494,19814955.04,475986.7665,35.16641442,-1,-0.055344998,0.983126923,0,0.589876154,13,0.736842105,0.631578947,O12,de-protonated,0,,C19 H14 O12,19,14,12,,,,,
732,433.039142,433.0388277,433.0387474,8174834.19,380791.4132,14.50821394,-1,0.185271164,0.8263832,0,0.49582992,17,0.608695652,0.304347826,S1 O7,de-protonated,0,,C23 H14 O7 S1,23,14,7,1,,,,
733,432.1746741,432.1743608,432.1744962,8398132.682,476941.5165,14.90451094,-1,-0.313315598,0.579627075,0.986904662,0.74253811,10,1.272727273,0.363636364,13C1 O8,de-protonated,1,737,C22 H28 O8 13C1,22,28,8,,,1,,
734,432.1384667,432.1381534,432.1381107,7213771.28,476981.5165,12.80257613,-1,0.098901565,0.947108353,0.987936267,0.963439518,11,1.142857143,0.428571429,13C1 O9,de-protonated,1,741,C21 H24 O9 13C1,21,24,9,,,1,,
735,431.2079403,431.2076281,431.2075268,13750955.78,478010.7665,24.40438591,-1,0.234926216,0.735935406,0,0.441561243,9,1.333333333,0.291666667,O7,de-protonated,0,,C24 H32 O7,24,32,7,,,,,
737,431.1713986,431.1710864,431.1711413,30941061.2,478051.2666,54.91237192,-1,-0.127328884,0.74674703,0.986904662,0.842810083,10,1.217391304,0.347826087,O8,de-protonated,0,,C23 H28 O8,23,28,8,,,,,
738,431.1560709,431.1557587,431.1558852,9981313.444,478068.2665,17.71424685,-1,-0.293296004,0.620082321,0,0.372049393,6,1.473684211,0.578947368,O11,de-protonated,0,,C19 H28 O11,19,28,11,,,,,
739,431.1479924,431.1476803,431.14751,19984409.69,478077.2665,35.46715254,-1,0.394947081,0.210194813,0.753652554,0.427577909,19,0.8,0.033333333,S1 O1,de-protonated,0,,C30 H24 O1 S1,30,24,1,1,,,,
740,431.1383076,431.1379955,431.1381271,7764665.739,478088.0165,13.78027115,-1,-0.30529419,0.595828137,0,0.357496882,6,1.473684211,0.473684211,S1 O9,de-protonated,0,,C19 H28 O9 S1,19,28,9,1,,,,
741,431.134939,431.1346269,431.1347558,32576864.48,478091.7666,57.81549917,-1,-0.299062532,0.777767175,0.987936267,0.861834812,11,1.090909091,0.409090909,O9,de-protonated,0,,C22 H24 O9,22,24,9,,,,,
743,431.1197346,431.1194226,431.1194997,11915200.95,478108.2666,21.14639642,-1,-0.178877933,0.837140919,0,0.502284551,7,1.333333333,0.666666667,O12,de-protonated,0,,C18 H24 O12,18,24,12,,,,,
745,431.098729,431.098417,431.0983703,22082458.02,478131.5164,39.19064507,-1,0.108246353,0.468488773,0.813795486,0.606611458,12,0.952380952,0.476190476,O10,de-protonated,0,,C21 H20 O10,21,20,10,,,,,
746,431.083584,431.083272,431.0831142,14096818.01,382518.8132,25.01820181,-1,0.366096237,0.474928309,0,0.284956985,8,1.176470588,0.764705882,O13,de-protonated,0,,C17 H20 O13,17,20,13,,,,,
747,431.0624498,431.0621378,431.0619848,19085605.68,382537.6133,33.87200816,-1,0.35486749,0.496775877,0,0.298065526,13,0.8,0.55,O11,de-protonated,0,,C20 H16 O11,20,16,11,,,,,
748,431.0471989,431.0468869,431.0467287,9206855.815,478189.0165,16.3397851,-1,0.36703307,0.473119594,0,0.283871757,9,1,0.875,O14,de-protonated,0,,C16 H16 O14,16,16,14,,,,,
749,431.0258832,431.0255712,431.0255993,8600198.785,382570.0132,15.26312595,-1,-0.065165036,0.976684539,0,0.586010723,14,0.631578947,0.631578947,O12,de-protonated,0,,C19 H12 O12,19,12,12,,,,,
750,431.0234324,431.0231204,431.0230974,8202064.46,382572.2132,14.55654062,-1,0.053497424,0.984225878,0,0.590535527,18,0.52173913,0.304347826,S1 O7,de-protonated,0,,C23 H12 O7 S1,23,12,7,1,,,,
751,430.1357579,430.135447,430.1354841,5917243.886,479202.0165,10.50157572,-1,-0.08624645,0.959517502,0,0.575710501,7,1.388888889,0.611111111,N1 O11,de-protonated,0,,C18 H25 O11 N1,18,25,11,,1,,,
753,430.0992802,430.0989693,430.0990986,6560825.351,383394.2133,11.64376617,-1,-0.300595792,0.605326107,0,0.363195664,8,1.235294118,0.705882353,N1 O12,de-protonated,0,,C17 H21 O12 N1,17,21,12,,1,,,
754,429.1922952,429.1919854,429.1918768,10718154.9,384204.4132,19.02194965,-1,0.253146931,0.700459512,0,0.420275707,10,1.25,0.291666667,O7,de-protonated,0,,C24 H30 O7,24,30,7,,,,,
755,429.1770843,429.1767745,429.1766206,10816381.84,384218.0132,19.19627702,-1,0.358518459,0.489639423,0,0.293783654,6,1.5,0.5,O10,de-protonated,0,,C20 H30 O10,20,30,10,,,,,
757,429.1559303,429.1556205,429.1554913,14504492.92,384237.0132,25.74171923,-1,0.301205401,0.60409363,0,0.362456178,11,1.130434783,0.347826087,O8,de-protonated,0,,C23 H26 O8,23,26,8,,,,,
758,429.1406158,429.140306,429.1402351,21492853.95,480313.5166,38.14425051,-1,0.16522757,0.859273942,0,0.515564365,7,1.368421053,0.578947368,O11,de-protonated,0,,C19 H26 O11,19,26,11,,,,,
760,429.1227154,429.1224057,429.1224771,8251406.465,480333.2664,14.6441099,-1,-0.166231442,0.857686982,0,0.514612189,7,1.368421053,0.473684211,S1 O9,de-protonated,0,,C19 H26 O9 S1,19,26,9,1,,,,
761,429.1193429,429.1190332,429.1191058,16472953.58,480337.0164,29.2352272,-1,-0.169183835,0.852981337,0,0.511788802,12,1,0.409090909,O9,de-protonated,0,,C22 H22 O9,22,22,9,,,,,
762,429.1040237,429.103714,429.1038496,24331387.12,480354.5164,43.18191191,-1,-0.316058447,0.574094773,0,0.344456864,8,1.222222222,0.666666667,O12,de-protonated,0,,C18 H22 O12,18,22,12,,,,,
763,429.0959479,429.0956383,429.0954745,14691836.1,480363.5165,26.07420486,-1,0.381729193,0.445062806,0,0.267037684,21,0.620689655,0.068965517,S1 O2,de-protonated,0,,C29 H18 O2 S1,29,18,2,1,,,,
764,429.0829201,429.0826104,429.0827202,20888312.71,480377.7665,37.07134635,-1,-0.255914588,0.694998231,0,0.416998939,13,0.857142857,0.476190476,O10,de-protonated,0,,C21 H18 O10,21,18,10,,,,,
765,429.0677102,429.0674005,429.0674641,26871021.54,480394.7665,47.6891054,-1,-0.148151145,0.885203635,0,0.531122181,9,1.058823529,0.764705882,O13,de-protonated,0,,C17 H18 O13,17,18,13,,,,,
766,429.0467311,429.0464215,429.0463347,13610158.04,384334.8133,24.15450638,-1,0.202128943,0.796938006,0,0.478162803,14,0.7,0.55,O11,de-protonated,0,,C20 H14 O11,20,14,11,,,,,
767,429.0443222,429.0440126,429.0438328,5578452.462,480421.0163,9.900308666,-1,0.419010027,0.377046947,0,0.226228168,18,0.583333333,0.25,S1 O6,de-protonated,0,,C24 H14 O6 S1,24,14,6,1,,,,
768,429.0315709,429.0312613,429.0310786,6590003.643,480435.2666,11.69555009,-1,0.42586641,0.365105921,0,0.219063553,10,0.875,0.875,O14,de-protonated,0,,C16 H14 O14,16,14,14,,,,,
769,428.1647906,428.164482,428.1643254,7114958.503,385126.4132,12.62720903,-1,0.365772823,0.475553241,0.965714433,0.671617718,7,1.473684211,0.526315789,13C1 O10,de-protonated,1,777,C19 H28 O10 13C1,19,28,10,,,1,,
770,428.1283343,428.1280258,428.1279399,8100165.808,385159.2133,14.3756969,-1,0.20057361,0.7997159,0.992677525,0.87690055,8,1.333333333,0.611111111,13C1 O11,de-protonated,1,780,C18 H24 O11 13C1,18,24,11,,,1,,
771,428.1201553,428.1198468,428.119834,5721057.639,385166.6131,10.15339593,-1,0.029720584,0.995104726,0,0.597062836,8,1.277777778,0.611111111,N1 O11,de-protonated,0,,C18 H23 O11 N1,18,23,11,,1,,,
772,428.0917415,428.091433,428.0915544,6520841.802,481490.0164,11.57280573,-1,-0.283547433,0.639760158,0.985963589,0.77824153,9,1.176470588,0.705882353,13C1 O12,de-protonated,1,784,C17 H20 O12 13C1,17,20,12,,,1,,
773,428.0553728,428.0550644,428.0551689,5744190.753,481531.2665,10.19445122,-1,-0.244093624,0.718198396,0.990581212,0.827151523,10,1,0.8125,13C1 O13,de-protonated,1,788,C16 H16 O13 13C1,16,16,13,,,1,,
774,427.197576,427.1972685,427.1973561,14052819.77,482497.7664,24.94011633,-1,-0.204915996,0.791931074,0,0.475158644,6,1.523809524,0.428571429,O9,de-protonated,0,,C21 H32 O9,21,32,9,,,,,
776,427.1765295,427.1762221,427.1762267,6236334.085,386017.4132,11.0678782,-1,-0.010877033,0.999342939,0,0.599605763,11,1.166666667,0.291666667,O7,de-protonated,0,,C24 H28 O7,24,28,7,,,,,
777,427.1613887,427.1610813,427.1609706,26255749.01,482539.0165,46.59715598,-1,0.259181854,0.582041843,0.965714433,0.735510879,7,1.4,0.5,O10,de-protonated,0,,C20 H28 O10,20,28,10,,,,,
779,427.1402982,427.1399908,427.1398412,7339780.047,482562.5165,13.02620906,-1,0.350249165,0.505845054,0,0.303507032,12,1.043478261,0.347826087,O8,de-protonated,0,,C23 H24 O8,23,24,8,,,,,
780,427.125007,427.1246997,427.1245851,37193963.36,482579.7665,66.00965415,-1,0.268291274,0.735054828,0.992677525,0.838103907,8,1.263157895,0.578947368,O11,de-protonated,0,,C19 H24 O11,19,24,11,,,,,
782,427.1071401,427.1068327,427.106827,7064903.166,482600.0165,12.53837377,-1,0.013449615,0.998995549,0,0.599397329,8,1.263157895,0.473684211,S1 O9,de-protonated,0,,C19 H24 O9 S1,19,24,9,1,,,,
783,427.1037484,427.1034411,427.1034557,10820302.52,482603.7665,19.20323523,-1,-0.034151609,0.993541323,0,0.596124794,13,0.909090909,0.409090909,O9,de-protonated,0,,C22 H20 O9,22,20,9,,,,,
784,427.0884112,427.0881039,427.0881995,36972010.39,482621.5165,65.61574511,-1,-0.223988013,0.698253796,0.985963589,0.813337713,9,1.111111111,0.666666667,O12,de-protonated,0,,C18 H20 O12,18,20,12,,,,,
785,427.0860937,427.0857864,427.0856976,7820918.846,482623.7666,13.88010585,-1,0.207939718,0.786457766,0,0.471874659,13,0.909090909,0.318181818,S1 O7,de-protonated,0,,C22 H20 O7 S1,22,20,7,1,,,,
786,427.0802986,427.0799913,427.0798244,9467768.861,386104.4132,16.8028382,-1,0.390736299,0.428187695,0,0.256912617,22,0.551724138,0.068965517,S1 O2,de-protonated,0,,C29 H16 O2 S1,29,16,2,1,,,,
787,427.0672458,427.0669386,427.0670702,17461016.21,482645.0164,30.9887825,-1,-0.308168896,0.590019093,0,0.354011456,14,0.761904762,0.476190476,O10,de-protonated,0,,C21 H16 O10,21,16,10,,,,,
788,427.0520279,427.0517207,427.051814,33368905.54,482662.2666,59.22116697,-1,-0.218620032,0.742500369,0.990581212,0.841732707,10,0.941176471,0.764705882,O13,de-protonated,0,,C17 H16 O13,17,16,13,,,,,
789,427.0310688,427.0307616,427.0306847,7874176.691,482686.2666,13.97462473,-1,0.180082774,0.835131914,0,0.501079148,15,0.6,0.55,O11,de-protonated,0,,C20 H12 O11,20,12,11,,,,,
791,426.2615464,426.26124,426.2612032,6523529.953,386846.0133,11.5775765,-1,0.086510481,0.959274385,0.99345941,0.972948395,0,2.210526316,0.368421053,13C1 S1 O7,de-protonated,1,798,C19 H42 O7 S1 13C1,19,42,7,1,,1,,
792,426.1853464,426.1850401,426.1850608,6674033.045,483643.7665,11.84468052,-1,-0.048604403,0.986961371,0.995797129,0.990495675,7,1.5,0.45,13C1 O9,de-protonated,1,800,C20 H30 O9 13C1,20,30,9,,,1,,
793,426.1491287,426.1488225,426.1486753,10088764.28,483685.2666,17.90494427,-1,0.34523819,0.5157344,0.990607796,0.705683758,8,1.368421053,0.526315789,13C1 O10,de-protonated,1,802,C19 H26 O10 13C1,19,26,10,,,1,,
794,426.1410554,426.1407492,426.1405695,5234911.38,483694.0166,9.290612201,-1,0.421830474,0.372111839,0,0.223267103,8,1.315789474,0.526315789,N1 O10,de-protonated,0,,C19 H25 O10 N1,19,25,10,,1,,,
795,426.1125994,426.1122932,426.1122898,7647495.238,386981.2133,13.57232385,-1,0.007932209,0.999650506,0.969159301,0.987454024,9,1.222222222,0.611111111,13C1 O11,de-protonated,1,804,C18 H22 O11 13C1,18,22,11,,,1,,
796,426.1044587,426.1041525,426.104184,5998031.176,386988.6131,10.64495224,-1,-0.073775439,0.970214728,0,0.582128837,9,1.166666667,0.611111111,N1 O11,de-protonated,0,,C18 H21 O11 N1,18,21,11,,1,,,
797,426.0760857,426.0757796,426.0759043,8591855.005,387014.4133,15.2483179,-1,-0.292763729,0.621157872,0.993132082,0.769947556,10,1.058823529,0.705882353,13C1 O12,de-protonated,1,808,C17 H18 O12 13C1,17,18,12,,,1,,
798,425.2581194,425.2578142,425.2578483,31319583.72,387758.8132,55.58415137,-1,-0.080223117,0.962075928,0.99345941,0.974629321,0,2.1,0.35,S1 O7,de-protonated,0,,C20 H42 O7 S1,20,42,7,1,,,,
799,425.2182728,425.2179677,425.2180915,8785607.877,484743.7664,15.59217908,-1,-0.291160402,0.624397075,0,0.374638245,6,1.545454545,0.363636364,O8,de-protonated,0,,C22 H34 O8,22,34,8,,,,,
800,425.1820716,425.1817666,425.181706,29996147.05,484785.0165,53.23539396,-1,0.142433326,0.9401869,0.995797129,0.962430992,7,1.428571429,0.428571429,O9,de-protonated,0,,C21 H30 O9,21,30,9,,,,,
802,425.1457816,425.1454766,425.1453205,49420759.64,484826.7666,87.70905162,-1,0.367259281,0.494208799,0.990607796,0.692768398,8,1.3,0.5,O10,de-protonated,0,,C20 H26 O10,20,26,10,,,,,
804,425.1092448,425.1089398,425.108935,46716673.93,387894.6132,82.90999966,-1,0.011411533,0.999463653,0.969159301,0.987341912,9,1.157894737,0.578947368,O11,de-protonated,0,,C19 H22 O11,19,22,11,,,,,
806,425.0913849,425.0910799,425.0911769,5345160.701,484888.7665,9.486276196,-1,-0.228184992,0.74881087,0,0.449286522,9,1.157894737,0.473684211,S1 O9,de-protonated,0,,C19 H22 O9 S1,19,22,9,1,,,,
807,425.0879692,425.0876643,425.0878056,11295866.79,387914.0132,20.04723866,-1,-0.332462976,0.54114684,0,0.324688104,14,0.818181818,0.409090909,O9,de-protonated,0,,C22 H18 O9,22,18,9,,,,,
808,425.072694,425.072389,425.0725495,41701918.25,484909.7665,74.01010683,-1,-0.377449909,0.537163177,0.993132082,0.719550739,10,1,0.666666667,O12,de-protonated,0,,C18 H18 O12,18,18,12,,,,,
809,425.0646219,425.064317,425.0641743,5715270.53,484919.0165,10.14312531,-1,0.335527725,0.535026994,0,0.321016196,23,0.482758621,0.068965517,S1 O2,de-protonated,0,,C29 H14 O2 S1,29,14,2,1,,,,
810,425.0516372,425.0513323,425.0514201,10444096.58,484933.7664,18.53556708,-1,-0.206541845,0.788993331,0,0.473395999,15,0.666666667,0.476190476,O10,de-protonated,0,,C21 H14 O10,21,14,10,,,,,
811,425.0365291,425.0362242,425.036164,16457847.02,484951.0166,29.20841695,-1,0.141666134,0.894494902,0,0.536696941,11,0.823529412,0.764705882,O13,de-protonated,0,,C17 H14 O13,17,14,13,,,,,
812,424.1698486,424.1695448,424.1694108,10057372.8,388753.6132,17.84923251,-1,0.315928019,0.574357732,0.985096128,0.73865309,8,1.4,0.45,13C1 O9,de-protonated,1,820,C20 H28 O9 13C1,20,28,9,,,1,,
813,424.1333496,424.1330458,424.1330253,10569241.29,485983.7663,18.75766654,-1,0.048326092,0.9871093,0.95938234,0.976018516,9,1.263157895,0.526315789,13C1 O10,de-protonated,1,822,C19 H24 O10 13C1,19,24,10,,,1,,
814,424.1252044,424.1249006,424.1249194,5749603.136,485993.0165,10.2040568,-1,-0.044465982,0.989075535,0,0.593445321,9,1.210526316,0.526315789,N1 O10,de-protonated,0,,C19 H23 O10 N1,19,23,10,,1,,,
815,424.0967932,424.0964894,424.0966398,8472970.991,486026.0164,15.03732956,-1,-0.354588538,0.497322365,0.993761174,0.695897888,10,1.111111111,0.611111111,13C1 O11,de-protonated,1,825,C18 H20 O11 13C1,18,20,11,,,1,,
816,424.0887081,424.0884043,424.0885339,7245133.123,486035.2664,12.85823528,-1,-0.305499193,0.595413802,0,0.357248281,10,1.055555556,0.611111111,N1 O11,de-protonated,0,,C18 H19 O11 N1,18,19,11,,1,,,
817,424.0605691,424.0602654,424.0602543,6107517.552,388853.8132,10.83926221,-1,0.026247155,0.99618002,0.97428336,0.987421356,11,0.941176471,0.705882353,13C1 O12,de-protonated,1,827,C17 H16 O12 13C1,17,16,12,,,1,,
818,423.2226416,423.2223389,423.222344,5692088.079,487029.5166,10.10198246,-1,-0.012118515,0.902526387,0.993279929,0.938827804,2,1.9,0.35,34S1 O7,de-protonated,1,836,C20 H38 O7 34S1,20,38,7,,,,1,
819,423.2028178,423.2025151,423.2024415,18632952.61,487052.2666,33.06866617,-1,0.173947418,0.845270693,0,0.507162416,7,1.454545455,0.363636364,O8,de-protonated,0,,C22 H32 O8,22,32,8,,,,,
820,423.1664566,423.1661539,423.1660559,48654449.12,487094.5165,86.34904886,-1,0.23149325,0.658434453,0.985096128,0.789099123,8,1.333333333,0.428571429,O9,de-protonated,0,,C21 H28 O9,21,28,9,,,,,
822,423.1298688,423.1295661,423.1296704,65849751.49,487136.2664,116.8662581,-1,-0.246522214,0.850284652,0.95938234,0.893923727,9,1.2,0.5,O10,de-protonated,0,,C20 H24 O10,20,24,10,,,,,
823,423.1217783,423.1214756,423.1212953,8723640.305,389716.6132,15.48220269,-1,0.426245852,0.364450684,0,0.218670411,22,0.64516129,0,S1,de-protonated,0,,C31 H20 S1,31,20,,1,,,,
824,423.1046968,423.1043942,423.1045183,6098727.532,487165.2665,10.8236622,-1,-0.293307576,0.620058936,0,0.372035362,10,1.111111111,0.555555556,N2 O10,de-protonated,0,,C18 H20 O10 N2,18,20,10,,2,,,
825,423.093487,423.0931844,423.0932849,42793395.73,487178.5163,75.94719673,-1,-0.237641591,0.614015015,0.993761174,0.765913478,10,1.052631579,0.578947368,O11,de-protonated,0,,C19 H20 O11,19,20,11,,,,,
826,423.072542,423.0722394,423.0721556,6853725.075,487202.2665,12.16358734,-1,0.198181338,0.803965335,0,0.482379201,15,0.727272727,0.409090909,O9,de-protonated,0,,C22 H16 O9,22,16,9,,,,,
827,423.0573835,423.057081,423.0568994,26091185.81,487219.7666,46.3050989,-1,0.429195658,0.677778591,0.97428336,0.796380498,11,0.888888889,0.666666667,O12,de-protonated,0,,C18 H16 O12,18,16,12,,,,,
828,423.0208971,423.0205946,423.0205139,5638539.98,487261.7668,10.00694845,-1,0.190817201,0.816862524,0,0.490117514,12,0.705882353,0.764705882,O13,de-protonated,0,,C17 H12 O13,17,12,13,,,,,
829,423.018468,423.0181655,423.018012,6291818.298,389811.8132,11.16634831,-1,0.362891822,0.481131938,0,0.288679163,16,0.571428571,0.380952381,S1 O8,de-protonated,0,,C21 H12 O8 S1,21,12,8,1,,,,
830,422.2303096,422.230008,422.229903,26900856.55,390539.4133,47.74205482,-1,0.248693756,0.805868321,0.993279929,0.880832964,2,2,0.368421053,13C1 S1 O7,de-protonated,1,836,C19 H38 O7 S1 13C1,19,38,7,1,,1,,
831,422.1905878,422.1902863,422.1901462,8196871.135,488220.0167,14.54732381,-1,0.331734597,0.542603241,0.950986029,0.705956356,8,1.428571429,0.380952381,13C1 O8,de-protonated,1,838,C21 H30 O8 13C1,21,30,8,,,1,,
832,422.1539339,422.1536324,422.1537607,16151932.06,488262.7665,28.6654971,-1,-0.30391558,0.598614711,0.986178158,0.75364009,9,1.3,0.45,13C1 O9,de-protonated,1,840,C20 H26 O9 13C1,20,26,9,,,1,,
833,422.1458115,422.1455101,422.1456549,5207431.307,488271.7665,9.241842185,-1,-0.342986823,0.520193022,0,0.312115813,9,1.25,0.45,N1 O9,de-protonated,0,,C20 H25 O9 N1,20,25,9,,1,,,
834,422.1175915,422.1172901,422.1173752,9889078.885,488304.7665,17.5505544,-1,-0.20172255,0.797664979,0.954932986,0.860572182,10,1.157894737,0.526315789,13C1 O10,de-protonated,1,842,C19 H22 O10 13C1,19,22,10,,,1,,
835,422.1095097,422.1092082,422.1092693,5201711.233,488313.7667,9.231690535,-1,-0.144783014,0.890069056,0,0.534041434,10,1.105263158,0.526315789,N1 O10,de-protonated,0,,C19 H21 O10 N1,19,21,10,,1,,,
836,421.2269678,421.2266674,421.2265482,129308462.2,489337.2665,229.489038,-1,0.283010625,0.783078912,0.993279929,0.867159319,2,1.9,0.35,S1 O7,de-protonated,0,,C20 H38 O7 S1,20,38,7,1,,,,
837,421.2235485,421.2232481,421.2231769,8595985.092,391472.8132,15.25564774,-1,0.169035565,0.853219009,0,0.511931405,7,1.47826087,0.304347826,O7,de-protonated,0,,C23 H34 O7,23,34,7,,,,,
838,421.1869411,421.1866408,421.1867914,48590599.38,489383.7665,86.23573211,-1,-0.357610779,0.517007024,0.950986029,0.690598626,8,1.363636364,0.363636364,O8,de-protonated,0,,C22 H30 O8,22,30,8,,,,,
839,421.1636193,421.163319,421.1631601,6263077.72,489410.5165,11.11534123,-1,0.377179705,0.453682121,0,0.272209272,17,0.896551724,0.034482759,S1 O1,de-protonated,0,,C29 H26 O1 S1,29,26,1,1,,,,
840,421.1506478,421.1503475,421.1504059,64597086.91,391540.6131,114.6431028,-1,-0.138660019,0.748653561,0.986178158,0.843663399,9,1.238095238,0.428571429,O9,de-protonated,0,,C21 H26 O9,21,26,9,,,,,
842,421.114505,421.1142048,421.1140204,34260339.79,391574.2132,60.80323194,-1,0.437896351,0.571145468,0.954932986,0.724660475,10,1.1,0.5,O10,de-protonated,0,,C20 H22 O10,20,22,10,,,,,
843,421.0779843,421.0776841,421.0776349,31214910.65,489510.0164,55.39838378,-1,0.117012299,0.463377524,0.828487691,0.609421591,11,0.947368421,0.578947368,O11,de-protonated,0,,C19 H18 O11,19,18,11,,,,,
844,421.0413991,421.0410989,421.0412494,29909890.71,489552.5165,53.08231131,-1,-0.357251835,0.246055913,0.836034544,0.482047366,12,0.777777778,0.666666667,O12,de-protonated,0,,C18 H14 O12,18,14,12,,,,,
845,421.03898,421.0386799,421.0387474,11260754.45,489555.7665,19.98492335,-1,-0.160462193,0.866714992,0,0.520028995,16,0.636363636,0.318181818,S1 O7,de-protonated,0,,C22 H14 O7 S1,22,14,7,1,,,,
846,420.1748789,420.1745798,420.1744962,10071985.04,490562.5167,17.87516546,-1,0.199018276,0.80248191,0.997296292,0.880407662,9,1.333333333,0.380952381,13C1 O8,de-protonated,1,852,C21 H28 O8 13C1,21,28,8,,,1,,
847,420.1385813,420.1382822,420.1381107,7674579.246,392483.8132,13.62039095,-1,0.40826091,0.396141753,0.936735691,0.612379328,10,1.2,0.45,13C1 O9,de-protonated,1,854,C20 H24 O9 13C1,20,24,9,,,1,,
848,420.1018742,420.1015751,420.1017251,7562875.008,490647.7665,13.42214485,-1,-0.357178959,0.492254191,0.974385003,0.685106516,11,1.052631579,0.526315789,13C1 O10,de-protonated,1,857,C19 H20 O10 13C1,19,20,10,,,1,,
849,420.0937322,420.0934332,420.0936193,5842552.278,490657.2665,10.36901746,-1,-0.443027558,0.336079388,0,0.201647633,11,1,0.526315789,N1 O10,de-protonated,0,,C19 H19 O10 N1,19,19,10,,1,,,
850,420.0655272,420.0652282,420.0653396,6190512.231,392552.0133,10.98655627,-1,-0.265267665,0.676429256,0.975331929,0.795990325,12,0.888888889,0.611111111,13C1 O11,de-protonated,1,859,C18 H16 O11 13C1,18,16,11,,,1,,
851,419.208002,419.207704,419.2075268,14332696.03,393355.0132,25.43682423,-1,0.422546015,0.370864907,0,0.222518944,8,1.391304348,0.304347826,O7,de-protonated,0,,C23 H32 O7,23,32,7,,,,,
852,419.1714514,419.1711534,419.1711413,42756838.59,491736.5166,75.88231727,-1,0.028886318,0.898928487,0.997296292,0.938275609,9,1.272727273,0.363636364,O8,de-protonated,0,,C22 H28 O8,22,28,8,,,,,
853,419.1479684,419.1476705,419.14751,14029406.15,491764.0166,24.89856321,-1,0.38277558,0.443089216,0,0.26585353,18,0.827586207,0.034482759,S1 O1,de-protonated,0,,C29 H24 O1 S1,29,24,1,1,,,,
854,419.1348893,419.1345914,419.1347558,54750721.35,491779.7665,97.16835354,-1,-0.392275837,0.410735708,0.936735691,0.621135701,10,1.142857143,0.428571429,O9,de-protonated,0,,C21 H24 O9,21,24,9,,,,,
855,419.1293749,419.129077,419.1288826,8661847.612,491786.2663,15.37253666,-1,0.463866211,0.302583129,0,0.181549877,19,0.714285714,0.142857143,O4,de-protonated,0,,C28 H20 O4,28,20,4,,,,,
857,419.0987325,419.0984346,419.0983703,29412324.16,393457.6133,52.19925952,-1,0.153371877,0.684875062,0.974385003,0.800679038,11,1,0.5,O10,de-protonated,0,,C20 H20 O10,20,20,10,,,,,
858,419.0835558,419.083258,419.0831142,6680579.668,491840.0166,11.85629908,-1,0.343118605,0.51993179,0,0.311959074,7,1.25,0.8125,O13,de-protonated,0,,C16 H20 O13,16,20,13,,,,,
859,419.06244,419.0621422,419.0619848,25364693.31,491864.7666,45.01576283,-1,0.375610543,0.566549228,0.975331929,0.730062308,12,0.842105263,0.578947368,O11,de-protonated,0,,C19 H16 O11,19,16,11,,,,,
860,419.0258682,419.0255704,419.0255993,11197514.88,393526.0132,19.87268949,-1,-0.069044526,0.973863481,0,0.584318089,13,0.666666667,0.666666667,O12,de-protonated,0,,C18 H12 O12,18,12,12,,,,,
861,419.0234192,419.0231214,419.0230974,10749526.54,491910.2667,19.07762618,-1,0.057387432,0.981870152,0,0.589122091,17,0.545454545,0.318181818,S1 O7,de-protonated,0,,C22 H12 O7 S1,22,12,7,1,,,,
863,418.1591222,418.1588254,418.1588461,7528859.292,492927.2664,13.36177576,-1,-0.04942143,0.986522328,0.994188836,0.989588931,10,1.238095238,0.380952381,13C1 O8,de-protonated,1,868,C21 H26 O8 13C1,21,26,8,,,1,,
864,417.2284746,417.2281789,417.2282623,6999095.541,494026.7663,12.42158228,-1,-0.199816507,0.80106383,0,0.480638298,8,1.416666667,0.25,O6,de-protonated,0,,C24 H34 O6,24,34,6,,,,,
865,417.2108415,417.2105458,417.2105042,11421630.94,395238.0132,20.27043746,-1,0.099695969,0.946278593,0,0.567767156,8,1.416666667,0.166666667,S1 O4,de-protonated,0,,C24 H34 O4 S1,24,34,4,1,,,,
866,417.1922718,417.1919762,417.1918768,16205150.65,395255.6132,28.75994634,-1,0.238245033,0.729542832,0,0.437725699,9,1.304347826,0.304347826,O7,de-protonated,0,,C23 H30 O7,23,30,7,,,,,
868,417.1558241,417.1555285,417.1554913,30272675.16,494112.5168,53.72615976,-1,0.089206986,0.971637443,0.994188836,0.980658,10,1.181818182,0.363636364,O8,de-protonated,0,,C22 H26 O8,22,26,8,,,,,
870,417.1404702,417.1401746,417.1402351,10239825.41,494131.0165,18.17303865,-1,-0.145020194,0.889729236,0,0.533837542,6,1.444444444,0.611111111,O11,de-protonated,0,,C18 H26 O11,18,26,11,,,,,
871,417.1323521,417.1320565,417.13186,25167589.7,494140.2666,44.66595496,-1,0.47118567,0.14564705,0.759892473,0.39134522,19,0.75862069,0.034482759,S1 O1,de-protonated,0,,C29 H22 O1 S1,29,22,1,1,,,,
872,417.1226298,417.1223342,417.1224771,6025580.549,494151.7665,10.69384524,-1,-0.342510083,0.521138331,0,0.312682998,6,1.444444444,0.5,S1 O9,de-protonated,0,,C18 H26 O9 S1,18,26,9,1,,,,
873,417.1192688,417.1189732,417.1191058,31029936.71,494155.7664,55.07010294,-1,-0.317676346,0.28541695,0.813795486,0.496768365,11,1.047619048,0.428571429,O9,de-protonated,0,,C21 H22 O9,21,22,9,,,,,
874,417.1137341,417.1134386,417.1132325,9074772.354,395330.0132,16.10537116,-1,0.493943941,0.257831793,0,0.154699076,20,0.642857143,0.142857143,O4,de-protonated,0,,C28 H18 O4,28,18,4,,,,,
875,417.1040372,417.1037417,417.1038496,12761773.79,395339.2133,22.64884401,-1,-0.258728577,0.689429017,0,0.41365741,7,1.294117647,0.705882353,O12,de-protonated,0,,C17 H22 O12,17,22,12,,,,,
877,417.0863671,417.0860716,417.0860915,5798832.798,494194.7665,10.2914267,-1,-0.047911075,0.987328353,0,0.592397012,7,1.294117647,0.588235294,S1 O10,de-protonated,0,,C17 H22 O10 S1,17,22,10,1,,,,
878,417.0830093,417.0827138,417.0827202,24758579.07,494198.7663,43.940067,-1,-0.015531867,0.499330341,0.821075868,0.628028552,12,0.9,0.5,O10,de-protonated,0,,C20 H18 O10,20,18,10,,,,,
879,417.0678616,417.0675661,417.0674641,14659424.74,494217.0165,26.01668308,-1,0.244636574,0.717140408,0,0.430284245,8,1.125,0.8125,O13,de-protonated,0,,C16 H18 O13,16,18,13,,,,,
880,417.0467925,417.0464971,417.0463347,17998883.88,494242.0166,31.94335835,-1,0.389223729,0.431003312,0,0.258601987,13,0.736842105,0.578947368,O11,de-protonated,0,,C19 H14 O11,19,14,11,,,,,
882,417.0078255,417.0075301,417.0074473,5356455.738,395430.4132,9.506321963,-1,0.198588477,0.803244143,0,0.481946486,18,0.454545455,0.318181818,S1 O7,de-protonated,0,,C22 H10 O7 S1,22,10,7,1,,,,
883,416.156438,416.1561435,416.1562195,5324789.821,396239.4131,9.45012316,-1,-0.182635999,0.830846182,0,0.498507709,6,1.5,0.555555556,N1 O10,de-protonated,0,,C18 H27 O10 N1,18,27,10,,1,,,
884,416.1202858,416.1199914,416.119834,5607205.795,495342.5165,9.951338387,-1,0.378298438,0.451556879,0,0.270934127,7,1.352941176,0.647058824,N1 O11,de-protonated,0,,C17 H23 O11 N1,17,23,11,,1,,,
885,415.1766499,415.1763566,415.1762267,11847021.11,496468.2665,21.02539486,-1,0.312904756,0.58045614,0,0.348273684,10,1.217391304,0.304347826,O7,de-protonated,0,,C23 H28 O7,23,28,7,,,,,
886,415.1612978,415.1610045,415.1609706,15228387.74,397189.2134,27.02644508,-1,0.081741999,0.963559675,0,0.578135805,6,1.473684211,0.526315789,O10,de-protonated,0,,C19 H28 O10,19,28,10,,,,,
888,415.1434137,415.1431204,415.1432125,6525409.538,496508.0165,11.58091227,-1,-0.22183283,0.760797691,0,0.456478615,6,1.473684211,0.421052632,S1 O8,de-protonated,0,,C19 H28 O8 S1,19,28,8,1,,,,
889,415.139997,415.1397038,415.1398412,20656135.77,496511.7665,36.65929241,-1,-0.330975399,0.544122023,0,0.326473214,11,1.090909091,0.363636364,O8,de-protonated,0,,C22 H24 O8,22,24,8,,,,,
890,415.1344572,415.1341639,415.133968,8373953.052,496518.7666,14.86159836,-1,0.472078052,0.289935074,0,0.173961044,20,0.689655172,0.103448276,O3,de-protonated,0,,C29 H20 O3,29,20,3,,,,,
891,415.1247118,415.1244185,415.1245851,31393267.53,496530.0168,55.71492105,-1,-0.401128604,0.204526207,0.836034544,0.457129542,7,1.333333333,0.611111111,O11,de-protonated,0,,C18 H24 O11,18,24,11,,,,,
892,415.1166636,415.1163704,415.1162099,31831966.32,496540.0166,56.49349782,-1,0.386637295,0.217917598,0.759892473,0.434707548,20,0.689655172,0.034482759,S1 O1,de-protonated,0,,C29 H20 O1 S1,29,20,1,1,,,,
893,415.1070133,415.1067201,415.106827,7929665.425,496551.2665,14.07310286,-1,-0.257545894,0.691771642,0,0.415062985,7,1.333333333,0.5,S1 O9,de-protonated,0,,C18 H24 O9 S1,18,24,9,1,,,,
894,415.1036605,415.1033673,415.1034557,17675186.9,496555.2666,31.36888003,-1,-0.212956679,0.777285557,0,0.466371334,12,0.952380952,0.428571429,O9,de-protonated,0,,C21 H20 O9,21,20,9,,,,,
896,415.0885437,415.0882506,415.0881995,22374189.14,397258.8131,39.70839227,-1,0.122915212,0.91949179,0,0.551695074,8,1.176470588,0.705882353,O12,de-protonated,0,,C17 H20 O12,17,20,12,,,,,
898,415.0675414,415.0672482,415.0670702,15132732.87,496598.7665,26.85668245,-1,0.428952242,0.359794455,0,0.215876673,13,0.8,0.5,O10,de-protonated,0,,C20 H16 O10,20,16,10,,,,,
899,415.0522643,415.0519712,415.051814,19448634.36,496616.7666,34.51629006,-1,0.378540874,0.451096814,0,0.270658089,9,1,0.8125,O13,de-protonated,0,,C16 H16 O13,16,16,13,,,,,
900,415.0310356,415.0307425,415.0306847,10207498.15,496642.5165,18.11566614,-1,0.139270779,0.897845298,0,0.538707179,14,0.631578947,0.578947368,O11,de-protonated,0,,C19 H12 O11,19,12,11,,,,,
901,415.0285211,415.028228,415.0281827,7844014.958,496645.5165,13.92109546,-1,0.109086875,0.936027135,0,0.561616281,18,0.52173913,0.260869565,S1 O6,de-protonated,0,,C23 H12 O6 S1,23,12,6,1,,,,
902,414.1491374,414.1488453,414.1486753,6490737.237,497700.0165,11.51937792,-1,0.410351795,0.392392683,0.956087141,0.617870466,7,1.444444444,0.555555556,13C1 O10,de-protonated,1,910,C18 H26 O10 13C1,18,26,10,,,1,,
904,414.1125968,414.1123047,414.1122898,6740439.586,398195.0133,11.96253493,-1,0.036031098,0.992813503,0.992676165,0.992758567,8,1.294117647,0.647058824,13C1 O11,de-protonated,1,914,C17 H22 O11 13C1,17,22,11,,,1,,
905,414.1044107,414.1041187,414.104184,7072163.339,497753.7664,12.5512587,-1,-0.157629437,0.871064626,0,0.522638776,8,1.235294118,0.647058824,N1 O11,de-protonated,0,,C17 H21 O11 N1,17,21,11,,1,,,
906,414.0760397,414.0757477,414.0759043,8341343.328,398230.2132,14.80372454,-1,-0.378176167,0.451788976,0.956092602,0.653510426,9,1.125,0.75,13C1 O12,de-protonated,1,917,C16 H18 O12 13C1,16,18,12,,,1,,
907,413.1818684,413.1815775,413.181706,24009262.04,399092.0133,42.6102233,-1,-0.311056601,0.292093397,0.821075868,0.503686385,6,1.5,0.45,O9,de-protonated,0,,C20 H30 O9,20,30,9,,,,,
909,413.1607253,413.1604344,413.1605766,9659171.436,498890.7664,17.14252821,-1,-0.344321592,0.517548524,0,0.310529114,11,1.130434783,0.304347826,O7,de-protonated,0,,C23 H26 O7,23,26,7,,,,,
910,413.1455459,413.145255,413.1453205,44377328.66,498909.0164,78.75826754,-1,-0.158544366,0.631029276,0.956087141,0.761052422,7,1.368421053,0.526315789,O10,de-protonated,0,,C19 H26 O10,19,26,10,,,,,
912,413.127902,413.1276111,413.1275624,6283874.53,498930.0167,11.15225018,-1,0.117712419,0.925909331,0,0.555545598,7,1.368421053,0.421052632,S1 O8,de-protonated,0,,C19 H26 O8 S1,19,26,8,1,,,,
913,413.1245298,413.1242389,413.1241911,9913199.539,399147.4133,17.59336231,-1,0.115581483,0.928470095,0,0.557082057,12,1,0.363636364,O8,de-protonated,0,,C22 H22 O8,22,22,8,,,,,
914,413.1093492,413.1090583,413.108935,36290522.12,498952.7664,64.40627989,-1,0.298591505,0.801095896,0.992676165,0.877728003,8,1.222222222,0.611111111,O11,de-protonated,0,,C18 H22 O11,18,22,11,,,,,
916,413.088203,413.0879121,413.0878056,10823176.46,498978.2665,19.20833572,-1,0.257851219,0.691167129,0,0.414700278,13,0.857142857,0.428571429,O9,de-protonated,0,,C21 H18 O9,21,18,9,,,,,
917,413.0729007,413.0726099,413.0725495,33326362.9,498996.7666,59.1456648,-1,0.146299143,0.669839231,0.956092602,0.784340579,9,1.058823529,0.705882353,O12,de-protonated,0,,C17 H18 O12,17,18,12,,,,,
918,413.0516399,413.0513491,413.0514201,13747036.21,399217.8131,24.39742969,-1,-0.172005126,0.848431989,0,0.509059193,14,0.7,0.5,O10,de-protonated,0,,C20 H14 O10,20,14,10,,,,,
919,413.0363337,413.036043,413.036164,23698930.41,499041.0166,42.059465,-1,-0.292977049,0.620726834,0,0.3724361,10,0.875,0.8125,O13,de-protonated,0,,C16 H14 O13,16,14,13,,,,,
920,413.0282435,413.0279527,413.0277888,5895025.315,499050.7666,10.46214351,-1,0.396743238,0.417081632,0,0.250248979,23,0.37037037,0.111111111,S1 O3,de-protonated,0,,C27 H10 O3 S1,27,10,3,1,,,,
921,413.0127841,413.0124934,413.0125327,6324872.866,499069.0167,11.22501161,-1,-0.095214614,0.950881641,0,0.570528985,19,0.434782609,0.260869565,S1 O6,de-protonated,0,,C23 H10 O6 S1,23,10,6,1,,,,
922,412.1697666,412.1694769,412.1694108,8736114.26,400072.0132,15.50434073,-1,0.160313065,0.866945359,0.998419484,0.919535009,7,1.473684211,0.473684211,13C1 O9,de-protonated,1,929,C19 H28 O9 13C1,19,28,9,,,1,,
923,412.1331668,412.132877,412.1330253,15953074.53,500134.2665,28.31257648,-1,-0.359654415,0.487425255,0.999855188,0.692397228,8,1.333333333,0.555555556,13C1 O10,de-protonated,1,931,C18 H24 O10 13C1,18,24,10,,,1,,
924,412.1250615,412.1247718,412.1246501,7395043.792,500144.0167,13.1242879,-1,0.295182442,0.616269808,0.935650337,0.74402202,21,0.689655172,0,13C1 S1,de-protonated,1,932,C29 H20 S1 13C1,29,20,,1,,1,,
924,412.1250615,412.1247718,412.1249194,7395043.792,500144.0167,13.1242879,-1,-0.35822978,0.490202588,0,0.294121553,8,1.277777778,0.555555556,N1 O10,de-protonated,0,,C18 H23 O10 N1,18,23,10,,1,,,
925,412.0969109,412.0966212,412.0966398,7245208.262,500178.2664,12.85836863,-1,-0.045061629,0.988782554,0.965049221,0.979289221,9,1.176470588,0.647058824,13C1 O11,de-protonated,1,936,C17 H20 O11 13C1,17,20,11,,,1,,
926,412.0889121,412.0886225,412.0885339,6195488.433,500188.2665,10.99538774,-1,0.214939276,0.773630807,0,0.464178484,9,1.117647059,0.647058824,N1 O11,de-protonated,0,,C17 H19 O11 N1,17,19,11,,1,,,
927,412.0607297,412.06044,412.0602543,6211270.373,500222.5165,11.0233966,-1,0.45086218,0.3232546,0.996041865,0.592369506,10,1,0.75,13C1 O12,de-protonated,1,940,C16 H16 O12 13C1,16,16,12,,,1,,
928,411.2027089,411.2024203,411.2024415,12155321.65,501266.2666,21.57254849,-1,-0.051569195,0.985334261,0,0.591200557,6,1.523809524,0.380952381,O8,de-protonated,0,,C21 H32 O8,21,32,8,,,,,
929,411.1665159,411.1662273,411.1660559,40524831.57,401048.2132,71.92108275,-1,0.416794111,0.623945939,0.998419484,0.773735357,7,1.4,0.45,O9,de-protonated,0,,C20 H28 O9,20,28,9,,,,,
931,411.129922,411.1296335,411.1296704,76982624.1,501355.0164,136.6242243,-1,-0.08988281,0.721767352,0.999855188,0.833002486,8,1.263157895,0.526315789,O10,de-protonated,0,,C19 H24 O10,19,24,10,,,,,
932,411.1217689,411.1214804,411.1212953,16406412.97,401091.8133,29.11713483,-1,0.450248409,0.470259591,0.935650337,0.656415889,21,0.666666667,0,S1,de-protonated,0,,C30 H20 S1,30,20,,1,,,,
933,411.1120648,411.1117762,411.1119124,7601514.43,501376.7665,13.49071982,-1,-0.331150379,0.543771906,0,0.326263144,8,1.263157895,0.421052632,S1 O8,de-protonated,0,,C19 H24 O8 S1,19,24,8,1,,,,
934,411.1086652,411.1083767,411.1085411,8160855.889,401104.6132,14.48340607,-1,-0.39993375,0.411233347,0,0.246740008,13,0.909090909,0.363636364,O8,de-protonated,0,,C22 H20 O8,22,20,8,,,,,
935,411.1046166,411.104328,411.1045183,6374850.371,501385.5162,11.31370874,-1,-0.462836309,0.304191774,0,0.182515064,9,1.176470588,0.588235294,N2 O10,de-protonated,0,,C17 H20 O10 N2,17,20,10,,2,,,
936,411.0934361,411.0931476,411.0932849,48912807.51,501399.5167,86.80756811,-1,-0.333974315,0.763454897,0.965049221,0.844092627,9,1.111111111,0.611111111,O11,de-protonated,0,,C18 H20 O11,18,20,11,,,,,
937,411.0853922,411.0851038,411.0849098,9495460.272,501409.0166,16.85198328,-1,0.471856193,0.290272595,0,0.174163557,22,0.551724138,0.034482759,S1 O1,de-protonated,0,,C29 H16 O1 S1,29,16,1,1,,,,
939,411.0724663,411.0721779,411.0721556,10459681.17,501424.7665,18.56322571,-1,0.054235086,0.983791437,0,0.590274862,14,0.761904762,0.428571429,O9,de-protonated,0,,C21 H16 O9,21,16,9,,,,,
940,411.0573472,411.0570587,411.0568994,34566044.21,501443.5165,61.34577813,-1,0.387527311,0.378712329,0.996041865,0.625644143,10,0.941176471,0.705882353,O12,de-protonated,0,,C17 H16 O12,17,16,12,,,,,
941,411.036232,411.0359436,411.0357701,6799979.582,501469.2663,12.06820301,-1,0.422107477,0.371628876,0,0.222977326,15,0.6,0.5,O10,de-protonated,0,,C20 H12 O10,20,12,10,,,,,
942,411.0208644,411.020576,411.0205139,7136684.357,501488.0165,12.6657668,-1,0.150986793,0.881041926,0,0.528625156,11,0.75,0.8125,O13,de-protonated,0,,C16 H12 O13,16,12,13,,,,,
943,410.1903685,410.190081,410.1901462,8387851.305,502503.0166,14.88626416,-1,-0.158966629,0.869018339,0.980401288,0.913571518,7,1.5,0.4,13C1 O8,de-protonated,1,951,C20 H30 O8 13C1,20,30,8,,,1,,
944,410.154194,410.1539066,410.1537607,12753440.76,402038.0133,22.63405505,-1,0.355624688,0.49529333,0.971574044,0.685805616,8,1.368421053,0.473684211,13C1 O9,de-protonated,1,953,C19 H26 O9 13C1,19,26,9,,,1,,
945,410.1176353,410.1173479,410.1173752,13912537.61,502592.5167,24.69115182,-1,-0.066553058,0.975693016,0.982882976,0.978569,9,1.222222222,0.555555556,13C1 O10,de-protonated,1,955,C18 H22 O10 13C1,18,22,10,,,1,,
946,410.1094931,410.1092058,410.1092693,7270352.839,502602.5165,12.90299374,-1,-0.155053261,0.8749715,0,0.5249829,9,1.166666667,0.555555556,N1 O10,de-protonated,0,,C18 H21 O10 N1,18,21,10,,1,,,
947,410.0811797,410.0808924,410.0809897,8395877.177,402109.6132,14.90050801,-1,-0.237351901,0.731266469,0.980342539,0.830896897,10,1.058823529,0.647058824,13C1 O11,de-protonated,1,959,C17 H18 O11 13C1,17,18,11,,,1,,
948,410.0730939,410.0728066,410.0728838,6779466.713,502646.7667,12.03179798,-1,-0.188435421,0.820972098,0,0.492583259,10,1,0.647058824,N1 O11,de-protonated,0,,C17 H17 O11 N1,17,17,11,,1,,,
950,409.2234196,409.2231333,409.2231769,5694759.791,503690.7665,10.10672406,-1,-0.106610957,0.938808399,0,0.56328504,6,1.545454545,0.318181818,O7,de-protonated,0,,C22 H34 O7,22,34,7,,,,,
951,409.1869625,409.1866762,409.1867914,41957642.04,503735.2667,74.46395034,-1,-0.281470476,0.756481534,0.980401288,0.846049435,7,1.428571429,0.380952381,O8,de-protonated,0,,C21 H30 O8,21,30,8,,,,,
953,409.1507795,409.1504933,409.1504059,71988056.58,403024.0133,127.7601602,-1,0.213632967,0.63566704,0.971574044,0.770029842,8,1.3,0.45,O9,de-protonated,0,,C20 H26 O9,20,26,9,,,,,
955,409.1144299,409.1141437,409.1140204,59843422.46,403059.8132,106.2065793,-1,0.30139107,0.789705637,0.982882976,0.866976572,9,1.157894737,0.526315789,O10,de-protonated,0,,C19 H22 O10,19,22,10,,,,,
957,409.093104,409.0928179,409.092891,6117018.748,403080.8132,10.85612437,-1,-0.178820286,0.837236824,0,0.502342094,14,0.818181818,0.363636364,O8,de-protonated,0,,C22 H18 O8,22,18,8,,,,,
958,409.0890647,409.0887785,409.0888683,7119642.123,403084.8131,12.63552125,-1,-0.219320594,0.765496464,0,0.459297879,10,1.058823529,0.588235294,N2 O10,de-protonated,0,,C17 H18 O10 N2,17,18,10,,2,,,
959,409.0777706,409.0774844,409.0776349,49784386.33,503869.7666,88.35439483,-1,-0.367693185,0.601556487,0.980342539,0.753070908,10,1,0.611111111,O11,de-protonated,0,,C18 H18 O11,18,18,11,,,,,
960,409.0696412,409.0693551,409.0692597,6817494.766,503879.7666,12.09928792,-1,0.233110758,0.739417649,0,0.44365059,23,0.482758621,0.034482759,S1 O1,de-protonated,0,,C29 H14 O1 S1,29,14,1,1,,,,
961,409.0566338,409.0563477,409.0565055,10266108.06,503895.7666,18.21968355,-1,-0.38572351,0.437547439,0,0.262528464,15,0.666666667,0.428571429,O9,de-protonated,0,,C21 H14 O9,21,14,9,,,,,
962,409.0415033,409.0412172,409.0412494,28882760.39,503914.7665,51.25942094,-1,-0.078614955,0.483123849,0.843720153,0.62736237,11,0.823529412,0.705882353,O12,de-protonated,0,,C17 H14 O12,17,14,12,,,,,
963,409.0391198,409.0388337,409.0387474,7627478.23,403134.0132,13.53679884,-1,0.210786891,0.781266062,0,0.468759637,15,0.666666667,0.333333333,S1 O7,de-protonated,0,,C21 H14 O7 S1,21,14,7,1,,,,
964,408.1746684,408.1743833,408.1744962,14875862.12,504984.5166,26.40080339,-1,-0.276613499,0.653715206,0.984252866,0.78593027,8,1.4,0.4,13C1 O8,de-protonated,1,973,C20 H28 O8 13C1,20,28,8,,,1,,
965,408.1385653,408.1382802,408.1381107,11973755.98,505029.2666,21.25031644,-1,0.415466873,0.383291467,0.988150781,0.625235192,9,1.263157895,0.473684211,13C1 O9,de-protonated,1,974,C19 H24 O9 13C1,19,24,9,,,1,,
966,408.1020081,408.1017231,408.1017251,9388198.687,505074.5164,16.66162174,-1,-0.00498471,0.999861969,0.977182123,0.990790031,10,1.111111111,0.555555556,13C1 O10,de-protonated,1,976,C18 H20 O10 13C1,18,20,10,,,1,,
967,408.0938306,408.0935456,408.0936193,8221667.408,404067.8133,14.59133078,-1,-0.180599202,0.834268155,0,0.500560893,10,1.055555556,0.555555556,N1 O10,de-protonated,0,,C18 H19 O10 N1,18,19,10,,1,,,
968,408.0654721,408.0651871,408.0653396,8531069.102,505120.0165,15.14043867,-1,-0.373844556,0.460039434,0.9959084,0.67438702,11,0.941176471,0.647058824,13C1 O11,de-protonated,1,980,C17 H16 O11 13C1,17,16,11,,,1,,
969,408.0574086,408.0571237,408.0572338,6008245.421,505130.0165,10.66307988,-1,-0.269815832,0.667345294,0,0.400407176,11,0.882352941,0.647058824,N1 O11,de-protonated,0,,C17 H15 O11 N1,17,15,11,,1,,,
971,407.2076653,407.2073813,407.2075268,19271539.21,506183.7663,34.20199203,-1,-0.357451623,0.491721602,0,0.295032961,7,1.454545455,0.318181818,O7,de-protonated,0,,C22 H32 O7,22,32,7,,,,,
973,407.1714054,407.1711214,407.1711413,58784651.54,404983.2132,104.3275351,-1,-0.048892571,0.820261269,0.984252866,0.885857908,8,1.333333333,0.380952381,O8,de-protonated,0,,C21 H28 O8,21,28,8,,,,,
974,407.1351933,407.1349094,407.1347558,59693233.43,405019.2133,105.9400327,-1,0.377273497,0.418397636,0.988150781,0.646298894,9,1.2,0.45,O9,de-protonated,0,,C20 H24 O9,20,24,9,,,,,
976,407.098629,407.0983451,407.0983703,53749327.87,405055.6133,95.39113941,-1,-0.061880104,0.989406802,0.977182123,0.98451693,10,1.052631579,0.526315789,O10,de-protonated,0,,C19 H20 O10,19,20,10,,,,,
977,407.0773803,407.0770965,407.0772409,6082836.941,506345.7665,10.79546051,-1,-0.354847602,0.496814832,0,0.298088899,15,0.727272727,0.363636364,O8,de-protonated,0,,C22 H16 O8,22,16,8,,,,,
978,407.0752032,407.0749193,407.074739,5926551.761,506348.5165,10.51809479,-1,0.442987653,0.336145408,0,0.201687245,19,0.615384615,0.115384615,S1 O3,de-protonated,0,,C26 H16 O3 S1,26,16,3,1,,,,
979,407.0734009,407.073117,407.0732182,6612214.974,506351.0165,11.73496945,-1,-0.248469965,0.709648764,0,0.425789259,11,0.941176471,0.588235294,N2 O10,de-protonated,0,,C17 H16 O10 N2,17,16,10,,2,,,
980,407.0621333,407.0618495,407.0619848,44830182.92,506364.7666,79.5619666,-1,-0.332384056,0.50067202,0.9959084,0.698766572,11,0.888888889,0.611111111,O11,de-protonated,0,,C18 H16 O11,18,16,11,,,,,
981,407.0260239,407.0257402,407.0255993,11451620.28,506410.0166,20.32366077,-1,0.346117471,0.5139956,0,0.30839736,12,0.705882353,0.705882353,O12,de-protonated,0,,C17 H12 O12,17,12,12,,,,,
983,406.1953882,406.1951054,406.1952316,7604901.523,507445.5166,13.49673103,-1,-0.310635531,0.585037,0.993364158,0.748367863,8,1.428571429,0.333333333,13C1 O7,de-protonated,1,990,C21 H30 O7 13C1,21,30,7,,,1,,
984,406.15922,406.1589373,406.1588461,11344963.64,405992.4132,20.13437285,-1,0.224481029,0.755818456,0.991921829,0.850259805,9,1.3,0.4,13C1 O8,de-protonated,1,993,C20 H26 O8 13C1,20,26,8,,,1,,
985,406.1228507,406.1225679,406.1224606,9428346.302,406028.8133,16.73287336,-1,0.264313988,0.678329868,0.957118255,0.789845222,10,1.157894737,0.473684211,13C1 O9,de-protonated,1,995,C19 H22 O9 13C1,19,22,9,,,1,,
986,406.0861979,406.0859152,406.0860751,8851037.919,507582.0164,15.70830047,-1,-0.393652524,0.422780681,0.985462893,0.647853566,11,1,0.555555556,13C1 O10,de-protonated,1,1000,C18 H18 O10 13C1,18,18,10,,,1,,
987,406.0780896,406.077807,406.0779692,6953881.965,507591.7664,12.34133989,-1,-0.399558744,0.411918884,0,0.24715133,11,0.944444444,0.555555556,N1 O10,de-protonated,0,,C18 H17 O10 N1,18,17,10,,1,,,
989,405.2283595,405.2280778,405.2282623,6174587.935,508656.5164,10.95829477,-1,-0.455178719,0.31630682,0,0.189784092,7,1.47826087,0.260869565,O6,de-protonated,0,,C23 H34 O6,23,34,6,,,,,
990,405.1921676,405.1918859,405.1918768,30420981.69,406961.4131,53.98936546,-1,0.022563654,0.79110628,0.993364158,0.872009431,8,1.363636364,0.318181818,O7,de-protonated,0,,C22 H30 O7,22,30,7,,,,,
993,405.1559297,405.1556481,405.1554913,47049142.12,406997.8132,83.50004462,-1,0.387138212,0.595358085,0.991921829,0.753983583,9,1.238095238,0.380952381,O8,de-protonated,0,,C21 H26 O8,21,26,8,,,,,
995,405.1192639,405.1189823,405.1191058,59876129.75,508793.5164,106.2646263,-1,-0.304646689,0.637733372,0.957118255,0.765487325,10,1.1,0.45,O9,de-protonated,0,,C20 H22 O9,20,22,9,,,,,
996,405.1137128,405.1134312,405.1132325,8892787.717,508800.5166,15.78239555,-1,0.490514409,0.262713544,0,0.157628126,19,0.666666667,0.148148148,O4,de-protonated,0,,C27 H18 O4,27,18,4,,,,,
997,405.1039878,405.1037062,405.1038496,5645016.233,407050.0132,10.01844212,-1,-0.353949764,0.498574416,0,0.29914465,6,1.375,0.75,O12,de-protonated,0,,C16 H22 O12,16,22,12,,,,,
998,405.0959482,405.0956667,405.0954745,12534453.32,508822.7666,22.24540904,-1,0.474466802,0.286315851,0,0.171789511,19,0.666666667,0.074074074,S1 O2,de-protonated,0,,C27 H18 O2 S1,27,18,2,1,,,,
999,405.0941105,405.093829,405.0939536,6233618.188,508824.7665,11.06305818,-1,-0.307648561,0.591070365,0,0.354642219,11,1,0.5,N2 O9,de-protonated,0,,C18 H18 O9 N2,18,18,9,,2,,,
1000,405.0829229,405.0826414,405.0827202,38722548.09,508838.7666,68.72249625,-1,-0.194571469,0.616551764,0.985462893,0.764116215,11,0.947368421,0.526315789,O10,de-protonated,0,,C19 H18 O10,19,18,10,,,,,
1001,405.0678108,405.0675293,405.0674641,7352006.542,508857.7666,13.04790792,-1,0.160969923,0.865929522,0,0.519557713,7,1.2,0.866666667,O13,de-protonated,0,,C15 H18 O13,15,18,13,,,,,
1003,405.0467666,405.0464851,405.0463347,24023728.57,508884.5167,42.63589764,-1,0.371233075,0.465039323,0,0.279023594,12,0.777777778,0.611111111,O11,de-protonated,0,,C18 H14 O11,18,14,11,,,,,
1005,405.0077821,405.0075007,405.0074473,7114290.698,508933.5165,12.62602385,-1,0.131865866,0.907916041,0,0.544749625,17,0.476190476,0.333333333,S1 O7,de-protonated,0,,C21 H10 O7 S1,21,10,7,1,,,,
1007,404.1799771,404.1796967,404.1795815,6195021.861,509975.5165,10.9945597,-1,0.284826037,0.637182424,0.95437899,0.76406105,9,1.333333333,0.333333333,13C1 O7,de-protonated,1,1013,C21 H28 O7 13C1,21,28,7,,,1,,
1008,404.1434241,404.1431437,404.143196,9123024.468,510022.0165,16.19100616,-1,-0.129453143,0.911101798,0.997146123,0.945519528,10,1.2,0.4,13C1 O8,de-protonated,1,1016,C20 H24 O8 13C1,20,24,8,,,1,,
1009,404.1200039,404.1197236,404.119834,5929036.964,510051.2667,10.52250538,-1,-0.273367605,0.660230794,0,0.396138476,6,1.4375,0.6875,N1 O11,de-protonated,0,,C16 H23 O11 N1,16,23,11,,1,,,
1010,404.1069604,404.10668,404.1068105,7461426.512,510068.0165,13.24210004,-1,-0.322881593,0.560357288,0.95683522,0.718948461,11,1.052631579,0.473684211,13C1 O9,de-protonated,1,1020,C19 H20 O9 13C1,19,20,9,,,1,,
1011,403.2130057,403.2127264,403.2126122,7085855.555,511198.5165,12.57555884,-1,0.283197004,0.640466429,0,0.384279857,8,1.391304348,0.260869565,O6,de-protonated,0,,C23 H32 O6,23,32,6,,,,,
1013,403.1763767,403.1760974,403.1762267,35738058.37,511245.0165,63.42579979,-1,-0.320740912,0.600922682,0.95437899,0.742305205,9,1.272727273,0.318181818,O7,de-protonated,0,,C22 H28 O7,22,28,7,,,,,
1014,403.1610785,403.1607992,403.1609706,7424275.878,511264.7664,13.17616728,-1,-0.425063912,0.366493663,0,0.219896198,5,1.555555556,0.555555556,O10,de-protonated,0,,C18 H28 O10,18,28,10,,,,,
1015,403.1530394,403.1527601,403.1525954,20506058.64,409019.8133,36.39294437,-1,0.408551723,0.197809662,0.759892473,0.422642786,18,0.827586207,0,S1,de-protonated,0,,C29 H24 S1,29,24,,1,,,,
1016,403.1400443,403.139765,403.1398412,39132038.04,511291.0164,69.44923489,-1,-0.188981872,0.865566891,0.997146123,0.918198584,10,1.142857143,0.380952381,O8,de-protonated,0,,C21 H24 O8,21,24,8,,,,,
1018,403.1249452,403.124666,403.1245851,9621645.893,511310.2666,17.07593008,-1,0.200689065,0.799510099,0,0.47970606,6,1.411764706,0.647058824,O11,de-protonated,0,,C17 H24 O11,17,24,11,,,,,
1020,403.1038911,403.1036118,403.1034557,26135147.28,511337.2666,46.38311913,-1,0.387387179,0.497394676,0.95683522,0.681170893,11,1,0.45,O9,de-protonated,0,,C20 H20 O9,20,20,9,,,,,
1022,403.0886076,403.0883284,403.0881995,14143970.84,409085.2134,25.10188588,-1,0.319747002,0.56666346,0,0.339998076,7,1.25,0.75,O12,de-protonated,0,,C16 H20 O12,16,20,12,,,,,
1024,403.0673421,403.0670629,403.0670702,29015968.29,511383.2665,51.49583048,-1,-0.017947899,0.499106003,0.828487691,0.630858678,12,0.842105263,0.526315789,O10,de-protonated,0,,C19 H16 O10,19,16,10,,,,,
1025,403.064926,403.0646468,403.0645683,5254982.068,511386.7667,9.326232474,-1,0.194873702,0.809793142,0,0.485875885,16,0.695652174,0.217391304,S1 O5,de-protonated,0,,C23 H16 O5 S1,23,16,5,1,,,,
1026,403.0519889,403.0517098,403.051814,17053950.03,511402.7665,30.26634545,-1,-0.258644576,0.689595495,0,0.413757297,8,1.066666667,0.866666667,O13,de-protonated,0,,C15 H16 O13,15,16,13,,,,,
1027,403.0439132,403.0436341,403.0434389,6002862.656,409130.6132,10.65352687,-1,0.484302411,0.271702101,0,0.163021261,21,0.461538462,0.115384615,S1 O3,de-protonated,0,,C26 H12 O3 S1,26,12,3,1,,,,
1028,403.0308635,403.0305844,403.0306847,18934621.16,511429.5166,33.60404972,-1,-0.248886471,0.708832539,0,0.425299524,13,0.666666667,0.611111111,O11,de-protonated,0,,C18 H12 O11,18,12,11,,,,,
1029,403.0284641,403.028185,403.0281827,10902029.34,511433.0166,19.34827917,-1,0.005479608,0.999833202,0,0.599899921,17,0.545454545,0.272727273,S1 O6,de-protonated,0,,C22 H12 O6 S1,22,12,6,1,,,,
1031,402.1044753,402.1041972,402.104184,6048676.179,410086.4132,10.73483401,-1,0.032995719,0.993969825,0,0.596381895,7,1.3125,0.6875,N1 O11,de-protonated,0,,C16 H21 O11 N1,16,21,11,,1,,,
1033,401.1973531,401.1970761,401.1969622,7380328.797,411013.6134,13.09817259,-1,0.284044488,0.63875821,0,0.383254926,9,1.304347826,0.260869565,O6,de-protonated,0,,C23 H30 O6,23,30,6,,,,,
1034,401.1821042,401.1818273,401.181706,7980031.327,513786.7666,14.1624893,-1,0.302223828,0.602034675,0,0.361220805,5,1.578947368,0.473684211,O9,de-protonated,0,,C19 H30 O9,19,30,9,,,,,
1036,401.160899,401.1606221,401.1605766,16654803.51,411051.0134,29.55796372,-1,0.113253296,0.931222283,0,0.55873337,10,1.181818182,0.318181818,O7,de-protonated,0,,C22 H26 O7,22,26,7,,,,,
1038,401.1455142,401.1452373,401.1453205,23301974.42,513833.2665,41.35497092,-1,-0.207516346,0.787226652,0,0.472335991,6,1.444444444,0.555555556,O10,de-protonated,0,,C18 H26 O10,18,26,10,,,,,
1039,401.1374131,401.1371362,401.1369454,35462397.81,513844.0165,62.93657367,-1,0.475667982,0.14225311,0.759892473,0.389308855,19,0.75862069,0,S1,de-protonated,0,,C29 H22 S1,29,22,,1,,,,
1040,401.1277217,401.1274448,401.1275624,7793734.519,513856.0165,13.8318607,-1,-0.293374218,0.619924269,0,0.371954562,6,1.444444444,0.444444444,S1 O8,de-protonated,0,,C18 H26 O8 S1,18,26,8,1,,,,
1041,401.1243238,401.1240469,401.1241911,27614873,513860.7667,49.00924912,-1,-0.359658397,0.24370875,0.813795486,0.471743444,11,1.047619048,0.380952381,O8,de-protonated,0,,C21 H22 O8,21,22,8,,,,,
1042,401.118793,401.1185161,401.1183179,12620763.29,513867.5163,22.39858689,-1,0.494117376,0.257586448,0,0.154551869,20,0.642857143,0.107142857,O3,de-protonated,0,,C28 H18 O3,28,18,3,,,,,
1043,401.1091303,401.1088534,401.108935,33650538.03,513880.2666,59.72099172,-1,-0.203507966,0.397232611,0.843720153,0.575827628,7,1.294117647,0.647058824,O11,de-protonated,0,,C17 H22 O11,17,22,11,,,,,
1045,401.0914882,401.0912113,401.0911769,5852668.721,513902.5167,10.38697152,-1,0.085624933,0.960087096,0,0.576052258,7,1.294117647,0.529411765,S1 O9,de-protonated,0,,C17 H22 O9 S1,17,22,9,1,,,,
1046,401.0881157,401.0878388,401.0878056,19132455.45,513906.7666,33.95515437,-1,0.082755177,0.962667912,0,0.577600747,12,0.9,0.45,O9,de-protonated,0,,C20 H18 O9,20,18,9,,,,,
1047,401.0729651,401.0726882,401.0725495,24736985.82,513926.5167,43.90174456,-1,0.34587626,0.514472455,0,0.308683473,8,1.125,0.75,O12,de-protonated,0,,C16 H18 O12,16,18,12,,,,,
1049,401.0518121,401.0515352,401.0514201,17763794.31,411162.8133,31.52613523,-1,0.287062612,0.632670684,0,0.37960241,13,0.736842105,0.526315789,O10,de-protonated,0,,C19 H14 O10,19,14,10,,,,,
1050,401.0364815,401.0362047,401.036164,18049060.41,513973.2665,32.0324087,-1,0.101543022,0.944326549,0,0.566595929,9,0.933333333,0.866666667,O13,de-protonated,0,,C15 H14 O13,15,14,13,,,,,
1052,401.015218,401.0149412,401.0150346,5972396.678,514000.5165,10.59945764,-1,-0.23286001,0.739897774,0,0.443938665,14,0.555555556,0.611111111,O11,de-protonated,0,,C18 H10 O11,18,10,11,,,,,
1053,401.0127552,401.0124784,401.0125327,8157732.312,411202.8132,14.47786253,-1,-0.135307794,0.903289465,0,0.541973679,18,0.454545455,0.272727273,S1 O6,de-protonated,0,,C22 H10 O6 S1,22,10,6,1,,,,
1054,400.1695555,400.1692797,400.1694108,7177602.949,515086.7667,12.7383867,-1,-0.32760421,0.550875017,0.953484578,0.711918841,6,1.555555556,0.5,13C1 O9,de-protonated,1,1062,C18 H28 O9 13C1,18,28,9,,,1,,
1055,400.1615174,400.1612416,400.1613049,6358677.375,515096.7666,11.28500586,-1,-0.158350994,0.869961986,0,0.521977192,6,1.5,0.5,N1 O9,de-protonated,0,,C18 H27 O9 N1,18,27,9,,1,,,
1056,400.1333621,400.1330863,400.1330253,8277258.856,515133.0167,14.6899912,-1,0.15255253,0.878718737,0.946468944,0.90581882,7,1.411764706,0.588235294,13C1 O10,de-protonated,1,1068,C17 H24 O10 13C1,17,24,10,,,1,,
1057,400.1253351,400.1250593,400.1249194,7302742.623,412114.8133,12.96047722,-1,0.349625925,0.507072344,0,0.304243406,7,1.352941176,0.588235294,N1 O10,de-protonated,0,,C17 H23 O10 N1,17,23,10,,1,,,
1058,400.0970234,400.0967477,400.0966398,6348078.08,412144.0133,11.26619486,-1,0.269745916,0.667485171,0.964720504,0.786379304,8,1.25,0.6875,13C1 O11,de-protonated,1,1073,C16 H20 O11 13C1,16,20,11,,,1,,
1059,400.0888672,400.0885915,400.0885339,7298655.756,412152.4132,12.95322409,-1,0.143892606,0.891340978,0,0.534804587,8,1.1875,0.6875,N1 O11,de-protonated,0,,C16 H19 O11 N1,16,19,11,,1,,,
1060,400.0603742,400.0600985,400.0602543,8632862.395,515227.0167,15.3210954,-1,-0.389292351,0.43087541,0.956875812,0.641275571,9,1.066666667,0.8,13C1 O12,de-protonated,1,1077,C15 H16 O12 13C1,15,16,12,,,1,,
1061,399.2027511,399.2024764,399.2024415,6919135.924,516334.2666,12.27967466,-1,0.087464243,0.958390498,0,0.575034299,5,1.6,0.4,O8,de-protonated,0,,C20 H32 O8,20,32,8,,,,,
1062,399.1664389,399.1661642,399.1660559,25742993.41,413104.8133,45.68714755,-1,0.271285719,0.607639023,0.953484578,0.745977245,6,1.473684211,0.473684211,O9,de-protonated,0,,C19 H28 O9,19,28,9,,,,,
1065,399.1485258,399.1482512,399.1482979,5492343.503,516404.0164,9.74748756,-1,-0.116918977,0.926867454,0,0.556120473,6,1.473684211,0.368421053,S1 O7,de-protonated,0,,C19 H28 O7 S1,19,28,7,1,,,,
1066,399.1451247,399.14485,399.1449266,12256007.91,516408.7666,21.75124054,-1,-0.191804234,0.815150452,0,0.489090271,11,1.090909091,0.318181818,O7,de-protonated,0,,C22 H24 O7,22,24,7,,,,,
1068,399.1297979,399.1295233,399.1296704,66674557.44,516428.2665,118.3300751,-1,-0.368563102,0.674444644,0.946468944,0.783254364,7,1.333333333,0.555555556,O10,de-protonated,0,,C18 H24 O10,18,24,10,,,,,
1069,399.1217371,399.1214625,399.1212953,40294331.87,516439.0164,71.51200546,-1,0.419028076,0.188507633,0.759892473,0.417061569,20,0.689655172,0,S1,de-protonated,0,,C29 H20 S1,29,20,,1,,,,
1070,399.112061,399.1117864,399.1119124,7364430.184,516451.5165,13.06995667,-1,-0.315698181,0.574821144,0,0.344892686,7,1.333333333,0.444444444,S1 O8,de-protonated,0,,C18 H24 O8 S1,18,24,8,1,,,,
1071,399.1087166,399.108442,399.1085411,13989638.38,516455.5166,24.82798572,-1,-0.248290889,0.709999566,0,0.42599974,12,0.952380952,0.380952381,O8,de-protonated,0,,C21 H20 O8,21,20,8,,,,,
1073,399.0935786,399.093304,399.0932849,46115224.95,516475.5165,81.84258346,-1,0.047780663,0.827440988,0.964720504,0.882352795,8,1.176470588,0.647058824,O11,de-protonated,0,,C17 H20 O11,17,20,11,,,,,
1075,399.0759381,399.0756636,399.0755269,5087434.241,516498.2667,9.028878464,-1,0.342541833,0.521075363,0,0.312645218,8,1.176470588,0.529411765,S1 O9,de-protonated,0,,C17 H20 O9 S1,17,20,9,1,,,,
1076,399.072534,399.0722594,399.0721556,14092845.37,413202.0133,25.0111514,-1,0.260243047,0.686425199,0,0.41185512,13,0.8,0.45,O9,de-protonated,0,,C20 H16 O9,20,16,9,,,,,
1077,399.0573003,399.0570257,399.0568994,36429520.31,413217.8132,64.65296568,-1,0.316538484,0.502001235,0.956875812,0.683951066,9,1,0.75,O12,de-protonated,0,,C16 H16 O12,16,16,12,,,,,
1079,399.0360513,399.0357768,399.0357701,10648659.37,413239.8133,18.89861308,-1,0.016956628,0.998403902,0,0.599042341,14,0.631578947,0.526315789,O10,de-protonated,0,,C19 H12 O10,19,12,10,,,,,
1080,399.020713,399.0204385,399.0205139,9501779.51,516569.7665,16.86319829,-1,-0.189044111,0.819924805,0,0.491954883,10,0.8,0.866666667,O13,de-protonated,0,,C15 H12 O13,15,12,13,,,,,
1081,399.0125915,399.012317,399.0121388,6041878.4,516580.2667,10.72276971,-1,0.446827584,0.329824747,0,0.197894848,23,0.307692308,0.115384615,S1 O3,de-protonated,0,,C26 H8 O3 S1,26,8,3,1,,,,
1082,398.2302728,398.2299992,398.229903,14566569.33,517594.7665,25.85188877,-1,0.241559608,0.723125515,0.982245698,0.826773588,0,2.235294118,0.411764706,13C1 S1 O7,de-protonated,1,1093,C17 H38 O7 S1 13C1,17,38,7,1,,1,,
1083,398.1902845,398.190011,398.1901462,6491833.46,517646.7664,11.52132343,-1,-0.339658495,0.526800826,0.962341811,0.70101722,6,1.578947368,0.421052632,13C1 O8,de-protonated,1,1094,C19 H30 O8 13C1,19,30,8,,,1,,
1085,398.1540503,398.1537768,398.1537607,15419902.1,414155.2133,27.36633348,-1,0.040454702,0.990949081,0.970245133,0.982667502,7,1.444444444,0.5,13C1 O9,de-protonated,1,1096,C18 H26 O9 13C1,18,26,9,,,1,,
1086,398.1460726,398.1457991,398.1456549,5977042.578,517704.2665,10.60770291,-1,0.362229141,0.482418073,0,0.289450844,7,1.388888889,0.5,N1 O9,de-protonated,0,,C18 H25 O9 N1,18,25,9,,1,,,
1087,398.1178053,398.1175319,398.1173752,10584041.67,517741.0166,18.78393339,-1,0.393467582,0.423122734,0.955964148,0.6362593,8,1.294117647,0.588235294,13C1 O10,de-protonated,1,1100,C17 H22 O10 13C1,17,22,10,,,1,,
1088,398.1096578,398.1093844,398.1092693,7929147.385,414201.4133,14.07218348,-1,0.289031901,0.628695652,0,0.377217391,8,1.235294118,0.588235294,N1 O10,de-protonated,0,,C17 H21 O10 N1,17,21,10,,1,,,
1089,398.0811121,398.0808387,398.0809897,10548919.04,517789.0166,18.72159982,-1,-0.379417313,0.449435075,0.963802701,0.655182126,9,1.125,0.6875,13C1 O11,de-protonated,1,1103,C16 H18 O11 13C1,16,18,11,,,1,,
1090,398.072983,398.0727096,398.0728838,9613726.067,517799.2664,17.06187444,-1,-0.437758101,0.344857814,0,0.206914688,9,1.0625,0.6875,N1 O11,de-protonated,0,,C16 H17 O11 N1,16,17,11,,1,,,
1091,398.0448576,398.0445842,398.0446042,5627025.954,517836.2663,9.986514037,-1,-0.050186981,0.986104485,0.972165313,0.980528816,10,0.933333333,0.8,13C1 O12,de-protonated,1,1107,C15 H14 O12 13C1,15,14,12,,,1,,
1092,397.3877863,397.3875137,397.3873464,28246434.03,414953.8132,50.13010643,-1,0.421032246,0.186752653,0.779247988,0.423750787,0,2.076923077,0,S1,de-protonated,0,,C26 H54 S1,26,54,,1,,,,
1093,397.2269127,397.2266403,397.2265482,85060367.27,518902.5166,150.9601268,-1,0.231721712,0.732600136,0.982245698,0.832458361,0,2.111111111,0.388888889,S1 O7,de-protonated,0,,C18 H38 O7 S1,18,38,7,1,,,,
1094,397.1871162,397.1868439,397.1867914,23482143.34,518954.5166,41.67472409,-1,0.132137568,0.717177567,0.962341811,0.815243264,6,1.5,0.4,O8,de-protonated,0,,C20 H30 O8,20,30,8,,,,,
1096,397.1505739,397.1503016,397.1504059,93356765.1,519002.2665,165.6840847,-1,-0.262537674,0.836407449,0.970245133,0.889942522,7,1.368421053,0.473684211,O9,de-protonated,0,,C19 H26 O9,19,26,9,,,,,
1098,397.1328643,397.132592,397.1326478,5409780.471,519025.0167,9.600959556,-1,-0.140539459,0.896076345,0,0.537645807,7,1.368421053,0.368421053,S1 O7,de-protonated,0,,C19 H26 O7 S1,19,26,7,1,,,,
1099,397.1294703,397.129198,397.1292765,6096481.572,519029.5165,10.8196762,-1,-0.197673647,0.804863473,0,0.482918084,12,1,0.318181818,O7,de-protonated,0,,C22 H22 O7,22,22,7,,,,,
1100,397.1143146,397.1140423,397.1140204,77668076.83,519049.2665,137.8407254,-1,0.055340921,0.703126061,0.955964148,0.804261296,8,1.222222222,0.555555556,O10,de-protonated,0,,C18 H22 O10,18,22,10,,,,,
1102,397.0932411,397.0929688,397.092891,7948585.995,415261.6133,14.10668198,-1,0.195984391,0.807842447,0,0.484705468,13,0.857142857,0.380952381,O8,de-protonated,0,,C21 H18 O8,21,18,8,,,,,
1103,397.0780529,397.0777807,397.0776349,44257167.17,519097.0164,78.54501202,-1,0.367230771,0.461086633,0.963802701,0.662173061,9,1.058823529,0.647058824,O11,de-protonated,0,,C17 H18 O11,17,18,11,,,,,
1106,397.0568098,397.0565376,397.0565055,13043066.85,519124.5165,23.14806636,-1,0.080735936,0.964435108,0,0.578661065,14,0.7,0.45,O9,de-protonated,0,,C20 H14 O9,20,14,9,,,,,
1107,397.0414243,397.0411521,397.0412494,41025013.66,415315.8131,72.80877645,-1,-0.244889745,0.851375649,0.972165313,0.899691514,10,0.875,0.75,O12,de-protonated,0,,C16 H14 O12,16,14,12,,,,,
1108,397.033299,397.0330268,397.0328742,6098367.822,519155.5166,10.8230238,-1,0.384368658,0.440091027,0,0.264054616,23,0.37037037,0.074074074,S1 O2,de-protonated,0,,C27 H10 O2 S1,27,10,2,1,,,,
1109,397.0178331,397.017561,397.0176181,5854502.68,519175.7668,10.39022632,-1,-0.143815804,0.891450404,0,0.534870242,19,0.434782609,0.217391304,S1 O5,de-protonated,0,,C23 H10 O5 S1,23,10,5,1,,,,
1111,396.1749252,396.174654,396.1744962,10974637.42,416224.2131,19.47713971,-1,0.398355141,0.414122509,0.968028435,0.635684879,7,1.473684211,0.421052632,13C1 O8,de-protonated,1,1121,C19 H28 O8 13C1,19,28,8,,,1,,
1112,396.138354,396.1380829,396.1381107,22882702.76,520328.0165,40.61087228,-1,-0.070173852,0.973013222,0.972760904,0.972912295,8,1.333333333,0.5,13C1 O9,de-protonated,1,1122,C18 H24 O9 13C1,18,24,9,,,1,,
1113,396.1301643,396.1298932,396.1300048,8700367.088,416271.2132,15.44089876,-1,-0.281783379,0.643314529,0,0.385988717,8,1.277777778,0.5,N1 O9,de-protonated,0,,C18 H23 O9 N1,18,23,9,,1,,,
1114,396.1018862,396.1016151,396.1017251,12984888.28,520376.0163,23.04481445,-1,-0.27774696,0.651437188,0.980474683,0.783052186,9,1.176470588,0.588235294,13C1 O10,de-protonated,1,1125,C17 H20 O10 13C1,17,20,10,,,1,,
1115,396.0938652,396.0935941,396.0936193,8929424.648,520386.5166,15.84741661,-1,-0.06350378,0.977845051,0,0.586707031,9,1.117647059,0.588235294,N1 O10,de-protonated,0,,C17 H19 O10 N1,17,19,10,,1,,,
1116,396.0657325,396.0654615,396.0653396,7438436.907,520423.5164,13.20129944,-1,0.307614102,0.591139989,0.9577765,0.737794593,10,1,0.6875,13C1 O11,de-protonated,1,1130,C16 H16 O11 13C1,16,16,11,,,1,,
1117,396.0576659,396.0573949,396.0572338,5383737.559,416347.4132,9.554740131,-1,0.406776343,0.398813626,0,0.239288175,10,0.9375,0.6875,N1 O11,de-protonated,0,,C16 H15 O11 N1,16,15,11,,1,,,
1120,395.20768,395.2074099,395.2075268,12455794.4,521553.7666,22.10580983,-1,-0.295943872,0.614730712,0,0.368838427,6,1.523809524,0.333333333,O7,de-protonated,0,,C21 H32 O7,21,32,7,,,,,
1121,395.1713802,395.1711102,395.1711413,63706857.81,521601.2665,113.0631767,-1,-0.078866892,0.690078625,0.968028435,0.801258549,7,1.4,0.4,O8,de-protonated,0,,C20 H28 O8,20,28,8,,,,,
1122,395.13519,395.13492,395.1347558,92249578.83,417319.4134,163.7191158,-1,0.41560886,0.678026749,0.972760904,0.795920411,8,1.263157895,0.473684211,O9,de-protonated,0,,C19 H24 O9,19,24,9,,,,,
1124,395.1098366,395.1095666,395.1096037,6691367.622,521682.5166,11.8754449,-1,-0.093909482,0.952186468,0,0.571311881,9,1.176470588,0.529411765,N2 O9,de-protonated,0,,C17 H20 O9 N2,17,20,9,,2,,,
1125,395.0985111,395.0982412,395.0983703,76913171.69,521697.5164,136.5009643,-1,-0.32687012,0.601892263,0.980474683,0.753325231,9,1.111111111,0.555555556,O10,de-protonated,0,,C18 H20 O10,18,20,10,,,,,
1126,395.0904189,395.0901489,395.0899952,13356303.15,521708.5164,23.70397968,-1,0.389244012,0.430965506,0,0.258579303,22,0.551724138,0,S1,de-protonated,0,,C29 H16 S1,29,16,,1,,,,
1128,395.0773657,395.0770958,395.0772409,11085782.3,521725.7665,19.6743931,-1,-0.367352088,0.472504198,0,0.283502519,14,0.761904762,0.380952381,O8,de-protonated,0,,C21 H16 O8,21,16,8,,,,,
1129,395.073371,395.0731011,395.0732182,8204295.352,521731.0167,14.56049987,-1,-0.296444056,0.613719618,0,0.368231771,10,1,0.625,N2 O10,de-protonated,0,,C16 H16 O10 N2,16,16,10,,2,,,
1130,395.0622445,395.0619746,395.0619848,57778774.71,521745.7664,102.5423642,-1,-0.025898738,0.793710282,0.9577765,0.859336769,10,0.941176471,0.647058824,O11,de-protonated,0,,C17 H16 O11,17,16,11,,,,,
1131,395.041284,395.0410141,395.0408554,6062049.426,417418.6133,10.75856806,-1,0.401549104,0.408286098,0,0.244971659,15,0.6,0.45,O9,de-protonated,0,,C20 H12 O9,20,12,9,,,,,
1132,395.0260294,395.0257595,395.0255993,12861983.66,521793.2665,22.82669058,-1,0.405653704,0.400839557,0,0.240503734,11,0.75,0.75,O12,de-protonated,0,,C16 H12 O12,16,12,12,,,,,
1134,394.2812482,394.2809792,394.2810261,77778483.88,522779.2664,138.0366693,-1,-0.119149623,0.462079945,0.828487691,0.608643043,0,2.157894737,0.368421053,N1 O7,de-protonated,0,,C19 H41 O7 N1,19,41,7,,1,,,
1135,394.1953997,394.1951308,394.1952316,6834793.973,522892.7667,12.12998954,-1,-0.255842227,0.695141226,0.988254162,0.8123864,7,1.5,0.35,13C1 O7,de-protonated,1,1143,C20 H30 O7 13C1,20,30,7,,,1,,
1136,394.159072,394.1588031,394.1588461,17697110.31,522941.2665,31.40778841,-1,-0.109085276,0.936028949,0.979939496,0.953593168,8,1.368421053,0.421052632,13C1 O8,de-protonated,1,1144,C19 H26 O8 13C1,19,26,8,,,1,,
1137,394.1228267,394.1225579,394.1224606,14369068.01,522989.0166,25.50137508,-1,0.246807042,0.712903271,0.995064541,0.825767779,9,1.222222222,0.5,13C1 O9,de-protonated,1,1146,C18 H22 O9 13C1,18,22,9,,,1,,
1138,394.1147453,394.1144765,394.1143547,5403590.724,522999.7666,9.589974358,-1,0.30886461,0.588613643,0,0.353168186,9,1.166666667,0.5,N1 O9,de-protonated,0,,C18 H21 O9 N1,18,21,9,,1,,,
1139,394.0862852,394.0860164,394.0860751,10359402.9,523037.5165,18.38525774,-1,-0.148866254,0.88415971,0.997347417,0.929434793,10,1.058823529,0.588235294,13C1 O10,de-protonated,1,1149,C17 H18 O10 13C1,17,18,10,,,1,,
1140,394.0781413,394.0778725,394.0779692,9346825.134,523048.2666,16.5881944,-1,-0.245481387,0.715492651,0,0.429295591,10,1,0.588235294,N1 O10,de-protonated,0,,C17 H17 O10 N1,17,17,10,,1,,,
1141,394.0498529,394.0495841,394.0496896,7862621.091,523086.2666,13.95411653,-1,-0.267546586,0.671881565,0.983244477,0.79642673,11,0.875,0.6875,13C1 O11,de-protonated,1,1153,C16 H14 O11 13C1,16,14,11,,,1,,
1143,393.1920667,393.1917989,393.1918768,32342357.37,524227.0166,57.39930978,-1,-0.197992881,0.749720052,0.988254162,0.845133696,7,1.428571429,0.333333333,O7,de-protonated,0,,C21 H30 O7,21,30,7,,,,,
1144,393.155672,393.1554042,393.1554913,93701015.5,524275.5167,166.2950401,-1,-0.22133202,0.848882645,0.979939496,0.901305385,8,1.3,0.4,O8,de-protonated,0,,C20 H26 O8,20,26,8,,,,,
1146,393.1195211,393.1192534,393.1191058,71891825.66,524323.7666,127.5893753,-1,0.375523194,0.58486948,0.995064541,0.748947505,9,1.157894737,0.473684211,O9,de-protonated,0,,C19 H22 O9,19,22,9,,,,,
1148,393.0942488,393.0939812,393.0939536,7692193.418,524357.5164,13.65165154,-1,0.070080948,0.973083661,0,0.583850197,10,1.058823529,0.529411765,N2 O9,de-protonated,0,,C17 H18 O9 N2,17,18,9,,2,,,
1149,393.0829386,393.0826709,393.0827202,51815154.98,524372.5165,91.95848335,-1,-0.12547501,0.900204617,0.997347417,0.939061737,10,1,0.555555556,O10,de-protonated,0,,C18 H18 O10,18,18,10,,,,,
1151,393.0617227,393.061455,393.0615909,7104497.408,524401.2667,12.6086433,-1,-0.345564821,0.515088309,0,0.309052985,15,0.666666667,0.380952381,O8,de-protonated,0,,C21 H14 O8,21,14,8,,,,,
1153,393.046526,393.0462584,393.0463347,48490427.82,524421.5164,86.05795352,-1,-0.194208031,0.741420375,0.983244477,0.838150016,11,0.823529412,0.647058824,O11,de-protonated,0,,C17 H14 O11,17,14,11,,,,,
1154,393.0441287,393.0438611,393.0438328,9043220.266,699232.6889,16.04937437,-1,0.071939183,0.971658021,0,0.582994812,15,0.666666667,0.285714286,S1 O6,de-protonated,0,,C21 H14 O6 S1,21,14,6,1,,,,
1156,392.1797287,392.1794621,392.1795815,9737158.387,525580.2664,17.28093485,-1,-0.304680655,0.597068222,0.98253624,0.751255429,8,1.4,0.35,13C1 O7,de-protonated,1,1164,C20 H28 O7 13C1,20,28,7,,,1,,
1157,392.1434434,392.1431769,392.143196,16499560.3,420503.2131,29.28244723,-1,-0.048912993,0.986796382,0.985566332,0.986304362,9,1.263157895,0.421052632,13C1 O8,de-protonated,1,1166,C19 H24 O8 13C1,19,24,8,,,1,,
1158,392.1072185,392.106952,392.1068105,10279541.76,525677.7668,18.24352489,-1,0.360798646,0.485198046,0.998651722,0.690579517,10,1.111111111,0.5,13C1 O9,de-protonated,1,1169,C18 H20 O9 13C1,18,20,9,,,1,,
1159,392.0991162,392.0988497,392.0987047,5408079.951,420550.8132,9.597941574,-1,0.36986004,0.467675653,0,0.280605392,10,1.055555556,0.5,N1 O9,de-protonated,0,,C18 H19 O9 N1,18,19,9,,1,,,
1160,392.0705772,392.0703107,392.070425,9094548.805,525726.5167,16.14046924,-1,-0.291547084,0.623615947,0.986562479,0.76879456,11,0.941176471,0.588235294,13C1 O10,de-protonated,1,1173,C17 H16 O10 13C1,17,16,10,,,1,,
1161,392.0624398,392.0621733,392.0623192,7852273.949,525737.7665,13.93575303,-1,-0.371889451,0.463780856,0,0.278268514,11,0.882352941,0.588235294,N1 O10,de-protonated,0,,C17 H15 O10 N1,17,15,10,,1,,,
1163,391.2129198,391.2126543,391.2126122,7771591.184,421503.4132,13.79256202,-1,0.107544243,0.937766546,0,0.562659928,7,1.454545455,0.272727273,O6,de-protonated,0,,C22 H32 O6,22,32,6,,,,,
1164,391.1763593,391.1760938,391.1762267,47967682.7,421542.8133,85.1302163,-1,-0.33973796,0.561855533,0.98253624,0.730127816,8,1.333333333,0.333333333,O7,de-protonated,0,,C21 H28 O7,21,28,7,,,,,
1166,391.1401448,391.1398794,391.1398412,68832194.44,526977.5167,122.1593221,-1,0.097747213,0.967549954,0.985566332,0.974756505,9,1.2,0.4,O8,de-protonated,0,,C20 H24 O8,20,24,8,,,,,
1169,391.1038424,391.103577,391.1034557,50130062.27,527026.0167,88.96788012,-1,0.31014199,0.535615845,0.998651722,0.720830196,10,1.052631579,0.473684211,O9,de-protonated,0,,C19 H20 O9,19,20,9,,,,,
1171,391.07848,391.0782146,391.0783036,6794144.852,527060.2665,12.05784787,-1,-0.227411059,0.750279148,0,0.450167489,11,0.941176471,0.529411765,N2 O9,de-protonated,0,,C17 H16 O9 N2,17,16,9,,2,,,
1172,391.0705657,391.0703003,391.0704415,6009274.667,527071.2667,10.66490653,-1,-0.360953776,0.484896333,0,0.2909378,6,1.333333333,0.666666667,S1 O10,de-protonated,0,,C15 H20 O10 S1,15,20,10,1,,,,
1173,391.0671983,391.066933,391.0670702,51323132.47,527075.7665,91.08527079,-1,-0.350894915,0.56409511,0.986562479,0.733082058,11,0.888888889,0.555555556,O10,de-protonated,0,,C18 H16 O10,18,16,10,,,,,
1174,391.0647864,391.0645211,391.0645683,6257976.626,527079.0166,11.10628811,-1,-0.120556343,0.922430255,0,0.553458153,15,0.727272727,0.227272727,S1 O5,de-protonated,0,,C22 H16 O5 S1,22,16,5,1,,,,
1175,391.0519652,391.0516999,391.051814,8341877.487,527096.2666,14.80467254,-1,-0.291811149,0.623082485,0,0.373849491,7,1.142857143,0.928571429,O13,de-protonated,0,,C14 H16 O13,14,16,13,,,,,
1177,391.031,391.0307347,391.0306847,18119469.24,527124.5166,32.15736615,-1,0.127999725,0.912997779,0,0.547798668,12,0.705882353,0.647058824,O11,de-protonated,0,,C17 H12 O11,17,12,11,,,,,
1178,391.0285845,391.0283193,391.0281827,8322631.694,527127.5163,14.77051624,-1,0.349094545,0.508119361,0,0.304871617,16,0.571428571,0.285714286,S1 O6,de-protonated,0,,C21 H12 O6 S1,21,12,6,1,,,,
1179,390.1641454,390.1638811,390.1639315,8730888.358,528295.7664,15.49506611,-1,-0.129130063,0.911524763,0.957528962,0.929926443,9,1.3,0.35,13C1 O7,de-protonated,1,1187,C20 H26 O7 13C1,20,26,7,,,1,,
1180,390.1279225,390.1276582,390.127546,7303953.22,528344.7666,12.96262572,-1,0.287698823,0.631386718,0.976269842,0.769339968,10,1.157894737,0.421052632,13C1 O8,de-protonated,1,1190,C19 H22 O8 13C1,19,22,8,,,1,,
1181,390.0913282,390.091064,390.0911605,8252651.286,528394.0167,14.64631914,-1,-0.247322874,0.711894482,0.972200696,0.816016967,11,1,0.5,13C1 O9,de-protonated,1,1195,C18 H18 O9 13C1,18,18,9,,,1,,
1182,390.0832045,390.0829403,390.0830546,5436992.163,528405.0167,9.649253264,-1,-0.292977909,0.620725096,0,0.372435058,11,0.944444444,0.5,N1 O9,de-protonated,0,,C18 H17 O9 N1,18,17,9,,1,,,
1183,390.0549802,390.054716,390.0547749,6430779.201,528443.2663,11.41296793,-1,-0.151131691,0.88082768,0.964964026,0.914482219,12,0.823529412,0.588235294,13C1 O10,de-protonated,1,1200,C17 H14 O10 13C1,17,14,10,,,1,,
1184,389.2910972,389.2908339,389.2908625,5992389.552,529480.5165,10.63493982,-1,-0.073505183,0.970429295,0,0.582257577,1,2,0.285714286,O6,de-protonated,0,,C21 H42 O6,21,42,6,,,,,
1185,389.1970878,389.1968246,389.1969622,15746083.34,529608.0163,27.94522073,-1,-0.353358568,0.499734,0,0.2998404,8,1.363636364,0.272727273,O6,de-protonated,0,,C22 H30 O6,22,30,6,,,,,
1187,389.1609813,389.1607182,389.1605766,29449355.63,529657.5166,52.26498079,-1,0.363716145,0.695529185,0.957528962,0.800329096,9,1.238095238,0.333333333,O7,de-protonated,0,,C21 H26 O7,21,26,7,,,,,
1188,389.1456925,389.1454294,389.1453205,5871987.126,529678.0165,10.42125669,-1,0.279878606,0.647149485,0,0.388289691,5,1.529411765,0.588235294,O10,de-protonated,0,,C17 H26 O10,17,26,10,,,,,
1190,389.1244246,389.1241615,389.1241911,39759428.48,529707.2665,70.56269045,-1,-0.076145471,0.799844072,0.976269842,0.87041438,10,1.1,0.4,O8,de-protonated,0,,C20 H22 O8,20,22,8,,,,,
1192,389.1090771,389.108814,389.108935,14569355.11,423782.4131,25.85683281,-1,-0.310846427,0.584611158,0,0.350766695,6,1.375,0.6875,O11,de-protonated,0,,C16 H22 O11,16,22,11,,,,,
1193,389.1009945,389.1007315,389.1005598,26649638.12,423791.2133,47.29620714,-1,0.441064959,0.169667354,0.772687514,0.410875418,19,0.666666667,0.037037037,S1 O1,de-protonated,0,,C27 H18 O1 S1,27,18,1,1,,,,
1194,389.0913199,389.0910568,389.0911769,8636513.72,529752.0167,15.32757556,-1,-0.308660272,0.589026419,0,0.353415851,6,1.375,0.5625,S1 O9,de-protonated,0,,C16 H22 O9 S1,16,22,9,1,,,,
1195,389.0879591,389.0876961,389.0878056,49171875.14,529756.5164,87.26734607,-1,-0.281589104,0.677800149,0.972200696,0.795560368,11,0.947368421,0.473684211,O9,de-protonated,0,,C19 H18 O9,19,18,9,,,,,
1196,389.0855542,389.0852912,389.0853037,5855099.943,529760.2665,10.39128631,-1,-0.032241024,0.994241734,0,0.59654504,15,0.782608696,0.173913043,S1 O4,de-protonated,0,,C23 H18 O4 S1,23,18,4,1,,,,
1198,389.0728005,389.0725375,389.0725495,18126310.97,529777.2665,32.16950844,-1,-0.030914171,0.994704703,0,0.596822822,7,1.2,0.8,O12,de-protonated,0,,C15 H18 O12,15,18,12,,,,,
1200,389.0518265,389.0515635,389.0514201,25884461.99,529805.7664,45.93821765,-1,0.368584186,0.675478818,0.964964026,0.791272901,12,0.777777778,0.555555556,O10,de-protonated,0,,C18 H14 O10,18,14,10,,,,,
1201,389.036594,389.036331,389.036164,8130525.867,423861.4133,14.42957814,-1,0.42928721,0.359220278,0,0.215532167,8,1,0.928571429,O13,de-protonated,0,,C14 H14 O13,14,14,13,,,,,
1202,389.0153325,389.0150695,389.0150346,6659381.18,529855.5166,11.81867725,-1,0.089668299,0.956314055,0,0.573788433,13,0.588235294,0.647058824,O11,de-protonated,0,,C17 H10 O11,17,10,11,,,,,
1203,389.0128696,389.0126066,389.0125327,7878092.291,423887.2132,13.98157391,-1,0.190034519,0.818216396,0,0.490929838,17,0.476190476,0.285714286,S1 O6,de-protonated,0,,C21 H10 O6 S1,21,10,6,1,,,,
1204,388.1484696,388.1482076,388.1482814,5142561.417,424831.2131,9.126714927,-1,-0.190193114,0.817942329,0.978610092,0.882209434,10,1.2,0.35,13C1 O7,de-protonated,1,1211,C20 H24 O7 13C1,20,24,7,,,1,,
1206,388.1250448,388.1247829,388.1249194,8999204.3,531071.2665,15.97125743,-1,-0.35183251,0.502730701,0,0.30163842,6,1.4375,0.625,N1 O10,de-protonated,0,,C16 H23 O10 N1,16,23,10,,1,,,
1208,387.1815177,387.1812568,387.1813121,11793391.59,532365.0165,20.93021635,-1,-0.142790889,0.892906377,0,0.535743826,9,1.272727273,0.272727273,O6,de-protonated,0,,C22 H28 O6,22,28,6,,,,,
1209,387.1661959,387.165935,387.1660559,14487024.69,532386.5166,25.71071763,-1,-0.312375647,0.581524006,0,0.348914403,5,1.555555556,0.5,O9,de-protonated,0,,C18 H28 O9,18,28,9,,,,,
1211,387.1450709,387.1448101,387.1449266,26059536.11,532415.5166,46.24892887,-1,-0.30099063,0.711235086,0.978610092,0.818185088,10,1.142857143,0.333333333,O7,de-protonated,0,,C21 H24 O7,21,24,7,,,,,
1213,387.1299526,387.1296918,387.1296704,23956416.22,532436.2666,42.51643565,-1,0.055081021,0.983286147,0,0.589971688,6,1.411764706,0.588235294,O10,de-protonated,0,,C17 H24 O10,17,24,10,,,,,
1215,387.1123183,387.1120575,387.1119124,5658991.143,532460.2664,10.04324397,-1,0.374810218,0.458195449,0,0.274917269,6,1.411764706,0.470588235,S1 O8,de-protonated,0,,C17 H24 O8 S1,17,24,8,1,,,,
1216,387.1089428,387.108682,387.1085411,21642097.8,425972.0132,38.4091197,-1,0.364047965,0.4788907,0,0.28733442,11,1,0.4,O8,de-protonated,0,,C20 H20 O8,20,20,8,,,,,
1218,387.0936529,387.0933921,387.0932849,24186940.23,532486.2667,42.92555607,-1,0.27692609,0.653087099,0,0.39185226,7,1.25,0.6875,O11,de-protonated,0,,C16 H20 O11,16,20,11,,,,,
1220,387.0757423,387.0754816,387.0755269,5970001.299,532510.5166,10.59520647,-1,-0.117000514,0.926769247,0,0.556061548,7,1.25,0.5625,S1 O9,de-protonated,0,,C16 H20 O9 S1,16,20,9,1,,,,
1221,387.072332,387.0720713,387.0721556,30234217.27,532515.2667,53.65790697,-1,-0.217685194,0.384270932,0.828487691,0.561957635,12,0.842105263,0.473684211,O9,de-protonated,0,,C19 H16 O9,19,16,9,,,,,
1222,387.0570227,387.056762,387.0568994,40879128.74,532536.2668,72.54986849,-1,-0.355036445,0.248222482,0.85952323,0.492742781,8,1.066666667,0.8,O12,de-protonated,0,,C15 H16 O12,15,16,12,,,,,
1223,387.0489579,387.0486972,387.0485243,8448435.6,532547.7666,14.9937856,-1,0.446814072,0.329846874,0,0.197908125,21,0.461538462,0.076923077,S1 O2,de-protonated,0,,C26 H12 O2 S1,26,12,2,1,,,,
1224,387.0359605,387.0356998,387.0357701,17023848.93,532565.2667,30.21292378,-1,-0.181534312,0.832700119,0,0.499620071,13,0.666666667,0.555555556,O10,de-protonated,0,,C18 H12 O10,18,12,10,,,,,
1225,387.0335613,387.0333006,387.0332681,6534396.069,532568.5165,11.59686104,-1,0.083921066,0.961629187,0,0.576977512,17,0.545454545,0.227272727,S1 O5,de-protonated,0,,C22 H12 O5 S1,22,12,5,1,,,,
1226,387.0208665,387.0206058,387.0205139,6697582.199,532586.0165,11.88647417,-1,0.237429618,0.73111658,0,0.438669948,9,0.857142857,0.928571429,O13,de-protonated,0,,C14 H12 O13,14,12,13,,,,,
1227,386.1541553,386.1538956,386.1537607,6373078.19,533781.7665,11.31056358,-1,0.349206244,0.507899225,0.95332177,0.686068243,6,1.529411765,0.529411765,13C1 O9,de-protonated,1,1236,C17 H26 O9 13C1,17,26,9,,,1,,
1228,386.1460633,386.1458036,386.1456549,5635591.271,427034.2132,10.00171526,-1,0.385121521,0.438676892,0,0.263206135,6,1.470588235,0.529411765,N1 O9,de-protonated,0,,C17 H25 O9 N1,17,25,9,,1,,,
1229,386.1175903,386.1173307,386.1173752,9039144.406,533832.2665,16.04214077,-1,-0.115356932,0.928737623,0.987451959,0.952223357,7,1.375,0.625,13C1 O10,de-protonated,1,1241,C16 H22 O10 13C1,16,22,10,,,1,,
1230,386.1094486,386.109189,386.1092693,9451945.408,533843.5165,16.77475566,-1,-0.208202067,0.785980904,0,0.471588542,7,1.3125,0.625,N1 O10,de-protonated,0,,C16 H21 O10 N1,16,21,10,,1,,,
1231,386.0811532,386.0808936,386.0809897,9523880.938,427106.0134,16.9024226,-1,-0.249009382,0.708591589,0.955195736,0.807233248,8,1.2,0.733333333,13C1 O11,de-protonated,1,1245,C15 H18 O11 13C1,15,18,11,,,1,,
1232,386.0731218,386.0728621,386.0728838,6679621.089,533893.7666,11.85459785,-1,-0.05617724,0.982620124,0,0.589572074,8,1.133333333,0.733333333,N1 O11,de-protonated,0,,C15 H17 O11 N1,15,17,11,,1,,,
1233,385.187156,385.1868974,385.1867914,10799198.39,535121.7663,19.16578086,-1,0.275108409,0.656737947,0,0.394042768,5,1.578947368,0.421052632,O8,de-protonated,0,,C19 H30 O8,19,30,8,,,,,
1235,385.1658604,385.1656018,385.165662,8476648.573,535151.0167,15.04385632,-1,-0.156398719,0.872936908,0,0.523762145,10,1.181818182,0.272727273,O6,de-protonated,0,,C22 H26 O6,22,26,6,,,,,
1236,385.1505257,385.1502671,385.1504059,47964281.5,428138.0132,85.12418004,-1,-0.360261897,0.497070823,0.95332177,0.679571202,6,1.444444444,0.5,O9,de-protonated,0,,C18 H26 O9,18,26,9,,,,,
1239,385.1294474,385.1291889,385.1292765,11722402.66,535202.0165,20.80422939,-1,-0.227500899,0.750108817,0,0.45006529,11,1.047619048,0.333333333,O7,de-protonated,0,,C21 H22 O7,21,22,7,,,,,
1241,385.1143463,385.1140878,385.1140204,53849819.96,535223.0166,95.56948684,-1,0.175060994,0.886092608,0.987451959,0.926636348,7,1.294117647,0.588235294,O10,de-protonated,0,,C17 H22 O10,17,22,10,,,,,
1243,385.0966844,385.0964259,385.0962623,5493164.188,428197.8132,9.748944063,-1,0.424736441,0.367060709,0,0.220236425,7,1.294117647,0.470588235,S1 O8,de-protonated,0,,C17 H22 O8 S1,17,22,8,1,,,,
1244,385.0932933,385.0930348,385.092891,12436185.93,428201.6132,22.07100987,-1,0.373458082,0.460778167,0,0.2764669,12,0.9,0.4,O8,de-protonated,0,,C20 H18 O8,20,18,8,,,,,
1245,385.077986,385.0777275,385.0776349,39757314.07,535273.5166,70.55893793,-1,0.240605501,0.716783803,0.955195736,0.812148576,8,1.125,0.6875,O11,de-protonated,0,,C16 H18 O11,16,18,11,,,,,
1247,385.0566521,385.0563936,385.0565055,20665413.64,535302.7664,36.67575823,-1,-0.290475139,0.625781205,0,0.375468723,13,0.736842105,0.473684211,O9,de-protonated,0,,C19 H14 O9,19,14,9,,,,,
1248,385.0413698,385.0411114,385.0412494,43118261.44,535324.0165,76.52374924,-1,-0.358278473,0.245053791,0.85952323,0.490841567,9,0.933333333,0.8,O12,de-protonated,0,,C15 H14 O12,15,14,12,,,,,
1250,385.0203336,385.0200752,385.02012,7223607.787,535353.2665,12.82003338,-1,-0.116269023,0.927648213,0,0.556588928,14,0.555555556,0.555555556,O10,de-protonated,0,,C18 H10 O10,18,10,10,,,,,
1251,385.017945,385.0176866,385.0176181,6228314.732,535357.0165,11.05364592,-1,0.177914814,0.838740613,0,0.503244368,18,0.454545455,0.227272727,S1 O5,de-protonated,0,,C22 H10 O5 S1,22,10,5,1,,,,
1252,384.1747458,384.1744884,384.1744962,8087240.29,536532.0165,14.35275745,-1,-0.020209596,0.997733529,0.969358215,0.986383404,6,1.555555556,0.444444444,13C1 O8,de-protonated,1,1260,C18 H28 O8 13C1,18,28,8,,,1,,
1254,384.1384746,384.1382172,384.1381107,14067120.37,429266.0134,24.96549619,-1,0.277258588,0.65241888,0.978930112,0.783023373,7,1.411764706,0.529411765,13C1 O9,de-protonated,1,1263,C17 H24 O9 13C1,17,24,9,,,1,,
1255,384.1303573,384.1300999,384.1300048,7773638.079,536594.0166,13.79619473,-1,0.247563779,0.711423124,0,0.426853874,7,1.352941176,0.529411765,N1 O9,de-protonated,0,,C17 H23 O9 N1,17,23,9,,1,,,
1256,384.1018379,384.1015806,384.1017251,14422731.1,536633.5165,25.59661315,-1,-0.376342219,0.455275483,0.961312982,0.657690483,8,1.25,0.625,13C1 O10,de-protonated,1,1266,C16 H20 O10 13C1,16,20,10,,,1,,
1257,384.0937555,384.0934981,384.0936193,11342757.11,536644.7666,20.13045685,-1,-0.315427773,0.575366401,0,0.345219841,8,1.1875,0.625,N1 O10,de-protonated,0,,C16 H19 O10 N1,16,19,10,,1,,,
1258,384.0656982,384.0654409,384.0653396,7627097.639,536684.0165,13.53612339,-1,0.263701213,0.679550278,0.953754941,0.789232143,9,1.066666667,0.733333333,13C1 O11,de-protonated,1,1270,C15 H16 O11 13C1,15,16,11,,,1,,
1259,383.207886,383.2076296,383.2075268,6121838.521,430308.4132,10.86467822,-1,0.268280905,0.670414479,0,0.402248688,5,1.6,0.35,O7,de-protonated,0,,C20 H32 O7,20,32,7,,,,,
1260,383.1712752,383.1710189,383.1711413,49321790.51,537936.7664,87.53340703,-1,-0.319425541,0.782522102,0.969358215,0.857256547,6,1.473684211,0.421052632,O8,de-protonated,0,,C19 H28 O8,19,28,8,,,,,
1263,383.1350442,383.134788,383.1347558,84376243.54,537988.0166,149.7459843,-1,0.083945976,0.807012864,0.978930112,0.875779763,7,1.333333333,0.5,O9,de-protonated,0,,C18 H24 O9,18,24,9,,,,,
1265,383.1140654,383.1138092,383.1136264,5417594.77,430413.8133,9.614827914,-1,0.476954352,0.282575904,0,0.169545542,12,0.952380952,0.333333333,O7,de-protonated,0,,C21 H20 O7,21,20,7,,,,,
1266,383.0987546,383.0984984,383.0983703,59552562.49,430431.0132,105.6903782,-1,0.334249874,0.496426258,0.961312982,0.682380947,8,1.176470588,0.588235294,O10,de-protonated,0,,C17 H20 O10,17,20,10,,,,,
1268,383.0808363,383.0805801,383.0806122,5579726.695,538063.7665,9.902570099,-1,-0.083941794,0.961610599,0,0.576966359,8,1.176470588,0.470588235,S1 O8,de-protonated,0,,C17 H20 O8 S1,17,20,8,1,,,,
1269,383.0773929,383.0771367,383.0772409,13670174.07,430455.0133,24.2610193,-1,-0.272198253,0.662574943,0,0.397544966,13,0.8,0.4,O8,de-protonated,0,,C20 H16 O8,20,16,8,,,,,
1270,383.0620795,383.0618234,383.0619848,66997246.51,430472.2131,118.9027646,-1,-0.421417327,0.526191514,0.953754941,0.697216885,9,1,0.6875,O11,de-protonated,0,,C16 H16 O11,16,16,11,,,,,
1271,383.0540383,383.0537821,383.0536096,8035253.591,538101.7665,14.26049452,-1,0.45018687,0.324349208,0,0.194609525,22,0.444444444,0.037037037,S1 O1,de-protonated,0,,C27 H12 O1 S1,27,12,1,1,,,,
1273,383.041086,383.0408298,383.0408554,11391266.57,430495.8132,20.21654856,-1,-0.066786979,0.975523959,0,0.585314375,14,0.631578947,0.473684211,O9,de-protonated,0,,C19 H12 O9,19,12,9,,,,,
1274,383.0259911,383.025735,383.0255993,14522166.79,538140.7663,25.77308576,-1,0.354308178,0.497871785,0,0.298723071,10,0.8,0.8,O12,de-protonated,0,,C15 H12 O12,15,12,12,,,,,
1276,382.235118,382.2348627,382.2349884,8189543.15,539254.2666,14.53431853,-1,-0.328817845,0.548442302,0.993735111,0.726559426,0,2.235294118,0.352941176,13C1 S1 O6,de-protonated,1,1283,C17 H38 O6 S1 13C1,17,38,6,1,,1,,
1276,382.235118,382.2348627,382.2347446,8189543.15,539254.2666,14.53431853,-1,0.308949601,0.588441963,0,0.353065178,5,1.736842105,0.263157895,N3 O5,de-protonated,0,,C19 H33 O5 N3,19,33,5,,3,,,
1277,382.1590807,382.1588256,382.1588461,16221882.22,539361.5166,28.78964053,-1,-0.05376487,0.984069033,0.988075602,0.985671661,7,1.444444444,0.444444444,13C1 O8,de-protonated,1,1285,C18 H26 O8 13C1,18,26,8,,,1,,
1278,382.122602,382.1223469,382.1224606,22581901.95,539413.0164,40.07702872,-1,-0.297464035,0.611657673,0.987125275,0.761844714,8,1.294117647,0.529411765,13C1 O9,de-protonated,1,1286,C17 H22 O9 13C1,17,22,9,,,1,,
1279,382.1145507,382.1142956,382.1143547,9645397.641,539424.7665,17.11808329,-1,-0.154720395,0.87547287,0,0.525283722,8,1.235294118,0.529411765,N1 O9,de-protonated,0,,C17 H21 O9 N1,17,21,9,,1,,,
1280,382.0864863,382.0862313,382.0860751,7696406.086,431571.4133,13.65912794,-1,0.408753611,0.395256829,0.968257796,0.624457216,9,1.125,0.625,13C1 O10,de-protonated,1,1290,C16 H18 O10 13C1,16,18,10,,,1,,
1281,382.0783417,382.0780867,382.0779692,6483409.714,539475.5166,11.50637346,-1,0.307362587,0.59164818,0,0.354988908,9,1.0625,0.625,N1 O10,de-protonated,0,,C16 H17 O10 N1,16,17,10,,1,,,
1282,382.0498545,382.0495994,382.0496896,8478583.437,539515.7665,15.0472902,-1,-0.235910563,0.734042945,0.97526289,0.830530923,10,0.933333333,0.733333333,13C1 O11,de-protonated,1,1293,C15 H14 O11 13C1,15,14,11,,,1,,
1283,381.231841,381.2315869,381.2316336,43741425.17,540673.7666,77.6297035,-1,-0.122389361,0.734296633,0.993735111,0.838072024,0,2.111111111,0.333333333,S1 O6,de-protonated,0,,C18 H38 O6 S1,18,38,6,1,,,,
1284,381.1920876,381.1918335,381.1918768,24242138.24,540729.7665,43.02351825,-1,-0.113455818,0.465492391,0.821075868,0.607725782,6,1.5,0.35,O7,de-protonated,0,,C20 H30 O7,20,30,7,,,,,
1285,381.1558756,381.1556216,381.1554913,72211248.04,540781.5168,128.1562673,-1,0.341950827,0.7531584,0.988075602,0.847125281,7,1.368421053,0.421052632,O8,de-protonated,0,,C19 H26 O8,19,26,8,,,,,
1286,381.1192212,381.1189673,381.1191058,126877312,540833.5165,225.1743759,-1,-0.363397414,0.545904543,0.987125275,0.722392836,8,1.222222222,0.5,O9,de-protonated,0,,C18 H22 O9,18,22,9,,,,,
1288,381.0981025,381.0978485,381.0979764,5844529.106,540863.5165,10.37252581,-1,-0.335498736,0.535084816,0,0.321050889,13,0.857142857,0.333333333,O7,de-protonated,0,,C21 H18 O7,21,18,7,,,,,
1289,381.0941111,381.0938572,381.0939536,9815062.886,540868.7667,17.41919516,-1,-0.253107869,0.700536471,0,0.420321882,9,1.125,0.5625,N2 O9,de-protonated,0,,C16 H18 O9 N2,16,18,9,,2,,,
1290,381.0830229,381.082769,381.0827202,54103431.23,540884.5166,96.01958118,-1,0.127887458,0.654200166,0.968257796,0.779823218,9,1.058823529,0.588235294,O10,de-protonated,0,,C17 H18 O10,17,18,10,,,,,
1292,381.0619892,381.0617353,381.0615909,7239463.701,432731.6133,12.84817352,-1,0.379130316,0.449978973,0,0.269987384,14,0.7,0.4,O8,de-protonated,0,,C20 H14 O8,20,14,8,,,,,
1293,381.0467087,381.0464548,381.0463347,40477162.09,432749.0132,71.83648178,-1,0.315080942,0.655054388,0.97526289,0.783137789,10,0.875,0.6875,O11,de-protonated,0,,C16 H14 O11,16,14,11,,,,,
1294,381.0442276,381.0439738,381.0438328,5235609.037,432751.8133,9.29185036,-1,0.369945368,0.467511667,0,0.280507,14,0.7,0.3,S1 O6,de-protonated,0,,C20 H14 O6 S1,20,14,6,1,,,,
1295,381.0253422,381.0250883,381.0252054,5455586.657,540966.7667,9.682253677,-1,-0.307195064,0.591986675,0,0.355192005,15,0.526315789,0.473684211,O9,de-protonated,0,,C19 H10 O9,19,10,9,,,,,
1296,381.0100362,381.0097824,381.0099492,5806345.666,540988.5164,10.30476009,-1,-0.437905767,0.344610167,0,0.2067661,11,0.666666667,0.8,O12,de-protonated,0,,C15 H10 O12,15,10,12,,,,,
1297,381.0076555,381.0074016,381.0074473,7042289.58,540991.5164,12.49824051,-1,-0.119873076,0.923272497,0,0.553963498,15,0.526315789,0.368421053,S1 O7,de-protonated,0,,C19 H10 O7 S1,19,10,7,1,,,,
1298,380.1797214,380.1794685,380.1795815,11488715.38,542170.0164,20.38949497,-1,-0.297210158,0.612170912,0.987706786,0.762385262,7,1.473684211,0.368421053,13C1 O7,de-protonated,1,1304,C19 H28 O7 13C1,19,28,7,,,1,,
1299,380.1436038,380.143351,380.143196,17474129.35,542221.5166,31.01205494,-1,0.407568335,0.397387202,0.996418616,0.636999767,8,1.333333333,0.444444444,13C1 O8,de-protonated,1,1305,C18 H24 O8 13C1,18,24,8,,,1,,
1300,380.1069314,380.1066786,380.1068105,19353411.4,542273.5164,34.34729397,-1,-0.347061221,0.512130936,0.995185487,0.705352757,9,1.176470588,0.529411765,13C1 O9,de-protonated,1,1308,C17 H20 O9 13C1,17,20,9,,,1,,
1301,380.0988038,380.098551,380.0987047,10816318.86,542285.0165,19.19616526,-1,-0.404286323,0.403313428,0,0.241988057,9,1.117647059,0.529411765,N1 O9,de-protonated,0,,C17 H19 O9 N1,17,19,9,,1,,,
1302,380.0707125,380.0704598,380.070425,7504656.011,542325.5166,13.31882121,-1,0.091434361,0.954616308,0.973760765,0.962274091,10,1,0.625,13C1 O10,de-protonated,1,1314,C16 H16 O10 13C1,16,16,10,,,1,,
1303,379.2128299,379.2125781,379.2126122,5930791.465,543552.0165,10.52561916,-1,-0.090011137,0.955986834,0,0.5735921,6,1.523809524,0.285714286,O6,de-protonated,0,,C21 H32 O6,21,32,6,,,,,
1304,379.1763639,379.1761122,379.1762267,57458365.86,543604.2667,101.9737215,-1,-0.30209992,0.607228045,0.987706786,0.759419541,7,1.4,0.35,O7,de-protonated,0,,C20 H28 O7,20,28,7,,,,,
1305,379.1402507,379.139999,379.1398412,86581328.61,434925.0134,153.6594394,-1,0.416142106,0.389742406,0.996418616,0.63241289,8,1.263157895,0.421052632,O8,de-protonated,0,,C19 H24 O8,19,24,8,,,,,
1307,379.1149222,379.1146705,379.1146891,5739870.518,543692.7665,10.18678392,-1,-0.049045168,0.986725403,0,0.592035242,9,1.176470588,0.470588235,N2 O8,de-protonated,0,,C17 H20 O8 N2,17,20,8,,2,,,
1308,379.1035731,379.1033214,379.1034557,102250714.7,543709.0168,181.4685424,-1,-0.354235938,0.505072159,0.995185487,0.70111749,9,1.111111111,0.5,O9,de-protonated,0,,C18 H20 O9,18,20,9,,,,,
1309,379.0980176,379.0977659,379.0975825,6561399.152,543717.0165,11.64478452,-1,0.483910345,0.272275701,0,0.16336542,18,0.64,0.16,O4,de-protonated,0,,C25 H16 O4,25,16,4,,,,,
1313,379.0784593,379.0782076,379.0783036,9767012.455,543744.7664,17.33391809,-1,-0.253086358,0.700578849,0,0.420347309,10,1,0.5625,N2 O9,de-protonated,0,,C16 H16 O9 N2,16,16,9,,2,,,
1314,379.067354,379.0671024,379.0670702,50205438.54,543761.0166,89.10165348,-1,0.084909479,0.957677201,0.973760765,0.964110626,10,0.941176471,0.588235294,O10,de-protonated,0,,C17 H16 O10,17,16,10,,,,,
1315,379.031063,379.0308114,379.0306847,19729801.86,543813.0167,35.01528957,-1,0.33445286,0.537171801,0,0.322303081,11,0.75,0.6875,O11,de-protonated,0,,C16 H12 O11,16,12,11,,,,,
1316,379.0286016,379.02835,379.0281827,7645618.044,543816.2666,13.56899231,-1,0.441256861,0.339015657,0,0.203409394,15,0.6,0.3,S1 O6,de-protonated,0,,C20 H12 O6 S1,20,12,6,1,,,,
1317,378.1641717,378.1639211,378.1639315,13177969.06,436047.6133,23.38748284,-1,-0.027376175,0.995845017,0.970605606,0.985749253,8,1.368421053,0.368421053,13C1 O7,de-protonated,1,1325,C19 H26 O7 13C1,19,26,7,,,1,,
1318,378.1278979,378.1276474,378.127546,13906672.79,436089.4134,24.68074328,-1,0.268201858,0.670572444,0.973451502,0.791724068,9,1.222222222,0.444444444,13C1 O8,de-protonated,1,1327,C18 H22 O8 13C1,18,22,8,,,1,,
1319,378.0912627,378.0910121,378.0911605,12152374.02,545164.7664,21.56731722,-1,-0.39228004,0.425321871,0.99579149,0.653509719,10,1.058823529,0.529411765,13C1 O9,de-protonated,1,1332,C17 H18 O9 13C1,17,18,9,,,1,,
1321,378.0831904,378.0829399,378.0830546,8394958.54,545176.0165,14.89887766,-1,-0.303477471,0.599500332,0,0.359700199,10,1,0.529411765,N1 O9,de-protonated,0,,C17 H17 O9 N1,17,17,9,,1,,,
1322,378.0551267,378.0548762,378.0547749,5234914.152,545216.5166,9.29061712,-1,0.267778096,0.671419121,0.981331204,0.795383954,11,0.875,0.625,13C1 O10,de-protonated,1,1337,C16 H14 O10 13C1,16,14,10,,,1,,
1324,377.1970645,377.196815,377.1969622,15464615.93,546456.7666,27.44568896,-1,-0.390173922,0.429233667,0,0.2575402,7,1.428571429,0.285714286,O6,de-protonated,0,,C21 H30 O6,21,30,6,,,,,
1325,377.1609654,377.160716,377.1605766,50080778.56,437207.4132,88.8804143,-1,0.369381021,0.732220813,0.970605606,0.82757473,8,1.3,0.35,O7,de-protonated,0,,C20 H26 O7,20,26,7,,,,,
1327,377.1243808,377.1241314,377.1241911,82025357.5,546562.5167,145.5737704,-1,-0.158499815,0.770153279,0.973451502,0.851472569,9,1.157894737,0.421052632,O8,de-protonated,0,,C19 H22 O8,19,22,8,,,,,
1329,377.1009829,377.1007335,377.1005598,21080441.65,546596.0166,37.41232547,-1,0.46060812,0.153844495,0.779247988,0.404005892,18,0.692307692,0.038461538,S1 O1,de-protonated,0,,C26 H18 O1 S1,26,18,1,1,,,,
1330,377.0991444,377.098895,377.099039,7978220.535,546598.7666,14.15927561,-1,-0.381900924,0.444738673,0,0.266843204,10,1.058823529,0.470588235,N2 O8,de-protonated,0,,C17 H18 O8 N2,17,18,8,,2,,,
1331,377.0913212,377.0910718,377.0911769,8584518.768,546610.0164,15.23529798,-1,-0.278670303,0.649580478,0,0.389748287,5,1.466666667,0.6,S1 O9,de-protonated,0,,C15 H22 O9 S1,15,22,9,1,,,,
1332,377.0879947,377.0877453,377.0878056,63915517.2,546615.2666,113.4334931,-1,-0.159861541,0.646481897,0.99579149,0.786205735,10,1,0.5,O9,de-protonated,0,,C18 H18 O9,18,18,9,,,,,
1335,377.0728664,377.0726171,377.0725495,6323134.268,437309.6132,11.22192605,-1,0.179189459,0.836622298,0,0.501973379,6,1.285714286,0.857142857,O12,de-protonated,0,,C14 H18 O12,14,18,12,,,,,
1337,377.0518155,377.0515662,377.0514201,32806464.9,437334.0132,58.22298048,-1,0.38736842,0.552943132,0.981331204,0.724298361,11,0.823529412,0.588235294,O10,de-protonated,0,,C17 H14 O10,17,14,10,,,,,
1340,377.0151916,377.0149423,377.0150346,8608423.168,546720.7668,15.2777221,-1,-0.244847309,0.71672956,0,0.430037736,12,0.625,0.6875,O11,de-protonated,0,,C16 H10 O11,16,10,11,,,,,
1341,377.0127938,377.0125446,377.0125327,8602442.39,546724.2668,15.26710777,-1,0.031496067,0.994504035,0,0.596702421,16,0.5,0.3,S1 O6,de-protonated,0,,C20 H10 O6 S1,20,10,6,1,,,,
1342,376.1485611,376.1483128,376.1482814,8551924.113,438384.2133,15.17745091,-1,0.083453511,0.962047356,0.959931979,0.961201206,9,1.263157895,0.368421053,13C1 O7,de-protonated,1,1349,C19 H24 O7 13C1,19,24,7,,,1,,
1343,376.1250845,376.1248362,376.1249194,5484137.375,548014.2664,9.732923807,-1,-0.221255423,0.761879816,0,0.45712789,5,1.533333333,0.666666667,N1 O10,de-protonated,0,,C15 H23 O10 N1,15,23,10,,1,,,
1345,376.0758462,376.075598,376.0755104,5233682.156,548086.0164,9.288430645,-1,0.232914376,0.739793692,0.966730305,0.830568337,11,0.941176471,0.529411765,13C1 O9,de-protonated,1,1358,C17 H16 O9 13C1,17,16,9,,,1,,
1346,375.2756172,375.2753699,375.2752125,14780567.58,549254.7666,26.23168025,-1,0.419462099,0.376253786,0,0.225752272,1,2,0.3,O6,de-protonated,0,,C20 H40 O6,20,40,6,,,,,
1347,375.1816165,375.1813692,375.1813121,13352738.92,439514.0132,23.6976541,-1,0.152352174,0.879017012,0,0.527410207,8,1.333333333,0.285714286,O6,de-protonated,0,,C21 H28 O6,21,28,6,,,,,
1349,375.1450573,375.1448101,375.1449266,53036464.46,549446.2667,94.12599144,-1,-0.310433099,0.773746564,0.959931979,0.84822073,9,1.2,0.35,O7,de-protonated,0,,C20 H24 O7,20,24,7,,,,,
1351,375.1298438,375.1295966,375.1296704,10094297.39,549468.5168,17.9147641,-1,-0.196706394,0.80657099,0,0.483942594,5,1.5,0.625,O10,de-protonated,0,,C16 H24 O10,16,24,10,,,,,
1353,375.1088743,375.1086272,375.1085411,40577538.5,549499.2665,72.0146239,-1,0.22964424,0.373018371,0.828487691,0.555206099,10,1.052631579,0.421052632,O8,de-protonated,0,,C19 H20 O8,19,20,8,,,,,
1355,375.0936854,375.0934383,375.0932849,10520301.89,549521.5166,18.67081179,-1,0.408925174,0.394948904,0,0.236969343,6,1.333333333,0.733333333,O11,de-protonated,0,,C15 H20 O11,15,20,11,,,,,
1357,375.0758343,375.0755872,375.0755269,5864030.341,439638.0132,10.40713545,-1,0.160839154,0.866131994,0,0.519679197,6,1.333333333,0.6,S1 O9,de-protonated,0,,C15 H20 O9 S1,15,20,9,1,,,,
1358,375.072453,375.0722059,375.0721556,34811091.42,549552.2665,61.78067348,-1,0.13430946,0.822217464,0.966730305,0.8800226,11,0.888888889,0.5,O9,de-protonated,0,,C18 H16 O9,18,16,9,,,,,
1359,375.057036,375.056789,375.0568994,20116850.06,439660.0132,35.70219991,-1,-0.294467097,0.617715638,0,0.370629383,7,1.142857143,0.857142857,O12,de-protonated,0,,C14 H16 O12,14,16,12,,,,,
1360,375.0489518,375.0487047,375.0485243,7726752.521,549587.0165,13.712985,-1,0.481056468,0.276473391,0,0.165884035,20,0.48,0.08,S1 O2,de-protonated,0,,C25 H12 O2 S1,25,12,2,1,,,,
1361,375.035896,375.0356489,375.0357701,24269438.57,549605.7667,43.07196927,-1,-0.322959598,0.560200476,0,0.336120285,12,0.705882353,0.588235294,O10,de-protonated,0,,C17 H12 O10,17,12,10,,,,,
1362,375.0334976,375.0332506,375.0332681,8470182.593,439687.6132,15.03238088,-1,-0.046778316,0.987916868,0,0.592750121,16,0.571428571,0.238095238,S1 O5,de-protonated,0,,C21 H12 O5 S1,21,12,5,1,,,,
1363,374.1096203,374.1093743,374.1092693,6884334.866,440773.4133,12.21791179,-1,0.280549335,0.64579945,0,0.38747967,6,1.4,0.666666667,N1 O10,de-protonated,0,,C15 H21 O10 N1,15,21,10,,1,,,
1364,374.0964157,374.0961697,374.0962458,5971354.104,440789.0132,10.59760734,-1,-0.203571297,0.794351442,0.983665542,0.870077082,11,1,0.444444444,13C1 O8,de-protonated,1,1376,C18 H18 O8 13C1,18,18,8,,,1,,
1366,373.2021881,373.2019431,373.2020475,5292534.715,552306.2666,9.392878698,-1,-0.27983822,0.647230762,0,0.388338457,8,1.363636364,0.227272727,O5,de-protonated,0,,C22 H30 O5,22,30,5,,,,,
1367,373.1660439,373.165799,373.165662,11763948.79,441888.0132,20.877963,-1,0.367033686,0.473118406,0,0.283871044,9,1.238095238,0.285714286,O6,de-protonated,0,,C21 H26 O6,21,26,6,,,,,
1368,373.1507249,373.15048,373.1504059,12769880.22,552382.7665,22.66323083,-1,0.198565716,0.803284482,0,0.481970689,5,1.529411765,0.529411765,O9,de-protonated,0,,C17 H26 O9,17,26,9,,,,,
1370,373.1327864,373.1325415,373.1326478,5727540.908,552409.0167,10.16490205,-1,-0.284806073,0.637222682,0,0.382333609,5,1.529411765,0.411764706,S1 O7,de-protonated,0,,C17 H26 O7 S1,17,26,7,1,,,,
1371,373.1293877,373.1291428,373.1292765,30347159.98,552414.0165,53.85835104,-1,-0.358467597,0.244869316,0.821075868,0.475351937,10,1.1,0.35,O7,de-protonated,0,,C20 H22 O7,20,22,7,,,,,
1373,373.114149,373.1139041,373.1140204,33829625.09,441949.4133,60.03882487,-1,-0.311559456,0.291585782,0.851548379,0.515570821,6,1.375,0.625,O10,de-protonated,0,,C16 H22 O10,16,22,10,,,,,
1375,373.0965138,373.096269,373.0962623,6499994.884,552463.0166,11.53580784,-1,0.017818643,0.998237643,0,0.598942586,6,1.375,0.5,S1 O8,de-protonated,0,,C16 H22 O8 S1,16,22,8,1,,,,
1376,373.0931908,373.092946,373.092891,25817077.38,552468.0165,45.81862741,-1,0.147333134,0.840372276,0.983665542,0.897689583,11,0.947368421,0.421052632,O8,de-protonated,0,,C19 H18 O8,19,18,8,,,,,
1378,373.0780208,373.0777759,373.0776349,25863640.83,441992.2132,45.90126547,-1,0.37810859,0.451917272,0,0.271150363,7,1.2,0.733333333,O11,de-protonated,0,,C15 H18 O11,15,18,11,,,,,
1380,373.0568066,373.0565618,373.0565055,22377680.54,552521.5167,39.7145886,-1,0.150826849,0.88127824,0,0.528766944,12,0.777777778,0.5,O9,de-protonated,0,,C18 H14 O9,18,14,9,,,,,
1381,373.0414499,373.0412051,373.0412494,24589327.56,552544.2665,43.63968939,-1,-0.118609149,0.924819885,0,0.554891931,8,1,0.857142857,O12,de-protonated,0,,C14 H14 O12,14,14,12,,,,,
1383,373.0202694,373.0200246,373.02012,10292074.9,552576.0167,18.26576797,-1,-0.2555837,0.695652024,0,0.417391214,13,0.588235294,0.588235294,O10,de-protonated,0,,C17 H10 O10,17,10,10,,,,,
1384,373.0178648,373.01762,373.0176181,7359882.33,552579.5167,13.06188541,-1,0.005204933,0.999849504,0,0.599909702,17,0.476190476,0.238095238,S1 O5,de-protonated,0,,C21 H10 O5 S1,21,10,5,1,,,,
1385,372.1384253,372.1381816,372.1381107,8105093.475,443108.2131,14.38444223,-1,0.190544635,0.817334382,0.968304898,0.877722588,6,1.5,0.5625,13C1 O9,de-protonated,1,1394,C16 H24 O9 13C1,16,24,9,,,1,,
1386,372.1303672,372.1301234,372.1300048,6352487.163,553897.0166,11.27401984,-1,0.318764995,0.568640853,0,0.341184512,6,1.4375,0.5625,N1 O9,de-protonated,0,,C16 H23 O9 N1,16,23,9,,1,,,
1387,372.1019875,372.1017438,372.1017251,7536729.816,443151.6132,13.3757439,-1,0.050150423,0.98612458,0.983573247,0.985104047,7,1.333333333,0.666666667,13C1 O10,de-protonated,1,1400,C15 H20 O10 13C1,15,20,10,,,1,,
1388,372.0938635,372.0936198,372.0936193,8146104.719,553951.7666,14.45722657,-1,0.001390614,0.999989257,0,0.599993554,7,1.266666667,0.666666667,N1 O10,de-protonated,0,,C15 H19 O10 N1,15,19,10,,1,,,
1389,372.0654631,372.0652194,372.0653396,9464290.788,553994.0164,16.79666552,-1,-0.323029468,0.560060022,0.976586528,0.726670624,8,1.142857143,0.785714286,13C1 O11,de-protonated,1,1404,C14 H16 O11 13C1,14,16,11,,,1,,
1390,372.057423,372.0571793,372.0572338,5870447.492,443204.6131,10.41852424,-1,-0.14634561,0.887822413,0,0.532693448,8,1.071428571,0.785714286,N1 O11,de-protonated,0,,C14 H15 O11 N1,14,15,11,,1,,,
1391,371.1714925,371.1712498,371.1711413,15570209.49,555328.0164,27.63309018,-1,0.292211128,0.622274397,0,0.373364638,5,1.555555556,0.444444444,O8,de-protonated,0,,C18 H28 O8,18,28,8,,,,,
1393,371.1502742,371.1500315,371.150012,8155570.16,555359.7664,14.47402527,-1,0.052722764,0.984675906,0,0.590805544,10,1.142857143,0.285714286,O6,de-protonated,0,,C21 H24 O6,21,24,6,,,,,
1394,371.1349026,371.13466,371.1347558,56951775.91,555382.7667,101.0746555,-1,-0.258253026,0.753852845,0.968304898,0.839633666,6,1.411764706,0.529411765,O9,de-protonated,0,,C17 H24 O9,17,24,9,,,,,
1397,371.1171432,371.1169006,371.1169978,8196923.359,555409.2667,14.54741649,-1,-0.261706725,0.683518008,0,0.410110805,6,1.411764706,0.411764706,S1 O7,de-protonated,0,,C17 H24 O7 S1,17,24,7,1,,,,
1398,371.1137649,371.1135223,371.1136264,17937378.98,555414.7667,31.83420308,-1,-0.28075655,0.645382286,0,0.387229372,11,1,0.35,O7,de-protonated,0,,C20 H20 O7,20,20,7,,,,,
1400,371.0986421,371.0983995,371.0983703,49548953.73,555437.0166,87.93656293,-1,0.078603411,0.97619101,0.983573247,0.979143905,7,1.25,0.625,O10,de-protonated,0,,C16 H20 O10,16,20,10,,,,,
1402,371.08103,371.0807874,371.0806122,5791272.829,444370.8132,10.27800971,-1,0.472008621,0.290040676,0,0.174024406,7,1.25,0.5,S1 O8,de-protonated,0,,C16 H20 O8 S1,16,20,8,1,,,,
1403,371.0776075,371.077365,371.0772409,13603331.5,555468.5167,24.14239104,-1,0.334239702,0.53759734,0,0.322558404,12,0.842105263,0.421052632,O8,de-protonated,0,,C19 H16 O8,19,16,8,,,,,
1404,371.0622999,371.0620573,371.0619848,48283447.45,555491.7665,85.69061697,-1,0.195491671,0.684384308,0.976586528,0.801265196,8,1.066666667,0.733333333,O11,de-protonated,0,,C15 H16 O11,15,16,11,,,,,
1407,371.0409763,371.0407338,371.0408554,19387981.46,555523.2665,34.40864687,-1,-0.327768778,0.550545039,0,0.330327023,13,0.666666667,0.5,O9,de-protonated,0,,C18 H12 O9,18,12,9,,,,,
1408,371.0385241,371.0382816,371.0383535,5366485.355,555527.0164,9.524121936,-1,-0.193781165,0.811705699,0,0.487023419,17,0.545454545,0.181818182,S1 O4,de-protonated,0,,C22 H12 O4 S1,22,12,4,1,,,,
1409,371.0257273,371.0254848,371.0255993,20428759.3,555546.5164,36.25575804,-1,-0.308509343,0.589331316,0,0.35359879,9,0.857142857,0.857142857,O12,de-protonated,0,,C14 H12 O12,14,12,12,,,,,
1412,370.1591807,370.1589392,370.1588461,10020206.66,556847.0165,17.78327224,-1,0.251414881,0.703868614,0.962841484,0.807457762,6,1.529411765,0.470588235,13C1 O8,de-protonated,1,1421,C17 H26 O8 13C1,17,26,8,,,1,,
1414,370.1227218,370.1224803,370.1224606,17457134.36,556901.5164,30.98189323,-1,0.053320563,0.984329183,0.976054567,0.981019337,7,1.375,0.5625,13C1 O9,de-protonated,1,1424,C16 H22 O9 13C1,16,22,9,,,1,,
1415,370.1145398,370.1142983,370.1143547,10040230.65,445531.2132,17.81880965,-1,-0.15244753,0.878875089,0,0.527325054,7,1.3125,0.5625,N1 O9,de-protonated,0,,C16 H21 O9 N1,16,21,9,,1,,,
1416,370.0862174,370.0859759,370.0860751,11057135.72,556956.5165,19.62355283,-1,-0.267905879,0.67116384,0.973109811,0.791942228,8,1.2,0.666666667,13C1 O10,de-protonated,1,1428,C15 H18 O10 13C1,15,18,10,,,1,,
1417,370.078173,370.0779316,370.0779692,9722985.601,445575.0132,17.25578182,-1,-0.101728091,0.94412921,0,0.566477526,8,1.133333333,0.666666667,N1 O10,de-protonated,0,,C15 H17 O10 N1,15,17,10,,1,,,
1418,370.0500712,370.0498297,370.0496896,6673390.793,445608.8135,11.84354069,-1,0.378794873,0.450614993,0.992220401,0.667257157,9,1,0.785714286,13C1 O11,de-protonated,1,1433,C14 H14 O11 13C1,14,14,11,,,1,,
1420,369.1921,369.1918595,369.1918768,15159122.65,446644.4133,26.90351748,-1,-0.046734828,0.987939188,0,0.592763513,5,1.578947368,0.368421053,O7,de-protonated,0,,C19 H30 O7,19,30,7,,,,,
1421,369.1556521,369.1554117,369.1554913,68999180.42,558360.7665,122.455679,-1,-0.215546742,0.738188149,0.962841484,0.828049483,6,1.444444444,0.444444444,O8,de-protonated,0,,C18 H26 O8,18,26,8,,,,,
1424,369.1194756,369.1192352,369.1191058,79405716.15,558415.5167,140.9245853,-1,0.350670133,0.744672855,0.976054567,0.83722554,7,1.294117647,0.529411765,O9,de-protonated,0,,C17 H22 O9,17,22,9,,,,,
1426,369.098217,369.0979767,369.0979764,7732738.047,446758.0132,13.72360776,-1,0.00082533,0.999996216,0,0.599997729,12,0.9,0.35,O7,de-protonated,0,,C20 H18 O7,20,18,7,,,,,
1427,369.0941556,369.0939152,369.0939536,5965909.995,558453.5163,10.58794546,-1,-0.103999498,0.941681371,0,0.565008822,8,1.2,0.6,N2 O9,de-protonated,0,,C15 H18 O9 N2,15,18,9,,2,,,
1428,369.0828518,369.0826115,369.0827202,79902106.43,558470.5166,141.8055495,-1,-0.294567642,0.644338133,0.973109811,0.775846804,8,1.125,0.625,O10,de-protonated,0,,C16 H18 O10,16,18,10,,,,,
1429,369.0747627,369.0745224,369.0743451,13603039.41,558482.7665,24.14187265,-1,0.480485629,0.277317746,0,0.166390647,21,0.518518519,0,S1,de-protonated,0,,C27 H14 S1,27,14,,1,,,,
1431,369.0651018,369.0648615,369.0649622,5932046.744,446798.0132,10.52784696,-1,-0.272678432,0.661612559,0,0.396967536,8,1.125,0.5,S1 O8,de-protonated,0,,C16 H18 O8 S1,16,18,8,1,,,,
1432,369.0617223,369.061482,369.0615909,16576258.8,558502.5163,29.4185672,-1,-0.295040469,0.616556767,0,0.36993406,13,0.736842105,0.421052632,O8,de-protonated,0,,C19 H14 O8,19,14,8,,,,,
1433,369.0466499,369.0464096,369.0463347,43616986.46,446820.4133,77.40885702,-1,0.202771456,0.623201009,0.992220401,0.770808766,9,0.933333333,0.733333333,O11,de-protonated,0,,C15 H14 O11,15,14,11,,,,,
1435,369.0255914,369.0253511,369.0252054,5842298.928,558557.2666,10.36856782,-1,0.394947265,0.420389287,0,0.252233572,14,0.555555556,0.5,O9,de-protonated,0,,C18 H10 O9,18,10,9,,,,,
1437,368.1798718,368.1796325,368.1795815,7414931.722,559840.2666,13.15958382,-1,0.138506433,0.898904972,0.983471854,0.932731724,6,1.555555556,0.388888889,13C1 O7,de-protonated,1,1451,C18 H28 O7 13C1,18,28,7,,,1,,
1438,368.143311,368.1430717,368.143196,27111987.97,559896.2665,48.11675842,-1,-0.337615018,0.53086693,0.981162457,0.710985141,7,1.411764706,0.470588235,13C1 O8,de-protonated,1,1452,C17 H24 O8 13C1,17,24,8,,,1,,
1439,368.1352804,368.1350411,368.1350902,7042119.57,559908.0165,12.49793879,-1,-0.13322943,0.906094602,0,0.543656761,7,1.352941176,0.470588235,N1 O8,de-protonated,0,,C17 H23 O8 N1,17,23,8,,1,,,
1440,368.1071882,368.1069489,368.1068105,13976914.98,447960.8132,24.80540499,-1,0.376046208,0.455839146,0.98941084,0.669267824,8,1.25,0.5625,13C1 O9,de-protonated,1,1455,C16 H20 O9 13C1,16,20,9,,,1,,
1441,368.0990545,368.0988153,368.0987047,8210816.365,559963.5166,14.57207298,-1,0.300647423,0.605221722,0,0.363133033,8,1.1875,0.5625,N1 O9,de-protonated,0,,C16 H19 O9 N1,16,19,9,,1,,,
1442,368.0705337,368.0702945,368.070425,12301969.57,560006.5165,21.83281059,-1,-0.35464117,0.497219243,0.987669302,0.693399267,9,1.066666667,0.666666667,13C1 O10,de-protonated,1,1459,C15 H16 O10 13C1,15,16,10,,,1,,
1443,368.0624429,368.0622037,368.0623192,9890827.562,560019.2667,17.55365785,-1,-0.313629588,0.578993521,0,0.347396113,9,1,0.666666667,N1 O10,de-protonated,0,,C15 H15 O10 N1,15,15,10,,1,,,
1448,367.242792,367.2425537,367.2424731,19379098.86,249452.0073,34.39288256,-1,0.219615378,0.764946392,0,0.458967835,4,1.8,0.1,N2 S1 O2,de-protonated,0,,C20 H36 O2 S1 N2,20,36,2,1,2,,,
1449,367.2313587,367.2311205,367.2312397,5808405.103,561286.2664,10.30841506,-1,-0.324510721,0.557083554,0,0.334250132,4,1.714285714,0.142857143,S1 O3,de-protonated,0,,C21 H36 O3 S1,21,36,3,1,,,,
1450,367.2128712,367.212633,367.2126122,5147331.962,561314.5166,9.13518141,-1,0.056544257,0.982394307,0,0.589436584,5,1.6,0.3,O6,de-protonated,0,,C20 H32 O6,20,32,6,,,,,
1451,367.1765091,367.1762709,367.1762267,40428225.77,449096.2131,71.74963247,-1,0.120325032,0.910810403,0.983471854,0.939874984,6,1.473684211,0.368421053,O7,de-protonated,0,,C19 H28 O7,19,28,7,,,,,
1452,367.1399867,367.1397486,367.1398412,121200611.3,561426.2665,215.099702,-1,-0.252192182,0.616603236,0.981162457,0.762426924,7,1.333333333,0.444444444,O8,de-protonated,0,,C18 H24 O8,18,24,8,,,,,
1454,367.1150069,367.1147688,367.1146891,5192794.479,449171.4132,9.215865606,-1,0.217059861,0.769703497,0,0.461822098,8,1.25,0.5,N2 O8,de-protonated,0,,C16 H20 O8 N2,16,20,8,,2,,,
1455,367.1038258,367.1035877,367.1034557,81958626.89,561481.2666,145.4553408,-1,0.359646437,0.47163997,0.98941084,0.678748318,8,1.176470588,0.529411765,O9,de-protonated,0,,C17 H20 O9,17,20,9,,,,,
1457,367.0825982,367.0823602,367.0823263,6265716.42,561514.0168,11.12002423,-1,0.092207999,0.953863134,0,0.57231788,13,0.8,0.35,O7,de-protonated,0,,C20 H16 O7,20,16,7,,,,,
1458,367.0785366,367.0782986,367.0783036,6464447.845,561520.2666,11.47272106,-1,-0.013594375,0.998973821,0,0.599384293,9,1.066666667,0.6,N2 O9,de-protonated,0,,C15 H16 O9 N2,15,16,9,,2,,,
1459,367.0672225,367.0669845,367.0670702,64211229.81,561537.2666,113.9583064,-1,-0.233495352,0.617950042,0.987669302,0.765837746,9,1,0.625,O10,de-protonated,0,,C16 H16 O10,16,16,10,,,,,
1460,367.0591104,367.0588723,367.058695,7645494.662,561550.0167,13.56877334,-1,0.48307332,0.273502774,0,0.164101664,22,0.444444444,0,S1,de-protonated,0,,C27 H12 S1,27,12,,1,,,,
1462,367.0460868,367.0458488,367.0459408,11573983.58,561569.5167,20.54082394,-1,-0.250771889,0.705132416,0,0.42307945,14,0.631578947,0.421052632,O8,de-protonated,0,,C19 H12 O8,19,12,8,,,,,
1463,367.0309271,367.030689,367.0306847,23992079.8,561592.7666,42.57972927,-1,0.011912982,0.999211871,0,0.599527123,10,0.8,0.733333333,O11,de-protonated,0,,C15 H12 O11,15,12,11,,,,,
1464,367.0285328,367.0282948,367.0281827,5184128.306,561596.7668,9.200485392,-1,0.305390818,0.595632839,0,0.357379704,14,0.631578947,0.315789474,S1 O6,de-protonated,0,,C19 H12 O6 S1,19,12,6,1,,,,
1466,366.2499248,366.2496876,366.249726,384947574.9,562790.2667,683.1822692,-1,-0.104748576,0.235215919,0.822525811,0.470139876,0,2.176470588,0.411764706,N1 O7,de-protonated,0,,C17 H37 O7 N1,17,37,7,,1,,,
1467,366.1640713,366.1638343,366.1639315,16811379.4,562922.2662,29.83584539,-1,-0.265411398,0.676142675,0.981316871,0.798212354,7,1.444444444,0.388888889,13C1 O7,de-protonated,1,1477,C18 H26 O7 13C1,18,26,7,,,1,,
1468,366.1277976,366.1275606,366.127546,21991012.32,562978.0166,39.02835263,-1,0.040028964,0.991137737,0.98363715,0.988137502,8,1.294117647,0.470588235,13C1 O8,de-protonated,1,1478,C17 H22 O8 13C1,17,22,8,,,1,,
1469,366.1197506,366.1195136,366.1194401,7236312.696,562990.7667,12.8425813,-1,0.200847434,0.799227695,0,0.479536617,8,1.235294118,0.470588235,N1 O8,de-protonated,0,,C17 H21 O8 N1,17,21,8,,1,,,
1470,366.0914819,366.0912449,366.0911605,11504598.58,563034.2665,20.41768353,-1,0.230731219,0.743965563,0.989453329,0.84216067,9,1.125,0.5625,13C1 O9,de-protonated,1,1481,C16 H18 O9 13C1,16,18,9,,,1,,
1471,366.0833089,366.0830719,366.0830546,9634621.8,563046.7666,17.09895896,-1,0.047310313,0.987642183,0,0.59258531,9,1.0625,0.5625,N1 O9,de-protonated,0,,C16 H17 O9 N1,16,17,9,,1,,,
1472,366.0548976,366.0546607,366.0547749,9360324.375,563090.5167,16.61215205,-1,-0.312028697,0.582224314,0.990755087,0.745636623,10,0.933333333,0.666666667,13C1 O10,de-protonated,1,1487,C15 H14 O10 13C1,15,14,10,,,1,,
1473,366.0468258,366.0465889,366.0466691,5936976.213,450482.2133,10.53659549,-1,-0.218994632,0.766104315,0,0.459662589,10,0.866666667,0.666666667,N1 O10,de-protonated,0,,C15 H13 O10 N1,15,13,10,,1,,,
1476,365.1972702,365.1970343,365.1969622,13939306.08,564412.5163,24.73865893,-1,0.19750838,0.80515556,0,0.483093336,6,1.5,0.3,O6,de-protonated,0,,C20 H30 O6,20,30,6,,,,,
1477,365.1607062,365.1604703,365.1605766,93189729.87,564469.0164,165.3876405,-1,-0.291231289,0.650198279,0.981316871,0.782645716,7,1.368421053,0.368421053,O7,de-protonated,0,,C19 H26 O7,19,26,7,,,,,
1478,365.1245326,365.1242967,365.1241911,99958851,564525.2667,177.4010777,-1,0.289061733,0.809886578,0.98363715,0.879386807,8,1.222222222,0.444444444,O8,de-protonated,0,,C18 H22 O8,18,22,8,,,,,
1480,365.0993097,365.0990739,365.099039,7162192.493,564564.2663,12.71103714,-1,0.095553668,0.950540015,0,0.570324009,9,1.125,0.5,N2 O8,de-protonated,0,,C16 H18 O8 N2,16,18,8,,2,,,
1481,365.0880127,365.0877769,365.0878056,67438294.55,564581.7666,119.6855107,-1,-0.078666931,0.855084689,0.989453329,0.908832145,9,1.058823529,0.529411765,O9,de-protonated,0,,C17 H18 O9,17,18,9,,,,,
1484,365.0667777,365.0665419,365.0666763,8530555.281,564614.2664,15.13952677,-1,-0.36805432,0.471150511,0,0.282690307,14,0.7,0.35,O7,de-protonated,0,,C20 H14 O7,20,14,7,,,,,
1486,365.0627737,365.0625379,365.0626535,8046688.973,564620.7665,14.28078936,-1,-0.316674473,0.572852946,0,0.343711768,10,0.933333333,0.6,N2 O9,de-protonated,0,,C15 H14 O9 N2,15,14,9,,2,,,
1487,365.0515949,365.0513591,365.0514201,57880145.04,564637.7664,102.7222703,-1,-0.167226427,0.719165909,0.990755087,0.82780158,10,0.875,0.625,O10,de-protonated,0,,C16 H14 O10,16,14,10,,,,,
1488,365.0491948,365.048959,365.0489182,6202385.927,564641.5163,11.00762901,-1,0.111901373,0.932798374,0,0.559679024,14,0.7,0.25,S1 O5,de-protonated,0,,C20 H14 O5 S1,20,14,5,1,,,,
1489,365.0154182,365.0151824,365.0150346,7472840.051,564694.0163,13.26235611,-1,0.40500057,0.402020352,0,0.241212211,11,0.666666667,0.733333333,O11,de-protonated,0,,C15 H10 O11,15,10,11,,,,,
1491,364.1847776,364.1845428,364.1846669,8014812.885,565982.0167,14.22421756,-1,-0.340751362,0.524629049,0.983561284,0.708201943,7,1.473684211,0.315789474,13C1 O6,de-protonated,1,1497,C19 H28 O6 13C1,19,28,6,,,1,,
1492,364.1485706,364.1483358,364.1482814,13858432.42,566038.2663,24.59512912,-1,0.14928588,0.883545372,0.976706966,0.92081001,8,1.333333333,0.388888889,13C1 O7,de-protonated,1,1498,C18 H24 O7 13C1,18,24,7,,,1,,
1493,364.1121209,364.1118861,364.1118959,15894045.99,566095.0164,28.20781611,-1,-0.026806262,0.996015871,0.967246842,0.984508259,9,1.176470588,0.470588235,13C1 O8,de-protonated,1,1501,C17 H20 O8 13C1,17,20,8,,,1,,
1494,364.1039328,364.103698,364.10379,8287059.197,566107.7664,14.70738427,-1,-0.252665268,0.701408228,0,0.420844937,9,1.117647059,0.470588235,N1 O8,de-protonated,0,,C17 H19 O8 N1,17,19,8,,1,,,
1495,364.0756955,364.0754608,364.0755104,9273891.595,566151.2664,16.45875625,-1,-0.136130103,0.902170052,0.97291058,0.930466263,10,1,0.5625,13C1 O9,de-protonated,1,1505,C16 H16 O9 13C1,16,16,9,,,1,,
1496,364.067685,364.0674503,364.0674045,7940164.508,566164.0165,14.09173602,-1,0.125708244,0.915951361,0,0.549570817,10,0.9375,0.5625,N1 O9,de-protonated,0,,C16 H15 O9 N1,16,15,9,,1,,,
1497,363.1815581,363.1813244,363.1813121,33010453.67,454036.2132,58.58500772,-1,0.033911017,0.759130382,0.983561284,0.848902743,7,1.4,0.3,O6,de-protonated,0,,C20 H28 O6,20,28,6,,,,,
1498,363.1452179,363.1449842,363.1449266,79641096.42,567602.2665,141.3423243,-1,0.158739535,0.876456054,0.976706966,0.916556419,8,1.263157895,0.368421053,O7,de-protonated,0,,C19 H24 O7,19,24,7,,,,,
1500,363.112025,363.1117913,363.1119124,10142653.39,567653.7666,18.00058348,-1,-0.333311126,0.539451874,0,0.323671124,4,1.6,0.533333333,S1 O8,de-protonated,0,,C15 H24 O8 S1,15,24,8,1,,,,
1501,363.1086665,363.1084329,363.1085411,105238243,567659.0166,186.7706315,-1,-0.298009757,0.803285142,0.967246842,0.868869822,9,1.111111111,0.444444444,O8,de-protonated,0,,C18 H20 O8,18,20,8,,,,,
1504,363.0837151,363.0834816,363.0833889,7629841.3,454158.6132,13.54099268,-1,0.255048685,0.696708656,0,0.418025193,10,1,0.5,N2 O8,de-protonated,0,,C16 H16 O8 N2,16,16,8,,2,,,
1505,363.0725159,363.0722824,363.0721556,41301058.78,454172.6133,73.29868505,-1,0.349286791,0.704955276,0.97291058,0.812137397,10,0.941176471,0.529411765,O9,de-protonated,0,,C17 H16 O9,17,16,9,,,,,
1506,363.0572541,363.0570206,363.0568994,5501782.008,567739.7666,9.764238463,-1,0.333702271,0.538670537,0,0.323202322,6,1.230769231,0.923076923,O12,de-protonated,0,,C13 H16 O12,13,16,12,,,,,
1508,363.0358822,363.0356487,363.0357701,38556185.5,454218.4131,68.42724574,-1,-0.334270687,0.26876774,0.851548379,0.501879996,11,0.75,0.625,O10,de-protonated,0,,C16 H12 O10,16,12,10,,,,,
1509,363.033474,363.0332404,363.0332681,10020896.78,454221.4134,17.78449703,-1,-0.076300715,0.968174123,0,0.580904474,15,0.6,0.25,S1 O5,de-protonated,0,,C20 H12 O5 S1,20,12,5,1,,,,
1510,362.1691778,362.1689453,362.1690169,8627757.264,455305.4133,15.31203512,-1,-0.197674588,0.804861809,0.960840355,0.867253227,8,1.368421053,0.315789474,13C1 O6,de-protonated,1,1515,C19 H26 O6 13C1,19,26,6,,,1,,
1511,362.1328427,362.1326102,362.1326313,11235986.91,569189.0164,19.94096737,-1,-0.058370889,0.981249352,0.978772504,0.980258613,9,1.222222222,0.388888889,13C1 O7,de-protonated,1,1518,C18 H22 O7 13C1,18,22,7,,,1,,
1512,362.0965577,362.0963253,362.0962458,7333173.158,569246.0165,13.01448354,-1,0.219310893,0.765514561,0.957245735,0.84220703,10,1.058823529,0.470588235,13C1 O8,de-protonated,1,1524,C17 H18 O8 13C1,17,18,8,,,1,,
1513,362.05999,362.0597575,362.0598603,8257165.17,569303.5165,14.65433011,-1,-0.283928941,0.638991143,0.964193728,0.769072177,11,0.875,0.5625,13C1 O9,de-protonated,1,1528,C16 H14 O9 13C1,16,14,9,,,1,,
1514,362.0519355,362.0517031,362.0517545,6132991.771,569316.2667,10.88447235,-1,-0.141845473,0.89424227,0,0.536545362,11,0.8125,0.5625,N1 O9,de-protonated,0,,C16 H13 O9 N1,16,13,9,,1,,,
1515,361.1659432,361.1657118,361.165662,30933907.48,570712.5165,54.89967592,-1,0.137690364,0.852446546,0.960840355,0.89580407,8,1.3,0.3,O6,de-protonated,0,,C20 H26 O6,20,26,6,,,,,
1518,361.1295264,361.129295,361.1292765,63528632.56,570770.0163,112.746873,-1,0.051315127,0.983363357,0.978772504,0.981527016,9,1.157894737,0.368421053,O7,de-protonated,0,,C19 H22 O7,19,22,7,,,,,
1520,361.114115,361.1138836,361.1140204,12790846.03,570794.7667,22.7004397,-1,-0.378755465,0.450689735,0,0.270413841,5,1.466666667,0.666666667,O10,de-protonated,0,,C15 H22 O10,15,22,10,,,,,
1521,361.1060473,361.1058159,361.1056452,33231642.59,570807.5168,58.97756078,-1,0.472735982,0.144467762,0.779247988,0.398379852,18,0.692307692,0,S1,de-protonated,0,,C26 H18 S1,26,18,,1,,,,
1522,361.1042216,361.1039902,361.1041244,6688546.786,456648.2131,11.87043865,-1,-0.371602238,0.464331382,0,0.278598829,10,1.058823529,0.411764706,N2 O7,de-protonated,0,,C17 H18 O7 N2,17,18,7,,2,,,
1523,361.0963824,361.096151,361.0962623,13807012.03,570822.7665,24.50387124,-1,-0.308212414,0.589931176,0,0.353958706,5,1.466666667,0.533333333,S1 O8,de-protonated,0,,C15 H22 O8 S1,15,22,8,1,,,,
1524,361.0930374,361.0928061,361.092891,53165969.67,570828.0166,94.35582966,-1,-0.235269884,0.750394796,0.957245735,0.833135172,10,1,0.444444444,O8,de-protonated,0,,C18 H18 O8,18,18,8,,,,,
1526,361.0779729,361.0777416,361.0776349,14042511.07,570851.5163,24.92182105,-1,0.295581749,0.615462693,0,0.369277616,6,1.285714286,0.785714286,O11,de-protonated,0,,C14 H18 O11,14,18,11,,,,,
1528,361.0568574,361.0566261,361.0565055,34729622.29,570885.2667,61.63608686,-1,0.334039557,0.588494052,0.964193728,0.738773923,11,0.823529412,0.529411765,O9,de-protonated,0,,C17 H14 O9,17,14,9,,,,,
1529,361.0414329,361.0412016,361.0412494,10605592.29,570909.2668,18.82218015,-1,-0.132290188,0.907350851,0,0.544410511,7,1.076923077,0.923076923,O12,de-protonated,0,,C13 H14 O12,13,14,12,,,,,
1531,361.0202261,361.0199948,361.02012,15369659.58,456754.4133,27.27716601,-1,-0.346736358,0.512772609,0,0.307663566,12,0.625,0.625,O10,de-protonated,0,,C16 H10 O10,16,10,10,,,,,
1532,361.0178241,361.0175928,361.0176181,9535298.413,570947.0164,16.92268566,-1,-0.070035377,0.97311818,0,0.583870908,16,0.5,0.25,S1 O5,de-protonated,0,,C20 H10 O5 S1,20,10,5,1,,,,
1533,360.1534871,360.1532568,360.1533668,6742303.524,572317.2667,11.96584294,-1,-0.30537012,0.595674672,0.962276714,0.742315489,9,1.263157895,0.315789474,13C1 O6,de-protonated,1,1540,C19 H24 O6 13C1,19,24,6,,,1,,
1534,360.1302997,360.1300695,360.1300048,5863642.947,572354.0165,10.40644793,-1,0.179582883,0.835966506,0,0.501579903,5,1.533333333,0.6,N1 O9,de-protonated,0,,C15 H23 O9 N1,15,23,9,,1,,,
1535,360.1173402,360.1171099,360.1169813,6298333.106,572374.2665,11.17791041,-1,0.357214724,0.492184322,0.977235291,0.68620471,10,1.111111111,0.388888889,13C1 O7,de-protonated,1,1544,C18 H20 O7 13C1,18,20,7,,,1,,
1536,360.0938908,360.0936605,360.0936193,8010800.718,457929.4133,14.217097,-1,0.114516254,0.929735258,0,0.557841155,6,1.357142857,0.714285714,N1 O10,de-protonated,0,,C14 H19 O10 N1,14,19,10,,1,,,
1538,360.0725732,360.072343,360.0724899,6000644.765,572445.5165,10.64959068,-1,-0.408105411,0.396421228,0,0.237852737,11,0.882352941,0.470588235,N1 O8,de-protonated,0,,C17 H15 O8 N1,17,15,8,,1,,,
1539,360.0654003,360.0651701,360.0653396,5645196.864,572457.2664,10.0187627,-1,-0.470963505,0.291633029,0.99901654,0.574586433,7,1.230769231,0.846153846,13C1 O11,de-protonated,1,1550,C13 H16 O11 13C1,13,16,11,,,1,,
1540,359.1501881,359.1499589,359.150012,24378785.26,573916.0165,43.26603133,-1,-0.1477984,0.740695924,0.962276714,0.82932824,9,1.2,0.3,O6,de-protonated,0,,C20 H24 O6,20,24,6,,,,,
1541,359.1348766,359.1346475,359.1347558,27831963.58,573940.5166,49.3945287,-1,-0.301658973,0.603176634,0,0.361905981,5,1.5,0.5625,O9,de-protonated,0,,C16 H24 O9,16,24,9,,,,,
1543,359.1171947,359.1169655,359.1169978,6291724.362,459174.8131,11.1661816,-1,-0.089788463,0.956199494,0,0.573719697,5,1.5,0.4375,S1 O7,de-protonated,0,,C16 H24 O7 S1,16,24,7,1,,,,
1544,359.1138448,359.1136157,359.1136264,36044084.98,573973.7665,63.96891777,-1,-0.030015694,0.743595797,0.977235291,0.837051595,10,1.052631579,0.368421053,O7,de-protonated,0,,C19 H20 O7,19,20,7,,,,,
1546,359.0987015,359.0984724,359.0983703,27958251.98,573998.2666,49.61865791,-1,0.284177207,0.638490648,0,0.383094389,6,1.333333333,0.666666667,O10,de-protonated,0,,C15 H20 O10,15,20,10,,,,,
1548,359.0809228,359.0806936,359.0806122,8616614.395,459221.2133,15.29225941,-1,0.226701847,0.751622776,0,0.450973665,6,1.333333333,0.533333333,S1 O8,de-protonated,0,,C15 H20 O8 S1,15,20,8,1,,,,
1549,359.0775647,359.0773356,359.0772409,29118142.08,574031.7663,51.6771625,-1,0.26364652,0.339829588,0.836034544,0.53831157,11,0.888888889,0.444444444,O8,de-protonated,0,,C18 H16 O8,18,16,8,,,,,
1550,359.0622033,359.0619742,359.0619848,37327298.86,574056.2665,66.24629014,-1,-0.029479461,0.643408336,0.99901654,0.785651618,7,1.142857143,0.785714286,O11,de-protonated,0,,C14 H16 O11,14,16,11,,,,,
1552,359.0409582,359.0407291,359.0408554,26218566.69,574090.2667,46.53116698,-1,-0.351807502,0.502779848,0,0.301667909,12,0.705882353,0.529411765,O9,de-protonated,0,,C17 H12 O9,17,12,9,,,,,
1553,359.0385621,359.038333,359.0383535,6304511.598,765459.0223,11.18887563,-1,-0.057043529,0.98208484,0,0.589250904,16,0.571428571,0.19047619,S1 O4,de-protonated,0,,C21 H12 O4 S1,21,12,4,1,,,,
1554,359.0257939,359.0255648,359.0255993,10958846.27,574114.5166,19.44911451,-1,-0.095985307,0.950103523,0,0.570062114,8,0.923076923,0.923076923,O12,de-protonated,0,,C13 H12 O12,13,12,12,,,,,
1556,358.1225863,358.1223582,358.1224606,12439811.28,575562.7666,22.07744393,-1,-0.285859185,0.635098704,0.99867393,0.780528794,6,1.466666667,0.6,13C1 O9,de-protonated,1,1567,C15 H22 O9 13C1,15,22,9,,,1,,
1557,358.114484,358.114256,358.1143547,8735629.845,575575.5166,15.50348102,-1,-0.275631125,0.655688443,0,0.393413066,6,1.4,0.6,N1 O9,de-protonated,0,,C15 H21 O9 N1,15,21,9,,1,,,
1558,358.1014601,358.1012321,358.1013312,5244464.052,575596.7665,9.307565719,-1,-0.27687445,0.65319087,0.994695841,0.789792859,11,1,0.388888889,13C1 O7,de-protonated,1,1571,C18 H18 O7 13C1,18,18,7,,,1,,
1559,358.0863617,358.0861337,358.0860751,8410196.858,575621.0166,14.92592173,-1,0.163579288,0.86186505,0.985303844,0.911240568,7,1.285714286,0.714285714,13C1 O10,de-protonated,1,1572,C14 H18 O10 13C1,14,18,10,,,1,,
1560,358.0783305,358.0781025,358.0779692,7372985.23,460507.0133,13.08513966,-1,0.372150805,0.463280094,0,0.277968057,7,1.214285714,0.714285714,N1 O10,de-protonated,0,,C14 H17 O10 N1,14,17,10,,1,,,
1561,358.0499144,358.0496865,358.0496896,6818320.435,575679.2668,12.10075327,-1,-0.008595368,0.999589638,0.995895913,0.998112148,8,1.076923077,0.846153846,13C1 O11,de-protonated,1,1576,C13 H14 O11 13C1,13,14,11,,,1,,
1562,357.1919886,357.1917616,357.1918768,5571160.085,577062.0166,9.887366585,-1,-0.322412825,0.56129977,0,0.336779862,4,1.666666667,0.388888889,O7,de-protonated,0,,C18 H30 O7,18,30,7,,,,,
1563,357.170894,357.170667,357.1707474,5741690.536,577096.0165,10.19001398,-1,-0.225109676,0.754632611,0,0.452779567,9,1.238095238,0.238095238,O5,de-protonated,0,,C21 H26 O5,21,26,5,,,,,
1564,357.1558309,357.155604,357.1554913,23090024.13,577120.7663,40.97881403,-1,0.315518873,0.575182698,0,0.345109619,5,1.529411765,0.470588235,O8,de-protonated,0,,C17 H26 O8,17,26,8,,,,,
1566,357.1346833,357.1344564,357.1343619,10228959.68,461723.8132,18.15375479,-1,0.264616451,0.677727244,0,0.406636346,10,1.1,0.3,O6,de-protonated,0,,C20 H22 O6,20,22,6,,,,,
1567,357.1192548,357.1190278,357.1191058,70615356.85,577179.5166,125.3239737,-1,-0.218145114,0.7013926,0.99867393,0.820305132,6,1.375,0.5625,O9,de-protonated,0,,C16 H22 O9,16,22,9,,,,,
1570,357.1014587,357.1012318,357.1013477,7504453.573,577208.2667,13.31846193,-1,-0.324391169,0.5573237,0,0.33439422,6,1.375,0.4375,S1 O7,de-protonated,0,,C16 H22 O7 S1,16,22,7,1,,,,
1571,357.0980791,357.0978522,357.0979764,24416031.32,577213.7666,43.33213344,-1,-0.34765244,0.582077274,0.994695841,0.747124701,11,0.947368421,0.368421053,O7,de-protonated,0,,C19 H18 O7,19,18,7,,,,,
1572,357.0829772,357.0827504,357.0827202,58453818.15,577238.5166,103.7403915,-1,0.084314489,0.911570351,0.985303844,0.941063748,7,1.2,0.666666667,O10,de-protonated,0,,C15 H18 O10,15,18,10,,,,,
1574,357.0653061,357.0650793,357.0649622,5375451.874,577267.0166,9.540035186,-1,0.327910999,0.550259896,0,0.330155937,7,1.2,0.533333333,S1 O8,de-protonated,0,,C15 H18 O8 S1,15,18,8,1,,,,
1575,357.0619424,357.0617156,357.0615909,20458144.78,577272.5164,36.30790967,-1,0.349213261,0.507885396,0,0.304731238,12,0.777777778,0.444444444,O8,de-protonated,0,,C18 H14 O8,18,14,8,,,,,
1576,357.0466219,357.0463951,357.0463347,46347194.76,577297.2665,82.25426981,-1,0.168970411,0.926456521,0.995895913,0.954232278,8,1,0.785714286,O11,de-protonated,0,,C14 H14 O11,14,14,11,,,,,
1579,357.0253213,357.0250945,357.0252054,11815063.09,577331.7665,20.96867765,-1,-0.310456204,0.585399116,0,0.35123947,13,0.588235294,0.529411765,O9,de-protonated,0,,C17 H10 O9,17,10,9,,,,,
1580,357.0228783,357.0226514,357.0227034,6586066.629,577335.2666,11.68856291,-1,-0.145629313,0.888854566,0,0.53331274,17,0.476190476,0.19047619,S1 O4,de-protonated,0,,C21 H10 O4 S1,21,10,4,1,,,,
1581,356.1435533,356.1433275,356.143196,11119314.54,578760.7665,19.73390413,-1,0.369191511,0.468961126,0.990972133,0.677765529,6,1.5,0.5,13C1 O8,de-protonated,1,1589,C16 H24 O8 13C1,16,24,8,,,1,,
1582,356.106911,356.1066852,356.1068105,21834379.07,578820.2666,38.75036917,-1,-0.351985578,0.502429901,0.989375796,0.697208259,7,1.333333333,0.6,13C1 O9,de-protonated,1,1593,C15 H20 O9 13C1,15,20,9,,,1,,
1583,356.0988066,356.0985809,356.0987047,12842646.85,578833.5167,22.79237276,-1,-0.347659815,0.510949121,0,0.306569473,7,1.266666667,0.6,N1 O9,de-protonated,0,,C15 H19 O9 N1,15,19,9,,1,,,
1584,356.0707579,356.0705322,356.070425,9122010.037,463103.4132,16.18920581,-1,0.300939202,0.604631817,0.999932895,0.762752248,8,1.142857143,0.714285714,13C1 O10,de-protonated,1,1596,C14 H16 O10 13C1,14,16,10,,,1,,
1585,356.062682,356.0624563,356.0623192,7181583.378,578892.5165,12.74545094,-1,0.385071694,0.438770429,0,0.263262258,8,1.071428571,0.714285714,N1 O10,de-protonated,0,,C14 H15 O10 N1,14,15,10,,1,,,
1587,355.1962477,355.1960229,355.1961293,5410075.645,580304.2666,9.601483414,-1,-0.29957139,0.615031259,0.995384449,0.767172535,0,2.125,0.375,34S1 O6,de-protonated,1,1612,C16 H34 O6 34S1,16,34,6,,,,1,
1588,355.1763782,355.1761535,355.1762267,23022583.84,580336.7665,40.85912498,-1,-0.206183234,0.789642361,0,0.473785417,5,1.555555556,0.388888889,O7,de-protonated,0,,C18 H28 O7,18,28,7,,,,,
1589,355.1401748,355.1399501,355.1398412,64392841.53,580396.2668,114.2806202,-1,0.306747643,0.530925949,0.990972133,0.714944423,6,1.411764706,0.470588235,O8,de-protonated,0,,C17 H24 O8,17,24,8,,,,,
1591,355.1188281,355.1186034,355.1187118,6538959.28,580430.7667,11.60495956,-1,-0.305401645,0.595610958,0,0.357366575,11,1,0.3,O6,de-protonated,0,,C20 H20 O6,20,20,6,,,,,
1593,355.1035482,355.1033235,355.1034557,136583878,580455.7665,242.4010172,-1,-0.372185069,0.482822179,0.989375796,0.685443626,7,1.25,0.5625,O9,de-protonated,0,,C16 H20 O9,16,20,9,,,,,
1595,355.0826139,355.0823893,355.0823263,10390534.76,580490.0167,18.44050874,-1,0.177329859,0.839709461,0,0.503825676,12,0.842105263,0.368421053,O7,de-protonated,0,,C19 H16 O7,19,16,7,,,,,
1596,355.0674389,355.0672142,355.0670702,55783060.03,464412.0131,99.00048739,-1,0.405705586,0.502688821,0.999932895,0.701586451,8,1.066666667,0.666666667,O10,de-protonated,0,,C15 H16 O10,15,16,10,,,,,
1599,355.0461444,355.0459198,355.0459408,13632079.27,580550.0168,24.19341089,-1,-0.059106236,0.980778539,0,0.588467123,13,0.666666667,0.444444444,O8,de-protonated,0,,C18 H12 O8,18,12,8,,,,,
1600,355.0307757,355.0305511,355.0306847,36156897.99,580574.7664,64.16913166,-1,-0.376297298,0.227680502,0.867648864,0.483667847,9,0.857142857,0.785714286,O11,de-protonated,0,,C14 H12 O11,14,12,11,,,,,
1602,354.2191019,354.2188782,354.2189444,8665953.402,581905.5165,15.37982337,-1,-0.187075436,0.823304636,0.999186357,0.893657325,4,1.789473684,0.157894737,13C1 S1 O3,de-protonated,1,1611,C19 H34 O3 S1 13C1,19,34,3,1,,1,,
1603,354.2038099,354.2035862,354.2036883,22358311.95,581930.2666,39.68021437,-1,-0.288237527,0.622665309,0.995384449,0.771752965,0,2.266666667,0.4,13C1 S1 O6,de-protonated,1,1612,C15 H34 O6 S1 13C1,15,34,6,1,,1,,
1603,354.2038099,354.2035862,354.2034445,22358311.95,581930.2666,39.68021437,-1,0.400002213,0.411108246,0,0.246664948,5,1.705882353,0.294117647,N3 O5,de-protonated,0,,C17 H29 O5 N3,17,29,5,,3,,,
1604,354.1642592,354.1640356,354.1639315,9683056.624,581995.2665,17.18491823,-1,0.293870619,0.618921119,0.969561726,0.759177362,6,1.529411765,0.411764706,13C1 O7,de-protonated,1,1614,C17 H26 O7 13C1,17,26,7,,,1,,
1605,354.1276447,354.1274211,354.127546,28070948.19,582055.7666,49.81866451,-1,-0.352536041,0.501348571,0.973971668,0.69039781,7,1.375,0.5,13C1 O8,de-protonated,1,1615,C16 H22 O8 13C1,16,22,8,,,1,,
1606,354.1195421,354.1193185,354.1194401,8321418.772,582068.7665,14.76836362,-1,-0.343390264,0.519393372,0,0.311636023,7,1.3125,0.5,N1 O8,de-protonated,0,,C16 H21 O8 N1,16,21,8,,1,,,
1607,354.0914903,354.0912667,354.0911605,12897050.82,465692.0133,22.88892571,-1,0.300065991,0.606397241,0.982619181,0.756886017,8,1.2,0.6,13C1 O9,de-protonated,1,1617,C15 H18 O9 13C1,15,18,9,,,1,,
1608,354.0834063,354.0831827,354.0830546,10378854.3,465702.6133,18.41977894,-1,0.361873788,0.483108187,0,0.289864912,8,1.133333333,0.6,N1 O9,de-protonated,0,,C15 H17 O9 N1,15,17,9,,1,,,
1609,354.0549043,354.0546808,354.0547749,9951512.997,582175.0168,17.66135878,-1,-0.265972088,0.675024428,0.993828555,0.802546079,9,1,0.714285714,13C1 O10,de-protonated,1,1622,C14 H14 O10 13C1,14,14,10,,,1,,
1610,354.0467747,354.0465512,354.0466691,7590823.182,582188.7666,13.47174562,-1,-0.332990027,0.540093449,0,0.324056069,9,0.928571429,0.714285714,N1 O10,de-protonated,0,,C14 H13 O10 N1,14,13,10,,1,,,
1611,353.2157629,353.2155403,353.2155896,39988976.78,466846.6133,70.97007925,-1,-0.139558031,0.860375256,0.999186357,0.915899696,4,1.7,0.15,S1 O3,de-protonated,0,,C20 H34 O3 S1,20,34,3,1,,,,
1612,353.2006296,353.2004071,353.2003335,123694286.8,466866.6131,219.5253303,-1,0.208384295,0.674448687,0.995384449,0.802822992,0,2.125,0.375,S1 O6,de-protonated,0,,C16 H34 O6 S1,16,34,6,1,,,,
1613,353.1972487,353.1970262,353.1969622,8743977.569,583589.0163,15.51829607,-1,0.181314933,0.833068447,0,0.499841068,5,1.578947368,0.315789474,O6,de-protonated,0,,C19 H30 O6,19,30,6,,,,,
1614,353.1607605,353.160538,353.1605766,62834437.22,583649.0164,111.5148561,-1,-0.109387993,0.777303108,0.969561726,0.854206555,6,1.444444444,0.388888889,O7,de-protonated,0,,C18 H26 O7,18,26,7,,,,,
1615,353.124425,353.1242026,353.1241911,125904306,583709.0163,223.4475422,-1,0.03233932,0.747777621,0.973971668,0.83825524,7,1.294117647,0.470588235,O8,de-protonated,0,,C17 H22 O8,17,22,8,,,,,
1616,353.0993844,353.0991619,353.099039,5626803.712,583750.7665,9.986119615,-1,0.348058542,0.510162293,0,0.306097376,8,1.2,0.533333333,N2 O8,de-protonated,0,,C15 H18 O8 N2,15,18,8,,2,,,
1617,353.0880829,353.0878604,353.0878056,85500537.47,467015.4133,151.741315,-1,0.155266784,0.740523355,0.982619181,0.837361686,8,1.125,0.5625,O9,de-protonated,0,,C16 H18 O9,16,18,9,,,,,
1620,353.0667609,353.0665385,353.0666763,10088417.67,583804.7665,17.90432912,-1,-0.39015184,0.429274758,0,0.257564855,13,0.736842105,0.368421053,O7,de-protonated,0,,C19 H14 O7,19,14,7,,,,,
1621,353.0627381,353.0625157,353.0626535,7773422.289,583811.0168,13.79581175,-1,-0.390385271,0.428840454,0,0.257304273,9,1,0.642857143,N2 O9,de-protonated,0,,C14 H14 O9 N2,14,14,9,,2,,,
1622,353.0515731,353.0513508,353.0514201,57908249.34,583829.5165,102.7721481,-1,-0.196466311,0.741009252,0.993828555,0.842136973,9,0.933333333,0.666666667,O10,de-protonated,0,,C15 H14 O10,15,14,10,,,,,
1623,353.0153515,353.0151291,353.0150346,8204196.435,467111.6133,14.56032432,-1,0.267710303,0.671554547,0,0.402932728,10,0.714285714,0.785714286,O11,de-protonated,0,,C14 H10 O11,14,10,11,,,,,
1624,352.1881678,352.1879464,352.1880382,9326397.503,585260.7665,16.55194064,-1,-0.260846242,0.6852276,0.97814838,0.802395912,1,2.133333333,0.4,13C1 S1 O6,de-protonated,1,1633,C15 H32 O6 S1 13C1,15,32,6,1,,1,,
1624,352.1881678,352.1879464,352.1877944,9326397.503,585260.7665,16.55194064,-1,0.431332468,0.355724643,0,0.213434786,6,1.588235294,0.294117647,N3 O5,de-protonated,0,,C17 H27 O5 N3,17,27,5,,3,,,
1625,352.1847895,352.184568,352.1846669,7656606.445,585266.7668,13.58849388,-1,-0.280745627,0.645404276,0.947730326,0.766334696,6,1.555555556,0.333333333,13C1 O6,de-protonated,1,1634,C18 H28 O6 13C1,18,28,6,,,1,,
1626,352.1485878,352.1483665,352.1482814,16085948.5,585326.5168,28.54839339,-1,0.241495384,0.72325016,0.956716625,0.816636746,7,1.411764706,0.411764706,13C1 O7,de-protonated,1,1635,C17 H24 O7 13C1,17,24,7,,,1,,
1627,352.1120562,352.1118348,352.1118959,21073197.32,585387.2667,37.39946866,-1,-0.17341329,0.846142405,0.976147299,0.898144363,8,1.25,0.5,13C1 O8,de-protonated,1,1638,C16 H20 O8 13C1,16,20,8,,,1,,
1628,352.1039027,352.1036814,352.10379,9780584.622,585400.7664,17.35800517,-1,-0.308596365,0.589155519,0,0.353493311,8,1.1875,0.5,N1 O8,de-protonated,0,,C16 H19 O8 N1,16,19,8,,1,,,
1629,352.0757714,352.0755501,352.0755104,8482170.328,468358.2132,15.053656,-1,0.112881035,0.931657892,0.975097536,0.94903375,9,1.066666667,0.6,13C1 O9,de-protonated,1,1642,C15 H16 O9 13C1,15,16,9,,,1,,
1630,352.0677444,352.0675231,352.0674045,7681330.883,585461.2664,13.63237335,-1,0.336871382,0.532348262,0,0.319408957,9,1,0.6,N1 O9,de-protonated,0,,C15 H15 O9 N1,15,15,9,,1,,,
1632,351.217809,351.2175887,351.2176976,5631024.136,586877.7667,9.993609774,-1,-0.310191069,0.585934531,0,0.351560719,5,1.6,0.25,O5,de-protonated,0,,C20 H32 O5,20,32,5,,,,,
1633,351.1849871,351.1847667,351.1846834,45437078.76,469546.2132,80.63904957,-1,0.237327484,0.708270578,0.97814838,0.816221698,1,2,0.375,S1 O6,de-protonated,0,,C16 H32 O6 S1,16,32,6,1,,,,
1634,351.1816197,351.1813994,351.1813121,26557972.97,586938.2666,47.13352524,-1,0.248497754,0.677499298,0.947730326,0.785591709,6,1.473684211,0.315789474,O6,de-protonated,0,,C19 H28 O6,19,28,6,,,,,
1635,351.1450448,351.1448245,351.1449266,117205989.3,586999.7664,208.0102824,-1,-0.290723694,0.674264672,0.956716625,0.787245453,7,1.333333333,0.388888889,O7,de-protonated,0,,C18 H24 O7,18,24,7,,,,,
1637,351.1199307,351.1197105,351.1197745,5249662.874,587041.7665,9.316792282,-1,-0.182240321,0.831512851,0,0.498907711,8,1.25,0.4375,N2 O7,de-protonated,0,,C16 H20 O7 N2,16,20,7,,2,,,
1638,351.1088677,351.1086475,351.1085411,95913973.93,469648.0132,170.2224683,-1,0.303039469,0.723264085,0.976147299,0.824417371,8,1.176470588,0.470588235,O8,de-protonated,0,,C17 H20 O8,17,20,8,,,,,
1641,351.0836948,351.0834746,351.0833889,7551019.719,587102.2664,13.40110478,-1,0.243964208,0.718450459,0,0.431070275,9,1.066666667,0.533333333,N2 O8,de-protonated,0,,C15 H16 O8 N2,15,16,8,,2,,,
1642,351.0723032,351.072083,351.0721556,60172044.29,587121.0163,106.789798,-1,-0.206771634,0.860117515,0.975097536,0.906109523,9,1,0.5625,O9,de-protonated,0,,C16 H16 O9,16,16,9,,,,,
1643,351.051135,351.0509148,351.0510262,8843488.229,587156.7665,15.69490172,-1,-0.317321144,0.571549642,0,0.342929785,14,0.631578947,0.368421053,O7,de-protonated,0,,C19 H12 O7,19,12,7,,,,,
1645,351.0360417,351.0358216,351.0357701,27858547.77,587182.0165,49.44170874,-1,0.146709028,0.887297266,0,0.53237836,10,0.8,0.666666667,O10,de-protonated,0,,C15 H12 O10,15,12,10,,,,,
1646,351.0336312,351.033411,351.0332681,5573048.92,587186.0167,9.890718778,-1,0.407091596,0.398245558,0,0.238947335,14,0.631578947,0.263157895,S1 O5,de-protonated,0,,C19 H12 O5 S1,19,12,5,1,,,,
1648,350.1691769,350.1689577,350.1690169,9972891.177,588635.2666,17.69929951,-1,-0.168962118,0.853336691,0.974344216,0.901739701,7,1.444444444,0.333333333,13C1 O6,de-protonated,1,1656,C18 H26 O6 13C1,18,26,6,,,1,,
1649,350.1329244,350.1327053,350.1326313,13301451.01,588696.5163,23.60663134,-1,0.211192742,0.780523081,0.995656816,0.866576575,8,1.294117647,0.411764706,13C1 O7,de-protonated,1,1657,C17 H22 O7 13C1,17,22,7,,,1,,
1650,350.0963951,350.096176,350.0962458,13116707.99,588758.0165,23.27876032,-1,-0.199551955,0.801534165,0.989907789,0.876883614,9,1.125,0.5,13C1 O8,de-protonated,1,1661,C16 H18 O8 13C1,16,18,8,,,1,,
1651,350.0883498,350.0881307,350.08814,6773583.458,471017.0132,12.02135672,-1,-0.026432591,0.996125958,0,0.597675575,9,1.0625,0.5,N1 O8,de-protonated,0,,C16 H17 O8 N1,16,17,8,,1,,,
1652,350.0601489,350.0599298,350.0598603,6134247.115,471055.0133,10.88670026,-1,0.198565079,0.803285612,0.974730357,0.87186351,10,0.933333333,0.6,13C1 O9,de-protonated,1,1665,C15 H14 O9 13C1,15,14,9,,,1,,
1653,350.0520016,350.0517825,350.0517545,5892045.724,588832.2664,10.45685551,-1,0.08007597,0.965003919,0,0.579002352,10,0.866666667,0.6,N1 O9,de-protonated,0,,C15 H13 O9 N1,15,13,9,,1,,,
1655,349.2023992,349.2021811,349.2020475,7526410.233,472212.0131,13.35742932,-1,0.382448329,0.443706082,0,0.266223649,6,1.5,0.25,O5,de-protonated,0,,C20 H30 O5,20,30,5,,,,,
1656,349.1657621,349.165544,349.165662,58401774.79,590326.7663,103.648028,-1,-0.337911606,0.691806529,0.974344216,0.804821603,7,1.368421053,0.315789474,O6,de-protonated,0,,C19 H26 O6,19,26,6,,,,,
1657,349.1296071,349.1293891,349.1292765,65728663,590388.2664,116.6513574,-1,0.322479676,0.670844216,0.995656816,0.800769256,8,1.222222222,0.388888889,O7,de-protonated,0,,C18 H22 O7,18,22,7,,,,,
1659,349.1043329,349.1041148,349.1041244,7216316.648,590431.0165,12.8070935,-1,-0.027366481,0.995847953,0,0.597508772,9,1.125,0.4375,N2 O7,de-protonated,0,,C16 H18 O7 N2,16,18,7,,2,,,
1660,349.096391,349.096173,349.0962623,6115630.139,590444.5167,10.85365995,-1,-0.25576793,0.695288037,0,0.417172822,4,1.571428571,0.571428571,S1 O8,de-protonated,0,,C14 H22 O8 S1,14,22,8,1,,,,
1661,349.0930063,349.0927883,349.092891,76608445.08,590450.2665,135.9601534,-1,-0.294090114,0.710005847,0.989907789,0.821966624,9,1.058823529,0.470588235,O8,de-protonated,0,,C17 H18 O8,17,18,8,,,,,
1664,349.0679405,349.0677225,349.0677389,5896486.328,590492.2666,10.46473643,-1,-0.046944986,0.987831137,0,0.592698682,10,0.933333333,0.533333333,N2 O8,de-protonated,0,,C15 H14 O8 N2,15,14,8,,2,,,
1665,349.0568301,349.0566121,349.0565055,43664004.42,590511.0164,77.49230172,-1,0.305503654,0.699345199,0.974730357,0.809499262,10,0.875,0.5625,O9,de-protonated,0,,C16 H14 O9,16,14,9,,,,,
1666,349.0202755,349.0200576,349.02012,14929252.06,590573.2668,26.49555671,-1,-0.178783791,0.837297531,0,0.502378518,11,0.666666667,0.666666667,O10,de-protonated,0,,C15 H10 O10,15,10,10,,,,,
1667,349.0178348,349.0176169,349.0176181,8185843.671,590577.0162,14.52775292,-1,-0.00338661,0.999936285,0,0.599961771,15,0.526315789,0.263157895,S1 O5,de-protonated,0,,C19 H10 O5 S1,19,10,5,1,,,,
1668,348.1534758,348.1532588,348.1533668,9868182.185,592043.2666,17.51346816,-1,-0.310106947,0.586104413,0.989527187,0.747473523,8,1.333333333,0.333333333,13C1 O6,de-protonated,1,1674,C18 H24 O6 13C1,18,24,6,,,1,,
1669,348.1172955,348.1170786,348.1169813,8862290.91,473684.0132,15.72827161,-1,0.279552753,0.647805208,0.994642529,0.786540137,9,1.176470588,0.411764706,13C1 O7,de-protonated,1,1678,C17 H20 O7 13C1,17,20,7,,,1,,
1670,348.0938931,348.0936762,348.0936193,5633974.993,473715.8133,9.998846782,-1,0.163632307,0.861781988,0,0.517069193,5,1.461538462,0.769230769,N1 O10,de-protonated,0,,C13 H19 O10 N1,13,19,10,,1,,,
1671,348.0807302,348.0805134,348.0805958,7883074.077,592167.0169,13.99041529,-1,-0.23674511,0.732436119,0.982065084,0.832287705,10,1,0.5,13C1 O8,de-protonated,1,1684,C16 H16 O8 13C1,16,16,8,,,1,,
1672,348.0726056,348.0723887,348.0724899,8242450.61,592180.7666,14.62821558,-1,-0.290722746,0.625281099,0,0.375168659,10,0.9375,0.5,N1 O8,de-protonated,0,,C16 H15 O8 N1,16,15,8,,1,,,
1673,347.1867132,347.1864973,347.1863975,10963804.1,474953.6134,19.45791337,-1,0.287568099,0.631650557,0,0.378990334,7,1.4,0.25,O5,de-protonated,0,,C20 H28 O5,20,28,5,,,,,
1674,347.1501234,347.1499076,347.150012,51409842.06,593754.7666,91.23915787,-1,-0.300648889,0.595661586,0.989527187,0.753207826,8,1.263157895,0.315789474,O6,de-protonated,0,,C19 H24 O6,19,24,6,,,,,
1675,347.1348868,347.134671,347.1347558,6261779.392,593780.5165,11.11303703,-1,-0.24434884,0.717701183,0,0.43062071,4,1.6,0.6,O9,de-protonated,0,,C15 H24 O9,15,24,9,,,,,
1677,347.1172698,347.117054,347.1169978,8993166.83,475048.6132,15.96054248,-1,0.161917628,0.864458684,0,0.51867521,4,1.6,0.466666667,S1 O7,de-protonated,0,,C15 H24 O7 S1,15,24,7,1,,,,
1678,347.1139346,347.1137188,347.1136264,43477289.27,475053.2132,77.16093068,-1,0.266005705,0.661381288,0.994642529,0.794685784,9,1.111111111,0.388888889,O7,de-protonated,0,,C18 H20 O7,18,20,7,,,,,
1680,347.0987041,347.0984883,347.0983703,9186528.83,475074.0132,16.30370996,-1,0.340067295,0.525988214,0,0.315592928,5,1.428571429,0.714285714,O10,de-protonated,0,,C14 H20 O10,14,20,10,,,,,
1682,347.0887192,347.0885034,347.0884743,6430905.144,593859.7663,11.41319145,-1,0.08383964,0.961702168,0,0.577021301,10,1,0.4375,N2 O7,de-protonated,0,,C16 H16 O7 N2,16,16,7,,2,,,
1683,347.08077,347.0805542,347.0806122,8168140.327,593873.0164,14.49633407,-1,-0.167116737,0.85628195,0,0.51376917,5,1.428571429,0.571428571,S1 O8,de-protonated,0,,C14 H20 O8 S1,14,20,8,1,,,,
1684,347.0773722,347.0771564,347.0772409,49098226.12,593879.2665,87.13663813,-1,-0.243577358,0.725819886,0.982065084,0.828317965,10,0.941176471,0.470588235,O8,de-protonated,0,,C17 H16 O8,17,16,8,,,,,
1686,347.0620749,347.0618591,347.0619848,16345121.43,593905.0166,29.00835822,-1,-0.36205878,0.482748885,0,0.289649331,6,1.230769231,0.846153846,O11,de-protonated,0,,C13 H16 O11,13,16,11,,,,,
1688,347.0411584,347.0409427,347.0408554,27484958.51,475152.8133,48.77868455,-1,0.251417414,0.703863632,0,0.422318179,11,0.75,0.5625,O9,de-protonated,0,,C16 H12 O9,16,12,9,,,,,
1690,346.1016559,346.1014412,346.1013312,5172177.648,476442.6133,9.17927607,-1,0.317812863,0.57055884,0.967905451,0.729497485,10,1.058823529,0.411764706,13C1 O7,de-protonated,1,1700,C17 H18 O7 13C1,17,18,7,,,1,,
1691,346.0780973,346.0778826,346.0779692,7010549.499,595594.0163,12.44191009,-1,-0.250255893,0.706145904,0,0.423687542,6,1.307692308,0.769230769,N1 O10,de-protonated,0,,C13 H17 O10 N1,13,17,10,,1,,,
1693,345.1708662,345.1706526,345.1707474,16073931.49,597159.0164,28.52706629,-1,-0.274752128,0.657453104,0,0.394471862,8,1.3,0.25,O5,de-protonated,0,,C20 H26 O5,20,26,5,,,,,
1694,345.1555944,345.1553807,345.1554913,9502470.781,597185.5165,16.86442512,-1,-0.320199903,0.565751764,0,0.339451058,4,1.625,0.5,O8,de-protonated,0,,C16 H26 O8,16,26,8,,,,,
1696,345.1346277,345.1344141,345.1343619,22505466.47,597221.7665,39.94137553,-1,0.151166119,0.880776753,0,0.528466052,9,1.157894737,0.315789474,O6,de-protonated,0,,C19 H22 O6,19,22,6,,,,,
1697,345.1194297,345.1192161,345.1191058,21122140.2,477798.6131,37.4863296,-1,0.319762887,0.566631481,0,0.339978889,5,1.466666667,0.6,O9,de-protonated,0,,C15 H22 O9,15,22,9,,,,,
1699,345.1015233,345.1013097,345.1013477,13210809.05,597279.0167,23.44576533,-1,-0.109967344,0.935024716,0,0.56101483,5,1.466666667,0.466666667,S1 O7,de-protonated,0,,C15 H22 O7 S1,15,22,7,1,,,,
1700,345.0981214,345.0979078,345.0979764,34049344.01,597285.2663,60.42876907,-1,-0.198785578,0.686726773,0.967905451,0.799198244,10,1,0.388888889,O7,de-protonated,0,,C18 H18 O7,18,18,7,,,,,
1702,345.0828401,345.0826266,345.0827202,34155527.68,597311.7667,60.61721759,-1,-0.271451794,0.332035206,0.867648864,0.546280669,6,1.285714286,0.714285714,O10,de-protonated,0,,C14 H18 O10,14,18,10,,,,,
1704,345.0651927,345.0649792,345.0649622,6452319.202,597342.2665,11.45119585,-1,0.049247871,0.986616188,0,0.591969713,6,1.285714286,0.571428571,S1 O8,de-protonated,0,,C14 H18 O8 S1,14,18,8,1,,,,
1705,345.0618774,345.0616638,345.0615909,26775869.22,597348.0163,47.52023466,-1,0.211457704,0.780037631,0,0.468022579,11,0.823529412,0.470588235,O8,de-protonated,0,,C17 H14 O8,17,14,8,,,,,
1706,345.046646,345.0464325,345.0463347,22509487.6,477899.4133,39.94851201,-1,0.283357635,0.640142697,0,0.384085618,7,1.076923077,0.846153846,O11,de-protonated,0,,C13 H14 O11,13,14,11,,,,,
1708,345.0253962,345.0251827,345.0252054,11778505.56,477928.8132,20.9037975,-1,-0.065809871,0.97622638,0,0.585735828,12,0.625,0.5625,O9,de-protonated,0,,C16 H10 O9,16,10,9,,,,,
1709,344.1434978,344.1432852,344.143196,5287416.941,598941.7664,9.383795975,-1,0.259204005,0.688486524,0.966846832,0.799830647,5,1.6,0.533333333,13C1 O8,de-protonated,1,1716,C15 H24 O8 13C1,15,24,8,,,1,,
1710,344.1069104,344.1066979,344.1068105,14168864,599005.7663,25.14606479,-1,-0.327352992,0.5513788,0.951248477,0.711326671,6,1.428571429,0.642857143,13C1 O9,de-protonated,1,1719,C14 H20 O9 13C1,14,20,9,,,1,,
1711,344.0988333,344.0986208,344.0987047,8902573.288,599019.5164,15.7997624,-1,-0.243580143,0.71919823,0,0.431518938,6,1.357142857,0.642857143,N1 O9,de-protonated,0,,C14 H19 O9 N1,14,19,9,,1,,,
1712,344.0707729,344.0705604,344.070425,6478344.987,479254.8133,11.49738488,-1,0.393522796,0.423020604,0.962679681,0.638884235,7,1.230769231,0.769230769,13C1 O10,de-protonated,1,1723,C13 H16 O10 13C1,13,16,10,,,1,,
1713,344.0626948,344.0624824,344.0623192,5502107.388,599082.7667,9.764815928,-1,0.474425363,0.286378405,0,0.171827043,7,1.153846154,0.769230769,N1 O10,de-protonated,0,,C13 H15 O10 N1,13,15,10,,1,,,
1714,343.1765466,343.1763352,343.1762267,6195699.801,480503.6132,10.99576286,-1,0.31601932,0.574173656,0,0.344504194,4,1.647058824,0.411764706,O7,de-protonated,0,,C17 H28 O7,17,28,7,,,,,
1715,343.1553404,343.1551289,343.1550973,7038762.596,600666.5165,12.49198103,-1,0.092016129,0.954050465,0,0.572430279,9,1.2,0.25,O5,de-protonated,0,,C20 H24 O5,20,24,5,,,,,
1716,343.1399564,343.139745,343.1398412,40571107.94,600693.7665,72.00321132,-1,-0.280458655,0.667234258,0.966846832,0.787079287,5,1.5,0.5,O8,de-protonated,0,,C16 H24 O8,16,24,8,,,,,
1718,343.1188712,343.1186598,343.1187118,14881508.27,480584.4131,26.41082384,-1,-0.151614087,0.880113309,0,0.528067985,10,1.052631579,0.315789474,O6,de-protonated,0,,C19 H20 O6,19,20,6,,,,,
1719,343.1037928,343.1035814,343.1034557,60708226.55,600756.7665,107.7413827,-1,0.366420635,0.512840273,0.951248477,0.688203555,6,1.333333333,0.6,O9,de-protonated,0,,C15 H20 O9,15,20,9,,,,,
1721,343.0859776,343.0857662,343.0856976,8250178.212,600788.2667,14.64193007,-1,0.199968143,0.800794087,0,0.480476452,6,1.333333333,0.466666667,S1 O7,de-protonated,0,,C15 H20 O7 S1,15,20,7,1,,,,
1722,343.0825702,343.0823588,343.0823263,20286783.23,600794.2666,36.00378728,-1,0.094809689,0.951288206,0,0.570772924,11,0.888888889,0.388888889,O7,de-protonated,0,,C18 H16 O7,18,16,7,,,,,
1723,343.0671843,343.0669729,343.0670702,61692646.07,480656.8131,109.4884724,-1,-0.283448665,0.531489916,0.962679681,0.703965822,7,1.142857143,0.714285714,O10,de-protonated,0,,C14 H16 O10,14,16,10,,,,,
1725,343.0461105,343.0458991,343.0459408,18500885.59,600857.7664,32.83428139,-1,-0.121483812,0.921280575,0,0.552768345,12,0.705882353,0.470588235,O8,de-protonated,0,,C17 H12 O8,17,12,8,,,,,
1726,343.0309798,343.0307685,343.0306847,17854569.96,600884.2666,31.68723852,-1,0.244488375,0.717429266,0,0.43045756,8,0.923076923,0.846153846,O11,de-protonated,0,,C13 H12 O11,13,12,11,,,,,
1727,342.1993881,342.1991777,342.1990902,10396870.42,602344.5166,18.45175289,-1,0.255714323,0.758718324,0.979665543,0.847097211,4,1.777777778,0.166666667,13C1 34S1 O3,de-protonated,1,1762,C18 H32 O3 13C1 34S1,18,32,3,,,1,1,
1729,342.1278297,342.1276193,342.127546,13783557.69,602470.5164,24.46224585,-1,0.2144604,0.774515095,0.979395556,0.856467279,6,1.466666667,0.533333333,13C1 O8,de-protonated,1,1738,C15 H22 O8 13C1,15,22,8,,,1,,
1730,342.1196653,342.1194549,342.1194401,6653555.524,481988.0131,11.80833822,-1,0.04338598,0.989597027,0,0.593758216,6,1.4,0.533333333,N1 O8,de-protonated,0,,C15 H21 O8 N1,15,21,8,,1,,,
1731,342.0912912,342.0910809,342.0911605,15674792.29,482028.0133,27.81869756,-1,-0.232477568,0.740629667,0.98977635,0.84028834,7,1.285714286,0.642857143,13C1 O9,de-protonated,1,1742,C14 H18 O9 13C1,14,18,9,,,1,,
1732,342.083278,342.0830678,342.0830546,9613494.501,602549.2666,17.06146347,-1,0.038509266,0.991795158,0,0.595077095,7,1.214285714,0.642857143,N1 O9,de-protonated,0,,C14 H17 O9 N1,14,17,9,,1,,,
1733,342.055047,342.0548368,342.0547749,5581990.172,602599.0163,9.906587184,-1,0.180709626,0.83408326,0.960755615,0.884752202,8,1.076923077,0.769230769,13C1 O10,de-protonated,1,1745,C13 H14 O10 13C1,13,14,10,,,1,,
1734,341.2067925,341.2065832,341.2066492,28104775.45,604096.7665,49.87869913,-1,-0.193442821,0.778202118,0.979665543,0.858787488,4,1.882352941,0.176470588,13C2 S1 O3,de-protonated,1,1762,C17 H32 O3 S1 13C2,17,32,3,1,,2,,
1735,341.2043489,341.2041396,341.2041845,8280882.071,483281.0133,14.69642147,-1,-0.131658596,0.794184596,0.979665543,0.868376974,4,1.684210526,0.105263158,S1 O2 18O1,de-protonated,1,1762,C19 H32 O2 S1 18O1,19,32,2,1,,,,1
1736,341.1959868,341.1957775,341.1957354,56990753.51,604116.2664,101.1438306,-1,0.123455306,0.795954717,0.979665543,0.869439047,4,1.684210526,0.157894737,34S1 O3,de-protonated,1,1762,C19 H32 O3 34S1,19,32,3,,,,1,
1737,341.1607702,341.1605609,341.1605766,26075691.81,604178.2664,46.27760106,-1,-0.046017828,0.988304264,0,0.592982558,5,1.529411765,0.411764706,O7,de-protonated,0,,C17 H26 O7,17,26,7,,,,,
1738,341.1244309,341.1242217,341.1241911,94029208.18,483394.2131,166.8774971,-1,0.089605574,0.865444447,0.979395556,0.911024891,6,1.375,0.5,O8,de-protonated,0,,C16 H22 O8,16,22,8,,,,,
1740,341.1092604,341.1090512,341.108935,8019218.002,604269.5166,14.2320355,-1,0.34068639,0.524758108,0,0.314854865,2,1.833333333,0.916666667,O11,de-protonated,0,,C12 H22 O11,12,22,11,,,,,
1741,341.1034042,341.103195,341.1030618,7512290.042,483424.0133,13.33236963,-1,0.390592431,0.428455178,0,0.257073107,11,0.947368421,0.315789474,O6,de-protonated,0,,C19 H18 O6,19,18,6,,,,,
1742,341.0879937,341.0877846,341.0878056,104666220,604307.5167,185.7554388,-1,-0.061753372,0.85983326,0.98977635,0.911810496,7,1.2,0.6,O9,de-protonated,0,,C15 H18 O9,15,18,9,,,,,
1744,341.0667719,341.0665627,341.0666763,16121562.4,604344.7665,28.61159883,-1,-0.332856531,0.540360225,0,0.324216135,12,0.777777778,0.388888889,O7,de-protonated,0,,C18 H14 O7,18,14,7,,,,,
1745,341.0516824,341.0514733,341.0514201,54370592.5,604371.5168,96.49372325,-1,0.155859866,0.853918279,0.960755615,0.896653214,8,1,0.714285714,O10,de-protonated,0,,C14 H14 O10,14,14,10,,,,,
1747,341.0305941,341.0303849,341.0302907,8528539.957,604409.2665,15.13595009,-1,0.276228951,0.654487751,0,0.392692651,13,0.588235294,0.470588235,O8,de-protonated,0,,C17 H10 O8,17,10,8,,,,,
1748,341.0151822,341.0149731,341.0150346,8567090.462,604436.5168,15.20436725,-1,-0.180422422,0.834564008,0,0.500738405,9,0.769230769,0.846153846,O11,de-protonated,0,,C13 H10 O11,13,10,11,,,,,
1752,340.2033862,340.203178,340.2032944,347924272.8,605878.5167,617.4754945,-1,-0.341964115,0.729856231,0.979665543,0.829779955,4,1.777777778,0.166666667,13C1 S1 O3,de-protonated,1,1762,C18 H32 O3 S1 13C1,18,32,3,1,,1,,
1752,340.2033862,340.203178,340.2030506,347924272.8,605878.5167,617.4754945,-1,0.374598753,0.152866342,0.806145802,0.414178126,9,1.35,0.1,N3 O2,de-protonated,0,,C20 H27 O2 N3,20,27,2,,3,,,
1754,340.1485118,340.1483036,340.1482814,13483136.84,605976.2667,23.92907665,-1,0.065350126,0.976553471,0.989269105,0.981639725,6,1.5,0.4375,13C1 O7,de-protonated,1,1766,C16 H24 O7 13C1,16,24,7,,,1,,
1755,340.1120506,340.1118425,340.1118959,21969971.09,606041.5165,38.99100989,-1,-0.157035569,0.871969403,0.970483838,0.911375177,7,1.333333333,0.533333333,13C1 O8,de-protonated,1,1767,C15 H20 O8 13C1,15,20,8,,,1,,
1756,340.1040063,340.1037982,340.10379,7904646.328,484844.6132,14.02870044,-1,0.024030468,0.996797011,0,0.598078206,7,1.266666667,0.533333333,N1 O8,de-protonated,0,,C15 H19 O8 N1,15,19,8,,1,,,
1757,340.0757695,340.0755615,340.0755104,10334556.92,484884.8132,18.34116256,-1,0.150196937,0.8822071,0.99594746,0.927703244,8,1.142857143,0.642857143,13C1 O9,de-protonated,1,1769,C14 H16 O9 13C1,14,16,9,,,1,,
1758,340.067585,340.0673769,340.0674045,10414523.2,606120.7667,18.48308201,-1,-0.081190831,0.964040522,0,0.578424313,8,1.071428571,0.642857143,N1 O9,de-protonated,0,,C14 H15 O9 N1,14,15,9,,1,,,
1759,340.0392887,340.0390807,340.0391249,5534237.181,606171.2666,9.821837991,-1,-0.129897012,0.910519295,0.992382488,0.943264572,9,0.923076923,0.769230769,13C1 O10,de-protonated,1,1772,C13 H12 O10 13C1,13,12,10,,,1,,
1762,339.200072,339.1998649,339.1999395,1773640788,607671.0166,3147.753142,-1,-0.220143338,0.770146057,0.979665543,0.853953851,4,1.684210526,0.157894737,S1 O3,de-protonated,0,,C19 H32 O3 S1,19,32,3,1,,,,
1765,339.1814275,339.1812205,339.1813121,17828871.19,607704.0168,31.64162985,-1,-0.270100702,0.666775305,0,0.400065183,5,1.555555556,0.333333333,O6,de-protonated,0,,C18 H28 O6,18,28,6,,,,,
1766,339.1452166,339.1450095,339.1449266,67249016.29,607769.2667,119.3495908,-1,0.244609123,0.846873695,0.989269105,0.903831859,6,1.411764706,0.411764706,O7,de-protonated,0,,C17 H24 O7,17,24,7,,,,,
1767,339.1086673,339.1084603,339.1085411,162751821.6,607834.7667,288.8423412,-1,-0.238233677,0.800767083,0.970483838,0.868653785,7,1.25,0.5,O8,de-protonated,0,,C16 H20 O8,16,20,8,,,,,
1768,339.0837141,339.0835072,339.0833889,6413491.306,486303.4131,11.38228639,-1,0.348663044,0.508969996,0,0.305381998,8,1.142857143,0.571428571,N2 O8,de-protonated,0,,C14 H16 O8 N2,14,16,8,,2,,,
1769,339.072451,339.0722441,339.0721556,65418532.79,486319.6133,116.1009566,-1,0.261071232,0.783493912,0.99594746,0.868475332,8,1.066666667,0.6,O9,de-protonated,0,,C15 H16 O9,15,16,9,,,,,
1771,339.0511326,339.0509256,339.0510262,11000952.41,607937.5167,19.523842,-1,-0.29660189,0.613400558,0,0.368040335,13,0.666666667,0.388888889,O7,de-protonated,0,,C18 H12 O7,18,12,7,,,,,
1772,339.0358906,339.0356837,339.0357701,38834209.98,607965.2665,68.92066719,-1,-0.254630896,0.804026319,0.992382488,0.879368787,9,0.857142857,0.714285714,O10,de-protonated,0,,C14 H12 O10,14,12,10,,,,,
1774,338.2090092,338.2088031,338.2087737,8050256.086,609451.2665,14.28712006,-1,0.08714038,0.958691629,0.989143709,0.970872461,0,2.266666667,0.333333333,13C1 S1 O5,de-protonated,1,1783,C15 H34 O5 S1 13C1,15,34,5,1,,1,,
1775,338.1692292,338.1690233,338.1690169,7362628.35,609523.0162,13.06675888,-1,0.018981616,0.998000326,0.984467751,0.992587296,6,1.529411765,0.352941176,13C1 O6,de-protonated,1,1786,C17 H26 O6 13C1,17,26,6,,,1,,
1776,338.1328146,338.1326087,338.1326313,18513923.26,487671.0132,32.85741989,-1,-0.067128565,0.975276079,0.954323884,0.966895201,7,1.375,0.4375,13C1 O7,de-protonated,1,1788,C16 H22 O7 13C1,16,22,7,,,1,,
1777,338.1246555,338.1244496,338.1245255,5500336.851,487682.8131,9.761673683,-1,-0.224399482,0.755972176,0,0.453583306,7,1.3125,0.4375,N1 O7,de-protonated,0,,C16 H21 O7 N1,16,21,7,,1,,,
1778,338.096456,338.0962502,338.0962458,12200364.48,609654.5163,21.65248786,-1,0.012769786,0.99909448,0.98220742,0.992339656,8,1.2,0.533333333,13C1 O8,de-protonated,1,1791,C15 H18 O8 13C1,15,18,8,,,1,,
1779,338.0884257,338.0882198,338.08814,8373188.019,487735.0131,14.86024063,-1,0.236219205,0.733448942,0,0.440069365,8,1.133333333,0.533333333,N1 O8,de-protonated,0,,C15 H17 O8 N1,15,17,8,,1,,,
1780,338.0600278,338.0598219,338.0598603,7698089.629,487776.013,13.66211579,-1,-0.113546841,0.930877919,0.971722028,0.947215562,9,1,0.642857143,13C1 O9,de-protonated,1,1795,C14 H14 O9 13C1,14,14,9,,,1,,
1781,338.0518762,338.0516703,338.0517545,7781140.746,609734.5167,13.80951002,-1,-0.248869067,0.708866653,0,0.425319992,9,0.928571429,0.642857143,N1 O9,de-protonated,0,,C14 H13 O9 N1,14,13,9,,1,,,
1783,337.2055485,337.2053436,337.2054188,50456497.92,611265.2664,89.54721887,-1,-0.223084021,0.858570039,0.989143709,0.910799507,0,2.125,0.3125,S1 O5,de-protonated,0,,C16 H34 O5 S1,16,34,5,1,,,,
1784,337.2021591,337.2019542,337.2020475,5878034.942,611271.0164,10.43199,-1,-0.276781293,0.653378062,0,0.392026837,5,1.578947368,0.263157895,O5,de-protonated,0,,C19 H30 O5,19,30,5,,,,,
1785,337.1844313,337.1842264,337.1842895,16152801.57,611303.5165,28.66704026,-1,-0.18705101,0.823346436,0,0.494007862,5,1.578947368,0.157894737,S1 O3,de-protonated,0,,C19 H30 O3 S1,19,30,3,1,,,,
1786,337.1659849,337.16578,337.165662,33655324.18,489069.4132,59.72948588,-1,0.349886948,0.752279282,0.984467751,0.84515467,6,1.444444444,0.333333333,O6,de-protonated,0,,C18 H26 O6,18,26,6,,,,,
1788,337.1293628,337.129158,337.1292765,148875757.2,611403.0163,264.2159199,-1,-0.351574233,0.73925722,0.954323884,0.825283886,7,1.294117647,0.411764706,O7,de-protonated,0,,C17 H22 O7,17,22,7,,,,,
1790,337.1043853,337.1041805,337.1041244,6020846.014,489158.8135,10.68544267,-1,0.166482133,0.857289641,0,0.514373784,8,1.2,0.466666667,N2 O7,de-protonated,0,,C15 H18 O7 N2,15,18,7,,2,,,
1791,337.0932045,337.0929997,337.092891,81175221.2,611469.0167,144.0649986,-1,0.322409996,0.78019997,0.98220742,0.86100295,8,1.125,0.5,O8,de-protonated,0,,C16 H18 O8,16,18,8,,,,,
1792,337.0719499,337.0717451,337.0717616,5650235.135,611507.5167,10.02770432,-1,-0.048973148,0.986764102,0,0.592058461,13,0.736842105,0.315789474,O6,de-protonated,0,,C19 H14 O6,19,14,6,,,,,
1794,337.0678873,337.0676826,337.0677389,10452765.36,611514.5164,18.55095192,-1,-0.167109884,0.856292846,0,0.513775708,9,1,0.571428571,N2 O8,de-protonated,0,,C14 H14 O8 N2,14,14,8,,2,,,
1795,337.0565988,337.056394,337.0565055,60913070.07,611535.0164,108.1049269,-1,-0.330715602,0.737759922,0.971722028,0.831344765,9,0.933333333,0.6,O9,de-protonated,0,,C15 H14 O9,15,14,9,,,,,
1796,337.0204485,337.0202438,337.02012,13109523.37,611601.0165,23.26600947,-1,0.367307083,0.472590998,0,0.283554599,10,0.714285714,0.714285714,O10,de-protonated,0,,C14 H10 O10,14,10,10,,,,,
1799,336.1535003,336.1532965,336.1533668,11147011.42,613178.2666,19.78305892,-1,-0.209126291,0.784298503,0.998067308,0.869806025,7,1.411764706,0.352941176,13C1 O6,de-protonated,1,1805,C17 H24 O6 13C1,17,24,6,,,1,,
1800,336.117268,336.1170643,336.1169813,11398279.36,490595.4133,20.22899446,-1,0.246865669,0.712788651,0.957231935,0.810565964,8,1.25,0.4375,13C1 O7,de-protonated,1,1807,C16 H20 O7 13C1,16,20,7,,,1,,
1801,336.1091874,336.1089837,336.1088754,5568146.946,490607.2134,9.882019043,-1,0.322014713,0.562100362,0,0.337260217,8,1.1875,0.4375,N1 O7,de-protonated,0,,C16 H19 O7 N1,16,19,7,,1,,,
1802,336.0807025,336.0804989,336.0805958,9517899.655,613310.7665,16.89180737,-1,-0.288391448,0.629988644,0.987301996,0.772913985,9,1.066666667,0.533333333,13C1 O8,de-protonated,1,1812,C15 H16 O8 13C1,15,16,8,,,1,,
1803,336.0726028,336.0723992,336.0724899,9149777.55,613325.5164,16.23848596,-1,-0.270011172,0.666954457,0,0.400172674,9,1,0.533333333,N1 O8,de-protonated,0,,C15 H15 O8 N1,15,15,8,,1,,,
1804,335.1865909,335.1863882,335.1863975,13755320.99,614946.7666,24.41213304,-1,-0.027714092,0.99574203,0,0.597445218,6,1.473684211,0.263157895,O5,de-protonated,0,,C19 H28 O5,19,28,5,,,,,
1805,335.1501968,335.1499941,335.150012,57647787.32,615013.5165,102.3098955,-1,-0.053222235,0.884342488,0.998067308,0.929832416,7,1.333333333,0.333333333,O6,de-protonated,0,,C18 H24 O6,18,24,6,,,,,
1807,335.1138055,335.1136029,335.1136264,89016665.45,615080.7666,157.9815317,-1,-0.070331344,0.842841131,0.957231935,0.888597453,8,1.176470588,0.411764706,O7,de-protonated,0,,C17 H20 O7,17,20,7,,,,,
1810,335.0885978,335.0883952,335.0884743,8757380.816,615127.0168,15.54208336,-1,-0.236070773,0.733734646,0,0.440240788,9,1.066666667,0.466666667,N2 O7,de-protonated,0,,C15 H16 O7 N2,15,16,7,,2,,,
1811,335.0808222,335.0806196,335.0806122,6004490.033,615141.2666,10.65641504,-1,0.021900346,0.997338963,0,0.598403378,4,1.538461538,0.615384615,S1 O8,de-protonated,0,,C13 H20 O8 S1,13,20,8,1,,,,
1812,335.0775211,335.0773186,335.0772409,49544599.9,615147.2665,87.92883602,-1,0.231644802,0.686105169,0.987301996,0.8065839,9,1,0.5,O8,de-protonated,0,,C16 H16 O8,16,16,8,,,,,
1814,335.0409737,335.0407712,335.0408554,39220866.65,615214.0166,69.60688267,-1,-0.251442004,0.351907641,0.85952323,0.554953876,10,0.8,0.6,O9,de-protonated,0,,C15 H12 O9,15,12,9,,,,,
1815,335.0385531,335.0383506,335.0383535,6167968.894,615218.5166,10.94654769,-1,-0.008668064,0.999582669,0,0.599749601,14,0.631578947,0.210526316,S1 O4,de-protonated,0,,C19 H12 O4 S1,19,12,4,1,,,,
1816,334.1378286,334.1376271,334.1377167,8753612.759,616877.2661,15.53539603,-1,-0.268324318,0.670327719,0.973991553,0.791793252,8,1.294117647,0.352941176,13C1 O6,de-protonated,1,1824,C17 H22 O6 13C1,17,22,6,,,1,,
1817,334.114574,334.1143725,334.1143547,6897380.284,493536.0132,12.24106403,-1,0.053218393,0.984388709,0,0.590633226,4,1.615384615,0.692307692,N1 O9,de-protonated,0,,C13 H21 O9 N1,13,21,9,,1,,,
1818,334.1016177,334.1014162,334.1013312,7796604.142,616943.7668,13.83695354,-1,0.254328523,0.698129972,0.970760381,0.807182136,9,1.125,0.4375,13C1 O7,de-protonated,1,1828,C16 H18 O7 13C1,16,18,7,,,1,,
1820,334.0650183,334.0648169,334.0649457,8474063.468,617011.7664,15.03926843,-1,-0.385727688,0.437539605,0.965527239,0.648734659,10,0.933333333,0.533333333,13C1 O8,de-protonated,1,1832,C15 H14 O8 13C1,15,14,8,,,1,,
1821,334.0569478,334.0567464,334.0568398,7530623.482,617026.2666,13.36490674,-1,-0.279821621,0.647264165,0,0.388358499,10,0.866666667,0.533333333,N1 O8,de-protonated,0,,C15 H13 O8 N1,15,13,8,,1,,,
1823,333.1708594,333.1706589,333.1707474,23011143.68,618667.2666,40.83882165,-1,-0.26561903,0.675728632,0,0.405437179,7,1.368421053,0.263157895,O5,de-protonated,0,,C19 H26 O5,19,26,5,,,,,
1824,333.1346296,333.1344292,333.1343619,37324362.15,494987.813,66.24107825,-1,0.201987694,0.733759244,0.973991553,0.829852168,8,1.222222222,0.333333333,O6,de-protonated,0,,C18 H22 O6,18,22,6,,,,,
1825,333.1192542,333.1190538,333.1191058,5858149.681,618763.5166,10.39669881,-1,-0.155953126,0.873612152,0,0.524167291,4,1.571428571,0.642857143,O9,de-protonated,0,,C14 H22 O9,14,22,9,,,,,
1827,333.1014528,333.1012524,333.1013477,7795749.641,618796.2665,13.83543702,-1,-0.285987828,0.634839198,0,0.380903519,4,1.571428571,0.5,S1 O7,de-protonated,0,,C14 H22 O7 S1,14,22,7,1,,,,
1828,333.0980928,333.0978924,333.0979764,53574539.84,618802.7665,95.08093592,-1,-0.25217064,0.700255954,0.970760381,0.808457725,9,1.058823529,0.411764706,O7,de-protonated,0,,C17 H18 O7,17,18,7,,,,,
1830,333.0829865,333.0827861,333.0827202,8045192.659,618830.5166,14.27813379,-1,0.197655193,0.804896094,0,0.482937656,5,1.384615385,0.769230769,O10,de-protonated,0,,C13 H18 O10,13,18,10,,,,,
1832,333.0618602,333.0616599,333.0615909,37851436.75,618869.7665,67.17649919,-1,0.207146908,0.612718264,0.965527239,0.753841854,10,0.875,0.5,O8,de-protonated,0,,C16 H14 O8,16,14,8,,,,,
1833,333.0593964,333.059196,333.059089,5822865.854,495099.6132,10.33407915,-1,0.321475861,0.563184219,0,0.337910531,14,0.7,0.15,S1 O3,de-protonated,0,,C20 H14 O3 S1,20,14,3,1,,,,
1834,333.0464423,333.0462419,333.0463347,12565541.8,618898.7665,22.30058304,-1,-0.278747614,0.649424977,0,0.389654986,6,1.166666667,0.916666667,O11,de-protonated,0,,C12 H14 O11,12,14,11,,,,,
1836,333.0254031,333.0252028,333.0252054,18925970.1,618937.5162,33.58869635,-1,-0.007816109,0.99966066,0,0.599796396,11,0.666666667,0.6,O9,de-protonated,0,,C15 H10 O9,15,10,9,,,,,
1837,333.0230122,333.0228119,333.0227034,5961821.473,618942.0165,10.58068939,-1,0.325639964,0.554815967,0,0.33288958,15,0.526315789,0.210526316,S1 O4,de-protonated,0,,C19 H10 O4 S1,19,10,4,1,,,,
1838,332.0988469,332.0986476,332.0987047,9139175.786,620664.7664,16.21967057,-1,-0.17176717,0.848817654,0,0.509290592,5,1.461538462,0.692307692,N1 O9,de-protonated,0,,C13 H19 O9 N1,13,19,9,,1,,,
1839,332.0857733,332.085574,332.0856812,7453321.904,620688.7663,13.22771646,-1,-0.322663173,0.560796405,0.986490783,0.731074157,10,1,0.4375,13C1 O7,de-protonated,1,1849,C16 H16 O7 13C1,16,16,7,,,1,,
1841,331.1551992,331.1550009,331.1550973,17606257.36,622433.0167,31.24654794,-1,-0.291169145,0.624379413,0,0.374627648,8,1.263157895,0.263157895,O5,de-protonated,0,,C19 H24 O5,19,24,5,,,,,
1842,331.1400187,331.1398204,331.1398412,14321798.6,622461.5164,25.41748411,-1,-0.062895287,0.978262968,0,0.586957781,4,1.6,0.533333333,O8,de-protonated,0,,C15 H24 O8,15,24,8,,,,,
1844,331.1223352,331.1221369,331.1220831,7032193.004,622494.7664,12.4803217,-1,0.16252765,0.86350869,0,0.518105214,4,1.6,0.4,S1 O6,de-protonated,0,,C15 H24 O6 S1,15,24,6,1,,,,
1845,331.1189819,331.1187836,331.1187118,23757522.59,498001.0134,42.16345095,-1,0.216761374,0.770257412,0,0.462154447,9,1.111111111,0.333333333,O6,de-protonated,0,,C18 H20 O6,18,20,6,,,,,
1846,331.1036594,331.1034611,331.1034557,26961566.51,622530.2666,47.84979928,-1,0.016397015,0.998507437,0,0.599104462,5,1.428571429,0.642857143,O9,de-protonated,0,,C14 H20 O9,14,20,9,,,,,
1848,331.0857791,331.0855809,331.0856976,8805465.874,622563.5166,15.62742189,-1,-0.352528414,0.50136355,0,0.30081813,5,1.428571429,0.5,S1 O7,de-protonated,0,,C14 H20 O7 S1,14,20,7,1,,,,
1849,331.0824164,331.0822182,331.0823263,44751546.09,622569.7664,79.42240659,-1,-0.326596294,0.556846549,0.986490783,0.728704243,10,0.941176471,0.411764706,O7,de-protonated,0,,C17 H16 O7,17,16,7,,,,,
1851,331.0672818,331.0670836,331.0670702,28866032.33,622598.2665,51.22973297,-1,0.040550833,0.990906212,0,0.594543727,6,1.230769231,0.769230769,O10,de-protonated,0,,C13 H16 O10,13,16,10,,,,,
1853,331.0462435,331.0460453,331.0459408,23367285.39,498110.4133,41.47088097,-1,0.315601508,0.575016072,0,0.345009643,11,0.75,0.5,O8,de-protonated,0,,C16 H12 O8,16,12,8,,,,,
1854,331.0307977,331.0305995,331.0306847,15659924.61,622667.2666,27.79231129,-1,-0.25718126,0.692493333,0,0.415496,7,1,0.916666667,O11,de-protonated,0,,C12 H12 O11,12,12,11,,,,,
1856,331.0096901,331.0094919,331.0095553,6897135.603,498165.4133,12.24062979,-1,-0.191463964,0.815741263,0,0.489444758,12,0.533333333,0.6,O9,de-protonated,0,,C15 H8 O9,15,8,9,,,,,
1857,330.1278182,330.127621,330.127546,7542030.276,624370.0165,13.38515085,-1,0.22720018,0.750678854,0.987289115,0.845322959,5,1.571428571,0.571428571,13C1 O8,de-protonated,1,1864,C14 H22 O8 13C1,14,22,8,,,1,,
1858,330.0912631,330.091066,330.0911605,11483289.66,624439.5166,20.37986573,-1,-0.28626193,0.63428623,0.9899583,0.776555058,6,1.384615385,0.692307692,13C1 O9,de-protonated,1,1868,C13 H18 O9 13C1,13,18,9,,,1,,
1859,330.0831773,330.0829801,330.0830546,8595047.542,624454.5165,15.25398383,-1,-0.225625955,0.753657645,0,0.452194587,6,1.307692308,0.692307692,N1 O9,de-protonated,0,,C13 H17 O9 N1,13,17,9,,1,,,
1861,329.1606864,329.1604903,329.1605766,13613808.14,626204.5163,24.16098437,-1,-0.262305873,0.682326835,0,0.409396101,4,1.625,0.4375,O7,de-protonated,0,,C16 H26 O7,16,26,7,,,,,
1863,329.1397221,329.139526,329.1394473,9345185.934,626244.7666,16.58528524,-1,0.239217092,0.727664164,0,0.436598498,9,1.157894737,0.263157895,O5,de-protonated,0,,C19 H22 O5,19,22,5,,,,,
1864,329.1244618,329.1242657,329.1241911,51488048.68,626273.5166,91.37795437,-1,0.22652535,0.751317865,0.987289115,0.845706365,5,1.466666667,0.533333333,O8,de-protonated,0,,C15 H22 O8,15,22,8,,,,,
1866,329.1065401,329.106344,329.1064331,11689738.27,626307.5163,20.74625855,-1,-0.270591767,0.665792481,0,0.399475489,5,1.466666667,0.4,S1 O6,de-protonated,0,,C15 H22 O6 S1,15,22,6,1,,,,
1867,329.1031545,329.1029584,329.1030618,20349066.37,626314.0167,36.11432372,-1,-0.314120184,0.578003737,0,0.346802242,10,1,0.333333333,O6,de-protonated,0,,C18 H18 O6,18,18,6,,,,,
1868,329.0879344,329.0877383,329.0878056,69161846.68,626343.0165,122.7443695,-1,-0.20454669,0.71344144,0.9899583,0.824048184,6,1.285714286,0.642857143,O9,de-protonated,0,,C14 H18 O9,14,18,9,,,,,
1870,329.0703686,329.0701726,329.0700476,5248757.538,501101.2132,9.315185545,-1,0.379988681,0.448352991,0,0.269011794,6,1.285714286,0.5,S1 O7,de-protonated,0,,C14 H18 O7 S1,14,18,7,1,,,,
1871,329.0669807,329.0667847,329.0666763,18241839.17,501106.4133,32.37454109,-1,0.329600123,0.546875191,0,0.328125114,11,0.823529412,0.411764706,O7,de-protonated,0,,C17 H14 O7,17,14,7,,,,,
1872,329.051623,329.051427,329.0514201,47700613.15,501129.8132,84.656237,-1,0.020959606,0.498781196,0.875929598,0.649640557,7,1.076923077,0.769230769,O10,de-protonated,0,,C13 H14 O10,13,14,10,,,,,
1874,329.0303937,329.0301977,329.0302907,15032056.67,626452.5164,26.67800827,-1,-0.282828685,0.641208655,0,0.384725193,12,0.625,0.5,O8,de-protonated,0,,C16 H10 O8,16,10,8,,,,,
1875,329.0152858,329.0150899,329.0150346,6873438.737,626481.2666,12.19857399,-1,0.167955931,0.854945334,0,0.512967201,8,0.833333333,0.916666667,O11,de-protonated,0,,C12 H10 O11,12,10,11,,,,,
1876,328.192009,328.1918139,328.1918893,5177220.249,628052.7668,9.18822538,-1,-0.229722899,0.543659132,0.973078749,0.715426979,4,1.764705882,0.117647059,13C1 S1 O2 18O1,de-protonated,1,1911,C17 H30 O2 S1 13C1 18O1,17,30,2,1,,1,,1
1876,328.192009,328.1918139,328.1918172,5177220.249,628052.7668,9.18822538,-1,-0.010049383,0.999439101,0,0.599663461,8,1.35,0.15,N1 O3,de-protonated,0,,C20 H27 O3 N1,20,27,3,,1,,,
1877,328.1835525,328.1833574,328.1834401,35319781.43,628069.0165,62.68346653,-1,-0.252056669,0.538850157,0.973078749,0.712541594,4,1.764705882,0.176470588,13C1 34S1 O3,de-protonated,1,1911,C17 H30 O3 13C1 34S1,17,30,3,,,1,1,
1878,328.1485855,328.1483905,328.1482814,7450944.136,628136.2666,13.22349653,-1,0.332494353,0.541084117,0.959316468,0.708377057,5,1.6,0.466666667,13C1 O7,de-protonated,1,1887,C15 H24 O7 13C1,15,24,7,,,1,,
1879,328.1119893,328.1117943,328.1118959,25025386.9,628206.0165,44.41358181,-1,-0.309715519,0.586894937,0.981710287,0.744821077,6,1.428571429,0.571428571,13C1 O8,de-protonated,1,1888,C14 H20 O8 13C1,14,20,8,,,1,,
1880,328.1039852,328.1037902,328.10379,7941314.908,502577.2132,14.09377768,-1,0.000584593,0.999998101,0,0.599998861,6,1.357142857,0.571428571,N1 O8,de-protonated,0,,C14 H19 O8 N1,14,19,8,,1,,,
1881,328.075731,328.075536,328.0755104,10095596.97,628275.7666,17.91707052,-1,0.078105016,0.966676794,0.976385751,0.970560377,7,1.230769231,0.692307692,13C1 O9,de-protonated,1,1893,C13 H16 O9 13C1,13,16,9,,,1,,
1882,328.0675217,328.0673268,328.0674045,9641778.076,628291.5167,17.11165949,-1,-0.237088399,0.731774532,0,0.439064719,7,1.153846154,0.692307692,N1 O9,de-protonated,0,,C13 H15 O9 N1,13,15,9,,1,,,
1884,327.1912607,327.1910668,327.1909991,57711380.28,629973.7666,102.4227565,-1,0.206681679,0.548420588,0.973078749,0.718283852,4,1.875,0.1875,13C2 S1 O3,de-protonated,1,1911,C16 H30 O3 S1 13C2,16,30,3,1,,2,,
1885,327.1888122,327.1886182,327.1885345,18269349.64,629978.5165,32.42336505,-1,0.25592949,0.538001553,0.973078749,0.712032431,4,1.666666667,0.111111111,S1 O2 18O1,de-protonated,1,1911,C18 H30 O2 S1 18O1,18,30,2,1,,,,1
1886,327.1803663,327.1801723,327.1800853,130420325.2,629994.7666,231.4623068,-1,0.265973723,0.535785151,0.973078749,0.71070259,4,1.666666667,0.166666667,34S1 O3,de-protonated,1,1911,C18 H30 O3 34S1,18,30,3,,,,1,
1887,327.1450152,327.1448212,327.1449266,61687742.74,630063.2666,109.4797703,-1,-0.321979813,0.551627335,0.959316468,0.714702988,5,1.5,0.4375,O7,de-protonated,0,,C16 H24 O7,16,24,7,,,,,
1888,327.1088105,327.1086166,327.1085411,132598479.4,504106.2134,235.3279666,-1,0.23094826,0.66522323,0.981710287,0.791818053,6,1.333333333,0.533333333,O8,de-protonated,0,,C15 H20 O8,15,20,8,,,,,
1890,327.0908613,327.0906674,327.090783,6492969.854,630167.5168,11.52334024,-1,-0.353400554,0.499651623,0,0.299790974,6,1.333333333,0.4,S1 O6,de-protonated,0,,C15 H20 O6 S1,15,20,6,1,,,,
1891,327.0874871,327.0872932,327.0874117,12842622.62,630174.0165,22.79232976,-1,-0.362352732,0.482178125,0,0.289306875,11,0.888888889,0.333333333,O6,de-protonated,0,,C18 H16 O6,18,16,6,,,,,
1892,327.0834951,327.0833012,327.0833889,5538137.425,630181.7665,9.828759915,-1,-0.268326539,0.670323281,0,0.402193968,7,1.230769231,0.615384615,N2 O8,de-protonated,0,,C13 H16 O8 N2,13,16,8,,2,,,
1893,327.0723426,327.0721487,327.0721556,82748673.57,504162.4132,146.8574691,-1,-0.020860846,0.982131038,0.976385751,0.979832923,7,1.142857143,0.642857143,O9,de-protonated,0,,C14 H16 O9,14,16,9,,,,,
1895,327.0513116,327.0511178,327.0510262,13608480.34,504194.8131,24.1515289,-1,0.280086892,0.646730293,0,0.388038176,12,0.705882353,0.411764706,O7,de-protonated,0,,C17 H12 O7,17,12,7,,,,,
1896,327.0359197,327.0357259,327.0357701,36038165.29,630273.0164,63.95841187,-1,-0.135107283,0.451780802,0.875929598,0.62144032,8,0.923076923,0.769230769,O10,de-protonated,0,,C13 H12 O10,13,12,10,,,,,
1898,327.0147538,327.01456,327.0146407,5931051.439,630313.7665,10.52608055,-1,-0.246596465,0.713314892,0,0.427988935,13,0.5,0.5,O8,de-protonated,0,,C16 H8 O8,16,8,8,,,,,
1901,326.1877285,326.1875356,326.1876443,908130018.5,631912.2667,1611.695636,-1,-0.333125905,0.520763015,0.973078749,0.701689309,4,1.764705882,0.176470588,13C1 S1 O3,de-protonated,1,1911,C17 H30 O3 S1 13C1,17,30,3,1,,1,,
1901,326.1877285,326.1875356,326.1874005,908130018.5,631912.2667,1611.695636,-1,0.414226308,0.096372377,0.807568558,0.380850849,9,1.315789474,0.105263158,N3 O2,de-protonated,0,,C19 H25 O2 N3,19,25,2,,3,,,
1903,326.1327347,326.1325418,326.1326313,21985178.5,632018.5166,39.01799912,-1,-0.27450026,0.657958583,0.959609453,0.778618931,6,1.466666667,0.466666667,13C1 O7,de-protonated,1,1914,C15 H22 O7 13C1,15,22,7,,,1,,
1904,326.1246086,326.1244158,326.1245255,6662418.864,632034.2664,11.82406835,-1,-0.336319362,0.533448443,0,0.320069066,6,1.4,0.466666667,N1 O7,de-protonated,0,,C15 H21 O7 N1,15,21,7,,1,,,
1905,326.0965289,326.0963361,326.0962458,17141165.9,632089.0166,30.42113104,-1,0.276784194,0.653372232,0.979033572,0.783636768,7,1.285714286,0.571428571,13C1 O8,de-protonated,1,1916,C14 H18 O8 13C1,14,18,8,,,1,,
1906,326.0884373,326.0882445,326.08814,9032320.782,505683.6132,16.03003061,-1,0.320496729,0.565154345,0,0.339092607,7,1.214285714,0.571428571,N1 O8,de-protonated,0,,C14 H17 O8 N1,14,17,8,,1,,,
1907,326.0599545,326.0597618,326.0598603,8468343.774,632159.5166,15.02911745,-1,-0.302296337,0.601888088,0.987801797,0.756253572,8,1.076923077,0.692307692,13C1 O9,de-protonated,1,1919,C13 H14 O9 13C1,13,14,9,,,1,,
1908,326.0518739,326.0516811,326.0517545,8761994.858,632175.2667,15.55027209,-1,-0.224864798,0.755094707,0,0.453056824,8,1,0.692307692,N1 O9,de-protonated,0,,C13 H13 O9 N1,13,13,9,,1,,,
1909,325.1868543,325.1866625,325.1867914,5838808.951,845142.6887,10.36237402,-1,-0.39635516,0.417795414,0,0.250677248,0,2.142857143,0.571428571,O8,de-protonated,0,,C14 H30 O8,14,30,8,,,,,
1911,325.1843836,325.1841918,325.1842895,4916208078,633862.0166,8724.996362,-1,-0.300322745,0.528102593,0.973078749,0.706093056,4,1.666666667,0.166666667,S1 O3,de-protonated,0,,C18 H30 O3 S1,18,30,3,1,,,,
1913,325.1657747,325.165583,325.165662,25934192.82,633898.2663,46.026477,-1,-0.243173882,0.719988782,0,0.431993269,5,1.529411765,0.352941176,O6,de-protonated,0,,C17 H26 O6,17,26,6,,,,,
1914,325.1295032,325.1293115,325.1292765,94435739.47,633969.0165,167.5989849,-1,0.107568595,0.797848919,0.959609453,0.862553133,6,1.375,0.4375,O7,de-protonated,0,,C16 H22 O7,16,22,7,,,,,
1915,325.1042041,325.1040124,325.1041244,5478128.155,507214.6134,9.722258999,-1,-0.344603504,0.5169904,0,0.31019424,7,1.285714286,0.5,N2 O7,de-protonated,0,,C14 H18 O7 N2,14,18,7,,2,,,
1916,325.0930763,325.0928846,325.092891,126287141.1,634040.0163,224.1269753,-1,-0.019633879,0.825616458,0.979033572,0.886983304,7,1.2,0.533333333,O8,de-protonated,0,,C15 H18 O8,15,18,8,,,,,
1918,325.0720382,325.0718465,325.0717616,6459466.734,634080.7665,11.46388087,-1,0.261148848,0.684626544,0,0.410775926,12,0.777777778,0.333333333,O6,de-protonated,0,,C18 H14 O6,18,14,6,,,,,
1919,325.0566345,325.0564428,325.0565055,62011365.43,634110.7667,110.0541167,-1,-0.192863248,0.707597907,0.987801797,0.819679463,8,1,0.642857143,O9,de-protonated,0,,C14 H14 O9,14,14,9,,,,,
1921,325.0354929,325.0353012,325.0353761,8994005.723,634152.0164,15.9620313,-1,-0.230426602,0.7445464,0,0.44672784,13,0.588235294,0.411764706,O7,de-protonated,0,,C17 H10 O7,17,10,7,,,,,
1922,325.020421,325.0202294,325.02012,12533831.14,634181.7663,22.24430484,-1,0.336675456,0.532738691,0,0.319643214,9,0.769230769,0.769230769,O10,de-protonated,0,,C13 H10 O10,13,10,10,,,,,
1924,324.1534892,324.1532985,324.1533668,11106011.4,635877.5166,19.71029451,-1,-0.210645332,0.78152504,0.987825009,0.864045028,6,1.5,0.375,13C1 O6,de-protonated,1,1932,C16 H24 O6 13C1,16,24,6,,,1,,
1925,324.1171479,324.1169573,324.1169813,18455411.23,508759.2132,32.75357619,-1,-0.074049212,0.969996613,0.976258082,0.972501201,7,1.333333333,0.466666667,13C1 O7,de-protonated,1,1933,C15 H20 O7 13C1,15,20,7,,,1,,
1926,324.108959,324.1087684,324.1088754,10103058.92,635965.2664,17.93031355,-1,-0.330293303,0.54548721,0,0.327292326,7,1.266666667,0.466666667,N1 O7,de-protonated,0,,C15 H19 O7 N1,15,19,7,,1,,,
1927,324.0808513,324.0806607,324.0805958,9791981.764,508816.2132,17.37823215,-1,0.2002857,0.800228821,0.990597381,0.876376245,8,1.142857143,0.571428571,13C1 O8,de-protonated,1,1937,C14 H16 O8 13C1,14,16,8,,,1,,
1928,324.0727787,324.0725881,324.0724899,8490951.42,636036.2664,15.06924017,-1,0.302996648,0.600472331,0,0.360283399,8,1.071428571,0.571428571,N1 O8,de-protonated,0,,C14 H15 O8 N1,14,15,8,,1,,,
1929,324.0443004,324.0441098,324.0442103,5805419.185,636091.7666,10.30311583,-1,-0.310055321,0.586208672,0.986607591,0.74636824,9,0.923076923,0.692307692,13C1 O9,de-protonated,1,1939,C13 H12 O9 13C1,13,12,9,,,1,,
1930,323.1866362,323.1864465,323.1863975,7607526.463,510224.0131,13.50138962,-1,0.151772559,0.879878262,0,0.527926957,5,1.555555556,0.277777778,O5,de-protonated,0,,C18 H28 O5,18,28,5,,,,,
1931,323.1687391,323.1685495,323.1686394,25099792.87,637815.5163,44.54563314,-1,-0.278296585,0.650332074,0,0.390199244,5,1.555555556,0.166666667,S1 O3,de-protonated,0,,C18 H28 O3 S1,18,28,3,1,,,,
1932,323.1502369,323.1500473,323.150012,54822705.78,637852.0165,97.29610727,-1,0.10932765,0.858639373,0.987825009,0.910313627,6,1.411764706,0.352941176,O6,de-protonated,0,,C17 H24 O6,17,24,6,,,,,
1933,323.113763,323.1135735,323.1136264,129531560.1,637924.0165,229.884979,-1,-0.164013315,0.915590568,0.976258082,0.939857573,7,1.25,0.4375,O7,de-protonated,0,,C16 H20 O7,16,20,7,,,,,
1936,323.0886342,323.0884446,323.0884743,7152695.04,637973.2666,12.69418162,-1,-0.091956027,0.954109072,0,0.572465443,8,1.142857143,0.5,N2 O7,de-protonated,0,,C14 H16 O7 N2,14,16,7,,2,,,
1937,323.077505,323.0773155,323.0772409,64913684.74,637995.2662,115.204982,-1,0.230739066,0.77208971,0.990597381,0.859492778,8,1.066666667,0.533333333,O8,de-protonated,0,,C15 H16 O8,15,16,8,,,,,
1938,323.0562979,323.0561084,323.0561116,7543866.634,638037.5166,13.38840991,-1,-0.009798675,0.999466731,0,0.599680039,13,0.666666667,0.333333333,O6,de-protonated,0,,C18 H12 O6,18,12,6,,,,,
1939,323.0409242,323.0407347,323.0408554,42996542.05,638067.5165,76.30772885,-1,-0.373640728,0.523318832,0.986607591,0.708634336,9,0.857142857,0.642857143,O9,de-protonated,0,,C14 H12 O9,14,12,9,,,,,
1940,323.0047342,323.0045447,323.0044699,5363527.457,638139.0163,9.518872433,-1,0.231553745,0.742395632,0,0.445437379,10,0.615384615,0.769230769,O10,de-protonated,0,,C13 H8 O10,13,8,10,,,,,
1942,322.1379663,322.1377778,322.1377167,9184159.79,511885.0132,16.29950553,-1,0.189554472,0.819045124,0.949107866,0.871070221,7,1.375,0.375,13C1 O6,de-protonated,1,1949,C16 H22 O6 13C1,16,22,6,,,1,,
1943,322.1014933,322.1013048,322.1013312,11067301.68,639928.5164,19.64159477,-1,-0.08204407,0.963294866,0.977468253,0.968964221,8,1.2,0.466666667,13C1 O7,de-protonated,1,1951,C15 H18 O7 13C1,15,18,7,,,1,,
1944,322.0934716,322.0932832,322.0932254,6158638.364,639944.7666,10.92998841,-1,0.179540274,0.836037575,0,0.501622545,8,1.133333333,0.466666667,N1 O7,de-protonated,0,,C15 H17 O7 N1,15,17,7,,1,,,
1945,322.0650726,322.0648842,322.0649457,7104311.348,512000.8133,12.60831309,-1,-0.190944025,0.816642833,0.990849992,0.886325696,9,1,0.571428571,13C1 O8,de-protonated,1,1954,C14 H14 O8 13C1,14,14,8,,,1,,
1946,322.056918,322.0567295,322.0568398,8054434.604,640017.0165,14.29453585,-1,-0.342533952,0.521090993,0,0.312654596,9,0.928571429,0.571428571,N1 O8,de-protonated,0,,C14 H13 O8 N1,14,13,8,,1,,,
1947,321.1710263,321.1708389,321.1707474,13674621.28,641782.7665,24.26891193,-1,0.284818511,0.637197601,0,0.38231856,6,1.444444444,0.277777778,O5,de-protonated,0,,C18 H26 O5,18,26,5,,,,,
1949,321.1344449,321.1342575,321.1343619,77962240.12,641855.5165,138.3627891,-1,-0.325126314,0.68744618,0.949107866,0.792110854,7,1.294117647,0.352941176,O6,de-protonated,0,,C17 H22 O6,17,22,6,,,,,
1951,321.0982487,321.0980613,321.0979764,53660056.61,641928.2666,95.23270604,-1,0.264358315,0.820768213,0.977468253,0.883448229,8,1.125,0.4375,O7,de-protonated,0,,C16 H18 O7,16,18,7,,,,,
1953,321.0729008,321.0727134,321.0728243,6701794.52,641978.5164,11.89394995,-1,-0.345227279,0.515755985,0,0.309453591,9,1,0.5,N2 O7,de-protonated,0,,C14 H14 O7 N2,14,14,7,,2,,,
1954,321.0617384,321.0615511,321.0615909,46992136.91,642001.2666,83.39887513,-1,-0.123972825,0.867400878,0.990849992,0.916780523,9,0.933333333,0.533333333,O8,de-protonated,0,,C15 H14 O8,15,14,8,,,,,
1955,321.0253346,321.0251473,321.0252054,17985593.46,642074.0163,31.9197713,-1,-0.180797361,0.833936304,0,0.500361782,10,0.714285714,0.642857143,O9,de-protonated,0,,C14 H10 O9,14,10,9,,,,,
1956,321.0229052,321.0227179,321.0227034,5350931.051,642078.5164,9.496517074,-1,0.044887725,0.988868486,0,0.593321092,14,0.555555556,0.222222222,S1 O4,de-protonated,0,,C18 H10 O4 S1,18,10,4,1,,,,
1957,320.1222672,320.1220809,320.1220667,7379489.251,643885.0166,13.09668262,-1,0.044332254,0.989140788,0.984021147,0.987092931,8,1.25,0.375,13C1 O6,de-protonated,1,1964,C16 H20 O6 13C1,16,20,6,,,1,,
1958,320.0859172,320.0857309,320.0856812,5878128.649,515166.6132,10.4321563,-1,0.155354643,0.874516868,0.964710661,0.910594385,9,1.066666667,0.466666667,13C1 O7,de-protonated,1,1968,C15 H16 O7 13C1,15,16,7,,,1,,
1962,319.1552514,319.1550661,319.1550973,20119499.47,645836.2664,35.70690192,-1,-0.097933602,0.948111394,0,0.568866836,7,1.333333333,0.277777778,O5,de-protonated,0,,C18 H24 O5,18,24,5,,,,,
1964,319.1189778,319.1187926,319.1187118,35460084.16,516727.6132,62.93246755,-1,0.253028803,0.84491651,0.984021147,0.900558365,8,1.176470588,0.352941176,O6,de-protonated,0,,C17 H20 O6,17,20,6,,,,,
1967,319.0857672,319.085582,319.0856976,5886065.807,645976.5165,10.4462427,-1,-0.362350346,0.482182756,0,0.289309654,4,1.538461538,0.538461538,S1 O7,de-protonated,0,,C13 H20 O7 S1,13,20,7,1,,,,
1968,319.0823971,319.0822119,319.0823263,46066110.92,645983.7663,81.75541876,-1,-0.358580689,0.682017458,0.964710661,0.795094739,9,1,0.4375,O7,de-protonated,0,,C16 H16 O7,16,16,7,,,,,
1970,319.0672412,319.0670561,319.0670702,6496315.568,646014.0167,11.52927801,-1,-0.04427493,0.9891687,0,0.59350122,5,1.333333333,0.833333333,O10,de-protonated,0,,C12 H16 O10,12,16,10,,,,,
1972,319.0461919,319.0460068,319.0459408,24700586.65,646057.0163,43.83714546,-1,0.206755761,0.788605896,0,0.473163538,10,0.8,0.533333333,O8,de-protonated,0,,C15 H12 O8,15,12,8,,,,,
1973,319.0097134,319.0095282,319.0095553,7004176.563,646130.5165,12.43059978,-1,-0.084875006,0.960769334,0,0.576461601,11,0.571428571,0.642857143,O9,de-protonated,0,,C14 H8 O9,14,8,9,,,,,
1974,318.070117,318.0699329,318.0700311,5499300.601,648039.2662,9.759834608,-1,-0.308750664,0.588843821,0.995973067,0.751695519,10,0.933333333,0.466666667,13C1 O7,de-protonated,1,1983,C15 H14 O7 13C1,15,14,7,,,1,,
1976,317.1759676,317.1757844,317.1758328,5527233.119,649866.5165,9.809407594,-1,-0.152411149,0.878929245,0,0.527357547,7,1.368421053,0.210526316,O4,de-protonated,0,,C19 H26 O4,19,26,4,,,,,
1977,317.1395484,317.1393653,317.1394473,18904122.3,649940.7666,33.54992216,-1,-0.258613938,0.689656212,0,0.413793727,8,1.222222222,0.277777778,O5,de-protonated,0,,C18 H22 O5,18,22,5,,,,,
1978,317.1242971,317.124114,317.1241911,14196276.71,649972.0165,25.19471525,-1,-0.243314236,0.719715715,0,0.431829429,4,1.571428571,0.571428571,O8,de-protonated,0,,C14 H22 O8,14,22,8,,,,,
1980,317.1033113,317.1031283,317.1030618,19980568.68,650015.0165,35.46033574,-1,0.209666149,0.783314005,0,0.469988403,9,1.058823529,0.352941176,O6,de-protonated,0,,C17 H18 O6,17,18,6,,,,,
1981,317.087996,317.087813,317.0878056,17865283.93,650046.7665,31.70625303,-1,0.023151615,0.997026667,0,0.598216,5,1.384615385,0.692307692,O9,de-protonated,0,,C13 H18 O9,13,18,9,,,,,
1983,317.0667647,317.0665817,317.0666763,32577988.66,650090.2665,57.8174943,-1,-0.298308042,0.599397596,0.995973067,0.758027784,10,0.875,0.4375,O7,de-protonated,0,,C16 H14 O7,16,14,7,,,,,
1984,317.0516304,317.0514474,317.0514201,17897583.73,650121.0167,31.76357682,-1,0.086091352,0.959659997,0,0.575795998,6,1.166666667,0.833333333,O10,de-protonated,0,,C12 H14 O10,12,14,10,,,,,
1986,317.030548,317.030365,317.0302907,13796823.83,650164.2665,24.48578982,-1,0.234193663,0.737341792,0,0.442405075,11,0.666666667,0.533333333,O8,de-protonated,0,,C15 H10 O8,15,10,8,,,,,
1987,316.1121611,316.1119791,316.1118959,7683973.69,521642.6133,13.63706365,-1,0.263121416,0.680704418,0.997614666,0.807468517,5,1.538461538,0.615384615,13C1 O8,de-protonated,1,1992,C13 H20 O8 13C1,13,20,8,,,1,,
1990,315.1450152,315.1448342,315.1449266,22346993.18,654054.5164,39.66012648,-1,-0.293101472,0.620475416,0,0.37228525,4,1.6,0.466666667,O7,de-protonated,0,,C15 H24 O7,15,24,7,,,,,
1991,315.1240791,315.1238982,315.1237972,8980111.926,654098.0164,15.93737341,-1,0.320398118,0.56535281,0,0.339211686,9,1.111111111,0.277777778,O5,de-protonated,0,,C18 H20 O5,18,20,5,,,,,
1992,315.1086874,315.1085064,315.1085411,51439069.5,523303.8133,91.291029,-1,-0.109868478,0.807921021,0.997614666,0.883798479,5,1.428571429,0.571428571,O8,de-protonated,0,,C14 H20 O8,14,20,8,,,,,
1994,315.09087,315.0906891,315.090783,6007047.765,523333.4133,10.66095435,-1,-0.298162832,0.610244942,0,0.366146965,5,1.428571429,0.428571429,S1 O6,de-protonated,0,,C14 H20 O6 S1,14,20,6,1,,,,
1995,315.0875188,315.0873379,315.0874117,18545370.94,654173.5165,32.91323138,-1,-0.23414716,0.737431014,0,0.442458608,10,0.941176471,0.352941176,O6,de-protonated,0,,C17 H16 O6,17,16,6,,,,,
1996,315.0723896,315.0722087,315.0721556,36112667.7,654205.2668,64.09063434,-1,0.168575911,0.426977459,0.875929598,0.606558315,6,1.230769231,0.692307692,O9,de-protonated,0,,C13 H16 O9,13,16,9,,,,,
1998,315.0512107,315.0510299,315.0510262,17064678.82,654249.2664,30.28538628,-1,0.011631368,0.999248678,0,0.599549207,11,0.75,0.4375,O7,de-protonated,0,,C16 H12 O7,16,12,7,,,,,
1999,315.0358654,315.0356845,315.0357701,25001739.51,654280.7665,44.37161382,-1,-0.271500922,0.663972011,0,0.398383207,7,1,0.833333333,O10,de-protonated,0,,C12 H12 O10,12,12,10,,,,,
2001,315.0148986,315.0147178,315.0146407,5989568.399,523459.6131,10.629933,-1,0.244818438,0.716785853,0,0.430071512,12,0.533333333,0.533333333,O8,de-protonated,0,,C15 H8 O8,15,8,8,,,,,
2002,314.1678867,314.1677068,314.1677901,15298421.68,656088.7666,27.15073719,-1,-0.265193766,0.773150843,0.979539658,0.855706369,4,1.75,0.1875,13C1 34S1 O3,de-protonated,1,2027,C16 H28 O3 13C1 34S1,16,28,3,,,1,1,
2003,314.1327917,314.1326118,314.1326313,12777011.67,656161.7664,22.6758873,-1,-0.062251715,0.97870079,0.983057005,0.980443276,5,1.571428571,0.5,13C1 O7,de-protonated,1,2010,C14 H22 O7 13C1,14,22,7,,,1,,
2004,314.0965085,314.0963287,314.0962458,12662839.74,656237.5164,22.47326169,-1,0.263768769,0.679415765,0.968416865,0.795016205,6,1.384615385,0.615384615,13C1 O8,de-protonated,1,2012,C13 H18 O8 13C1,13,18,8,,,1,,
2005,314.0599307,314.0597509,314.0598603,7692553.985,656314.0167,13.65229146,-1,-0.348514875,0.509262171,0.973932006,0.695130105,7,1.166666667,0.75,13C1 O9,de-protonated,1,2015,C12 H14 O9 13C1,12,14,9,,,1,,
2006,313.1755726,313.1753937,313.1753491,23859219.61,658167.2665,42.34393683,-1,0.142508072,0.809272533,0.979539658,0.877379383,4,1.866666667,0.2,13C2 S1 O3,de-protonated,1,2027,C15 H28 O3 S1 13C2,15,28,3,1,,2,,
2007,313.1730903,313.1729115,313.1728844,10091487.52,658172.5166,17.90977732,-1,0.086503265,0.820268252,0.979539658,0.883976815,4,1.647058824,0.117647059,S1 O2 18O1,de-protonated,1,2027,C17 H28 O2 S1 18O1,17,28,2,1,,,,1
2008,313.1657788,313.1655999,313.165662,9724711.99,658188.2666,17.25884572,-1,-0.198304023,0.803748102,0,0.482248861,4,1.625,0.375,O6,de-protonated,0,,C16 H26 O6,16,26,6,,,,,
2009,313.1645414,313.1643626,313.1644352,91633026.98,658190.5166,162.6248959,-1,-0.231965958,0.783989413,0.979539658,0.862209511,4,1.647058824,0.176470588,34S1 O3,de-protonated,1,2027,C17 H28 O3 34S1,17,28,3,,,,1,
2010,313.1295424,313.1293636,313.1292765,68388220.13,526611.4132,121.3713826,-1,0.278194778,0.814618794,0.983057005,0.881994078,5,1.466666667,0.466666667,O7,de-protonated,0,,C15 H22 O7,15,22,7,,,,,
2011,313.108245,313.1080662,313.1081471,6749159.01,658308.7665,11.97800965,-1,-0.258577064,0.689729285,0,0.413837571,10,1,0.277777778,O5,de-protonated,0,,C18 H18 O5,18,18,5,,,,,
2012,313.092992,313.0928132,313.092891,113000462.6,658341.2664,200.5465613,-1,-0.248494952,0.694507787,0.968416865,0.804071418,6,1.285714286,0.571428571,O8,de-protonated,0,,C14 H18 O8,14,18,8,,,,,
2014,313.0720071,313.0718283,313.0717616,9526750.504,526708.2131,16.90751534,-1,0.213013354,0.777181312,0,0.466308787,11,0.823529412,0.352941176,O6,de-protonated,0,,C17 H14 O6,17,14,6,,,,,
2015,313.0566805,313.0565018,313.0565055,43543866.65,658417.2667,77.2790883,-1,-0.011786055,0.75424537,0.973932006,0.842120025,7,1.076923077,0.692307692,O9,de-protonated,0,,C13 H14 O9,13,14,9,,,,,
2017,313.0354604,313.0352817,313.0353761,12874322.97,658462.2666,22.84858966,-1,-0.3016577,0.603179207,0,0.361907524,12,0.625,0.4375,O7,de-protonated,0,,C16 H10 O7,16,10,7,,,,,
2018,313.0203506,313.0201719,313.02012,8959866.354,658494.0164,15.90144276,-1,0.165922117,0.858176687,0,0.514906012,8,0.833333333,0.833333333,O10,de-protonated,0,,C12 H10 O10,12,10,10,,,,,
2019,312.1751678,312.17499,312.1751218,5788392.47,660276.5166,10.27289782,-1,-0.422145395,0.37156279,0,0.222937674,4,1.8,0.133333333,N3 S1 O2,de-protonated,0,,C15 H27 O2 S1 N3,15,27,2,1,3,,,
2020,312.1722525,312.1720747,312.1719942,320068740.6,660283.017,568.0391377,-1,0.257654758,0.775647433,0.979539658,0.857204323,4,1.75,0.1875,13C1 S1 O3,de-protonated,1,2027,C16 H28 O3 S1 13C1,16,28,3,1,,1,,
2022,312.1534769,312.1532992,312.1533668,6210091.97,528258.0133,11.02130524,-1,-0.216609204,0.77053966,0.995254787,0.860425711,5,1.6,0.4,13C1 O6,de-protonated,1,2029,C15 H24 O6 13C1,15,24,6,,,1,,
2023,312.1172275,312.1170498,312.1169813,19386179.01,660399.0164,34.40544799,-1,0.219411644,0.765326601,0.989026031,0.854806373,6,1.428571429,0.5,13C1 O7,de-protonated,1,2030,C14 H20 O7 13C1,14,20,7,,,1,,
2024,312.0806892,312.0805115,312.0805958,12794195.49,660476.7666,22.70638414,-1,-0.269981598,0.667013631,0.997330154,0.79914024,7,1.230769231,0.615384615,13C1 O8,de-protonated,1,2032,C13 H16 O8 13C1,13,16,8,,,1,,
2025,312.0726631,312.0724854,312.0724899,8521659.125,528394.8131,15.12373839,-1,-0.014378446,0.998852105,0,0.599311263,7,1.153846154,0.615384615,N1 O8,de-protonated,0,,C13 H15 O8 N1,13,15,8,,1,,,
2027,311.1688487,311.168672,311.1686394,1988842360,662411.7663,3529.68021,-1,0.104699277,0.817207687,0.979539658,0.882140475,4,1.647058824,0.176470588,S1 O3,de-protonated,0,,C17 H28 O3 S1,17,28,3,1,,,,
2029,311.1501211,311.1499444,311.150012,37003652.36,662452.0166,65.67190142,-1,-0.217192884,0.769998092,0.995254787,0.86010077,5,1.5,0.375,O6,de-protonated,0,,C16 H24 O6,16,24,6,,,,,
2030,311.1138759,311.1136992,311.1136264,130310808.1,530023.2133,231.2679425,-1,0.233899841,0.751616002,0.989026031,0.846580013,6,1.333333333,0.466666667,O7,de-protonated,0,,C15 H20 O7,15,20,7,,,,,
2031,311.0885603,311.0883837,311.0884743,5329933.387,662582.7669,9.459251658,-1,-0.291295079,0.624125023,0,0.374475014,7,1.230769231,0.538461538,N2 O7,de-protonated,0,,C13 H16 O7 N2,13,16,7,,2,,,
2032,311.077333,311.0771564,311.0772409,81962895.68,662607.0165,145.4629168,-1,-0.271825149,0.665168075,0.997330154,0.798032907,7,1.142857143,0.571428571,O8,de-protonated,0,,C14 H16 O8,14,16,8,,,,,
2033,311.0563666,311.05619,311.0561116,7262261.51,530121.2133,12.88863373,-1,0.252271261,0.702183902,0,0.421310341,12,0.705882353,0.352941176,O6,de-protonated,0,,C17 H12 O6,17,12,6,,,,,
2034,311.0409942,311.0408176,311.0408554,30422636.27,530147.4131,53.9923019,-1,-0.121660774,0.921060378,0,0.552636227,8,0.923076923,0.692307692,O9,de-protonated,0,,C13 H12 O9,13,12,9,,,,,
2035,310.1777319,310.1775563,310.1774735,15163506.98,664528.7664,26.91129853,-1,0.266746906,0.448985531,0.939442015,0.645168124,0,2.307692308,0.384615385,13C1 S1 O5,de-protonated,1,2041,C13 H30 O5 S1 13C1,13,30,5,1,,1,,
2036,310.137807,310.1376314,310.1377167,11055400.08,664614.0165,19.62047252,-1,-0.275170958,0.656612379,0.982505682,0.7869697,6,1.466666667,0.4,13C1 O6,de-protonated,1,2044,C15 H22 O6 13C1,15,22,6,,,1,,
2037,310.1014297,310.1012541,310.1013312,18974459.96,664692.2665,33.67475329,-1,-0.248635022,0.709325353,0.996188979,0.824070803,7,1.285714286,0.5,13C1 O7,de-protonated,1,2045,C14 H18 O7 13C1,14,18,7,,,1,,
2038,310.0933062,310.0931306,310.0932254,8932641.355,664709.7665,15.85312544,-1,-0.305596942,0.595216243,0,0.357129746,7,1.214285714,0.5,N1 O7,de-protonated,0,,C14 H17 O7 N1,14,17,7,,1,,,
2039,310.0570306,310.0568551,310.0568398,5494318.337,531829.8131,9.75099238,-1,0.049203286,0.986640248,0,0.591984149,8,1,0.615384615,N1 O8,de-protonated,0,,C13 H13 O8 N1,13,13,8,,1,,,
2041,309.174255,309.1740804,309.1741187,130313049.9,666685.2667,231.271921,-1,-0.123930781,0.530563462,0.939442015,0.694114883,0,2.142857143,0.357142857,S1 O5,de-protonated,0,,C14 H30 O5 S1,14,30,5,1,,,,
2042,309.1708506,309.170676,309.1707474,13959108.88,666693.0164,24.77380377,-1,-0.231019197,0.743416166,0,0.446049699,5,1.529411765,0.294117647,O5,de-protonated,0,,C17 H26 O5,17,26,5,,,,,
2043,309.1531031,309.1529285,309.1529893,18452771.52,666731.2665,32.74889138,-1,-0.196632177,0.806701809,0,0.484021086,5,1.529411765,0.176470588,S1 O3,de-protonated,0,,C17 H26 O3 S1,17,26,3,1,,,,
2044,309.1346142,309.1344396,309.1343619,55565091.92,666770.7664,98.61365044,-1,0.251424958,0.680230589,0.982505682,0.801140626,6,1.375,0.375,O6,de-protonated,0,,C16 H22 O6,16,22,6,,,,,
2045,309.0981169,309.0979424,309.0979764,119863984.8,666849.5169,212.727536,-1,-0.109796004,0.822272844,0.996188979,0.891839298,7,1.2,0.466666667,O7,de-protonated,0,,C15 H18 O7,15,18,7,,,,,
2046,309.061693,309.0615185,309.0615909,49156336.68,666928.0166,87.23976932,-1,-0.2341512,0.368711631,0.867648864,0.568286525,8,1,0.571428571,O8,de-protonated,0,,C14 H14 O8,14,14,8,,,,,
2047,309.0406253,309.0404508,309.0404615,5548351.658,666973.5166,9.846887534,-1,-0.03455394,0.993388758,0,0.596033255,13,0.588235294,0.352941176,O6,de-protonated,0,,C17 H10 O6,17,10,6,,,,,
2048,309.0254664,309.025292,309.0252054,13641617.88,667006.2665,24.21033945,-1,0.280280449,0.646340709,0,0.387804425,9,0.769230769,0.692307692,O9,de-protonated,0,,C13 H10 O9,13,10,9,,,,,
2049,308.1222463,308.1220728,308.1220667,9962343.879,668961.5167,17.68058079,-1,0.020004961,0.997779145,0.96857967,0.986099355,7,1.333333333,0.4,13C1 O6,de-protonated,1,2053,C15 H20 O6 13C1,15,20,6,,,1,,
2050,308.0857615,308.0855881,308.0856812,8981385.168,669040.7663,15.93963308,-1,-0.302079347,0.602326768,0.972464851,0.750382001,8,1.142857143,0.5,13C1 O7,de-protonated,1,2055,C14 H16 O7 13C1,14,16,7,,,1,,
2051,308.0776503,308.0774768,308.0775753,8950145.681,535246.8134,15.88419108,-1,-0.319538964,0.567082304,0,0.340249382,8,1.071428571,0.5,N1 O7,de-protonated,0,,C14 H15 O7 N1,14,15,7,,1,,,
2052,307.1552796,307.1551072,307.1550973,20556819.94,671067.5167,36.48303253,-1,0.031968541,0.994338379,0,0.596603027,6,1.411764706,0.294117647,O5,de-protonated,0,,C17 H24 O5,17,24,5,,,,,
2053,307.1187749,307.1186025,307.1187118,75163128.43,671147.2667,133.3950906,-1,-0.355846371,0.746319338,0.96857967,0.835223471,7,1.25,0.375,O6,de-protonated,0,,C16 H20 O6,16,20,6,,,,,
2055,307.0825311,307.0823587,307.0823263,44475448.46,671226.5166,78.93240479,-1,0.105550048,0.771154924,0.972464851,0.851678895,8,1.066666667,0.466666667,O7,de-protonated,0,,C15 H16 O7,15,16,7,,,,,
2056,307.0612927,307.0611204,307.061197,5129480.59,671273.2665,9.103499848,-1,-0.249372844,0.707878856,0,0.424727314,13,0.666666667,0.277777778,O5,de-protonated,0,,C18 H12 O5,18,12,5,,,,,
2058,307.0461658,307.0459935,307.0459408,24928379.96,671306.0165,44.2414196,-1,0.17171078,0.848908996,0,0.509345397,9,0.857142857,0.571428571,O8,de-protonated,0,,C14 H12 O8,14,12,8,,,,,
2059,307.009633,307.0094608,307.0095553,10067570.5,537108.8131,17.8673308,-1,-0.307876922,0.59060898,0,0.354365388,10,0.615384615,0.692307692,O9,de-protonated,0,,C13 H8 O9,13,8,9,,,,,
2060,306.106487,306.1063157,306.1064166,6196778.633,673366.7669,10.99767751,-1,-0.329635714,0.54680391,0.993550291,0.725502463,8,1.2,0.4,13C1 O6,de-protonated,1,2064,C15 H18 O6 13C1,15,18,6,,,1,,
2061,306.0620003,306.0618291,306.0619252,6442602.705,673465.0165,11.43395159,-1,-0.314148933,0.577945741,0,0.346767445,9,0.928571429,0.5,N1 O7,de-protonated,0,,C14 H13 O7 N1,14,13,7,,1,,,
2062,305.1396814,305.1395111,305.1394473,16122132.14,675500.2668,28.61260997,-1,0.209192838,0.784177217,0,0.47050633,7,1.294117647,0.294117647,O5,de-protonated,0,,C17 H22 O5,17,22,5,,,,,
2064,305.1031786,305.1030084,305.1030618,37441919.96,675581.0165,66.44971293,-1,-0.174972119,0.695198644,0.993550291,0.814539303,8,1.125,0.375,O6,de-protonated,0,,C16 H18 O6,16,18,6,,,,,
2066,305.0667784,305.0666082,305.0666763,35603689.31,675662.0166,63.1873295,-1,-0.223152346,0.379159996,0.85952323,0.57130529,9,0.933333333,0.466666667,O7,de-protonated,0,,C15 H14 O7,15,14,7,,,,,
2067,305.0515264,305.0513562,305.0514201,6061965.342,675695.7664,10.75841883,-1,-0.209434786,0.783736084,0,0.47024165,5,1.272727273,0.909090909,O10,de-protonated,0,,C11 H14 O10,11,14,10,,,,,
2068,305.0305314,305.0303612,305.0302907,15416055.58,675742.2664,27.3595069,-1,0.231103987,0.743254354,0,0.445952612,10,0.714285714,0.571428571,O8,de-protonated,0,,C14 H10 O8,14,10,8,,,,,
2069,303.2331611,303.2329928,303.2329537,6027554.097,679747.2665,10.69734778,-1,0.128835187,0.911910053,0,0.547146032,5,1.6,0.1,O2,de-protonated,0,,C20 H32 O2,20,32,2,,,,,
2070,303.1603414,303.1601733,303.1601827,5948422.519,543928.6132,10.55690972,-1,-0.031153547,0.994622602,0,0.596773561,7,1.333333333,0.222222222,O4,de-protonated,0,,C18 H24 O4,18,24,4,,,,,
2072,303.1239957,303.1238276,303.1237972,14310031.95,543993.8132,25.39660135,-1,0.100143781,0.945808249,0,0.567484949,8,1.176470588,0.294117647,O5,de-protonated,0,,C17 H20 O5,17,20,5,,,,,
2073,303.1087398,303.1085717,303.1085411,11137229.25,544021.2132,19.7656981,-1,0.101031681,0.944870138,0,0.566922083,4,1.538461538,0.615384615,O8,de-protonated,0,,C13 H20 O8,13,20,8,,,,,
2075,303.0875039,303.0873358,303.0874117,21949412.14,680074.0165,38.95452308,-1,-0.250504969,0.705656763,0,0.423394058,9,1,0.375,O6,de-protonated,0,,C16 H16 O6,16,16,6,,,,,
2076,303.0723957,303.0722276,303.0721556,12582437.24,544086.4131,22.33056808,-1,0.237640454,0.730709859,0,0.438425916,5,1.333333333,0.75,O9,de-protonated,0,,C12 H16 O9,12,16,9,,,,,
2078,303.0511323,303.0509642,303.0510262,23863410.27,544124.6133,42.35137417,-1,-0.204455923,0.792760136,0,0.475656082,10,0.8,0.466666667,O7,de-protonated,0,,C15 H12 O7,15,12,7,,,,,
2079,303.0358649,303.0356968,303.0357701,9258682.114,680190.2665,16.43176336,-1,-0.241665703,0.722919584,0,0.433751751,6,1.090909091,0.909090909,O10,de-protonated,0,,C11 H12 O10,11,12,10,,,,,
2080,303.0149006,303.0147326,303.0146407,7006635.897,680237.2665,12.43496446,-1,0.303257361,0.599945287,0,0.359967172,11,0.571428571,0.571428571,O8,de-protonated,0,,C14 H8 O8,14,8,8,,,,,
2081,302.0965019,302.0963349,302.0962458,5626040.504,682305.2664,9.984765118,-1,0.294688492,0.617268174,0.991802465,0.767081891,5,1.5,0.666666667,13C1 O8,de-protonated,1,2086,C12 H18 O8 13C1,12,18,8,,,1,,
2082,301.1657377,301.1655717,301.165662,5400089.554,547531.0133,9.583760688,-1,-0.300043614,0.606442483,0,0.36386549,3,1.733333333,0.4,O6,de-protonated,0,,C15 H26 O6,15,26,6,,,,,
2083,301.1294405,301.1292745,301.1292765,18081484.87,547597.013,32.08995373,-1,-0.006845275,0.999739713,0,0.599843828,4,1.571428571,0.5,O7,de-protonated,0,,C14 H22 O7,14,22,7,,,,,
2085,301.1082536,301.1080876,301.1081471,10400274.48,684544.2666,18.45779421,-1,-0.197742342,0.804742023,0,0.482845214,9,1.058823529,0.294117647,O5,de-protonated,0,,C17 H18 O5,17,18,5,,,,,
2086,301.0931156,301.0929496,301.092891,36909139.68,684579.0166,65.50416588,-1,0.194622236,0.713751038,0.991802465,0.824971609,5,1.384615385,0.615384615,O8,de-protonated,0,,C13 H18 O8,13,18,8,,,,,
2088,301.0718658,301.0716998,301.0717616,15421436.92,684627.0164,27.36905739,-1,-0.205284292,0.79126668,0,0.474760008,10,0.875,0.375,O6,de-protonated,0,,C16 H14 O6,16,14,6,,,,,
2089,301.0566099,301.0564439,301.0565055,34817481.4,684662.0162,61.79201404,-1,-0.204519602,0.792645443,0,0.475587266,6,1.166666667,0.75,O9,de-protonated,0,,C12 H14 O9,12,14,9,,,,,
2090,301.0356195,301.0354536,301.0353761,11450848.29,684709.7666,20.32229069,-1,0.257241434,0.692374254,0,0.415424552,11,0.666666667,0.466666667,O7,de-protonated,0,,C15 H10 O7,15,10,7,,,,,
2091,301.0201944,301.0200285,301.02012,8600824.626,684744.5164,15.26423666,-1,-0.303825054,0.598797703,0,0.359278622,7,0.909090909,0.909090909,O10,de-protonated,0,,C11 H10 O10,11,10,10,,,,,
2092,300.1170561,300.1168912,300.1169813,13425553.93,686805.5168,23.82688189,-1,-0.300315359,0.605893078,0.982411934,0.75650062,5,1.538461538,0.538461538,13C1 O7,de-protonated,1,2099,C13 H20 O7 13C1,13,20,7,,,1,,
2093,300.0807959,300.080631,300.0805958,8970497.286,549510.6132,15.92030991,-1,0.117478086,0.926192872,0.986141654,0.950172385,6,1.333333333,0.666666667,13C1 O8,de-protonated,1,2101,C12 H16 O8 13C1,12,16,8,,,1,,
2094,300.0725816,300.0724167,300.0724899,5802405.588,686907.2665,10.29776747,-1,-0.243838281,0.718695682,0,0.431217409,6,1.25,0.666666667,N1 O8,de-protonated,0,,C12 H15 O8 N1,12,15,8,,1,,,
2096,299.1598961,299.1597322,299.159699,6292875.479,689002.5164,11.16822453,-1,0.110880723,0.888523832,0.994612044,0.930959117,4,1.857142857,0.214285714,13C2 S1 O3,de-protonated,1,2111,C14 H26 O3 S1 13C2,14,26,3,1,,2,,
2097,299.1502455,299.1500816,299.150012,21043085.96,689024.7666,37.3460288,-1,0.232857633,0.739902325,0,0.443941395,4,1.6,0.4,O6,de-protonated,0,,C15 H24 O6,15,24,6,,,,,
2098,299.1490159,299.148852,299.1487852,18732223.46,551222.2132,33.24484621,-1,0.223267781,0.844555196,0.994612044,0.904577935,4,1.625,0.1875,34S1 O3,de-protonated,1,2111,C16 H26 O3 34S1,16,26,3,,,,1,
2099,299.1137689,299.113605,299.1136264,76114431.36,689108.7665,135.083407,-1,-0.071559754,0.788922529,0.982411934,0.866318291,5,1.428571429,0.5,O7,de-protonated,0,,C14 H20 O7,14,20,7,,,,,
2100,299.0926961,299.0925322,299.0924971,5734385.412,551326.0134,10.17704928,-1,0.117456202,0.926219327,0,0.555731596,10,0.941176471,0.294117647,O5,de-protonated,0,,C17 H16 O5,17,16,5,,,,,
2101,299.0773203,299.0771564,299.0772409,72422570.34,689192.7661,128.5313096,-1,-0.282605459,0.783925656,0.986141654,0.864812055,6,1.230769231,0.615384615,O8,de-protonated,0,,C13 H16 O8,13,16,8,,,,,
2102,299.0563539,299.0561901,299.0561116,9309142.128,551393.0132,16.52131682,-1,0.262573072,0.681795406,0,0.409077244,11,0.75,0.375,O6,de-protonated,0,,C16 H12 O6,16,12,6,,,,,
2103,299.0410266,299.0408628,299.0408554,22713422.99,689276.7666,40.31044452,-1,0.024712611,0.996612898,0,0.597967739,7,1,0.75,O9,de-protonated,0,,C12 H12 O9,12,12,9,,,,,
2104,299.0198187,299.0196549,299.0197261,7283505.175,689325.2669,12.92633573,-1,-0.2379592,0.730094717,0,0.43805683,12,0.533333333,0.466666667,O7,de-protonated,0,,C15 H8 O7,15,8,7,,,,,
2105,298.1564725,298.1563096,298.1563442,80080776.96,691321.2666,142.1226434,-1,-0.115943816,0.887038836,0.994612044,0.930068119,4,1.733333333,0.2,13C1 S1 O3,de-protonated,1,2111,C15 H26 O3 S1 13C1,15,26,3,1,,1,,
2106,298.1378186,298.1376558,298.1377167,12075198.58,691364.5165,21.43035079,-1,-0.204524978,0.79263576,0.993077494,0.872812454,5,1.571428571,0.428571429,13C1 O6,de-protonated,1,2112,C14 H22 O6 13C1,14,22,6,,,1,,
2107,298.1014172,298.1012544,298.1013312,15505914.12,691449.0163,27.51898255,-1,-0.257576603,0.69171085,0.976475919,0.805616878,6,1.384615385,0.538461538,13C1 O7,de-protonated,1,2113,C13 H18 O7 13C1,13,18,7,,,1,,
2108,298.0932977,298.0931349,298.0932254,6752988.808,553174.4129,11.98480655,-1,-0.303357658,0.599742533,0,0.35984552,6,1.307692308,0.538461538,N1 O7,de-protonated,0,,C13 H17 O7 N1,13,17,7,,1,,,
2109,298.0651459,298.0649832,298.0649457,5495186.017,553226.6133,9.752532286,-1,0.125709893,0.915949252,0.996498628,0.948169002,7,1.166666667,0.666666667,13C1 O8,de-protonated,1,2115,C12 H14 O8 13C1,12,14,8,,,1,,
2110,297.1708231,297.1706613,297.1707474,5793779.679,693614.266,10.28245872,-1,-0.289765297,0.627214769,0,0.376328861,4,1.625,0.3125,O5,de-protonated,0,,C16 H26 O5,16,26,5,,,,,
2111,297.1531933,297.1530315,297.1529893,466719723.4,693655.7667,828.3066592,-1,0.141898806,0.878571239,0.994612044,0.924987561,4,1.625,0.1875,S1 O3,de-protonated,0,,C16 H26 O3 S1,16,26,3,1,,,,
2112,297.134476,297.1343142,297.1343619,78338976.53,693699.5167,139.0313987,-1,-0.160496768,0.82964866,0.993077494,0.895020194,5,1.466666667,0.4,O6,de-protonated,0,,C15 H22 O6,15,22,6,,,,,
2113,297.0981863,297.0980245,297.0979764,83970542.05,555027.2134,149.0259693,-1,0.161982759,0.778034113,0.976475919,0.857410835,6,1.285714286,0.5,O7,de-protonated,0,,C14 H18 O7,14,18,7,,,,,
2114,297.0769217,297.07676,297.076847,8024296.088,693833.5166,14.24104779,-1,-0.293009121,0.620662029,0,0.372397217,11,0.823529412,0.294117647,O5,de-protonated,0,,C17 H14 O5,17,14,5,,,,,
2115,297.0617906,297.0616289,297.0615909,40081908.12,555095.2132,71.13500832,-1,0.128044447,0.914444476,0.996498628,0.947266137,7,1.076923077,0.615384615,O8,de-protonated,0,,C13 H14 O8,13,14,8,,,,,
2116,297.0405995,297.0404378,297.0404615,9214703.182,555134.8133,16.35371214,-1,-0.079826149,0.965218104,0,0.579130862,12,0.625,0.375,O6,de-protonated,0,,C16 H10 O6,16,10,6,,,,,
2117,297.0252726,297.025111,297.0252054,16573874.5,693954.5169,29.41433569,-1,-0.317816528,0.570551457,0,0.342330874,8,0.833333333,0.75,O9,de-protonated,0,,C12 H10 O9,12,10,9,,,,,
2118,296.1221452,296.1219845,296.1220667,20288289.98,696071.0164,36.00646138,-1,-0.277388213,0.65215834,0.989956955,0.787277786,6,1.428571429,0.428571429,13C1 O6,de-protonated,1,2123,C14 H20 O6 13C1,14,20,6,,,1,,
2119,296.0858839,296.0857233,296.0856812,8415319.363,556924.8134,14.93501285,-1,0.142245862,0.893677351,0.989979639,0.932198266,7,1.230769231,0.538461538,13C1 O7,de-protonated,1,2124,C13 H16 O7 13C1,13,16,7,,,1,,
2120,296.077693,296.0775323,296.0775753,7039672.608,696175.5166,12.49359607,-1,-0.145237034,0.889418185,0,0.533650911,7,1.153846154,0.538461538,N1 O7,de-protonated,0,,C13 H15 O7 N1,13,15,7,,1,,,
2121,295.1552436,295.1550839,295.1550973,13744308.39,698351.2671,24.39258852,-1,-0.045619463,0.988504718,0,0.593102831,5,1.5,0.3125,O5,de-protonated,0,,C16 H24 O5,16,24,5,,,,,
2122,295.1375668,295.1374071,295.1373393,6681595.802,698393.0168,11.85810245,-1,0.229866551,0.745613468,0,0.447368081,5,1.5,0.1875,S1 O3,de-protonated,0,,C16 H24 O3 S1,16,24,3,1,,,,
2123,295.1187763,295.1186166,295.1187118,114499877.3,698437.5166,203.2076342,-1,-0.322677016,0.606463457,0.989956955,0.759860856,6,1.333333333,0.4,O6,de-protonated,0,,C15 H20 O6,15,20,6,,,,,
2124,295.0824482,295.0822886,295.0823263,60376196,698523.5167,107.1521144,-1,-0.127971471,0.903355907,0.989979639,0.9380054,7,1.142857143,0.5,O7,de-protonated,0,,C14 H16 O7,14,16,7,,,,,
2125,295.0613385,295.0611789,295.061197,5320079.392,558858.6132,9.441763368,-1,-0.061315096,0.97933027,0,0.587598162,12,0.705882353,0.294117647,O5,de-protonated,0,,C17 H12 O5,17,12,5,,,,,
2126,295.0461608,295.0460013,295.0459408,22351947.34,558887.4134,39.66891884,-1,0.204871461,0.792011371,0,0.475206822,8,0.923076923,0.615384615,O8,de-protonated,0,,C13 H12 O8,13,12,8,,,,,
2127,295.0097512,295.0095917,295.0095553,5727679.927,698695.2666,10.16514878,-1,0.123348141,0.918947334,0,0.5513684,9,0.666666667,0.75,O9,de-protonated,0,,C12 H8 O9,12,8,9,,,,,
2128,294.1826321,294.1824735,294.1825589,8687008.063,700659.7664,15.41718994,-1,-0.290498658,0.625733705,0.975054741,0.76546212,0,2.307692308,0.307692308,13C1 S1 O4,de-protonated,1,2131,C13 H30 O4 S1 13C1,13,30,4,1,,1,,
2129,294.1066229,294.1064643,294.1064166,8563262.1,560672.8135,15.1975729,-1,0.162074936,0.864213947,0.960071653,0.90255703,7,1.285714286,0.428571429,13C1 O6,de-protonated,1,2134,C14 H18 O6 13C1,14,18,6,,,1,,
2131,293.1794257,293.1792681,293.1792041,46539992.35,703057.2666,82.5964356,-1,0.218284098,0.696580774,0.975054741,0.807970361,0,2.142857143,0.285714286,S1 O4,de-protonated,0,,C14 H30 O4 S1,14,30,4,1,,,,
2132,293.1760461,293.1758885,293.1758328,9731984.546,562452.4134,17.27175262,-1,0.190012235,0.818254893,0,0.490952936,5,1.529411765,0.235294118,O4,de-protonated,0,,C17 H26 O4,17,26,4,,,,,
2133,293.1396096,293.139452,293.1394473,24188250.03,703152.7662,42.92788063,-1,0.016057715,0.998568524,0,0.599141115,6,1.375,0.3125,O5,de-protonated,0,,C16 H22 O5,16,22,5,,,,,
2134,293.1031315,293.102974,293.1030618,76602291.72,703240.2663,135.9492328,-1,-0.299380066,0.735998985,0.960071653,0.825628052,7,1.2,0.4,O6,de-protonated,0,,C15 H18 O6,15,18,6,,,,,
2135,293.0667708,293.0666133,293.0666763,31762542.86,703327.5166,56.37028916,-1,-0.214689241,0.774092639,0,0.464455583,8,1,0.5,O7,de-protonated,0,,C14 H14 O7,14,14,7,,,,,
2136,293.0305012,293.0303438,293.0302907,13749389.19,562731.8134,24.40160563,-1,0.180958831,0.833665723,0,0.500199434,9,0.769230769,0.615384615,O8,de-protonated,0,,C13 H10 O8,13,10,8,,,,,
2138,291.1603919,291.1602364,291.1601827,5198045.722,566346.2133,9.225185202,-1,0.184249405,0.828118408,0,0.496871045,6,1.411764706,0.235294118,O4,de-protonated,0,,C17 H24 O4,17,24,4,,,,,
2139,291.1239438,291.1237884,291.1237972,21066024.81,708021.5165,37.38673931,-1,-0.030416135,0.994873512,0,0.596924107,7,1.25,0.3125,O5,de-protonated,0,,C16 H20 O5,16,20,5,,,,,
2140,291.087486,291.0873306,291.0874117,32821617.87,708110.2666,58.24987307,-1,-0.278748488,0.324711609,0.85952323,0.538636258,8,1.066666667,0.4,O6,de-protonated,0,,C15 H16 O6,15,16,6,,,,,
2141,291.051138,291.0509827,291.0510262,21631297.28,708198.2662,38.38995158,-1,-0.149549632,0.88315857,0,0.529895142,9,0.857142857,0.5,O7,de-protonated,0,,C14 H12 O7,14,12,7,,,,,
2142,291.0148467,291.0146914,291.0146407,7468502.209,708287.0164,13.25465757,-1,0.174235019,0.844800582,0,0.506880349,10,0.615384615,0.615384615,O8,de-protonated,0,,C13 H8 O8,13,8,8,,,,,
2144,289.1446795,289.1445261,289.1445327,7302655.56,712867.7665,12.96032271,-1,-0.02274503,0.997130035,0,0.598278021,7,1.294117647,0.235294118,O4,de-protonated,0,,C17 H22 O4,17,22,4,,,,,
2145,289.1082318,289.1080784,289.1081471,16176224.92,712958.0169,28.70861066,-1,-0.237663132,0.730666104,0,0.438399662,8,1.125,0.3125,O5,de-protonated,0,,C16 H18 O5,16,18,5,,,,,
2146,289.0931104,289.092957,289.092891,7731465.369,712995.2667,13.72134909,-1,0.228435889,0.748334427,0,0.449000656,4,1.5,0.666666667,O8,de-protonated,0,,C12 H18 O8,12,18,8,,,,,
2147,289.0718416,289.0716883,289.0717616,19229001.93,713047.7665,34.12649937,-1,-0.253632157,0.69950325,0,0.41970195,9,0.933333333,0.4,O6,de-protonated,0,,C15 H14 O6,15,14,6,,,,,
2148,289.0566578,289.0565046,289.0565055,8703114.519,570468.0131,15.44577473,-1,-0.003236409,0.999941811,0,0.599965087,5,1.272727273,0.818181818,O9,de-protonated,0,,C11 H14 O9,11,14,9,,,,,
2149,289.0355428,289.0353896,289.0353761,12602854.6,713137.2666,22.3668036,-1,0.04657418,0.988021464,0,0.592812878,10,0.714285714,0.5,O7,de-protonated,0,,C14 H10 O7,14,10,7,,,,,
2150,287.1289461,287.1287948,287.1288826,5949197.92,574298.0132,10.55828585,-1,-0.305583502,0.595243406,0,0.357146043,8,1.176470588,0.235294118,O4,de-protonated,0,,C17 H20 O4,17,20,4,,,,,
2151,287.11384,287.1136887,287.1136264,16564360.52,574328.2132,29.39745083,-1,0.216953562,0.769900802,0,0.461940481,4,1.538461538,0.538461538,O7,de-protonated,0,,C13 H20 O7,13,20,7,,,,,
2152,287.0925809,287.0924296,287.0924971,9887499.812,717963.2666,17.54775195,-1,-0.234933555,0.735921307,0,0.441552784,9,1,0.3125,O5,de-protonated,0,,C16 H16 O5,16,16,5,,,,,
2153,287.0773699,287.0772187,287.0772409,25627143.09,718001.2664,45.48154322,-1,-0.077629805,0.967074324,0,0.580244594,5,1.333333333,0.666666667,O8,de-protonated,0,,C12 H16 O8,12,16,8,,,,,
2154,287.0562804,287.0561293,287.0561116,12940266.66,574443.4132,22.96562263,-1,0.061636057,0.979115589,0,0.587469353,10,0.8,0.4,O6,de-protonated,0,,C15 H12 O6,15,12,6,,,,,
2155,287.0409346,287.0407835,287.0408554,15965413.37,718092.7663,28.33447474,-1,-0.250662932,0.705346477,0,0.423207886,6,1.090909091,0.818181818,O9,de-protonated,0,,C11 H12 O9,11,12,9,,,,,
2156,287.0199228,287.0197716,287.0197261,6772477.614,574516.2132,12.01939414,-1,0.158727643,0.86938497,0,0.521630982,11,0.571428571,0.5,O7,de-protonated,0,,C14 H8 O7,14,8,7,,,,,
2157,286.1014879,286.1013377,286.1013312,8796971.477,720450.7665,15.61234653,-1,0.022554325,0.997177892,0.995722038,0.99659555,5,1.5,0.583333333,13C1 O7,de-protonated,1,2162,C12 H18 O7 13C1,12,18,7,,,1,,
2159,286.0438955,286.0437453,286.0438163,6458547.9,720595.7665,11.46225018,-1,-0.248206884,0.7101641,0.970209957,0.814182443,11,0.714285714,0.428571429,13C1 O6,de-protonated,1,2165,C14 H10 O6 13C1,14,10,6,,,1,,
2160,285.1345423,285.1343931,285.1343619,19827567.6,578315.0134,35.18879845,-1,0.10939435,0.935677867,0,0.56140672,4,1.571428571,0.428571429,O6,de-protonated,0,,C14 H22 O6,14,22,6,,,,,
2162,285.0980867,285.0979376,285.0979764,64638142.6,722986.0163,114.7159661,-1,-0.1360038,0.949760116,0.995722038,0.968144885,5,1.384615385,0.538461538,O7,de-protonated,0,,C13 H18 O7,13,18,7,,,,,
2163,285.0770125,285.0768634,285.076847,6678006.883,723039.7669,11.85173305,-1,0.05729765,0.98192632,0,0.589155792,10,0.875,0.3125,O5,de-protonated,0,,C16 H14 O5,16,14,5,,,,,
2164,285.0616688,285.0615197,285.0615909,40390908.13,723078.7666,71.68340332,-1,-0.24967263,0.353645373,0.884369916,0.565935191,6,1.166666667,0.666666667,O8,de-protonated,0,,C12 H14 O8,12,14,8,,,,,
2165,285.0407033,285.0405542,285.0404615,31473376.79,723131.5166,55.85709425,-1,0.325190799,0.632940926,0.970209957,0.767848539,11,0.666666667,0.4,O6,de-protonated,0,,C15 H10 O6,15,10,6,,,,,
2166,285.0252935,285.0251444,285.0252054,11918121.1,723171.0168,21.15157894,-1,-0.213764459,0.775798494,0,0.465479096,7,0.909090909,0.818181818,O9,de-protonated,0,,C11 H10 O9,11,10,9,,,,,
2168,284.122193,284.1220449,284.1220667,10519860.05,725469.2667,18.67002764,-1,-0.076648381,0.96788815,0.988846715,0.976271576,5,1.538461538,0.461538462,13C1 O6,de-protonated,1,2173,C13 H20 O6 13C1,13,20,6,,,1,,
2169,284.085757,284.085609,284.0856812,10570762.85,580450.0131,18.76036691,-1,-0.254100712,0.698579347,0.992223383,0.816036961,6,1.333333333,0.583333333,13C1 O7,de-protonated,1,2174,C12 H16 O7 13C1,12,16,7,,,1,,
2170,283.2644954,283.2643482,283.2642539,18449424.86,727666.2666,32.74295194,-1,0.333109466,0.539854787,0,0.323912872,1,2,0.111111111,O2,de-protonated,0,,C18 H36 O2,18,36,2,,,,,
2171,283.1552031,283.155056,283.1550973,16296121.7,727946.7666,28.9213964,-1,-0.145889192,0.888480538,0,0.533088323,4,1.6,0.333333333,O5,de-protonated,0,,C15 H24 O5,15,24,5,,,,,
2172,283.1375372,283.1373901,283.1373393,7153888.065,727992.2661,12.69629893,-1,0.179482941,0.836133184,0,0.50167991,4,1.6,0.2,S1 O3,de-protonated,0,,C15 H24 O3 S1,15,24,3,1,,,,
2173,283.1187882,283.1186411,283.1187118,76279204.3,728040.7662,135.3758363,-1,-0.249843709,0.837421591,0.988846715,0.897991641,5,1.428571429,0.428571429,O6,de-protonated,0,,C14 H20 O6,14,20,6,,,,,
2174,283.0823899,283.0822429,283.0823263,80326295.13,728134.0165,142.5583746,-1,-0.294651265,0.657961381,0.992223383,0.791666181,6,1.230769231,0.538461538,O7,de-protonated,0,,C13 H16 O7,13,16,7,,,,,
2175,283.061397,283.06125,283.061197,8362907.824,728188.0168,14.84199594,-1,0.187442754,0.822675657,0,0.493605394,11,0.75,0.3125,O5,de-protonated,0,,C16 H12 O5,16,12,5,,,,,
2176,283.0460459,283.0458989,283.0459408,27871516.01,728227.5166,49.46472402,-1,-0.14797964,0.885453434,0,0.53127206,7,1,0.666666667,O8,de-protonated,0,,C12 H12 O8,12,12,8,,,,,
2177,283.024988,283.024841,283.0248114,5657890.431,728281.7664,10.04129049,-1,0.104463568,0.941175398,0,0.564705239,12,0.533333333,0.4,O6,de-protonated,0,,C15 H8 O6,15,8,6,,,,,
2179,282.1429938,282.1428477,282.1428021,5589019.859,584446.8133,9.919063059,-1,0.161699833,0.864797244,0.959711859,0.90276309,5,1.571428571,0.357142857,13C1 O5,de-protonated,1,2182,C14 H22 O5 13C1,14,22,5,,,1,,
2180,282.1066177,282.1064717,282.1064166,8171083.36,584522.2134,14.50155719,-1,0.195229359,0.8091692,0.954140887,0.867157875,6,1.384615385,0.461538462,13C1 O6,de-protonated,1,2183,C13 H18 O6 13C1,13,18,6,,,1,,
2181,281.248842,281.2486969,281.2486038,6484700.962,732881.0169,11.50866509,-1,0.331068328,0.543936077,0,0.326361646,2,1.888888889,0.111111111,O2,de-protonated,0,,C18 H34 O2,18,34,2,,,,,
2182,281.139519,281.139374,281.1394473,50195952.17,733166.0165,89.08481763,-1,-0.260489918,0.775366191,0.959711859,0.849104458,5,1.466666667,0.333333333,O5,de-protonated,0,,C15 H22 O5,15,22,5,,,,,
2183,281.1031587,281.1030137,281.1030618,86301020.14,733260.766,153.1619644,-1,-0.170967114,0.829640452,0.954140887,0.879440626,6,1.285714286,0.428571429,O6,de-protonated,0,,C14 H18 O6,14,18,6,,,,,
2184,281.0668282,281.0666833,281.0666763,33070337.51,586684.6131,58.69128602,-1,0.025090335,0.996508748,0,0.597905249,7,1.076923077,0.538461538,O7,de-protonated,0,,C13 H14 O7,13,14,7,,,,,
2185,281.0457079,281.045563,281.0455469,7024732.067,733411.0167,12.46708047,-1,0.057352887,0.981891774,0,0.589135064,12,0.625,0.3125,O5,de-protonated,0,,C16 H10 O5,16,10,5,,,,,
2186,281.0304762,281.0303313,281.0302907,13658817.29,733450.7667,24.24086395,-1,0.144240339,0.89084497,0,0.534506982,8,0.833333333,0.666666667,O8,de-protonated,0,,C12 H10 O8,12,10,8,,,,,
2187,280.127235,280.1270911,280.127152,8803395.936,735815.7666,15.62374828,-1,-0.217737987,0.768443722,0.997384339,0.860019969,6,1.428571429,0.357142857,13C1 O5,de-protonated,1,2190,C14 H20 O5 13C1,14,20,5,,,1,,
2188,280.0908968,280.0907529,280.0907665,5890368.523,588728.8135,10.45387891,-1,-0.048786392,0.986864193,0.997405521,0.991080724,7,1.230769231,0.461538462,13C1 O6,de-protonated,1,2191,C13 H16 O6 13C1,13,16,6,,,1,,
2189,279.1602598,279.1601169,279.1601827,5381751.868,738364.5166,9.551216045,-1,-0.235866498,0.734127729,0,0.440476637,5,1.5,0.25,O4,de-protonated,0,,C16 H24 O4,16,24,4,,,,,
2190,279.1239052,279.1237623,279.1237972,55053597.47,738460.2663,97.70588022,-1,-0.125218508,0.842510313,0.997384339,0.904459924,6,1.333333333,0.333333333,O5,de-protonated,0,,C15 H20 O5,15,20,5,,,,,
2191,279.0875656,279.0874227,279.0874117,37759575.37,738556.5168,67.01346902,-1,0.039514615,0.989113618,0.997405521,0.992430379,7,1.142857143,0.428571429,O6,de-protonated,0,,C14 H16 O6,14,16,6,,,,,
2192,279.051235,279.0510922,279.0510262,18823049.93,590922.2131,33.40603969,-1,0.236368216,0.733162052,0,0.439897231,8,0.923076923,0.538461538,O7,de-protonated,0,,C13 H12 O7,13,12,7,,,,,
2193,279.0148408,279.014698,279.0146407,8423123.743,738749.0166,14.94886361,-1,0.205553199,0.79078118,0,0.474468708,9,0.666666667,0.666666667,O8,de-protonated,0,,C12 H8 O8,12,8,8,,,,,
2195,277.1446502,277.1445093,277.1445327,9861970.817,594987.4133,17.50244459,-1,-0.08409691,0.96147136,0,0.576882816,6,1.375,0.25,O4,de-protonated,0,,C16 H22 O4,16,22,4,,,,,
2196,277.1082981,277.1081573,277.1081471,25047726.76,743832.017,44.45322927,-1,0.036611893,0.992580822,0,0.595548493,7,1.2,0.333333333,O5,de-protonated,0,,C15 H18 O5,15,18,5,,,,,
2197,277.0719513,277.0718106,277.0717616,17904590.21,743929.2665,31.7760115,-1,0.176601996,0.840912103,0,0.504547262,8,1,0.428571429,O6,de-protonated,0,,C14 H14 O6,14,14,6,,,,,
2198,277.0355832,277.0354425,277.0353761,14192557.42,744027.2664,25.18811447,-1,0.239456737,0.72720058,0,0.436320348,9,0.769230769,0.538461538,O7,de-protonated,0,,C13 H10 O7,13,10,7,,,,,
2199,275.1289687,275.1288299,275.1288826,10073819.28,749183.2666,17.87842076,-1,-0.191392318,0.815865583,0,0.48951935,7,1.25,0.25,O4,de-protonated,0,,C16 H20 O4,16,20,4,,,,,
2200,275.0926076,275.0924689,275.0924971,14374308.2,749282.2665,25.51067505,-1,-0.102531562,0.943268784,0,0.56596127,8,1.066666667,0.333333333,O5,de-protonated,0,,C15 H16 O5,15,16,5,,,,,
2201,275.0773352,275.0771965,275.0772409,6934390.547,749323.5165,12.30674767,-1,-0.161700374,0.864796404,0,0.518877842,4,1.454545455,0.727272727,O8,de-protonated,0,,C11 H16 O8,11,16,8,,,,,
2202,275.0562707,275.056132,275.0561116,14780700.97,749381.2668,26.23191699,-1,0.074307447,0.969790183,0,0.58187411,9,0.857142857,0.428571429,O6,de-protonated,0,,C14 H12 O6,14,12,6,,,,,
2203,275.0409329,275.0407943,275.0408554,5340480.115,749422.7661,9.47796937,-1,-0.22244083,0.759656851,0,0.455794111,5,1.2,0.9,O9,de-protonated,0,,C10 H12 O9,10,12,9,,,,,
2204,275.0198995,275.0197609,275.0197261,8721818.45,599584.2131,15.47896937,-1,0.126574473,0.914839997,0,0.548903998,10,0.615384615,0.538461538,O7,de-protonated,0,,C13 H8 O7,13,8,7,,,,,
2207,273.113296,273.1131593,273.1132325,6851347.714,754712.5169,12.15936814,-1,-0.267996417,0.67098295,0,0.40258977,8,1.125,0.25,O4,de-protonated,0,,C16 H18 O4,16,18,4,,,,,
2208,273.0981578,273.0980212,273.0979764,13300796.12,754754.0165,23.60546907,-1,0.164005408,0.861196931,0,0.516718158,4,1.5,0.583333333,O7,de-protonated,0,,C12 H18 O7,12,18,7,,,,,
2209,273.076908,273.0767714,273.076847,10941606.87,754812.7664,19.41851903,-1,-0.277041839,0.652854493,0,0.391712696,9,0.933333333,0.333333333,O5,de-protonated,0,,C15 H14 O5,15,14,5,,,,,
2210,273.0617874,273.0616507,273.0615909,12525093.37,754854.5166,22.22879755,-1,0.21921097,0.765700937,0,0.459420562,5,1.272727273,0.727272727,O8,de-protonated,0,,C11 H14 O8,11,14,8,,,,,
2211,273.0405241,273.0403875,273.0404615,15620669.89,754913.2666,27.72264432,-1,-0.271030977,0.664913159,0,0.398947895,10,0.714285714,0.428571429,O6,de-protonated,0,,C14 H10 O6,14,10,6,,,,,
2212,273.0340075,273.0338709,273.0339368,9057222.725,603945.2131,16.07422511,-1,-0.241363675,0.723505741,0,0.434103445,10,0.769230769,0.230769231,N2 S1 O3,de-protonated,0,,C13 H10 O3 S1 N2,13,10,3,1,2,,,
2213,272.1504923,272.1503566,272.1503463,5060041.642,757382.5166,8.980263694,-1,0.037906557,0.992048961,0,0.595229377,3,1.769230769,0.384615385,N1 O5,de-protonated,0,,C13 H23 O5 N1,13,23,5,,1,,,
2215,271.1188126,271.118678,271.1187118,25386383.5,760264.5165,45.05425731,-1,-0.12481728,0.917087893,0,0.550252736,4,1.538461538,0.461538462,O6,de-protonated,0,,C13 H20 O6,13,20,6,,,,,
2216,271.0824399,271.0823053,271.0823263,37068660.52,760366.2665,65.78727407,-1,-0.077519973,0.967165881,0,0.580299528,5,1.333333333,0.583333333,O7,de-protonated,0,,C12 H16 O7,12,16,7,,,,,
2217,271.061353,271.0612185,271.061197,9406045.295,760425.7665,16.69329485,-1,0.079403413,0.96557912,0,0.579347472,10,0.8,0.333333333,O5,de-protonated,0,,C15 H12 O5,15,12,5,,,,,
2218,271.0460715,271.045937,271.0459408,15191280.94,760468.2665,26.96059012,-1,-0.014057709,0.998902718,0,0.599341631,6,1.090909091,0.727272727,O8,de-protonated,0,,C11 H12 O8,11,12,8,,,,,
2219,271.0249886,271.0248541,271.0248114,6327981.482,608422.0136,11.2305286,-1,0.157268375,0.87161501,0,0.522969006,11,0.571428571,0.428571429,O6,de-protonated,0,,C14 H8 O6,14,8,6,,,,,
2221,270.1066259,270.1064923,270.1064166,6386341.454,763113.5164,11.33410244,-1,0.280389071,0.646122064,0.99325052,0.784973447,5,1.5,0.5,13C1 O6,de-protonated,1,2224,C12 H18 O6 13C1,12,18,6,,,1,,
2222,269.1396277,269.1394951,269.1394473,15573932.29,765855.0163,27.63969719,-1,0.177792559,0.838943271,0,0.503365963,4,1.571428571,0.357142857,O5,de-protonated,0,,C14 H22 O5,14,22,5,,,,,
2224,269.1032462,269.1031136,269.1030618,48048463.19,765958.5163,85.27358075,-1,0.192785077,0.729783007,0.99325052,0.835170012,5,1.384615385,0.461538462,O6,de-protonated,0,,C13 H18 O6,13,18,6,,,,,
2225,269.0668473,269.0667148,269.0666763,26348586.57,766062.5165,46.7619186,-1,0.143088955,0.89248378,0,0.535490268,6,1.166666667,0.583333333,O7,de-protonated,0,,C12 H14 O7,12,14,7,,,,,
2226,269.0456181,269.0454856,269.0455469,9086994.552,766123.0161,16.12706239,-1,-0.227674017,0.749780511,0,0.449868307,11,0.666666667,0.333333333,O5,de-protonated,0,,C15 H10 O5,15,10,5,,,,,
2227,269.0304921,269.0303596,269.0302907,10507888.78,766166.0165,18.64878173,-1,0.256053401,0.694723884,0,0.41683433,7,0.909090909,0.727272727,O8,de-protonated,0,,C11 H10 O8,11,10,8,,,,,
2229,268.0909011,268.0907696,268.0907665,5389138.505,615080.8133,9.564325411,-1,0.011455759,0.999271186,0.989026842,0.995173448,6,1.333333333,0.5,13C1 O6,de-protonated,1,2233,C12 H16 O6 13C1,12,16,6,,,1,,
2230,267.1602737,267.1601431,267.1601827,6246877.946,771529.5164,11.08659082,-1,-0.148272093,0.88502734,0,0.531016404,4,1.6,0.266666667,O4,de-protonated,0,,C15 H24 O4,15,24,4,,,,,
2231,267.1438817,267.1437511,267.1436998,6602560.321,771576.7664,11.71783494,-1,0.192172712,0.766483969,0.986011445,0.85429496,0,2.166666667,0.333333333,34S1 O4,de-protonated,1,2239,C12 H26 O4 34S1,12,26,4,,,,1,
2232,267.1238796,267.1237491,267.1237972,35447568.22,771634.2664,62.91025498,-1,-0.180087572,0.417561948,0.867648864,0.597596714,5,1.428571429,0.357142857,O5,de-protonated,0,,C14 H20 O5,14,20,5,,,,,
2233,267.0875179,267.0873875,267.0874117,42261346.51,771739.2669,75.00294713,-1,-0.090701512,0.977297823,0.989026842,0.981989431,6,1.230769231,0.461538462,O6,de-protonated,0,,C13 H16 O6,13,16,6,,,,,
2234,267.0663882,267.0662577,267.0662823,5729049.824,617440.4134,10.16757999,-1,-0.092056953,0.954010636,0,0.572406382,11,0.75,0.25,O4,de-protonated,0,,C16 H12 O4,16,12,4,,,,,
2235,267.0511556,267.0510252,267.0510262,20171154.33,771844.7666,35.79857593,-1,-0.003848048,0.99991774,0,0.599950644,7,1,0.583333333,O7,de-protonated,0,,C12 H12 O7,12,12,7,,,,,
2236,267.0148012,267.0146708,267.0146407,8221811.367,771949.7669,14.59158627,-1,0.112667845,0.931906806,0,0.559144083,8,0.727272727,0.727272727,O8,de-protonated,0,,C11 H8 O8,11,8,8,,,,,
2238,266.1513169,266.1511874,266.1512588,23368075.69,774454.2668,41.47228355,-1,-0.268272148,0.718457974,0.986011445,0.825479363,0,2.363636364,0.363636364,13C1 S1 O4,de-protonated,1,2239,C11 H26 O4 S1 13C1,11,26,4,1,,1,,
2239,265.1479728,265.1478443,265.147904,191509331.2,777384.5164,339.8794746,-1,-0.225100595,0.746530565,0.986011445,0.842322917,0,2.166666667,0.333333333,S1 O4,de-protonated,0,,C12 H26 O4 S1,12,26,4,1,,,,
2240,265.1446354,265.1445069,265.1445327,12399861.24,777394.2665,22.00654295,-1,-0.097149431,0.948917517,0,0.56935051,5,1.466666667,0.266666667,O4,de-protonated,0,,C15 H22 O4,15,22,4,,,,,
2241,265.1083121,265.1081837,265.1081471,30255174.96,622000.8133,53.69510144,-1,0.137815167,0.899859374,0,0.539915625,6,1.285714286,0.357142857,O5,de-protonated,0,,C14 H18 O5,14,18,5,,,,,
2242,265.0719292,265.0718008,265.0717616,21088687.66,777607.5169,37.42696001,-1,0.147658765,0.885920206,0,0.531552124,7,1.076923077,0.461538462,O6,de-protonated,0,,C13 H14 O6,13,14,6,,,,,
2243,265.050702,265.0505736,265.0506323,5536505.12,777669.7664,9.825862995,-1,-0.221285966,0.761822607,0,0.457093564,12,0.625,0.25,O4,de-protonated,0,,C16 H10 O4,16,10,4,,,,,
2244,265.0355613,265.0354329,265.0353761,12719358.97,777714.2662,22.57356869,-1,0.214234511,0.774931885,0,0.464959131,8,0.833333333,0.583333333,O7,de-protonated,0,,C12 H10 O7,12,10,7,,,,,
2245,264.1242116,264.1240842,264.1241316,5573952.208,780398.0166,9.89232188,-1,-0.179317622,0.836408766,0,0.501845259,6,1.357142857,0.285714286,N1 O4,de-protonated,0,,C14 H19 O4 N1,14,19,4,,1,,,
2246,263.1290413,263.1289149,263.1288826,13710638.2,783349.2666,24.33283264,-1,0.122923461,0.919481431,0,0.551688859,6,1.333333333,0.266666667,O4,de-protonated,0,,C15 H20 O4,15,20,4,,,,,
2247,263.0926039,263.0924775,263.0924971,19284624.38,783457.7666,34.22521482,-1,-0.074404698,0.969712267,0,0.58182736,7,1.142857143,0.357142857,O5,de-protonated,0,,C14 H16 O5,14,16,5,,,,,
2248,263.0561969,263.0560706,263.0561116,19003494.59,783566.5163,33.72628224,-1,-0.155708621,0.873982073,0,0.524389244,8,0.923076923,0.461538462,O6,de-protonated,0,,C13 H12 O6,13,12,6,,,,,
2249,263.0197882,263.0196619,263.0197261,13778510.84,783675.0167,24.453289,-1,-0.24398597,0.718408076,0,0.431044845,9,0.666666667,0.583333333,O7,de-protonated,0,,C12 H8 O7,12,8,7,,,,,
2252,261.1134154,261.113291,261.1132325,9327805.007,631517.0133,16.5544386,-1,0.224058186,0.756615264,0,0.453969159,7,1.2,0.266666667,O4,de-protonated,0,,C15 H18 O4,15,18,4,,,,,
2253,261.0770104,261.0768861,261.076847,10818485.85,789506.2663,19.2000111,-1,0.149571141,0.883127003,0,0.529876202,8,1,0.357142857,O5,de-protonated,0,,C14 H14 O5,14,14,5,,,,,
2254,261.0405957,261.0404714,261.0404615,15178559.8,789616.7665,26.93801339,-1,0.037912452,0.992046498,0,0.595227899,9,0.769230769,0.461538462,O6,de-protonated,0,,C13 H10 O6,13,10,6,,,,,
2255,261.0041693,261.0040451,261.004076,6629715.917,631781.4133,11.76602909,-1,-0.118387288,0.925090077,0,0.555054046,10,0.5,0.583333333,O7,de-protonated,0,,C12 H6 O7,12,6,7,,,,,
2256,259.1187834,259.1186611,259.1187118,5755337.558,795472.7668,10.21423391,-1,-0.195666991,0.808400546,0,0.485040327,3,1.666666667,0.5,O6,de-protonated,0,,C12 H20 O6,12,20,6,,,,,
2257,259.097698,259.0975758,259.0975825,7020121.861,795537.5161,12.45889855,-1,-0.02590061,0.996280038,0,0.597768023,8,1.066666667,0.266666667,O4,de-protonated,0,,C15 H16 O4,15,16,4,,,,,
2258,259.0824433,259.0823211,259.0823263,12500336.37,636467.6134,22.18486029,-1,-0.02034115,0.99770396,0,0.598622376,4,1.454545455,0.636363636,O7,de-protonated,0,,C11 H16 O7,11,16,7,,,,,
2259,259.0612796,259.0611573,259.061197,12660706.89,795649.2667,22.46947644,-1,-0.152871696,0.878242985,0,0.526945791,9,0.857142857,0.357142857,O5,de-protonated,0,,C14 H12 O5,14,12,5,,,,,
2260,259.0460948,259.0459725,259.0459408,6481443.034,795696.2662,11.50288312,-1,0.122413581,0.920120654,0,0.552072393,5,1.2,0.8,O8,de-protonated,0,,C10 H12 O8,10,12,8,,,,,
2261,259.0248705,259.0247483,259.0248114,11878925.02,795761.5165,21.08201604,-1,-0.243735622,0.718895562,0,0.431337337,10,0.615384615,0.461538462,O6,de-protonated,0,,C13 H8 O6,13,8,6,,,,,
2262,257.1031673,257.103047,257.1030618,22159659.64,801709.0161,39.32765795,-1,-0.057380422,0.98187454,0,0.589124724,4,1.5,0.5,O6,de-protonated,0,,C12 H18 O6,12,18,6,,,,,
2263,257.0821121,257.0819919,257.0819324,5465090.492,801775.0164,9.699120522,-1,0.231259532,0.742957447,0,0.445774468,9,0.933333333,0.266666667,O4,de-protonated,0,,C15 H14 O4,15,14,4,,,,,
2264,257.0667333,257.0666131,257.0666763,22124817.71,801823.0166,39.26582256,-1,-0.245656162,0.715151527,0,0.429090916,5,1.272727273,0.636363636,O7,de-protonated,0,,C11 H14 O7,11,14,7,,,,,
2265,257.0456982,257.045578,257.0455469,9066791.889,801888.267,16.0912079,-1,0.120877302,0.922033233,0,0.55321994,10,0.714285714,0.357142857,O5,de-protonated,0,,C14 H10 O5,14,10,5,,,,,
2266,257.0303618,257.0302416,257.0302907,9494663.356,801936.5168,16.85056896,-1,-0.191209879,0.816182026,0,0.489709216,6,1,0.8,O8,de-protonated,0,,C10 H10 O8,10,10,8,,,,,
2267,256.2364945,256.2363751,256.2363086,17646825.64,804421.0166,31.31854614,-1,0.259555553,0.68778933,0.98145446,0.805255382,1,2.133333333,0.133333333,13C1 O2,de-protonated,1,2268,C15 H32 O2 13C1,15,32,2,,,1,,
2268,255.2331093,255.2329909,255.2329537,118196127.5,807583.0166,209.7675213,-1,0.145645199,0.788310524,0.98145446,0.865568098,1,2,0.125,O2,de-protonated,0,,C16 H32 O2,16,32,2,,,,,
2269,255.1238925,255.1237742,255.1237972,17374637.19,807928.7666,30.83548213,-1,-0.090129518,0.955873582,0,0.573524149,4,1.538461538,0.384615385,O5,de-protonated,0,,C13 H20 O5,13,20,5,,,,,
2270,255.0874642,255.087346,255.0874117,36482970.63,808044.5165,64.74782617,-1,-0.257727055,0.691412985,0,0.414847791,5,1.333333333,0.5,O6,de-protonated,0,,C12 H16 O6,12,16,6,,,,,
2271,255.0664113,255.0662931,255.0662823,5754720.03,646488.8131,10.21313796,-1,0.042188086,0.990160755,0,0.594096453,10,0.8,0.266666667,O4,de-protonated,0,,C15 H12 O4,15,12,4,,,,,
2272,255.0511238,255.0510057,255.0510262,14673369.1,808159.267,26.04143071,-1,-0.080523458,0.964618711,0,0.578771226,6,1.090909091,0.636363636,O7,de-protonated,0,,C11 H12 O7,11,12,7,,,,,
2273,255.0299771,255.029859,255.0298968,7069618.888,808226.2662,12.54674296,-1,-0.148456158,0.884758837,0,0.530855302,11,0.571428571,0.357142857,O5,de-protonated,0,,C14 H8 O5,14,8,5,,,,,
2274,255.0148025,255.0146844,255.0146407,6561859.778,808274.7665,11.64560201,-1,0.171299878,0.84957397,0,0.509744382,7,0.8,0.8,O8,de-protonated,0,,C10 H8 O8,10,8,8,,,,,
2275,253.1446994,253.1445832,253.1445327,8817487.984,814245.5166,15.64875802,-1,0.199545009,0.801546509,0,0.480927905,4,1.571428571,0.285714286,O4,de-protonated,0,,C14 H22 O4,14,22,4,,,,,
2276,253.1083105,253.1081943,253.1081471,20782258.38,651490.213,36.88312739,-1,0.186160491,0.824868067,0,0.49492084,5,1.384615385,0.384615385,O5,de-protonated,0,,C13 H18 O5,13,18,5,,,,,
2277,253.083153,253.0830368,253.082995,6538252.595,814443.5164,11.60370538,-1,0.16508856,0.859493167,0,0.5156959,6,1.272727273,0.454545455,N2 O5,de-protonated,0,,C11 H14 O5 N2,11,14,5,,2,,,
2278,253.0718662,253.0717501,253.0717616,20737263.01,651584.0132,36.80327224,-1,-0.045678217,0.98847526,0,0.593085156,6,1.166666667,0.5,O6,de-protonated,0,,C12 H14 O6,12,14,6,,,,,
2279,253.03544,253.0353239,253.0353761,13564767.01,651677.8132,24.07394906,-1,-0.206365747,0.789312116,0,0.473587269,7,0.909090909,0.636363636,O7,de-protonated,0,,C11 H10 O7,11,10,7,,,,,
2280,251.1290345,251.1289203,251.1288826,9359697.86,820781.017,16.61104015,-1,0.150024072,0.882461494,0,0.529476897,5,1.428571429,0.285714286,O4,de-protonated,0,,C14 H20 O4,14,20,4,,,,,
2281,251.0925585,251.0924443,251.0924971,21562635.87,820900.5164,38.26809535,-1,-0.210126966,0.782472623,0,0.469483574,6,1.230769231,0.384615385,O5,de-protonated,0,,C13 H16 O5,13,16,5,,,,,
2282,251.0562049,251.0560908,251.0561116,17081647.69,656815.4132,30.31550162,-1,-0.082864434,0.962571142,0,0.577542685,7,1,0.5,O6,de-protonated,0,,C12 H12 O6,12,12,6,,,,,
2283,251.0198888,251.0197747,251.0197261,8122010.349,656910.4132,14.4144653,-1,0.193784888,0.811699192,0,0.487019515,8,0.727272727,0.636363636,O7,de-protonated,0,,C11 H8 O7,11,8,7,,,,,
2284,250.1450152,250.144902,250.144867,6681011.29,824009.767,11.8570651,-1,0.13968912,0.897263382,0,0.538358029,5,1.5,0.214285714,N1 O3,de-protonated,0,,C14 H21 O3 N1,14,21,3,,1,,,
2285,249.1497665,249.1496543,249.149618,5921685.941,661841.2132,10.50945922,-1,0.145415714,0.889161606,0,0.533496963,5,1.466666667,0.2,O3,de-protonated,0,,C15 H22 O3,15,22,3,,,,,
2286,249.1133657,249.1132536,249.1132325,11969972.94,827422.2669,21.24360252,-1,0.084500644,0.96110784,0,0.576664704,6,1.285714286,0.285714286,O4,de-protonated,0,,C14 H18 O4,14,18,4,,,,,
2287,249.0769036,249.0767915,249.076847,14549633.07,662034.8129,25.8218313,-1,-0.223024146,0.758561007,0,0.455136604,7,1.076923077,0.384615385,O5,de-protonated,0,,C13 H14 O5,13,14,5,,,,,
2288,249.040573,249.0404609,249.0404615,11860392.95,827664.0167,21.04912642,-1,-0.002462463,0.999966313,0,0.599979788,8,0.833333333,0.5,O6,de-protonated,0,,C12 H10 O6,12,10,6,,,,,
2289,249.0042385,249.0041264,249.004076,5870330.808,662228.0132,10.41831715,-1,0.202586686,0.796118221,0,0.477670933,9,0.545454545,0.636363636,O7,de-protonated,0,,C11 H6 O7,11,6,7,,,,,
2291,247.097742,247.0976319,247.0975825,7617961.896,667337.413,13.51990981,-1,0.199879565,0.800951671,0,0.480571003,7,1.142857143,0.285714286,O4,de-protonated,0,,C14 H16 O4,14,16,4,,,,,
2292,247.0613175,247.0612074,247.061197,11658353.67,834295.017,20.69055902,-1,0.042443482,0.990041863,0,0.594025118,8,0.923076923,0.384615385,O5,de-protonated,0,,C13 H12 O5,13,12,5,,,,,
2293,247.0248654,247.0247553,247.0248114,13853446.47,834417.7667,24.58628036,-1,-0.227125962,0.750819491,0,0.450491694,9,0.666666667,0.5,O6,de-protonated,0,,C12 H8 O6,12,8,6,,,,,
2294,245.0820019,245.0818938,245.0819324,7556481.964,841032.5168,13.41079885,-1,-0.157333938,0.871515137,0,0.522909082,8,1,0.285714286,O4,de-protonated,0,,C14 H14 O4,14,14,4,,,,,
2295,245.0456538,245.0455458,245.0455469,11385901.65,841157.2666,20.20702722,-1,-0.004532909,0.999885855,0,0.599931513,9,0.769230769,0.384615385,O5,de-protonated,0,,C13 H10 O5,13,10,5,,,,,
2296,243.1238593,243.1237532,243.1237972,6031341.103,847806.2661,10.70406873,-1,-0.181136422,0.83336795,0,0.50002077,3,1.666666667,0.416666667,O5,de-protonated,0,,C12 H20 O5,12,20,5,,,,,
2297,243.0875669,243.0874609,243.0874117,12660835,678346.4132,22.46970379,-1,0.20223416,0.79674966,0,0.478049796,4,1.454545455,0.545454545,O6,de-protonated,0,,C11 H16 O6,11,16,6,,,,,
2298,243.0663886,243.0662825,243.0662823,7071169.401,848006.7663,12.54949472,-1,0.00082214,0.999996245,0,0.599997747,9,0.857142857,0.285714286,O4,de-protonated,0,,C14 H12 O4,14,12,4,,,,,
2299,243.0511119,243.0510058,243.0510262,8794868.427,848060.0164,15.60861416,-1,-0.083799817,0.961737836,0,0.577042701,5,1.2,0.7,O7,de-protonated,0,,C10 H12 O7,10,12,7,,,,,
2300,243.0300425,243.0299365,243.0298968,6769017.108,678507.0133,12.01325263,-1,0.163229773,0.862412148,0,0.517447289,10,0.615384615,0.384615385,O5,de-protonated,0,,C13 H8 O5,13,8,5,,,,,
2301,242.1762294,242.1761243,242.1761671,6555467.917,851123.7666,11.63425812,-1,-0.177041347,0.840186553,0,0.504111932,2,1.923076923,0.230769231,N1 O3,de-protonated,0,,C13 H25 O3 N1,13,25,3,,1,,,
2302,241.217361,241.2172568,241.2173037,5457602.323,854507.0162,9.685830961,-1,-0.1941965,0.810979364,0,0.486587618,1,2,0.133333333,O2,de-protonated,0,,C15 H30 O2,15,30,2,,,,,
2303,241.1082492,241.1081451,241.1081471,13822026.23,854893.7665,24.53051756,-1,-0.008335481,0.999614073,0,0.599768444,4,1.5,0.416666667,O5,de-protonated,0,,C12 H18 O5,12,18,5,,,,,
2304,241.0719066,241.0718026,241.0717616,13682014.59,684018.2133,24.28203314,-1,0.169789594,0.852008848,0,0.511205309,5,1.272727273,0.545454545,O6,de-protonated,0,,C11 H14 O6,11,14,6,,,,,
2305,241.0507811,241.050677,241.0506323,6313175.381,684078.2133,11.2042516,-1,0.185719465,0.825619996,0,0.495371998,10,0.714285714,0.285714286,O4,de-protonated,0,,C14 H10 O4,14,10,4,,,,,
2306,241.0354323,241.0353282,241.0353761,11127775.02,855152.0167,19.74891929,-1,-0.19873978,0.802975917,0,0.48178555,6,1,0.7,O7,de-protonated,0,,C10 H10 O7,10,10,7,,,,,
2307,240.0708134,240.0707103,240.0706998,22843125.11,858588.0162,40.54063219,-1,0.043725651,0.989434365,0.995557109,0.991883463,6,1.333333333,0.555555556,13C1 N2 O5,de-protonated,1,2310,C9 H12 O5 N2 13C1,9,12,5,,2,1,,
2308,239.1289393,239.1288372,239.1288826,9374385.193,689576.0131,16.63710637,-1,-0.189910039,0.818431413,0,0.491058848,4,1.538461538,0.307692308,O4,de-protonated,0,,C13 H20 O4,13,20,4,,,,,
2309,239.092634,239.092532,239.0924971,12970011.06,862100.7664,23.01841124,-1,0.145854726,0.888530173,0,0.533118104,5,1.333333333,0.416666667,O5,de-protonated,0,,C12 H16 O5,12,16,5,,,,,
2310,239.067501,239.067399,239.067345,199593951.7,689753.2131,354.2275826,-1,0.225960094,0.871230246,0.995557109,0.920960991,6,1.2,0.5,N2 O5,de-protonated,0,,C10 H12 O5 N2,10,12,5,,2,,,
2311,239.0561896,239.0560875,239.0561116,12993227.56,862232.5166,23.05961453,-1,-0.100528221,0.945402971,0,0.567241783,6,1.090909091,0.545454545,O6,de-protonated,0,,C11 H12 O6,11,12,6,,,,,
2312,239.0198441,239.0197421,239.0197261,9453895.936,862363.2663,16.77821735,-1,0.067082089,0.975309876,0,0.585185926,7,0.8,0.7,O7,de-protonated,0,,C10 H8 O7,10,8,7,,,,,
2313,237.1132924,237.1131923,237.1132325,10781064.34,869297.2668,19.13359762,-1,-0.169607724,0.852301072,0,0.511380643,5,1.384615385,0.307692308,O4,de-protonated,0,,C13 H18 O4,13,18,4,,,,,
2314,237.0769995,237.0768994,237.076847,10311255.76,695544.413,18.29980903,-1,0.221074704,0.76221824,0,0.457330944,6,1.166666667,0.416666667,O5,de-protonated,0,,C12 H14 O5,12,14,5,,,,,
2315,237.0405189,237.0404189,237.0404615,12347040.11,869564.5161,21.91279912,-1,-0.179908498,0.835423044,0,0.501253826,7,0.909090909,0.545454545,O6,de-protonated,0,,C11 H10 O6,11,10,6,,,,,
2316,235.1704438,235.1703457,235.1703535,5048607.601,876479.2663,8.959971232,-1,-0.033208603,0.993892001,0,0.5963352,4,1.6,0.133333333,O2,de-protonated,0,,C15 H24 O2,15,24,2,,,,,
2317,235.0977084,235.0976103,235.0975825,8383546.623,701400.2134,14.87862447,-1,0.118328083,0.925162107,0,0.555097264,6,1.230769231,0.307692308,O4,de-protonated,0,,C13 H16 O4,13,16,4,,,,,
2318,235.0612856,235.0611876,235.061197,10173990.54,876886.2667,18.0561988,-1,-0.039965605,0.991165646,0,0.594699387,7,1,0.416666667,O5,de-protonated,0,,C12 H12 O5,12,12,5,,,,,
2319,235.0249414,235.0248434,235.0248114,8490595.507,877021.5168,15.06860852,-1,0.136075656,0.902244336,0,0.541346602,8,0.727272727,0.545454545,O6,de-protonated,0,,C11 H8 O6,11,8,6,,,,,
2321,233.1183861,233.11829,233.1183179,5196144.946,884194.2664,9.221811818,-1,-0.119820583,0.923337038,0,0.554002223,6,1.285714286,0.214285714,O3,de-protonated,0,,C14 H18 O3,14,18,3,,,,,
2322,233.0820477,233.0819516,233.0819324,6290192.359,707465.8131,11.16346269,-1,0.08239738,0.962983992,0,0.577790395,7,1.076923077,0.307692308,O4,de-protonated,0,,C13 H14 O4,13,14,4,,,,,
2323,233.0456496,233.0455536,233.0455469,8431216.385,884470.5165,14.96322595,-1,0.028767151,0.995413058,0,0.597247835,8,0.833333333,0.416666667,O5,de-protonated,0,,C12 H10 O5,12,10,5,,,,,
2324,233.0092467,233.0091507,233.0091614,5870717.973,884608.7662,10.41900427,-1,-0.04571542,0.988456589,0,0.593073953,9,0.545454545,0.545454545,O6,de-protonated,0,,C11 H6 O6,11,6,6,,,,,
2325,231.0663932,231.0662991,231.0662823,6556557.723,892046.7664,11.63619224,-1,0.072734387,0.971037195,0,0.582622317,8,0.923076923,0.307692308,O4,de-protonated,0,,C13 H12 O4,13,12,4,,,,,
2326,231.0299446,231.0298506,231.0298968,9349346.745,892187.5163,16.5926696,-1,-0.200265606,0.800264606,0,0.480158764,9,0.666666667,0.416666667,O5,de-protonated,0,,C12 H8 O5,12,8,5,,,,,
2327,229.0718834,229.0717913,229.0717616,6491847.469,719850.813,11.52134829,-1,0.129502983,0.911036472,0,0.546621883,4,1.4,0.6,O6,de-protonated,0,,C10 H14 O6,10,14,6,,,,,
2328,229.050743,229.0506509,229.0506323,6859856.818,899896.7667,12.1744696,-1,0.081411322,0.963848524,0,0.578309114,9,0.769230769,0.307692308,O4,de-protonated,0,,C13 H10 O4,13,10,4,,,,,
2329,229.0354291,229.035337,229.0353761,5601697.605,899956.5165,9.941562775,-1,-0.170660124,0.850607161,0,0.510364297,5,1.111111111,0.777777778,O7,de-protonated,0,,C9 H10 O7,9,10,7,,,,,
2330,227.2017117,227.2016215,227.2016536,15023218.81,907220.0165,26.66232336,-1,-0.141369604,0.894912076,0,0.536947246,1,2,0.142857143,O2,de-protonated,0,,C14 H28 O2,14,28,2,,,,,
2331,227.0925495,227.0924593,227.0924971,10735025.97,726125.0135,19.05189142,-1,-0.166265052,0.857633735,0,0.514580241,4,1.454545455,0.454545455,O5,de-protonated,0,,C11 H16 O5,11,16,5,,,,,
2332,227.0562273,227.0561372,227.0561116,6354123.69,907801.2669,11.27692425,-1,0.112951984,0.931574965,0,0.558944979,5,1.2,0.6,O6,de-protonated,0,,C10 H12 O6,10,12,6,,,,,
2333,226.0649988,226.0649097,226.0649457,20800017.51,911781.7665,36.91464523,-1,-0.159295198,0.868513629,0.982510787,0.914112492,1,2.333333333,1.333333333,13C1 O8,de-protonated,1,2336,C6 H14 O8 13C1,6,14,8,,,1,,
2334,225.113283,225.1131948,225.1132325,6999274.418,915636.5167,12.42189974,-1,-0.16764256,0.855444991,0,0.513266995,4,1.5,0.333333333,O4,de-protonated,0,,C12 H18 O4,12,18,4,,,,,
2335,225.0769462,225.076858,225.076847,9354545.687,732627.6131,16.60189638,-1,0.048876072,0.986816176,0,0.592089706,5,1.272727273,0.454545455,O5,de-protonated,0,,C11 H14 O5,11,14,5,,,,,
2336,225.0617193,225.0616311,225.0615909,214615948.1,915846.2666,380.8877363,-1,0.178900262,0.852808697,0.982510787,0.904689533,1,2,1.142857143,O8,de-protonated,0,,C7 H14 O8,7,14,8,,,,,
2337,225.0558068,225.0557187,225.0557176,5374052.731,732696.4134,9.537552069,-1,0.004619895,0.999881432,0,0.599928859,10,0.714285714,0.214285714,O3,de-protonated,0,,C14 H10 O3,14,10,3,,,,,
2338,225.0405997,225.0405115,225.0404615,7354858.261,915932.2664,13.05296899,-1,0.222348025,0.75983108,0,0.455898648,6,1,0.6,O6,de-protonated,0,,C10 H10 O6,10,10,6,,,,,
2339,223.0977078,223.0976216,223.0975825,7286889.138,923908.7666,12.93234139,-1,0.175545843,0.842651421,0,0.505590852,5,1.333333333,0.333333333,O4,de-protonated,0,,C12 H16 O4,12,16,4,,,,,
2340,223.061258,223.0611718,223.061197,8632522.175,924059.7664,15.3204916,-1,-0.112705013,0.931863439,0,0.559118063,6,1.090909091,0.454545455,O5,de-protonated,0,,C11 H12 O5,11,12,5,,,,,
2341,223.0248697,223.0247835,223.0248114,8708635.774,924210.5166,15.45557353,-1,-0.125134169,0.916684427,0,0.550010656,7,0.8,0.6,O6,de-protonated,0,,C10 H8 O6,10,8,6,,,,,
2342,221.082045,221.0819608,221.0819324,8180128.083,745866.0128,14.51760923,-1,0.128313753,0.91258961,0,0.547553766,6,1.166666667,0.333333333,O4,de-protonated,0,,C12 H14 O4,12,14,4,,,,,
2343,221.0456156,221.0455314,221.0455469,8158304.963,932486.0158,14.47887884,-1,-0.069916487,0.973208138,0,0.583924883,7,0.909090909,0.454545455,O5,de-protonated,0,,C11 H10 O5,11,10,5,,,,,
2344,221.009205,221.0091209,221.0091614,7054943.884,932640.0165,12.52069862,-1,-0.183354464,0.829633335,0,0.497780001,8,0.6,0.6,O6,de-protonated,0,,C10 H6 O6,10,6,6,,,,,
2345,219.0663307,219.0662484,219.0662823,5857463.355,752729.0132,10.39548076,-1,-0.154867138,0.87525194,0,0.525151164,7,1,0.333333333,O4,de-protonated,0,,C12 H12 O4,12,12,4,,,,,
2346,219.0299442,219.0298619,219.0298968,8549231.142,941067.7667,15.17267159,-1,-0.159218715,0.868631181,0,0.521178709,8,0.727272727,0.454545455,O5,de-protonated,0,,C11 H8 O5,11,8,5,,,,,
2347,217.0507206,217.0506403,217.0506323,6338362.7,949648.7668,11.24895257,-1,0.037128134,0.992370926,0,0.595422556,8,0.833333333,0.333333333,O4,de-protonated,0,,C12 H10 O4,12,10,4,,,,,
2351,213.0769036,213.0768272,213.076847,5749930.499,967359.7669,10.20463778,-1,-0.093090476,0.952996987,0,0.571798192,4,1.4,0.5,O5,de-protonated,0,,C10 H14 O5,10,14,5,,,,,
2352,211.0612845,211.0612101,211.061197,5424363.499,781278.2131,9.626840654,-1,0.062067166,0.978825544,0,0.587295327,5,1.2,0.5,O5,de-protonated,0,,C10 H12 O5,10,12,5,,,,,
2353,211.0248721,211.0247977,211.0248114,8186239.603,781413.013,14.52845559,-1,-0.06514087,0.976701626,0,0.586020975,6,0.888888889,0.666666667,O6,de-protonated,0,,C9 H8 O6,9,8,6,,,,,
2354,209.0455973,209.0455248,209.0455469,7740860.279,986014.2663,13.73802262,-1,-0.105686977,0.939832045,0,0.563899227,6,1,0.5,O5,de-protonated,0,,C10 H10 O5,10,10,5,,,,,
2355,191.0197963,191.0197411,191.0197261,9483316.192,1079061.017,16.83043068,-1,0.078950751,0.965963717,0,0.57957823,3,1.333333333,1.166666667,O7,de-protonated,0,,C6 H8 O7,6,8,7,,,,,
26,581.2247651,581.2242639,,7344011.478,354634.0166,13.03371875,-1,,,,,,,,unassigned,,,,,,,,,,,,
72,559.0737673,559.0732954,,5944601.641,294947.8132,10.55012865,-1,,,,,,,,unassigned,,,,,,,,,,,,
75,557.2036338,557.2031643,,6221934.844,295937.8132,11.04232327,-1,,,,,,,,unassigned,,,,,,,,,,,,
108,545.1672198,545.1667661,,7423058.851,378089.2665,13.17400737,-1,,,,,,,,unassigned,,,,,,,,,,,,
195,519.2601161,519.2596956,,14008106.43,396953.0165,24.86076173,-1,,,,,,,,unassigned,,,,,,,,,,,,
196,519.2521016,519.2516812,,18141046.83,396959.5166,32.19566078,-1,,,,,,,,unassigned,,,,,,,,,,,,
207,517.0995134,517.0990957,,7250268.402,398612.0166,12.86734907,-1,,,,,,,,unassigned,,,,,,,,,,,,
216,515.0838086,515.0833934,,8175297.311,400171.5166,14.50903586,-1,,,,,,,,unassigned,,,,,,,,,,,,
217,515.0475063,515.0470912,,5429713.237,320160.0133,9.636335054,-1,,,,,,,,unassigned,,,,,,,,,,,,
218,513.3109519,513.310539,,10748299.87,401554.0166,19.07544917,-1,,,,,,,,unassigned,,,,,,,,,,,,
228,513.0681803,513.0677678,,7015094.967,401744.0164,12.44997712,-1,,,,,,,,unassigned,,,,,,,,,,,,
236,511.0889234,511.0885133,,5706993.36,403299.7665,10.12843548,-1,,,,,,,,unassigned,,,,,,,,,,,,
238,510.8522074,510.8517976,,8142027.172,322789.2132,14.44998998,-1,,,,,,,,unassigned,,,,,,,,,,,,
242,509.1307679,509.1303603,,10455601.65,323880.6132,18.55598562,-1,,,,,,,,unassigned,,,,,,,,,,,,
246,508.2272706,508.2268642,,5440420.873,405570.2665,9.655338336,-1,,,,,,,,unassigned,,,,,,,,,,,,
247,508.1911009,508.1906944,,5399307.231,405599.5166,9.582372267,-1,,,,,,,,unassigned,,,,,,,,,,,,
255,506.2119331,506.2115292,,5136115.812,407185.2666,9.115275648,-1,,,,,,,,unassigned,,,,,,,,,,,,
261,505.063098,505.0626955,,8411545.358,408111.5164,14.92831497,-1,,,,,,,,unassigned,,,,,,,,,,,,
262,504.2322215,504.23182,,6211601.523,408784.0166,11.0239843,-1,,,,,,,,unassigned,,,,,,,,,,,,
263,504.1958362,504.1954348,,6132555.968,408813.5166,10.88369891,-1,,,,,,,,unassigned,,,,,,,,,,,,
277,501.1536954,501.1532979,,7318507.116,411294.7665,12.98845512,-1,,,,,,,,unassigned,,,,,,,,,,,,
286,499.1744151,499.17402,,7675055.403,330340.6133,13.621236,-1,,,,,,,,unassigned,,,,,,,,,,,,
297,497.1589794,497.1585869,,5672439.491,414599.5165,10.0671113,-1,,,,,,,,unassigned,,,,,,,,,,,,
305,496.1543439,496.1539526,,6386961.684,415439.0165,11.33520318,-1,,,,,,,,unassigned,,,,,,,,,,,,
309,495.15144,495.1510499,,17330514.78,416280.5165,30.75717626,-1,,,,,,,,unassigned,,,,,,,,,,,,
316,494.1750904,494.1747015,,8082997.853,417103.2665,14.34522822,-1,,,,,,,,unassigned,,,,,,,,,,,,
317,494.1387341,494.1383453,,6206440.043,417134.0166,11.01482401,-1,,,,,,,,unassigned,,,,,,,,,,,,
334,490.2165934,490.2162095,,7219032.782,420471.0165,12.81191393,-1,,,,,,,,unassigned,,,,,,,,,,,,
344,487.3049357,487.3045554,,7004184.334,281988.8444,12.43061357,-1,,,,,,,,unassigned,,,,,,,,,,,,
351,487.1381377,487.1377577,,6855472.021,423128.2664,12.16668772,-1,,,,,,,,unassigned,,,,,,,,,,,,
361,485.195392,485.1950143,,7195628.64,424822.7666,12.77037764,-1,,,,,,,,unassigned,,,,,,,,,,,,
364,485.1589367,485.158559,,8153679.489,339883.6132,14.47066982,-1,,,,,,,,unassigned,,,,,,,,,,,,
367,485.1223534,485.1219759,,6456310.793,424886.7665,11.45827989,-1,,,,,,,,unassigned,,,,,,,,,,,,
378,483.1432583,483.1428832,,7147204.281,341301.6132,12.68443694,-1,,,,,,,,unassigned,,,,,,,,,,,,
380,483.1150443,483.1146692,,13774439.36,341321.6132,24.44606319,-1,,,,,,,,unassigned,,,,,,,,,,,,
419,475.1379906,475.1376253,,6695917.826,433814.7666,11.88352034,-1,,,,,,,,unassigned,,,,,,,,,,,,
424,473.2830962,473.2827332,,10739712.51,435515.0166,19.06020883,-1,,,,,,,,unassigned,,,,,,,,,,,,
426,473.1950766,473.1947138,,6144959.953,435596.0164,10.90571277,-1,,,,,,,,unassigned,,,,,,,,,,,,
438,471.202554,471.2021936,,10688654.44,437438.0166,18.96959397,-1,,,,,,,,unassigned,,,,,,,,,,,,
443,471.143222,471.1428617,,9305741.279,349994.6132,16.51528119,-1,,,,,,,,unassigned,,,,,,,,,,,,
445,471.1150112,471.1146509,,10311951.75,437519.2665,18.30104424,-1,,,,,,,,unassigned,,,,,,,,,,,,
452,469.2004127,469.2000547,,5727892.987,351443.8132,10.1655269,-1,,,,,,,,unassigned,,,,,,,,,,,,
454,469.1639664,469.1636085,,9724612.379,439338.7664,17.25866893,-1,,,,,,,,unassigned,,,,,,,,,,,,
467,467.1845213,467.1841658,,7798950.474,441200.5163,13.84111767,-1,,,,,,,,unassigned,,,,,,,,,,,,
469,467.1482911,467.1479357,,6292717.005,441234.7665,11.16794328,-1,,,,,,,,unassigned,,,,,,,,,,,,
478,466.1073934,466.1070393,,5072685.42,442219.7666,9.002703128,-1,,,,,,,,unassigned,,,,,,,,,,,,
496,462.221604,462.2212546,,5793281.782,445937.7665,10.28157508,-1,,,,,,,,unassigned,,,,,,,,,,,,
503,461.1222835,461.1219354,,7916742.158,447000.5166,14.05016741,-1,,,,,,,,unassigned,,,,,,,,,,,,
512,459.1607822,459.1604364,,5674378.336,448910.0163,10.07055225,-1,,,,,,,,unassigned,,,,,,,,,,,,
517,459.1067852,459.1064395,,6181184.046,359170.4131,10.97000116,-1,,,,,,,,unassigned,,,,,,,,,,,,
527,457.1639088,457.1635655,,12061630.61,450871.2665,21.40627116,-1,,,,,,,,unassigned,,,,,,,,,,,,
530,457.1275766,457.1272333,,9249203.056,450906.7666,16.41494049,-1,,,,,,,,unassigned,,,,,,,,,,,,
540,455.1846308,455.1842899,,9494469.851,452831.7665,16.85022554,-1,,,,,,,,unassigned,,,,,,,,,,,,
555,453.2051488,453.2048103,,6698592.103,454809.2665,11.88826648,-1,,,,,,,,unassigned,,,,,,,,,,,,
557,453.1690152,453.1686767,,9191867.385,454845.5164,16.31318452,-1,,,,,,,,unassigned,,,,,,,,,,,,
559,453.1327362,453.1323977,,7596390.85,454882.2666,13.48162679,-1,,,,,,,,unassigned,,,,,,,,,,,,
572,451.1894158,451.1890797,,5572119.656,456841.5166,9.889069575,-1,,,,,,,,unassigned,,,,,,,,,,,,
574,451.1532314,451.1528954,,6395535.774,456877.7666,11.35041997,-1,,,,,,,,unassigned,,,,,,,,,,,,
586,449.1738329,449.1734993,,6545058.654,458891.5166,11.61578437,-1,,,,,,,,unassigned,,,,,,,,,,,,
587,449.158676,449.1583424,,6796789.128,458907.0165,12.06254078,-1,,,,,,,,unassigned,,,,,,,,,,,,
589,449.1224264,449.1220928,,5622967.575,458944.0164,9.979311465,-1,,,,,,,,unassigned,,,,,,,,,,,,
601,447.143048,447.1427168,,11607307.87,460975.2664,20.59996594,-1,,,,,,,,unassigned,,,,,,,,,,,,
603,447.1068835,447.1065523,,6765322.904,368810.2132,12.00669638,-1,,,,,,,,unassigned,,,,,,,,,,,,
614,445.1639751,445.1636463,,10115231.35,463025.0165,17.95191646,-1,,,,,,,,unassigned,,,,,,,,,,,,
617,445.1275598,445.1272311,,12817543.6,463062.5166,22.74782099,-1,,,,,,,,unassigned,,,,,,,,,,,,
630,443.1846113,443.1842848,,9403357.905,372074.2132,16.68852543,-1,,,,,,,,unassigned,,,,,,,,,,,,
633,443.1480587,443.1477323,,20122113.31,465131.0165,35.71154081,-1,,,,,,,,unassigned,,,,,,,,,,,,
643,443.0472824,443.0469561,,12503146.14,372189.6132,22.18984689,-1,,,,,,,,unassigned,,,,,,,,,,,,
652,441.2050905,441.2047664,,5873337.157,373743.6132,10.42365264,-1,,,,,,,,unassigned,,,,,,,,,,,,
655,441.1690042,441.1686802,,14039443.6,373774.2134,24.91637709,-1,,,,,,,,unassigned,,,,,,,,,,,,
658,441.1326579,441.1323339,,14440611.5,467256.0165,25.62834624,-1,,,,,,,,unassigned,,,,,,,,,,,,
672,439.2836596,439.2833378,,6473960.386,469222.7665,11.48960335,-1,,,,,,,,unassigned,,,,,,,,,,,,
674,439.1894888,439.1891672,,7685139.082,375458.8133,13.63913192,-1,,,,,,,,unassigned,,,,,,,,,,,,
678,439.1169425,439.1166209,,7304762.85,469401.2666,12.9640626,-1,,,,,,,,unassigned,,,,,,,,,,,,
691,437.17376,437.1734407,,6729234.862,377190.0133,11.94264945,-1,,,,,,,,unassigned,,,,,,,,,,,,
693,437.1375877,437.1372685,,7200709.163,377221.2133,12.77939425,-1,,,,,,,,unassigned,,,,,,,,,,,,
700,436.1699106,436.1695925,,9945551.507,472572.5167,17.65077868,-1,,,,,,,,unassigned,,,,,,,,,,,,
708,435.1431021,435.1427852,,6977418.797,473688.0166,12.38311167,-1,,,,,,,,unassigned,,,,,,,,,,,,
722,433.1638993,433.1635848,,8957405.251,475852.0166,15.89707494,-1,,,,,,,,unassigned,,,,,,,,,,,,
724,433.1275688,433.1272543,,11738821.98,475892.2666,20.83336942,-1,,,,,,,,unassigned,,,,,,,,,,,,
736,431.1844926,431.1841804,,6281517.087,478036.7665,11.14806633,-1,,,,,,,,unassigned,,,,,,,,,,,,
742,431.1294206,431.1291085,,8160074.813,478097.5165,14.48201987,-1,,,,,,,,unassigned,,,,,,,,,,,,
744,431.1117161,431.1114041,,16360588.67,478117.5166,29.03580857,-1,,,,,,,,unassigned,,,,,,,,,,,,
752,430.1073794,430.1070685,,5392558.309,638978.3554,9.570394679,-1,,,,,,,,unassigned,,,,,,,,,,,,
756,429.1690152,429.1687055,,10463250.6,480281.7667,18.56956052,-1,,,,,,,,unassigned,,,,,,,,,,,,
759,429.1325025,429.1321928,,20516027.16,480322.2666,36.4106359,-1,,,,,,,,unassigned,,,,,,,,,,,,
775,427.1895269,427.1892195,,7105401.386,482507.2666,12.61024762,-1,,,,,,,,unassigned,,,,,,,,,,,,
778,427.1533373,427.1530299,,14275008.6,386038.4133,25.33444398,-1,,,,,,,,unassigned,,,,,,,,,,,,
781,427.1168903,427.116583,,13452747.24,482589.0166,23.87514297,-1,,,,,,,,unassigned,,,,,,,,,,,,
790,426.3670715,426.3667651,,11908501.22,483438.0164,21.13450614,-1,,,,,,,,unassigned,,,,,,,,,,,,
801,425.1740191,425.1737141,,9021621.626,484794.5165,16.01104238,-1,,,,,,,,unassigned,,,,,,,,,,,,
803,425.1376773,425.1373723,,13058900.31,484836.0166,23.17616664,-1,,,,,,,,unassigned,,,,,,,,,,,,
805,425.1011054,425.1008004,,9283265.481,484877.7665,16.47539247,-1,,,,,,,,unassigned,,,,,,,,,,,,
821,423.1583302,423.1580275,,7051021.473,487103.5166,12.51373736,-1,,,,,,,,unassigned,,,,,,,,,,,,
841,421.1275285,421.1272282,,5824862.228,489452.7666,10.3376222,-1,,,,,,,,unassigned,,,,,,,,,,,,
856,419.1116869,419.111389,,12892172.33,491807.0166,22.88026766,-1,,,,,,,,unassigned,,,,,,,,,,,,
862,418.1953559,418.1950591,,5214993.589,492884.2667,9.255263278,-1,,,,,,,,unassigned,,,,,,,,,,,,
867,417.1689435,417.1686479,,10180452.34,494097.2667,18.06766684,-1,,,,,,,,unassigned,,,,,,,,,,,,
869,417.1502397,417.1499441,,6200972.534,494119.5166,11.0051206,-1,,,,,,,,unassigned,,,,,,,,,,,,
876,417.0959906,417.095695,,13042922.07,494183.7665,23.14780942,-1,,,,,,,,unassigned,,,,,,,,,,,,
881,417.0443648,417.0440693,,5954567.113,395395.8132,10.56781478,-1,,,,,,,,unassigned,,,,,,,,,,,,
887,415.1531389,415.1528456,,20078863.78,397197.0132,35.6347841,-1,,,,,,,,unassigned,,,,,,,,,,,,
895,415.0981872,415.097894,,5266083.098,496561.7666,9.345933928,-1,,,,,,,,unassigned,,,,,,,,,,,,
897,415.0805266,415.0802335,,7348530.672,496583.2666,13.04173915,-1,,,,,,,,unassigned,,,,,,,,,,,,
903,414.1410853,414.1407933,,5440050.01,398167.6132,9.65468015,-1,,,,,,,,unassigned,,,,,,,,,,,,
908,413.1737758,413.1734848,,11467160.95,399099.8133,20.35124145,-1,,,,,,,,unassigned,,,,,,,,,,,,
911,413.1375158,413.1372249,,19351801.39,498918.7666,34.34443662,-1,,,,,,,,unassigned,,,,,,,,,,,,
915,413.1012947,413.1010038,,15862498.28,498962.5164,28.1518271,-1,,,,,,,,unassigned,,,,,,,,,,,,
930,411.1584231,411.1581345,,11072937.43,401056.0135,19.65159676,-1,,,,,,,,unassigned,,,,,,,,,,,,
938,411.0829709,411.0826824,,5229414.274,501412.2665,9.280856261,-1,,,,,,,,unassigned,,,,,,,,,,,,
949,409.2730788,409.2727924,,5539033.383,503629.2665,9.830350008,-1,,,,,,,,unassigned,,,,,,,,,,,,
952,409.1789171,409.1786308,,5248306.796,503745.5163,9.314385595,-1,,,,,,,,unassigned,,,,,,,,,,,,
954,409.1427674,409.1424811,,7229272.518,503790.0165,12.83008681,-1,,,,,,,,unassigned,,,,,,,,,,,,
956,409.1063096,409.1060234,,6345404.002,403067.8133,11.26144906,-1,,,,,,,,unassigned,,,,,,,,,,,,
970,407.2574449,407.2571609,,9601229.508,404897.6133,17.03969629,-1,,,,,,,,unassigned,,,,,,,,,,,,
972,407.1868978,407.1866138,,8111028.393,404967.8133,14.39497517,-1,,,,,,,,unassigned,,,,,,,,,,,,
975,407.1117918,407.1115079,,6703842.794,506303.2666,11.8975851,-1,,,,,,,,unassigned,,,,,,,,,,,,
982,407.023606,407.0233222,,8023945.676,506413.0166,14.2404259,-1,,,,,,,,unassigned,,,,,,,,,,,,
988,406.0500052,406.0497226,,5188067.858,507627.2665,9.207477077,-1,,,,,,,,unassigned,,,,,,,,,,,,
991,405.1900033,405.1897217,,21146377.06,406963.6132,37.52934375,-1,,,,,,,,unassigned,,,,,,,,,,,,
992,405.1690166,405.168735,,5701456.622,508731.0164,10.1186092,-1,,,,,,,,unassigned,,,,,,,,,,,,
994,405.1324307,405.1321491,,15777102.6,508777.0165,28.00027188,-1,,,,,,,,unassigned,,,,,,,,,,,,
1002,405.0597793,405.0594978,,5233466.436,407094.413,9.288047799,-1,,,,,,,,unassigned,,,,,,,,,,,,
1004,405.0443569,405.0440754,,6894214.484,508887.2663,12.23544556,-1,,,,,,,,unassigned,,,,,,,,,,,,
1006,404.3957096,404.3954289,,5568268.327,509703.5165,9.882234462,-1,,,,,,,,unassigned,,,,,,,,,,,,
1012,403.1895605,403.1892812,,5810403.763,511228.2666,10.31196216,-1,,,,,,,,unassigned,,,,,,,,,,,,
1017,403.1345519,403.1342727,,8656965.727,511298.0165,15.36387258,-1,,,,,,,,unassigned,,,,,,,,,,,,
1019,403.1169425,403.1166632,,19684301.04,409056.4133,34.9345374,-1,,,,,,,,unassigned,,,,,,,,,,,,
1021,403.0983349,403.0980556,,5495173.985,511344.0165,9.752510932,-1,,,,,,,,unassigned,,,,,,,,,,,,
1023,403.0804843,403.0802051,,9534544.311,511367.0164,16.92134733,-1,,,,,,,,unassigned,,,,,,,,,,,,
1030,402.1410546,402.1407765,,5734867.456,512561.5166,10.17790478,-1,,,,,,,,unassigned,,,,,,,,,,,,
1032,402.0760463,402.0757683,,6390923.94,410115.4133,11.34223516,-1,,,,,,,,unassigned,,,,,,,,,,,,
1035,401.1740338,401.1737568,,9486710.549,513796.7666,16.83645479,-1,,,,,,,,unassigned,,,,,,,,,,,,
1037,401.1552964,401.1550194,,5272245.133,513820.7663,9.356869944,-1,,,,,,,,unassigned,,,,,,,,,,,,
1044,401.101113,401.1008361,,22531600.64,513890.5167,39.98775693,-1,,,,,,,,unassigned,,,,,,,,,,,,
1048,401.0648919,401.064615,,6169181.368,411149.4133,10.94869951,-1,,,,,,,,unassigned,,,,,,,,,,,,
1051,401.0283372,401.0280604,,5944024.309,513983.7665,10.54910403,-1,,,,,,,,unassigned,,,,,,,,,,,,
1063,399.1583223,399.1580477,,17053036.73,413113.2133,30.26472458,-1,,,,,,,,unassigned,,,,,,,,,,,,
1064,399.1559072,399.1556326,,11669492.71,516394.5166,20.71032792,-1,,,,,,,,unassigned,,,,,,,,,,,,
1067,399.1395591,399.1392845,,6291704.913,516416.0165,11.16614708,-1,,,,,,,,unassigned,,,,,,,,,,,,
1072,399.1032344,399.1029598,,6939920.614,516463.0164,12.3165621,-1,,,,,,,,unassigned,,,,,,,,,,,,
1074,399.0855848,399.0853102,,12908187.29,516485.5165,22.90869006,-1,,,,,,,,unassigned,,,,,,,,,,,,
1078,399.0492119,399.0489373,,6137959.041,413226.2132,10.89328797,-1,,,,,,,,unassigned,,,,,,,,,,,,
1084,398.1621209,398.1618474,,9738719.84,517683.7664,17.28370603,-1,,,,,,,,unassigned,,,,,,,,,,,,
1095,397.1587335,397.1584611,,43508318.06,518991.2666,77.21599874,-1,,,,,,,,unassigned,,,,,,,,,,,,
1097,397.1424975,397.1422252,,18791875.29,519012.5164,33.35071277,-1,,,,,,,,unassigned,,,,,,,,,,,,
1101,397.1062837,397.1060114,,19695588.66,415248.0132,34.95457001,-1,,,,,,,,unassigned,,,,,,,,,,,,
1104,397.0699606,397.0696883,,8173054.224,519107.2666,14.50505496,-1,,,,,,,,unassigned,,,,,,,,,,,,
1105,397.0674994,397.0672272,,5435216.409,415288.6132,9.646101761,-1,,,,,,,,unassigned,,,,,,,,,,,,
1110,396.2786133,396.278342,,18722558.28,520144.2664,33.22769302,-1,,,,,,,,unassigned,,,,,,,,,,,,
1118,395.2847528,395.2844826,,7703507.791,521452.0165,13.67173162,-1,,,,,,,,unassigned,,,,,,,,,,,,
1119,395.2751863,395.2749162,,106249028,521464.2663,188.5645131,-1,,,,,,,,unassigned,,,,,,,,,,,,
1123,395.1270781,395.1268081,,7736450.523,417328.0133,13.73019644,-1,,,,,,,,unassigned,,,,,,,,,,,,
1127,395.0879703,395.0877003,,5947971.848,521711.7665,10.55610989,-1,,,,,,,,unassigned,,,,,,,,,,,,
1133,395.0236007,395.0233308,,6439100.257,521796.7666,11.42773565,-1,,,,,,,,unassigned,,,,,,,,,,,,
1142,393.2778467,393.2775789,,448407060.9,524113.0165,795.806425,-1,,,,,,,,unassigned,,,,,,,,,,,,
1145,393.13261,393.1323423,,5699863.044,419445.2132,10.11578101,-1,,,,,,,,unassigned,,,,,,,,,,,,
1147,393.0960879,393.0958202,,7235427.125,524355.0164,12.84100964,-1,,,,,,,,unassigned,,,,,,,,,,,,
1150,393.0748196,393.074552,,5838020.408,524383.7665,10.36097456,-1,,,,,,,,unassigned,,,,,,,,,,,,
1152,393.0595619,393.0592943,,5852961.126,524403.7666,10.38749046,-1,,,,,,,,unassigned,,,,,,,,,,,,
1155,393.0079215,393.0076539,,7458363.197,524473.0166,13.23666345,-1,,,,,,,,unassigned,,,,,,,,,,,,
1162,391.2623392,391.2620737,,5537967.092,526812.5166,9.828457616,-1,,,,,,,,unassigned,,,,,,,,,,,,
1165,391.1530939,391.1528285,,10434586.71,526960.0166,18.51868953,-1,,,,,,,,unassigned,,,,,,,,,,,,
1167,391.1346764,391.134411,,6429833.499,526984.5166,11.41128955,-1,,,,,,,,unassigned,,,,,,,,,,,,
1168,391.1169399,391.1166745,,12647489.27,421606.8132,22.44601858,-1,,,,,,,,unassigned,,,,,,,,,,,,
1170,391.0803121,391.0800468,,10848987.63,527057.7668,19.25414387,-1,,,,,,,,unassigned,,,,,,,,,,,,
1176,391.0439493,391.043684,,6429370.368,527106.7666,11.41046762,-1,,,,,,,,unassigned,,,,,,,,,,,,
1186,389.173978,389.1737148,,8617777.653,529639.5164,15.29432389,-1,,,,,,,,unassigned,,,,,,,,,,,,
1189,389.1375936,389.1373305,,17560952.95,529689.0164,31.16614435,-1,,,,,,,,unassigned,,,,,,,,,,,,
1191,389.1188465,389.1185834,,9644081.692,529714.5165,17.11574782,-1,,,,,,,,unassigned,,,,,,,,,,,,
1197,389.0824638,389.0822008,,5812569.511,529764.0166,10.31580581,-1,,,,,,,,unassigned,,,,,,,,,,,,
1199,389.0648087,389.0645456,,9472406.415,423830.6132,16.81106865,-1,,,,,,,,unassigned,,,,,,,,,,,,
1205,388.1331309,388.1328689,,6012800.917,531059.7665,10.67116471,-1,,,,,,,,unassigned,,,,,,,,,,,,
1207,388.1120246,388.1117627,,5736669.504,531089.0165,10.18110295,-1,,,,,,,,unassigned,,,,,,,,,,,,
1210,387.1580945,387.1578336,,21590303.49,532397.2666,38.31719822,-1,,,,,,,,unassigned,,,,,,,,,,,,
1212,387.1395648,387.139304,,8614363.738,532422.7664,15.28826508,-1,,,,,,,,unassigned,,,,,,,,,,,,
1214,387.1219589,387.1216981,,23978374.49,532447.2665,42.55540588,-1,,,,,,,,unassigned,,,,,,,,,,,,
1217,387.1034207,387.1031599,,5920763.124,532472.7666,10.50782146,-1,,,,,,,,unassigned,,,,,,,,,,,,
1219,387.085547,387.0852862,,15580583.28,532497.0166,27.65150098,-1,,,,,,,,unassigned,,,,,,,,,,,,
1234,385.1790488,385.1787902,,6762810.108,535133.0165,12.00223682,-1,,,,,,,,unassigned,,,,,,,,,,,,
1237,385.1424565,385.142198,,29320711.92,535183.5164,52.03667151,-1,,,,,,,,unassigned,,,,,,,,,,,,
1238,385.1400782,385.1398196,,38277581.63,535187.2665,67.93279601,-1,,,,,,,,unassigned,,,,,,,,,,,,
1240,385.1239398,385.1236813,,7192675.856,535209.2667,12.76513721,-1,,,,,,,,unassigned,,,,,,,,,,,,
1242,385.1063222,385.1060637,,19583033.84,535233.7667,34.75481433,-1,,,,,,,,unassigned,,,,,,,,,,,,
1246,385.0698215,385.069563,,9749528.334,535284.5165,17.3028883,-1,,,,,,,,unassigned,,,,,,,,,,,,
1249,385.0333425,385.0330841,,6912660.454,535335.2665,12.26818238,-1,,,,,,,,unassigned,,,,,,,,,,,,
1253,384.1466359,384.1463785,,14923802.46,536571.2666,26.48588508,-1,,,,,,,,unassigned,,,,,,,,,,,,
1261,383.163194,383.1629377,,11848852.88,430358.6133,21.02864579,-1,,,,,,,,unassigned,,,,,,,,,,,,
1262,383.1431212,383.1428649,,111674102.2,537976.2664,198.1926152,-1,,,,,,,,unassigned,,,,,,,,,,,,
1264,383.1270379,383.1267816,,19803352.49,430399.2132,35.14582289,-1,,,,,,,,unassigned,,,,,,,,,,,,
1267,383.0906076,383.0903514,,13435114.52,538050.0167,23.84384946,-1,,,,,,,,unassigned,,,,,,,,,,,,
1272,383.0515828,383.0513267,,7503132.685,430484.0133,13.3161177,-1,,,,,,,,unassigned,,,,,,,,,,,,
1275,382.9112804,382.9110244,,6145473.063,538302.0165,10.90662341,-1,,,,,,,,unassigned,,,,,,,,,,,,
1287,381.1111386,381.1108847,,17991289.99,540845.0165,31.92988116,-1,,,,,,,,unassigned,,,,,,,,,,,,
1291,381.0750282,381.0747743,,6659862.826,540896.2666,11.81953205,-1,,,,,,,,unassigned,,,,,,,,,,,,
1306,379.1167414,379.1164898,,7461782.367,434952.0131,13.24273159,-1,,,,,,,,unassigned,,,,,,,,,,,,
1310,379.0954824,379.0952307,,7869284.431,543720.2665,13.96594223,-1,,,,,,,,unassigned,,,,,,,,,,,,
1311,379.0828276,379.0825759,,20319847.44,543738.7666,36.06246769,-1,,,,,,,,unassigned,,,,,,,,,,,,
1312,379.0802711,379.0800195,,8899376.61,543742.5164,15.79408913,-1,,,,,,,,unassigned,,,,,,,,,,,,
1320,378.0890864,378.0888359,,8373206.91,545167.5163,14.86027415,-1,,,,,,,,unassigned,,,,,,,,,,,,
1323,377.3915164,377.3912667,,9698192.303,546175.2664,17.21178014,-1,,,,,,,,unassigned,,,,,,,,,,,,
1326,377.1375754,377.137326,,7735056.01,546543.0165,13.72772154,-1,,,,,,,,unassigned,,,,,,,,,,,,
1328,377.1188189,377.1185695,,6910957.735,546570.5165,12.26516049,-1,,,,,,,,unassigned,,,,,,,,,,,,
1333,377.0858094,377.0855601,,61608204.04,546618.0164,109.3386097,-1,,,,,,,,unassigned,,,,,,,,,,,,
1334,377.082535,377.0822856,,5695454.913,546622.7664,10.10795772,-1,,,,,,,,unassigned,,,,,,,,,,,,
1336,377.0648495,377.0646001,,6899179.535,546648.7666,12.24425724,-1,,,,,,,,unassigned,,,,,,,,,,,,
1338,377.0493799,377.0491305,,5425512.698,437336.8132,9.628880185,-1,,,,,,,,unassigned,,,,,,,,,,,,
1339,377.0284022,377.0281529,,4995763.112,546701.2666,8.866185948,-1,,,,,,,,unassigned,,,,,,,,,,,,
1344,376.1120427,376.1117944,,12727444.22,548033.2666,22.58791792,-1,,,,,,,,unassigned,,,,,,,,,,,,
1348,375.1581437,375.1578966,,10311094.79,549426.7664,18.29952336,-1,,,,,,,,unassigned,,,,,,,,,,,,
1350,375.1395138,375.1392666,,7262614.934,549454.0164,12.88926097,-1,,,,,,,,unassigned,,,,,,,,,,,,
1352,375.1218349,375.1215878,,22162210.18,549480.2666,39.3321845,-1,,,,,,,,unassigned,,,,,,,,,,,,
1354,375.1034135,375.1031664,,6938838.214,439605.6132,12.31464112,-1,,,,,,,,unassigned,,,,,,,,,,,,
1356,375.0855939,375.0853468,,16237833.17,549533.0166,28.81794934,-1,,,,,,,,unassigned,,,,,,,,,,,,
1365,374.0810954,374.0808495,,5916428.492,551009.0167,10.50012861,-1,,,,,,,,unassigned,,,,,,,,,,,,
1369,373.1425779,373.142333,,20583587.47,552394.5166,36.53053796,-1,,,,,,,,unassigned,,,,,,,,,,,,
1372,373.1238431,373.1235982,,9325527.509,552422.2665,16.55039663,-1,,,,,,,,unassigned,,,,,,,,,,,,
1374,373.106121,373.1058761,,26639356.02,552448.5168,47.27795909,-1,,,,,,,,unassigned,,,,,,,,,,,,
1377,373.0876952,373.0874504,,5117985.761,552475.7667,9.083099502,-1,,,,,,,,unassigned,,,,,,,,,,,,
1379,373.0699412,373.0696964,,11139713.79,442001.8132,19.77010751,-1,,,,,,,,unassigned,,,,,,,,,,,,
1382,373.0333497,373.0331049,,6135925.133,552556.2664,10.88967831,-1,,,,,,,,unassigned,,,,,,,,,,,,
1392,371.1634183,371.1631756,,11052347.47,555340.0166,19.61505493,-1,,,,,,,,unassigned,,,,,,,,,,,,
1395,371.1268073,371.1265647,,30760780.61,444316.0132,54.59242056,-1,,,,,,,,unassigned,,,,,,,,,,,,
1396,371.1244238,371.1241812,,25060878.71,555398.7665,44.47657058,-1,,,,,,,,unassigned,,,,,,,,,,,,
1399,371.1082997,371.1080571,,5612508.088,555422.5167,9.960748584,-1,,,,,,,,unassigned,,,,,,,,,,,,
1401,371.0906311,371.0903885,,14989494.33,555449.0164,26.60247113,-1,,,,,,,,unassigned,,,,,,,,,,,,
1405,371.0541447,371.0539021,,10077511.25,444403.0132,17.88497305,-1,,,,,,,,unassigned,,,,,,,,,,,,
1406,371.0517014,371.0514589,,5885572.418,370338.1777,10.44536706,-1,,,,,,,,unassigned,,,,,,,,,,,,
1410,371.0177254,371.0174829,,6137257.126,555558.5164,10.89204225,-1,,,,,,,,unassigned,,,,,,,,,,,,
1411,370.9289222,370.9286798,,19562928.63,555691.5164,34.7191328,-1,,,,,,,,unassigned,,,,,,,,,,,,
1413,370.1309419,370.1307004,,10835341.69,556889.5166,19.22992586,-1,,,,,,,,unassigned,,,,,,,,,,,,
1419,369.2503403,369.2500998,,10277225.21,558217.2666,18.23941363,-1,,,,,,,,unassigned,,,,,,,,,,,,
1422,369.1476241,369.1473837,,13614817,446698.2133,24.16277482,-1,,,,,,,,unassigned,,,,,,,,,,,,
1423,369.1276036,369.1273632,,54518412.5,446722.4132,96.75606548,-1,,,,,,,,unassigned,,,,,,,,,,,,
1425,369.1113871,369.1111467,,13760818.33,558427.7665,24.42188939,-1,,,,,,,,unassigned,,,,,,,,,,,,
1430,369.0723488,369.0721085,,8215535.401,558486.5167,14.58044805,-1,,,,,,,,unassigned,,,,,,,,,,,,
1434,369.0386122,369.0383719,,5306988.754,558537.5166,9.418530874,-1,,,,,,,,unassigned,,,,,,,,,,,,
1436,368.2469548,368.2467154,,110790207.9,559738.2664,196.6239316,-1,,,,,,,,unassigned,,,,,,,,,,,,
1444,367.253288,367.2530497,,32439903.65,561252.7664,57.57242916,-1,,,,,,,,unassigned,,,,,,,,,,,,
1445,367.2507985,367.2505602,,12543735.79,561256.5166,22.26188302,-1,,,,,,,,unassigned,,,,,,,,,,,,
1446,367.2443675,367.2441292,,16437990.01,2245066.067,29.17317589,-1,,,,,,,,unassigned,,,,,,,,,,,,
1447,367.2435576,367.2433193,,696096663.9,561268.0166,1235.391335,-1,,,,,,,,unassigned,,,,,,,,,,,,
1453,367.1319658,367.1317276,,9509997.255,561438.5163,16.87778266,-1,,,,,,,,unassigned,,,,,,,,,,,,
1456,367.0957603,367.0955222,,7712070.222,449195.0132,13.68692772,-1,,,,,,,,unassigned,,,,,,,,,,,,
1461,367.0567028,367.0564647,,7120671.971,561553.2667,12.63734896,-1,,,,,,,,unassigned,,,,,,,,,,,,
1465,366.2528475,366.2526103,,7831386.435,562785.7663,13.8986831,-1,,,,,,,,unassigned,,,,,,,,,,,,
1474,365.2465103,365.2462743,,2235302625,564336.7665,3967.083362,-1,,,,,,,,unassigned,,,,,,,,,,,,
1475,365.2451117,365.2448757,,12877590.49,125407.7815,22.85438867,-1,,,,,,,,unassigned,,,,,,,,,,,,
1479,365.1011628,365.1009269,,7954838.519,451649.0132,14.11777859,-1,,,,,,,,unassigned,,,,,,,,,,,,
1482,365.0824635,365.0822277,,6006496.768,564590.0165,10.65997647,-1,,,,,,,,unassigned,,,,,,,,,,,,
1483,365.0798968,365.079661,,6123932.339,564594.0166,10.8683942,-1,,,,,,,,unassigned,,,,,,,,,,,,
1485,365.0646074,365.0643716,,8685105.858,564618.0165,15.41381402,-1,,,,,,,,unassigned,,,,,,,,,,,,
1490,365.012963,365.0127272,,6451170.928,564697.5164,11.44915797,-1,,,,,,,,unassigned,,,,,,,,,,,,
1499,363.1217298,363.1214962,,17877895.89,567639.0164,31.72863601,-1,,,,,,,,unassigned,,,,,,,,,,,,
1502,363.103177,363.1029434,,10739831.82,567668.0164,19.06042056,-1,,,,,,,,unassigned,,,,,,,,,,,,
1503,363.0855364,363.0853028,,14298847.29,567695.5168,25.37675147,-1,,,,,,,,unassigned,,,,,,,,,,,,
1507,363.0490669,363.0488334,,7118142.644,567752.2666,12.63286006,-1,,,,,,,,unassigned,,,,,,,,,,,,
1516,361.1637839,361.1635525,,11844883.64,570716.2665,21.02160141,-1,,,,,,,,unassigned,,,,,,,,,,,,
1517,361.1427024,361.142471,,10257282.29,570749.5165,18.20402011,-1,,,,,,,,unassigned,,,,,,,,,,,,
1519,361.1239226,361.1236912,,8649436.269,570779.2665,15.35050974,-1,,,,,,,,unassigned,,,,,,,,,,,,
1525,361.0875817,361.0873504,,8691304.218,456669.2131,15.42481451,-1,,,,,,,,unassigned,,,,,,,,,,,,
1527,361.0699561,361.0697248,,13599684.56,570864.5166,24.13591866,-1,,,,,,,,unassigned,,,,,,,,,,,,
1530,361.0333382,361.0331069,,7732483.339,456737.8133,13.72315572,-1,,,,,,,,unassigned,,,,,,,,,,,,
1537,360.0806985,360.0804683,,8302533.821,572432.5165,14.73484772,-1,,,,,,,,unassigned,,,,,,,,,,,,
1542,359.1268207,359.1265915,,29514519.96,573953.0163,52.3806306,-1,,,,,,,,unassigned,,,,,,,,,,,,
1545,359.1083631,359.108134,,7105888.491,573982.517,12.61111211,-1,,,,,,,,unassigned,,,,,,,,,,,,
1547,359.0906526,359.0904235,,22587786.06,459208.8133,40.08747149,-1,,,,,,,,unassigned,,,,,,,,,,,,
1551,359.0540529,359.0538239,,10660755.44,574069.2665,18.92008046,-1,,,,,,,,unassigned,,,,,,,,,,,,
1555,359.0178493,359.0176202,,5678850.518,459301.813,10.07848922,-1,,,,,,,,unassigned,,,,,,,,,,,,
1565,357.1478037,357.1475768,,10456727.32,461706.8134,18.55798339,-1,,,,,,,,unassigned,,,,,,,,,,,,
1568,357.111141,357.1109141,,29266027.34,577193.0164,51.93962054,-1,,,,,,,,unassigned,,,,,,,,,,,,
1569,357.1087491,357.1085222,,9303077.924,577196.5165,16.51055443,-1,,,,,,,,unassigned,,,,,,,,,,,,
1573,357.0749665,357.0747397,,13540939.34,461801.0132,24.0316611,-1,,,,,,,,unassigned,,,,,,,,,,,,
1577,357.0385132,357.0382864,,7444389.023,577310.0165,13.21186291,-1,,,,,,,,unassigned,,,,,,,,,,,,
1578,357.0360269,357.0358,,5732560.802,461851.4133,10.17381107,-1,,,,,,,,unassigned,,,,,,,,,,,,
1586,355.8926785,355.8924529,,14318806.81,579168.7665,25.41217445,-1,,,,,,,,unassigned,,,,,,,,,,,,
1590,355.1320373,355.1318126,,10758178.62,580409.2663,19.09298138,-1,,,,,,,,unassigned,,,,,,,,,,,,
1592,355.1117033,355.1114786,,24484012.04,580442.5163,43.45278162,-1,,,,,,,,unassigned,,,,,,,,,,,,
1594,355.0955311,355.0953065,,17120866.21,580469.2666,30.38510433,-1,,,,,,,,unassigned,,,,,,,,,,,,
1597,355.0593606,355.0591359,,8327685.885,580528.0166,14.77948612,-1,,,,,,,,unassigned,,,,,,,,,,,,
1598,355.0569082,355.0566836,,6003718.344,464425.8133,10.65504549,-1,,,,,,,,unassigned,,,,,,,,,,,,
1601,355.0227509,355.0225263,,6120700.398,580588.2666,10.86265835,-1,,,,,,,,unassigned,,,,,,,,,,,,
1618,353.0799027,353.0796803,,9103605.639,583783.0164,16.15654277,-1,,,,,,,,unassigned,,,,,,,,,,,,
1619,353.0774727,353.0772503,,6080824.774,583787.0167,10.79188944,-1,,,,,,,,unassigned,,,,,,,,,,,,
1631,351.2309508,351.2307305,,6687452.588,586855.7665,11.86849673,-1,,,,,,,,unassigned,,,,,,,,,,,,
1636,351.1217477,351.1215275,,9426389.076,587038.2667,16.72939979,-1,,,,,,,,unassigned,,,,,,,,,,,,
1639,351.1033711,351.1031509,,6593332.66,587069.0165,11.70145823,-1,,,,,,,,unassigned,,,,,,,,,,,,
1640,351.0855487,351.0853285,,8442124.121,469679.2132,14.98258436,-1,,,,,,,,unassigned,,,,,,,,,,,,
1644,351.0489677,351.0487475,,6102234.169,587160.0167,10.82988557,-1,,,,,,,,unassigned,,,,,,,,,,,,
1647,350.283325,350.2831057,,12132448.06,588443.7665,21.53195379,-1,,,,,,,,unassigned,,,,,,,,,,,,
1654,349.2763185,349.2761003,,5338659.581,590140.0164,9.474738393,-1,,,,,,,,unassigned,,,,,,,,,,,,
1658,349.106188,349.10597,,25019873.87,590427.5166,44.40379761,-1,,,,,,,,unassigned,,,,,,,,,,,,
1662,349.0874714,349.0872534,,11480261.55,590459.2668,20.37449161,-1,,,,,,,,unassigned,,,,,,,,,,,,
1663,349.0697559,349.0695379,,12835837.3,590489.5165,22.78028757,-1,,,,,,,,unassigned,,,,,,,,,,,,
1676,347.1268954,347.1266795,,15621828.94,593794.5164,27.72470133,-1,,,,,,,,unassigned,,,,,,,,,,,,
1679,347.1084208,347.108205,,6349054.557,593825.7663,11.26792785,-1,,,,,,,,unassigned,,,,,,,,,,,,
1681,347.0905839,347.0903681,,28359370.66,593856.2666,50.3305397,-1,,,,,,,,unassigned,,,,,,,,,,,,
1685,347.0718043,347.0715885,,7893025.011,593888.7665,14.00807562,-1,,,,,,,,unassigned,,,,,,,,,,,,
1687,347.0540486,347.0538328,,10681439.94,593918.7664,18.95679009,-1,,,,,,,,unassigned,,,,,,,,,,,,
1689,346.1378242,346.1376095,,5878341.193,595491.2666,10.43253351,-1,,,,,,,,unassigned,,,,,,,,,,,,
1692,346.0650497,346.064835,,6684329.158,595616.5163,11.86295345,-1,,,,,,,,unassigned,,,,,,,,,,,,
1695,345.1475726,345.147359,,8728798.198,597199.7663,15.49135661,-1,,,,,,,,unassigned,,,,,,,,,,,,
1698,345.1113295,345.1111159,,22497987.09,477809.8131,39.92810158,-1,,,,,,,,unassigned,,,,,,,,,,,,
1701,345.0925548,345.0923413,,7875838.415,477835.8132,13.97757386,-1,,,,,,,,unassigned,,,,,,,,,,,,
1703,345.0748125,345.0745989,,23598726.61,597325.2666,41.88162921,-1,,,,,,,,unassigned,,,,,,,,,,,,
1707,345.0385356,345.038322,,5946667.019,477910.6132,10.55379416,-1,,,,,,,,unassigned,,,,,,,,,,,,
1717,343.1318681,343.1316567,,13887705.56,480566.2134,24.64708136,-1,,,,,,,,unassigned,,,,,,,,,,,,
1720,343.0957307,343.0955194,,17810831.4,480616.8133,31.6096139,-1,,,,,,,,unassigned,,,,,,,,,,,,
1724,343.0591013,343.05889,,13826332.13,600835.0168,24.53815941,-1,,,,,,,,unassigned,,,,,,,,,,,,
1728,342.1640632,342.1638528,,6328692.021,602407.0162,11.23178962,-1,,,,,,,,unassigned,,,,,,,,,,,,
1739,341.1164449,341.1162357,,8142193.819,604256.7664,14.45028573,-1,,,,,,,,unassigned,,,,,,,,,,,,
1743,341.0798405,341.0796313,,14610722.93,604322.0165,25.93024999,-1,,,,,,,,unassigned,,,,,,,,,,,,
1746,341.0436886,341.0434795,,6119353.669,604386.0167,10.86026825,-1,,,,,,,,unassigned,,,,,,,,,,,,
1749,340.9790377,340.9788287,,6516443.263,604500.2667,11.56499946,-1,,,,,,,,unassigned,,,,,,,,,,,,
1750,340.2157327,340.2155245,,9495783.99,605856.5165,16.8525578,-1,,,,,,,,unassigned,,,,,,,,,,,,
1751,340.2063021,340.2060939,,7051579.345,605873.2664,12.51472744,-1,,,,,,,,unassigned,,,,,,,,,,,,
1753,340.1994139,340.1992057,,11268298.1,605885.5167,19.99831137,-1,,,,,,,,unassigned,,,,,,,,,,,,
1760,339.2124554,339.2122483,,49843831.15,607648.7666,88.459894,-1,,,,,,,,unassigned,,,,,,,,,,,,
1761,339.2019172,339.2017101,,6062466.993,810223.3552,10.75930913,-1,,,,,,,,unassigned,,,,,,,,,,,,
1763,339.1994289,339.1992218,,47761555.45,220970.7333,84.76439381,-1,,,,,,,,unassigned,,,,,,,,,,,,
1764,339.1988296,339.1986225,,10429448.73,121533.7533,18.50957095,-1,,,,,,,,unassigned,,,,,,,,,,,,
1770,339.0643,339.0640931,,6969343.295,607914.2666,12.36877975,-1,,,,,,,,unassigned,,,,,,,,,,,,
1773,338.2188124,338.2186064,,27054146.46,609434.0164,48.01410472,-1,,,,,,,,unassigned,,,,,,,,,,,,
1782,337.215381,337.2151761,,183141053.3,611247.0165,325.027948,-1,,,,,,,,unassigned,,,,,,,,,,,,
1787,337.1429213,337.1427165,,7735864.199,407586.1778,13.72915587,-1,,,,,,,,unassigned,,,,,,,,,,,,
1789,337.1061996,337.1059948,,6511266.899,489156.2132,11.55581275,-1,,,,,,,,unassigned,,,,,,,,,,,,
1793,337.0697375,337.0695328,,7204742.222,611511.5169,12.78655189,-1,,,,,,,,unassigned,,,,,,,,,,,,
1797,337.0180003,337.0177956,,5539172.071,489284.2132,9.830596143,-1,,,,,,,,unassigned,,,,,,,,,,,,
1798,336.231326,336.2311222,,7059666.594,613036.0161,12.52908021,-1,,,,,,,,unassigned,,,,,,,,,,,,
1806,335.127015,335.1268124,,12756915.64,492045.0131,22.64022206,-1,,,,,,,,unassigned,,,,,,,,,,,,
1808,335.1082075,335.1080049,,11508540.12,615091.0166,20.42467876,-1,,,,,,,,unassigned,,,,,,,,,,,,
1809,335.0904065,335.0902039,,18962912.18,615123.2666,33.65425897,-1,,,,,,,,unassigned,,,,,,,,,,,,
1813,335.054202,335.0539994,,6519689.104,615189.7666,11.57075999,-1,,,,,,,,unassigned,,,,,,,,,,,,
1819,334.0695039,334.0693024,,5282037.214,493602.6133,9.374248353,-1,,,,,,,,unassigned,,,,,,,,,,,,
1822,333.2205237,333.2203232,,6850170.299,494860.2133,12.15727853,-1,,,,,,,,unassigned,,,,,,,,,,,,
1826,333.1111463,333.1109459,,40919372.49,618778.5166,72.62129073,-1,,,,,,,,unassigned,,,,,,,,,,,,
1829,333.0925932,333.0923928,,9824947.985,618813.0164,17.43673866,-1,,,,,,,,unassigned,,,,,,,,,,,,
1831,333.0749843,333.0747839,,15530379.49,618845.7665,27.56240225,-1,,,,,,,,unassigned,,,,,,,,,,,,
1835,333.0383862,333.0381858,,7916607.007,618913.7667,14.04992755,-1,,,,,,,,unassigned,,,,,,,,,,,,
1840,331.4031017,331.4029031,,7640555.657,621967.7664,13.56000789,-1,,,,,,,,unassigned,,,,,,,,,,,,
1843,331.1320284,331.1318301,,8477950.611,622476.5166,15.0461671,-1,,,,,,,,unassigned,,,,,,,,,,,,
1847,331.0955321,331.0953339,,39841840.95,622545.5167,70.70895126,-1,,,,,,,,unassigned,,,,,,,,,,,,
1850,331.0769047,331.0767065,,7912712.657,622580.5166,14.04301609,-1,,,,,,,,unassigned,,,,,,,,,,,,
1852,331.0593081,331.0591099,,10562207.32,622613.2664,18.74518307,-1,,,,,,,,unassigned,,,,,,,,,,,,
1855,331.0227313,331.0225332,,6124538.522,622682.0168,10.86947002,-1,,,,,,,,unassigned,,,,,,,,,,,,
1860,330.0382786,330.0380815,,5627988.761,624539.7666,9.98822277,-1,,,,,,,,unassigned,,,,,,,,,,,,
1862,329.1526755,329.1524793,,9975337.666,626219.7665,17.7036414,-1,,,,,,,,unassigned,,,,,,,,,,,,
1865,329.1163325,329.1161364,,11674130.23,626289.2666,20.71855833,-1,,,,,,,,unassigned,,,,,,,,,,,,
1869,329.0799709,329.0797749,,17591568.79,501086.6133,31.22047954,-1,,,,,,,,unassigned,,,,,,,,,,,,
1873,329.043468,329.043272,,8515761.333,626428.0163,15.11327134,-1,,,,,,,,unassigned,,,,,,,,,,,,
1883,328.0589458,328.0587509,,5767128.309,502646.2133,10.23515944,-1,,,,,,,,unassigned,,,,,,,,,,,,
1889,327.1006277,327.1004338,,10402045.45,504118.8132,18.46093723,-1,,,,,,,,unassigned,,,,,,,,,,,,
1894,327.064369,327.0641752,,8576315.317,630218.5165,15.22073898,-1,,,,,,,,unassigned,,,,,,,,,,,,
1897,327.0278209,327.0276271,,6384652.68,630289.0164,11.3311053,-1,,,,,,,,unassigned,,,,,,,,,,,,
1899,326.7596381,326.7594446,,5658314.464,630806.2664,10.04204304,-1,,,,,,,,unassigned,,,,,,,,,,,,
1900,326.1906576,326.1904647,,16619096.49,631906.2664,29.49459301,-1,,,,,,,,unassigned,,,,,,,,,,,,
1902,326.1837772,326.1835843,,31383199.59,505535.8133,55.69705307,-1,,,,,,,,unassigned,,,,,,,,,,,,
1910,325.1860766,325.1858848,,16491626.63,845144.6886,29.26836702,-1,,,,,,,,unassigned,,,,,,,,,,,,
1912,325.1832577,325.1830659,,30723095.75,1267728.532,54.52553969,-1,,,,,,,,unassigned,,,,,,,,,,,,
1917,325.0850975,325.0849058,,5397067.833,634055.2664,9.578397915,-1,,,,,,,,unassigned,,,,,,,,,,,,
1920,325.0485221,325.0483304,,5776537.073,634127.0166,10.25185756,-1,,,,,,,,unassigned,,,,,,,,,,,,
1923,324.2491648,324.248974,,7139094.417,635690.2665,12.67004403,-1,,,,,,,,unassigned,,,,,,,,,,,,
1934,323.1066102,323.1064206,,6574008.101,510350.4131,11.66716214,-1,,,,,,,,unassigned,,,,,,,,,,,,
1935,323.0904782,323.0902887,,5620735.805,637970.0164,9.975350651,-1,,,,,,,,unassigned,,,,,,,,,,,,
1941,322.2519815,322.2517929,,23602792.13,639630.0167,41.88884446,-1,,,,,,,,unassigned,,,,,,,,,,,,
1948,321.1475767,321.1473893,,5298565.674,641829.2666,9.403582089,-1,,,,,,,,unassigned,,,,,,,,,,,,
1950,321.111307,321.1111196,,7899643.141,641901.7665,14.01982108,-1,,,,,,,,unassigned,,,,,,,,,,,,
1952,321.0747357,321.0745483,,11591624.34,641975.2665,20.57213174,-1,,,,,,,,unassigned,,,,,,,,,,,,
1959,320.0538981,320.0537118,,5251518.528,644022.5167,9.320085587,-1,,,,,,,,unassigned,,,,,,,,,,,,
1960,320.0494157,320.0492294,,5402256.816,644031.5169,9.587607017,-1,,,,,,,,unassigned,,,,,,,,,,,,
1961,319.2412462,319.2410608,,12868201.67,645662.2666,22.83772594,-1,,,,,,,,unassigned,,,,,,,,,,,,
1963,319.1318954,319.1317101,,14578893.97,645883.5167,25.87376181,-1,,,,,,,,unassigned,,,,,,,,,,,,
1965,319.1134654,319.1132802,,5853168.402,645920.5166,10.38785833,-1,,,,,,,,unassigned,,,,,,,,,,,,
1966,319.0955411,319.0953559,,17119640.74,645956.7665,30.38292944,-1,,,,,,,,unassigned,,,,,,,,,,,,
1969,319.0768865,319.0767013,,6033110.719,645994.5162,10.70720935,-1,,,,,,,,unassigned,,,,,,,,,,,,
1971,319.0592831,319.0590979,,8273267.341,646030.5164,14.68290729,-1,,,,,,,,unassigned,,,,,,,,,,,,
1975,317.2255788,317.2253956,,6418745.766,649764.5167,11.3916117,-1,,,,,,,,unassigned,,,,,,,,,,,,
1979,317.1163004,317.1161173,,22710112,649988.7666,40.30456836,-1,,,,,,,,unassigned,,,,,,,,,,,,
1982,317.0798756,317.0796926,,17313948.14,520050.6132,30.72777477,-1,,,,,,,,unassigned,,,,,,,,,,,,
1985,317.0436351,317.0434521,,5437021.239,520110.0132,9.649304866,-1,,,,,,,,unassigned,,,,,,,,,,,,
1988,316.0755832,316.0754012,,7422230.311,652128.5164,13.17253693,-1,,,,,,,,unassigned,,,,,,,,,,,,
1989,316.0590967,316.0589148,,5083373.061,521730.2132,9.021670923,-1,,,,,,,,unassigned,,,,,,,,,,,,
1993,315.1005608,315.1003798,,21606695.07,654146.5166,38.34628903,-1,,,,,,,,unassigned,,,,,,,,,,,,
1997,315.0643317,315.0641508,,7819877.999,654222.0167,13.87825861,-1,,,,,,,,unassigned,,,,,,,,,,,,
2000,315.0278331,315.0276522,,5176921.432,654297.5166,9.187695057,-1,,,,,,,,unassigned,,,,,,,,,,,,
2013,313.0850033,313.0848245,,9230407.758,658358.0164,16.3815837,-1,,,,,,,,unassigned,,,,,,,,,,,,
2016,313.0485764,313.0483977,,5732826.943,658434.2667,10.1742834,-1,,,,,,,,unassigned,,,,,,,,,,,,
2021,312.1682883,312.1681106,,13017636.4,660291.0166,23.1029339,-1,,,,,,,,unassigned,,,,,,,,,,,,
2026,311.1810586,311.1808819,,5681257.426,529908.8132,10.08276086,-1,,,,,,,,unassigned,,,,,,,,,,,,
2028,311.1676125,311.1674358,,16273541.23,115201.742,28.8813219,-1,,,,,,,,unassigned,,,,,,,,,,,,
2040,309.1840117,309.1838371,,13489055.59,666664.2667,23.9395809,-1,,,,,,,,unassigned,,,,,,,,,,,,
2054,307.0956354,307.095463,,6451806.187,536958.4132,11.45028539,-1,,,,,,,,unassigned,,,,,,,,,,,,
2057,307.0591277,307.0589554,,6804398.103,671278.0164,12.07604474,-1,,,,,,,,unassigned,,,,,,,,,,,,
2063,305.1162152,305.116045,,7148869.418,675552.5167,12.68739213,-1,,,,,,,,unassigned,,,,,,,,,,,,
2065,305.0799739,305.0798037,,9889168.751,675632.7666,17.55071389,-1,,,,,,,,unassigned,,,,,,,,,,,,
2071,303.1369664,303.1367983,,7576581.558,679963.0166,13.44647043,-1,,,,,,,,unassigned,,,,,,,,,,,,
2074,303.1005736,303.1004054,,10326059.29,680045.0166,18.32608146,-1,,,,,,,,unassigned,,,,,,,,,,,,
2077,303.0643276,303.0641595,,6662093.45,680126.0168,11.82349083,-1,,,,,,,,unassigned,,,,,,,,,,,,
2084,301.1213279,301.1211619,,6359023.34,684514.5169,11.28561986,-1,,,,,,,,unassigned,,,,,,,,,,,,
2087,301.0850487,301.0848827,,5928768.132,684597.0165,10.52202827,-1,,,,,,,,unassigned,,,,,,,,,,,,
2095,300.0640173,300.0638525,,5370445.655,686926.5166,9.531150444,-1,,,,,,,,unassigned,,,,,,,,,,,,
2130,293.2067878,293.2066302,,9185100.205,702992.0164,16.30117452,-1,,,,,,,,unassigned,,,,,,,,,,,,
2137,291.20986,291.2097044,,27233803.61,707812.2666,48.33294962,-1,,,,,,,,unassigned,,,,,,,,,,,,
2143,290.0433005,290.0431462,,6063637.075,710659.5164,10.76138572,-1,,,,,,,,unassigned,,,,,,,,,,,,
2158,286.0483451,286.048195,,6078286.359,720584.2666,10.78738441,-1,,,,,,,,unassigned,,,,,,,,,,,,
2161,285.1263155,285.1261664,,7096848.246,722914.7664,12.59506802,-1,,,,,,,,unassigned,,,,,,,,,,,,
2167,285.017328,285.017179,,12098290.28,723191.2666,21.47133259,-1,,,,,,,,unassigned,,,,,,,,,,,,
2178,283.0204032,283.0202563,,27892889.61,728293.5164,49.50265663,-1,,,,,,,,unassigned,,,,,,,,,,,,
2194,278.0432488,278.043107,,6004767.977,741330.7667,10.65690832,-1,,,,,,,,unassigned,,,,,,,,,,,,
2205,274.0483901,274.0482524,,6272985.01,752137.0168,11.1329241,-1,,,,,,,,unassigned,,,,,,,,,,,,
2206,273.1441848,273.1440481,,8933851.014,603701.6133,15.85527227,-1,,,,,,,,unassigned,,,,,,,,,,,,
2214,271.1470914,271.1469568,,27405433.99,760185.2666,48.63754911,-1,,,,,,,,unassigned,,,,,,,,,,,,
2220,270.7981809,270.7980466,,7951138.625,608931.6132,14.11121223,-1,,,,,,,,unassigned,,,,,,,,,,,,
2223,269.1313901,269.1312575,,5381504.609,765878.7664,9.550777223,-1,,,,,,,,unassigned,,,,,,,,,,,,
2228,268.8010402,268.800908,,14263530.95,766820.0163,25.31407411,-1,,,,,,,,unassigned,,,,,,,,,,,,
2237,266.8040469,266.8039167,,7937924.508,772559.2662,14.0877606,-1,,,,,,,,unassigned,,,,,,,,,,,,
2250,262.0483597,262.0482344,,5561432.355,786579.7665,9.870102383,-1,,,,,,,,unassigned,,,,,,,,,,,,
2251,261.9419093,261.9417841,,14092477.32,786899.7664,25.01049822,-1,,,,,,,,unassigned,,,,,,,,,,,,
2290,248.0801214,248.0800103,,18970342.57,830868.7666,33.66744598,-1,,,,,,,,unassigned,,,,,,,,,,,,
2320,234.984073,234.9839751,,6666799.784,877174.0164,11.83184335,-1,,,,,,,,unassigned,,,,,,,,,,,,
2348,217.0484957,217.0484154,,11608392.44,949658.7663,20.60189076,-1,,,,,,,,unassigned,,,,,,,,,,,,
2349,217.0299015,217.0298212,,6487421.829,949739.7662,11.51349393,-1,,,,,,,,unassigned,,,,,,,,,,,,
2350,215.0329053,215.032827,,15794777.19,958560.0165,28.03163969,-1,,,,,,,,unassigned,,,,,,,,,,,,
2356,187.0379284,187.0378771,,6583438.551,1102033.267,11.68389875,-1,,,,,,,,unassigned,,,,,,,,,,,,
2357,183.6223113,183.6222632,,5590086.943,1122532.516,9.920956856,-1,,,,,,,,unassigned,,,,,,,,,,,,
2358,183.1254919,183.1254443,,6455393.312,900462.2132,11.4566516,-1,,,,,,,,unassigned,,,,,,,,,,,,
2359,174.8290484,174.8290086,,11955663.95,1178991.767,21.21820778,-1,,,,,,,,unassigned,,,,,,,,,,,,
2360,174.8272729,174.8272331,,5874823.088,943202.8126,10.42628979,-1,,,,,,,,unassigned,,,,,,,,,,,,
2361,172.8320298,172.8319918,,9902040.807,1192614.266,17.57355845,-1,,,,,,,,unassigned,,,,,,,,,,,,
2362,172.8302714,172.8302335,,13748699.2,681500.581,24.40038107,-1,,,,,,,,unassigned,,,,,,,,,,,,
2363,170.8333655,170.8333295,,22044149.87,689467.4377,39.12265802,-1,,,,,,,,unassigned,,,,,,,,,,,,
2364,169.6004919,169.600457,,28664636.25,1215338.516,50.87230707,-1,,,,,,,,unassigned,,,,,,,,,,,,
2365,169.6000254,169.5999905,,15312379.1,1215341.516,27.175508,-1,,,,,,,,unassigned,,,,,,,,,,,,
2366,168.8362839,168.8362497,,25140355.14,1220839.517,44.61762067,-1,,,,,,,,unassigned,,,,,,,,,,,,
2367,163.0942861,163.0942573,,11173659.34,1263820.767,19.83035209,-1,,,,,,,,unassigned,,,,,,,,,,,,
2368,163.0938604,163.0938316,,5155856.19,1011059.413,9.150309707,-1,,,,,,,,unassigned,,,,,,,,,,,,
2369,162.5926071,162.5925787,,60560407.29,1267720.267,107.4790418,-1,,,,,,,,unassigned,,,,,,,,,,,,
2370,162.5921812,162.5921528,,30509661.77,1014179.013,54.14674963,-1,,,,,,,,unassigned,,,,,,,,,,,,
2371,155.5848268,155.5848049,,17949571.74,1324820.766,31.85584207,-1,,,,,,,,unassigned,,,,,,,,,,,,
2372,155.5844248,155.5844029,,8586533.088,1059859.212,15.23887288,-1,,,,,,,,unassigned,,,,,,,,,,,,
2373,131.0931589,131.0931592,,30929737.98,1572332.265,54.89227613,-1,,,,,,,,unassigned,,,,,,,,,,,,
2374,122.4149921,122.4150002,,42610782.56,1683797.016,75.62310564,-1,,,,,,,,unassigned,,,,,,,,,,,,
2375,122.0837583,122.0837666,,9619316.703,964779.8666,17.07179637,-1,,,,,,,,unassigned,,,,,,,,,,,,
2376,121.7493048,121.7493134,,157081379.3,1693003.518,278.7787744,-1,,,,,,,,unassigned,,,,,,,,,,,,
2377,118.3682942,118.3683058,,5461683.56,1741361.266,9.6930741,-1,,,,,,,,unassigned,,,,,,,,,,,,
2378,113.4015312,113.4015472,,12252540.17,1454103.611,21.74508619,-1,,,,,,,,unassigned,,,,,,,,,,,,
2379,113.0670751,113.0670913,,51187226.13,1215337.011,90.84407223,-1,,,,,,,,unassigned,,,,,,,,,,,,
2380,113.0366276,113.0366439,,6329318.203,1458797.812,11.23290093,-1,,,,,,,,unassigned,,,,,,,,,,,,
2381,112.405534,112.4055508,,7036212.594,1833735.266,12.48745543,-1,,,,,,,,unassigned,,,,,,,,,,,,
2382,112.3768539,112.3768708,,6143612.501,1834203.267,10.9033214,-1,,,,,,,,unassigned,,,,,,,,,,,,
2383,108.7296155,108.7296356,,44401858.09,1895730.016,78.80180094,-1,,,,,,,,unassigned,,,,,,,,,,,,
2384,108.395166,108.3951864,,213739137.2,1521263.214,379.331624,-1,,,,,,,,unassigned,,,,,,,,,,,,
2385,104.0577817,104.0578058,,6219350.334,2641122.023,11.03773644,-1,,,,,,,,unassigned,,,,,,,,,,,,
2386,103.7232791,103.7233036,,29303580.79,1324819.346,52.0062682,-1,,,,,,,,unassigned,,,,,,,,,,,,
