category,formula,C,H,O,N,S,P,H/C,O/C,N/C,S/C,P/C,N/P,weights
amino_sugar,C6H13NO5,6,13,5,1,0,0,2.1666666666666665,0.8333333333333334,0.16666666666666666,0.0,0.0,inf,19.57843137254902
amino_sugar,C8H15NO6,8,15,6,1,0,0,1.875,0.75,0.125,0.0,0.0,inf,19.57843137254902
amino_sugar,C8H15NO6,8,15,6,1,0,0,1.875,0.75,0.125,0.0,0.0,inf,19.57843137254902
amino_sugar,C6H13NO5,6,13,5,1,0,0,2.1666666666666665,0.8333333333333334,0.16666666666666666,0.0,0.0,inf,19.57843137254902
amino_sugar,C6H13NO5,6,13,5,1,0,0,2.1666666666666665,0.8333333333333334,0.16666666666666666,0.0,0.0,inf,19.57843137254902
amino_sugar,C6H13NO5,6,13,5,1,0,0,2.1666666666666665,0.8333333333333334,0.16666666666666666,0.0,0.0,inf,19.57843137254902
amino_sugar,C6H13NO5,6,13,5,1,0,0,2.1666666666666665,0.8333333333333334,0.16666666666666666,0.0,0.0,inf,19.57843137254902
amino_sugar,C8H15NO6,8,15,6,1,0,0,1.875,0.75,0.125,0.0,0.0,inf,19.57843137254902
amino_sugar,C5H11NO4,5,11,4,1,0,0,2.2,0.8,0.2,0.0,0.0,inf,19.57843137254902
amino_sugar,C8H17NO3,8,17,3,1,0,0,2.125,0.375,0.125,0.0,0.0,inf,19.57843137254902
amino_sugar,C6H13NO5,6,13,5,1,0,0,2.1666666666666665,0.8333333333333334,0.16666666666666666,0.0,0.0,inf,19.57843137254902
amino_sugar,C6H13NO5,6,13,5,1,0,0,2.1666666666666665,0.8333333333333334,0.16666666666666666,0.0,0.0,inf,19.57843137254902
amino_sugar,C6H13NO5,6,13,5,1,0,0,2.1666666666666665,0.8333333333333334,0.16666666666666666,0.0,0.0,inf,19.57843137254902
amino_sugar,C8H18N6O4,8,18,4,6,0,0,2.25,0.5,0.75,0.0,0.0,inf,19.57843137254902
amino_sugar,C7H15NO5,7,15,5,1,0,0,2.142857142857143,0.7142857142857143,0.14285714285714285,0.0,0.0,inf,19.57843137254902
amino_sugar,C8H17NO3,8,17,3,1,0,0,2.125,0.375,0.125,0.0,0.0,inf,19.57843137254902
amino_sugar,C6H14NO8P,6,14,8,1,0,1,2.3333333333333335,1.3333333333333333,0.16666666666666666,0.0,0.16666666666666666,1.0,19.57843137254902
amino_sugar,C8H15NO6,8,15,6,1,0,0,1.875,0.75,0.125,0.0,0.0,inf,19.57843137254902
amino_sugar,C8H15NO6,8,15,6,1,0,0,1.875,0.75,0.125,0.0,0.0,inf,19.57843137254902
amino_sugar,C9H18N2O6,9,18,6,2,0,0,2.0,0.6666666666666666,0.2222222222222222,0.0,0.0,inf,19.57843137254902
amino_sugar,C9H18N2O6,9,18,6,2,0,0,2.0,0.6666666666666666,0.2222222222222222,0.0,0.0,inf,19.57843137254902
amino_sugar,C9H18N2O6,9,18,6,2,0,0,2.0,0.6666666666666666,0.2222222222222222,0.0,0.0,inf,19.57843137254902
amino_sugar,C13H22N2O8,13,22,8,2,0,0,1.6923076923076923,0.6153846153846154,0.15384615384615385,0.0,0.0,inf,19.57843137254902
amino_sugar,C11H19NO8,11,19,8,1,0,0,1.7272727272727273,0.7272727272727273,0.09090909090909091,0.0,0.0,inf,19.57843137254902
amino_sugar,C6H14N2O3,6,14,3,2,0,0,2.3333333333333335,0.5,0.3333333333333333,0.0,0.0,inf,19.57843137254902
amino_sugar,C8H15NO6,8,15,6,1,0,0,1.875,0.75,0.125,0.0,0.0,inf,19.57843137254902
amino_sugar,C11H19NO10,11,19,10,1,0,0,1.7272727272727273,0.9090909090909091,0.09090909090909091,0.0,0.0,inf,19.57843137254902
amino_sugar,C8H15NO5,8,15,5,1,0,0,1.875,0.625,0.125,0.0,0.0,inf,19.57843137254902
amino_sugar,C8H15NO5,8,15,5,1,0,0,1.875,0.625,0.125,0.0,0.0,inf,19.57843137254902
amino_sugar,C8H15NO5,8,15,5,1,0,0,1.875,0.625,0.125,0.0,0.0,inf,19.57843137254902
amino_sugar,C8H15NO5,8,15,5,1,0,0,1.875,0.625,0.125,0.0,0.0,inf,19.57843137254902
amino_sugar,C8H15NO5,8,15,5,1,0,0,1.875,0.625,0.125,0.0,0.0,inf,19.57843137254902
amino_sugar,C8H15NO6,8,15,6,1,0,0,1.875,0.75,0.125,0.0,0.0,inf,19.57843137254902
amino_sugar,C11H19NO9,11,19,9,1,0,0,1.7272727272727273,0.8181818181818182,0.09090909090909091,0.0,0.0,inf,19.57843137254902
amino_sugar,C9H11NO7,9,11,7,1,0,0,1.2222222222222223,0.7777777777777778,0.1111111111111111,0.0,0.0,inf,19.57843137254902
amino_sugar,C9H18NO10P,9,18,10,1,0,1,2.0,1.1111111111111112,0.1111111111111111,0.0,0.1111111111111111,1.0,19.57843137254902
amino_sugar,C6H13NO5,6,13,5,1,0,0,2.1666666666666665,0.8333333333333334,0.16666666666666666,0.0,0.0,inf,19.57843137254902
amino_sugar,C8H15NO6,8,15,6,1,0,0,1.875,0.75,0.125,0.0,0.0,inf,19.57843137254902
amino_sugar,C6H13NO5,6,13,5,1,0,0,2.1666666666666665,0.8333333333333334,0.16666666666666666,0.0,0.0,inf,19.57843137254902
amino_sugar,C6H13NO5,6,13,5,1,0,0,2.1666666666666665,0.8333333333333334,0.16666666666666666,0.0,0.0,inf,19.57843137254902
amino_sugar,C11H19NO9,11,19,9,1,0,0,1.7272727272727273,0.8181818181818182,0.09090909090909091,0.0,0.0,inf,19.57843137254902
amino_sugar,C6H10N2O4,6,10,4,2,0,0,1.6666666666666667,0.6666666666666666,0.3333333333333333,0.0,0.0,inf,19.57843137254902
amino_sugar,C17H26N4O11,17,26,11,4,0,0,1.5294117647058822,0.6470588235294118,0.23529411764705882,0.0,0.0,inf,19.57843137254902
amino_sugar,C6H13NO3,6,13,3,1,0,0,2.1666666666666665,0.5,0.16666666666666666,0.0,0.0,inf,19.57843137254902
amino_sugar,C6H14NO4,6,14,4,1,0,0,2.3333333333333335,0.6666666666666666,0.16666666666666666,0.0,0.0,inf,19.57843137254902
amino_sugar,C6H14N2O6,6,14,6,2,0,0,2.3333333333333335,1.0,0.3333333333333333,0.0,0.0,inf,19.57843137254902
amino_sugar,C6H11NO6,6,11,6,1,0,0,1.8333333333333333,1.0,0.16666666666666666,0.0,0.0,inf,19.57843137254902
amino_sugar,C6H11NO6,6,11,6,1,0,0,1.8333333333333333,1.0,0.16666666666666666,0.0,0.0,inf,19.57843137254902
amino_sugar,C6H11NO6,6,11,6,1,0,0,1.8333333333333333,1.0,0.16666666666666666,0.0,0.0,inf,19.57843137254902
amino_sugar,C6H13NO4,6,13,4,1,0,0,2.1666666666666665,0.6666666666666666,0.16666666666666666,0.0,0.0,inf,19.57843137254902
amino_sugar,C9H17NO8,9,17,8,1,0,0,1.8888888888888888,0.8888888888888888,0.1111111111111111,0.0,0.0,inf,19.57843137254902
carbohydrate,C4H8O4,4,8,4,0,0,0,2.0,1.0,0.0,0.0,0.0,,12.639240506329115
carbohydrate,C6H12O5,6,12,5,0,0,0,2.0,0.8333333333333334,0.0,0.0,0.0,,12.639240506329115
carbohydrate,C7H14O7,7,14,7,0,0,0,2.0,1.0,0.0,0.0,0.0,,12.639240506329115
carbohydrate,C4H8O4,4,8,4,0,0,0,2.0,1.0,0.0,0.0,0.0,,12.639240506329115
carbohydrate,C6H10O7,6,10,7,0,0,0,1.6666666666666667,1.1666666666666667,0.0,0.0,0.0,,12.639240506329115
carbohydrate,C5H10O5,5,10,5,0,0,0,2.0,1.0,0.0,0.0,0.0,,12.639240506329115
carbohydrate,C5H10O5,5,10,5,0,0,0,2.0,1.0,0.0,0.0,0.0,,12.639240506329115
carbohydrate,C6H10O7,6,10,7,0,0,0,1.6666666666666667,1.1666666666666667,0.0,0.0,0.0,,12.639240506329115
carbohydrate,C6H12O5,6,12,5,0,0,0,2.0,0.8333333333333334,0.0,0.0,0.0,,12.639240506329115
carbohydrate,C5H10O5,5,10,5,0,0,0,2.0,1.0,0.0,0.0,0.0,,12.639240506329115
carbohydrate,C6H12O5,6,12,5,0,0,0,2.0,0.8333333333333334,0.0,0.0,0.0,,12.639240506329115
carbohydrate,C6H12O4,6,12,4,0,0,0,2.0,0.6666666666666666,0.0,0.0,0.0,,12.639240506329115
carbohydrate,C6H12O5,6,12,5,0,0,0,2.0,0.8333333333333334,0.0,0.0,0.0,,12.639240506329115
carbohydrate,C6H12O5,6,12,5,0,0,0,2.0,0.8333333333333334,0.0,0.0,0.0,,12.639240506329115
carbohydrate,C5H10O4,5,10,4,0,0,0,2.0,0.8,0.0,0.0,0.0,,12.639240506329115
carbohydrate,C6H12O4,6,12,4,0,0,0,2.0,0.6666666666666666,0.0,0.0,0.0,,12.639240506329115
carbohydrate,C6H12O4,6,12,4,0,0,0,2.0,0.6666666666666666,0.0,0.0,0.0,,12.639240506329115
carbohydrate,C6H12O4,6,12,4,0,0,0,2.0,0.6666666666666666,0.0,0.0,0.0,,12.639240506329115
carbohydrate,C6H12O4,6,12,4,0,0,0,2.0,0.6666666666666666,0.0,0.0,0.0,,12.639240506329115
carbohydrate,C6H12O4,6,12,4,0,0,0,2.0,0.6666666666666666,0.0,0.0,0.0,,12.639240506329115
carbohydrate,C6H12O4,6,12,4,0,0,0,2.0,0.6666666666666666,0.0,0.0,0.0,,12.639240506329115
carbohydrate,C6H12O5,6,12,5,0,0,0,2.0,0.8333333333333334,0.0,0.0,0.0,,12.639240506329115
carbohydrate,C6H10O7,6,10,7,0,0,0,1.6666666666666667,1.1666666666666667,0.0,0.0,0.0,,12.639240506329115
carbohydrate,C5H10O5,5,10,5,0,0,0,2.0,1.0,0.0,0.0,0.0,,12.639240506329115
carbohydrate,C6H10O7,6,10,7,0,0,0,1.6666666666666667,1.1666666666666667,0.0,0.0,0.0,,12.639240506329115
carbohydrate,C9H16O9,9,16,9,0,0,0,1.7777777777777777,1.0,0.0,0.0,0.0,,12.639240506329115
carbohydrate,C8H14O8,8,14,8,0,0,0,1.75,1.0,0.0,0.0,0.0,,12.639240506329115
carbohydrate,C7H10O8,7,10,8,0,0,0,1.4285714285714286,1.1428571428571428,0.0,0.0,0.0,,12.639240506329115
carbohydrate,C7H14O4,7,14,4,0,0,0,2.0,0.5714285714285714,0.0,0.0,0.0,,12.639240506329115
carbohydrate,C7H14O5,7,14,5,0,0,0,2.0,0.7142857142857143,0.0,0.0,0.0,,12.639240506329115
carbohydrate,C7H14O5,7,14,5,0,0,0,2.0,0.7142857142857143,0.0,0.0,0.0,,12.639240506329115
carbohydrate,C7H14O7,7,14,7,0,0,0,2.0,1.0,0.0,0.0,0.0,,12.639240506329115
carbohydrate,C5H10O5,5,10,5,0,0,0,2.0,1.0,0.0,0.0,0.0,,12.639240506329115
carbohydrate,C6H12O6,6,12,6,0,0,0,2.0,1.0,0.0,0.0,0.0,,12.639240506329115
carbohydrate,C6H10O6,6,10,6,0,0,0,1.6666666666666667,1.0,0.0,0.0,0.0,,12.639240506329115
carbohydrate,C6H10O7,6,10,7,0,0,0,1.6666666666666667,1.1666666666666667,0.0,0.0,0.0,,12.639240506329115
carbohydrate,C6H12O6,6,12,6,0,0,0,2.0,1.0,0.0,0.0,0.0,,12.639240506329115
carbohydrate,C6H14O6,6,14,6,0,0,0,2.3333333333333335,1.0,0.0,0.0,0.0,,12.639240506329115
carbohydrate,C6H14O6,6,14,6,0,0,0,2.3333333333333335,1.0,0.0,0.0,0.0,,12.639240506329115
carbohydrate,C5H12O5,5,12,5,0,0,0,2.4,1.0,0.0,0.0,0.0,,12.639240506329115
carbohydrate,C5H12O5,5,12,5,0,0,0,2.4,1.0,0.0,0.0,0.0,,12.639240506329115
carbohydrate,C5H12O5,5,12,5,0,0,0,2.4,1.0,0.0,0.0,0.0,,12.639240506329115
carbohydrate,C4H10O4,4,10,4,0,0,0,2.5,1.0,0.0,0.0,0.0,,12.639240506329115
carbohydrate,C6H10O7,6,10,7,0,0,0,1.6666666666666667,1.1666666666666667,0.0,0.0,0.0,,12.639240506329115
carbohydrate,C6H12O6,6,12,6,0,0,0,2.0,1.0,0.0,0.0,0.0,,12.639240506329115
carbohydrate,C6H10O7,6,10,7,0,0,0,1.6666666666666667,1.1666666666666667,0.0,0.0,0.0,,12.639240506329115
carbohydrate,C6H10O7,6,10,7,0,0,0,1.6666666666666667,1.1666666666666667,0.0,0.0,0.0,,12.639240506329115
carbohydrate,C6H12O6,6,12,6,0,0,0,2.0,1.0,0.0,0.0,0.0,,12.639240506329115
carbohydrate,C6H12O6,6,12,6,0,0,0,2.0,1.0,0.0,0.0,0.0,,12.639240506329115
carbohydrate,C5H10O5,5,10,5,0,0,0,2.0,1.0,0.0,0.0,0.0,,12.639240506329115
carbohydrate,C6H12O6,6,12,6,0,0,0,2.0,1.0,0.0,0.0,0.0,,12.639240506329115
carbohydrate,C6H12O6,6,12,6,0,0,0,2.0,1.0,0.0,0.0,0.0,,12.639240506329115
carbohydrate,C31H52N2O23,31,52,23,2,0,0,1.6774193548387097,0.7419354838709677,0.06451612903225806,0.0,0.0,inf,12.639240506329115
carbohydrate,C12H22O11,12,22,11,0,0,0,1.8333333333333333,0.9166666666666666,0.0,0.0,0.0,,12.639240506329115
carbohydrate,C34H56N2O27,34,56,27,2,0,0,1.6470588235294117,0.7941176470588235,0.058823529411764705,0.0,0.0,inf,12.639240506329115
carbohydrate,C26H45NO21,26,45,21,1,0,0,1.7307692307692308,0.8076923076923077,0.038461538461538464,0.0,0.0,inf,12.639240506329115
carbohydrate,C12H22O11,12,22,11,0,0,0,1.8333333333333333,0.9166666666666666,0.0,0.0,0.0,,12.639240506329115
carbohydrate,C39H66N2O29,39,66,29,2,0,0,1.6923076923076923,0.7435897435897436,0.05128205128205128,0.0,0.0,inf,12.639240506329115
carbohydrate,C8H16O8,8,16,8,0,0,0,2.0,1.0,0.0,0.0,0.0,,12.639240506329115
carbohydrate,C24H30O6,24,30,6,0,0,0,1.25,0.25,0.0,0.0,0.0,,12.639240506329115
carbohydrate,C37H62N2O29,37,62,29,2,0,0,1.6756756756756757,0.7837837837837838,0.05405405405405406,0.0,0.0,inf,12.639240506329115
carbohydrate,C56H92N4O42,56,92,42,4,0,0,1.6428571428571428,0.75,0.07142857142857142,0.0,0.0,inf,12.639240506329115
carbohydrate,C48H79N3O37,48,79,37,3,0,0,1.6458333333333333,0.7708333333333334,0.0625,0.0,0.0,inf,12.639240506329115
carbohydrate,C48H79N3O37,48,79,37,3,0,0,1.6458333333333333,0.7708333333333334,0.0625,0.0,0.0,inf,12.639240506329115
carbohydrate,C42H69N3O32,42,69,32,3,0,0,1.6428571428571428,0.7619047619047619,0.07142857142857142,0.0,0.0,inf,12.639240506329115
carbohydrate,C60H105N3O33,60,105,33,3,0,0,1.75,0.55,0.05,0.0,0.0,inf,12.639240506329115
carbohydrate,C70H113N5O53,70,113,53,5,0,0,1.6142857142857143,0.7571428571428571,0.07142857142857142,0.0,0.0,inf,12.639240506329115
carbohydrate,C6H12O6,6,12,6,0,0,0,2.0,1.0,0.0,0.0,0.0,,12.639240506329115
carbohydrate,C31H52N2O24,31,52,24,2,0,0,1.6774193548387097,0.7741935483870968,0.06451612903225806,0.0,0.0,inf,12.639240506329115
carbohydrate,C6H12O6,6,12,6,0,0,0,2.0,1.0,0.0,0.0,0.0,,12.639240506329115
carbohydrate,C6H12O6,6,12,6,0,0,0,2.0,1.0,0.0,0.0,0.0,,12.639240506329115
carbohydrate,C6H12O6,6,12,6,0,0,0,2.0,1.0,0.0,0.0,0.0,,12.639240506329115
carbohydrate,C6H14O6,6,14,6,0,0,0,2.3333333333333335,1.0,0.0,0.0,0.0,,12.639240506329115
carbohydrate,C6H12O6,6,12,6,0,0,0,2.0,1.0,0.0,0.0,0.0,,12.639240506329115
carbohydrate,C23H39NO19,23,39,19,1,0,0,1.6956521739130435,0.8260869565217391,0.043478260869565216,0.0,0.0,inf,12.639240506329115
carbohydrate,C32H60O19,32,60,19,0,0,0,1.875,0.59375,0.0,0.0,0.0,,12.639240506329115
carbohydrate,C20H33NO20S,20,33,20,1,1,0,1.65,1.0,0.05,0.05,0.0,inf,12.639240506329115
carbohydrate,C59H96N4O45,59,96,45,4,0,0,1.6271186440677967,0.7627118644067796,0.06779661016949153,0.0,0.0,inf,12.639240506329115
carbohydrate,C59H96N4O45,59,96,45,4,0,0,1.6271186440677967,0.7627118644067796,0.06779661016949153,0.0,0.0,inf,12.639240506329115
lignin,,21,20,8,0,0,0,0.9523809523809523,0.38095238095238093,0.0,0.0,0.0,,3.361952861952862
lignin,,20,18,8,0,0,0,0.9,0.4,0.0,0.0,0.0,,3.361952861952862
lignin,,22,22,8,0,0,0,1.0,0.36363636363636365,0.0,0.0,0.0,,3.361952861952862
lignin,,29,32,11,0,0,0,1.103448275862069,0.3793103448275862,0.0,0.0,0.0,,3.361952861952862
lignin,,20,22,6,0,0,0,1.1,0.3,0.0,0.0,0.0,,3.361952861952862
lignin,,21,20,8,0,0,0,0.9523809523809523,0.38095238095238093,0.0,0.0,0.0,,3.361952861952862
lignin,,20,18,8,0,0,0,0.9,0.4,0.0,0.0,0.0,,3.361952861952862
lignin,,28,34,10,0,0,0,1.2142857142857142,0.35714285714285715,0.0,0.0,0.0,,3.361952861952862
lignin,,21,22,8,0,0,0,1.0476190476190477,0.38095238095238093,0.0,0.0,0.0,,3.361952861952862
lignin,,20,20,8,0,0,0,1.0,0.4,0.0,0.0,0.0,,3.361952861952862
lignin,,20,24,6,0,0,0,1.2,0.3,0.0,0.0,0.0,,3.361952861952862
lignin,,20,18,5,0,0,0,0.9,0.25,0.0,0.0,0.0,,3.361952861952862
lignin,,22,22,10,0,0,0,1.0,0.45454545454545453,0.0,0.0,0.0,,3.361952861952862
lignin,,20,18,8,0,0,0,0.9,0.4,0.0,0.0,0.0,,3.361952861952862
lignin,,20,18,6,0,0,0,0.9,0.3,0.0,0.0,0.0,,3.361952861952862
lignin,,22,22,8,0,0,0,1.0,0.36363636363636365,0.0,0.0,0.0,,3.361952861952862
lignin,,16,14,6,0,0,0,0.875,0.375,0.0,0.0,0.0,,3.361952861952862
lignin,,20,22,7,0,0,0,1.1,0.35,0.0,0.0,0.0,,3.361952861952862
lignin,,18,18,8,0,0,0,1.0,0.4444444444444444,0.0,0.0,0.0,,3.361952861952862
lignin,,24,26,8,0,0,0,1.0833333333333333,0.3333333333333333,0.0,0.0,0.0,,3.361952861952862
lignin,,20,18,8,0,0,0,0.9,0.4,0.0,0.0,0.0,,3.361952861952862
lignin,,18,18,6,0,0,0,1.0,0.3333333333333333,0.0,0.0,0.0,,3.361952861952862
lignin,,17,18,6,0,0,0,1.0588235294117647,0.35294117647058826,0.0,0.0,0.0,,3.361952861952862
lignin,,16,14,6,0,0,0,0.875,0.375,0.0,0.0,0.0,,3.361952861952862
lignin,,20,20,7,0,0,0,1.0,0.35,0.0,0.0,0.0,,3.361952861952862
lignin,,26,28,10,0,0,0,1.0769230769230769,0.38461538461538464,0.0,0.0,0.0,,3.361952861952862
lignin,,17,20,6,0,0,0,1.1764705882352942,0.35294117647058826,0.0,0.0,0.0,,3.361952861952862
lignin,,23,24,9,0,0,0,1.0434782608695652,0.391304347826087,0.0,0.0,0.0,,3.361952861952862
lignin,,20,26,6,0,0,0,1.3,0.3,0.0,0.0,0.0,,3.361952861952862
lignin,,20,26,6,0,0,0,1.3,0.3,0.0,0.0,0.0,,3.361952861952862
lignin,,20,22,6,0,0,0,1.1,0.3,0.0,0.0,0.0,,3.361952861952862
lignin,,24,26,8,0,0,0,1.0833333333333333,0.3333333333333333,0.0,0.0,0.0,,3.361952861952862
lignin,,20,18,8,0,0,0,0.9,0.4,0.0,0.0,0.0,,3.361952861952862
lignin,,20,18,6,0,0,0,0.9,0.3,0.0,0.0,0.0,,3.361952861952862
lignin,,17,18,6,0,0,0,1.0588235294117647,0.35294117647058826,0.0,0.0,0.0,,3.361952861952862
lignin,,20,22,6,0,0,0,1.1,0.3,0.0,0.0,0.0,,3.361952861952862
lignin,,18,18,6,0,0,0,1.0,0.3333333333333333,0.0,0.0,0.0,,3.361952861952862
lignin,,22,26,8,0,0,0,1.1818181818181819,0.36363636363636365,0.0,0.0,0.0,,3.361952861952862
lignin,,21,24,6,0,0,0,1.1428571428571428,0.2857142857142857,0.0,0.0,0.0,,3.361952861952862
lignin,,20,18,16,0,0,0,0.9,0.8,0.0,0.0,0.0,,3.361952861952862
lignin,,23,24,7,0,0,0,1.0434782608695652,0.30434782608695654,0.0,0.0,0.0,,3.361952861952862
lignin,,22,26,7,0,0,0,1.1818181818181819,0.3181818181818182,0.0,0.0,0.0,,3.361952861952862
lignin,,22,22,6,0,0,0,1.0,0.2727272727272727,0.0,0.0,0.0,,3.361952861952862
lignin,,22,24,8,0,0,0,1.0909090909090908,0.36363636363636365,0.0,0.0,0.0,,3.361952861952862
lignin,,28,36,10,0,0,0,1.2857142857142858,0.35714285714285715,0.0,0.0,0.0,,3.361952861952862
lignin,,18,20,6,0,0,0,1.1111111111111112,0.3333333333333333,0.0,0.0,0.0,,3.361952861952862
lignin,,18,20,6,0,0,0,1.1111111111111112,0.3333333333333333,0.0,0.0,0.0,,3.361952861952862
lignin,,19,20,7,0,0,0,1.0526315789473684,0.3684210526315789,0.0,0.0,0.0,,3.361952861952862
lignin,,20,22,7,0,0,0,1.1,0.35,0.0,0.0,0.0,,3.361952861952862
lignin,,27,30,8,0,0,0,1.1111111111111112,0.2962962962962963,0.0,0.0,0.0,,3.361952861952862
lignin,,27,30,8,0,0,0,1.1111111111111112,0.2962962962962963,0.0,0.0,0.0,,3.361952861952862
lignin,,20,22,7,0,0,0,1.1,0.35,0.0,0.0,0.0,,3.361952861952862
lignin,,20,20,7,0,0,0,1.0,0.35,0.0,0.0,0.0,,3.361952861952862
lignin,,22,24,8,0,0,0,1.0909090909090908,0.36363636363636365,0.0,0.0,0.0,,3.361952861952862
lignin,,21,24,6,0,0,0,1.1428571428571428,0.2857142857142857,0.0,0.0,0.0,,3.361952861952862
lignin,,20,26,5,0,0,0,1.3,0.25,0.0,0.0,0.0,,3.361952861952862
lignin,,20,22,7,0,0,0,1.1,0.35,0.0,0.0,0.0,,3.361952861952862
lignin,,20,22,6,0,0,0,1.1,0.3,0.0,0.0,0.0,,3.361952861952862
lignin,,18,18,6,0,0,0,1.0,0.3333333333333333,0.0,0.0,0.0,,3.361952861952862
lignin,,20,18,8,0,0,0,0.9,0.4,0.0,0.0,0.0,,3.361952861952862
lignin,,24,26,8,0,0,0,1.0833333333333333,0.3333333333333333,0.0,0.0,0.0,,3.361952861952862
lignin,,20,18,8,0,0,0,0.9,0.4,0.0,0.0,0.0,,3.361952861952862
lignin,,18,20,6,0,0,0,1.1111111111111112,0.3333333333333333,0.0,0.0,0.0,,3.361952861952862
lignin,,20,20,6,0,0,0,1.0,0.3,0.0,0.0,0.0,,3.361952861952862
lignin,,30,36,13,0,0,0,1.2,0.43333333333333335,0.0,0.0,0.0,,3.361952861952862
lignin,,22,24,8,0,0,0,1.0909090909090908,0.36363636363636365,0.0,0.0,0.0,,3.361952861952862
lignin,,20,20,8,0,0,0,1.0,0.4,0.0,0.0,0.0,,3.361952861952862
lignin,,18,18,6,0,0,0,1.0,0.3333333333333333,0.0,0.0,0.0,,3.361952861952862
lignin,,24,28,8,0,0,0,1.1666666666666667,0.3333333333333333,0.0,0.0,0.0,,3.361952861952862
lignin,,21,26,7,0,0,0,1.2380952380952381,0.3333333333333333,0.0,0.0,0.0,,3.361952861952862
lignin,,26,36,4,0,0,0,1.3846153846153846,0.15384615384615385,0.0,0.0,0.0,,3.361952861952862
lignin,,20,22,6,0,0,0,1.1,0.3,0.0,0.0,0.0,,3.361952861952862
lignin,,20,22,4,0,0,0,1.1,0.2,0.0,0.0,0.0,,3.361952861952862
lignin,,21,22,4,0,0,0,1.0476190476190477,0.19047619047619047,0.0,0.0,0.0,,3.361952861952862
lignin,,20,20,4,0,0,0,1.0,0.2,0.0,0.0,0.0,,3.361952861952862
lignin,,20,18,6,0,0,0,0.9,0.3,0.0,0.0,0.0,,3.361952861952862
lignin,,20,22,6,0,0,0,1.1,0.3,0.0,0.0,0.0,,3.361952861952862
lignin,,21,28,4,0,0,0,1.3333333333333333,0.19047619047619047,0.0,0.0,0.0,,3.361952861952862
lignin,,38,42,14,0,0,0,1.105263157894737,0.3684210526315789,0.0,0.0,0.0,,3.361952861952862
lignin,,33,40,15,0,0,0,1.2121212121212122,0.45454545454545453,0.0,0.0,0.0,,3.361952861952862
lignin,,20,24,6,0,0,0,1.2,0.3,0.0,0.0,0.0,,3.361952861952862
lignin,,19,22,5,0,0,0,1.1578947368421053,0.2631578947368421,0.0,0.0,0.0,,3.361952861952862
lignin,,20,20,6,0,0,0,1.0,0.3,0.0,0.0,0.0,,3.361952861952862
lignin,,19,18,5,0,0,0,0.9473684210526315,0.2631578947368421,0.0,0.0,0.0,,3.361952861952862
lignin,,41,46,11,0,0,0,1.1219512195121952,0.2682926829268293,0.0,0.0,0.0,,3.361952861952862
lignin,,42,50,16,0,0,0,1.1904761904761905,0.38095238095238093,0.0,0.0,0.0,,3.361952861952862
lignin,,40,42,12,0,0,0,1.05,0.3,0.0,0.0,0.0,,3.361952861952862
lignin,,21,24,8,0,0,0,1.1428571428571428,0.38095238095238093,0.0,0.0,0.0,,3.361952861952862
lignin,,46,50,18,0,0,0,1.0869565217391304,0.391304347826087,0.0,0.0,0.0,,3.361952861952862
lignin,,38,42,8,0,0,0,1.105263157894737,0.21052631578947367,0.0,0.0,0.0,,3.361952861952862
lignin,,39,36,10,0,0,0,0.9230769230769231,0.2564102564102564,0.0,0.0,0.0,,3.361952861952862
lignin,,41,46,12,0,0,0,1.1219512195121952,0.2926829268292683,0.0,0.0,0.0,,3.361952861952862
lignin,,45,48,13,0,0,0,1.0666666666666667,0.28888888888888886,0.0,0.0,0.0,,3.361952861952862
lignin,,29,32,11,0,0,0,1.103448275862069,0.3793103448275862,0.0,0.0,0.0,,3.361952861952862
lignin,,34,36,12,0,0,0,1.0588235294117647,0.35294117647058826,0.0,0.0,0.0,,3.361952861952862
lignin,,32,34,11,0,0,0,1.0625,0.34375,0.0,0.0,0.0,,3.361952861952862
lignin,,43,48,15,0,0,0,1.1162790697674418,0.3488372093023256,0.0,0.0,0.0,,3.361952861952862
lignin,,33,34,10,0,0,0,1.0303030303030303,0.30303030303030304,0.0,0.0,0.0,,3.361952861952862
lignin,,17,16,4,0,0,0,0.9411764705882353,0.23529411764705882,0.0,0.0,0.0,,3.361952861952862
lignin,,12,16,4,0,0,0,1.3333333333333333,0.3333333333333333,0.0,0.0,0.0,,3.361952861952862
lignin,,18,20,7,0,0,0,1.1111111111111112,0.3888888888888889,0.0,0.0,0.0,,3.361952861952862
lignin,,17,16,5,0,0,0,0.9411764705882353,0.29411764705882354,0.0,0.0,0.0,,3.361952861952862
lignin,,16,14,4,0,0,0,0.875,0.25,0.0,0.0,0.0,,3.361952861952862
lignin,,17,16,6,0,0,0,0.9411764705882353,0.35294117647058826,0.0,0.0,0.0,,3.361952861952862
lignin,,19,18,6,0,0,0,0.9473684210526315,0.3157894736842105,0.0,0.0,0.0,,3.361952861952862
lignin,,19,18,6,0,0,0,0.9473684210526315,0.3157894736842105,0.0,0.0,0.0,,3.361952861952862
lignin,,21,24,6,0,0,0,1.1428571428571428,0.2857142857142857,0.0,0.0,0.0,,3.361952861952862
lignin,,16,20,6,0,0,0,1.25,0.375,0.0,0.0,0.0,,3.361952861952862
lignin,,26,24,6,0,0,0,0.9230769230769231,0.23076923076923078,0.0,0.0,0.0,,3.361952861952862
lignin,,17,18,3,0,0,0,1.0588235294117647,0.17647058823529413,0.0,0.0,0.0,,3.361952861952862
lignin,,26,26,6,0,0,0,1.0,0.23076923076923078,0.0,0.0,0.0,,3.361952861952862
lignin,,18,18,4,0,0,0,1.0,0.2222222222222222,0.0,0.0,0.0,,3.361952861952862
lignin,,13,10,2,0,0,0,0.7692307692307693,0.15384615384615385,0.0,0.0,0.0,,3.361952861952862
lignin,,14,16,5,0,0,0,1.1428571428571428,0.35714285714285715,0.0,0.0,0.0,,3.361952861952862
lignin,,19,18,6,0,0,0,0.9473684210526315,0.3157894736842105,0.0,0.0,0.0,,3.361952861952862
lignin,,24,28,8,0,0,0,1.1666666666666667,0.3333333333333333,0.0,0.0,0.0,,3.361952861952862
lignin,,28,24,9,0,0,0,0.8571428571428571,0.32142857142857145,0.0,0.0,0.0,,3.361952861952862
lignin,,32,38,14,0,0,0,1.1875,0.4375,0.0,0.0,0.0,,3.361952861952862
lignin,,31,32,9,0,0,0,1.032258064516129,0.2903225806451613,0.0,0.0,0.0,,3.361952861952862
lignin,,30,30,9,0,0,0,1.0,0.3,0.0,0.0,0.0,,3.361952861952862
lignin,,41,48,16,0,0,0,1.170731707317073,0.3902439024390244,0.0,0.0,0.0,,3.361952861952862
lignin,,40,46,15,0,0,0,1.15,0.375,0.0,0.0,0.0,,3.361952861952862
lignin,,24,22,7,0,0,0,0.9166666666666666,0.2916666666666667,0.0,0.0,0.0,,3.361952861952862
lignin,,33,40,12,0,0,0,1.2121212121212122,0.36363636363636365,0.0,0.0,0.0,,3.361952861952862
lignin,,30,34,9,0,0,0,1.1333333333333333,0.3,0.0,0.0,0.0,,3.361952861952862
lignin,,34,36,12,0,0,0,1.0588235294117647,0.35294117647058826,0.0,0.0,0.0,,3.361952861952862
lignin,,30,34,9,0,0,0,1.1333333333333333,0.3,0.0,0.0,0.0,,3.361952861952862
lignin,,37,40,14,0,0,0,1.0810810810810811,0.3783783783783784,0.0,0.0,0.0,,3.361952861952862
lignin,,39,46,17,0,0,0,1.1794871794871795,0.4358974358974359,0.0,0.0,0.0,,3.361952861952862
lignin,,38,44,16,0,0,0,1.1578947368421053,0.42105263157894735,0.0,0.0,0.0,,3.361952861952862
lignin,,30,34,11,0,0,0,1.1333333333333333,0.36666666666666664,0.0,0.0,0.0,,3.361952861952862
lignin,,30,32,11,0,0,0,1.0666666666666667,0.36666666666666664,0.0,0.0,0.0,,3.361952861952862
lignin,,29,32,11,0,0,0,1.103448275862069,0.3793103448275862,0.0,0.0,0.0,,3.361952861952862
lignin,,30,34,11,0,0,0,1.1333333333333333,0.36666666666666664,0.0,0.0,0.0,,3.361952861952862
lignin,,45,54,20,0,0,0,1.2,0.4444444444444444,0.0,0.0,0.0,,3.361952861952862
lignin,,31,36,13,0,0,0,1.1612903225806452,0.41935483870967744,0.0,0.0,0.0,,3.361952861952862
lignin,,40,48,17,0,0,0,1.2,0.425,0.0,0.0,0.0,,3.361952861952862
lignin,,31,32,10,0,0,0,1.032258064516129,0.3225806451612903,0.0,0.0,0.0,,3.361952861952862
lignin,,30,38,9,0,0,0,1.2666666666666666,0.3,0.0,0.0,0.0,,3.361952861952862
lignin,,26,24,8,0,0,0,0.9230769230769231,0.3076923076923077,0.0,0.0,0.0,,3.361952861952862
lignin,,27,28,9,0,0,0,1.037037037037037,0.3333333333333333,0.0,0.0,0.0,,3.361952861952862
lignin,,26,26,8,0,0,0,1.0,0.3076923076923077,0.0,0.0,0.0,,3.361952861952862
lignin,,31,32,10,0,0,0,1.032258064516129,0.3225806451612903,0.0,0.0,0.0,,3.361952861952862
lignin,,33,34,12,0,0,0,1.0303030303030303,0.36363636363636365,0.0,0.0,0.0,,3.361952861952862
lignin,,32,32,11,0,0,0,1.0,0.34375,0.0,0.0,0.0,,3.361952861952862
lignin,,28,30,10,0,0,0,1.0714285714285714,0.35714285714285715,0.0,0.0,0.0,,3.361952861952862
lignin,,27,28,9,0,0,0,1.037037037037037,0.3333333333333333,0.0,0.0,0.0,,3.361952861952862
lignin,,38,46,13,0,0,0,1.2105263157894737,0.34210526315789475,0.0,0.0,0.0,,3.361952861952862
lignin,,32,32,12,0,0,0,1.0,0.375,0.0,0.0,0.0,,3.361952861952862
lignin,,38,42,13,0,0,0,1.105263157894737,0.34210526315789475,0.0,0.0,0.0,,3.361952861952862
lignin,,31,32,10,0,0,0,1.032258064516129,0.3225806451612903,0.0,0.0,0.0,,3.361952861952862
lignin,,30,30,9,0,0,0,1.0,0.3,0.0,0.0,0.0,,3.361952861952862
lignin,,27,28,9,0,0,0,1.037037037037037,0.3333333333333333,0.0,0.0,0.0,,3.361952861952862
lignin,,30,26,9,0,0,0,0.8666666666666667,0.3,0.0,0.0,0.0,,3.361952861952862
lignin,,26,26,8,0,0,0,1.0,0.3076923076923077,0.0,0.0,0.0,,3.361952861952862
lignin,,30,36,9,0,0,0,1.2,0.3,0.0,0.0,0.0,,3.361952861952862
lignin,,31,30,11,0,0,0,0.967741935483871,0.3548387096774194,0.0,0.0,0.0,,3.361952861952862
lignin,,20,22,7,0,0,0,1.1,0.35,0.0,0.0,0.0,,3.361952861952862
lignin,,17,16,5,0,0,0,0.9411764705882353,0.29411764705882354,0.0,0.0,0.0,,3.361952861952862
lignin,,21,26,8,0,0,0,1.2380952380952381,0.38095238095238093,0.0,0.0,0.0,,3.361952861952862
lignin,,10,12,4,0,0,0,1.2,0.4,0.0,0.0,0.0,,3.361952861952862
lignin,,11,14,4,0,0,0,1.2727272727272727,0.36363636363636365,0.0,0.0,0.0,,3.361952861952862
lignin,,9,10,2,0,0,0,1.1111111111111112,0.2222222222222222,0.0,0.0,0.0,,3.361952861952862
lignin,,10,12,2,0,0,0,1.2,0.2,0.0,0.0,0.0,,3.361952861952862
lignin,,10,12,3,0,0,0,1.2,0.3,0.0,0.0,0.0,,3.361952861952862
lignin,,11,14,3,0,0,0,1.2727272727272727,0.2727272727272727,0.0,0.0,0.0,,3.361952861952862
lignin,,11,14,4,0,0,0,1.2727272727272727,0.36363636363636365,0.0,0.0,0.0,,3.361952861952862
lignin,,12,16,4,0,0,0,1.3333333333333333,0.3333333333333333,0.0,0.0,0.0,,3.361952861952862
lignin,,9,8,2,0,0,0,0.8888888888888888,0.2222222222222222,0.0,0.0,0.0,,3.361952861952862
lignin,,10,10,2,0,0,0,1.0,0.2,0.0,0.0,0.0,,3.361952861952862
lignin,,10,10,3,0,0,0,1.0,0.3,0.0,0.0,0.0,,3.361952861952862
lignin,,11,12,3,0,0,0,1.0909090909090908,0.2727272727272727,0.0,0.0,0.0,,3.361952861952862
lignin,,11,12,4,0,0,0,1.0909090909090908,0.36363636363636365,0.0,0.0,0.0,,3.361952861952862
lignin,,9,8,3,0,0,0,0.8888888888888888,0.3333333333333333,0.0,0.0,0.0,,3.361952861952862
lignin,,10,10,3,0,0,0,1.0,0.3,0.0,0.0,0.0,,3.361952861952862
lignin,,10,10,4,0,0,0,1.0,0.4,0.0,0.0,0.0,,3.361952861952862
lignin,,11,12,4,0,0,0,1.0909090909090908,0.36363636363636365,0.0,0.0,0.0,,3.361952861952862
lignin,,11,12,4,0,0,0,1.0909090909090908,0.36363636363636365,0.0,0.0,0.0,,3.361952861952862
lignin,,10,10,3,0,0,0,1.0,0.3,0.0,0.0,0.0,,3.361952861952862
lignin,,10,12,2,0,0,0,1.2,0.2,0.0,0.0,0.0,,3.361952861952862
lignin,,11,14,3,0,0,0,1.2727272727272727,0.2727272727272727,0.0,0.0,0.0,,3.361952861952862
lignin,,10,12,2,0,0,0,1.2,0.2,0.0,0.0,0.0,,3.361952861952862
lignin,,10,14,3,0,0,0,1.4,0.3,0.0,0.0,0.0,,3.361952861952862
lignin,,10,12,3,0,0,0,1.2,0.3,0.0,0.0,0.0,,3.361952861952862
lignin,,13,16,5,0,0,0,1.2307692307692308,0.38461538461538464,0.0,0.0,0.0,,3.361952861952862
lignin,,12,14,4,0,0,0,1.1666666666666667,0.3333333333333333,0.0,0.0,0.0,,3.361952861952862
lignin,,11,12,4,0,0,0,1.0909090909090908,0.36363636363636365,0.0,0.0,0.0,,3.361952861952862
lignin,,11,12,3,0,0,0,1.0909090909090908,0.2727272727272727,0.0,0.0,0.0,,3.361952861952862
lignin,,10,10,3,0,0,0,1.0,0.3,0.0,0.0,0.0,,3.361952861952862
lignin,,12,14,5,0,0,0,1.1666666666666667,0.4166666666666667,0.0,0.0,0.0,,3.361952861952862
lignin,,11,12,5,0,0,0,1.0909090909090908,0.45454545454545453,0.0,0.0,0.0,,3.361952861952862
lignin,,12,14,5,0,0,0,1.1666666666666667,0.4166666666666667,0.0,0.0,0.0,,3.361952861952862
lignin,,9,10,3,0,0,0,1.1111111111111112,0.3333333333333333,0.0,0.0,0.0,,3.361952861952862
lignin,,9,10,3,0,0,0,1.1111111111111112,0.3333333333333333,0.0,0.0,0.0,,3.361952861952862
lignin,,10,14,5,0,0,0,1.4,0.5,0.0,0.0,0.0,,3.361952861952862
lignin,,22,28,9,0,0,0,1.2727272727272727,0.4090909090909091,0.0,0.0,0.0,,3.361952861952862
lignin,,6,6,1,0,0,0,1.0,0.16666666666666666,0.0,0.0,0.0,,3.361952861952862
lignin,,7,8,1,0,0,0,1.1428571428571428,0.14285714285714285,0.0,0.0,0.0,,3.361952861952862
lignin,,7,8,2,0,0,0,1.1428571428571428,0.2857142857142857,0.0,0.0,0.0,,3.361952861952862
lignin,,8,10,2,0,0,0,1.25,0.25,0.0,0.0,0.0,,3.361952861952862
lignin,,8,12,3,0,0,0,1.5,0.375,0.0,0.0,0.0,,3.361952861952862
lignin,,9,12,3,0,0,0,1.3333333333333333,0.3333333333333333,0.0,0.0,0.0,,3.361952861952862
lignin,,7,9,2,0,0,0,1.2857142857142858,0.2857142857142857,0.0,0.0,0.0,,3.361952861952862
lignin,,8,11,2,0,0,0,1.375,0.25,0.0,0.0,0.0,,3.361952861952862
lignin,,8,11,3,0,0,0,1.375,0.375,0.0,0.0,0.0,,3.361952861952862
lignin,,9,13,3,0,0,0,1.4444444444444444,0.3333333333333333,0.0,0.0,0.0,,3.361952861952862
lignin,,9,15,4,0,0,0,1.6666666666666667,0.4444444444444444,0.0,0.0,0.0,,3.361952861952862
lignin,,8,11,2,0,0,0,1.375,0.25,0.0,0.0,0.0,,3.361952861952862
lignin,,9,13,2,0,0,0,1.4444444444444444,0.2222222222222222,0.0,0.0,0.0,,3.361952861952862
lignin,,9,14,3,0,0,0,1.5555555555555556,0.3333333333333333,0.0,0.0,0.0,,3.361952861952862
lignin,,10,16,3,0,0,0,1.6,0.3,0.0,0.0,0.0,,3.361952861952862
lignin,,11,18,4,0,0,0,1.6363636363636365,0.36363636363636365,0.0,0.0,0.0,,3.361952861952862
lignin,,10,14,4,0,0,0,1.4,0.4,0.0,0.0,0.0,,3.361952861952862
lignin,,9,12,4,0,0,0,1.3333333333333333,0.4444444444444444,0.0,0.0,0.0,,3.361952861952862
lignin,,9,12,3,0,0,0,1.3333333333333333,0.3333333333333333,0.0,0.0,0.0,,3.361952861952862
lignin,,8,10,3,0,0,0,1.25,0.375,0.0,0.0,0.0,,3.361952861952862
lignin,,9,12,5,0,0,0,1.3333333333333333,0.5555555555555556,0.0,0.0,0.0,,3.361952861952862
lignin,,9,12,4,0,0,0,1.3333333333333333,0.4444444444444444,0.0,0.0,0.0,,3.361952861952862
lignin,,9,10,2,0,0,0,1.1111111111111112,0.2222222222222222,0.0,0.0,0.0,,3.361952861952862
lignin,,8,10,4,0,0,0,1.25,0.5,0.0,0.0,0.0,,3.361952861952862
lignin,,7,6,3,0,0,0,0.8571428571428571,0.42857142857142855,0.0,0.0,0.0,,3.361952861952862
lignin,,9,10,4,0,0,0,1.1111111111111112,0.4444444444444444,0.0,0.0,0.0,,3.361952861952862
lignin,,10,10,3,0,0,0,1.0,0.3,0.0,0.0,0.0,,3.361952861952862
lignin,,8,8,3,0,0,0,1.0,0.375,0.0,0.0,0.0,,3.361952861952862
lignin,,8,8,2,0,0,0,1.0,0.25,0.0,0.0,0.0,,3.361952861952862
lignin,,7,6,2,0,0,0,0.8571428571428571,0.2857142857142857,0.0,0.0,0.0,,3.361952861952862
lignin,,8,8,3,0,0,0,1.0,0.375,0.0,0.0,0.0,,3.361952861952862
lignin,,10,12,3,0,0,0,1.2,0.3,0.0,0.0,0.0,,3.361952861952862
lignin,,8,8,2,0,0,0,1.0,0.25,0.0,0.0,0.0,,3.361952861952862
lignin,,9,8,1,0,0,0,0.8888888888888888,0.1111111111111111,0.0,0.0,0.0,,3.361952861952862
lignin,,20,26,8,0,0,0,1.3,0.4,0.0,0.0,0.0,,3.361952861952862
lignin,,17,20,5,0,0,0,1.1764705882352942,0.29411764705882354,0.0,0.0,0.0,,3.361952861952862
lignin,,18,22,6,0,0,0,1.2222222222222223,0.3333333333333333,0.0,0.0,0.0,,3.361952861952862
lignin,,19,24,7,0,0,0,1.263157894736842,0.3684210526315789,0.0,0.0,0.0,,3.361952861952862
lignin,,18,22,7,0,0,0,1.2222222222222223,0.3888888888888889,0.0,0.0,0.0,,3.361952861952862
lignin,,18,22,6,0,0,0,1.2222222222222223,0.3333333333333333,0.0,0.0,0.0,,3.361952861952862
lignin,,19,24,6,0,0,0,1.263157894736842,0.3157894736842105,0.0,0.0,0.0,,3.361952861952862
lignin,,20,26,7,0,0,0,1.3,0.35,0.0,0.0,0.0,,3.361952861952862
lignin,,21,28,8,0,0,0,1.3333333333333333,0.38095238095238093,0.0,0.0,0.0,,3.361952861952862
lignin,,17,20,6,0,0,0,1.1764705882352942,0.35294117647058826,0.0,0.0,0.0,,3.361952861952862
lignin,,18,20,6,0,0,0,1.1111111111111112,0.3333333333333333,0.0,0.0,0.0,,3.361952861952862
lignin,,18,22,7,0,0,0,1.2222222222222223,0.3888888888888889,0.0,0.0,0.0,,3.361952861952862
lignin,,19,24,7,0,0,0,1.263157894736842,0.3684210526315789,0.0,0.0,0.0,,3.361952861952862
lignin,,20,26,8,0,0,0,1.3,0.4,0.0,0.0,0.0,,3.361952861952862
lignin,,19,24,7,0,0,0,1.263157894736842,0.3684210526315789,0.0,0.0,0.0,,3.361952861952862
lignin,,20,26,8,0,0,0,1.3,0.4,0.0,0.0,0.0,,3.361952861952862
lignin,,19,24,8,0,0,0,1.263157894736842,0.42105263157894735,0.0,0.0,0.0,,3.361952861952862
lignin,,21,26,8,0,0,0,1.2380952380952381,0.38095238095238093,0.0,0.0,0.0,,3.361952861952862
lignin,,9,10,2,0,0,0,1.1111111111111112,0.2222222222222222,0.0,0.0,0.0,,3.361952861952862
lignin,,20,24,7,0,0,0,1.2,0.35,0.0,0.0,0.0,,3.361952861952862
lignin,,21,28,7,0,0,0,1.3333333333333333,0.3333333333333333,0.0,0.0,0.0,,3.361952861952862
lignin,,20,26,6,0,0,0,1.3,0.3,0.0,0.0,0.0,,3.361952861952862
lignin,,20,26,6,0,0,0,1.3,0.3,0.0,0.0,0.0,,3.361952861952862
lignin,,19,24,7,0,0,0,1.263157894736842,0.3684210526315789,0.0,0.0,0.0,,3.361952861952862
lignin,,19,24,5,0,0,0,1.263157894736842,0.2631578947368421,0.0,0.0,0.0,,3.361952861952862
lignin,,16,18,4,0,0,0,1.125,0.25,0.0,0.0,0.0,,3.361952861952862
lignin,,17,20,5,0,0,0,1.1764705882352942,0.29411764705882354,0.0,0.0,0.0,,3.361952861952862
lignin,,27,32,11,0,0,0,1.1851851851851851,0.4074074074074074,0.0,0.0,0.0,,3.361952861952862
lignin,,20,26,7,0,0,0,1.3,0.35,0.0,0.0,0.0,,3.361952861952862
lignin,,18,22,6,0,0,0,1.2222222222222223,0.3333333333333333,0.0,0.0,0.0,,3.361952861952862
lignin,,20,26,9,0,0,0,1.3,0.45,0.0,0.0,0.0,,3.361952861952862
lignin,,26,30,12,0,0,0,1.1538461538461537,0.46153846153846156,0.0,0.0,0.0,,3.361952861952862
lignin,,18,22,6,0,0,0,1.2222222222222223,0.3333333333333333,0.0,0.0,0.0,,3.361952861952862
lignin,,21,28,9,0,0,0,1.3333333333333333,0.42857142857142855,0.0,0.0,0.0,,3.361952861952862
lignin,,19,22,8,0,0,0,1.1578947368421053,0.42105263157894735,0.0,0.0,0.0,,3.361952861952862
lignin,,16,18,5,0,0,0,1.125,0.3125,0.0,0.0,0.0,,3.361952861952862
lignin,,14,14,3,0,0,0,1.0,0.21428571428571427,0.0,0.0,0.0,,3.361952861952862
lignin,,9,12,3,0,0,0,1.3333333333333333,0.3333333333333333,0.0,0.0,0.0,,3.361952861952862
lignin,,10,14,4,0,0,0,1.4,0.4,0.0,0.0,0.0,,3.361952861952862
lignin,,12,18,4,0,0,0,1.5,0.3333333333333333,0.0,0.0,0.0,,3.361952861952862
lignin,,11,16,4,0,0,0,1.4545454545454546,0.36363636363636365,0.0,0.0,0.0,,3.361952861952862
lignin,,17,20,5,0,0,0,1.1764705882352942,0.29411764705882354,0.0,0.0,0.0,,3.361952861952862
lignin,,10,12,4,0,0,0,1.2,0.4,0.0,0.0,0.0,,3.361952861952862
lignin,,11,14,5,0,0,0,1.2727272727272727,0.45454545454545453,0.0,0.0,0.0,,3.361952861952862
lignin,,11,16,5,0,0,0,1.4545454545454546,0.45454545454545453,0.0,0.0,0.0,,3.361952861952862
lignin,,11,16,6,0,0,0,1.4545454545454546,0.5454545454545454,0.0,0.0,0.0,,3.361952861952862
lignin,,17,18,7,0,0,0,1.0588235294117647,0.4117647058823529,0.0,0.0,0.0,,3.361952861952862
lignin,,10,14,5,0,0,0,1.4,0.5,0.0,0.0,0.0,,3.361952861952862
lignin,,9,10,1,0,0,0,1.1111111111111112,0.1111111111111111,0.0,0.0,0.0,,3.361952861952862
lignin,,13,16,6,0,0,0,1.2307692307692308,0.46153846153846156,0.0,0.0,0.0,,3.361952861952862
lignin,,17,20,6,0,0,0,1.1764705882352942,0.35294117647058826,0.0,0.0,0.0,,3.361952861952862
lignin,,11,14,4,0,0,0,1.2727272727272727,0.36363636363636365,0.0,0.0,0.0,,3.361952861952862
lignin,,19,20,6,0,0,0,1.0526315789473684,0.3157894736842105,0.0,0.0,0.0,,3.361952861952862
lignin,,18,20,6,0,0,0,1.1111111111111112,0.3333333333333333,0.0,0.0,0.0,,3.361952861952862
lignin,,20,22,8,0,0,0,1.1,0.4,0.0,0.0,0.0,,3.361952861952862
lignin,,25,28,10,0,0,0,1.12,0.4,0.0,0.0,0.0,,3.361952861952862
lignin,,23,26,10,0,0,0,1.1304347826086956,0.43478260869565216,0.0,0.0,0.0,,3.361952861952862
lignin,,22,24,9,0,0,0,1.0909090909090908,0.4090909090909091,0.0,0.0,0.0,,3.361952861952862
lignin,,17,18,6,0,0,0,1.0588235294117647,0.35294117647058826,0.0,0.0,0.0,,3.361952861952862
lignin,,20,22,6,0,0,0,1.1,0.3,0.0,0.0,0.0,,3.361952861952862
lignin,,21,22,8,0,0,0,1.0476190476190477,0.38095238095238093,0.0,0.0,0.0,,3.361952861952862
lignin,,20,22,5,0,0,0,1.1,0.25,0.0,0.0,0.0,,3.361952861952862
lignin,,17,20,5,0,0,0,1.1764705882352942,0.29411764705882354,0.0,0.0,0.0,,3.361952861952862
lignin,,19,22,6,0,0,0,1.1578947368421053,0.3157894736842105,0.0,0.0,0.0,,3.361952861952862
lignin,,21,24,8,0,0,0,1.1428571428571428,0.38095238095238093,0.0,0.0,0.0,,3.361952861952862
lignin,,20,22,7,0,0,0,1.1,0.35,0.0,0.0,0.0,,3.361952861952862
lignin,,16,16,5,0,0,0,1.0,0.3125,0.0,0.0,0.0,,3.361952861952862
lipid,C35H59O8P,35,59,8,0,0,1,1.6857142857142857,0.22857142857142856,0.0,0.0,0.02857142857142857,0.0,0.19543942063026032
lipid,C31H59O11P,31,59,11,0,0,1,1.903225806451613,0.3548387096774194,0.0,0.0,0.03225806451612903,0.0,0.19543942063026032
lipid,C32H63O10P,32,63,10,0,0,1,1.96875,0.3125,0.0,0.0,0.03125,0.0,0.19543942063026032
lipid,C29H53O13P,29,53,13,0,0,1,1.8275862068965518,0.4482758620689655,0.0,0.0,0.034482758620689655,0.0,0.19543942063026032
lipid,C35H61O8P,35,61,8,0,0,1,1.7428571428571429,0.22857142857142856,0.0,0.0,0.02857142857142857,0.0,0.19543942063026032
lipid,C30H59O12P,30,59,12,0,0,1,1.9666666666666666,0.4,0.0,0.0,0.03333333333333333,0.0,0.19543942063026032
lipid,C35H63O8P,35,63,8,0,0,1,1.8,0.22857142857142856,0.0,0.0,0.02857142857142857,0.0,0.19543942063026032
lipid,C36H69O7P,36,69,7,0,0,1,1.9166666666666667,0.19444444444444445,0.0,0.0,0.027777777777777776,0.0,0.19543942063026032
lipid,C31H49O12P,31,49,12,0,0,1,1.5806451612903225,0.3870967741935484,0.0,0.0,0.03225806451612903,0.0,0.19543942063026032
lipid,C33H57O10P,33,57,10,0,0,1,1.7272727272727273,0.30303030303030304,0.0,0.0,0.030303030303030304,0.0,0.19543942063026032
lipid,C35H67O8P,35,67,8,0,0,1,1.9142857142857144,0.22857142857142856,0.0,0.0,0.02857142857142857,0.0,0.19543942063026032
lipid,C35H65O8P,35,65,8,0,0,1,1.8571428571428572,0.22857142857142856,0.0,0.0,0.02857142857142857,0.0,0.19543942063026032
lipid,C33H59O10P,33,59,10,0,0,1,1.7878787878787878,0.30303030303030304,0.0,0.0,0.030303030303030304,0.0,0.19543942063026032
lipid,C34H64NO8P,34,64,8,1,0,1,1.8823529411764706,0.23529411764705882,0.029411764705882353,0.0,0.029411764705882353,1.0,0.19543942063026032
lipid,C30H55O12P,30,55,12,0,0,1,1.8333333333333333,0.4,0.0,0.0,0.03333333333333333,0.0,0.19543942063026032
lipid,C35H68NO7P,35,68,7,1,0,1,1.9428571428571428,0.2,0.02857142857142857,0.0,0.02857142857142857,1.0,0.19543942063026032
lipid,C36H67O7P,36,67,7,0,0,1,1.8611111111111112,0.19444444444444445,0.0,0.0,0.027777777777777776,0.0,0.19543942063026032
lipid,C29H51O13P,29,51,13,0,0,1,1.7586206896551724,0.4482758620689655,0.0,0.0,0.034482758620689655,0.0,0.19543942063026032
lipid,C31H55O11P,31,55,11,0,0,1,1.7741935483870968,0.3548387096774194,0.0,0.0,0.03225806451612903,0.0,0.19543942063026032
lipid,C31H60NO10P,31,60,10,1,0,1,1.935483870967742,0.3225806451612903,0.03225806451612903,0.0,0.03225806451612903,1.0,0.19543942063026032
lipid,C32H60NO9P,32,60,9,1,0,1,1.875,0.28125,0.03125,0.0,0.03125,1.0,0.19543942063026032
lipid,C36H71O7P,36,71,7,0,0,1,1.9722222222222223,0.19444444444444445,0.0,0.0,0.027777777777777776,0.0,0.19543942063026032
lipid,C31H56NO10P,31,56,10,1,0,1,1.8064516129032258,0.3225806451612903,0.03225806451612903,0.0,0.03225806451612903,1.0,0.19543942063026032
lipid,C33H64NO8P,33,64,8,1,0,1,1.9393939393939394,0.24242424242424243,0.030303030303030304,0.0,0.030303030303030304,1.0,0.19543942063026032
lipid,C34H68NO7P,34,68,7,1,0,1,2.0,0.20588235294117646,0.029411764705882353,0.0,0.029411764705882353,1.0,0.19543942063026032
lipid,C34H67O8P,34,67,8,0,0,1,1.9705882352941178,0.23529411764705882,0.0,0.0,0.029411764705882353,0.0,0.19543942063026032
lipid,C35H71O7P,35,71,7,0,0,1,2.0285714285714285,0.2,0.0,0.0,0.02857142857142857,0.0,0.19543942063026032
lipid,C32H64NO9P,32,64,9,1,0,1,2.0,0.28125,0.03125,0.0,0.03125,1.0,0.19543942063026032
lipid,C29H50NO12P,29,50,12,1,0,1,1.7241379310344827,0.41379310344827586,0.034482758620689655,0.0,0.034482758620689655,1.0,0.19543942063026032
lipid,C31H58NO10P,31,58,10,1,0,1,1.8709677419354838,0.3225806451612903,0.03225806451612903,0.0,0.03225806451612903,1.0,0.19543942063026032
lipid,C33H66NO8P,33,66,8,1,0,1,2.0,0.24242424242424243,0.030303030303030304,0.0,0.030303030303030304,1.0,0.19543942063026032
lipid,C34H70NO7P,34,70,7,1,0,1,2.0588235294117645,0.20588235294117646,0.029411764705882353,0.0,0.029411764705882353,1.0,0.19543942063026032
lipid,C30H53O12P,30,53,12,0,0,1,1.7666666666666666,0.4,0.0,0.0,0.03333333333333333,0.0,0.19543942063026032
lipid,C31H57O11P,31,57,11,0,0,1,1.8387096774193548,0.3548387096774194,0.0,0.0,0.03225806451612903,0.0,0.19543942063026032
lipid,C32H61O10P,32,61,10,0,0,1,1.90625,0.3125,0.0,0.0,0.03125,0.0,0.19543942063026032
lipid,C29H52NO12P,29,52,12,1,0,1,1.793103448275862,0.41379310344827586,0.034482758620689655,0.0,0.034482758620689655,1.0,0.19543942063026032
lipid,C30H54NO11P,30,54,11,1,0,1,1.8,0.36666666666666664,0.03333333333333333,0.0,0.03333333333333333,1.0,0.19543942063026032
lipid,C31H54NO11P,31,54,11,1,0,1,1.7419354838709677,0.3548387096774194,0.03225806451612903,0.0,0.03225806451612903,1.0,0.19543942063026032
lipid,C31H61O12P,31,61,12,0,0,1,1.967741935483871,0.3870967741935484,0.0,0.0,0.03225806451612903,0.0,0.19543942063026032
lipid,C34H66NO8P,34,66,8,1,0,1,1.9411764705882353,0.23529411764705882,0.029411764705882353,0.0,0.029411764705882353,1.0,0.19543942063026032
lipid,C36H61O8P,36,61,8,0,0,1,1.6944444444444444,0.2222222222222222,0.0,0.0,0.027777777777777776,0.0,0.19543942063026032
lipid,C33H65O10P,33,65,10,0,0,1,1.9696969696969697,0.30303030303030304,0.0,0.0,0.030303030303030304,0.0,0.19543942063026032
lipid,C37H65O7P,37,65,7,0,0,1,1.7567567567567568,0.1891891891891892,0.0,0.0,0.02702702702702703,0.0,0.19543942063026032
lipid,C34H69O9P,34,69,9,0,0,1,2.0294117647058822,0.2647058823529412,0.0,0.0,0.029411764705882353,0.0,0.19543942063026032
lipid,C29H52NO13P,29,52,13,1,0,1,1.793103448275862,0.4482758620689655,0.034482758620689655,0.0,0.034482758620689655,1.0,0.19543942063026032
lipid,C30H55O13P,30,55,13,0,0,1,1.8333333333333333,0.43333333333333335,0.0,0.0,0.03333333333333333,0.0,0.19543942063026032
lipid,C31H59O12P,31,59,12,0,0,1,1.903225806451613,0.3870967741935484,0.0,0.0,0.03225806451612903,0.0,0.19543942063026032
lipid,C31H57O12P,31,57,12,0,0,1,1.8387096774193548,0.3870967741935484,0.0,0.0,0.03225806451612903,0.0,0.19543942063026032
lipid,C36H63O8P,36,63,8,0,0,1,1.75,0.2222222222222222,0.0,0.0,0.027777777777777776,0.0,0.19543942063026032
lipid,C35H62NO8P,35,62,8,1,0,1,1.7714285714285714,0.22857142857142856,0.02857142857142857,0.0,0.02857142857142857,1.0,0.19543942063026032
lipid,C36H65O8P,36,65,8,0,0,1,1.8055555555555556,0.2222222222222222,0.0,0.0,0.027777777777777776,0.0,0.19543942063026032
lipid,C37H69O7P,37,69,7,0,0,1,1.864864864864865,0.1891891891891892,0.0,0.0,0.02702702702702703,0.0,0.19543942063026032
lipid,C35H64NO8P,35,64,8,1,0,1,1.8285714285714285,0.22857142857142856,0.02857142857142857,0.0,0.02857142857142857,1.0,0.19543942063026032
lipid,C37H71O7P,37,71,7,0,0,1,1.9189189189189189,0.1891891891891892,0.0,0.0,0.02702702702702703,0.0,0.19543942063026032
lipid,C30H52NO11P,30,52,11,1,0,1,1.7333333333333334,0.36666666666666664,0.03333333333333333,0.0,0.03333333333333333,1.0,0.19543942063026032
lipid,C36H67O8P,36,67,8,0,0,1,1.8611111111111112,0.2222222222222222,0.0,0.0,0.027777777777777776,0.0,0.19543942063026032
lipid,C37H67O7P,37,67,7,0,0,1,1.8108108108108107,0.1891891891891892,0.0,0.0,0.02702702702702703,0.0,0.19543942063026032
lipid,C32H58NO10P,32,58,10,1,0,1,1.8125,0.3125,0.03125,0.0,0.03125,1.0,0.19543942063026032
lipid,C30H53O13P,30,53,13,0,0,1,1.7666666666666666,0.43333333333333335,0.0,0.0,0.03333333333333333,0.0,0.19543942063026032
lipid,C32H62NO10P,32,62,10,1,0,1,1.9375,0.3125,0.03125,0.0,0.03125,1.0,0.19543942063026032
lipid,C35H70NO7P,35,70,7,1,0,1,2.0,0.2,0.02857142857142857,0.0,0.02857142857142857,1.0,0.19543942063026032
lipid,C31H53O12P,31,53,12,0,0,1,1.7096774193548387,0.3870967741935484,0.0,0.0,0.03225806451612903,0.0,0.19543942063026032
lipid,C35H69O8P,35,69,8,0,0,1,1.9714285714285715,0.22857142857142856,0.0,0.0,0.02857142857142857,0.0,0.19543942063026032
lipid,C36H73O7P,36,73,7,0,0,1,2.0277777777777777,0.19444444444444445,0.0,0.0,0.027777777777777776,0.0,0.19543942063026032
lipid,C30H52NO12P,30,52,12,1,0,1,1.7333333333333334,0.4,0.03333333333333333,0.0,0.03333333333333333,1.0,0.19543942063026032
lipid,C31H56NO11P,31,56,11,1,0,1,1.8064516129032258,0.3548387096774194,0.03225806451612903,0.0,0.03225806451612903,1.0,0.19543942063026032
lipid,C32H60NO10P,32,60,10,1,0,1,1.875,0.3125,0.03125,0.0,0.03125,1.0,0.19543942063026032
lipid,C33H66NO9P,33,66,9,1,0,1,2.0,0.2727272727272727,0.030303030303030304,0.0,0.030303030303030304,1.0,0.19543942063026032
lipid,C33H64NO9P,33,64,9,1,0,1,1.9393939393939394,0.2727272727272727,0.030303030303030304,0.0,0.030303030303030304,1.0,0.19543942063026032
lipid,C35H72NO7P,35,72,7,1,0,1,2.057142857142857,0.2,0.02857142857142857,0.0,0.02857142857142857,1.0,0.19543942063026032
lipid,C31H55O12P,31,55,12,0,0,1,1.7741935483870968,0.3870967741935484,0.0,0.0,0.03225806451612903,0.0,0.19543942063026032
lipid,C33H63O10P,33,63,10,0,0,1,1.9090909090909092,0.30303030303030304,0.0,0.0,0.030303030303030304,0.0,0.19543942063026032
lipid,C34H67O9P,34,67,9,0,0,1,1.9705882352941178,0.2647058823529412,0.0,0.0,0.029411764705882353,0.0,0.19543942063026032
lipid,C29H50NO13P,29,50,13,1,0,1,1.7241379310344827,0.4482758620689655,0.034482758620689655,0.0,0.034482758620689655,1.0,0.19543942063026032
lipid,C30H54NO12P,30,54,12,1,0,1,1.8,0.4,0.03333333333333333,0.0,0.03333333333333333,1.0,0.19543942063026032
lipid,C31H58NO11P,31,58,11,1,0,1,1.8709677419354838,0.3548387096774194,0.03225806451612903,0.0,0.03225806451612903,1.0,0.19543942063026032
lipid,C34H68NO8P,34,68,8,1,0,1,2.0,0.23529411764705882,0.029411764705882353,0.0,0.029411764705882353,1.0,0.19543942063026032
lipid,C35H69O7P,35,69,7,0,0,1,1.9714285714285715,0.2,0.0,0.0,0.02857142857142857,0.0,0.19543942063026032
lipid,C32H59O8P,32,59,8,0,0,1,1.84375,0.25,0.0,0.0,0.03125,0.0,0.19543942063026032
lipid,C33H62NO8P,33,62,8,1,0,1,1.878787878787879,0.24242424242424243,0.030303030303030304,0.0,0.030303030303030304,1.0,0.19543942063026032
lipid,C30H55O10P,30,55,10,0,0,1,1.8333333333333333,0.3333333333333333,0.0,0.0,0.03333333333333333,0.0,0.19543942063026032
lipid,C32H63O8P,32,63,8,0,0,1,1.96875,0.25,0.0,0.0,0.03125,0.0,0.19543942063026032
lipid,C33H67O7P,33,67,7,0,0,1,2.0303030303030303,0.21212121212121213,0.0,0.0,0.030303030303030304,0.0,0.19543942063026032
lipid,C28H50NO11P,28,50,11,1,0,1,1.7857142857142858,0.39285714285714285,0.03571428571428571,0.0,0.03571428571428571,1.0,0.19543942063026032
lipid,C29H54NO10P,29,54,10,1,0,1,1.8620689655172413,0.3448275862068966,0.034482758620689655,0.0,0.034482758620689655,1.0,0.19543942063026032
lipid,C30H58NO9P,30,58,9,1,0,1,1.9333333333333333,0.3,0.03333333333333333,0.0,0.03333333333333333,1.0,0.19543942063026032
lipid,C31H62NO8P,31,62,8,1,0,1,2.0,0.25806451612903225,0.03225806451612903,0.0,0.03225806451612903,1.0,0.19543942063026032
lipid,C31H64NO7P,31,64,7,1,0,1,2.064516129032258,0.22580645161290322,0.03225806451612903,0.0,0.03225806451612903,1.0,0.19543942063026032
lipid,C32H66NO7P,32,66,7,1,0,1,2.0625,0.21875,0.03125,0.0,0.03125,1.0,0.19543942063026032
lipid,C28H52NO11P,28,52,11,1,0,1,1.8571428571428572,0.39285714285714285,0.03571428571428571,0.0,0.03571428571428571,1.0,0.19543942063026032
lipid,C29H56NO10P,29,56,10,1,0,1,1.9310344827586208,0.3448275862068966,0.034482758620689655,0.0,0.034482758620689655,1.0,0.19543942063026032
lipid,C30H60NO9P,30,60,9,1,0,1,2.0,0.3,0.03333333333333333,0.0,0.03333333333333333,1.0,0.19543942063026032
lipid,C28H51O12P,28,51,12,0,0,1,1.8214285714285714,0.42857142857142855,0.0,0.0,0.03571428571428571,0.0,0.19543942063026032
lipid,C30H59O10P,30,59,10,0,0,1,1.9666666666666666,0.3333333333333333,0.0,0.0,0.03333333333333333,0.0,0.19543942063026032
lipid,C27H50NO12P,27,50,12,1,0,1,1.8518518518518519,0.4444444444444444,0.037037037037037035,0.0,0.037037037037037035,1.0,0.19543942063026032
lipid,C30H62NO9P,30,62,9,1,0,1,2.066666666666667,0.3,0.03333333333333333,0.0,0.03333333333333333,1.0,0.19543942063026032
lipid,C29H53O11P,29,53,11,0,0,1,1.8275862068965518,0.3793103448275862,0.0,0.0,0.034482758620689655,0.0,0.19543942063026032
lipid,C28H53O12P,28,53,12,0,0,1,1.8928571428571428,0.42857142857142855,0.0,0.0,0.03571428571428571,0.0,0.19543942063026032
lipid,C27H47O12P,27,47,12,0,0,1,1.7407407407407407,0.4444444444444444,0.0,0.0,0.037037037037037035,0.0,0.19543942063026032
lipid,C27H50NO11P,27,50,11,1,0,1,1.8518518518518519,0.4074074074074074,0.037037037037037035,0.0,0.037037037037037035,1.0,0.19543942063026032
lipid,C33H58NO10P,33,58,10,1,0,1,1.7575757575757576,0.30303030303030304,0.030303030303030304,0.0,0.030303030303030304,1.0,0.19543942063026032
lipid,C29H51O11P,29,51,11,0,0,1,1.7586206896551724,0.3793103448275862,0.0,0.0,0.034482758620689655,0.0,0.19543942063026032
lipid,C32H64NO7P,32,64,7,1,0,1,2.0,0.21875,0.03125,0.0,0.03125,1.0,0.19543942063026032
lipid,C31H60NO8P,31,60,8,1,0,1,1.935483870967742,0.25806451612903225,0.03225806451612903,0.0,0.03225806451612903,1.0,0.19543942063026032
lipid,C30H56NO9P,30,56,9,1,0,1,1.8666666666666667,0.3,0.03333333333333333,0.0,0.03333333333333333,1.0,0.19543942063026032
lipid,C29H52NO10P,29,52,10,1,0,1,1.793103448275862,0.3448275862068966,0.034482758620689655,0.0,0.034482758620689655,1.0,0.19543942063026032
lipid,C33H65O7P,33,65,7,0,0,1,1.9696969696969697,0.21212121212121213,0.0,0.0,0.030303030303030304,0.0,0.19543942063026032
lipid,C28H51O11P,28,51,11,0,0,1,1.8214285714285714,0.39285714285714285,0.0,0.0,0.03571428571428571,0.0,0.19543942063026032
lipid,C32H61O8P,32,61,8,0,0,1,1.90625,0.25,0.0,0.0,0.03125,0.0,0.19543942063026032
lipid,C33H63O7P,33,63,7,0,0,1,1.9090909090909092,0.21212121212121213,0.0,0.0,0.030303030303030304,0.0,0.19543942063026032
lipid,C27H53O12P,27,53,12,0,0,1,1.962962962962963,0.4444444444444444,0.0,0.0,0.037037037037037035,0.0,0.19543942063026032
lipid,C27H51O12P,27,51,12,0,0,1,1.8888888888888888,0.4444444444444444,0.0,0.0,0.037037037037037035,0.0,0.19543942063026032
lipid,C29H60NO9P,29,60,9,1,0,1,2.0689655172413794,0.3103448275862069,0.034482758620689655,0.0,0.034482758620689655,1.0,0.19543942063026032
lipid,C26H48NO12P,26,48,12,1,0,1,1.8461538461538463,0.46153846153846156,0.038461538461538464,0.0,0.038461538461538464,1.0,0.19543942063026032
lipid,C27H49O12P,27,49,12,0,0,1,1.8148148148148149,0.4444444444444444,0.0,0.0,0.037037037037037035,0.0,0.19543942063026032
lipid,C28H54NO10P,28,54,10,1,0,1,1.9285714285714286,0.35714285714285715,0.03571428571428571,0.0,0.03571428571428571,1.0,0.19543942063026032
lipid,C29H49O11P,29,49,11,0,0,1,1.6896551724137931,0.3793103448275862,0.0,0.0,0.034482758620689655,0.0,0.19543942063026032
lipid,C34H65O8P,34,65,8,0,0,1,1.911764705882353,0.23529411764705882,0.0,0.0,0.029411764705882353,0.0,0.19543942063026032
lipid,C29H57O11P,29,57,11,0,0,1,1.9655172413793103,0.3793103448275862,0.0,0.0,0.034482758620689655,0.0,0.19543942063026032
lipid,C28H55O12P,28,55,12,0,0,1,1.9642857142857142,0.42857142857142855,0.0,0.0,0.03571428571428571,0.0,0.19543942063026032
lipid,C33H68NO7P,33,68,7,1,0,1,2.0606060606060606,0.21212121212121213,0.030303030303030304,0.0,0.030303030303030304,1.0,0.19543942063026032
lipid,C29H51O12P,29,51,12,0,0,1,1.7586206896551724,0.41379310344827586,0.0,0.0,0.034482758620689655,0.0,0.19543942063026032
lipid,C28H50NO12P,28,50,12,1,0,1,1.7857142857142858,0.42857142857142855,0.03571428571428571,0.0,0.03571428571428571,1.0,0.19543942063026032
lipid,C29H54NO11P,29,54,11,1,0,1,1.8620689655172413,0.3793103448275862,0.034482758620689655,0.0,0.034482758620689655,1.0,0.19543942063026032
lipid,C30H58NO10P,30,58,10,1,0,1,1.9333333333333333,0.3333333333333333,0.03333333333333333,0.0,0.03333333333333333,1.0,0.19543942063026032
lipid,C31H62NO9P,31,62,9,1,0,1,2.0,0.2903225806451613,0.03225806451612903,0.0,0.03225806451612903,1.0,0.19543942063026032
lipid,C29H53O12P,29,53,12,0,0,1,1.8275862068965518,0.41379310344827586,0.0,0.0,0.034482758620689655,0.0,0.19543942063026032
lipid,C32H64NO8P,32,64,8,1,0,1,2.0,0.25,0.03125,0.0,0.03125,1.0,0.19543942063026032
lipid,C31H61O10P,31,61,10,0,0,1,1.967741935483871,0.3225806451612903,0.0,0.0,0.03225806451612903,0.0,0.19543942063026032
lipid,C29H55O12P,29,55,12,0,0,1,1.896551724137931,0.41379310344827586,0.0,0.0,0.034482758620689655,0.0,0.19543942063026032
lipid,C34H59O8P,34,59,8,0,0,1,1.7352941176470589,0.23529411764705882,0.0,0.0,0.029411764705882353,0.0,0.19543942063026032
lipid,C29H57O12P,29,57,12,0,0,1,1.9655172413793103,0.41379310344827586,0.0,0.0,0.034482758620689655,0.0,0.19543942063026032
lipid,C34H61O8P,34,61,8,0,0,1,1.7941176470588236,0.23529411764705882,0.0,0.0,0.029411764705882353,0.0,0.19543942063026032
lipid,C34H63O8P,34,63,8,0,0,1,1.8529411764705883,0.23529411764705882,0.0,0.0,0.029411764705882353,0.0,0.19543942063026032
lipid,C35H67O7P,35,67,7,0,0,1,1.9142857142857144,0.2,0.0,0.0,0.02857142857142857,0.0,0.19543942063026032
lipid,C31H54NO10P,31,54,10,1,0,1,1.7419354838709677,0.3225806451612903,0.03225806451612903,0.0,0.03225806451612903,1.0,0.19543942063026032
lipid,C31H64NO9P,31,64,9,1,0,1,2.064516129032258,0.2903225806451613,0.03225806451612903,0.0,0.03225806451612903,1.0,0.19543942063026032
lipid,C33H57O8P,33,57,8,0,0,1,1.7272727272727273,0.24242424242424243,0.0,0.0,0.030303030303030304,0.0,0.19543942063026032
lipid,C30H56NO10P,30,56,10,1,0,1,1.8666666666666667,0.3333333333333333,0.03333333333333333,0.0,0.03333333333333333,1.0,0.19543942063026032
lipid,C34H69O7P,34,69,7,0,0,1,2.0294117647058822,0.20588235294117646,0.0,0.0,0.029411764705882353,0.0,0.19543942063026032
lipid,C29H59O11P,29,59,11,0,0,1,2.0344827586206895,0.3793103448275862,0.0,0.0,0.034482758620689655,0.0,0.19543942063026032
lipid,C33H59O8P,33,59,8,0,0,1,1.7878787878787878,0.24242424242424243,0.0,0.0,0.030303030303030304,0.0,0.19543942063026032
lipid,C33H61O8P,33,61,8,0,0,1,1.8484848484848484,0.24242424242424243,0.0,0.0,0.030303030303030304,0.0,0.19543942063026032
lipid,C34H65O7P,34,65,7,0,0,1,1.911764705882353,0.20588235294117646,0.0,0.0,0.029411764705882353,0.0,0.19543942063026032
lipid,C30H52NO10P,30,52,10,1,0,1,1.7333333333333334,0.3333333333333333,0.03333333333333333,0.0,0.03333333333333333,1.0,0.19543942063026032
lipid,C29H47O12P,29,47,12,0,0,1,1.6206896551724137,0.41379310344827586,0.0,0.0,0.034482758620689655,0.0,0.19543942063026032
lipid,C31H55O10P,31,55,10,0,0,1,1.7741935483870968,0.3225806451612903,0.0,0.0,0.03225806451612903,0.0,0.19543942063026032
lipid,C29H52NO11P,29,52,11,1,0,1,1.793103448275862,0.3793103448275862,0.034482758620689655,0.0,0.034482758620689655,1.0,0.19543942063026032
lipid,C33H63O8P,33,63,8,0,0,1,1.9090909090909092,0.24242424242424243,0.0,0.0,0.030303030303030304,0.0,0.19543942063026032
lipid,C30H54NO10P,30,54,10,1,0,1,1.8,0.3333333333333333,0.03333333333333333,0.0,0.03333333333333333,1.0,0.19543942063026032
lipid,C31H58NO9P,31,58,9,1,0,1,1.8709677419354838,0.2903225806451613,0.03225806451612903,0.0,0.03225806451612903,1.0,0.19543942063026032
lipid,C32H62NO8P,32,62,8,1,0,1,1.9375,0.25,0.03125,0.0,0.03125,1.0,0.19543942063026032
lipid,C33H66NO7P,33,66,7,1,0,1,2.0,0.21212121212121213,0.030303030303030304,0.0,0.030303030303030304,1.0,0.19543942063026032
lipid,C29H49O12P,29,49,12,0,0,1,1.6896551724137931,0.41379310344827586,0.0,0.0,0.034482758620689655,0.0,0.19543942063026032
lipid,C31H57O10P,31,57,10,0,0,1,1.8387096774193548,0.3225806451612903,0.0,0.0,0.03225806451612903,0.0,0.19543942063026032
lipid,C33H65O8P,33,65,8,0,0,1,1.9696969696969697,0.24242424242424243,0.0,0.0,0.030303030303030304,0.0,0.19543942063026032
lipid,C34H67O7P,34,67,7,0,0,1,1.9705882352941178,0.20588235294117646,0.0,0.0,0.029411764705882353,0.0,0.19543942063026032
lipid,C35H66NO8P,35,66,8,1,0,1,1.8857142857142857,0.22857142857142856,0.02857142857142857,0.0,0.02857142857142857,1.0,0.19543942063026032
lipid,C46H72NO10P,46,72,10,1,0,1,1.565217391304348,0.21739130434782608,0.021739130434782608,0.0,0.021739130434782608,1.0,0.19543942063026032
lipid,C33H57O11P,33,57,11,0,0,1,1.7272727272727273,0.3333333333333333,0.0,0.0,0.030303030303030304,0.0,0.19543942063026032
lipid,C34H60NO11P,34,60,11,1,0,1,1.7647058823529411,0.3235294117647059,0.029411764705882353,0.0,0.029411764705882353,1.0,0.19543942063026032
lipid,C35H64NO10P,35,64,10,1,0,1,1.8285714285714285,0.2857142857142857,0.02857142857142857,0.0,0.02857142857142857,1.0,0.19543942063026032
lipid,C36H68NO9P,36,68,9,1,0,1,1.8888888888888888,0.25,0.027777777777777776,0.0,0.027777777777777776,1.0,0.19543942063026032
lipid,C37H72NO8P,37,72,8,1,0,1,1.945945945945946,0.21621621621621623,0.02702702702702703,0.0,0.02702702702702703,1.0,0.19543942063026032
lipid,C38H76NO7P,38,76,7,1,0,1,2.0,0.18421052631578946,0.02631578947368421,0.0,0.02631578947368421,1.0,0.19543942063026032
lipid,C39H63O8P,39,63,8,0,0,1,1.6153846153846154,0.20512820512820512,0.0,0.0,0.02564102564102564,0.0,0.19543942063026032
lipid,C36H67O10P,36,67,10,0,0,1,1.8611111111111112,0.2777777777777778,0.0,0.0,0.027777777777777776,0.0,0.19543942063026032
lipid,C39H77O7P,39,77,7,0,0,1,1.9743589743589745,0.1794871794871795,0.0,0.0,0.02564102564102564,0.0,0.19543942063026032
lipid,C37H71O9P,37,71,9,0,0,1,1.9189189189189189,0.24324324324324326,0.0,0.0,0.02702702702702703,0.0,0.19543942063026032
lipid,C39H79O7P,39,79,7,0,0,1,2.0256410256410255,0.1794871794871795,0.0,0.0,0.02564102564102564,0.0,0.19543942063026032
lipid,C32H54NO13P,32,54,13,1,0,1,1.6875,0.40625,0.03125,0.0,0.03125,1.0,0.19543942063026032
lipid,C34H62NO11P,34,62,11,1,0,1,1.8235294117647058,0.3235294117647059,0.029411764705882353,0.0,0.029411764705882353,1.0,0.19543942063026032
lipid,C35H66NO10P,35,66,10,1,0,1,1.8857142857142857,0.2857142857142857,0.02857142857142857,0.0,0.02857142857142857,1.0,0.19543942063026032
lipid,C36H70NO9P,36,70,9,1,0,1,1.9444444444444444,0.25,0.027777777777777776,0.0,0.027777777777777776,1.0,0.19543942063026032
lipid,C37H74NO8P,37,74,8,1,0,1,2.0,0.21621621621621623,0.02702702702702703,0.0,0.02702702702702703,1.0,0.19543942063026032
lipid,C38H78NO7P,38,78,7,1,0,1,2.0526315789473686,0.18421052631578946,0.02631578947368421,0.0,0.02631578947368421,1.0,0.19543942063026032
lipid,C38H75O8P,38,75,8,0,0,1,1.9736842105263157,0.21052631578947367,0.0,0.0,0.02631578947368421,0.0,0.19543942063026032
lipid,C34H61O12P,34,61,12,0,0,1,1.7941176470588236,0.35294117647058826,0.0,0.0,0.029411764705882353,0.0,0.19543942063026032
lipid,C38H73O8P,38,73,8,0,0,1,1.9210526315789473,0.21052631578947367,0.0,0.0,0.02631578947368421,0.0,0.19543942063026032
lipid,C39H61O8P,39,61,8,0,0,1,1.564102564102564,0.20512820512820512,0.0,0.0,0.02564102564102564,0.0,0.19543942063026032
lipid,C31H55O14P,31,55,14,0,0,1,1.7741935483870968,0.45161290322580644,0.0,0.0,0.03225806451612903,0.0,0.19543942063026032
lipid,C38H67O8P,38,67,8,0,0,1,1.763157894736842,0.21052631578947367,0.0,0.0,0.02631578947368421,0.0,0.19543942063026032
lipid,C39H71O7P,39,71,7,0,0,1,1.8205128205128205,0.1794871794871795,0.0,0.0,0.02564102564102564,0.0,0.19543942063026032
lipid,C37H66NO8P,37,66,8,1,0,1,1.7837837837837838,0.21621621621621623,0.02702702702702703,0.0,0.02702702702702703,1.0,0.19543942063026032
lipid,C39H74NO6P,39,74,6,1,0,1,1.8974358974358974,0.15384615384615385,0.02564102564102564,0.0,0.02564102564102564,1.0,0.19543942063026032
lipid,C31H57O14P,31,57,14,0,0,1,1.8387096774193548,0.45161290322580644,0.0,0.0,0.03225806451612903,0.0,0.19543942063026032
lipid,C38H69O8P,38,69,8,0,0,1,1.8157894736842106,0.21052631578947367,0.0,0.0,0.02631578947368421,0.0,0.19543942063026032
lipid,C36H65O10P,36,65,10,0,0,1,1.8055555555555556,0.2777777777777778,0.0,0.0,0.027777777777777776,0.0,0.19543942063026032
lipid,C39H73O7P,39,73,7,0,0,1,1.8717948717948718,0.1794871794871795,0.0,0.0,0.02564102564102564,0.0,0.19543942063026032
lipid,C38H72NO7P,38,72,7,1,0,1,1.894736842105263,0.18421052631578946,0.02631578947368421,0.0,0.02631578947368421,1.0,0.19543942063026032
lipid,C36H63O10P,36,63,10,0,0,1,1.75,0.2777777777777778,0.0,0.0,0.027777777777777776,0.0,0.19543942063026032
lipid,C38H71O8P,38,71,8,0,0,1,1.868421052631579,0.21052631578947367,0.0,0.0,0.02631578947368421,0.0,0.19543942063026032
lipid,C39H75O7P,39,75,7,0,0,1,1.9230769230769231,0.1794871794871795,0.0,0.0,0.02564102564102564,0.0,0.19543942063026032
lipid,C35H62NO10P,35,62,10,1,0,1,1.7714285714285714,0.2857142857142857,0.02857142857142857,0.0,0.02857142857142857,1.0,0.19543942063026032
lipid,C37H70NO8P,37,70,8,1,0,1,1.8918918918918919,0.21621621621621623,0.02702702702702703,0.0,0.02702702702702703,1.0,0.19543942063026032
lipid,C38H74NO7P,38,74,7,1,0,1,1.9473684210526316,0.18421052631578946,0.02631578947368421,0.0,0.02631578947368421,1.0,0.19543942063026032
lipid,C37H68NO8P,37,68,8,1,0,1,1.837837837837838,0.21621621621621623,0.02702702702702703,0.0,0.02702702702702703,1.0,0.19543942063026032
lipid,C37H64NO8P,37,64,8,1,0,1,1.7297297297297298,0.21621621621621623,0.02702702702702703,0.0,0.02702702702702703,1.0,0.19543942063026032
lipid,C39H65O8P,39,65,8,0,0,1,1.6666666666666667,0.20512820512820512,0.0,0.0,0.02564102564102564,0.0,0.19543942063026032
lipid,C37H73O9P,37,73,9,0,0,1,1.972972972972973,0.24324324324324326,0.0,0.0,0.02702702702702703,0.0,0.19543942063026032
lipid,C38H70NO8P,38,70,8,1,0,1,1.8421052631578947,0.21052631578947367,0.02631578947368421,0.0,0.02631578947368421,1.0,0.19543942063026032
lipid,C39H74NO7P,39,74,7,1,0,1,1.8974358974358974,0.1794871794871795,0.02564102564102564,0.0,0.02564102564102564,1.0,0.19543942063026032
lipid,C37H65O10P,37,65,10,0,0,1,1.7567567567567568,0.2702702702702703,0.0,0.0,0.02702702702702703,0.0,0.19543942063026032
lipid,C39H73O8P,39,73,8,0,0,1,1.8717948717948718,0.20512820512820512,0.0,0.0,0.02564102564102564,0.0,0.19543942063026032
lipid,C40H77O7P,40,77,7,0,0,1,1.925,0.175,0.0,0.0,0.025,0.0,0.19543942063026032
lipid,C36H64NO10P,36,64,10,1,0,1,1.7777777777777777,0.2777777777777778,0.027777777777777776,0.0,0.027777777777777776,1.0,0.19543942063026032
lipid,C38H72NO8P,38,72,8,1,0,1,1.894736842105263,0.21052631578947367,0.02631578947368421,0.0,0.02631578947368421,1.0,0.19543942063026032
lipid,C36H62NO10P,36,62,10,1,0,1,1.7222222222222223,0.2777777777777778,0.027777777777777776,0.0,0.027777777777777776,1.0,0.19543942063026032
lipid,C39H76NO7P,39,76,7,1,0,1,1.9487179487179487,0.1794871794871795,0.02564102564102564,0.0,0.02564102564102564,1.0,0.19543942063026032
lipid,C39H75O8P,39,75,8,0,0,1,1.9230769230769231,0.20512820512820512,0.0,0.0,0.02564102564102564,0.0,0.19543942063026032
lipid,C40H79O7P,40,79,7,0,0,1,1.975,0.175,0.0,0.0,0.025,0.0,0.19543942063026032
lipid,C35H62NO11P,35,62,11,1,0,1,1.7714285714285714,0.3142857142857143,0.02857142857142857,0.0,0.02857142857142857,1.0,0.19543942063026032
lipid,C36H66NO10P,36,66,10,1,0,1,1.8333333333333333,0.2777777777777778,0.027777777777777776,0.0,0.027777777777777776,1.0,0.19543942063026032
lipid,C37H70NO9P,37,70,9,1,0,1,1.8918918918918919,0.24324324324324326,0.02702702702702703,0.0,0.02702702702702703,1.0,0.19543942063026032
lipid,C38H74NO8P,38,74,8,1,0,1,1.9473684210526316,0.21052631578947367,0.02631578947368421,0.0,0.02631578947368421,1.0,0.19543942063026032
lipid,C39H78NO7P,39,78,7,1,0,1,2.0,0.1794871794871795,0.02564102564102564,0.0,0.02564102564102564,1.0,0.19543942063026032
lipid,C37H67O10P,37,67,10,0,0,1,1.8108108108108107,0.2702702702702703,0.0,0.0,0.02702702702702703,0.0,0.19543942063026032
lipid,C36H69O10P,36,69,10,0,0,1,1.9166666666666667,0.2777777777777778,0.0,0.0,0.027777777777777776,0.0,0.19543942063026032
lipid,C40H75O7P,40,75,7,0,0,1,1.875,0.175,0.0,0.0,0.025,0.0,0.19543942063026032
lipid,C30H60NO8P,30,60,8,1,0,1,2.0,0.26666666666666666,0.03333333333333333,0.0,0.03333333333333333,1.0,0.19543942063026032
lipid,C32H56NO13P,32,56,13,1,0,1,1.75,0.40625,0.03125,0.0,0.03125,1.0,0.19543942063026032
lipid,C33H60NO12P,33,60,12,1,0,1,1.8181818181818181,0.36363636363636365,0.030303030303030304,0.0,0.030303030303030304,1.0,0.19543942063026032
lipid,C35H68NO10P,35,68,10,1,0,1,1.9428571428571428,0.2857142857142857,0.02857142857142857,0.0,0.02857142857142857,1.0,0.19543942063026032
lipid,C36H72NO9P,36,72,9,1,0,1,2.0,0.25,0.027777777777777776,0.0,0.027777777777777776,1.0,0.19543942063026032
lipid,C34H63O12P,34,63,12,0,0,1,1.8529411764705883,0.35294117647058826,0.0,0.0,0.029411764705882353,0.0,0.19543942063026032
lipid,C39H67O8P,39,67,8,0,0,1,1.7179487179487178,0.20512820512820512,0.0,0.0,0.02564102564102564,0.0,0.19543942063026032
lipid,C36H71O10P,36,71,10,0,0,1,1.9722222222222223,0.2777777777777778,0.0,0.0,0.027777777777777776,0.0,0.19543942063026032
lipid,C39H71O8P,39,71,8,0,0,1,1.8205128205128205,0.20512820512820512,0.0,0.0,0.02564102564102564,0.0,0.19543942063026032
lipid,C37H75O9P,37,75,9,0,0,1,2.027027027027027,0.24324324324324326,0.0,0.0,0.02702702702702703,0.0,0.19543942063026032
lipid,C39H70NO7P,39,70,7,1,0,1,1.794871794871795,0.1794871794871795,0.02564102564102564,0.0,0.02564102564102564,1.0,0.19543942063026032
lipid,C32H57O14P,32,57,14,0,0,1,1.78125,0.4375,0.0,0.0,0.03125,0.0,0.19543942063026032
lipid,C39H69O8P,39,69,8,0,0,1,1.7692307692307692,0.20512820512820512,0.0,0.0,0.02564102564102564,0.0,0.19543942063026032
lipid,C38H68NO8P,38,68,8,1,0,1,1.7894736842105263,0.21052631578947367,0.02631578947368421,0.0,0.02631578947368421,1.0,0.19543942063026032
lipid,C39H72NO7P,39,72,7,1,0,1,1.8461538461538463,0.1794871794871795,0.02564102564102564,0.0,0.02564102564102564,1.0,0.19543942063026032
lipid,C31H55O15P,31,55,15,0,0,1,1.7741935483870968,0.4838709677419355,0.0,0.0,0.03225806451612903,0.0,0.19543942063026032
lipid,C33H63O13P,33,63,13,0,0,1,1.9090909090909092,0.3939393939393939,0.0,0.0,0.030303030303030304,0.0,0.19543942063026032
lipid,C38H66NO8P,38,66,8,1,0,1,1.736842105263158,0.21052631578947367,0.02631578947368421,0.0,0.02631578947368421,1.0,0.19543942063026032
lipid,C36H73O9P,36,73,9,0,0,1,2.0277777777777777,0.25,0.0,0.0,0.027777777777777776,0.0,0.19543942063026032
lipid,C39H69O7P,39,69,7,0,0,1,1.7692307692307692,0.1794871794871795,0.0,0.0,0.02564102564102564,0.0,0.19543942063026032
lipid,C35H69O10P,35,69,10,0,0,1,1.9714285714285715,0.2857142857142857,0.0,0.0,0.02857142857142857,0.0,0.19543942063026032
lipid,C37H61O8P,37,61,8,0,0,1,1.6486486486486487,0.21621621621621623,0.0,0.0,0.02702702702702703,0.0,0.19543942063026032
lipid,C34H65O10P,34,65,10,0,0,1,1.911764705882353,0.29411764705882354,0.0,0.0,0.029411764705882353,0.0,0.19543942063026032
lipid,C35H69O9P,35,69,9,0,0,1,1.9714285714285715,0.2571428571428571,0.0,0.0,0.02857142857142857,0.0,0.19543942063026032
lipid,C30H52NO13P,30,52,13,1,0,1,1.7333333333333334,0.43333333333333335,0.03333333333333333,0.0,0.03333333333333333,1.0,0.19543942063026032
lipid,C32H60NO11P,32,60,11,1,0,1,1.875,0.34375,0.03125,0.0,0.03125,1.0,0.19543942063026032
lipid,C33H64NO10P,33,64,10,1,0,1,1.9393939393939394,0.30303030303030304,0.030303030303030304,0.0,0.030303030303030304,1.0,0.19543942063026032
lipid,C34H68NO9P,34,68,9,1,0,1,2.0,0.2647058823529412,0.029411764705882353,0.0,0.029411764705882353,1.0,0.19543942063026032
lipid,C33H61O11P,33,61,11,0,0,1,1.8484848484848484,0.3333333333333333,0.0,0.0,0.030303030303030304,0.0,0.19543942063026032
lipid,C31H55O13P,31,55,13,0,0,1,1.7741935483870968,0.41935483870967744,0.0,0.0,0.03225806451612903,0.0,0.19543942063026032
lipid,C34H67O10P,34,67,10,0,0,1,1.9705882352941178,0.29411764705882354,0.0,0.0,0.029411764705882353,0.0,0.19543942063026032
lipid,C35H71O9P,35,71,9,0,0,1,2.0285714285714285,0.2571428571428571,0.0,0.0,0.02857142857142857,0.0,0.19543942063026032
lipid,C30H54NO13P,30,54,13,1,0,1,1.8,0.43333333333333335,0.03333333333333333,0.0,0.03333333333333333,1.0,0.19543942063026032
lipid,C31H58NO12P,31,58,12,1,0,1,1.8709677419354838,0.3870967741935484,0.03225806451612903,0.0,0.03225806451612903,1.0,0.19543942063026032
lipid,C31H57O13P,31,57,13,0,0,1,1.8387096774193548,0.41935483870967744,0.0,0.0,0.03225806451612903,0.0,0.19543942063026032
lipid,C37H65O8P,37,65,8,0,0,1,1.7567567567567568,0.21621621621621623,0.0,0.0,0.02702702702702703,0.0,0.19543942063026032
lipid,C36H64NO8P,36,64,8,1,0,1,1.7777777777777777,0.2222222222222222,0.027777777777777776,0.0,0.027777777777777776,1.0,0.19543942063026032
lipid,C37H63O8P,37,63,8,0,0,1,1.7027027027027026,0.21621621621621623,0.0,0.0,0.02702702702702703,0.0,0.19543942063026032
lipid,C30H55O14P,30,55,14,0,0,1,1.8333333333333333,0.4666666666666667,0.0,0.0,0.03333333333333333,0.0,0.19543942063026032
lipid,C32H57O12P,32,57,12,0,0,1,1.78125,0.375,0.0,0.0,0.03125,0.0,0.19543942063026032
lipid,C36H74NO7P,36,74,7,1,0,1,2.0555555555555554,0.19444444444444445,0.027777777777777776,0.0,0.027777777777777776,1.0,0.19543942063026032
lipid,C36H69O8P,36,69,8,0,0,1,1.9166666666666667,0.2222222222222222,0.0,0.0,0.027777777777777776,0.0,0.19543942063026032
lipid,C37H73O7P,37,73,7,0,0,1,1.972972972972973,0.1891891891891892,0.0,0.0,0.02702702702702703,0.0,0.19543942063026032
lipid,C31H52NO12P,31,52,12,1,0,1,1.6774193548387097,0.3870967741935484,0.03225806451612903,0.0,0.03225806451612903,1.0,0.19543942063026032
lipid,C33H60NO10P,33,60,10,1,0,1,1.8181818181818181,0.30303030303030304,0.030303030303030304,0.0,0.030303030303030304,1.0,0.19543942063026032
lipid,C35H68NO8P,35,68,8,1,0,1,1.9428571428571428,0.22857142857142856,0.02857142857142857,0.0,0.02857142857142857,1.0,0.19543942063026032
lipid,C36H72NO7P,36,72,7,1,0,1,2.0,0.19444444444444445,0.027777777777777776,0.0,0.027777777777777776,1.0,0.19543942063026032
lipid,C32H55O12P,32,55,12,0,0,1,1.71875,0.375,0.0,0.0,0.03125,0.0,0.19543942063026032
lipid,C31H53O13P,31,53,13,0,0,1,1.7096774193548387,0.41935483870967744,0.0,0.0,0.03225806451612903,0.0,0.19543942063026032
lipid,C33H59O11P,33,59,11,0,0,1,1.7878787878787878,0.3333333333333333,0.0,0.0,0.030303030303030304,0.0,0.19543942063026032
lipid,C36H71O8P,36,71,8,0,0,1,1.9722222222222223,0.2222222222222222,0.0,0.0,0.027777777777777776,0.0,0.19543942063026032
lipid,C37H75O7P,37,75,7,0,0,1,2.027027027027027,0.1891891891891892,0.0,0.0,0.02702702702702703,0.0,0.19543942063026032
lipid,C31H54NO12P,31,54,12,1,0,1,1.7419354838709677,0.3870967741935484,0.03225806451612903,0.0,0.03225806451612903,1.0,0.19543942063026032
lipid,C32H58NO11P,32,58,11,1,0,1,1.8125,0.34375,0.03125,0.0,0.03125,1.0,0.19543942063026032
lipid,C33H62NO10P,33,62,10,1,0,1,1.878787878787879,0.30303030303030304,0.030303030303030304,0.0,0.030303030303030304,1.0,0.19543942063026032
lipid,C34H66NO9P,34,66,9,1,0,1,1.9411764705882353,0.2647058823529412,0.029411764705882353,0.0,0.029411764705882353,1.0,0.19543942063026032
lipid,C35H70NO8P,35,70,8,1,0,1,2.0,0.22857142857142856,0.02857142857142857,0.0,0.02857142857142857,1.0,0.19543942063026032
lipid,C34H63O10P,34,63,10,0,0,1,1.8529411764705883,0.29411764705882354,0.0,0.0,0.029411764705882353,0.0,0.19543942063026032
lipid,C37H67O8P,37,67,8,0,0,1,1.8108108108108107,0.21621621621621623,0.0,0.0,0.02702702702702703,0.0,0.19543942063026032
lipid,C38H71O7P,38,71,7,0,0,1,1.868421052631579,0.18421052631578946,0.0,0.0,0.02631578947368421,0.0,0.19543942063026032
lipid,C36H66NO8P,36,66,8,1,0,1,1.8333333333333333,0.2222222222222222,0.027777777777777776,0.0,0.027777777777777776,1.0,0.19543942063026032
lipid,C35H68NO9P,35,68,9,1,0,1,1.9428571428571428,0.2571428571428571,0.02857142857142857,0.0,0.02857142857142857,1.0,0.19543942063026032
lipid,C36H72NO8P,36,72,8,1,0,1,2.0,0.2222222222222222,0.027777777777777776,0.0,0.027777777777777776,1.0,0.19543942063026032
lipid,C37H76NO7P,37,76,7,1,0,1,2.054054054054054,0.1891891891891892,0.02702702702702703,0.0,0.02702702702702703,1.0,0.19543942063026032
lipid,C32H55O13P,32,55,13,0,0,1,1.71875,0.40625,0.0,0.0,0.03125,0.0,0.19543942063026032
lipid,C38H63O8P,38,63,8,0,0,1,1.6578947368421053,0.21052631578947367,0.0,0.0,0.02631578947368421,0.0,0.19543942063026032
lipid,C35H67O10P,35,67,10,0,0,1,1.9142857142857144,0.2857142857142857,0.0,0.0,0.02857142857142857,0.0,0.19543942063026032
lipid,C39H67O7P,39,67,7,0,0,1,1.7179487179487178,0.1794871794871795,0.0,0.0,0.02564102564102564,0.0,0.19543942063026032
lipid,C34H64NO10P,34,64,10,1,0,1,1.8823529411764706,0.29411764705882354,0.029411764705882353,0.0,0.029411764705882353,1.0,0.19543942063026032
lipid,C36H71O9P,36,71,9,0,0,1,1.9722222222222223,0.25,0.0,0.0,0.027777777777777776,0.0,0.19543942063026032
lipid,C33H62NO11P,33,62,11,1,0,1,1.878787878787879,0.3333333333333333,0.030303030303030304,0.0,0.030303030303030304,1.0,0.19543942063026032
lipid,C34H66NO10P,34,66,10,1,0,1,1.9411764705882353,0.29411764705882354,0.029411764705882353,0.0,0.029411764705882353,1.0,0.19543942063026032
lipid,C35H70NO9P,35,70,9,1,0,1,2.0,0.2571428571428571,0.02857142857142857,0.0,0.02857142857142857,1.0,0.19543942063026032
lipid,C32H57O13P,32,57,13,0,0,1,1.78125,0.40625,0.0,0.0,0.03125,0.0,0.19543942063026032
lipid,C33H61O12P,33,61,12,0,0,1,1.8484848484848484,0.36363636363636365,0.0,0.0,0.030303030303030304,0.0,0.19543942063026032
lipid,C38H65O8P,38,65,8,0,0,1,1.7105263157894737,0.21052631578947367,0.0,0.0,0.02631578947368421,0.0,0.19543942063026032
lipid,C35H69O8PS,35,69,8,0,1,1,1.9714285714285715,0.22857142857142856,0.0,0.02857142857142857,0.02857142857142857,0.0,0.19543942063026032
lipid,C31H54NO13P,31,54,13,1,0,1,1.7419354838709677,0.41935483870967744,0.03225806451612903,0.0,0.03225806451612903,1.0,0.19543942063026032
lipid,C33H60NO11P,33,60,11,1,0,1,1.8181818181818181,0.3333333333333333,0.030303030303030304,0.0,0.030303030303030304,1.0,0.19543942063026032
lipid,C32H56NO12P,32,56,12,1,0,1,1.75,0.375,0.03125,0.0,0.03125,1.0,0.19543942063026032
lipid,C31H52NO13P,31,52,13,1,0,1,1.6774193548387097,0.41935483870967744,0.03225806451612903,0.0,0.03225806451612903,1.0,0.19543942063026032
lipid,C37H69O8P,37,69,8,0,0,1,1.864864864864865,0.21621621621621623,0.0,0.0,0.02702702702702703,0.0,0.19543942063026032
lipid,C38H73O7P,38,73,7,0,0,1,1.9210526315789473,0.18421052631578946,0.0,0.0,0.02631578947368421,0.0,0.19543942063026032
lipid,C34H60NO10P,34,60,10,1,0,1,1.7647058823529411,0.29411764705882354,0.029411764705882353,0.0,0.029411764705882353,1.0,0.19543942063026032
lipid,C36H68NO8P,36,68,8,1,0,1,1.8888888888888888,0.2222222222222222,0.027777777777777776,0.0,0.027777777777777776,1.0,0.19543942063026032
lipid,C37H72NO7P,37,72,7,1,0,1,1.945945945945946,0.1891891891891892,0.02702702702702703,0.0,0.02702702702702703,1.0,0.19543942063026032
lipid,C37H71O8P,37,71,8,0,0,1,1.9189189189189189,0.21621621621621623,0.0,0.0,0.02702702702702703,0.0,0.19543942063026032
lipid,C38H75O7P,38,75,7,0,0,1,1.9736842105263157,0.18421052631578946,0.0,0.0,0.02631578947368421,0.0,0.19543942063026032
lipid,C32H54NO12P,32,54,12,1,0,1,1.6875,0.375,0.03125,0.0,0.03125,1.0,0.19543942063026032
lipid,C33H58NO11P,33,58,11,1,0,1,1.7575757575757576,0.3333333333333333,0.030303030303030304,0.0,0.030303030303030304,1.0,0.19543942063026032
lipid,C34H62NO10P,34,62,10,1,0,1,1.8235294117647058,0.29411764705882354,0.029411764705882353,0.0,0.029411764705882353,1.0,0.19543942063026032
lipid,C35H66NO9P,35,66,9,1,0,1,1.8857142857142857,0.2571428571428571,0.02857142857142857,0.0,0.02857142857142857,1.0,0.19543942063026032
lipid,C36H70NO8P,36,70,8,1,0,1,1.9444444444444444,0.2222222222222222,0.027777777777777776,0.0,0.027777777777777776,1.0,0.19543942063026032
lipid,C37H74NO7P,37,74,7,1,0,1,2.0,0.1891891891891892,0.02702702702702703,0.0,0.02702702702702703,1.0,0.19543942063026032
lipid,C35H65O10P,35,65,10,0,0,1,1.8571428571428572,0.2857142857142857,0.0,0.0,0.02857142857142857,0.0,0.19543942063026032
lipid,C36H69O9P,36,69,9,0,0,1,1.9166666666666667,0.25,0.0,0.0,0.027777777777777776,0.0,0.19543942063026032
lipid,C37H73O8P,37,73,8,0,0,1,1.972972972972973,0.21621621621621623,0.0,0.0,0.02702702702702703,0.0,0.19543942063026032
lipid,C38H77O7P,38,77,7,0,0,1,2.026315789473684,0.18421052631578946,0.0,0.0,0.02631578947368421,0.0,0.19543942063026032
lipid,C36H70NO7P,36,70,7,1,0,1,1.9444444444444444,0.19444444444444445,0.027777777777777776,0.0,0.027777777777777776,1.0,0.19543942063026032
lipid,C29H56NO9P,29,56,9,1,0,1,1.9310344827586208,0.3103448275862069,0.034482758620689655,0.0,0.034482758620689655,1.0,0.19543942063026032
lipid,C20H40NO9P,20,40,9,1,0,1,2.0,0.45,0.05,0.0,0.05,1.0,0.19543942063026032
lipid,C32H65O7P,32,65,7,0,0,1,2.03125,0.21875,0.0,0.0,0.03125,0.0,0.19543942063026032
lipid,C21H42NO8P,21,42,8,1,0,1,2.0,0.38095238095238093,0.047619047619047616,0.0,0.047619047619047616,1.0,0.19543942063026032
lipid,C22H46NO7P,22,46,7,1,0,1,2.090909090909091,0.3181818181818182,0.045454545454545456,0.0,0.045454545454545456,1.0,0.19543942063026032
lipid,C23H50NO6P,23,50,6,1,0,1,2.1739130434782608,0.2608695652173913,0.043478260869565216,0.0,0.043478260869565216,1.0,0.19543942063026032
lipid,C21H41O9P,21,41,9,0,0,1,1.9523809523809523,0.42857142857142855,0.0,0.0,0.047619047619047616,0.0,0.19543942063026032
lipid,C22H45O8P,22,45,8,0,0,1,2.0454545454545454,0.36363636363636365,0.0,0.0,0.045454545454545456,0.0,0.19543942063026032
lipid,C40H65O8P,40,65,8,0,0,1,1.625,0.2,0.0,0.0,0.025,0.0,0.19543942063026032
lipid,C22H48NO7P,22,48,7,1,0,1,2.1818181818181817,0.3181818181818182,0.045454545454545456,0.0,0.045454545454545456,1.0,0.19543942063026032
lipid,C20H38NO9P,20,38,9,1,0,1,1.9,0.45,0.05,0.0,0.05,1.0,0.19543942063026032
lipid,C21H43O7PS,21,43,7,0,1,1,2.0476190476190474,0.3333333333333333,0.0,0.047619047619047616,0.047619047619047616,0.0,0.19543942063026032
lipid,C22H47O8P,22,47,8,0,0,1,2.1363636363636362,0.36363636363636365,0.0,0.0,0.045454545454545456,0.0,0.19543942063026032
lipid,C24H41O7P,24,41,7,0,0,1,1.7083333333333333,0.2916666666666667,0.0,0.0,0.041666666666666664,0.0,0.19543942063026032
lipid,C23H40NO7P,23,40,7,1,0,1,1.7391304347826086,0.30434782608695654,0.043478260869565216,0.0,0.043478260869565216,1.0,0.19543942063026032
lipid,C23H42NO7P,23,42,7,1,0,1,1.826086956521739,0.30434782608695654,0.043478260869565216,0.0,0.043478260869565216,1.0,0.19543942063026032
lipid,C23H44NO7P,23,44,7,1,0,1,1.9130434782608696,0.30434782608695654,0.043478260869565216,0.0,0.043478260869565216,1.0,0.19543942063026032
lipid,C24H48NO6P,24,48,6,1,0,1,2.0,0.25,0.041666666666666664,0.0,0.041666666666666664,1.0,0.19543942063026032
lipid,C23H46NO7P,23,46,7,1,0,1,2.0,0.30434782608695654,0.043478260869565216,0.0,0.043478260869565216,1.0,0.19543942063026032
lipid,C21H43O9P,21,43,9,0,0,1,2.0476190476190474,0.42857142857142855,0.0,0.0,0.047619047619047616,0.0,0.19543942063026032
lipid,C24H50NO6P,24,50,6,1,0,1,2.0833333333333335,0.25,0.041666666666666664,0.0,0.041666666666666664,1.0,0.19543942063026032
lipid,C23H47O7P,23,47,7,0,0,1,2.0434782608695654,0.30434782608695654,0.0,0.0,0.043478260869565216,0.0,0.19543942063026032
lipid,C22H44NO7P,22,44,7,1,0,1,2.0,0.3181818181818182,0.045454545454545456,0.0,0.045454545454545456,1.0,0.19543942063026032
lipid,C22H45O7P,22,45,7,0,0,1,2.0454545454545454,0.3181818181818182,0.0,0.0,0.045454545454545456,0.0,0.19543942063026032
lipid,C23H49O6P,23,49,6,0,0,1,2.130434782608696,0.2608695652173913,0.0,0.0,0.043478260869565216,0.0,0.19543942063026032
lipid,C20H40NO8P,20,40,8,1,0,1,2.0,0.4,0.05,0.0,0.05,1.0,0.19543942063026032
lipid,C21H44NO7P,21,44,7,1,0,1,2.0952380952380953,0.3333333333333333,0.047619047619047616,0.0,0.047619047619047616,1.0,0.19543942063026032
lipid,C22H48NO6P,22,48,6,1,0,1,2.1818181818181817,0.2727272727272727,0.045454545454545456,0.0,0.045454545454545456,1.0,0.19543942063026032
lipid,C20H39O9P,20,39,9,0,0,1,1.95,0.45,0.0,0.0,0.05,0.0,0.19543942063026032
lipid,C18H34NO10P,18,34,10,1,0,1,1.8888888888888888,0.5555555555555556,0.05555555555555555,0.0,0.05555555555555555,1.0,0.19543942063026032
lipid,C23H48NO6P,23,48,6,1,0,1,2.0869565217391304,0.2608695652173913,0.043478260869565216,0.0,0.043478260869565216,1.0,0.19543942063026032
lipid,C19H38NO9P,19,38,9,1,0,1,2.0,0.47368421052631576,0.05263157894736842,0.0,0.05263157894736842,1.0,0.19543942063026032
lipid,C23H37O7P,23,37,7,0,0,1,1.608695652173913,0.30434782608695654,0.0,0.0,0.043478260869565216,0.0,0.19543942063026032
lipid,C20H41O9P,20,41,9,0,0,1,2.05,0.45,0.0,0.0,0.05,0.0,0.19543942063026032
lipid,C23H39O7P,23,39,7,0,0,1,1.6956521739130435,0.30434782608695654,0.0,0.0,0.043478260869565216,0.0,0.19543942063026032
lipid,C23H41O7P,23,41,7,0,0,1,1.7826086956521738,0.30434782608695654,0.0,0.0,0.043478260869565216,0.0,0.19543942063026032
lipid,C23H43O7P,23,43,7,0,0,1,1.8695652173913044,0.30434782608695654,0.0,0.0,0.043478260869565216,0.0,0.19543942063026032
lipid,C22H42NO7P,22,42,7,1,0,1,1.9090909090909092,0.3181818181818182,0.045454545454545456,0.0,0.045454545454545456,1.0,0.19543942063026032
lipid,C23H45O7P,23,45,7,0,0,1,1.9565217391304348,0.30434782608695654,0.0,0.0,0.043478260869565216,0.0,0.19543942063026032
lipid,C21H46NO7P,21,46,7,1,0,1,2.1904761904761907,0.3333333333333333,0.047619047619047616,0.0,0.047619047619047616,1.0,0.19543942063026032
lipid,C22H46NO6P,22,46,6,1,0,1,2.090909090909091,0.2727272727272727,0.045454545454545456,0.0,0.045454545454545456,1.0,0.19543942063026032
lipid,C23H45O8P,23,45,8,0,0,1,1.9565217391304348,0.34782608695652173,0.0,0.0,0.043478260869565216,0.0,0.19543942063026032
lipid,C21H40NO9P,21,40,9,1,0,1,1.9047619047619047,0.42857142857142855,0.047619047619047616,0.0,0.047619047619047616,1.0,0.19543942063026032
lipid,C23H45O9P,23,45,9,0,0,1,1.9565217391304348,0.391304347826087,0.0,0.0,0.043478260869565216,0.0,0.19543942063026032
lipid,C24H49O8P,24,49,8,0,0,1,2.0416666666666665,0.3333333333333333,0.0,0.0,0.041666666666666664,0.0,0.19543942063026032
lipid,C22H44NO9P,22,44,9,1,0,1,2.0,0.4090909090909091,0.045454545454545456,0.0,0.045454545454545456,1.0,0.19543942063026032
lipid,C24H52NO7P,24,52,7,1,0,1,2.1666666666666665,0.2916666666666667,0.041666666666666664,0.0,0.041666666666666664,1.0,0.19543942063026032
lipid,C22H43O10P,22,43,10,0,0,1,1.9545454545454546,0.45454545454545453,0.0,0.0,0.045454545454545456,0.0,0.19543942063026032
lipid,C23H47O9P,23,47,9,0,0,1,2.0434782608695654,0.391304347826087,0.0,0.0,0.043478260869565216,0.0,0.19543942063026032
lipid,C24H51O8P,24,51,8,0,0,1,2.125,0.3333333333333333,0.0,0.0,0.041666666666666664,0.0,0.19543942063026032
lipid,C25H54NO6P,25,54,6,1,0,1,2.16,0.24,0.04,0.0,0.04,1.0,0.19543942063026032
lipid,C25H42NO7P,25,42,7,1,0,1,1.68,0.28,0.04,0.0,0.04,1.0,0.19543942063026032
lipid,C24H40NO8P,24,40,8,1,0,1,1.6666666666666667,0.3333333333333333,0.041666666666666664,0.0,0.041666666666666664,1.0,0.19543942063026032
lipid,C25H44NO7P,25,44,7,1,0,1,1.76,0.28,0.04,0.0,0.04,1.0,0.19543942063026032
lipid,C25H46NO7P,25,46,7,1,0,1,1.84,0.28,0.04,0.0,0.04,1.0,0.19543942063026032
lipid,C24H41O9P,24,41,9,0,0,1,1.7083333333333333,0.375,0.0,0.0,0.041666666666666664,0.0,0.19543942063026032
lipid,C25H48NO7P,25,48,7,1,0,1,1.92,0.28,0.04,0.0,0.04,1.0,0.19543942063026032
lipid,C26H52NO6P,26,52,6,1,0,1,2.0,0.23076923076923078,0.038461538461538464,0.0,0.038461538461538464,1.0,0.19543942063026032
lipid,C24H43O9P,24,43,9,0,0,1,1.7916666666666667,0.375,0.0,0.0,0.041666666666666664,0.0,0.19543942063026032
lipid,C22H46NO9P,22,46,9,1,0,1,2.090909090909091,0.4090909090909091,0.045454545454545456,0.0,0.045454545454545456,1.0,0.19543942063026032
lipid,C24H49O7P,24,49,7,0,0,1,2.0416666666666665,0.2916666666666667,0.0,0.0,0.041666666666666664,0.0,0.19543942063026032
lipid,C24H50NO7P,24,50,7,1,0,1,2.0833333333333335,0.2916666666666667,0.041666666666666664,0.0,0.041666666666666664,1.0,0.19543942063026032
lipid,C25H51O7P,25,51,7,0,0,1,2.04,0.28,0.0,0.0,0.04,0.0,0.19543942063026032
lipid,C22H44NO8P,22,44,8,1,0,1,2.0,0.36363636363636365,0.045454545454545456,0.0,0.045454545454545456,1.0,0.19543942063026032
lipid,C23H48NO7P,23,48,7,1,0,1,2.0869565217391304,0.30434782608695654,0.043478260869565216,0.0,0.043478260869565216,1.0,0.19543942063026032
lipid,C24H52NO6P,24,52,6,1,0,1,2.1666666666666665,0.25,0.041666666666666664,0.0,0.041666666666666664,1.0,0.19543942063026032
lipid,C25H39O7P,25,39,7,0,0,1,1.56,0.28,0.0,0.0,0.04,0.0,0.19543942063026032
lipid,C22H43O9P,22,43,9,0,0,1,1.9545454545454546,0.4090909090909091,0.0,0.0,0.045454545454545456,0.0,0.19543942063026032
lipid,C21H42NO9P,21,42,9,1,0,1,2.0,0.42857142857142855,0.047619047619047616,0.0,0.047619047619047616,1.0,0.19543942063026032
lipid,C22H46NO8P,22,46,8,1,0,1,2.090909090909091,0.36363636363636365,0.045454545454545456,0.0,0.045454545454545456,1.0,0.19543942063026032
lipid,C22H42NO9P,22,42,9,1,0,1,1.9090909090909092,0.4090909090909091,0.045454545454545456,0.0,0.045454545454545456,1.0,0.19543942063026032
lipid,C22H45O9P,22,45,9,0,0,1,2.0454545454545454,0.4090909090909091,0.0,0.0,0.045454545454545456,0.0,0.19543942063026032
lipid,C25H43O7P,25,43,7,0,0,1,1.72,0.28,0.0,0.0,0.04,0.0,0.19543942063026032
lipid,C25H46NO6P,25,46,6,1,0,1,1.84,0.24,0.04,0.0,0.04,1.0,0.19543942063026032
lipid,C25H47O7P,25,47,7,0,0,1,1.88,0.28,0.0,0.0,0.04,0.0,0.19543942063026032
lipid,C25H49O7P,25,49,7,0,0,1,1.96,0.28,0.0,0.0,0.04,0.0,0.19543942063026032
lipid,C24H48NO7P,24,48,7,1,0,1,2.0,0.2916666666666667,0.041666666666666664,0.0,0.041666666666666664,1.0,0.19543942063026032
lipid,C25H52NO6P,25,52,6,1,0,1,2.08,0.24,0.04,0.0,0.04,1.0,0.19543942063026032
lipid,C23H43O9P,23,43,9,0,0,1,1.8695652173913044,0.391304347826087,0.0,0.0,0.043478260869565216,0.0,0.19543942063026032
lipid,C21H44NO9P,21,44,9,1,0,1,2.0952380952380953,0.42857142857142855,0.047619047619047616,0.0,0.047619047619047616,1.0,0.19543942063026032
lipid,C23H42NO9P,23,42,9,1,0,1,1.826086956521739,0.391304347826087,0.043478260869565216,0.0,0.043478260869565216,1.0,0.19543942063026032
lipid,C21H42NO7P,21,42,7,1,0,1,2.0,0.3333333333333333,0.047619047619047616,0.0,0.047619047619047616,1.0,0.19543942063026032
lipid,C22H43O7P,22,43,7,0,0,1,1.9545454545454546,0.3181818181818182,0.0,0.0,0.045454545454545456,0.0,0.19543942063026032
lipid,C11H22NO7P,11,22,7,1,0,1,2.0,0.6363636363636364,0.09090909090909091,0.0,0.09090909090909091,1.0,0.19543942063026032
lipid,C11H24NO7P,11,24,7,1,0,1,2.1818181818181817,0.6363636363636364,0.09090909090909091,0.0,0.09090909090909091,1.0,0.19543942063026032
lipid,C12H26NO7P,12,26,7,1,0,1,2.1666666666666665,0.5833333333333334,0.08333333333333333,0.0,0.08333333333333333,1.0,0.19543942063026032
lipid,C13H30NO6P,13,30,6,1,0,1,2.3076923076923075,0.46153846153846156,0.07692307692307693,0.0,0.07692307692307693,1.0,0.19543942063026032
lipid,C12H24NO8P,12,24,8,1,0,1,2.0,0.6666666666666666,0.08333333333333333,0.0,0.08333333333333333,1.0,0.19543942063026032
lipid,C13H28NO7P,13,28,7,1,0,1,2.1538461538461537,0.5384615384615384,0.07692307692307693,0.0,0.07692307692307693,1.0,0.19543942063026032
lipid,C15H31O7P,15,31,7,0,0,1,2.066666666666667,0.4666666666666667,0.0,0.0,0.06666666666666667,0.0,0.19543942063026032
lipid,C10H22NO7P,10,22,7,1,0,1,2.2,0.7,0.1,0.0,0.1,1.0,0.19543942063026032
lipid,C14H30NO7P,14,30,7,1,0,1,2.142857142857143,0.5,0.07142857142857142,0.0,0.07142857142857142,1.0,0.19543942063026032
lipid,C16H33O7P,16,33,7,0,0,1,2.0625,0.4375,0.0,0.0,0.0625,0.0,0.19543942063026032
lipid,C14H28NO8P,14,28,8,1,0,1,2.0,0.5714285714285714,0.07142857142857142,0.0,0.07142857142857142,1.0,0.19543942063026032
lipid,C15H32NO7P,15,32,7,1,0,1,2.1333333333333333,0.4666666666666667,0.06666666666666667,0.0,0.06666666666666667,1.0,0.19543942063026032
lipid,C17H33O7P,17,33,7,0,0,1,1.9411764705882353,0.4117647058823529,0.0,0.0,0.058823529411764705,0.0,0.19543942063026032
lipid,C17H35O7P,17,35,7,0,0,1,2.0588235294117645,0.4117647058823529,0.0,0.0,0.058823529411764705,0.0,0.19543942063026032
lipid,C16H34NO7P,16,34,7,1,0,1,2.125,0.4375,0.0625,0.0,0.0625,1.0,0.19543942063026032
lipid,C19H37O6P,19,37,6,0,0,1,1.9473684210526316,0.3157894736842105,0.0,0.0,0.05263157894736842,0.0,0.19543942063026032
lipid,C15H29O8P,15,29,8,0,0,1,1.9333333333333333,0.5333333333333333,0.0,0.0,0.06666666666666667,0.0,0.19543942063026032
lipid,C18H35O7P,18,35,7,0,0,1,1.9444444444444444,0.3888888888888889,0.0,0.0,0.05555555555555555,0.0,0.19543942063026032
lipid,C63H98O8,63,98,8,0,0,0,1.5555555555555556,0.12698412698412698,0.0,0.0,0.0,,0.19543942063026032
lipid,C61H94O8,61,94,8,0,0,0,1.540983606557377,0.13114754098360656,0.0,0.0,0.0,,0.19543942063026032
lipid,C59H90O4,59,90,4,0,0,0,1.5254237288135593,0.06779661016949153,0.0,0.0,0.0,,0.19543942063026032
lipid,C58H82O6,58,82,6,0,0,0,1.4137931034482758,0.10344827586206896,0.0,0.0,0.0,,0.19543942063026032
lipid,C58H84O6,58,84,6,0,0,0,1.4482758620689655,0.10344827586206896,0.0,0.0,0.0,,0.19543942063026032
lipid,C58H86O6,58,86,6,0,0,0,1.4827586206896552,0.10344827586206896,0.0,0.0,0.0,,0.19543942063026032
lipid,C57H84O7,57,84,7,0,0,0,1.4736842105263157,0.12280701754385964,0.0,0.0,0.0,,0.19543942063026032
lipid,C58H88O6,58,88,6,0,0,0,1.5172413793103448,0.10344827586206896,0.0,0.0,0.0,,0.19543942063026032
lipid,C56H82O6S,56,82,6,0,1,0,1.4642857142857142,0.10714285714285714,0.0,0.017857142857142856,0.0,,0.19543942063026032
lipid,C60H100NO7P,60,100,7,1,0,1,1.6666666666666667,0.11666666666666667,0.016666666666666666,0.0,0.016666666666666666,1.0,0.19543942063026032
lipid,C52H76O12,52,76,12,0,0,0,1.4615384615384615,0.23076923076923078,0.0,0.0,0.0,,0.19543942063026032
lipid,C60H86O6,60,86,6,0,0,0,1.4333333333333333,0.1,0.0,0.0,0.0,,0.19543942063026032
lipid,C52H72O14,52,72,14,0,0,0,1.3846153846153846,0.2692307692307692,0.0,0.0,0.0,,0.19543942063026032
lipid,C52H76O14,52,76,14,0,0,0,1.4615384615384615,0.2692307692307692,0.0,0.0,0.0,,0.19543942063026032
lipid,C55H92O7P2,55,92,7,0,0,2,1.6727272727272726,0.12727272727272726,0.0,0.0,0.03636363636363636,0.0,0.19543942063026032
lipid,C62H86O6,62,86,6,0,0,0,1.3870967741935485,0.0967741935483871,0.0,0.0,0.0,,0.19543942063026032
lipid,C62H88O6,62,88,6,0,0,0,1.4193548387096775,0.0967741935483871,0.0,0.0,0.0,,0.19543942063026032
lipid,C56H99NO9,56,99,9,1,0,0,1.7678571428571428,0.16071428571428573,0.017857142857142856,0.0,0.0,inf,0.19543942063026032
lipid,C60H84O6,60,84,6,0,0,0,1.4,0.1,0.0,0.0,0.0,,0.19543942063026032
lipid,C23H47O6P,23,47,6,0,0,1,2.0434782608695654,0.2608695652173913,0.0,0.0,0.043478260869565216,0.0,0.19543942063026032
lipid,C19H39O6P,19,39,6,0,0,1,2.0526315789473686,0.3157894736842105,0.0,0.0,0.05263157894736842,0.0,0.19543942063026032
lipid,C19H41O6P,19,41,6,0,0,1,2.1578947368421053,0.3157894736842105,0.0,0.0,0.05263157894736842,0.0,0.19543942063026032
lipid,C21H37O7P,21,37,7,0,0,1,1.7619047619047619,0.3333333333333333,0.0,0.0,0.047619047619047616,0.0,0.19543942063026032
lipid,C21H39O7P,21,39,7,0,0,1,1.8571428571428572,0.3333333333333333,0.0,0.0,0.047619047619047616,0.0,0.19543942063026032
lipid,C21H41O7P,21,41,7,0,0,1,1.9523809523809523,0.3333333333333333,0.0,0.0,0.047619047619047616,0.0,0.19543942063026032
lipid,C20H40NO7P,20,40,7,1,0,1,2.0,0.35,0.05,0.0,0.05,1.0,0.19543942063026032
lipid,C21H44NO6P,21,44,6,1,0,1,2.0952380952380953,0.2857142857142857,0.047619047619047616,0.0,0.047619047619047616,1.0,0.19543942063026032
lipid,C21H43O7P,21,43,7,0,0,1,2.0476190476190474,0.3333333333333333,0.0,0.0,0.047619047619047616,0.0,0.19543942063026032
lipid,C22H47O6P,22,47,6,0,0,1,2.1363636363636362,0.2727272727272727,0.0,0.0,0.045454545454545456,0.0,0.19543942063026032
lipid,C21H35O7P,21,35,7,0,0,1,1.6666666666666667,0.3333333333333333,0.0,0.0,0.047619047619047616,0.0,0.19543942063026032
lipid,C20H42NO7P,20,42,7,1,0,1,2.1,0.35,0.05,0.0,0.05,1.0,0.19543942063026032
lipid,C18H36NO9P,18,36,9,1,0,1,2.0,0.5,0.05555555555555555,0.0,0.05555555555555555,1.0,0.19543942063026032
lipid,C20H44NO7P,20,44,7,1,0,1,2.2,0.35,0.05,0.0,0.05,1.0,0.19543942063026032
lipid,C18H35O10P,18,35,10,0,0,1,1.9444444444444444,0.5555555555555556,0.0,0.0,0.05555555555555555,0.0,0.19543942063026032
lipid,C19H39O9P,19,39,9,0,0,1,2.0526315789473686,0.47368421052631576,0.0,0.0,0.05263157894736842,0.0,0.19543942063026032
lipid,C23H41O6P,23,41,6,0,0,1,1.7826086956521738,0.2608695652173913,0.0,0.0,0.043478260869565216,0.0,0.19543942063026032
lipid,C20H32NO8P,20,32,8,1,0,1,1.6,0.4,0.05,0.0,0.05,1.0,0.19543942063026032
lipid,C22H39O7P,22,39,7,0,0,1,1.7727272727272727,0.3181818181818182,0.0,0.0,0.045454545454545456,0.0,0.19543942063026032
lipid,C21H46NO6P,21,46,6,1,0,1,2.1904761904761907,0.2857142857142857,0.047619047619047616,0.0,0.047619047619047616,1.0,0.19543942063026032
lipid,C18H38NO6P,18,38,6,1,0,1,2.111111111111111,0.3333333333333333,0.05555555555555555,0.0,0.05555555555555555,1.0,0.19543942063026032
lipid,C18H37O9P,18,37,9,0,0,1,2.0555555555555554,0.5,0.0,0.0,0.05555555555555555,0.0,0.19543942063026032
lipid,C18H36NO8P,18,36,8,1,0,1,2.0,0.4444444444444444,0.05555555555555555,0.0,0.05555555555555555,1.0,0.19543942063026032
lipid,C16H32NO8P,16,32,8,1,0,1,2.0,0.5,0.0625,0.0,0.0625,1.0,0.19543942063026032
lipid,C17H36NO7P,17,36,7,1,0,1,2.1176470588235294,0.4117647058823529,0.058823529411764705,0.0,0.058823529411764705,1.0,0.19543942063026032
lipid,C19H37O7P,19,37,7,0,0,1,1.9473684210526316,0.3684210526315789,0.0,0.0,0.05263157894736842,0.0,0.19543942063026032
lipid,C19H39O7P,19,39,7,0,0,1,2.0526315789473686,0.3684210526315789,0.0,0.0,0.05263157894736842,0.0,0.19543942063026032
lipid,C20H43O6P,20,43,6,0,0,1,2.15,0.3,0.0,0.0,0.05,0.0,0.19543942063026032
lipid,C17H34NO8P,17,34,8,1,0,1,2.0,0.47058823529411764,0.058823529411764705,0.0,0.058823529411764705,1.0,0.19543942063026032
lipid,C18H38NO7P,18,38,7,1,0,1,2.111111111111111,0.3888888888888889,0.05555555555555555,0.0,0.05555555555555555,1.0,0.19543942063026032
lipid,C19H40NO7P,19,40,7,1,0,1,2.1052631578947367,0.3684210526315789,0.05263157894736842,0.0,0.05263157894736842,1.0,0.19543942063026032
lipid,C21H39O6P,21,39,6,0,0,1,1.8571428571428572,0.2857142857142857,0.0,0.0,0.047619047619047616,0.0,0.19543942063026032
lipid,C21H41O6P,21,41,6,0,0,1,1.9523809523809523,0.2857142857142857,0.0,0.0,0.047619047619047616,0.0,0.19543942063026032
lipid,C20H39O7P,20,39,7,0,0,1,1.95,0.35,0.0,0.0,0.05,0.0,0.19543942063026032
lipid,C21H43O6P,21,43,6,0,0,1,2.0476190476190474,0.2857142857142857,0.0,0.0,0.047619047619047616,0.0,0.19543942063026032
lipid,C19H38NO7P,19,38,7,1,0,1,2.0,0.3684210526315789,0.05263157894736842,0.0,0.05263157894736842,1.0,0.19543942063026032
lipid,C19H37O8P,19,37,8,0,0,1,1.9473684210526316,0.42105263157894735,0.0,0.0,0.05263157894736842,0.0,0.19543942063026032
lipid,C20H41O7P,20,41,7,0,0,1,2.05,0.35,0.0,0.0,0.05,0.0,0.19543942063026032
lipid,C21H45O6P,21,45,6,0,0,1,2.142857142857143,0.2857142857142857,0.0,0.0,0.047619047619047616,0.0,0.19543942063026032
lipid,C20H37O7P,20,37,7,0,0,1,1.85,0.35,0.0,0.0,0.05,0.0,0.19543942063026032
lipid,C25H50NO7P,25,50,7,1,0,1,2.0,0.28,0.04,0.0,0.04,1.0,0.19543942063026032
lipid,C26H54NO6P,26,54,6,1,0,1,2.076923076923077,0.23076923076923078,0.038461538461538464,0.0,0.038461538461538464,1.0,0.19543942063026032
lipid,C24H45O9P,24,45,9,0,0,1,1.875,0.375,0.0,0.0,0.041666666666666664,0.0,0.19543942063026032
lipid,C28H56NO8P,28,56,8,1,0,1,2.0,0.2857142857142857,0.03571428571428571,0.0,0.03571428571428571,1.0,0.19543942063026032
lipid,C29H60NO7P,29,60,7,1,0,1,2.0689655172413794,0.2413793103448276,0.034482758620689655,0.0,0.034482758620689655,1.0,0.19543942063026032
lipid,C26H47O11P,26,47,11,0,0,1,1.8076923076923077,0.4230769230769231,0.0,0.0,0.038461538461538464,0.0,0.19543942063026032
lipid,C28H55O9P,28,55,9,0,0,1,1.9642857142857142,0.32142857142857145,0.0,0.0,0.03571428571428571,0.0,0.19543942063026032
lipid,C26H50NO10P,26,50,10,1,0,1,1.9230769230769231,0.38461538461538464,0.038461538461538464,0.0,0.038461538461538464,1.0,0.19543942063026032
lipid,C30H50NO7P,30,50,7,1,0,1,1.6666666666666667,0.23333333333333334,0.03333333333333333,0.0,0.03333333333333333,1.0,0.19543942063026032
lipid,C27H54NO9P,27,54,9,1,0,1,2.0,0.3333333333333333,0.037037037037037035,0.0,0.037037037037037035,1.0,0.19543942063026032
lipid,C29H57O8P,29,57,8,0,0,1,1.9655172413793103,0.27586206896551724,0.0,0.0,0.034482758620689655,0.0,0.19543942063026032
lipid,C29H62NO7P,29,62,7,1,0,1,2.1379310344827585,0.2413793103448276,0.034482758620689655,0.0,0.034482758620689655,1.0,0.19543942063026032
lipid,C28H57O9P,28,57,9,0,0,1,2.0357142857142856,0.32142857142857145,0.0,0.0,0.03571428571428571,0.0,0.19543942063026032
lipid,C28H44NO9P,28,44,9,1,0,1,1.5714285714285714,0.32142857142857145,0.03571428571428571,0.0,0.03571428571428571,1.0,0.19543942063026032
lipid,C30H52NO7P,30,52,7,1,0,1,1.7333333333333334,0.23333333333333334,0.03333333333333333,0.0,0.03333333333333333,1.0,0.19543942063026032
lipid,C27H56NO9P,27,56,9,1,0,1,2.074074074074074,0.3333333333333333,0.037037037037037035,0.0,0.037037037037037035,1.0,0.19543942063026032
lipid,C25H47O12P,25,47,12,0,0,1,1.88,0.48,0.0,0.0,0.04,0.0,0.19543942063026032
lipid,C30H54NO7P,30,54,7,1,0,1,1.8,0.23333333333333334,0.03333333333333333,0.0,0.03333333333333333,1.0,0.19543942063026032
lipid,C25H49O12P,25,49,12,0,0,1,1.96,0.48,0.0,0.0,0.04,0.0,0.19543942063026032
lipid,C26H49O11P,26,49,11,0,0,1,1.8846153846153846,0.4230769230769231,0.0,0.0,0.038461538461538464,0.0,0.19543942063026032
lipid,C28H48NO9P,28,48,9,1,0,1,1.7142857142857142,0.32142857142857145,0.03571428571428571,0.0,0.03571428571428571,1.0,0.19543942063026032
lipid,C28H53O9P,28,53,9,0,0,1,1.8928571428571428,0.32142857142857145,0.0,0.0,0.03571428571428571,0.0,0.19543942063026032
lipid,C26H45O11P,26,45,11,0,0,1,1.7307692307692308,0.4230769230769231,0.0,0.0,0.038461538461538464,0.0,0.19543942063026032
lipid,C26H51O10P,26,51,10,0,0,1,1.9615384615384615,0.38461538461538464,0.0,0.0,0.038461538461538464,0.0,0.19543942063026032
lipid,C27H55O9P,27,55,9,0,0,1,2.037037037037037,0.3333333333333333,0.0,0.0,0.037037037037037035,0.0,0.19543942063026032
lipid,C26H54NO9P,26,54,9,1,0,1,2.076923076923077,0.34615384615384615,0.038461538461538464,0.0,0.038461538461538464,1.0,0.19543942063026032
lipid,C24H45O12P,24,45,12,0,0,1,1.875,0.5,0.0,0.0,0.041666666666666664,0.0,0.19543942063026032
lipid,C28H45O9P,28,45,9,0,0,1,1.6071428571428572,0.32142857142857145,0.0,0.0,0.03571428571428571,0.0,0.19543942063026032
lipid,C25H49O11P,25,49,11,0,0,1,1.96,0.44,0.0,0.0,0.04,0.0,0.19543942063026032
lipid,C28H48NO8P,28,48,8,1,0,1,1.7142857142857142,0.2857142857142857,0.03571428571428571,0.0,0.03571428571428571,1.0,0.19543942063026032
lipid,C27H49O10P,27,49,10,0,0,1,1.8148148148148149,0.37037037037037035,0.0,0.0,0.037037037037037035,0.0,0.19543942063026032
lipid,C29H52NO7P,29,52,7,1,0,1,1.793103448275862,0.2413793103448276,0.034482758620689655,0.0,0.034482758620689655,1.0,0.19543942063026032
lipid,C25H51O11P,25,51,11,0,0,1,2.04,0.44,0.0,0.0,0.04,0.0,0.19543942063026032
lipid,C28H49O9P,28,49,9,0,0,1,1.75,0.32142857142857145,0.0,0.0,0.03571428571428571,0.0,0.19543942063026032
lipid,C27H47O10P,27,47,10,0,0,1,1.7407407407407407,0.37037037037037035,0.0,0.0,0.037037037037037035,0.0,0.19543942063026032
lipid,C29H55O8P,29,55,8,0,0,1,1.896551724137931,0.27586206896551724,0.0,0.0,0.034482758620689655,0.0,0.19543942063026032
lipid,C27H50NO9P,27,50,9,1,0,1,1.8518518518518519,0.3333333333333333,0.037037037037037035,0.0,0.037037037037037035,1.0,0.19543942063026032
lipid,C28H54NO8P,28,54,8,1,0,1,1.9285714285714286,0.2857142857142857,0.03571428571428571,0.0,0.03571428571428571,1.0,0.19543942063026032
lipid,C29H58NO7P,29,58,7,1,0,1,2.0,0.2413793103448276,0.034482758620689655,0.0,0.034482758620689655,1.0,0.19543942063026032
lipid,C24H47O12P,24,47,12,0,0,1,1.9583333333333333,0.5,0.0,0.0,0.041666666666666664,0.0,0.19543942063026032
lipid,C28H60NO7P,28,60,7,1,0,1,2.142857142857143,0.25,0.03571428571428571,0.0,0.03571428571428571,1.0,0.19543942063026032
lipid,C28H47O10P,28,47,10,0,0,1,1.6785714285714286,0.35714285714285715,0.0,0.0,0.03571428571428571,0.0,0.19543942063026032
lipid,C28H49O10P,28,49,10,0,0,1,1.75,0.35714285714285715,0.0,0.0,0.03571428571428571,0.0,0.19543942063026032
lipid,C26H49O12P,26,49,12,0,0,1,1.8846153846153846,0.46153846153846156,0.0,0.0,0.038461538461538464,0.0,0.19543942063026032
lipid,C27H53O11P,27,53,11,0,0,1,1.962962962962963,0.4074074074074074,0.0,0.0,0.037037037037037035,0.0,0.19543942063026032
lipid,C26H51O12P,26,51,12,0,0,1,1.9615384615384615,0.46153846153846156,0.0,0.0,0.038461538461538464,0.0,0.19543942063026032
lipid,C27H55O11P,27,55,11,0,0,1,2.037037037037037,0.4074074074074074,0.0,0.0,0.037037037037037035,0.0,0.19543942063026032
lipid,C29H49O10P,29,49,10,0,0,1,1.6896551724137931,0.3448275862068966,0.0,0.0,0.034482758620689655,0.0,0.19543942063026032
lipid,C31H57O8P,31,57,8,0,0,1,1.8387096774193548,0.25806451612903225,0.0,0.0,0.03225806451612903,0.0,0.19543942063026032
lipid,C28H47O11P,28,47,11,0,0,1,1.6785714285714286,0.39285714285714285,0.0,0.0,0.03571428571428571,0.0,0.19543942063026032
lipid,C28H58NO9P,28,58,9,1,0,1,2.0714285714285716,0.32142857142857145,0.03571428571428571,0.0,0.03571428571428571,1.0,0.19543942063026032
lipid,C29H51O10P,29,51,10,0,0,1,1.7586206896551724,0.3448275862068966,0.0,0.0,0.034482758620689655,0.0,0.19543942063026032
lipid,C31H59O8P,31,59,8,0,0,1,1.903225806451613,0.25806451612903225,0.0,0.0,0.03225806451612903,0.0,0.19543942063026032
lipid,C32H63O7P,32,63,7,0,0,1,1.96875,0.21875,0.0,0.0,0.03125,0.0,0.19543942063026032
lipid,C28H50NO10P,28,50,10,1,0,1,1.7857142857142858,0.35714285714285715,0.03571428571428571,0.0,0.03571428571428571,1.0,0.19543942063026032
lipid,C30H58NO8P,30,58,8,1,0,1,1.9333333333333333,0.26666666666666666,0.03333333333333333,0.0,0.03333333333333333,1.0,0.19543942063026032
lipid,C27H45O12P,27,45,12,0,0,1,1.6666666666666667,0.4444444444444444,0.0,0.0,0.037037037037037035,0.0,0.19543942063026032
lipid,C28H49O11P,28,49,11,0,0,1,1.75,0.39285714285714285,0.0,0.0,0.03571428571428571,0.0,0.19543942063026032
lipid,C31H61O8P,31,61,8,0,0,1,1.967741935483871,0.25806451612903225,0.0,0.0,0.03225806451612903,0.0,0.19543942063026032
lipid,C30H55O9P,30,55,9,0,0,1,1.8333333333333333,0.3,0.0,0.0,0.03333333333333333,0.0,0.19543942063026032
lipid,C30H58NO7P,30,58,7,1,0,1,1.9333333333333333,0.23333333333333334,0.03333333333333333,0.0,0.03333333333333333,1.0,0.19543942063026032
lipid,C27H51O11P,27,51,11,0,0,1,1.8888888888888888,0.4074074074074074,0.0,0.0,0.037037037037037035,0.0,0.19543942063026032
lipid,C30H64NO7P,30,64,7,1,0,1,2.1333333333333333,0.23333333333333334,0.03333333333333333,0.0,0.03333333333333333,1.0,0.19543942063026032
lipid,C30H57O8P,30,57,8,0,0,1,1.9,0.26666666666666666,0.0,0.0,0.03333333333333333,0.0,0.19543942063026032
lipid,C31H61O7P,31,61,7,0,0,1,1.967741935483871,0.22580645161290322,0.0,0.0,0.03225806451612903,0.0,0.19543942063026032
lipid,C28H52NO9P,28,52,9,1,0,1,1.8571428571428572,0.32142857142857145,0.03571428571428571,0.0,0.03571428571428571,1.0,0.19543942063026032
lipid,C29H56NO8P,29,56,8,1,0,1,1.9310344827586208,0.27586206896551724,0.034482758620689655,0.0,0.034482758620689655,1.0,0.19543942063026032
lipid,C30H60NO7P,30,60,7,1,0,1,2.0,0.23333333333333334,0.03333333333333333,0.0,0.03333333333333333,1.0,0.19543942063026032
lipid,C27H47O11P,27,47,11,0,0,1,1.7407407407407407,0.4074074074074074,0.0,0.0,0.037037037037037035,0.0,0.19543942063026032
lipid,C30H59O8P,30,59,8,0,0,1,1.9666666666666666,0.26666666666666666,0.0,0.0,0.03333333333333333,0.0,0.19543942063026032
lipid,C26H47O12P,26,47,12,0,0,1,1.8076923076923077,0.46153846153846156,0.0,0.0,0.038461538461538464,0.0,0.19543942063026032
lipid,C31H63O7P,31,63,7,0,0,1,2.032258064516129,0.22580645161290322,0.0,0.0,0.03225806451612903,0.0,0.19543942063026032
lipid,C28H54NO9P,28,54,9,1,0,1,1.9285714285714286,0.32142857142857145,0.03571428571428571,0.0,0.03571428571428571,1.0,0.19543942063026032
lipid,C29H58NO8P,29,58,8,1,0,1,2.0,0.27586206896551724,0.034482758620689655,0.0,0.034482758620689655,1.0,0.19543942063026032
lipid,C30H62NO7P,30,62,7,1,0,1,2.066666666666667,0.23333333333333334,0.03333333333333333,0.0,0.03333333333333333,1.0,0.19543942063026032
lipid,C27H49O11P,27,49,11,0,0,1,1.8148148148148149,0.4074074074074074,0.0,0.0,0.037037037037037035,0.0,0.19543942063026032
lipid,C28H53O10P,28,53,10,0,0,1,1.8928571428571428,0.35714285714285715,0.0,0.0,0.03571428571428571,0.0,0.19543942063026032
lipid,C26H48NO11P,26,48,11,1,0,1,1.8461538461538463,0.4230769230769231,0.038461538461538464,0.0,0.038461538461538464,1.0,0.19543942063026032
lipid,C28H56NO9P,28,56,9,1,0,1,2.0,0.32142857142857145,0.03571428571428571,0.0,0.03571428571428571,1.0,0.19543942063026032
lipid,C27H50NO10P,27,50,10,1,0,1,1.8518518518518519,0.37037037037037035,0.037037037037037035,0.0,0.037037037037037035,1.0,0.19543942063026032
lipid,C26H52NO9P,26,52,9,1,0,1,2.0,0.34615384615384615,0.038461538461538464,0.0,0.038461538461538464,1.0,0.19543942063026032
lipid,C29H48NO7P,29,48,7,1,0,1,1.6551724137931034,0.2413793103448276,0.034482758620689655,0.0,0.034482758620689655,1.0,0.19543942063026032
lipid,C25H48NO10P,25,48,10,1,0,1,1.92,0.4,0.04,0.0,0.04,1.0,0.19543942063026032
lipid,C24H44NO9P,24,44,9,1,0,1,1.8333333333333333,0.375,0.041666666666666664,0.0,0.041666666666666664,1.0,0.19543942063026032
lipid,C26H52NO7P,26,52,7,1,0,1,2.0,0.2692307692307692,0.038461538461538464,0.0,0.038461538461538464,1.0,0.19543942063026032
lipid,C24H46NO9P,24,46,9,1,0,1,1.9166666666666667,0.375,0.041666666666666664,0.0,0.041666666666666664,1.0,0.19543942063026032
lipid,C25H50NO8P,25,50,8,1,0,1,2.0,0.32,0.04,0.0,0.04,1.0,0.19543942063026032
lipid,C26H54NO7P,26,54,7,1,0,1,2.076923076923077,0.2692307692307692,0.038461538461538464,0.0,0.038461538461538464,1.0,0.19543942063026032
lipid,C27H58NO6P,27,58,6,1,0,1,2.1481481481481484,0.2222222222222222,0.037037037037037035,0.0,0.037037037037037035,1.0,0.19543942063026032
lipid,C24H45O10P,24,45,10,0,0,1,1.875,0.4166666666666667,0.0,0.0,0.041666666666666664,0.0,0.19543942063026032
lipid,C25H45O9P,25,45,9,0,0,1,1.8,0.36,0.0,0.0,0.04,0.0,0.19543942063026032
lipid,C25H49O9P,25,49,9,0,0,1,1.96,0.36,0.0,0.0,0.04,0.0,0.19543942063026032
lipid,C27H44NO7P,27,44,7,1,0,1,1.6296296296296295,0.25925925925925924,0.037037037037037035,0.0,0.037037037037037035,1.0,0.19543942063026032
lipid,C24H48NO9P,24,48,9,1,0,1,2.0,0.375,0.041666666666666664,0.0,0.041666666666666664,1.0,0.19543942063026032
lipid,C26H56NO7P,26,56,7,1,0,1,2.1538461538461537,0.2692307692307692,0.038461538461538464,0.0,0.038461538461538464,1.0,0.19543942063026032
lipid,C25H51O9P,25,51,9,0,0,1,2.04,0.36,0.0,0.0,0.04,0.0,0.19543942063026032
lipid,C26H55O8P,26,55,8,0,0,1,2.1153846153846154,0.3076923076923077,0.0,0.0,0.038461538461538464,0.0,0.19543942063026032
lipid,C27H46NO7P,27,46,7,1,0,1,1.7037037037037037,0.25925925925925924,0.037037037037037035,0.0,0.037037037037037035,1.0,0.19543942063026032
lipid,C27H48NO7P,27,48,7,1,0,1,1.7777777777777777,0.25925925925925924,0.037037037037037035,0.0,0.037037037037037035,1.0,0.19543942063026032
lipid,C26H53O8P,26,53,8,0,0,1,2.0384615384615383,0.3076923076923077,0.0,0.0,0.038461538461538464,0.0,0.19543942063026032
lipid,C28H52NO6P,28,52,6,1,0,1,1.8571428571428572,0.21428571428571427,0.03571428571428571,0.0,0.03571428571428571,1.0,0.19543942063026032
lipid,C27H54NO6P,27,54,6,1,0,1,2.0,0.2222222222222222,0.037037037037037035,0.0,0.037037037037037035,1.0,0.19543942063026032
lipid,C24H42NO9P,24,42,9,1,0,1,1.75,0.375,0.041666666666666664,0.0,0.041666666666666664,1.0,0.19543942063026032
lipid,C23H44NO9P,23,44,9,1,0,1,1.9130434782608696,0.391304347826087,0.043478260869565216,0.0,0.043478260869565216,1.0,0.19543942063026032
lipid,C24H48NO8P,24,48,8,1,0,1,2.0,0.3333333333333333,0.041666666666666664,0.0,0.041666666666666664,1.0,0.19543942063026032
lipid,C25H52NO7P,25,52,7,1,0,1,2.08,0.28,0.04,0.0,0.04,1.0,0.19543942063026032
lipid,C26H56NO6P,26,56,6,1,0,1,2.1538461538461537,0.23076923076923078,0.038461538461538464,0.0,0.038461538461538464,1.0,0.19543942063026032
lipid,C23H43O10P,23,43,10,0,0,1,1.8695652173913044,0.43478260869565216,0.0,0.0,0.043478260869565216,0.0,0.19543942063026032
lipid,C24H47O9P,24,47,9,0,0,1,1.9583333333333333,0.375,0.0,0.0,0.041666666666666664,0.0,0.19543942063026032
lipid,C22H42NO10P,22,42,10,1,0,1,1.9090909090909092,0.45454545454545453,0.045454545454545456,0.0,0.045454545454545456,1.0,0.19543942063026032
lipid,C26H50NO7P,26,50,7,1,0,1,1.9230769230769231,0.2692307692307692,0.038461538461538464,0.0,0.038461538461538464,1.0,0.19543942063026032
lipid,C23H46NO9P,23,46,9,1,0,1,2.0,0.391304347826087,0.043478260869565216,0.0,0.043478260869565216,1.0,0.19543942063026032
lipid,C25H54NO7P,25,54,7,1,0,1,2.16,0.28,0.04,0.0,0.04,1.0,0.19543942063026032
lipid,C24H49O9P,24,49,9,0,0,1,2.0416666666666665,0.375,0.0,0.0,0.041666666666666664,0.0,0.19543942063026032
lipid,C23H48NO9P,23,48,9,1,0,1,2.0869565217391304,0.391304347826087,0.043478260869565216,0.0,0.043478260869565216,1.0,0.19543942063026032
lipid,C26H46NO7P,26,46,7,1,0,1,1.7692307692307692,0.2692307692307692,0.038461538461538464,0.0,0.038461538461538464,1.0,0.19543942063026032
lipid,C21H41O12P,21,41,12,0,0,1,1.9523809523809523,0.5714285714285714,0.0,0.0,0.047619047619047616,0.0,0.19543942063026032
lipid,C24H40NO9P,24,40,9,1,0,1,1.6666666666666667,0.375,0.041666666666666664,0.0,0.041666666666666664,1.0,0.19543942063026032
lipid,C26H48NO7P,26,48,7,1,0,1,1.8461538461538463,0.2692307692307692,0.038461538461538464,0.0,0.038461538461538464,1.0,0.19543942063026032
lipid,C24H50NO8P,24,50,8,1,0,1,2.0833333333333335,0.3333333333333333,0.041666666666666664,0.0,0.041666666666666664,1.0,0.19543942063026032
lipid,C22H43O12P,22,43,12,0,0,1,1.9545454545454546,0.5454545454545454,0.0,0.0,0.045454545454545456,0.0,0.19543942063026032
lipid,C26H43O9P,26,43,9,0,0,1,1.6538461538461537,0.34615384615384615,0.0,0.0,0.038461538461538464,0.0,0.19543942063026032
lipid,C27H50NO7P,27,50,7,1,0,1,1.8518518518518519,0.25925925925925924,0.037037037037037035,0.0,0.037037037037037035,1.0,0.19543942063026032
lipid,C26H42NO9P,26,42,9,1,0,1,1.6153846153846154,0.34615384615384615,0.038461538461538464,0.0,0.038461538461538464,1.0,0.19543942063026032
lipid,C28H50NO7P,28,50,7,1,0,1,1.7857142857142858,0.25,0.03571428571428571,0.0,0.03571428571428571,1.0,0.19543942063026032
lipid,C23H45O12P,23,45,12,0,0,1,1.9565217391304348,0.5217391304347826,0.0,0.0,0.043478260869565216,0.0,0.19543942063026032
lipid,C26H44NO9P,26,44,9,1,0,1,1.6923076923076923,0.34615384615384615,0.038461538461538464,0.0,0.038461538461538464,1.0,0.19543942063026032
lipid,C28H52NO7P,28,52,7,1,0,1,1.8571428571428572,0.25,0.03571428571428571,0.0,0.03571428571428571,1.0,0.19543942063026032
lipid,C26H46NO9P,26,46,9,1,0,1,1.7692307692307692,0.34615384615384615,0.038461538461538464,0.0,0.038461538461538464,1.0,0.19543942063026032
lipid,C28H54NO7P,28,54,7,1,0,1,1.9285714285714286,0.25,0.03571428571428571,0.0,0.03571428571428571,1.0,0.19543942063026032
lipid,C23H43O12P,23,43,12,0,0,1,1.8695652173913044,0.5217391304347826,0.0,0.0,0.043478260869565216,0.0,0.19543942063026032
lipid,C26H45O10P,26,45,10,0,0,1,1.7307692307692308,0.38461538461538464,0.0,0.0,0.038461538461538464,0.0,0.19543942063026032
lipid,C27H52NO8P,27,52,8,1,0,1,1.9259259259259258,0.2962962962962963,0.037037037037037035,0.0,0.037037037037037035,1.0,0.19543942063026032
lipid,C28H56NO7P,28,56,7,1,0,1,2.0,0.25,0.03571428571428571,0.0,0.03571428571428571,1.0,0.19543942063026032
lipid,C26H47O10P,26,47,10,0,0,1,1.8076923076923077,0.38461538461538464,0.0,0.0,0.038461538461538464,0.0,0.19543942063026032
lipid,C28H55O8P,28,55,8,0,0,1,1.9642857142857142,0.2857142857142857,0.0,0.0,0.03571428571428571,0.0,0.19543942063026032
lipid,C26H50NO9P,26,50,9,1,0,1,1.9230769230769231,0.34615384615384615,0.038461538461538464,0.0,0.038461538461538464,1.0,0.19543942063026032
lipid,C27H54NO8P,27,54,8,1,0,1,2.0,0.2962962962962963,0.037037037037037035,0.0,0.037037037037037035,1.0,0.19543942063026032
lipid,C28H58NO7P,28,58,7,1,0,1,2.0714285714285716,0.25,0.03571428571428571,0.0,0.03571428571428571,1.0,0.19543942063026032
lipid,C26H48NO9P,26,48,9,1,0,1,1.8461538461538463,0.34615384615384615,0.038461538461538464,0.0,0.038461538461538464,1.0,0.19543942063026032
lipid,C25H52NO9P,25,52,9,1,0,1,2.08,0.36,0.04,0.0,0.04,1.0,0.19543942063026032
lipid,C28H48NO7P,28,48,7,1,0,1,1.7142857142857142,0.25,0.03571428571428571,0.0,0.03571428571428571,1.0,0.19543942063026032
lipid,C26H53O9P,26,53,9,0,0,1,2.0384615384615383,0.34615384615384615,0.0,0.0,0.038461538461538464,0.0,0.19543942063026032
lipid,C26H45O9P,26,45,9,0,0,1,1.7307692307692308,0.34615384615384615,0.0,0.0,0.038461538461538464,0.0,0.19543942063026032
lipid,C27H52NO7P,27,52,7,1,0,1,1.9259259259259258,0.25925925925925924,0.037037037037037035,0.0,0.037037037037037035,1.0,0.19543942063026032
lipid,C26H47O9P,26,47,9,0,0,1,1.8076923076923077,0.34615384615384615,0.0,0.0,0.038461538461538464,0.0,0.19543942063026032
lipid,C26H50NO8P,26,50,8,1,0,1,1.9230769230769231,0.3076923076923077,0.038461538461538464,0.0,0.038461538461538464,1.0,0.19543942063026032
lipid,C27H54NO7P,27,54,7,1,0,1,2.0,0.25925925925925924,0.037037037037037035,0.0,0.037037037037037035,1.0,0.19543942063026032
lipid,C28H58NO6P,28,58,6,1,0,1,2.0714285714285716,0.21428571428571427,0.03571428571428571,0.0,0.03571428571428571,1.0,0.19543942063026032
lipid,C25H45O10P,25,45,10,0,0,1,1.8,0.4,0.0,0.0,0.04,0.0,0.19543942063026032
lipid,C26H49O9P,26,49,9,0,0,1,1.8846153846153846,0.34615384615384615,0.0,0.0,0.038461538461538464,0.0,0.19543942063026032
lipid,C27H53O8P,27,53,8,0,0,1,1.962962962962963,0.2962962962962963,0.0,0.0,0.037037037037037035,0.0,0.19543942063026032
lipid,C25H48NO9P,25,48,9,1,0,1,1.92,0.36,0.04,0.0,0.04,1.0,0.19543942063026032
lipid,C26H52NO8P,26,52,8,1,0,1,2.0,0.3076923076923077,0.038461538461538464,0.0,0.038461538461538464,1.0,0.19543942063026032
lipid,C27H56NO7P,27,56,7,1,0,1,2.074074074074074,0.25925925925925924,0.037037037037037035,0.0,0.037037037037037035,1.0,0.19543942063026032
lipid,C28H60NO6P,28,60,6,1,0,1,2.142857142857143,0.21428571428571427,0.03571428571428571,0.0,0.03571428571428571,1.0,0.19543942063026032
lipid,C26H51O9P,26,51,9,0,0,1,1.9615384615384615,0.34615384615384615,0.0,0.0,0.038461538461538464,0.0,0.19543942063026032
lipid,C25H50NO9P,25,50,9,1,0,1,2.0,0.36,0.04,0.0,0.04,1.0,0.19543942063026032
lipid,C26H54NO8P,26,54,8,1,0,1,2.076923076923077,0.3076923076923077,0.038461538461538464,0.0,0.038461538461538464,1.0,0.19543942063026032
lipid,C27H58NO7P,27,58,7,1,0,1,2.1481481481481484,0.25925925925925924,0.037037037037037035,0.0,0.037037037037037035,1.0,0.19543942063026032
lipid,C28H52NO10P,28,52,10,1,0,1,1.8571428571428572,0.35714285714285715,0.03571428571428571,0.0,0.03571428571428571,1.0,0.19543942063026032
lipid,C37H69O10P,37,69,10,0,0,1,1.864864864864865,0.2702702702702703,0.0,0.0,0.02702702702702703,0.0,0.19543942063026032
lipid,C39H76NO10P,39,76,10,1,0,1,1.9487179487179487,0.2564102564102564,0.02564102564102564,0.0,0.02564102564102564,1.0,0.19543942063026032
lipid,C38H73O9P,38,73,9,0,0,1,1.9210526315789473,0.23684210526315788,0.0,0.0,0.02631578947368421,0.0,0.19543942063026032
lipid,C40H69O13P,40,69,13,0,0,1,1.725,0.325,0.0,0.0,0.025,0.0,0.19543942063026032
lipid,C44H69O10P,44,69,10,0,0,1,1.5681818181818181,0.22727272727272727,0.0,0.0,0.022727272727272728,0.0,0.19543942063026032
lipid,C46H77O8P,46,77,8,0,0,1,1.673913043478261,0.17391304347826086,0.0,0.0,0.021739130434782608,0.0,0.19543942063026032
lipid,C43H81O10P,43,81,10,0,0,1,1.8837209302325582,0.23255813953488372,0.0,0.0,0.023255813953488372,0.0,0.19543942063026032
lipid,C44H85O9P,44,85,9,0,0,1,1.9318181818181819,0.20454545454545456,0.0,0.0,0.022727272727272728,0.0,0.19543942063026032
lipid,C45H89O8P,45,89,8,0,0,1,1.9777777777777779,0.17777777777777778,0.0,0.0,0.022222222222222223,0.0,0.19543942063026032
lipid,C45H76NO8P,45,76,8,1,0,1,1.6888888888888889,0.17777777777777778,0.022222222222222223,0.0,0.022222222222222223,1.0,0.19543942063026032
lipid,C45H90NO7P,45,90,7,1,0,1,2.0,0.15555555555555556,0.022222222222222223,0.0,0.022222222222222223,1.0,0.19543942063026032
lipid,C42H80NO10P,42,80,10,1,0,1,1.9047619047619047,0.23809523809523808,0.023809523809523808,0.0,0.023809523809523808,1.0,0.19543942063026032
lipid,C43H84NO9P,43,84,9,1,0,1,1.9534883720930232,0.20930232558139536,0.023255813953488372,0.0,0.023255813953488372,1.0,0.19543942063026032
lipid,C44H88NO8P,44,88,8,1,0,1,2.0,0.18181818181818182,0.022727272727272728,0.0,0.022727272727272728,1.0,0.19543942063026032
lipid,C45H92NO7P,45,92,7,1,0,1,2.0444444444444443,0.15555555555555556,0.022222222222222223,0.0,0.022222222222222223,1.0,0.19543942063026032
lipid,C40H71O13P,40,71,13,0,0,1,1.775,0.325,0.0,0.0,0.025,0.0,0.19543942063026032
lipid,C44H71O10P,44,71,10,0,0,1,1.6136363636363635,0.22727272727272727,0.0,0.0,0.022727272727272728,0.0,0.19543942063026032
lipid,C46H79O8P,46,79,8,0,0,1,1.7173913043478262,0.17391304347826086,0.0,0.0,0.021739130434782608,0.0,0.19543942063026032
lipid,C43H83O10P,43,83,10,0,0,1,1.930232558139535,0.23255813953488372,0.0,0.0,0.023255813953488372,0.0,0.19543942063026032
lipid,C46H80NO7P,46,80,7,1,0,1,1.7391304347826086,0.15217391304347827,0.021739130434782608,0.0,0.021739130434782608,1.0,0.19543942063026032
lipid,C44H87O9P,44,87,9,0,0,1,1.9772727272727273,0.20454545454545456,0.0,0.0,0.022727272727272728,0.0,0.19543942063026032
lipid,C44H86NO8P,44,86,8,1,0,1,1.9545454545454546,0.18181818181818182,0.022727272727272728,0.0,0.022727272727272728,1.0,0.19543942063026032
lipid,C46H78NO7P,46,78,7,1,0,1,1.6956521739130435,0.15217391304347827,0.021739130434782608,0.0,0.021739130434782608,1.0,0.19543942063026032
lipid,C44H82NO8P,44,82,8,1,0,1,1.8636363636363635,0.18181818181818182,0.022727272727272728,0.0,0.022727272727272728,1.0,0.19543942063026032
lipid,C45H86NO7P,45,86,7,1,0,1,1.9111111111111112,0.15555555555555556,0.022222222222222223,0.0,0.022222222222222223,1.0,0.19543942063026032
lipid,C43H77O10P,43,77,10,0,0,1,1.7906976744186047,0.23255813953488372,0.0,0.0,0.023255813953488372,0.0,0.19543942063026032
lipid,C44H81O9P,44,81,9,0,0,1,1.8409090909090908,0.20454545454545456,0.0,0.0,0.022727272727272728,0.0,0.19543942063026032
lipid,C45H85O8P,45,85,8,0,0,1,1.8888888888888888,0.17777777777777778,0.0,0.0,0.022222222222222223,0.0,0.19543942063026032
lipid,C45H72NO8P,45,72,8,1,0,1,1.6,0.17777777777777778,0.022222222222222223,0.0,0.022222222222222223,1.0,0.19543942063026032
lipid,C42H76NO10P,42,76,10,1,0,1,1.8095238095238095,0.23809523809523808,0.023809523809523808,0.0,0.023809523809523808,1.0,0.19543942063026032
lipid,C43H82NO9P,43,82,9,1,0,1,1.9069767441860466,0.20930232558139536,0.023255813953488372,0.0,0.023255813953488372,1.0,0.19543942063026032
lipid,C46H76NO7P,46,76,7,1,0,1,1.6521739130434783,0.15217391304347827,0.021739130434782608,0.0,0.021739130434782608,1.0,0.19543942063026032
lipid,C44H84NO8P,44,84,8,1,0,1,1.9090909090909092,0.18181818181818182,0.022727272727272728,0.0,0.022727272727272728,1.0,0.19543942063026032
lipid,C45H88NO7P,45,88,7,1,0,1,1.9555555555555555,0.15555555555555556,0.022222222222222223,0.0,0.022222222222222223,1.0,0.19543942063026032
lipid,C43H79O10P,43,79,10,0,0,1,1.8372093023255813,0.23255813953488372,0.0,0.0,0.023255813953488372,0.0,0.19543942063026032
lipid,C44H83O9P,44,83,9,0,0,1,1.8863636363636365,0.20454545454545456,0.0,0.0,0.022727272727272728,0.0,0.19543942063026032
lipid,C45H87O8P,45,87,8,0,0,1,1.9333333333333333,0.17777777777777778,0.0,0.0,0.022222222222222223,0.0,0.19543942063026032
lipid,C45H74NO8P,45,74,8,1,0,1,1.6444444444444444,0.17777777777777778,0.022222222222222223,0.0,0.022222222222222223,1.0,0.19543942063026032
lipid,C42H78NO10P,42,78,10,1,0,1,1.8571428571428572,0.23809523809523808,0.023809523809523808,0.0,0.023809523809523808,1.0,0.19543942063026032
lipid,C43H80NO9P,43,80,9,1,0,1,1.8604651162790697,0.20930232558139536,0.023255813953488372,0.0,0.023255813953488372,1.0,0.19543942063026032
lipid,C43H78NO9P,43,78,9,1,0,1,1.813953488372093,0.20930232558139536,0.023255813953488372,0.0,0.023255813953488372,1.0,0.19543942063026032
lipid,C43H70NO10P,43,70,10,1,0,1,1.627906976744186,0.23255813953488372,0.023255813953488372,0.0,0.023255813953488372,1.0,0.19543942063026032
lipid,C45H78NO8P,45,78,8,1,0,1,1.7333333333333334,0.17777777777777778,0.022222222222222223,0.0,0.022222222222222223,1.0,0.19543942063026032
lipid,C45H82NO8P,45,82,8,1,0,1,1.8222222222222222,0.17777777777777778,0.022222222222222223,0.0,0.022222222222222223,1.0,0.19543942063026032
lipid,C46H86NO7P,46,86,7,1,0,1,1.8695652173913044,0.15217391304347827,0.021739130434782608,0.0,0.021739130434782608,1.0,0.19543942063026032
lipid,C37H65O16P,37,65,16,0,0,1,1.7567567567567568,0.43243243243243246,0.0,0.0,0.02702702702702703,0.0,0.19543942063026032
lipid,C47H73O8P,47,73,8,0,0,1,1.553191489361702,0.1702127659574468,0.0,0.0,0.02127659574468085,0.0,0.19543942063026032
lipid,C40H77O13P,40,77,13,0,0,1,1.925,0.325,0.0,0.0,0.025,0.0,0.19543942063026032
lipid,C44H77O10P,44,77,10,0,0,1,1.75,0.22727272727272727,0.0,0.0,0.022727272727272728,0.0,0.19543942063026032
lipid,C41H81O12P,41,81,12,0,0,1,1.975609756097561,0.2926829268292683,0.0,0.0,0.024390243902439025,0.0,0.19543942063026032
lipid,C44H78NO9P,44,78,9,1,0,1,1.7727272727272727,0.20454545454545456,0.022727272727272728,0.0,0.022727272727272728,1.0,0.19543942063026032
lipid,C43H76NO10P,43,76,10,1,0,1,1.7674418604651163,0.23255813953488372,0.023255813953488372,0.0,0.023255813953488372,1.0,0.19543942063026032
lipid,C45H84NO8P,45,84,8,1,0,1,1.8666666666666667,0.17777777777777778,0.022222222222222223,0.0,0.022222222222222223,1.0,0.19543942063026032
lipid,C46H88NO7P,46,88,7,1,0,1,1.9130434782608696,0.15217391304347827,0.021739130434782608,0.0,0.021739130434782608,1.0,0.19543942063026032
lipid,C37H67O16P,37,67,16,0,0,1,1.8108108108108107,0.43243243243243246,0.0,0.0,0.02702702702702703,0.0,0.19543942063026032
lipid,C44H79O10P,44,79,10,0,0,1,1.7954545454545454,0.22727272727272727,0.0,0.0,0.022727272727272728,0.0,0.19543942063026032
lipid,C46H87O8P,46,87,8,0,0,1,1.891304347826087,0.17391304347826086,0.0,0.0,0.021739130434782608,0.0,0.19543942063026032
lipid,C46H74NO8P,46,74,8,1,0,1,1.608695652173913,0.17391304347826086,0.021739130434782608,0.0,0.021739130434782608,1.0,0.19543942063026032
lipid,C43H78NO10P,43,78,10,1,0,1,1.813953488372093,0.23255813953488372,0.023255813953488372,0.0,0.023255813953488372,1.0,0.19543942063026032
lipid,C44H80NO9P,44,80,9,1,0,1,1.8181818181818181,0.20454545454545456,0.022727272727272728,0.0,0.022727272727272728,1.0,0.19543942063026032
lipid,C44H74NO9P,44,74,9,1,0,1,1.6818181818181819,0.20454545454545456,0.022727272727272728,0.0,0.022727272727272728,1.0,0.19543942063026032
lipid,C43H74NO10P,43,74,10,1,0,1,1.7209302325581395,0.23255813953488372,0.023255813953488372,0.0,0.023255813953488372,1.0,0.19543942063026032
lipid,C41H79O12P,41,79,12,0,0,1,1.9268292682926829,0.2926829268292683,0.0,0.0,0.024390243902439025,0.0,0.19543942063026032
lipid,C42H82NO10P,42,82,10,1,0,1,1.9523809523809523,0.23809523809523808,0.023809523809523808,0.0,0.023809523809523808,1.0,0.19543942063026032
lipid,C46H82NO7P,46,82,7,1,0,1,1.7826086956521738,0.15217391304347827,0.021739130434782608,0.0,0.021739130434782608,1.0,0.19543942063026032
lipid,C43H86NO9P,43,86,9,1,0,1,2.0,0.20930232558139536,0.023255813953488372,0.0,0.023255813953488372,1.0,0.19543942063026032
lipid,C45H94NO7P,45,94,7,1,0,1,2.088888888888889,0.15555555555555556,0.022222222222222223,0.0,0.022222222222222223,1.0,0.19543942063026032
lipid,C47H69O8P,47,69,8,0,0,1,1.4680851063829787,0.1702127659574468,0.0,0.0,0.02127659574468085,0.0,0.19543942063026032
lipid,C40H73O13P,40,73,13,0,0,1,1.825,0.325,0.0,0.0,0.025,0.0,0.19543942063026032
lipid,C44H73O10P,44,73,10,0,0,1,1.6590909090909092,0.22727272727272727,0.0,0.0,0.022727272727272728,0.0,0.19543942063026032
lipid,C46H83O8P,46,83,8,0,0,1,1.8043478260869565,0.17391304347826086,0.0,0.0,0.021739130434782608,0.0,0.19543942063026032
lipid,C41H77O12P,41,77,12,0,0,1,1.8780487804878048,0.2926829268292683,0.0,0.0,0.024390243902439025,0.0,0.19543942063026032
lipid,C44H89O9P,44,89,9,0,0,1,2.022727272727273,0.20454545454545456,0.0,0.0,0.022727272727272728,0.0,0.19543942063026032
lipid,C43H72NO10P,43,72,10,1,0,1,1.6744186046511629,0.23255813953488372,0.023255813953488372,0.0,0.023255813953488372,1.0,0.19543942063026032
lipid,C44H76NO9P,44,76,9,1,0,1,1.7272727272727273,0.20454545454545456,0.022727272727272728,0.0,0.022727272727272728,1.0,0.19543942063026032
lipid,C45H80NO8P,45,80,8,1,0,1,1.7777777777777777,0.17777777777777778,0.022222222222222223,0.0,0.022222222222222223,1.0,0.19543942063026032
lipid,C46H84NO7P,46,84,7,1,0,1,1.826086956521739,0.15217391304347827,0.021739130434782608,0.0,0.021739130434782608,1.0,0.19543942063026032
lipid,C40H75O13P,40,75,13,0,0,1,1.875,0.325,0.0,0.0,0.025,0.0,0.19543942063026032
lipid,C44H75O10P,44,75,10,0,0,1,1.7045454545454546,0.22727272727272727,0.0,0.0,0.022727272727272728,0.0,0.19543942063026032
lipid,C43H85O10P,43,85,10,0,0,1,1.9767441860465116,0.23255813953488372,0.0,0.0,0.023255813953488372,0.0,0.19543942063026032
lipid,C44H82NO9P,44,82,9,1,0,1,1.8636363636363635,0.20454545454545456,0.022727272727272728,0.0,0.022727272727272728,1.0,0.19543942063026032
lipid,C42H74NO10P,42,74,10,1,0,1,1.7619047619047619,0.23809523809523808,0.023809523809523808,0.0,0.023809523809523808,1.0,0.19543942063026032
lipid,C45H83O8P,45,83,8,0,0,1,1.8444444444444446,0.17777777777777778,0.0,0.0,0.022222222222222223,0.0,0.19543942063026032
lipid,C46H80NO6P,46,80,6,1,0,1,1.7391304347826086,0.13043478260869565,0.021739130434782608,0.0,0.021739130434782608,1.0,0.19543942063026032
lipid,C43H84NO8P,43,84,8,1,0,1,1.9534883720930232,0.18604651162790697,0.023255813953488372,0.0,0.023255813953488372,1.0,0.19543942063026032
lipid,C44H88NO7P,44,88,7,1,0,1,2.0,0.1590909090909091,0.022727272727272728,0.0,0.022727272727272728,1.0,0.19543942063026032
lipid,C34H63O17P,34,63,17,0,0,1,1.8529411764705883,0.5,0.0,0.0,0.029411764705882353,0.0,0.19543942063026032
lipid,C39H67O13P,39,67,13,0,0,1,1.7179487179487178,0.3333333333333333,0.0,0.0,0.02564102564102564,0.0,0.19543942063026032
lipid,C44H71O9P,44,71,9,0,0,1,1.6136363636363635,0.20454545454545456,0.0,0.0,0.022727272727272728,0.0,0.19543942063026032
lipid,C45H75O8P,45,75,8,0,0,1,1.6666666666666667,0.17777777777777778,0.0,0.0,0.022222222222222223,0.0,0.19543942063026032
lipid,C42H80NO9P,42,80,9,1,0,1,1.9047619047619047,0.21428571428571427,0.023809523809523808,0.0,0.023809523809523808,1.0,0.19543942063026032
lipid,C42H79O10P,42,79,10,0,0,1,1.880952380952381,0.23809523809523808,0.0,0.0,0.023809523809523808,0.0,0.19543942063026032
lipid,C44H87O8P,44,87,8,0,0,1,1.9772727272727273,0.18181818181818182,0.0,0.0,0.022727272727272728,0.0,0.19543942063026032
lipid,C45H91O7P,45,91,7,0,0,1,2.022222222222222,0.15555555555555556,0.0,0.0,0.022222222222222223,0.0,0.19543942063026032
lipid,C42H66NO10P,42,66,10,1,0,1,1.5714285714285714,0.23809523809523808,0.023809523809523808,0.0,0.023809523809523808,1.0,0.19543942063026032
lipid,C44H74NO8P,44,74,8,1,0,1,1.6818181818181819,0.18181818181818182,0.022727272727272728,0.0,0.022727272727272728,1.0,0.19543942063026032
lipid,C41H78NO10P,41,78,10,1,0,1,1.9024390243902438,0.24390243902439024,0.024390243902439025,0.0,0.024390243902439025,1.0,0.19543942063026032
lipid,C45H78NO7P,45,78,7,1,0,1,1.7333333333333334,0.15555555555555556,0.022222222222222223,0.0,0.022222222222222223,1.0,0.19543942063026032
lipid,C42H82NO9P,42,82,9,1,0,1,1.9523809523809523,0.21428571428571427,0.023809523809523808,0.0,0.023809523809523808,1.0,0.19543942063026032
lipid,C43H83O9P,43,83,9,0,0,1,1.930232558139535,0.20930232558139536,0.0,0.0,0.023255813953488372,0.0,0.19543942063026032
lipid,C43H86NO8P,43,86,8,1,0,1,2.0,0.18604651162790697,0.023255813953488372,0.0,0.023255813953488372,1.0,0.19543942063026032
lipid,C45H76NO7P,45,76,7,1,0,1,1.6888888888888889,0.15555555555555556,0.022222222222222223,0.0,0.022222222222222223,1.0,0.19543942063026032
lipid,C44H72NO8P,44,72,8,1,0,1,1.6363636363636365,0.18181818181818182,0.022727272727272728,0.0,0.022727272727272728,1.0,0.19543942063026032
lipid,C45H71O8P,45,71,8,0,0,1,1.5777777777777777,0.17777777777777778,0.0,0.0,0.022222222222222223,0.0,0.19543942063026032
lipid,C42H75O10P,42,75,10,0,0,1,1.7857142857142858,0.23809523809523808,0.0,0.0,0.023809523809523808,0.0,0.19543942063026032
lipid,C44H83O8P,44,83,8,0,0,1,1.8863636363636365,0.18181818181818182,0.0,0.0,0.022727272727272728,0.0,0.19543942063026032
lipid,C45H87O7P,45,87,7,0,0,1,1.9333333333333333,0.15555555555555556,0.0,0.0,0.022222222222222223,0.0,0.19543942063026032
lipid,C41H74NO10P,41,74,10,1,0,1,1.8048780487804879,0.24390243902439024,0.024390243902439025,0.0,0.024390243902439025,1.0,0.19543942063026032
lipid,C45H74NO7P,45,74,7,1,0,1,1.6444444444444444,0.15555555555555556,0.022222222222222223,0.0,0.022222222222222223,1.0,0.19543942063026032
lipid,C42H78NO9P,42,78,9,1,0,1,1.8571428571428572,0.21428571428571427,0.023809523809523808,0.0,0.023809523809523808,1.0,0.19543942063026032
lipid,C41H76NO10P,41,76,10,1,0,1,1.853658536585366,0.24390243902439024,0.024390243902439025,0.0,0.024390243902439025,1.0,0.19543942063026032
lipid,C46H78NO6P,46,78,6,1,0,1,1.6956521739130435,0.13043478260869565,0.021739130434782608,0.0,0.021739130434782608,1.0,0.19543942063026032
lipid,C44H86NO7P,44,86,7,1,0,1,1.9545454545454546,0.1590909090909091,0.022727272727272728,0.0,0.022727272727272728,1.0,0.19543942063026032
lipid,C34H61O17P,34,61,17,0,0,1,1.7941176470588236,0.5,0.0,0.0,0.029411764705882353,0.0,0.19543942063026032
lipid,C45H73O8P,45,73,8,0,0,1,1.6222222222222222,0.17777777777777778,0.0,0.0,0.022222222222222223,0.0,0.19543942063026032
lipid,C42H77O10P,42,77,10,0,0,1,1.8333333333333333,0.23809523809523808,0.0,0.0,0.023809523809523808,0.0,0.19543942063026032
lipid,C43H81O9P,43,81,9,0,0,1,1.8837209302325582,0.20930232558139536,0.0,0.0,0.023255813953488372,0.0,0.19543942063026032
lipid,C44H85O8P,44,85,8,0,0,1,1.9318181818181819,0.18181818181818182,0.0,0.0,0.022727272727272728,0.0,0.19543942063026032
lipid,C45H89O7P,45,89,7,0,0,1,1.9777777777777779,0.15555555555555556,0.0,0.0,0.022222222222222223,0.0,0.19543942063026032
lipid,C43H82NO8P,43,82,8,1,0,1,1.9069767441860466,0.18604651162790697,0.023255813953488372,0.0,0.023255813953488372,1.0,0.19543942063026032
lipid,C45H70NO8P,45,70,8,1,0,1,1.5555555555555556,0.17777777777777778,0.022222222222222223,0.0,0.022222222222222223,1.0,0.19543942063026032
lipid,C44H90NO7P,44,90,7,1,0,1,2.0454545454545454,0.1590909090909091,0.022727272727272728,0.0,0.022727272727272728,1.0,0.19543942063026032
lipid,C39H69O13P,39,69,13,0,0,1,1.7692307692307692,0.3333333333333333,0.0,0.0,0.02564102564102564,0.0,0.19543942063026032
lipid,C37H65O15P,37,65,15,0,0,1,1.7567567567567568,0.40540540540540543,0.0,0.0,0.02702702702702703,0.0,0.19543942063026032
lipid,C39H74O11P2,39,74,11,0,0,2,1.8974358974358974,0.28205128205128205,0.0,0.0,0.05128205128205128,0.0,0.19543942063026032
lipid,C39H73O13P,39,73,13,0,0,1,1.8717948717948718,0.3333333333333333,0.0,0.0,0.02564102564102564,0.0,0.19543942063026032
lipid,C43H73O10P,43,73,10,0,0,1,1.697674418604651,0.23255813953488372,0.0,0.0,0.023255813953488372,0.0,0.19543942063026032
lipid,C40H77O12P,40,77,12,0,0,1,1.925,0.3,0.0,0.0,0.025,0.0,0.19543942063026032
lipid,C44H77O9P,44,77,9,0,0,1,1.75,0.20454545454545456,0.0,0.0,0.022727272727272728,0.0,0.19543942063026032
lipid,C45H81O8P,45,81,8,0,0,1,1.8,0.17777777777777778,0.0,0.0,0.022222222222222223,0.0,0.19543942063026032
lipid,C45H82NO7P,45,82,7,1,0,1,1.8222222222222222,0.15555555555555556,0.022222222222222223,0.0,0.022222222222222223,1.0,0.19543942063026032
lipid,C42H72NO10P,42,72,10,1,0,1,1.7142857142857142,0.23809523809523808,0.023809523809523808,0.0,0.023809523809523808,1.0,0.19543942063026032
lipid,C44H80NO8P,44,80,8,1,0,1,1.8181818181818181,0.18181818181818182,0.022727272727272728,0.0,0.022727272727272728,1.0,0.19543942063026032
lipid,C45H84NO7P,45,84,7,1,0,1,1.8666666666666667,0.15555555555555556,0.022222222222222223,0.0,0.022222222222222223,1.0,0.19543942063026032
lipid,C37H67O15P,37,67,15,0,0,1,1.8108108108108107,0.40540540540540543,0.0,0.0,0.02702702702702703,0.0,0.19543942063026032
lipid,C39H75O13P,39,75,13,0,0,1,1.9230769230769231,0.3333333333333333,0.0,0.0,0.02564102564102564,0.0,0.19543942063026032
lipid,C43H75O10P,43,75,10,0,0,1,1.744186046511628,0.23255813953488372,0.0,0.0,0.023255813953488372,0.0,0.19543942063026032
lipid,C40H79O12P,40,79,12,0,0,1,1.975,0.3,0.0,0.0,0.025,0.0,0.19543942063026032
lipid,C44H79O9P,44,79,9,0,0,1,1.7954545454545454,0.20454545454545456,0.0,0.0,0.022727272727272728,0.0,0.19543942063026032
lipid,C43H76NO9P,43,76,9,1,0,1,1.7674418604651163,0.20930232558139536,0.023255813953488372,0.0,0.023255813953488372,1.0,0.19543942063026032
lipid,C34H65O17P,34,65,17,0,0,1,1.911764705882353,0.5,0.0,0.0,0.029411764705882353,0.0,0.19543942063026032
lipid,C44H78NO8P,44,78,8,1,0,1,1.7727272727272727,0.18181818181818182,0.022727272727272728,0.0,0.022727272727272728,1.0,0.19543942063026032
lipid,C42H70NO10P,42,70,10,1,0,1,1.6666666666666667,0.23809523809523808,0.023809523809523808,0.0,0.023809523809523808,1.0,0.19543942063026032
lipid,C44H73O9P,44,73,9,0,0,1,1.6590909090909092,0.20454545454545456,0.0,0.0,0.022727272727272728,0.0,0.19543942063026032
lipid,C45H77O8P,45,77,8,0,0,1,1.711111111111111,0.17777777777777778,0.0,0.0,0.022222222222222223,0.0,0.19543942063026032
lipid,C42H81O10P,42,81,10,0,0,1,1.9285714285714286,0.23809523809523808,0.0,0.0,0.023809523809523808,0.0,0.19543942063026032
lipid,C43H85O9P,43,85,9,0,0,1,1.9767441860465116,0.20930232558139536,0.0,0.0,0.023255813953488372,0.0,0.19543942063026032
lipid,C42H68NO10P,42,68,10,1,0,1,1.619047619047619,0.23809523809523808,0.023809523809523808,0.0,0.023809523809523808,1.0,0.19543942063026032
lipid,C44H76NO8P,44,76,8,1,0,1,1.7272727272727273,0.18181818181818182,0.022727272727272728,0.0,0.022727272727272728,1.0,0.19543942063026032
lipid,C41H80NO10P,41,80,10,1,0,1,1.951219512195122,0.24390243902439024,0.024390243902439025,0.0,0.024390243902439025,1.0,0.19543942063026032
lipid,C43H74NO9P,43,74,9,1,0,1,1.7209302325581395,0.20930232558139536,0.023255813953488372,0.0,0.023255813953488372,1.0,0.19543942063026032
lipid,C45H80NO7P,45,80,7,1,0,1,1.7777777777777777,0.15555555555555556,0.022222222222222223,0.0,0.022222222222222223,1.0,0.19543942063026032
lipid,C39H71O13P,39,71,13,0,0,1,1.8205128205128205,0.3333333333333333,0.0,0.0,0.02564102564102564,0.0,0.19543942063026032
lipid,C43H71O10P,43,71,10,0,0,1,1.6511627906976745,0.23255813953488372,0.0,0.0,0.023255813953488372,0.0,0.19543942063026032
lipid,C40H75O12P,40,75,12,0,0,1,1.875,0.3,0.0,0.0,0.025,0.0,0.19543942063026032
lipid,C44H75O9P,44,75,9,0,0,1,1.7045454545454546,0.20454545454545456,0.0,0.0,0.022727272727272728,0.0,0.19543942063026032
lipid,C45H79O8P,45,79,8,0,0,1,1.7555555555555555,0.17777777777777778,0.0,0.0,0.022222222222222223,0.0,0.19543942063026032
lipid,C42H83O10P,42,83,10,0,0,1,1.9761904761904763,0.23809523809523808,0.0,0.0,0.023809523809523808,0.0,0.19543942063026032
lipid,C43H87O9P,43,87,9,0,0,1,2.0232558139534884,0.20930232558139536,0.0,0.0,0.023255813953488372,0.0,0.19543942063026032
lipid,C42H84NO9P,42,84,9,1,0,1,2.0,0.21428571428571427,0.023809523809523808,0.0,0.023809523809523808,1.0,0.19543942063026032
lipid,C44H84NO7P,44,84,7,1,0,1,1.9090909090909092,0.1590909090909091,0.022727272727272728,0.0,0.022727272727272728,1.0,0.19543942063026032
lipid,C48H82NO6P,48,82,6,1,0,1,1.7083333333333333,0.125,0.020833333333333332,0.0,0.020833333333333332,1.0,0.19543942063026032
lipid,C46H90NO7P,46,90,7,1,0,1,1.9565217391304348,0.15217391304347827,0.021739130434782608,0.0,0.021739130434782608,1.0,0.19543942063026032
lipid,C48H84NO7P,48,84,7,1,0,1,1.75,0.14583333333333334,0.020833333333333332,0.0,0.020833333333333332,1.0,0.19543942063026032
lipid,C45H88NO9P,45,88,9,1,0,1,1.9555555555555555,0.2,0.022222222222222223,0.0,0.022222222222222223,1.0,0.19543942063026032
lipid,C46H92NO8P,46,92,8,1,0,1,2.0,0.17391304347826086,0.021739130434782608,0.0,0.021739130434782608,1.0,0.19543942063026032
lipid,C47H96NO7P,47,96,7,1,0,1,2.0425531914893615,0.14893617021276595,0.02127659574468085,0.0,0.02127659574468085,1.0,0.19543942063026032
lipid,C48H100NO6P,48,100,6,1,0,1,2.0833333333333335,0.125,0.020833333333333332,0.0,0.020833333333333332,1.0,0.19543942063026032
lipid,C42H75O13P,42,75,13,0,0,1,1.7857142857142858,0.30952380952380953,0.0,0.0,0.023809523809523808,0.0,0.19543942063026032
lipid,C46H75O10P,46,75,10,0,0,1,1.6304347826086956,0.21739130434782608,0.0,0.0,0.021739130434782608,0.0,0.19543942063026032
lipid,C44H84NO10P,44,84,10,1,0,1,1.9090909090909092,0.22727272727272727,0.022727272727272728,0.0,0.022727272727272728,1.0,0.19543942063026032
lipid,C43H79O12P,43,79,12,0,0,1,1.8372093023255813,0.27906976744186046,0.0,0.0,0.023255813953488372,0.0,0.19543942063026032
lipid,C46H91O9P,46,91,9,0,0,1,1.9782608695652173,0.1956521739130435,0.0,0.0,0.021739130434782608,0.0,0.19543942063026032
lipid,C45H74NO10P,45,74,10,1,0,1,1.6444444444444444,0.2222222222222222,0.022222222222222223,0.0,0.022222222222222223,1.0,0.19543942063026032
lipid,C46H78NO9P,46,78,9,1,0,1,1.6956521739130435,0.1956521739130435,0.021739130434782608,0.0,0.021739130434782608,1.0,0.19543942063026032
lipid,C47H82NO8P,47,82,8,1,0,1,1.7446808510638299,0.1702127659574468,0.02127659574468085,0.0,0.02127659574468085,1.0,0.19543942063026032
lipid,C44H86NO10P,44,86,10,1,0,1,1.9545454545454546,0.22727272727272727,0.022727272727272728,0.0,0.022727272727272728,1.0,0.19543942063026032
lipid,C48H86NO7P,48,86,7,1,0,1,1.7916666666666667,0.14583333333333334,0.020833333333333332,0.0,0.020833333333333332,1.0,0.19543942063026032
lipid,C45H90NO9P,45,90,9,1,0,1,2.0,0.2,0.022222222222222223,0.0,0.022222222222222223,1.0,0.19543942063026032
lipid,C45H87O10P,45,87,10,0,0,1,1.9333333333333333,0.2222222222222222,0.0,0.0,0.022222222222222223,0.0,0.19543942063026032
lipid,C42H77O13P,42,77,13,0,0,1,1.8333333333333333,0.30952380952380953,0.0,0.0,0.023809523809523808,0.0,0.19543942063026032
lipid,C47H80NO8P,47,80,8,1,0,1,1.702127659574468,0.1702127659574468,0.02127659574468085,0.0,0.02127659574468085,1.0,0.19543942063026032
lipid,C47H93O8P,47,93,8,0,0,1,1.9787234042553192,0.1702127659574468,0.0,0.0,0.02127659574468085,0.0,0.19543942063026032
lipid,C46H71O10P,46,71,10,0,0,1,1.5434782608695652,0.21739130434782608,0.0,0.0,0.021739130434782608,0.0,0.19543942063026032
lipid,C43H75O12P,43,75,12,0,0,1,1.744186046511628,0.27906976744186046,0.0,0.0,0.023255813953488372,0.0,0.19543942063026032
lipid,C45H83O10P,45,83,10,0,0,1,1.8444444444444446,0.2222222222222222,0.0,0.0,0.022222222222222223,0.0,0.19543942063026032
lipid,C46H87O9P,46,87,9,0,0,1,1.891304347826087,0.1956521739130435,0.0,0.0,0.021739130434782608,0.0,0.19543942063026032
lipid,C47H91O8P,47,91,8,0,0,1,1.9361702127659575,0.1702127659574468,0.0,0.0,0.02127659574468085,0.0,0.19543942063026032
lipid,C47H78NO8P,47,78,8,1,0,1,1.6595744680851063,0.1702127659574468,0.02127659574468085,0.0,0.02127659574468085,1.0,0.19543942063026032
lipid,C44H82NO10P,44,82,10,1,0,1,1.8636363636363635,0.22727272727272727,0.022727272727272728,0.0,0.022727272727272728,1.0,0.19543942063026032
lipid,C45H72NO10P,45,72,10,1,0,1,1.6,0.2222222222222222,0.022222222222222223,0.0,0.022222222222222223,1.0,0.19543942063026032
lipid,C48H82NO7P,48,82,7,1,0,1,1.7083333333333333,0.14583333333333334,0.020833333333333332,0.0,0.020833333333333332,1.0,0.19543942063026032
lipid,C46H90NO8P,46,90,8,1,0,1,1.9565217391304348,0.17391304347826086,0.021739130434782608,0.0,0.021739130434782608,1.0,0.19543942063026032
lipid,C47H94NO7P,47,94,7,1,0,1,2.0,0.14893617021276595,0.02127659574468085,0.0,0.02127659574468085,1.0,0.19543942063026032
lipid,C42H73O13P,42,73,13,0,0,1,1.7380952380952381,0.30952380952380953,0.0,0.0,0.023809523809523808,0.0,0.19543942063026032
lipid,C46H73O10P,46,73,10,0,0,1,1.5869565217391304,0.21739130434782608,0.0,0.0,0.021739130434782608,0.0,0.19543942063026032
lipid,C43H77O12P,43,77,12,0,0,1,1.7906976744186047,0.27906976744186046,0.0,0.0,0.023255813953488372,0.0,0.19543942063026032
lipid,C45H85O10P,45,85,10,0,0,1,1.8888888888888888,0.2222222222222222,0.0,0.0,0.022222222222222223,0.0,0.19543942063026032
lipid,C46H89O9P,46,89,9,0,0,1,1.934782608695652,0.1956521739130435,0.0,0.0,0.021739130434782608,0.0,0.19543942063026032
lipid,C45H86NO9P,45,86,9,1,0,1,1.9111111111111112,0.2,0.022222222222222223,0.0,0.022222222222222223,1.0,0.19543942063026032
lipid,C42H71O13P,42,71,13,0,0,1,1.6904761904761905,0.30952380952380953,0.0,0.0,0.023809523809523808,0.0,0.19543942063026032
lipid,C46H77O10P,46,77,10,0,0,1,1.673913043478261,0.21739130434782608,0.0,0.0,0.021739130434782608,0.0,0.19543942063026032
lipid,C45H89O10P,45,89,10,0,0,1,1.9777777777777779,0.2222222222222222,0.0,0.0,0.022222222222222223,0.0,0.19543942063026032
lipid,C46H84NO9P,46,84,9,1,0,1,1.826086956521739,0.1956521739130435,0.021739130434782608,0.0,0.021739130434782608,1.0,0.19543942063026032
lipid,C47H88NO8P,47,88,8,1,0,1,1.872340425531915,0.1702127659574468,0.02127659574468085,0.0,0.02127659574468085,1.0,0.19543942063026032
lipid,C48H92NO7P,48,92,7,1,0,1,1.9166666666666667,0.14583333333333334,0.020833333333333332,0.0,0.020833333333333332,1.0,0.19543942063026032
lipid,C43H71O13P,43,71,13,0,0,1,1.6511627906976745,0.3023255813953488,0.0,0.0,0.023255813953488372,0.0,0.19543942063026032
lipid,C46H83O10P,46,83,10,0,0,1,1.8043478260869565,0.21739130434782608,0.0,0.0,0.021739130434782608,0.0,0.19543942063026032
lipid,C46H70NO10P,46,70,10,1,0,1,1.5217391304347827,0.21739130434782608,0.021739130434782608,0.0,0.021739130434782608,1.0,0.19543942063026032
lipid,C44H78NO11P,44,78,11,1,0,1,1.7727272727272727,0.25,0.022727272727272728,0.0,0.022727272727272728,1.0,0.19543942063026032
lipid,C45H80NO10P,45,80,10,1,0,1,1.7777777777777777,0.2222222222222222,0.022222222222222223,0.0,0.022222222222222223,1.0,0.19543942063026032
lipid,C48H78NO8P,48,78,8,1,0,1,1.625,0.16666666666666666,0.020833333333333332,0.0,0.020833333333333332,1.0,0.19543942063026032
lipid,C46H86NO9P,46,86,9,1,0,1,1.8695652173913044,0.1956521739130435,0.021739130434782608,0.0,0.021739130434782608,1.0,0.19543942063026032
lipid,C47H90NO8P,47,90,8,1,0,1,1.9148936170212767,0.1702127659574468,0.02127659574468085,0.0,0.02127659574468085,1.0,0.19543942063026032
lipid,C48H94NO7P,48,94,7,1,0,1,1.9583333333333333,0.14583333333333334,0.020833333333333332,0.0,0.020833333333333332,1.0,0.19543942063026032
lipid,C43H73O13P,43,73,13,0,0,1,1.697674418604651,0.3023255813953488,0.0,0.0,0.023255813953488372,0.0,0.19543942063026032
lipid,C40H78O13P2,40,78,13,0,0,2,1.95,0.325,0.0,0.0,0.05,0.0,0.19543942063026032
lipid,C46H85O10P,46,85,10,0,0,1,1.8478260869565217,0.21739130434782608,0.0,0.0,0.021739130434782608,0.0,0.19543942063026032
lipid,C44H80NO11P,44,80,11,1,0,1,1.8181818181818181,0.25,0.022727272727272728,0.0,0.022727272727272728,1.0,0.19543942063026032
lipid,C45H82NO10P,45,82,10,1,0,1,1.8222222222222222,0.2222222222222222,0.022222222222222223,0.0,0.022222222222222223,1.0,0.19543942063026032
lipid,C43H81O12P,43,81,12,0,0,1,1.8837209302325582,0.27906976744186046,0.0,0.0,0.023255813953488372,0.0,0.19543942063026032
lipid,C48H76NO8P,48,76,8,1,0,1,1.5833333333333333,0.16666666666666666,0.020833333333333332,0.0,0.020833333333333332,1.0,0.19543942063026032
lipid,C46H81O10P,46,81,10,0,0,1,1.7608695652173914,0.21739130434782608,0.0,0.0,0.021739130434782608,0.0,0.19543942063026032
lipid,C46H93O9P,46,93,9,0,0,1,2.0217391304347827,0.1956521739130435,0.0,0.0,0.021739130434782608,0.0,0.19543942063026032
lipid,C45H76NO10P,45,76,10,1,0,1,1.6888888888888889,0.2222222222222222,0.022222222222222223,0.0,0.022222222222222223,1.0,0.19543942063026032
lipid,C46H80NO9P,46,80,9,1,0,1,1.7391304347826086,0.1956521739130435,0.021739130434782608,0.0,0.021739130434782608,1.0,0.19543942063026032
lipid,C47H84NO8P,47,84,8,1,0,1,1.7872340425531914,0.1702127659574468,0.02127659574468085,0.0,0.02127659574468085,1.0,0.19543942063026032
lipid,C48H88NO7P,48,88,7,1,0,1,1.8333333333333333,0.14583333333333334,0.020833333333333332,0.0,0.020833333333333332,1.0,0.19543942063026032
lipid,C39H67O16P,39,67,16,0,0,1,1.7179487179487178,0.41025641025641024,0.0,0.0,0.02564102564102564,0.0,0.19543942063026032
lipid,C42H79O13P,42,79,13,0,0,1,1.880952380952381,0.30952380952380953,0.0,0.0,0.023809523809523808,0.0,0.19543942063026032
lipid,C43H85O12P,43,85,12,0,0,1,1.9767441860465116,0.27906976744186046,0.0,0.0,0.023255813953488372,0.0,0.19543942063026032
lipid,C46H79O10P,46,79,10,0,0,1,1.7173913043478262,0.21739130434782608,0.0,0.0,0.021739130434782608,0.0,0.19543942063026032
lipid,C46H95O9P,46,95,9,0,0,1,2.0652173913043477,0.1956521739130435,0.0,0.0,0.021739130434782608,0.0,0.19543942063026032
lipid,C45H78NO10P,45,78,10,1,0,1,1.7333333333333334,0.2222222222222222,0.022222222222222223,0.0,0.022222222222222223,1.0,0.19543942063026032
lipid,C46H82NO9P,46,82,9,1,0,1,1.7826086956521738,0.1956521739130435,0.021739130434782608,0.0,0.021739130434782608,1.0,0.19543942063026032
lipid,C47H86NO8P,47,86,8,1,0,1,1.8297872340425532,0.1702127659574468,0.02127659574468085,0.0,0.02127659574468085,1.0,0.19543942063026032
lipid,C48H90NO7P,48,90,7,1,0,1,1.875,0.14583333333333334,0.020833333333333332,0.0,0.020833333333333332,1.0,0.19543942063026032
lipid,C39H69O16P,39,69,16,0,0,1,1.7692307692307692,0.41025641025641024,0.0,0.0,0.02564102564102564,0.0,0.19543942063026032
lipid,C42H81O13P,42,81,13,0,0,1,1.9285714285714286,0.30952380952380953,0.0,0.0,0.023809523809523808,0.0,0.19543942063026032
lipid,C43H83O12P,43,83,12,0,0,1,1.930232558139535,0.27906976744186046,0.0,0.0,0.023255813953488372,0.0,0.19543942063026032
lipid,C45H86NO8P,45,86,8,1,0,1,1.9111111111111112,0.17777777777777778,0.022222222222222223,0.0,0.022222222222222223,1.0,0.19543942063026032
lipid,C48H96NO6P,48,96,6,1,0,1,2.0,0.125,0.020833333333333332,0.0,0.020833333333333332,1.0,0.19543942063026032
lipid,C46H88NO8P,46,88,8,1,0,1,1.9130434782608696,0.17391304347826086,0.021739130434782608,0.0,0.021739130434782608,1.0,0.19543942063026032
lipid,C47H82NO7P,47,82,7,1,0,1,1.7446808510638299,0.14893617021276595,0.02127659574468085,0.0,0.02127659574468085,1.0,0.19543942063026032
lipid,C44H86NO9P,44,86,9,1,0,1,1.9545454545454546,0.20454545454545456,0.022727272727272728,0.0,0.022727272727272728,1.0,0.19543942063026032
lipid,C45H90NO8P,45,90,8,1,0,1,2.0,0.17777777777777778,0.022222222222222223,0.0,0.022222222222222223,1.0,0.19543942063026032
lipid,C46H94NO7P,46,94,7,1,0,1,2.0434782608695654,0.15217391304347827,0.021739130434782608,0.0,0.021739130434782608,1.0,0.19543942063026032
lipid,C41H73O13P,41,73,13,0,0,1,1.7804878048780488,0.3170731707317073,0.0,0.0,0.024390243902439025,0.0,0.19543942063026032
lipid,C45H73O10P,45,73,10,0,0,1,1.6222222222222222,0.2222222222222222,0.0,0.0,0.022222222222222223,0.0,0.19543942063026032
lipid,C42H77O12P,42,77,12,0,0,1,1.8333333333333333,0.2857142857142857,0.0,0.0,0.023809523809523808,0.0,0.19543942063026032
lipid,C43H82NO10P,43,82,10,1,0,1,1.9069767441860466,0.23255813953488372,0.023255813953488372,0.0,0.023255813953488372,1.0,0.19543942063026032
lipid,C46H77O9P,46,77,9,0,0,1,1.673913043478261,0.1956521739130435,0.0,0.0,0.021739130434782608,0.0,0.19543942063026032
lipid,C44H85O10P,44,85,10,0,0,1,1.9318181818181819,0.22727272727272727,0.0,0.0,0.022727272727272728,0.0,0.19543942063026032
lipid,C45H89O9P,45,89,9,0,0,1,1.9777777777777779,0.2,0.0,0.0,0.022222222222222223,0.0,0.19543942063026032
lipid,C44H72NO10P,44,72,10,1,0,1,1.6363636363636365,0.22727272727272727,0.022727272727272728,0.0,0.022727272727272728,1.0,0.19543942063026032
lipid,C46H80NO8P,46,80,8,1,0,1,1.7391304347826086,0.17391304347826086,0.021739130434782608,0.0,0.021739130434782608,1.0,0.19543942063026032
lipid,C43H84NO10P,43,84,10,1,0,1,1.9534883720930232,0.23255813953488372,0.023255813953488372,0.0,0.023255813953488372,1.0,0.19543942063026032
lipid,C47H84NO7P,47,84,7,1,0,1,1.7872340425531914,0.14893617021276595,0.02127659574468085,0.0,0.02127659574468085,1.0,0.19543942063026032
lipid,C44H88NO9P,44,88,9,1,0,1,2.0,0.20454545454545456,0.022727272727272728,0.0,0.022727272727272728,1.0,0.19543942063026032
lipid,C47H81O8P,47,81,8,0,0,1,1.7234042553191489,0.1702127659574468,0.0,0.0,0.02127659574468085,0.0,0.19543942063026032
lipid,C48H88NO6P,48,88,6,1,0,1,1.8333333333333333,0.125,0.020833333333333332,0.0,0.020833333333333332,1.0,0.19543942063026032
lipid,C46H78NO8P,46,78,8,1,0,1,1.6956521739130435,0.17391304347826086,0.021739130434782608,0.0,0.021739130434782608,1.0,0.19543942063026032
lipid,C46H91O8P,46,91,8,0,0,1,1.9782608695652173,0.17391304347826086,0.0,0.0,0.021739130434782608,0.0,0.19543942063026032
lipid,C41H69O13P,41,69,13,0,0,1,1.6829268292682926,0.3170731707317073,0.0,0.0,0.024390243902439025,0.0,0.19543942063026032
lipid,C47H77O8P,47,77,8,0,0,1,1.6382978723404256,0.1702127659574468,0.0,0.0,0.02127659574468085,0.0,0.19543942063026032
lipid,C44H81O10P,44,81,10,0,0,1,1.8409090909090908,0.22727272727272727,0.0,0.0,0.022727272727272728,0.0,0.19543942063026032
lipid,C46H89O8P,46,89,8,0,0,1,1.934782608695652,0.17391304347826086,0.0,0.0,0.021739130434782608,0.0,0.19543942063026032
lipid,C44H68NO10P,44,68,10,1,0,1,1.5454545454545454,0.22727272727272727,0.022727272727272728,0.0,0.022727272727272728,1.0,0.19543942063026032
lipid,C46H76NO8P,46,76,8,1,0,1,1.6521739130434783,0.17391304347826086,0.021739130434782608,0.0,0.021739130434782608,1.0,0.19543942063026032
lipid,C43H80NO10P,43,80,10,1,0,1,1.8604651162790697,0.23255813953488372,0.023255813953488372,0.0,0.023255813953488372,1.0,0.19543942063026032
lipid,C44H70NO10P,44,70,10,1,0,1,1.5909090909090908,0.22727272727272727,0.022727272727272728,0.0,0.022727272727272728,1.0,0.19543942063026032
lipid,C44H84NO9P,44,84,9,1,0,1,1.9090909090909092,0.20454545454545456,0.022727272727272728,0.0,0.022727272727272728,1.0,0.19543942063026032
lipid,C45H88NO8P,45,88,8,1,0,1,1.9555555555555555,0.17777777777777778,0.022222222222222223,0.0,0.022222222222222223,1.0,0.19543942063026032
lipid,C46H92NO7P,46,92,7,1,0,1,2.0,0.15217391304347827,0.021739130434782608,0.0,0.021739130434782608,1.0,0.19543942063026032
lipid,C41H71O13P,41,71,13,0,0,1,1.7317073170731707,0.3170731707317073,0.0,0.0,0.024390243902439025,0.0,0.19543942063026032
lipid,C46H75O9P,46,75,9,0,0,1,1.6304347826086956,0.1956521739130435,0.0,0.0,0.021739130434782608,0.0,0.19543942063026032
lipid,C47H79O8P,47,79,8,0,0,1,1.6808510638297873,0.1702127659574468,0.0,0.0,0.02127659574468085,0.0,0.19543942063026032
lipid,C44H83O10P,44,83,10,0,0,1,1.8863636363636365,0.22727272727272727,0.0,0.0,0.022727272727272728,0.0,0.19543942063026032
lipid,C45H87O9P,45,87,9,0,0,1,1.9333333333333333,0.2,0.0,0.0,0.022222222222222223,0.0,0.19543942063026032
lipid,C48H84NO6P,48,84,6,1,0,1,1.75,0.125,0.020833333333333332,0.0,0.020833333333333332,1.0,0.19543942063026032
lipid,C47H92NO7P,47,92,7,1,0,1,1.9574468085106382,0.14893617021276595,0.02127659574468085,0.0,0.02127659574468085,1.0,0.19543942063026032
lipid,C39H67O15P,39,67,15,0,0,1,1.7179487179487178,0.38461538461538464,0.0,0.0,0.02564102564102564,0.0,0.19543942063026032
lipid,C45H75O10P,45,75,10,0,0,1,1.6666666666666667,0.2222222222222222,0.0,0.0,0.022222222222222223,0.0,0.19543942063026032
lipid,C48H92NO6P,48,92,6,1,0,1,1.9166666666666667,0.125,0.020833333333333332,0.0,0.020833333333333332,1.0,0.19543942063026032
lipid,C41H79O13P,41,79,13,0,0,1,1.9268292682926829,0.3170731707317073,0.0,0.0,0.024390243902439025,0.0,0.19543942063026032
lipid,C45H79O10P,45,79,10,0,0,1,1.7555555555555555,0.2222222222222222,0.0,0.0,0.022222222222222223,0.0,0.19543942063026032
lipid,C42H83O12P,42,83,12,0,0,1,1.9761904761904763,0.2857142857142857,0.0,0.0,0.023809523809523808,0.0,0.19543942063026032
lipid,C46H83O9P,46,83,9,0,0,1,1.8043478260869565,0.1956521739130435,0.0,0.0,0.021739130434782608,0.0,0.19543942063026032
lipid,C47H87O8P,47,87,8,0,0,1,1.851063829787234,0.1702127659574468,0.0,0.0,0.02127659574468085,0.0,0.19543942063026032
lipid,C47H74NO8P,47,74,8,1,0,1,1.574468085106383,0.1702127659574468,0.02127659574468085,0.0,0.02127659574468085,1.0,0.19543942063026032
lipid,C47H88NO7P,47,88,7,1,0,1,1.872340425531915,0.14893617021276595,0.02127659574468085,0.0,0.02127659574468085,1.0,0.19543942063026032
lipid,C44H78NO10P,44,78,10,1,0,1,1.7727272727272727,0.22727272727272727,0.022727272727272728,0.0,0.022727272727272728,1.0,0.19543942063026032
lipid,C47H90NO7P,47,90,7,1,0,1,1.9148936170212767,0.14893617021276595,0.02127659574468085,0.0,0.02127659574468085,1.0,0.19543942063026032
lipid,C45H81O10P,45,81,10,0,0,1,1.8,0.2222222222222222,0.0,0.0,0.022222222222222223,0.0,0.19543942063026032
lipid,C46H85O9P,46,85,9,0,0,1,1.8478260869565217,0.1956521739130435,0.0,0.0,0.021739130434782608,0.0,0.19543942063026032
lipid,C47H89O8P,47,89,8,0,0,1,1.8936170212765957,0.1702127659574468,0.0,0.0,0.02127659574468085,0.0,0.19543942063026032
lipid,C47H76NO8P,47,76,8,1,0,1,1.6170212765957446,0.1702127659574468,0.02127659574468085,0.0,0.02127659574468085,1.0,0.19543942063026032
lipid,C44H80NO10P,44,80,10,1,0,1,1.8181818181818181,0.22727272727272727,0.022727272727272728,0.0,0.022727272727272728,1.0,0.19543942063026032
lipid,C48H80NO7P,48,80,7,1,0,1,1.6666666666666667,0.14583333333333334,0.020833333333333332,0.0,0.020833333333333332,1.0,0.19543942063026032
lipid,C46H86NO8P,46,86,8,1,0,1,1.8695652173913044,0.17391304347826086,0.021739130434782608,0.0,0.021739130434782608,1.0,0.19543942063026032
lipid,C41H75O13P,41,75,13,0,0,1,1.829268292682927,0.3170731707317073,0.0,0.0,0.024390243902439025,0.0,0.19543942063026032
lipid,C46H84NO8P,46,84,8,1,0,1,1.826086956521739,0.17391304347826086,0.021739130434782608,0.0,0.021739130434782608,1.0,0.19543942063026032
lipid,C47H72NO8P,47,72,8,1,0,1,1.5319148936170213,0.1702127659574468,0.02127659574468085,0.0,0.02127659574468085,1.0,0.19543942063026032
lipid,C42H79O12P,42,79,12,0,0,1,1.880952380952381,0.2857142857142857,0.0,0.0,0.023809523809523808,0.0,0.19543942063026032
lipid,C46H79O9P,46,79,9,0,0,1,1.7173913043478262,0.1956521739130435,0.0,0.0,0.021739130434782608,0.0,0.19543942063026032
lipid,C47H83O8P,47,83,8,0,0,1,1.7659574468085106,0.1702127659574468,0.0,0.0,0.02127659574468085,0.0,0.19543942063026032
lipid,C44H87O10P,44,87,10,0,0,1,1.9772727272727273,0.22727272727272727,0.0,0.0,0.022727272727272728,0.0,0.19543942063026032
lipid,C45H91O9P,45,91,9,0,0,1,2.022222222222222,0.2,0.0,0.0,0.022222222222222223,0.0,0.19543942063026032
lipid,C46H95O8P,46,95,8,0,0,1,2.0652173913043477,0.17391304347826086,0.0,0.0,0.021739130434782608,0.0,0.19543942063026032
lipid,C44H74NO10P,44,74,10,1,0,1,1.6818181818181819,0.22727272727272727,0.022727272727272728,0.0,0.022727272727272728,1.0,0.19543942063026032
lipid,C44H76NO10P,44,76,10,1,0,1,1.7272727272727273,0.22727272727272727,0.022727272727272728,0.0,0.022727272727272728,1.0,0.19543942063026032
lipid,C45H78NO9P,45,78,9,1,0,1,1.7333333333333334,0.2,0.022222222222222223,0.0,0.022222222222222223,1.0,0.19543942063026032
lipid,C47H86NO7P,47,86,7,1,0,1,1.8297872340425532,0.14893617021276595,0.02127659574468085,0.0,0.02127659574468085,1.0,0.19543942063026032
lipid,C39H69O15P,39,69,15,0,0,1,1.7692307692307692,0.38461538461538464,0.0,0.0,0.02564102564102564,0.0,0.19543942063026032
lipid,C41H77O13P,41,77,13,0,0,1,1.8780487804878048,0.3170731707317073,0.0,0.0,0.024390243902439025,0.0,0.19543942063026032
lipid,C45H77O10P,45,77,10,0,0,1,1.711111111111111,0.2222222222222222,0.0,0.0,0.022222222222222223,0.0,0.19543942063026032
lipid,C42H81O12P,42,81,12,0,0,1,1.9285714285714286,0.2857142857142857,0.0,0.0,0.023809523809523808,0.0,0.19543942063026032
lipid,C46H81O9P,46,81,9,0,0,1,1.7608695652173914,0.1956521739130435,0.0,0.0,0.021739130434782608,0.0,0.19543942063026032
lipid,C47H85O8P,47,85,8,0,0,1,1.8085106382978724,0.1702127659574468,0.0,0.0,0.02127659574468085,0.0,0.19543942063026032
lipid,C46H82NO8P,46,82,8,1,0,1,1.7826086956521738,0.17391304347826086,0.021739130434782608,0.0,0.021739130434782608,1.0,0.19543942063026032
lipid,C43H80NO8P,43,80,8,1,0,1,1.8604651162790697,0.18604651162790697,0.023255813953488372,0.0,0.023255813953488372,1.0,0.19543942063026032
lipid,C42H76NO9P,42,76,9,1,0,1,1.8095238095238095,0.21428571428571427,0.023809523809523808,0.0,0.023809523809523808,1.0,0.19543942063026032
lipid,C41H72NO10P,41,72,10,1,0,1,1.7560975609756098,0.24390243902439024,0.024390243902439025,0.0,0.024390243902439025,1.0,0.19543942063026032
lipid,C42H81O7P,42,81,7,0,0,1,1.9285714285714286,0.16666666666666666,0.0,0.0,0.023809523809523808,0.0,0.19543942063026032
lipid,C38H68NO10P,38,68,10,1,0,1,1.7894736842105263,0.2631578947368421,0.02631578947368421,0.0,0.02631578947368421,1.0,0.19543942063026032
lipid,C39H72NO9P,39,72,9,1,0,1,1.8461538461538463,0.23076923076923078,0.02564102564102564,0.0,0.02564102564102564,1.0,0.19543942063026032
lipid,C43H72NO6P,43,72,6,1,0,1,1.6744186046511629,0.13953488372093023,0.023255813953488372,0.0,0.023255813953488372,1.0,0.19543942063026032
lipid,C40H76NO8P,40,76,8,1,0,1,1.9,0.2,0.025,0.0,0.025,1.0,0.19543942063026032
lipid,C41H80NO7P,41,80,7,1,0,1,1.951219512195122,0.17073170731707318,0.024390243902439025,0.0,0.024390243902439025,1.0,0.19543942063026032
lipid,C42H67O8P,42,67,8,0,0,1,1.5952380952380953,0.19047619047619047,0.0,0.0,0.023809523809523808,0.0,0.19543942063026032
lipid,C41H77O8P,41,77,8,0,0,1,1.8780487804878048,0.1951219512195122,0.0,0.0,0.024390243902439025,0.0,0.19543942063026032
lipid,C39H71O10P,39,71,10,0,0,1,1.8205128205128205,0.2564102564102564,0.0,0.0,0.02564102564102564,0.0,0.19543942063026032
lipid,C41H79O8P,41,79,8,0,0,1,1.9268292682926829,0.1951219512195122,0.0,0.0,0.024390243902439025,0.0,0.19543942063026032
lipid,C42H83O7P,42,83,7,0,0,1,1.9761904761904763,0.16666666666666666,0.0,0.0,0.023809523809523808,0.0,0.19543942063026032
lipid,C36H62NO12P,36,62,12,1,0,1,1.7222222222222223,0.3333333333333333,0.027777777777777776,0.0,0.027777777777777776,1.0,0.19543942063026032
lipid,C41H66NO8P,41,66,8,1,0,1,1.6097560975609757,0.1951219512195122,0.024390243902439025,0.0,0.024390243902439025,1.0,0.19543942063026032
lipid,C38H70NO10P,38,70,10,1,0,1,1.8421052631578947,0.2631578947368421,0.02631578947368421,0.0,0.02631578947368421,1.0,0.19543942063026032
lipid,C39H74NO9P,39,74,9,1,0,1,1.8974358974358974,0.23076923076923078,0.02564102564102564,0.0,0.02564102564102564,1.0,0.19543942063026032
lipid,C43H74NO6P,43,74,6,1,0,1,1.7209302325581395,0.13953488372093023,0.023255813953488372,0.0,0.023255813953488372,1.0,0.19543942063026032
lipid,C40H75O9P,40,75,9,0,0,1,1.875,0.225,0.0,0.0,0.025,0.0,0.19543942063026032
lipid,C40H78NO8P,40,78,8,1,0,1,1.95,0.2,0.025,0.0,0.025,1.0,0.19543942063026032
lipid,C40H73O9P,40,73,9,0,0,1,1.825,0.225,0.0,0.0,0.025,0.0,0.19543942063026032
lipid,C32H57O16P,32,57,16,0,0,1,1.78125,0.5,0.0,0.0,0.03125,0.0,0.19543942063026032
lipid,C35H65O13P,35,65,13,0,0,1,1.8571428571428572,0.37142857142857144,0.0,0.0,0.02857142857142857,0.0,0.19543942063026032
lipid,C41H73O8P,41,73,8,0,0,1,1.7804878048780488,0.1951219512195122,0.0,0.0,0.024390243902439025,0.0,0.19543942063026032
lipid,C38H64NO10P,38,64,10,1,0,1,1.6842105263157894,0.2631578947368421,0.02631578947368421,0.0,0.02631578947368421,1.0,0.19543942063026032
lipid,C40H72NO8P,40,72,8,1,0,1,1.8,0.2,0.025,0.0,0.025,1.0,0.19543942063026032
lipid,C41H76NO7P,41,76,7,1,0,1,1.853658536585366,0.17073170731707318,0.024390243902439025,0.0,0.024390243902439025,1.0,0.19543942063026032
lipid,C42H80NO6P,42,80,6,1,0,1,1.9047619047619047,0.14285714285714285,0.023809523809523808,0.0,0.023809523809523808,1.0,0.19543942063026032
lipid,C32H55O16P,32,55,16,0,0,1,1.71875,0.5,0.0,0.0,0.03125,0.0,0.19543942063026032
lipid,C39H69O10P,39,69,10,0,0,1,1.7692307692307692,0.2564102564102564,0.0,0.0,0.02564102564102564,0.0,0.19543942063026032
lipid,C33H59O15P,33,59,15,0,0,1,1.7878787878787878,0.45454545454545453,0.0,0.0,0.030303030303030304,0.0,0.19543942063026032
lipid,C35H67O13P,35,67,13,0,0,1,1.9142857142857144,0.37142857142857144,0.0,0.0,0.02857142857142857,0.0,0.19543942063026032
lipid,C39H67O10P,39,67,10,0,0,1,1.7179487179487178,0.2564102564102564,0.0,0.0,0.02564102564102564,0.0,0.19543942063026032
lipid,C40H71O9P,40,71,9,0,0,1,1.775,0.225,0.0,0.0,0.025,0.0,0.19543942063026032
lipid,C41H75O8P,41,75,8,0,0,1,1.829268292682927,0.1951219512195122,0.0,0.0,0.024390243902439025,0.0,0.19543942063026032
lipid,C38H66NO10P,38,66,10,1,0,1,1.736842105263158,0.2631578947368421,0.02631578947368421,0.0,0.02631578947368421,1.0,0.19543942063026032
lipid,C40H74NO8P,40,74,8,1,0,1,1.85,0.2,0.025,0.0,0.025,1.0,0.19543942063026032
lipid,C41H78NO7P,41,78,7,1,0,1,1.9024390243902438,0.17073170731707318,0.024390243902439025,0.0,0.024390243902439025,1.0,0.19543942063026032
lipid,C34H63O14P,34,63,14,0,0,1,1.8529411764705883,0.4117647058823529,0.0,0.0,0.029411764705882353,0.0,0.19543942063026032
lipid,C33H57O15P,33,57,15,0,0,1,1.7272727272727273,0.45454545454545453,0.0,0.0,0.030303030303030304,0.0,0.19543942063026032
lipid,C41H82NO7P,41,82,7,1,0,1,2.0,0.17073170731707318,0.024390243902439025,0.0,0.024390243902439025,1.0,0.19543942063026032
lipid,C39H73O10P,39,73,10,0,0,1,1.8717948717948718,0.2564102564102564,0.0,0.0,0.02564102564102564,0.0,0.19543942063026032
lipid,C36H65O13P,36,65,13,0,0,1,1.8055555555555556,0.3611111111111111,0.0,0.0,0.027777777777777776,0.0,0.19543942063026032
lipid,C42H73O8P,42,73,8,0,0,1,1.7380952380952381,0.19047619047619047,0.0,0.0,0.023809523809523808,0.0,0.19543942063026032
lipid,C39H77O8PS,39,77,8,0,1,1,1.9743589743589745,0.20512820512820512,0.0,0.02564102564102564,0.02564102564102564,0.0,0.19543942063026032
lipid,C39H77O10P,39,77,10,0,0,1,1.9743589743589745,0.2564102564102564,0.0,0.0,0.02564102564102564,0.0,0.19543942063026032
lipid,C43H77O7P,43,77,7,0,0,1,1.7906976744186047,0.16279069767441862,0.0,0.0,0.023255813953488372,0.0,0.19543942063026032
lipid,C40H81O9P,40,81,9,0,0,1,2.025,0.225,0.0,0.0,0.025,0.0,0.19543942063026032
lipid,C41H72NO8P,41,72,8,1,0,1,1.7560975609756098,0.1951219512195122,0.024390243902439025,0.0,0.024390243902439025,1.0,0.19543942063026032
lipid,C34H57O15P,34,57,15,0,0,1,1.6764705882352942,0.4411764705882353,0.0,0.0,0.029411764705882353,0.0,0.19543942063026032
lipid,C42H76NO7P,42,76,7,1,0,1,1.8095238095238095,0.16666666666666666,0.023809523809523808,0.0,0.023809523809523808,1.0,0.19543942063026032
lipid,C36H67O13P,36,67,13,0,0,1,1.8611111111111112,0.3611111111111111,0.0,0.0,0.027777777777777776,0.0,0.19543942063026032
lipid,C40H67O10P,40,67,10,0,0,1,1.675,0.25,0.0,0.0,0.025,0.0,0.19543942063026032
lipid,C37H71O12P,37,71,12,0,0,1,1.9189189189189189,0.32432432432432434,0.0,0.0,0.02702702702702703,0.0,0.19543942063026032
lipid,C42H75O8P,42,75,8,0,0,1,1.7857142857142858,0.19047619047619047,0.0,0.0,0.023809523809523808,0.0,0.19543942063026032
lipid,C43H79O7P,43,79,7,0,0,1,1.8372093023255813,0.16279069767441862,0.0,0.0,0.023255813953488372,0.0,0.19543942063026032
lipid,C39H66NO10P,39,66,10,1,0,1,1.6923076923076923,0.2564102564102564,0.02564102564102564,0.0,0.02564102564102564,1.0,0.19543942063026032
lipid,C40H70NO9P,40,70,9,1,0,1,1.75,0.225,0.025,0.0,0.025,1.0,0.19543942063026032
lipid,C34H59O15P,34,59,15,0,0,1,1.7352941176470589,0.4411764705882353,0.0,0.0,0.029411764705882353,0.0,0.19543942063026032
lipid,C42H69O8P,42,69,8,0,0,1,1.6428571428571428,0.19047619047619047,0.0,0.0,0.023809523809523808,0.0,0.19543942063026032
lipid,C39H78NO9P,39,78,9,1,0,1,2.0,0.23076923076923078,0.02564102564102564,0.0,0.02564102564102564,1.0,0.19543942063026032
lipid,C41H70NO8P,41,70,8,1,0,1,1.7073170731707317,0.1951219512195122,0.024390243902439025,0.0,0.024390243902439025,1.0,0.19543942063026032
lipid,C43H73O7P,43,73,7,0,0,1,1.697674418604651,0.16279069767441862,0.0,0.0,0.023255813953488372,0.0,0.19543942063026032
lipid,C40H77O9P,40,77,9,0,0,1,1.925,0.225,0.0,0.0,0.025,0.0,0.19543942063026032
lipid,C41H81O8P,41,81,8,0,0,1,1.975609756097561,0.1951219512195122,0.0,0.0,0.024390243902439025,0.0,0.19543942063026032
lipid,C42H85O7P,42,85,7,0,0,1,2.0238095238095237,0.16666666666666666,0.0,0.0,0.023809523809523808,0.0,0.19543942063026032
lipid,C36H64NO12P,36,64,12,1,0,1,1.7777777777777777,0.3333333333333333,0.027777777777777776,0.0,0.027777777777777776,1.0,0.19543942063026032
lipid,C41H68NO8P,41,68,8,1,0,1,1.6585365853658536,0.1951219512195122,0.024390243902439025,0.0,0.024390243902439025,1.0,0.19543942063026032
lipid,C38H72NO10P,38,72,10,1,0,1,1.894736842105263,0.2631578947368421,0.02631578947368421,0.0,0.02631578947368421,1.0,0.19543942063026032
lipid,C38H74NO10P,38,74,10,1,0,1,1.9473684210526316,0.2631578947368421,0.02631578947368421,0.0,0.02631578947368421,1.0,0.19543942063026032
lipid,C39H76NO9P,39,76,9,1,0,1,1.9487179487179487,0.23076923076923078,0.02564102564102564,0.0,0.02564102564102564,1.0,0.19543942063026032
lipid,C41H84NO7P,41,84,7,1,0,1,2.048780487804878,0.17073170731707318,0.024390243902439025,0.0,0.024390243902439025,1.0,0.19543942063026032
lipid,C31H59O17P,31,59,17,0,0,1,1.903225806451613,0.5483870967741935,0.0,0.0,0.03225806451612903,0.0,0.19543942063026032
lipid,C36H63O13P,36,63,13,0,0,1,1.75,0.3611111111111111,0.0,0.0,0.027777777777777776,0.0,0.19543942063026032
lipid,C42H71O8P,42,71,8,0,0,1,1.6904761904761905,0.19047619047619047,0.0,0.0,0.023809523809523808,0.0,0.19543942063026032
lipid,C39H75O10P,39,75,10,0,0,1,1.9230769230769231,0.2564102564102564,0.0,0.0,0.02564102564102564,0.0,0.19543942063026032
lipid,C43H75O7P,43,75,7,0,0,1,1.744186046511628,0.16279069767441862,0.0,0.0,0.023255813953488372,0.0,0.19543942063026032
lipid,C40H79O9P,40,79,9,0,0,1,1.975,0.225,0.0,0.0,0.025,0.0,0.19543942063026032
lipid,C40H80NO8P,40,80,8,1,0,1,2.0,0.2,0.025,0.0,0.025,1.0,0.19543942063026032
lipid,C41H74NO8P,41,74,8,1,0,1,1.8048780487804879,0.1951219512195122,0.024390243902439025,0.0,0.024390243902439025,1.0,0.19543942063026032
lipid,C41H74NO7P,41,74,7,1,0,1,1.8048780487804879,0.17073170731707318,0.024390243902439025,0.0,0.024390243902439025,1.0,0.19543942063026032
lipid,C34H62NO13P,34,62,13,1,0,1,1.8235294117647058,0.38235294117647056,0.029411764705882353,0.0,0.029411764705882353,1.0,0.19543942063026032
lipid,C41H73O7P,41,73,7,0,0,1,1.7804878048780488,0.17073170731707318,0.0,0.0,0.024390243902439025,0.0,0.19543942063026032
lipid,C38H77O9P,38,77,9,0,0,1,2.026315789473684,0.23684210526315788,0.0,0.0,0.02631578947368421,0.0,0.19543942063026032
lipid,C39H68NO8P,39,68,8,1,0,1,1.7435897435897436,0.20512820512820512,0.02564102564102564,0.0,0.02564102564102564,1.0,0.19543942063026032
lipid,C32H55O15P,32,55,15,0,0,1,1.71875,0.46875,0.0,0.0,0.03125,0.0,0.19543942063026032
lipid,C34H63O13P,34,63,13,0,0,1,1.8529411764705883,0.38235294117647056,0.0,0.0,0.029411764705882353,0.0,0.19543942063026032
lipid,C40H71O8P,40,71,8,0,0,1,1.775,0.2,0.0,0.0,0.025,0.0,0.19543942063026032
lipid,C41H75O7P,41,75,7,0,0,1,1.829268292682927,0.17073170731707318,0.0,0.0,0.024390243902439025,0.0,0.19543942063026032
lipid,C37H73O10P,37,73,10,0,0,1,1.972972972972973,0.2702702702702703,0.0,0.0,0.02702702702702703,0.0,0.19543942063026032
lipid,C39H70NO8P,39,70,8,1,0,1,1.794871794871795,0.20512820512820512,0.02564102564102564,0.0,0.02564102564102564,1.0,0.19543942063026032
lipid,C34H65O13P,34,65,13,0,0,1,1.911764705882353,0.38235294117647056,0.0,0.0,0.029411764705882353,0.0,0.19543942063026032
lipid,C38H65O10P,38,65,10,0,0,1,1.7105263157894737,0.2631578947368421,0.0,0.0,0.02631578947368421,0.0,0.19543942063026032
lipid,C40H73O8P,40,73,8,0,0,1,1.825,0.2,0.0,0.0,0.025,0.0,0.19543942063026032
lipid,C41H77O7P,41,77,7,0,0,1,1.8780487804878048,0.17073170731707318,0.0,0.0,0.024390243902439025,0.0,0.19543942063026032
lipid,C37H64NO10P,37,64,10,1,0,1,1.7297297297297298,0.2702702702702703,0.02702702702702703,0.0,0.02702702702702703,1.0,0.19543942063026032
lipid,C39H72NO8P,39,72,8,1,0,1,1.8461538461538463,0.20512820512820512,0.02564102564102564,0.0,0.02564102564102564,1.0,0.19543942063026032
lipid,C40H76NO7P,40,76,7,1,0,1,1.9,0.175,0.025,0.0,0.025,1.0,0.19543942063026032
lipid,C32H57O15P,32,57,15,0,0,1,1.78125,0.46875,0.0,0.0,0.03125,0.0,0.19543942063026032
lipid,C41H63O8P,41,63,8,0,0,1,1.5365853658536586,0.1951219512195122,0.0,0.0,0.024390243902439025,0.0,0.19543942063026032
lipid,C37H73O8PS,37,73,8,0,1,1,1.972972972972973,0.21621621621621623,0.0,0.02702702702702703,0.02702702702702703,0.0,0.19543942063026032
lipid,C34H61O13P,34,61,13,0,0,1,1.7941176470588236,0.38235294117647056,0.0,0.0,0.029411764705882353,0.0,0.19543942063026032
lipid,C39H77O8P,39,77,8,0,0,1,1.9743589743589745,0.20512820512820512,0.0,0.0,0.02564102564102564,0.0,0.19543942063026032
lipid,C40H81O7P,40,81,7,0,0,1,2.025,0.175,0.0,0.0,0.025,0.0,0.19543942063026032
lipid,C34H60NO12P,34,60,12,1,0,1,1.7647058823529411,0.35294117647058826,0.029411764705882353,0.0,0.029411764705882353,1.0,0.19543942063026032
lipid,C35H64NO11P,35,64,11,1,0,1,1.8285714285714285,0.3142857142857143,0.02857142857142857,0.0,0.02857142857142857,1.0,0.19543942063026032
lipid,C36H68NO10P,36,68,10,1,0,1,1.8888888888888888,0.2777777777777778,0.027777777777777776,0.0,0.027777777777777776,1.0,0.19543942063026032
lipid,C37H72NO9P,37,72,9,1,0,1,1.945945945945946,0.24324324324324326,0.02702702702702703,0.0,0.02702702702702703,1.0,0.19543942063026032
lipid,C38H76NO8P,38,76,8,1,0,1,2.0,0.21052631578947367,0.02631578947368421,0.0,0.02631578947368421,1.0,0.19543942063026032
lipid,C40H69O8P,40,69,8,0,0,1,1.725,0.2,0.0,0.0,0.025,0.0,0.19543942063026032
lipid,C39H80NO7P,39,80,7,1,0,1,2.051282051282051,0.1794871794871795,0.02564102564102564,0.0,0.02564102564102564,1.0,0.19543942063026032
lipid,C37H71O10P,37,71,10,0,0,1,1.9189189189189189,0.2702702702702703,0.0,0.0,0.02702702702702703,0.0,0.19543942063026032
lipid,C41H71O7P,41,71,7,0,0,1,1.7317073170731707,0.17073170731707318,0.0,0.0,0.024390243902439025,0.0,0.19543942063026032
lipid,C38H75O9P,38,75,9,0,0,1,1.9736842105263157,0.23684210526315788,0.0,0.0,0.02631578947368421,0.0,0.19543942063026032
lipid,C34H62NO12P,34,62,12,1,0,1,1.8235294117647058,0.35294117647058826,0.029411764705882353,0.0,0.029411764705882353,1.0,0.19543942063026032
lipid,C39H66NO8P,39,66,8,1,0,1,1.6923076923076923,0.20512820512820512,0.02564102564102564,0.0,0.02564102564102564,1.0,0.19543942063026032
lipid,C36H70NO10P,36,70,10,1,0,1,1.9444444444444444,0.2777777777777778,0.027777777777777776,0.0,0.027777777777777776,1.0,0.19543942063026032
lipid,C37H74NO9P,37,74,9,1,0,1,2.0,0.24324324324324326,0.02702702702702703,0.0,0.02702702702702703,1.0,0.19543942063026032
lipid,C40H67O8P,40,67,8,0,0,1,1.675,0.2,0.0,0.0,0.025,0.0,0.19543942063026032
lipid,C40H70NO8P,40,70,8,1,0,1,1.75,0.2,0.025,0.0,0.025,1.0,0.19543942063026032
lipid,C38H67O10P,38,67,10,0,0,1,1.763157894736842,0.2631578947368421,0.0,0.0,0.02631578947368421,0.0,0.19543942063026032
lipid,C41H79O7P,41,79,7,0,0,1,1.9268292682926829,0.17073170731707318,0.0,0.0,0.024390243902439025,0.0,0.19543942063026032
lipid,C38H74NO9P,38,74,9,1,0,1,1.9473684210526316,0.23684210526315788,0.02631578947368421,0.0,0.02631578947368421,1.0,0.19543942063026032
lipid,C39H78NO8P,39,78,8,1,0,1,2.0,0.20512820512820512,0.02564102564102564,0.0,0.02564102564102564,1.0,0.19543942063026032
lipid,C40H82NO7P,40,82,7,1,0,1,2.05,0.175,0.025,0.0,0.025,1.0,0.19543942063026032
lipid,C36H65O12P,36,65,12,0,0,1,1.8055555555555556,0.3333333333333333,0.0,0.0,0.027777777777777776,0.0,0.19543942063026032
lipid,C41H69O8P,41,69,8,0,0,1,1.6829268292682926,0.1951219512195122,0.0,0.0,0.024390243902439025,0.0,0.19543942063026032
lipid,C38H73O10P,38,73,10,0,0,1,1.9210526315789473,0.2631578947368421,0.0,0.0,0.02631578947368421,0.0,0.19543942063026032
lipid,C39H77O9P,39,77,9,0,0,1,1.9743589743589745,0.23076923076923078,0.0,0.0,0.02564102564102564,0.0,0.19543942063026032
lipid,C37H70NO10P,37,70,10,1,0,1,1.8918918918918919,0.2702702702702703,0.02702702702702703,0.0,0.02702702702702703,1.0,0.19543942063026032
lipid,C34H60NO13P,34,60,13,1,0,1,1.7647058823529411,0.38235294117647056,0.029411764705882353,0.0,0.029411764705882353,1.0,0.19543942063026032
lipid,C40H68NO8P,40,68,8,1,0,1,1.7,0.2,0.025,0.0,0.025,1.0,0.19543942063026032
lipid,C37H72NO10P,37,72,10,1,0,1,1.945945945945946,0.2702702702702703,0.02702702702702703,0.0,0.02702702702702703,1.0,0.19543942063026032
lipid,C41H72NO7P,41,72,7,1,0,1,1.7560975609756098,0.17073170731707318,0.024390243902439025,0.0,0.024390243902439025,1.0,0.19543942063026032
lipid,C38H76NO9P,38,76,9,1,0,1,2.0,0.23684210526315788,0.02631578947368421,0.0,0.02631578947368421,1.0,0.19543942063026032
lipid,C41H71O8P,41,71,8,0,0,1,1.7317073170731707,0.1951219512195122,0.0,0.0,0.024390243902439025,0.0,0.19543942063026032
lipid,C38H75O10P,38,75,10,0,0,1,1.9736842105263157,0.2631578947368421,0.0,0.0,0.02631578947368421,0.0,0.19543942063026032
lipid,C39H79O9P,39,79,9,0,0,1,2.0256410256410255,0.23076923076923078,0.0,0.0,0.02564102564102564,0.0,0.19543942063026032
lipid,C36H68NO11P,36,68,11,1,0,1,1.8888888888888888,0.3055555555555556,0.027777777777777776,0.0,0.027777777777777776,1.0,0.19543942063026032
lipid,C40H75O8P,40,75,8,0,0,1,1.875,0.2,0.0,0.0,0.025,0.0,0.19543942063026032
lipid,C36H66NO11P,36,66,11,1,0,1,1.8333333333333333,0.3055555555555556,0.027777777777777776,0.0,0.027777777777777776,1.0,0.19543942063026032
lipid,C40H79O8P,40,79,8,0,0,1,1.975,0.2,0.0,0.0,0.025,0.0,0.19543942063026032
lipid,C37H66NO10P,37,66,10,1,0,1,1.7837837837837838,0.2702702702702703,0.02702702702702703,0.0,0.02702702702702703,1.0,0.19543942063026032
lipid,C39H74NO8P,39,74,8,1,0,1,1.8974358974358974,0.20512820512820512,0.02564102564102564,0.0,0.02564102564102564,1.0,0.19543942063026032
lipid,C40H78NO7P,40,78,7,1,0,1,1.95,0.175,0.025,0.0,0.025,1.0,0.19543942063026032
lipid,C41H65O8P,41,65,8,0,0,1,1.5853658536585367,0.1951219512195122,0.0,0.0,0.024390243902439025,0.0,0.19543942063026032
lipid,C38H69O10P,38,69,10,0,0,1,1.8157894736842106,0.2631578947368421,0.0,0.0,0.02631578947368421,0.0,0.19543942063026032
lipid,C39H73O9P,39,73,9,0,0,1,1.8717948717948718,0.23076923076923078,0.0,0.0,0.02564102564102564,0.0,0.19543942063026032
lipid,C40H77O8P,40,77,8,0,0,1,1.925,0.2,0.0,0.0,0.025,0.0,0.19543942063026032
lipid,C41H83O7P,41,83,7,0,0,1,2.024390243902439,0.17073170731707318,0.0,0.0,0.024390243902439025,0.0,0.19543942063026032
lipid,C41H81O7P,41,81,7,0,0,1,1.975609756097561,0.17073170731707318,0.0,0.0,0.024390243902439025,0.0,0.19543942063026032
lipid,C38H72NO9P,38,72,9,1,0,1,1.894736842105263,0.23684210526315788,0.02631578947368421,0.0,0.02631578947368421,1.0,0.19543942063026032
lipid,C39H76NO8P,39,76,8,1,0,1,1.9487179487179487,0.20512820512820512,0.02564102564102564,0.0,0.02564102564102564,1.0,0.19543942063026032
lipid,C40H80NO7P,40,80,7,1,0,1,2.0,0.175,0.025,0.0,0.025,1.0,0.19543942063026032
lipid,C36H63O12P,36,63,12,0,0,1,1.75,0.3333333333333333,0.0,0.0,0.027777777777777776,0.0,0.19543942063026032
lipid,C41H67O8P,41,67,8,0,0,1,1.6341463414634145,0.1951219512195122,0.0,0.0,0.024390243902439025,0.0,0.19543942063026032
lipid,C38H71O10P,38,71,10,0,0,1,1.868421052631579,0.2631578947368421,0.0,0.0,0.02631578947368421,0.0,0.19543942063026032
lipid,C39H75O9P,39,75,9,0,0,1,1.9230769230769231,0.23076923076923078,0.0,0.0,0.02564102564102564,0.0,0.19543942063026032
lipid,C37H68NO10P,37,68,10,1,0,1,1.837837837837838,0.2702702702702703,0.02702702702702703,0.0,0.02702702702702703,1.0,0.19543942063026032
lipid,C42H78NO7P,42,78,7,1,0,1,1.8571428571428572,0.16666666666666666,0.023809523809523808,0.0,0.023809523809523808,1.0,0.19543942063026032
lipid,C33H57O16P,33,57,16,0,0,1,1.7272727272727273,0.48484848484848486,0.0,0.0,0.030303030303030304,0.0,0.19543942063026032
lipid,C43H65O8P,43,65,8,0,0,1,1.5116279069767442,0.18604651162790697,0.0,0.0,0.023255813953488372,0.0,0.19543942063026032
lipid,C45H78NO6P,45,78,6,1,0,1,1.7333333333333334,0.13333333333333333,0.022222222222222223,0.0,0.022222222222222223,1.0,0.19543942063026032
lipid,C42H82NO8P,42,82,8,1,0,1,1.9523809523809523,0.19047619047619047,0.023809523809523808,0.0,0.023809523809523808,1.0,0.19543942063026032
lipid,C43H86NO7P,43,86,7,1,0,1,2.0,0.16279069767441862,0.023255813953488372,0.0,0.023255813953488372,1.0,0.19543942063026032
lipid,C33H61O17P,33,61,17,0,0,1,1.8484848484848484,0.5151515151515151,0.0,0.0,0.030303030303030304,0.0,0.19543942063026032
lipid,C44H73O8P,44,73,8,0,0,1,1.6590909090909092,0.18181818181818182,0.0,0.0,0.022727272727272728,0.0,0.19543942063026032
lipid,C41H77O10P,41,77,10,0,0,1,1.8780487804878048,0.24390243902439024,0.0,0.0,0.024390243902439025,0.0,0.19543942063026032
lipid,C45H77O7P,45,77,7,0,0,1,1.711111111111111,0.15555555555555556,0.0,0.0,0.022222222222222223,0.0,0.19543942063026032
lipid,C41H78NO9P,41,78,9,1,0,1,1.9024390243902438,0.21951219512195122,0.024390243902439025,0.0,0.024390243902439025,1.0,0.19543942063026032
lipid,C42H81O9P,42,81,9,0,0,1,1.9285714285714286,0.21428571428571427,0.0,0.0,0.023809523809523808,0.0,0.19543942063026032
lipid,C44H89O7P,44,89,7,0,0,1,2.022727272727273,0.1590909090909091,0.0,0.0,0.022727272727272728,0.0,0.19543942063026032
lipid,C43H72NO8P,43,72,8,1,0,1,1.6744186046511629,0.18604651162790697,0.023255813953488372,0.0,0.023255813953488372,1.0,0.19543942063026032
lipid,C40H76NO10P,40,76,10,1,0,1,1.9,0.25,0.025,0.0,0.025,1.0,0.19543942063026032
lipid,C41H80NO9P,41,80,9,1,0,1,1.951219512195122,0.21951219512195122,0.024390243902439025,0.0,0.024390243902439025,1.0,0.19543942063026032
lipid,C42H84NO8P,42,84,8,1,0,1,2.0,0.19047619047619047,0.023809523809523808,0.0,0.023809523809523808,1.0,0.19543942063026032
lipid,C43H88NO7P,43,88,7,1,0,1,2.046511627906977,0.16279069767441862,0.023255813953488372,0.0,0.023255813953488372,1.0,0.19543942063026032
lipid,C33H63O17P,33,63,17,0,0,1,1.9090909090909092,0.5151515151515151,0.0,0.0,0.030303030303030304,0.0,0.19543942063026032
lipid,C43H85O8P,43,85,8,0,0,1,1.9767441860465116,0.18604651162790697,0.0,0.0,0.023255813953488372,0.0,0.19543942063026032
lipid,C42H67O10P,42,67,10,0,0,1,1.5952380952380953,0.23809523809523808,0.0,0.0,0.023809523809523808,0.0,0.19543942063026032
lipid,C40H74NO10P,40,74,10,1,0,1,1.85,0.25,0.025,0.0,0.025,1.0,0.19543942063026032
lipid,C44H87O7P,44,87,7,0,0,1,1.9772727272727273,0.1590909090909091,0.0,0.0,0.022727272727272728,0.0,0.19543942063026032
lipid,C40H70NO10P,40,70,10,1,0,1,1.75,0.25,0.025,0.0,0.025,1.0,0.19543942063026032
lipid,C42H78NO8P,42,78,8,1,0,1,1.8571428571428572,0.19047619047619047,0.023809523809523808,0.0,0.023809523809523808,1.0,0.19543942063026032
lipid,C43H82NO7P,43,82,7,1,0,1,1.9069767441860466,0.16279069767441862,0.023255813953488372,0.0,0.023255813953488372,1.0,0.19543942063026032
lipid,C41H73O10P,41,73,10,0,0,1,1.7804878048780488,0.24390243902439024,0.0,0.0,0.024390243902439025,0.0,0.19543942063026032
lipid,C42H77O9P,42,77,9,0,0,1,1.8333333333333333,0.21428571428571427,0.0,0.0,0.023809523809523808,0.0,0.19543942063026032
lipid,C43H81O8P,43,81,8,0,0,1,1.8837209302325582,0.18604651162790697,0.0,0.0,0.023255813953488372,0.0,0.19543942063026032
lipid,C43H68NO8P,43,68,8,1,0,1,1.5813953488372092,0.18604651162790697,0.023255813953488372,0.0,0.023255813953488372,1.0,0.19543942063026032
lipid,C43H70NO8P,43,70,8,1,0,1,1.627906976744186,0.18604651162790697,0.023255813953488372,0.0,0.023255813953488372,1.0,0.19543942063026032
lipid,C40H72NO10P,40,72,10,1,0,1,1.8,0.25,0.025,0.0,0.025,1.0,0.19543942063026032
lipid,C45H76NO6P,45,76,6,1,0,1,1.6888888888888889,0.13333333333333333,0.022222222222222223,0.0,0.022222222222222223,1.0,0.19543942063026032
lipid,C42H80NO8P,42,80,8,1,0,1,1.9047619047619047,0.19047619047619047,0.023809523809523808,0.0,0.023809523809523808,1.0,0.19543942063026032
lipid,C43H84NO7P,43,84,7,1,0,1,1.9534883720930232,0.16279069767441862,0.023255813953488372,0.0,0.023255813953488372,1.0,0.19543942063026032
lipid,C33H59O17P,33,59,17,0,0,1,1.7878787878787878,0.5151515151515151,0.0,0.0,0.030303030303030304,0.0,0.19543942063026032
lipid,C41H75O10P,41,75,10,0,0,1,1.829268292682927,0.24390243902439024,0.0,0.0,0.024390243902439025,0.0,0.19543942063026032
lipid,C42H79O9P,42,79,9,0,0,1,1.880952380952381,0.21428571428571427,0.0,0.0,0.023809523809523808,0.0,0.19543942063026032
lipid,C43H83O8P,43,83,8,0,0,1,1.930232558139535,0.18604651162790697,0.0,0.0,0.023255813953488372,0.0,0.19543942063026032
lipid,C41H76NO9P,41,76,9,1,0,1,1.853658536585366,0.21951219512195122,0.024390243902439025,0.0,0.024390243902439025,1.0,0.19543942063026032
lipid,C43H79O8P,43,79,8,0,0,1,1.8372093023255813,0.18604651162790697,0.0,0.0,0.023255813953488372,0.0,0.19543942063026032
lipid,C44H75O8P,44,75,8,0,0,1,1.7045454545454546,0.18181818181818182,0.0,0.0,0.022727272727272728,0.0,0.19543942063026032
lipid,C45H79O7P,45,79,7,0,0,1,1.7555555555555555,0.15555555555555556,0.0,0.0,0.022222222222222223,0.0,0.19543942063026032
lipid,C39H75O12P,39,75,12,0,0,1,1.9230769230769231,0.3076923076923077,0.0,0.0,0.02564102564102564,0.0,0.19543942063026032
lipid,C44H79O8P,44,79,8,0,0,1,1.7954545454545454,0.18181818181818182,0.0,0.0,0.022727272727272728,0.0,0.19543942063026032
lipid,C45H83O7P,45,83,7,0,0,1,1.8444444444444446,0.15555555555555556,0.0,0.0,0.022222222222222223,0.0,0.19543942063026032
lipid,C41H70NO10P,41,70,10,1,0,1,1.7073170731707317,0.24390243902439024,0.024390243902439025,0.0,0.024390243902439025,1.0,0.19543942063026032
lipid,C42H74NO9P,42,74,9,1,0,1,1.7619047619047619,0.21428571428571427,0.023809523809523808,0.0,0.023809523809523808,1.0,0.19543942063026032
lipid,C43H78NO8P,43,78,8,1,0,1,1.813953488372093,0.18604651162790697,0.023255813953488372,0.0,0.023255813953488372,1.0,0.19543942063026032
lipid,C44H82NO7P,44,82,7,1,0,1,1.8636363636363635,0.1590909090909091,0.022727272727272728,0.0,0.022727272727272728,1.0,0.19543942063026032
lipid,C42H71O10P,42,71,10,0,0,1,1.6904761904761905,0.23809523809523808,0.0,0.0,0.023809523809523808,0.0,0.19543942063026032
lipid,C45H86NO6P,45,86,6,1,0,1,1.9111111111111112,0.13333333333333333,0.022222222222222223,0.0,0.022222222222222223,1.0,0.19543942063026032
lipid,C36H65O15P,36,65,15,0,0,1,1.8055555555555556,0.4166666666666667,0.0,0.0,0.027777777777777776,0.0,0.19543942063026032
lipid,C45H69O8P,45,69,8,0,0,1,1.5333333333333334,0.17777777777777778,0.0,0.0,0.022222222222222223,0.0,0.19543942063026032
lipid,C38H73O13P,38,73,13,0,0,1,1.9210526315789473,0.34210526315789475,0.0,0.0,0.02631578947368421,0.0,0.19543942063026032
lipid,C42H73O10P,42,73,10,0,0,1,1.7380952380952381,0.23809523809523808,0.0,0.0,0.023809523809523808,0.0,0.19543942063026032
lipid,C39H77O12P,39,77,12,0,0,1,1.9743589743589745,0.3076923076923077,0.0,0.0,0.02564102564102564,0.0,0.19543942063026032
lipid,C44H81O8P,44,81,8,0,0,1,1.8409090909090908,0.18181818181818182,0.0,0.0,0.022727272727272728,0.0,0.19543942063026032
lipid,C45H85O7P,45,85,7,0,0,1,1.8888888888888888,0.15555555555555556,0.0,0.0,0.022222222222222223,0.0,0.19543942063026032
lipid,C35H61O16P,35,61,16,0,0,1,1.7428571428571429,0.45714285714285713,0.0,0.0,0.02857142857142857,0.0,0.19543942063026032
lipid,C41H79O10P,41,79,10,0,0,1,1.9268292682926829,0.24390243902439024,0.0,0.0,0.024390243902439025,0.0,0.19543942063026032
lipid,C38H71O13P,38,71,13,0,0,1,1.868421052631579,0.34210526315789475,0.0,0.0,0.02631578947368421,0.0,0.19543942063026032
lipid,C35H59O16P,35,59,16,0,0,1,1.6857142857142857,0.45714285714285713,0.0,0.0,0.02857142857142857,0.0,0.19543942063026032
lipid,C42H83O9P,42,83,9,0,0,1,1.9761904761904763,0.21428571428571427,0.0,0.0,0.023809523809523808,0.0,0.19543942063026032
lipid,C43H74NO8P,43,74,8,1,0,1,1.7209302325581395,0.18604651162790697,0.023255813953488372,0.0,0.023255813953488372,1.0,0.19543942063026032
lipid,C40H78NO10P,40,78,10,1,0,1,1.95,0.25,0.025,0.0,0.025,1.0,0.19543942063026032
lipid,C44H78NO7P,44,78,7,1,0,1,1.7727272727272727,0.1590909090909091,0.022727272727272728,0.0,0.022727272727272728,1.0,0.19543942063026032
lipid,C41H82NO9P,41,82,9,1,0,1,2.0,0.21951219512195122,0.024390243902439025,0.0,0.024390243902439025,1.0,0.19543942063026032
lipid,C38H69O13P,38,69,13,0,0,1,1.8157894736842106,0.34210526315789475,0.0,0.0,0.02631578947368421,0.0,0.19543942063026032
lipid,C42H69O10P,42,69,10,0,0,1,1.6428571428571428,0.23809523809523808,0.0,0.0,0.023809523809523808,0.0,0.19543942063026032
lipid,C45H67O8P,45,67,8,0,0,1,1.488888888888889,0.17777777777777778,0.0,0.0,0.022222222222222223,0.0,0.19543942063026032
lipid,C39H73O12P,39,73,12,0,0,1,1.8717948717948718,0.3076923076923077,0.0,0.0,0.02564102564102564,0.0,0.19543942063026032
lipid,C41H81O10P,41,81,10,0,0,1,1.975609756097561,0.24390243902439024,0.0,0.0,0.024390243902439025,0.0,0.19543942063026032
lipid,C45H81O7P,45,81,7,0,0,1,1.8,0.15555555555555556,0.0,0.0,0.022222222222222223,0.0,0.19543942063026032
lipid,C42H85O9P,42,85,9,0,0,1,2.0238095238095237,0.21428571428571427,0.0,0.0,0.023809523809523808,0.0,0.19543942063026032
lipid,C41H68NO10P,41,68,10,1,0,1,1.6585365853658536,0.24390243902439024,0.024390243902439025,0.0,0.024390243902439025,1.0,0.19543942063026032
lipid,C42H72NO9P,42,72,9,1,0,1,1.7142857142857142,0.21428571428571427,0.023809523809523808,0.0,0.023809523809523808,1.0,0.19543942063026032
lipid,C43H76NO8P,43,76,8,1,0,1,1.7674418604651163,0.18604651162790697,0.023255813953488372,0.0,0.023255813953488372,1.0,0.19543942063026032
lipid,C44H80NO7P,44,80,7,1,0,1,1.8181818181818181,0.1590909090909091,0.022727272727272728,0.0,0.022727272727272728,1.0,0.19543942063026032
lipid,C44H77O8P,44,77,8,0,0,1,1.75,0.18181818181818182,0.0,0.0,0.022727272727272728,0.0,0.19543942063026032
lipid,C42H75O9P,42,75,9,0,0,1,1.7857142857142858,0.21428571428571427,0.0,0.0,0.023809523809523808,0.0,0.19543942063026032
lipid,C38H75O12P,38,75,12,0,0,1,1.9736842105263157,0.3157894736842105,0.0,0.0,0.02631578947368421,0.0,0.19543942063026032
lipid,C41H71O10P,41,71,10,0,0,1,1.7317073170731707,0.24390243902439024,0.0,0.0,0.024390243902439025,0.0,0.19543942063026032
lipid,C43H69O8P,43,69,8,0,0,1,1.6046511627906976,0.18604651162790697,0.0,0.0,0.023255813953488372,0.0,0.19543942063026032
lipid,C40H73O10P,40,73,10,0,0,1,1.825,0.25,0.0,0.0,0.025,0.0,0.19543942063026032
lipid,C41H77O9P,41,77,9,0,0,1,1.8780487804878048,0.21951219512195122,0.0,0.0,0.024390243902439025,0.0,0.19543942063026032
lipid,C42H81O8P,42,81,8,0,0,1,1.9285714285714286,0.19047619047619047,0.0,0.0,0.023809523809523808,0.0,0.19543942063026032
lipid,C43H85O7P,43,85,7,0,0,1,1.9767441860465116,0.16279069767441862,0.0,0.0,0.023255813953488372,0.0,0.19543942063026032
lipid,C38H68NO11P,38,68,11,1,0,1,1.7894736842105263,0.2894736842105263,0.02631578947368421,0.0,0.02631578947368421,1.0,0.19543942063026032
lipid,C39H72NO10P,39,72,10,1,0,1,1.8461538461538463,0.2564102564102564,0.02564102564102564,0.0,0.02564102564102564,1.0,0.19543942063026032
lipid,C42H82NO7P,42,82,7,1,0,1,1.9523809523809523,0.16666666666666666,0.023809523809523808,0.0,0.023809523809523808,1.0,0.19543942063026032
lipid,C43H72NO7P,43,72,7,1,0,1,1.6744186046511629,0.16279069767441862,0.023255813953488372,0.0,0.023255813953488372,1.0,0.19543942063026032
lipid,C41H80NO8P,41,80,8,1,0,1,1.951219512195122,0.1951219512195122,0.024390243902439025,0.0,0.024390243902439025,1.0,0.19543942063026032
lipid,C42H84NO7P,42,84,7,1,0,1,2.0,0.16666666666666666,0.023809523809523808,0.0,0.023809523809523808,1.0,0.19543942063026032
lipid,C25H49O19P3,25,49,19,0,0,3,1.96,0.76,0.0,0.0,0.12,0.0,0.19543942063026032
lipid,C43H71O8P,43,71,8,0,0,1,1.6511627906976745,0.18604651162790697,0.0,0.0,0.023255813953488372,0.0,0.19543942063026032
lipid,C40H75O10P,40,75,10,0,0,1,1.875,0.25,0.0,0.0,0.025,0.0,0.19543942063026032
lipid,C41H79O9P,41,79,9,0,0,1,1.9268292682926829,0.21951219512195122,0.0,0.0,0.024390243902439025,0.0,0.19543942063026032
lipid,C42H83O8P,42,83,8,0,0,1,1.9761904761904763,0.19047619047619047,0.0,0.0,0.023809523809523808,0.0,0.19543942063026032
lipid,C40H76NO9P,40,76,9,1,0,1,1.9,0.225,0.025,0.0,0.025,1.0,0.19543942063026032
lipid,C43H87O7P,43,87,7,0,0,1,2.0232558139534884,0.16279069767441862,0.0,0.0,0.023255813953488372,0.0,0.19543942063026032
lipid,C41H78NO8P,41,78,8,1,0,1,1.9024390243902438,0.1951219512195122,0.024390243902439025,0.0,0.024390243902439025,1.0,0.19543942063026032
lipid,C43H70NO7P,43,70,7,1,0,1,1.627906976744186,0.16279069767441862,0.023255813953488372,0.0,0.023255813953488372,1.0,0.19543942063026032
lipid,C36H69O13P,36,69,13,0,0,1,1.9166666666666667,0.3611111111111111,0.0,0.0,0.027777777777777776,0.0,0.19543942063026032
lipid,C40H69O10P,40,69,10,0,0,1,1.725,0.25,0.0,0.0,0.025,0.0,0.19543942063026032
lipid,C37H73O12P,37,73,12,0,0,1,1.972972972972973,0.32432432432432434,0.0,0.0,0.02702702702702703,0.0,0.19543942063026032
lipid,C42H77O8P,42,77,8,0,0,1,1.8333333333333333,0.19047619047619047,0.0,0.0,0.023809523809523808,0.0,0.19543942063026032
lipid,C43H81O7P,43,81,7,0,0,1,1.8837209302325582,0.16279069767441862,0.0,0.0,0.023255813953488372,0.0,0.19543942063026032
lipid,C39H68NO10P,39,68,10,1,0,1,1.7435897435897436,0.2564102564102564,0.02564102564102564,0.0,0.02564102564102564,1.0,0.19543942063026032
lipid,C40H72NO9P,40,72,9,1,0,1,1.8,0.225,0.025,0.0,0.025,1.0,0.19543942063026032
lipid,C40H74NO9P,40,74,9,1,0,1,1.85,0.225,0.025,0.0,0.025,1.0,0.19543942063026032
lipid,C41H76NO8P,41,76,8,1,0,1,1.853658536585366,0.1951219512195122,0.024390243902439025,0.0,0.024390243902439025,1.0,0.19543942063026032
lipid,C33H59O16P,33,59,16,0,0,1,1.7878787878787878,0.48484848484848486,0.0,0.0,0.030303030303030304,0.0,0.19543942063026032
lipid,C34H63O15P,34,63,15,0,0,1,1.8529411764705883,0.4411764705882353,0.0,0.0,0.029411764705882353,0.0,0.19543942063026032
lipid,C43H67O8P,43,67,8,0,0,1,1.558139534883721,0.18604651162790697,0.0,0.0,0.023255813953488372,0.0,0.19543942063026032
lipid,C40H71O10P,40,71,10,0,0,1,1.775,0.25,0.0,0.0,0.025,0.0,0.19543942063026032
lipid,C42H79O8P,42,79,8,0,0,1,1.880952380952381,0.19047619047619047,0.0,0.0,0.023809523809523808,0.0,0.19543942063026032
lipid,C43H83O7P,43,83,7,0,0,1,1.930232558139535,0.16279069767441862,0.0,0.0,0.023255813953488372,0.0,0.19543942063026032
lipid,C39H70NO10P,39,70,10,1,0,1,1.794871794871795,0.2564102564102564,0.02564102564102564,0.0,0.02564102564102564,1.0,0.19543942063026032
lipid,C42H80NO7P,42,80,7,1,0,1,1.9047619047619047,0.16666666666666666,0.023809523809523808,0.0,0.023809523809523808,1.0,0.19543942063026032
lipid,C36H62NO13P,36,62,13,1,0,1,1.7222222222222223,0.3611111111111111,0.027777777777777776,0.0,0.027777777777777776,1.0,0.19543942063026032
lipid,C38H70NO11P,38,70,11,1,0,1,1.8421052631578947,0.2894736842105263,0.02631578947368421,0.0,0.02631578947368421,1.0,0.19543942063026032
lipid,C42H70NO8P,42,70,8,1,0,1,1.6666666666666667,0.19047619047619047,0.023809523809523808,0.0,0.023809523809523808,1.0,0.19543942063026032
lipid,C43H78NO7P,43,78,7,1,0,1,1.813953488372093,0.16279069767441862,0.023255813953488372,0.0,0.023255813953488372,1.0,0.19543942063026032
lipid,C34H57O16P,34,57,16,0,0,1,1.6764705882352942,0.47058823529411764,0.0,0.0,0.029411764705882353,0.0,0.19543942063026032
lipid,C35H61O15P,35,61,15,0,0,1,1.7428571428571429,0.42857142857142855,0.0,0.0,0.02857142857142857,0.0,0.19543942063026032
lipid,C36H65O14P,36,65,14,0,0,1,1.8055555555555556,0.3888888888888889,0.0,0.0,0.027777777777777776,0.0,0.19543942063026032
lipid,C37H69O13P,37,69,13,0,0,1,1.864864864864865,0.35135135135135137,0.0,0.0,0.02702702702702703,0.0,0.19543942063026032
lipid,C41H69O10P,41,69,10,0,0,1,1.6829268292682926,0.24390243902439024,0.0,0.0,0.024390243902439025,0.0,0.19543942063026032
lipid,C38H73O12P,38,73,12,0,0,1,1.9210526315789473,0.3157894736842105,0.0,0.0,0.02631578947368421,0.0,0.19543942063026032
lipid,C42H74NO8P,42,74,8,1,0,1,1.7619047619047619,0.19047619047619047,0.023809523809523808,0.0,0.023809523809523808,1.0,0.19543942063026032
lipid,C42H73O9P,42,73,9,0,0,1,1.7380952380952381,0.21428571428571427,0.0,0.0,0.023809523809523808,0.0,0.19543942063026032
lipid,C40H68NO10P,40,68,10,1,0,1,1.7,0.25,0.025,0.0,0.025,1.0,0.19543942063026032
lipid,C42H76NO8P,42,76,8,1,0,1,1.8095238095238095,0.19047619047619047,0.023809523809523808,0.0,0.023809523809523808,1.0,0.19543942063026032
lipid,C43H80NO7P,43,80,7,1,0,1,1.8604651162790697,0.16279069767441862,0.023255813953488372,0.0,0.023255813953488372,1.0,0.19543942063026032
lipid,C44H84NO6P,44,84,6,1,0,1,1.9090909090909092,0.13636363636363635,0.022727272727272728,0.0,0.022727272727272728,1.0,0.19543942063026032
lipid,C34H59O16P,34,59,16,0,0,1,1.7352941176470589,0.47058823529411764,0.0,0.0,0.029411764705882353,0.0,0.19543942063026032
lipid,C37H72O11P2,37,72,11,0,0,2,1.945945945945946,0.2972972972972973,0.0,0.0,0.05405405405405406,0.0,0.19543942063026032
lipid,C37H71O13P,37,71,13,0,0,1,1.9189189189189189,0.35135135135135137,0.0,0.0,0.02702702702702703,0.0,0.19543942063026032
lipid,C43H77O8P,43,77,8,0,0,1,1.7906976744186047,0.18604651162790697,0.0,0.0,0.023255813953488372,0.0,0.19543942063026032
lipid,C40H66NO10P,40,66,10,1,0,1,1.65,0.25,0.025,0.0,0.025,1.0,0.19543942063026032
lipid,C41H83O9P,41,83,9,0,0,1,2.024390243902439,0.21951219512195122,0.0,0.0,0.024390243902439025,0.0,0.19543942063026032
lipid,C40H79O10P,40,79,10,0,0,1,1.975,0.25,0.0,0.0,0.025,0.0,0.19543942063026032
lipid,C39H74NO10P,39,74,10,1,0,1,1.8974358974358974,0.2564102564102564,0.02564102564102564,0.0,0.02564102564102564,1.0,0.19543942063026032
lipid,C43H74NO7P,43,74,7,1,0,1,1.7209302325581395,0.16279069767441862,0.023255813953488372,0.0,0.023255813953488372,1.0,0.19543942063026032
lipid,C40H78NO9P,40,78,9,1,0,1,1.95,0.225,0.025,0.0,0.025,1.0,0.19543942063026032
lipid,C41H82NO8P,41,82,8,1,0,1,2.0,0.1951219512195122,0.024390243902439025,0.0,0.024390243902439025,1.0,0.19543942063026032
lipid,C42H86NO7P,42,86,7,1,0,1,2.0476190476190474,0.16666666666666666,0.023809523809523808,0.0,0.023809523809523808,1.0,0.19543942063026032
lipid,C32H61O17P,32,61,17,0,0,1,1.90625,0.53125,0.0,0.0,0.03125,0.0,0.19543942063026032
lipid,C43H73O8P,43,73,8,0,0,1,1.697674418604651,0.18604651162790697,0.0,0.0,0.023255813953488372,0.0,0.19543942063026032
lipid,C40H77O10P,40,77,10,0,0,1,1.925,0.25,0.0,0.0,0.025,0.0,0.19543942063026032
lipid,C41H81O9P,41,81,9,0,0,1,1.975609756097561,0.21951219512195122,0.0,0.0,0.024390243902439025,0.0,0.19543942063026032
lipid,C36H64NO13P,36,64,13,1,0,1,1.7777777777777777,0.3611111111111111,0.027777777777777776,0.0,0.027777777777777776,1.0,0.19543942063026032
lipid,C42H72NO8P,42,72,8,1,0,1,1.7142857142857142,0.19047619047619047,0.023809523809523808,0.0,0.023809523809523808,1.0,0.19543942063026032
lipid,C50H84O7P2,50,84,7,0,0,2,1.68,0.14,0.0,0.0,0.04,0.0,0.19543942063026032
lipid,C43H76NO7P,43,76,7,1,0,1,1.7674418604651163,0.16279069767441862,0.023255813953488372,0.0,0.023255813953488372,1.0,0.19543942063026032
lipid,C40H80NO9P,40,80,9,1,0,1,2.0,0.225,0.025,0.0,0.025,1.0,0.19543942063026032
lipid,C35H59O15P,35,59,15,0,0,1,1.6857142857142857,0.42857142857142855,0.0,0.0,0.02857142857142857,0.0,0.19543942063026032
lipid,C37H67O13P,37,67,13,0,0,1,1.8108108108108107,0.35135135135135137,0.0,0.0,0.02702702702702703,0.0,0.19543942063026032
lipid,C43H75O8P,43,75,8,0,0,1,1.744186046511628,0.18604651162790697,0.0,0.0,0.023255813953488372,0.0,0.19543942063026032
lipid,C41H69O7P,41,69,7,0,0,1,1.6829268292682926,0.17073170731707318,0.0,0.0,0.024390243902439025,0.0,0.19543942063026032
lipid,C56H86O6,56,86,6,0,0,0,1.5357142857142858,0.10714285714285714,0.0,0.0,0.0,,0.19543942063026032
lipid,C30H50,30,50,0,0,0,0,1.6666666666666667,0.0,0.0,0.0,0.0,,0.19543942063026032
lipid,C56H84O6,56,84,6,0,0,0,1.5,0.10714285714285714,0.0,0.0,0.0,,0.19543942063026032
lipid,C45H78O2,45,78,2,0,0,0,1.7333333333333334,0.044444444444444446,0.0,0.0,0.0,,0.19543942063026032
lipid,C32H45NO13,32,45,13,1,0,0,1.40625,0.40625,0.03125,0.0,0.0,inf,0.19543942063026032
lipid,C45H80O2,45,80,2,0,0,0,1.7777777777777777,0.044444444444444446,0.0,0.0,0.0,,0.19543942063026032
lipid,C45H82O2,45,82,2,0,0,0,1.8222222222222222,0.044444444444444446,0.0,0.0,0.0,,0.19543942063026032
lipid,C27H44O14S2,27,44,14,0,2,0,1.6296296296296295,0.5185185185185185,0.0,0.07407407407407407,0.0,,0.19543942063026032
lipid,C32H53NO11S,32,53,11,1,1,0,1.65625,0.34375,0.03125,0.03125,0.0,inf,0.19543942063026032
lipid,C46H76O2,46,76,2,0,0,0,1.6521739130434783,0.043478260869565216,0.0,0.0,0.0,,0.19543942063026032
lipid,C45H76O2,45,76,2,0,0,0,1.6888888888888889,0.044444444444444446,0.0,0.0,0.0,,0.19543942063026032
lipid,C37H58O10,37,58,10,0,0,0,1.5675675675675675,0.2702702702702703,0.0,0.0,0.0,,0.19543942063026032
lipid,C46H80O2,46,80,2,0,0,0,1.7391304347826086,0.043478260869565216,0.0,0.0,0.0,,0.19543942063026032
lipid,C46H82O2,46,82,2,0,0,0,1.7826086956521738,0.043478260869565216,0.0,0.0,0.0,,0.19543942063026032
lipid,C46H84O2,46,84,2,0,0,0,1.826086956521739,0.043478260869565216,0.0,0.0,0.0,,0.19543942063026032
lipid,C31H51NaO12S,31,51,12,0,1,0,1.6451612903225807,0.3870967741935484,0.0,0.03225806451612903,0.0,,0.19543942063026032
lipid,C47H74O2,47,74,2,0,0,0,1.574468085106383,0.0425531914893617,0.0,0.0,0.0,,0.19543942063026032
lipid,C47H76O2,47,76,2,0,0,0,1.6170212765957446,0.0425531914893617,0.0,0.0,0.0,,0.19543942063026032
lipid,C28H50O12S3,28,50,12,0,3,0,1.7857142857142858,0.42857142857142855,0.0,0.10714285714285714,0.0,,0.19543942063026032
lipid,C46H78O2,46,78,2,0,0,0,1.6956521739130435,0.043478260869565216,0.0,0.0,0.0,,0.19543942063026032
lipid,C47H78O2,47,78,2,0,0,0,1.6595744680851063,0.0425531914893617,0.0,0.0,0.0,,0.19543942063026032
lipid,C45H74O2,45,74,2,0,0,0,1.6444444444444444,0.044444444444444446,0.0,0.0,0.0,,0.19543942063026032
lipid,C45H72O2,45,72,2,0,0,0,1.6,0.044444444444444446,0.0,0.0,0.0,,0.19543942063026032
lipid,C33H52O11,33,52,11,0,0,0,1.5757575757575757,0.3333333333333333,0.0,0.0,0.0,,0.19543942063026032
lipid,C43H76O2,43,76,2,0,0,0,1.7674418604651163,0.046511627906976744,0.0,0.0,0.0,,0.19543942063026032
lipid,C32H51NO11,32,51,11,1,0,0,1.59375,0.34375,0.03125,0.0,0.0,inf,0.19543942063026032
lipid,C33H54O11,33,54,11,0,0,0,1.6363636363636365,0.3333333333333333,0.0,0.0,0.0,,0.19543942063026032
lipid,C34H58O10,34,58,10,0,0,0,1.7058823529411764,0.29411764705882354,0.0,0.0,0.0,,0.19543942063026032
lipid,C34H65N3O5S,34,65,5,3,1,0,1.911764705882353,0.14705882352941177,0.08823529411764706,0.029411764705882353,0.0,inf,0.19543942063026032
lipid,C33H58O11,33,58,11,0,0,0,1.7575757575757576,0.3333333333333333,0.0,0.0,0.0,,0.19543942063026032
lipid,C36H54O10,36,54,10,0,0,0,1.5,0.2777777777777778,0.0,0.0,0.0,,0.19543942063026032
lipid,C44H72O2,44,72,2,0,0,0,1.6363636363636365,0.045454545454545456,0.0,0.0,0.0,,0.19543942063026032
lipid,C44H74O2,44,74,2,0,0,0,1.6818181818181819,0.045454545454545456,0.0,0.0,0.0,,0.19543942063026032
lipid,C36H60O9,36,60,9,0,0,0,1.6666666666666667,0.25,0.0,0.0,0.0,,0.19543942063026032
lipid,C44H76O2,44,76,2,0,0,0,1.7272727272727273,0.045454545454545456,0.0,0.0,0.0,,0.19543942063026032
lipid,C44H78O2,44,78,2,0,0,0,1.7727272727272727,0.045454545454545456,0.0,0.0,0.0,,0.19543942063026032
lipid,C44H80O2,44,80,2,0,0,0,1.8181818181818181,0.045454545454545456,0.0,0.0,0.0,,0.19543942063026032
lipid,C32H51NO12,32,51,12,1,0,0,1.59375,0.375,0.03125,0.0,0.0,inf,0.19543942063026032
lipid,C32H53NO12,32,53,12,1,0,0,1.65625,0.375,0.03125,0.0,0.0,inf,0.19543942063026032
lipid,C35H54O10,35,54,10,0,0,0,1.542857142857143,0.2857142857142857,0.0,0.0,0.0,,0.19543942063026032
lipid,C43H74O2,43,74,2,0,0,0,1.7209302325581395,0.046511627906976744,0.0,0.0,0.0,,0.19543942063026032
lipid,C47H80O2,47,80,2,0,0,0,1.702127659574468,0.0425531914893617,0.0,0.0,0.0,,0.19543942063026032
lipid,C38H65NO9,38,65,9,1,0,0,1.7105263157894737,0.23684210526315788,0.02631578947368421,0.0,0.0,inf,0.19543942063026032
lipid,C49H86O2,49,86,2,0,0,0,1.7551020408163265,0.04081632653061224,0.0,0.0,0.0,,0.19543942063026032
lipid,C49H88O2,49,88,2,0,0,0,1.7959183673469388,0.04081632653061224,0.0,0.0,0.0,,0.19543942063026032
lipid,C38H63NO11,38,63,11,1,0,0,1.6578947368421053,0.2894736842105263,0.02631578947368421,0.0,0.0,inf,0.19543942063026032
lipid,C49H90O2,49,90,2,0,0,0,1.836734693877551,0.04081632653061224,0.0,0.0,0.0,,0.19543942063026032
lipid,C36H56O14,36,56,14,0,0,0,1.5555555555555556,0.3888888888888889,0.0,0.0,0.0,,0.19543942063026032
lipid,C33H55NaO13S,33,55,13,0,1,0,1.6666666666666667,0.3939393939393939,0.0,0.030303030303030304,0.0,,0.19543942063026032
lipid,C37H64O13,37,64,13,0,0,0,1.7297297297297298,0.35135135135135137,0.0,0.0,0.0,,0.19543942063026032
lipid,C49H84O2,49,84,2,0,0,0,1.7142857142857142,0.04081632653061224,0.0,0.0,0.0,,0.19543942063026032
lipid,C50H84O2,50,84,2,0,0,0,1.68,0.04,0.0,0.0,0.0,,0.19543942063026032
lipid,C50H88O2,50,88,2,0,0,0,1.76,0.04,0.0,0.0,0.0,,0.19543942063026032
lipid,C50H90O2,50,90,2,0,0,0,1.8,0.04,0.0,0.0,0.0,,0.19543942063026032
lipid,C36H52O15,36,52,15,0,0,0,1.4444444444444444,0.4166666666666667,0.0,0.0,0.0,,0.19543942063026032
lipid,C39H64O12,39,64,12,0,0,0,1.641025641025641,0.3076923076923077,0.0,0.0,0.0,,0.19543942063026032
lipid,C50H92O2,50,92,2,0,0,0,1.84,0.04,0.0,0.0,0.0,,0.19543942063026032
lipid,C51H84O2,51,84,2,0,0,0,1.6470588235294117,0.0392156862745098,0.0,0.0,0.0,,0.19543942063026032
lipid,C42H59N5O6,42,59,6,5,0,0,1.4047619047619047,0.14285714285714285,0.11904761904761904,0.0,0.0,inf,0.19543942063026032
lipid,C50H86O2,50,86,2,0,0,0,1.72,0.04,0.0,0.0,0.0,,0.19543942063026032
lipid,C47H82O2,47,82,2,0,0,0,1.7446808510638299,0.0425531914893617,0.0,0.0,0.0,,0.19543942063026032
lipid,C47H76O4,47,76,4,0,0,0,1.6170212765957446,0.0851063829787234,0.0,0.0,0.0,,0.19543942063026032
lipid,C49H82O2,49,82,2,0,0,0,1.6734693877551021,0.04081632653061224,0.0,0.0,0.0,,0.19543942063026032
lipid,C47H84O2,47,84,2,0,0,0,1.7872340425531914,0.0425531914893617,0.0,0.0,0.0,,0.19543942063026032
lipid,C47H86O2,47,86,2,0,0,0,1.8297872340425532,0.0425531914893617,0.0,0.0,0.0,,0.19543942063026032
lipid,C32H53NaO12S,32,53,12,0,1,0,1.65625,0.375,0.0,0.03125,0.0,,0.19543942063026032
lipid,C48H80O2,48,80,2,0,0,0,1.6666666666666667,0.041666666666666664,0.0,0.0,0.0,,0.19543942063026032
lipid,C48H82O2,48,82,2,0,0,0,1.7083333333333333,0.041666666666666664,0.0,0.0,0.0,,0.19543942063026032
lipid,C36H52O13,36,52,13,0,0,0,1.4444444444444444,0.3611111111111111,0.0,0.0,0.0,,0.19543942063026032
lipid,C48H84O2,48,84,2,0,0,0,1.75,0.041666666666666664,0.0,0.0,0.0,,0.19543942063026032
lipid,C39H60O11,39,60,11,0,0,0,1.5384615384615385,0.28205128205128205,0.0,0.0,0.0,,0.19543942063026032
lipid,C45H75NO4,45,75,4,1,0,0,1.6666666666666667,0.08888888888888889,0.022222222222222223,0.0,0.0,inf,0.19543942063026032
lipid,C49H76O2,49,76,2,0,0,0,1.5510204081632653,0.04081632653061224,0.0,0.0,0.0,,0.19543942063026032
lipid,C33H55NaO12S,33,55,12,0,1,0,1.6666666666666667,0.36363636363636365,0.0,0.030303030303030304,0.0,,0.19543942063026032
lipid,C49H78O2,49,78,2,0,0,0,1.5918367346938775,0.04081632653061224,0.0,0.0,0.0,,0.19543942063026032
lipid,C49H80O2,49,80,2,0,0,0,1.6326530612244898,0.04081632653061224,0.0,0.0,0.0,,0.19543942063026032
lipid,C30H54O12S3,30,54,12,0,3,0,1.8,0.4,0.0,0.1,0.0,,0.19543942063026032
lipid,C36H46O14,36,46,14,0,0,0,1.2777777777777777,0.3888888888888889,0.0,0.0,0.0,,0.19543942063026032
lipid,C43H74O7,43,74,7,0,0,0,1.7209302325581395,0.16279069767441862,0.0,0.0,0.0,,0.19543942063026032
lipid,C48H86O2,48,86,2,0,0,0,1.7916666666666667,0.041666666666666664,0.0,0.0,0.0,,0.19543942063026032
lipid,C51H86O2,51,86,2,0,0,0,1.6862745098039216,0.0392156862745098,0.0,0.0,0.0,,0.19543942063026032
lipid,C43H72O2,43,72,2,0,0,0,1.6744186046511629,0.046511627906976744,0.0,0.0,0.0,,0.19543942063026032
lipid,C35H54O9,35,54,9,0,0,0,1.542857142857143,0.2571428571428571,0.0,0.0,0.0,,0.19543942063026032
lipid,C27H45O9P,27,45,9,0,0,1,1.6666666666666667,0.3333333333333333,0.0,0.0,0.037037037037037035,0.0,0.19543942063026032
lipid,C33H52O6,33,52,6,0,0,0,1.5757575757575757,0.18181818181818182,0.0,0.0,0.0,,0.19543942063026032
lipid,C26H43NO9S,26,43,9,1,1,0,1.6538461538461537,0.34615384615384615,0.038461538461538464,0.038461538461538464,0.0,inf,0.19543942063026032
lipid,C32H50O7,32,50,7,0,0,0,1.5625,0.21875,0.0,0.0,0.0,,0.19543942063026032
lipid,C33H54O6,33,54,6,0,0,0,1.6363636363636365,0.18181818181818182,0.0,0.0,0.0,,0.19543942063026032
lipid,C27H48O9S,27,48,9,0,1,0,1.7777777777777777,0.3333333333333333,0.0,0.037037037037037035,0.0,,0.19543942063026032
lipid,C33H56O6,33,56,6,0,0,0,1.696969696969697,0.18181818181818182,0.0,0.0,0.0,,0.19543942063026032
lipid,C24H32O12S,24,32,12,0,1,0,1.3333333333333333,0.5,0.0,0.041666666666666664,0.0,,0.19543942063026032
lipid,C29H42O10,29,42,10,0,0,0,1.4482758620689655,0.3448275862068966,0.0,0.0,0.0,,0.19543942063026032
lipid,C24H40O10S2,24,40,10,0,2,0,1.6666666666666667,0.4166666666666667,0.0,0.08333333333333333,0.0,,0.19543942063026032
lipid,C29H44O10,29,44,10,0,0,0,1.5172413793103448,0.3448275862068966,0.0,0.0,0.0,,0.19543942063026032
lipid,C30H48O9,30,48,9,0,0,0,1.6,0.3,0.0,0.0,0.0,,0.19543942063026032
lipid,C29H51NO7S,29,51,7,1,1,0,1.7586206896551724,0.2413793103448276,0.034482758620689655,0.034482758620689655,0.0,inf,0.19543942063026032
lipid,C32H46O8,32,46,8,0,0,0,1.4375,0.25,0.0,0.0,0.0,,0.19543942063026032
lipid,C35H49N3O3,35,49,3,3,0,0,1.4,0.08571428571428572,0.08571428571428572,0.0,0.0,inf,0.19543942063026032
lipid,C27H45O10P,27,45,10,0,0,1,1.6666666666666667,0.37037037037037035,0.0,0.0,0.037037037037037035,0.0,0.19543942063026032
lipid,C33H58O6,33,58,6,0,0,0,1.7575757575757576,0.18181818181818182,0.0,0.0,0.0,,0.19543942063026032
lipid,C32H48O8,32,48,8,0,0,0,1.5,0.25,0.0,0.0,0.0,,0.19543942063026032
lipid,C29H51NO6S,29,51,6,1,1,0,1.7586206896551724,0.20689655172413793,0.034482758620689655,0.034482758620689655,0.0,inf,0.19543942063026032
lipid,C27H38F6O4,27,38,4,0,0,0,1.4074074074074074,0.14814814814814814,0.0,0.0,0.0,,0.19543942063026032
lipid,C30H38O8,30,38,8,0,0,0,1.2666666666666666,0.26666666666666666,0.0,0.0,0.0,,0.19543942063026032
lipid,C24H32O11S,24,32,11,0,1,0,1.3333333333333333,0.4583333333333333,0.0,0.041666666666666664,0.0,,0.19543942063026032
lipid,C30H40O8,30,40,8,0,0,0,1.3333333333333333,0.26666666666666666,0.0,0.0,0.0,,0.19543942063026032
lipid,C27H45O8P,27,45,8,0,0,1,1.6666666666666667,0.2962962962962963,0.0,0.0,0.037037037037037035,0.0,0.19543942063026032
lipid,C28H48O9,28,48,9,0,0,0,1.7142857142857142,0.32142857142857145,0.0,0.0,0.0,,0.19543942063026032
lipid,C26H43NO8S,26,43,8,1,1,0,1.6538461538461537,0.3076923076923077,0.038461538461538464,0.038461538461538464,0.0,inf,0.19543942063026032
lipid,C30H42O8,30,42,8,0,0,0,1.4,0.26666666666666666,0.0,0.0,0.0,,0.19543942063026032
lipid,C37H48O3,37,48,3,0,0,0,1.2972972972972974,0.08108108108108109,0.0,0.0,0.0,,0.19543942063026032
lipid,C30H44O8,30,44,8,0,0,0,1.4666666666666666,0.26666666666666666,0.0,0.0,0.0,,0.19543942063026032
lipid,C31H48O7,31,48,7,0,0,0,1.5483870967741935,0.22580645161290322,0.0,0.0,0.0,,0.19543942063026032
lipid,C30H46O8,30,46,8,0,0,0,1.5333333333333334,0.26666666666666666,0.0,0.0,0.0,,0.19543942063026032
lipid,C35H53NO3,35,53,3,1,0,0,1.5142857142857142,0.08571428571428572,0.02857142857142857,0.0,0.0,inf,0.19543942063026032
lipid,C27H36O11,27,36,11,0,0,0,1.3333333333333333,0.4074074074074074,0.0,0.0,0.0,,0.19543942063026032
lipid,C29H44O9,29,44,9,0,0,0,1.5172413793103448,0.3103448275862069,0.0,0.0,0.0,,0.19543942063026032
lipid,C28H39ClO8,28,39,8,0,0,0,1.3928571428571428,0.2857142857142857,0.0,0.0,0.0,,0.19543942063026032
lipid,C27H40O11,27,40,11,0,0,0,1.4814814814814814,0.4074074074074074,0.0,0.0,0.0,,0.19543942063026032
lipid,C27H48O8S,27,48,8,0,1,0,1.7777777777777777,0.2962962962962963,0.0,0.037037037037037035,0.0,,0.19543942063026032
lipid,C43H70O2,43,70,2,0,0,0,1.627906976744186,0.046511627906976744,0.0,0.0,0.0,,0.19543942063026032
lipid,C33H52O7,33,52,7,0,0,0,1.5757575757575757,0.21212121212121213,0.0,0.0,0.0,,0.19543942063026032
lipid,C33H54O7,33,54,7,0,0,0,1.6363636363636365,0.21212121212121213,0.0,0.0,0.0,,0.19543942063026032
lipid,C26H45NO10S2,26,45,10,1,2,0,1.7307692307692308,0.38461538461538464,0.038461538461538464,0.07692307692307693,0.0,inf,0.19543942063026032
lipid,C33H57NO8,33,57,8,1,0,0,1.7272727272727273,0.24242424242424243,0.030303030303030304,0.0,0.0,inf,0.19543942063026032
lipid,C33H56O9,33,56,9,0,0,0,1.696969696969697,0.2727272727272727,0.0,0.0,0.0,,0.19543942063026032
lipid,C41H72O2,41,72,2,0,0,0,1.7560975609756098,0.04878048780487805,0.0,0.0,0.0,,0.19543942063026032
lipid,C32H54O10,32,54,10,0,0,0,1.6875,0.3125,0.0,0.0,0.0,,0.19543942063026032
lipid,C32H44O11,32,44,11,0,0,0,1.375,0.34375,0.0,0.0,0.0,,0.19543942063026032
lipid,C32H44F6O4,32,44,4,0,0,0,1.375,0.125,0.0,0.0,0.0,,0.19543942063026032
lipid,C41H70O2,41,70,2,0,0,0,1.7073170731707317,0.04878048780487805,0.0,0.0,0.0,,0.19543942063026032
lipid,C33H50O10,33,50,10,0,0,0,1.5151515151515151,0.30303030303030304,0.0,0.0,0.0,,0.19543942063026032
lipid,C42H72O2,42,72,2,0,0,0,1.7142857142857142,0.047619047619047616,0.0,0.0,0.0,,0.19543942063026032
lipid,C34H58O9,34,58,9,0,0,0,1.7058823529411764,0.2647058823529412,0.0,0.0,0.0,,0.19543942063026032
lipid,C42H74O2,42,74,2,0,0,0,1.7619047619047619,0.047619047619047616,0.0,0.0,0.0,,0.19543942063026032
lipid,C27H48O11S2,27,48,11,0,2,0,1.7777777777777777,0.4074074074074074,0.0,0.07407407407407407,0.0,,0.19543942063026032
lipid,C33H56O10,33,56,10,0,0,0,1.696969696969697,0.30303030303030304,0.0,0.0,0.0,,0.19543942063026032
lipid,C32H54O11,32,54,11,0,0,0,1.6875,0.34375,0.0,0.0,0.0,,0.19543942063026032
lipid,C33H58O10,33,58,10,0,0,0,1.7575757575757576,0.30303030303030304,0.0,0.0,0.0,,0.19543942063026032
lipid,C34H56O9,34,56,9,0,0,0,1.6470588235294117,0.2647058823529412,0.0,0.0,0.0,,0.19543942063026032
lipid,C36H50O5,36,50,5,0,0,0,1.3888888888888888,0.1388888888888889,0.0,0.0,0.0,,0.19543942063026032
lipid,C34H56O8,34,56,8,0,0,0,1.6470588235294117,0.23529411764705882,0.0,0.0,0.0,,0.19543942063026032
lipid,C34H52O8,34,52,8,0,0,0,1.5294117647058822,0.23529411764705882,0.0,0.0,0.0,,0.19543942063026032
lipid,C34H58O6,34,58,6,0,0,0,1.7058823529411764,0.17647058823529413,0.0,0.0,0.0,,0.19543942063026032
lipid,C26H45NO8S2,26,45,8,1,2,0,1.7307692307692308,0.3076923076923077,0.038461538461538464,0.07692307692307693,0.0,inf,0.19543942063026032
lipid,C30H48O10,30,48,10,0,0,0,1.6,0.3333333333333333,0.0,0.0,0.0,,0.19543942063026032
lipid,C39H68O2,39,68,2,0,0,0,1.7435897435897436,0.05128205128205128,0.0,0.0,0.0,,0.19543942063026032
lipid,C34H52O7,34,52,7,0,0,0,1.5294117647058822,0.20588235294117646,0.0,0.0,0.0,,0.19543942063026032
lipid,C32H46O9,32,46,9,0,0,0,1.4375,0.28125,0.0,0.0,0.0,,0.19543942063026032
lipid,C35H58O6,35,58,6,0,0,0,1.6571428571428573,0.17142857142857143,0.0,0.0,0.0,,0.19543942063026032
lipid,C33H52O9,33,52,9,0,0,0,1.5757575757575757,0.2727272727272727,0.0,0.0,0.0,,0.19543942063026032
lipid,C27H44O11S,27,44,11,0,1,0,1.6296296296296295,0.4074074074074074,0.0,0.037037037037037035,0.0,,0.19543942063026032
lipid,C35H60O6,35,60,6,0,0,0,1.7142857142857142,0.17142857142857143,0.0,0.0,0.0,,0.19543942063026032
lipid,C33H54O8,33,54,8,0,0,0,1.6363636363636365,0.24242424242424243,0.0,0.0,0.0,,0.19543942063026032
lipid,C35H62O6,35,62,6,0,0,0,1.7714285714285714,0.17142857142857143,0.0,0.0,0.0,,0.19543942063026032
lipid,C26H45NO9S2,26,45,9,1,2,0,1.7307692307692308,0.34615384615384615,0.038461538461538464,0.07692307692307693,0.0,inf,0.19543942063026032
lipid,C29H44O12,29,44,12,0,0,0,1.5172413793103448,0.41379310344827586,0.0,0.0,0.0,,0.19543942063026032
lipid,C30H48O11,30,48,11,0,0,0,1.6,0.36666666666666664,0.0,0.0,0.0,,0.19543942063026032
lipid,C29H47O10P,29,47,10,0,0,1,1.6206896551724137,0.3448275862068966,0.0,0.0,0.034482758620689655,0.0,0.19543942063026032
lipid,C33H52O8,33,52,8,0,0,0,1.5757575757575757,0.24242424242424243,0.0,0.0,0.0,,0.19543942063026032
lipid,C27H38F6O3,27,38,3,0,0,0,1.4074074074074074,0.1111111111111111,0.0,0.0,0.0,,0.19543942063026032
lipid,C37H64O14,37,64,14,0,0,0,1.7297297297297298,0.3783783783783784,0.0,0.0,0.0,,0.19543942063026032
lipid,C51H90O2,51,90,2,0,0,0,1.7647058823529411,0.0392156862745098,0.0,0.0,0.0,,0.19543942063026032
lipid,C17H25Br2NO2,17,25,2,1,0,0,1.4705882352941178,0.11764705882352941,0.058823529411764705,0.0,0.0,inf,0.19543942063026032
lipid,C22H47N2O5P,22,47,5,2,0,1,2.1363636363636362,0.22727272727272727,0.09090909090909091,0.0,0.045454545454545456,2.0,0.19543942063026032
lipid,C19H36NNaO8S,19,36,8,1,1,0,1.894736842105263,0.42105263157894735,0.05263157894736842,0.05263157894736842,0.0,inf,0.19543942063026032
lipid,C24H47NO7,24,47,7,1,0,0,1.9583333333333333,0.2916666666666667,0.041666666666666664,0.0,0.0,inf,0.19543942063026032
lipid,C23H49N2O5P,23,49,5,2,0,1,2.130434782608696,0.21739130434782608,0.08695652173913043,0.0,0.043478260869565216,2.0,0.19543942063026032
lipid,C23H51N2O5P,23,51,5,2,0,1,2.217391304347826,0.21739130434782608,0.08695652173913043,0.0,0.043478260869565216,2.0,0.19543942063026032
lipid,C30H52N2O2,30,52,2,2,0,0,1.7333333333333334,0.06666666666666667,0.06666666666666667,0.0,0.0,inf,0.19543942063026032
lipid,C21H41N3O6,21,41,6,3,0,0,1.9523809523809523,0.2857142857142857,0.14285714285714285,0.0,0.0,inf,0.19543942063026032
lipid,C30H57NO3,30,57,3,1,0,0,1.9,0.1,0.03333333333333333,0.0,0.0,inf,0.19543942063026032
lipid,C28H58N2O4,28,58,4,2,0,0,2.0714285714285716,0.14285714285714285,0.07142857142857142,0.0,0.0,inf,0.19543942063026032
lipid,C31H63NO3,31,63,3,1,0,0,2.032258064516129,0.0967741935483871,0.03225806451612903,0.0,0.0,inf,0.19543942063026032
lipid,C32H59NO3,32,59,3,1,0,0,1.84375,0.09375,0.03125,0.0,0.0,inf,0.19543942063026032
lipid,C32H61NO3,32,61,3,1,0,0,1.90625,0.09375,0.03125,0.0,0.0,inf,0.19543942063026032
lipid,C32H63NO3,32,63,3,1,0,0,1.96875,0.09375,0.03125,0.0,0.0,inf,0.19543942063026032
lipid,C31H45NO5,31,45,5,1,0,0,1.4516129032258065,0.16129032258064516,0.03225806451612903,0.0,0.0,inf,0.19543942063026032
lipid,C32H65NO3,32,65,3,1,0,0,2.03125,0.09375,0.03125,0.0,0.0,inf,0.19543942063026032
lipid,C30H59NO3,30,59,3,1,0,0,1.9666666666666666,0.1,0.03333333333333333,0.0,0.0,inf,0.19543942063026032
lipid,C32H59NO4,32,59,4,1,0,0,1.84375,0.125,0.03125,0.0,0.0,inf,0.19543942063026032
lipid,C22H41NO7,22,41,7,1,0,0,1.8636363636363635,0.3181818181818182,0.045454545454545456,0.0,0.0,inf,0.19543942063026032
lipid,C21H39NO7,21,39,7,1,0,0,1.8571428571428572,0.3333333333333333,0.047619047619047616,0.0,0.0,inf,0.19543942063026032
lipid,C18H37NO3,18,37,3,1,0,0,2.0555555555555554,0.16666666666666666,0.05555555555555555,0.0,0.0,inf,0.19543942063026032
lipid,C18H39NO3,18,39,3,1,0,0,2.1666666666666665,0.16666666666666666,0.05555555555555555,0.0,0.0,inf,0.19543942063026032
lipid,C20H43NO2,20,43,2,1,0,0,2.15,0.1,0.05,0.0,0.0,inf,0.19543942063026032
lipid,C21H44NO2,21,44,2,1,0,0,2.0952380952380953,0.09523809523809523,0.047619047619047616,0.0,0.0,inf,0.19543942063026032
lipid,C16H34NO5P,16,34,5,1,0,1,2.125,0.3125,0.0625,0.0,0.0625,1.0,0.19543942063026032
lipid,C17H37NO4S,17,37,4,1,1,0,2.176470588235294,0.23529411764705882,0.058823529411764705,0.058823529411764705,0.0,inf,0.19543942063026032
lipid,C16H36NO5P,16,36,5,1,0,1,2.25,0.3125,0.0625,0.0,0.0625,1.0,0.19543942063026032
lipid,C20H40NO6P,20,40,6,1,0,1,2.0,0.3,0.05,0.0,0.05,1.0,0.19543942063026032
lipid,C17H36NO5P,17,36,5,1,0,1,2.1176470588235294,0.29411764705882354,0.058823529411764705,0.0,0.058823529411764705,1.0,0.19543942063026032
lipid,C19H31NO6,19,31,6,1,0,0,1.631578947368421,0.3157894736842105,0.05263157894736842,0.0,0.0,inf,0.19543942063026032
lipid,C23H47NO2,23,47,2,1,0,0,2.0434782608695654,0.08695652173913043,0.043478260869565216,0.0,0.0,inf,0.19543942063026032
lipid,C18H38NO5P,18,38,5,1,0,1,2.111111111111111,0.2777777777777778,0.05555555555555555,0.0,0.05555555555555555,1.0,0.19543942063026032
lipid,C18H40NO5P,18,40,5,1,0,1,2.2222222222222223,0.2777777777777778,0.05555555555555555,0.0,0.05555555555555555,1.0,0.19543942063026032
lipid,C20H39NO6,20,39,6,1,0,0,1.95,0.3,0.05,0.0,0.0,inf,0.19543942063026032
lipid,C19H40NO5P,19,40,5,1,0,1,2.1052631578947367,0.2631578947368421,0.05263157894736842,0.0,0.05263157894736842,1.0,0.19543942063026032
lipid,C18H40NO6P,18,40,6,1,0,1,2.2222222222222223,0.3333333333333333,0.05555555555555555,0.0,0.05555555555555555,1.0,0.19543942063026032
lipid,C17H38NO5P,17,38,5,1,0,1,2.235294117647059,0.29411764705882354,0.058823529411764705,0.0,0.058823529411764705,1.0,0.19543942063026032
lipid,C20H43NO,20,43,1,1,0,0,2.15,0.05,0.05,0.0,0.0,inf,0.19543942063026032
lipid,C33H63NO3,33,63,3,1,0,0,1.9090909090909092,0.09090909090909091,0.030303030303030304,0.0,0.0,inf,0.19543942063026032
lipid,C32H61NO4,32,61,4,1,0,0,1.90625,0.125,0.03125,0.0,0.0,inf,0.19543942063026032
lipid,C36H69NO3,36,69,3,1,0,0,1.9166666666666667,0.08333333333333333,0.027777777777777776,0.0,0.0,inf,0.19543942063026032
lipid,C35H67NO4,35,67,4,1,0,0,1.9142857142857144,0.11428571428571428,0.02857142857142857,0.0,0.0,inf,0.19543942063026032
lipid,C36H71NO3,36,71,3,1,0,0,1.9722222222222223,0.08333333333333333,0.027777777777777776,0.0,0.0,inf,0.19543942063026032
lipid,C36H73NO3,36,73,3,1,0,0,2.0277777777777777,0.08333333333333333,0.027777777777777776,0.0,0.0,inf,0.19543942063026032
lipid,C35H71NO4,35,71,4,1,0,0,2.0285714285714285,0.11428571428571428,0.02857142857142857,0.0,0.0,inf,0.19543942063026032
lipid,C34H69NO5,34,69,5,1,0,0,2.0294117647058822,0.14705882352941177,0.029411764705882353,0.0,0.0,inf,0.19543942063026032
lipid,C32H63NO5S,32,63,5,1,1,0,1.96875,0.15625,0.03125,0.03125,0.0,inf,0.19543942063026032
lipid,C30H61NO8,30,61,8,1,0,0,2.033333333333333,0.26666666666666666,0.03333333333333333,0.0,0.0,inf,0.19543942063026032
lipid,C32H65NO5S,32,65,5,1,1,0,2.03125,0.15625,0.03125,0.03125,0.0,inf,0.19543942063026032
lipid,C37H71NO3,37,71,3,1,0,0,1.9189189189189189,0.08108108108108109,0.02702702702702703,0.0,0.0,inf,0.19543942063026032
lipid,C38H75NO2,38,75,2,1,0,0,1.9736842105263157,0.05263157894736842,0.02631578947368421,0.0,0.0,inf,0.19543942063026032
lipid,C36H69NO4,36,69,4,1,0,0,1.9166666666666667,0.1111111111111111,0.027777777777777776,0.0,0.0,inf,0.19543942063026032
lipid,C37H73NO3,37,73,3,1,0,0,1.972972972972973,0.08108108108108109,0.02702702702702703,0.0,0.0,inf,0.19543942063026032
lipid,C38H77NO2,38,77,2,1,0,0,2.026315789473684,0.05263157894736842,0.02631578947368421,0.0,0.0,inf,0.19543942063026032
lipid,C36H71NO4,36,71,4,1,0,0,1.9722222222222223,0.1111111111111111,0.027777777777777776,0.0,0.0,inf,0.19543942063026032
lipid,C36H73NO4,36,73,4,1,0,0,2.0277777777777777,0.1111111111111111,0.027777777777777776,0.0,0.0,inf,0.19543942063026032
lipid,C36H67NO4,36,67,4,1,0,0,1.8611111111111112,0.1111111111111111,0.027777777777777776,0.0,0.0,inf,0.19543942063026032
lipid,C34H67NO2,34,67,2,1,0,0,1.9705882352941178,0.058823529411764705,0.029411764705882353,0.0,0.0,inf,0.19543942063026032
lipid,C36H67NO3,36,67,3,1,0,0,1.8611111111111112,0.08333333333333333,0.027777777777777776,0.0,0.0,inf,0.19543942063026032
lipid,C34H69NO4,34,69,4,1,0,0,2.0294117647058822,0.11764705882352941,0.029411764705882353,0.0,0.0,inf,0.19543942063026032
lipid,C33H65NO3,33,65,3,1,0,0,1.9696969696969697,0.09090909090909091,0.030303030303030304,0.0,0.0,inf,0.19543942063026032
lipid,C34H69NO2,34,69,2,1,0,0,2.0294117647058822,0.058823529411764705,0.029411764705882353,0.0,0.0,inf,0.19543942063026032
lipid,C33H67NO3,33,67,3,1,0,0,2.0303030303030303,0.09090909090909091,0.030303030303030304,0.0,0.0,inf,0.19543942063026032
lipid,C34H63NO3,34,63,3,1,0,0,1.8529411764705883,0.08823529411764706,0.029411764705882353,0.0,0.0,inf,0.19543942063026032
lipid,C34H65NO3,34,65,3,1,0,0,1.911764705882353,0.08823529411764706,0.029411764705882353,0.0,0.0,inf,0.19543942063026032
lipid,C34H67NO3,34,67,3,1,0,0,1.9705882352941178,0.08823529411764706,0.029411764705882353,0.0,0.0,inf,0.19543942063026032
lipid,C34H69NO3,34,69,3,1,0,0,2.0294117647058822,0.08823529411764706,0.029411764705882353,0.0,0.0,inf,0.19543942063026032
lipid,C30H60NO6P,30,60,6,1,0,1,2.0,0.2,0.03333333333333333,0.0,0.03333333333333333,1.0,0.19543942063026032
lipid,C24H47NO10S,24,47,10,1,1,0,1.9583333333333333,0.4166666666666667,0.041666666666666664,0.041666666666666664,0.0,inf,0.19543942063026032
lipid,C35H67NO3,35,67,3,1,0,0,1.9142857142857144,0.08571428571428572,0.02857142857142857,0.0,0.0,inf,0.19543942063026032
lipid,C36H71NO2,36,71,2,1,0,0,1.9722222222222223,0.05555555555555555,0.027777777777777776,0.0,0.0,inf,0.19543942063026032
lipid,C34H65NO4,34,65,4,1,0,0,1.911764705882353,0.11764705882352941,0.029411764705882353,0.0,0.0,inf,0.19543942063026032
lipid,C35H69NO3,35,69,3,1,0,0,1.9714285714285715,0.08571428571428572,0.02857142857142857,0.0,0.0,inf,0.19543942063026032
lipid,C36H73NO2,36,73,2,1,0,0,2.0277777777777777,0.05555555555555555,0.027777777777777776,0.0,0.0,inf,0.19543942063026032
lipid,C34H67NO4,34,67,4,1,0,0,1.9705882352941178,0.11764705882352941,0.029411764705882353,0.0,0.0,inf,0.19543942063026032
lipid,C35H71NO3,35,71,3,1,0,0,2.0285714285714285,0.08571428571428572,0.02857142857142857,0.0,0.0,inf,0.19543942063026032
lipid,C34H63NO4,34,63,4,1,0,0,1.8529411764705883,0.11764705882352941,0.029411764705882353,0.0,0.0,inf,0.19543942063026032
lipid,C51H88O2,51,88,2,0,0,0,1.7254901960784315,0.0392156862745098,0.0,0.0,0.0,,0.19543942063026032
lipid,C19H37NO2,19,37,2,1,0,0,1.9473684210526316,0.10526315789473684,0.05263157894736842,0.0,0.0,inf,0.19543942063026032
lipid,C19H33NO2,19,33,2,1,0,0,1.736842105263158,0.10526315789473684,0.05263157894736842,0.0,0.0,inf,0.19543942063026032
lipid,C50H86O7,50,86,7,0,0,0,1.72,0.14,0.0,0.0,0.0,,0.19543942063026032
lipid,C40H64O16,40,64,16,0,0,0,1.6,0.4,0.0,0.0,0.0,,0.19543942063026032
lipid,C50H88O7,50,88,7,0,0,0,1.76,0.14,0.0,0.0,0.0,,0.19543942063026032
lipid,C40H66O16,40,66,16,0,0,0,1.65,0.4,0.0,0.0,0.0,,0.19543942063026032
lipid,C51H82O7,51,82,7,0,0,0,1.607843137254902,0.13725490196078433,0.0,0.0,0.0,,0.19543942063026032
lipid,C51H84O7,51,84,7,0,0,0,1.6470588235294117,0.13725490196078433,0.0,0.0,0.0,,0.19543942063026032
lipid,C51H86O7,51,86,7,0,0,0,1.6862745098039216,0.13725490196078433,0.0,0.0,0.0,,0.19543942063026032
lipid,C50H84O7,50,84,7,0,0,0,1.68,0.14,0.0,0.0,0.0,,0.19543942063026032
lipid,C51H88O7,51,88,7,0,0,0,1.7254901960784315,0.13725490196078433,0.0,0.0,0.0,,0.19543942063026032
lipid,C52H86O7,52,86,7,0,0,0,1.6538461538461537,0.1346153846153846,0.0,0.0,0.0,,0.19543942063026032
lipid,C52H88O7,52,88,7,0,0,0,1.6923076923076923,0.1346153846153846,0.0,0.0,0.0,,0.19543942063026032
lipid,C52H90O7,52,90,7,0,0,0,1.7307692307692308,0.1346153846153846,0.0,0.0,0.0,,0.19543942063026032
lipid,C52H92O7,52,92,7,0,0,0,1.7692307692307692,0.1346153846153846,0.0,0.0,0.0,,0.19543942063026032
lipid,C53H86O7,53,86,7,0,0,0,1.6226415094339623,0.1320754716981132,0.0,0.0,0.0,,0.19543942063026032
lipid,C53H88O7,53,88,7,0,0,0,1.6603773584905661,0.1320754716981132,0.0,0.0,0.0,,0.19543942063026032
lipid,C39H66O15S2,39,66,15,0,2,0,1.6923076923076923,0.38461538461538464,0.0,0.05128205128205128,0.0,,0.19543942063026032
lipid,C51H90O7,51,90,7,0,0,0,1.7647058823529411,0.13725490196078433,0.0,0.0,0.0,,0.19543942063026032
lipid,C53H90O7,53,90,7,0,0,0,1.6981132075471699,0.1320754716981132,0.0,0.0,0.0,,0.19543942063026032
lipid,C41H64O15,41,64,15,0,0,0,1.5609756097560976,0.36585365853658536,0.0,0.0,0.0,,0.19543942063026032
lipid,C40H68O15,40,68,15,0,0,0,1.7,0.375,0.0,0.0,0.0,,0.19543942063026032
lipid,C51H92O2,51,92,2,0,0,0,1.803921568627451,0.0392156862745098,0.0,0.0,0.0,,0.19543942063026032
lipid,C40H66O12,40,66,12,0,0,0,1.65,0.3,0.0,0.0,0.0,,0.19543942063026032
lipid,C51H94O2,51,94,2,0,0,0,1.8431372549019607,0.0392156862745098,0.0,0.0,0.0,,0.19543942063026032
lipid,C39H64O13,39,64,13,0,0,0,1.641025641025641,0.3333333333333333,0.0,0.0,0.0,,0.19543942063026032
lipid,C47H82O7,47,82,7,0,0,0,1.7446808510638299,0.14893617021276595,0.0,0.0,0.0,,0.19543942063026032
lipid,C41H64O13,41,64,13,0,0,0,1.5609756097560976,0.3170731707317073,0.0,0.0,0.0,,0.19543942063026032
lipid,C53H96O2,53,96,2,0,0,0,1.8113207547169812,0.03773584905660377,0.0,0.0,0.0,,0.19543942063026032
lipid,C50H82O7,50,82,7,0,0,0,1.64,0.14,0.0,0.0,0.0,,0.19543942063026032
lipid,C38H54O16,38,54,16,0,0,0,1.4210526315789473,0.42105263157894735,0.0,0.0,0.0,,0.19543942063026032
lipid,C40H66O14,40,66,14,0,0,0,1.65,0.35,0.0,0.0,0.0,,0.19543942063026032
lipid,C41H64O14,41,64,14,0,0,0,1.5609756097560976,0.34146341463414637,0.0,0.0,0.0,,0.19543942063026032
lipid,C49H80O7,49,80,7,0,0,0,1.6326530612244898,0.14285714285714285,0.0,0.0,0.0,,0.19543942063026032
lipid,C49H82O7,49,82,7,0,0,0,1.6734693877551021,0.14285714285714285,0.0,0.0,0.0,,0.19543942063026032
lipid,C49H84O7,49,84,7,0,0,0,1.7142857142857142,0.14285714285714285,0.0,0.0,0.0,,0.19543942063026032
lipid,C40H66O15,40,66,15,0,0,0,1.65,0.375,0.0,0.0,0.0,,0.19543942063026032
lipid,C49H86O7,49,86,7,0,0,0,1.7551020408163265,0.14285714285714285,0.0,0.0,0.0,,0.19543942063026032
lipid,C39H62O15,39,62,15,0,0,0,1.5897435897435896,0.38461538461538464,0.0,0.0,0.0,,0.19543942063026032
lipid,C19H35NO2,19,35,2,1,0,0,1.8421052631578947,0.10526315789473684,0.05263157894736842,0.0,0.0,inf,0.19543942063026032
lipid,C53H92O7,53,92,7,0,0,0,1.7358490566037736,0.1320754716981132,0.0,0.0,0.0,,0.19543942063026032
lipid,C54H90O7,54,90,7,0,0,0,1.6666666666666667,0.12962962962962962,0.0,0.0,0.0,,0.19543942063026032
lipid,C57H100O7,57,100,7,0,0,0,1.7543859649122806,0.12280701754385964,0.0,0.0,0.0,,0.19543942063026032
lipid,C57H102O7,57,102,7,0,0,0,1.7894736842105263,0.12280701754385964,0.0,0.0,0.0,,0.19543942063026032
lipid,C46H76O17,46,76,17,0,0,0,1.6521739130434783,0.3695652173913043,0.0,0.0,0.0,,0.19543942063026032
lipid,C44H74O19,44,74,19,0,0,0,1.6818181818181819,0.4318181818181818,0.0,0.0,0.0,,0.19543942063026032
lipid,C46H76O19,46,76,19,0,0,0,1.6521739130434783,0.41304347826086957,0.0,0.0,0.0,,0.19543942063026032
lipid,C36H56NNa3O17S3,36,56,17,1,3,0,1.5555555555555556,0.4722222222222222,0.027777777777777776,0.08333333333333333,0.0,inf,0.19543942063026032
lipid,C14H31NO,14,31,1,1,0,0,2.2142857142857144,0.07142857142857142,0.07142857142857142,0.0,0.0,inf,0.19543942063026032
lipid,C57H98O7,57,98,7,0,0,0,1.719298245614035,0.12280701754385964,0.0,0.0,0.0,,0.19543942063026032
lipid,C14H27NO2,14,27,2,1,0,0,1.9285714285714286,0.14285714285714285,0.07142857142857142,0.0,0.0,inf,0.19543942063026032
lipid,C16H35NO2,16,35,2,1,0,0,2.1875,0.125,0.0625,0.0,0.0,inf,0.19543942063026032
lipid,C18H31NO,18,31,1,1,0,0,1.7222222222222223,0.05555555555555555,0.05555555555555555,0.0,0.0,inf,0.19543942063026032
lipid,C17H33NO2,17,33,2,1,0,0,1.9411764705882353,0.11764705882352941,0.058823529411764705,0.0,0.0,inf,0.19543942063026032
lipid,C18H39NO,18,39,1,1,0,0,2.1666666666666665,0.05555555555555555,0.05555555555555555,0.0,0.0,inf,0.19543942063026032
lipid,C17H37NO2,17,37,2,1,0,0,2.176470588235294,0.11764705882352941,0.058823529411764705,0.0,0.0,inf,0.19543942063026032
lipid,C18H39NO2,18,39,2,1,0,0,2.1666666666666665,0.1111111111111111,0.05555555555555555,0.0,0.0,inf,0.19543942063026032
lipid,C20H35NO,20,35,1,1,0,0,1.75,0.05,0.05,0.0,0.0,inf,0.19543942063026032
lipid,C16H27NO2,16,27,2,1,0,0,1.6875,0.125,0.0625,0.0,0.0,inf,0.19543942063026032
lipid,C53H94O7,53,94,7,0,0,0,1.7735849056603774,0.1320754716981132,0.0,0.0,0.0,,0.19543942063026032
lipid,C57H96O7,57,96,7,0,0,0,1.6842105263157894,0.12280701754385964,0.0,0.0,0.0,,0.19543942063026032
lipid,C45H74O17,45,74,17,0,0,0,1.6444444444444444,0.37777777777777777,0.0,0.0,0.0,,0.19543942063026032
lipid,C54H92O7,54,92,7,0,0,0,1.7037037037037037,0.12962962962962962,0.0,0.0,0.0,,0.19543942063026032
lipid,C54H94O7,54,94,7,0,0,0,1.7407407407407407,0.12962962962962962,0.0,0.0,0.0,,0.19543942063026032
lipid,C54H96O7,54,96,7,0,0,0,1.7777777777777777,0.12962962962962962,0.0,0.0,0.0,,0.19543942063026032
lipid,C42H66O18,42,66,18,0,0,0,1.5714285714285714,0.42857142857142855,0.0,0.0,0.0,,0.19543942063026032
lipid,C55H90O7,55,90,7,0,0,0,1.6363636363636365,0.12727272727272726,0.0,0.0,0.0,,0.19543942063026032
lipid,C55H92O7,55,92,7,0,0,0,1.6727272727272726,0.12727272727272726,0.0,0.0,0.0,,0.19543942063026032
lipid,C55H94O7,55,94,7,0,0,0,1.709090909090909,0.12727272727272726,0.0,0.0,0.0,,0.19543942063026032
lipid,C57H94O7,57,94,7,0,0,0,1.6491228070175439,0.12280701754385964,0.0,0.0,0.0,,0.19543942063026032
lipid,C55H96O7,55,96,7,0,0,0,1.7454545454545454,0.12727272727272726,0.0,0.0,0.0,,0.19543942063026032
lipid,C55H98O7,55,98,7,0,0,0,1.7818181818181817,0.12727272727272726,0.0,0.0,0.0,,0.19543942063026032
lipid,C42H64O19,42,64,19,0,0,0,1.5238095238095237,0.4523809523809524,0.0,0.0,0.0,,0.19543942063026032
lipid,C56H94O7,56,94,7,0,0,0,1.6785714285714286,0.125,0.0,0.0,0.0,,0.19543942063026032
lipid,C56H96O7,56,96,7,0,0,0,1.7142857142857142,0.125,0.0,0.0,0.0,,0.19543942063026032
lipid,C56H98O7,56,98,7,0,0,0,1.75,0.125,0.0,0.0,0.0,,0.19543942063026032
lipid,C46H76O16,46,76,16,0,0,0,1.6521739130434783,0.34782608695652173,0.0,0.0,0.0,,0.19543942063026032
lipid,C56H100O7,56,100,7,0,0,0,1.7857142857142858,0.125,0.0,0.0,0.0,,0.19543942063026032
lipid,C33H53Na3O16S3,33,53,16,0,3,0,1.606060606060606,0.48484848484848486,0.0,0.09090909090909091,0.0,,0.19543942063026032
lipid,C34H50O4,34,50,4,0,0,0,1.4705882352941178,0.11764705882352941,0.0,0.0,0.0,,0.19543942063026032
lipid,C27H36F6O3,27,36,3,0,0,0,1.3333333333333333,0.1111111111111111,0.0,0.0,0.0,,0.19543942063026032
lipid,C34H48O4,34,48,4,0,0,0,1.411764705882353,0.11764705882352941,0.0,0.0,0.0,,0.19543942063026032
lipid,C29H52O,29,52,1,0,0,0,1.793103448275862,0.034482758620689655,0.0,0.0,0.0,,0.19543942063026032
lipid,C26H42O2S,26,42,2,0,1,0,1.6153846153846154,0.07692307692307693,0.0,0.038461538461538464,0.0,,0.19543942063026032
lipid,C27H43FO2,27,43,2,0,0,0,1.5925925925925926,0.07407407407407407,0.0,0.0,0.0,,0.19543942063026032
lipid,C27H46O3,27,46,3,0,0,0,1.7037037037037037,0.1111111111111111,0.0,0.0,0.0,,0.19543942063026032
lipid,C25H40O5,25,40,5,0,0,0,1.6,0.2,0.0,0.0,0.0,,0.19543942063026032
lipid,C29H40O2,29,40,2,0,0,0,1.3793103448275863,0.06896551724137931,0.0,0.0,0.0,,0.19543942063026032
lipid,C27H42F2O,27,42,1,0,0,0,1.5555555555555556,0.037037037037037035,0.0,0.0,0.0,,0.19543942063026032
lipid,C27H44O3,27,44,3,0,0,0,1.6296296296296295,0.1111111111111111,0.0,0.0,0.0,,0.19543942063026032
lipid,C27H48O3,27,48,3,0,0,0,1.7777777777777777,0.1111111111111111,0.0,0.0,0.0,,0.19543942063026032
lipid,C24H38O6,24,38,6,0,0,0,1.5833333333333333,0.25,0.0,0.0,0.0,,0.19543942063026032
lipid,C28H38O3,28,38,3,0,0,0,1.3571428571428572,0.10714285714285714,0.0,0.0,0.0,,0.19543942063026032
lipid,C30H46O,30,46,1,0,0,0,1.5333333333333334,0.03333333333333333,0.0,0.0,0.0,,0.19543942063026032
lipid,C24H40O6,24,40,6,0,0,0,1.6666666666666667,0.25,0.0,0.0,0.0,,0.19543942063026032
lipid,C28H40O3,28,40,3,0,0,0,1.4285714285714286,0.10714285714285714,0.0,0.0,0.0,,0.19543942063026032
lipid,C25H41FO4,25,41,4,0,0,0,1.64,0.16,0.0,0.0,0.0,,0.19543942063026032
lipid,C30H48O,30,48,1,0,0,0,1.6,0.03333333333333333,0.0,0.0,0.0,,0.19543942063026032
lipid,C23H31FO6,23,31,6,0,0,0,1.3478260869565217,0.2608695652173913,0.0,0.0,0.0,,0.19543942063026032
lipid,C27H43N3O,27,43,1,3,0,0,1.5925925925925926,0.037037037037037035,0.1111111111111111,0.0,0.0,inf,0.19543942063026032
lipid,C26H40O4,26,40,4,0,0,0,1.5384615384615385,0.15384615384615385,0.0,0.0,0.0,,0.19543942063026032
lipid,C29H50O,29,50,1,0,0,0,1.7241379310344827,0.034482758620689655,0.0,0.0,0.0,,0.19543942063026032
lipid,C22H28O7,22,28,7,0,0,0,1.2727272727272727,0.3181818181818182,0.0,0.0,0.0,,0.19543942063026032
lipid,C24H36O5,24,36,5,0,0,0,1.5,0.20833333333333334,0.0,0.0,0.0,,0.19543942063026032
lipid,C25H40O4,25,40,4,0,0,0,1.6,0.16,0.0,0.0,0.0,,0.19543942063026032
lipid,C26H44O3,26,44,3,0,0,0,1.6923076923076923,0.11538461538461539,0.0,0.0,0.0,,0.19543942063026032
lipid,C23H34O6,23,34,6,0,0,0,1.4782608695652173,0.2608695652173913,0.0,0.0,0.0,,0.19543942063026032
lipid,C24H38O5,24,38,5,0,0,0,1.5833333333333333,0.20833333333333334,0.0,0.0,0.0,,0.19543942063026032
lipid,C25H42O4,25,42,4,0,0,0,1.68,0.16,0.0,0.0,0.0,,0.19543942063026032
lipid,C27H45NO2,27,45,2,1,0,0,1.6666666666666667,0.07407407407407407,0.037037037037037035,0.0,0.0,inf,0.19543942063026032
lipid,C24H40O5,24,40,5,0,0,0,1.6666666666666667,0.20833333333333334,0.0,0.0,0.0,,0.19543942063026032
lipid,C29H46O,29,46,1,0,0,0,1.5862068965517242,0.034482758620689655,0.0,0.0,0.0,,0.19543942063026032
lipid,C21H32O6S,21,32,6,0,1,0,1.5238095238095237,0.2857142857142857,0.0,0.047619047619047616,0.0,,0.19543942063026032
lipid,C27H37FO2,27,37,2,0,0,0,1.3703703703703705,0.07407407407407407,0.0,0.0,0.0,,0.19543942063026032
lipid,C27H40O3,27,40,3,0,0,0,1.4814814814814814,0.1111111111111111,0.0,0.0,0.0,,0.19543942063026032
lipid,C29H48O,29,48,1,0,0,0,1.6551724137931034,0.034482758620689655,0.0,0.0,0.0,,0.19543942063026032
lipid,C27H43NO2,27,43,2,1,0,0,1.5925925925925926,0.07407407407407407,0.037037037037037035,0.0,0.0,inf,0.19543942063026032
lipid,C27H42O3,27,42,3,0,0,0,1.5555555555555556,0.1111111111111111,0.0,0.0,0.0,,0.19543942063026032
lipid,C29H44O,29,44,1,0,0,0,1.5172413793103448,0.034482758620689655,0.0,0.0,0.0,,0.19543942063026032
lipid,C28H50O,28,50,1,0,0,0,1.7857142857142858,0.03571428571428571,0.0,0.0,0.0,,0.19543942063026032
lipid,C27H38O4,27,38,4,0,0,0,1.4074074074074074,0.14814814814814814,0.0,0.0,0.0,,0.19543942063026032
lipid,C29H46O2,29,46,2,0,0,0,1.5862068965517242,0.06896551724137931,0.0,0.0,0.0,,0.19543942063026032
lipid,C25H40O4S,25,40,4,0,1,0,1.6,0.16,0.0,0.04,0.0,,0.19543942063026032
lipid,C27H42F2O2,27,42,2,0,0,0,1.5555555555555556,0.07407407407407407,0.0,0.0,0.0,,0.19543942063026032
lipid,C26H44O5,26,44,5,0,0,0,1.6923076923076923,0.19230769230769232,0.0,0.0,0.0,,0.19543942063026032
lipid,C27H48O4,27,48,4,0,0,0,1.7777777777777777,0.14814814814814814,0.0,0.0,0.0,,0.19543942063026032
lipid,C29H42O3,29,42,3,0,0,0,1.4482758620689655,0.10344827586206896,0.0,0.0,0.0,,0.19543942063026032
lipid,C26H46O5,26,46,5,0,0,0,1.7692307692307692,0.19230769230769232,0.0,0.0,0.0,,0.19543942063026032
lipid,C31H50O,31,50,1,0,0,0,1.6129032258064515,0.03225806451612903,0.0,0.0,0.0,,0.19543942063026032
lipid,C28H50O3,28,50,3,0,0,0,1.7857142857142858,0.10714285714285714,0.0,0.0,0.0,,0.19543942063026032
lipid,C23H31Cl2NO3,23,31,3,1,0,0,1.3478260869565217,0.13043478260869565,0.043478260869565216,0.0,0.0,inf,0.19543942063026032
lipid,C31H52O,31,52,1,0,0,0,1.6774193548387097,0.03225806451612903,0.0,0.0,0.0,,0.19543942063026032
lipid,C21H30O8S,21,30,8,0,1,0,1.4285714285714286,0.38095238095238093,0.0,0.047619047619047616,0.0,,0.19543942063026032
lipid,C26H34O6,26,34,6,0,0,0,1.3076923076923077,0.23076923076923078,0.0,0.0,0.0,,0.19543942063026032
lipid,C28H42O4,28,42,4,0,0,0,1.5,0.14285714285714285,0.0,0.0,0.0,,0.19543942063026032
lipid,C29H46O3,29,46,3,0,0,0,1.5862068965517242,0.10344827586206896,0.0,0.0,0.0,,0.19543942063026032
lipid,C28H44O4,28,44,4,0,0,0,1.5714285714285714,0.14285714285714285,0.0,0.0,0.0,,0.19543942063026032
lipid,C29H48O3,29,48,3,0,0,0,1.6551724137931034,0.10344827586206896,0.0,0.0,0.0,,0.19543942063026032
lipid,C26H39F3O2,26,39,2,0,0,0,1.5,0.07692307692307693,0.0,0.0,0.0,,0.19543942063026032
lipid,C28H42O3,28,42,3,0,0,0,1.5,0.10714285714285714,0.0,0.0,0.0,,0.19543942063026032
lipid,C27H46O4,27,46,4,0,0,0,1.7037037037037037,0.14814814814814814,0.0,0.0,0.0,,0.19543942063026032
lipid,C26H42O5,26,42,5,0,0,0,1.6153846153846154,0.19230769230769232,0.0,0.0,0.0,,0.19543942063026032
lipid,C27H40O4,27,40,4,0,0,0,1.4814814814814814,0.14814814814814814,0.0,0.0,0.0,,0.19543942063026032
lipid,C28H44O3,28,44,3,0,0,0,1.5714285714285714,0.10714285714285714,0.0,0.0,0.0,,0.19543942063026032
lipid,C29H48O2,29,48,2,0,0,0,1.6551724137931034,0.06896551724137931,0.0,0.0,0.0,,0.19543942063026032
lipid,C21H34O7S,21,34,7,0,1,0,1.619047619047619,0.3333333333333333,0.0,0.047619047619047616,0.0,,0.19543942063026032
lipid,C27H42O4,27,42,4,0,0,0,1.5555555555555556,0.14814814814814814,0.0,0.0,0.0,,0.19543942063026032
lipid,C28H46O3,28,46,3,0,0,0,1.6428571428571428,0.10714285714285714,0.0,0.0,0.0,,0.19543942063026032
lipid,C30H54O,30,54,1,0,0,0,1.8,0.03333333333333333,0.0,0.0,0.0,,0.19543942063026032
lipid,C27H43FO3,27,43,3,0,0,0,1.5925925925925926,0.1111111111111111,0.0,0.0,0.0,,0.19543942063026032
lipid,C18H24O8S2,18,24,8,0,2,0,1.3333333333333333,0.4444444444444444,0.0,0.1111111111111111,0.0,,0.19543942063026032
lipid,C27H41FO3,27,41,3,0,0,0,1.5185185185185186,0.1111111111111111,0.0,0.0,0.0,,0.19543942063026032
lipid,C27H44O4,27,44,4,0,0,0,1.6296296296296295,0.14814814814814814,0.0,0.0,0.0,,0.19543942063026032
lipid,C28H48O3,28,48,3,0,0,0,1.7142857142857142,0.10714285714285714,0.0,0.0,0.0,,0.19543942063026032
lipid,C26H43NO4,26,43,4,1,0,0,1.6538461538461537,0.15384615384615385,0.038461538461538464,0.0,0.0,inf,0.19543942063026032
lipid,C24H31FO6,24,31,6,0,0,0,1.2916666666666667,0.25,0.0,0.0,0.0,,0.19543942063026032
lipid,C26H42O3S,26,42,3,0,1,0,1.6153846153846154,0.11538461538461539,0.0,0.038461538461538464,0.0,,0.19543942063026032
lipid,C26H43O3P,26,43,3,0,0,1,1.6538461538461537,0.11538461538461539,0.0,0.0,0.038461538461538464,0.0,0.19543942063026032
lipid,C26H40O5,26,40,5,0,0,0,1.5384615384615385,0.19230769230769232,0.0,0.0,0.0,,0.19543942063026032
lipid,C24H30O8,24,30,8,0,0,0,1.25,0.3333333333333333,0.0,0.0,0.0,,0.19543942063026032
lipid,C27H43FO,27,43,1,0,0,0,1.5925925925925926,0.037037037037037035,0.0,0.0,0.0,,0.19543942063026032
lipid,C23H30O6,23,30,6,0,0,0,1.3043478260869565,0.2608695652173913,0.0,0.0,0.0,,0.19543942063026032
lipid,C23H34O3,23,34,3,0,0,0,1.4782608695652173,0.13043478260869565,0.0,0.0,0.0,,0.19543942063026032
lipid,C21H28O5,21,28,5,0,0,0,1.3333333333333333,0.23809523809523808,0.0,0.0,0.0,,0.19543942063026032
lipid,C21H30O5,21,30,5,0,0,0,1.4285714285714286,0.23809523809523808,0.0,0.0,0.0,,0.19543942063026032
lipid,C21H32O5,21,32,5,0,0,0,1.5238095238095237,0.23809523809523808,0.0,0.0,0.0,,0.19543942063026032
lipid,C25H32O2,25,32,2,0,0,0,1.28,0.08,0.0,0.0,0.0,,0.19543942063026032
lipid,C18H22O6S,18,22,6,0,1,0,1.2222222222222223,0.3333333333333333,0.0,0.05555555555555555,0.0,,0.19543942063026032
lipid,C19H28O5S,19,28,5,0,1,0,1.4736842105263157,0.2631578947368421,0.0,0.05263157894736842,0.0,,0.19543942063026032
lipid,C21H26O5,21,26,5,0,0,0,1.2380952380952381,0.23809523809523808,0.0,0.0,0.0,,0.19543942063026032
lipid,C24H32O3,24,32,3,0,0,0,1.3333333333333333,0.125,0.0,0.0,0.0,,0.19543942063026032
lipid,C19H30O5S,19,30,5,0,1,0,1.5789473684210527,0.2631578947368421,0.0,0.05263157894736842,0.0,,0.19543942063026032
lipid,C24H34O3,24,34,3,0,0,0,1.4166666666666667,0.125,0.0,0.0,0.0,,0.19543942063026032
lipid,C26H42O,26,42,1,0,0,0,1.6153846153846154,0.038461538461538464,0.0,0.0,0.0,,0.19543942063026032
lipid,C27H46,27,46,0,0,0,0,1.7037037037037037,0.0,0.0,0.0,0.0,,0.19543942063026032
lipid,C24H36O3,24,36,3,0,0,0,1.5,0.125,0.0,0.0,0.0,,0.19543942063026032
lipid,C26H44O,26,44,1,0,0,0,1.6923076923076923,0.038461538461538464,0.0,0.0,0.0,,0.19543942063026032
lipid,C27H48,27,48,0,0,0,0,1.7777777777777777,0.0,0.0,0.0,0.0,,0.19543942063026032
lipid,C27H44,27,44,0,0,0,0,1.6296296296296295,0.0,0.0,0.0,0.0,,0.19543942063026032
lipid,C23H34O4,23,34,4,0,0,0,1.4782608695652173,0.17391304347826086,0.0,0.0,0.0,,0.19543942063026032
lipid,C23H32O3,23,32,3,0,0,0,1.391304347826087,0.13043478260869565,0.0,0.0,0.0,,0.19543942063026032
lipid,C18H24O5S,18,24,5,0,1,0,1.3333333333333333,0.2777777777777778,0.0,0.05555555555555555,0.0,,0.19543942063026032
lipid,C18H18O2,18,18,2,0,0,0,1.0,0.1111111111111111,0.0,0.0,0.0,,0.19543942063026032
lipid,C19H28O,19,28,1,0,0,0,1.4736842105263157,0.05263157894736842,0.0,0.0,0.0,,0.19543942063026032
lipid,C21H32O,21,32,1,0,0,0,1.5238095238095237,0.047619047619047616,0.0,0.0,0.0,,0.19543942063026032
lipid,C18H22O4,18,22,4,0,0,0,1.2222222222222223,0.2222222222222222,0.0,0.0,0.0,,0.19543942063026032
lipid,C21H34O,21,34,1,0,0,0,1.619047619047619,0.047619047619047616,0.0,0.0,0.0,,0.19543942063026032
lipid,C19H28O3,19,28,3,0,0,0,1.4736842105263157,0.15789473684210525,0.0,0.0,0.0,,0.19543942063026032
lipid,C21H28O2,21,28,2,0,0,0,1.3333333333333333,0.09523809523809523,0.0,0.0,0.0,,0.19543942063026032
lipid,C25H38O,25,38,1,0,0,0,1.52,0.04,0.0,0.0,0.0,,0.19543942063026032
lipid,C19H28O4,19,28,4,0,0,0,1.4736842105263157,0.21052631578947367,0.0,0.0,0.0,,0.19543942063026032
lipid,C19H30O4,19,30,4,0,0,0,1.5789473684210527,0.21052631578947367,0.0,0.0,0.0,,0.19543942063026032
lipid,C21H28O3,21,28,3,0,0,0,1.3333333333333333,0.14285714285714285,0.0,0.0,0.0,,0.19543942063026032
lipid,C20H29FO3,20,29,3,0,0,0,1.45,0.15,0.0,0.0,0.0,,0.19543942063026032
lipid,C19H30O5,19,30,5,0,0,0,1.5789473684210527,0.2631578947368421,0.0,0.0,0.0,,0.19543942063026032
lipid,C21H28O4,21,28,4,0,0,0,1.3333333333333333,0.19047619047619047,0.0,0.0,0.0,,0.19543942063026032
lipid,C21H30O4,21,30,4,0,0,0,1.4285714285714286,0.19047619047619047,0.0,0.0,0.0,,0.19543942063026032
lipid,C18H22O5S,18,22,5,0,1,0,1.2222222222222223,0.2777777777777778,0.0,0.05555555555555555,0.0,,0.19543942063026032
lipid,C19H27ClO2,19,27,2,0,0,0,1.4210526315789473,0.10526315789473684,0.0,0.0,0.0,,0.19543942063026032
lipid,C24H34O5,24,34,5,0,0,0,1.4166666666666667,0.20833333333333334,0.0,0.0,0.0,,0.19543942063026032
lipid,C26H46O,26,46,1,0,0,0,1.7692307692307692,0.038461538461538464,0.0,0.0,0.0,,0.19543942063026032
lipid,C21H30O6,21,30,6,0,0,0,1.4285714285714286,0.2857142857142857,0.0,0.0,0.0,,0.19543942063026032
lipid,C22H34O4S,22,34,4,0,1,0,1.5454545454545454,0.18181818181818182,0.0,0.045454545454545456,0.0,,0.19543942063026032
lipid,C27H38O2,27,38,2,0,0,0,1.4074074074074074,0.07407407407407407,0.0,0.0,0.0,,0.19543942063026032
lipid,C24H42O4,24,42,4,0,0,0,1.75,0.16666666666666666,0.0,0.0,0.0,,0.19543942063026032
lipid,C28H42O,28,42,1,0,0,0,1.5,0.03571428571428571,0.0,0.0,0.0,,0.19543942063026032
lipid,C21H32O5S,21,32,5,0,1,0,1.5238095238095237,0.23809523809523808,0.0,0.047619047619047616,0.0,,0.19543942063026032
lipid,C28H44O,28,44,1,0,0,0,1.5714285714285714,0.03571428571428571,0.0,0.0,0.0,,0.19543942063026032
lipid,C27H43NO,27,43,1,1,0,0,1.5925925925925926,0.037037037037037035,0.037037037037037035,0.0,0.0,inf,0.19543942063026032
lipid,C24H40O4,24,40,4,0,0,0,1.6666666666666667,0.16666666666666666,0.0,0.0,0.0,,0.19543942063026032
lipid,C24H30O5,24,30,5,0,0,0,1.25,0.20833333333333334,0.0,0.0,0.0,,0.19543942063026032
lipid,C28H46O,28,46,1,0,0,0,1.6428571428571428,0.03571428571428571,0.0,0.0,0.0,,0.19543942063026032
lipid,C27H45NO,27,45,1,1,0,0,1.6666666666666667,0.037037037037037035,0.037037037037037035,0.0,0.0,inf,0.19543942063026032
lipid,C24H32O5,24,32,5,0,0,0,1.3333333333333333,0.20833333333333334,0.0,0.0,0.0,,0.19543942063026032
lipid,C26H40O3,26,40,3,0,0,0,1.5384615384615385,0.11538461538461539,0.0,0.0,0.0,,0.19543942063026032
lipid,C27H44O2,27,44,2,0,0,0,1.6296296296296295,0.07407407407407407,0.0,0.0,0.0,,0.19543942063026032
lipid,C28H48O,28,48,1,0,0,0,1.7142857142857142,0.03571428571428571,0.0,0.0,0.0,,0.19543942063026032
lipid,C29H52,29,52,0,0,0,0,1.793103448275862,0.0,0.0,0.0,0.0,,0.19543942063026032
lipid,C26H38O3,26,38,3,0,0,0,1.4615384615384615,0.11538461538461539,0.0,0.0,0.0,,0.19543942063026032
lipid,C21H28O6,21,28,6,0,0,0,1.3333333333333333,0.2857142857142857,0.0,0.0,0.0,,0.19543942063026032
lipid,C22H32O4S,22,32,4,0,1,0,1.4545454545454546,0.18181818181818182,0.0,0.045454545454545456,0.0,,0.19543942063026032
lipid,C24H38O4,24,38,4,0,0,0,1.5833333333333333,0.16666666666666666,0.0,0.0,0.0,,0.19543942063026032
lipid,C27H38O,27,38,1,0,0,0,1.4074074074074074,0.037037037037037035,0.0,0.0,0.0,,0.19543942063026032
lipid,C19H24O6S,19,24,6,0,1,0,1.263157894736842,0.3157894736842105,0.0,0.05263157894736842,0.0,,0.19543942063026032
lipid,C21H29FO5,21,29,5,0,0,0,1.380952380952381,0.23809523809523808,0.0,0.0,0.0,,0.19543942063026032
lipid,C19H26O6S,19,26,6,0,1,0,1.368421052631579,0.3157894736842105,0.0,0.05263157894736842,0.0,,0.19543942063026032
lipid,C24H30O4,24,30,4,0,0,0,1.25,0.16666666666666666,0.0,0.0,0.0,,0.19543942063026032
lipid,C26H38O2,26,38,2,0,0,0,1.4615384615384615,0.07692307692307693,0.0,0.0,0.0,,0.19543942063026032
lipid,C27H42O,27,42,1,0,0,0,1.5555555555555556,0.037037037037037035,0.0,0.0,0.0,,0.19543942063026032
lipid,C25H42O3,25,42,3,0,0,0,1.68,0.12,0.0,0.0,0.0,,0.19543942063026032
lipid,C19H28O6S,19,28,6,0,1,0,1.4736842105263157,0.3157894736842105,0.0,0.05263157894736842,0.0,,0.19543942063026032
lipid,C27H44O,27,44,1,0,0,0,1.6296296296296295,0.037037037037037035,0.0,0.0,0.0,,0.19543942063026032
lipid,C26H43NO,26,43,1,1,0,0,1.6538461538461537,0.038461538461538464,0.038461538461538464,0.0,0.0,inf,0.19543942063026032
lipid,C24H34O4,24,34,4,0,0,0,1.4166666666666667,0.16666666666666666,0.0,0.0,0.0,,0.19543942063026032
lipid,C27H43F,27,43,0,0,0,0,1.5925925925925926,0.0,0.0,0.0,0.0,,0.19543942063026032
lipid,C27H46O,27,46,1,0,0,0,1.7037037037037037,0.037037037037037035,0.0,0.0,0.0,,0.19543942063026032
lipid,C26H45NO,26,45,1,1,0,0,1.7307692307692308,0.038461538461538464,0.038461538461538464,0.0,0.0,inf,0.19543942063026032
lipid,C24H36O4,24,36,4,0,0,0,1.5,0.16666666666666666,0.0,0.0,0.0,,0.19543942063026032
lipid,C24H32O4,24,32,4,0,0,0,1.3333333333333333,0.16666666666666666,0.0,0.0,0.0,,0.19543942063026032
lipid,C21H34O8S,21,34,8,0,1,0,1.619047619047619,0.38095238095238093,0.0,0.047619047619047616,0.0,,0.19543942063026032
lipid,C27H42O5,27,42,5,0,0,0,1.5555555555555556,0.18518518518518517,0.0,0.0,0.0,,0.19543942063026032
lipid,C28H43FO3,28,43,3,0,0,0,1.5357142857142858,0.10714285714285714,0.0,0.0,0.0,,0.19543942063026032
lipid,C31H51FO3,31,51,3,0,0,0,1.6451612903225807,0.0967741935483871,0.0,0.0,0.0,,0.19543942063026032
lipid,C31H54O4,31,54,4,0,0,0,1.7419354838709677,0.12903225806451613,0.0,0.0,0.0,,0.19543942063026032
lipid,C27H40O6S,27,40,6,0,1,0,1.4814814814814814,0.2222222222222222,0.0,0.037037037037037035,0.0,,0.19543942063026032
lipid,C33H48O3,33,48,3,0,0,0,1.4545454545454546,0.09090909090909091,0.0,0.0,0.0,,0.19543942063026032
lipid,C30H52O5,30,52,5,0,0,0,1.7333333333333334,0.16666666666666666,0.0,0.0,0.0,,0.19543942063026032
lipid,C31H42O5,31,42,5,0,0,0,1.3548387096774193,0.16129032258064516,0.0,0.0,0.0,,0.19543942063026032
lipid,C28H46O7,28,46,7,0,0,0,1.6428571428571428,0.25,0.0,0.0,0.0,,0.19543942063026032
lipid,C30H50O5,30,50,5,0,0,0,1.6666666666666667,0.16666666666666666,0.0,0.0,0.0,,0.19543942063026032
lipid,C32H46O4,32,46,4,0,0,0,1.4375,0.125,0.0,0.0,0.0,,0.19543942063026032
lipid,C31H44O3S,31,44,3,0,1,0,1.4193548387096775,0.0967741935483871,0.0,0.03225806451612903,0.0,,0.19543942063026032
lipid,C27H44O8,27,44,8,0,0,0,1.6296296296296295,0.2962962962962963,0.0,0.0,0.0,,0.19543942063026032
lipid,C30H42O6,30,42,6,0,0,0,1.4,0.2,0.0,0.0,0.0,,0.19543942063026032
lipid,C32H50O4,32,50,4,0,0,0,1.5625,0.125,0.0,0.0,0.0,,0.19543942063026032
lipid,C26H45NO6S,26,45,6,1,1,0,1.7307692307692308,0.23076923076923078,0.038461538461538464,0.038461538461538464,0.0,inf,0.19543942063026032
lipid,C30H44O6,30,44,6,0,0,0,1.4666666666666666,0.2,0.0,0.0,0.0,,0.19543942063026032
lipid,C27H48O8,27,48,8,0,0,0,1.7777777777777777,0.2962962962962963,0.0,0.0,0.0,,0.19543942063026032
lipid,C30H48F2O3,30,48,3,0,0,0,1.6,0.1,0.0,0.0,0.0,,0.19543942063026032
lipid,C33H56O3,33,56,3,0,0,0,1.696969696969697,0.09090909090909091,0.0,0.0,0.0,,0.19543942063026032
lipid,C30H50O3S,30,50,3,0,1,0,1.6666666666666667,0.1,0.0,0.03333333333333333,0.0,,0.19543942063026032
lipid,C28H42O7,28,42,7,0,0,0,1.5,0.25,0.0,0.0,0.0,,0.19543942063026032
lipid,C25H38O9,25,38,9,0,0,0,1.52,0.36,0.0,0.0,0.0,,0.19543942063026032
lipid,C30H42O3S,30,42,3,0,1,0,1.4,0.1,0.0,0.03333333333333333,0.0,,0.19543942063026032
lipid,C27H46O5S,27,46,5,0,1,0,1.7037037037037037,0.18518518518518517,0.0,0.037037037037037035,0.0,,0.19543942063026032
lipid,C32H50O3,32,50,3,0,0,0,1.5625,0.09375,0.0,0.0,0.0,,0.19543942063026032
lipid,C26H45NO5S,26,45,5,1,1,0,1.7307692307692308,0.19230769230769232,0.038461538461538464,0.038461538461538464,0.0,inf,0.19543942063026032
lipid,C25H40O9,25,40,9,0,0,0,1.6,0.36,0.0,0.0,0.0,,0.19543942063026032
lipid,C30H44O5,30,44,5,0,0,0,1.4666666666666666,0.16666666666666666,0.0,0.0,0.0,,0.19543942063026032
lipid,C29H46O6,29,46,6,0,0,0,1.5862068965517242,0.20689655172413793,0.0,0.0,0.0,,0.19543942063026032
lipid,C27H48O7,27,48,7,0,0,0,1.7777777777777777,0.25925925925925924,0.0,0.0,0.0,,0.19543942063026032
lipid,C28H38O7,28,38,7,0,0,0,1.3571428571428572,0.25,0.0,0.0,0.0,,0.19543942063026032
lipid,C29H42O6,29,42,6,0,0,0,1.4482758620689655,0.20689655172413793,0.0,0.0,0.0,,0.19543942063026032
lipid,C31H50O4,31,50,4,0,0,0,1.6129032258064515,0.12903225806451613,0.0,0.0,0.0,,0.19543942063026032
lipid,C24H40O8S,24,40,8,0,1,0,1.6666666666666667,0.3333333333333333,0.0,0.041666666666666664,0.0,,0.19543942063026032
lipid,C28H40O7,28,40,7,0,0,0,1.4285714285714286,0.25,0.0,0.0,0.0,,0.19543942063026032
lipid,C30H52O3Si,30,52,3,0,0,0,1.7333333333333334,0.1,0.0,0.0,0.0,,0.19543942063026032
lipid,C31H52O4,31,52,4,0,0,0,1.6774193548387097,0.12903225806451613,0.0,0.0,0.0,,0.19543942063026032
lipid,C31H48O4,31,48,4,0,0,0,1.5483870967741935,0.12903225806451613,0.0,0.0,0.0,,0.19543942063026032
lipid,C32H48O3,32,48,3,0,0,0,1.5,0.09375,0.0,0.0,0.0,,0.19543942063026032
lipid,C27H32F6O2,27,32,2,0,0,0,1.1851851851851851,0.07407407407407407,0.0,0.0,0.0,,0.19543942063026032
lipid,C32H54O4,32,54,4,0,0,0,1.6875,0.125,0.0,0.0,0.0,,0.19543942063026032
lipid,C26H45NO7S,26,45,7,1,1,0,1.7307692307692308,0.2692307692307692,0.038461538461538464,0.038461538461538464,0.0,inf,0.19543942063026032
lipid,C29H40O8,29,40,8,0,0,0,1.3793103448275863,0.27586206896551724,0.0,0.0,0.0,,0.19543942063026032
lipid,C30H44O7,30,44,7,0,0,0,1.4666666666666666,0.23333333333333334,0.0,0.0,0.0,,0.19543942063026032
lipid,C27H48O9,27,48,9,0,0,0,1.7777777777777777,0.3333333333333333,0.0,0.0,0.0,,0.19543942063026032
lipid,C33H56O4,33,56,4,0,0,0,1.696969696969697,0.12121212121212122,0.0,0.0,0.0,,0.19543942063026032
lipid,C27H32F6O3,27,32,3,0,0,0,1.1851851851851851,0.1111111111111111,0.0,0.0,0.0,,0.19543942063026032
lipid,C30H46O7,30,46,7,0,0,0,1.5333333333333334,0.23333333333333334,0.0,0.0,0.0,,0.19543942063026032
lipid,C27H46O7S,27,46,7,0,1,0,1.7037037037037037,0.25925925925925924,0.0,0.037037037037037035,0.0,,0.19543942063026032
lipid,C32H54O5,32,54,5,0,0,0,1.6875,0.15625,0.0,0.0,0.0,,0.19543942063026032
lipid,C28H37ClO7,28,37,7,0,0,0,1.3214285714285714,0.25,0.0,0.0,0.0,,0.19543942063026032
lipid,C27H34F6O3,27,34,3,0,0,0,1.2592592592592593,0.1111111111111111,0.0,0.0,0.0,,0.19543942063026032
lipid,C29H45BrO3,29,45,3,0,0,0,1.5517241379310345,0.10344827586206896,0.0,0.0,0.0,,0.19543942063026032
lipid,C28H40O9,28,40,9,0,0,0,1.4285714285714286,0.32142857142857145,0.0,0.0,0.0,,0.19543942063026032
lipid,C28H38F6O2,28,38,2,0,0,0,1.3571428571428572,0.07142857142857142,0.0,0.0,0.0,,0.19543942063026032
lipid,C29H44O8,29,44,8,0,0,0,1.5172413793103448,0.27586206896551724,0.0,0.0,0.0,,0.19543942063026032
lipid,C30H48O7,30,48,7,0,0,0,1.6,0.23333333333333334,0.0,0.0,0.0,,0.19543942063026032
lipid,C27H31F7O2,27,31,2,0,0,0,1.1481481481481481,0.07407407407407407,0.0,0.0,0.0,,0.19543942063026032
lipid,C28H38O8,28,38,8,0,0,0,1.3571428571428572,0.2857142857142857,0.0,0.0,0.0,,0.19543942063026032
lipid,C32H55N3O2,32,55,2,3,0,0,1.71875,0.0625,0.09375,0.0,0.0,inf,0.19543942063026032
lipid,C32H48O5,32,48,5,0,0,0,1.5,0.15625,0.0,0.0,0.0,,0.19543942063026032
lipid,C27H34F6O2,27,34,2,0,0,0,1.2592592592592593,0.07407407407407407,0.0,0.0,0.0,,0.19543942063026032
lipid,C28H40O8,28,40,8,0,0,0,1.4285714285714286,0.2857142857142857,0.0,0.0,0.0,,0.19543942063026032
lipid,C31H52O5,31,52,5,0,0,0,1.6774193548387097,0.16129032258064516,0.0,0.0,0.0,,0.19543942063026032
lipid,C26H32F6O3,26,32,3,0,0,0,1.2307692307692308,0.11538461538461539,0.0,0.0,0.0,,0.19543942063026032
lipid,C27H38O9,27,38,9,0,0,0,1.4074074074074074,0.3333333333333333,0.0,0.0,0.0,,0.19543942063026032
lipid,C27H36F6O2,27,36,2,0,0,0,1.3333333333333333,0.07407407407407407,0.0,0.0,0.0,,0.19543942063026032
lipid,C28H42O6S,28,42,6,0,1,0,1.5,0.21428571428571427,0.0,0.03571428571428571,0.0,,0.19543942063026032
lipid,C26H43NO7S,26,43,7,1,1,0,1.6538461538461537,0.2692307692307692,0.038461538461538464,0.038461538461538464,0.0,inf,0.19543942063026032
lipid,C29H46O7,29,46,7,0,0,0,1.5862068965517242,0.2413793103448276,0.0,0.0,0.0,,0.19543942063026032
lipid,C27H38F6O2,27,38,2,0,0,0,1.4074074074074074,0.07407407407407407,0.0,0.0,0.0,,0.19543942063026032
lipid,C29H48O7,29,48,7,0,0,0,1.6551724137931034,0.2413793103448276,0.0,0.0,0.0,,0.19543942063026032
lipid,C30H52O6,30,52,6,0,0,0,1.7333333333333334,0.2,0.0,0.0,0.0,,0.19543942063026032
lipid,C32H46O5,32,46,5,0,0,0,1.4375,0.15625,0.0,0.0,0.0,,0.19543942063026032
lipid,C33H50O4,33,50,4,0,0,0,1.5151515151515151,0.12121212121212122,0.0,0.0,0.0,,0.19543942063026032
lipid,C27H44O7S,27,44,7,0,1,0,1.6296296296296295,0.25925925925925924,0.0,0.037037037037037035,0.0,,0.19543942063026032
lipid,C27H44O9,27,44,9,0,0,0,1.6296296296296295,0.3333333333333333,0.0,0.0,0.0,,0.19543942063026032
lipid,C31H54O5,31,54,5,0,0,0,1.7419354838709677,0.16129032258064516,0.0,0.0,0.0,,0.19543942063026032
lipid,C28H48O6,28,48,6,0,0,0,1.7142857142857142,0.21428571428571427,0.0,0.0,0.0,,0.19543942063026032
lipid,C29H46F2O3,29,46,3,0,0,0,1.5862068965517242,0.10344827586206896,0.0,0.0,0.0,,0.19543942063026032
lipid,C31H44O4,31,44,4,0,0,0,1.4193548387096775,0.12903225806451613,0.0,0.0,0.0,,0.19543942063026032
lipid,C31H50O2,31,50,2,0,0,0,1.6129032258064515,0.06451612903225806,0.0,0.0,0.0,,0.19543942063026032
lipid,C32H54O,32,54,1,0,0,0,1.6875,0.03125,0.0,0.0,0.0,,0.19543942063026032
lipid,C29H45NO3,29,45,3,1,0,0,1.5517241379310345,0.10344827586206896,0.034482758620689655,0.0,0.0,inf,0.19543942063026032
lipid,C24H40O6S,24,40,6,0,1,0,1.6666666666666667,0.25,0.0,0.041666666666666664,0.0,,0.19543942063026032
lipid,C28H40O5,28,40,5,0,0,0,1.4285714285714286,0.17857142857142858,0.0,0.0,0.0,,0.19543942063026032
lipid,C26H42F2O4,26,42,4,0,0,0,1.6153846153846154,0.15384615384615385,0.0,0.0,0.0,,0.19543942063026032
lipid,C29H44O4,29,44,4,0,0,0,1.5172413793103448,0.13793103448275862,0.0,0.0,0.0,,0.19543942063026032
lipid,C26H46O6,26,46,6,0,0,0,1.7692307692307692,0.23076923076923078,0.0,0.0,0.0,,0.19543942063026032
lipid,C30H51NO2,30,51,2,1,0,0,1.7,0.06666666666666667,0.03333333333333333,0.0,0.0,inf,0.19543942063026032
lipid,C27H40O6,27,40,6,0,0,0,1.4814814814814814,0.2222222222222222,0.0,0.0,0.0,,0.19543942063026032
lipid,C28H44O3S,28,44,3,0,1,0,1.5714285714285714,0.10714285714285714,0.0,0.03571428571428571,0.0,,0.19543942063026032
lipid,C28H44O5,28,44,5,0,0,0,1.5714285714285714,0.17857142857142858,0.0,0.0,0.0,,0.19543942063026032
lipid,C29H48O4,29,48,4,0,0,0,1.6551724137931034,0.13793103448275862,0.0,0.0,0.0,,0.19543942063026032
lipid,C25H34O8,25,34,8,0,0,0,1.36,0.32,0.0,0.0,0.0,,0.19543942063026032
lipid,C27H42O6,27,42,6,0,0,0,1.5555555555555556,0.2222222222222222,0.0,0.0,0.0,,0.19543942063026032
lipid,C28H46O3S,28,46,3,0,1,0,1.6428571428571428,0.10714285714285714,0.0,0.03571428571428571,0.0,,0.19543942063026032
lipid,C29H46O4,29,46,4,0,0,0,1.5862068965517242,0.13793103448275862,0.0,0.0,0.0,,0.19543942063026032
lipid,C28H46O5,28,46,5,0,0,0,1.6428571428571428,0.17857142857142858,0.0,0.0,0.0,,0.19543942063026032
lipid,C27H41F3O2,27,41,2,0,0,0,1.5185185185185186,0.07407407407407407,0.0,0.0,0.0,,0.19543942063026032
lipid,C27H48O5,27,48,5,0,0,0,1.7777777777777777,0.18518518518518517,0.0,0.0,0.0,,0.19543942063026032
lipid,C28H46O4,28,46,4,0,0,0,1.6428571428571428,0.14285714285714285,0.0,0.0,0.0,,0.19543942063026032
lipid,C29H50O3,29,50,3,0,0,0,1.7241379310344827,0.10344827586206896,0.0,0.0,0.0,,0.19543942063026032
lipid,C24H32O8,24,32,8,0,0,0,1.3333333333333333,0.3333333333333333,0.0,0.0,0.0,,0.19543942063026032
lipid,C27H44O3S,27,44,3,0,1,0,1.6296296296296295,0.1111111111111111,0.0,0.037037037037037035,0.0,,0.19543942063026032
lipid,C27H44O5,27,44,5,0,0,0,1.6296296296296295,0.18518518518518517,0.0,0.0,0.0,,0.19543942063026032
lipid,C28H45FO3,28,45,3,0,0,0,1.6071428571428572,0.10714285714285714,0.0,0.0,0.0,,0.19543942063026032
lipid,C28H48O4,28,48,4,0,0,0,1.7142857142857142,0.14285714285714285,0.0,0.0,0.0,,0.19543942063026032
lipid,C28H38O5,28,38,5,0,0,0,1.3571428571428572,0.17857142857142858,0.0,0.0,0.0,,0.19543942063026032
lipid,C29H52O3,29,52,3,0,0,0,1.793103448275862,0.10344827586206896,0.0,0.0,0.0,,0.19543942063026032
lipid,C26H43O4P,26,43,4,0,0,1,1.6538461538461537,0.15384615384615385,0.0,0.0,0.038461538461538464,0.0,0.19543942063026032
lipid,C27H43ClO3,27,43,3,0,0,0,1.5925925925925926,0.1111111111111111,0.0,0.0,0.0,,0.19543942063026032
lipid,C27H46O5,27,46,5,0,0,0,1.7037037037037037,0.18518518518518517,0.0,0.0,0.0,,0.19543942063026032
lipid,C28H50O4,28,50,4,0,0,0,1.7857142857142858,0.14285714285714285,0.0,0.0,0.0,,0.19543942063026032
lipid,C29H40O4,29,40,4,0,0,0,1.3793103448275863,0.13793103448275862,0.0,0.0,0.0,,0.19543942063026032
lipid,C27H42F2O3,27,42,3,0,0,0,1.5555555555555556,0.1111111111111111,0.0,0.0,0.0,,0.19543942063026032
lipid,C30H44O3,30,44,3,0,0,0,1.4666666666666666,0.1,0.0,0.0,0.0,,0.19543942063026032
lipid,C26H43NO5,26,43,5,1,0,0,1.6538461538461537,0.19230769230769232,0.038461538461538464,0.0,0.0,inf,0.19543942063026032
lipid,C29H50O4,29,50,4,0,0,0,1.7241379310344827,0.13793103448275862,0.0,0.0,0.0,,0.19543942063026032
lipid,C24H32O9,24,32,9,0,0,0,1.3333333333333333,0.375,0.0,0.0,0.0,,0.19543942063026032
lipid,C25H36O8,25,36,8,0,0,0,1.44,0.32,0.0,0.0,0.0,,0.19543942063026032
lipid,C24H40O7S,24,40,7,0,1,0,1.6666666666666667,0.2916666666666667,0.0,0.041666666666666664,0.0,,0.19543942063026032
lipid,C31H52O3,31,52,3,0,0,0,1.6774193548387097,0.0967741935483871,0.0,0.0,0.0,,0.19543942063026032
lipid,C24H42O7S,24,42,7,0,1,0,1.75,0.2916666666666667,0.0,0.041666666666666664,0.0,,0.19543942063026032
lipid,C32H42O3,32,42,3,0,0,0,1.3125,0.09375,0.0,0.0,0.0,,0.19543942063026032
lipid,C29H46O5,29,46,5,0,0,0,1.5862068965517242,0.1724137931034483,0.0,0.0,0.0,,0.19543942063026032
lipid,C30H50O4,30,50,4,0,0,0,1.6666666666666667,0.13333333333333333,0.0,0.0,0.0,,0.19543942063026032
lipid,C25H32O9,25,32,9,0,0,0,1.28,0.36,0.0,0.0,0.0,,0.19543942063026032
lipid,C29H42O5,29,42,5,0,0,0,1.4482758620689655,0.1724137931034483,0.0,0.0,0.0,,0.19543942063026032
lipid,C32H44O3,32,44,3,0,0,0,1.375,0.09375,0.0,0.0,0.0,,0.19543942063026032
lipid,C29H48O5,29,48,5,0,0,0,1.6551724137931034,0.1724137931034483,0.0,0.0,0.0,,0.19543942063026032
lipid,C25H34O9,25,34,9,0,0,0,1.36,0.36,0.0,0.0,0.0,,0.19543942063026032
lipid,C28H46O4S,28,46,4,0,1,0,1.6428571428571428,0.14285714285714285,0.0,0.03571428571428571,0.0,,0.19543942063026032
lipid,C29H50O5,29,50,5,0,0,0,1.7241379310344827,0.1724137931034483,0.0,0.0,0.0,,0.19543942063026032
lipid,C25H36O9,25,36,9,0,0,0,1.44,0.36,0.0,0.0,0.0,,0.19543942063026032
lipid,C27H44O5S,27,44,5,0,1,0,1.6296296296296295,0.18518518518518517,0.0,0.037037037037037035,0.0,,0.19543942063026032
lipid,C27H44O7,27,44,7,0,0,0,1.6296296296296295,0.25925925925925924,0.0,0.0,0.0,,0.19543942063026032
lipid,C29H48O3S,29,48,3,0,1,0,1.6551724137931034,0.10344827586206896,0.0,0.034482758620689655,0.0,,0.19543942063026032
lipid,C27H41F3O3,27,41,3,0,0,0,1.5185185185185186,0.1111111111111111,0.0,0.0,0.0,,0.19543942063026032
lipid,C28H38O6,28,38,6,0,0,0,1.3571428571428572,0.21428571428571427,0.0,0.0,0.0,,0.19543942063026032
lipid,C27H48O6,27,48,6,0,0,0,1.7777777777777777,0.2222222222222222,0.0,0.0,0.0,,0.19543942063026032
lipid,C27H44O4S,27,44,4,0,1,0,1.6296296296296295,0.14814814814814814,0.0,0.037037037037037035,0.0,,0.19543942063026032
lipid,C28H45ClO3,28,45,3,0,0,0,1.6071428571428572,0.10714285714285714,0.0,0.0,0.0,,0.19543942063026032
lipid,C27H44O6,27,44,6,0,0,0,1.6296296296296295,0.2222222222222222,0.0,0.0,0.0,,0.19543942063026032
lipid,C31H44O3,31,44,3,0,0,0,1.4193548387096775,0.0967741935483871,0.0,0.0,0.0,,0.19543942063026032
lipid,C29H46F2O2,29,46,2,0,0,0,1.5862068965517242,0.06896551724137931,0.0,0.0,0.0,,0.19543942063026032
lipid,C28H48O5,28,48,5,0,0,0,1.7142857142857142,0.17857142857142858,0.0,0.0,0.0,,0.19543942063026032
lipid,C26H43NO6,26,43,6,1,0,0,1.6538461538461537,0.23076923076923078,0.038461538461538464,0.0,0.0,inf,0.19543942063026032
lipid,C25H38O8,25,38,8,0,0,0,1.52,0.32,0.0,0.0,0.0,,0.19543942063026032
lipid,C29H38O5,29,38,5,0,0,0,1.3103448275862069,0.1724137931034483,0.0,0.0,0.0,,0.19543942063026032
lipid,C26H43O5P,26,43,5,0,0,1,1.6538461538461537,0.19230769230769232,0.0,0.0,0.038461538461538464,0.0,0.19543942063026032
lipid,C28H41F3O2,28,41,2,0,0,0,1.4642857142857142,0.07142857142857142,0.0,0.0,0.0,,0.19543942063026032
lipid,C27H46O4S,27,46,4,0,1,0,1.7037037037037037,0.14814814814814814,0.0,0.037037037037037035,0.0,,0.19543942063026032
lipid,C28H44F2O3,28,44,3,0,0,0,1.5714285714285714,0.10714285714285714,0.0,0.0,0.0,,0.19543942063026032
lipid,C27H46O6,27,46,6,0,0,0,1.7037037037037037,0.2222222222222222,0.0,0.0,0.0,,0.19543942063026032
lipid,C28H50O5,28,50,5,0,0,0,1.7857142857142858,0.17857142857142858,0.0,0.0,0.0,,0.19543942063026032
lipid,C27H39F3O3,27,39,3,0,0,0,1.4444444444444444,0.1111111111111111,0.0,0.0,0.0,,0.19543942063026032
lipid,C27H42F2O4,27,42,4,0,0,0,1.5555555555555556,0.14814814814814814,0.0,0.0,0.0,,0.19543942063026032
lipid,C32H63NO6S,32,63,6,1,1,0,1.96875,0.1875,0.03125,0.03125,0.0,inf,0.19543942063026032
lipid,C32H64NO6P,32,64,6,1,0,1,2.0,0.1875,0.03125,0.0,0.03125,1.0,0.19543942063026032
lipid,C33H67NO5S,33,67,5,1,1,0,2.0303030303030303,0.15151515151515152,0.030303030303030304,0.030303030303030304,0.0,inf,0.19543942063026032
lipid,C37H67NO4,37,67,4,1,0,0,1.8108108108108107,0.10810810810810811,0.02702702702702703,0.0,0.0,inf,0.19543942063026032
lipid,C26H32O4,26,32,4,0,0,0,1.2307692307692308,0.15384615384615385,0.0,0.0,0.0,,0.19543942063026032
lipid,C30H48,30,48,0,0,0,0,1.6,0.0,0.0,0.0,0.0,,0.19543942063026032
lipid,C16H21BrCl2O3,16,21,3,0,0,0,1.3125,0.1875,0.0,0.0,0.0,,0.19543942063026032
lipid,C22H34O7,22,34,7,0,0,0,1.5454545454545454,0.3181818181818182,0.0,0.0,0.0,,0.19543942063026032
lipid,C27H38O3,27,38,3,0,0,0,1.4074074074074074,0.1111111111111111,0.0,0.0,0.0,,0.19543942063026032
lipid,C48H80NO8P,48,80,8,1,0,1,1.6666666666666667,0.16666666666666666,0.020833333333333332,0.0,0.020833333333333332,1.0,0.19543942063026032
lipid,C30H52,30,52,0,0,0,0,1.7333333333333334,0.0,0.0,0.0,0.0,,0.19543942063026032
lipid,C20H24O9,20,24,9,0,0,0,1.2,0.45,0.0,0.0,0.0,,0.19543942063026032
lipid,C30H54,30,54,0,0,0,0,1.8,0.0,0.0,0.0,0.0,,0.19543942063026032
lipid,C25H36O5,25,36,5,0,0,0,1.44,0.2,0.0,0.0,0.0,,0.19543942063026032
lipid,C30H42O,30,42,1,0,0,0,1.4,0.03333333333333333,0.0,0.0,0.0,,0.19543942063026032
lipid,C18H28O11,18,28,11,0,0,0,1.5555555555555556,0.6111111111111112,0.0,0.0,0.0,,0.19543942063026032
lipid,C22H30O8,22,30,8,0,0,0,1.3636363636363635,0.36363636363636365,0.0,0.0,0.0,,0.19543942063026032
lipid,C25H42O5,25,42,5,0,0,0,1.68,0.2,0.0,0.0,0.0,,0.19543942063026032
lipid,C20H24O10,20,24,10,0,0,0,1.2,0.5,0.0,0.0,0.0,,0.19543942063026032
lipid,C29H44O2,29,44,2,0,0,0,1.5172413793103448,0.06896551724137931,0.0,0.0,0.0,,0.19543942063026032
lipid,C24H32O6,24,32,6,0,0,0,1.3333333333333333,0.25,0.0,0.0,0.0,,0.19543942063026032
lipid,C31H52,31,52,0,0,0,0,1.6774193548387097,0.0,0.0,0.0,0.0,,0.19543942063026032
lipid,C16H19BrCl2O3,16,19,3,0,0,0,1.1875,0.1875,0.0,0.0,0.0,,0.19543942063026032
lipid,C22H30O7,22,30,7,0,0,0,1.3636363636363635,0.3181818181818182,0.0,0.0,0.0,,0.19543942063026032
lipid,C20H33BrO2,20,33,2,0,0,0,1.65,0.1,0.0,0.0,0.0,,0.19543942063026032
lipid,C17H24O10,17,24,10,0,0,0,1.411764705882353,0.5882352941176471,0.0,0.0,0.0,,0.19543942063026032
lipid,C22H28O6,22,28,6,0,0,0,1.2727272727272727,0.2727272727272727,0.0,0.0,0.0,,0.19543942063026032
lipid,C25H40O3,25,40,3,0,0,0,1.6,0.12,0.0,0.0,0.0,,0.19543942063026032
lipid,C16H22O11,16,22,11,0,0,0,1.375,0.6875,0.0,0.0,0.0,,0.19543942063026032
lipid,C17H26O10,17,26,10,0,0,0,1.5294117647058822,0.5882352941176471,0.0,0.0,0.0,,0.19543942063026032
lipid,C22H30O6,22,30,6,0,0,0,1.3636363636363635,0.2727272727272727,0.0,0.0,0.0,,0.19543942063026032
lipid,C30H46,30,46,0,0,0,0,1.5333333333333334,0.0,0.0,0.0,0.0,,0.19543942063026032
lipid,C20H26O8,20,26,8,0,0,0,1.3,0.4,0.0,0.0,0.0,,0.19543942063026032
lipid,C27H40O2,27,40,2,0,0,0,1.4814814814814814,0.07407407407407407,0.0,0.0,0.0,,0.19543942063026032
lipid,C25H36O4,25,36,4,0,0,0,1.44,0.16,0.0,0.0,0.0,,0.19543942063026032
lipid,C30H40,30,40,0,0,0,0,1.3333333333333333,0.0,0.0,0.0,0.0,,0.19543942063026032
lipid,C30H42,30,42,0,0,0,0,1.4,0.0,0.0,0.0,0.0,,0.19543942063026032
lipid,C23H32O6,23,32,6,0,0,0,1.391304347826087,0.2608695652173913,0.0,0.0,0.0,,0.19543942063026032
lipid,C30H44,30,44,0,0,0,0,1.4666666666666666,0.0,0.0,0.0,0.0,,0.19543942063026032
lipid,C17H26O11,17,26,11,0,0,0,1.5294117647058822,0.6470588235294118,0.0,0.0,0.0,,0.19543942063026032
lipid,C25H30O4,25,30,4,0,0,0,1.2,0.16,0.0,0.0,0.0,,0.19543942063026032
lipid,C25H34O3,25,34,3,0,0,0,1.36,0.12,0.0,0.0,0.0,,0.19543942063026032
lipid,C21H30O9,21,30,9,0,0,0,1.4285714285714286,0.42857142857142855,0.0,0.0,0.0,,0.19543942063026032
lipid,C30H52O,30,52,1,0,0,0,1.7333333333333334,0.03333333333333333,0.0,0.0,0.0,,0.19543942063026032
lipid,C30H50O3,30,50,3,0,0,0,1.6666666666666667,0.1,0.0,0.0,0.0,,0.19543942063026032
lipid,C30H52O3,30,52,3,0,0,0,1.7333333333333334,0.1,0.0,0.0,0.0,,0.19543942063026032
lipid,C20H32Br2O2,20,32,2,0,0,0,1.6,0.1,0.0,0.0,0.0,,0.19543942063026032
lipid,C15H29O10P3,15,29,10,0,0,3,1.9333333333333333,0.6666666666666666,0.0,0.0,0.2,0.0,0.19543942063026032
lipid,C29H36O5,29,36,5,0,0,0,1.2413793103448276,0.1724137931034483,0.0,0.0,0.0,,0.19543942063026032
lipid,C31H46O3,31,46,3,0,0,0,1.4838709677419355,0.0967741935483871,0.0,0.0,0.0,,0.19543942063026032
lipid,C35H46,35,46,0,0,0,0,1.3142857142857143,0.0,0.0,0.0,0.0,,0.19543942063026032
lipid,C26H34O7,26,34,7,0,0,0,1.3076923076923077,0.2692307692307692,0.0,0.0,0.0,,0.19543942063026032
lipid,C34H58,34,58,0,0,0,0,1.7058823529411764,0.0,0.0,0.0,0.0,,0.19543942063026032
lipid,C31H48O3,31,48,3,0,0,0,1.5483870967741935,0.0967741935483871,0.0,0.0,0.0,,0.19543942063026032
lipid,C30H46O4,30,46,4,0,0,0,1.5333333333333334,0.13333333333333333,0.0,0.0,0.0,,0.19543942063026032
lipid,C31H50O3,31,50,3,0,0,0,1.6129032258064515,0.0967741935483871,0.0,0.0,0.0,,0.19543942063026032
lipid,C30H48O4,30,48,4,0,0,0,1.6,0.13333333333333333,0.0,0.0,0.0,,0.19543942063026032
lipid,C26H36O8,26,36,8,0,0,0,1.3846153846153846,0.3076923076923077,0.0,0.0,0.0,,0.19543942063026032
lipid,C28H44O6,28,44,6,0,0,0,1.5714285714285714,0.21428571428571427,0.0,0.0,0.0,,0.19543942063026032
lipid,C29H36O6,29,36,6,0,0,0,1.2413793103448276,0.20689655172413793,0.0,0.0,0.0,,0.19543942063026032
lipid,C30H44O4,30,44,4,0,0,0,1.4666666666666666,0.13333333333333333,0.0,0.0,0.0,,0.19543942063026032
lipid,C30H50O,30,50,1,0,0,0,1.6666666666666667,0.03333333333333333,0.0,0.0,0.0,,0.19543942063026032
lipid,C32H56O,32,56,1,0,0,0,1.75,0.03125,0.0,0.0,0.0,,0.19543942063026032
lipid,C30H48O3,30,48,3,0,0,0,1.6,0.1,0.0,0.0,0.0,,0.19543942063026032
lipid,C25H40O6,25,40,6,0,0,0,1.6,0.24,0.0,0.0,0.0,,0.19543942063026032
lipid,C24H38O7,24,38,7,0,0,0,1.5833333333333333,0.2916666666666667,0.0,0.0,0.0,,0.19543942063026032
lipid,C25H42O6,25,42,6,0,0,0,1.68,0.24,0.0,0.0,0.0,,0.19543942063026032
lipid,C20H24O11,20,24,11,0,0,0,1.2,0.55,0.0,0.0,0.0,,0.19543942063026032
lipid,C25H45O4P,25,45,4,0,0,1,1.8,0.16,0.0,0.0,0.04,0.0,0.19543942063026032
lipid,C29H44O3,29,44,3,0,0,0,1.5172413793103448,0.10344827586206896,0.0,0.0,0.0,,0.19543942063026032
lipid,C31H54O,31,54,1,0,0,0,1.7419354838709677,0.03225806451612903,0.0,0.0,0.0,,0.19543942063026032
lipid,C31H52O2,31,52,2,0,0,0,1.6774193548387097,0.06451612903225806,0.0,0.0,0.0,,0.19543942063026032
lipid,C21H32O10,21,32,10,0,0,0,1.5238095238095237,0.47619047619047616,0.0,0.0,0.0,,0.19543942063026032
lipid,C23H30O9,23,30,9,0,0,0,1.3043478260869565,0.391304347826087,0.0,0.0,0.0,,0.19543942063026032
lipid,C20H36O7P2,20,36,7,0,0,2,1.8,0.35,0.0,0.0,0.1,0.0,0.19543942063026032
lipid,C31H46O2,31,46,2,0,0,0,1.4838709677419355,0.06451612903225806,0.0,0.0,0.0,,0.19543942063026032
lipid,C31H48O2,31,48,2,0,0,0,1.5483870967741935,0.06451612903225806,0.0,0.0,0.0,,0.19543942063026032
lipid,C29H42O4,29,42,4,0,0,0,1.4482758620689655,0.13793103448275862,0.0,0.0,0.0,,0.19543942063026032
lipid,C30H46O3,30,46,3,0,0,0,1.5333333333333334,0.1,0.0,0.0,0.0,,0.19543942063026032
lipid,C20H42O7P2,20,42,7,0,0,2,2.1,0.35,0.0,0.0,0.1,0.0,0.19543942063026032
lipid,C27H40O5,27,40,5,0,0,0,1.4814814814814814,0.18518518518518517,0.0,0.0,0.0,,0.19543942063026032
lipid,C30H46O5,30,46,5,0,0,0,1.5333333333333334,0.16666666666666666,0.0,0.0,0.0,,0.19543942063026032
lipid,C15H28O7P2,15,28,7,0,0,2,1.8666666666666667,0.4666666666666667,0.0,0.0,0.13333333333333333,0.0,0.19543942063026032
lipid,C20H26O7,20,26,7,0,0,0,1.3,0.35,0.0,0.0,0.0,,0.19543942063026032
lipid,C20H30,20,30,0,0,0,0,1.5,0.0,0.0,0.0,0.0,,0.19543942063026032
lipid,C20H32,20,32,0,0,0,0,1.6,0.0,0.0,0.0,0.0,,0.19543942063026032
lipid,C17H22O3,17,22,3,0,0,0,1.2941176470588236,0.17647058823529413,0.0,0.0,0.0,,0.19543942063026032
lipid,C19H30O,19,30,1,0,0,0,1.5789473684210527,0.05263157894736842,0.0,0.0,0.0,,0.19543942063026032
lipid,C19H32O,19,32,1,0,0,0,1.6842105263157894,0.05263157894736842,0.0,0.0,0.0,,0.19543942063026032
lipid,C16H22O4,16,22,4,0,0,0,1.375,0.25,0.0,0.0,0.0,,0.19543942063026032
lipid,C15H20O5,15,20,5,0,0,0,1.3333333333333333,0.3333333333333333,0.0,0.0,0.0,,0.19543942063026032
lipid,C15H20O4,15,20,4,0,0,0,1.3333333333333333,0.26666666666666666,0.0,0.0,0.0,,0.19543942063026032
lipid,C20H26O,20,26,1,0,0,0,1.3,0.05,0.0,0.0,0.0,,0.19543942063026032
lipid,C20H30O,20,30,1,0,0,0,1.5,0.05,0.0,0.0,0.0,,0.19543942063026032
lipid,C15H16O6,15,16,6,0,0,0,1.0666666666666667,0.4,0.0,0.0,0.0,,0.19543942063026032
lipid,C15H21BrO,15,21,1,0,0,0,1.4,0.06666666666666667,0.0,0.0,0.0,,0.19543942063026032
lipid,C15H20O6,15,20,6,0,0,0,1.3333333333333333,0.4,0.0,0.0,0.0,,0.19543942063026032
lipid,C17H28O4,17,28,4,0,0,0,1.6470588235294117,0.23529411764705882,0.0,0.0,0.0,,0.19543942063026032
lipid,C21H28O,21,28,1,0,0,0,1.3333333333333333,0.047619047619047616,0.0,0.0,0.0,,0.19543942063026032
lipid,C20H26O2,20,26,2,0,0,0,1.3,0.1,0.0,0.0,0.0,,0.19543942063026032
lipid,C20H28O,20,28,1,0,0,0,1.4,0.05,0.0,0.0,0.0,,0.19543942063026032
lipid,C19H26O3,19,26,3,0,0,0,1.368421052631579,0.15789473684210525,0.0,0.0,0.0,,0.19543942063026032
lipid,C16H22O3,16,22,3,0,0,0,1.375,0.1875,0.0,0.0,0.0,,0.19543942063026032
lipid,C5H12O8P2,5,12,8,0,0,2,2.4,1.6,0.0,0.0,0.4,0.0,0.19543942063026032
lipid,C56H106O13,56,106,13,0,0,0,1.8928571428571428,0.23214285714285715,0.0,0.0,0.0,,0.19543942063026032
lipid,C55H104O14,55,104,14,0,0,0,1.8909090909090909,0.2545454545454545,0.0,0.0,0.0,,0.19543942063026032
lipid,C10H14,10,14,0,0,0,0,1.4,0.0,0.0,0.0,0.0,,0.19543942063026032
lipid,C14H16,14,16,0,0,0,0,1.1428571428571428,0.0,0.0,0.0,0.0,,0.19543942063026032
lipid,C13H18O,13,18,1,0,0,0,1.3846153846153846,0.07692307692307693,0.0,0.0,0.0,,0.19543942063026032
lipid,C15H22,15,22,0,0,0,0,1.4666666666666666,0.0,0.0,0.0,0.0,,0.19543942063026032
lipid,C15H18O,15,18,1,0,0,0,1.2,0.06666666666666667,0.0,0.0,0.0,,0.19543942063026032
lipid,C15H18O4,15,18,4,0,0,0,1.2,0.26666666666666666,0.0,0.0,0.0,,0.19543942063026032
lipid,C15H20O,15,20,1,0,0,0,1.3333333333333333,0.06666666666666667,0.0,0.0,0.0,,0.19543942063026032
lipid,C15H24O,15,24,1,0,0,0,1.6,0.06666666666666667,0.0,0.0,0.0,,0.19543942063026032
lipid,C13H18O3,13,18,3,0,0,0,1.3846153846153846,0.23076923076923078,0.0,0.0,0.0,,0.19543942063026032
lipid,C15H16O2,15,16,2,0,0,0,1.0666666666666667,0.13333333333333333,0.0,0.0,0.0,,0.19543942063026032
lipid,C5H12O7P2,5,12,7,0,0,2,2.4,1.4,0.0,0.0,0.4,0.0,0.19543942063026032
lipid,C15H18O3,15,18,3,0,0,0,1.2,0.2,0.0,0.0,0.0,,0.19543942063026032
lipid,C15H20O3,15,20,3,0,0,0,1.3333333333333333,0.2,0.0,0.0,0.0,,0.19543942063026032
lipid,C15H16O4,15,16,4,0,0,0,1.0666666666666667,0.26666666666666666,0.0,0.0,0.0,,0.19543942063026032
lipid,C16H24,16,24,0,0,0,0,1.5,0.0,0.0,0.0,0.0,,0.19543942063026032
lipid,C24H28O4,24,28,4,0,0,0,1.1666666666666667,0.16666666666666666,0.0,0.0,0.0,,0.19543942063026032
lipid,C17H22O5,17,22,5,0,0,0,1.2941176470588236,0.29411764705882354,0.0,0.0,0.0,,0.19543942063026032
lipid,C10H20O7P2,10,20,7,0,0,2,2.0,0.7,0.0,0.0,0.2,0.0,0.19543942063026032
lipid,C10H11BrCl4,10,11,0,0,0,0,1.1,0.0,0.0,0.0,0.0,,0.19543942063026032
lipid,C19H26O6,19,26,6,0,0,0,1.368421052631579,0.3157894736842105,0.0,0.0,0.0,,0.19543942063026032
lipid,C23H42O2,23,42,2,0,0,0,1.826086956521739,0.08695652173913043,0.0,0.0,0.0,,0.19543942063026032
lipid,C23H30O3,23,30,3,0,0,0,1.3043478260869565,0.13043478260869565,0.0,0.0,0.0,,0.19543942063026032
lipid,C16H20O9,16,20,9,0,0,0,1.25,0.5625,0.0,0.0,0.0,,0.19543942063026032
lipid,C25H40O,25,40,1,0,0,0,1.6,0.04,0.0,0.0,0.0,,0.19543942063026032
lipid,C19H20O7,19,20,7,0,0,0,1.0526315789473684,0.3684210526315789,0.0,0.0,0.0,,0.19543942063026032
lipid,C19H24O6,19,24,6,0,0,0,1.263157894736842,0.3157894736842105,0.0,0.0,0.0,,0.19543942063026032
lipid,C25H44O,25,44,1,0,0,0,1.76,0.04,0.0,0.0,0.0,,0.19543942063026032
lipid,C19H22O7,19,22,7,0,0,0,1.1578947368421053,0.3684210526315789,0.0,0.0,0.0,,0.19543942063026032
lipid,C20H26O6,20,26,6,0,0,0,1.3,0.3,0.0,0.0,0.0,,0.19543942063026032
lipid,C25H46O,25,46,1,0,0,0,1.84,0.04,0.0,0.0,0.0,,0.19543942063026032
lipid,C19H24O7,19,24,7,0,0,0,1.263157894736842,0.3684210526315789,0.0,0.0,0.0,,0.19543942063026032
lipid,C25H36O2,25,36,2,0,0,0,1.44,0.08,0.0,0.0,0.0,,0.19543942063026032
lipid,C17H26O9,17,26,9,0,0,0,1.5294117647058822,0.5294117647058824,0.0,0.0,0.0,,0.19543942063026032
lipid,C20H41O4P,20,41,4,0,0,1,2.05,0.2,0.0,0.0,0.05,0.0,0.19543942063026032
lipid,C15H22O10,15,22,10,0,0,0,1.4666666666666666,0.6666666666666666,0.0,0.0,0.0,,0.19543942063026032
lipid,C22H30O,22,30,1,0,0,0,1.3636363636363635,0.045454545454545456,0.0,0.0,0.0,,0.19543942063026032
lipid,C24H42O,24,42,1,0,0,0,1.75,0.041666666666666664,0.0,0.0,0.0,,0.19543942063026032
lipid,C19H22O6,19,22,6,0,0,0,1.1578947368421053,0.3157894736842105,0.0,0.0,0.0,,0.19543942063026032
lipid,C19H22O4,19,22,4,0,0,0,1.1578947368421053,0.21052631578947367,0.0,0.0,0.0,,0.19543942063026032
lipid,C21H30O2,21,30,2,0,0,0,1.4285714285714286,0.09523809523809523,0.0,0.0,0.0,,0.19543942063026032
lipid,C19H24O4,19,24,4,0,0,0,1.263157894736842,0.21052631578947367,0.0,0.0,0.0,,0.19543942063026032
lipid,C16H30O6,16,30,6,0,0,0,1.875,0.375,0.0,0.0,0.0,,0.19543942063026032
lipid,C23H32O,23,32,1,0,0,0,1.391304347826087,0.043478260869565216,0.0,0.0,0.0,,0.19543942063026032
lipid,C20H24O4,20,24,4,0,0,0,1.2,0.2,0.0,0.0,0.0,,0.19543942063026032
lipid,C19H22O5,19,22,5,0,0,0,1.1578947368421053,0.2631578947368421,0.0,0.0,0.0,,0.19543942063026032
lipid,C20H26O5,20,26,5,0,0,0,1.3,0.25,0.0,0.0,0.0,,0.19543942063026032
lipid,C21H30O3,21,30,3,0,0,0,1.4285714285714286,0.14285714285714285,0.0,0.0,0.0,,0.19543942063026032
lipid,C16H22Cl2O3,16,22,3,0,0,0,1.375,0.1875,0.0,0.0,0.0,,0.19543942063026032
lipid,C19H24O5,19,24,5,0,0,0,1.263157894736842,0.2631578947368421,0.0,0.0,0.0,,0.19543942063026032
lipid,C21H32O3,21,32,3,0,0,0,1.5238095238095237,0.14285714285714285,0.0,0.0,0.0,,0.19543942063026032
lipid,C19H20O6,19,20,6,0,0,0,1.0526315789473684,0.3157894736842105,0.0,0.0,0.0,,0.19543942063026032
lipid,C16H24O8,16,24,8,0,0,0,1.5,0.5,0.0,0.0,0.0,,0.19543942063026032
lipid,C25H44,25,44,0,0,0,0,1.76,0.0,0.0,0.0,0.0,,0.19543942063026032
lipid,C15H22O9,15,22,9,0,0,0,1.4666666666666666,0.6,0.0,0.0,0.0,,0.19543942063026032
lipid,C15H22BrClO,15,22,1,0,0,0,1.4666666666666666,0.06666666666666667,0.0,0.0,0.0,,0.19543942063026032
lipid,C32H54O3,32,54,3,0,0,0,1.6875,0.09375,0.0,0.0,0.0,,0.19543942063026032
lipid,C33H58O2,33,58,2,0,0,0,1.7575757575757576,0.06060606060606061,0.0,0.0,0.0,,0.19543942063026032
lipid,C30H48O5,30,48,5,0,0,0,1.6,0.16666666666666666,0.0,0.0,0.0,,0.19543942063026032
lipid,C37H64N2O6,37,64,6,2,0,0,1.7297297297297298,0.16216216216216217,0.05405405405405406,0.0,0.0,inf,0.19543942063026032
lipid,C45H80O,45,80,1,0,0,0,1.7777777777777777,0.022222222222222223,0.0,0.0,0.0,,0.19543942063026032
lipid,C34H50O12,34,50,12,0,0,0,1.4705882352941178,0.35294117647058826,0.0,0.0,0.0,,0.19543942063026032
lipid,C35H60O7P2,35,60,7,0,0,2,1.7142857142857142,0.2,0.0,0.0,0.05714285714285714,0.0,0.19543942063026032
lipid,C42H58O6,42,58,6,0,0,0,1.380952380952381,0.14285714285714285,0.0,0.0,0.0,,0.19543942063026032
lipid,C40H73N3O4,40,73,4,3,0,0,1.825,0.1,0.075,0.0,0.0,inf,0.19543942063026032
lipid,C41H56O7,41,56,7,0,0,0,1.3658536585365855,0.17073170731707318,0.0,0.0,0.0,,0.19543942063026032
lipid,C36H56O9,36,56,9,0,0,0,1.5555555555555556,0.25,0.0,0.0,0.0,,0.19543942063026032
lipid,C40H63N5O3,40,63,3,5,0,0,1.575,0.075,0.125,0.0,0.0,inf,0.19543942063026032
lipid,C50H72,50,72,0,0,0,0,1.44,0.0,0.0,0.0,0.0,,0.19543942063026032
lipid,C40H54O7S,40,54,7,0,1,0,1.35,0.175,0.0,0.025,0.0,,0.19543942063026032
lipid,C36H58O12,36,58,12,0,0,0,1.6111111111111112,0.3333333333333333,0.0,0.0,0.0,,0.19543942063026032
lipid,C50H82O,50,82,1,0,0,0,1.64,0.02,0.0,0.0,0.0,,0.19543942063026032
lipid,C40H55NaO7S,40,55,7,0,1,0,1.375,0.175,0.0,0.025,0.0,,0.19543942063026032
lipid,C50H70O2,50,70,2,0,0,0,1.4,0.04,0.0,0.0,0.0,,0.19543942063026032
lipid,C41H73NO8,41,73,8,1,0,0,1.7804878048780488,0.1951219512195122,0.024390243902439025,0.0,0.0,inf,0.19543942063026032
lipid,C40H56O6S,40,56,6,0,1,0,1.4,0.15,0.0,0.025,0.0,,0.19543942063026032
lipid,C46H64O6,46,64,6,0,0,0,1.391304347826087,0.13043478260869565,0.0,0.0,0.0,,0.19543942063026032
lipid,C39H50O7,39,50,7,0,0,0,1.2820512820512822,0.1794871794871795,0.0,0.0,0.0,,0.19543942063026032
lipid,C40H56O5,40,56,5,0,0,0,1.4,0.125,0.0,0.0,0.0,,0.19543942063026032
lipid,C40H50O4,40,50,4,0,0,0,1.25,0.1,0.0,0.0,0.0,,0.19543942063026032
lipid,C40H52O4,40,52,4,0,0,0,1.3,0.1,0.0,0.0,0.0,,0.19543942063026032
lipid,C41H56O3,41,56,3,0,0,0,1.3658536585365855,0.07317073170731707,0.0,0.0,0.0,,0.19543942063026032
lipid,C42H60O2,42,60,2,0,0,0,1.4285714285714286,0.047619047619047616,0.0,0.0,0.0,,0.19543942063026032
lipid,C40H54O4,40,54,4,0,0,0,1.35,0.1,0.0,0.0,0.0,,0.19543942063026032
lipid,C42H62O2,42,62,2,0,0,0,1.4761904761904763,0.047619047619047616,0.0,0.0,0.0,,0.19543942063026032
lipid,C27H36O15,27,36,15,0,0,0,1.3333333333333333,0.5555555555555556,0.0,0.0,0.0,,0.19543942063026032
lipid,C42H56O4,42,56,4,0,0,0,1.3333333333333333,0.09523809523809523,0.0,0.0,0.0,,0.19543942063026032
lipid,C40H56O4,40,56,4,0,0,0,1.4,0.1,0.0,0.0,0.0,,0.19543942063026032
lipid,C42H64O2,42,64,2,0,0,0,1.5238095238095237,0.047619047619047616,0.0,0.0,0.0,,0.19543942063026032
lipid,C31H55O9P,31,55,9,0,0,1,1.7741935483870968,0.2903225806451613,0.0,0.0,0.03225806451612903,0.0,0.19543942063026032
lipid,C42H58O3,42,58,3,0,0,0,1.380952380952381,0.07142857142857142,0.0,0.0,0.0,,0.19543942063026032
lipid,C39H48O6,39,48,6,0,0,0,1.2307692307692308,0.15384615384615385,0.0,0.0,0.0,,0.19543942063026032
lipid,C40H52O5,40,52,5,0,0,0,1.3,0.125,0.0,0.0,0.0,,0.19543942063026032
lipid,C40H54O5,40,54,5,0,0,0,1.35,0.125,0.0,0.0,0.0,,0.19543942063026032
lipid,C36H56O8,36,56,8,0,0,0,1.5555555555555556,0.2222222222222222,0.0,0.0,0.0,,0.19543942063026032
lipid,C41H60O3,41,60,3,0,0,0,1.4634146341463414,0.07317073170731707,0.0,0.0,0.0,,0.19543942063026032
lipid,C40H48O4,40,48,4,0,0,0,1.2,0.1,0.0,0.0,0.0,,0.19543942063026032
lipid,C40H53NaO8S,40,53,8,0,1,0,1.325,0.2,0.0,0.025,0.0,,0.19543942063026032
lipid,C51H74O2,51,74,2,0,0,0,1.4509803921568627,0.0392156862745098,0.0,0.0,0.0,,0.19543942063026032
lipid,C56H80O2,56,80,2,0,0,0,1.4285714285714286,0.03571428571428571,0.0,0.0,0.0,,0.19543942063026032
lipid,C56H82O2,56,82,2,0,0,0,1.4642857142857142,0.03571428571428571,0.0,0.0,0.0,,0.19543942063026032
lipid,C45H76O7P2,45,76,7,0,0,2,1.6888888888888889,0.15555555555555556,0.0,0.0,0.044444444444444446,0.0,0.19543942063026032
lipid,C42H64O14,42,64,14,0,0,0,1.5238095238095237,0.3333333333333333,0.0,0.0,0.0,,0.19543942063026032
lipid,C54H82O4,54,82,4,0,0,0,1.5185185185185186,0.07407407407407407,0.0,0.0,0.0,,0.19543942063026032
lipid,C43H66O14,43,66,14,0,0,0,1.5348837209302326,0.32558139534883723,0.0,0.0,0.0,,0.19543942063026032
lipid,C42H68O15,42,68,15,0,0,0,1.619047619047619,0.35714285714285715,0.0,0.0,0.0,,0.19543942063026032
lipid,C53H80O4,53,80,4,0,0,0,1.509433962264151,0.07547169811320754,0.0,0.0,0.0,,0.19543942063026032
lipid,C53H80O6,53,80,6,0,0,0,1.509433962264151,0.11320754716981132,0.0,0.0,0.0,,0.19543942063026032
lipid,C42H62O16,42,62,16,0,0,0,1.4761904761904763,0.38095238095238093,0.0,0.0,0.0,,0.19543942063026032
lipid,C54H80O6,54,80,6,0,0,0,1.4814814814814814,0.1111111111111111,0.0,0.0,0.0,,0.19543942063026032
lipid,C54H82O6,54,82,6,0,0,0,1.5185185185185186,0.1111111111111111,0.0,0.0,0.0,,0.19543942063026032
lipid,C58H88O3,58,88,3,0,0,0,1.5172413793103448,0.05172413793103448,0.0,0.0,0.0,,0.19543942063026032
lipid,C57H86O4,57,86,4,0,0,0,1.5087719298245614,0.07017543859649122,0.0,0.0,0.0,,0.19543942063026032
lipid,C55H91O4P,55,91,4,0,0,1,1.6545454545454545,0.07272727272727272,0.0,0.0,0.01818181818181818,0.0,0.19543942063026032
lipid,C58H88O4,58,88,4,0,0,0,1.5172413793103448,0.06896551724137931,0.0,0.0,0.0,,0.19543942063026032
lipid,C57H86O3,57,86,3,0,0,0,1.5087719298245614,0.05263157894736842,0.0,0.0,0.0,,0.19543942063026032
lipid,C46H68O6,46,68,6,0,0,0,1.4782608695652173,0.13043478260869565,0.0,0.0,0.0,,0.19543942063026032
lipid,C52H76O5,52,76,5,0,0,0,1.4615384615384615,0.09615384615384616,0.0,0.0,0.0,,0.19543942063026032
lipid,C48H68O8,48,68,8,0,0,0,1.4166666666666667,0.16666666666666666,0.0,0.0,0.0,,0.19543942063026032
lipid,C35H44O16,35,44,16,0,0,0,1.2571428571428571,0.45714285714285713,0.0,0.0,0.0,,0.19543942063026032
lipid,C40H68O7P2,40,68,7,0,0,2,1.7,0.175,0.0,0.0,0.05,0.0,0.19543942063026032
lipid,C41H73NO9,41,73,9,1,0,0,1.7804878048780488,0.21951219512195122,0.024390243902439025,0.0,0.0,inf,0.19543942063026032
lipid,C49H74O4,49,74,4,0,0,0,1.510204081632653,0.08163265306122448,0.0,0.0,0.0,,0.19543942063026032
lipid,C46H66O7,46,66,7,0,0,0,1.434782608695652,0.15217391304347827,0.0,0.0,0.0,,0.19543942063026032
lipid,C46H73N3O4,46,73,4,3,0,0,1.5869565217391304,0.08695652173913043,0.06521739130434782,0.0,0.0,inf,0.19543942063026032
lipid,C46H64O8,46,64,8,0,0,0,1.391304347826087,0.17391304347826086,0.0,0.0,0.0,,0.19543942063026032
lipid,C50H83O4P,50,83,4,0,0,1,1.66,0.08,0.0,0.0,0.02,0.0,0.19543942063026032
lipid,C46H66O8,46,66,8,0,0,0,1.434782608695652,0.17391304347826086,0.0,0.0,0.0,,0.19543942063026032
lipid,C42H75N3O8,42,75,8,3,0,0,1.7857142857142858,0.19047619047619047,0.07142857142857142,0.0,0.0,inf,0.19543942063026032
lipid,C53H82O2,53,82,2,0,0,0,1.5471698113207548,0.03773584905660377,0.0,0.0,0.0,,0.19543942063026032
lipid,C49H91NO4,49,91,4,1,0,0,1.8571428571428572,0.08163265306122448,0.02040816326530612,0.0,0.0,inf,0.19543942063026032
lipid,C46H62O9,46,62,9,0,0,0,1.3478260869565217,0.1956521739130435,0.0,0.0,0.0,,0.19543942063026032
lipid,C48H60O8,48,60,8,0,0,0,1.25,0.16666666666666666,0.0,0.0,0.0,,0.19543942063026032
lipid,C52H76O4,52,76,4,0,0,0,1.4615384615384615,0.07692307692307693,0.0,0.0,0.0,,0.19543942063026032
lipid,C55H90O,55,90,1,0,0,0,1.6363636363636365,0.01818181818181818,0.0,0.0,0.0,,0.19543942063026032
lipid,C53H80O2,53,80,2,0,0,0,1.509433962264151,0.03773584905660377,0.0,0.0,0.0,,0.19543942063026032
lipid,C39H58O4,39,58,4,0,0,0,1.4871794871794872,0.10256410256410256,0.0,0.0,0.0,,0.19543942063026032
lipid,C36H63NO5,36,63,5,1,0,0,1.75,0.1388888888888889,0.027777777777777776,0.0,0.0,inf,0.19543942063026032
lipid,C41H62O2,41,62,2,0,0,0,1.5121951219512195,0.04878048780487805,0.0,0.0,0.0,,0.19543942063026032
lipid,C40H52,40,52,0,0,0,0,1.3,0.0,0.0,0.0,0.0,,0.19543942063026032
lipid,C37H56O2,37,56,2,0,0,0,1.5135135135135136,0.05405405405405406,0.0,0.0,0.0,,0.19543942063026032
lipid,C40H54,40,54,0,0,0,0,1.35,0.0,0.0,0.0,0.0,,0.19543942063026032
lipid,C40H56,40,56,0,0,0,0,1.4,0.0,0.0,0.0,0.0,,0.19543942063026032
lipid,C40H58,40,58,0,0,0,0,1.45,0.0,0.0,0.0,0.0,,0.19543942063026032
lipid,C40H60,40,60,0,0,0,0,1.5,0.0,0.0,0.0,0.0,,0.19543942063026032
lipid,C25H34O13,25,34,13,0,0,0,1.36,0.52,0.0,0.0,0.0,,0.19543942063026032
lipid,C35H62O3,35,62,3,0,0,0,1.7714285714285714,0.08571428571428572,0.0,0.0,0.0,,0.19543942063026032
lipid,C35H58O4,35,58,4,0,0,0,1.6571428571428573,0.11428571428571428,0.0,0.0,0.0,,0.19543942063026032
lipid,C40H62,40,62,0,0,0,0,1.55,0.0,0.0,0.0,0.0,,0.19543942063026032
lipid,C35H60O4,35,60,4,0,0,0,1.7142857142857142,0.11428571428571428,0.0,0.0,0.0,,0.19543942063026032
lipid,C40H64,40,64,0,0,0,0,1.6,0.0,0.0,0.0,0.0,,0.19543942063026032
lipid,C35H63NO3,35,63,3,1,0,0,1.8,0.08571428571428572,0.02857142857142857,0.0,0.0,inf,0.19543942063026032
lipid,C37H54O3,37,54,3,0,0,0,1.4594594594594594,0.08108108108108109,0.0,0.0,0.0,,0.19543942063026032
lipid,C38H58O2,38,58,2,0,0,0,1.5263157894736843,0.05263157894736842,0.0,0.0,0.0,,0.19543942063026032
lipid,C40H52O,40,52,1,0,0,0,1.3,0.025,0.0,0.0,0.0,,0.19543942063026032
lipid,C36H62O3,36,62,3,0,0,0,1.7222222222222223,0.08333333333333333,0.0,0.0,0.0,,0.19543942063026032
lipid,C40H68,40,68,0,0,0,0,1.7,0.0,0.0,0.0,0.0,,0.19543942063026032
lipid,C40H50,40,50,0,0,0,0,1.25,0.0,0.0,0.0,0.0,,0.19543942063026032
lipid,C35H60O3,35,60,3,0,0,0,1.7142857142857142,0.08571428571428572,0.0,0.0,0.0,,0.19543942063026032
lipid,C24H30O11,24,30,11,0,0,0,1.25,0.4583333333333333,0.0,0.0,0.0,,0.19543942063026032
lipid,C24H31ClO9,24,31,9,0,0,0,1.2916666666666667,0.375,0.0,0.0,0.0,,0.19543942063026032
lipid,C24H34O11,24,34,11,0,0,0,1.4166666666666667,0.4583333333333333,0.0,0.0,0.0,,0.19543942063026032
lipid,C35H46O2,35,46,2,0,0,0,1.3142857142857143,0.05714285714285714,0.0,0.0,0.0,,0.19543942063026032
lipid,C30H46O6,30,46,6,0,0,0,1.5333333333333334,0.2,0.0,0.0,0.0,,0.19543942063026032
lipid,C30H48O6,30,48,6,0,0,0,1.6,0.2,0.0,0.0,0.0,,0.19543942063026032
lipid,C25H32O11,25,32,11,0,0,0,1.28,0.44,0.0,0.0,0.0,,0.19543942063026032
lipid,C32H50O6,32,50,6,0,0,0,1.5625,0.1875,0.0,0.0,0.0,,0.19543942063026032
lipid,C25H36O11,25,36,11,0,0,0,1.44,0.44,0.0,0.0,0.0,,0.19543942063026032
lipid,C30H42O7,30,42,7,0,0,0,1.4,0.23333333333333334,0.0,0.0,0.0,,0.19543942063026032
lipid,C31H48O6,31,48,6,0,0,0,1.5483870967741935,0.1935483870967742,0.0,0.0,0.0,,0.19543942063026032
lipid,C30H30O8,30,30,8,0,0,0,1.0,0.26666666666666666,0.0,0.0,0.0,,0.19543942063026032
lipid,C25H44O7P2,25,44,7,0,0,2,1.76,0.28,0.0,0.0,0.08,0.0,0.19543942063026032
lipid,C25H46O7P2,25,46,7,0,0,2,1.84,0.28,0.0,0.0,0.08,0.0,0.19543942063026032
lipid,C35H58O3,35,58,3,0,0,0,1.6571428571428573,0.08571428571428572,0.0,0.0,0.0,,0.19543942063026032
lipid,C40H48,40,48,0,0,0,0,1.2,0.0,0.0,0.0,0.0,,0.19543942063026032
lipid,C30H40O7,30,40,7,0,0,0,1.3333333333333333,0.23333333333333334,0.0,0.0,0.0,,0.19543942063026032
lipid,C40H54O,40,54,1,0,0,0,1.35,0.025,0.0,0.0,0.0,,0.19543942063026032
lipid,C40H56O,40,56,1,0,0,0,1.4,0.025,0.0,0.0,0.0,,0.19543942063026032
lipid,C40H72,40,72,0,0,0,0,1.8,0.0,0.0,0.0,0.0,,0.19543942063026032
lipid,C30H53O8P,30,53,8,0,0,1,1.7666666666666666,0.26666666666666666,0.0,0.0,0.03333333333333333,0.0,0.19543942063026032
lipid,C40H60O2,40,60,2,0,0,0,1.5,0.05,0.0,0.0,0.0,,0.19543942063026032
lipid,C40H62O2,40,62,2,0,0,0,1.55,0.05,0.0,0.0,0.0,,0.19543942063026032
lipid,C38H56O4,38,56,4,0,0,0,1.4736842105263157,0.10526315789473684,0.0,0.0,0.0,,0.19543942063026032
lipid,C35H63NO5,35,63,5,1,0,0,1.8,0.14285714285714285,0.02857142857142857,0.0,0.0,inf,0.19543942063026032
lipid,C40H50O3,40,50,3,0,0,0,1.25,0.075,0.0,0.0,0.0,,0.19543942063026032
lipid,C40H52O3,40,52,3,0,0,0,1.3,0.075,0.0,0.0,0.0,,0.19543942063026032
lipid,C41H62O,41,62,1,0,0,0,1.5121951219512195,0.024390243902439025,0.0,0.0,0.0,,0.19543942063026032
lipid,C41H56O2,41,56,2,0,0,0,1.3658536585365855,0.04878048780487805,0.0,0.0,0.0,,0.19543942063026032
lipid,C40H54O3,40,54,3,0,0,0,1.35,0.075,0.0,0.0,0.0,,0.19543942063026032
lipid,C41H58O2,41,58,2,0,0,0,1.4146341463414633,0.04878048780487805,0.0,0.0,0.0,,0.19543942063026032
lipid,C32H40O10,32,40,10,0,0,0,1.25,0.3125,0.0,0.0,0.0,,0.19543942063026032
lipid,C40H56O3,40,56,3,0,0,0,1.4,0.075,0.0,0.0,0.0,,0.19543942063026032
lipid,C41H60O2,41,60,2,0,0,0,1.4634146341463414,0.04878048780487805,0.0,0.0,0.0,,0.19543942063026032
lipid,C30H52O7P2,30,52,7,0,0,2,1.7333333333333334,0.23333333333333334,0.0,0.0,0.06666666666666667,0.0,0.19543942063026032
lipid,C40H58O3,40,58,3,0,0,0,1.45,0.075,0.0,0.0,0.0,,0.19543942063026032
lipid,C36H54O6,36,54,6,0,0,0,1.5,0.16666666666666666,0.0,0.0,0.0,,0.19543942063026032
lipid,C40H58O2,40,58,2,0,0,0,1.45,0.05,0.0,0.0,0.0,,0.19543942063026032
lipid,C41H60O,41,60,1,0,0,0,1.4634146341463414,0.024390243902439025,0.0,0.0,0.0,,0.19543942063026032
lipid,C40H56O2,40,56,2,0,0,0,1.4,0.05,0.0,0.0,0.0,,0.19543942063026032
lipid,C28H39ClO9,28,39,9,0,0,0,1.3928571428571428,0.32142857142857145,0.0,0.0,0.0,,0.19543942063026032
lipid,C40H58O,40,58,1,0,0,0,1.45,0.025,0.0,0.0,0.0,,0.19543942063026032
lipid,C40H74,40,74,0,0,0,0,1.85,0.0,0.0,0.0,0.0,,0.19543942063026032
lipid,C25H32O14,25,32,14,0,0,0,1.28,0.56,0.0,0.0,0.0,,0.19543942063026032
lipid,C26H36O13,26,36,13,0,0,0,1.3846153846153846,0.5,0.0,0.0,0.0,,0.19543942063026032
lipid,C32H44O8,32,44,8,0,0,0,1.375,0.25,0.0,0.0,0.0,,0.19543942063026032
lipid,C40H60O,40,60,1,0,0,0,1.5,0.025,0.0,0.0,0.0,,0.19543942063026032
lipid,C25H34O14,25,34,14,0,0,0,1.36,0.56,0.0,0.0,0.0,,0.19543942063026032
lipid,C37H66O3,37,66,3,0,0,0,1.7837837837837838,0.08108108108108109,0.0,0.0,0.0,,0.19543942063026032
lipid,C35H63NO4,35,63,4,1,0,0,1.8,0.11428571428571428,0.02857142857142857,0.0,0.0,inf,0.19543942063026032
lipid,C40H50O2,40,50,2,0,0,0,1.25,0.05,0.0,0.0,0.0,,0.19543942063026032
lipid,C37H54O4,37,54,4,0,0,0,1.4594594594594594,0.10810810810810811,0.0,0.0,0.0,,0.19543942063026032
lipid,C40H52O2,40,52,2,0,0,0,1.3,0.05,0.0,0.0,0.0,,0.19543942063026032
lipid,C40H54O2,40,54,2,0,0,0,1.35,0.05,0.0,0.0,0.0,,0.19543942063026032
lipid,C41H58O,41,58,1,0,0,0,1.4146341463414633,0.024390243902439025,0.0,0.0,0.0,,0.19543942063026032
lipid,C33H44O8,33,44,8,0,0,0,1.3333333333333333,0.24242424242424243,0.0,0.0,0.0,,0.19543942063026032
lipid,C34H48O7,34,48,7,0,0,0,1.411764705882353,0.20588235294117646,0.0,0.0,0.0,,0.19543942063026032
lipid,C54H102O14,54,102,14,0,0,0,1.8888888888888888,0.25925925925925924,0.0,0.0,0.0,,0.19543942063026032
lipid,C47H51NO14,47,51,14,1,0,0,1.0851063829787233,0.2978723404255319,0.02127659574468085,0.0,0.0,inf,0.19543942063026032
lipid,C55H104O13,55,104,13,0,0,0,1.8909090909090909,0.23636363636363636,0.0,0.0,0.0,,0.19543942063026032
lipid,C52H98O14,52,98,14,0,0,0,1.8846153846153846,0.2692307692307692,0.0,0.0,0.0,,0.19543942063026032
lipid,C40H75NO8,40,75,8,1,0,0,1.875,0.2,0.025,0.0,0.0,inf,0.19543942063026032
lipid,C40H77NO8,40,77,8,1,0,0,1.925,0.2,0.025,0.0,0.0,inf,0.19543942063026032
lipid,C38H73N2O7P,38,73,7,2,0,1,1.9210526315789473,0.18421052631578946,0.05263157894736842,0.0,0.02631578947368421,2.0,0.19543942063026032
lipid,C39H77N2O6P,39,77,6,2,0,1,1.9743589743589745,0.15384615384615385,0.05128205128205128,0.0,0.02564102564102564,2.0,0.19543942063026032
lipid,C40H80NO6P,40,80,6,1,0,1,2.0,0.15,0.025,0.0,0.025,1.0,0.19543942063026032
lipid,C40H79NO8,40,79,8,1,0,0,1.975,0.2,0.025,0.0,0.0,inf,0.19543942063026032
lipid,C38H75N2O7P,38,75,7,2,0,1,1.9736842105263157,0.18421052631578946,0.05263157894736842,0.0,0.02631578947368421,2.0,0.19543942063026032
lipid,C44H89NO4,44,89,4,1,0,0,2.022727272727273,0.09090909090909091,0.022727272727272728,0.0,0.0,inf,0.19543942063026032
lipid,C39H79N2O6P,39,79,6,2,0,1,2.0256410256410255,0.15384615384615385,0.05128205128205128,0.0,0.02564102564102564,2.0,0.19543942063026032
lipid,C39H81N2O6P,39,81,6,2,0,1,2.076923076923077,0.15384615384615385,0.05128205128205128,0.0,0.02564102564102564,2.0,0.19543942063026032
lipid,C34H59NO14,34,59,14,1,0,0,1.7352941176470589,0.4117647058823529,0.029411764705882353,0.0,0.0,inf,0.19543942063026032
lipid,C38H79N2O7P,38,79,7,2,0,1,2.0789473684210527,0.18421052631578946,0.05263157894736842,0.0,0.02631578947368421,2.0,0.19543942063026032
lipid,C33H57NO15,33,57,15,1,0,0,1.7272727272727273,0.45454545454545453,0.030303030303030304,0.0,0.0,inf,0.19543942063026032
lipid,C46H93NO3,46,93,3,1,0,0,2.0217391304347827,0.06521739130434782,0.021739130434782608,0.0,0.0,inf,0.19543942063026032
lipid,C44H87NO5,44,87,5,1,0,0,1.9772727272727273,0.11363636363636363,0.022727272727272728,0.0,0.0,inf,0.19543942063026032
lipid,C41H77NO8,41,77,8,1,0,0,1.8780487804878048,0.1951219512195122,0.024390243902439025,0.0,0.0,inf,0.19543942063026032
lipid,C38H77N2O7P,38,77,7,2,0,1,2.026315789473684,0.18421052631578946,0.05263157894736842,0.0,0.02631578947368421,2.0,0.19543942063026032
lipid,C44H89NO5,44,89,5,1,0,0,2.022727272727273,0.11363636363636363,0.022727272727272728,0.0,0.0,inf,0.19543942063026032
lipid,C33H57NO14,33,57,14,1,0,0,1.7272727272727273,0.42424242424242425,0.030303030303030304,0.0,0.0,inf,0.19543942063026032
lipid,C37H75N2O7P,37,75,7,2,0,1,2.027027027027027,0.1891891891891892,0.05405405405405406,0.0,0.02702702702702703,2.0,0.19543942063026032
lipid,C33H57NO13,33,57,13,1,0,0,1.7272727272727273,0.3939393939393939,0.030303030303030304,0.0,0.0,inf,0.19543942063026032
lipid,C44H85NO3,44,85,3,1,0,0,1.9318181818181819,0.06818181818181818,0.022727272727272728,0.0,0.0,inf,0.19543942063026032
lipid,C36H73N2O7P,36,73,7,2,0,1,2.0277777777777777,0.19444444444444445,0.05555555555555555,0.0,0.027777777777777776,2.0,0.19543942063026032
lipid,C37H77N2O6P,37,77,6,2,0,1,2.081081081081081,0.16216216216216217,0.05405405405405406,0.0,0.02702702702702703,2.0,0.19543942063026032
lipid,C44H87NO3,44,87,3,1,0,0,1.9772727272727273,0.06818181818181818,0.022727272727272728,0.0,0.0,inf,0.19543942063026032
lipid,C44H89NO3,44,89,3,1,0,0,2.022727272727273,0.06818181818181818,0.022727272727272728,0.0,0.0,inf,0.19543942063026032
lipid,C42H83NO5,42,83,5,1,0,0,1.9761904761904763,0.11904761904761904,0.023809523809523808,0.0,0.0,inf,0.19543942063026032
lipid,C38H79N2O6P,38,79,6,2,0,1,2.0789473684210527,0.15789473684210525,0.05263157894736842,0.0,0.02631578947368421,2.0,0.19543942063026032
lipid,C39H73NO8,39,73,8,1,0,0,1.8717948717948718,0.20512820512820512,0.02564102564102564,0.0,0.0,inf,0.19543942063026032
lipid,C38H73N2O6P,38,73,6,2,0,1,1.9210526315789473,0.15789473684210525,0.05263157894736842,0.0,0.02631578947368421,2.0,0.19543942063026032
lipid,C38H71NO9,38,71,9,1,0,0,1.868421052631579,0.23684210526315788,0.02631578947368421,0.0,0.0,inf,0.19543942063026032
lipid,C39H75NO8,39,75,8,1,0,0,1.9230769230769231,0.20512820512820512,0.02564102564102564,0.0,0.0,inf,0.19543942063026032
lipid,C38H75N2O6P,38,75,6,2,0,1,1.9736842105263157,0.15789473684210525,0.05263157894736842,0.0,0.02631578947368421,2.0,0.19543942063026032
lipid,C37H73N2O7P,37,73,7,2,0,1,1.972972972972973,0.1891891891891892,0.05405405405405406,0.0,0.02702702702702703,2.0,0.19543942063026032
lipid,C38H77N2O6P,38,77,6,2,0,1,2.026315789473684,0.15789473684210525,0.05263157894736842,0.0,0.02631578947368421,2.0,0.19543942063026032
lipid,C34H59NO13,34,59,13,1,0,0,1.7352941176470589,0.38235294117647056,0.029411764705882353,0.0,0.0,inf,0.19543942063026032
lipid,C42H85NO5,42,85,5,1,0,0,2.0238095238095237,0.11904761904761904,0.023809523809523808,0.0,0.0,inf,0.19543942063026032
lipid,C37H75N2O6P,37,75,6,2,0,1,2.027027027027027,0.16216216216216217,0.05405405405405406,0.0,0.02702702702702703,2.0,0.19543942063026032
lipid,C40H77N2O6P,40,77,6,2,0,1,1.925,0.15,0.05,0.0,0.025,2.0,0.19543942063026032
lipid,C41H79NO8,41,79,8,1,0,0,1.9268292682926829,0.1951219512195122,0.024390243902439025,0.0,0.0,inf,0.19543942063026032
lipid,C41H83N2O6P,41,83,6,2,0,1,2.024390243902439,0.14634146341463414,0.04878048780487805,0.0,0.024390243902439025,2.0,0.19543942063026032
lipid,C40H77NO10,40,77,10,1,0,0,1.925,0.25,0.025,0.0,0.0,inf,0.19543942063026032
lipid,C40H81N2O7P,40,81,7,2,0,1,2.025,0.175,0.05,0.0,0.025,2.0,0.19543942063026032
lipid,C41H85N2O6P,41,85,6,2,0,1,2.073170731707317,0.14634146341463414,0.04878048780487805,0.0,0.024390243902439025,2.0,0.19543942063026032
lipid,C41H72N2O9,41,72,9,2,0,0,1.7560975609756098,0.21951219512195122,0.04878048780487805,0.0,0.0,inf,0.19543942063026032
lipid,C43H81NO8,43,81,8,1,0,0,1.8837209302325582,0.18604651162790697,0.023255813953488372,0.0,0.0,inf,0.19543942063026032
lipid,C46H93NO5,46,93,5,1,0,0,2.0217391304347827,0.10869565217391304,0.021739130434782608,0.0,0.0,inf,0.19543942063026032
lipid,C40H79N2O7P,40,79,7,2,0,1,1.975,0.175,0.05,0.0,0.025,2.0,0.19543942063026032
lipid,C42H81N2O6P,42,81,6,2,0,1,1.9285714285714286,0.14285714285714285,0.047619047619047616,0.0,0.023809523809523808,2.0,0.19543942063026032
lipid,C43H83NO8,43,83,8,1,0,0,1.930232558139535,0.18604651162790697,0.023255813953488372,0.0,0.0,inf,0.19543942063026032
lipid,C42H83N2O6P,42,83,6,2,0,1,1.9761904761904763,0.14285714285714285,0.047619047619047616,0.0,0.023809523809523808,2.0,0.19543942063026032
lipid,C41H77NO10,41,77,10,1,0,0,1.8780487804878048,0.24390243902439024,0.024390243902439025,0.0,0.0,inf,0.19543942063026032
lipid,C42H81NO9,42,81,9,1,0,0,1.9285714285714286,0.21428571428571427,0.023809523809523808,0.0,0.0,inf,0.19543942063026032
lipid,C41H81N2O7P,41,81,7,2,0,1,1.975609756097561,0.17073170731707318,0.04878048780487805,0.0,0.024390243902439025,2.0,0.19543942063026032
lipid,C42H85N2O6P,42,85,6,2,0,1,2.0238095238095237,0.14285714285714285,0.047619047619047616,0.0,0.023809523809523808,2.0,0.19543942063026032
lipid,C48H93NO4,48,93,4,1,0,0,1.9375,0.08333333333333333,0.020833333333333332,0.0,0.0,inf,0.19543942063026032
lipid,C42H79NO9,42,79,9,1,0,0,1.880952380952381,0.21428571428571427,0.023809523809523808,0.0,0.0,inf,0.19543942063026032
lipid,C40H75NO9,40,75,9,1,0,0,1.875,0.225,0.025,0.0,0.0,inf,0.19543942063026032
lipid,C42H83NO8,42,83,8,1,0,0,1.9761904761904763,0.19047619047619047,0.023809523809523808,0.0,0.0,inf,0.19543942063026032
lipid,C41H81N2O6P,41,81,6,2,0,1,1.975609756097561,0.14634146341463414,0.04878048780487805,0.0,0.024390243902439025,2.0,0.19543942063026032
lipid,C40H79N2O6P,40,79,6,2,0,1,1.975,0.15,0.05,0.0,0.025,2.0,0.19543942063026032
lipid,C40H77NO9,40,77,9,1,0,0,1.925,0.225,0.025,0.0,0.0,inf,0.19543942063026032
lipid,C39H77N2O7P,39,77,7,2,0,1,1.9743589743589745,0.1794871794871795,0.05128205128205128,0.0,0.02564102564102564,2.0,0.19543942063026032
lipid,C40H81N2O6P,40,81,6,2,0,1,2.025,0.15,0.05,0.0,0.025,2.0,0.19543942063026032
lipid,C40H79NO9,40,79,9,1,0,0,1.975,0.225,0.025,0.0,0.0,inf,0.19543942063026032
lipid,C39H79N2O7P,39,79,7,2,0,1,2.0256410256410255,0.1794871794871795,0.05128205128205128,0.0,0.02564102564102564,2.0,0.19543942063026032
lipid,C40H83N2O6P,40,83,6,2,0,1,2.075,0.15,0.05,0.0,0.025,2.0,0.19543942063026032
lipid,C42H84NO6P,42,84,6,1,0,1,2.0,0.14285714285714285,0.023809523809523808,0.0,0.023809523809523808,1.0,0.19543942063026032
lipid,C34H59NO15,34,59,15,1,0,0,1.7352941176470589,0.4411764705882353,0.029411764705882353,0.0,0.0,inf,0.19543942063026032
lipid,C41H75NO9,41,75,9,1,0,0,1.829268292682927,0.21951219512195122,0.024390243902439025,0.0,0.0,inf,0.19543942063026032
lipid,C42H79NO8,42,79,8,1,0,0,1.880952380952381,0.19047619047619047,0.023809523809523808,0.0,0.0,inf,0.19543942063026032
lipid,C44H87NO6,44,87,6,1,0,0,1.9772727272727273,0.13636363636363635,0.022727272727272728,0.0,0.0,inf,0.19543942063026032
lipid,C41H79N2O6P,41,79,6,2,0,1,1.9268292682926829,0.14634146341463414,0.04878048780487805,0.0,0.024390243902439025,2.0,0.19543942063026032
lipid,C41H77NO9,41,77,9,1,0,0,1.8780487804878048,0.21951219512195122,0.024390243902439025,0.0,0.0,inf,0.19543942063026032
lipid,C42H82NO6P,42,82,6,1,0,1,1.9523809523809523,0.14285714285714285,0.023809523809523808,0.0,0.023809523809523808,1.0,0.19543942063026032
lipid,C40H77N2O7P,40,77,7,2,0,1,1.925,0.175,0.05,0.0,0.025,2.0,0.19543942063026032
lipid,C46H93NO4,46,93,4,1,0,0,2.0217391304347827,0.08695652173913043,0.021739130434782608,0.0,0.0,inf,0.19543942063026032
lipid,C38H74NO11P,38,74,11,1,0,1,1.9473684210526316,0.2894736842105263,0.02631578947368421,0.0,0.02631578947368421,1.0,0.19543942063026032
lipid,C36H71N2O7P,36,71,7,2,0,1,1.9722222222222223,0.19444444444444445,0.05555555555555555,0.0,0.027777777777777776,2.0,0.19543942063026032
lipid,C38H76NO6P,38,76,6,1,0,1,2.0,0.15789473684210525,0.02631578947368421,0.0,0.02631578947368421,1.0,0.19543942063026032
lipid,C37H75NO5,37,75,5,1,0,0,2.027027027027027,0.13513513513513514,0.02702702702702703,0.0,0.0,inf,0.19543942063026032
lipid,C34H69N2O5P,34,69,5,2,0,1,2.0294117647058822,0.14705882352941177,0.058823529411764705,0.0,0.029411764705882353,2.0,0.19543942063026032
lipid,C34H67NO6S,34,67,6,1,1,0,1.9705882352941178,0.17647058823529413,0.029411764705882353,0.029411764705882353,0.0,inf,0.19543942063026032
lipid,C34H68NO6P,34,68,6,1,0,1,2.0,0.17647058823529413,0.029411764705882353,0.0,0.029411764705882353,1.0,0.19543942063026032
lipid,C32H63N2O7P,32,63,7,2,0,1,1.96875,0.21875,0.0625,0.0,0.03125,2.0,0.19543942063026032
lipid,C34H70NO6P,34,70,6,1,0,1,2.0588235294117645,0.17647058823529413,0.029411764705882353,0.0,0.029411764705882353,1.0,0.19543942063026032
lipid,C40H77NO3,40,77,3,1,0,0,1.925,0.075,0.025,0.0,0.0,inf,0.19543942063026032
lipid,C38H77NO4,38,77,4,1,0,0,2.026315789473684,0.10526315789473684,0.02631578947368421,0.0,0.0,inf,0.19543942063026032
lipid,C40H79NO3,40,79,3,1,0,0,1.975,0.075,0.025,0.0,0.0,inf,0.19543942063026032
lipid,C38H75NO5,38,75,5,1,0,0,1.9736842105263157,0.13157894736842105,0.02631578947368421,0.0,0.0,inf,0.19543942063026032
lipid,C38H77NO5,38,77,5,1,0,0,2.026315789473684,0.13157894736842105,0.02631578947368421,0.0,0.0,inf,0.19543942063026032
lipid,C34H65N2O6P,34,65,6,2,0,1,1.911764705882353,0.17647058823529413,0.058823529411764705,0.0,0.029411764705882353,2.0,0.19543942063026032
lipid,C34H67N2O6P,34,67,6,2,0,1,1.9705882352941178,0.17647058823529413,0.058823529411764705,0.0,0.029411764705882353,2.0,0.19543942063026032
lipid,C42H81NO2,42,81,2,1,0,0,1.9285714285714286,0.047619047619047616,0.023809523809523808,0.0,0.0,inf,0.19543942063026032
lipid,C34H69N2O6P,34,69,6,2,0,1,2.0294117647058822,0.17647058823529413,0.058823529411764705,0.0,0.029411764705882353,2.0,0.19543942063026032
lipid,C41H79NO3,41,79,3,1,0,0,1.9268292682926829,0.07317073170731707,0.024390243902439025,0.0,0.0,inf,0.19543942063026032
lipid,C40H81NO3,40,81,3,1,0,0,2.025,0.075,0.025,0.0,0.0,inf,0.19543942063026032
lipid,C42H83NO2,42,83,2,1,0,0,1.9761904761904763,0.047619047619047616,0.023809523809523808,0.0,0.0,inf,0.19543942063026032
lipid,C38H75NO4,38,75,4,1,0,0,1.9736842105263157,0.10526315789473684,0.02631578947368421,0.0,0.0,inf,0.19543942063026032
lipid,C39H77NO3,39,77,3,1,0,0,1.9743589743589745,0.07692307692307693,0.02564102564102564,0.0,0.0,inf,0.19543942063026032
lipid,C38H71NO3,38,71,3,1,0,0,1.868421052631579,0.07894736842105263,0.02631578947368421,0.0,0.0,inf,0.19543942063026032
lipid,C38H73NO3,38,73,3,1,0,0,1.9210526315789473,0.07894736842105263,0.02631578947368421,0.0,0.0,inf,0.19543942063026032
lipid,C37H71NO4,37,71,4,1,0,0,1.9189189189189189,0.10810810810810811,0.02702702702702703,0.0,0.0,inf,0.19543942063026032
lipid,C38H75NO3,38,75,3,1,0,0,1.9736842105263157,0.07894736842105263,0.02631578947368421,0.0,0.0,inf,0.19543942063026032
lipid,C38H77NO3,38,77,3,1,0,0,2.026315789473684,0.07894736842105263,0.02631578947368421,0.0,0.0,inf,0.19543942063026032
lipid,C36H71NO5,36,71,5,1,0,0,1.9722222222222223,0.1388888888888889,0.027777777777777776,0.0,0.0,inf,0.19543942063026032
lipid,C34H65NO5S,34,65,5,1,1,0,1.911764705882353,0.14705882352941177,0.029411764705882353,0.029411764705882353,0.0,inf,0.19543942063026032
lipid,C40H81NO2,40,81,2,1,0,0,2.025,0.05,0.025,0.0,0.0,inf,0.19543942063026032
lipid,C36H73NO5,36,73,5,1,0,0,2.0277777777777777,0.1388888888888889,0.027777777777777776,0.0,0.0,inf,0.19543942063026032
lipid,C32H63N2O6P,32,63,6,2,0,1,1.96875,0.1875,0.0625,0.0,0.03125,2.0,0.19543942063026032
lipid,C33H65NO6S,33,65,6,1,1,0,1.9696969696969697,0.18181818181818182,0.030303030303030304,0.030303030303030304,0.0,inf,0.19543942063026032
lipid,C32H65N2O6P,32,65,6,2,0,1,2.03125,0.1875,0.0625,0.0,0.03125,2.0,0.19543942063026032
lipid,C38H71NO4,38,71,4,1,0,0,1.868421052631579,0.10526315789473684,0.02631578947368421,0.0,0.0,inf,0.19543942063026032
lipid,C39H75NO3,39,75,3,1,0,0,1.9230769230769231,0.07692307692307693,0.02564102564102564,0.0,0.0,inf,0.19543942063026032
lipid,C40H79NO2,40,79,2,1,0,0,1.975,0.05,0.025,0.0,0.0,inf,0.19543942063026032
lipid,C38H73NO4,38,73,4,1,0,0,1.9210526315789473,0.10526315789473684,0.02631578947368421,0.0,0.0,inf,0.19543942063026032
lipid,C34H67NO5S,34,67,5,1,1,0,1.9705882352941178,0.14705882352941177,0.029411764705882353,0.029411764705882353,0.0,inf,0.19543942063026032
lipid,C38H75NO8,38,75,8,1,0,0,1.9736842105263157,0.21052631578947367,0.02631578947368421,0.0,0.0,inf,0.19543942063026032
lipid,C40H77NO4,40,77,4,1,0,0,1.925,0.1,0.025,0.0,0.0,inf,0.19543942063026032
lipid,C42H85NO2,42,85,2,1,0,0,2.0238095238095237,0.047619047619047616,0.023809523809523808,0.0,0.0,inf,0.19543942063026032
lipid,C44H85NO2,44,85,2,1,0,0,1.9318181818181819,0.045454545454545456,0.022727272727272728,0.0,0.0,inf,0.19543942063026032
lipid,C35H69N2O7P,35,69,7,2,0,1,1.9714285714285715,0.2,0.05714285714285714,0.0,0.02857142857142857,2.0,0.19543942063026032
lipid,C36H73N2O6P,36,73,6,2,0,1,2.0277777777777777,0.16666666666666666,0.05555555555555555,0.0,0.027777777777777776,2.0,0.19543942063026032
lipid,C35H67NO8S,35,67,8,1,1,0,1.9142857142857144,0.22857142857142856,0.02857142857142857,0.02857142857142857,0.0,inf,0.19543942063026032
lipid,C44H87NO2,44,87,2,1,0,0,1.9772727272727273,0.045454545454545456,0.022727272727272728,0.0,0.0,inf,0.19543942063026032
lipid,C36H75N2O6P,36,75,6,2,0,1,2.0833333333333335,0.16666666666666666,0.05555555555555555,0.0,0.027777777777777776,2.0,0.19543942063026032
lipid,C42H81NO4,42,81,4,1,0,0,1.9285714285714286,0.09523809523809523,0.023809523809523808,0.0,0.0,inf,0.19543942063026032
lipid,C36H71N2O6P,36,71,6,2,0,1,1.9722222222222223,0.16666666666666666,0.05555555555555555,0.0,0.027777777777777776,2.0,0.19543942063026032
lipid,C43H85NO3,43,85,3,1,0,0,1.9767441860465116,0.06976744186046512,0.023255813953488372,0.0,0.0,inf,0.19543942063026032
lipid,C38H69NO8,38,69,8,1,0,0,1.8157894736842106,0.21052631578947367,0.02631578947368421,0.0,0.0,inf,0.19543942063026032
lipid,C42H85NO4,42,85,4,1,0,0,2.0238095238095237,0.09523809523809523,0.023809523809523808,0.0,0.0,inf,0.19543942063026032
lipid,C38H71NO8,38,71,8,1,0,0,1.868421052631579,0.21052631578947367,0.02631578947368421,0.0,0.0,inf,0.19543942063026032
lipid,C41H83NO5,41,83,5,1,0,0,2.024390243902439,0.12195121951219512,0.024390243902439025,0.0,0.0,inf,0.19543942063026032
lipid,C38H73NO8,38,73,8,1,0,0,1.9210526315789473,0.21052631578947367,0.02631578947368421,0.0,0.0,inf,0.19543942063026032
lipid,C36H69N2O7P,36,69,7,2,0,1,1.9166666666666667,0.19444444444444445,0.05555555555555555,0.0,0.027777777777777776,2.0,0.19543942063026032
lipid,C37H73N2O6P,37,73,6,2,0,1,1.972972972972973,0.16216216216216217,0.05405405405405406,0.0,0.02702702702702703,2.0,0.19543942063026032
lipid,C44H89NO2,44,89,2,1,0,0,2.022727272727273,0.045454545454545456,0.022727272727272728,0.0,0.0,inf,0.19543942063026032
lipid,C41H81NO3,41,81,3,1,0,0,1.975609756097561,0.07317073170731707,0.024390243902439025,0.0,0.0,inf,0.19543942063026032
lipid,C37H71NO6S,37,71,6,1,1,0,1.9189189189189189,0.16216216216216217,0.02702702702702703,0.02702702702702703,0.0,inf,0.19543942063026032
lipid,C40H81NO5,40,81,5,1,0,0,2.025,0.125,0.025,0.0,0.0,inf,0.19543942063026032
lipid,C40H79NO4,40,79,4,1,0,0,1.975,0.1,0.025,0.0,0.0,inf,0.19543942063026032
lipid,C40H81NO4,40,81,4,1,0,0,2.025,0.1,0.025,0.0,0.0,inf,0.19543942063026032
lipid,C36H67NO8,36,67,8,1,0,0,1.8611111111111112,0.2222222222222222,0.027777777777777776,0.0,0.0,inf,0.19543942063026032
lipid,C39H79NO5,39,79,5,1,0,0,2.0256410256410255,0.1282051282051282,0.02564102564102564,0.0,0.0,inf,0.19543942063026032
lipid,C36H69NO8,36,69,8,1,0,0,1.9166666666666667,0.2222222222222222,0.027777777777777776,0.0,0.0,inf,0.19543942063026032
lipid,C35H69N2O6P,35,69,6,2,0,1,1.9714285714285715,0.17142857142857143,0.05714285714285714,0.0,0.02857142857142857,2.0,0.19543942063026032
lipid,C36H73N2O5P,36,73,5,2,0,1,2.0277777777777777,0.1388888888888889,0.05555555555555555,0.0,0.027777777777777776,2.0,0.19543942063026032
lipid,C36H69N2O6P,36,69,6,2,0,1,1.9166666666666667,0.16666666666666666,0.05555555555555555,0.0,0.027777777777777776,2.0,0.19543942063026032
lipid,C36H72NO6P,36,72,6,1,0,1,2.0,0.16666666666666666,0.027777777777777776,0.0,0.027777777777777776,1.0,0.19543942063026032
lipid,C35H71N2O6P,35,71,6,2,0,1,2.0285714285714285,0.17142857142857143,0.05714285714285714,0.0,0.02857142857142857,2.0,0.19543942063026032
lipid,C35H70N2O8,35,70,8,2,0,0,2.0,0.22857142857142856,0.05714285714285714,0.0,0.0,inf,0.19543942063026032
lipid,C42H81NO3,42,81,3,1,0,0,1.9285714285714286,0.07142857142857142,0.023809523809523808,0.0,0.0,inf,0.19543942063026032
lipid,C34H69N2O7P,34,69,7,2,0,1,2.0294117647058822,0.20588235294117646,0.058823529411764705,0.0,0.029411764705882353,2.0,0.19543942063026032
lipid,C35H73N2O6P,35,73,6,2,0,1,2.085714285714286,0.17142857142857143,0.05714285714285714,0.0,0.02857142857142857,2.0,0.19543942063026032
lipid,C42H83NO3,42,83,3,1,0,0,1.9761904761904763,0.07142857142857142,0.023809523809523808,0.0,0.0,inf,0.19543942063026032
lipid,C42H85NO3,42,85,3,1,0,0,2.0238095238095237,0.07142857142857142,0.023809523809523808,0.0,0.0,inf,0.19543942063026032
lipid,C34H67N2O7P,34,67,7,2,0,1,1.9705882352941178,0.20588235294117646,0.058823529411764705,0.0,0.029411764705882353,2.0,0.19543942063026032
lipid,C44H81NO8,44,81,8,1,0,0,1.8409090909090908,0.18181818181818182,0.022727272727272728,0.0,0.0,inf,0.19543942063026032
lipid,C43H79NO9,43,79,9,1,0,0,1.8372093023255813,0.20930232558139536,0.023255813953488372,0.0,0.0,inf,0.19543942063026032
lipid,C44H83NO8,44,83,8,1,0,0,1.8863636363636365,0.18181818181818182,0.022727272727272728,0.0,0.0,inf,0.19543942063026032
lipid,C48H93NO13,48,93,13,1,0,0,1.9375,0.2708333333333333,0.020833333333333332,0.0,0.0,inf,0.19543942063026032
lipid,C48H96NO11P,48,96,11,1,0,1,2.0,0.22916666666666666,0.020833333333333332,0.0,0.020833333333333332,1.0,0.19543942063026032
lipid,C46H92NO13P,46,92,13,1,0,1,2.0,0.2826086956521739,0.021739130434782608,0.0,0.021739130434782608,1.0,0.19543942063026032
lipid,C59H115NO4,59,115,4,1,0,0,1.9491525423728813,0.06779661016949153,0.01694915254237288,0.0,0.0,inf,0.19543942063026032
lipid,C48H91NO12S,48,91,12,1,1,0,1.8958333333333333,0.25,0.020833333333333332,0.020833333333333332,0.0,inf,0.19543942063026032
lipid,C48H93NO12S,48,93,12,1,1,0,1.9375,0.25,0.020833333333333332,0.020833333333333332,0.0,inf,0.19543942063026032
lipid,C48H96NO12P,48,96,12,1,0,1,2.0,0.25,0.020833333333333332,0.0,0.020833333333333332,1.0,0.19543942063026032
lipid,C48H93NO11S,48,93,11,1,1,0,1.9375,0.22916666666666666,0.020833333333333332,0.020833333333333332,0.0,inf,0.19543942063026032
lipid,C60H117NO4,60,117,4,1,0,0,1.95,0.06666666666666667,0.016666666666666666,0.0,0.0,inf,0.19543942063026032
lipid,C50H97NO13,50,97,13,1,0,0,1.94,0.26,0.02,0.0,0.0,inf,0.19543942063026032
lipid,C50H100NO11P,50,100,11,1,0,1,2.0,0.22,0.02,0.0,0.02,1.0,0.19543942063026032
lipid,C48H96NO13P,48,96,13,1,0,1,2.0,0.2708333333333333,0.020833333333333332,0.0,0.020833333333333332,1.0,0.19543942063026032
lipid,C52H91NO13,52,91,13,1,0,0,1.75,0.25,0.019230769230769232,0.0,0.0,inf,0.19543942063026032
lipid,C50H100NO12P,50,100,12,1,0,1,2.0,0.24,0.02,0.0,0.02,1.0,0.19543942063026032
lipid,C46H90NO16P,46,90,16,1,0,1,1.9565217391304348,0.34782608695652173,0.021739130434782608,0.0,0.021739130434782608,1.0,0.19543942063026032
lipid,C62H121NO4,62,121,4,1,0,0,1.9516129032258065,0.06451612903225806,0.016129032258064516,0.0,0.0,inf,0.19543942063026032
lipid,C50H95NO13,50,95,13,1,0,0,1.9,0.26,0.02,0.0,0.0,inf,0.19543942063026032
lipid,C52H99NO13,52,99,13,1,0,0,1.9038461538461537,0.25,0.019230769230769232,0.0,0.0,inf,0.19543942063026032
lipid,C48H91NO13,48,91,13,1,0,0,1.8958333333333333,0.2708333333333333,0.020833333333333332,0.0,0.0,inf,0.19543942063026032
lipid,C58H113NO4,58,113,4,1,0,0,1.9482758620689655,0.06896551724137931,0.017241379310344827,0.0,0.0,inf,0.19543942063026032
lipid,C49H101N2O6P,49,101,6,2,0,1,2.061224489795918,0.12244897959183673,0.04081632653061224,0.0,0.02040816326530612,2.0,0.19543942063026032
lipid,C44H85NO12S,44,85,12,1,1,0,1.9318181818181819,0.2727272727272727,0.022727272727272728,0.022727272727272728,0.0,inf,0.19543942063026032
lipid,C44H88NO12P,44,88,12,1,0,1,2.0,0.2727272727272727,0.022727272727272728,0.0,0.022727272727272728,1.0,0.19543942063026032
lipid,C49H95NO10,49,95,10,1,0,0,1.9387755102040816,0.20408163265306123,0.02040816326530612,0.0,0.0,inf,0.19543942063026032
lipid,C56H109NO4,56,109,4,1,0,0,1.9464285714285714,0.07142857142857142,0.017857142857142856,0.0,0.0,inf,0.19543942063026032
lipid,C46H87NO13,46,87,13,1,0,0,1.891304347826087,0.2826086956521739,0.021739130434782608,0.0,0.0,inf,0.19543942063026032
lipid,C46H89NO11S,46,89,11,1,1,0,1.934782608695652,0.2391304347826087,0.021739130434782608,0.021739130434782608,0.0,inf,0.19543942063026032
lipid,C48H91NO11S,48,91,11,1,1,0,1.8958333333333333,0.22916666666666666,0.020833333333333332,0.020833333333333332,0.0,inf,0.19543942063026032
lipid,C46H90NO11P,46,90,11,1,0,1,1.9565217391304348,0.2391304347826087,0.021739130434782608,0.0,0.021739130434782608,1.0,0.19543942063026032
lipid,C46H92NO11P,46,92,11,1,0,1,2.0,0.2391304347826087,0.021739130434782608,0.0,0.021739130434782608,1.0,0.19543942063026032
lipid,C44H88NO13P,44,88,13,1,0,1,2.0,0.29545454545454547,0.022727272727272728,0.0,0.022727272727272728,1.0,0.19543942063026032
lipid,C50H97NO10,50,97,10,1,0,0,1.94,0.2,0.02,0.0,0.0,inf,0.19543942063026032
lipid,C57H111NO4,57,111,4,1,0,0,1.9473684210526316,0.07017543859649122,0.017543859649122806,0.0,0.0,inf,0.19543942063026032
lipid,C46H89NO12S,46,89,12,1,1,0,1.934782608695652,0.2608695652173913,0.021739130434782608,0.021739130434782608,0.0,inf,0.19543942063026032
lipid,C46H92NO12P,46,92,12,1,0,1,2.0,0.2608695652173913,0.021739130434782608,0.0,0.021739130434782608,1.0,0.19543942063026032
lipid,C48H89NO13,48,89,13,1,0,0,1.8541666666666667,0.2708333333333333,0.020833333333333332,0.0,0.0,inf,0.19543942063026032
lipid,C46H89NO13,46,89,13,1,0,0,1.934782608695652,0.2826086956521739,0.021739130434782608,0.0,0.0,inf,0.19543942063026032
lipid,C48H93NO10,48,93,10,1,0,0,1.9375,0.20833333333333334,0.020833333333333332,0.0,0.0,inf,0.19543942063026032
lipid,C52H101NO13,52,101,13,1,0,0,1.9423076923076923,0.25,0.019230769230769232,0.0,0.0,inf,0.19543942063026032
lipid,C52H104NO11P,52,104,11,1,0,1,2.0,0.21153846153846154,0.019230769230769232,0.0,0.019230769230769232,1.0,0.19543942063026032
lipid,C64H121NO6,64,121,6,1,0,0,1.890625,0.09375,0.015625,0.0,0.0,inf,0.19543942063026032
lipid,C65H125NO5,65,125,5,1,0,0,1.9230769230769231,0.07692307692307693,0.015384615384615385,0.0,0.0,inf,0.19543942063026032
lipid,C66H129NO4,66,129,4,1,0,0,1.9545454545454546,0.06060606060606061,0.015151515151515152,0.0,0.0,inf,0.19543942063026032
lipid,C18H32O8,18,32,8,0,0,0,1.7777777777777777,0.4444444444444444,0.0,0.0,0.0,,0.19543942063026032
lipid,C17H27N3O17P2,17,27,17,3,0,2,1.588235294117647,1.0,0.17647058823529413,0.0,0.11764705882352941,1.5,0.19543942063026032
lipid,C32H60O11,32,60,11,0,0,0,1.875,0.34375,0.0,0.0,0.0,,0.19543942063026032
lipid,C32H56O12,32,56,12,0,0,0,1.75,0.375,0.0,0.0,0.0,,0.19543942063026032
lipid,C56H105NO13,56,105,13,1,0,0,1.875,0.23214285714285715,0.017857142857142856,0.0,0.0,inf,0.19543942063026032
lipid,C32H54O14,32,54,14,0,0,0,1.6875,0.4375,0.0,0.0,0.0,,0.19543942063026032
lipid,C34H56O15,34,56,15,0,0,0,1.6470588235294117,0.4411764705882353,0.0,0.0,0.0,,0.19543942063026032
lipid,C34H66NO12P,34,66,12,1,0,1,1.9411764705882353,0.35294117647058826,0.029411764705882353,0.0,0.029411764705882353,1.0,0.19543942063026032
lipid,C29H51N3O18P2,29,51,18,3,0,2,1.7586206896551724,0.6206896551724138,0.10344827586206896,0.0,0.06896551724137931,1.5,0.19543942063026032
lipid,C31H53N3O19P2,31,53,19,3,0,2,1.7096774193548387,0.6129032258064516,0.0967741935483871,0.0,0.06451612903225806,1.5,0.19543942063026032
lipid,C48H90O13,48,90,13,0,0,0,1.875,0.2708333333333333,0.0,0.0,0.0,,0.19543942063026032
lipid,C52H98O13,52,98,13,0,0,0,1.8846153846153846,0.25,0.0,0.0,0.0,,0.19543942063026032
lipid,C53H100O13,53,100,13,0,0,0,1.8867924528301887,0.24528301886792453,0.0,0.0,0.0,,0.19543942063026032
lipid,C36H66O12,36,66,12,0,0,0,1.8333333333333333,0.3333333333333333,0.0,0.0,0.0,,0.19543942063026032
lipid,C57H105NO9,57,105,9,1,0,0,1.8421052631578947,0.15789473684210525,0.017543859649122806,0.0,0.0,inf,0.19543942063026032
lipid,C50H98NO16P,50,98,16,1,0,1,1.96,0.32,0.02,0.0,0.02,1.0,0.19543942063026032
lipid,C56H99NO13,56,99,13,1,0,0,1.7678571428571428,0.23214285714285715,0.017857142857142856,0.0,0.0,inf,0.19543942063026032
lipid,C50H100NO13P,50,100,13,1,0,1,2.0,0.26,0.02,0.0,0.02,1.0,0.19543942063026032
lipid,C46H90NO17P,46,90,17,1,0,1,1.9565217391304348,0.3695652173913043,0.021739130434782608,0.0,0.021739130434782608,1.0,0.19543942063026032
lipid,C54H95NO13,54,95,13,1,0,0,1.7592592592592593,0.24074074074074073,0.018518518518518517,0.0,0.0,inf,0.19543942063026032
lipid,C52H104NO12P,52,104,12,1,0,1,2.0,0.23076923076923078,0.019230769230769232,0.0,0.019230769230769232,1.0,0.19543942063026032
lipid,C63H119NO5,63,119,5,1,0,0,1.8888888888888888,0.07936507936507936,0.015873015873015872,0.0,0.0,inf,0.19543942063026032
lipid,C48H94NO16P,48,94,16,1,0,1,1.9583333333333333,0.3333333333333333,0.020833333333333332,0.0,0.020833333333333332,1.0,0.19543942063026032
lipid,C54H101NO13,54,101,13,1,0,0,1.8703703703703705,0.24074074074074073,0.018518518518518517,0.0,0.0,inf,0.19543942063026032
lipid,C65H123NO5,65,123,5,1,0,0,1.8923076923076922,0.07692307692307693,0.015384615384615385,0.0,0.0,inf,0.19543942063026032
lipid,C64H125NO4,64,125,4,1,0,0,1.953125,0.0625,0.015625,0.0,0.0,inf,0.19543942063026032
lipid,C46H90NO18P,46,90,18,1,0,1,1.9565217391304348,0.391304347826087,0.021739130434782608,0.0,0.021739130434782608,1.0,0.19543942063026032
lipid,C54H105NO13,54,105,13,1,0,0,1.9444444444444444,0.24074074074074073,0.018518518518518517,0.0,0.0,inf,0.19543942063026032
lipid,C52H104NO13P,52,104,13,1,0,1,2.0,0.25,0.019230769230769232,0.0,0.019230769230769232,1.0,0.19543942063026032
lipid,C64H121NO5,64,121,5,1,0,0,1.890625,0.078125,0.015625,0.0,0.0,inf,0.19543942063026032
lipid,C63H119NO6,63,119,6,1,0,0,1.8888888888888888,0.09523809523809523,0.015873015873015872,0.0,0.0,inf,0.19543942063026032
lipid,C48H94NO17P,48,94,17,1,0,1,1.9583333333333333,0.3541666666666667,0.020833333333333332,0.0,0.020833333333333332,1.0,0.19543942063026032
lipid,C51H94N2O16,51,94,16,2,0,0,1.8431372549019607,0.3137254901960784,0.0392156862745098,0.0,0.0,inf,0.19543942063026032
lipid,C54H103NO13,54,103,13,1,0,0,1.9074074074074074,0.24074074074074073,0.018518518518518517,0.0,0.0,inf,0.19543942063026032
lipid,C49H99N2O6P,49,99,6,2,0,1,2.020408163265306,0.12244897959183673,0.04081632653061224,0.0,0.02040816326530612,2.0,0.19543942063026032
lipid,C50H99NO8,50,99,8,1,0,0,1.98,0.16,0.02,0.0,0.0,inf,0.19543942063026032
lipid,C42H84NO13P,42,84,13,1,0,1,2.0,0.30952380952380953,0.023809523809523808,0.0,0.023809523809523808,1.0,0.19543942063026032
lipid,C44H89N2O6P,44,89,6,2,0,1,2.022727272727273,0.13636363636363635,0.045454545454545456,0.0,0.022727272727272728,2.0,0.19543942063026032
lipid,C44H87NO9,44,87,9,1,0,0,1.9772727272727273,0.20454545454545456,0.022727272727272728,0.0,0.0,inf,0.19543942063026032
lipid,C43H85NO10,43,85,10,1,0,0,1.9767441860465116,0.23255813953488372,0.023255813953488372,0.0,0.0,inf,0.19543942063026032
lipid,C50H97NO4,50,97,4,1,0,0,1.94,0.08,0.02,0.0,0.0,inf,0.19543942063026032
lipid,C40H77NO11S,40,77,11,1,1,0,1.925,0.275,0.025,0.025,0.0,inf,0.19543942063026032
lipid,C40H78NO11P,40,78,11,1,0,1,1.95,0.275,0.025,0.0,0.025,1.0,0.19543942063026032
lipid,C40H80NO11P,40,80,11,1,0,1,2.0,0.275,0.025,0.0,0.025,1.0,0.19543942063026032
lipid,C44H85NO9,44,85,9,1,0,0,1.9318181818181819,0.20454545454545456,0.022727272727272728,0.0,0.0,inf,0.19543942063026032
lipid,C46H87NO8,46,87,8,1,0,0,1.891304347826087,0.17391304347826086,0.021739130434782608,0.0,0.0,inf,0.19543942063026032
lipid,C45H85NO9,45,85,9,1,0,0,1.8888888888888888,0.2,0.022222222222222223,0.0,0.0,inf,0.19543942063026032
lipid,C46H89NO8,46,89,8,1,0,0,1.934782608695652,0.17391304347826086,0.021739130434782608,0.0,0.0,inf,0.19543942063026032
lipid,C45H89N2O6P,45,89,6,2,0,1,1.9777777777777779,0.13333333333333333,0.044444444444444446,0.0,0.022222222222222223,2.0,0.19543942063026032
lipid,C46H91NO8,46,91,8,1,0,0,1.9782608695652173,0.17391304347826086,0.021739130434782608,0.0,0.0,inf,0.19543942063026032
lipid,C45H91N2O6P,45,91,6,2,0,1,2.022222222222222,0.13333333333333333,0.044444444444444446,0.0,0.022222222222222223,2.0,0.19543942063026032
lipid,C44H85NO10,44,85,10,1,0,0,1.9318181818181819,0.22727272727272727,0.022727272727272728,0.0,0.0,inf,0.19543942063026032
lipid,C45H93N2O6P,45,93,6,2,0,1,2.066666666666667,0.13333333333333333,0.044444444444444446,0.0,0.022222222222222223,2.0,0.19543942063026032
lipid,C45H87N2O6P,45,87,6,2,0,1,1.9333333333333333,0.13333333333333333,0.044444444444444446,0.0,0.022222222222222223,2.0,0.19543942063026032
lipid,C44H87NO10,44,87,10,1,0,0,1.9772727272727273,0.22727272727272727,0.022727272727272728,0.0,0.0,inf,0.19543942063026032
lipid,C44H87N2O6P,44,87,6,2,0,1,1.9772727272727273,0.13636363636363635,0.045454545454545456,0.0,0.022727272727272728,2.0,0.19543942063026032
lipid,C44H83NO9,44,83,9,1,0,0,1.8863636363636365,0.20454545454545456,0.022727272727272728,0.0,0.0,inf,0.19543942063026032
lipid,C43H83N2O6P,43,83,6,2,0,1,1.930232558139535,0.13953488372093023,0.046511627906976744,0.0,0.023255813953488372,2.0,0.19543942063026032
lipid,C43H81NO9,43,81,9,1,0,0,1.8837209302325582,0.20930232558139536,0.023255813953488372,0.0,0.0,inf,0.19543942063026032
lipid,C44H86NO6P,44,86,6,1,0,1,1.9545454545454546,0.13636363636363635,0.022727272727272728,0.0,0.022727272727272728,1.0,0.19543942063026032
lipid,C44H85NO8,44,85,8,1,0,0,1.9318181818181819,0.18181818181818182,0.022727272727272728,0.0,0.0,inf,0.19543942063026032
lipid,C42H81N2O7P,42,81,7,2,0,1,1.9285714285714286,0.16666666666666666,0.047619047619047616,0.0,0.023809523809523808,2.0,0.19543942063026032
lipid,C43H85N2O6P,43,85,6,2,0,1,1.9767441860465116,0.13953488372093023,0.046511627906976744,0.0,0.023255813953488372,2.0,0.19543942063026032
lipid,C43H83NO9,43,83,9,1,0,0,1.930232558139535,0.20930232558139536,0.023255813953488372,0.0,0.0,inf,0.19543942063026032
lipid,C45H87NO8,45,87,8,1,0,0,1.9333333333333333,0.17777777777777778,0.022222222222222223,0.0,0.0,inf,0.19543942063026032
lipid,C44H88NO6P,44,88,6,1,0,1,2.0,0.13636363636363635,0.022727272727272728,0.0,0.022727272727272728,1.0,0.19543942063026032
lipid,C42H83N2O7P,42,83,7,2,0,1,1.9761904761904763,0.16666666666666666,0.047619047619047616,0.0,0.023809523809523808,2.0,0.19543942063026032
lipid,C43H87N2O6P,43,87,6,2,0,1,2.0232558139534884,0.13953488372093023,0.046511627906976744,0.0,0.023255813953488372,2.0,0.19543942063026032
lipid,C42H81NO10,42,81,10,1,0,0,1.9285714285714286,0.23809523809523808,0.023809523809523808,0.0,0.0,inf,0.19543942063026032
lipid,C42H85N2O7P,42,85,7,2,0,1,2.0238095238095237,0.16666666666666666,0.047619047619047616,0.0,0.023809523809523808,2.0,0.19543942063026032
lipid,C43H89N2O6P,43,89,6,2,0,1,2.0697674418604652,0.13953488372093023,0.046511627906976744,0.0,0.023255813953488372,2.0,0.19543942063026032
lipid,C36H61NO16,36,61,16,1,0,0,1.6944444444444444,0.4444444444444444,0.027777777777777776,0.0,0.0,inf,0.19543942063026032
lipid,C45H85NO8,45,85,8,1,0,0,1.8888888888888888,0.17777777777777778,0.022222222222222223,0.0,0.0,inf,0.19543942063026032
lipid,C44H87NO8,44,87,8,1,0,0,1.9772727272727273,0.18181818181818182,0.022727272727272728,0.0,0.0,inf,0.19543942063026032
lipid,C40H77NO12S,40,77,12,1,1,0,1.925,0.3,0.025,0.025,0.0,inf,0.19543942063026032
lipid,C47H89NO8,47,89,8,1,0,0,1.8936170212765957,0.1702127659574468,0.02127659574468085,0.0,0.0,inf,0.19543942063026032
lipid,C40H80NO12P,40,80,12,1,0,1,2.0,0.3,0.025,0.0,0.025,1.0,0.19543942063026032
lipid,C42H81NO12S,42,81,12,1,1,0,1.9285714285714286,0.2857142857142857,0.023809523809523808,0.023809523809523808,0.0,inf,0.19543942063026032
lipid,C42H84NO12P,42,84,12,1,0,1,2.0,0.2857142857142857,0.023809523809523808,0.0,0.023809523809523808,1.0,0.19543942063026032
lipid,C48H91NO9,48,91,9,1,0,0,1.8958333333333333,0.1875,0.020833333333333332,0.0,0.0,inf,0.19543942063026032
lipid,C48H95N2O6P,48,95,6,2,0,1,1.9791666666666667,0.125,0.041666666666666664,0.0,0.020833333333333332,2.0,0.19543942063026032
lipid,C48H93NO9,48,93,9,1,0,0,1.9375,0.1875,0.020833333333333332,0.0,0.0,inf,0.19543942063026032
lipid,C48H97N2O6P,48,97,6,2,0,1,2.0208333333333335,0.125,0.041666666666666664,0.0,0.020833333333333332,2.0,0.19543942063026032
lipid,C47H93NO10,47,93,10,1,0,0,1.9787234042553192,0.2127659574468085,0.02127659574468085,0.0,0.0,inf,0.19543942063026032
lipid,C46H91NO10,46,91,10,1,0,0,1.9782608695652173,0.21739130434782608,0.021739130434782608,0.0,0.0,inf,0.19543942063026032
lipid,C54H105NO4,54,105,4,1,0,0,1.9444444444444444,0.07407407407407407,0.018518518518518517,0.0,0.0,inf,0.19543942063026032
lipid,C44H85NO11S,44,85,11,1,1,0,1.9318181818181819,0.25,0.022727272727272728,0.022727272727272728,0.0,inf,0.19543942063026032
lipid,C44H85NO13,44,85,13,1,0,0,1.9318181818181819,0.29545454545454547,0.022727272727272728,0.0,0.0,inf,0.19543942063026032
lipid,C44H88NO11P,44,88,11,1,0,1,2.0,0.25,0.022727272727272728,0.0,0.022727272727272728,1.0,0.19543942063026032
lipid,C50H95NO8,50,95,8,1,0,0,1.9,0.16,0.02,0.0,0.0,inf,0.19543942063026032
lipid,C49H93NO9,49,93,9,1,0,0,1.8979591836734695,0.1836734693877551,0.02040816326530612,0.0,0.0,inf,0.19543942063026032
lipid,C50H97NO8,50,97,8,1,0,0,1.94,0.16,0.02,0.0,0.0,inf,0.19543942063026032
lipid,C49H97N2O6P,49,97,6,2,0,1,1.9795918367346939,0.12244897959183673,0.04081632653061224,0.0,0.02040816326530612,2.0,0.19543942063026032
lipid,C44H83NO13,44,83,13,1,0,0,1.8863636363636365,0.29545454545454547,0.022727272727272728,0.0,0.0,inf,0.19543942063026032
lipid,C47H97N2O6P,47,97,6,2,0,1,2.0638297872340425,0.1276595744680851,0.0425531914893617,0.0,0.02127659574468085,2.0,0.19543942063026032
lipid,C46H89NO10,46,89,10,1,0,0,1.934782608695652,0.21739130434782608,0.021739130434782608,0.0,0.0,inf,0.19543942063026032
lipid,C47H95N2O6P,47,95,6,2,0,1,2.021276595744681,0.1276595744680851,0.0425531914893617,0.0,0.02127659574468085,2.0,0.19543942063026032
lipid,C46H87NO9,46,87,9,1,0,0,1.891304347826087,0.1956521739130435,0.021739130434782608,0.0,0.0,inf,0.19543942063026032
lipid,C47H91NO8,47,91,8,1,0,0,1.9361702127659575,0.1702127659574468,0.02127659574468085,0.0,0.0,inf,0.19543942063026032
lipid,C46H91N2O6P,46,91,6,2,0,1,1.9782608695652173,0.13043478260869565,0.043478260869565216,0.0,0.021739130434782608,2.0,0.19543942063026032
lipid,C46H89NO9,46,89,9,1,0,0,1.934782608695652,0.1956521739130435,0.021739130434782608,0.0,0.0,inf,0.19543942063026032
lipid,C46H93N2O6P,46,93,6,2,0,1,2.0217391304347827,0.13043478260869565,0.043478260869565216,0.0,0.021739130434782608,2.0,0.19543942063026032
lipid,C45H89NO10,45,89,10,1,0,0,1.9777777777777779,0.2222222222222222,0.022222222222222223,0.0,0.0,inf,0.19543942063026032
lipid,C52H101NO4,52,101,4,1,0,0,1.9423076923076923,0.07692307692307693,0.019230769230769232,0.0,0.0,inf,0.19543942063026032
lipid,C42H79NO13,42,79,13,1,0,0,1.880952380952381,0.30952380952380953,0.023809523809523808,0.0,0.0,inf,0.19543942063026032
lipid,C42H81NO11S,42,81,11,1,1,0,1.9285714285714286,0.2619047619047619,0.023809523809523808,0.023809523809523808,0.0,inf,0.19543942063026032
lipid,C42H82NO11P,42,82,11,1,0,1,1.9523809523809523,0.2619047619047619,0.023809523809523808,0.0,0.023809523809523808,1.0,0.19543942063026032
lipid,C42H84NO11P,42,84,11,1,0,1,2.0,0.2619047619047619,0.023809523809523808,0.0,0.023809523809523808,1.0,0.19543942063026032
lipid,C48H91NO8,48,91,8,1,0,0,1.8958333333333333,0.16666666666666666,0.020833333333333332,0.0,0.0,inf,0.19543942063026032
lipid,C47H91N2O6P,47,91,6,2,0,1,1.9361702127659575,0.1276595744680851,0.0425531914893617,0.0,0.02127659574468085,2.0,0.19543942063026032
lipid,C48H93NO8,48,93,8,1,0,0,1.9375,0.16666666666666666,0.020833333333333332,0.0,0.0,inf,0.19543942063026032
lipid,C47H93N2O6P,47,93,6,2,0,1,1.9787234042553192,0.1276595744680851,0.0425531914893617,0.0,0.02127659574468085,2.0,0.19543942063026032
lipid,C40H80NO13P,40,80,13,1,0,1,2.0,0.325,0.025,0.0,0.025,1.0,0.19543942063026032
lipid,C48H95NO8,48,95,8,1,0,0,1.9791666666666667,0.16666666666666666,0.020833333333333332,0.0,0.0,inf,0.19543942063026032
lipid,C54H102O13,54,102,13,0,0,0,1.8888888888888888,0.24074074074074073,0.0,0.0,0.0,,0.19543942063026032
lipid,C45H84NO10P,45,84,10,1,0,1,1.8666666666666667,0.2222222222222222,0.022222222222222223,0.0,0.022222222222222223,1.0,0.19543942063026032
lipid,C47H81O12P,47,81,12,0,0,1,1.7234042553191489,0.2553191489361702,0.0,0.0,0.02127659574468085,0.0,0.19543942063026032
lipid,C47H92NO8P,47,92,8,1,0,1,1.9574468085106382,0.1702127659574468,0.02127659574468085,0.0,0.02127659574468085,1.0,0.19543942063026032
lipid,C18H23BrO2,18,23,2,0,0,0,1.2777777777777777,0.1111111111111111,0.0,0.0,0.0,,0.19543942063026032
lipid,C16H30O8,16,30,8,0,0,0,1.875,0.5,0.0,0.0,0.0,,0.19543942063026032
lipid,C20H30O5,20,30,5,0,0,0,1.5,0.25,0.0,0.0,0.0,,0.19543942063026032
lipid,C21H34O4,21,34,4,0,0,0,1.619047619047619,0.19047619047619047,0.0,0.0,0.0,,0.19543942063026032
lipid,C22H38O3,22,38,3,0,0,0,1.7272727272727273,0.13636363636363635,0.0,0.0,0.0,,0.19543942063026032
lipid,C24H46O,24,46,1,0,0,0,1.9166666666666667,0.041666666666666664,0.0,0.0,0.0,,0.19543942063026032
lipid,C25H50,25,50,0,0,0,0,2.0,0.0,0.0,0.0,0.0,,0.19543942063026032
lipid,C20H33NO4,20,33,4,1,0,0,1.65,0.2,0.05,0.0,0.0,inf,0.19543942063026032
lipid,C22H41NO2,22,41,2,1,0,0,1.8636363636363635,0.09090909090909091,0.045454545454545456,0.0,0.0,inf,0.19543942063026032
lipid,C5H6I2O2,5,6,2,0,0,0,1.2,0.4,0.0,0.0,0.0,,0.19543942063026032
lipid,C20H29ClO3,20,29,3,0,0,0,1.45,0.15,0.0,0.0,0.0,,0.19543942063026032
lipid,C18H34Cl2O2,18,34,2,0,0,0,1.8888888888888888,0.1111111111111111,0.0,0.0,0.0,,0.19543942063026032
lipid,C20H32O5,20,32,5,0,0,0,1.6,0.25,0.0,0.0,0.0,,0.19543942063026032
lipid,C21H36O4,21,36,4,0,0,0,1.7142857142857142,0.19047619047619047,0.0,0.0,0.0,,0.19543942063026032
lipid,C20H36N2O3,20,36,3,2,0,0,1.8,0.15,0.1,0.0,0.0,inf,0.19543942063026032
lipid,C22H39NO2,22,39,2,1,0,0,1.7727272727272727,0.09090909090909091,0.045454545454545456,0.0,0.0,inf,0.19543942063026032
lipid,C22H36FNO,22,36,1,1,0,0,1.6363636363636365,0.045454545454545456,0.045454545454545456,0.0,0.0,inf,0.19543942063026032
lipid,C25H48,25,48,0,0,0,0,1.92,0.0,0.0,0.0,0.0,,0.19543942063026032
lipid,C23H40O2,23,40,2,0,0,0,1.7391304347826086,0.08695652173913043,0.0,0.0,0.0,,0.19543942063026032
lipid,C17H31NO6,17,31,6,1,0,0,1.8235294117647058,0.35294117647058826,0.058823529411764705,0.0,0.0,inf,0.19543942063026032
lipid,C22H35NO2,22,35,2,1,0,0,1.5909090909090908,0.09090909090909091,0.045454545454545456,0.0,0.0,inf,0.19543942063026032
lipid,C23H39NO,23,39,1,1,0,0,1.6956521739130435,0.043478260869565216,0.043478260869565216,0.0,0.0,inf,0.19543942063026032
lipid,C18H19BrO2,18,19,2,0,0,0,1.0555555555555556,0.1111111111111111,0.0,0.0,0.0,,0.19543942063026032
lipid,C17H30O7,17,30,7,0,0,0,1.7647058823529411,0.4117647058823529,0.0,0.0,0.0,,0.19543942063026032
lipid,C18H34O6,18,34,6,0,0,0,1.8888888888888888,0.3333333333333333,0.0,0.0,0.0,,0.19543942063026032
lipid,C22H34O3,22,34,3,0,0,0,1.5454545454545454,0.13636363636363635,0.0,0.0,0.0,,0.19543942063026032
lipid,C22H40O3,22,40,3,0,0,0,1.8181818181818181,0.13636363636363635,0.0,0.0,0.0,,0.19543942063026032
lipid,C23H38O2,23,38,2,0,0,0,1.6521739130434783,0.08695652173913043,0.0,0.0,0.0,,0.19543942063026032
lipid,C22H37NO2,22,37,2,1,0,0,1.6818181818181819,0.09090909090909091,0.045454545454545456,0.0,0.0,inf,0.19543942063026032
lipid,C18H21BrO2,18,21,2,0,0,0,1.1666666666666667,0.1111111111111111,0.0,0.0,0.0,,0.19543942063026032
lipid,C20H28O5,20,28,5,0,0,0,1.4,0.25,0.0,0.0,0.0,,0.19543942063026032
lipid,C24H28O2,24,28,2,0,0,0,1.1666666666666667,0.08333333333333333,0.0,0.0,0.0,,0.19543942063026032
lipid,C21H32O4,21,32,4,0,0,0,1.5238095238095237,0.19047619047619047,0.0,0.0,0.0,,0.19543942063026032
lipid,C18H36O6,18,36,6,0,0,0,2.0,0.3333333333333333,0.0,0.0,0.0,,0.19543942063026032
lipid,C22H36O3,22,36,3,0,0,0,1.6363636363636365,0.13636363636363635,0.0,0.0,0.0,,0.19543942063026032
lipid,C25H46,25,46,0,0,0,0,1.84,0.0,0.0,0.0,0.0,,0.19543942063026032
lipid,C23H44O2,23,44,2,0,0,0,1.9130434782608696,0.08695652173913043,0.0,0.0,0.0,,0.19543942063026032
lipid,C24H48O,24,48,1,0,0,0,2.0,0.041666666666666664,0.0,0.0,0.0,,0.19543942063026032
lipid,C25H52,25,52,0,0,0,0,2.08,0.0,0.0,0.0,0.0,,0.19543942063026032
lipid,C22H44O3,22,44,3,0,0,0,2.0,0.13636363636363635,0.0,0.0,0.0,,0.19543942063026032
lipid,C23H48O2,23,48,2,0,0,0,2.0869565217391304,0.08695652173913043,0.0,0.0,0.0,,0.19543942063026032
lipid,C19H35NO5,19,35,5,1,0,0,1.8421052631578947,0.2631578947368421,0.05263157894736842,0.0,0.0,inf,0.19543942063026032
lipid,C23H35NO2,23,35,2,1,0,0,1.5217391304347827,0.08695652173913043,0.043478260869565216,0.0,0.0,inf,0.19543942063026032
lipid,C20H39NO4,20,39,4,1,0,0,1.95,0.2,0.05,0.0,0.0,inf,0.19543942063026032
lipid,C22H44FNO,22,44,1,1,0,0,2.0,0.045454545454545456,0.045454545454545456,0.0,0.0,inf,0.19543942063026032
lipid,C22H30O4,22,30,4,0,0,0,1.3636363636363635,0.18181818181818182,0.0,0.0,0.0,,0.19543942063026032
lipid,C20H40N2O3,20,40,3,2,0,0,2.0,0.15,0.1,0.0,0.0,inf,0.19543942063026032
lipid,C20H38O5,20,38,5,0,0,0,1.9,0.25,0.0,0.0,0.0,,0.19543942063026032
lipid,C25H42O,25,42,1,0,0,0,1.68,0.04,0.0,0.0,0.0,,0.19543942063026032
lipid,C19H37NO5,19,37,5,1,0,0,1.9473684210526316,0.2631578947368421,0.05263157894736842,0.0,0.0,inf,0.19543942063026032
lipid,C23H37NO2,23,37,2,1,0,0,1.608695652173913,0.08695652173913043,0.043478260869565216,0.0,0.0,inf,0.19543942063026032
lipid,C24H41NO,24,41,1,1,0,0,1.7083333333333333,0.041666666666666664,0.041666666666666664,0.0,0.0,inf,0.19543942063026032
lipid,C19H21BrO2,19,21,2,0,0,0,1.105263157894737,0.10526315789473684,0.0,0.0,0.0,,0.19543942063026032
lipid,C17H28O8,17,28,8,0,0,0,1.6470588235294117,0.47058823529411764,0.0,0.0,0.0,,0.19543942063026032
lipid,C22H32O4,22,32,4,0,0,0,1.4545454545454546,0.18181818181818182,0.0,0.0,0.0,,0.19543942063026032
lipid,C24H38O2,24,38,2,0,0,0,1.5833333333333333,0.08333333333333333,0.0,0.0,0.0,,0.19543942063026032
lipid,C20H40O4,20,40,4,0,0,0,2.0,0.2,0.0,0.0,0.0,,0.19543942063026032
lipid,C21H40O4,21,40,4,0,0,0,1.9047619047619047,0.19047619047619047,0.0,0.0,0.0,,0.19543942063026032
lipid,C19H36N2O4,19,36,4,2,0,0,1.894736842105263,0.21052631578947367,0.10526315789473684,0.0,0.0,inf,0.19543942063026032
lipid,C20H35NO4,20,35,4,1,0,0,1.75,0.2,0.05,0.0,0.0,inf,0.19543942063026032
lipid,C21H39NO3,21,39,3,1,0,0,1.8571428571428572,0.14285714285714285,0.047619047619047616,0.0,0.0,inf,0.19543942063026032
lipid,C22H43NO2,22,43,2,1,0,0,1.9545454545454546,0.09090909090909091,0.045454545454545456,0.0,0.0,inf,0.19543942063026032
lipid,C19H30O6,19,30,6,0,0,0,1.5789473684210527,0.3157894736842105,0.0,0.0,0.0,,0.19543942063026032
lipid,C20H34O5,20,34,5,0,0,0,1.7,0.25,0.0,0.0,0.0,,0.19543942063026032
lipid,C24H34O2,24,34,2,0,0,0,1.4166666666666667,0.08333333333333333,0.0,0.0,0.0,,0.19543942063026032
lipid,C21H38O4,21,38,4,0,0,0,1.8095238095238095,0.19047619047619047,0.0,0.0,0.0,,0.19543942063026032
lipid,C24H36O2,24,36,2,0,0,0,1.5,0.08333333333333333,0.0,0.0,0.0,,0.19543942063026032
lipid,C20H38N2O3,20,38,3,2,0,0,1.9,0.15,0.1,0.0,0.0,inf,0.19543942063026032
lipid,C23H46O2,23,46,2,0,0,0,2.0,0.08695652173913043,0.0,0.0,0.0,,0.19543942063026032
lipid,C24H50O,24,50,1,0,0,0,2.0833333333333335,0.041666666666666664,0.0,0.0,0.0,,0.19543942063026032
lipid,C21H41NO3,21,41,3,1,0,0,1.9523809523809523,0.14285714285714285,0.047619047619047616,0.0,0.0,inf,0.19543942063026032
lipid,C22H45NO2,22,45,2,1,0,0,2.0454545454545454,0.09090909090909091,0.045454545454545456,0.0,0.0,inf,0.19543942063026032
lipid,C26H28O,26,28,1,0,0,0,1.0769230769230769,0.038461538461538464,0.0,0.0,0.0,,0.19543942063026032
lipid,C19H32O6,19,32,6,0,0,0,1.6842105263157894,0.3157894736842105,0.0,0.0,0.0,,0.19543942063026032
lipid,C20H36O5,20,36,5,0,0,0,1.8,0.25,0.0,0.0,0.0,,0.19543942063026032
lipid,C22H42O3,22,42,3,0,0,0,1.9090909090909092,0.13636363636363635,0.0,0.0,0.0,,0.19543942063026032
lipid,C23H36O2,23,36,2,0,0,0,1.565217391304348,0.08695652173913043,0.0,0.0,0.0,,0.19543942063026032
lipid,C19H36O5,19,36,5,0,0,0,1.894736842105263,0.2631578947368421,0.0,0.0,0.0,,0.19543942063026032
lipid,C22H32O3,22,32,3,0,0,0,1.4545454545454546,0.13636363636363635,0.0,0.0,0.0,,0.19543942063026032
lipid,C22H34O2,22,34,2,0,0,0,1.5454545454545454,0.09090909090909091,0.0,0.0,0.0,,0.19543942063026032
lipid,C20H39O2F,20,39,2,0,0,0,1.95,0.1,0.0,0.0,0.0,,0.19543942063026032
lipid,C22H37NO,22,37,1,1,0,0,1.6818181818181819,0.045454545454545456,0.045454545454545456,0.0,0.0,inf,0.19543942063026032
lipid,C16H29BrO2,16,29,2,0,0,0,1.8125,0.125,0.0,0.0,0.0,,0.19543942063026032
lipid,C16H28O7,16,28,7,0,0,0,1.75,0.4375,0.0,0.0,0.0,,0.19543942063026032
lipid,C20H28O4,20,28,4,0,0,0,1.4,0.2,0.0,0.0,0.0,,0.19543942063026032
lipid,C17H37OAs,17,37,1,0,0,0,2.176470588235294,0.058823529411764705,0.0,0.0,0.0,,0.19543942063026032
lipid,C18H34O5,18,34,5,0,0,0,1.8888888888888888,0.2777777777777778,0.0,0.0,0.0,,0.19543942063026032
lipid,C18H36O5,18,36,5,0,0,0,2.0,0.2777777777777778,0.0,0.0,0.0,,0.19543942063026032
lipid,C16H14O4S2,16,14,4,0,2,0,0.875,0.25,0.0,0.125,0.0,,0.19543942063026032
lipid,C15H31O3As,15,31,3,0,0,0,2.066666666666667,0.2,0.0,0.0,0.0,,0.19543942063026032
lipid,C16H31BrO2,16,31,2,0,0,0,1.9375,0.125,0.0,0.0,0.0,,0.19543942063026032
lipid,C16H30O7,16,30,7,0,0,0,1.875,0.4375,0.0,0.0,0.0,,0.19543942063026032
lipid,C20H30O4,20,30,4,0,0,0,1.5,0.2,0.0,0.0,0.0,,0.19543942063026032
lipid,C18H35ClO3,18,35,3,0,0,0,1.9444444444444444,0.16666666666666666,0.0,0.0,0.0,,0.19543942063026032
lipid,C21H34O3,21,34,3,0,0,0,1.619047619047619,0.14285714285714285,0.0,0.0,0.0,,0.19543942063026032
lipid,C22H36O2,22,36,2,0,0,0,1.6363636363636365,0.09090909090909091,0.0,0.0,0.0,,0.19543942063026032
lipid,C22H38O2,22,38,2,0,0,0,1.7272727272727273,0.09090909090909091,0.0,0.0,0.0,,0.19543942063026032
lipid,C24H26O,24,26,1,0,0,0,1.0833333333333333,0.041666666666666664,0.0,0.0,0.0,,0.19543942063026032
lipid,C19H39NO3,19,39,3,1,0,0,2.0526315789473686,0.15789473684210525,0.05263157894736842,0.0,0.0,inf,0.19543942063026032
lipid,C21H42O2,21,42,2,0,0,0,2.0,0.09523809523809523,0.0,0.0,0.0,,0.19543942063026032
lipid,C22H46O,22,46,1,0,0,0,2.090909090909091,0.045454545454545456,0.0,0.0,0.0,,0.19543942063026032
lipid,C18H33NO4,18,33,4,1,0,0,1.8333333333333333,0.2222222222222222,0.05555555555555555,0.0,0.0,inf,0.19543942063026032
lipid,C19H37NO3,19,37,3,1,0,0,1.9473684210526316,0.15789473684210525,0.05263157894736842,0.0,0.0,inf,0.19543942063026032
lipid,C20H41NO2,20,41,2,1,0,0,2.05,0.1,0.05,0.0,0.0,inf,0.19543942063026032
lipid,C16H24O7,16,24,7,0,0,0,1.5,0.4375,0.0,0.0,0.0,,0.19543942063026032
lipid,C18H29ClO3,18,29,3,0,0,0,1.6111111111111112,0.16666666666666666,0.0,0.0,0.0,,0.19543942063026032
lipid,C16H26O7,16,26,7,0,0,0,1.625,0.4375,0.0,0.0,0.0,,0.19543942063026032
lipid,C18H32O5,18,32,5,0,0,0,1.7777777777777777,0.2777777777777778,0.0,0.0,0.0,,0.19543942063026032
lipid,C19H36O4,19,36,4,0,0,0,1.894736842105263,0.21052631578947367,0.0,0.0,0.0,,0.19543942063026032
lipid,C18H36N2O3,18,36,3,2,0,0,2.0,0.16666666666666666,0.1111111111111111,0.0,0.0,inf,0.19543942063026032
lipid,C20H37FO2,20,37,2,0,0,0,1.85,0.1,0.0,0.0,0.0,,0.19543942063026032
lipid,C20H40O3,20,40,3,0,0,0,2.0,0.15,0.0,0.0,0.0,,0.19543942063026032
lipid,C21H44O2,21,44,2,0,0,0,2.0952380952380953,0.09523809523809523,0.0,0.0,0.0,,0.19543942063026032
lipid,C17H31NO5,17,31,5,1,0,0,1.8235294117647058,0.29411764705882354,0.058823529411764705,0.0,0.0,inf,0.19543942063026032
lipid,C18H35NO4,18,35,4,1,0,0,1.9444444444444444,0.2222222222222222,0.05555555555555555,0.0,0.0,inf,0.19543942063026032
lipid,C22H32O2,22,32,2,0,0,0,1.4545454545454546,0.09090909090909091,0.0,0.0,0.0,,0.19543942063026032
lipid,C19H41OAs,19,41,1,0,0,0,2.1578947368421053,0.05263157894736842,0.0,0.0,0.0,,0.19543942063026032
lipid,C23H42O,23,42,1,0,0,0,1.826086956521739,0.043478260869565216,0.0,0.0,0.0,,0.19543942063026032
lipid,C21H37NO2,21,37,2,1,0,0,1.7619047619047619,0.09523809523809523,0.047619047619047616,0.0,0.0,inf,0.19543942063026032
lipid,C22H44O2,22,44,2,0,0,0,2.0,0.09090909090909091,0.0,0.0,0.0,,0.19543942063026032
lipid,C23H48O,23,48,1,0,0,0,2.0869565217391304,0.043478260869565216,0.0,0.0,0.0,,0.19543942063026032
lipid,C20H39NO3,20,39,3,1,0,0,1.95,0.15,0.05,0.0,0.0,inf,0.19543942063026032
lipid,C18H30O6,18,30,6,0,0,0,1.6666666666666667,0.3333333333333333,0.0,0.0,0.0,,0.19543942063026032
lipid,C22H30O3,22,30,3,0,0,0,1.3636363636363635,0.13636363636363635,0.0,0.0,0.0,,0.19543942063026032
lipid,C19H34O5,19,34,5,0,0,0,1.7894736842105263,0.2631578947368421,0.0,0.0,0.0,,0.19543942063026032
lipid,C23H34O2,23,34,2,0,0,0,1.4782608695652173,0.08695652173913043,0.0,0.0,0.0,,0.19543942063026032
lipid,C21H40O3,21,40,3,0,0,0,1.9047619047619047,0.14285714285714285,0.0,0.0,0.0,,0.19543942063026032
lipid,C20H38O4,20,38,4,0,0,0,1.9,0.2,0.0,0.0,0.0,,0.19543942063026032
lipid,C25H42,25,42,0,0,0,0,1.68,0.0,0.0,0.0,0.0,,0.19543942063026032
lipid,C22H46O2,22,46,2,0,0,0,2.090909090909091,0.09090909090909091,0.0,0.0,0.0,,0.19543942063026032
lipid,C15H22NO6P,15,22,6,1,0,1,1.4666666666666666,0.4,0.06666666666666667,0.0,0.06666666666666667,1.0,0.19543942063026032
lipid,C19H37NO4,19,37,4,1,0,0,1.9473684210526316,0.21052631578947367,0.05263157894736842,0.0,0.0,inf,0.19543942063026032
lipid,C12H24O11,12,24,11,0,0,0,2.0,0.9166666666666666,0.0,0.0,0.0,,0.19543942063026032
lipid,C24H24O2,24,24,2,0,0,0,1.0,0.08333333333333333,0.0,0.0,0.0,,0.19543942063026032
lipid,C18H32O6,18,32,6,0,0,0,1.7777777777777777,0.3333333333333333,0.0,0.0,0.0,,0.19543942063026032
lipid,C21H42O3,21,42,3,0,0,0,2.0,0.14285714285714285,0.0,0.0,0.0,,0.19543942063026032
lipid,C24H46,24,46,0,0,0,0,1.9166666666666667,0.0,0.0,0.0,0.0,,0.19543942063026032
lipid,C20H36O4,20,36,4,0,0,0,1.8,0.2,0.0,0.0,0.0,,0.19543942063026032
lipid,C22H45NO,22,45,1,1,0,0,2.0454545454545454,0.045454545454545456,0.045454545454545456,0.0,0.0,inf,0.19543942063026032
lipid,C22H41NO,22,41,1,1,0,0,1.8636363636363635,0.045454545454545456,0.045454545454545456,0.0,0.0,inf,0.19543942063026032
lipid,C20H32O4,20,32,4,0,0,0,1.6,0.2,0.0,0.0,0.0,,0.19543942063026032
lipid,C21H36O3,21,36,3,0,0,0,1.7142857142857142,0.14285714285714285,0.0,0.0,0.0,,0.19543942063026032
lipid,C22H40O2,22,40,2,0,0,0,1.8181818181818181,0.09090909090909091,0.0,0.0,0.0,,0.19543942063026032
lipid,C23H44O,23,44,1,0,0,0,1.9130434782608696,0.043478260869565216,0.0,0.0,0.0,,0.19543942063026032
lipid,C24H48,24,48,0,0,0,0,2.0,0.0,0.0,0.0,0.0,,0.19543942063026032
lipid,C12H19NO10,12,19,10,1,0,0,1.5833333333333333,0.8333333333333334,0.08333333333333333,0.0,0.0,inf,0.19543942063026032
lipid,C18H28O6,18,28,6,0,0,0,1.5555555555555556,0.3333333333333333,0.0,0.0,0.0,,0.19543942063026032
lipid,C20H35NO3,20,35,3,1,0,0,1.75,0.15,0.05,0.0,0.0,inf,0.19543942063026032
lipid,C18H26O6,18,26,6,0,0,0,1.4444444444444444,0.3333333333333333,0.0,0.0,0.0,,0.19543942063026032
lipid,C20H34O4,20,34,4,0,0,0,1.7,0.2,0.0,0.0,0.0,,0.19543942063026032
lipid,C22H42O2,22,42,2,0,0,0,1.9090909090909092,0.09090909090909091,0.0,0.0,0.0,,0.19543942063026032
lipid,C23H46O,23,46,1,0,0,0,2.0,0.043478260869565216,0.0,0.0,0.0,,0.19543942063026032
lipid,C24H50,24,50,0,0,0,0,2.0833333333333335,0.0,0.0,0.0,0.0,,0.19543942063026032
lipid,C22H29NO2,22,29,2,1,0,0,1.3181818181818181,0.09090909090909091,0.045454545454545456,0.0,0.0,inf,0.19543942063026032
lipid,C20H37NO3,20,37,3,1,0,0,1.85,0.15,0.05,0.0,0.0,inf,0.19543942063026032
lipid,C22H43NO,22,43,1,1,0,0,1.9545454545454546,0.045454545454545456,0.045454545454545456,0.0,0.0,inf,0.19543942063026032
lipid,C20H38O3,20,38,3,0,0,0,1.9,0.15,0.0,0.0,0.0,,0.19543942063026032
lipid,C23H36O3,23,36,3,0,0,0,1.565217391304348,0.13043478260869565,0.0,0.0,0.0,,0.19543942063026032
lipid,C22H35NO3,22,35,3,1,0,0,1.5909090909090908,0.13636363636363635,0.045454545454545456,0.0,0.0,inf,0.19543942063026032
lipid,C24H49NO2,24,49,2,1,0,0,2.0416666666666665,0.08333333333333333,0.041666666666666664,0.0,0.0,inf,0.19543942063026032
lipid,C20H32O7,20,32,7,0,0,0,1.6,0.35,0.0,0.0,0.0,,0.19543942063026032
lipid,C21H40N2O4,21,40,4,2,0,0,1.9047619047619047,0.19047619047619047,0.09523809523809523,0.0,0.0,inf,0.19543942063026032
lipid,C26H40O2,26,40,2,0,0,0,1.5384615384615385,0.07692307692307693,0.0,0.0,0.0,,0.19543942063026032
lipid,C23H44O4,23,44,4,0,0,0,1.9130434782608696,0.17391304347826086,0.0,0.0,0.0,,0.19543942063026032
lipid,C24H48O3,24,48,3,0,0,0,2.0,0.125,0.0,0.0,0.0,,0.19543942063026032
lipid,C21H39NO5,21,39,5,1,0,0,1.8571428571428572,0.23809523809523808,0.047619047619047616,0.0,0.0,inf,0.19543942063026032
lipid,C18H22N2O4Fe,18,22,4,2,0,0,1.2222222222222223,0.2222222222222222,0.1111111111111111,0.0,0.0,inf,0.19543942063026032
lipid,C20H35BrO2,20,35,2,0,0,0,1.75,0.1,0.0,0.0,0.0,,0.19543942063026032
lipid,C19H30O8,19,30,8,0,0,0,1.5789473684210527,0.42105263157894735,0.0,0.0,0.0,,0.19543942063026032
lipid,C23H30O5,23,30,5,0,0,0,1.3043478260869565,0.21739130434782608,0.0,0.0,0.0,,0.19543942063026032
lipid,C20H34O7,20,34,7,0,0,0,1.7,0.35,0.0,0.0,0.0,,0.19543942063026032
lipid,C21H42N2O4,21,42,4,2,0,0,2.0,0.19047619047619047,0.09523809523809523,0.0,0.0,inf,0.19543942063026032
lipid,C26H42O2,26,42,2,0,0,0,1.6153846153846154,0.07692307692307693,0.0,0.0,0.0,,0.19543942063026032
lipid,C17H25NO7S,17,25,7,1,1,0,1.4705882352941178,0.4117647058823529,0.058823529411764705,0.058823529411764705,0.0,inf,0.19543942063026032
lipid,C23H45NO3,23,45,3,1,0,0,1.9565217391304348,0.13043478260869565,0.043478260869565216,0.0,0.0,inf,0.19543942063026032
lipid,C22H41NO4,22,41,4,1,0,0,1.8636363636363635,0.18181818181818182,0.045454545454545456,0.0,0.0,inf,0.19543942063026032
lipid,C25H37NO2,25,37,2,1,0,0,1.48,0.08,0.04,0.0,0.0,inf,0.19543942063026032
lipid,C21H37NO5,21,37,5,1,0,0,1.7619047619047619,0.23809523809523808,0.047619047619047616,0.0,0.0,inf,0.19543942063026032
lipid,C23H40O4,23,40,4,0,0,0,1.7391304347826086,0.17391304347826086,0.0,0.0,0.0,,0.19543942063026032
lipid,C24H44O3,24,44,3,0,0,0,1.8333333333333333,0.125,0.0,0.0,0.0,,0.19543942063026032
lipid,C25H48O2,25,48,2,0,0,0,1.92,0.08,0.0,0.0,0.0,,0.19543942063026032
lipid,C26H52O,26,52,1,0,0,0,2.0,0.038461538461538464,0.0,0.0,0.0,,0.19543942063026032
lipid,C27H56,27,56,0,0,0,0,2.074074074074074,0.0,0.0,0.0,0.0,,0.19543942063026032
lipid,C22H39NO4,22,39,4,1,0,0,1.7727272727272727,0.18181818181818182,0.045454545454545456,0.0,0.0,inf,0.19543942063026032
lipid,C23H43NO3,23,43,3,1,0,0,1.8695652173913044,0.13043478260869565,0.043478260869565216,0.0,0.0,inf,0.19543942063026032
lipid,C23H33NO4,23,33,4,1,0,0,1.434782608695652,0.17391304347826086,0.043478260869565216,0.0,0.0,inf,0.19543942063026032
lipid,C24H47NO2,24,47,2,1,0,0,1.9583333333333333,0.08333333333333333,0.041666666666666664,0.0,0.0,inf,0.19543942063026032
lipid,C20H30O7,20,30,7,0,0,0,1.5,0.35,0.0,0.0,0.0,,0.19543942063026032
lipid,C22H38O5,22,38,5,0,0,0,1.7272727272727273,0.22727272727272727,0.0,0.0,0.0,,0.19543942063026032
lipid,C21H38N2O4,21,38,4,2,0,0,1.8095238095238095,0.19047619047619047,0.09523809523809523,0.0,0.0,inf,0.19543942063026032
lipid,C23H42O4,23,42,4,0,0,0,1.826086956521739,0.17391304347826086,0.0,0.0,0.0,,0.19543942063026032
lipid,C24H46O3,24,46,3,0,0,0,1.9166666666666667,0.125,0.0,0.0,0.0,,0.19543942063026032
lipid,C25H50O2,25,50,2,0,0,0,2.0,0.08,0.0,0.0,0.0,,0.19543942063026032
lipid,C26H54O,26,54,1,0,0,0,2.076923076923077,0.038461538461538464,0.0,0.0,0.0,,0.19543942063026032
lipid,C16H31IO2,16,31,2,0,0,0,1.9375,0.125,0.0,0.0,0.0,,0.19543942063026032
lipid,C20H37NO4S,20,37,4,1,1,0,1.85,0.2,0.05,0.05,0.0,inf,0.19543942063026032
lipid,C21H41NO3S,21,41,3,1,1,0,1.9523809523809523,0.14285714285714285,0.047619047619047616,0.047619047619047616,0.0,inf,0.19543942063026032
lipid,C21H41NO5,21,41,5,1,0,0,1.9523809523809523,0.23809523809523808,0.047619047619047616,0.0,0.0,inf,0.19543942063026032
lipid,C25H45NO2,25,45,2,1,0,0,1.8,0.08,0.04,0.0,0.0,inf,0.19543942063026032
lipid,C22H32O6,22,32,6,0,0,0,1.4545454545454546,0.2727272727272727,0.0,0.0,0.0,,0.19543942063026032
lipid,C25H44O3,25,44,3,0,0,0,1.76,0.12,0.0,0.0,0.0,,0.19543942063026032
lipid,C26H48O2,26,48,2,0,0,0,1.8461538461538463,0.07692307692307693,0.0,0.0,0.0,,0.19543942063026032
lipid,C27H52O,27,52,1,0,0,0,1.9259259259259258,0.037037037037037035,0.0,0.0,0.0,,0.19543942063026032
lipid,C28H56,28,56,0,0,0,0,2.0,0.0,0.0,0.0,0.0,,0.19543942063026032
lipid,C23H39NO4,23,39,4,1,0,0,1.6956521739130435,0.17391304347826086,0.043478260869565216,0.0,0.0,inf,0.19543942063026032
lipid,C24H41NO3,24,41,3,1,0,0,1.7083333333333333,0.125,0.041666666666666664,0.0,0.0,inf,0.19543942063026032
lipid,C22H39N3O3,22,39,3,3,0,0,1.7727272727272727,0.13636363636363635,0.13636363636363635,0.0,0.0,inf,0.19543942063026032
lipid,C26H50O2,26,50,2,0,0,0,1.9230769230769231,0.07692307692307693,0.0,0.0,0.0,,0.19543942063026032
lipid,C27H54O,27,54,1,0,0,0,2.0,0.037037037037037035,0.0,0.0,0.0,,0.19543942063026032
lipid,C28H58,28,58,0,0,0,0,2.0714285714285716,0.0,0.0,0.0,0.0,,0.19543942063026032
lipid,C22H37NO5,22,37,5,1,0,0,1.6818181818181819,0.22727272727272727,0.045454545454545456,0.0,0.0,inf,0.19543942063026032
lipid,C23H41NO4,23,41,4,1,0,0,1.7826086956521738,0.17391304347826086,0.043478260869565216,0.0,0.0,inf,0.19543942063026032
lipid,C24H45NO3,24,45,3,1,0,0,1.875,0.125,0.041666666666666664,0.0,0.0,inf,0.19543942063026032
lipid,C21H29ClO5,21,29,5,0,0,0,1.380952380952381,0.23809523809523808,0.0,0.0,0.0,,0.19543942063026032
lipid,C22H34O6,22,34,6,0,0,0,1.5454545454545454,0.2727272727272727,0.0,0.0,0.0,,0.19543942063026032
lipid,C22H36O5,22,36,5,0,0,0,1.6363636363636365,0.22727272727272727,0.0,0.0,0.0,,0.19543942063026032
lipid,C20H41NO4S,20,41,4,1,1,0,2.05,0.2,0.05,0.05,0.0,inf,0.19543942063026032
lipid,C27H50O,27,50,1,0,0,0,1.8518518518518519,0.037037037037037035,0.0,0.0,0.0,,0.19543942063026032
lipid,C25H41NO2,25,41,2,1,0,0,1.64,0.08,0.04,0.0,0.0,inf,0.19543942063026032
lipid,C18H28O9,18,28,9,0,0,0,1.5555555555555556,0.5,0.0,0.0,0.0,,0.19543942063026032
lipid,C19H37O3As,19,37,3,0,0,0,1.9473684210526316,0.15789473684210525,0.0,0.0,0.0,,0.19543942063026032
lipid,C19H32O8,19,32,8,0,0,0,1.6842105263157894,0.42105263157894735,0.0,0.0,0.0,,0.19543942063026032
lipid,C23H32O5,23,32,5,0,0,0,1.391304347826087,0.21739130434782608,0.0,0.0,0.0,,0.19543942063026032
lipid,C26H44O2,26,44,2,0,0,0,1.6923076923076923,0.07692307692307693,0.0,0.0,0.0,,0.19543942063026032
lipid,C27H48O,27,48,1,0,0,0,1.7777777777777777,0.037037037037037035,0.0,0.0,0.0,,0.19543942063026032
lipid,C23H37NO4,23,37,4,1,0,0,1.608695652173913,0.17391304347826086,0.043478260869565216,0.0,0.0,inf,0.19543942063026032
lipid,C20H39NO4S,20,39,4,1,1,0,1.95,0.2,0.05,0.05,0.0,inf,0.19543942063026032
lipid,C25H43NO2,25,43,2,1,0,0,1.72,0.08,0.04,0.0,0.0,inf,0.19543942063026032
lipid,C18H30O9,18,30,9,0,0,0,1.6666666666666667,0.5,0.0,0.0,0.0,,0.19543942063026032
lipid,C20H29F3O4,20,29,4,0,0,0,1.45,0.2,0.0,0.0,0.0,,0.19543942063026032
lipid,C16H30N4O7,16,30,7,4,0,0,1.875,0.4375,0.25,0.0,0.0,inf,0.19543942063026032
lipid,C19H34O8,19,34,8,0,0,0,1.7894736842105263,0.42105263157894735,0.0,0.0,0.0,,0.19543942063026032
lipid,C23H34O5,23,34,5,0,0,0,1.4782608695652173,0.21739130434782608,0.0,0.0,0.0,,0.19543942063026032
lipid,C26H46O2,26,46,2,0,0,0,1.7692307692307692,0.07692307692307693,0.0,0.0,0.0,,0.19543942063026032
lipid,C24H39NO3,24,39,3,1,0,0,1.625,0.125,0.041666666666666664,0.0,0.0,inf,0.19543942063026032
lipid,C18H36O8,18,36,8,0,0,0,2.0,0.4444444444444444,0.0,0.0,0.0,,0.19543942063026032
lipid,C21H29ClO4,21,29,4,0,0,0,1.380952380952381,0.19047619047619047,0.0,0.0,0.0,,0.19543942063026032
lipid,C23H41NO3,23,41,3,1,0,0,1.7826086956521738,0.13043478260869565,0.043478260869565216,0.0,0.0,inf,0.19543942063026032
lipid,C24H46O2,24,46,2,0,0,0,1.9166666666666667,0.08333333333333333,0.0,0.0,0.0,,0.19543942063026032
lipid,C25H50O,25,50,1,0,0,0,2.0,0.04,0.0,0.0,0.0,,0.19543942063026032
lipid,C26H54,26,54,0,0,0,0,2.076923076923077,0.0,0.0,0.0,0.0,,0.19543942063026032
lipid,C21H37NO4,21,37,4,1,0,0,1.7619047619047619,0.19047619047619047,0.047619047619047616,0.0,0.0,inf,0.19543942063026032
lipid,C25H37NO,25,37,1,1,0,0,1.48,0.04,0.04,0.0,0.0,inf,0.19543942063026032
lipid,C22H41NO3,22,41,3,1,0,0,1.8636363636363635,0.13636363636363635,0.045454545454545456,0.0,0.0,inf,0.19543942063026032
lipid,C19H29BrO2,19,29,2,0,0,0,1.5263157894736843,0.10526315789473684,0.0,0.0,0.0,,0.19543942063026032
lipid,C21H34O5,21,34,5,0,0,0,1.619047619047619,0.23809523809523808,0.0,0.0,0.0,,0.19543942063026032
lipid,C20H32O6,20,32,6,0,0,0,1.6,0.3,0.0,0.0,0.0,,0.19543942063026032
lipid,C22H40O4,22,40,4,0,0,0,1.8181818181818181,0.18181818181818182,0.0,0.0,0.0,,0.19543942063026032
lipid,C23H44O3,23,44,3,0,0,0,1.9130434782608696,0.13043478260869565,0.0,0.0,0.0,,0.19543942063026032
lipid,C24H48O2,24,48,2,0,0,0,2.0,0.08333333333333333,0.0,0.0,0.0,,0.19543942063026032
lipid,C21H39NO4,21,39,4,1,0,0,1.8571428571428572,0.19047619047619047,0.047619047619047616,0.0,0.0,inf,0.19543942063026032
lipid,C25H39NO,25,39,1,1,0,0,1.56,0.04,0.04,0.0,0.0,inf,0.19543942063026032
lipid,C22H43NO3,22,43,3,1,0,0,1.9545454545454546,0.13636363636363635,0.045454545454545456,0.0,0.0,inf,0.19543942063026032
lipid,C20H27NaO5 ,20,27,5,0,0,0,1.35,0.25,0.0,0.0,0.0,,0.19543942063026032
lipid,C21H36O5,21,36,5,0,0,0,1.7142857142857142,0.23809523809523808,0.0,0.0,0.0,,0.19543942063026032
lipid,C20H31ClO4,20,31,4,0,0,0,1.55,0.2,0.0,0.0,0.0,,0.19543942063026032
lipid,C20H30O6,20,30,6,0,0,0,1.5,0.3,0.0,0.0,0.0,,0.19543942063026032
lipid,C24H44O2,24,44,2,0,0,0,1.8333333333333333,0.08333333333333333,0.0,0.0,0.0,,0.19543942063026032
lipid,C23H39NO2,23,39,2,1,0,0,1.6956521739130435,0.08695652173913043,0.043478260869565216,0.0,0.0,inf,0.19543942063026032
lipid,C19H23BrO2,19,23,2,0,0,0,1.2105263157894737,0.10526315789473684,0.0,0.0,0.0,,0.19543942063026032
lipid,C17H35O3As,17,35,3,0,0,0,2.0588235294117645,0.17647058823529413,0.0,0.0,0.0,,0.19543942063026032
lipid,C18H35BrO2,18,35,2,0,0,0,1.9444444444444444,0.1111111111111111,0.0,0.0,0.0,,0.19543942063026032
lipid,C22H34O4,22,34,4,0,0,0,1.5454545454545454,0.18181818181818182,0.0,0.0,0.0,,0.19543942063026032
lipid,C24H42O2,24,42,2,0,0,0,1.75,0.08333333333333333,0.0,0.0,0.0,,0.19543942063026032
lipid,C26H50,26,50,0,0,0,0,1.9230769230769231,0.0,0.0,0.0,0.0,,0.19543942063026032
lipid,C26H52,26,52,0,0,0,0,2.0,0.0,0.0,0.0,0.0,,0.19543942063026032
lipid,C18H37NO4S,18,37,4,1,1,0,2.0555555555555554,0.2222222222222222,0.05555555555555555,0.05555555555555555,0.0,inf,0.19543942063026032
lipid,C23H38FNO,23,38,1,1,0,0,1.6521739130434783,0.043478260869565216,0.043478260869565216,0.0,0.0,inf,0.19543942063026032
lipid,C23H41NO2,23,41,2,1,0,0,1.7826086956521738,0.08695652173913043,0.043478260869565216,0.0,0.0,inf,0.19543942063026032
lipid,C14H24Cl4O2,14,24,2,0,0,0,1.7142857142857142,0.14285714285714285,0.0,0.0,0.0,,0.19543942063026032
lipid,C19H25BrO2,19,25,2,0,0,0,1.3157894736842106,0.10526315789473684,0.0,0.0,0.0,,0.19543942063026032
lipid,C20H28O6,20,28,6,0,0,0,1.4,0.3,0.0,0.0,0.0,,0.19543942063026032
lipid,C22H36O4,22,36,4,0,0,0,1.6363636363636365,0.18181818181818182,0.0,0.0,0.0,,0.19543942063026032
lipid,C23H40O3,23,40,3,0,0,0,1.7391304347826086,0.13043478260869565,0.0,0.0,0.0,,0.19543942063026032
lipid,C22H37NO3,22,37,3,1,0,0,1.6818181818181819,0.13636363636363635,0.045454545454545456,0.0,0.0,inf,0.19543942063026032
lipid,C24H40O2,24,40,2,0,0,0,1.6666666666666667,0.08333333333333333,0.0,0.0,0.0,,0.19543942063026032
lipid,C20H34O6,20,34,6,0,0,0,1.7,0.3,0.0,0.0,0.0,,0.19543942063026032
lipid,C23H46O3,23,46,3,0,0,0,2.0,0.13043478260869565,0.0,0.0,0.0,,0.19543942063026032
lipid,C20H44OAs,20,44,1,0,0,0,2.2,0.05,0.0,0.0,0.0,,0.19543942063026032
lipid,C23H37NO3,23,37,3,1,0,0,1.608695652173913,0.13043478260869565,0.043478260869565216,0.0,0.0,inf,0.19543942063026032
lipid,C24H41NO2,24,41,2,1,0,0,1.7083333333333333,0.08333333333333333,0.041666666666666664,0.0,0.0,inf,0.19543942063026032
lipid,C20H25BrO2,20,25,2,0,0,0,1.25,0.1,0.0,0.0,0.0,,0.19543942063026032
lipid,C22H32O5,22,32,5,0,0,0,1.4545454545454546,0.22727272727272727,0.0,0.0,0.0,,0.19543942063026032
lipid,C25H44O2,25,44,2,0,0,0,1.76,0.08,0.0,0.0,0.0,,0.19543942063026032
lipid,C27H52,27,52,0,0,0,0,1.9259259259259258,0.0,0.0,0.0,0.0,,0.19543942063026032
lipid,C27H50,27,50,0,0,0,0,1.8518518518518519,0.0,0.0,0.0,0.0,,0.19543942063026032
lipid,C22H35NO4,22,35,4,1,0,0,1.5909090909090908,0.18181818181818182,0.045454545454545456,0.0,0.0,inf,0.19543942063026032
lipid,C23H39NO3,23,39,3,1,0,0,1.6956521739130435,0.13043478260869565,0.043478260869565216,0.0,0.0,inf,0.19543942063026032
lipid,C22H34O5,22,34,5,0,0,0,1.5454545454545454,0.22727272727272727,0.0,0.0,0.0,,0.19543942063026032
lipid,C23H38O4,23,38,4,0,0,0,1.6521739130434783,0.17391304347826086,0.0,0.0,0.0,,0.19543942063026032
lipid,C24H42O3,24,42,3,0,0,0,1.75,0.125,0.0,0.0,0.0,,0.19543942063026032
lipid,C25H46O2,25,46,2,0,0,0,1.84,0.08,0.0,0.0,0.0,,0.19543942063026032
lipid,C27H54,27,54,0,0,0,0,2.0,0.0,0.0,0.0,0.0,,0.19543942063026032
lipid,C22H37NO4,22,37,4,1,0,0,1.6818181818181819,0.18181818181818182,0.045454545454545456,0.0,0.0,inf,0.19543942063026032
lipid,C19H39NO4S,19,39,4,1,1,0,2.0526315789473686,0.21052631578947367,0.05263157894736842,0.05263157894736842,0.0,inf,0.19543942063026032
lipid,C22H42O4,22,42,4,0,0,0,1.9090909090909092,0.18181818181818182,0.0,0.0,0.0,,0.19543942063026032
lipid,C25H42O2,25,42,2,0,0,0,1.68,0.08,0.0,0.0,0.0,,0.19543942063026032
lipid,C20H43OAs,20,43,1,0,0,0,2.15,0.05,0.0,0.0,0.0,,0.19543942063026032
lipid,C24H50O2,24,50,2,0,0,0,2.0833333333333335,0.08333333333333333,0.0,0.0,0.0,,0.19543942063026032
lipid,C24H37NO2,24,37,2,1,0,0,1.5416666666666667,0.08333333333333333,0.041666666666666664,0.0,0.0,inf,0.19543942063026032
lipid,C21H41NO4,21,41,4,1,0,0,1.9523809523809523,0.19047619047619047,0.047619047619047616,0.0,0.0,inf,0.19543942063026032
lipid,C25H41NO,25,41,1,1,0,0,1.64,0.04,0.04,0.0,0.0,inf,0.19543942063026032
lipid,C17H25O4Br,17,25,4,0,0,0,1.4705882352941178,0.23529411764705882,0.0,0.0,0.0,,0.19543942063026032
lipid,C18H29O3Br,18,29,3,0,0,0,1.6111111111111112,0.16666666666666666,0.0,0.0,0.0,,0.19543942063026032
lipid,C18H29BrO3,18,29,3,0,0,0,1.6111111111111112,0.16666666666666666,0.0,0.0,0.0,,0.19543942063026032
lipid,C24H38O3,24,38,3,0,0,0,1.5833333333333333,0.125,0.0,0.0,0.0,,0.19543942063026032
lipid,C22H28O5,22,28,5,0,0,0,1.2727272727272727,0.22727272727272727,0.0,0.0,0.0,,0.19543942063026032
lipid,C25H40O2,25,40,2,0,0,0,1.6,0.08,0.0,0.0,0.0,,0.19543942063026032
lipid,C22H44O4,22,44,4,0,0,0,2.0,0.18181818181818182,0.0,0.0,0.0,,0.19543942063026032
lipid,C19H35NO6,19,35,6,1,0,0,1.8421052631578947,0.3157894736842105,0.05263157894736842,0.0,0.0,inf,0.19543942063026032
lipid,C24H39NO2,24,39,2,1,0,0,1.625,0.08333333333333333,0.041666666666666664,0.0,0.0,inf,0.19543942063026032
lipid,C25H43NO,25,43,1,1,0,0,1.72,0.04,0.04,0.0,0.0,inf,0.19543942063026032
lipid,C18H35O3As,18,35,3,0,0,0,1.9444444444444444,0.16666666666666666,0.0,0.0,0.0,,0.19543942063026032
lipid,C22H30O5,22,30,5,0,0,0,1.3636363636363635,0.22727272727272727,0.0,0.0,0.0,,0.19543942063026032
lipid,C20H36O6,20,36,6,0,0,0,1.8,0.3,0.0,0.0,0.0,,0.19543942063026032
lipid,C19H34O4,19,34,4,0,0,0,1.7894736842105263,0.21052631578947367,0.0,0.0,0.0,,0.19543942063026032
lipid,C22H30O2,22,30,2,0,0,0,1.3636363636363635,0.09090909090909091,0.0,0.0,0.0,,0.19543942063026032
lipid,C18H30O5,18,30,5,0,0,0,1.6666666666666667,0.2777777777777778,0.0,0.0,0.0,,0.19543942063026032
lipid,C14H27NO4,14,27,4,1,0,0,1.9285714285714286,0.2857142857142857,0.07142857142857142,0.0,0.0,inf,0.19543942063026032
lipid,C18H27NO,18,27,1,1,0,0,1.5,0.05555555555555555,0.05555555555555555,0.0,0.0,inf,0.19543942063026032
lipid,C19H31N,19,31,0,1,0,0,1.631578947368421,0.0,0.05263157894736842,0.0,0.0,inf,0.19543942063026032
lipid,C14H26O5,14,26,5,0,0,0,1.8571428571428572,0.35714285714285715,0.0,0.0,0.0,,0.19543942063026032
lipid,C18H26O2,18,26,2,0,0,0,1.4444444444444444,0.1111111111111111,0.0,0.0,0.0,,0.19543942063026032
lipid,C16H31ClO,16,31,1,0,0,0,1.9375,0.0625,0.0,0.0,0.0,,0.19543942063026032
lipid,C15H30O4,15,30,4,0,0,0,2.0,0.26666666666666666,0.0,0.0,0.0,,0.19543942063026032
lipid,C16H31FO2,16,31,2,0,0,0,1.9375,0.125,0.0,0.0,0.0,,0.19543942063026032
lipid,C20H34,20,34,0,0,0,0,1.7,0.0,0.0,0.0,0.0,,0.19543942063026032
lipid,C12H21NO6,12,21,6,1,0,0,1.75,0.5,0.08333333333333333,0.0,0.0,inf,0.19543942063026032
lipid,C13H25NO5,13,25,5,1,0,0,1.9230769230769231,0.38461538461538464,0.07692307692307693,0.0,0.0,inf,0.19543942063026032
lipid,C14H12O2S2,14,12,2,0,2,0,0.8571428571428571,0.14285714285714285,0.0,0.14285714285714285,0.0,,0.19543942063026032
lipid,C17H24O3,17,24,3,0,0,0,1.411764705882353,0.17647058823529413,0.0,0.0,0.0,,0.19543942063026032
lipid,C18H28O2,18,28,2,0,0,0,1.5555555555555556,0.1111111111111111,0.0,0.0,0.0,,0.19543942063026032
lipid,C16H33ClO,16,33,1,0,0,0,2.0625,0.0625,0.0,0.0,0.0,,0.19543942063026032
lipid,C12H19NO6,12,19,6,1,0,0,1.5833333333333333,0.5,0.08333333333333333,0.0,0.0,inf,0.19543942063026032
lipid,C17H36O2,17,36,2,0,0,0,2.1176470588235294,0.11764705882352941,0.0,0.0,0.0,,0.19543942063026032
lipid,C16H34NO2,16,34,2,1,0,0,2.125,0.125,0.0625,0.0,0.0,inf,0.19543942063026032
lipid,C16H32O3,16,32,3,0,0,0,2.0,0.1875,0.0,0.0,0.0,,0.19543942063026032
lipid,C19H24O,19,24,1,0,0,0,1.263157894736842,0.05263157894736842,0.0,0.0,0.0,,0.19543942063026032
lipid,C16H28O3,16,28,3,0,0,0,1.75,0.1875,0.0,0.0,0.0,,0.19543942063026032
lipid,C17H32O2,17,32,2,0,0,0,1.8823529411764706,0.11764705882352941,0.0,0.0,0.0,,0.19543942063026032
lipid,C18H36O,18,36,1,0,0,0,2.0,0.05555555555555555,0.0,0.0,0.0,,0.19543942063026032
lipid,C19H40,19,40,0,0,0,0,2.1052631578947367,0.0,0.0,0.0,0.0,,0.19543942063026032
lipid,C14H23NO4,14,23,4,1,0,0,1.6428571428571428,0.2857142857142857,0.07142857142857142,0.0,0.0,inf,0.19543942063026032
lipid,C18H22O2,18,22,2,0,0,0,1.2222222222222223,0.1111111111111111,0.0,0.0,0.0,,0.19543942063026032
lipid,C20H36,20,36,0,0,0,0,1.8,0.0,0.0,0.0,0.0,,0.19543942063026032
lipid,C16H30O3,16,30,3,0,0,0,1.875,0.1875,0.0,0.0,0.0,,0.19543942063026032
lipid,C18H38O,18,38,1,0,0,0,2.111111111111111,0.05555555555555555,0.0,0.0,0.0,,0.19543942063026032
lipid,C14H25NO4,14,25,4,1,0,0,1.7857142857142858,0.2857142857142857,0.07142857142857142,0.0,0.0,inf,0.19543942063026032
lipid,C18H25NO,18,25,1,1,0,0,1.3888888888888888,0.05555555555555555,0.05555555555555555,0.0,0.0,inf,0.19543942063026032
lipid,C16H33NO2,16,33,2,1,0,0,2.0625,0.125,0.0625,0.0,0.0,inf,0.19543942063026032
lipid,C18H24O2,18,24,2,0,0,0,1.3333333333333333,0.1111111111111111,0.0,0.0,0.0,,0.19543942063026032
lipid,C15H28O4,15,28,4,0,0,0,1.8666666666666667,0.26666666666666666,0.0,0.0,0.0,,0.19543942063026032
lipid,C16H29FO2,16,29,2,0,0,0,1.8125,0.125,0.0,0.0,0.0,,0.19543942063026032
lipid,C17H34O2,17,34,2,0,0,0,2.0,0.11764705882352941,0.0,0.0,0.0,,0.19543942063026032
lipid,C12H23NO2S2,12,23,2,1,2,0,1.9166666666666667,0.16666666666666666,0.08333333333333333,0.16666666666666666,0.0,inf,0.19543942063026032
lipid,C6H2O4Cl4,6,2,4,0,0,0,0.3333333333333333,0.6666666666666666,0.0,0.0,0.0,,0.19543942063026032
lipid,C17H10S2,17,10,0,0,2,0,0.5882352941176471,0.0,0.0,0.11764705882352941,0.0,,0.19543942063026032
lipid,C14H18O6,14,18,6,0,0,0,1.2857142857142858,0.42857142857142855,0.0,0.0,0.0,,0.19543942063026032
lipid,C13H24Cl2O2,13,24,2,0,0,0,1.8461538461538463,0.15384615384615385,0.0,0.0,0.0,,0.19543942063026032
lipid,C15H22O5,15,22,5,0,0,0,1.4666666666666666,0.3333333333333333,0.0,0.0,0.0,,0.19543942063026032
lipid,C17H30O3,17,30,3,0,0,0,1.7647058823529411,0.17647058823529413,0.0,0.0,0.0,,0.19543942063026032
lipid,C18H34O2,18,34,2,0,0,0,1.8888888888888888,0.1111111111111111,0.0,0.0,0.0,,0.19543942063026032
lipid,C19H38O,19,38,1,0,0,0,2.0,0.05263157894736842,0.0,0.0,0.0,,0.19543942063026032
lipid,C20H42,20,42,0,0,0,0,2.1,0.0,0.0,0.0,0.0,,0.19543942063026032
lipid,C12H10O4S2,12,10,4,0,2,0,0.8333333333333334,0.3333333333333333,0.0,0.16666666666666666,0.0,,0.19543942063026032
lipid,C16H29NO3,16,29,3,1,0,0,1.8125,0.1875,0.0625,0.0,0.0,inf,0.19543942063026032
lipid,C7H10Br2O2,7,10,2,0,0,0,1.4285714285714286,0.2857142857142857,0.0,0.0,0.0,,0.19543942063026032
lipid,C12H12O4S2,12,12,4,0,2,0,1.0,0.3333333333333333,0.0,0.16666666666666666,0.0,,0.19543942063026032
lipid,C14H20O6,14,20,6,0,0,0,1.4285714285714286,0.42857142857142855,0.0,0.0,0.0,,0.19543942063026032
lipid,C18H20O3,18,20,3,0,0,0,1.1111111111111112,0.16666666666666666,0.0,0.0,0.0,,0.19543942063026032
lipid,C17H32O3,17,32,3,0,0,0,1.8823529411764706,0.17647058823529413,0.0,0.0,0.0,,0.19543942063026032
lipid,C18H36O2,18,36,2,0,0,0,2.0,0.1111111111111111,0.0,0.0,0.0,,0.19543942063026032
lipid,C15H27NO4,15,27,4,1,0,0,1.8,0.26666666666666666,0.06666666666666667,0.0,0.0,inf,0.19543942063026032
lipid,C18H37NO,18,37,1,1,0,0,2.0555555555555554,0.05555555555555555,0.05555555555555555,0.0,0.0,inf,0.19543942063026032
lipid,C18H20O2,18,20,2,0,0,0,1.1111111111111112,0.1111111111111111,0.0,0.0,0.0,,0.19543942063026032
lipid,C18H35NO,18,35,1,1,0,0,1.9444444444444444,0.05555555555555555,0.05555555555555555,0.0,0.0,inf,0.19543942063026032
lipid,C19H36O,19,36,1,0,0,0,1.894736842105263,0.05263157894736842,0.0,0.0,0.0,,0.19543942063026032
lipid,C11H23O3As,11,23,3,0,0,0,2.090909090909091,0.2727272727272727,0.0,0.0,0.0,,0.19543942063026032
lipid,C12H23BrO2,12,23,2,0,0,0,1.9166666666666667,0.16666666666666666,0.0,0.0,0.0,,0.19543942063026032
lipid,C11H18O8,11,18,8,0,0,0,1.6363636363636365,0.7272727272727273,0.0,0.0,0.0,,0.19543942063026032
lipid,C20H22O,20,22,1,0,0,0,1.1,0.05,0.0,0.0,0.0,,0.19543942063026032
lipid,C17H26O3,17,26,3,0,0,0,1.5294117647058822,0.17647058823529413,0.0,0.0,0.0,,0.19543942063026032
lipid,C18H30O2,18,30,2,0,0,0,1.6666666666666667,0.1111111111111111,0.0,0.0,0.0,,0.19543942063026032
lipid,C19H34O,19,34,1,0,0,0,1.7894736842105263,0.05263157894736842,0.0,0.0,0.0,,0.19543942063026032
lipid,C20H40,20,40,0,0,0,0,2.0,0.0,0.0,0.0,0.0,,0.19543942063026032
lipid,C20H38,20,38,0,0,0,0,1.9,0.0,0.0,0.0,0.0,,0.19543942063026032
lipid,C18H33NO,18,33,1,1,0,0,1.8333333333333333,0.05555555555555555,0.05555555555555555,0.0,0.0,inf,0.19543942063026032
lipid,C13H9OS2Cl,13,9,1,0,2,0,0.6923076923076923,0.07692307692307693,0.0,0.15384615384615385,0.0,,0.19543942063026032
lipid,C17H12S2,17,12,0,0,2,0,0.7058823529411765,0.0,0.0,0.11764705882352941,0.0,,0.19543942063026032
lipid,C18H16O3,18,16,3,0,0,0,0.8888888888888888,0.16666666666666666,0.0,0.0,0.0,,0.19543942063026032
lipid,C16H24O4,16,24,4,0,0,0,1.5,0.25,0.0,0.0,0.0,,0.19543942063026032
lipid,C17H28O3,17,28,3,0,0,0,1.6470588235294117,0.17647058823529413,0.0,0.0,0.0,,0.19543942063026032
lipid,C18H32O2,18,32,2,0,0,0,1.7777777777777777,0.1111111111111111,0.0,0.0,0.0,,0.19543942063026032
lipid,C16H25NO3,16,25,3,1,0,0,1.5625,0.1875,0.0625,0.0,0.0,inf,0.19543942063026032
lipid,C14H20O5,14,20,5,0,0,0,1.4285714285714286,0.35714285714285715,0.0,0.0,0.0,,0.19543942063026032
lipid,C19H38,19,38,0,0,0,0,2.0,0.0,0.0,0.0,0.0,,0.19543942063026032
lipid,C18H34O,18,34,1,0,0,0,1.8888888888888888,0.05555555555555555,0.0,0.0,0.0,,0.19543942063026032
lipid,C12H12O4S,12,12,4,0,1,0,1.0,0.3333333333333333,0.0,0.08333333333333333,0.0,,0.19543942063026032
lipid,C18H20O,18,20,1,0,0,0,1.1111111111111112,0.05555555555555555,0.0,0.0,0.0,,0.19543942063026032
lipid,C15H24O3,15,24,3,0,0,0,1.6,0.2,0.0,0.0,0.0,,0.19543942063026032
lipid,C16H28O2,16,28,2,0,0,0,1.75,0.125,0.0,0.0,0.0,,0.19543942063026032
lipid,C17H32O,17,32,1,0,0,0,1.8823529411764706,0.058823529411764705,0.0,0.0,0.0,,0.19543942063026032
lipid,C18H36,18,36,0,0,0,0,2.0,0.0,0.0,0.0,0.0,,0.19543942063026032
lipid,C16H31NO,16,31,1,1,0,0,1.9375,0.0625,0.0625,0.0,0.0,inf,0.19543942063026032
lipid,C16H29NO,16,29,1,1,0,0,1.8125,0.0625,0.0625,0.0,0.0,inf,0.19543942063026032
lipid,C13H18O5,13,18,5,0,0,0,1.3846153846153846,0.38461538461538464,0.0,0.0,0.0,,0.19543942063026032
lipid,C15H26O3,15,26,3,0,0,0,1.7333333333333334,0.2,0.0,0.0,0.0,,0.19543942063026032
lipid,C16H30O2,16,30,2,0,0,0,1.875,0.125,0.0,0.0,0.0,,0.19543942063026032
lipid,C17H34O,17,34,1,0,0,0,2.0,0.058823529411764705,0.0,0.0,0.0,,0.19543942063026032
lipid,C18H38,18,38,0,0,0,0,2.111111111111111,0.0,0.0,0.0,0.0,,0.19543942063026032
lipid,C14H25NO3,14,25,3,1,0,0,1.7857142857142858,0.21428571428571427,0.07142857142857142,0.0,0.0,inf,0.19543942063026032
lipid,C16H33NO,16,33,1,1,0,0,2.0625,0.0625,0.0625,0.0,0.0,inf,0.19543942063026032
lipid,C12H16O6,12,16,6,0,0,0,1.3333333333333333,0.5,0.0,0.0,0.0,,0.19543942063026032
lipid,C12H18F4O,12,18,1,0,0,0,1.5,0.08333333333333333,0.0,0.0,0.0,,0.19543942063026032
lipid,C15H28O3,15,28,3,0,0,0,1.8666666666666667,0.2,0.0,0.0,0.0,,0.19543942063026032
lipid,C17H30O,17,30,1,0,0,0,1.7647058823529411,0.058823529411764705,0.0,0.0,0.0,,0.19543942063026032
lipid,C15H22O3,15,22,3,0,0,0,1.4666666666666666,0.2,0.0,0.0,0.0,,0.19543942063026032
lipid,C14H14O4,14,14,4,0,0,0,1.0,0.2857142857142857,0.0,0.0,0.0,,0.19543942063026032
lipid,C12H22O5,12,22,5,0,0,0,1.8333333333333333,0.4166666666666667,0.0,0.0,0.0,,0.19543942063026032
lipid,C16H22O2,16,22,2,0,0,0,1.375,0.125,0.0,0.0,0.0,,0.19543942063026032
lipid,C14H27FO2,14,27,2,0,0,0,1.9285714285714286,0.14285714285714285,0.0,0.0,0.0,,0.19543942063026032
lipid,C18H30,18,30,0,0,0,0,1.6666666666666667,0.0,0.0,0.0,0.0,,0.19543942063026032
lipid,C10H17NO6,10,17,6,1,0,0,1.7,0.6,0.1,0.0,0.0,inf,0.19543942063026032
lipid,C11H21NO5,11,21,5,1,0,0,1.9090909090909092,0.45454545454545453,0.09090909090909091,0.0,0.0,inf,0.19543942063026032
lipid,C16H26O2,16,26,2,0,0,0,1.625,0.125,0.0,0.0,0.0,,0.19543942063026032
lipid,C16H25NO,16,25,1,1,0,0,1.5625,0.0625,0.0625,0.0,0.0,inf,0.19543942063026032
lipid,C13H12O5,13,12,5,0,0,0,0.9230769230769231,0.38461538461538464,0.0,0.0,0.0,,0.19543942063026032
lipid,C16H24O2,16,24,2,0,0,0,1.5,0.125,0.0,0.0,0.0,,0.19543942063026032
lipid,C17H28O,17,28,1,0,0,0,1.6470588235294117,0.058823529411764705,0.0,0.0,0.0,,0.19543942063026032
lipid,C18H32,18,32,0,0,0,0,1.7777777777777777,0.0,0.0,0.0,0.0,,0.19543942063026032
lipid,C10H19NO2S2,10,19,2,1,2,0,1.9,0.2,0.1,0.2,0.0,inf,0.19543942063026032
lipid,C12H10O2S2,12,10,2,0,2,0,0.8333333333333334,0.16666666666666666,0.0,0.16666666666666666,0.0,,0.19543942063026032
lipid,C10H19BrO2,10,19,2,0,0,0,1.9,0.2,0.0,0.0,0.0,,0.19543942063026032
lipid,C13H9OSCl,13,9,1,0,1,0,0.6923076923076923,0.07692307692307693,0.0,0.07692307692307693,0.0,,0.19543942063026032
lipid,C17H35NO2,17,35,2,1,0,0,2.0588235294117645,0.11764705882352941,0.058823529411764705,0.0,0.0,inf,0.19543942063026032
lipid,C16H32O2,16,32,2,0,0,0,2.0,0.125,0.0,0.0,0.0,,0.19543942063026032
lipid,C12H19NO3S,12,19,3,1,1,0,1.5833333333333333,0.25,0.08333333333333333,0.08333333333333333,0.0,inf,0.19543942063026032
lipid,C18H30O,18,30,1,0,0,0,1.6666666666666667,0.05555555555555555,0.0,0.0,0.0,,0.19543942063026032
lipid,C19H34,19,34,0,0,0,0,1.7894736842105263,0.0,0.0,0.0,0.0,,0.19543942063026032
lipid,C46H88NO9P,46,88,9,1,0,1,1.9130434782608696,0.1956521739130435,0.021739130434782608,0.0,0.021739130434782608,1.0,0.19543942063026032
lipid,C16H25NO2,16,25,2,1,0,0,1.5625,0.125,0.0625,0.0,0.0,inf,0.19543942063026032
lipid,C2H2BrIO2,2,2,2,0,0,0,1.0,1.0,0.0,0.0,0.0,,0.19543942063026032
lipid,C10H21O3As,10,21,3,0,0,0,2.1,0.3,0.0,0.0,0.0,,0.19543942063026032
lipid,C11H21BrO2,11,21,2,0,0,0,1.9090909090909092,0.18181818181818182,0.0,0.0,0.0,,0.19543942063026032
lipid,C17H26O2,17,26,2,0,0,0,1.5294117647058822,0.11764705882352941,0.0,0.0,0.0,,0.19543942063026032
lipid,C16H24O3,16,24,3,0,0,0,1.5,0.1875,0.0,0.0,0.0,,0.19543942063026032
lipid,C18H32O,18,32,1,0,0,0,1.7777777777777777,0.05555555555555555,0.0,0.0,0.0,,0.19543942063026032
lipid,C19H36,19,36,0,0,0,0,1.894736842105263,0.0,0.0,0.0,0.0,,0.19543942063026032
lipid,C10H19O6P,10,19,6,0,0,1,1.9,0.6,0.0,0.0,0.1,0.0,0.19543942063026032
lipid,C14H18O5,14,18,5,0,0,0,1.2857142857142858,0.35714285714285715,0.0,0.0,0.0,,0.19543942063026032
lipid,C15H22O4,15,22,4,0,0,0,1.4666666666666666,0.26666666666666666,0.0,0.0,0.0,,0.19543942063026032
lipid,C16H26O3,16,26,3,0,0,0,1.625,0.1875,0.0,0.0,0.0,,0.19543942063026032
lipid,C17H30O2,17,30,2,0,0,0,1.7647058823529411,0.11764705882352941,0.0,0.0,0.0,,0.19543942063026032
lipid,C17H28O2,17,28,2,0,0,0,1.6470588235294117,0.11764705882352941,0.0,0.0,0.0,,0.19543942063026032
lipid,C17H36O,17,36,1,0,0,0,2.1176470588235294,0.058823529411764705,0.0,0.0,0.0,,0.19543942063026032
lipid,C14H24F2O2,14,24,2,0,0,0,1.7142857142857142,0.14285714285714285,0.0,0.0,0.0,,0.19543942063026032
lipid,C12H27OAs,12,27,1,0,0,0,2.25,0.08333333333333333,0.0,0.0,0.0,,0.19543942063026032
lipid,C13H23NO4,13,23,4,1,0,0,1.7692307692307692,0.3076923076923077,0.07692307692307693,0.0,0.0,inf,0.19543942063026032
lipid,C14H27NO3,14,27,3,1,0,0,1.9285714285714286,0.21428571428571427,0.07142857142857142,0.0,0.0,inf,0.19543942063026032
lipid,C17H22O2,17,22,2,0,0,0,1.2941176470588236,0.11764705882352941,0.0,0.0,0.0,,0.19543942063026032
lipid,C14H26O4,14,26,4,0,0,0,1.8571428571428572,0.2857142857142857,0.0,0.0,0.0,,0.19543942063026032
lipid,C15H30O3,15,30,3,0,0,0,2.0,0.2,0.0,0.0,0.0,,0.19543942063026032
lipid,C15H32NO2,15,32,2,1,0,0,2.1333333333333333,0.13333333333333333,0.06666666666666667,0.0,0.0,inf,0.19543942063026032
lipid,C11H17NO6,11,17,6,1,0,0,1.5454545454545454,0.5454545454545454,0.09090909090909091,0.0,0.0,inf,0.19543942063026032
lipid,C12H22O6,12,22,6,0,0,0,1.8333333333333333,0.5,0.0,0.0,0.0,,0.19543942063026032
lipid,C13H25NO4,13,25,4,1,0,0,1.9230769230769231,0.3076923076923077,0.07692307692307693,0.0,0.0,inf,0.19543942063026032
lipid,C17H24O2,17,24,2,0,0,0,1.411764705882353,0.11764705882352941,0.0,0.0,0.0,,0.19543942063026032
lipid,C14H28O4,14,28,4,0,0,0,2.0,0.2857142857142857,0.0,0.0,0.0,,0.19543942063026032
lipid,C18H28O,18,28,1,0,0,0,1.5555555555555556,0.05555555555555555,0.0,0.0,0.0,,0.19543942063026032
lipid,C19H32,19,32,0,0,0,0,1.6842105263157894,0.0,0.0,0.0,0.0,,0.19543942063026032
lipid,C14H15NO4,14,15,4,1,0,0,1.0714285714285714,0.2857142857142857,0.07142857142857142,0.0,0.0,inf,0.19543942063026032
lipid,C11H19NO6,11,19,6,1,0,0,1.7272727272727273,0.5454545454545454,0.09090909090909091,0.0,0.0,inf,0.19543942063026032
lipid,C12H23NO5,12,23,5,1,0,0,1.9166666666666667,0.4166666666666667,0.08333333333333333,0.0,0.0,inf,0.19543942063026032
lipid,C18H29N,18,29,0,1,0,0,1.6111111111111112,0.0,0.05555555555555555,0.0,0.0,inf,0.19543942063026032
lipid,C16H14O5,16,14,5,0,0,0,0.875,0.3125,0.0,0.0,0.0,,0.19543942063026032
lipid,C18H22O3,18,22,3,0,0,0,1.2222222222222223,0.16666666666666666,0.0,0.0,0.0,,0.19543942063026032
lipid,C19H26O2,19,26,2,0,0,0,1.368421052631579,0.10526315789473684,0.0,0.0,0.0,,0.19543942063026032
lipid,C19H36O3,19,36,3,0,0,0,1.894736842105263,0.15789473684210525,0.0,0.0,0.0,,0.19543942063026032
lipid,C20H40O2,20,40,2,0,0,0,2.0,0.1,0.0,0.0,0.0,,0.19543942063026032
lipid,C16H27NO3S,16,27,3,1,1,0,1.6875,0.1875,0.0625,0.0625,0.0,inf,0.19543942063026032
lipid,C17H31NO4,17,31,4,1,0,0,1.8235294117647058,0.23529411764705882,0.058823529411764705,0.0,0.0,inf,0.19543942063026032
lipid,C18H35NO3,18,35,3,1,0,0,1.9444444444444444,0.16666666666666666,0.05555555555555555,0.0,0.0,inf,0.19543942063026032
lipid,C19H39NO2,19,39,2,1,0,0,2.0526315789473686,0.10526315789473684,0.05263157894736842,0.0,0.0,inf,0.19543942063026032
lipid,C18H39N3O,18,39,1,3,0,0,2.1666666666666665,0.05555555555555555,0.16666666666666666,0.0,0.0,inf,0.19543942063026032
lipid,C18H32O4,18,32,4,0,0,0,1.7777777777777777,0.2222222222222222,0.0,0.0,0.0,,0.19543942063026032
lipid,C15H23BrO2,15,23,2,0,0,0,1.5333333333333334,0.13333333333333333,0.0,0.0,0.0,,0.19543942063026032
lipid,C17H30O5,17,30,5,0,0,0,1.7647058823529411,0.29411764705882354,0.0,0.0,0.0,,0.19543942063026032
lipid,C18H34O4,18,34,4,0,0,0,1.8888888888888888,0.2222222222222222,0.0,0.0,0.0,,0.19543942063026032
lipid,C19H38O3,19,38,3,0,0,0,2.0,0.15789473684210525,0.0,0.0,0.0,,0.19543942063026032
lipid,C23H38,23,38,0,0,0,0,1.6521739130434783,0.0,0.0,0.0,0.0,,0.19543942063026032
lipid,C20H42O2,20,42,2,0,0,0,2.1,0.1,0.0,0.0,0.0,,0.19543942063026032
lipid,C17H33NO4,17,33,4,1,0,0,1.9411764705882353,0.23529411764705882,0.058823529411764705,0.0,0.0,inf,0.19543942063026032
lipid,C16H9OS2Cl,16,9,1,0,2,0,0.5625,0.0625,0.0,0.125,0.0,,0.19543942063026032
lipid,C20H26O3,20,26,3,0,0,0,1.3,0.15,0.0,0.0,0.0,,0.19543942063026032
lipid,C14H21F5O2,14,21,2,0,0,0,1.5,0.14285714285714285,0.0,0.0,0.0,,0.19543942063026032
lipid,C17H28O5,17,28,5,0,0,0,1.6470588235294117,0.29411764705882354,0.0,0.0,0.0,,0.19543942063026032
lipid,C2H2I2O2,2,2,2,0,0,0,1.0,1.0,0.0,0.0,0.0,,0.19543942063026032
lipid,C6H14O10P2,6,14,10,0,0,2,2.3333333333333335,1.6666666666666667,0.0,0.0,0.3333333333333333,0.0,0.19543942063026032
lipid,C16H27F3O2,16,27,2,0,0,0,1.6875,0.125,0.0,0.0,0.0,,0.19543942063026032
lipid,C18H28O4,18,28,4,0,0,0,1.5555555555555556,0.2222222222222222,0.0,0.0,0.0,,0.19543942063026032
lipid,C19H32O3,19,32,3,0,0,0,1.6842105263157894,0.15789473684210525,0.0,0.0,0.0,,0.19543942063026032
lipid,C20H36O2,20,36,2,0,0,0,1.8,0.1,0.0,0.0,0.0,,0.19543942063026032
lipid,C21H40O,21,40,1,0,0,0,1.9047619047619047,0.047619047619047616,0.0,0.0,0.0,,0.19543942063026032
lipid,C22H44,22,44,0,0,0,0,2.0,0.0,0.0,0.0,0.0,,0.19543942063026032
lipid,C9H14Br2O2,9,14,2,0,0,0,1.5555555555555556,0.2222222222222222,0.0,0.0,0.0,,0.19543942063026032
lipid,C17H27NO4,17,27,4,1,0,0,1.588235294117647,0.23529411764705882,0.058823529411764705,0.0,0.0,inf,0.19543942063026032
lipid,C18H30O4,18,30,4,0,0,0,1.6666666666666667,0.2222222222222222,0.0,0.0,0.0,,0.19543942063026032
lipid,C19H34O3,19,34,3,0,0,0,1.7894736842105263,0.15789473684210525,0.0,0.0,0.0,,0.19543942063026032
lipid,C20H38O2,20,38,2,0,0,0,1.9,0.1,0.0,0.0,0.0,,0.19543942063026032
lipid,C21H42O,21,42,1,0,0,0,2.0,0.047619047619047616,0.0,0.0,0.0,,0.19543942063026032
lipid,C22H46,22,46,0,0,0,0,2.090909090909091,0.0,0.0,0.0,0.0,,0.19543942063026032
lipid,C17H29NO4,17,29,4,1,0,0,1.7058823529411764,0.23529411764705882,0.058823529411764705,0.0,0.0,inf,0.19543942063026032
lipid,C18H33NO3,18,33,3,1,0,0,1.8333333333333333,0.16666666666666666,0.05555555555555555,0.0,0.0,inf,0.19543942063026032
lipid,C17H26O5,17,26,5,0,0,0,1.5294117647058822,0.29411764705882354,0.0,0.0,0.0,,0.19543942063026032
lipid,C22H42,22,42,0,0,0,0,1.9090909090909092,0.0,0.0,0.0,0.0,,0.19543942063026032
lipid,C22H20O2,22,20,2,0,0,0,0.9090909090909091,0.09090909090909091,0.0,0.0,0.0,,0.19543942063026032
lipid,C20H28O3,20,28,3,0,0,0,1.4,0.15,0.0,0.0,0.0,,0.19543942063026032
lipid,C20H34O3,20,34,3,0,0,0,1.7,0.15,0.0,0.0,0.0,,0.19543942063026032
lipid,C21H38O2,21,38,2,0,0,0,1.8095238095238095,0.09523809523809523,0.0,0.0,0.0,,0.19543942063026032
lipid,C23H46,23,46,0,0,0,0,2.0,0.0,0.0,0.0,0.0,,0.19543942063026032
lipid,C20H37NO2,20,37,2,1,0,0,1.85,0.1,0.05,0.0,0.0,inf,0.19543942063026032
lipid,C3H2I2O2,3,2,2,0,0,0,0.6666666666666666,0.6666666666666666,0.0,0.0,0.0,,0.19543942063026032
lipid,C16H30Cl2O2,16,30,2,0,0,0,1.875,0.125,0.0,0.0,0.0,,0.19543942063026032
lipid,C18H28O5,18,28,5,0,0,0,1.5555555555555556,0.2777777777777778,0.0,0.0,0.0,,0.19543942063026032
lipid,C14H26O8,14,26,8,0,0,0,1.8571428571428572,0.5714285714285714,0.0,0.0,0.0,,0.19543942063026032
lipid,C22H28O2,22,28,2,0,0,0,1.2727272727272727,0.09090909090909091,0.0,0.0,0.0,,0.19543942063026032
lipid,C20H36O3,20,36,3,0,0,0,1.8,0.15,0.0,0.0,0.0,,0.19543942063026032
lipid,C21H40O2,21,40,2,0,0,0,1.9047619047619047,0.09523809523809523,0.0,0.0,0.0,,0.19543942063026032
lipid,C23H48,23,48,0,0,0,0,2.0869565217391304,0.0,0.0,0.0,0.0,,0.19543942063026032
lipid,C18H31NO4,18,31,4,1,0,0,1.7222222222222223,0.2222222222222222,0.05555555555555555,0.0,0.0,inf,0.19543942063026032
lipid,C20H39NO2,20,39,2,1,0,0,1.95,0.1,0.05,0.0,0.0,inf,0.19543942063026032
lipid,C18H27ClO3,18,27,3,0,0,0,1.5,0.16666666666666666,0.0,0.0,0.0,,0.19543942063026032
lipid,C21H26O3,21,26,3,0,0,0,1.2380952380952381,0.14285714285714285,0.0,0.0,0.0,,0.19543942063026032
lipid,C19H32O4,19,32,4,0,0,0,1.6842105263157894,0.21052631578947367,0.0,0.0,0.0,,0.19543942063026032
lipid,C16H28O6,16,28,6,0,0,0,1.75,0.375,0.0,0.0,0.0,,0.19543942063026032
lipid,C16H19BrO2,16,19,2,0,0,0,1.1875,0.125,0.0,0.0,0.0,,0.19543942063026032
lipid,C23H44,23,44,0,0,0,0,1.9130434782608696,0.0,0.0,0.0,0.0,,0.19543942063026032
lipid,C21H32O2,21,32,2,0,0,0,1.5238095238095237,0.09523809523809523,0.0,0.0,0.0,,0.19543942063026032
lipid,C18H33O3F,18,33,3,0,0,0,1.8333333333333333,0.16666666666666666,0.0,0.0,0.0,,0.19543942063026032
lipid,C18H36O2S,18,36,2,0,1,0,2.0,0.1111111111111111,0.0,0.05555555555555555,0.0,,0.19543942063026032
lipid,C18H36O4,18,36,4,0,0,0,2.0,0.2222222222222222,0.0,0.0,0.0,,0.19543942063026032
lipid,C19H40O3,19,40,3,0,0,0,2.1052631578947367,0.15789473684210525,0.0,0.0,0.0,,0.19543942063026032
lipid,C21H35NO,21,35,1,1,0,0,1.6666666666666667,0.047619047619047616,0.047619047619047616,0.0,0.0,inf,0.19543942063026032
lipid,C16H31BrO,16,31,1,0,0,0,1.9375,0.0625,0.0,0.0,0.0,,0.19543942063026032
lipid,C20H35NO2,20,35,2,1,0,0,1.75,0.1,0.05,0.0,0.0,inf,0.19543942063026032
lipid,C19H26O4,19,26,4,0,0,0,1.368421052631579,0.21052631578947367,0.0,0.0,0.0,,0.19543942063026032
lipid,C21H34O2,21,34,2,0,0,0,1.619047619047619,0.09523809523809523,0.0,0.0,0.0,,0.19543942063026032
lipid,C23H42,23,42,0,0,0,0,1.826086956521739,0.0,0.0,0.0,0.0,,0.19543942063026032
lipid,C20H33NO2,20,33,2,1,0,0,1.65,0.1,0.05,0.0,0.0,inf,0.19543942063026032
lipid,C16H17BrO2,16,17,2,0,0,0,1.0625,0.125,0.0,0.0,0.0,,0.19543942063026032
lipid,C22H24O2,22,24,2,0,0,0,1.0909090909090908,0.09090909090909091,0.0,0.0,0.0,,0.19543942063026032
lipid,C20H32O3,20,32,3,0,0,0,1.6,0.15,0.0,0.0,0.0,,0.19543942063026032
lipid,C21H36O2,21,36,2,0,0,0,1.7142857142857142,0.09523809523809523,0.0,0.0,0.0,,0.19543942063026032
lipid,C20H30O3,20,30,3,0,0,0,1.5,0.15,0.0,0.0,0.0,,0.19543942063026032
lipid,C18H37O7P,18,37,7,0,0,1,2.0555555555555554,0.3888888888888889,0.0,0.0,0.05555555555555555,0.0,0.19543942063026032
lipid,C21H38O,21,38,1,0,0,0,1.8095238095238095,0.047619047619047616,0.0,0.0,0.0,,0.19543942063026032
lipid,C19H30O3,19,30,3,0,0,0,1.5789473684210527,0.15789473684210525,0.0,0.0,0.0,,0.19543942063026032
lipid,C21H38,21,38,0,0,0,0,1.8095238095238095,0.0,0.0,0.0,0.0,,0.19543942063026032
lipid,C4H6BrIO2,4,6,2,0,0,0,1.5,0.5,0.0,0.0,0.0,,0.19543942063026032
lipid,C18H28O3,18,28,3,0,0,0,1.5555555555555556,0.16666666666666666,0.0,0.0,0.0,,0.19543942063026032
lipid,C16H30F2O2,16,30,2,0,0,0,1.875,0.125,0.0,0.0,0.0,,0.19543942063026032
lipid,C19H32O2,19,32,2,0,0,0,1.6842105263157894,0.10526315789473684,0.0,0.0,0.0,,0.19543942063026032
lipid,C20H36O,20,36,1,0,0,0,1.8,0.05,0.0,0.0,0.0,,0.19543942063026032
lipid,C21H40,21,40,0,0,0,0,1.9047619047619047,0.0,0.0,0.0,0.0,,0.19543942063026032
lipid,C20H34O,20,34,1,0,0,0,1.7,0.05,0.0,0.0,0.0,,0.19543942063026032
lipid,C11H18O9,11,18,9,0,0,0,1.6363636363636365,0.8181818181818182,0.0,0.0,0.0,,0.19543942063026032
lipid,C18H30O3,18,30,3,0,0,0,1.6666666666666667,0.16666666666666666,0.0,0.0,0.0,,0.19543942063026032
lipid,C19H34O2,19,34,2,0,0,0,1.7894736842105263,0.10526315789473684,0.0,0.0,0.0,,0.19543942063026032
lipid,C20H38O,20,38,1,0,0,0,1.9,0.05,0.0,0.0,0.0,,0.19543942063026032
lipid,C21H42,21,42,0,0,0,0,2.0,0.0,0.0,0.0,0.0,,0.19543942063026032
lipid,C10H17NO9,10,17,9,1,0,0,1.7,0.9,0.1,0.0,0.0,inf,0.19543942063026032
lipid,C18H33NO2,18,33,2,1,0,0,1.8333333333333333,0.1111111111111111,0.05555555555555555,0.0,0.0,inf,0.19543942063026032
lipid,C14H26Cl2O2,14,26,2,0,0,0,1.8571428571428572,0.14285714285714285,0.0,0.0,0.0,,0.19543942063026032
lipid,C12H22O8,12,22,8,0,0,0,1.8333333333333333,0.6666666666666666,0.0,0.0,0.0,,0.19543942063026032
lipid,C17H25ClO2,17,25,2,0,0,0,1.4705882352941178,0.11764705882352941,0.0,0.0,0.0,,0.19543942063026032
lipid,C19H30O2,19,30,2,0,0,0,1.5789473684210527,0.10526315789473684,0.0,0.0,0.0,,0.19543942063026032
lipid,C18H26O3,18,26,3,0,0,0,1.4444444444444444,0.16666666666666666,0.0,0.0,0.0,,0.19543942063026032
lipid,C16H30O4,16,30,4,0,0,0,1.875,0.25,0.0,0.0,0.0,,0.19543942063026032
lipid,C17H34O3,17,34,3,0,0,0,2.0,0.17647058823529413,0.0,0.0,0.0,,0.19543942063026032
lipid,C18H38O2,18,38,2,0,0,0,2.111111111111111,0.1111111111111111,0.0,0.0,0.0,,0.19543942063026032
lipid,C13H21NO6,13,21,6,1,0,0,1.6153846153846154,0.46153846153846156,0.07692307692307693,0.0,0.0,inf,0.19543942063026032
lipid,C15H29NO4,15,29,4,1,0,0,1.9333333333333333,0.26666666666666666,0.06666666666666667,0.0,0.0,inf,0.19543942063026032
lipid,C16H33NO3,16,33,3,1,0,0,2.0625,0.1875,0.0625,0.0,0.0,inf,0.19543942063026032
lipid,C15H12O2S2,15,12,2,0,2,0,0.8,0.13333333333333333,0.0,0.13333333333333333,0.0,,0.19543942063026032
lipid,C16H31ClO2,16,31,2,0,0,0,1.9375,0.125,0.0,0.0,0.0,,0.19543942063026032
lipid,C18H24O3,18,24,3,0,0,0,1.3333333333333333,0.16666666666666666,0.0,0.0,0.0,,0.19543942063026032
lipid,C16H32O4,16,32,4,0,0,0,2.0,0.25,0.0,0.0,0.0,,0.19543942063026032
lipid,C20H32O,20,32,1,0,0,0,1.6,0.05,0.0,0.0,0.0,,0.19543942063026032
lipid,C21H36,21,36,0,0,0,0,1.7142857142857142,0.0,0.0,0.0,0.0,,0.19543942063026032
lipid,C13H23NO6,13,23,6,1,0,0,1.7692307692307692,0.46153846153846156,0.07692307692307693,0.0,0.0,inf,0.19543942063026032
lipid,C18H27NO2,18,27,2,1,0,0,1.5,0.1111111111111111,0.05555555555555555,0.0,0.0,inf,0.19543942063026032
lipid,C17H22O4,17,22,4,0,0,0,1.2941176470588236,0.23529411764705882,0.0,0.0,0.0,,0.19543942063026032
lipid,C14H26O4S,14,26,4,0,1,0,1.8571428571428572,0.2857142857142857,0.0,0.07142857142857142,0.0,,0.19543942063026032
lipid,C19H28O2,19,28,2,0,0,0,1.4736842105263157,0.10526315789473684,0.0,0.0,0.0,,0.19543942063026032
lipid,C20H34O2,20,34,2,0,0,0,1.7,0.1,0.0,0.0,0.0,,0.19543942063026032
lipid,C16H24O5,16,24,5,0,0,0,1.5,0.3125,0.0,0.0,0.0,,0.19543942063026032
lipid,C18H32O3,18,32,3,0,0,0,1.7777777777777777,0.16666666666666666,0.0,0.0,0.0,,0.19543942063026032
lipid,C15H27NO5,15,27,5,1,0,0,1.8,0.3333333333333333,0.06666666666666667,0.0,0.0,inf,0.19543942063026032
lipid,C16H31NO4,16,31,4,1,0,0,1.9375,0.25,0.0625,0.0,0.0,inf,0.19543942063026032
lipid,C16H30O5,16,30,5,0,0,0,1.875,0.3125,0.0,0.0,0.0,,0.19543942063026032
lipid,C20H30O2,20,30,2,0,0,0,1.5,0.1,0.0,0.0,0.0,,0.19543942063026032
lipid,C17H34O4,17,34,4,0,0,0,2.0,0.23529411764705882,0.0,0.0,0.0,,0.19543942063026032
lipid,C18H35FO2,18,35,2,0,0,0,1.9444444444444444,0.1111111111111111,0.0,0.0,0.0,,0.19543942063026032
lipid,C20H33NO,20,33,1,1,0,0,1.65,0.05,0.05,0.0,0.0,inf,0.19543942063026032
lipid,C19H40O2,19,40,2,0,0,0,2.1052631578947367,0.10526315789473684,0.0,0.0,0.0,,0.19543942063026032
lipid,C22H24O,22,24,1,0,0,0,1.0909090909090908,0.045454545454545456,0.0,0.0,0.0,,0.19543942063026032
lipid,C20H32O2,20,32,2,0,0,0,1.6,0.1,0.0,0.0,0.0,,0.19543942063026032
lipid,C21H36O,21,36,1,0,0,0,1.7142857142857142,0.047619047619047616,0.0,0.0,0.0,,0.19543942063026032
lipid,C22H40,22,40,0,0,0,0,1.8181818181818181,0.0,0.0,0.0,0.0,,0.19543942063026032
lipid,C18H27NO3,18,27,3,1,0,0,1.5,0.16666666666666666,0.05555555555555555,0.0,0.0,inf,0.19543942063026032
lipid,C3HBr3O2,3,1,2,0,0,0,0.3333333333333333,0.6666666666666666,0.0,0.0,0.0,,0.19543942063026032
lipid,C13H27O3As,13,27,3,0,0,0,2.076923076923077,0.23076923076923078,0.0,0.0,0.0,,0.19543942063026032
lipid,C16H31ClO3,16,31,3,0,0,0,1.9375,0.1875,0.0,0.0,0.0,,0.19543942063026032
lipid,C16H32O5,16,32,5,0,0,0,2.0,0.3125,0.0,0.0,0.0,,0.19543942063026032
lipid,C20H24O2,20,24,2,0,0,0,1.2,0.1,0.0,0.0,0.0,,0.19543942063026032
lipid,C18H36O3,18,36,3,0,0,0,2.0,0.16666666666666666,0.0,0.0,0.0,,0.19543942063026032
lipid,C17H32O4,17,32,4,0,0,0,1.8823529411764706,0.23529411764705882,0.0,0.0,0.0,,0.19543942063026032
lipid,C19H36O2,19,36,2,0,0,0,1.894736842105263,0.10526315789473684,0.0,0.0,0.0,,0.19543942063026032
lipid,C20H40O,20,40,1,0,0,0,2.0,0.05,0.0,0.0,0.0,,0.19543942063026032
lipid,C21H44,21,44,0,0,0,0,2.0952380952380953,0.0,0.0,0.0,0.0,,0.19543942063026032
lipid,C16H27NO4,16,27,4,1,0,0,1.6875,0.25,0.0625,0.0,0.0,inf,0.19543942063026032
lipid,C18H35NO2,18,35,2,1,0,0,1.9444444444444444,0.1111111111111111,0.05555555555555555,0.0,0.0,inf,0.19543942063026032
lipid,C16H26O5,16,26,5,0,0,0,1.625,0.3125,0.0,0.0,0.0,,0.19543942063026032
lipid,C17H30O4,17,30,4,0,0,0,1.7647058823529411,0.23529411764705882,0.0,0.0,0.0,,0.19543942063026032
lipid,C18H33FO2,18,33,2,0,0,0,1.8333333333333333,0.1111111111111111,0.0,0.0,0.0,,0.19543942063026032
lipid,C18H31FO2,18,31,2,0,0,0,1.7222222222222223,0.1111111111111111,0.0,0.0,0.0,,0.19543942063026032
lipid,C19H38O2,19,38,2,0,0,0,2.0,0.10526315789473684,0.0,0.0,0.0,,0.19543942063026032
lipid,C20H42O,20,42,1,0,0,0,2.1,0.05,0.0,0.0,0.0,,0.19543942063026032
lipid,C16H29NO4,16,29,4,1,0,0,1.8125,0.25,0.0625,0.0,0.0,inf,0.19543942063026032
lipid,C18H37NO2,18,37,2,1,0,0,2.0555555555555554,0.1111111111111111,0.05555555555555555,0.0,0.0,inf,0.19543942063026032
lipid,C19H24O3,19,24,3,0,0,0,1.263157894736842,0.15789473684210525,0.0,0.0,0.0,,0.19543942063026032
lipid,C16H28O5,16,28,5,0,0,0,1.75,0.3125,0.0,0.0,0.0,,0.19543942063026032
lipid,C20H28O2,20,28,2,0,0,0,1.4,0.1,0.0,0.0,0.0,,0.19543942063026032
lipid,C18H34O3,18,34,3,0,0,0,1.8888888888888888,0.16666666666666666,0.0,0.0,0.0,,0.19543942063026032
lipid,C13H10OS2,13,10,1,0,2,0,0.7692307692307693,0.07692307692307693,0.0,0.15384615384615385,0.0,,0.19543942063026032
lipid,C22H36O6,22,36,6,0,0,0,1.6363636363636365,0.2727272727272727,0.0,0.0,0.0,,0.19543942063026032
lipid,C22H40N2O4,22,40,4,2,0,0,1.8181818181818181,0.18181818181818182,0.09090909090909091,0.0,0.0,inf,0.19543942063026032
lipid,C40H78O2,40,78,2,0,0,0,1.95,0.05,0.0,0.0,0.0,,0.19543942063026032
lipid,C42H86,42,86,0,0,0,0,2.0476190476190474,0.0,0.0,0.0,0.0,,0.19543942063026032
lipid,C40H80O2,40,80,2,0,0,0,2.0,0.05,0.0,0.0,0.0,,0.19543942063026032
lipid,C35H62O7,35,62,7,0,0,0,1.7714285714285714,0.2,0.0,0.0,0.0,,0.19543942063026032
lipid,C39H78O3,39,78,3,0,0,0,2.0,0.07692307692307693,0.0,0.0,0.0,,0.19543942063026032
lipid,C40H82O2,40,82,2,0,0,0,2.05,0.05,0.0,0.0,0.0,,0.19543942063026032
lipid,C18H32Br4O2,18,32,2,0,0,0,1.7777777777777777,0.1111111111111111,0.0,0.0,0.0,,0.19543942063026032
lipid,C35H64O7,35,64,7,0,0,0,1.8285714285714285,0.2,0.0,0.0,0.0,,0.19543942063026032
lipid,C29H39ClO11,29,39,11,0,0,0,1.3448275862068966,0.3793103448275862,0.0,0.0,0.0,,0.19543942063026032
lipid,C29H41ClO11,29,41,11,0,0,0,1.4137931034482758,0.3793103448275862,0.0,0.0,0.0,,0.19543942063026032
lipid,C27H50N6O9,27,50,9,6,0,0,1.8518518518518519,0.3333333333333333,0.2222222222222222,0.0,0.0,inf,0.19543942063026032
lipid,C34H66O8,34,66,8,0,0,0,1.9411764705882353,0.23529411764705882,0.0,0.0,0.0,,0.19543942063026032
lipid,C34H68O8,34,68,8,0,0,0,2.0,0.23529411764705882,0.0,0.0,0.0,,0.19543942063026032
lipid,C41H80O2,41,80,2,0,0,0,1.951219512195122,0.04878048780487805,0.0,0.0,0.0,,0.19543942063026032
lipid,C43H88,43,88,0,0,0,0,2.046511627906977,0.0,0.0,0.0,0.0,,0.19543942063026032
lipid,C40H76O2,40,76,2,0,0,0,1.9,0.05,0.0,0.0,0.0,,0.19543942063026032
lipid,C38H68O4,38,68,4,0,0,0,1.7894736842105263,0.10526315789473684,0.0,0.0,0.0,,0.19543942063026032
lipid,C40H74O2,40,74,2,0,0,0,1.85,0.05,0.0,0.0,0.0,,0.19543942063026032
lipid,C40H72O2,40,72,2,0,0,0,1.8,0.05,0.0,0.0,0.0,,0.19543942063026032
lipid,C34H65NO5,34,65,5,1,0,0,1.911764705882353,0.14705882352941177,0.029411764705882353,0.0,0.0,inf,0.19543942063026032
lipid,C28H44N2O8S,28,44,8,2,1,0,1.5714285714285714,0.2857142857142857,0.07142857142857142,0.03571428571428571,0.0,inf,0.19543942063026032
lipid,C22H44Cl2O8S2,22,44,8,0,2,0,2.0,0.36363636363636365,0.0,0.09090909090909091,0.0,,0.19543942063026032
lipid,C25H46O14,25,46,14,0,0,0,1.84,0.56,0.0,0.0,0.0,,0.19543942063026032
lipid,C27H52N6O7,27,52,7,6,0,0,1.9259259259259258,0.25925925925925924,0.2222222222222222,0.0,0.0,inf,0.19543942063026032
lipid,C32H62O8,32,62,8,0,0,0,1.9375,0.25,0.0,0.0,0.0,,0.19543942063026032
lipid,C37H66O4,37,66,4,0,0,0,1.7837837837837838,0.10810810810810811,0.0,0.0,0.0,,0.19543942063026032
lipid,C41H82O2,41,82,2,0,0,0,2.0,0.04878048780487805,0.0,0.0,0.0,,0.19543942063026032
lipid,C30H56O10,30,56,10,0,0,0,1.8666666666666667,0.3333333333333333,0.0,0.0,0.0,,0.19543942063026032
lipid,C37H68O4,37,68,4,0,0,0,1.837837837837838,0.10810810810810811,0.0,0.0,0.0,,0.19543942063026032
lipid,C39H76O2,39,76,2,0,0,0,1.9487179487179487,0.05128205128205128,0.0,0.0,0.0,,0.19543942063026032
lipid,C41H84,41,84,0,0,0,0,2.048780487804878,0.0,0.0,0.0,0.0,,0.19543942063026032
lipid,C35H67N3O3,35,67,3,3,0,0,1.9142857142857144,0.08571428571428572,0.08571428571428572,0.0,0.0,inf,0.19543942063026032
lipid,C39H78O2,39,78,2,0,0,0,2.0,0.05128205128205128,0.0,0.0,0.0,,0.19543942063026032
lipid,C35H65NO5,35,65,5,1,0,0,1.8571428571428572,0.14285714285714285,0.02857142857142857,0.0,0.0,inf,0.19543942063026032
lipid,C33H60O8,33,60,8,0,0,0,1.8181818181818181,0.24242424242424243,0.0,0.0,0.0,,0.19543942063026032
lipid,C32H64O8,32,64,8,0,0,0,2.0,0.25,0.0,0.0,0.0,,0.19543942063026032
lipid,C40H80O3,40,80,3,0,0,0,2.0,0.075,0.0,0.0,0.0,,0.19543942063026032
lipid,C25H48FeN6O8,25,48,8,6,0,0,1.92,0.32,0.24,0.0,0.0,inf,0.19543942063026032
lipid,C24H43Cl5O5S,24,43,5,0,1,0,1.7916666666666667,0.20833333333333334,0.0,0.041666666666666664,0.0,,0.19543942063026032
lipid,C36H70O9,36,70,9,0,0,0,1.9444444444444444,0.25,0.0,0.0,0.0,,0.19543942063026032
lipid,C36H72O9,36,72,9,0,0,0,2.0,0.25,0.0,0.0,0.0,,0.19543942063026032
lipid,C44H88O2,44,88,2,0,0,0,2.0,0.045454545454545456,0.0,0.0,0.0,,0.19543942063026032
lipid,C32H58O13,32,58,13,0,0,0,1.8125,0.40625,0.0,0.0,0.0,,0.19543942063026032
lipid,C42H82O4,42,82,4,0,0,0,1.9523809523809523,0.09523809523809523,0.0,0.0,0.0,,0.19543942063026032
lipid,C43H86O3,43,86,3,0,0,0,2.0,0.06976744186046512,0.0,0.0,0.0,,0.19543942063026032
lipid,C37H68N2O7,37,68,7,2,0,0,1.837837837837838,0.1891891891891892,0.05405405405405406,0.0,0.0,inf,0.19543942063026032
lipid,C36H68O7S,36,68,7,0,1,0,1.8888888888888888,0.19444444444444445,0.0,0.027777777777777776,0.0,,0.19543942063026032
lipid,C37H66O7S,37,66,7,0,1,0,1.7837837837837838,0.1891891891891892,0.0,0.02702702702702703,0.0,,0.19543942063026032
lipid,C36H64O10,36,64,10,0,0,0,1.7777777777777777,0.2777777777777778,0.0,0.0,0.0,,0.19543942063026032
lipid,C47H96,47,96,0,0,0,0,2.0425531914893615,0.0,0.0,0.0,0.0,,0.19543942063026032
lipid,C45H90O2,45,90,2,0,0,0,2.0,0.044444444444444446,0.0,0.0,0.0,,0.19543942063026032
lipid,C40H76N2O5,40,76,5,2,0,0,1.9,0.125,0.05,0.0,0.0,inf,0.19543942063026032
lipid,C38H70N2O7,38,70,7,2,0,0,1.8421052631578947,0.18421052631578946,0.05263157894736842,0.0,0.0,inf,0.19543942063026032
lipid,C22H41Cl5O8S2,22,41,8,0,2,0,1.8636363636363635,0.36363636363636365,0.0,0.09090909090909091,0.0,,0.19543942063026032
lipid,C38H74O9,38,74,9,0,0,0,1.9473684210526316,0.23684210526315788,0.0,0.0,0.0,,0.19543942063026032
lipid,C37H70N2O7,37,70,7,2,0,0,1.8918918918918919,0.1891891891891892,0.05405405405405406,0.0,0.0,inf,0.19543942063026032
lipid,C37H74O3,37,74,3,0,0,0,2.0,0.08108108108108109,0.0,0.0,0.0,,0.19543942063026032
lipid,C30H49N3O10S,30,49,10,3,1,0,1.6333333333333333,0.3333333333333333,0.1,0.03333333333333333,0.0,inf,0.19543942063026032
lipid,C30H47N3O10S,30,47,10,3,1,0,1.5666666666666667,0.3333333333333333,0.1,0.03333333333333333,0.0,inf,0.19543942063026032
lipid,C27H50N6O10,27,50,10,6,0,0,1.8518518518518519,0.37037037037037035,0.2222222222222222,0.0,0.0,inf,0.19543942063026032
lipid,C32H58O11,32,58,11,0,0,0,1.8125,0.34375,0.0,0.0,0.0,,0.19543942063026032
lipid,C34H66O9,34,66,9,0,0,0,1.9411764705882353,0.2647058823529412,0.0,0.0,0.0,,0.19543942063026032
lipid,C42H82O2,42,82,2,0,0,0,1.9523809523809523,0.047619047619047616,0.0,0.0,0.0,,0.19543942063026032
lipid,C34H68O9,34,68,9,0,0,0,2.0,0.2647058823529412,0.0,0.0,0.0,,0.19543942063026032
lipid,C42H84O2,42,84,2,0,0,0,2.0,0.047619047619047616,0.0,0.0,0.0,,0.19543942063026032
lipid,C37H66O7,37,66,7,0,0,0,1.7837837837837838,0.1891891891891892,0.0,0.0,0.0,,0.19543942063026032
lipid,C41H71NO4,41,71,4,1,0,0,1.7317073170731707,0.0975609756097561,0.024390243902439025,0.0,0.0,inf,0.19543942063026032
lipid,C37H72N2O5,37,72,5,2,0,0,1.945945945945946,0.13513513513513514,0.05405405405405406,0.0,0.0,inf,0.19543942063026032
lipid,C37H71NO6,37,71,6,1,0,0,1.9189189189189189,0.16216216216216217,0.02702702702702703,0.0,0.0,inf,0.19543942063026032
lipid,C40H66O5,40,66,5,0,0,0,1.65,0.125,0.0,0.0,0.0,,0.19543942063026032
lipid,C35H64O7S,35,64,7,0,1,0,1.8285714285714285,0.2,0.0,0.02857142857142857,0.0,,0.19543942063026032
lipid,C45H92,45,92,0,0,0,0,2.0444444444444443,0.0,0.0,0.0,0.0,,0.19543942063026032
lipid,C43H86O2,43,86,2,0,0,0,2.0,0.046511627906976744,0.0,0.0,0.0,,0.19543942063026032
lipid,C42H84O3,42,84,3,0,0,0,2.0,0.07142857142857142,0.0,0.0,0.0,,0.19543942063026032
lipid,C38H74N2O5,38,74,5,2,0,0,1.9473684210526316,0.13157894736842105,0.05263157894736842,0.0,0.0,inf,0.19543942063026032
lipid,C30H47N3O9S,30,47,9,3,1,0,1.5666666666666667,0.3,0.1,0.03333333333333333,0.0,inf,0.19543942063026032
lipid,C36H70O4,36,70,4,0,0,0,1.9444444444444444,0.1111111111111111,0.0,0.0,0.0,,0.19543942063026032
lipid,C34H67N3O3,34,67,3,3,0,0,1.9705882352941178,0.08823529411764706,0.08823529411764706,0.0,0.0,inf,0.19543942063026032
lipid,C34H63NO5,34,63,5,1,0,0,1.8529411764705883,0.14705882352941177,0.029411764705882353,0.0,0.0,inf,0.19543942063026032
lipid,C35H68O2,35,68,2,0,0,0,1.9428571428571428,0.05714285714285714,0.0,0.0,0.0,,0.19543942063026032
lipid,C37H76,37,76,0,0,0,0,2.054054054054054,0.0,0.0,0.0,0.0,,0.19543942063026032
lipid,C26H36BrNO3S,26,36,3,1,1,0,1.3846153846153846,0.11538461538461539,0.038461538461538464,0.038461538461538464,0.0,inf,0.19543942063026032
lipid,C28H42O9,28,42,9,0,0,0,1.5,0.32142857142857145,0.0,0.0,0.0,,0.19543942063026032
lipid,C35H70O2,35,70,2,0,0,0,2.0,0.05714285714285714,0.0,0.0,0.0,,0.19543942063026032
lipid,C27H41NO9,27,41,9,1,0,0,1.5185185185185186,0.3333333333333333,0.037037037037037035,0.0,0.0,inf,0.19543942063026032
lipid,C36H60O2,36,60,2,0,0,0,1.6666666666666667,0.05555555555555555,0.0,0.0,0.0,,0.19543942063026032
lipid,C29H32N2O7,29,32,7,2,0,0,1.103448275862069,0.2413793103448276,0.06896551724137931,0.0,0.0,inf,0.19543942063026032
lipid,C34H68O3,34,68,3,0,0,0,2.0,0.08823529411764706,0.0,0.0,0.0,,0.19543942063026032
lipid,C36H62O2,36,62,2,0,0,0,1.7222222222222223,0.05555555555555555,0.0,0.0,0.0,,0.19543942063026032
lipid,C34H56O4,34,56,4,0,0,0,1.6470588235294117,0.11764705882352941,0.0,0.0,0.0,,0.19543942063026032
lipid,C36H64O2,36,64,2,0,0,0,1.7777777777777777,0.05555555555555555,0.0,0.0,0.0,,0.19543942063026032
lipid,C36H66O2,36,66,2,0,0,0,1.8333333333333333,0.05555555555555555,0.0,0.0,0.0,,0.19543942063026032
lipid,C23H33IO6,23,33,6,0,0,0,1.434782608695652,0.2608695652173913,0.0,0.0,0.0,,0.19543942063026032
lipid,C23H44N6O8,23,44,8,6,0,0,1.9130434782608696,0.34782608695652173,0.2608695652173913,0.0,0.0,inf,0.19543942063026032
lipid,C34H60O4,34,60,4,0,0,0,1.7647058823529411,0.11764705882352941,0.0,0.0,0.0,,0.19543942063026032
lipid,C23H42O13,23,42,13,0,0,0,1.826086956521739,0.5652173913043478,0.0,0.0,0.0,,0.19543942063026032
lipid,C36H68O2,36,68,2,0,0,0,1.8888888888888888,0.05555555555555555,0.0,0.0,0.0,,0.19543942063026032
lipid,C37H74,37,74,0,0,0,0,2.0,0.0,0.0,0.0,0.0,,0.19543942063026032
lipid,C28H54O8,28,54,8,0,0,0,1.9285714285714286,0.2857142857142857,0.0,0.0,0.0,,0.19543942063026032
lipid,C27H41NO8,27,41,8,1,0,0,1.5185185185185186,0.2962962962962963,0.037037037037037035,0.0,0.0,inf,0.19543942063026032
lipid,C32H60O4,32,60,4,0,0,0,1.875,0.125,0.0,0.0,0.0,,0.19543942063026032
lipid,C33H64O3,33,64,3,0,0,0,1.9393939393939394,0.09090909090909091,0.0,0.0,0.0,,0.19543942063026032
lipid,C34H68O2,34,68,2,0,0,0,2.0,0.058823529411764705,0.0,0.0,0.0,,0.19543942063026032
lipid,C32H62O4,32,62,4,0,0,0,1.9375,0.125,0.0,0.0,0.0,,0.19543942063026032
lipid,C33H66O3,33,66,3,0,0,0,2.0,0.09090909090909091,0.0,0.0,0.0,,0.19543942063026032
lipid,C25H33ClO9,25,33,9,0,0,0,1.32,0.36,0.0,0.0,0.0,,0.19543942063026032
lipid,C33H58O4,33,58,4,0,0,0,1.7575757575757576,0.12121212121212122,0.0,0.0,0.0,,0.19543942063026032
lipid,C22H40O13,22,40,13,0,0,0,1.8181818181818181,0.5909090909090909,0.0,0.0,0.0,,0.19543942063026032
lipid,C25H40N2O7S,25,40,7,2,1,0,1.6,0.28,0.08,0.04,0.0,inf,0.19543942063026032
lipid,C29H53BrO2,29,53,2,0,0,0,1.8275862068965518,0.06896551724137931,0.0,0.0,0.0,,0.19543942063026032
lipid,C25H35ClO9,25,35,9,0,0,0,1.4,0.36,0.0,0.0,0.0,,0.19543942063026032
lipid,C21H38O14,21,38,14,0,0,0,1.8095238095238095,0.6666666666666666,0.0,0.0,0.0,,0.19543942063026032
lipid,C25H42N2O7S,25,42,7,2,1,0,1.68,0.28,0.08,0.04,0.0,inf,0.19543942063026032
lipid,C23H44N6O7,23,44,7,6,0,0,1.9130434782608696,0.30434782608695654,0.2608695652173913,0.0,0.0,inf,0.19543942063026032
lipid,C37H72,37,72,0,0,0,0,1.945945945945946,0.0,0.0,0.0,0.0,,0.19543942063026032
lipid,C28H36N2O7,28,36,7,2,0,0,1.2857142857142858,0.25,0.07142857142857142,0.0,0.0,inf,0.19543942063026032
lipid,C38H76O9,38,76,9,0,0,0,2.0,0.23684210526315788,0.0,0.0,0.0,,0.19543942063026032
lipid,C36H70O2,36,70,2,0,0,0,1.9444444444444444,0.05555555555555555,0.0,0.0,0.0,,0.19543942063026032
lipid,C22H45ClO8S2,22,45,8,0,2,0,2.0454545454545454,0.36363636363636365,0.0,0.09090909090909091,0.0,,0.19543942063026032
lipid,C36H72O3,36,72,3,0,0,0,2.0,0.08333333333333333,0.0,0.0,0.0,,0.19543942063026032
lipid,C25H46O13,25,46,13,0,0,0,1.84,0.52,0.0,0.0,0.0,,0.19543942063026032
lipid,C38H66O2,38,66,2,0,0,0,1.736842105263158,0.05263157894736842,0.0,0.0,0.0,,0.19543942063026032
lipid,C27H37ClO10,27,37,10,0,0,0,1.3703703703703705,0.37037037037037035,0.0,0.0,0.0,,0.19543942063026032
lipid,C38H68O2,38,68,2,0,0,0,1.7894736842105263,0.05263157894736842,0.0,0.0,0.0,,0.19543942063026032
lipid,C27H39ClO10,27,39,10,0,0,0,1.4444444444444444,0.37037037037037035,0.0,0.0,0.0,,0.19543942063026032
lipid,C38H70O2,38,70,2,0,0,0,1.8421052631578947,0.05263157894736842,0.0,0.0,0.0,,0.19543942063026032
lipid,C38H64O2,38,64,2,0,0,0,1.6842105263157894,0.05263157894736842,0.0,0.0,0.0,,0.19543942063026032
lipid,C25H48N6O8,25,48,8,6,0,0,1.92,0.32,0.24,0.0,0.0,inf,0.19543942063026032
lipid,C38H72O2,38,72,2,0,0,0,1.894736842105263,0.05263157894736842,0.0,0.0,0.0,,0.19543942063026032
lipid,C38H74O2,38,74,2,0,0,0,1.9473684210526316,0.05263157894736842,0.0,0.0,0.0,,0.19543942063026032
lipid,C40H82,40,82,0,0,0,0,2.05,0.0,0.0,0.0,0.0,,0.19543942063026032
lipid,C34H65N3O3,34,65,3,3,0,0,1.911764705882353,0.08823529411764706,0.08823529411764706,0.0,0.0,inf,0.19543942063026032
lipid,C24H49ClO8S2,24,49,8,0,2,0,2.0416666666666665,0.3333333333333333,0.0,0.08333333333333333,0.0,,0.19543942063026032
lipid,C36H68O4,36,68,4,0,0,0,1.8888888888888888,0.1111111111111111,0.0,0.0,0.0,,0.19543942063026032
lipid,C38H76O2,38,76,2,0,0,0,2.0,0.05263157894736842,0.0,0.0,0.0,,0.19543942063026032
lipid,C36H64O4,36,64,4,0,0,0,1.7777777777777777,0.1111111111111111,0.0,0.0,0.0,,0.19543942063026032
lipid,C38H78,38,78,0,0,0,0,2.0526315789473686,0.0,0.0,0.0,0.0,,0.19543942063026032
lipid,C37H74O2,37,74,2,0,0,0,2.0,0.05405405405405406,0.0,0.0,0.0,,0.19543942063026032
lipid,C31H38N2O7,31,38,7,2,0,0,1.2258064516129032,0.22580645161290322,0.06451612903225806,0.0,0.0,inf,0.19543942063026032
lipid,C34H64O4,34,64,4,0,0,0,1.8823529411764706,0.11764705882352941,0.0,0.0,0.0,,0.19543942063026032
lipid,C36H72O2,36,72,2,0,0,0,2.0,0.05555555555555555,0.0,0.0,0.0,,0.19543942063026032
lipid,C27H35ClO9,27,35,9,0,0,0,1.2962962962962963,0.3333333333333333,0.0,0.0,0.0,,0.19543942063026032
lipid,C30H38N2O7,30,38,7,2,0,0,1.2666666666666666,0.23333333333333334,0.06666666666666667,0.0,0.0,inf,0.19543942063026032
lipid,C37H62O2,37,62,2,0,0,0,1.6756756756756757,0.05405405405405406,0.0,0.0,0.0,,0.19543942063026032
lipid,C34H66O4,34,66,4,0,0,0,1.9411764705882353,0.11764705882352941,0.0,0.0,0.0,,0.19543942063026032
lipid,C33H65NO4,33,65,4,1,0,0,1.9696969696969697,0.12121212121212122,0.030303030303030304,0.0,0.0,inf,0.19543942063026032
lipid,C38H62O2,38,62,2,0,0,0,1.631578947368421,0.05263157894736842,0.0,0.0,0.0,,0.19543942063026032
lipid,C27H37ClO9,27,37,9,0,0,0,1.3703703703703705,0.3333333333333333,0.0,0.0,0.0,,0.19543942063026032
lipid,C23H42O14,23,42,14,0,0,0,1.826086956521739,0.6086956521739131,0.0,0.0,0.0,,0.19543942063026032
lipid,C27H42NO8Cl,27,42,8,1,0,0,1.5555555555555556,0.2962962962962963,0.037037037037037035,0.0,0.0,inf,0.19543942063026032
lipid,C31H34N2O7,31,34,7,2,0,0,1.096774193548387,0.22580645161290322,0.06451612903225806,0.0,0.0,inf,0.19543942063026032
lipid,C35H62O4,35,62,4,0,0,0,1.7714285714285714,0.11428571428571428,0.0,0.0,0.0,,0.19543942063026032
lipid,C38H60O2,38,60,2,0,0,0,1.5789473684210527,0.05263157894736842,0.0,0.0,0.0,,0.19543942063026032
lipid,C37H72O2,37,72,2,0,0,0,1.945945945945946,0.05405405405405406,0.0,0.0,0.0,,0.19543942063026032
lipid,C39H80,39,80,0,0,0,0,2.051282051282051,0.0,0.0,0.0,0.0,,0.19543942063026032
lipid,C30H40N2O7,30,40,7,2,0,0,1.3333333333333333,0.23333333333333334,0.06666666666666667,0.0,0.0,inf,0.19543942063026032
lipid,C36H74,36,74,0,0,0,0,2.0555555555555554,0.0,0.0,0.0,0.0,,0.19543942063026032
lipid,C46H92O2,46,92,2,0,0,0,2.0,0.043478260869565216,0.0,0.0,0.0,,0.19543942063026032
lipid,C34H64O13,34,64,13,0,0,0,1.8823529411764706,0.38235294117647056,0.0,0.0,0.0,,0.19543942063026032
lipid,C28H49N8O18P3S,28,49,18,8,1,3,1.75,0.6428571428571429,0.2857142857142857,0.03571428571428571,0.10714285714285714,2.6666666666666665,0.19543942063026032
lipid,C26H40N7O19P3S2,26,40,19,7,2,3,1.5384615384615385,0.7307692307692307,0.2692307692307692,0.07692307692307693,0.11538461538461539,2.3333333333333335,0.19543942063026032
lipid,C27H44N7O20P3S,27,44,20,7,1,3,1.6296296296296295,0.7407407407407407,0.25925925925925924,0.037037037037037035,0.1111111111111111,2.3333333333333335,0.19543942063026032
lipid,C28H48N7O17P3S2,28,48,17,7,2,3,1.7142857142857142,0.6071428571428571,0.25,0.07142857142857142,0.10714285714285714,2.3333333333333335,0.19543942063026032
lipid,C30H42N7O18P3S,30,42,18,7,1,3,1.4,0.6,0.23333333333333334,0.03333333333333333,0.1,2.3333333333333335,0.19543942063026032
lipid,C31H50N7O17P3S,31,50,17,7,1,3,1.6129032258064515,0.5483870967741935,0.22580645161290322,0.03225806451612903,0.0967741935483871,2.3333333333333335,0.19543942063026032
lipid,C29H44N7O19P3S,29,44,19,7,1,3,1.5172413793103448,0.6551724137931034,0.2413793103448276,0.034482758620689655,0.10344827586206896,2.3333333333333335,0.19543942063026032
lipid,C30H48N7O18P3S,30,48,18,7,1,3,1.6,0.6,0.23333333333333334,0.03333333333333333,0.1,2.3333333333333335,0.19543942063026032
lipid,C31H52N7O17P3S,31,52,17,7,1,3,1.6774193548387097,0.5483870967741935,0.22580645161290322,0.03225806451612903,0.0967741935483871,2.3333333333333335,0.19543942063026032
lipid,C30H50N7O18P3S,30,50,18,7,1,3,1.6666666666666667,0.6,0.23333333333333334,0.03333333333333333,0.1,2.3333333333333335,0.19543942063026032
lipid,C31H54N7O17P3S,31,54,17,7,1,3,1.7419354838709677,0.5483870967741935,0.22580645161290322,0.03225806451612903,0.0967741935483871,2.3333333333333335,0.19543942063026032
lipid,C28H44N7O20P3S,28,44,20,7,1,3,1.5714285714285714,0.7142857142857143,0.25,0.03571428571428571,0.10714285714285714,2.3333333333333335,0.19543942063026032
lipid,C31H43N8O17P3S,31,43,17,8,1,3,1.3870967741935485,0.5483870967741935,0.25806451612903225,0.03225806451612903,0.0967741935483871,2.6666666666666665,0.19543942063026032
lipid,C28H46N7O20P3S,28,46,20,7,1,3,1.6428571428571428,0.7142857142857143,0.25,0.03571428571428571,0.10714285714285714,2.3333333333333335,0.19543942063026032
lipid,C46H86O18,46,86,18,0,0,0,1.8695652173913044,0.391304347826087,0.0,0.0,0.0,,0.19543942063026032
lipid,C29H50N7O18P3S,29,50,18,7,1,3,1.7241379310344827,0.6206896551724138,0.2413793103448276,0.034482758620689655,0.10344827586206896,2.3333333333333335,0.19543942063026032
lipid,C28H46N7O19P3S,28,46,19,7,1,3,1.6428571428571428,0.6785714285714286,0.25,0.03571428571428571,0.10714285714285714,2.3333333333333335,0.19543942063026032
lipid,C27H42N7O20P3S,27,42,20,7,1,3,1.5555555555555556,0.7407407407407407,0.25925925925925924,0.037037037037037035,0.1111111111111111,2.3333333333333335,0.19543942063026032
lipid,C30H52N7O17P3S,30,52,17,7,1,3,1.7333333333333334,0.5666666666666667,0.23333333333333334,0.03333333333333333,0.1,2.3333333333333335,0.19543942063026032
lipid,C29H50N7O17P3S,29,50,17,7,1,3,1.7241379310344827,0.5862068965517241,0.2413793103448276,0.034482758620689655,0.10344827586206896,2.3333333333333335,0.19543942063026032
lipid,C27H45N8O18P3S,27,45,18,8,1,3,1.6666666666666667,0.6666666666666666,0.2962962962962963,0.037037037037037035,0.1111111111111111,2.6666666666666665,0.19543942063026032
lipid,C26H40N7O20P3S,26,40,20,7,1,3,1.5384615384615385,0.7692307692307693,0.2692307692307692,0.038461538461538464,0.11538461538461539,2.3333333333333335,0.19543942063026032
lipid,C27H44N7O19P3S,27,44,19,7,1,3,1.6296296296296295,0.7037037037037037,0.25925925925925924,0.037037037037037035,0.1111111111111111,2.3333333333333335,0.19543942063026032
lipid,C28H50N8O17P3S,28,50,17,8,1,3,1.7857142857142858,0.6071428571428571,0.2857142857142857,0.03571428571428571,0.10714285714285714,2.6666666666666665,0.19543942063026032
lipid,C54H104O9,54,104,9,0,0,0,1.9259259259259258,0.16666666666666666,0.0,0.0,0.0,,0.19543942063026032
lipid,C26H42N7O20P3S,26,42,20,7,1,3,1.6153846153846154,0.7692307692307693,0.2692307692307692,0.038461538461538464,0.11538461538461539,2.3333333333333335,0.19543942063026032
lipid,C63H124O3,63,124,3,0,0,0,1.9682539682539681,0.047619047619047616,0.0,0.0,0.0,,0.19543942063026032
lipid,C30H42N7O17P3S,30,42,17,7,1,3,1.4,0.5666666666666667,0.23333333333333334,0.03333333333333333,0.1,2.3333333333333335,0.19543942063026032
lipid,C29H43N8O17P3S,29,43,17,8,1,3,1.4827586206896552,0.5862068965517241,0.27586206896551724,0.034482758620689655,0.10344827586206896,2.6666666666666665,0.19543942063026032
lipid,C61H120O3,61,120,3,0,0,0,1.9672131147540983,0.04918032786885246,0.0,0.0,0.0,,0.19543942063026032
lipid,C28H43N8O18P3S,28,43,18,8,1,3,1.5357142857142858,0.6428571428571429,0.2857142857142857,0.03571428571428571,0.10714285714285714,2.6666666666666665,0.19543942063026032
lipid,C59H116O5,59,116,5,0,0,0,1.9661016949152543,0.0847457627118644,0.0,0.0,0.0,,0.19543942063026032
lipid,C28H44N7O19P3S,28,44,19,7,1,3,1.5714285714285714,0.6785714285714286,0.25,0.03571428571428571,0.10714285714285714,2.3333333333333335,0.19543942063026032
lipid,C28H46N8O18P3S,28,46,18,8,1,3,1.6428571428571428,0.6428571428571429,0.2857142857142857,0.03571428571428571,0.10714285714285714,2.6666666666666665,0.19543942063026032
lipid,C29H48N7O18P3S,29,48,18,7,1,3,1.6551724137931034,0.6206896551724138,0.2413793103448276,0.034482758620689655,0.10344827586206896,2.3333333333333335,0.19543942063026032
lipid,C26H44N7O20P3S,26,44,20,7,1,3,1.6923076923076923,0.7692307692307693,0.2692307692307692,0.038461538461538464,0.11538461538461539,2.3333333333333335,0.19543942063026032
lipid,C30H42N7O19P3S,30,42,19,7,1,3,1.4,0.6333333333333333,0.23333333333333334,0.03333333333333333,0.1,2.3333333333333335,0.19543942063026032
lipid,C31H48N7O18P3S,31,48,18,7,1,3,1.5483870967741935,0.5806451612903226,0.22580645161290322,0.03225806451612903,0.0967741935483871,2.3333333333333335,0.19543942063026032
lipid,C61H120O5,61,120,5,0,0,0,1.9672131147540983,0.08196721311475409,0.0,0.0,0.0,,0.19543942063026032
lipid,C34H60N7O17P3S,34,60,17,7,1,3,1.7647058823529411,0.5,0.20588235294117646,0.029411764705882353,0.08823529411764706,2.3333333333333335,0.19543942063026032
lipid,C33H58N7O18P3S,33,58,18,7,1,3,1.7575757575757576,0.5454545454545454,0.21212121212121213,0.030303030303030304,0.09090909090909091,2.3333333333333335,0.19543942063026032
lipid,C33H44N7O19P3S,33,44,19,7,1,3,1.3333333333333333,0.5757575757575758,0.21212121212121213,0.030303030303030304,0.09090909090909091,2.3333333333333335,0.19543942063026032
lipid,C48H88O19,48,88,19,0,0,0,1.8333333333333333,0.3958333333333333,0.0,0.0,0.0,,0.19543942063026032
lipid,C32H46N7O20P3S,32,46,20,7,1,3,1.4375,0.625,0.21875,0.03125,0.09375,2.3333333333333335,0.19543942063026032
lipid,C35H58N7O17P3S,35,58,17,7,1,3,1.6571428571428573,0.4857142857142857,0.2,0.02857142857142857,0.08571428571428572,2.3333333333333335,0.19543942063026032
lipid,C35H60N7O17P3S,35,60,17,7,1,3,1.7142857142857142,0.4857142857142857,0.2,0.02857142857142857,0.08571428571428572,2.3333333333333335,0.19543942063026032
lipid,C33H56N7O18P3S,33,56,18,7,1,3,1.696969696969697,0.5454545454545454,0.21212121212121213,0.030303030303030304,0.09090909090909091,2.3333333333333335,0.19543942063026032
lipid,C35H62N7O17P3S,35,62,17,7,1,3,1.7714285714285714,0.4857142857142857,0.2,0.02857142857142857,0.08571428571428572,2.3333333333333335,0.19543942063026032
lipid,C35H54N7O18P3S,35,54,18,7,1,3,1.542857142857143,0.5142857142857142,0.2,0.02857142857142857,0.08571428571428572,2.3333333333333335,0.19543942063026032
lipid,C36H62N7O17P3S,36,62,17,7,1,3,1.7222222222222223,0.4722222222222222,0.19444444444444445,0.027777777777777776,0.08333333333333333,2.3333333333333335,0.19543942063026032
lipid,C33H52N7O20P3S,33,52,20,7,1,3,1.5757575757575757,0.6060606060606061,0.21212121212121213,0.030303030303030304,0.09090909090909091,2.3333333333333335,0.19543942063026032
lipid,C35H60N7O18P3S,35,60,18,7,1,3,1.7142857142857142,0.5142857142857142,0.2,0.02857142857142857,0.08571428571428572,2.3333333333333335,0.19543942063026032
lipid,C36H64N7O17P3S,36,64,17,7,1,3,1.7777777777777777,0.4722222222222222,0.19444444444444445,0.027777777777777776,0.08333333333333333,2.3333333333333335,0.19543942063026032
lipid,C31H50N9O18P3S2,31,50,18,9,2,3,1.6129032258064515,0.5806451612903226,0.2903225806451613,0.06451612903225806,0.0967741935483871,3.0,0.19543942063026032
lipid,C35H62N7O18P3S,35,62,18,7,1,3,1.7714285714285714,0.5142857142857142,0.2,0.02857142857142857,0.08571428571428572,2.3333333333333335,0.19543942063026032
lipid,C32H52N7O20P3S,32,52,20,7,1,3,1.625,0.625,0.21875,0.03125,0.09375,2.3333333333333335,0.19543942063026032
lipid,C28H48N8O17P3S,28,48,17,8,1,3,1.7142857142857142,0.6071428571428571,0.2857142857142857,0.03571428571428571,0.10714285714285714,2.6666666666666665,0.19543942063026032
lipid,C32H50N7O19P3S,32,50,19,7,1,3,1.5625,0.59375,0.21875,0.03125,0.09375,2.3333333333333335,0.19543942063026032
lipid,C31H44N7O20P3S,31,44,20,7,1,3,1.4193548387096775,0.6451612903225806,0.22580645161290322,0.03225806451612903,0.0967741935483871,2.3333333333333335,0.19543942063026032
lipid,C31H50N7O18P3S,31,50,18,7,1,3,1.6129032258064515,0.5806451612903226,0.22580645161290322,0.03225806451612903,0.0967741935483871,2.3333333333333335,0.19543942063026032
lipid,C30H49N8O18P3S,30,49,18,8,1,3,1.6333333333333333,0.6,0.26666666666666666,0.03333333333333333,0.1,2.6666666666666665,0.19543942063026032
lipid,C29H44N7O20P3S,29,44,20,7,1,3,1.5172413793103448,0.6896551724137931,0.2413793103448276,0.034482758620689655,0.10344827586206896,2.3333333333333335,0.19543942063026032
lipid,C31H52N7O18P3S,31,52,18,7,1,3,1.6774193548387097,0.5806451612903226,0.22580645161290322,0.03225806451612903,0.0967741935483871,2.3333333333333335,0.19543942063026032
lipid,C32H56N7O17P3S,32,56,17,7,1,3,1.75,0.53125,0.21875,0.03125,0.09375,2.3333333333333335,0.19543942063026032
lipid,C31H40N7O19P3S,31,40,19,7,1,3,1.2903225806451613,0.6129032258064516,0.22580645161290322,0.03225806451612903,0.0967741935483871,2.3333333333333335,0.19543942063026032
lipid,C27H42N7O22P3S,27,42,22,7,1,3,1.5555555555555556,0.8148148148148148,0.25925925925925924,0.037037037037037035,0.1111111111111111,2.3333333333333335,0.19543942063026032
lipid,C63H124O5,63,124,5,0,0,0,1.9682539682539681,0.07936507936507936,0.0,0.0,0.0,,0.19543942063026032
lipid,C28H46N7O21P3S,28,46,21,7,1,3,1.6428571428571428,0.75,0.25,0.03571428571428571,0.10714285714285714,2.3333333333333335,0.19543942063026032
lipid,C33H54N7O17P3S,33,54,17,7,1,3,1.6363636363636365,0.5151515151515151,0.21212121212121213,0.030303030303030304,0.09090909090909091,2.3333333333333335,0.19543942063026032
lipid,C31H48N7O19P3S,31,48,19,7,1,3,1.5483870967741935,0.6129032258064516,0.22580645161290322,0.03225806451612903,0.0967741935483871,2.3333333333333335,0.19543942063026032
lipid,C33H56N7O17P3S,33,56,17,7,1,3,1.696969696969697,0.5151515151515151,0.21212121212121213,0.030303030303030304,0.09090909090909091,2.3333333333333335,0.19543942063026032
lipid,C31H50N7O19P3S,31,50,19,7,1,3,1.6129032258064515,0.6129032258064516,0.22580645161290322,0.03225806451612903,0.0967741935483871,2.3333333333333335,0.19543942063026032
lipid,C33H58N7O17P3S,33,58,17,7,1,3,1.7575757575757576,0.5151515151515151,0.21212121212121213,0.030303030303030304,0.09090909090909091,2.3333333333333335,0.19543942063026032
lipid,C58H112O9,58,112,9,0,0,0,1.9310344827586208,0.15517241379310345,0.0,0.0,0.0,,0.19543942063026032
lipid,C65H128O3,65,128,3,0,0,0,1.9692307692307693,0.046153846153846156,0.0,0.0,0.0,,0.19543942063026032
lipid,C31H44N7O19P3S,31,44,19,7,1,3,1.4193548387096775,0.6129032258064516,0.22580645161290322,0.03225806451612903,0.0967741935483871,2.3333333333333335,0.19543942063026032
lipid,C28H46N7O18P3S,28,46,18,7,1,3,1.6428571428571428,0.6428571428571429,0.25,0.03571428571428571,0.10714285714285714,2.3333333333333335,0.19543942063026032
lipid,C27H42N7O19P3S,27,42,19,7,1,3,1.5555555555555556,0.7037037037037037,0.25925925925925924,0.037037037037037035,0.1111111111111111,2.3333333333333335,0.19543942063026032
lipid,C29H48N7O17P3S,29,48,17,7,1,3,1.6551724137931034,0.5862068965517241,0.2413793103448276,0.034482758620689655,0.10344827586206896,2.3333333333333335,0.19543942063026032
lipid,C38H70O16,38,70,16,0,0,0,1.8421052631578947,0.42105263157894735,0.0,0.0,0.0,,0.19543942063026032
lipid,C36H64O18,36,64,18,0,0,0,1.7777777777777777,0.5,0.0,0.0,0.0,,0.19543942063026032
lipid,C52H98O4,52,98,4,0,0,0,1.8846153846153846,0.07692307692307693,0.0,0.0,0.0,,0.19543942063026032
lipid,C53H104O3,53,104,3,0,0,0,1.9622641509433962,0.05660377358490566,0.0,0.0,0.0,,0.19543942063026032
lipid,C51H100O5,51,100,5,0,0,0,1.9607843137254901,0.09803921568627451,0.0,0.0,0.0,,0.19543942063026032
lipid,C42H74O14,42,74,14,0,0,0,1.7619047619047619,0.3333333333333333,0.0,0.0,0.0,,0.19543942063026032
lipid,C42H76O14,42,76,14,0,0,0,1.8095238095238095,0.3333333333333333,0.0,0.0,0.0,,0.19543942063026032
lipid,C38H68O15,38,68,15,0,0,0,1.7894736842105263,0.39473684210526316,0.0,0.0,0.0,,0.19543942063026032
lipid,C23H38N7O17P3S,23,38,17,7,1,3,1.6521739130434783,0.7391304347826086,0.30434782608695654,0.043478260869565216,0.13043478260869565,2.3333333333333335,0.19543942063026032
lipid,C44H82O13,44,82,13,0,0,0,1.8636363636363635,0.29545454545454547,0.0,0.0,0.0,,0.19543942063026032
lipid,C53H104O5,53,104,5,0,0,0,1.9622641509433962,0.09433962264150944,0.0,0.0,0.0,,0.19543942063026032
lipid,C24H38N7O17P3S,24,38,17,7,1,3,1.5833333333333333,0.7083333333333334,0.2916666666666667,0.041666666666666664,0.125,2.3333333333333335,0.19543942063026032
lipid,C24H40N7O17P3S,24,40,17,7,1,3,1.6666666666666667,0.7083333333333334,0.2916666666666667,0.041666666666666664,0.125,2.3333333333333335,0.19543942063026032
lipid,C56H110O3,56,110,3,0,0,0,1.9642857142857142,0.05357142857142857,0.0,0.0,0.0,,0.19543942063026032
lipid,C25H40N7O17P3S,25,40,17,7,1,3,1.6,0.68,0.28,0.04,0.12,2.3333333333333335,0.19543942063026032
lipid,C24H38N7O18P3S,24,38,18,7,1,3,1.5833333333333333,0.75,0.2916666666666667,0.041666666666666664,0.125,2.3333333333333335,0.19543942063026032
lipid,C55H108O3,55,108,3,0,0,0,1.9636363636363636,0.05454545454545454,0.0,0.0,0.0,,0.19543942063026032
lipid,C25H42N7O17P3S,25,42,17,7,1,3,1.68,0.68,0.28,0.04,0.12,2.3333333333333335,0.19543942063026032
lipid,C50H94O4,50,94,4,0,0,0,1.88,0.08,0.0,0.0,0.0,,0.19543942063026032
lipid,C24H44Cl6O8S2,24,44,8,0,2,0,1.8333333333333333,0.3333333333333333,0.0,0.08333333333333333,0.0,,0.19543942063026032
lipid,C40H76N2O6,40,76,6,2,0,0,1.9,0.15,0.05,0.0,0.0,inf,0.19543942063026032
lipid,C41H80N2O5,41,80,5,2,0,0,1.951219512195122,0.12195121951219512,0.04878048780487805,0.0,0.0,inf,0.19543942063026032
lipid,C39H76N2O7,39,76,7,2,0,0,1.9487179487179487,0.1794871794871795,0.05128205128205128,0.0,0.0,inf,0.19543942063026032
lipid,C40H78O8,40,78,8,0,0,0,1.95,0.2,0.0,0.0,0.0,,0.19543942063026032
lipid,C21H35N7O13P2S,21,35,13,7,1,2,1.6666666666666667,0.6190476190476191,0.3333333333333333,0.047619047619047616,0.09523809523809523,3.5,0.19543942063026032
lipid,C42H80N2O5,42,80,5,2,0,0,1.9047619047619047,0.11904761904761904,0.047619047619047616,0.0,0.0,inf,0.19543942063026032
lipid,C46H92O3,46,92,3,0,0,0,2.0,0.06521739130434782,0.0,0.0,0.0,,0.19543942063026032
lipid,C36H68O15,36,68,15,0,0,0,1.8888888888888888,0.4166666666666667,0.0,0.0,0.0,,0.19543942063026032
lipid,C35H66O13,35,66,13,0,0,0,1.8857142857142857,0.37142857142857144,0.0,0.0,0.0,,0.19543942063026032
lipid,C24H45Cl5O8S2,24,45,8,0,2,0,1.875,0.3333333333333333,0.0,0.08333333333333333,0.0,,0.19543942063026032
lipid,C39H77NO9,39,77,9,1,0,0,1.9743589743589745,0.23076923076923078,0.02564102564102564,0.0,0.0,inf,0.19543942063026032
lipid,C48H96O2,48,96,2,0,0,0,2.0,0.041666666666666664,0.0,0.0,0.0,,0.19543942063026032
lipid,C22H40Cl6O8S2,22,40,8,0,2,0,1.8181818181818181,0.36363636363636365,0.0,0.09090909090909091,0.0,,0.19543942063026032
lipid,C42H82O8,42,82,8,0,0,0,1.9523809523809523,0.19047619047619047,0.0,0.0,0.0,,0.19543942063026032
lipid,C48H96O3,48,96,3,0,0,0,2.0,0.0625,0.0,0.0,0.0,,0.19543942063026032
lipid,C48H90O4,48,90,4,0,0,0,1.875,0.08333333333333333,0.0,0.0,0.0,,0.19543942063026032
lipid,C41H80N2O6,41,80,6,2,0,0,1.951219512195122,0.14634146341463414,0.04878048780487805,0.0,0.0,inf,0.19543942063026032
lipid,C45H90O3,45,90,3,0,0,0,2.0,0.06666666666666667,0.0,0.0,0.0,,0.19543942063026032
lipid,C47H75N5O8,47,75,8,5,0,0,1.5957446808510638,0.1702127659574468,0.10638297872340426,0.0,0.0,inf,0.19543942063026032
lipid,C24H40N7O18P3S,24,40,18,7,1,3,1.6666666666666667,0.75,0.2916666666666667,0.041666666666666664,0.125,2.3333333333333335,0.19543942063026032
lipid,C26H38N7O19P3S,26,38,19,7,1,3,1.4615384615384615,0.7307692307692307,0.2692307692307692,0.038461538461538464,0.11538461538461539,2.3333333333333335,0.19543942063026032
lipid,C27H42N7O18P3S,27,42,18,7,1,3,1.5555555555555556,0.6666666666666666,0.25925925925925924,0.037037037037037035,0.1111111111111111,2.3333333333333335,0.19543942063026032
lipid,C28H46N7O17P3S,28,46,17,7,1,3,1.6428571428571428,0.6071428571428571,0.25,0.03571428571428571,0.10714285714285714,2.3333333333333335,0.19543942063026032
lipid,C26H40N7O19P3S,26,40,19,7,1,3,1.5384615384615385,0.7307692307692307,0.2692307692307692,0.038461538461538464,0.11538461538461539,2.3333333333333335,0.19543942063026032
lipid,C27H44N7O18P3S,27,44,18,7,1,3,1.6296296296296295,0.6666666666666666,0.25925925925925924,0.037037037037037035,0.1111111111111111,2.3333333333333335,0.19543942063026032
lipid,C28H48N7O17P3S,28,48,17,7,1,3,1.7142857142857142,0.6071428571428571,0.25,0.03571428571428571,0.10714285714285714,2.3333333333333335,0.19543942063026032
lipid,C26H42N7O19P3S,26,42,19,7,1,3,1.6153846153846154,0.7307692307692307,0.2692307692307692,0.038461538461538464,0.11538461538461539,2.3333333333333335,0.19543942063026032
lipid,C57H112O5,57,112,5,0,0,0,1.9649122807017543,0.08771929824561403,0.0,0.0,0.0,,0.19543942063026032
lipid,C27H46N7O18P3S,27,46,18,7,1,3,1.7037037037037037,0.6666666666666666,0.25925925925925924,0.037037037037037035,0.1111111111111111,2.3333333333333335,0.19543942063026032
lipid,C60H116O3,60,116,3,0,0,0,1.9333333333333333,0.05,0.0,0.0,0.0,,0.19543942063026032
lipid,C29H42N7O17P3S,29,42,17,7,1,3,1.4482758620689655,0.5862068965517241,0.2413793103448276,0.034482758620689655,0.10344827586206896,2.3333333333333335,0.19543942063026032
lipid,C28H41N8O17P3S,28,41,17,8,1,3,1.4642857142857142,0.6071428571428571,0.2857142857142857,0.03571428571428571,0.10714285714285714,2.6666666666666665,0.19543942063026032
lipid,C23H38N7O20P3S2,23,38,20,7,2,3,1.6521739130434783,0.8695652173913043,0.30434782608695654,0.08695652173913043,0.13043478260869565,2.3333333333333335,0.19543942063026032
lipid,C28H42N7O18P3S,28,42,18,7,1,3,1.5,0.6428571428571429,0.25,0.03571428571428571,0.10714285714285714,2.3333333333333335,0.19543942063026032
lipid,C29H46N7O17P3S,29,46,17,7,1,3,1.5862068965517242,0.5862068965517241,0.2413793103448276,0.034482758620689655,0.10344827586206896,2.3333333333333335,0.19543942063026032
lipid,C28H44N7O18P3S,28,44,18,7,1,3,1.5714285714285714,0.6428571428571429,0.25,0.03571428571428571,0.10714285714285714,2.3333333333333335,0.19543942063026032
lipid,C25H40N7O20P3S,25,40,20,7,1,3,1.6,0.8,0.28,0.04,0.12,2.3333333333333335,0.19543942063026032
lipid,C23H36N7O19P3S,23,36,19,7,1,3,1.565217391304348,0.8260869565217391,0.30434782608695654,0.043478260869565216,0.13043478260869565,2.3333333333333335,0.19543942063026032
lipid,C28H44N7O17P3S,28,44,17,7,1,3,1.5714285714285714,0.6071428571428571,0.25,0.03571428571428571,0.10714285714285714,2.3333333333333335,0.19543942063026032
lipid,C59H116O3,59,116,3,0,0,0,1.9661016949152543,0.05084745762711865,0.0,0.0,0.0,,0.19543942063026032
lipid,C57H112O3,57,112,3,0,0,0,1.9649122807017543,0.05263157894736842,0.0,0.0,0.0,,0.19543942063026032
lipid,C55H108O5,55,108,5,0,0,0,1.9636363636363636,0.09090909090909091,0.0,0.0,0.0,,0.19543942063026032
lipid,C26H42N7O17P3S,26,42,17,7,1,3,1.6153846153846154,0.6538461538461539,0.2692307692307692,0.038461538461538464,0.11538461538461539,2.3333333333333335,0.19543942063026032
lipid,C25H40N7O18P3S,25,40,18,7,1,3,1.6,0.72,0.28,0.04,0.12,2.3333333333333335,0.19543942063026032
lipid,C26H44N7O17P3S,26,44,17,7,1,3,1.6923076923076923,0.6538461538461539,0.2692307692307692,0.038461538461538464,0.11538461538461539,2.3333333333333335,0.19543942063026032
lipid,C24H39N8O18P3S,24,39,18,8,1,3,1.625,0.75,0.3333333333333333,0.041666666666666664,0.125,2.6666666666666665,0.19543942063026032
lipid,C25H43N8O17P3S,25,43,17,8,1,3,1.72,0.68,0.32,0.04,0.12,2.6666666666666665,0.19543942063026032
lipid,C28H42N7O17P3S,28,42,17,7,1,3,1.5,0.6071428571428571,0.25,0.03571428571428571,0.10714285714285714,2.3333333333333335,0.19543942063026032
lipid,C24H38N7O19P3S,24,38,19,7,1,3,1.5833333333333333,0.7916666666666666,0.2916666666666667,0.041666666666666664,0.125,2.3333333333333335,0.19543942063026032
lipid,C26H46N7O17P3S,26,46,17,7,1,3,1.7692307692307692,0.6538461538461539,0.2692307692307692,0.038461538461538464,0.11538461538461539,2.3333333333333335,0.19543942063026032
lipid,C58H114O3,58,114,3,0,0,0,1.9655172413793103,0.05172413793103448,0.0,0.0,0.0,,0.19543942063026032
lipid,C27H44N7O17P3S,27,44,17,7,1,3,1.6296296296296295,0.6296296296296297,0.25925925925925924,0.037037037037037035,0.1111111111111111,2.3333333333333335,0.19543942063026032
lipid,C26H42N7O18P3S,26,42,18,7,1,3,1.6153846153846154,0.6923076923076923,0.2692307692307692,0.038461538461538464,0.11538461538461539,2.3333333333333335,0.19543942063026032
lipid,C27H46N7O17P3S,27,46,17,7,1,3,1.7037037037037037,0.6296296296296297,0.25925925925925924,0.037037037037037035,0.1111111111111111,2.3333333333333335,0.19543942063026032
lipid,C25H40N7O19P3S,25,40,19,7,1,3,1.6,0.76,0.28,0.04,0.12,2.3333333333333335,0.19543942063026032
lipid,C26H44N7O18P3S,26,44,18,7,1,3,1.6923076923076923,0.6923076923076923,0.2692307692307692,0.038461538461538464,0.11538461538461539,2.3333333333333335,0.19543942063026032
lipid,C25H42N7O18P3S,25,42,18,7,1,3,1.68,0.72,0.28,0.04,0.12,2.3333333333333335,0.19543942063026032
lipid,C34H66O2,34,66,2,0,0,0,1.9411764705882353,0.058823529411764705,0.0,0.0,0.0,,0.19543942063026032
lipid,C28H42O8,28,42,8,0,0,0,1.5,0.2857142857142857,0.0,0.0,0.0,,0.19543942063026032
lipid,C24H42O11,24,42,11,0,0,0,1.75,0.4583333333333333,0.0,0.0,0.0,,0.19543942063026032
lipid,C25H43NO4,25,43,4,1,0,0,1.72,0.16,0.04,0.0,0.0,inf,0.19543942063026032
lipid,C24H43N3O3,24,43,3,3,0,0,1.7916666666666667,0.125,0.125,0.0,0.0,inf,0.19543942063026032
lipid,C23H35BrO2,23,35,2,0,0,0,1.5217391304347827,0.08695652173913043,0.0,0.0,0.0,,0.19543942063026032
lipid,C19H34O10,19,34,10,0,0,0,1.7894736842105263,0.5263157894736842,0.0,0.0,0.0,,0.19543942063026032
lipid,C20H38O7S,20,38,7,0,1,0,1.9,0.35,0.0,0.05,0.0,,0.19543942063026032
lipid,C23H38N2O5,23,38,5,2,0,0,1.6521739130434783,0.21739130434782608,0.08695652173913043,0.0,0.0,inf,0.19543942063026032
lipid,C27H50O3,27,50,3,0,0,0,1.8518518518518519,0.1111111111111111,0.0,0.0,0.0,,0.19543942063026032
lipid,C28H54O2,28,54,2,0,0,0,1.9285714285714286,0.07142857142857142,0.0,0.0,0.0,,0.19543942063026032
lipid,C29H58O,29,58,1,0,0,0,2.0,0.034482758620689655,0.0,0.0,0.0,,0.19543942063026032
lipid,C30H62,30,62,0,0,0,0,2.066666666666667,0.0,0.0,0.0,0.0,,0.19543942063026032
lipid,C28H41NO2,28,41,2,1,0,0,1.4642857142857142,0.07142857142857142,0.03571428571428571,0.0,0.0,inf,0.19543942063026032
lipid,C25H45NO4,25,45,4,1,0,0,1.8,0.16,0.04,0.0,0.0,inf,0.19543942063026032
lipid,C21H29BrO4,21,29,4,0,0,0,1.380952380952381,0.19047619047619047,0.0,0.0,0.0,,0.19543942063026032
lipid,C22H32O8,22,32,8,0,0,0,1.4545454545454546,0.36363636363636365,0.0,0.0,0.0,,0.19543942063026032
lipid,C23H36O7,23,36,7,0,0,0,1.565217391304348,0.30434782608695654,0.0,0.0,0.0,,0.19543942063026032
lipid,C30H60,30,60,0,0,0,0,2.0,0.0,0.0,0.0,0.0,,0.19543942063026032
lipid,C29H56O,29,56,1,0,0,0,1.9310344827586208,0.034482758620689655,0.0,0.0,0.0,,0.19543942063026032
lipid,C28H52O2,28,52,2,0,0,0,1.8571428571428572,0.07142857142857142,0.0,0.0,0.0,,0.19543942063026032
lipid,C18H32Cl4O2,18,32,2,0,0,0,1.7777777777777777,0.1111111111111111,0.0,0.0,0.0,,0.19543942063026032
lipid,C28H48O2,28,48,2,0,0,0,1.7142857142857142,0.07142857142857142,0.0,0.0,0.0,,0.19543942063026032
lipid,C22H43NO4S,22,43,4,1,1,0,1.9545454545454546,0.18181818181818182,0.045454545454545456,0.045454545454545456,0.0,inf,0.19543942063026032
lipid,C26H43NO3,26,43,3,1,0,0,1.6538461538461537,0.11538461538461539,0.038461538461538464,0.0,0.0,inf,0.19543942063026032
lipid,C27H47NO2,27,47,2,1,0,0,1.7407407407407407,0.07407407407407407,0.037037037037037035,0.0,0.0,inf,0.19543942063026032
lipid,C23H31BrO2,23,31,2,0,0,0,1.3478260869565217,0.08695652173913043,0.0,0.0,0.0,,0.19543942063026032
lipid,C24H39OAs,24,39,1,0,0,0,1.625,0.041666666666666664,0.0,0.0,0.0,,0.19543942063026032
lipid,C21H43O3As,21,43,3,0,0,0,2.0476190476190474,0.14285714285714285,0.0,0.0,0.0,,0.19543942063026032
lipid,C23H40N2O5,23,40,5,2,0,0,1.7391304347826086,0.21739130434782608,0.08695652173913043,0.0,0.0,inf,0.19543942063026032
lipid,C26H42O4,26,42,4,0,0,0,1.6153846153846154,0.15384615384615385,0.0,0.0,0.0,,0.19543942063026032
lipid,C28H50O2,28,50,2,0,0,0,1.7857142857142858,0.07142857142857142,0.0,0.0,0.0,,0.19543942063026032
lipid,C25H41NO4,25,41,4,1,0,0,1.64,0.16,0.04,0.0,0.0,inf,0.19543942063026032
lipid,C22H45NO4S,22,45,4,1,1,0,2.0454545454545454,0.18181818181818182,0.045454545454545456,0.045454545454545456,0.0,inf,0.19543942063026032
lipid,C24H41N3O3,24,41,3,3,0,0,1.7083333333333333,0.125,0.125,0.0,0.0,inf,0.19543942063026032
lipid,C26H45NO3,26,45,3,1,0,0,1.7307692307692308,0.11538461538461539,0.038461538461538464,0.0,0.0,inf,0.19543942063026032
lipid,C27H46FNO,27,46,1,1,0,0,1.7037037037037037,0.037037037037037035,0.037037037037037035,0.0,0.0,inf,0.19543942063026032
lipid,C27H49NO2,27,49,2,1,0,0,1.8148148148148149,0.07407407407407407,0.037037037037037035,0.0,0.0,inf,0.19543942063026032
lipid,C31H46,31,46,0,0,0,0,1.4838709677419355,0.0,0.0,0.0,0.0,,0.19543942063026032
lipid,C28H56O2,28,56,2,0,0,0,2.0,0.07142857142857142,0.0,0.0,0.0,,0.19543942063026032
lipid,C29H60O,29,60,1,0,0,0,2.0689655172413794,0.034482758620689655,0.0,0.0,0.0,,0.19543942063026032
lipid,C23H39NO6,23,39,6,1,0,0,1.6956521739130435,0.2608695652173913,0.043478260869565216,0.0,0.0,inf,0.19543942063026032
lipid,C29H50O2,29,50,2,0,0,0,1.7241379310344827,0.06896551724137931,0.0,0.0,0.0,,0.19543942063026032
lipid,C31H58,31,58,0,0,0,0,1.8709677419354838,0.0,0.0,0.0,0.0,,0.19543942063026032
lipid,C27H45NO3,27,45,3,1,0,0,1.6666666666666667,0.1111111111111111,0.037037037037037035,0.0,0.0,inf,0.19543942063026032
lipid,C25H40N2O4,25,40,4,2,0,0,1.6,0.16,0.08,0.0,0.0,inf,0.19543942063026032
lipid,C29H52O2,29,52,2,0,0,0,1.793103448275862,0.06896551724137931,0.0,0.0,0.0,,0.19543942063026032
lipid,C31H60,31,60,0,0,0,0,1.935483870967742,0.0,0.0,0.0,0.0,,0.19543942063026032
lipid,C25H39NO5,25,39,5,1,0,0,1.56,0.2,0.04,0.0,0.0,inf,0.19543942063026032
lipid,C24H46O6,24,46,6,0,0,0,1.9166666666666667,0.25,0.0,0.0,0.0,,0.19543942063026032
lipid,C23H47NO4S,23,47,4,1,1,0,2.0434782608695654,0.17391304347826086,0.043478260869565216,0.043478260869565216,0.0,inf,0.19543942063026032
lipid,C23H31BrO3,23,31,3,0,0,0,1.3478260869565217,0.13043478260869565,0.0,0.0,0.0,,0.19543942063026032
lipid,C29H54O2,29,54,2,0,0,0,1.8620689655172413,0.06896551724137931,0.0,0.0,0.0,,0.19543942063026032
lipid,C31H62,31,62,0,0,0,0,2.0,0.0,0.0,0.0,0.0,,0.19543942063026032
lipid,C23H37O3As,23,37,3,0,0,0,1.608695652173913,0.13043478260869565,0.0,0.0,0.0,,0.19543942063026032
lipid,C28H52O3,28,52,3,0,0,0,1.8571428571428572,0.10714285714285714,0.0,0.0,0.0,,0.19543942063026032
lipid,C29H56O2,29,56,2,0,0,0,1.9310344827586208,0.06896551724137931,0.0,0.0,0.0,,0.19543942063026032
lipid,C30H60O,30,60,1,0,0,0,2.0,0.03333333333333333,0.0,0.0,0.0,,0.19543942063026032
lipid,C28H48FNO,28,48,1,1,0,0,1.7142857142857142,0.03571428571428571,0.03571428571428571,0.0,0.0,inf,0.19543942063026032
lipid,C23H45NO5,23,45,5,1,0,0,1.9565217391304348,0.21739130434782608,0.043478260869565216,0.0,0.0,inf,0.19543942063026032
lipid,C26H38O5,26,38,5,0,0,0,1.4615384615384615,0.19230769230769232,0.0,0.0,0.0,,0.19543942063026032
lipid,C20H31IO2,20,31,2,0,0,0,1.55,0.1,0.0,0.0,0.0,,0.19543942063026032
lipid,C25H47NO4,25,47,4,1,0,0,1.88,0.16,0.04,0.0,0.0,inf,0.19543942063026032
lipid,C23H38O7,23,38,7,0,0,0,1.6521739130434783,0.30434782608695654,0.0,0.0,0.0,,0.19543942063026032
lipid,C23H46N4O3,23,46,3,4,0,0,2.0,0.13043478260869565,0.17391304347826086,0.0,0.0,inf,0.19543942063026032
lipid,C26H50O4,26,50,4,0,0,0,1.9230769230769231,0.15384615384615385,0.0,0.0,0.0,,0.19543942063026032
lipid,C27H54O3,27,54,3,0,0,0,2.0,0.1111111111111111,0.0,0.0,0.0,,0.19543942063026032
lipid,C28H58O2,28,58,2,0,0,0,2.0714285714285716,0.07142857142857142,0.0,0.0,0.0,,0.19543942063026032
lipid,C22H37NO5S,22,37,5,1,1,0,1.6818181818181819,0.22727272727272727,0.045454545454545456,0.045454545454545456,0.0,inf,0.19543942063026032
lipid,C25H34O6,25,34,6,0,0,0,1.36,0.24,0.0,0.0,0.0,,0.19543942063026032
lipid,C22H38NO5P,22,38,5,1,0,1,1.7272727272727273,0.22727272727272727,0.045454545454545456,0.0,0.045454545454545456,1.0,0.19543942063026032
lipid,C25H49NO4,25,49,4,1,0,0,1.96,0.16,0.04,0.0,0.0,inf,0.19543942063026032
lipid,C18H22Br2O2,18,22,2,0,0,0,1.2222222222222223,0.1111111111111111,0.0,0.0,0.0,,0.19543942063026032
lipid,C23H41BrO2,23,41,2,0,0,0,1.7826086956521738,0.08695652173913043,0.0,0.0,0.0,,0.19543942063026032
lipid,C23H40O7,23,40,7,0,0,0,1.7391304347826086,0.30434782608695654,0.0,0.0,0.0,,0.19543942063026032
lipid,C24H44O6,24,44,6,0,0,0,1.8333333333333333,0.25,0.0,0.0,0.0,,0.19543942063026032
lipid,C23H43NO6,23,43,6,1,0,0,1.8695652173913044,0.2608695652173913,0.043478260869565216,0.0,0.0,inf,0.19543942063026032
lipid,C27H43NO3,27,43,3,1,0,0,1.5925925925925926,0.1111111111111111,0.037037037037037035,0.0,0.0,inf,0.19543942063026032
lipid,C23H41NO6,23,41,6,1,0,0,1.7826086956521738,0.2608695652173913,0.043478260869565216,0.0,0.0,inf,0.19543942063026032
lipid,C26H41NO3,26,41,3,1,0,0,1.5769230769230769,0.11538461538461539,0.038461538461538464,0.0,0.0,inf,0.19543942063026032
lipid,C19H29NO7S,19,29,7,1,1,0,1.5263157894736843,0.3684210526315789,0.05263157894736842,0.05263157894736842,0.0,inf,0.19543942063026032
lipid,C25H50O4,25,50,4,0,0,0,2.0,0.16,0.0,0.0,0.0,,0.19543942063026032
lipid,C22H42O6,22,42,6,0,0,0,1.9090909090909092,0.2727272727272727,0.0,0.0,0.0,,0.19543942063026032
lipid,C26H42O3,26,42,3,0,0,0,1.6153846153846154,0.11538461538461539,0.0,0.0,0.0,,0.19543942063026032
lipid,C27H46O2,27,46,2,0,0,0,1.7037037037037037,0.07407407407407407,0.0,0.0,0.0,,0.19543942063026032
lipid,C26H46N2O,26,46,1,2,0,0,1.7692307692307692,0.038461538461538464,0.07692307692307693,0.0,0.0,inf,0.19543942063026032
lipid,C29H54,29,54,0,0,0,0,1.8620689655172413,0.0,0.0,0.0,0.0,,0.19543942063026032
lipid,C21H41NO4S,21,41,4,1,1,0,1.9523809523809523,0.19047619047619047,0.047619047619047616,0.047619047619047616,0.0,inf,0.19543942063026032
lipid,C25H41NO3,25,41,3,1,0,0,1.64,0.12,0.04,0.0,0.0,inf,0.19543942063026032
lipid,C20H34O8,20,34,8,0,0,0,1.7,0.4,0.0,0.0,0.0,,0.19543942063026032
lipid,C26H45NO2,26,45,2,1,0,0,1.7307692307692308,0.07692307692307693,0.038461538461538464,0.0,0.0,inf,0.19543942063026032
lipid,C22H44O6,22,44,6,0,0,0,2.0,0.2727272727272727,0.0,0.0,0.0,,0.19543942063026032
lipid,C27H48O2,27,48,2,0,0,0,1.7777777777777777,0.07407407407407407,0.0,0.0,0.0,,0.19543942063026032
lipid,C29H56,29,56,0,0,0,0,1.9310344827586208,0.0,0.0,0.0,0.0,,0.19543942063026032
lipid,C21H27NO7,21,27,7,1,0,0,1.2857142857142858,0.3333333333333333,0.047619047619047616,0.0,0.0,inf,0.19543942063026032
lipid,C24H39NO4,24,39,4,1,0,0,1.625,0.16666666666666666,0.041666666666666664,0.0,0.0,inf,0.19543942063026032
lipid,C21H43NO4S,21,43,4,1,1,0,2.0476190476190474,0.19047619047619047,0.047619047619047616,0.047619047619047616,0.0,inf,0.19543942063026032
lipid,C26H44FNO,26,44,1,1,0,0,1.6923076923076923,0.038461538461538464,0.038461538461538464,0.0,0.0,inf,0.19543942063026032
lipid,C23H37OAs,23,37,1,0,0,0,1.608695652173913,0.043478260869565216,0.0,0.0,0.0,,0.19543942063026032
lipid,C23H38N2O4,23,38,4,2,0,0,1.6521739130434783,0.17391304347826086,0.08695652173913043,0.0,0.0,inf,0.19543942063026032
lipid,C20H18O9,20,18,9,0,0,0,0.9,0.45,0.0,0.0,0.0,,0.19543942063026032
lipid,C27H47NO,27,47,1,1,0,0,1.7407407407407407,0.037037037037037035,0.037037037037037035,0.0,0.0,inf,0.19543942063026032
lipid,C24H44O4,24,44,4,0,0,0,1.8333333333333333,0.16666666666666666,0.0,0.0,0.0,,0.19543942063026032
lipid,C26H52O2,26,52,2,0,0,0,2.0,0.07692307692307693,0.0,0.0,0.0,,0.19543942063026032
lipid,C27H56O,27,56,1,0,0,0,2.074074074074074,0.037037037037037035,0.0,0.0,0.0,,0.19543942063026032
lipid,C22H39NO5,22,39,5,1,0,0,1.7727272727272727,0.22727272727272727,0.045454545454545456,0.0,0.0,inf,0.19543942063026032
lipid,C23H43NO4,23,43,4,1,0,0,1.8695652173913044,0.17391304347826086,0.043478260869565216,0.0,0.0,inf,0.19543942063026032
lipid,C25H51NO2,25,51,2,1,0,0,2.04,0.08,0.04,0.0,0.0,inf,0.19543942063026032
lipid,C19H27BrO4,19,27,4,0,0,0,1.4210526315789473,0.21052631578947367,0.0,0.0,0.0,,0.19543942063026032
lipid,C16H20Br2O2,16,20,2,0,0,0,1.25,0.125,0.0,0.0,0.0,,0.19543942063026032
lipid,C27H42O2,27,42,2,0,0,0,1.5555555555555556,0.07407407407407407,0.0,0.0,0.0,,0.19543942063026032
lipid,C25H50O3,25,50,3,0,0,0,2.0,0.12,0.0,0.0,0.0,,0.19543942063026032
lipid,C26H54O2,26,54,2,0,0,0,2.076923076923077,0.07692307692307693,0.0,0.0,0.0,,0.19543942063026032
lipid,C21H37NO6,21,37,6,1,0,0,1.7619047619047619,0.2857142857142857,0.047619047619047616,0.0,0.0,inf,0.19543942063026032
lipid,C23H45NO4,23,45,4,1,0,0,1.9565217391304348,0.17391304347826086,0.043478260869565216,0.0,0.0,inf,0.19543942063026032
lipid,C16H18Br2O2,16,18,2,0,0,0,1.125,0.125,0.0,0.0,0.0,,0.19543942063026032
lipid,C21H37BrO2,21,37,2,0,0,0,1.7619047619047619,0.09523809523809523,0.0,0.0,0.0,,0.19543942063026032
lipid,C21H39NO6,21,39,6,1,0,0,1.8571428571428572,0.2857142857142857,0.047619047619047616,0.0,0.0,inf,0.19543942063026032
lipid,C24H46O4,24,46,4,0,0,0,1.9166666666666667,0.16666666666666666,0.0,0.0,0.0,,0.19543942063026032
lipid,C31H64,31,64,0,0,0,0,2.064516129032258,0.0,0.0,0.0,0.0,,0.19543942063026032
lipid,C26H46O3,26,46,3,0,0,0,1.7692307692307692,0.11538461538461539,0.0,0.0,0.0,,0.19543942063026032
lipid,C29H58,29,58,0,0,0,0,2.0,0.0,0.0,0.0,0.0,,0.19543942063026032
lipid,C26H53NO2,26,53,2,1,0,0,2.0384615384615383,0.07692307692307693,0.038461538461538464,0.0,0.0,inf,0.19543942063026032
lipid,C22H37BrO2,22,37,2,0,0,0,1.6818181818181819,0.09090909090909091,0.0,0.0,0.0,,0.19543942063026032
lipid,C23H44N2O4,23,44,4,2,0,0,1.9130434782608696,0.17391304347826086,0.08695652173913043,0.0,0.0,inf,0.19543942063026032
lipid,C28H44O2,28,44,2,0,0,0,1.5714285714285714,0.07142857142857142,0.0,0.0,0.0,,0.19543942063026032
lipid,C26H52O3,26,52,3,0,0,0,2.0,0.11538461538461539,0.0,0.0,0.0,,0.19543942063026032
lipid,C27H56O2,27,56,2,0,0,0,2.074074074074074,0.07407407407407407,0.0,0.0,0.0,,0.19543942063026032
lipid,C19H27NO7S,19,27,7,1,1,0,1.4210526315789473,0.3684210526315789,0.05263157894736842,0.05263157894736842,0.0,inf,0.19543942063026032
lipid,C24H45NO4,24,45,4,1,0,0,1.875,0.16666666666666666,0.041666666666666664,0.0,0.0,inf,0.19543942063026032
lipid,C26H39NO3,26,39,3,1,0,0,1.5,0.11538461538461539,0.038461538461538464,0.0,0.0,inf,0.19543942063026032
lipid,C23H43NO5,23,43,5,1,0,0,1.8695652173913044,0.21739130434782608,0.043478260869565216,0.0,0.0,inf,0.19543942063026032
lipid,C24H47NO4,24,47,4,1,0,0,1.9583333333333333,0.16666666666666666,0.041666666666666664,0.0,0.0,inf,0.19543942063026032
lipid,C22H39BrO2,22,39,2,0,0,0,1.7727272727272727,0.09090909090909091,0.0,0.0,0.0,,0.19543942063026032
lipid,C21H34O8,21,34,8,0,0,0,1.619047619047619,0.38095238095238093,0.0,0.0,0.0,,0.19543942063026032
lipid,C22H38O7,22,38,7,0,0,0,1.7272727272727273,0.3181818181818182,0.0,0.0,0.0,,0.19543942063026032
lipid,C23H46N2O4,23,46,4,2,0,0,2.0,0.17391304347826086,0.08695652173913043,0.0,0.0,inf,0.19543942063026032
lipid,C28H46O2,28,46,2,0,0,0,1.6428571428571428,0.07142857142857142,0.0,0.0,0.0,,0.19543942063026032
lipid,C23H43NO3S,23,43,3,1,1,0,1.8695652173913044,0.13043478260869565,0.043478260869565216,0.043478260869565216,0.0,inf,0.19543942063026032
lipid,C27H50O2,27,50,2,0,0,0,1.8518518518518519,0.07407407407407407,0.0,0.0,0.0,,0.19543942063026032
lipid,C23H41NO5,23,41,5,1,0,0,1.7826086956521738,0.21739130434782608,0.043478260869565216,0.0,0.0,inf,0.19543942063026032
lipid,C28H58O,28,58,1,0,0,0,2.0714285714285716,0.03571428571428571,0.0,0.0,0.0,,0.19543942063026032
lipid,C23H37NO5,23,37,5,1,0,0,1.608695652173913,0.21739130434782608,0.043478260869565216,0.0,0.0,inf,0.19543942063026032
lipid,C23H36O6,23,36,6,0,0,0,1.565217391304348,0.2608695652173913,0.0,0.0,0.0,,0.19543942063026032
lipid,C23H40N2O4,23,40,4,2,0,0,1.7391304347826086,0.17391304347826086,0.08695652173913043,0.0,0.0,inf,0.19543942063026032
lipid,C28H40O2,28,40,2,0,0,0,1.4285714285714286,0.07142857142857142,0.0,0.0,0.0,,0.19543942063026032
lipid,C26H48O3,26,48,3,0,0,0,1.8461538461538463,0.11538461538461539,0.0,0.0,0.0,,0.19543942063026032
lipid,C27H52O2,27,52,2,0,0,0,1.9259259259259258,0.07407407407407407,0.0,0.0,0.0,,0.19543942063026032
lipid,C28H56O,28,56,1,0,0,0,2.0,0.03571428571428571,0.0,0.0,0.0,,0.19543942063026032
lipid,C22H37NO4S,22,37,4,1,1,0,1.6818181818181819,0.18181818181818182,0.045454545454545456,0.045454545454545456,0.0,inf,0.19543942063026032
lipid,C29H60,29,60,0,0,0,0,2.0689655172413794,0.0,0.0,0.0,0.0,,0.19543942063026032
lipid,C26H51NO2,26,51,2,1,0,0,1.9615384615384615,0.07692307692307693,0.038461538461538464,0.0,0.0,inf,0.19543942063026032
lipid,C18H35IO2,18,35,2,0,0,0,1.9444444444444444,0.1111111111111111,0.0,0.0,0.0,,0.19543942063026032
lipid,C23H38O6,23,38,6,0,0,0,1.6521739130434783,0.2608695652173913,0.0,0.0,0.0,,0.19543942063026032
lipid,C23H42N2O4,23,42,4,2,0,0,1.826086956521739,0.17391304347826086,0.08695652173913043,0.0,0.0,inf,0.19543942063026032
lipid,C28H42O2,28,42,2,0,0,0,1.5,0.07142857142857142,0.0,0.0,0.0,,0.19543942063026032
lipid,C26H50O3,26,50,3,0,0,0,1.9230769230769231,0.11538461538461539,0.0,0.0,0.0,,0.19543942063026032
lipid,C27H54O2,27,54,2,0,0,0,2.0,0.07407407407407407,0.0,0.0,0.0,,0.19543942063026032
lipid,C23H39NO5,23,39,5,1,0,0,1.6956521739130435,0.21739130434782608,0.043478260869565216,0.0,0.0,inf,0.19543942063026032
lipid,C25H43NO5,25,43,5,1,0,0,1.72,0.2,0.04,0.0,0.0,inf,0.19543942063026032
lipid,C29H43NO2,29,43,2,1,0,0,1.4827586206896552,0.06896551724137931,0.034482758620689655,0.0,0.0,inf,0.19543942063026032
lipid,C23H31ClO6,23,31,6,0,0,0,1.3478260869565217,0.2608695652173913,0.0,0.0,0.0,,0.19543942063026032
lipid,C29H49NO4,29,49,4,1,0,0,1.6896551724137931,0.13793103448275862,0.034482758620689655,0.0,0.0,inf,0.19543942063026032
lipid,C26H53NO4S,26,53,4,1,1,0,2.0384615384615383,0.15384615384615385,0.038461538461538464,0.038461538461538464,0.0,inf,0.19543942063026032
lipid,C26H52O7,26,52,7,0,0,0,2.0,0.2692307692307692,0.0,0.0,0.0,,0.19543942063026032
lipid,C32H60O2,32,60,2,0,0,0,1.875,0.0625,0.0,0.0,0.0,,0.19543942063026032
lipid,C34H68,34,68,0,0,0,0,2.0,0.0,0.0,0.0,0.0,,0.19543942063026032
lipid,C32H62O2,32,62,2,0,0,0,1.9375,0.0625,0.0,0.0,0.0,,0.19543942063026032
lipid,C34H70,34,70,0,0,0,0,2.0588235294117645,0.0,0.0,0.0,0.0,,0.19543942063026032
lipid,C31H41NO3,31,41,3,1,0,0,1.3225806451612903,0.0967741935483871,0.03225806451612903,0.0,0.0,inf,0.19543942063026032
lipid,C29H53NO4,29,53,4,1,0,0,1.8275862068965518,0.13793103448275862,0.034482758620689655,0.0,0.0,inf,0.19543942063026032
lipid,C24H32O10,24,32,10,0,0,0,1.3333333333333333,0.4166666666666667,0.0,0.0,0.0,,0.19543942063026032
lipid,C22H40O11,22,40,11,0,0,0,1.8181818181818181,0.5,0.0,0.0,0.0,,0.19543942063026032
lipid,C27H45BrO2,27,45,2,0,0,0,1.6666666666666667,0.07407407407407407,0.0,0.0,0.0,,0.19543942063026032
lipid,C31H60O3,31,60,3,0,0,0,1.935483870967742,0.0967741935483871,0.0,0.0,0.0,,0.19543942063026032
lipid,C32H64O2,32,64,2,0,0,0,2.0,0.0625,0.0,0.0,0.0,,0.19543942063026032
lipid,C33H68O,33,68,1,0,0,0,2.0606060606060606,0.030303030303030304,0.0,0.0,0.0,,0.19543942063026032
lipid,C25H39NO6S,25,39,6,1,1,0,1.56,0.24,0.04,0.04,0.0,inf,0.19543942063026032
lipid,C16H19Br3O2,16,19,2,0,0,0,1.1875,0.125,0.0,0.0,0.0,,0.19543942063026032
lipid,C30H58O4,30,58,4,0,0,0,1.9333333333333333,0.13333333333333333,0.0,0.0,0.0,,0.19543942063026032
lipid,C32H58O2,32,58,2,0,0,0,1.8125,0.0625,0.0,0.0,0.0,,0.19543942063026032
lipid,C29H47NO4,29,47,4,1,0,0,1.6206896551724137,0.13793103448275862,0.034482758620689655,0.0,0.0,inf,0.19543942063026032
lipid,C32H66O,32,66,1,0,0,0,2.0625,0.03125,0.0,0.0,0.0,,0.19543942063026032
lipid,C29H41NO4,29,41,4,1,0,0,1.4137931034482758,0.13793103448275862,0.034482758620689655,0.0,0.0,inf,0.19543942063026032
lipid,C30H45NO3,30,45,3,1,0,0,1.5,0.1,0.03333333333333333,0.0,0.0,inf,0.19543942063026032
lipid,C25H40O8,25,40,8,0,0,0,1.6,0.32,0.0,0.0,0.0,,0.19543942063026032
lipid,C29H44N2O3,29,44,3,2,0,0,1.5172413793103448,0.10344827586206896,0.06896551724137931,0.0,0.0,inf,0.19543942063026032
lipid,C32H52O2,32,52,2,0,0,0,1.625,0.0625,0.0,0.0,0.0,,0.19543942063026032
lipid,C29H56O4,29,56,4,0,0,0,1.9310344827586208,0.13793103448275862,0.0,0.0,0.0,,0.19543942063026032
lipid,C26H51NO4S,26,51,4,1,1,0,1.9615384615384615,0.15384615384615385,0.038461538461538464,0.038461538461538464,0.0,inf,0.19543942063026032
lipid,C30H60O3,30,60,3,0,0,0,2.0,0.1,0.0,0.0,0.0,,0.19543942063026032
lipid,C26H47BrO2,26,47,2,0,0,0,1.8076923076923077,0.07692307692307693,0.0,0.0,0.0,,0.19543942063026032
lipid,C29H46N2O3,29,46,3,2,0,0,1.5862068965517242,0.10344827586206896,0.06896551724137931,0.0,0.0,inf,0.19543942063026032
lipid,C32H54O2,32,54,2,0,0,0,1.6875,0.0625,0.0,0.0,0.0,,0.19543942063026032
lipid,C29H45NO4,29,45,4,1,0,0,1.5517241379310345,0.13793103448275862,0.034482758620689655,0.0,0.0,inf,0.19543942063026032
lipid,C27H53NO5,27,53,5,1,0,0,1.962962962962963,0.18518518518518517,0.037037037037037035,0.0,0.0,inf,0.19543942063026032
lipid,C21H29IO4,21,29,4,0,0,0,1.380952380952381,0.19047619047619047,0.0,0.0,0.0,,0.19543942063026032
lipid,C32H56O2,32,56,2,0,0,0,1.75,0.0625,0.0,0.0,0.0,,0.19543942063026032
lipid,C23H35NO7S,23,35,7,1,1,0,1.5217391304347827,0.30434782608695654,0.043478260869565216,0.043478260869565216,0.0,inf,0.19543942063026032
lipid,C31H62O2,31,62,2,0,0,0,2.0,0.06451612903225806,0.0,0.0,0.0,,0.19543942063026032
lipid,C31H62O3,31,62,3,0,0,0,2.0,0.0967741935483871,0.0,0.0,0.0,,0.19543942063026032
lipid,C23H33BrO6,23,33,6,0,0,0,1.434782608695652,0.2608695652173913,0.0,0.0,0.0,,0.19543942063026032
lipid,C32H64O3,32,64,3,0,0,0,2.0,0.09375,0.0,0.0,0.0,,0.19543942063026032
lipid,C25H35ClO8,25,35,8,0,0,0,1.4,0.32,0.0,0.0,0.0,,0.19543942063026032
lipid,C21H38O13,21,38,13,0,0,0,1.8095238095238095,0.6190476190476191,0.0,0.0,0.0,,0.19543942063026032
lipid,C28H51BrO2,28,51,2,0,0,0,1.8214285714285714,0.07142857142857142,0.0,0.0,0.0,,0.19543942063026032
lipid,C34H58O2,34,58,2,0,0,0,1.7058823529411764,0.058823529411764705,0.0,0.0,0.0,,0.19543942063026032
lipid,C25H37ClO8,25,37,8,0,0,0,1.48,0.32,0.0,0.0,0.0,,0.19543942063026032
lipid,C32H52O4,32,52,4,0,0,0,1.625,0.125,0.0,0.0,0.0,,0.19543942063026032
lipid,C34H56O2,34,56,2,0,0,0,1.6470588235294117,0.058823529411764705,0.0,0.0,0.0,,0.19543942063026032
lipid,C34H60O2,34,60,2,0,0,0,1.7647058823529411,0.058823529411764705,0.0,0.0,0.0,,0.19543942063026032
lipid,C34H62O2,34,62,2,0,0,0,1.8235294117647058,0.058823529411764705,0.0,0.0,0.0,,0.19543942063026032
lipid,C28H57NO4S,28,57,4,1,1,0,2.0357142857142856,0.14285714285714285,0.03571428571428571,0.03571428571428571,0.0,inf,0.19543942063026032
lipid,C27H36O9,27,36,9,0,0,0,1.3333333333333333,0.3333333333333333,0.0,0.0,0.0,,0.19543942063026032
lipid,C26H48O9,26,48,9,0,0,0,1.8461538461538463,0.34615384615384615,0.0,0.0,0.0,,0.19543942063026032
lipid,C32H56O4,32,56,4,0,0,0,1.75,0.125,0.0,0.0,0.0,,0.19543942063026032
lipid,C34H64O2,34,64,2,0,0,0,1.8823529411764706,0.058823529411764705,0.0,0.0,0.0,,0.19543942063026032
lipid,C36H72,36,72,0,0,0,0,2.0,0.0,0.0,0.0,0.0,,0.19543942063026032
lipid,C22H46O8S2,22,46,8,0,2,0,2.090909090909091,0.36363636363636365,0.0,0.09090909090909091,0.0,,0.19543942063026032
lipid,C29H57NO4,29,57,4,1,0,0,1.9655172413793103,0.13793103448275862,0.034482758620689655,0.0,0.0,inf,0.19543942063026032
lipid,C33H52O3,33,52,3,0,0,0,1.5757575757575757,0.09090909090909091,0.0,0.0,0.0,,0.19543942063026032
lipid,C27H32N2O7,27,32,7,2,0,0,1.1851851851851851,0.25925925925925924,0.07407407407407407,0.0,0.0,inf,0.19543942063026032
lipid,C27H49BrO2,27,49,2,0,0,0,1.8148148148148149,0.07407407407407407,0.0,0.0,0.0,,0.19543942063026032
lipid,C30H60O4,30,60,4,0,0,0,2.0,0.13333333333333333,0.0,0.0,0.0,,0.19543942063026032
lipid,C31H64O3,31,64,3,0,0,0,2.064516129032258,0.0967741935483871,0.0,0.0,0.0,,0.19543942063026032
lipid,C28H42N2O3S,28,42,3,2,1,0,1.5,0.10714285714285714,0.07142857142857142,0.03571428571428571,0.0,inf,0.19543942063026032
lipid,C35H68,35,68,0,0,0,0,1.9428571428571428,0.0,0.0,0.0,0.0,,0.19543942063026032
lipid,C27H55NO4S,27,55,4,1,1,0,2.037037037037037,0.14814814814814814,0.037037037037037035,0.037037037037037035,0.0,inf,0.19543942063026032
lipid,C27H46N4O4,27,46,4,4,0,0,1.7037037037037037,0.14814814814814814,0.14814814814814814,0.0,0.0,inf,0.19543942063026032
lipid,C25H40N2O6S,25,40,6,2,1,0,1.6,0.24,0.08,0.04,0.0,inf,0.19543942063026032
lipid,C35H70,35,70,0,0,0,0,2.0,0.0,0.0,0.0,0.0,,0.19543942063026032
lipid,C35H72,35,72,0,0,0,0,2.057142857142857,0.0,0.0,0.0,0.0,,0.19543942063026032
lipid,C29H55N3O3,29,55,3,3,0,0,1.896551724137931,0.10344827586206896,0.10344827586206896,0.0,0.0,inf,0.19543942063026032
lipid,C27H30N2O7,27,30,7,2,0,0,1.1111111111111112,0.25925925925925924,0.07407407407407407,0.0,0.0,inf,0.19543942063026032
lipid,C25H38N2O6S,25,38,6,2,1,0,1.52,0.24,0.08,0.04,0.0,inf,0.19543942063026032
lipid,C33H66O2,33,66,2,0,0,0,2.0,0.06060606060606061,0.0,0.0,0.0,,0.19543942063026032
lipid,C34H70O,34,70,1,0,0,0,2.0588235294117645,0.029411764705882353,0.0,0.0,0.0,,0.19543942063026032
lipid,C25H33ClO8,25,33,8,0,0,0,1.32,0.32,0.0,0.0,0.0,,0.19543942063026032
lipid,C33H64O2,33,64,2,0,0,0,1.9393939393939394,0.06060606060606061,0.0,0.0,0.0,,0.19543942063026032
lipid,C23H40O5,23,40,5,0,0,0,1.7391304347826086,0.21739130434782608,0.0,0.0,0.0,,0.19543942063026032
lipid,C26H43BrO2,26,43,2,0,0,0,1.6538461538461537,0.07692307692307693,0.0,0.0,0.0,,0.19543942063026032
lipid,C33H68,33,68,0,0,0,0,2.0606060606060606,0.0,0.0,0.0,0.0,,0.19543942063026032
lipid,C30H50O2,30,50,2,0,0,0,1.6666666666666667,0.06666666666666667,0.0,0.0,0.0,,0.19543942063026032
lipid,C25H49NO5,25,49,5,1,0,0,1.96,0.2,0.04,0.0,0.0,inf,0.19543942063026032
lipid,C19H26Br2O2,19,26,2,0,0,0,1.368421052631579,0.10526315789473684,0.0,0.0,0.0,,0.19543942063026032
lipid,C25H32O7,25,32,7,0,0,0,1.28,0.28,0.0,0.0,0.0,,0.19543942063026032
lipid,C23H40O8,23,40,8,0,0,0,1.7391304347826086,0.34782608695652173,0.0,0.0,0.0,,0.19543942063026032
lipid,C25H53OAs,25,53,1,0,0,0,2.12,0.04,0.0,0.0,0.0,,0.19543942063026032
lipid,C30H52O2,30,52,2,0,0,0,1.7333333333333334,0.06666666666666667,0.0,0.0,0.0,,0.19543942063026032
lipid,C27H42N2O3,27,42,3,2,0,0,1.5555555555555556,0.1111111111111111,0.07407407407407407,0.0,0.0,inf,0.19543942063026032
lipid,C16H24N5O8P,16,24,8,5,0,1,1.5,0.5,0.3125,0.0,0.0625,5.0,0.19543942063026032
lipid,C24H47NO4S,24,47,4,1,1,0,1.9583333333333333,0.16666666666666666,0.041666666666666664,0.041666666666666664,0.0,inf,0.19543942063026032
lipid,C25H35BrO2,25,35,2,0,0,0,1.4,0.08,0.0,0.0,0.0,,0.19543942063026032
lipid,C25H34O7,25,34,7,0,0,0,1.36,0.28,0.0,0.0,0.0,,0.19543942063026032
lipid,C21H38N2O6S,21,38,6,2,1,0,1.8095238095238095,0.2857142857142857,0.09523809523809523,0.047619047619047616,0.0,inf,0.19543942063026032
lipid,C30H54O2,30,54,2,0,0,0,1.8,0.06666666666666667,0.0,0.0,0.0,,0.19543942063026032
lipid,C27H45NO4,27,45,4,1,0,0,1.6666666666666667,0.14814814814814814,0.037037037037037035,0.0,0.0,inf,0.19543942063026032
lipid,C24H49NO4S,24,49,4,1,1,0,2.0416666666666665,0.16666666666666666,0.041666666666666664,0.041666666666666664,0.0,inf,0.19543942063026032
lipid,C27H43NO4,27,43,4,1,0,0,1.5925925925925926,0.14814814814814814,0.037037037037037035,0.0,0.0,inf,0.19543942063026032
lipid,C24H37O3As,24,37,3,0,0,0,1.5416666666666667,0.125,0.0,0.0,0.0,,0.19543942063026032
lipid,C24H42O7,24,42,7,0,0,0,1.75,0.2916666666666667,0.0,0.0,0.0,,0.19543942063026032
lipid,C19H24Br2O2,19,24,2,0,0,0,1.263157894736842,0.10526315789473684,0.0,0.0,0.0,,0.19543942063026032
lipid,C28H54O3,28,54,3,0,0,0,1.9285714285714286,0.10714285714285714,0.0,0.0,0.0,,0.19543942063026032
lipid,C29H58O2,29,58,2,0,0,0,2.0,0.06896551724137931,0.0,0.0,0.0,,0.19543942063026032
lipid,C30H62O,30,62,1,0,0,0,2.066666666666667,0.03333333333333333,0.0,0.0,0.0,,0.19543942063026032
lipid,C23H37NO5S,23,37,5,1,1,0,1.608695652173913,0.21739130434782608,0.043478260869565216,0.043478260869565216,0.0,inf,0.19543942063026032
lipid,C28H41NO3,28,41,3,1,0,0,1.4642857142857142,0.10714285714285714,0.03571428571428571,0.0,0.0,inf,0.19543942063026032
lipid,C25H45NO5,25,45,5,1,0,0,1.8,0.2,0.04,0.0,0.0,inf,0.19543942063026032
lipid,C18H34Br2O2,18,34,2,0,0,0,1.8888888888888888,0.1111111111111111,0.0,0.0,0.0,,0.19543942063026032
lipid,C24H43BrO2,24,43,2,0,0,0,1.7916666666666667,0.08333333333333333,0.0,0.0,0.0,,0.19543942063026032
lipid,C23H33ClO6,23,33,6,0,0,0,1.434782608695652,0.2608695652173913,0.0,0.0,0.0,,0.19543942063026032
lipid,C28H56O3,28,56,3,0,0,0,2.0,0.10714285714285714,0.0,0.0,0.0,,0.19543942063026032
lipid,C29H60O2,29,60,2,0,0,0,2.0689655172413794,0.06896551724137931,0.0,0.0,0.0,,0.19543942063026032
lipid,C21H31NO7S,21,31,7,1,1,0,1.4761904761904763,0.3333333333333333,0.047619047619047616,0.047619047619047616,0.0,inf,0.19543942063026032
lipid,C23H39NO5S,23,39,5,1,1,0,1.6956521739130435,0.21739130434782608,0.043478260869565216,0.043478260869565216,0.0,inf,0.19543942063026032
lipid,C26H39N3O3,26,39,3,3,0,0,1.5,0.11538461538461539,0.11538461538461539,0.0,0.0,inf,0.19543942063026032
lipid,C28H43NO3,28,43,3,1,0,0,1.5357142857142858,0.10714285714285714,0.03571428571428571,0.0,0.0,inf,0.19543942063026032
lipid,C25H47NO5,25,47,5,1,0,0,1.88,0.2,0.04,0.0,0.0,inf,0.19543942063026032
lipid,C30H48O2,30,48,2,0,0,0,1.6,0.06666666666666667,0.0,0.0,0.0,,0.19543942063026032
lipid,C28H39N3O3,28,39,3,3,0,0,1.3928571428571428,0.10714285714285714,0.10714285714285714,0.0,0.0,inf,0.19543942063026032
lipid,C26H40O6,26,40,6,0,0,0,1.5384615384615385,0.23076923076923078,0.0,0.0,0.0,,0.19543942063026032
lipid,C32H64,32,64,0,0,0,0,2.0,0.0,0.0,0.0,0.0,,0.19543942063026032
lipid,C26H48O6,26,48,6,0,0,0,1.8461538461538463,0.23076923076923078,0.0,0.0,0.0,,0.19543942063026032
lipid,C23H39NO6S,23,39,6,1,1,0,1.6956521739130435,0.2608695652173913,0.043478260869565216,0.043478260869565216,0.0,inf,0.19543942063026032
lipid,C27H39NO5,27,39,5,1,0,0,1.4444444444444444,0.18518518518518517,0.037037037037037035,0.0,0.0,inf,0.19543942063026032
lipid,C25H47NO6,25,47,6,1,0,0,1.88,0.24,0.04,0.0,0.0,inf,0.19543942063026032
lipid,C26H38N2O3S,26,38,3,2,1,0,1.4615384615384615,0.11538461538461539,0.07692307692307693,0.038461538461538464,0.0,inf,0.19543942063026032
lipid,C25H49NO4S,25,49,4,1,1,0,1.96,0.16,0.04,0.04,0.0,inf,0.19543942063026032
lipid,C33H64,33,64,0,0,0,0,1.9393939393939394,0.0,0.0,0.0,0.0,,0.19543942063026032
lipid,C27H40N2O4,27,40,4,2,0,0,1.4814814814814814,0.14814814814814814,0.07407407407407407,0.0,0.0,inf,0.19543942063026032
lipid,C25H51NO4S,25,51,4,1,1,0,2.04,0.16,0.04,0.04,0.0,inf,0.19543942063026032
lipid,C30H42N2O2,30,42,2,2,0,0,1.4,0.06666666666666667,0.06666666666666667,0.0,0.0,inf,0.19543942063026032
lipid,C25H50O7,25,50,7,0,0,0,2.0,0.28,0.0,0.0,0.0,,0.19543942063026032
lipid,C31H58O2,31,58,2,0,0,0,1.8709677419354838,0.06451612903225806,0.0,0.0,0.0,,0.19543942063026032
lipid,C33H66,33,66,0,0,0,0,2.0,0.0,0.0,0.0,0.0,,0.19543942063026032
lipid,C27H45NO5,27,45,5,1,0,0,1.6666666666666667,0.18518518518518517,0.037037037037037035,0.0,0.0,inf,0.19543942063026032
lipid,C31H60O2,31,60,2,0,0,0,1.935483870967742,0.06451612903225806,0.0,0.0,0.0,,0.19543942063026032
lipid,C32H64O,32,64,1,0,0,0,2.0,0.03125,0.0,0.0,0.0,,0.19543942063026032
lipid,C25H35BrO3,25,35,3,0,0,0,1.4,0.12,0.0,0.0,0.0,,0.19543942063026032
lipid,C30H56O2,30,56,2,0,0,0,1.8666666666666667,0.06666666666666667,0.0,0.0,0.0,,0.19543942063026032
lipid,C25H45BrO2,25,45,2,0,0,0,1.8,0.08,0.0,0.0,0.0,,0.19543942063026032
lipid,C25H45NO6,25,45,6,1,0,0,1.8,0.24,0.04,0.0,0.0,inf,0.19543942063026032
lipid,C29H54O3,29,54,3,0,0,0,1.8620689655172413,0.10344827586206896,0.0,0.0,0.0,,0.19543942063026032
lipid,C30H58O2,30,58,2,0,0,0,1.9333333333333333,0.06666666666666667,0.0,0.0,0.0,,0.19543942063026032
lipid,C31H62O,31,62,1,0,0,0,2.0,0.03225806451612903,0.0,0.0,0.0,,0.19543942063026032
lipid,C32H66,32,66,0,0,0,0,2.0625,0.0,0.0,0.0,0.0,,0.19543942063026032
lipid,C27H49NO4,27,49,4,1,0,0,1.8148148148148149,0.14814814814814814,0.037037037037037035,0.0,0.0,inf,0.19543942063026032
lipid,C28H52O4,28,52,4,0,0,0,1.8571428571428572,0.14285714285714285,0.0,0.0,0.0,,0.19543942063026032
lipid,C30H60O2,30,60,2,0,0,0,2.0,0.06666666666666667,0.0,0.0,0.0,,0.19543942063026032
lipid,C27H53NO4,27,53,4,1,0,0,1.962962962962963,0.14814814814814814,0.037037037037037035,0.0,0.0,inf,0.19543942063026032
lipid,C31H64O,31,64,1,0,0,0,2.064516129032258,0.03225806451612903,0.0,0.0,0.0,,0.19543942063026032
lipid,C27H51NO4,27,51,4,1,0,0,1.8888888888888888,0.14814814814814814,0.037037037037037035,0.0,0.0,inf,0.19543942063026032
lipid,C22H31IO2,22,31,2,0,0,0,1.4090909090909092,0.09090909090909091,0.0,0.0,0.0,,0.19543942063026032
lipid,C19H34O12,19,34,12,0,0,0,1.7894736842105263,0.631578947368421,0.0,0.0,0.0,,0.19543942063026032
lipid,C24H38O8,24,38,8,0,0,0,1.5833333333333333,0.3333333333333333,0.0,0.0,0.0,,0.19543942063026032
lipid,C30H62O2,30,62,2,0,0,0,2.066666666666667,0.06666666666666667,0.0,0.0,0.0,,0.19543942063026032
lipid,C23H37NO6S,23,37,6,1,1,0,1.608695652173913,0.2608695652173913,0.043478260869565216,0.043478260869565216,0.0,inf,0.19543942063026032
lipid,C28H41NO4,28,41,4,1,0,0,1.4642857142857142,0.14285714285714285,0.03571428571428571,0.0,0.0,inf,0.19543942063026032
lipid,C23H35NO6S,23,35,6,1,1,0,1.5217391304347827,0.2608695652173913,0.043478260869565216,0.043478260869565216,0.0,inf,0.19543942063026032
lipid,C12H23NO4,12,23,4,1,0,0,1.9166666666666667,0.3333333333333333,0.08333333333333333,0.0,0.0,inf,0.19543942063026032
lipid,C2H3BrINO,2,3,1,1,0,0,1.5,0.5,0.5,0.0,0.0,inf,0.19543942063026032
lipid,C17H24O,17,24,1,0,0,0,1.411764705882353,0.058823529411764705,0.0,0.0,0.0,,0.19543942063026032
lipid,C37H70O5,37,70,5,0,0,0,1.8918918918918919,0.13513513513513514,0.0,0.0,0.0,,0.19543942063026032
lipid,C37H72O5,37,72,5,0,0,0,1.945945945945946,0.13513513513513514,0.0,0.0,0.0,,0.19543942063026032
lipid,C38H62O5,38,62,5,0,0,0,1.631578947368421,0.13157894736842105,0.0,0.0,0.0,,0.19543942063026032
lipid,C38H64O5,38,64,5,0,0,0,1.6842105263157894,0.13157894736842105,0.0,0.0,0.0,,0.19543942063026032
lipid,C38H66O5,38,66,5,0,0,0,1.736842105263158,0.13157894736842105,0.0,0.0,0.0,,0.19543942063026032
lipid,C39H70O4,39,70,4,0,0,0,1.794871794871795,0.10256410256410256,0.0,0.0,0.0,,0.19543942063026032
lipid,C40H74O3,40,74,3,0,0,0,1.85,0.075,0.0,0.0,0.0,,0.19543942063026032
lipid,C38H68O5,38,68,5,0,0,0,1.7894736842105263,0.13157894736842105,0.0,0.0,0.0,,0.19543942063026032
lipid,C41H66O3,41,66,3,0,0,0,1.6097560975609757,0.07317073170731707,0.0,0.0,0.0,,0.19543942063026032
lipid,C38H70O5,38,70,5,0,0,0,1.8421052631578947,0.13157894736842105,0.0,0.0,0.0,,0.19543942063026032
lipid,C39H60O5,39,60,5,0,0,0,1.5384615384615385,0.1282051282051282,0.0,0.0,0.0,,0.19543942063026032
lipid,C38H72O5,38,72,5,0,0,0,1.894736842105263,0.13157894736842105,0.0,0.0,0.0,,0.19543942063026032
lipid,C39H62O5,39,62,5,0,0,0,1.5897435897435896,0.1282051282051282,0.0,0.0,0.0,,0.19543942063026032
lipid,C38H74O5,38,74,5,0,0,0,1.9473684210526316,0.13157894736842105,0.0,0.0,0.0,,0.19543942063026032
lipid,C39H64O5,39,64,5,0,0,0,1.641025641025641,0.1282051282051282,0.0,0.0,0.0,,0.19543942063026032
lipid,C37H68O5,37,68,5,0,0,0,1.837837837837838,0.13513513513513514,0.0,0.0,0.0,,0.19543942063026032
lipid,C37H66O5,37,66,5,0,0,0,1.7837837837837838,0.13513513513513514,0.0,0.0,0.0,,0.19543942063026032
lipid,C39H72O3,39,72,3,0,0,0,1.8461538461538463,0.07692307692307693,0.0,0.0,0.0,,0.19543942063026032
lipid,C37H64O5,37,64,5,0,0,0,1.7297297297297298,0.13513513513513514,0.0,0.0,0.0,,0.19543942063026032
lipid,C35H58O5,35,58,5,0,0,0,1.6571428571428573,0.14285714285714285,0.0,0.0,0.0,,0.19543942063026032
lipid,C35H60O5,35,60,5,0,0,0,1.7142857142857142,0.14285714285714285,0.0,0.0,0.0,,0.19543942063026032
lipid,C37H68O3,37,68,3,0,0,0,1.837837837837838,0.08108108108108109,0.0,0.0,0.0,,0.19543942063026032
lipid,C35H62O5,35,62,5,0,0,0,1.7714285714285714,0.14285714285714285,0.0,0.0,0.0,,0.19543942063026032
lipid,C35H64O5,35,64,5,0,0,0,1.8285714285714285,0.14285714285714285,0.0,0.0,0.0,,0.19543942063026032
lipid,C35H66O5,35,66,5,0,0,0,1.8857142857142857,0.14285714285714285,0.0,0.0,0.0,,0.19543942063026032
lipid,C35H68O5,35,68,5,0,0,0,1.9428571428571428,0.14285714285714285,0.0,0.0,0.0,,0.19543942063026032
lipid,C38H46O7,38,46,7,0,0,0,1.2105263157894737,0.18421052631578946,0.0,0.0,0.0,,0.19543942063026032
lipid,C36H60O5,36,60,5,0,0,0,1.6666666666666667,0.1388888888888889,0.0,0.0,0.0,,0.19543942063026032
lipid,C36H64O5,36,64,5,0,0,0,1.7777777777777777,0.1388888888888889,0.0,0.0,0.0,,0.19543942063026032
lipid,C36H66O5,36,66,5,0,0,0,1.8333333333333333,0.1388888888888889,0.0,0.0,0.0,,0.19543942063026032
lipid,C36H68O5,36,68,5,0,0,0,1.8888888888888888,0.1388888888888889,0.0,0.0,0.0,,0.19543942063026032
lipid,C37H72O4,37,72,4,0,0,0,1.945945945945946,0.10810810810810811,0.0,0.0,0.0,,0.19543942063026032
lipid,C36H70O5,36,70,5,0,0,0,1.9444444444444444,0.1388888888888889,0.0,0.0,0.0,,0.19543942063026032
lipid,C37H60O5,37,60,5,0,0,0,1.6216216216216217,0.13513513513513514,0.0,0.0,0.0,,0.19543942063026032
lipid,C37H62O5,37,62,5,0,0,0,1.6756756756756757,0.13513513513513514,0.0,0.0,0.0,,0.19543942063026032
lipid,C36H62O5,36,62,5,0,0,0,1.7222222222222223,0.1388888888888889,0.0,0.0,0.0,,0.19543942063026032
lipid,C39H66O5,39,66,5,0,0,0,1.6923076923076923,0.1282051282051282,0.0,0.0,0.0,,0.19543942063026032
lipid,C39H68O5,39,68,5,0,0,0,1.7435897435897436,0.1282051282051282,0.0,0.0,0.0,,0.19543942063026032
lipid,C40H72O4,40,72,4,0,0,0,1.8,0.1,0.0,0.0,0.0,,0.19543942063026032
lipid,C41H70O5,41,70,5,0,0,0,1.7073170731707317,0.12195121951219512,0.0,0.0,0.0,,0.19543942063026032
lipid,C41H72O5,41,72,5,0,0,0,1.7560975609756098,0.12195121951219512,0.0,0.0,0.0,,0.19543942063026032
lipid,C41H74O5,41,74,5,0,0,0,1.8048780487804879,0.12195121951219512,0.0,0.0,0.0,,0.19543942063026032
lipid,C43H82O3,43,82,3,0,0,0,1.9069767441860466,0.06976744186046512,0.0,0.0,0.0,,0.19543942063026032
lipid,C43H68O4,43,68,4,0,0,0,1.5813953488372092,0.09302325581395349,0.0,0.0,0.0,,0.19543942063026032
lipid,C41H76O5,41,76,5,0,0,0,1.853658536585366,0.12195121951219512,0.0,0.0,0.0,,0.19543942063026032
lipid,C42H66O5,42,66,5,0,0,0,1.5714285714285714,0.11904761904761904,0.0,0.0,0.0,,0.19543942063026032
lipid,C41H68O5,41,68,5,0,0,0,1.6585365853658536,0.12195121951219512,0.0,0.0,0.0,,0.19543942063026032
lipid,C43H70O4,43,70,4,0,0,0,1.627906976744186,0.09302325581395349,0.0,0.0,0.0,,0.19543942063026032
lipid,C42H68O5,42,68,5,0,0,0,1.619047619047619,0.11904761904761904,0.0,0.0,0.0,,0.19543942063026032
lipid,C40H76O6,40,76,6,0,0,0,1.9,0.15,0.0,0.0,0.0,,0.19543942063026032
lipid,C41H80O5,41,80,5,0,0,0,1.951219512195122,0.12195121951219512,0.0,0.0,0.0,,0.19543942063026032
lipid,C43H88O3,43,88,3,0,0,0,2.046511627906977,0.06976744186046512,0.0,0.0,0.0,,0.19543942063026032
lipid,C42H70O5,42,70,5,0,0,0,1.6666666666666667,0.11904761904761904,0.0,0.0,0.0,,0.19543942063026032
lipid,C42H72O5,42,72,5,0,0,0,1.7142857142857142,0.11904761904761904,0.0,0.0,0.0,,0.19543942063026032
lipid,C42H74O5,42,74,5,0,0,0,1.7619047619047619,0.11904761904761904,0.0,0.0,0.0,,0.19543942063026032
lipid,C41H78O5,41,78,5,0,0,0,1.9024390243902438,0.12195121951219512,0.0,0.0,0.0,,0.19543942063026032
lipid,C34H66O5,34,66,5,0,0,0,1.9411764705882353,0.14705882352941177,0.0,0.0,0.0,,0.19543942063026032
lipid,C40H78O5,40,78,5,0,0,0,1.95,0.125,0.0,0.0,0.0,,0.19543942063026032
lipid,C41H66O5,41,66,5,0,0,0,1.6097560975609757,0.12195121951219512,0.0,0.0,0.0,,0.19543942063026032
lipid,C39H70O5,39,70,5,0,0,0,1.794871794871795,0.1282051282051282,0.0,0.0,0.0,,0.19543942063026032
lipid,C41H64O4,41,64,4,0,0,0,1.5609756097560976,0.0975609756097561,0.0,0.0,0.0,,0.19543942063026032
lipid,C39H72O5,39,72,5,0,0,0,1.8461538461538463,0.1282051282051282,0.0,0.0,0.0,,0.19543942063026032
lipid,C41H66O4,41,66,4,0,0,0,1.6097560975609757,0.0975609756097561,0.0,0.0,0.0,,0.19543942063026032
lipid,C39H74O5,39,74,5,0,0,0,1.8974358974358974,0.1282051282051282,0.0,0.0,0.0,,0.19543942063026032
lipid,C40H64O5,40,64,5,0,0,0,1.6,0.125,0.0,0.0,0.0,,0.19543942063026032
lipid,C39H76O5,39,76,5,0,0,0,1.9487179487179487,0.1282051282051282,0.0,0.0,0.0,,0.19543942063026032
lipid,C39H74O6,39,74,6,0,0,0,1.8974358974358974,0.15384615384615385,0.0,0.0,0.0,,0.19543942063026032
lipid,C40H68O5,40,68,5,0,0,0,1.7,0.125,0.0,0.0,0.0,,0.19543942063026032
lipid,C40H72O5,40,72,5,0,0,0,1.8,0.125,0.0,0.0,0.0,,0.19543942063026032
lipid,C41H62O5,41,62,5,0,0,0,1.5121951219512195,0.12195121951219512,0.0,0.0,0.0,,0.19543942063026032
lipid,C43H70O3,43,70,3,0,0,0,1.627906976744186,0.06976744186046512,0.0,0.0,0.0,,0.19543942063026032
lipid,C40H74O5,40,74,5,0,0,0,1.85,0.125,0.0,0.0,0.0,,0.19543942063026032
lipid,C41H64O5,41,64,5,0,0,0,1.5609756097560976,0.12195121951219512,0.0,0.0,0.0,,0.19543942063026032
lipid,C43H72O3,43,72,3,0,0,0,1.6744186046511629,0.06976744186046512,0.0,0.0,0.0,,0.19543942063026032
lipid,C40H76O5,40,76,5,0,0,0,1.9,0.125,0.0,0.0,0.0,,0.19543942063026032
lipid,C40H70O5,40,70,5,0,0,0,1.75,0.125,0.0,0.0,0.0,,0.19543942063026032
lipid,C33H62O6,33,62,6,0,0,0,1.878787878787879,0.18181818181818182,0.0,0.0,0.0,,0.19543942063026032
lipid,C25H46O11S,25,46,11,0,1,0,1.84,0.44,0.0,0.04,0.0,,0.19543942063026032
lipid,C34H64O5,34,64,5,0,0,0,1.8823529411764706,0.14705882352941177,0.0,0.0,0.0,,0.19543942063026032
lipid,C53H97O13P,53,97,13,0,0,1,1.830188679245283,0.24528301886792453,0.0,0.0,0.018867924528301886,0.0,0.19543942063026032
lipid,C53H99O13P,53,99,13,0,0,1,1.8679245283018868,0.24528301886792453,0.0,0.0,0.018867924528301886,0.0,0.19543942063026032
lipid,C53H101O13P,53,101,13,0,0,1,1.9056603773584906,0.24528301886792453,0.0,0.0,0.018867924528301886,0.0,0.19543942063026032
lipid,C46H81N3O15P2,46,81,15,3,0,2,1.7608695652173914,0.32608695652173914,0.06521739130434782,0.0,0.043478260869565216,1.5,0.19543942063026032
lipid,C53H103O13P,53,103,13,0,0,1,1.9433962264150944,0.24528301886792453,0.0,0.0,0.018867924528301886,0.0,0.19543942063026032
lipid,C46H83N3O15P2,46,83,15,3,0,2,1.8043478260869565,0.32608695652173914,0.06521739130434782,0.0,0.043478260869565216,1.5,0.19543942063026032
lipid,C46H85N3O15P2,46,85,15,3,0,2,1.8478260869565217,0.32608695652173914,0.06521739130434782,0.0,0.043478260869565216,1.5,0.19543942063026032
lipid,C47H89O18P,47,89,18,0,0,1,1.8936170212765957,0.3829787234042553,0.0,0.0,0.02127659574468085,0.0,0.19543942063026032
lipid,C57H108NO9P,57,108,9,1,0,1,1.894736842105263,0.15789473684210525,0.017543859649122806,0.0,0.017543859649122806,1.0,0.19543942063026032
lipid,C48H89O18P,48,89,18,0,0,1,1.8541666666666667,0.375,0.0,0.0,0.020833333333333332,0.0,0.19543942063026032
lipid,C58H116NO8P,58,116,8,1,0,1,2.0,0.13793103448275862,0.017241379310344827,0.0,0.017241379310344827,1.0,0.19543942063026032
lipid,C48H91O18P,48,91,18,0,0,1,1.8958333333333333,0.375,0.0,0.0,0.020833333333333332,0.0,0.19543942063026032
lipid,C49H85O18P,49,85,18,0,0,1,1.7346938775510203,0.3673469387755102,0.0,0.0,0.02040816326530612,0.0,0.19543942063026032
lipid,C49H87O18P,49,87,18,0,0,1,1.7755102040816326,0.3673469387755102,0.0,0.0,0.02040816326530612,0.0,0.19543942063026032
lipid,C49H89O18P,49,89,18,0,0,1,1.816326530612245,0.3673469387755102,0.0,0.0,0.02040816326530612,0.0,0.19543942063026032
lipid,C49H91O18P,49,91,18,0,0,1,1.8571428571428572,0.3673469387755102,0.0,0.0,0.02040816326530612,0.0,0.19543942063026032
lipid,C48H87O18P,48,87,18,0,0,1,1.8125,0.375,0.0,0.0,0.020833333333333332,0.0,0.19543942063026032
lipid,C9H20O3,9,20,3,0,0,0,2.2222222222222223,0.3333333333333333,0.0,0.0,0.0,,0.19543942063026032
lipid,C53H95O13P,53,95,13,0,0,1,1.7924528301886793,0.24528301886792453,0.0,0.0,0.018867924528301886,0.0,0.19543942063026032
lipid,C53H93O13P,53,93,13,0,0,1,1.7547169811320755,0.24528301886792453,0.0,0.0,0.018867924528301886,0.0,0.19543942063026032
lipid,C52H89O13P,52,89,13,0,0,1,1.7115384615384615,0.25,0.0,0.0,0.019230769230769232,0.0,0.19543942063026032
lipid,C44H81N3O15P2,44,81,15,3,0,2,1.8409090909090908,0.3409090909090909,0.06818181818181818,0.0,0.045454545454545456,1.5,0.19543942063026032
lipid,C56H108NO8P,56,108,8,1,0,1,1.9285714285714286,0.14285714285714285,0.017857142857142856,0.0,0.017857142857142856,1.0,0.19543942063026032
lipid,C53H79O13P,53,79,13,0,0,1,1.490566037735849,0.24528301886792453,0.0,0.0,0.018867924528301886,0.0,0.19543942063026032
lipid,C52H93O13P,52,93,13,0,0,1,1.7884615384615385,0.25,0.0,0.0,0.019230769230769232,0.0,0.19543942063026032
lipid,C56H112NO8P,56,112,8,1,0,1,2.0,0.14285714285714285,0.017857142857142856,0.0,0.017857142857142856,1.0,0.19543942063026032
lipid,C53H83O13P,53,83,13,0,0,1,1.5660377358490567,0.24528301886792453,0.0,0.0,0.018867924528301886,0.0,0.19543942063026032
lipid,C47H87O18P,47,87,18,0,0,1,1.851063829787234,0.3829787234042553,0.0,0.0,0.02127659574468085,0.0,0.19543942063026032
lipid,C46H87O18P,46,87,18,0,0,1,1.891304347826087,0.391304347826087,0.0,0.0,0.021739130434782608,0.0,0.19543942063026032
lipid,C53H87O13P,53,87,13,0,0,1,1.6415094339622642,0.24528301886792453,0.0,0.0,0.018867924528301886,0.0,0.19543942063026032
lipid,C52H99O13P,52,99,13,0,0,1,1.9038461538461537,0.25,0.0,0.0,0.019230769230769232,0.0,0.19543942063026032
lipid,C57H106NO8P,57,106,8,1,0,1,1.8596491228070176,0.14035087719298245,0.017543859649122806,0.0,0.017543859649122806,1.0,0.19543942063026032
lipid,C53H89O13P,53,89,13,0,0,1,1.679245283018868,0.24528301886792453,0.0,0.0,0.018867924528301886,0.0,0.19543942063026032
lipid,C52H101O13P,52,101,13,0,0,1,1.9423076923076923,0.25,0.0,0.0,0.019230769230769232,0.0,0.19543942063026032
lipid,C53H91O13P,53,91,13,0,0,1,1.7169811320754718,0.24528301886792453,0.0,0.0,0.018867924528301886,0.0,0.19543942063026032
lipid,C47H85O18P,47,85,18,0,0,1,1.8085106382978724,0.3829787234042553,0.0,0.0,0.02127659574468085,0.0,0.19543942063026032
lipid,C52H97O13P,52,97,13,0,0,1,1.8653846153846154,0.25,0.0,0.0,0.019230769230769232,0.0,0.19543942063026032
lipid,C43H64O5,43,64,5,0,0,0,1.4883720930232558,0.11627906976744186,0.0,0.0,0.0,,0.19543942063026032
lipid,C11H24O3,11,24,3,0,0,0,2.1818181818181817,0.2727272727272727,0.0,0.0,0.0,,0.19543942063026032
lipid,C17H36O4,17,36,4,0,0,0,2.1176470588235294,0.23529411764705882,0.0,0.0,0.0,,0.19543942063026032
lipid,C27H52O5,27,52,5,0,0,0,1.9259259259259258,0.18518518518518517,0.0,0.0,0.0,,0.19543942063026032
lipid,C29H56O5,29,56,5,0,0,0,1.9310344827586208,0.1724137931034483,0.0,0.0,0.0,,0.19543942063026032
lipid,C31H56O5,31,56,5,0,0,0,1.8064516129032258,0.16129032258064516,0.0,0.0,0.0,,0.19543942063026032
lipid,C31H58O5,31,58,5,0,0,0,1.8709677419354838,0.16129032258064516,0.0,0.0,0.0,,0.19543942063026032
lipid,C31H60O5,31,60,5,0,0,0,1.935483870967742,0.16129032258064516,0.0,0.0,0.0,,0.19543942063026032
lipid,C33H68O3,33,68,3,0,0,0,2.0606060606060606,0.09090909090909091,0.0,0.0,0.0,,0.19543942063026032
lipid,C32H58O5,32,58,5,0,0,0,1.8125,0.15625,0.0,0.0,0.0,,0.19543942063026032
lipid,C26H52O4,26,52,4,0,0,0,2.0,0.15384615384615385,0.0,0.0,0.0,,0.19543942063026032
lipid,C32H60O5,32,60,5,0,0,0,1.875,0.15625,0.0,0.0,0.0,,0.19543942063026032
lipid,C33H58O5,33,58,5,0,0,0,1.7575757575757576,0.15151515151515152,0.0,0.0,0.0,,0.19543942063026032
lipid,C33H60O5,33,60,5,0,0,0,1.8181818181818181,0.15151515151515152,0.0,0.0,0.0,,0.19543942063026032
lipid,C33H62O5,33,62,5,0,0,0,1.878787878787879,0.15151515151515152,0.0,0.0,0.0,,0.19543942063026032
lipid,C33H64O5,33,64,5,0,0,0,1.9393939393939394,0.15151515151515152,0.0,0.0,0.0,,0.19543942063026032
lipid,C34H60O5,34,60,5,0,0,0,1.7647058823529411,0.14705882352941177,0.0,0.0,0.0,,0.19543942063026032
lipid,C34H62O5,34,62,5,0,0,0,1.8235294117647058,0.14705882352941177,0.0,0.0,0.0,,0.19543942063026032
lipid,C35H66O4,35,66,4,0,0,0,1.8857142857142857,0.11428571428571428,0.0,0.0,0.0,,0.19543942063026032
lipid,C32H62O5,32,62,5,0,0,0,1.9375,0.15625,0.0,0.0,0.0,,0.19543942063026032
lipid,C9H14O6,9,14,6,0,0,0,1.5555555555555556,0.6666666666666666,0.0,0.0,0.0,,0.19543942063026032
lipid,C26H44O4,26,44,4,0,0,0,1.6923076923076923,0.15384615384615385,0.0,0.0,0.0,,0.19543942063026032
lipid,C24H50O4,24,50,4,0,0,0,2.0833333333333335,0.16666666666666666,0.0,0.0,0.0,,0.19543942063026032
lipid,C18H38O4,18,38,4,0,0,0,2.111111111111111,0.2222222222222222,0.0,0.0,0.0,,0.19543942063026032
lipid,C19H38O4,19,38,4,0,0,0,2.0,0.21052631578947367,0.0,0.0,0.0,,0.19543942063026032
lipid,C19H40O4,19,40,4,0,0,0,2.1052631578947367,0.21052631578947367,0.0,0.0,0.0,,0.19543942063026032
lipid,C21H44O3,21,44,3,0,0,0,2.0952380952380953,0.14285714285714285,0.0,0.0,0.0,,0.19543942063026032
lipid,C20H42O4,20,42,4,0,0,0,2.1,0.2,0.0,0.0,0.0,,0.19543942063026032
lipid,C21H42O4,21,42,4,0,0,0,2.0,0.19047619047619047,0.0,0.0,0.0,,0.19543942063026032
lipid,C21H44O4,21,44,4,0,0,0,2.0952380952380953,0.19047619047619047,0.0,0.0,0.0,,0.19543942063026032
lipid,C25H52O4,25,52,4,0,0,0,2.08,0.16,0.0,0.0,0.0,,0.19543942063026032
lipid,C23H38O3,23,38,3,0,0,0,1.6521739130434783,0.13043478260869565,0.0,0.0,0.0,,0.19543942063026032
lipid,C23H36O4,23,36,4,0,0,0,1.565217391304348,0.17391304347826086,0.0,0.0,0.0,,0.19543942063026032
lipid,C24H40O3,24,40,3,0,0,0,1.6666666666666667,0.125,0.0,0.0,0.0,,0.19543942063026032
lipid,C23H46O4,23,46,4,0,0,0,2.0,0.17391304347826086,0.0,0.0,0.0,,0.19543942063026032
lipid,C23H48O4,23,48,4,0,0,0,2.0869565217391304,0.17391304347826086,0.0,0.0,0.0,,0.19543942063026032
lipid,C23H38O5,23,38,5,0,0,0,1.6521739130434783,0.21739130434782608,0.0,0.0,0.0,,0.19543942063026032
lipid,C24H48O4,24,48,4,0,0,0,2.0,0.16666666666666666,0.0,0.0,0.0,,0.19543942063026032
lipid,C25H38O4,25,38,4,0,0,0,1.52,0.16,0.0,0.0,0.0,,0.19543942063026032
lipid,C22H46O4,22,46,4,0,0,0,2.090909090909091,0.18181818181818182,0.0,0.0,0.0,,0.19543942063026032
lipid,C46H82O16P2,46,82,16,0,0,2,1.7826086956521738,0.34782608695652173,0.0,0.0,0.043478260869565216,0.0,0.19543942063026032
lipid,C42H76O5,42,76,5,0,0,0,1.8095238095238095,0.11904761904761904,0.0,0.0,0.0,,0.19543942063026032
lipid,C42H78O5,42,78,5,0,0,0,1.8571428571428572,0.11904761904761904,0.0,0.0,0.0,,0.19543942063026032
lipid,C49H86O6,49,86,6,0,0,0,1.7551020408163265,0.12244897959183673,0.0,0.0,0.0,,0.19543942063026032
lipid,C46H77NO8,46,77,8,1,0,0,1.673913043478261,0.17391304347826086,0.021739130434782608,0.0,0.0,inf,0.19543942063026032
lipid,C36H68O17,36,68,17,0,0,0,1.8888888888888888,0.4722222222222222,0.0,0.0,0.0,,0.19543942063026032
lipid,C45H72O10,45,72,10,0,0,0,1.6,0.2222222222222222,0.0,0.0,0.0,,0.19543942063026032
lipid,C49H88O6,49,88,6,0,0,0,1.7959183673469388,0.12244897959183673,0.0,0.0,0.0,,0.19543942063026032
lipid,C46H79NO8,46,79,8,1,0,0,1.7173913043478262,0.17391304347826086,0.021739130434782608,0.0,0.0,inf,0.19543942063026032
lipid,C45H74O10,45,74,10,0,0,0,1.6444444444444444,0.2222222222222222,0.0,0.0,0.0,,0.19543942063026032
lipid,C49H90O6,49,90,6,0,0,0,1.836734693877551,0.12244897959183673,0.0,0.0,0.0,,0.19543942063026032
lipid,C45H76O10,45,76,10,0,0,0,1.6888888888888889,0.2222222222222222,0.0,0.0,0.0,,0.19543942063026032
lipid,C49H92O6,49,92,6,0,0,0,1.8775510204081634,0.12244897959183673,0.0,0.0,0.0,,0.19543942063026032
lipid,C45H78O10,45,78,10,0,0,0,1.7333333333333334,0.2222222222222222,0.0,0.0,0.0,,0.19543942063026032
lipid,C49H94O6,49,94,6,0,0,0,1.9183673469387754,0.12244897959183673,0.0,0.0,0.0,,0.19543942063026032
lipid,C40H76O12S,40,76,12,0,1,0,1.9,0.3,0.0,0.025,0.0,,0.19543942063026032
lipid,C50H84O6,50,84,6,0,0,0,1.68,0.12,0.0,0.0,0.0,,0.19543942063026032
lipid,C45H82O10,45,82,10,0,0,0,1.8222222222222222,0.2222222222222222,0.0,0.0,0.0,,0.19543942063026032
lipid,C43H78O11,43,78,11,0,0,0,1.813953488372093,0.2558139534883721,0.0,0.0,0.0,,0.19543942063026032
lipid,C45H70O10,45,70,10,0,0,0,1.5555555555555556,0.2222222222222222,0.0,0.0,0.0,,0.19543942063026032
lipid,C49H84O6,49,84,6,0,0,0,1.7142857142857142,0.12244897959183673,0.0,0.0,0.0,,0.19543942063026032
lipid,C45H68O10,45,68,10,0,0,0,1.511111111111111,0.2222222222222222,0.0,0.0,0.0,,0.19543942063026032
lipid,C43H70O10,43,70,10,0,0,0,1.627906976744186,0.23255813953488372,0.0,0.0,0.0,,0.19543942063026032
lipid,C47H86O6,47,86,6,0,0,0,1.8297872340425532,0.1276595744680851,0.0,0.0,0.0,,0.19543942063026032
lipid,C47H88O6,47,88,6,0,0,0,1.872340425531915,0.1276595744680851,0.0,0.0,0.0,,0.19543942063026032
lipid,C47H90O6,47,90,6,0,0,0,1.9148936170212767,0.1276595744680851,0.0,0.0,0.0,,0.19543942063026032
lipid,C43H78O10,43,78,10,0,0,0,1.813953488372093,0.23255813953488372,0.0,0.0,0.0,,0.19543942063026032
lipid,C48H82O6,48,82,6,0,0,0,1.7083333333333333,0.125,0.0,0.0,0.0,,0.19543942063026032
lipid,C43H80O10,43,80,10,0,0,0,1.8604651162790697,0.23255813953488372,0.0,0.0,0.0,,0.19543942063026032
lipid,C50H86O6,50,86,6,0,0,0,1.72,0.12,0.0,0.0,0.0,,0.19543942063026032
lipid,C48H84O6,48,84,6,0,0,0,1.75,0.125,0.0,0.0,0.0,,0.19543942063026032
lipid,C43H68O11,43,68,11,0,0,0,1.5813953488372092,0.2558139534883721,0.0,0.0,0.0,,0.19543942063026032
lipid,C48H88O6,48,88,6,0,0,0,1.8333333333333333,0.125,0.0,0.0,0.0,,0.19543942063026032
lipid,C14H28O3,14,28,3,0,0,0,2.0,0.21428571428571427,0.0,0.0,0.0,,0.19543942063026032
lipid,C48H92O6,48,92,6,0,0,0,1.9166666666666667,0.125,0.0,0.0,0.0,,0.19543942063026032
lipid,C45H66O10,45,66,10,0,0,0,1.4666666666666666,0.2222222222222222,0.0,0.0,0.0,,0.19543942063026032
lipid,C43H74O11,43,74,11,0,0,0,1.7209302325581395,0.2558139534883721,0.0,0.0,0.0,,0.19543942063026032
lipid,C49H82O6,49,82,6,0,0,0,1.6734693877551021,0.12244897959183673,0.0,0.0,0.0,,0.19543942063026032
lipid,C48H86O6,48,86,6,0,0,0,1.7916666666666667,0.125,0.0,0.0,0.0,,0.19543942063026032
lipid,C50H88O6,50,88,6,0,0,0,1.76,0.12,0.0,0.0,0.0,,0.19543942063026032
lipid,C45H87NO9,45,87,9,1,0,0,1.9333333333333333,0.2,0.022222222222222223,0.0,0.0,inf,0.19543942063026032
lipid,C44H82O11,44,82,11,0,0,0,1.8636363636363635,0.25,0.0,0.0,0.0,,0.19543942063026032
lipid,C52H90O6,52,90,6,0,0,0,1.7307692307692308,0.11538461538461539,0.0,0.0,0.0,,0.19543942063026032
lipid,C50H85NO7,50,85,7,1,0,0,1.7,0.14,0.02,0.0,0.0,inf,0.19543942063026032
lipid,C52H92O6,52,92,6,0,0,0,1.7692307692307692,0.11538461538461539,0.0,0.0,0.0,,0.19543942063026032
lipid,C50H87NO7,50,87,7,1,0,0,1.74,0.14,0.02,0.0,0.0,inf,0.19543942063026032
lipid,C52H94O6,52,94,6,0,0,0,1.8076923076923077,0.11538461538461539,0.0,0.0,0.0,,0.19543942063026032
lipid,C47H76O11,47,76,11,0,0,0,1.6170212765957446,0.23404255319148937,0.0,0.0,0.0,,0.19543942063026032
lipid,C53H84O6,53,84,6,0,0,0,1.5849056603773586,0.11320754716981132,0.0,0.0,0.0,,0.19543942063026032
lipid,C52H88O6,52,88,6,0,0,0,1.6923076923076923,0.11538461538461539,0.0,0.0,0.0,,0.19543942063026032
lipid,C52H96O6,52,96,6,0,0,0,1.8461538461538463,0.11538461538461539,0.0,0.0,0.0,,0.19543942063026032
lipid,C52H98O6,52,98,6,0,0,0,1.8846153846153846,0.11538461538461539,0.0,0.0,0.0,,0.19543942063026032
lipid,C50H77NO8,50,77,8,1,0,0,1.54,0.16,0.02,0.0,0.0,inf,0.19543942063026032
lipid,C53H88O6,53,88,6,0,0,0,1.6603773584905661,0.11320754716981132,0.0,0.0,0.0,,0.19543942063026032
lipid,C52H100O6,52,100,6,0,0,0,1.9230769230769231,0.11538461538461539,0.0,0.0,0.0,,0.19543942063026032
lipid,C53H90O6,53,90,6,0,0,0,1.6981132075471699,0.11320754716981132,0.0,0.0,0.0,,0.19543942063026032
lipid,C52H72O8,52,72,8,0,0,0,1.3846153846153846,0.15384615384615385,0.0,0.0,0.0,,0.19543942063026032
lipid,C53H92O6,53,92,6,0,0,0,1.7358490566037736,0.11320754716981132,0.0,0.0,0.0,,0.19543942063026032
lipid,C53H86O6,53,86,6,0,0,0,1.6226415094339623,0.11320754716981132,0.0,0.0,0.0,,0.19543942063026032
lipid,C47H84O6,47,84,6,0,0,0,1.7872340425531914,0.1276595744680851,0.0,0.0,0.0,,0.19543942063026032
lipid,C51H98O6,51,98,6,0,0,0,1.9215686274509804,0.11764705882352941,0.0,0.0,0.0,,0.19543942063026032
lipid,C51H96O6,51,96,6,0,0,0,1.8823529411764706,0.11764705882352941,0.0,0.0,0.0,,0.19543942063026032
lipid,C50H90O6,50,90,6,0,0,0,1.8,0.12,0.0,0.0,0.0,,0.19543942063026032
lipid,C50H92O6,50,92,6,0,0,0,1.84,0.12,0.0,0.0,0.0,,0.19543942063026032
lipid,C51H82O6,51,82,6,0,0,0,1.607843137254902,0.11764705882352941,0.0,0.0,0.0,,0.19543942063026032
lipid,C50H94O6,50,94,6,0,0,0,1.88,0.12,0.0,0.0,0.0,,0.19543942063026032
lipid,C41H76O12S,41,76,12,0,1,0,1.853658536585366,0.2926829268292683,0.0,0.024390243902439025,0.0,,0.19543942063026032
lipid,C51H84O6,51,84,6,0,0,0,1.6470588235294117,0.11764705882352941,0.0,0.0,0.0,,0.19543942063026032
lipid,C50H96O6,50,96,6,0,0,0,1.92,0.12,0.0,0.0,0.0,,0.19543942063026032
lipid,C52H86O6,52,86,6,0,0,0,1.6538461538461537,0.11538461538461539,0.0,0.0,0.0,,0.19543942063026032
lipid,C41H78O12S,41,78,12,0,1,0,1.9024390243902438,0.2926829268292683,0.0,0.024390243902439025,0.0,,0.19543942063026032
lipid,C47H72O10,47,72,10,0,0,0,1.5319148936170213,0.2127659574468085,0.0,0.0,0.0,,0.19543942063026032
lipid,C51H88O6,51,88,6,0,0,0,1.7254901960784315,0.11764705882352941,0.0,0.0,0.0,,0.19543942063026032
lipid,C47H74O10,47,74,10,0,0,0,1.574468085106383,0.2127659574468085,0.0,0.0,0.0,,0.19543942063026032
lipid,C51H90O6,51,90,6,0,0,0,1.7647058823529411,0.11764705882352941,0.0,0.0,0.0,,0.19543942063026032
lipid,C51H92O6,51,92,6,0,0,0,1.803921568627451,0.11764705882352941,0.0,0.0,0.0,,0.19543942063026032
lipid,C51H94O6,51,94,6,0,0,0,1.8431372549019607,0.11764705882352941,0.0,0.0,0.0,,0.19543942063026032
lipid,C52H84O6,52,84,6,0,0,0,1.6153846153846154,0.11538461538461539,0.0,0.0,0.0,,0.19543942063026032
lipid,C51H86O6,51,86,6,0,0,0,1.6862745098039216,0.11764705882352941,0.0,0.0,0.0,,0.19543942063026032
lipid,C47H82O6,47,82,6,0,0,0,1.7446808510638299,0.1276595744680851,0.0,0.0,0.0,,0.19543942063026032
lipid,C47H80O6,47,80,6,0,0,0,1.702127659574468,0.1276595744680851,0.0,0.0,0.0,,0.19543942063026032
lipid,C44H86N2O6,44,86,6,2,0,0,1.9545454545454546,0.13636363636363635,0.045454545454545456,0.0,0.0,inf,0.19543942063026032
lipid,C44H78O5,44,78,5,0,0,0,1.7727272727272727,0.11363636363636363,0.0,0.0,0.0,,0.19543942063026032
lipid,C45H68O5,45,68,5,0,0,0,1.511111111111111,0.1111111111111111,0.0,0.0,0.0,,0.19543942063026032
lipid,C44H80O5,44,80,5,0,0,0,1.8181818181818181,0.11363636363636363,0.0,0.0,0.0,,0.19543942063026032
lipid,C45H70O5,45,70,5,0,0,0,1.5555555555555556,0.1111111111111111,0.0,0.0,0.0,,0.19543942063026032
lipid,C43H78O6,43,78,6,0,0,0,1.813953488372093,0.13953488372093023,0.0,0.0,0.0,,0.19543942063026032
lipid,C44H82O5,44,82,5,0,0,0,1.8636363636363635,0.11363636363636363,0.0,0.0,0.0,,0.19543942063026032
lipid,C45H72O5,45,72,5,0,0,0,1.6,0.1111111111111111,0.0,0.0,0.0,,0.19543942063026032
lipid,C45H66O5,45,66,5,0,0,0,1.4666666666666666,0.1111111111111111,0.0,0.0,0.0,,0.19543942063026032
lipid,C43H80O6,43,80,6,0,0,0,1.8604651162790697,0.13953488372093023,0.0,0.0,0.0,,0.19543942063026032
lipid,C45H74O5,45,74,5,0,0,0,1.6444444444444444,0.1111111111111111,0.0,0.0,0.0,,0.19543942063026032
lipid,C43H82O6,43,82,6,0,0,0,1.9069767441860466,0.13953488372093023,0.0,0.0,0.0,,0.19543942063026032
lipid,C44H86O5,44,86,5,0,0,0,1.9545454545454546,0.11363636363636363,0.0,0.0,0.0,,0.19543942063026032
lipid,C45H76O5,45,76,5,0,0,0,1.6888888888888889,0.1111111111111111,0.0,0.0,0.0,,0.19543942063026032
lipid,C45H78O5,45,78,5,0,0,0,1.7333333333333334,0.1111111111111111,0.0,0.0,0.0,,0.19543942063026032
lipid,C41H80O8,41,80,8,0,0,0,1.951219512195122,0.1951219512195122,0.0,0.0,0.0,,0.19543942063026032
lipid,C45H80O5,45,80,5,0,0,0,1.7777777777777777,0.1111111111111111,0.0,0.0,0.0,,0.19543942063026032
lipid,C44H84O5,44,84,5,0,0,0,1.9090909090909092,0.11363636363636363,0.0,0.0,0.0,,0.19543942063026032
lipid,C45H82O5,45,82,5,0,0,0,1.8222222222222222,0.1111111111111111,0.0,0.0,0.0,,0.19543942063026032
lipid,C44H76O5,44,76,5,0,0,0,1.7272727272727273,0.11363636363636363,0.0,0.0,0.0,,0.19543942063026032
lipid,C43H84O5,43,84,5,0,0,0,1.9534883720930232,0.11627906976744186,0.0,0.0,0.0,,0.19543942063026032
lipid,C43H68O5,43,68,5,0,0,0,1.5813953488372092,0.11627906976744186,0.0,0.0,0.0,,0.19543942063026032
lipid,C41H76O6,41,76,6,0,0,0,1.853658536585366,0.14634146341463414,0.0,0.0,0.0,,0.19543942063026032
lipid,C42H80O5,42,80,5,0,0,0,1.9047619047619047,0.11904761904761904,0.0,0.0,0.0,,0.19543942063026032
lipid,C43H70O5,43,70,5,0,0,0,1.627906976744186,0.11627906976744186,0.0,0.0,0.0,,0.19543942063026032
lipid,C41H78O6,41,78,6,0,0,0,1.9024390243902438,0.14634146341463414,0.0,0.0,0.0,,0.19543942063026032
lipid,C42H82O5,42,82,5,0,0,0,1.9523809523809523,0.11904761904761904,0.0,0.0,0.0,,0.19543942063026032
lipid,C43H72O5,43,72,5,0,0,0,1.6744186046511629,0.11627906976744186,0.0,0.0,0.0,,0.19543942063026032
lipid,C44H74O5,44,74,5,0,0,0,1.6818181818181819,0.11363636363636363,0.0,0.0,0.0,,0.19543942063026032
lipid,C43H88O4,43,88,4,0,0,0,2.046511627906977,0.09302325581395349,0.0,0.0,0.0,,0.19543942063026032
lipid,C43H76O5,43,76,5,0,0,0,1.7674418604651163,0.11627906976744186,0.0,0.0,0.0,,0.19543942063026032
lipid,C43H78O5,43,78,5,0,0,0,1.813953488372093,0.11627906976744186,0.0,0.0,0.0,,0.19543942063026032
lipid,C43H80O5,43,80,5,0,0,0,1.8604651162790697,0.11627906976744186,0.0,0.0,0.0,,0.19543942063026032
lipid,C42H78O6,42,78,6,0,0,0,1.8571428571428572,0.14285714285714285,0.0,0.0,0.0,,0.19543942063026032
lipid,C43H82O5,43,82,5,0,0,0,1.9069767441860466,0.11627906976744186,0.0,0.0,0.0,,0.19543942063026032
lipid,C44H72O5,44,72,5,0,0,0,1.6363636363636365,0.11363636363636363,0.0,0.0,0.0,,0.19543942063026032
lipid,C42H80O6,42,80,6,0,0,0,1.9047619047619047,0.14285714285714285,0.0,0.0,0.0,,0.19543942063026032
lipid,C43H74O5,43,74,5,0,0,0,1.7209302325581395,0.11627906976744186,0.0,0.0,0.0,,0.19543942063026032
lipid,C43H66O5,43,66,5,0,0,0,1.5348837209302326,0.11627906976744186,0.0,0.0,0.0,,0.19543942063026032
lipid,C44H80O6,44,80,6,0,0,0,1.8181818181818181,0.13636363636363635,0.0,0.0,0.0,,0.19543942063026032
lipid,C44H82O6,44,82,6,0,0,0,1.8636363636363635,0.13636363636363635,0.0,0.0,0.0,,0.19543942063026032
lipid,C45H86O6,45,86,6,0,0,0,1.9111111111111112,0.13333333333333333,0.0,0.0,0.0,,0.19543942063026032
lipid,C46H90O5,46,90,5,0,0,0,1.9565217391304348,0.10869565217391304,0.0,0.0,0.0,,0.19543942063026032
lipid,C47H80O5,47,80,5,0,0,0,1.702127659574468,0.10638297872340426,0.0,0.0,0.0,,0.19543942063026032
lipid,C47H82O5,47,82,5,0,0,0,1.7446808510638299,0.10638297872340426,0.0,0.0,0.0,,0.19543942063026032
lipid,C42H81NO8,42,81,8,1,0,0,1.9285714285714286,0.19047619047619047,0.023809523809523808,0.0,0.0,inf,0.19543942063026032
lipid,C46H80O6,46,80,6,0,0,0,1.7391304347826086,0.13043478260869565,0.0,0.0,0.0,,0.19543942063026032
lipid,C47H84O5,47,84,5,0,0,0,1.7872340425531914,0.10638297872340426,0.0,0.0,0.0,,0.19543942063026032
lipid,C47H78O5,47,78,5,0,0,0,1.6595744680851063,0.10638297872340426,0.0,0.0,0.0,,0.19543942063026032
lipid,C46H82O6,46,82,6,0,0,0,1.7826086956521738,0.13043478260869565,0.0,0.0,0.0,,0.19543942063026032
lipid,C46H84O6,46,84,6,0,0,0,1.826086956521739,0.13043478260869565,0.0,0.0,0.0,,0.19543942063026032
lipid,C47H88O5,47,88,5,0,0,0,1.872340425531915,0.10638297872340426,0.0,0.0,0.0,,0.19543942063026032
lipid,C46H86O6,46,86,6,0,0,0,1.8695652173913044,0.13043478260869565,0.0,0.0,0.0,,0.19543942063026032
lipid,C47H90O5,47,90,5,0,0,0,1.9148936170212767,0.10638297872340426,0.0,0.0,0.0,,0.19543942063026032
lipid,C44H81NO7,44,81,7,1,0,0,1.8409090909090908,0.1590909090909091,0.022727272727272728,0.0,0.0,inf,0.19543942063026032
lipid,C46H88O6,46,88,6,0,0,0,1.9130434782608696,0.13043478260869565,0.0,0.0,0.0,,0.19543942063026032
lipid,C47H92O5,47,92,5,0,0,0,1.9574468085106382,0.10638297872340426,0.0,0.0,0.0,,0.19543942063026032
lipid,C47H86O5,47,86,5,0,0,0,1.8297872340425532,0.10638297872340426,0.0,0.0,0.0,,0.19543942063026032
lipid,C45H84O5,45,84,5,0,0,0,1.8666666666666667,0.1111111111111111,0.0,0.0,0.0,,0.19543942063026032
lipid,C46H88O5,46,88,5,0,0,0,1.9130434782608696,0.10869565217391304,0.0,0.0,0.0,,0.19543942063026032
lipid,C47H76O5,47,76,5,0,0,0,1.6170212765957446,0.10638297872340426,0.0,0.0,0.0,,0.19543942063026032
lipid,C45H86O5,45,86,5,0,0,0,1.9111111111111112,0.1111111111111111,0.0,0.0,0.0,,0.19543942063026032
lipid,C44H84O6,44,84,6,0,0,0,1.9090909090909092,0.13636363636363635,0.0,0.0,0.0,,0.19543942063026032
lipid,C45H88O5,45,88,5,0,0,0,1.9555555555555555,0.1111111111111111,0.0,0.0,0.0,,0.19543942063026032
lipid,C46H78O5,46,78,5,0,0,0,1.6956521739130435,0.10869565217391304,0.0,0.0,0.0,,0.19543942063026032
lipid,C42H81NO7,42,81,7,1,0,0,1.9285714285714286,0.16666666666666666,0.023809523809523808,0.0,0.0,inf,0.19543942063026032
lipid,C47H68O5,47,68,5,0,0,0,1.446808510638298,0.10638297872340426,0.0,0.0,0.0,,0.19543942063026032
lipid,C46H80O5,46,80,5,0,0,0,1.7391304347826086,0.10869565217391304,0.0,0.0,0.0,,0.19543942063026032
lipid,C45H84O6,45,84,6,0,0,0,1.8666666666666667,0.13333333333333333,0.0,0.0,0.0,,0.19543942063026032
lipid,C47H70O5,47,70,5,0,0,0,1.4893617021276595,0.10638297872340426,0.0,0.0,0.0,,0.19543942063026032
lipid,C46H82O5,46,82,5,0,0,0,1.7826086956521738,0.10869565217391304,0.0,0.0,0.0,,0.19543942063026032
lipid,C47H72O5,47,72,5,0,0,0,1.5319148936170213,0.10638297872340426,0.0,0.0,0.0,,0.19543942063026032
lipid,C45H80O6,45,80,6,0,0,0,1.7777777777777777,0.13333333333333333,0.0,0.0,0.0,,0.19543942063026032
lipid,C46H84O5,46,84,5,0,0,0,1.826086956521739,0.10869565217391304,0.0,0.0,0.0,,0.19543942063026032
lipid,C47H74O5,47,74,5,0,0,0,1.574468085106383,0.10638297872340426,0.0,0.0,0.0,,0.19543942063026032
lipid,C45H82O6,45,82,6,0,0,0,1.8222222222222222,0.13333333333333333,0.0,0.0,0.0,,0.19543942063026032
lipid,C46H86O5,46,86,5,0,0,0,1.8695652173913044,0.10869565217391304,0.0,0.0,0.0,,0.19543942063026032
lipid,C45H78O6,45,78,6,0,0,0,1.7333333333333334,0.13333333333333333,0.0,0.0,0.0,,0.19543942063026032
lipid,C53H94O6,53,94,6,0,0,0,1.7735849056603774,0.11320754716981132,0.0,0.0,0.0,,0.19543942063026032
lipid,C51H99O13P,51,99,13,0,0,1,1.9411764705882353,0.2549019607843137,0.0,0.0,0.0196078431372549,0.0,0.19543942063026032
lipid,C51H95O13P,51,95,13,0,0,1,1.8627450980392157,0.2549019607843137,0.0,0.0,0.0196078431372549,0.0,0.19543942063026032
lipid,C45H89O12P,45,89,12,0,0,1,1.9777777777777779,0.26666666666666666,0.0,0.0,0.022222222222222223,0.0,0.19543942063026032
lipid,C48H72NO10P,48,72,10,1,0,1,1.5,0.20833333333333334,0.020833333333333332,0.0,0.020833333333333332,1.0,0.19543942063026032
lipid,C50H80NO8P,50,80,8,1,0,1,1.6,0.16,0.02,0.0,0.02,1.0,0.19543942063026032
lipid,C47H84NO10P,47,84,10,1,0,1,1.7872340425531914,0.2127659574468085,0.02127659574468085,0.0,0.02127659574468085,1.0,0.19543942063026032
lipid,C48H88NO9P,48,88,9,1,0,1,1.8333333333333333,0.1875,0.020833333333333332,0.0,0.020833333333333332,1.0,0.19543942063026032
lipid,C49H92NO8P,49,92,8,1,0,1,1.8775510204081634,0.16326530612244897,0.02040816326530612,0.0,0.02040816326530612,1.0,0.19543942063026032
lipid,C50H96NO7P,50,96,7,1,0,1,1.92,0.14,0.02,0.0,0.02,1.0,0.19543942063026032
lipid,C45H75O13P,45,75,13,0,0,1,1.6666666666666667,0.28888888888888886,0.0,0.0,0.022222222222222223,0.0,0.19543942063026032
lipid,C48H87O10P,48,87,10,0,0,1,1.8125,0.20833333333333334,0.0,0.0,0.020833333333333332,0.0,0.19543942063026032
lipid,C48H74NO10P,48,74,10,1,0,1,1.5416666666666667,0.20833333333333334,0.020833333333333332,0.0,0.020833333333333332,1.0,0.19543942063026032
lipid,C50H82NO8P,50,82,8,1,0,1,1.64,0.16,0.02,0.0,0.02,1.0,0.19543942063026032
lipid,C47H86NO10P,47,86,10,1,0,1,1.8297872340425532,0.2127659574468085,0.02127659574468085,0.0,0.02127659574468085,1.0,0.19543942063026032
lipid,C48H90NO9P,48,90,9,1,0,1,1.875,0.1875,0.020833333333333332,0.0,0.020833333333333332,1.0,0.19543942063026032
lipid,C49H94NO8P,49,94,8,1,0,1,1.9183673469387754,0.16326530612244897,0.02040816326530612,0.0,0.02040816326530612,1.0,0.19543942063026032
lipid,C50H98NO7P,50,98,7,1,0,1,1.96,0.14,0.02,0.0,0.02,1.0,0.19543942063026032
lipid,C48H85O10P,48,85,10,0,0,1,1.7708333333333333,0.20833333333333334,0.0,0.0,0.020833333333333332,0.0,0.19543942063026032
lipid,C44H85O13P,44,85,13,0,0,1,1.9318181818181819,0.29545454545454547,0.0,0.0,0.022727272727272728,0.0,0.19543942063026032
lipid,C45H73O13P,45,73,13,0,0,1,1.6222222222222222,0.28888888888888886,0.0,0.0,0.022222222222222223,0.0,0.19543942063026032
lipid,C50H94NO7P,50,94,7,1,0,1,1.88,0.14,0.02,0.0,0.02,1.0,0.19543942063026032
lipid,C48H81O10P,48,81,10,0,0,1,1.6875,0.20833333333333334,0.0,0.0,0.020833333333333332,0.0,0.19543942063026032
lipid,C45H85O12P,45,85,12,0,0,1,1.8888888888888888,0.26666666666666666,0.0,0.0,0.022222222222222223,0.0,0.19543942063026032
lipid,C47H93O10P,47,93,10,0,0,1,1.9787234042553192,0.2127659574468085,0.0,0.0,0.02127659574468085,0.0,0.19543942063026032
lipid,C48H97O9P,48,97,9,0,0,1,2.0208333333333335,0.1875,0.0,0.0,0.020833333333333332,0.0,0.19543942063026032
lipid,C47H80NO10P,47,80,10,1,0,1,1.702127659574468,0.2127659574468085,0.02127659574468085,0.0,0.02127659574468085,1.0,0.19543942063026032
lipid,C48H84NO9P,48,84,9,1,0,1,1.75,0.1875,0.020833333333333332,0.0,0.020833333333333332,1.0,0.19543942063026032
lipid,C49H88NO8P,49,88,8,1,0,1,1.7959183673469388,0.16326530612244897,0.02040816326530612,0.0,0.02040816326530612,1.0,0.19543942063026032
lipid,C45H77O13P,45,77,13,0,0,1,1.711111111111111,0.28888888888888886,0.0,0.0,0.022222222222222223,0.0,0.19543942063026032
lipid,C50H92NO7P,50,92,7,1,0,1,1.84,0.14,0.02,0.0,0.02,1.0,0.19543942063026032
lipid,C44H83O13P,44,83,13,0,0,1,1.8863636363636365,0.29545454545454547,0.0,0.0,0.022727272727272728,0.0,0.19543942063026032
lipid,C48H83O10P,48,83,10,0,0,1,1.7291666666666667,0.20833333333333334,0.0,0.0,0.020833333333333332,0.0,0.19543942063026032
lipid,C45H87O12P,45,87,12,0,0,1,1.9333333333333333,0.26666666666666666,0.0,0.0,0.022222222222222223,0.0,0.19543942063026032
lipid,C50H78NO8P,50,78,8,1,0,1,1.56,0.16,0.02,0.0,0.02,1.0,0.19543942063026032
lipid,C47H82NO10P,47,82,10,1,0,1,1.7446808510638299,0.2127659574468085,0.02127659574468085,0.0,0.02127659574468085,1.0,0.19543942063026032
lipid,C48H86NO9P,48,86,9,1,0,1,1.7916666666666667,0.1875,0.020833333333333332,0.0,0.020833333333333332,1.0,0.19543942063026032
lipid,C49H90NO8P,49,90,8,1,0,1,1.836734693877551,0.16326530612244897,0.02040816326530612,0.0,0.02040816326530612,1.0,0.19543942063026032
lipid,C45H71O13P,45,71,13,0,0,1,1.5777777777777777,0.28888888888888886,0.0,0.0,0.022222222222222223,0.0,0.19543942063026032
lipid,C48H89O10P,48,89,10,0,0,1,1.8541666666666667,0.20833333333333334,0.0,0.0,0.020833333333333332,0.0,0.19543942063026032
lipid,C48H76NO10P,48,76,10,1,0,1,1.5833333333333333,0.20833333333333334,0.020833333333333332,0.0,0.020833333333333332,1.0,0.19543942063026032
lipid,C50H84NO8P,50,84,8,1,0,1,1.68,0.16,0.02,0.0,0.02,1.0,0.19543942063026032
lipid,C46H87O12P,46,87,12,0,0,1,1.891304347826087,0.2608695652173913,0.0,0.0,0.021739130434782608,0.0,0.19543942063026032
lipid,C48H95O10P,48,95,10,0,0,1,1.9791666666666667,0.20833333333333334,0.0,0.0,0.020833333333333332,0.0,0.19543942063026032
lipid,C48H82NO10P,48,82,10,1,0,1,1.7083333333333333,0.20833333333333334,0.020833333333333332,0.0,0.020833333333333332,1.0,0.19543942063026032
lipid,C50H90NO8P,50,90,8,1,0,1,1.8,0.16,0.02,0.0,0.02,1.0,0.19543942063026032
lipid,C45H85O13P,45,85,13,0,0,1,1.8888888888888888,0.28888888888888886,0.0,0.0,0.022222222222222223,0.0,0.19543942063026032
lipid,C49H85O10P,49,85,10,0,0,1,1.7346938775510203,0.20408163265306123,0.0,0.0,0.02040816326530612,0.0,0.19543942063026032
lipid,C46H89O12P,46,89,12,0,0,1,1.934782608695652,0.2608695652173913,0.0,0.0,0.021739130434782608,0.0,0.19543942063026032
lipid,C45H83O13P,45,83,13,0,0,1,1.8444444444444446,0.28888888888888886,0.0,0.0,0.022222222222222223,0.0,0.19543942063026032
lipid,C48H84NO10P,48,84,10,1,0,1,1.75,0.20833333333333334,0.020833333333333332,0.0,0.020833333333333332,1.0,0.19543942063026032
lipid,C46H75O13P,46,75,13,0,0,1,1.6304347826086956,0.2826086956521739,0.0,0.0,0.021739130434782608,0.0,0.19543942063026032
lipid,C50H75O10P,50,75,10,0,0,1,1.5,0.2,0.0,0.0,0.02,0.0,0.19543942063026032
lipid,C47H79O12P,47,79,12,0,0,1,1.6808510638297873,0.2553191489361702,0.0,0.0,0.02127659574468085,0.0,0.19543942063026032
lipid,C45H87O13P,45,87,13,0,0,1,1.9333333333333333,0.28888888888888886,0.0,0.0,0.022222222222222223,0.0,0.19543942063026032
lipid,C46H91O12P,46,91,12,0,0,1,1.9782608695652173,0.2608695652173913,0.0,0.0,0.021739130434782608,0.0,0.19543942063026032
lipid,C48H86NO10P,48,86,10,1,0,1,1.7916666666666667,0.20833333333333334,0.020833333333333332,0.0,0.020833333333333332,1.0,0.19543942063026032
lipid,C50H94NO8P,50,94,8,1,0,1,1.88,0.16,0.02,0.0,0.02,1.0,0.19543942063026032
lipid,C50H92NO8P,50,92,8,1,0,1,1.84,0.16,0.02,0.0,0.02,1.0,0.19543942063026032
lipid,C44H81O13P,44,81,13,0,0,1,1.8409090909090908,0.29545454545454547,0.0,0.0,0.022727272727272728,0.0,0.19543942063026032
lipid,C48H96NO9P,48,96,9,1,0,1,2.0,0.1875,0.020833333333333332,0.0,0.020833333333333332,1.0,0.19543942063026032
lipid,C50H88NO8P,50,88,8,1,0,1,1.76,0.16,0.02,0.0,0.02,1.0,0.19543942063026032
lipid,C47H88NO10P,47,88,10,1,0,1,1.872340425531915,0.2127659574468085,0.02127659574468085,0.0,0.02127659574468085,1.0,0.19543942063026032
lipid,C48H92NO9P,48,92,9,1,0,1,1.9166666666666667,0.1875,0.020833333333333332,0.0,0.020833333333333332,1.0,0.19543942063026032
lipid,C49H96NO8P,49,96,8,1,0,1,1.9591836734693877,0.16326530612244897,0.02040816326530612,0.0,0.02040816326530612,1.0,0.19543942063026032
lipid,C50H100NO7P,50,100,7,1,0,1,2.0,0.14,0.02,0.0,0.02,1.0,0.19543942063026032
lipid,C45H79O13P,45,79,13,0,0,1,1.7555555555555555,0.28888888888888886,0.0,0.0,0.022222222222222223,0.0,0.19543942063026032
lipid,C48H91O10P,48,91,10,0,0,1,1.8958333333333333,0.20833333333333334,0.0,0.0,0.020833333333333332,0.0,0.19543942063026032
lipid,C48H78NO10P,48,78,10,1,0,1,1.625,0.20833333333333334,0.020833333333333332,0.0,0.020833333333333332,1.0,0.19543942063026032
lipid,C47H92NO10P,47,92,10,1,0,1,1.9574468085106382,0.2127659574468085,0.02127659574468085,0.0,0.02127659574468085,1.0,0.19543942063026032
lipid,C50H86NO8P,50,86,8,1,0,1,1.72,0.16,0.02,0.0,0.02,1.0,0.19543942063026032
lipid,C48H94NO9P,48,94,9,1,0,1,1.9583333333333333,0.1875,0.020833333333333332,0.0,0.020833333333333332,1.0,0.19543942063026032
lipid,C49H98NO8P,49,98,8,1,0,1,2.0,0.16326530612244897,0.02040816326530612,0.0,0.02040816326530612,1.0,0.19543942063026032
lipid,C50H102NO7P,50,102,7,1,0,1,2.04,0.14,0.02,0.0,0.02,1.0,0.19543942063026032
lipid,C45H81O13P,45,81,13,0,0,1,1.8,0.28888888888888886,0.0,0.0,0.022222222222222223,0.0,0.19543942063026032
lipid,C46H85O12P,46,85,12,0,0,1,1.8478260869565217,0.2608695652173913,0.0,0.0,0.021739130434782608,0.0,0.19543942063026032
lipid,C48H93O10P,48,93,10,0,0,1,1.9375,0.20833333333333334,0.0,0.0,0.020833333333333332,0.0,0.19543942063026032
lipid,C48H80NO10P,48,80,10,1,0,1,1.6666666666666667,0.20833333333333334,0.020833333333333332,0.0,0.020833333333333332,1.0,0.19543942063026032
lipid,C47H90NO10P,47,90,10,1,0,1,1.9148936170212767,0.2127659574468085,0.02127659574468085,0.0,0.02127659574468085,1.0,0.19543942063026032
lipid,C47H94NO9P,47,94,9,1,0,1,2.0,0.19148936170212766,0.02127659574468085,0.0,0.02127659574468085,1.0,0.19543942063026032
lipid,C50H90NO7P,50,90,7,1,0,1,1.8,0.14,0.02,0.0,0.02,1.0,0.19543942063026032
lipid,C46H90NO10P,46,90,10,1,0,1,1.9565217391304348,0.21739130434782608,0.021739130434782608,0.0,0.021739130434782608,1.0,0.19543942063026032
lipid,C44H83O12P,44,83,12,0,0,1,1.8863636363636365,0.2727272727272727,0.0,0.0,0.022727272727272728,0.0,0.19543942063026032
lipid,C48H83O9P,48,83,9,0,0,1,1.7291666666666667,0.1875,0.0,0.0,0.020833333333333332,0.0,0.19543942063026032
lipid,C46H91O10P,46,91,10,0,0,1,1.9782608695652173,0.21739130434782608,0.0,0.0,0.021739130434782608,0.0,0.19543942063026032
lipid,C47H95O9P,47,95,9,0,0,1,2.021276595744681,0.19148936170212766,0.0,0.0,0.02127659574468085,0.0,0.19543942063026032
lipid,C49H74NO8P,49,74,8,1,0,1,1.510204081632653,0.16326530612244897,0.02040816326530612,0.0,0.02040816326530612,1.0,0.19543942063026032
lipid,C46H78NO10P,46,78,10,1,0,1,1.6956521739130435,0.21739130434782608,0.021739130434782608,0.0,0.021739130434782608,1.0,0.19543942063026032
lipid,C48H86NO8P,48,86,8,1,0,1,1.7916666666666667,0.16666666666666666,0.020833333333333332,0.0,0.020833333333333332,1.0,0.19543942063026032
lipid,C47H79O10P,47,79,10,0,0,1,1.6808510638297873,0.2127659574468085,0.0,0.0,0.02127659574468085,0.0,0.19543942063026032
lipid,C43H81O13P,43,81,13,0,0,1,1.8837209302325582,0.3023255813953488,0.0,0.0,0.023255813953488372,0.0,0.19543942063026032
lipid,C44H85O12P,44,85,12,0,0,1,1.9318181818181819,0.2727272727272727,0.0,0.0,0.022727272727272728,0.0,0.19543942063026032
lipid,C48H85O9P,48,85,9,0,0,1,1.7708333333333333,0.1875,0.0,0.0,0.020833333333333332,0.0,0.19543942063026032
lipid,C46H80NO10P,46,80,10,1,0,1,1.7391304347826086,0.21739130434782608,0.021739130434782608,0.0,0.021739130434782608,1.0,0.19543942063026032
lipid,C48H88NO8P,48,88,8,1,0,1,1.8333333333333333,0.16666666666666666,0.020833333333333332,0.0,0.020833333333333332,1.0,0.19543942063026032
lipid,C43H83O13P,43,83,13,0,0,1,1.930232558139535,0.3023255813953488,0.0,0.0,0.023255813953488372,0.0,0.19543942063026032
lipid,C47H83O10P,47,83,10,0,0,1,1.7659574468085106,0.2127659574468085,0.0,0.0,0.02127659574468085,0.0,0.19543942063026032
lipid,C44H87O12P,44,87,12,0,0,1,1.9772727272727273,0.2727272727272727,0.0,0.0,0.022727272727272728,0.0,0.19543942063026032
lipid,C47H81O10P,47,81,10,0,0,1,1.7234042553191489,0.2127659574468085,0.0,0.0,0.02127659574468085,0.0,0.19543942063026032
lipid,C48H87O9P,48,87,9,0,0,1,1.8125,0.1875,0.0,0.0,0.020833333333333332,0.0,0.19543942063026032
lipid,C43H79O13P,43,79,13,0,0,1,1.8372093023255813,0.3023255813953488,0.0,0.0,0.023255813953488372,0.0,0.19543942063026032
lipid,C45H88NO10P,45,88,10,1,0,1,1.9555555555555555,0.2222222222222222,0.022222222222222223,0.0,0.022222222222222223,1.0,0.19543942063026032
lipid,C48H96NO7P,48,96,7,1,0,1,2.0,0.14583333333333334,0.020833333333333332,0.0,0.020833333333333332,1.0,0.19543942063026032
lipid,C43H75O13P,43,75,13,0,0,1,1.744186046511628,0.3023255813953488,0.0,0.0,0.023255813953488372,0.0,0.19543942063026032
lipid,C46H87O10P,46,87,10,0,0,1,1.891304347826087,0.21739130434782608,0.0,0.0,0.021739130434782608,0.0,0.19543942063026032
lipid,C46H74NO10P,46,74,10,1,0,1,1.608695652173913,0.21739130434782608,0.021739130434782608,0.0,0.021739130434782608,1.0,0.19543942063026032
lipid,C44H82NO11P,44,82,11,1,0,1,1.8636363636363635,0.25,0.022727272727272728,0.0,0.022727272727272728,1.0,0.19543942063026032
lipid,C48H82NO8P,48,82,8,1,0,1,1.7083333333333333,0.16666666666666666,0.020833333333333332,0.0,0.020833333333333332,1.0,0.19543942063026032
lipid,C45H86NO10P,45,86,10,1,0,1,1.9111111111111112,0.2222222222222222,0.022222222222222223,0.0,0.022222222222222223,1.0,0.19543942063026032
lipid,C46H92NO9P,46,92,9,1,0,1,2.0,0.1956521739130435,0.021739130434782608,0.0,0.021739130434782608,1.0,0.19543942063026032
lipid,C46H90NO9P,46,90,9,1,0,1,1.9565217391304348,0.1956521739130435,0.021739130434782608,0.0,0.021739130434782608,1.0,0.19543942063026032
lipid,C48H98NO7P,48,98,7,1,0,1,2.0416666666666665,0.14583333333333334,0.020833333333333332,0.0,0.020833333333333332,1.0,0.19543942063026032
lipid,C43H77O13P,43,77,13,0,0,1,1.7906976744186047,0.3023255813953488,0.0,0.0,0.023255813953488372,0.0,0.19543942063026032
lipid,C44H81O12P,44,81,12,0,0,1,1.8409090909090908,0.2727272727272727,0.0,0.0,0.022727272727272728,0.0,0.19543942063026032
lipid,C46H89O10P,46,89,10,0,0,1,1.934782608695652,0.21739130434782608,0.0,0.0,0.021739130434782608,0.0,0.19543942063026032
lipid,C47H93O9P,47,93,9,0,0,1,1.9787234042553192,0.19148936170212766,0.0,0.0,0.02127659574468085,0.0,0.19543942063026032
lipid,C46H76NO10P,46,76,10,1,0,1,1.6521739130434783,0.21739130434782608,0.021739130434782608,0.0,0.021739130434782608,1.0,0.19543942063026032
lipid,C48H84NO8P,48,84,8,1,0,1,1.75,0.16666666666666666,0.020833333333333332,0.0,0.020833333333333332,1.0,0.19543942063026032
lipid,C47H94NO8P,47,94,8,1,0,1,2.0,0.1702127659574468,0.02127659574468085,0.0,0.02127659574468085,1.0,0.19543942063026032
lipid,C46H77O13P,46,77,13,0,0,1,1.673913043478261,0.2826086956521739,0.0,0.0,0.021739130434782608,0.0,0.19543942063026032
lipid,C49H78NO8P,49,78,8,1,0,1,1.5918367346938775,0.16326530612244897,0.02040816326530612,0.0,0.02040816326530612,1.0,0.19543942063026032
lipid,C48H90NO8P,48,90,8,1,0,1,1.875,0.16666666666666666,0.020833333333333332,0.0,0.020833333333333332,1.0,0.19543942063026032
lipid,C47H89O10P,47,89,10,0,0,1,1.8936170212765957,0.2127659574468085,0.0,0.0,0.02127659574468085,0.0,0.19543942063026032
lipid,C48H93O9P,48,93,9,0,0,1,1.9375,0.1875,0.0,0.0,0.020833333333333332,0.0,0.19543942063026032
lipid,C49H84NO8P,49,84,8,1,0,1,1.7142857142857142,0.16326530612244897,0.02040816326530612,0.0,0.02040816326530612,1.0,0.19543942063026032
lipid,C46H88NO10P,46,88,10,1,0,1,1.9130434782608696,0.21739130434782608,0.021739130434782608,0.0,0.021739130434782608,1.0,0.19543942063026032
lipid,C50H88NO7P,50,88,7,1,0,1,1.76,0.14,0.02,0.0,0.02,1.0,0.19543942063026032
lipid,C47H92NO9P,47,92,9,1,0,1,1.9574468085106382,0.19148936170212766,0.02127659574468085,0.0,0.02127659574468085,1.0,0.19543942063026032
lipid,C48H96NO8P,48,96,8,1,0,1,2.0,0.16666666666666666,0.020833333333333332,0.0,0.020833333333333332,1.0,0.19543942063026032
lipid,C45H81O12P,45,81,12,0,0,1,1.8,0.26666666666666666,0.0,0.0,0.022222222222222223,0.0,0.19543942063026032
lipid,C49H100NO7P,49,100,7,1,0,1,2.0408163265306123,0.14285714285714285,0.02040816326530612,0.0,0.02040816326530612,1.0,0.19543942063026032
lipid,C48H79O10P,48,79,10,0,0,1,1.6458333333333333,0.20833333333333334,0.0,0.0,0.020833333333333332,0.0,0.19543942063026032
lipid,C45H83O12P,45,83,12,0,0,1,1.8444444444444446,0.26666666666666666,0.0,0.0,0.022222222222222223,0.0,0.19543942063026032
lipid,C47H91O10P,47,91,10,0,0,1,1.9361702127659575,0.2127659574468085,0.0,0.0,0.02127659574468085,0.0,0.19543942063026032
lipid,C48H95O9P,48,95,9,0,0,1,1.9791666666666667,0.1875,0.0,0.0,0.020833333333333332,0.0,0.19543942063026032
lipid,C47H78NO10P,47,78,10,1,0,1,1.6595744680851063,0.2127659574468085,0.02127659574468085,0.0,0.02127659574468085,1.0,0.19543942063026032
lipid,C48H82NO9P,48,82,9,1,0,1,1.7083333333333333,0.1875,0.020833333333333332,0.0,0.020833333333333332,1.0,0.19543942063026032
lipid,C49H86NO8P,49,86,8,1,0,1,1.7551020408163265,0.16326530612244897,0.02040816326530612,0.0,0.02040816326530612,1.0,0.19543942063026032
lipid,C44H79O13P,44,79,13,0,0,1,1.7954545454545454,0.29545454545454547,0.0,0.0,0.022727272727272728,0.0,0.19543942063026032
lipid,C46H82NO10P,46,82,10,1,0,1,1.7826086956521738,0.21739130434782608,0.021739130434782608,0.0,0.021739130434782608,1.0,0.19543942063026032
lipid,C48H77O10P,48,77,10,0,0,1,1.6041666666666667,0.20833333333333334,0.0,0.0,0.020833333333333332,0.0,0.19543942063026032
lipid,C49H98NO7P,49,98,7,1,0,1,2.0,0.14285714285714285,0.02040816326530612,0.0,0.02040816326530612,1.0,0.19543942063026032
lipid,C44H73O13P,44,73,13,0,0,1,1.6590909090909092,0.29545454545454547,0.0,0.0,0.022727272727272728,0.0,0.19543942063026032
lipid,C48H73O10P,48,73,10,0,0,1,1.5208333333333333,0.20833333333333334,0.0,0.0,0.020833333333333332,0.0,0.19543942063026032
lipid,C45H77O12P,45,77,12,0,0,1,1.711111111111111,0.26666666666666666,0.0,0.0,0.022222222222222223,0.0,0.19543942063026032
lipid,C47H85O10P,47,85,10,0,0,1,1.8085106382978724,0.2127659574468085,0.0,0.0,0.02127659574468085,0.0,0.19543942063026032
lipid,C48H89O9P,48,89,9,0,0,1,1.8541666666666667,0.1875,0.0,0.0,0.020833333333333332,0.0,0.19543942063026032
lipid,C36H65N3O15P2,36,65,15,3,0,2,1.8055555555555556,0.4166666666666667,0.08333333333333333,0.0,0.05555555555555555,1.5,0.19543942063026032
lipid,C46H84NO10P,46,84,10,1,0,1,1.826086956521739,0.21739130434782608,0.021739130434782608,0.0,0.021739130434782608,1.0,0.19543942063026032
lipid,C44H77O13P,44,77,13,0,0,1,1.75,0.29545454545454547,0.0,0.0,0.022727272727272728,0.0,0.19543942063026032
lipid,C48H92NO8P,48,92,8,1,0,1,1.9166666666666667,0.16666666666666666,0.020833333333333332,0.0,0.020833333333333332,1.0,0.19543942063026032
lipid,C48H75O10P,48,75,10,0,0,1,1.5625,0.20833333333333334,0.0,0.0,0.020833333333333332,0.0,0.19543942063026032
lipid,C45H79O12P,45,79,12,0,0,1,1.7555555555555555,0.26666666666666666,0.0,0.0,0.022222222222222223,0.0,0.19543942063026032
lipid,C47H87O10P,47,87,10,0,0,1,1.851063829787234,0.2127659574468085,0.0,0.0,0.02127659574468085,0.0,0.19543942063026032
lipid,C48H91O9P,48,91,9,0,0,1,1.8958333333333333,0.1875,0.0,0.0,0.020833333333333332,0.0,0.19543942063026032
lipid,C49H82NO8P,49,82,8,1,0,1,1.6734693877551021,0.16326530612244897,0.02040816326530612,0.0,0.02040816326530612,1.0,0.19543942063026032
lipid,C46H86NO10P,46,86,10,1,0,1,1.8695652173913044,0.21739130434782608,0.021739130434782608,0.0,0.021739130434782608,1.0,0.19543942063026032
lipid,C48H94NO8P,48,94,8,1,0,1,1.9583333333333333,0.16666666666666666,0.020833333333333332,0.0,0.020833333333333332,1.0,0.19543942063026032
lipid,C44H75O13P,44,75,13,0,0,1,1.7045454545454546,0.29545454545454547,0.0,0.0,0.022727272727272728,0.0,0.19543942063026032
lipid,C51H97O13P,51,97,13,0,0,1,1.9019607843137254,0.2549019607843137,0.0,0.0,0.0196078431372549,0.0,0.19543942063026032
lipid,C49H89O10P,49,89,10,0,0,1,1.816326530612245,0.20408163265306123,0.0,0.0,0.02040816326530612,0.0,0.19543942063026032
lipid,C50H96NO8P,50,96,8,1,0,1,1.92,0.16,0.02,0.0,0.02,1.0,0.19543942063026032
lipid,C48H91O13P,48,91,13,0,0,1,1.8958333333333333,0.2708333333333333,0.0,0.0,0.020833333333333332,0.0,0.19543942063026032
lipid,C49H95O12P,49,95,12,0,0,1,1.9387755102040816,0.24489795918367346,0.0,0.0,0.02040816326530612,0.0,0.19543942063026032
lipid,C49H81O13P,49,81,13,0,0,1,1.653061224489796,0.2653061224489796,0.0,0.0,0.02040816326530612,0.0,0.19543942063026032
lipid,C48H93O13P,48,93,13,0,0,1,1.9375,0.2708333333333333,0.0,0.0,0.020833333333333332,0.0,0.19543942063026032
lipid,C49H97O12P,49,97,12,0,0,1,1.9795918367346939,0.24489795918367346,0.0,0.0,0.02040816326530612,0.0,0.19543942063026032
lipid,C50H101O11P,50,101,11,0,0,1,2.02,0.22,0.0,0.0,0.02,0.0,0.19543942063026032
lipid,C46H88NO14P,46,88,14,1,0,1,1.9130434782608696,0.30434782608695654,0.021739130434782608,0.0,0.021739130434782608,1.0,0.19543942063026032
lipid,C38H71O22P,38,71,22,0,0,1,1.868421052631579,0.5789473684210527,0.0,0.0,0.02631578947368421,0.0,0.19543942063026032
lipid,C49H83O13P,49,83,13,0,0,1,1.6938775510204083,0.2653061224489796,0.0,0.0,0.02040816326530612,0.0,0.19543942063026032
lipid,C49H85O13P,49,85,13,0,0,1,1.7346938775510203,0.2653061224489796,0.0,0.0,0.02040816326530612,0.0,0.19543942063026032
lipid,C49H87O13P,49,87,13,0,0,1,1.7755102040816326,0.2653061224489796,0.0,0.0,0.02040816326530612,0.0,0.19543942063026032
lipid,C43H82O16P2,43,82,16,0,0,2,1.9069767441860466,0.37209302325581395,0.0,0.0,0.046511627906976744,0.0,0.19543942063026032
lipid,C49H89O13P,49,89,13,0,0,1,1.816326530612245,0.2653061224489796,0.0,0.0,0.02040816326530612,0.0,0.19543942063026032
lipid,C49H91O13P,49,91,13,0,0,1,1.8571428571428572,0.2653061224489796,0.0,0.0,0.02040816326530612,0.0,0.19543942063026032
lipid,C39H69O22P,39,69,22,0,0,1,1.7692307692307692,0.5641025641025641,0.0,0.0,0.02564102564102564,0.0,0.19543942063026032
lipid,C49H79O13P,49,79,13,0,0,1,1.6122448979591837,0.2653061224489796,0.0,0.0,0.02040816326530612,0.0,0.19543942063026032
lipid,C51H101O8PS,51,101,8,0,1,1,1.9803921568627452,0.1568627450980392,0.0,0.0196078431372549,0.0196078431372549,0.0,0.19543942063026032
lipid,C49H93O12P,49,93,12,0,0,1,1.8979591836734695,0.24489795918367346,0.0,0.0,0.02040816326530612,0.0,0.19543942063026032
lipid,C48H89O13P,48,89,13,0,0,1,1.8541666666666667,0.2708333333333333,0.0,0.0,0.020833333333333332,0.0,0.19543942063026032
lipid,C50H92NO10P,50,92,10,1,0,1,1.84,0.2,0.02,0.0,0.02,1.0,0.19543942063026032
lipid,C52H100NO8P,52,100,8,1,0,1,1.9230769230769231,0.15384615384615385,0.019230769230769232,0.0,0.019230769230769232,1.0,0.19543942063026032
lipid,C48H83O13P,48,83,13,0,0,1,1.7291666666666667,0.2708333333333333,0.0,0.0,0.020833333333333332,0.0,0.19543942063026032
lipid,C49H87O12P,49,87,12,0,0,1,1.7755102040816326,0.24489795918367346,0.0,0.0,0.02040816326530612,0.0,0.19543942063026032
lipid,C50H94NO10P,50,94,10,1,0,1,1.88,0.2,0.02,0.0,0.02,1.0,0.19543942063026032
lipid,C52H102NO8P,52,102,8,1,0,1,1.9615384615384615,0.15384615384615385,0.019230769230769232,0.0,0.019230769230769232,1.0,0.19543942063026032
lipid,C48H85O13P,48,85,13,0,0,1,1.7708333333333333,0.2708333333333333,0.0,0.0,0.020833333333333332,0.0,0.19543942063026032
lipid,C49H93O13P,49,93,13,0,0,1,1.8979591836734695,0.2653061224489796,0.0,0.0,0.02040816326530612,0.0,0.19543942063026032
lipid,C49H89O12P,49,89,12,0,0,1,1.816326530612245,0.24489795918367346,0.0,0.0,0.02040816326530612,0.0,0.19543942063026032
lipid,C50H96NO10P,50,96,10,1,0,1,1.92,0.2,0.02,0.0,0.02,1.0,0.19543942063026032
lipid,C52H104NO8P,52,104,8,1,0,1,2.0,0.15384615384615385,0.019230769230769232,0.0,0.019230769230769232,1.0,0.19543942063026032
lipid,C49H75O13P,49,75,13,0,0,1,1.530612244897959,0.2653061224489796,0.0,0.0,0.02040816326530612,0.0,0.19543942063026032
lipid,C48H87O13P,48,87,13,0,0,1,1.8125,0.2708333333333333,0.0,0.0,0.020833333333333332,0.0,0.19543942063026032
lipid,C49H91O12P,49,91,12,0,0,1,1.8571428571428572,0.24489795918367346,0.0,0.0,0.02040816326530612,0.0,0.19543942063026032
lipid,C50H98NO10P,50,98,10,1,0,1,1.96,0.2,0.02,0.0,0.02,1.0,0.19543942063026032
lipid,C49H77O13P,49,77,13,0,0,1,1.5714285714285714,0.2653061224489796,0.0,0.0,0.02040816326530612,0.0,0.19543942063026032
lipid,C47H98O11P2,47,98,11,0,0,2,2.0851063829787235,0.23404255319148937,0.0,0.0,0.0425531914893617,0.0,0.19543942063026032
lipid,C50H97O12P,50,97,12,0,0,1,1.94,0.24,0.0,0.0,0.02,0.0,0.19543942063026032
lipid,C39H71O22P,39,71,22,0,0,1,1.8205128205128205,0.5641025641025641,0.0,0.0,0.02564102564102564,0.0,0.19543942063026032
lipid,C50H83O13P,50,83,13,0,0,1,1.66,0.26,0.0,0.0,0.02,0.0,0.19543942063026032
lipid,C51H97O12P,51,97,12,0,0,1,1.9019607843137254,0.23529411764705882,0.0,0.0,0.0196078431372549,0.0,0.19543942063026032
lipid,C40H71O22P,40,71,22,0,0,1,1.775,0.55,0.0,0.0,0.025,0.0,0.19543942063026032
lipid,C51H83O13P,51,83,13,0,0,1,1.6274509803921569,0.2549019607843137,0.0,0.0,0.0196078431372549,0.0,0.19543942063026032
lipid,C50H95O13P,50,95,13,0,0,1,1.9,0.26,0.0,0.0,0.02,0.0,0.19543942063026032
lipid,C51H99O12P,51,99,12,0,0,1,1.9411764705882353,0.23529411764705882,0.0,0.0,0.0196078431372549,0.0,0.19543942063026032
lipid,C40H73O22P,40,73,22,0,0,1,1.825,0.55,0.0,0.0,0.025,0.0,0.19543942063026032
lipid,C51H85O13P,51,85,13,0,0,1,1.6666666666666667,0.2549019607843137,0.0,0.0,0.0196078431372549,0.0,0.19543942063026032
lipid,C50H93O13P,50,93,13,0,0,1,1.86,0.26,0.0,0.0,0.02,0.0,0.19543942063026032
lipid,C49H93O14P,49,93,14,0,0,1,1.8979591836734695,0.2857142857142857,0.0,0.0,0.02040816326530612,0.0,0.19543942063026032
lipid,C51H101O12P,51,101,12,0,0,1,1.9803921568627452,0.23529411764705882,0.0,0.0,0.0196078431372549,0.0,0.19543942063026032
lipid,C40H75O22P,40,75,22,0,0,1,1.875,0.55,0.0,0.0,0.025,0.0,0.19543942063026032
lipid,C51H87O13P,51,87,13,0,0,1,1.7058823529411764,0.2549019607843137,0.0,0.0,0.0196078431372549,0.0,0.19543942063026032
lipid,C51H89O13P,51,89,13,0,0,1,1.7450980392156863,0.2549019607843137,0.0,0.0,0.0196078431372549,0.0,0.19543942063026032
lipid,C51H91O13P,51,91,13,0,0,1,1.7843137254901962,0.2549019607843137,0.0,0.0,0.0196078431372549,0.0,0.19543942063026032
lipid,C45H85O18P,45,85,18,0,0,1,1.8888888888888888,0.4,0.0,0.0,0.022222222222222223,0.0,0.19543942063026032
lipid,C51H93O13P,51,93,13,0,0,1,1.8235294117647058,0.2549019607843137,0.0,0.0,0.0196078431372549,0.0,0.19543942063026032
lipid,C50H97O13P,50,97,13,0,0,1,1.94,0.26,0.0,0.0,0.02,0.0,0.19543942063026032
lipid,C49H85O12P,49,85,12,0,0,1,1.7346938775510203,0.24489795918367346,0.0,0.0,0.02040816326530612,0.0,0.19543942063026032
lipid,C51H81O13P,51,81,13,0,0,1,1.588235294117647,0.2549019607843137,0.0,0.0,0.0196078431372549,0.0,0.19543942063026032
lipid,C50H91O13P,50,91,13,0,0,1,1.82,0.26,0.0,0.0,0.02,0.0,0.19543942063026032
lipid,C51H87O12P,51,87,12,0,0,1,1.7058823529411764,0.23529411764705882,0.0,0.0,0.0196078431372549,0.0,0.19543942063026032
lipid,C49H95O13P,49,95,13,0,0,1,1.9387755102040816,0.2653061224489796,0.0,0.0,0.02040816326530612,0.0,0.19543942063026032
lipid,C50H99O12P,50,99,12,0,0,1,1.98,0.24,0.0,0.0,0.02,0.0,0.19543942063026032
lipid,C39H73O22P,39,73,22,0,0,1,1.8717948717948718,0.5641025641025641,0.0,0.0,0.02564102564102564,0.0,0.19543942063026032
lipid,C45H82O15P2,45,82,15,0,0,2,1.8222222222222222,0.3333333333333333,0.0,0.0,0.044444444444444446,0.0,0.19543942063026032
lipid,C50H85O13P,50,85,13,0,0,1,1.7,0.26,0.0,0.0,0.02,0.0,0.19543942063026032
lipid,C51H89O12P,51,89,12,0,0,1,1.7450980392156863,0.23529411764705882,0.0,0.0,0.0196078431372549,0.0,0.19543942063026032
lipid,C51H95O12P,51,95,12,0,0,1,1.8627450980392157,0.23529411764705882,0.0,0.0,0.0196078431372549,0.0,0.19543942063026032
lipid,C54H104NO8P,54,104,8,1,0,1,1.9259259259259258,0.14814814814814814,0.018518518518518517,0.0,0.018518518518518517,1.0,0.19543942063026032
lipid,C51H91O12P,51,91,12,0,0,1,1.7843137254901962,0.23529411764705882,0.0,0.0,0.0196078431372549,0.0,0.19543942063026032
lipid,C54H106NO8P,54,106,8,1,0,1,1.962962962962963,0.14814814814814814,0.018518518518518517,0.0,0.018518518518518517,1.0,0.19543942063026032
lipid,C51H77O13P,51,77,13,0,0,1,1.5098039215686274,0.2549019607843137,0.0,0.0,0.0196078431372549,0.0,0.19543942063026032
lipid,C50H89O13P,50,89,13,0,0,1,1.78,0.26,0.0,0.0,0.02,0.0,0.19543942063026032
lipid,C51H93O12P,51,93,12,0,0,1,1.8235294117647058,0.23529411764705882,0.0,0.0,0.0196078431372549,0.0,0.19543942063026032
lipid,C54H108NO8P,54,108,8,1,0,1,2.0,0.14814814814814814,0.018518518518518517,0.0,0.018518518518518517,1.0,0.19543942063026032
lipid,C51H79O13P,51,79,13,0,0,1,1.5490196078431373,0.2549019607843137,0.0,0.0,0.0196078431372549,0.0,0.19543942063026032
lipid,C50H87O13P,50,87,13,0,0,1,1.74,0.26,0.0,0.0,0.02,0.0,0.19543942063026032
lipid,C48H81O13P,48,81,13,0,0,1,1.6875,0.2708333333333333,0.0,0.0,0.020833333333333332,0.0,0.19543942063026032
lipid,C37H69O22P,37,69,22,0,0,1,1.864864864864865,0.5945945945945946,0.0,0.0,0.02702702702702703,0.0,0.19543942063026032
lipid,C52H98NO8P,52,98,8,1,0,1,1.8846153846153846,0.15384615384615385,0.019230769230769232,0.0,0.019230769230769232,1.0,0.19543942063026032
lipid,C48H93O11P,48,93,11,0,0,1,1.9375,0.22916666666666666,0.0,0.0,0.020833333333333332,0.0,0.19543942063026032
lipid,C49H97O8PS,49,97,8,0,1,1,1.9795918367346939,0.16326530612244897,0.0,0.02040816326530612,0.02040816326530612,0.0,0.19543942063026032
lipid,C49H97O10P,49,97,10,0,0,1,1.9795918367346939,0.20408163265306123,0.0,0.0,0.02040816326530612,0.0,0.19543942063026032
lipid,C52H80NO8P,52,80,8,1,0,1,1.5384615384615385,0.15384615384615385,0.019230769230769232,0.0,0.019230769230769232,1.0,0.19543942063026032
lipid,C49H84NO10P,49,84,10,1,0,1,1.7142857142857142,0.20408163265306123,0.02040816326530612,0.0,0.02040816326530612,1.0,0.19543942063026032
lipid,C52H96NO7P,52,96,7,1,0,1,1.8461538461538463,0.1346153846153846,0.019230769230769232,0.0,0.019230769230769232,1.0,0.19543942063026032
lipid,C47H75O13P,47,75,13,0,0,1,1.5957446808510638,0.2765957446808511,0.0,0.0,0.02127659574468085,0.0,0.19543942063026032
lipid,C47H89O12P,47,89,12,0,0,1,1.8936170212765957,0.2553191489361702,0.0,0.0,0.02127659574468085,0.0,0.19543942063026032
lipid,C46H87O13P,46,87,13,0,0,1,1.891304347826087,0.2826086956521739,0.0,0.0,0.021739130434782608,0.0,0.19543942063026032
lipid,C47H91O12P,47,91,12,0,0,1,1.9361702127659575,0.2553191489361702,0.0,0.0,0.02127659574468085,0.0,0.19543942063026032
lipid,C50H74NO10P,50,74,10,1,0,1,1.48,0.2,0.02,0.0,0.02,1.0,0.19543942063026032
lipid,C51H94NO8P,51,94,8,1,0,1,1.8431372549019607,0.1568627450980392,0.0196078431372549,0.0,0.0196078431372549,1.0,0.19543942063026032
lipid,C52H98NO7P,52,98,7,1,0,1,1.8846153846153846,0.1346153846153846,0.019230769230769232,0.0,0.019230769230769232,1.0,0.19543942063026032
lipid,C47H77O13P,47,77,13,0,0,1,1.6382978723404256,0.2765957446808511,0.0,0.0,0.02127659574468085,0.0,0.19543942063026032
lipid,C46H89O13P,46,89,13,0,0,1,1.934782608695652,0.2826086956521739,0.0,0.0,0.021739130434782608,0.0,0.19543942063026032
lipid,C50H89O10P,50,89,10,0,0,1,1.78,0.2,0.0,0.0,0.02,0.0,0.19543942063026032
lipid,C50H87O10P,50,87,10,0,0,1,1.74,0.2,0.0,0.0,0.02,0.0,0.19543942063026032
lipid,C47H93O12P,47,93,12,0,0,1,1.9787234042553192,0.2553191489361702,0.0,0.0,0.02127659574468085,0.0,0.19543942063026032
lipid,C50H85O10P,50,85,10,0,0,1,1.7,0.2,0.0,0.0,0.02,0.0,0.19543942063026032
lipid,C47H73O13P,47,73,13,0,0,1,1.553191489361702,0.2765957446808511,0.0,0.0,0.02127659574468085,0.0,0.19543942063026032
lipid,C46H79O13P,46,79,13,0,0,1,1.7173913043478262,0.2826086956521739,0.0,0.0,0.021739130434782608,0.0,0.19543942063026032
lipid,C50H79O10P,50,79,10,0,0,1,1.58,0.2,0.0,0.0,0.02,0.0,0.19543942063026032
lipid,C47H83O12P,47,83,12,0,0,1,1.7659574468085106,0.2553191489361702,0.0,0.0,0.02127659574468085,0.0,0.19543942063026032
lipid,C48H90NO10P,48,90,10,1,0,1,1.875,0.20833333333333334,0.020833333333333332,0.0,0.020833333333333332,1.0,0.19543942063026032
lipid,C50H98NO8P,50,98,8,1,0,1,1.96,0.16,0.02,0.0,0.02,1.0,0.19543942063026032
lipid,C46H81O13P,46,81,13,0,0,1,1.7608695652173914,0.2826086956521739,0.0,0.0,0.021739130434782608,0.0,0.19543942063026032
lipid,C47H85O12P,47,85,12,0,0,1,1.8085106382978724,0.2553191489361702,0.0,0.0,0.02127659574468085,0.0,0.19543942063026032
lipid,C46H85O13P,46,85,13,0,0,1,1.8478260869565217,0.2826086956521739,0.0,0.0,0.021739130434782608,0.0,0.19543942063026032
lipid,C49H93O10P,49,93,10,0,0,1,1.8979591836734695,0.20408163265306123,0.0,0.0,0.02040816326530612,0.0,0.19543942063026032
lipid,C50H100NO8P,50,100,8,1,0,1,2.0,0.16,0.02,0.0,0.02,1.0,0.19543942063026032
lipid,C46H83O13P,46,83,13,0,0,1,1.8043478260869565,0.2826086956521739,0.0,0.0,0.021739130434782608,0.0,0.19543942063026032
lipid,C50H83O10P,50,83,10,0,0,1,1.66,0.2,0.0,0.0,0.02,0.0,0.19543942063026032
lipid,C47H87O12P,47,87,12,0,0,1,1.851063829787234,0.2553191489361702,0.0,0.0,0.02127659574468085,0.0,0.19543942063026032
lipid,C49H95O10P,49,95,10,0,0,1,1.9387755102040816,0.20408163265306123,0.0,0.0,0.02040816326530612,0.0,0.19543942063026032
lipid,C51H90NO8P,51,90,8,1,0,1,1.7647058823529411,0.1568627450980392,0.0196078431372549,0.0,0.0196078431372549,1.0,0.19543942063026032
lipid,C48H94NO10P,48,94,10,1,0,1,1.9583333333333333,0.20833333333333334,0.020833333333333332,0.0,0.020833333333333332,1.0,0.19543942063026032
lipid,C48H92NO10P,48,92,10,1,0,1,1.9166666666666667,0.20833333333333334,0.020833333333333332,0.0,0.020833333333333332,1.0,0.19543942063026032
lipid,C48H88NO10P,48,88,10,1,0,1,1.8333333333333333,0.20833333333333334,0.020833333333333332,0.0,0.020833333333333332,1.0,0.19543942063026032
lipid,C52H84NO8P,52,84,8,1,0,1,1.6153846153846154,0.15384615384615385,0.019230769230769232,0.0,0.019230769230769232,1.0,0.19543942063026032
lipid,C52H100NO7P,52,100,7,1,0,1,1.9230769230769231,0.1346153846153846,0.019230769230769232,0.0,0.019230769230769232,1.0,0.19543942063026032
lipid,C49H96NO10P,49,96,10,1,0,1,1.9591836734693877,0.20408163265306123,0.02040816326530612,0.0,0.02040816326530612,1.0,0.19543942063026032
lipid,C47H87O13P,47,87,13,0,0,1,1.851063829787234,0.2765957446808511,0.0,0.0,0.02127659574468085,0.0,0.19543942063026032
lipid,C48H91O12P,48,91,12,0,0,1,1.8958333333333333,0.25,0.0,0.0,0.020833333333333332,0.0,0.19543942063026032
lipid,C50H99O10P,50,99,10,0,0,1,1.98,0.2,0.0,0.0,0.02,0.0,0.19543942063026032
lipid,C50H86NO10P,50,86,10,1,0,1,1.72,0.2,0.02,0.0,0.02,1.0,0.19543942063026032
lipid,C52H94NO8P,52,94,8,1,0,1,1.8076923076923077,0.15384615384615385,0.019230769230769232,0.0,0.019230769230769232,1.0,0.19543942063026032
lipid,C48H77O13P,48,77,13,0,0,1,1.6041666666666667,0.2708333333333333,0.0,0.0,0.020833333333333332,0.0,0.19543942063026032
lipid,C52H92NO8P,52,92,8,1,0,1,1.7692307692307692,0.15384615384615385,0.019230769230769232,0.0,0.019230769230769232,1.0,0.19543942063026032
lipid,C47H89O13P,47,89,13,0,0,1,1.8936170212765957,0.2765957446808511,0.0,0.0,0.02127659574468085,0.0,0.19543942063026032
lipid,C50H88NO10P,50,88,10,1,0,1,1.76,0.2,0.02,0.0,0.02,1.0,0.19543942063026032
lipid,C52H96NO8P,52,96,8,1,0,1,1.8461538461538463,0.15384615384615385,0.019230769230769232,0.0,0.019230769230769232,1.0,0.19543942063026032
lipid,C48H79O13P,48,79,13,0,0,1,1.6458333333333333,0.2708333333333333,0.0,0.0,0.020833333333333332,0.0,0.19543942063026032
lipid,C49H83O12P,49,83,12,0,0,1,1.6938775510204083,0.24489795918367346,0.0,0.0,0.02040816326530612,0.0,0.19543942063026032
lipid,C47H91O13P,47,91,13,0,0,1,1.9361702127659575,0.2765957446808511,0.0,0.0,0.02127659574468085,0.0,0.19543942063026032
lipid,C48H95O12P,48,95,12,0,0,1,1.9791666666666667,0.25,0.0,0.0,0.020833333333333332,0.0,0.19543942063026032
lipid,C50H90NO10P,50,90,10,1,0,1,1.8,0.2,0.02,0.0,0.02,1.0,0.19543942063026032
lipid,C48H93O12P,48,93,12,0,0,1,1.9375,0.25,0.0,0.0,0.020833333333333332,0.0,0.19543942063026032
lipid,C49H88NO10P,49,88,10,1,0,1,1.7959183673469388,0.20408163265306123,0.02040816326530612,0.0,0.02040816326530612,1.0,0.19543942063026032
lipid,C50H84NO10P,50,84,10,1,0,1,1.68,0.2,0.02,0.0,0.02,1.0,0.19543942063026032
lipid,C47H85O13P,47,85,13,0,0,1,1.8085106382978724,0.2765957446808511,0.0,0.0,0.02127659574468085,0.0,0.19543942063026032
lipid,C47H79O13P,47,79,13,0,0,1,1.6808510638297873,0.2765957446808511,0.0,0.0,0.02127659574468085,0.0,0.19543942063026032
lipid,C50H91O10P,50,91,10,0,0,1,1.82,0.2,0.0,0.0,0.02,0.0,0.19543942063026032
lipid,C50H78NO10P,50,78,10,1,0,1,1.56,0.2,0.02,0.0,0.02,1.0,0.19543942063026032
lipid,C51H98NO8P,51,98,8,1,0,1,1.9215686274509804,0.1568627450980392,0.0196078431372549,0.0,0.0196078431372549,1.0,0.19543942063026032
lipid,C47H81O13P,47,81,13,0,0,1,1.7234042553191489,0.2765957446808511,0.0,0.0,0.02127659574468085,0.0,0.19543942063026032
lipid,C50H93O10P,50,93,10,0,0,1,1.86,0.2,0.0,0.0,0.02,0.0,0.19543942063026032
lipid,C52H88NO8P,52,88,8,1,0,1,1.6923076923076923,0.15384615384615385,0.019230769230769232,0.0,0.019230769230769232,1.0,0.19543942063026032
lipid,C50H97O10P,50,97,10,0,0,1,1.94,0.2,0.0,0.0,0.02,0.0,0.19543942063026032
lipid,C49H92NO10P,49,92,10,1,0,1,1.8775510204081634,0.20408163265306123,0.02040816326530612,0.0,0.02040816326530612,1.0,0.19543942063026032
lipid,C47H83O13P,47,83,13,0,0,1,1.7659574468085106,0.2765957446808511,0.0,0.0,0.02127659574468085,0.0,0.19543942063026032
lipid,C46H95O11PS,46,95,11,0,1,1,2.0652173913043477,0.2391304347826087,0.0,0.021739130434782608,0.021739130434782608,0.0,0.19543942063026032
lipid,C50H95O10P,50,95,10,0,0,1,1.9,0.2,0.0,0.0,0.02,0.0,0.19543942063026032
lipid,C50H82NO10P,50,82,10,1,0,1,1.64,0.2,0.02,0.0,0.02,1.0,0.19543942063026032
lipid,C52H90NO8P,52,90,8,1,0,1,1.7307692307692308,0.15384615384615385,0.019230769230769232,0.0,0.019230769230769232,1.0,0.19543942063026032
lipid,C49H94NO10P,49,94,10,1,0,1,1.9183673469387754,0.20408163265306123,0.02040816326530612,0.0,0.02040816326530612,1.0,0.19543942063026032
lipid,C51H102NO8P,51,102,8,1,0,1,2.0,0.1568627450980392,0.0196078431372549,0.0,0.0196078431372549,1.0,0.19543942063026032
lipid,C51H100NO8P,51,100,8,1,0,1,1.9607843137254901,0.1568627450980392,0.0196078431372549,0.0,0.0196078431372549,1.0,0.19543942063026032
lipid,C53H96O6,53,96,6,0,0,0,1.8113207547169812,0.11320754716981132,0.0,0.0,0.0,,0.19543942063026032
lipid,C48H90O6,48,90,6,0,0,0,1.875,0.125,0.0,0.0,0.0,,0.19543942063026032
lipid,C53H98O6,53,98,6,0,0,0,1.849056603773585,0.11320754716981132,0.0,0.0,0.0,,0.19543942063026032
lipid,C10H21NO2,10,21,2,1,0,0,2.1,0.2,0.1,0.0,0.0,inf,0.19543942063026032
lipid,C7H8O6,7,8,6,0,0,0,1.1428571428571428,0.8571428571428571,0.0,0.0,0.0,,0.19543942063026032
lipid,C12H12O2,12,12,2,0,0,0,1.0,0.16666666666666666,0.0,0.0,0.0,,0.19543942063026032
lipid,C9H16O4,9,16,4,0,0,0,1.7777777777777777,0.4444444444444444,0.0,0.0,0.0,,0.19543942063026032
lipid,C13H16O,13,16,1,0,0,0,1.2307692307692308,0.07692307692307693,0.0,0.0,0.0,,0.19543942063026032
lipid,C10H20O3,10,20,3,0,0,0,2.0,0.3,0.0,0.0,0.0,,0.19543942063026032
lipid,C9H20N2O2,9,20,2,2,0,0,2.2222222222222223,0.2222222222222222,0.2222222222222222,0.0,0.0,inf,0.19543942063026032
lipid,C10H6O4,10,6,4,0,0,0,0.6,0.4,0.0,0.0,0.0,,0.19543942063026032
lipid,C7H10O6,7,10,6,0,0,0,1.4285714285714286,0.8571428571428571,0.0,0.0,0.0,,0.19543942063026032
lipid,C11H10O3,11,10,3,0,0,0,0.9090909090909091,0.2727272727272727,0.0,0.0,0.0,,0.19543942063026032
lipid,C8H14O3S,8,14,3,0,1,0,1.75,0.375,0.0,0.125,0.0,,0.19543942063026032
lipid,C8H14O5,8,14,5,0,0,0,1.75,0.625,0.0,0.0,0.0,,0.19543942063026032
lipid,C7H14N2O4,7,14,4,2,0,0,2.0,0.5714285714285714,0.2857142857142857,0.0,0.0,inf,0.19543942063026032
lipid,C12H14O2,12,14,2,0,0,0,1.1666666666666667,0.16666666666666666,0.0,0.0,0.0,,0.19543942063026032
lipid,C9H18O2S,9,18,2,0,1,0,2.0,0.2222222222222222,0.0,0.1111111111111111,0.0,,0.19543942063026032
lipid,C9H17NO3,9,17,3,1,0,0,1.8888888888888888,0.3333333333333333,0.1111111111111111,0.0,0.0,inf,0.19543942063026032
lipid,C8H13NO4,8,13,4,1,0,0,1.625,0.5,0.125,0.0,0.0,inf,0.19543942063026032
lipid,C12H26O,12,26,1,0,0,0,2.1666666666666665,0.08333333333333333,0.0,0.0,0.0,,0.19543942063026032
lipid,C11H22O2,11,22,2,0,0,0,2.0,0.18181818181818182,0.0,0.0,0.0,,0.19543942063026032
lipid,C12H20O,12,20,1,0,0,0,1.6666666666666667,0.08333333333333333,0.0,0.0,0.0,,0.19543942063026032
lipid,C11H19NO,11,19,1,1,0,0,1.7272727272727273,0.09090909090909091,0.09090909090909091,0.0,0.0,inf,0.19543942063026032
lipid,C10H14O3,10,14,3,0,0,0,1.4,0.3,0.0,0.0,0.0,,0.19543942063026032
lipid,C11H18O2,11,18,2,0,0,0,1.6363636363636365,0.18181818181818182,0.0,0.0,0.0,,0.19543942063026032
lipid,C12H22O,12,22,1,0,0,0,1.8333333333333333,0.08333333333333333,0.0,0.0,0.0,,0.19543942063026032
lipid,C13H26,13,26,0,0,0,0,2.0,0.0,0.0,0.0,0.0,,0.19543942063026032
lipid,C9H12O4,9,12,4,0,0,0,1.3333333333333333,0.4444444444444444,0.0,0.0,0.0,,0.19543942063026032
lipid,C10H19FO2,10,19,2,0,0,0,1.9,0.2,0.0,0.0,0.0,,0.19543942063026032
lipid,C10H16O3,10,16,3,0,0,0,1.6,0.3,0.0,0.0,0.0,,0.19543942063026032
lipid,C12H24O,12,24,1,0,0,0,2.0,0.08333333333333333,0.0,0.0,0.0,,0.19543942063026032
lipid,C13H28,13,28,0,0,0,0,2.1538461538461537,0.0,0.0,0.0,0.0,,0.19543942063026032
lipid,C8H11NO4,8,11,4,1,0,0,1.375,0.5,0.125,0.0,0.0,inf,0.19543942063026032
lipid,C9H15NO3,9,15,3,1,0,0,1.6666666666666667,0.3333333333333333,0.1111111111111111,0.0,0.0,inf,0.19543942063026032
lipid,C2H3IO2,2,3,2,0,0,0,1.5,1.0,0.0,0.0,0.0,,0.19543942063026032
lipid,C7H6O6,7,6,6,0,0,0,0.8571428571428571,0.8571428571428571,0.0,0.0,0.0,,0.19543942063026032
lipid,C10H18O3,10,18,3,0,0,0,1.8,0.3,0.0,0.0,0.0,,0.19543942063026032
lipid,C11H20O2,11,20,2,0,0,0,1.8181818181818181,0.18181818181818182,0.0,0.0,0.0,,0.19543942063026032
lipid,C14H22,14,22,0,0,0,0,1.5714285714285714,0.0,0.0,0.0,0.0,,0.19543942063026032
lipid,C7H13NO5,7,13,5,1,0,0,1.8571428571428572,0.7142857142857143,0.14285714285714285,0.0,0.0,inf,0.19543942063026032
lipid,C10H8O2S,10,8,2,0,1,0,0.8,0.2,0.0,0.1,0.0,,0.19543942063026032
lipid,C13H10S,13,10,0,0,1,0,0.7692307692307693,0.0,0.0,0.07692307692307693,0.0,,0.19543942063026032
lipid,C13H10O2,13,10,2,0,0,0,0.7692307692307693,0.15384615384615385,0.0,0.0,0.0,,0.19543942063026032
lipid,C15H18,15,18,0,0,0,0,1.2,0.0,0.0,0.0,0.0,,0.19543942063026032
lipid,C12H22O2,12,22,2,0,0,0,1.8333333333333333,0.16666666666666666,0.0,0.0,0.0,,0.19543942063026032
lipid,C13H26O,13,26,1,0,0,0,2.0,0.07692307692307693,0.0,0.0,0.0,,0.19543942063026032
lipid,C14H30,14,30,0,0,0,0,2.142857142857143,0.0,0.0,0.0,0.0,,0.19543942063026032
lipid,C9H13NO4,9,13,4,1,0,0,1.4444444444444444,0.4444444444444444,0.1111111111111111,0.0,0.0,inf,0.19543942063026032
lipid,C3H3IO2,3,3,2,0,0,0,1.0,0.6666666666666666,0.0,0.0,0.0,,0.19543942063026032
lipid,C10H17NO3,10,17,3,1,0,0,1.7,0.3,0.1,0.0,0.0,inf,0.19543942063026032
lipid,C8H8O2S2,8,8,2,0,2,0,1.0,0.25,0.0,0.25,0.0,,0.19543942063026032
lipid,C8H8O6,8,8,6,0,0,0,1.0,0.75,0.0,0.0,0.0,,0.19543942063026032
lipid,C13H12O2,13,12,2,0,0,0,0.9230769230769231,0.15384615384615385,0.0,0.0,0.0,,0.19543942063026032
lipid,C10H16O4,10,16,4,0,0,0,1.6,0.4,0.0,0.0,0.0,,0.19543942063026032
lipid,C11H20O3,11,20,3,0,0,0,1.8181818181818181,0.2727272727272727,0.0,0.0,0.0,,0.19543942063026032
lipid,C11H22NO2,11,22,2,1,0,0,2.0,0.18181818181818182,0.09090909090909091,0.0,0.0,inf,0.19543942063026032
lipid,C12H24O2,12,24,2,0,0,0,2.0,0.16666666666666666,0.0,0.0,0.0,,0.19543942063026032
lipid,C12H25NO,12,25,1,1,0,0,2.0833333333333335,0.08333333333333333,0.08333333333333333,0.0,0.0,inf,0.19543942063026032
lipid,C11H16O2,11,16,2,0,0,0,1.4545454545454546,0.18181818181818182,0.0,0.0,0.0,,0.19543942063026032
lipid,C14H28,14,28,0,0,0,0,2.0,0.0,0.0,0.0,0.0,,0.19543942063026032
lipid,C12H20O2,12,20,2,0,0,0,1.6666666666666667,0.16666666666666666,0.0,0.0,0.0,,0.19543942063026032
lipid,C6H8O7,6,8,7,0,0,0,1.3333333333333333,1.1666666666666667,0.0,0.0,0.0,,0.19543942063026032
lipid,C10H8O4,10,8,4,0,0,0,0.8,0.4,0.0,0.0,0.0,,0.19543942063026032
lipid,C12H16O2,12,16,2,0,0,0,1.3333333333333333,0.16666666666666666,0.0,0.0,0.0,,0.19543942063026032
lipid,C13H20O,13,20,1,0,0,0,1.5384615384615385,0.07692307692307693,0.0,0.0,0.0,,0.19543942063026032
lipid,C14H24,14,24,0,0,0,0,1.7142857142857142,0.0,0.0,0.0,0.0,,0.19543942063026032
lipid,C12H19NO,12,19,1,1,0,0,1.5833333333333333,0.08333333333333333,0.08333333333333333,0.0,0.0,inf,0.19543942063026032
lipid,C5H11O3As,5,11,3,0,0,0,2.2,0.6,0.0,0.0,0.0,,0.19543942063026032
lipid,C13H24O,13,24,1,0,0,0,1.8461538461538463,0.07692307692307693,0.0,0.0,0.0,,0.19543942063026032
lipid,C10H10S2,10,10,0,0,2,0,1.0,0.0,0.0,0.2,0.0,,0.19543942063026032
lipid,C10H10O4,10,10,4,0,0,0,1.0,0.4,0.0,0.0,0.0,,0.19543942063026032
lipid,C12H18O2,12,18,2,0,0,0,1.5,0.16666666666666666,0.0,0.0,0.0,,0.19543942063026032
lipid,C13H22O,13,22,1,0,0,0,1.6923076923076923,0.07692307692307693,0.0,0.0,0.0,,0.19543942063026032
lipid,C4H5O4Br,4,5,4,0,0,0,1.25,1.0,0.0,0.0,0.0,,0.19543942063026032
lipid,C9H8OS2,9,8,1,0,2,0,0.8888888888888888,0.1111111111111111,0.0,0.2222222222222222,0.0,,0.19543942063026032
lipid,C13H8S,13,8,0,0,1,0,0.6153846153846154,0.0,0.0,0.07692307692307693,0.0,,0.19543942063026032
lipid,C11H16O3,11,16,3,0,0,0,1.4545454545454546,0.2727272727272727,0.0,0.0,0.0,,0.19543942063026032
lipid,C6H10O7,6,10,7,0,0,0,1.6666666666666667,1.1666666666666667,0.0,0.0,0.0,,0.19543942063026032
lipid,C10H12O3,10,12,3,0,0,0,1.2,0.3,0.0,0.0,0.0,,0.19543942063026032
lipid,C6H12O6,6,12,6,0,0,0,2.0,1.0,0.0,0.0,0.0,,0.19543942063026032
lipid,C9H8S2,9,8,0,0,2,0,0.8888888888888888,0.0,0.0,0.2222222222222222,0.0,,0.19543942063026032
lipid,C6H10O5,6,10,5,0,0,0,1.6666666666666667,0.8333333333333334,0.0,0.0,0.0,,0.19543942063026032
lipid,C10H10O2,10,10,2,0,0,0,1.0,0.2,0.0,0.0,0.0,,0.19543942063026032
lipid,C7H14O2S,7,14,2,0,1,0,2.0,0.2857142857142857,0.0,0.14285714285714285,0.0,,0.19543942063026032
lipid,C11H14O,11,14,1,0,0,0,1.2727272727272727,0.09090909090909091,0.0,0.0,0.0,,0.19543942063026032
lipid,C6H13NO2S,6,13,2,1,1,0,2.1666666666666665,0.3333333333333333,0.16666666666666666,0.16666666666666666,0.0,inf,0.19543942063026032
lipid,C4H5BrO2,4,5,2,0,0,0,1.25,0.5,0.0,0.0,0.0,,0.19543942063026032
lipid,C9H8OS,9,8,1,0,1,0,0.8888888888888888,0.1111111111111111,0.0,0.1111111111111111,0.0,,0.19543942063026032
lipid,C13H6,13,6,0,0,0,0,0.46153846153846156,0.0,0.0,0.0,0.0,,0.19543942063026032
lipid,C9H8O3,9,8,3,0,0,0,0.8888888888888888,0.3333333333333333,0.0,0.0,0.0,,0.19543942063026032
lipid,C10H12O2,10,12,2,0,0,0,1.2,0.2,0.0,0.0,0.0,,0.19543942063026032
lipid,C11H16O,11,16,1,0,0,0,1.4545454545454546,0.09090909090909091,0.0,0.0,0.0,,0.19543942063026032
lipid,C12H20,12,20,0,0,0,0,1.6666666666666667,0.0,0.0,0.0,0.0,,0.19543942063026032
lipid,C4H7BrO2,4,7,2,0,0,0,1.75,0.5,0.0,0.0,0.0,,0.19543942063026032
lipid,C8H6S2,8,6,0,0,2,0,0.75,0.0,0.0,0.25,0.0,,0.19543942063026032
lipid,C6H14O5,6,14,5,0,0,0,2.3333333333333335,0.8333333333333334,0.0,0.0,0.0,,0.19543942063026032
lipid,C10H14O2,10,14,2,0,0,0,1.4,0.2,0.0,0.0,0.0,,0.19543942063026032
lipid,C6H12O5,6,12,5,0,0,0,2.0,0.8333333333333334,0.0,0.0,0.0,,0.19543942063026032
lipid,C11H18O,11,18,1,0,0,0,1.6363636363636365,0.09090909090909091,0.0,0.0,0.0,,0.19543942063026032
lipid,C7H11ClO2,7,11,2,0,0,0,1.5714285714285714,0.2857142857142857,0.0,0.0,0.0,,0.19543942063026032
lipid,C8H16O3,8,16,3,0,0,0,2.0,0.375,0.0,0.0,0.0,,0.19543942063026032
lipid,C11H24,11,24,0,0,0,0,2.1818181818181817,0.0,0.0,0.0,0.0,,0.19543942063026032
lipid,C6H7NO4,6,7,4,1,0,0,1.1666666666666667,0.6666666666666666,0.16666666666666666,0.0,0.0,inf,0.19543942063026032
lipid,C8H15NO2,8,15,2,1,0,0,1.875,0.25,0.125,0.0,0.0,inf,0.19543942063026032
lipid,C6H6O5,6,6,5,0,0,0,1.0,0.8333333333333334,0.0,0.0,0.0,,0.19543942063026032
lipid,C10H6O2,10,6,2,0,0,0,0.6,0.2,0.0,0.0,0.0,,0.19543942063026032
lipid,C7H10O4,7,10,4,0,0,0,1.4285714285714286,0.5714285714285714,0.0,0.0,0.0,,0.19543942063026032
lipid,C8H14O3,8,14,3,0,0,0,1.75,0.375,0.0,0.0,0.0,,0.19543942063026032
lipid,C6H11NO4,6,11,4,1,0,0,1.8333333333333333,0.6666666666666666,0.16666666666666666,0.0,0.0,inf,0.19543942063026032
lipid,C9H18O2,9,18,2,0,0,0,2.0,0.2222222222222222,0.0,0.0,0.0,,0.19543942063026032
lipid,C6H9NO4,6,9,4,1,0,0,1.5,0.6666666666666666,0.16666666666666666,0.0,0.0,inf,0.19543942063026032
lipid,C7H13NO3,7,13,3,1,0,0,1.8571428571428572,0.42857142857142855,0.14285714285714285,0.0,0.0,inf,0.19543942063026032
lipid,C8H17NO2,8,17,2,1,0,0,2.125,0.25,0.125,0.0,0.0,inf,0.19543942063026032
lipid,C6H8O5,6,8,5,0,0,0,1.3333333333333333,0.8333333333333334,0.0,0.0,0.0,,0.19543942063026032
lipid,C10H8O2,10,8,2,0,0,0,0.8,0.2,0.0,0.0,0.0,,0.19543942063026032
lipid,C7H12O4,7,12,4,0,0,0,1.7142857142857142,0.5714285714285714,0.0,0.0,0.0,,0.19543942063026032
lipid,C11H12O,11,12,1,0,0,0,1.0909090909090908,0.09090909090909091,0.0,0.0,0.0,,0.19543942063026032
lipid,C10H22O,10,22,1,0,0,0,2.2,0.1,0.0,0.0,0.0,,0.19543942063026032
lipid,C13H28O,13,28,1,0,0,0,2.1538461538461537,0.07692307692307693,0.0,0.0,0.0,,0.19543942063026032
lipid,C8H8O2S,8,8,2,0,1,0,1.0,0.25,0.0,0.125,0.0,,0.19543942063026032
lipid,C10H16O2,10,16,2,0,0,0,1.6,0.2,0.0,0.0,0.0,,0.19543942063026032
lipid,C9H20NO2,9,20,2,1,0,0,2.2222222222222223,0.2222222222222222,0.1111111111111111,0.0,0.0,inf,0.19543942063026032
lipid,C10H22O2,10,22,2,0,0,0,2.2,0.2,0.0,0.0,0.0,,0.19543942063026032
lipid,C6H9NO5,6,9,5,1,0,0,1.5,0.8333333333333334,0.16666666666666666,0.0,0.0,inf,0.19543942063026032
lipid,C54H86O6,54,86,6,0,0,0,1.5925925925925926,0.1111111111111111,0.0,0.0,0.0,,0.19543942063026032
lipid,C6H8O6,6,8,6,0,0,0,1.3333333333333333,1.0,0.0,0.0,0.0,,0.19543942063026032
lipid,C10H8O3,10,8,3,0,0,0,0.8,0.3,0.0,0.0,0.0,,0.19543942063026032
lipid,C7H12O5,7,12,5,0,0,0,1.7142857142857142,0.7142857142857143,0.0,0.0,0.0,,0.19543942063026032
lipid,C9H18O3,9,18,3,0,0,0,2.0,0.3333333333333333,0.0,0.0,0.0,,0.19543942063026032
lipid,C11H12O2,11,12,2,0,0,0,1.0909090909090908,0.18181818181818182,0.0,0.0,0.0,,0.19543942063026032
lipid,C8H16O4,8,16,4,0,0,0,2.0,0.5,0.0,0.0,0.0,,0.19543942063026032
lipid,C13H20,13,20,0,0,0,0,1.5384615384615385,0.0,0.0,0.0,0.0,,0.19543942063026032
lipid,C6H10O6,6,10,6,0,0,0,1.6666666666666667,1.0,0.0,0.0,0.0,,0.19543942063026032
lipid,C10H10O3,10,10,3,0,0,0,1.0,0.3,0.0,0.0,0.0,,0.19543942063026032
lipid,C11H14O2,11,14,2,0,0,0,1.2727272727272727,0.18181818181818182,0.0,0.0,0.0,,0.19543942063026032
lipid,C13H22,13,22,0,0,0,0,1.6923076923076923,0.0,0.0,0.0,0.0,,0.19543942063026032
lipid,C4H9O3As,4,9,3,0,0,0,2.25,0.75,0.0,0.0,0.0,,0.19543942063026032
lipid,C8H16O2S,8,16,2,0,1,0,2.0,0.25,0.0,0.125,0.0,,0.19543942063026032
lipid,C9H12O3,9,12,3,0,0,0,1.3333333333333333,0.3333333333333333,0.0,0.0,0.0,,0.19543942063026032
lipid,C12H14O,12,14,1,0,0,0,1.1666666666666667,0.08333333333333333,0.0,0.0,0.0,,0.19543942063026032
lipid,C11H10O2,11,10,2,0,0,0,0.9090909090909091,0.18181818181818182,0.0,0.0,0.0,,0.19543942063026032
lipid,C11H20O,11,20,1,0,0,0,1.8181818181818181,0.09090909090909091,0.0,0.0,0.0,,0.19543942063026032
lipid,C12H24,12,24,0,0,0,0,2.0,0.0,0.0,0.0,0.0,,0.19543942063026032
lipid,C9H14O3,9,14,3,0,0,0,1.5555555555555556,0.3333333333333333,0.0,0.0,0.0,,0.19543942063026032
lipid,C10H18O2,10,18,2,0,0,0,1.8,0.2,0.0,0.0,0.0,,0.19543942063026032
lipid,C11H22O,11,22,1,0,0,0,2.0,0.09090909090909091,0.0,0.0,0.0,,0.19543942063026032
lipid,C12H26,12,26,0,0,0,0,2.1666666666666665,0.0,0.0,0.0,0.0,,0.19543942063026032
lipid,C8H13NO3,8,13,3,1,0,0,1.625,0.375,0.125,0.0,0.0,inf,0.19543942063026032
lipid,C8H14O4,8,14,4,0,0,0,1.75,0.5,0.0,0.0,0.0,,0.19543942063026032
lipid,C10H21NO,10,21,1,1,0,0,2.1,0.1,0.1,0.0,0.0,inf,0.19543942063026032
lipid,C11H8O2,11,8,2,0,0,0,0.7272727272727273,0.18181818181818182,0.0,0.0,0.0,,0.19543942063026032
lipid,C8H12O4,8,12,4,0,0,0,1.5,0.5,0.0,0.0,0.0,,0.19543942063026032
lipid,C9H16O3,9,16,3,0,0,0,1.7777777777777777,0.3333333333333333,0.0,0.0,0.0,,0.19543942063026032
lipid,C10H20O2,10,20,2,0,0,0,2.0,0.2,0.0,0.0,0.0,,0.19543942063026032
lipid,C11H24O,11,24,1,0,0,0,2.1818181818181817,0.09090909090909091,0.0,0.0,0.0,,0.19543942063026032
lipid,C9H19NO2,9,19,2,1,0,0,2.111111111111111,0.2222222222222222,0.1111111111111111,0.0,0.0,inf,0.19543942063026032
lipid,C7H10O5,7,10,5,0,0,0,1.4285714285714286,0.7142857142857143,0.0,0.0,0.0,,0.19543942063026032
lipid,C2H2BrClO2,2,2,2,0,0,0,1.0,1.0,0.0,0.0,0.0,,0.19543942063026032
lipid,C10H20O,10,20,1,0,0,0,2.0,0.1,0.0,0.0,0.0,,0.19543942063026032
lipid,C9H15NO4,9,15,4,1,0,0,1.6666666666666667,0.4444444444444444,0.1111111111111111,0.0,0.0,inf,0.19543942063026032
lipid,C7H6O7,7,6,7,0,0,0,0.8571428571428571,1.0,0.0,0.0,0.0,,0.19543942063026032
lipid,C11H19NO4,11,19,4,1,0,0,1.7272727272727273,0.36363636363636365,0.09090909090909091,0.0,0.0,inf,0.19543942063026032
lipid,C15H19NO,15,19,1,1,0,0,1.2666666666666666,0.06666666666666667,0.06666666666666667,0.0,0.0,inf,0.19543942063026032
lipid,C13H27NO2,13,27,2,1,0,0,2.076923076923077,0.15384615384615385,0.07692307692307693,0.0,0.0,inf,0.19543942063026032
lipid,C13H10S2,13,10,0,0,2,0,0.7692307692307693,0.0,0.0,0.15384615384615385,0.0,,0.19543942063026032
lipid,C15H18O2,15,18,2,0,0,0,1.2,0.13333333333333333,0.0,0.0,0.0,,0.19543942063026032
lipid,C12H22O4,12,22,4,0,0,0,1.8333333333333333,0.3333333333333333,0.0,0.0,0.0,,0.19543942063026032
lipid,C13H26O3,13,26,3,0,0,0,2.0,0.23076923076923078,0.0,0.0,0.0,,0.19543942063026032
lipid,C14H30O2,14,30,2,0,0,0,2.142857142857143,0.14285714285714285,0.0,0.0,0.0,,0.19543942063026032
lipid,C11H21NO4,11,21,4,1,0,0,1.9090909090909092,0.36363636363636365,0.09090909090909091,0.0,0.0,inf,0.19543942063026032
lipid,C14H16O3,14,16,3,0,0,0,1.1428571428571428,0.21428571428571427,0.0,0.0,0.0,,0.19543942063026032
lipid,C15H20O2,15,20,2,0,0,0,1.3333333333333333,0.13333333333333333,0.0,0.0,0.0,,0.19543942063026032
lipid,C17H28,17,28,0,0,0,0,1.6470588235294117,0.0,0.0,0.0,0.0,,0.19543942063026032
lipid,C10H19NO5,10,19,5,1,0,0,1.9,0.5,0.1,0.0,0.0,inf,0.19543942063026032
lipid,C10H23N3O3,10,23,3,3,0,0,2.3,0.3,0.3,0.0,0.0,inf,0.19543942063026032
lipid,C12H10OS2,12,10,1,0,2,0,0.8333333333333334,0.08333333333333333,0.0,0.16666666666666666,0.0,,0.19543942063026032
lipid,C10H15NO3S,10,15,3,1,1,0,1.5,0.3,0.1,0.1,0.0,inf,0.19543942063026032
lipid,C9H11NO6,9,11,6,1,0,0,1.2222222222222223,0.6666666666666666,0.1111111111111111,0.0,0.0,inf,0.19543942063026032
lipid,C15H32O,15,32,1,0,0,0,2.1333333333333333,0.06666666666666667,0.0,0.0,0.0,,0.19543942063026032
lipid,C14H28O2,14,28,2,0,0,0,2.0,0.14285714285714285,0.0,0.0,0.0,,0.19543942063026032
lipid,C6H4Cl2O5,6,4,5,0,0,0,0.6666666666666666,0.8333333333333334,0.0,0.0,0.0,,0.19543942063026032
lipid,C5H7IO2,5,7,2,0,0,0,1.4,0.4,0.0,0.0,0.0,,0.19543942063026032
lipid,C11H14O5,11,14,5,0,0,0,1.2727272727272727,0.45454545454545453,0.0,0.0,0.0,,0.19543942063026032
lipid,C12H18O4,12,18,4,0,0,0,1.5,0.3333333333333333,0.0,0.0,0.0,,0.19543942063026032
lipid,C14H26O2,14,26,2,0,0,0,1.8571428571428572,0.14285714285714285,0.0,0.0,0.0,,0.19543942063026032
lipid,C15H30O,15,30,1,0,0,0,2.0,0.06666666666666667,0.0,0.0,0.0,,0.19543942063026032
lipid,C16H34,16,34,0,0,0,0,2.125,0.0,0.0,0.0,0.0,,0.19543942063026032
lipid,C9H15BrO2,9,15,2,0,0,0,1.6666666666666667,0.2222222222222222,0.0,0.0,0.0,,0.19543942063026032
lipid,C11H17NO4,11,17,4,1,0,0,1.5454545454545454,0.36363636363636365,0.09090909090909091,0.0,0.0,inf,0.19543942063026032
lipid,C14H29NO,14,29,1,1,0,0,2.0714285714285716,0.07142857142857142,0.07142857142857142,0.0,0.0,inf,0.19543942063026032
lipid,C3H2Br2O2,3,2,2,0,0,0,0.6666666666666666,0.6666666666666666,0.0,0.0,0.0,,0.19543942063026032
lipid,C13H8S2,13,8,0,0,2,0,0.6153846153846154,0.0,0.0,0.15384615384615385,0.0,,0.19543942063026032
lipid,C6H13O7P,6,13,7,0,0,1,2.1666666666666665,1.1666666666666667,0.0,0.0,0.16666666666666666,0.0,0.19543942063026032
lipid,C11H16O5,11,16,5,0,0,0,1.4545454545454546,0.45454545454545453,0.0,0.0,0.0,,0.19543942063026032
lipid,C12H20O4,12,20,4,0,0,0,1.6666666666666667,0.3333333333333333,0.0,0.0,0.0,,0.19543942063026032
lipid,C13H24O3,13,24,3,0,0,0,1.8461538461538463,0.23076923076923078,0.0,0.0,0.0,,0.19543942063026032
lipid,C12H21NO3,12,21,3,1,0,0,1.75,0.25,0.08333333333333333,0.0,0.0,inf,0.19543942063026032
lipid,C14H18O3,14,18,3,0,0,0,1.2857142857142858,0.21428571428571427,0.0,0.0,0.0,,0.19543942063026032
lipid,C12H23ClO2,12,23,2,0,0,0,1.9166666666666667,0.16666666666666666,0.0,0.0,0.0,,0.19543942063026032
lipid,C15H22O2,15,22,2,0,0,0,1.4666666666666666,0.13333333333333333,0.0,0.0,0.0,,0.19543942063026032
lipid,C12H19NO4,12,19,4,1,0,0,1.5833333333333333,0.3333333333333333,0.08333333333333333,0.0,0.0,inf,0.19543942063026032
lipid,C16H18O2,16,18,2,0,0,0,1.125,0.125,0.0,0.0,0.0,,0.19543942063026032
lipid,C17H22O,17,22,1,0,0,0,1.2941176470588236,0.058823529411764705,0.0,0.0,0.0,,0.19543942063026032
lipid,C14H26O3,14,26,3,0,0,0,1.8571428571428572,0.21428571428571427,0.0,0.0,0.0,,0.19543942063026032
lipid,C15H30O2,15,30,2,0,0,0,2.0,0.13333333333333333,0.0,0.0,0.0,,0.19543942063026032
lipid,C16H34O,16,34,1,0,0,0,2.125,0.0625,0.0,0.0,0.0,,0.19543942063026032
lipid,C11H17NO3S,11,17,3,1,1,0,1.5454545454545454,0.2727272727272727,0.09090909090909091,0.09090909090909091,0.0,inf,0.19543942063026032
lipid,C17H36,17,36,0,0,0,0,2.1176470588235294,0.0,0.0,0.0,0.0,,0.19543942063026032
lipid,C12H21NO4,12,21,4,1,0,0,1.75,0.3333333333333333,0.08333333333333333,0.0,0.0,inf,0.19543942063026032
lipid,C14H29NO2,14,29,2,1,0,0,2.0714285714285716,0.14285714285714285,0.07142857142857142,0.0,0.0,inf,0.19543942063026032
lipid,C6H3O4Cl3,6,3,4,0,0,0,0.5,0.6666666666666666,0.0,0.0,0.0,,0.19543942063026032
lipid,C14H12O4,14,12,4,0,0,0,0.8571428571428571,0.2857142857142857,0.0,0.0,0.0,,0.19543942063026032
lipid,C10H16N2O5,10,16,5,2,0,0,1.6,0.5,0.2,0.0,0.0,inf,0.19543942063026032
lipid,C16H20O2,16,20,2,0,0,0,1.25,0.125,0.0,0.0,0.0,,0.19543942063026032
lipid,C13H24O4,13,24,4,0,0,0,1.8461538461538463,0.3076923076923077,0.0,0.0,0.0,,0.19543942063026032
lipid,C12H24N2O3,12,24,3,2,0,0,2.0,0.25,0.16666666666666666,0.0,0.0,inf,0.19543942063026032
lipid,C16H21NO,16,21,1,1,0,0,1.3125,0.0625,0.0625,0.0,0.0,inf,0.19543942063026032
lipid,C15H28O,15,28,1,0,0,0,1.8666666666666667,0.06666666666666667,0.0,0.0,0.0,,0.19543942063026032
lipid,C16H32O,16,32,1,0,0,0,2.0,0.0625,0.0,0.0,0.0,,0.19543942063026032
lipid,C14H24O3,14,24,3,0,0,0,1.7142857142857142,0.21428571428571427,0.0,0.0,0.0,,0.19543942063026032
lipid,C16H26O,16,26,1,0,0,0,1.625,0.0625,0.0,0.0,0.0,,0.19543942063026032
lipid,C17H30,17,30,0,0,0,0,1.7647058823529411,0.0,0.0,0.0,0.0,,0.19543942063026032
lipid,C9H17BrO2,9,17,2,0,0,0,1.8888888888888888,0.2222222222222222,0.0,0.0,0.0,,0.19543942063026032
lipid,C9H20N2OS2,9,20,1,2,2,0,2.2222222222222223,0.1111111111111111,0.2222222222222222,0.2222222222222222,0.0,inf,0.19543942063026032
lipid,C14H20O3,14,20,3,0,0,0,1.4285714285714286,0.21428571428571427,0.0,0.0,0.0,,0.19543942063026032
lipid,C15H24O2,15,24,2,0,0,0,1.6,0.13333333333333333,0.0,0.0,0.0,,0.19543942063026032
lipid,C16H28O,16,28,1,0,0,0,1.75,0.0625,0.0,0.0,0.0,,0.19543942063026032
lipid,C15H28O2,15,28,2,0,0,0,1.8666666666666667,0.13333333333333333,0.0,0.0,0.0,,0.19543942063026032
lipid,C17H32,17,32,0,0,0,0,1.8823529411764706,0.0,0.0,0.0,0.0,,0.19543942063026032
lipid,C12H14O5,12,14,5,0,0,0,1.1666666666666667,0.4166666666666667,0.0,0.0,0.0,,0.19543942063026032
lipid,C14H22O3,14,22,3,0,0,0,1.5714285714285714,0.21428571428571427,0.0,0.0,0.0,,0.19543942063026032
lipid,C15H26O2,15,26,2,0,0,0,1.7333333333333334,0.13333333333333333,0.0,0.0,0.0,,0.19543942063026032
lipid,C16H30O,16,30,1,0,0,0,1.875,0.0625,0.0,0.0,0.0,,0.19543942063026032
lipid,C17H34,17,34,0,0,0,0,2.0,0.0,0.0,0.0,0.0,,0.19543942063026032
lipid,C12H16O5,12,16,5,0,0,0,1.3333333333333333,0.4166666666666667,0.0,0.0,0.0,,0.19543942063026032
lipid,C17H20O,17,20,1,0,0,0,1.1764705882352942,0.058823529411764705,0.0,0.0,0.0,,0.19543942063026032
lipid,C11H10O2S2,11,10,2,0,2,0,0.9090909090909091,0.18181818181818182,0.0,0.18181818181818182,0.0,,0.19543942063026032
lipid,C14H24O2,14,24,2,0,0,0,1.7142857142857142,0.14285714285714285,0.0,0.0,0.0,,0.19543942063026032
lipid,C13H20O3,13,20,3,0,0,0,1.5384615384615385,0.23076923076923078,0.0,0.0,0.0,,0.19543942063026032
lipid,C11H12O5,11,12,5,0,0,0,1.0909090909090908,0.45454545454545453,0.0,0.0,0.0,,0.19543942063026032
lipid,C14H22O,14,22,1,0,0,0,1.5714285714285714,0.07142857142857142,0.0,0.0,0.0,,0.19543942063026032
lipid,C15H26,15,26,0,0,0,0,1.7333333333333334,0.0,0.0,0.0,0.0,,0.19543942063026032
lipid,C8H17NOS2,8,17,1,1,2,0,2.125,0.125,0.125,0.25,0.0,inf,0.19543942063026032
lipid,C6H13O3As,6,13,3,0,0,0,2.1666666666666665,0.5,0.0,0.0,0.0,,0.19543942063026032
lipid,C6H8O8,6,8,8,0,0,0,1.3333333333333333,1.3333333333333333,0.0,0.0,0.0,,0.19543942063026032
lipid,C8H16O2S2,8,16,2,0,2,0,2.0,0.25,0.0,0.25,0.0,,0.19543942063026032
lipid,C12H16O3,12,16,3,0,0,0,1.3333333333333333,0.25,0.0,0.0,0.0,,0.19543942063026032
lipid,C13H18O2,13,18,2,0,0,0,1.3846153846153846,0.15384615384615385,0.0,0.0,0.0,,0.19543942063026032
lipid,C14H24O,14,24,1,0,0,0,1.7142857142857142,0.07142857142857142,0.0,0.0,0.0,,0.19543942063026032
lipid,C6H4O4Cl2,6,4,4,0,0,0,0.6666666666666666,0.6666666666666666,0.0,0.0,0.0,,0.19543942063026032
lipid,C5H11O2SAs,5,11,2,0,1,0,2.2,0.4,0.0,0.2,0.0,,0.19543942063026032
lipid,C6H10O8,6,10,8,0,0,0,1.6666666666666667,1.3333333333333333,0.0,0.0,0.0,,0.19543942063026032
lipid,C12H18O3,12,18,3,0,0,0,1.5,0.25,0.0,0.0,0.0,,0.19543942063026032
lipid,C13H22O2,13,22,2,0,0,0,1.6923076923076923,0.15384615384615385,0.0,0.0,0.0,,0.19543942063026032
lipid,C14H26O,14,26,1,0,0,0,1.8571428571428572,0.07142857142857142,0.0,0.0,0.0,,0.19543942063026032
lipid,C15H30,15,30,0,0,0,0,2.0,0.0,0.0,0.0,0.0,,0.19543942063026032
lipid,C15H28,15,28,0,0,0,0,1.8666666666666667,0.0,0.0,0.0,0.0,,0.19543942063026032
lipid,C14H12O2,14,12,2,0,0,0,0.8571428571428571,0.14285714285714285,0.0,0.0,0.0,,0.19543942063026032
lipid,C11H10O4,11,10,4,0,0,0,0.9090909090909091,0.36363636363636365,0.0,0.0,0.0,,0.19543942063026032
lipid,C7H10O7,7,10,7,0,0,0,1.4285714285714286,1.0,0.0,0.0,0.0,,0.19543942063026032
lipid,C11H19ClO,11,19,1,0,0,0,1.7272727272727273,0.09090909090909091,0.0,0.0,0.0,,0.19543942063026032
lipid,C10H18O4,10,18,4,0,0,0,1.8,0.4,0.0,0.0,0.0,,0.19543942063026032
lipid,C11H22O3,11,22,3,0,0,0,2.0,0.2727272727272727,0.0,0.0,0.0,,0.19543942063026032
lipid,C9H17NO4,9,17,4,1,0,0,1.8888888888888888,0.4444444444444444,0.1111111111111111,0.0,0.0,inf,0.19543942063026032
lipid,C7H9BrO2,7,9,2,0,0,0,1.2857142857142858,0.2857142857142857,0.0,0.0,0.0,,0.19543942063026032
lipid,C12H12O3,12,12,3,0,0,0,1.0,0.25,0.0,0.0,0.0,,0.19543942063026032
lipid,C9H16O5,9,16,5,0,0,0,1.7777777777777777,0.5555555555555556,0.0,0.0,0.0,,0.19543942063026032
lipid,C8H14O2S2,8,14,2,0,2,0,1.75,0.25,0.0,0.25,0.0,,0.19543942063026032
lipid,C8H16N2O4,8,16,4,2,0,0,2.0,0.5,0.25,0.0,0.0,inf,0.19543942063026032
lipid,C10H20O4,10,20,4,0,0,0,2.0,0.4,0.0,0.0,0.0,,0.19543942063026032
lipid,C14H20O,14,20,1,0,0,0,1.4285714285714286,0.07142857142857142,0.0,0.0,0.0,,0.19543942063026032
lipid,C15H24,15,24,0,0,0,0,1.6,0.0,0.0,0.0,0.0,,0.19543942063026032
lipid,C8H15NOS2,8,15,1,1,2,0,1.875,0.125,0.125,0.25,0.0,inf,0.19543942063026032
lipid,C9H19NO4,9,19,4,1,0,0,2.111111111111111,0.4444444444444444,0.1111111111111111,0.0,0.0,inf,0.19543942063026032
lipid,C7H11BrO2,7,11,2,0,0,0,1.5714285714285714,0.2857142857142857,0.0,0.0,0.0,,0.19543942063026032
lipid,C11H10O2S,11,10,2,0,1,0,0.9090909090909091,0.18181818181818182,0.0,0.09090909090909091,0.0,,0.19543942063026032
lipid,C10H20O2S,10,20,2,0,1,0,2.0,0.2,0.0,0.1,0.0,,0.19543942063026032
lipid,C11H23NO2,11,23,2,1,0,0,2.090909090909091,0.18181818181818182,0.09090909090909091,0.0,0.0,inf,0.19543942063026032
lipid,C12H20O3,12,20,3,0,0,0,1.6666666666666667,0.25,0.0,0.0,0.0,,0.19543942063026032
lipid,C14H28O,14,28,1,0,0,0,2.0,0.07142857142857142,0.0,0.0,0.0,,0.19543942063026032
lipid,C9H18N2O4,9,18,4,2,0,0,2.0,0.4444444444444444,0.2222222222222222,0.0,0.0,inf,0.19543942063026032
lipid,C14H18O2,14,18,2,0,0,0,1.2857142857142858,0.14285714285714285,0.0,0.0,0.0,,0.19543942063026032
lipid,C12H20F2O,12,20,1,0,0,0,1.6666666666666667,0.08333333333333333,0.0,0.0,0.0,,0.19543942063026032
lipid,C11H22O4,11,22,4,0,0,0,2.0,0.36363636363636365,0.0,0.0,0.0,,0.19543942063026032
lipid,C15H22O,15,22,1,0,0,0,1.4666666666666666,0.06666666666666667,0.0,0.0,0.0,,0.19543942063026032
lipid,C16H26,16,26,0,0,0,0,1.625,0.0,0.0,0.0,0.0,,0.19543942063026032
lipid,C2H3ClINO,2,3,1,1,0,0,1.5,0.5,0.5,0.0,0.0,inf,0.19543942063026032
lipid,C10H18O5,10,18,5,0,0,0,1.8,0.5,0.0,0.0,0.0,,0.19543942063026032
lipid,C7H8O8,7,8,8,0,0,0,1.1428571428571428,1.1428571428571428,0.0,0.0,0.0,,0.19543942063026032
lipid,C16H28,16,28,0,0,0,0,1.75,0.0,0.0,0.0,0.0,,0.19543942063026032
lipid,C12H14O4,12,14,4,0,0,0,1.1666666666666667,0.3333333333333333,0.0,0.0,0.0,,0.19543942063026032
lipid,C14H22O2,14,22,2,0,0,0,1.5714285714285714,0.14285714285714285,0.0,0.0,0.0,,0.19543942063026032
lipid,C15H26O,15,26,1,0,0,0,1.7333333333333334,0.06666666666666667,0.0,0.0,0.0,,0.19543942063026032
lipid,C12H17NO3,12,17,3,1,0,0,1.4166666666666667,0.25,0.08333333333333333,0.0,0.0,inf,0.19543942063026032
lipid,C14H25NO,14,25,1,1,0,0,1.7857142857142858,0.07142857142857142,0.07142857142857142,0.0,0.0,inf,0.19543942063026032
lipid,C6H13O2SAs,6,13,2,0,1,0,2.1666666666666665,0.3333333333333333,0.0,0.16666666666666666,0.0,,0.19543942063026032
lipid,C14H20O2,14,20,2,0,0,0,1.4285714285714286,0.14285714285714285,0.0,0.0,0.0,,0.19543942063026032
lipid,C13H24O2,13,24,2,0,0,0,1.8461538461538463,0.15384615384615385,0.0,0.0,0.0,,0.19543942063026032
lipid,C10H19NO4,10,19,4,1,0,0,1.9,0.4,0.1,0.0,0.0,inf,0.19543942063026032
lipid,C11H20O4,11,20,4,0,0,0,1.8181818181818181,0.36363636363636365,0.0,0.0,0.0,,0.19543942063026032
lipid,C15H32,15,32,0,0,0,0,2.1333333333333333,0.0,0.0,0.0,0.0,,0.19543942063026032
lipid,C10H15NO4,10,15,4,1,0,0,1.5,0.4,0.1,0.0,0.0,inf,0.19543942063026032
lipid,C11H19NO3,11,19,3,1,0,0,1.7272727272727273,0.2727272727272727,0.09090909090909091,0.0,0.0,inf,0.19543942063026032
lipid,C13H27NO,13,27,1,1,0,0,2.076923076923077,0.07692307692307693,0.07692307692307693,0.0,0.0,inf,0.19543942063026032
lipid,C14H14O2,14,14,2,0,0,0,1.0,0.14285714285714285,0.0,0.0,0.0,,0.19543942063026032
lipid,C11H18O4,11,18,4,0,0,0,1.6363636363636365,0.36363636363636365,0.0,0.0,0.0,,0.19543942063026032
lipid,C12H22O3,12,22,3,0,0,0,1.8333333333333333,0.25,0.0,0.0,0.0,,0.19543942063026032
lipid,C12H24O3,12,24,3,0,0,0,2.0,0.25,0.0,0.0,0.0,,0.19543942063026032
lipid,C13H26O2,13,26,2,0,0,0,2.0,0.15384615384615385,0.0,0.0,0.0,,0.19543942063026032
lipid,C14H30O,14,30,1,0,0,0,2.142857142857143,0.07142857142857142,0.0,0.0,0.0,,0.19543942063026032
lipid,C10H17NO4,10,17,4,1,0,0,1.7,0.4,0.1,0.0,0.0,inf,0.19543942063026032
lipid,C12H25NO2,12,25,2,1,0,0,2.0833333333333335,0.16666666666666666,0.08333333333333333,0.0,0.0,inf,0.19543942063026032
lipid,C2H2Br2O2,2,2,2,0,0,0,1.0,1.0,0.0,0.0,0.0,,0.19543942063026032
lipid,C12H8S2,12,8,0,0,2,0,0.6666666666666666,0.0,0.0,0.16666666666666666,0.0,,0.19543942063026032
lipid,C9H16N2O4,9,16,4,2,0,0,1.7777777777777777,0.4444444444444444,0.2222222222222222,0.0,0.0,inf,0.19543942063026032
lipid,C14H16O2,14,16,2,0,0,0,1.1428571428571428,0.14285714285714285,0.0,0.0,0.0,,0.19543942063026032
lipid,C12H26N2O,12,26,1,2,0,0,2.1666666666666665,0.08333333333333333,0.16666666666666666,0.0,0.0,inf,0.19543942063026032
lipid,C9H16O2,9,16,2,0,0,0,1.7777777777777777,0.2222222222222222,0.0,0.0,0.0,,0.19543942063026032
lipid,C6H5O4Cl,6,5,4,0,0,0,0.8333333333333334,0.6666666666666666,0.0,0.0,0.0,,0.19543942063026032
lipid,C11H22,11,22,0,0,0,0,2.0,0.0,0.0,0.0,0.0,,0.19543942063026032
lipid,C60H106O6,60,106,6,0,0,0,1.7666666666666666,0.1,0.0,0.0,0.0,,0.19543942063026032
lipid,C61H96O6,61,96,6,0,0,0,1.5737704918032787,0.09836065573770492,0.0,0.0,0.0,,0.19543942063026032
lipid,C60H108O6,60,108,6,0,0,0,1.8,0.1,0.0,0.0,0.0,,0.19543942063026032
lipid,C61H98O6,61,98,6,0,0,0,1.6065573770491803,0.09836065573770492,0.0,0.0,0.0,,0.19543942063026032
lipid,C60H110O6,60,110,6,0,0,0,1.8333333333333333,0.1,0.0,0.0,0.0,,0.19543942063026032
lipid,C61H100O6,61,100,6,0,0,0,1.639344262295082,0.09836065573770492,0.0,0.0,0.0,,0.19543942063026032
lipid,C60H112O6,60,112,6,0,0,0,1.8666666666666667,0.1,0.0,0.0,0.0,,0.19543942063026032
lipid,C51H78O15,51,78,15,0,0,0,1.5294117647058822,0.29411764705882354,0.0,0.0,0.0,,0.19543942063026032
lipid,C61H102O6,61,102,6,0,0,0,1.6721311475409837,0.09836065573770492,0.0,0.0,0.0,,0.19543942063026032
lipid,C60H114O6,60,114,6,0,0,0,1.9,0.1,0.0,0.0,0.0,,0.19543942063026032
lipid,C51H80O15,51,80,15,0,0,0,1.5686274509803921,0.29411764705882354,0.0,0.0,0.0,,0.19543942063026032
lipid,C61H104O6,61,104,6,0,0,0,1.7049180327868851,0.09836065573770492,0.0,0.0,0.0,,0.19543942063026032
lipid,C60H116O6,60,116,6,0,0,0,1.9333333333333333,0.1,0.0,0.0,0.0,,0.19543942063026032
lipid,C62H94O6,62,94,6,0,0,0,1.5161290322580645,0.0967741935483871,0.0,0.0,0.0,,0.19543942063026032
lipid,C61H106O6,61,106,6,0,0,0,1.7377049180327868,0.09836065573770492,0.0,0.0,0.0,,0.19543942063026032
lipid,C61H94O6,61,94,6,0,0,0,1.540983606557377,0.09836065573770492,0.0,0.0,0.0,,0.19543942063026032
lipid,C60H104O6,60,104,6,0,0,0,1.7333333333333334,0.1,0.0,0.0,0.0,,0.19543942063026032
lipid,C61H92O6,61,92,6,0,0,0,1.5081967213114753,0.09836065573770492,0.0,0.0,0.0,,0.19543942063026032
lipid,C59H114O6,59,114,6,0,0,0,1.9322033898305084,0.1016949152542373,0.0,0.0,0.0,,0.19543942063026032
lipid,C58H110O6,58,110,6,0,0,0,1.896551724137931,0.10344827586206896,0.0,0.0,0.0,,0.19543942063026032
lipid,C59H100O6,59,100,6,0,0,0,1.694915254237288,0.1016949152542373,0.0,0.0,0.0,,0.19543942063026032
lipid,C58H112O6,58,112,6,0,0,0,1.9310344827586208,0.10344827586206896,0.0,0.0,0.0,,0.19543942063026032
lipid,C59H102O6,59,102,6,0,0,0,1.728813559322034,0.1016949152542373,0.0,0.0,0.0,,0.19543942063026032
lipid,C60H92O6,60,92,6,0,0,0,1.5333333333333334,0.1,0.0,0.0,0.0,,0.19543942063026032
lipid,C59H104O6,59,104,6,0,0,0,1.7627118644067796,0.1016949152542373,0.0,0.0,0.0,,0.19543942063026032
lipid,C60H94O6,60,94,6,0,0,0,1.5666666666666667,0.1,0.0,0.0,0.0,,0.19543942063026032
lipid,C62H96O6,62,96,6,0,0,0,1.5483870967741935,0.0967741935483871,0.0,0.0,0.0,,0.19543942063026032
lipid,C59H106O6,59,106,6,0,0,0,1.7966101694915255,0.1016949152542373,0.0,0.0,0.0,,0.19543942063026032
lipid,C59H108O6,59,108,6,0,0,0,1.8305084745762712,0.1016949152542373,0.0,0.0,0.0,,0.19543942063026032
lipid,C60H98O6,60,98,6,0,0,0,1.6333333333333333,0.1,0.0,0.0,0.0,,0.19543942063026032
lipid,C59H110O6,59,110,6,0,0,0,1.8644067796610169,0.1016949152542373,0.0,0.0,0.0,,0.19543942063026032
lipid,C8H12O3,8,12,3,0,0,0,1.5,0.375,0.0,0.0,0.0,,0.19543942063026032
lipid,C59H112O6,59,112,6,0,0,0,1.8983050847457628,0.1016949152542373,0.0,0.0,0.0,,0.19543942063026032
lipid,C61H90O6,61,90,6,0,0,0,1.4754098360655739,0.09836065573770492,0.0,0.0,0.0,,0.19543942063026032
lipid,C60H102O6,60,102,6,0,0,0,1.7,0.1,0.0,0.0,0.0,,0.19543942063026032
lipid,C60H96O6,60,96,6,0,0,0,1.6,0.1,0.0,0.0,0.0,,0.19543942063026032
lipid,C61H108O6,61,108,6,0,0,0,1.7704918032786885,0.09836065573770492,0.0,0.0,0.0,,0.19543942063026032
lipid,C62H98O6,62,98,6,0,0,0,1.5806451612903225,0.0967741935483871,0.0,0.0,0.0,,0.19543942063026032
lipid,C61H110O6,61,110,6,0,0,0,1.8032786885245902,0.09836065573770492,0.0,0.0,0.0,,0.19543942063026032
lipid,C63H106O6,63,106,6,0,0,0,1.6825396825396826,0.09523809523809523,0.0,0.0,0.0,,0.19543942063026032
lipid,C62H118O6,62,118,6,0,0,0,1.903225806451613,0.0967741935483871,0.0,0.0,0.0,,0.19543942063026032
lipid,C64H96O6,64,96,6,0,0,0,1.5,0.09375,0.0,0.0,0.0,,0.19543942063026032
lipid,C63H108O6,63,108,6,0,0,0,1.7142857142857142,0.09523809523809523,0.0,0.0,0.0,,0.19543942063026032
lipid,C62H120O6,62,120,6,0,0,0,1.935483870967742,0.0967741935483871,0.0,0.0,0.0,,0.19543942063026032
lipid,C64H98O6,64,98,6,0,0,0,1.53125,0.09375,0.0,0.0,0.0,,0.19543942063026032
lipid,C63H110O6,63,110,6,0,0,0,1.746031746031746,0.09523809523809523,0.0,0.0,0.0,,0.19543942063026032
lipid,C62H116O6,62,116,6,0,0,0,1.8709677419354838,0.0967741935483871,0.0,0.0,0.0,,0.19543942063026032
lipid,C64H100O6,64,100,6,0,0,0,1.5625,0.09375,0.0,0.0,0.0,,0.19543942063026032
lipid,C64H102O6,64,102,6,0,0,0,1.59375,0.09375,0.0,0.0,0.0,,0.19543942063026032
lipid,C63H114O6,63,114,6,0,0,0,1.8095238095238095,0.09523809523809523,0.0,0.0,0.0,,0.19543942063026032
lipid,C64H104O6,64,104,6,0,0,0,1.625,0.09375,0.0,0.0,0.0,,0.19543942063026032
lipid,C63H116O6,63,116,6,0,0,0,1.8412698412698412,0.09523809523809523,0.0,0.0,0.0,,0.19543942063026032
lipid,C47H88NO17P,47,88,17,1,0,1,1.872340425531915,0.3617021276595745,0.02127659574468085,0.0,0.02127659574468085,1.0,0.19543942063026032
lipid,C65H94O6,65,94,6,0,0,0,1.4461538461538461,0.09230769230769231,0.0,0.0,0.0,,0.19543942063026032
lipid,C64H106O6,64,106,6,0,0,0,1.65625,0.09375,0.0,0.0,0.0,,0.19543942063026032
lipid,C63H112O6,63,112,6,0,0,0,1.7777777777777777,0.09523809523809523,0.0,0.0,0.0,,0.19543942063026032
lipid,C59H98O6,59,98,6,0,0,0,1.6610169491525424,0.1016949152542373,0.0,0.0,0.0,,0.19543942063026032
lipid,C63H104O6,63,104,6,0,0,0,1.6507936507936507,0.09523809523809523,0.0,0.0,0.0,,0.19543942063026032
lipid,C63H102O6,63,102,6,0,0,0,1.619047619047619,0.09523809523809523,0.0,0.0,0.0,,0.19543942063026032
lipid,C62H100O6,62,100,6,0,0,0,1.6129032258064515,0.0967741935483871,0.0,0.0,0.0,,0.19543942063026032
lipid,C61H112O6,61,112,6,0,0,0,1.8360655737704918,0.09836065573770492,0.0,0.0,0.0,,0.19543942063026032
lipid,C62H102O6,62,102,6,0,0,0,1.6451612903225807,0.0967741935483871,0.0,0.0,0.0,,0.19543942063026032
lipid,C61H114O6,61,114,6,0,0,0,1.8688524590163935,0.09836065573770492,0.0,0.0,0.0,,0.19543942063026032
lipid,C63H92O6,63,92,6,0,0,0,1.4603174603174602,0.09523809523809523,0.0,0.0,0.0,,0.19543942063026032
lipid,C62H104O6,62,104,6,0,0,0,1.6774193548387097,0.0967741935483871,0.0,0.0,0.0,,0.19543942063026032
lipid,C61H116O6,61,116,6,0,0,0,1.901639344262295,0.09836065573770492,0.0,0.0,0.0,,0.19543942063026032
lipid,C62H114O6,62,114,6,0,0,0,1.8387096774193548,0.0967741935483871,0.0,0.0,0.0,,0.19543942063026032
lipid,C63H94O6,63,94,6,0,0,0,1.492063492063492,0.09523809523809523,0.0,0.0,0.0,,0.19543942063026032
lipid,C61H118O6,61,118,6,0,0,0,1.9344262295081966,0.09836065573770492,0.0,0.0,0.0,,0.19543942063026032
lipid,C63H96O6,63,96,6,0,0,0,1.5238095238095237,0.09523809523809523,0.0,0.0,0.0,,0.19543942063026032
lipid,C62H108O6,62,108,6,0,0,0,1.7419354838709677,0.0967741935483871,0.0,0.0,0.0,,0.19543942063026032
lipid,C63H98O6,63,98,6,0,0,0,1.5555555555555556,0.09523809523809523,0.0,0.0,0.0,,0.19543942063026032
lipid,C62H110O6,62,110,6,0,0,0,1.7741935483870968,0.0967741935483871,0.0,0.0,0.0,,0.19543942063026032
lipid,C63H100O6,63,100,6,0,0,0,1.5873015873015872,0.09523809523809523,0.0,0.0,0.0,,0.19543942063026032
lipid,C62H112O6,62,112,6,0,0,0,1.8064516129032258,0.0967741935483871,0.0,0.0,0.0,,0.19543942063026032
lipid,C62H106O6,62,106,6,0,0,0,1.7096774193548387,0.0967741935483871,0.0,0.0,0.0,,0.19543942063026032
lipid,C58H108O6,58,108,6,0,0,0,1.8620689655172413,0.10344827586206896,0.0,0.0,0.0,,0.19543942063026032
lipid,C59H96O6,59,96,6,0,0,0,1.6271186440677967,0.1016949152542373,0.0,0.0,0.0,,0.19543942063026032
lipid,C57H88O8,57,88,8,0,0,0,1.543859649122807,0.14035087719298245,0.0,0.0,0.0,,0.19543942063026032
lipid,C54H76O8,54,76,8,0,0,0,1.4074074074074074,0.14814814814814814,0.0,0.0,0.0,,0.19543942063026032
lipid,C55H96O6,55,96,6,0,0,0,1.7454545454545454,0.10909090909090909,0.0,0.0,0.0,,0.19543942063026032
lipid,C55H98O6,55,98,6,0,0,0,1.7818181818181817,0.10909090909090909,0.0,0.0,0.0,,0.19543942063026032
lipid,C54H80O8,54,80,8,0,0,0,1.4814814814814814,0.14814814814814814,0.0,0.0,0.0,,0.19543942063026032
lipid,C56H88O6,56,88,6,0,0,0,1.5714285714285714,0.10714285714285714,0.0,0.0,0.0,,0.19543942063026032
lipid,C55H100O6,55,100,6,0,0,0,1.8181818181818181,0.10909090909090909,0.0,0.0,0.0,,0.19543942063026032
lipid,C56H90O6,56,90,6,0,0,0,1.6071428571428572,0.10714285714285714,0.0,0.0,0.0,,0.19543942063026032
lipid,C55H94O6,55,94,6,0,0,0,1.709090909090909,0.10909090909090909,0.0,0.0,0.0,,0.19543942063026032
lipid,C55H102O6,55,102,6,0,0,0,1.8545454545454545,0.10909090909090909,0.0,0.0,0.0,,0.19543942063026032
lipid,C55H104O6,55,104,6,0,0,0,1.8909090909090909,0.10909090909090909,0.0,0.0,0.0,,0.19543942063026032
lipid,C56H94O6,56,94,6,0,0,0,1.6785714285714286,0.10714285714285714,0.0,0.0,0.0,,0.19543942063026032
lipid,C55H106O6,55,106,6,0,0,0,1.9272727272727272,0.10909090909090909,0.0,0.0,0.0,,0.19543942063026032
lipid,C56H96O6,56,96,6,0,0,0,1.7142857142857142,0.10714285714285714,0.0,0.0,0.0,,0.19543942063026032
lipid,C57H86O6,57,86,6,0,0,0,1.5087719298245614,0.10526315789473684,0.0,0.0,0.0,,0.19543942063026032
lipid,C56H98O6,56,98,6,0,0,0,1.75,0.10714285714285714,0.0,0.0,0.0,,0.19543942063026032
lipid,C56H68O8,56,68,8,0,0,0,1.2142857142857142,0.14285714285714285,0.0,0.0,0.0,,0.19543942063026032
lipid,C56H92O6,56,92,6,0,0,0,1.6428571428571428,0.10714285714285714,0.0,0.0,0.0,,0.19543942063026032
lipid,C57H88O6,57,88,6,0,0,0,1.543859649122807,0.10526315789473684,0.0,0.0,0.0,,0.19543942063026032
lipid,C54H104O6,54,104,6,0,0,0,1.9259259259259258,0.1111111111111111,0.0,0.0,0.0,,0.19543942063026032
lipid,C54H102O6,54,102,6,0,0,0,1.8888888888888888,0.1111111111111111,0.0,0.0,0.0,,0.19543942063026032
lipid,C54H88O6,54,88,6,0,0,0,1.6296296296296295,0.1111111111111111,0.0,0.0,0.0,,0.19543942063026032
lipid,C53H100O6,53,100,6,0,0,0,1.8867924528301887,0.11320754716981132,0.0,0.0,0.0,,0.19543942063026032
lipid,C54H90O6,54,90,6,0,0,0,1.6666666666666667,0.1111111111111111,0.0,0.0,0.0,,0.19543942063026032
lipid,C53H102O6,53,102,6,0,0,0,1.9245283018867925,0.11320754716981132,0.0,0.0,0.0,,0.19543942063026032
lipid,C43H82NO12P,43,82,12,1,0,1,1.9069767441860466,0.27906976744186046,0.023255813953488372,0.0,0.023255813953488372,1.0,0.19543942063026032
lipid,C54H92O6,54,92,6,0,0,0,1.7037037037037037,0.1111111111111111,0.0,0.0,0.0,,0.19543942063026032
lipid,C41H79N2O13P,41,79,13,2,0,1,1.9268292682926829,0.3170731707317073,0.04878048780487805,0.0,0.024390243902439025,2.0,0.19543942063026032
lipid,C55H92O6,55,92,6,0,0,0,1.6727272727272726,0.10909090909090909,0.0,0.0,0.0,,0.19543942063026032
lipid,C54H94O6,54,94,6,0,0,0,1.7407407407407407,0.1111111111111111,0.0,0.0,0.0,,0.19543942063026032
lipid,C54H96O6,54,96,6,0,0,0,1.7777777777777777,0.1111111111111111,0.0,0.0,0.0,,0.19543942063026032
lipid,C55H86O6,55,86,6,0,0,0,1.5636363636363637,0.10909090909090909,0.0,0.0,0.0,,0.19543942063026032
lipid,C54H98O6,54,98,6,0,0,0,1.8148148148148149,0.1111111111111111,0.0,0.0,0.0,,0.19543942063026032
lipid,C55H88O6,55,88,6,0,0,0,1.6,0.10909090909090909,0.0,0.0,0.0,,0.19543942063026032
lipid,C54H100O6,54,100,6,0,0,0,1.8518518518518519,0.1111111111111111,0.0,0.0,0.0,,0.19543942063026032
lipid,C52H79NO8,52,79,8,1,0,0,1.5192307692307692,0.15384615384615385,0.019230769230769232,0.0,0.0,inf,0.19543942063026032
lipid,C55H90O6,55,90,6,0,0,0,1.6363636363636365,0.10909090909090909,0.0,0.0,0.0,,0.19543942063026032
lipid,C45H76O12S,45,76,12,0,1,0,1.6888888888888889,0.26666666666666666,0.0,0.022222222222222223,0.0,,0.19543942063026032
lipid,C63H118O6,63,118,6,0,0,0,1.873015873015873,0.09523809523809523,0.0,0.0,0.0,,0.19543942063026032
lipid,C56H100O6,56,100,6,0,0,0,1.7857142857142858,0.10714285714285714,0.0,0.0,0.0,,0.19543942063026032
lipid,C57H90O6,57,90,6,0,0,0,1.5789473684210527,0.10526315789473684,0.0,0.0,0.0,,0.19543942063026032
lipid,C56H70O9,56,70,9,0,0,0,1.25,0.16071428571428573,0.0,0.0,0.0,,0.19543942063026032
lipid,C58H94O6,58,94,6,0,0,0,1.6206896551724137,0.10344827586206896,0.0,0.0,0.0,,0.19543942063026032
lipid,C57H106O6,57,106,6,0,0,0,1.8596491228070176,0.10526315789473684,0.0,0.0,0.0,,0.19543942063026032
lipid,C56H72O9,56,72,9,0,0,0,1.2857142857142858,0.16071428571428573,0.0,0.0,0.0,,0.19543942063026032
lipid,C58H96O6,58,96,6,0,0,0,1.6551724137931034,0.10344827586206896,0.0,0.0,0.0,,0.19543942063026032
lipid,C57H108O6,57,108,6,0,0,0,1.894736842105263,0.10526315789473684,0.0,0.0,0.0,,0.19543942063026032
lipid,C58H98O6,58,98,6,0,0,0,1.6896551724137931,0.10344827586206896,0.0,0.0,0.0,,0.19543942063026032
lipid,C57H104O6,57,104,6,0,0,0,1.8245614035087718,0.10526315789473684,0.0,0.0,0.0,,0.19543942063026032
lipid,C57H110O6,57,110,6,0,0,0,1.9298245614035088,0.10526315789473684,0.0,0.0,0.0,,0.19543942063026032
lipid,C58H100O6,58,100,6,0,0,0,1.7241379310344827,0.10344827586206896,0.0,0.0,0.0,,0.19543942063026032
lipid,C59H90O6,59,90,6,0,0,0,1.5254237288135593,0.1016949152542373,0.0,0.0,0.0,,0.19543942063026032
lipid,C58H102O6,58,102,6,0,0,0,1.7586206896551724,0.10344827586206896,0.0,0.0,0.0,,0.19543942063026032
lipid,C59H92O6,59,92,6,0,0,0,1.5593220338983051,0.1016949152542373,0.0,0.0,0.0,,0.19543942063026032
lipid,C58H104O6,58,104,6,0,0,0,1.793103448275862,0.10344827586206896,0.0,0.0,0.0,,0.19543942063026032
lipid,C59H94O6,59,94,6,0,0,0,1.5932203389830508,0.1016949152542373,0.0,0.0,0.0,,0.19543942063026032
lipid,C58H106O6,58,106,6,0,0,0,1.8275862068965518,0.10344827586206896,0.0,0.0,0.0,,0.19543942063026032
lipid,C59H88O6,59,88,6,0,0,0,1.4915254237288136,0.1016949152542373,0.0,0.0,0.0,,0.19543942063026032
lipid,C56H70O8,56,70,8,0,0,0,1.25,0.14285714285714285,0.0,0.0,0.0,,0.19543942063026032
lipid,C58H92O6,58,92,6,0,0,0,1.5862068965517242,0.10344827586206896,0.0,0.0,0.0,,0.19543942063026032
lipid,C57H102O6,57,102,6,0,0,0,1.7894736842105263,0.10526315789473684,0.0,0.0,0.0,,0.19543942063026032
lipid,C56H102O6,56,102,6,0,0,0,1.8214285714285714,0.10714285714285714,0.0,0.0,0.0,,0.19543942063026032
lipid,C55H68O9,55,68,9,0,0,0,1.2363636363636363,0.16363636363636364,0.0,0.0,0.0,,0.19543942063026032
lipid,C56H72O8,56,72,8,0,0,0,1.2857142857142858,0.14285714285714285,0.0,0.0,0.0,,0.19543942063026032
lipid,C57H92O6,57,92,6,0,0,0,1.6140350877192982,0.10526315789473684,0.0,0.0,0.0,,0.19543942063026032
lipid,C56H104O6,56,104,6,0,0,0,1.8571428571428572,0.10714285714285714,0.0,0.0,0.0,,0.19543942063026032
lipid,C56H74O8,56,74,8,0,0,0,1.3214285714285714,0.14285714285714285,0.0,0.0,0.0,,0.19543942063026032
lipid,C57H94O6,57,94,6,0,0,0,1.6491228070175439,0.10526315789473684,0.0,0.0,0.0,,0.19543942063026032
lipid,C56H68O9,56,68,9,0,0,0,1.2142857142857142,0.16071428571428573,0.0,0.0,0.0,,0.19543942063026032
lipid,C56H106O6,56,106,6,0,0,0,1.8928571428571428,0.10714285714285714,0.0,0.0,0.0,,0.19543942063026032
lipid,C56H108O6,56,108,6,0,0,0,1.9285714285714286,0.10714285714285714,0.0,0.0,0.0,,0.19543942063026032
lipid,C56H78O8,56,78,8,0,0,0,1.3928571428571428,0.14285714285714285,0.0,0.0,0.0,,0.19543942063026032
lipid,C57H98O6,57,98,6,0,0,0,1.719298245614035,0.10526315789473684,0.0,0.0,0.0,,0.19543942063026032
lipid,C56H80O8,56,80,8,0,0,0,1.4285714285714286,0.14285714285714285,0.0,0.0,0.0,,0.19543942063026032
lipid,C57H100O6,57,100,6,0,0,0,1.7543859649122806,0.10526315789473684,0.0,0.0,0.0,,0.19543942063026032
lipid,C56H66O9,56,66,9,0,0,0,1.1785714285714286,0.16071428571428573,0.0,0.0,0.0,,0.19543942063026032
lipid,C58H90O6,58,90,6,0,0,0,1.5517241379310345,0.10344827586206896,0.0,0.0,0.0,,0.19543942063026032
lipid,C57H96O6,57,96,6,0,0,0,1.6842105263157894,0.10526315789473684,0.0,0.0,0.0,,0.19543942063026032
lipid,C65H96O6,65,96,6,0,0,0,1.476923076923077,0.09230769230769231,0.0,0.0,0.0,,0.19543942063026032
lipid,C60H100O6,60,100,6,0,0,0,1.6666666666666667,0.1,0.0,0.0,0.0,,0.19543942063026032
lipid,C10H12O,10,12,1,0,0,0,1.2,0.1,0.0,0.0,0.0,,0.19543942063026032
lipid,C5H10O4,5,10,4,0,0,0,2.0,0.8,0.0,0.0,0.0,,0.19543942063026032
lipid,C6H14OS,6,14,1,0,1,0,2.3333333333333335,0.16666666666666666,0.0,0.16666666666666666,0.0,,0.19543942063026032
lipid,C4H9NO4,4,9,4,1,0,0,2.25,1.0,0.25,0.0,0.0,inf,0.19543942063026032
lipid,C5H9O2Cl,5,9,2,0,0,0,1.8,0.4,0.0,0.0,0.0,,0.19543942063026032
lipid,C9H12O,9,12,1,0,0,0,1.3333333333333333,0.1111111111111111,0.0,0.0,0.0,,0.19543942063026032
lipid,C10H16,10,16,0,0,0,0,1.6,0.0,0.0,0.0,0.0,,0.19543942063026032
lipid,C2H3BrO2,2,3,2,0,0,0,1.5,1.0,0.0,0.0,0.0,,0.19543942063026032
lipid,C9H14O,9,14,1,0,0,0,1.5555555555555556,0.1111111111111111,0.0,0.0,0.0,,0.19543942063026032
lipid,C10H18,10,18,0,0,0,0,1.8,0.0,0.0,0.0,0.0,,0.19543942063026032
lipid,C8H12O2,8,12,2,0,0,0,1.5,0.25,0.0,0.0,0.0,,0.19543942063026032
lipid,C9H16O,9,16,1,0,0,0,1.7777777777777777,0.1111111111111111,0.0,0.0,0.0,,0.19543942063026032
lipid,C10H20,10,20,0,0,0,0,2.0,0.0,0.0,0.0,0.0,,0.19543942063026032
lipid,C6H7NO3,6,7,3,1,0,0,1.1666666666666667,0.5,0.16666666666666666,0.0,0.0,inf,0.19543942063026032
lipid,C3H4Cl2O2,3,4,2,0,0,0,1.3333333333333333,0.6666666666666666,0.0,0.0,0.0,,0.19543942063026032
lipid,C6H6O4,6,6,4,0,0,0,1.0,0.6666666666666666,0.0,0.0,0.0,,0.19543942063026032
lipid,C5H10O2S,5,10,2,0,1,0,2.0,0.4,0.0,0.2,0.0,,0.19543942063026032
lipid,C8H6O2,8,6,2,0,0,0,0.75,0.25,0.0,0.0,0.0,,0.19543942063026032
lipid,C8H6S,8,6,0,0,1,0,0.75,0.0,0.0,0.125,0.0,,0.19543942063026032
lipid,C5H12N2O2,5,12,2,2,0,0,2.4,0.4,0.4,0.0,0.0,inf,0.19543942063026032
lipid,C8H16O,8,16,1,0,0,0,2.0,0.125,0.0,0.0,0.0,,0.19543942063026032
lipid,C9H20,9,20,0,0,0,0,2.2222222222222223,0.0,0.0,0.0,0.0,,0.19543942063026032
lipid,C7H15NO,7,15,1,1,0,0,2.142857142857143,0.14285714285714285,0.14285714285714285,0.0,0.0,inf,0.19543942063026032
lipid,C5H6O4,5,6,4,0,0,0,1.2,0.8,0.0,0.0,0.0,,0.19543942063026032
lipid,C6H10O3,6,10,3,0,0,0,1.6666666666666667,0.5,0.0,0.0,0.0,,0.19543942063026032
lipid,C7H14O2,7,14,2,0,0,0,2.0,0.2857142857142857,0.0,0.0,0.0,,0.19543942063026032
lipid,C8H18O,8,18,1,0,0,0,2.25,0.125,0.0,0.0,0.0,,0.19543942063026032
lipid,C10H6O,10,6,1,0,0,0,0.6,0.1,0.0,0.0,0.0,,0.19543942063026032
lipid,C4H5NO4,4,5,4,1,0,0,1.25,1.0,0.25,0.0,0.0,inf,0.19543942063026032
lipid,C6H13NO2,6,13,2,1,0,0,2.1666666666666665,0.3333333333333333,0.16666666666666666,0.0,0.0,inf,0.19543942063026032
lipid,C4H4O5,4,4,5,0,0,0,1.0,1.25,0.0,0.0,0.0,,0.19543942063026032
lipid,C8H4O2,8,4,2,0,0,0,0.5,0.25,0.0,0.0,0.0,,0.19543942063026032
lipid,C5H8O4,5,8,4,0,0,0,1.6,0.8,0.0,0.0,0.0,,0.19543942063026032
lipid,C9H8O,9,8,1,0,0,0,0.8888888888888888,0.1111111111111111,0.0,0.0,0.0,,0.19543942063026032
lipid,C6H12OS,6,12,1,0,1,0,2.0,0.16666666666666666,0.0,0.16666666666666666,0.0,,0.19543942063026032
lipid,C6H12O3,6,12,3,0,0,0,2.0,0.5,0.0,0.0,0.0,,0.19543942063026032
lipid,C5H9NO3,5,9,3,1,0,0,1.8,0.6,0.2,0.0,0.0,inf,0.19543942063026032
lipid,C7H10O3,7,10,3,0,0,0,1.4285714285714286,0.42857142857142855,0.0,0.0,0.0,,0.19543942063026032
lipid,C8H14O2,8,14,2,0,0,0,1.75,0.25,0.0,0.0,0.0,,0.19543942063026032
lipid,C9H18O,9,18,1,0,0,0,2.0,0.1111111111111111,0.0,0.0,0.0,,0.19543942063026032
lipid,C6H12O2S,6,12,2,0,1,0,2.0,0.3333333333333333,0.0,0.16666666666666666,0.0,,0.19543942063026032
lipid,C6H12O4,6,12,4,0,0,0,2.0,0.6666666666666666,0.0,0.0,0.0,,0.19543942063026032
lipid,C64H108O6,64,108,6,0,0,0,1.6875,0.09375,0.0,0.0,0.0,,0.19543942063026032
lipid,C7H16O3,7,16,3,0,0,0,2.2857142857142856,0.42857142857142855,0.0,0.0,0.0,,0.19543942063026032
lipid,C3H3BrO2,3,3,2,0,0,0,1.0,0.6666666666666666,0.0,0.0,0.0,,0.19543942063026032
lipid,C8H6OS,8,6,1,0,1,0,0.75,0.125,0.0,0.125,0.0,,0.19543942063026032
lipid,C5H10O3S,5,10,3,0,1,0,2.0,0.6,0.0,0.2,0.0,,0.19543942063026032
lipid,C5H8O5,5,8,5,0,0,0,1.6,1.0,0.0,0.0,0.0,,0.19543942063026032
lipid,C5H10O5,5,10,5,0,0,0,2.0,1.0,0.0,0.0,0.0,,0.19543942063026032
lipid,C11H18,11,18,0,0,0,0,1.6363636363636365,0.0,0.0,0.0,0.0,,0.19543942063026032
lipid,C8H8O3,8,8,3,0,0,0,1.0,0.375,0.0,0.0,0.0,,0.19543942063026032
lipid,C9H12O2,9,12,2,0,0,0,1.3333333333333333,0.2222222222222222,0.0,0.0,0.0,,0.19543942063026032
lipid,C10H16O,10,16,1,0,0,0,1.6,0.1,0.0,0.0,0.0,,0.19543942063026032
lipid,C11H20,11,20,0,0,0,0,1.8181818181818181,0.0,0.0,0.0,0.0,,0.19543942063026032
lipid,C9H14O2,9,14,2,0,0,0,1.5555555555555556,0.2222222222222222,0.0,0.0,0.0,,0.19543942063026032
lipid,C10H18O,10,18,1,0,0,0,1.8,0.1,0.0,0.0,0.0,,0.19543942063026032
lipid,C10H14O,10,14,1,0,0,0,1.4,0.1,0.0,0.0,0.0,,0.19543942063026032
lipid,C7H12O2,7,12,2,0,0,0,1.7142857142857142,0.2857142857142857,0.0,0.0,0.0,,0.19543942063026032
lipid,C9H8S,9,8,0,0,1,0,0.8888888888888888,0.0,0.0,0.1111111111111111,0.0,,0.19543942063026032
lipid,C4H4O6,4,4,6,0,0,0,1.0,1.5,0.0,0.0,0.0,,0.19543942063026032
lipid,C10H22,10,22,0,0,0,0,2.2,0.0,0.0,0.0,0.0,,0.19543942063026032
lipid,C5H5NO4,5,5,4,1,0,0,1.0,0.8,0.2,0.0,0.0,inf,0.19543942063026032
lipid,C6H8O4,6,8,4,0,0,0,1.3333333333333333,0.6666666666666666,0.0,0.0,0.0,,0.19543942063026032
lipid,C10H8O,10,8,1,0,0,0,0.8,0.1,0.0,0.0,0.0,,0.19543942063026032
lipid,C7H12O3,7,12,3,0,0,0,1.7142857142857142,0.42857142857142855,0.0,0.0,0.0,,0.19543942063026032
lipid,C6H12N2O2,6,12,2,2,0,0,2.0,0.3333333333333333,0.3333333333333333,0.0,0.0,inf,0.19543942063026032
lipid,C8H16O2,8,16,2,0,0,0,2.0,0.25,0.0,0.0,0.0,,0.19543942063026032
lipid,C5H8O3S,5,8,3,0,1,0,1.6,0.6,0.0,0.2,0.0,,0.19543942063026032
lipid,C9H20O,9,20,1,0,0,0,2.2222222222222223,0.1111111111111111,0.0,0.0,0.0,,0.19543942063026032
lipid,C7H15NO2,7,15,2,1,0,0,2.142857142857143,0.2857142857142857,0.14285714285714285,0.0,0.0,inf,0.19543942063026032
lipid,C6H10O4,6,10,4,0,0,0,1.6666666666666667,0.6666666666666666,0.0,0.0,0.0,,0.19543942063026032
lipid,C10H10O,10,10,1,0,0,0,1.0,0.1,0.0,0.0,0.0,,0.19543942063026032
lipid,C7H14O3,7,14,3,0,0,0,2.0,0.42857142857142855,0.0,0.0,0.0,,0.19543942063026032
lipid,C8H18O2,8,18,2,0,0,0,2.25,0.25,0.0,0.0,0.0,,0.19543942063026032
lipid,C8H5NO2,8,5,2,1,0,0,0.625,0.25,0.125,0.0,0.0,inf,0.19543942063026032
lipid,C6H13NO3,6,13,3,1,0,0,2.1666666666666665,0.5,0.16666666666666666,0.0,0.0,inf,0.19543942063026032
lipid,C6H11NO3,6,11,3,1,0,0,1.8333333333333333,0.5,0.16666666666666666,0.0,0.0,inf,0.19543942063026032
lipid,C5H8N2O2,5,8,2,2,0,0,1.6,0.4,0.4,0.0,0.0,inf,0.19543942063026032
lipid,C3H2Cl2O2,3,2,2,0,0,0,0.6666666666666666,0.6666666666666666,0.0,0.0,0.0,,0.19543942063026032
lipid,C9H4O,9,4,1,0,0,0,0.4444444444444444,0.1111111111111111,0.0,0.0,0.0,,0.19543942063026032
lipid,C66H104O6,66,104,6,0,0,0,1.5757575757575757,0.09090909090909091,0.0,0.0,0.0,,0.19543942063026032
lipid,C65H116O6,65,116,6,0,0,0,1.7846153846153847,0.09230769230769231,0.0,0.0,0.0,,0.19543942063026032
lipid,C64H128O6,64,128,6,0,0,0,2.0,0.09375,0.0,0.0,0.0,,0.19543942063026032
lipid,C66H106O6,66,106,6,0,0,0,1.606060606060606,0.09090909090909091,0.0,0.0,0.0,,0.19543942063026032
lipid,C65H118O6,65,118,6,0,0,0,1.8153846153846154,0.09230769230769231,0.0,0.0,0.0,,0.19543942063026032
lipid,C67H96O6,67,96,6,0,0,0,1.4328358208955223,0.08955223880597014,0.0,0.0,0.0,,0.19543942063026032
lipid,C66H108O6,66,108,6,0,0,0,1.6363636363636365,0.09090909090909091,0.0,0.0,0.0,,0.19543942063026032
lipid,C65H114O6,65,114,6,0,0,0,1.7538461538461538,0.09230769230769231,0.0,0.0,0.0,,0.19543942063026032
lipid,C65H120O6,65,120,6,0,0,0,1.8461538461538463,0.09230769230769231,0.0,0.0,0.0,,0.19543942063026032
lipid,C66H110O6,66,110,6,0,0,0,1.6666666666666667,0.09090909090909091,0.0,0.0,0.0,,0.19543942063026032
lipid,C65H122O6,65,122,6,0,0,0,1.876923076923077,0.09230769230769231,0.0,0.0,0.0,,0.19543942063026032
lipid,C5H8O2,5,8,2,0,0,0,1.6,0.4,0.0,0.0,0.0,,0.19543942063026032
lipid,C6H12O,6,12,1,0,0,0,2.0,0.16666666666666666,0.0,0.0,0.0,,0.19543942063026032
lipid,C7H16,7,16,0,0,0,0,2.2857142857142856,0.0,0.0,0.0,0.0,,0.19543942063026032
lipid,C4H7NO2,4,7,2,1,0,0,1.75,0.5,0.25,0.0,0.0,inf,0.19543942063026032
lipid,C5H11NO,5,11,1,1,0,0,2.2,0.2,0.2,0.0,0.0,inf,0.19543942063026032
lipid,C67H98O6,67,98,6,0,0,0,1.462686567164179,0.08955223880597014,0.0,0.0,0.0,,0.19543942063026032
lipid,C4H6O3,4,6,3,0,0,0,1.5,0.75,0.0,0.0,0.0,,0.19543942063026032
lipid,C66H102O6,66,102,6,0,0,0,1.5454545454545454,0.09090909090909091,0.0,0.0,0.0,,0.19543942063026032
lipid,C65H112O6,65,112,6,0,0,0,1.7230769230769232,0.09230769230769231,0.0,0.0,0.0,,0.19543942063026032
lipid,C63H120O6,63,120,6,0,0,0,1.9047619047619047,0.09523809523809523,0.0,0.0,0.0,,0.19543942063026032
lipid,C65H98O6,65,98,6,0,0,0,1.5076923076923077,0.09230769230769231,0.0,0.0,0.0,,0.19543942063026032
lipid,C64H110O6,64,110,6,0,0,0,1.71875,0.09375,0.0,0.0,0.0,,0.19543942063026032
lipid,C63H122O6,63,122,6,0,0,0,1.9365079365079365,0.09523809523809523,0.0,0.0,0.0,,0.19543942063026032
lipid,C65H100O6,65,100,6,0,0,0,1.5384615384615385,0.09230769230769231,0.0,0.0,0.0,,0.19543942063026032
lipid,C64H112O6,64,112,6,0,0,0,1.75,0.09375,0.0,0.0,0.0,,0.19543942063026032
lipid,C65H102O6,65,102,6,0,0,0,1.5692307692307692,0.09230769230769231,0.0,0.0,0.0,,0.19543942063026032
lipid,C64H124O6,64,124,6,0,0,0,1.9375,0.09375,0.0,0.0,0.0,,0.19543942063026032
lipid,C6H8O3,6,8,3,0,0,0,1.3333333333333333,0.5,0.0,0.0,0.0,,0.19543942063026032
lipid,C64H116O6,64,116,6,0,0,0,1.8125,0.09375,0.0,0.0,0.0,,0.19543942063026032
lipid,C65H106O6,65,106,6,0,0,0,1.6307692307692307,0.09230769230769231,0.0,0.0,0.0,,0.19543942063026032
lipid,C64H118O6,64,118,6,0,0,0,1.84375,0.09375,0.0,0.0,0.0,,0.19543942063026032
lipid,C65H108O6,65,108,6,0,0,0,1.6615384615384616,0.09230769230769231,0.0,0.0,0.0,,0.19543942063026032
lipid,C64H120O6,64,120,6,0,0,0,1.875,0.09375,0.0,0.0,0.0,,0.19543942063026032
lipid,C65H110O6,65,110,6,0,0,0,1.6923076923076923,0.09230769230769231,0.0,0.0,0.0,,0.19543942063026032
lipid,C64H122O6,64,122,6,0,0,0,1.90625,0.09375,0.0,0.0,0.0,,0.19543942063026032
lipid,C65H104O6,65,104,6,0,0,0,1.6,0.09230769230769231,0.0,0.0,0.0,,0.19543942063026032
lipid,C5H10O2,5,10,2,0,0,0,2.0,0.4,0.0,0.0,0.0,,0.19543942063026032
lipid,C64H114O6,64,114,6,0,0,0,1.78125,0.09375,0.0,0.0,0.0,,0.19543942063026032
lipid,C4H9NO2,4,9,2,1,0,0,2.25,0.5,0.25,0.0,0.0,inf,0.19543942063026032
lipid,C4H6O4,4,6,4,0,0,0,1.5,1.0,0.0,0.0,0.0,,0.19543942063026032
lipid,C8H6O,8,6,1,0,0,0,0.75,0.125,0.0,0.0,0.0,,0.19543942063026032
lipid,C5H10O3,5,10,3,0,0,0,2.0,0.6,0.0,0.0,0.0,,0.19543942063026032
lipid,C4H10N2O2,4,10,2,2,0,0,2.5,0.5,0.5,0.0,0.0,inf,0.19543942063026032
lipid,C6H14O2,6,14,2,0,0,0,2.3333333333333335,0.3333333333333333,0.0,0.0,0.0,,0.19543942063026032
lipid,C4H8O2S,4,8,2,0,1,0,2.0,0.5,0.0,0.25,0.0,,0.19543942063026032
lipid,C4H8O4,4,8,4,0,0,0,2.0,1.0,0.0,0.0,0.0,,0.19543942063026032
lipid,C5H11NO2,5,11,2,1,0,0,2.2,0.4,0.2,0.0,0.0,inf,0.19543942063026032
lipid,C8H8O,8,8,1,0,0,0,1.0,0.125,0.0,0.0,0.0,,0.19543942063026032
lipid,C7H8O2,7,8,2,0,0,0,1.1428571428571428,0.2857142857142857,0.0,0.0,0.0,,0.19543942063026032
lipid,C8H12O,8,12,1,0,0,0,1.5,0.125,0.0,0.0,0.0,,0.19543942063026032
lipid,C7H10O2,7,10,2,0,0,0,1.4285714285714286,0.2857142857142857,0.0,0.0,0.0,,0.19543942063026032
lipid,C9H18,9,18,0,0,0,0,2.0,0.0,0.0,0.0,0.0,,0.19543942063026032
lipid,C2H2Cl2O2,2,2,2,0,0,0,1.0,1.0,0.0,0.0,0.0,,0.19543942063026032
lipid,C5H4O4,5,4,4,0,0,0,0.8,0.8,0.0,0.0,0.0,,0.19543942063026032
lipid,C6H14O,6,14,1,0,0,0,2.3333333333333335,0.16666666666666666,0.0,0.0,0.0,,0.19543942063026032
lipid,C8H10O,8,10,1,0,0,0,1.25,0.125,0.0,0.0,0.0,,0.19543942063026032
lipid,C4H7NO3,4,7,3,1,0,0,1.75,0.75,0.25,0.0,0.0,inf,0.19543942063026032
lipid,C8H14O,8,14,1,0,0,0,1.75,0.125,0.0,0.0,0.0,,0.19543942063026032
lipid,C6H12O2,6,12,2,0,0,0,2.0,0.3333333333333333,0.0,0.0,0.0,,0.19543942063026032
lipid,C7H16O,7,16,1,0,0,0,2.2857142857142856,0.14285714285714285,0.0,0.0,0.0,,0.19543942063026032
lipid,C4H8O3,4,8,3,0,0,0,2.0,0.75,0.0,0.0,0.0,,0.19543942063026032
lipid,C3H8N2O2,3,8,2,2,0,0,2.6666666666666665,0.6666666666666666,0.6666666666666666,0.0,0.0,inf,0.19543942063026032
lipid,C3H4O4,3,4,4,0,0,0,1.3333333333333333,1.3333333333333333,0.0,0.0,0.0,,0.19543942063026032
lipid,C3H3ClO2,3,3,2,0,0,0,1.0,0.6666666666666666,0.0,0.0,0.0,,0.19543942063026032
lipid,C6H6O2,6,6,2,0,0,0,1.0,0.3333333333333333,0.0,0.0,0.0,,0.19543942063026032
lipid,C7H10O,7,10,1,0,0,0,1.4285714285714286,0.14285714285714285,0.0,0.0,0.0,,0.19543942063026032
lipid,C6H8O2,6,8,2,0,0,0,1.3333333333333333,0.3333333333333333,0.0,0.0,0.0,,0.19543942063026032
lipid,C3H7NO3,3,7,3,1,0,0,2.3333333333333335,1.0,0.3333333333333333,0.0,0.0,inf,0.19543942063026032
lipid,C8H16,8,16,0,0,0,0,2.0,0.0,0.0,0.0,0.0,,0.19543942063026032
lipid,C5H6O3,5,6,3,0,0,0,1.2,0.6,0.0,0.0,0.0,,0.19543942063026032
lipid,C6H10O2,6,10,2,0,0,0,1.6666666666666667,0.3333333333333333,0.0,0.0,0.0,,0.19543942063026032
lipid,C7H14O,7,14,1,0,0,0,2.0,0.14285714285714285,0.0,0.0,0.0,,0.19543942063026032
lipid,C8H18,8,18,0,0,0,0,2.25,0.0,0.0,0.0,0.0,,0.19543942063026032
lipid,C5H8O3,5,8,3,0,0,0,1.6,0.6,0.0,0.0,0.0,,0.19543942063026032
lipid,C7H12O,7,12,1,0,0,0,1.7142857142857142,0.14285714285714285,0.0,0.0,0.0,,0.19543942063026032
lipid,C4H8N2O2,4,8,2,2,0,0,2.0,0.5,0.5,0.0,0.0,inf,0.19543942063026032
peptide,C287H442O78N86S6,287,444,79,86,6,0,1.5470383275261324,0.27526132404181186,0.29965156794425085,0.020905923344947737,0.0,inf,3.796577946768061
peptide,C284H436O78N84S7,284,438,79,84,7,0,1.5422535211267605,0.27816901408450706,0.29577464788732394,0.02464788732394366,0.0,inf,3.796577946768061
peptide,C284H436O79N84S6,284,438,80,84,6,0,1.5422535211267605,0.28169014084507044,0.29577464788732394,0.02112676056338028,0.0,inf,3.796577946768061
peptide,C284H436O79N84S6,284,438,80,84,6,0,1.5422535211267605,0.28169014084507044,0.29577464788732394,0.02112676056338028,0.0,inf,3.796577946768061
peptide,C284H436O80N84S5,284,438,81,84,5,0,1.5422535211267605,0.2852112676056338,0.29577464788732394,0.017605633802816902,0.0,inf,3.796577946768061
peptide,C265H423O104N75S2,265,425,105,75,2,0,1.6037735849056605,0.39622641509433965,0.2830188679245283,0.007547169811320755,0.0,inf,3.796577946768061
peptide,C281H483O78N87S2,281,485,79,87,2,0,1.7259786476868328,0.28113879003558717,0.3096085409252669,0.0071174377224199285,0.0,inf,3.796577946768061
peptide,C277H430O77N84S7,277,432,78,84,7,0,1.55956678700361,0.2815884476534296,0.30324909747292417,0.02527075812274368,0.0,inf,3.796577946768061
peptide,C266H422O89N78S7,266,424,90,78,7,0,1.593984962406015,0.3383458646616541,0.2932330827067669,0.02631578947368421,0.0,inf,3.796577946768061
peptide,C289H432O78N80S2,289,434,79,80,2,0,1.5017301038062283,0.27335640138408307,0.2768166089965398,0.006920415224913495,0.0,inf,3.796577946768061
peptide,C277H425O75N81S7,277,427,76,81,7,0,1.5415162454873645,0.2743682310469314,0.2924187725631769,0.02527075812274368,0.0,inf,3.796577946768061
peptide,C269H450O79N94S1,269,452,80,94,1,0,1.6802973977695168,0.29739776951672864,0.34944237918215615,0.0037174721189591076,0.0,inf,3.796577946768061
peptide,C279H438O89N78S3,279,440,90,78,3,0,1.5770609318996416,0.3225806451612903,0.27956989247311825,0.010752688172043012,0.0,inf,3.796577946768061
peptide,C62H102O22N22S14,62,104,23,22,14,0,1.6774193548387097,0.3709677419354839,0.3548387096774194,0.22580645161290322,0.0,inf,3.796577946768061
peptide,C281H455O90N89S8,281,457,91,89,8,0,1.6263345195729537,0.3238434163701068,0.3167259786476868,0.028469750889679714,0.0,inf,3.796577946768061
peptide,C280H437O82N81S10,280,439,83,81,10,0,1.5678571428571428,0.29642857142857143,0.2892857142857143,0.03571428571428571,0.0,inf,3.796577946768061
peptide,C291H435O88N77S6,291,437,89,77,6,0,1.5017182130584192,0.30584192439862545,0.2646048109965636,0.020618556701030927,0.0,inf,3.796577946768061
peptide,C303H468O83N80S3,303,470,84,80,3,0,1.551155115511551,0.27722772277227725,0.264026402640264,0.009900990099009901,0.0,inf,3.796577946768061
peptide,C271H429O87N81S14,271,431,88,81,14,0,1.5904059040590406,0.3247232472324723,0.2988929889298893,0.05166051660516605,0.0,inf,3.796577946768061
peptide,C293H423O96N79S5,293,425,97,79,5,0,1.4505119453924915,0.3310580204778157,0.2696245733788396,0.017064846416382253,0.0,inf,3.796577946768061
peptide,C296H428O96N76S6,296,430,97,76,6,0,1.4527027027027026,0.3277027027027027,0.25675675675675674,0.02027027027027027,0.0,inf,3.796577946768061
peptide,C281H447O89N87S10,281,449,90,87,10,0,1.597864768683274,0.3202846975088968,0.3096085409252669,0.03558718861209965,0.0,inf,3.796577946768061
peptide,C282H461O93N87S8,282,463,94,87,8,0,1.6418439716312057,0.3333333333333333,0.30851063829787234,0.028368794326241134,0.0,inf,3.796577946768061
peptide,C290H445O90N87S7,290,447,91,87,7,0,1.5413793103448277,0.3137931034482759,0.3,0.02413793103448276,0.0,inf,3.796577946768061
peptide,C299H445O92N81S6,299,447,93,81,6,0,1.4949832775919731,0.3110367892976589,0.2709030100334448,0.020066889632107024,0.0,inf,3.796577946768061
peptide,C286H449O93N87S8,286,451,94,87,8,0,1.5769230769230769,0.32867132867132864,0.3041958041958042,0.027972027972027972,0.0,inf,3.796577946768061
peptide,C56H90O26N22S4,56,92,27,22,4,0,1.6428571428571428,0.48214285714285715,0.39285714285714285,0.07142857142857142,0.0,inf,3.796577946768061
peptide,C271H401O81N79S7,271,403,82,79,7,0,1.4870848708487086,0.3025830258302583,0.2915129151291513,0.025830258302583026,0.0,inf,3.796577946768061
peptide,C283H442O92N82S14,283,444,93,82,14,0,1.568904593639576,0.3286219081272085,0.28975265017667845,0.04946996466431095,0.0,inf,3.796577946768061
peptide,C288H444O78N86S6,288,446,79,86,6,0,1.5486111111111112,0.2743055555555556,0.2986111111111111,0.020833333333333332,0.0,inf,3.796577946768061
peptide,C262H417O86N77S7,262,419,87,77,7,0,1.599236641221374,0.3320610687022901,0.29389312977099236,0.026717557251908396,0.0,inf,3.796577946768061
peptide,C240H384O81N74S11,240,386,82,74,11,0,1.6083333333333334,0.3416666666666667,0.30833333333333335,0.04583333333333333,0.0,inf,3.796577946768061
peptide,C284H473O75N81,284,475,76,81,0,0,1.6725352112676057,0.2676056338028169,0.2852112676056338,0.0,0.0,inf,3.796577946768061
peptide,C300H456O91N86S6,300,458,92,86,6,0,1.5266666666666666,0.30666666666666664,0.2866666666666667,0.02,0.0,inf,3.796577946768061
peptide,C238H365O77N65S6,238,367,78,65,6,0,1.5420168067226891,0.3277310924369748,0.27310924369747897,0.025210084033613446,0.0,inf,3.796577946768061
peptide,C231H360O80N66S7,231,362,81,66,7,0,1.567099567099567,0.35064935064935066,0.2857142857142857,0.030303030303030304,0.0,inf,3.796577946768061
peptide,C249H367O82N59S5,249,369,83,59,5,0,1.4819277108433735,0.3333333333333333,0.23694779116465864,0.020080321285140562,0.0,inf,3.796577946768061
peptide,C239H342O79N70S7,239,344,80,70,7,0,1.4393305439330544,0.33472803347280333,0.2928870292887029,0.029288702928870293,0.0,inf,3.796577946768061
peptide,C252H377O85N61S4,252,379,86,61,4,0,1.503968253968254,0.3412698412698413,0.24206349206349206,0.015873015873015872,0.0,inf,3.796577946768061
peptide,C256H390O86N60S3,256,392,87,60,3,0,1.53125,0.33984375,0.234375,0.01171875,0.0,inf,3.796577946768061
peptide,C245H375O85N65S7,245,377,86,65,7,0,1.5387755102040817,0.3510204081632653,0.2653061224489796,0.02857142857142857,0.0,inf,3.796577946768061
peptide,C259H382O86N60S4,259,384,87,60,4,0,1.4826254826254825,0.3359073359073359,0.23166023166023167,0.015444015444015444,0.0,inf,3.796577946768061
peptide,C249H388O90N66S3,249,390,91,66,3,0,1.5662650602409638,0.3654618473895582,0.26506024096385544,0.012048192771084338,0.0,inf,3.796577946768061
peptide,C263H407O81N63S4,263,409,82,63,4,0,1.5551330798479088,0.311787072243346,0.23954372623574144,0.015209125475285171,0.0,inf,3.796577946768061
peptide,C262H385O85N61S4,262,387,86,61,4,0,1.4770992366412214,0.3282442748091603,0.23282442748091603,0.015267175572519083,0.0,inf,3.796577946768061
peptide,C255H400O93N66S2,255,402,94,66,2,0,1.576470588235294,0.3686274509803922,0.25882352941176473,0.00784313725490196,0.0,inf,3.796577946768061
peptide,C251H398O83N74S7,251,400,84,74,7,0,1.593625498007968,0.3346613545816733,0.2948207171314741,0.027888446215139442,0.0,inf,3.796577946768061
peptide,C258H400O83N70S6,258,402,84,70,6,0,1.558139534883721,0.32558139534883723,0.2713178294573643,0.023255813953488372,0.0,inf,3.796577946768061
peptide,C251H398O83N74S7,251,400,84,74,7,0,1.593625498007968,0.3346613545816733,0.2948207171314741,0.027888446215139442,0.0,inf,3.796577946768061
peptide,C257H398O85N70S6,257,400,86,70,6,0,1.556420233463035,0.3346303501945525,0.2723735408560311,0.023346303501945526,0.0,inf,3.796577946768061
peptide,C265H392O85N66S5,265,394,86,66,5,0,1.4867924528301886,0.32452830188679244,0.2490566037735849,0.018867924528301886,0.0,inf,3.796577946768061
peptide,C65H110O28N20S4,65,112,29,20,4,0,1.7230769230769232,0.4461538461538462,0.3076923076923077,0.06153846153846154,0.0,inf,3.796577946768061
peptide,C60H100O24N20S6,60,102,25,20,6,0,1.7,0.4166666666666667,0.3333333333333333,0.1,0.0,inf,3.796577946768061
peptide,C267H400O76N76S6,267,402,77,76,6,0,1.5056179775280898,0.2883895131086142,0.2846441947565543,0.02247191011235955,0.0,inf,3.796577946768061
peptide,C66H112O29N20S3,66,114,30,20,3,0,1.7272727272727273,0.45454545454545453,0.30303030303030304,0.045454545454545456,0.0,inf,3.796577946768061
peptide,C62H104O25N20S3,62,106,26,20,3,0,1.7096774193548387,0.41935483870967744,0.3225806451612903,0.04838709677419355,0.0,inf,3.796577946768061
peptide,C60H100O26N20S4,60,102,27,20,4,0,1.7,0.45,0.3333333333333333,0.06666666666666667,0.0,inf,3.796577946768061
peptide,C61H102O25N20S3,61,104,26,20,3,0,1.7049180327868851,0.4262295081967213,0.32786885245901637,0.04918032786885246,0.0,inf,3.796577946768061
peptide,C277H407O83N75S1,277,409,84,75,1,0,1.476534296028881,0.30324909747292417,0.27075812274368233,0.0036101083032490976,0.0,inf,3.796577946768061
peptide,C269H406O77N80S6,269,408,78,80,6,0,1.516728624535316,0.2899628252788104,0.29739776951672864,0.022304832713754646,0.0,inf,3.796577946768061
peptide,C270H399O82N73S7,270,401,83,73,7,0,1.4851851851851852,0.3074074074074074,0.27037037037037037,0.025925925925925925,0.0,inf,3.796577946768061
peptide,C268H398O79N78S7,268,400,80,78,7,0,1.492537313432836,0.29850746268656714,0.291044776119403,0.026119402985074626,0.0,inf,3.796577946768061
peptide,C282H439O77N77S3,282,441,78,77,3,0,1.5638297872340425,0.2765957446808511,0.2730496453900709,0.010638297872340425,0.0,inf,3.796577946768061
peptide,C291H467O95N89S7,291,469,96,89,7,0,1.611683848797251,0.32989690721649484,0.30584192439862545,0.024054982817869417,0.0,inf,3.796577946768061
peptide,C233H382O82N68S3,233,384,83,68,3,0,1.648068669527897,0.3562231759656652,0.2918454935622318,0.012875536480686695,0.0,inf,3.796577946768061
peptide,C329H526O82N80S3,329,528,83,80,3,0,1.6048632218844985,0.25227963525835867,0.24316109422492402,0.00911854103343465,0.0,inf,3.796577946768061
peptide,C436H699O135N123S7,436,701,136,123,7,0,1.6077981651376148,0.3119266055045872,0.28211009174311924,0.016055045871559634,0.0,inf,3.796577946768061
peptide,C425H714O121N142S10,425,716,122,142,10,0,1.6847058823529413,0.28705882352941176,0.3341176470588235,0.023529411764705882,0.0,inf,3.796577946768061
peptide,C430H659O135N127S10,430,661,136,127,10,0,1.5372093023255815,0.31627906976744186,0.29534883720930233,0.023255813953488372,0.0,inf,3.796577946768061
peptide,C420H654O149N120S13,420,656,150,120,13,0,1.561904761904762,0.35714285714285715,0.2857142857142857,0.030952380952380953,0.0,inf,3.796577946768061
peptide,C444H701O139N127S5,444,703,140,127,5,0,1.5833333333333333,0.3153153153153153,0.28603603603603606,0.01126126126126126,0.0,inf,3.796577946768061
peptide,C455H659O143N111S9,455,661,144,111,9,0,1.4527472527472527,0.31648351648351647,0.24395604395604395,0.01978021978021978,0.0,inf,3.796577946768061
peptide,C443H711O125N155S7,443,713,126,155,7,0,1.6094808126410836,0.28442437923250563,0.34988713318284426,0.01580135440180587,0.0,inf,3.796577946768061
peptide,C444H710O124N156S7,444,712,125,156,7,0,1.6036036036036037,0.28153153153153154,0.35135135135135137,0.015765765765765764,0.0,inf,3.796577946768061
peptide,C439H737O121N149S14,439,739,122,149,14,0,1.683371298405467,0.27790432801822323,0.33940774487471526,0.03189066059225513,0.0,inf,3.796577946768061
peptide,C511H749O149N135S4,511,751,150,135,4,0,1.4696673189823874,0.29354207436399216,0.26418786692759294,0.007827788649706457,0.0,inf,3.796577946768061
peptide,C475H786O135N162S11,475,788,136,162,11,0,1.6589473684210527,0.2863157894736842,0.3410526315789474,0.023157894736842106,0.0,inf,3.796577946768061
peptide,C472H782O135N162S11,472,784,136,162,11,0,1.6610169491525424,0.288135593220339,0.3432203389830508,0.023305084745762712,0.0,inf,3.796577946768061
peptide,C502H800O146N134S4,502,802,147,134,4,0,1.597609561752988,0.29282868525896416,0.26693227091633465,0.00796812749003984,0.0,inf,3.796577946768061
peptide,C495H728O142N136S9,495,730,143,136,9,0,1.4747474747474747,0.28888888888888886,0.27474747474747474,0.01818181818181818,0.0,inf,3.796577946768061
peptide,C475H781O142N141S12,475,783,143,141,12,0,1.648421052631579,0.30105263157894735,0.2968421052631579,0.02526315789473684,0.0,inf,3.796577946768061
peptide,C498H734O140N136S7,498,736,141,136,7,0,1.4779116465863453,0.28313253012048195,0.27309236947791166,0.014056224899598393,0.0,inf,3.796577946768061
peptide,C491H829O139N145S2,491,831,140,145,2,0,1.6924643584521384,0.285132382892057,0.2953156822810591,0.004073319755600814,0.0,inf,3.796577946768061
peptide,C475H756O135N136S11,475,758,136,136,11,0,1.5957894736842104,0.2863157894736842,0.2863157894736842,0.023157894736842106,0.0,inf,3.796577946768061
peptide,C454H753O128N157S11,454,755,129,157,11,0,1.6629955947136563,0.2841409691629956,0.3458149779735683,0.024229074889867842,0.0,inf,3.796577946768061
peptide,C458H737O130N159S8,458,739,131,159,8,0,1.6135371179039302,0.28602620087336245,0.3471615720524017,0.017467248908296942,0.0,inf,3.796577946768061
peptide,C457H737O128N159S8,457,739,129,159,8,0,1.6170678336980306,0.28227571115973743,0.3479212253829322,0.0175054704595186,0.0,inf,3.796577946768061
peptide,C456H735O128N159S8,456,737,129,159,8,0,1.6162280701754386,0.28289473684210525,0.34868421052631576,0.017543859649122806,0.0,inf,3.796577946768061
peptide,C454H729O130N157S8,454,731,131,157,8,0,1.6101321585903083,0.28854625550660795,0.3458149779735683,0.01762114537444934,0.0,inf,3.796577946768061
peptide,C471H722O154N118S7,471,724,155,118,7,0,1.5371549893842889,0.32908704883227174,0.2505307855626327,0.014861995753715499,0.0,inf,3.796577946768061
peptide,C453H729O128N157S8,453,731,129,157,8,0,1.6136865342163356,0.2847682119205298,0.3465783664459161,0.017660044150110375,0.0,inf,3.796577946768061
peptide,C479H773O133N137S3,479,775,134,137,3,0,1.6179540709812108,0.2797494780793319,0.2860125260960334,0.006263048016701462,0.0,inf,3.796577946768061
peptide,C456H689O125N151S7,456,691,126,151,7,0,1.5153508771929824,0.27631578947368424,0.33114035087719296,0.015350877192982455,0.0,inf,3.796577946768061
peptide,C456H742O128N146S6,456,744,129,146,6,0,1.631578947368421,0.28289473684210525,0.3201754385964912,0.013157894736842105,0.0,inf,3.796577946768061
peptide,C441H692O143N142S7,441,694,144,142,7,0,1.5736961451247165,0.32653061224489793,0.3219954648526077,0.015873015873015872,0.0,inf,3.796577946768061
peptide,C443H664O129N128S5,443,666,130,128,5,0,1.5033860045146727,0.29345372460496616,0.28893905191873587,0.011286681715575621,0.0,inf,3.796577946768061
peptide,C417H699O114N139S15,417,701,115,139,15,0,1.6810551558752997,0.27577937649880097,0.3333333333333333,0.03597122302158273,0.0,inf,3.796577946768061
peptide,C433H694O134N122S7,433,696,135,122,7,0,1.6073903002309469,0.3117782909930716,0.2817551963048499,0.016166281755196306,0.0,inf,3.796577946768061
peptide,C420H706O118N140S10,420,708,119,140,10,0,1.6857142857142857,0.2833333333333333,0.3333333333333333,0.023809523809523808,0.0,inf,3.796577946768061
peptide,C301H464O92N86S8,301,466,93,86,8,0,1.548172757475083,0.3089700996677741,0.2857142857142857,0.026578073089700997,0.0,inf,3.796577946768061
peptide,C291H482O90N100S6,291,484,91,100,6,0,1.6632302405498283,0.3127147766323024,0.3436426116838488,0.020618556701030927,0.0,inf,3.796577946768061
peptide,C307H462O98N78S8,307,464,99,78,8,0,1.511400651465798,0.32247557003257327,0.254071661237785,0.026058631921824105,0.0,inf,3.796577946768061
peptide,C317H447O88N87S7,317,449,89,87,7,0,1.416403785488959,0.2807570977917981,0.2744479495268139,0.022082018927444796,0.0,inf,3.796577946768061
peptide,C323H553O73N105S2,323,555,74,105,2,0,1.7182662538699691,0.22910216718266255,0.32507739938080493,0.006191950464396285,0.0,inf,3.796577946768061
peptide,C309H486O89N94S9,309,488,90,94,9,0,1.5792880258899675,0.2912621359223301,0.3042071197411003,0.02912621359223301,0.0,inf,3.796577946768061
peptide,C329H465O96N81S5,329,467,97,81,5,0,1.419452887537994,0.2948328267477204,0.24620060790273557,0.015197568389057751,0.0,inf,3.796577946768061
peptide,C313H537O94N99S2,313,539,95,99,2,0,1.7220447284345048,0.3035143769968051,0.31629392971246006,0.006389776357827476,0.0,inf,3.796577946768061
peptide,C315H480O92N96S6,315,482,93,96,6,0,1.53015873015873,0.29523809523809524,0.3047619047619048,0.01904761904761905,0.0,inf,3.796577946768061
peptide,C311H483O114N85S2,311,485,115,85,2,0,1.5594855305466238,0.36977491961414793,0.2733118971061093,0.006430868167202572,0.0,inf,3.796577946768061
peptide,C336H501O96N89S8,336,503,97,89,8,0,1.4970238095238095,0.28869047619047616,0.2648809523809524,0.023809523809523808,0.0,inf,3.796577946768061
peptide,C316H504O105N98S7,316,506,106,98,7,0,1.6012658227848102,0.33544303797468356,0.310126582278481,0.022151898734177215,0.0,inf,3.796577946768061
peptide,C343H489O103N91S6,343,491,104,91,6,0,1.4314868804664722,0.3032069970845481,0.2653061224489796,0.01749271137026239,0.0,inf,3.796577946768061
peptide,C319H517O107N95S12,319,519,108,95,12,0,1.6269592476489028,0.3385579937304075,0.29780564263322884,0.03761755485893417,0.0,inf,3.796577946768061
peptide,C321H480O77N86S6,321,482,78,86,6,0,1.5015576323987538,0.24299065420560748,0.26791277258566976,0.018691588785046728,0.0,inf,3.796577946768061
peptide,C339H544O99N104S6,339,546,100,104,6,0,1.6106194690265487,0.2949852507374631,0.30678466076696165,0.017699115044247787,0.0,inf,3.796577946768061
peptide,C353H560O103N102S5,353,562,104,102,5,0,1.5920679886685551,0.29461756373937675,0.28895184135977336,0.014164305949008499,0.0,inf,3.796577946768061
peptide,C346H535O114N97S11,346,537,115,97,11,0,1.5520231213872833,0.33236994219653176,0.28034682080924855,0.031791907514450865,0.0,inf,3.796577946768061
peptide,C368H557O104N107S8,368,559,105,107,8,0,1.5190217391304348,0.28532608695652173,0.2907608695652174,0.021739130434782608,0.0,inf,3.796577946768061
peptide,C388H601O98N107S4,388,603,99,107,4,0,1.5541237113402062,0.2551546391752577,0.2757731958762887,0.010309278350515464,0.0,inf,3.796577946768061
peptide,C375H574O109N102S9,375,576,110,102,9,0,1.536,0.29333333333333333,0.272,0.024,0.0,inf,3.796577946768061
peptide,C375H595O104N123S8,375,597,105,123,8,0,1.592,0.28,0.328,0.021333333333333333,0.0,inf,3.796577946768061
peptide,C383H590O117N110S5,383,592,118,110,5,0,1.5456919060052219,0.30809399477806787,0.28720626631853785,0.013054830287206266,0.0,inf,3.796577946768061
peptide,C391H643O112N129S1,391,645,113,129,1,0,1.649616368286445,0.289002557544757,0.329923273657289,0.0025575447570332483,0.0,inf,3.796577946768061
peptide,C392H616O115N124S6,392,618,116,124,6,0,1.5765306122448979,0.29591836734693877,0.3163265306122449,0.015306122448979591,0.0,inf,3.796577946768061
peptide,C412H639O119N119S3,412,641,120,119,3,0,1.5558252427184467,0.2912621359223301,0.28883495145631066,0.007281553398058253,0.0,inf,3.796577946768061
peptide,C412H646O126N100S11,412,648,127,100,11,0,1.5728155339805825,0.308252427184466,0.24271844660194175,0.02669902912621359,0.0,inf,3.796577946768061
peptide,C393H635O140N119S5,393,637,141,119,5,0,1.6208651399491094,0.35877862595419846,0.30279898218829515,0.01272264631043257,0.0,inf,3.796577946768061
peptide,C436H644O111N130S1,436,646,112,130,1,0,1.481651376146789,0.25688073394495414,0.2981651376146789,0.0022935779816513763,0.0,inf,3.796577946768061
peptide,C420H639O138N113S9,420,641,139,113,9,0,1.526190476190476,0.33095238095238094,0.26904761904761904,0.02142857142857143,0.0,inf,3.796577946768061
peptide,C343H496O104N100S7,343,498,105,100,7,0,1.4518950437317784,0.30612244897959184,0.2915451895043732,0.02040816326530612,0.0,inf,3.796577946768061
peptide,C239H352O71N70S6,239,354,72,70,6,0,1.4811715481171548,0.301255230125523,0.2928870292887029,0.02510460251046025,0.0,inf,3.796577946768061
peptide,C3H5ON,3,7,2,1,0,0,2.3333333333333335,0.6666666666666666,0.3333333333333333,0.0,0.0,inf,3.796577946768061
peptide,C230H387O63N73S8,230,389,64,73,8,0,1.691304347826087,0.2782608695652174,0.3173913043478261,0.034782608695652174,0.0,inf,3.796577946768061
peptide,C62H83O26N13S1,62,85,27,13,1,0,1.3709677419354838,0.43548387096774194,0.20967741935483872,0.016129032258064516,0.0,inf,3.796577946768061
peptide,C84H117O27N27,84,119,28,27,0,0,1.4166666666666667,0.3333333333333333,0.32142857142857145,0.0,0.0,inf,3.796577946768061
peptide,C82H124O25N20S5,82,126,26,20,5,0,1.5365853658536586,0.3170731707317073,0.24390243902439024,0.06097560975609756,0.0,inf,3.796577946768061
peptide,C20H33O8N7S4,20,35,9,7,4,0,1.75,0.45,0.35,0.2,0.0,inf,3.796577946768061
peptide,C103H158O23N24,103,160,24,24,0,0,1.5533980582524272,0.23300970873786409,0.23300970873786409,0.0,0.0,inf,3.796577946768061
peptide,C88H137O26N25S5,88,139,27,25,5,0,1.5795454545454546,0.3068181818181818,0.2840909090909091,0.056818181818181816,0.0,inf,3.796577946768061
peptide,C17H27O7N7S2,17,29,8,7,2,0,1.7058823529411764,0.47058823529411764,0.4117647058823529,0.11764705882352941,0.0,inf,3.796577946768061
peptide,C85H141O22N27S9,85,143,23,27,9,0,1.6823529411764706,0.27058823529411763,0.3176470588235294,0.10588235294117647,0.0,inf,3.796577946768061
peptide,C106H149O24N27S1,106,151,25,27,1,0,1.4245283018867925,0.2358490566037736,0.25471698113207547,0.009433962264150943,0.0,inf,3.796577946768061
peptide,C96H147O34N25S4,96,149,35,25,4,0,1.5520833333333333,0.3645833333333333,0.2604166666666667,0.041666666666666664,0.0,inf,3.796577946768061
peptide,C99H153O34N25S4,99,155,35,25,4,0,1.5656565656565657,0.35353535353535354,0.25252525252525254,0.04040404040404041,0.0,inf,3.796577946768061
peptide,C78H127O35N21,78,129,36,21,0,0,1.6538461538461537,0.46153846153846156,0.2692307692307692,0.0,0.0,inf,3.796577946768061
peptide,C111H162O38N28,111,164,39,28,0,0,1.4774774774774775,0.35135135135135137,0.25225225225225223,0.0,0.0,inf,3.796577946768061
peptide,C111H179O33N31S1,111,181,34,31,1,0,1.6306306306306306,0.3063063063063063,0.27927927927927926,0.009009009009009009,0.0,inf,3.796577946768061
peptide,C112H190O31N36S1,112,192,32,36,1,0,1.7142857142857142,0.2857142857142857,0.32142857142857145,0.008928571428571428,0.0,inf,3.796577946768061
peptide,C113H176O30N34S9,113,178,31,34,9,0,1.575221238938053,0.2743362831858407,0.3008849557522124,0.07964601769911504,0.0,inf,3.796577946768061
peptide,C128H191O36N33S1,128,193,37,33,1,0,1.5078125,0.2890625,0.2578125,0.0078125,0.0,inf,3.796577946768061
peptide,C124H182O44N28S2,124,184,45,28,2,0,1.4838709677419355,0.3629032258064516,0.22580645161290322,0.016129032258064516,0.0,inf,3.796577946768061
peptide,C142H191O34N29S1,142,193,35,29,1,0,1.3591549295774648,0.24647887323943662,0.20422535211267606,0.007042253521126761,0.0,inf,3.796577946768061
peptide,C138H206O33N34S2,138,208,34,34,2,0,1.5072463768115942,0.2463768115942029,0.2463768115942029,0.014492753623188406,0.0,inf,3.796577946768061
peptide,C126H197O43N39S2,126,199,44,39,2,0,1.5793650793650793,0.3492063492063492,0.30952380952380953,0.015873015873015872,0.0,inf,3.796577946768061
peptide,C129H204O42N32S6,129,206,43,32,6,0,1.5968992248062015,0.3333333333333333,0.24806201550387597,0.046511627906976744,0.0,inf,3.796577946768061
peptide,C133H213O39N37S6,133,215,40,37,6,0,1.6165413533834587,0.3007518796992481,0.2781954887218045,0.045112781954887216,0.0,inf,3.796577946768061
peptide,C32H53O12N11S7,32,55,13,11,7,0,1.71875,0.40625,0.34375,0.21875,0.0,inf,3.796577946768061
peptide,C135H221O41N39S6,135,223,42,39,6,0,1.651851851851852,0.3111111111111111,0.28888888888888886,0.044444444444444446,0.0,inf,3.796577946768061
peptide,C32H53O12N11S6,32,55,13,11,6,0,1.71875,0.40625,0.34375,0.1875,0.0,inf,3.796577946768061
peptide,C32H53O12N11S6,32,55,13,11,6,0,1.71875,0.40625,0.34375,0.1875,0.0,inf,3.796577946768061
peptide,C32H53O13N11S5,32,55,14,11,5,0,1.71875,0.4375,0.34375,0.15625,0.0,inf,3.796577946768061
peptide,C32H53O13N11S5,32,55,14,11,5,0,1.71875,0.4375,0.34375,0.15625,0.0,inf,3.796577946768061
peptide,C62H83O25N13S1,62,85,26,13,1,0,1.3709677419354838,0.41935483870967744,0.20967741935483872,0.016129032258064516,0.0,inf,3.796577946768061
peptide,C155H220O44N34S1,155,222,45,34,1,0,1.4322580645161291,0.2903225806451613,0.21935483870967742,0.0064516129032258064,0.0,inf,3.796577946768061
peptide,C52H95O17N21,52,97,18,21,0,0,1.8653846153846154,0.34615384615384615,0.40384615384615385,0.0,0.0,inf,3.796577946768061
peptide,C57H92O17N16,57,94,18,16,0,0,1.6491228070175439,0.3157894736842105,0.2807017543859649,0.0,0.0,inf,3.796577946768061
peptide,C261H383O65N61S3,261,385,66,61,3,0,1.475095785440613,0.25287356321839083,0.23371647509578544,0.011494252873563218,0.0,inf,3.796577946768061
peptide,C6H12ON4,6,14,2,4,0,0,2.3333333333333335,0.3333333333333333,0.6666666666666666,0.0,0.0,inf,3.796577946768061
peptide,C4H6O2N2,4,8,3,2,0,0,2.0,0.75,0.5,0.0,0.0,inf,3.796577946768061
peptide,C4H5O3N,4,7,4,1,0,0,1.75,1.0,0.25,0.0,0.0,inf,3.796577946768061
peptide,C3H5ONS,3,7,2,1,1,0,2.3333333333333335,0.6666666666666666,0.3333333333333333,0.3333333333333333,0.0,inf,3.796577946768061
peptide,C5H7O3N,5,9,4,1,0,0,1.8,0.8,0.2,0.0,0.0,inf,3.796577946768061
peptide,C5H8O2N2,5,10,3,2,0,0,2.0,0.6,0.4,0.0,0.0,inf,3.796577946768061
peptide,C2H3ON,2,5,2,1,0,0,2.5,1.0,0.5,0.0,0.0,inf,3.796577946768061
peptide,C6H7ON3,6,9,2,3,0,0,1.5,0.3333333333333333,0.5,0.0,0.0,inf,3.796577946768061
peptide,C6H11ON,6,13,2,1,0,0,2.1666666666666665,0.3333333333333333,0.16666666666666666,0.0,0.0,inf,3.796577946768061
peptide,C6H11ON,6,13,2,1,0,0,2.1666666666666665,0.3333333333333333,0.16666666666666666,0.0,0.0,inf,3.796577946768061
peptide,C6H12ON2,6,14,2,2,0,0,2.3333333333333335,0.3333333333333333,0.3333333333333333,0.0,0.0,inf,3.796577946768061
peptide,C5H9ONS,5,11,2,1,1,0,2.2,0.4,0.2,0.2,0.0,inf,3.796577946768061
peptide,C9H9ON,9,11,2,1,0,0,1.2222222222222223,0.2222222222222222,0.1111111111111111,0.0,0.0,inf,3.796577946768061
peptide,C5H7ON,5,9,2,1,0,0,1.8,0.4,0.2,0.0,0.0,inf,3.796577946768061
peptide,C3H5O2N,3,7,3,1,0,0,2.3333333333333335,1.0,0.3333333333333333,0.0,0.0,inf,3.796577946768061
peptide,C4H7O2N,4,9,3,1,0,0,2.25,0.75,0.25,0.0,0.0,inf,3.796577946768061
peptide,C11H10ON2,11,12,2,2,0,0,1.0909090909090908,0.18181818181818182,0.18181818181818182,0.0,0.0,inf,3.796577946768061
peptide,C9H9O2N,9,11,3,1,0,0,1.2222222222222223,0.3333333333333333,0.1111111111111111,0.0,0.0,inf,3.796577946768061
peptide,C12H20O5N4S1,12,22,6,4,1,0,1.8333333333333333,0.5,0.3333333333333333,0.08333333333333333,0.0,inf,3.796577946768061
peptide,C31H43O10N7,31,45,11,7,0,0,1.4516129032258065,0.3548387096774194,0.22580645161290322,0.0,0.0,inf,3.796577946768061
peptide,C42H56O11N8,42,58,12,8,0,0,1.380952380952381,0.2857142857142857,0.19047619047619047,0.0,0.0,inf,3.796577946768061
peptide,C37H65O14N11,37,67,15,11,0,0,1.8108108108108107,0.40540540540540543,0.2972972972972973,0.0,0.0,inf,3.796577946768061
peptide,C50H69O11N13,50,71,12,13,0,0,1.42,0.24,0.26,0.0,0.0,inf,3.796577946768061
peptide,C51H70O13N10,51,72,14,10,0,0,1.411764705882353,0.27450980392156865,0.19607843137254902,0.0,0.0,inf,3.796577946768061
peptide,C48H80O13N12S1,48,82,14,12,1,0,1.7083333333333333,0.2916666666666667,0.25,0.020833333333333332,0.0,inf,3.796577946768061
peptide,C43H72O22N14S1,43,74,23,14,1,0,1.7209302325581395,0.5348837209302325,0.32558139534883723,0.023255813953488372,0.0,inf,3.796577946768061
peptide,C56H94O15N14S1,56,96,16,14,1,0,1.7142857142857142,0.2857142857142857,0.25,0.017857142857142856,0.0,inf,3.796577946768061
peptide,C57H92O16N14S1,57,94,17,14,1,0,1.6491228070175439,0.2982456140350877,0.24561403508771928,0.017543859649122806,0.0,inf,3.796577946768061
peptide,C62H87O13N17,62,89,14,17,0,0,1.435483870967742,0.22580645161290322,0.27419354838709675,0.0,0.0,inf,3.796577946768061
peptide,C148H223O36N43S6,148,225,37,43,6,0,1.5202702702702702,0.25,0.2905405405405405,0.04054054054054054,0.0,inf,3.796577946768061
peptide,C5H9ON,5,11,2,1,0,0,2.2,0.4,0.2,0.0,0.0,inf,3.796577946768061
peptide,C29H47O12N11S3,29,49,13,11,3,0,1.6896551724137931,0.4482758620689655,0.3793103448275862,0.10344827586206896,0.0,inf,3.796577946768061
peptide,C180H276O63N54S6,180,278,64,54,6,0,1.5444444444444445,0.35555555555555557,0.3,0.03333333333333333,0.0,inf,3.796577946768061
peptide,C197H299O66N47S2,197,301,67,47,2,0,1.5279187817258884,0.3401015228426396,0.23857868020304568,0.01015228426395939,0.0,inf,3.796577946768061
peptide,C182H277O65N55S6,182,279,66,55,6,0,1.532967032967033,0.3626373626373626,0.3021978021978022,0.03296703296703297,0.0,inf,3.796577946768061
peptide,C183H279O68N51S7,183,281,69,51,7,0,1.53551912568306,0.3770491803278688,0.2786885245901639,0.03825136612021858,0.0,inf,3.796577946768061
peptide,C206H306O62N50S2,206,308,63,50,2,0,1.4951456310679612,0.3058252427184466,0.24271844660194175,0.009708737864077669,0.0,inf,3.796577946768061
peptide,C191H309O69N55S2,191,311,70,55,2,0,1.6282722513089005,0.36649214659685864,0.2879581151832461,0.010471204188481676,0.0,inf,3.796577946768061
peptide,C201H308O56N60S3,201,310,57,60,3,0,1.5422885572139304,0.2835820895522388,0.29850746268656714,0.014925373134328358,0.0,inf,3.796577946768061
peptide,C214H301O60N49S2,214,303,61,49,2,0,1.4158878504672898,0.2850467289719626,0.22897196261682243,0.009345794392523364,0.0,inf,3.796577946768061
peptide,C200H317O64N55S6,200,319,65,55,6,0,1.595,0.325,0.275,0.03,0.0,inf,3.796577946768061
peptide,C202H319O63N55S6,202,321,64,55,6,0,1.5891089108910892,0.31683168316831684,0.2722772277227723,0.0297029702970297,0.0,inf,3.796577946768061
peptide,C211H335O57N61S4,211,337,58,61,4,0,1.5971563981042654,0.27488151658767773,0.2890995260663507,0.018957345971563982,0.0,inf,3.796577946768061
peptide,C198H338O55N68S8,198,340,56,68,8,0,1.7171717171717171,0.2828282828282828,0.3434343434343434,0.04040404040404041,0.0,inf,3.796577946768061
peptide,C201H332O63N62S6,201,334,64,62,6,0,1.6616915422885572,0.31840796019900497,0.30845771144278605,0.029850746268656716,0.0,inf,3.796577946768061
peptide,C198H302O68N62S6,198,304,69,62,6,0,1.5353535353535352,0.3484848484848485,0.31313131313131315,0.030303030303030304,0.0,inf,3.796577946768061
peptide,C47H78O20N16S6,47,80,21,16,6,0,1.702127659574468,0.44680851063829785,0.3404255319148936,0.1276595744680851,0.0,inf,3.796577946768061
peptide,C202H309O69N59S5,202,311,70,59,5,0,1.5396039603960396,0.3465346534653465,0.29207920792079206,0.024752475247524754,0.0,inf,3.796577946768061
peptide,C47H78O20N16S6,47,80,21,16,6,0,1.702127659574468,0.44680851063829785,0.3404255319148936,0.1276595744680851,0.0,inf,3.796577946768061
peptide,C214H330O53N64S7,214,332,54,64,7,0,1.5514018691588785,0.2523364485981308,0.29906542056074764,0.03271028037383177,0.0,inf,3.796577946768061
peptide,C203H345O58N67S8,203,347,59,67,8,0,1.70935960591133,0.29064039408866993,0.33004926108374383,0.03940886699507389,0.0,inf,3.796577946768061
peptide,C44H72O18N16S4,44,74,19,16,4,0,1.6818181818181819,0.4318181818181818,0.36363636363636365,0.09090909090909091,0.0,inf,3.796577946768061
peptide,C43H70O17N16S4,43,72,18,16,4,0,1.6744186046511629,0.4186046511627907,0.37209302325581395,0.09302325581395349,0.0,inf,3.796577946768061
peptide,C232H362O63N56,232,364,64,56,0,0,1.5689655172413792,0.27586206896551724,0.2413793103448276,0.0,0.0,inf,3.796577946768061
peptide,C213H334O74N58S4,213,336,75,58,4,0,1.5774647887323943,0.352112676056338,0.27230046948356806,0.018779342723004695,0.0,inf,3.796577946768061
peptide,C213H342O80N64S6,213,344,81,64,6,0,1.6150234741784038,0.38028169014084506,0.3004694835680751,0.028169014084507043,0.0,inf,3.796577946768061
peptide,C228H400O56N90S2,228,402,57,90,2,0,1.763157894736842,0.25,0.39473684210526316,0.008771929824561403,0.0,inf,3.796577946768061
peptide,C235H343O74N63S5,235,345,75,63,5,0,1.4680851063829787,0.3191489361702128,0.2680851063829787,0.02127659574468085,0.0,inf,3.796577946768061
peptide,C257H383O61N65S2,257,385,62,65,2,0,1.4980544747081712,0.24124513618677043,0.2529182879377432,0.007782101167315175,0.0,inf,3.796577946768061
peptide,C29H47O12N11S3,29,49,13,11,3,0,1.6896551724137931,0.4482758620689655,0.3793103448275862,0.10344827586206896,0.0,inf,3.796577946768061
peptide,C226H353O77N65S7,226,355,78,65,7,0,1.5707964601769913,0.34513274336283184,0.28761061946902655,0.030973451327433628,0.0,inf,3.796577946768061
peptide,C194H275O63N43S5,194,277,64,43,5,0,1.4278350515463918,0.32989690721649484,0.22164948453608246,0.02577319587628866,0.0,inf,3.796577946768061
peptide,C179H274O62N54S6,179,276,63,54,6,0,1.541899441340782,0.35195530726256985,0.3016759776536313,0.0335195530726257,0.0,inf,3.796577946768061
peptide,C43H70O17N16S5,43,72,18,16,5,0,1.6744186046511629,0.4186046511627907,0.37209302325581395,0.11627906976744186,0.0,inf,3.796577946768061
peptide,C181H275O64N47S7,181,277,65,47,7,0,1.5303867403314917,0.35911602209944754,0.2596685082872928,0.03867403314917127,0.0,inf,3.796577946768061
peptide,C167H260O49N48S6,167,262,50,48,6,0,1.5688622754491017,0.2994011976047904,0.2874251497005988,0.03592814371257485,0.0,inf,3.796577946768061
peptide,C164H253O49N47S6,164,255,50,47,6,0,1.5548780487804879,0.3048780487804878,0.2865853658536585,0.036585365853658534,0.0,inf,3.796577946768061
peptide,C158H261O37N57S6,158,263,38,57,6,0,1.6645569620253164,0.24050632911392406,0.36075949367088606,0.0379746835443038,0.0,inf,3.796577946768061
peptide,C157H259O37N57S6,157,261,38,57,6,0,1.6624203821656052,0.24203821656050956,0.3630573248407643,0.03821656050955414,0.0,inf,3.796577946768061
peptide,C159H237O53N43S4,159,239,54,43,4,0,1.5031446540880504,0.33962264150943394,0.27044025157232704,0.025157232704402517,0.0,inf,3.796577946768061
peptide,C162H242O48N46S2,162,244,49,46,2,0,1.5061728395061729,0.30246913580246915,0.2839506172839506,0.012345679012345678,0.0,inf,3.796577946768061
peptide,C174H251O55N43S3,174,253,56,43,3,0,1.4540229885057472,0.3218390804597701,0.2471264367816092,0.017241379310344827,0.0,inf,3.796577946768061
peptide,C153H233O46N43S6,153,235,47,43,6,0,1.5359477124183007,0.30718954248366015,0.28104575163398693,0.0392156862745098,0.0,inf,3.796577946768061
peptide,C27H43O12N11S2,27,45,13,11,2,0,1.6666666666666667,0.48148148148148145,0.4074074074074074,0.07407407407407407,0.0,inf,3.796577946768061
peptide,C158H232O41N40S2,158,234,42,40,2,0,1.481012658227848,0.26582278481012656,0.25316455696202533,0.012658227848101266,0.0,inf,3.796577946768061
peptide,C29H47O13N11S2,29,49,14,11,2,0,1.6896551724137931,0.4827586206896552,0.3793103448275862,0.06896551724137931,0.0,inf,3.796577946768061
peptide,C185H331O47N65S4,185,333,48,65,4,0,1.8,0.2594594594594595,0.35135135135135137,0.021621621621621623,0.0,inf,3.796577946768061
peptide,C156H230O43N38S2,156,232,44,38,2,0,1.4871794871794872,0.28205128205128205,0.24358974358974358,0.01282051282051282,0.0,inf,3.796577946768061
peptide,C29H47O13N11S2,29,49,14,11,2,0,1.6896551724137931,0.4827586206896552,0.3793103448275862,0.06896551724137931,0.0,inf,3.796577946768061
peptide,C148H239O42N51S2,148,241,43,51,2,0,1.6283783783783783,0.2905405405405405,0.34459459459459457,0.013513513513513514,0.0,inf,3.796577946768061
peptide,C178H293O53N47,178,295,54,47,0,0,1.6573033707865168,0.30337078651685395,0.2640449438202247,0.0,0.0,inf,3.796577946768061
peptide,C37H62O16N12S4,37,64,17,12,4,0,1.7297297297297298,0.4594594594594595,0.32432432432432434,0.10810810810810811,0.0,inf,3.796577946768061
peptide,C50H85O23N15S4,50,87,24,15,4,0,1.74,0.48,0.3,0.08,0.0,inf,3.796577946768061
peptide,C193H296O65N46S1,193,298,66,46,1,0,1.544041450777202,0.34196891191709844,0.23834196891191708,0.0051813471502590676,0.0,inf,3.796577946768061
peptide,C36H59O15N13S5,36,61,16,13,5,0,1.6944444444444444,0.4444444444444444,0.3611111111111111,0.1388888888888889,0.0,inf,3.796577946768061
peptide,C38H62O14N14S2,38,64,15,14,2,0,1.6842105263157894,0.39473684210526316,0.3684210526315789,0.05263157894736842,0.0,inf,3.796577946768061
peptide,C184H295O56N51S4,184,297,57,51,4,0,1.6141304347826086,0.30978260869565216,0.27717391304347827,0.021739130434782608,0.0,inf,3.796577946768061
peptide,C183H309O61N51S1,183,311,62,51,1,0,1.6994535519125684,0.33879781420765026,0.2786885245901639,0.00546448087431694,0.0,inf,3.796577946768061
peptide,C48H82O22N14S4,48,84,23,14,4,0,1.75,0.4791666666666667,0.2916666666666667,0.08333333333333333,0.0,inf,3.796577946768061
peptide,C39H64O16N14S5,39,66,17,14,5,0,1.6923076923076923,0.4358974358974359,0.358974358974359,0.1282051282051282,0.0,inf,3.796577946768061
peptide,C174H273O52N53S6,174,275,53,53,6,0,1.5804597701149425,0.3045977011494253,0.3045977011494253,0.034482758620689655,0.0,inf,3.796577946768061
peptide,C177H285O51N61S3,177,287,52,61,3,0,1.6214689265536724,0.2937853107344633,0.3446327683615819,0.01694915254237288,0.0,inf,3.796577946768061
peptide,C173H252O61N48S4,173,254,62,48,4,0,1.4682080924855492,0.3583815028901734,0.2774566473988439,0.023121387283236993,0.0,inf,3.796577946768061
peptide,C179H281O54N57,179,283,55,57,0,0,1.5810055865921788,0.30726256983240224,0.31843575418994413,0.0,0.0,inf,3.796577946768061
peptide,C35H57O13N13S1,35,59,14,13,1,0,1.6857142857142857,0.4,0.37142857142857144,0.02857142857142857,0.0,inf,3.796577946768061
peptide,C164H261O56N53S5,164,263,57,53,5,0,1.603658536585366,0.3475609756097561,0.3231707317073171,0.03048780487804878,0.0,inf,3.796577946768061
tannin,C30H26O12,30,26,12,0,0,0,0.8666666666666667,0.4,0.0,0.0,0.0,,5.200520833333333
tannin,C30H26O12,30,26,12,0,0,0,0.8666666666666667,0.4,0.0,0.0,0.0,,5.200520833333333
tannin,C30H26O12,30,26,12,0,0,0,0.8666666666666667,0.4,0.0,0.0,0.0,,5.200520833333333
tannin,C30H26O12,30,26,12,0,0,0,0.8666666666666667,0.4,0.0,0.0,0.0,,5.200520833333333
tannin,C30H26O12,30,26,12,0,0,0,0.8666666666666667,0.4,0.0,0.0,0.0,,5.200520833333333
tannin,C30H26O12,30,26,12,0,0,0,0.8666666666666667,0.4,0.0,0.0,0.0,,5.200520833333333
tannin,C30H26O12,30,26,12,0,0,0,0.8666666666666667,0.4,0.0,0.0,0.0,,5.200520833333333
tannin,C30H26O12,30,26,12,0,0,0,0.8666666666666667,0.4,0.0,0.0,0.0,,5.200520833333333
tannin,C30H26O13,30,26,13,0,0,0,0.8666666666666667,0.43333333333333335,0.0,0.0,0.0,,5.200520833333333
tannin,C30H26O13,30,26,13,0,0,0,0.8666666666666667,0.43333333333333335,0.0,0.0,0.0,,5.200520833333333
tannin,C30H26O13,30,26,13,0,0,0,0.8666666666666667,0.43333333333333335,0.0,0.0,0.0,,5.200520833333333
tannin,C30H26O13,30,26,13,0,0,0,0.8666666666666667,0.43333333333333335,0.0,0.0,0.0,,5.200520833333333
tannin,C30H26O13,30,26,13,0,0,0,0.8666666666666667,0.43333333333333335,0.0,0.0,0.0,,5.200520833333333
tannin,C30H26O13,30,26,13,0,0,0,0.8666666666666667,0.43333333333333335,0.0,0.0,0.0,,5.200520833333333
tannin,C30H26O13,30,26,13,0,0,0,0.8666666666666667,0.43333333333333335,0.0,0.0,0.0,,5.200520833333333
tannin,C30H26O12,30,26,12,0,0,0,0.8666666666666667,0.4,0.0,0.0,0.0,,5.200520833333333
tannin,C30H26O13,30,26,13,0,0,0,0.8666666666666667,0.43333333333333335,0.0,0.0,0.0,,5.200520833333333
tannin,C30H26O14,30,26,14,0,0,0,0.8666666666666667,0.4666666666666667,0.0,0.0,0.0,,5.200520833333333
tannin,C30H26O14,30,26,14,0,0,0,0.8666666666666667,0.4666666666666667,0.0,0.0,0.0,,5.200520833333333
tannin,C30H26O12,30,26,12,0,0,0,0.8666666666666667,0.4,0.0,0.0,0.0,,5.200520833333333
tannin,C30H26O12,30,26,12,0,0,0,0.8666666666666667,0.4,0.0,0.0,0.0,,5.200520833333333
tannin,C30H26O12,30,26,12,0,0,0,0.8666666666666667,0.4,0.0,0.0,0.0,,5.200520833333333
tannin,C30H26O12,30,26,12,0,0,0,0.8666666666666667,0.4,0.0,0.0,0.0,,5.200520833333333
tannin,C30H26O11 ,30,26,11,0,0,0,0.8666666666666667,0.36666666666666664,0.0,0.0,0.0,,5.200520833333333
tannin,C30H26O12,30,26,12,0,0,0,0.8666666666666667,0.4,0.0,0.0,0.0,,5.200520833333333
tannin,C30H26O14,30,26,14,0,0,0,0.8666666666666667,0.4666666666666667,0.0,0.0,0.0,,5.200520833333333
tannin,C30H26O12,30,26,12,0,0,0,0.8666666666666667,0.4,0.0,0.0,0.0,,5.200520833333333
tannin,C30H26O12,30,26,12,0,0,0,0.8666666666666667,0.4,0.0,0.0,0.0,,5.200520833333333
tannin,C30H26O12,30,26,12,0,0,0,0.8666666666666667,0.4,0.0,0.0,0.0,,5.200520833333333
tannin,C30H26O12,30,26,12,0,0,0,0.8666666666666667,0.4,0.0,0.0,0.0,,5.200520833333333
tannin,C30H26O12,30,26,12,0,0,0,0.8666666666666667,0.4,0.0,0.0,0.0,,5.200520833333333
tannin,C30H26O12,30,26,12,0,0,0,0.8666666666666667,0.4,0.0,0.0,0.0,,5.200520833333333
tannin,C30H26O12,30,26,12,0,0,0,0.8666666666666667,0.4,0.0,0.0,0.0,,5.200520833333333
tannin,C30H26O12,30,26,12,0,0,0,0.8666666666666667,0.4,0.0,0.0,0.0,,5.200520833333333
tannin,C30H26O12,30,26,12,0,0,0,0.8666666666666667,0.4,0.0,0.0,0.0,,5.200520833333333
tannin,C30H26O12,30,26,12,0,0,0,0.8666666666666667,0.4,0.0,0.0,0.0,,5.200520833333333
tannin,C30H26O12,30,26,12,0,0,0,0.8666666666666667,0.4,0.0,0.0,0.0,,5.200520833333333
tannin,C30H26O12,30,26,12,0,0,0,0.8666666666666667,0.4,0.0,0.0,0.0,,5.200520833333333
tannin,C30H26O12,30,26,12,0,0,0,0.8666666666666667,0.4,0.0,0.0,0.0,,5.200520833333333
tannin,C30H26O12,30,26,12,0,0,0,0.8666666666666667,0.4,0.0,0.0,0.0,,5.200520833333333
tannin,C30H26O12,30,26,12,0,0,0,0.8666666666666667,0.4,0.0,0.0,0.0,,5.200520833333333
tannin,C30H26O12,30,26,12,0,0,0,0.8666666666666667,0.4,0.0,0.0,0.0,,5.200520833333333
tannin,C30H26O12,30,26,12,0,0,0,0.8666666666666667,0.4,0.0,0.0,0.0,,5.200520833333333
tannin,C30H26O12,30,26,12,0,0,0,0.8666666666666667,0.4,0.0,0.0,0.0,,5.200520833333333
tannin,C30H26O12,30,26,12,0,0,0,0.8666666666666667,0.4,0.0,0.0,0.0,,5.200520833333333
tannin,C30H26O14,30,26,14,0,0,0,0.8666666666666667,0.4666666666666667,0.0,0.0,0.0,,5.200520833333333
tannin,C45H36O18,45,36,18,0,0,0,0.8,0.4,0.0,0.0,0.0,,5.200520833333333
tannin,C30H26O14,30,26,14,0,0,0,0.8666666666666667,0.4666666666666667,0.0,0.0,0.0,,5.200520833333333
tannin,C45H36O18,45,36,18,0,0,0,0.8,0.4,0.0,0.0,0.0,,5.200520833333333
tannin,C45H36O18,45,36,18,0,0,0,0.8,0.4,0.0,0.0,0.0,,5.200520833333333
tannin,C45H36O18,45,36,18,0,0,0,0.8,0.4,0.0,0.0,0.0,,5.200520833333333
tannin,C45H36O18,45,36,18,0,0,0,0.8,0.4,0.0,0.0,0.0,,5.200520833333333
tannin,C45H36O18,45,36,18,0,0,0,0.8,0.4,0.0,0.0,0.0,,5.200520833333333
tannin,C45H36O18,45,36,18,0,0,0,0.8,0.4,0.0,0.0,0.0,,5.200520833333333
tannin,C45H36O18,45,36,18,0,0,0,0.8,0.4,0.0,0.0,0.0,,5.200520833333333
tannin,C45H36O18,45,36,18,0,0,0,0.8,0.4,0.0,0.0,0.0,,5.200520833333333
tannin,C45H36O18,45,36,18,0,0,0,0.8,0.4,0.0,0.0,0.0,,5.200520833333333
tannin,C45H36O18,45,36,18,0,0,0,0.8,0.4,0.0,0.0,0.0,,5.200520833333333
tannin,C45H36O18,45,36,18,0,0,0,0.8,0.4,0.0,0.0,0.0,,5.200520833333333
tannin,C45H36O18,45,36,18,0,0,0,0.8,0.4,0.0,0.0,0.0,,5.200520833333333
tannin,C45H36O18,45,36,18,0,0,0,0.8,0.4,0.0,0.0,0.0,,5.200520833333333
tannin,C45H36O18,45,36,18,0,0,0,0.8,0.4,0.0,0.0,0.0,,5.200520833333333
tannin,C45H36O19,45,36,19,0,0,0,0.8,0.4222222222222222,0.0,0.0,0.0,,5.200520833333333
tannin,C45H36O20,45,36,20,0,0,0,0.8,0.4444444444444444,0.0,0.0,0.0,,5.200520833333333
tannin,C45H36O21 ,45,36,21,0,0,0,0.8,0.4666666666666667,0.0,0.0,0.0,,5.200520833333333
tannin,C45H38O14,45,38,14,0,0,0,0.8444444444444444,0.3111111111111111,0.0,0.0,0.0,,5.200520833333333
tannin,C30H26O11,30,26,11,0,0,0,0.8666666666666667,0.36666666666666664,0.0,0.0,0.0,,5.200520833333333
tannin,C45H38O15,45,38,15,0,0,0,0.8444444444444444,0.3333333333333333,0.0,0.0,0.0,,5.200520833333333
tannin,C45H36O18,45,36,18,0,0,0,0.8,0.4,0.0,0.0,0.0,,5.200520833333333
tannin,C45H36O17 ,45,36,17,0,0,0,0.8,0.37777777777777777,0.0,0.0,0.0,,5.200520833333333
tannin,C45H36O17,45,36,17,0,0,0,0.8,0.37777777777777777,0.0,0.0,0.0,,5.200520833333333
tannin,C45H36O17,45,36,17,0,0,0,0.8,0.37777777777777777,0.0,0.0,0.0,,5.200520833333333
tannin,C30H26O14,30,26,14,0,0,0,0.8666666666666667,0.4666666666666667,0.0,0.0,0.0,,5.200520833333333
tannin,C30H26O14,30,26,14,0,0,0,0.8666666666666667,0.4666666666666667,0.0,0.0,0.0,,5.200520833333333
tannin,C30H26O14,30,26,14,0,0,0,0.8666666666666667,0.4666666666666667,0.0,0.0,0.0,,5.200520833333333
tannin,C30H26O14,30,26,14,0,0,0,0.8666666666666667,0.4666666666666667,0.0,0.0,0.0,,5.200520833333333
tannin,C30H26O8,30,26,8,0,0,0,0.8666666666666667,0.26666666666666666,0.0,0.0,0.0,,5.200520833333333
tannin,C30H26O8,30,26,8,0,0,0,0.8666666666666667,0.26666666666666666,0.0,0.0,0.0,,5.200520833333333
tannin,C30H26O9,30,26,9,0,0,0,0.8666666666666667,0.3,0.0,0.0,0.0,,5.200520833333333
tannin,C37H30H18,37,18,0,0,0,0,0.4864864864864865,0.0,0.0,0.0,0.0,,5.200520833333333
tannin,C44H34O21,44,34,21,0,0,0,0.7727272727272727,0.4772727272727273,0.0,0.0,0.0,,5.200520833333333
tannin,C44H34O21,44,34,21,0,0,0,0.7727272727272727,0.4772727272727273,0.0,0.0,0.0,,5.200520833333333
tannin,C45H34O15,45,34,15,0,0,0,0.7555555555555555,0.3333333333333333,0.0,0.0,0.0,,5.200520833333333
tannin,C45H34O15,45,34,15,0,0,0,0.7555555555555555,0.3333333333333333,0.0,0.0,0.0,,5.200520833333333
tannin,C45H34O16,45,34,16,0,0,0,0.7555555555555555,0.35555555555555557,0.0,0.0,0.0,,5.200520833333333
tannin,C45H34O18,45,34,18,0,0,0,0.7555555555555555,0.4,0.0,0.0,0.0,,5.200520833333333
tannin,C45H34O18,45,34,18,0,0,0,0.7555555555555555,0.4,0.0,0.0,0.0,,5.200520833333333
tannin,C45H34O18,45,34,18,0,0,0,0.7555555555555555,0.4,0.0,0.0,0.0,,5.200520833333333
tannin,C45H34O18,45,34,18,0,0,0,0.7555555555555555,0.4,0.0,0.0,0.0,,5.200520833333333
tannin,C45H36O15,45,36,15,0,0,0,0.8,0.3333333333333333,0.0,0.0,0.0,,5.200520833333333
tannin,C45H36O15,45,36,15,0,0,0,0.8,0.3333333333333333,0.0,0.0,0.0,,5.200520833333333
tannin,C45H36O16,45,36,16,0,0,0,0.8,0.35555555555555557,0.0,0.0,0.0,,5.200520833333333
tannin,C45H36O16,45,36,16,0,0,0,0.8,0.35555555555555557,0.0,0.0,0.0,,5.200520833333333
tannin,C30H26O14,30,26,14,0,0,0,0.8666666666666667,0.4666666666666667,0.0,0.0,0.0,,5.200520833333333
tannin,C30H26O11,30,26,11,0,0,0,0.8666666666666667,0.36666666666666664,0.0,0.0,0.0,,5.200520833333333
tannin,C22H18O10,22,18,10,0,0,0,0.8181818181818182,0.45454545454545453,0.0,0.0,0.0,,5.200520833333333
tannin,C30H26O11,30,26,11,0,0,0,0.8666666666666667,0.36666666666666664,0.0,0.0,0.0,,5.200520833333333
tannin,C15H14O6,15,14,6,0,0,0,0.9333333333333333,0.4,0.0,0.0,0.0,,5.200520833333333
tannin,C15H14O6,15,14,6,0,0,0,0.9333333333333333,0.4,0.0,0.0,0.0,,5.200520833333333
tannin,C15H14O6,15,14,6,0,0,0,0.9333333333333333,0.4,0.0,0.0,0.0,,5.200520833333333
tannin,C15H14O7,15,14,7,0,0,0,0.9333333333333333,0.4666666666666667,0.0,0.0,0.0,,5.200520833333333
tannin,C15H14O7,15,14,7,0,0,0,0.9333333333333333,0.4666666666666667,0.0,0.0,0.0,,5.200520833333333
tannin,C15H14O7,15,14,7,0,0,0,0.9333333333333333,0.4666666666666667,0.0,0.0,0.0,,5.200520833333333
tannin,C22H18O10,22,18,10,0,0,0,0.8181818181818182,0.45454545454545453,0.0,0.0,0.0,,5.200520833333333
tannin,C22H18O11,22,18,11,0,0,0,0.8181818181818182,0.5,0.0,0.0,0.0,,5.200520833333333
tannin,C22H18O11,22,18,11,0,0,0,0.8181818181818182,0.5,0.0,0.0,0.0,,5.200520833333333
tannin,C15H14O6,15,14,6,0,0,0,0.9333333333333333,0.4,0.0,0.0,0.0,,5.200520833333333
tannin,C30H24O10,30,24,10,0,0,0,0.8,0.3333333333333333,0.0,0.0,0.0,,5.200520833333333
tannin,C30H24O10,30,24,10,0,0,0,0.8,0.3333333333333333,0.0,0.0,0.0,,5.200520833333333
tannin,C30H24O10,30,24,10,0,0,0,0.8,0.3333333333333333,0.0,0.0,0.0,,5.200520833333333
tannin,C30H24O10,30,24,10,0,0,0,0.8,0.3333333333333333,0.0,0.0,0.0,,5.200520833333333
tannin,C30H24O10,30,24,10,0,0,0,0.8,0.3333333333333333,0.0,0.0,0.0,,5.200520833333333
tannin,C30H24O10,30,24,10,0,0,0,0.8,0.3333333333333333,0.0,0.0,0.0,,5.200520833333333
tannin,C30H24O10,30,24,10,0,0,0,0.8,0.3333333333333333,0.0,0.0,0.0,,5.200520833333333
tannin,C30H24O11,30,24,11,0,0,0,0.8,0.36666666666666664,0.0,0.0,0.0,,5.200520833333333
tannin,C30H24O11,30,24,11,0,0,0,0.8,0.36666666666666664,0.0,0.0,0.0,,5.200520833333333
tannin,C30H24O11,30,24,11,0,0,0,0.8,0.36666666666666664,0.0,0.0,0.0,,5.200520833333333
tannin,C30H24O10,30,24,10,0,0,0,0.8,0.3333333333333333,0.0,0.0,0.0,,5.200520833333333
tannin,C30H24O11,30,24,11,0,0,0,0.8,0.36666666666666664,0.0,0.0,0.0,,5.200520833333333
tannin,C15H14O6,15,14,6,0,0,0,0.9333333333333333,0.4,0.0,0.0,0.0,,5.200520833333333
tannin,C15H14O5,15,14,5,0,0,0,0.9333333333333333,0.3333333333333333,0.0,0.0,0.0,,5.200520833333333
tannin,C45H38O15,45,38,15,0,0,0,0.8444444444444444,0.3333333333333333,0.0,0.0,0.0,,5.200520833333333
tannin,C105H102O59,105,102,59,0,0,0,0.9714285714285714,0.5619047619047619,0.0,0.0,0.0,,5.200520833333333
tannin,C128H122O65,128,122,65,0,0,0,0.953125,0.5078125,0.0,0.0,0.0,,5.200520833333333
tannin,C15H14O2,15,14,2,0,0,0,0.9333333333333333,0.13333333333333333,0.0,0.0,0.0,,5.200520833333333
tannin,C15H14O2,15,14,2,0,0,0,0.9333333333333333,0.13333333333333333,0.0,0.0,0.0,,5.200520833333333
tannin,C15H14O3,15,14,3,0,0,0,0.9333333333333333,0.2,0.0,0.0,0.0,,5.200520833333333
tannin,C15H14O3,15,14,3,0,0,0,0.9333333333333333,0.2,0.0,0.0,0.0,,5.200520833333333
tannin,C15H14O3,15,14,3,0,0,0,0.9333333333333333,0.2,0.0,0.0,0.0,,5.200520833333333
tannin,C15H14O3,15,14,3,0,0,0,0.9333333333333333,0.2,0.0,0.0,0.0,,5.200520833333333
tannin,C15H14O6,15,14,6,0,0,0,0.9333333333333333,0.4,0.0,0.0,0.0,,5.200520833333333
tannin,C15H14O4,15,14,4,0,0,0,0.9333333333333333,0.26666666666666666,0.0,0.0,0.0,,5.200520833333333
tannin,C15H14O4,15,14,4,0,0,0,0.9333333333333333,0.26666666666666666,0.0,0.0,0.0,,5.200520833333333
tannin,C15H14O4,15,14,4,0,0,0,0.9333333333333333,0.26666666666666666,0.0,0.0,0.0,,5.200520833333333
tannin,C15H14O4,15,14,4,0,0,0,0.9333333333333333,0.26666666666666666,0.0,0.0,0.0,,5.200520833333333
tannin,C15H14O5,15,14,5,0,0,0,0.9333333333333333,0.3333333333333333,0.0,0.0,0.0,,5.200520833333333
tannin,C15H14O5,15,14,5,0,0,0,0.9333333333333333,0.3333333333333333,0.0,0.0,0.0,,5.200520833333333
tannin,C15H14O5,15,14,5,0,0,0,0.9333333333333333,0.3333333333333333,0.0,0.0,0.0,,5.200520833333333
tannin,C15H14O5,15,14,5,0,0,0,0.9333333333333333,0.3333333333333333,0.0,0.0,0.0,,5.200520833333333
tannin,C15H14O5,15,14,5,0,0,0,0.9333333333333333,0.3333333333333333,0.0,0.0,0.0,,5.200520833333333
tannin,C15H14O5,15,14,5,0,0,0,0.9333333333333333,0.3333333333333333,0.0,0.0,0.0,,5.200520833333333
tannin,C15H14O4,15,14,4,0,0,0,0.9333333333333333,0.26666666666666666,0.0,0.0,0.0,,5.200520833333333
tannin,C30H24O11,30,24,11,0,0,0,0.8,0.36666666666666664,0.0,0.0,0.0,,5.200520833333333
tannin,C30H24O12,30,24,12,0,0,0,0.8,0.4,0.0,0.0,0.0,,5.200520833333333
tannin,C30H24O12,30,24,12,0,0,0,0.8,0.4,0.0,0.0,0.0,,5.200520833333333
tannin,C30H24O7,30,24,7,0,0,0,0.8,0.23333333333333334,0.0,0.0,0.0,,5.200520833333333
tannin,C30H24O7,30,24,7,0,0,0,0.8,0.23333333333333334,0.0,0.0,0.0,,5.200520833333333
tannin,C30H24O7,30,24,7,0,0,0,0.8,0.23333333333333334,0.0,0.0,0.0,,5.200520833333333
tannin,C30H24O8,30,24,8,0,0,0,0.8,0.26666666666666666,0.0,0.0,0.0,,5.200520833333333
tannin,C30H24O8,30,24,8,0,0,0,0.8,0.26666666666666666,0.0,0.0,0.0,,5.200520833333333
tannin,C30H24O8,30,24,8,0,0,0,0.8,0.26666666666666666,0.0,0.0,0.0,,5.200520833333333
tannin,C30H24O9,30,24,9,0,0,0,0.8,0.3,0.0,0.0,0.0,,5.200520833333333
tannin,C30H24O9,30,24,9,0,0,0,0.8,0.3,0.0,0.0,0.0,,5.200520833333333
tannin,C30H24O9,30,24,9,0,0,0,0.8,0.3,0.0,0.0,0.0,,5.200520833333333
tannin,C30H24O14,30,24,14,0,0,0,0.8,0.4666666666666667,0.0,0.0,0.0,,5.200520833333333
tannin,C30H24O9,30,24,9,0,0,0,0.8,0.3,0.0,0.0,0.0,,5.200520833333333
tannin,C30H26O10,30,26,10,0,0,0,0.8666666666666667,0.3333333333333333,0.0,0.0,0.0,,5.200520833333333
tannin,C30H26O10,30,26,10,0,0,0,0.8666666666666667,0.3333333333333333,0.0,0.0,0.0,,5.200520833333333
tannin,C30H26O10,30,26,10,0,0,0,0.8666666666666667,0.3333333333333333,0.0,0.0,0.0,,5.200520833333333
tannin,C30H26O10,30,26,10,0,0,0,0.8666666666666667,0.3333333333333333,0.0,0.0,0.0,,5.200520833333333
tannin,C30H26O10,30,26,10,0,0,0,0.8666666666666667,0.3333333333333333,0.0,0.0,0.0,,5.200520833333333
tannin,C30H26O10,30,26,10,0,0,0,0.8666666666666667,0.3333333333333333,0.0,0.0,0.0,,5.200520833333333
tannin,C30H26O11,30,26,11,0,0,0,0.8666666666666667,0.36666666666666664,0.0,0.0,0.0,,5.200520833333333
tannin,C30H26O11,30,26,11,0,0,0,0.8666666666666667,0.36666666666666664,0.0,0.0,0.0,,5.200520833333333
tannin,C30H26O11,30,26,11,0,0,0,0.8666666666666667,0.36666666666666664,0.0,0.0,0.0,,5.200520833333333
tannin,C30H26O10,30,26,10,0,0,0,0.8666666666666667,0.3333333333333333,0.0,0.0,0.0,,5.200520833333333
tannin,C30H24O14,30,24,14,0,0,0,0.8,0.4666666666666667,0.0,0.0,0.0,,5.200520833333333
tannin,C30H24O14,30,24,14,0,0,0,0.8,0.4666666666666667,0.0,0.0,0.0,,5.200520833333333
tannin,C30H24O14,30,24,14,0,0,0,0.8,0.4666666666666667,0.0,0.0,0.0,,5.200520833333333
tannin,C30H24O12,30,24,12,0,0,0,0.8,0.4,0.0,0.0,0.0,,5.200520833333333
tannin,C30H24O12,30,24,12,0,0,0,0.8,0.4,0.0,0.0,0.0,,5.200520833333333
tannin,C30H24O12,30,24,12,0,0,0,0.8,0.4,0.0,0.0,0.0,,5.200520833333333
tannin,C30H24O12,30,24,12,0,0,0,0.8,0.4,0.0,0.0,0.0,,5.200520833333333
tannin,C30H24O12,30,24,12,0,0,0,0.8,0.4,0.0,0.0,0.0,,5.200520833333333
tannin,C30H24O12,30,24,12,0,0,0,0.8,0.4,0.0,0.0,0.0,,5.200520833333333
tannin,C30H24O12,30,24,12,0,0,0,0.8,0.4,0.0,0.0,0.0,,5.200520833333333
tannin,C30H24O12,30,24,12,0,0,0,0.8,0.4,0.0,0.0,0.0,,5.200520833333333
tannin,C30H24O12,30,24,12,0,0,0,0.8,0.4,0.0,0.0,0.0,,5.200520833333333
tannin,C30H24O12,30,24,12,0,0,0,0.8,0.4,0.0,0.0,0.0,,5.200520833333333
tannin,C30H24O12,30,24,12,0,0,0,0.8,0.4,0.0,0.0,0.0,,5.200520833333333
tannin,C30H24O12,30,24,12,0,0,0,0.8,0.4,0.0,0.0,0.0,,5.200520833333333
tannin,C30H24O12,30,24,12,0,0,0,0.8,0.4,0.0,0.0,0.0,,5.200520833333333
tannin,C30H24O13,30,24,13,0,0,0,0.8,0.43333333333333335,0.0,0.0,0.0,,5.200520833333333
tannin,C30H24O13,30,24,13,0,0,0,0.8,0.43333333333333335,0.0,0.0,0.0,,5.200520833333333
tannin,C30H24O13,30,24,13,0,0,0,0.8,0.43333333333333335,0.0,0.0,0.0,,5.200520833333333
tannin,C30H24O13,30,24,13,0,0,0,0.8,0.43333333333333335,0.0,0.0,0.0,,5.200520833333333
tannin,C30H24O13,30,24,13,0,0,0,0.8,0.43333333333333335,0.0,0.0,0.0,,5.200520833333333
tannin,C30H24O13,30,24,13,0,0,0,0.8,0.43333333333333335,0.0,0.0,0.0,,5.200520833333333
tannin,C30H24O13,30,24,13,0,0,0,0.8,0.43333333333333335,0.0,0.0,0.0,,5.200520833333333
tannin,C30H24O14,30,24,14,0,0,0,0.8,0.4666666666666667,0.0,0.0,0.0,,5.200520833333333
tannin,C30H26O11,30,26,11,0,0,0,0.8666666666666667,0.36666666666666664,0.0,0.0,0.0,,5.200520833333333
tannin,C45H38O16,45,38,16,0,0,0,0.8444444444444444,0.35555555555555557,0.0,0.0,0.0,,5.200520833333333
