m/z,Calibrated m/z,Calculated m/z,Molecular Formula,C,H,O,S,N,13C,34S,18O,O/C,H/C,N/C,compound_class,probability
645.2191411,645.2185527,645.2183663,C45 H30 O3 N2,45.0,30.0,3.0,0.0,2.0,0.0,0.0,0.0,0.06666666666666667,0.6666666666666666,0.044444444444444446,pah,0.9222162461562362
619.2036774,619.2031249,619.2032293,C30 H36 O14,30.0,36.0,14.0,0.0,0.0,0.0,0.0,0.0,0.4666666666666667,1.2,0.0,lignin,0.9101390468763044
617.3582344,617.3576845,617.3576219,C28 H58 O12 S1,28.0,58.0,12.0,1.0,0.0,0.0,0.0,0.0,0.42857142857142855,2.0714285714285716,0.0,lipid,0.8059664185462718
613.5417679,613.5412232,613.5412636,C37 H74 O6,37.0,74.0,6.0,0.0,0.0,0.0,0.0,0.0,0.16216216216216217,2.0,0.0,lipid,0.9048219117346529
607.2399792,607.239443,607.2396148,C30 H40 O13,30.0,40.0,13.0,0.0,0.0,0.0,0.0,0.0,0.43333333333333335,1.3333333333333333,0.0,lignin,0.9058430879085082
605.2605599,605.2600264,605.2598372,C44 H34 O1 N2,44.0,34.0,1.0,0.0,2.0,0.0,0.0,0.0,0.022727272727272728,0.7727272727272727,0.045454545454545456,pah,0.9567140336252056
605.2242435,605.2237101,605.2239647,C30 H38 O13,30.0,38.0,13.0,0.0,0.0,0.0,0.0,0.0,0.43333333333333335,1.2666666666666666,0.0,lignin,0.9068625650990827
605.2242435,605.2237101,605.2234517,C43 H30 O2 N2,43.0,30.0,2.0,0.0,2.0,0.0,0.0,0.0,0.046511627906976744,0.6976744186046512,0.046511627906976744,pah,0.9599525399944582
605.1879977,605.1874644,605.1875792,C29 H34 O14,29.0,34.0,14.0,0.0,0.0,0.0,0.0,0.0,0.4827586206896552,1.1724137931034482,0.0,lignin,0.9103535827206162
603.2449716,603.2444409,603.2447002,C31 H40 O12,31.0,40.0,12.0,0.0,0.0,0.0,0.0,0.0,0.3870967741935484,1.2903225806451613,0.0,lignin,0.9074261247030412
603.2449716,603.2444409,603.2441871,C44 H32 O1 N2,44.0,32.0,1.0,0.0,2.0,0.0,0.0,0.0,0.022727272727272728,0.7272727272727273,0.045454545454545456,pah,0.9604308110034285
603.2086125,603.2080818,603.2083147,C30 H36 O13,30.0,36.0,13.0,0.0,0.0,0.0,0.0,0.0,0.43333333333333335,1.2,0.0,lignin,0.909953620992864
603.2086125,603.2080818,603.2078016,C43 H28 O2 N2,43.0,28.0,2.0,0.0,2.0,0.0,0.0,0.0,0.046511627906976744,0.6511627906976745,0.046511627906976744,pah,0.9220917911530953
601.1929337,601.1924058,601.1926646,C30 H34 O13,30.0,34.0,13.0,0.0,0.0,0.0,0.0,0.0,0.43333333333333335,1.1333333333333333,0.0,lignin,0.9283951167696693
601.1929337,601.1924058,601.1921516,C43 H26 O2 N2,43.0,26.0,2.0,0.0,2.0,0.0,0.0,0.0,0.046511627906976744,0.6046511627906976,0.046511627906976744,pah,0.9216164508935181
597.255477,597.2549543,597.2547518,C42 H34 O2 N2,42.0,34.0,2.0,0.0,2.0,0.0,0.0,0.0,0.047619047619047616,0.8095238095238095,0.047619047619047616,pah,0.9257820381494829
597.2191651,597.2186426,597.2188794,C28 H38 O14,28.0,38.0,14.0,0.0,0.0,0.0,0.0,0.0,0.5,1.3571428571428572,0.0,lignin,0.904464310846102
597.2191651,597.2186426,597.2183663,C41 H30 O3 N2,41.0,30.0,3.0,0.0,2.0,0.0,0.0,0.0,0.07317073170731707,0.7317073170731707,0.04878048780487805,pah,0.9602431615605816
595.2401136,595.2395937,595.2396148,C29 H40 O13,29.0,40.0,13.0,0.0,0.0,0.0,0.0,0.0,0.4482758620689655,1.3793103448275863,0.0,lignin,0.9046202022699606
595.203914,595.2033941,595.2032293,C28 H36 O14,28.0,36.0,14.0,0.0,0.0,0.0,0.0,0.0,0.5,1.2857142857142858,0.0,lignin,0.9062774855069333
593.2247658,593.2242486,593.2239647,C29 H38 O13,29.0,38.0,13.0,0.0,0.0,0.0,0.0,0.0,0.4482758620689655,1.3103448275862069,0.0,lignin,0.906490922635115
593.188327,593.1878098,593.1875792,C28 H34 O14,28.0,34.0,14.0,0.0,0.0,0.0,0.0,0.0,0.5,1.2142857142857142,0.0,lignin,0.909080924689038
591.2453833,591.2448688,591.2447002,C30 H40 O12,30.0,40.0,12.0,0.0,0.0,0.0,0.0,0.0,0.4,1.3333333333333333,0.0,lignin,0.9058026879544219
591.2089448,591.2084303,591.2083147,C29 H36 O13,29.0,36.0,13.0,0.0,0.0,0.0,0.0,0.0,0.4482758620689655,1.2413793103448276,0.0,lignin,0.9071790767612136
591.1724263,591.1719119,591.1719292,C28 H32 O14,28.0,32.0,14.0,0.0,0.0,0.0,0.0,0.0,0.5,1.1428571428571428,0.0,lignin,0.927359072794645
589.2294372,589.2289254,589.2290501,C30 H38 O12,30.0,38.0,12.0,0.0,0.0,0.0,0.0,0.0,0.4,1.2666666666666666,0.0,lignin,0.9077062823561601
589.1930533,589.1925415,589.1926646,C29 H34 O13,29.0,34.0,13.0,0.0,0.0,0.0,0.0,0.0,0.4482758620689655,1.1724137931034482,0.0,lignin,0.9103317132225722
586.5137205,586.5132123,586.5133183,C34 H70 O6 13C1,37.0,70.0,6.0,0.0,0.0,1.0,0.0,0.0,0.17142857142857143,1.9444444444444444,0.0,lipid,0.9042040639222915
585.510515,585.5100081,585.5099634,C35 H70 O6,35.0,70.0,6.0,0.0,0.0,0.0,0.0,0.0,0.17142857142857143,2.0,0.0,lipid,0.902841425385313
583.2399662,583.2394623,583.2396148,C28 H40 O13,28.0,40.0,13.0,0.0,0.0,0.0,0.0,0.0,0.4642857142857143,1.4285714285714286,0.0,lignin,0.8939100117978864
583.2036253,583.2031215,583.2032293,C27 H36 O14,27.0,36.0,14.0,0.0,0.0,0.0,0.0,0.0,0.5185185185185185,1.3333333333333333,0.0,lignin,0.9047604116389965
581.1883156,581.1878145,581.1875792,C27 H34 O14,27.0,34.0,14.0,0.0,0.0,0.0,0.0,0.0,0.5185185185185185,1.2592592592592593,0.0,lignin,0.9067351155096839
579.2813312,579.2808327,579.2810857,C30 H44 O11,30.0,44.0,11.0,0.0,0.0,0.0,0.0,0.0,0.36666666666666664,1.4666666666666666,0.0,lignin,0.8940604080521611
579.2813312,579.2808327,579.2805726,C43 H36 N2,43.0,36.0,0.0,0.0,2.0,0.0,0.0,0.0,0.0,0.8372093023255814,0.046511627906976744,pah,0.9554323784380336
579.2449787,579.2444802,579.2447002,C29 H40 O12,29.0,40.0,12.0,0.0,0.0,0.0,0.0,0.0,0.41379310344827586,1.3793103448275863,0.0,lignin,0.9049909293358483
579.208819,579.2083206,579.2083147,C28 H36 O13,28.0,36.0,13.0,0.0,0.0,0.0,0.0,0.0,0.4642857142857143,1.2857142857142858,0.0,lignin,0.9067988198959467
579.1726398,579.1721414,579.1719292,C27 H32 O14,27.0,32.0,14.0,0.0,0.0,0.0,0.0,0.0,0.5185185185185185,1.1851851851851851,0.0,lignin,0.909250244374865
577.2660527,577.2655568,577.2654356,C30 H42 O11,30.0,42.0,11.0,0.0,0.0,0.0,0.0,0.0,0.36666666666666664,1.4,0.0,lignin,0.9050114181369835
577.2294488,577.228953,577.2290501,C29 H38 O12,29.0,38.0,12.0,0.0,0.0,0.0,0.0,0.0,0.41379310344827586,1.3103448275862069,0.0,lignin,0.9063423659782917
577.1928974,577.1924016,577.1926646,C28 H34 O13,28.0,34.0,13.0,0.0,0.0,0.0,0.0,0.0,0.4642857142857143,1.2142857142857142,0.0,lignin,0.9100276357783548
577.1928974,577.1924016,577.1921516,C41 H26 O2 N2,41.0,26.0,2.0,0.0,2.0,0.0,0.0,0.0,0.04878048780487805,0.6341463414634146,0.04878048780487805,pah,0.9219004110015648
577.1565883,577.1560926,577.1562791,C27 H30 O14,27.0,30.0,14.0,0.0,0.0,0.0,0.0,0.0,0.5185185185185185,1.1111111111111112,0.0,lignin,0.90013221968211
575.3571594,575.3566661,575.3564402,C37 H52 O3 S1,37.0,52.0,3.0,1.0,0.0,0.0,0.0,0.0,0.08108108108108109,1.4054054054054055,0.0,lipid,0.8915636408241335
575.2505233,575.2500301,575.2497856,C30 H40 O11,30.0,40.0,11.0,0.0,0.0,0.0,0.0,0.0,0.36666666666666664,1.3333333333333333,0.0,lignin,0.90583519258764
575.2140465,575.2135533,575.2134001,C29 H36 O12,29.0,36.0,12.0,0.0,0.0,0.0,0.0,0.0,0.41379310344827586,1.2413793103448276,0.0,lignin,0.9080063134548674
575.1776703,575.1771772,575.1770146,C28 H32 O13,28.0,32.0,13.0,0.0,0.0,0.0,0.0,0.0,0.4642857142857143,1.1428571428571428,0.0,lignin,0.9104469810515203
575.1047064,575.1042134,575.1042435,C26 H24 O15,26.0,24.0,15.0,0.0,0.0,0.0,0.0,0.0,0.5769230769230769,0.9230769230769231,0.0,tannin,0.7843512137272571
573.3317939,573.3313032,573.3314072,C26 H54 O11 S1,26.0,54.0,11.0,1.0,0.0,0.0,0.0,0.0,0.4230769230769231,2.076923076923077,0.0,lipid,0.8061425309831864
573.2345302,573.2340397,573.2341355,C30 H38 O11,30.0,38.0,11.0,0.0,0.0,0.0,0.0,0.0,0.36666666666666664,1.2666666666666666,0.0,lignin,0.9073216202691523
573.1982705,573.19778,573.19775,C29 H34 O12,29.0,34.0,12.0,0.0,0.0,0.0,0.0,0.0,0.41379310344827586,1.1724137931034482,0.0,lignin,0.9101529927776495
573.0892956,573.0888052,573.0885935,C26 H22 O15,26.0,22.0,15.0,0.0,0.0,0.0,0.0,0.0,0.5769230769230769,0.8461538461538461,0.0,tannin,0.9116749995849146
571.2187628,571.2182749,571.2184854,C30 H36 O11,30.0,36.0,11.0,0.0,0.0,0.0,0.0,0.0,0.36666666666666664,1.2,0.0,lignin,0.9098499289279605
571.1823571,571.1818693,571.1820999,C29 H32 O12,29.0,32.0,12.0,0.0,0.0,0.0,0.0,0.0,0.41379310344827586,1.103448275862069,0.0,lignin,0.9020818794867654
571.1823571,571.1818693,571.1815869,C42 H24 O1 N2,42.0,24.0,1.0,0.0,2.0,0.0,0.0,0.0,0.023809523809523808,0.5714285714285714,0.047619047619047616,pah,0.9215109376289347
569.2242726,569.2237874,569.2239647,C27 H38 O13,27.0,38.0,13.0,0.0,0.0,0.0,0.0,0.0,0.48148148148148145,1.4074074074074074,0.0,lignin,0.8941766518624792
569.1878141,569.187329,569.1875792,C26 H34 O14,26.0,34.0,14.0,0.0,0.0,0.0,0.0,0.0,0.5384615384615384,1.3076923076923077,0.0,lignin,0.9054593645828298
569.1878141,569.187329,569.1870662,C39 H26 O3 N2,39.0,26.0,3.0,0.0,2.0,0.0,0.0,0.0,0.07692307692307693,0.6666666666666666,0.05128205128205128,pah,0.9219221831534107
567.2451518,567.2446692,567.2447002,C28 H40 O12,28.0,40.0,12.0,0.0,0.0,0.0,0.0,0.0,0.42857142857142855,1.4285714285714286,0.0,lignin,0.8932564514338068
567.2087261,567.2082436,567.2083147,C27 H36 O13,27.0,36.0,13.0,0.0,0.0,0.0,0.0,0.0,0.48148148148148145,1.3333333333333333,0.0,lignin,0.9048495899196312
567.1723051,567.1718226,567.1719292,C26 H32 O14,26.0,32.0,14.0,0.0,0.0,0.0,0.0,0.0,0.5384615384615384,1.2307692307692308,0.0,lignin,0.9076055335280667
565.266058,565.265578,565.2654356,C29 H42 O11,29.0,42.0,11.0,0.0,0.0,0.0,0.0,0.0,0.3793103448275862,1.4482758620689655,0.0,lignin,0.894238434437589
565.2296298,565.2291498,565.2290501,C28 H38 O12,28.0,38.0,12.0,0.0,0.0,0.0,0.0,0.0,0.42857142857142855,1.3571428571428572,0.0,lignin,0.9053705932644306
565.1930578,565.1925779,565.1926646,C27 H34 O13,27.0,34.0,13.0,0.0,0.0,0.0,0.0,0.0,0.48148148148148145,1.2592592592592593,0.0,lignin,0.9072042290969208
565.1565849,565.1561051,565.1562791,C26 H30 O14,26.0,30.0,14.0,0.0,0.0,0.0,0.0,0.0,0.5384615384615384,1.1538461538461537,0.0,lignin,0.9092681137843581
565.1202192,565.1197394,565.1198936,C25 H26 O15,25.0,26.0,15.0,0.0,0.0,0.0,0.0,0.0,0.6,1.04,0.0,lignin,0.680692262888707
565.0838797,565.0833999,565.0835081,C24 H22 O16,24.0,22.0,16.0,0.0,0.0,0.0,0.0,0.0,0.6666666666666666,0.9166666666666666,0.0,tannin,0.796045044140018
563.2502928,563.2498154,563.2497856,C29 H40 O11,29.0,40.0,11.0,0.0,0.0,0.0,0.0,0.0,0.3793103448275862,1.3793103448275863,0.0,lignin,0.9052589438085266
563.2136967,563.2132194,563.2134001,C28 H36 O12,28.0,36.0,12.0,0.0,0.0,0.0,0.0,0.0,0.42857142857142855,1.2857142857142858,0.0,lignin,0.9066568926233805
563.1772577,563.1767804,563.1770146,C27 H32 O13,27.0,32.0,13.0,0.0,0.0,0.0,0.0,0.0,0.48148148148148145,1.1851851851851851,0.0,lignin,0.9103326636914124
563.1772577,563.1767804,563.1765015,C40 H24 O2 N2,40.0,24.0,2.0,0.0,2.0,0.0,0.0,0.0,0.05,0.6,0.05,pah,0.9215774494607756
563.1409876,563.1405104,563.140629,C26 H28 O14,26.0,28.0,14.0,0.0,0.0,0.0,0.0,0.0,0.5384615384615384,1.0769230769230769,0.0,lignin,0.8434255650912711
563.1047759,563.1042987,563.1042435,C25 H24 O15,25.0,24.0,15.0,0.0,0.0,0.0,0.0,0.0,0.6,0.96,0.0,lignin,0.5727815145110864
561.2709701,561.2704953,561.270521,C30 H42 O10,30.0,42.0,10.0,0.0,0.0,0.0,0.0,0.0,0.3333333333333333,1.4,0.0,lignin,0.9048424399905312
561.2345104,561.2340357,561.2341355,C29 H38 O11,29.0,38.0,11.0,0.0,0.0,0.0,0.0,0.0,0.3793103448275862,1.3103448275862069,0.0,lignin,0.907224579159163
561.1981423,561.1976677,561.19775,C28 H34 O12,28.0,34.0,12.0,0.0,0.0,0.0,0.0,0.0,0.42857142857142855,1.2142857142857142,0.0,lignin,0.9098564768916203
561.1618403,561.1613657,561.1613645,C27 H30 O13,27.0,30.0,13.0,0.0,0.0,0.0,0.0,0.0,0.48148148148148145,1.1111111111111112,0.0,lignin,0.9130898063281659
561.1255382,561.1250636,561.124979,C26 H26 O14,26.0,26.0,14.0,0.0,0.0,0.0,0.0,0.0,0.5384615384615384,1.0,0.0,lignin,0.5720951788955034
561.0892242,561.0887497,561.0885935,C25 H22 O15,25.0,22.0,15.0,0.0,0.0,0.0,0.0,0.0,0.6,0.88,0.0,tannin,0.9127644254888481
559.2551382,559.2546661,559.254871,C30 H40 O10,30.0,40.0,10.0,0.0,0.0,0.0,0.0,0.0,0.3333333333333333,1.3333333333333333,0.0,lignin,0.906513060742221
559.2187266,559.2182546,559.2184854,C29 H36 O11,29.0,36.0,11.0,0.0,0.0,0.0,0.0,0.0,0.3793103448275862,1.2413793103448276,0.0,lignin,0.9076318554973047
559.1825026,559.1820306,559.1820999,C28 H32 O12,28.0,32.0,12.0,0.0,0.0,0.0,0.0,0.0,0.42857142857142855,1.1428571428571428,0.0,lignin,0.9102165861612423
557.3366959,557.3362263,557.3364926,C26 H54 O10 S1,26.0,54.0,10.0,1.0,0.0,0.0,0.0,0.0,0.38461538461538464,2.076923076923077,0.0,lipid,0.8079830817062088
557.2398654,557.2393959,557.2392209,C30 H38 O10,30.0,38.0,10.0,0.0,0.0,0.0,0.0,0.0,0.3333333333333333,1.2666666666666666,0.0,lignin,0.9067257369916163
557.0939803,557.0935111,557.0936789,C26 H22 O14,26.0,22.0,14.0,0.0,0.0,0.0,0.0,0.0,0.5384615384615384,0.8461538461538461,0.0,tannin,0.901859574974979
557.0575387,557.0570695,557.0572933,C25 H18 O15,25.0,18.0,15.0,0.0,0.0,0.0,0.0,0.0,0.6,0.72,0.0,tannin,0.9365730487858294
555.2088515,555.2083847,555.2083147,C26 H36 O13,26.0,36.0,13.0,0.0,0.0,0.0,0.0,0.0,0.5,1.3846153846153846,0.0,lignin,0.8945170807393088
555.1723078,555.171841,555.1719292,C25 H32 O14,25.0,32.0,14.0,0.0,0.0,0.0,0.0,0.0,0.56,1.28,0.0,lignin,0.9057825226929541
555.1147288,555.1142622,555.1144143,C27 H24 O13,27.0,24.0,13.0,0.0,0.0,0.0,0.0,0.0,0.48148148148148145,0.8888888888888888,0.0,tannin,0.9002229573671396
555.0783804,555.0779137,555.0780288,C26 H20 O14,26.0,20.0,14.0,0.0,0.0,0.0,0.0,0.0,0.5384615384615384,0.7692307692307693,0.0,tannin,0.9115110647447672
553.2655796,553.2651153,553.2649226,C41 H34 N2,41.0,34.0,0.0,0.0,2.0,0.0,0.0,0.0,0.0,0.8292682926829268,0.04878048780487805,pah,0.9553323383739334
553.2292967,553.2288325,553.2290501,C27 H38 O12,27.0,38.0,12.0,0.0,0.0,0.0,0.0,0.0,0.4444444444444444,1.4074074074074074,0.0,lignin,0.8935237382256982
553.2212795,553.2208153,553.220675,C38 H34 O2 S1,38.0,34.0,2.0,1.0,0.0,0.0,0.0,0.0,0.05263157894736842,0.8947368421052632,0.0,pah,0.6676607650471261
553.1930525,553.1925883,553.1926646,C26 H34 O13,26.0,34.0,13.0,0.0,0.0,0.0,0.0,0.0,0.5,1.3076923076923077,0.0,lignin,0.9055856931025172
553.1567658,553.1563017,553.1562791,C25 H30 O14,25.0,30.0,14.0,0.0,0.0,0.0,0.0,0.0,0.56,1.2,0.0,lignin,0.9093739779527565
551.2504175,551.2499559,551.2497856,C28 H40 O11,28.0,40.0,11.0,0.0,0.0,0.0,0.0,0.0,0.39285714285714285,1.4285714285714286,0.0,lignin,0.9041516180671332
551.2139806,551.213519,551.2134001,C27 H36 O12,27.0,36.0,12.0,0.0,0.0,0.0,0.0,0.0,0.4444444444444444,1.3333333333333333,0.0,lignin,0.9057776472906076
551.1775318,551.1770702,551.1770146,C26 H32 O13,26.0,32.0,13.0,0.0,0.0,0.0,0.0,0.0,0.5,1.2307692307692308,0.0,lignin,0.9075475504394944
551.1410793,551.1406178,551.140629,C25 H28 O14,25.0,28.0,14.0,0.0,0.0,0.0,0.0,0.0,0.56,1.12,0.0,lignin,0.9237148810072732
551.1046339,551.1041725,551.1042435,C24 H24 O15,24.0,24.0,15.0,0.0,0.0,0.0,0.0,0.0,0.625,1.0,0.0,lignin,0.5736062471348455
551.0681645,551.0677031,551.067858,C23 H20 O16,23.0,20.0,16.0,0.0,0.0,0.0,0.0,0.0,0.6956521739130435,0.8695652173913043,0.0,tannin,0.79645385384134
549.2707735,549.2703145,549.270521,C29 H42 O10,29.0,42.0,10.0,0.0,0.0,0.0,0.0,0.0,0.3448275862068966,1.4482758620689655,0.0,lignin,0.9044493154353427
549.2343296,549.2338706,549.2341355,C28 H38 O11,28.0,38.0,11.0,0.0,0.0,0.0,0.0,0.0,0.39285714285714285,1.3571428571428572,0.0,lignin,0.9055291929113121
549.2343296,549.2338706,549.2336224,C41 H30 N2,41.0,30.0,0.0,0.0,2.0,0.0,0.0,0.0,0.0,0.7317073170731707,0.04878048780487805,pah,0.9564647804223039
549.1980507,549.1975917,549.19775,C27 H34 O12,27.0,34.0,12.0,0.0,0.0,0.0,0.0,0.0,0.4444444444444444,1.2592592592592593,0.0,lignin,0.9069975611595383
549.1618465,549.1613876,549.1613645,C26 H30 O13,26.0,30.0,13.0,0.0,0.0,0.0,0.0,0.0,0.5,1.1538461538461537,0.0,lignin,0.9103870147215417
549.1255639,549.125105,549.124979,C25 H26 O14,25.0,26.0,14.0,0.0,0.0,0.0,0.0,0.0,0.56,1.04,0.0,lignin,0.8631393542745706
549.0892602,549.0888014,549.0885935,C24 H22 O15,24.0,22.0,15.0,0.0,0.0,0.0,0.0,0.0,0.625,0.9166666666666666,0.0,tannin,0.7961376549625427
547.2554606,547.2550042,547.254871,C29 H40 O10,29.0,40.0,10.0,0.0,0.0,0.0,0.0,0.0,0.3448275862068966,1.3793103448275863,0.0,lignin,0.9050774746660452
547.2189869,547.2185305,547.2184854,C28 H36 O11,28.0,36.0,11.0,0.0,0.0,0.0,0.0,0.0,0.39285714285714285,1.2857142857142858,0.0,lignin,0.9075129535495522
547.1825356,547.1820792,547.1820999,C27 H32 O12,27.0,32.0,12.0,0.0,0.0,0.0,0.0,0.0,0.4444444444444444,1.1851851851851851,0.0,lignin,0.9102966257813098
547.1460711,547.1456148,547.1457144,C26 H28 O13,26.0,28.0,13.0,0.0,0.0,0.0,0.0,0.0,0.5,1.0769230769230769,0.0,lignin,0.8436950126844328
547.1096627,547.1092064,547.1093289,C25 H24 O14,25.0,24.0,14.0,0.0,0.0,0.0,0.0,0.0,0.56,0.96,0.0,lignin,0.5711251202932287
547.0733198,547.0728636,547.0729434,C24 H20 O15,24.0,20.0,15.0,0.0,0.0,0.0,0.0,0.0,0.625,0.8333333333333334,0.0,tannin,0.913375819623943
545.2758523,545.2753985,545.2756064,C30 H42 O9,30.0,42.0,9.0,0.0,0.0,0.0,0.0,0.0,0.3,1.4,0.0,lignin,0.9054685104013567
545.2396801,545.2392263,545.2392209,C29 H38 O10,29.0,38.0,10.0,0.0,0.0,0.0,0.0,0.0,0.3448275862068966,1.3103448275862069,0.0,lignin,0.9067896596078029
545.2035324,545.2030786,545.2028354,C28 H34 O11,28.0,34.0,11.0,0.0,0.0,0.0,0.0,0.0,0.39285714285714285,1.2142857142857142,0.0,lignin,0.9099051322642595
545.1306911,545.1302374,545.1300644,C26 H26 O13,26.0,26.0,13.0,0.0,0.0,0.0,0.0,0.0,0.5,1.0,0.0,lignin,0.8622091928559257
545.0941559,545.0937023,545.0936789,C25 H22 O14,25.0,22.0,14.0,0.0,0.0,0.0,0.0,0.0,0.56,0.88,0.0,tannin,0.9012851366050769
545.0575374,545.0570838,545.0572933,C24 H18 O15,24.0,18.0,15.0,0.0,0.0,0.0,0.0,0.0,0.625,0.75,0.0,tannin,0.932080687480776
543.2602426,543.2597913,543.2599563,C30 H40 O9,30.0,40.0,9.0,0.0,0.0,0.0,0.0,0.0,0.3,1.3333333333333333,0.0,lignin,0.9057065833312782
543.22392,543.2234688,543.2235708,C29 H36 O10,29.0,36.0,10.0,0.0,0.0,0.0,0.0,0.0,0.3448275862068966,1.2413793103448276,0.0,lignin,0.9072712657192593
543.187527,543.1870758,543.1871853,C28 H32 O11,28.0,32.0,11.0,0.0,0.0,0.0,0.0,0.0,0.39285714285714285,1.1428571428571428,0.0,lignin,0.9099748242740532
543.151326,543.1508749,543.1507998,C27 H28 O12,27.0,28.0,12.0,0.0,0.0,0.0,0.0,0.0,0.4444444444444444,1.037037037037037,0.0,lignin,0.8639429231056568
543.0786647,543.0782136,543.0780288,C25 H20 O14,25.0,20.0,14.0,0.0,0.0,0.0,0.0,0.0,0.56,0.8,0.0,tannin,0.9118824445613409
541.2293316,541.2288829,541.2290501,C26 H38 O12,26.0,38.0,12.0,0.0,0.0,0.0,0.0,0.0,0.46153846153846156,1.4615384615384615,0.0,lignin,0.8933907045707693
541.2081292,541.2076806,541.2079208,C29 H34 O10,29.0,34.0,10.0,0.0,0.0,0.0,0.0,0.0,0.3448275862068966,1.1724137931034482,0.0,lignin,0.9097847503378752
541.1928559,541.1924073,541.1926646,C25 H34 O13,25.0,34.0,13.0,0.0,0.0,0.0,0.0,0.0,0.52,1.36,0.0,lignin,0.9059429656643585
541.1928559,541.1924073,541.1921516,C38 H26 O2 N2,38.0,26.0,2.0,0.0,2.0,0.0,0.0,0.0,0.05263157894736842,0.6842105263157895,0.05263157894736842,pah,0.9594743791952547
541.1717943,541.1713457,541.1715353,C28 H30 O11,28.0,30.0,11.0,0.0,0.0,0.0,0.0,0.0,0.39285714285714285,1.0714285714285714,0.0,lignin,0.8446425299414884
541.1565566,541.1561081,541.1562791,C24 H30 O14,24.0,30.0,14.0,0.0,0.0,0.0,0.0,0.0,0.5833333333333334,1.25,0.0,lignin,0.9061872982553194
541.1355106,541.1350621,541.1351497,C27 H26 O12,27.0,26.0,12.0,0.0,0.0,0.0,0.0,0.0,0.4444444444444444,0.9629629629629629,0.0,lignin,0.5709699450837278
539.2503715,539.2499254,539.2497856,C27 H40 O11,27.0,40.0,11.0,0.0,0.0,0.0,0.0,0.0,0.4074074074074074,1.4814814814814814,0.0,lignin,0.8924321084067914
539.2138487,539.2134026,539.2134001,C26 H36 O12,26.0,36.0,12.0,0.0,0.0,0.0,0.0,0.0,0.46153846153846156,1.3846153846153846,0.0,lignin,0.9040384826996298
539.1773149,539.1768689,539.1770146,C25 H32 O13,25.0,32.0,13.0,0.0,0.0,0.0,0.0,0.0,0.52,1.28,0.0,lignin,0.9061227368090139
539.140872,539.1404261,539.140629,C24 H28 O14,24.0,28.0,14.0,0.0,0.0,0.0,0.0,0.0,0.5833333333333334,1.1666666666666667,0.0,lignin,0.9093490624029845
539.1045658,539.1041199,539.1042435,C23 H24 O15,23.0,24.0,15.0,0.0,0.0,0.0,0.0,0.0,0.6521739130434783,1.0434782608695652,0.0,lignin,0.6803932743548304
539.0835634,539.0831175,539.0831142,C26 H20 O13,26.0,20.0,13.0,0.0,0.0,0.0,0.0,0.0,0.5,0.7692307692307693,0.0,tannin,0.898334340453015
539.0683821,539.0679363,539.067858,C22 H20 O16,22.0,20.0,16.0,0.0,0.0,0.0,0.0,0.0,0.7272727272727273,0.9090909090909091,0.0,tannin,0.7957273902571307
537.2345618,537.2341184,537.2341355,C27 H38 O11,27.0,38.0,11.0,0.0,0.0,0.0,0.0,0.0,0.4074074074074074,1.4074074074074074,0.0,lignin,0.9044018241937856
537.1980655,537.197622,537.19775,C26 H34 O12,26.0,34.0,12.0,0.0,0.0,0.0,0.0,0.0,0.46153846153846156,1.3076923076923077,0.0,lignin,0.9064618784505118
537.1616498,537.1612064,537.1613645,C25 H30 O13,25.0,30.0,13.0,0.0,0.0,0.0,0.0,0.0,0.52,1.2,0.0,lignin,0.9091417533211017
537.1253621,537.1249188,537.124979,C24 H26 O14,24.0,26.0,14.0,0.0,0.0,0.0,0.0,0.0,0.5833333333333334,1.0833333333333333,0.0,lignin,0.8436913196545117
537.0890811,537.0886378,537.0885935,C23 H22 O15,23.0,22.0,15.0,0.0,0.0,0.0,0.0,0.0,0.6521739130434783,0.9565217391304348,0.0,lignin,0.5597839993094977
535.2554561,535.2550152,535.254871,C28 H40 O10,28.0,40.0,10.0,0.0,0.0,0.0,0.0,0.0,0.35714285714285715,1.4285714285714286,0.0,lignin,0.9046643046803444
535.2188824,535.2184416,535.2184854,C27 H36 O11,27.0,36.0,11.0,0.0,0.0,0.0,0.0,0.0,0.4074074074074074,1.3333333333333333,0.0,lignin,0.9058296826178445
535.1823162,535.1818753,535.1820999,C26 H32 O12,26.0,32.0,12.0,0.0,0.0,0.0,0.0,0.0,0.46153846153846156,1.2307692307692308,0.0,lignin,0.9073347217780638
535.1459302,535.1454894,535.1457144,C25 H28 O13,25.0,28.0,13.0,0.0,0.0,0.0,0.0,0.0,0.52,1.12,0.0,lignin,0.8898825337842027
535.1097055,535.1092647,535.1093289,C24 H24 O14,24.0,24.0,14.0,0.0,0.0,0.0,0.0,0.0,0.5833333333333334,1.0,0.0,lignin,0.5720065116928554
535.0735806,535.0731399,535.0729434,C23 H20 O15,23.0,20.0,15.0,0.0,0.0,0.0,0.0,0.0,0.6521739130434783,0.8695652173913043,0.0,tannin,0.9128821164137471
533.2760547,533.2756164,533.2756064,C29 H42 O9,29.0,42.0,9.0,0.0,0.0,0.0,0.0,0.0,0.3103448275862069,1.4482758620689655,0.0,lignin,0.7564187452379654
533.239551,533.2391127,533.2392209,C28 H38 O10,28.0,38.0,10.0,0.0,0.0,0.0,0.0,0.0,0.35714285714285715,1.3571428571428572,0.0,lignin,0.9053347192019492
533.2031123,533.2026741,533.2028354,C27 H34 O11,27.0,34.0,11.0,0.0,0.0,0.0,0.0,0.0,0.4074074074074074,1.2592592592592593,0.0,lignin,0.9078265115434878
533.1667772,533.1663389,533.1664499,C26 H30 O12,26.0,30.0,12.0,0.0,0.0,0.0,0.0,0.0,0.46153846153846156,1.1538461538461537,0.0,lignin,0.9103875141865952
533.1304681,533.1300299,533.1300644,C25 H26 O13,25.0,26.0,13.0,0.0,0.0,0.0,0.0,0.0,0.52,1.04,0.0,lignin,0.863455323217992
533.0942935,533.0938554,533.0936789,C24 H22 O14,24.0,22.0,14.0,0.0,0.0,0.0,0.0,0.0,0.5833333333333334,0.9166666666666666,0.0,tannin,0.7845087433180076
533.0579376,533.0574995,533.0572933,C23 H18 O15,23.0,18.0,15.0,0.0,0.0,0.0,0.0,0.0,0.6521739130434783,0.782608695652174,0.0,tannin,0.9139061259330165
531.3308726,531.3304367,531.3302254,C35 H48 O2 S1,35.0,48.0,2.0,1.0,0.0,0.0,0.0,0.0,0.05714285714285714,1.3714285714285714,0.0,lipid,0.8918967415065403
531.2602207,531.2597849,531.2599563,C29 H40 O9,29.0,40.0,9.0,0.0,0.0,0.0,0.0,0.0,0.3103448275862069,1.3793103448275863,0.0,lignin,0.9057150457968695
531.2239369,531.2235012,531.2235708,C28 H36 O10,28.0,36.0,10.0,0.0,0.0,0.0,0.0,0.0,0.35714285714285715,1.2857142857142858,0.0,lignin,0.9070886687954006
531.1877095,531.1872738,531.1871853,C27 H32 O11,27.0,32.0,11.0,0.0,0.0,0.0,0.0,0.0,0.4074074074074074,1.1851851851851851,0.0,lignin,0.9101087962108579
531.1514337,531.150998,531.1507998,C26 H28 O12,26.0,28.0,12.0,0.0,0.0,0.0,0.0,0.0,0.46153846153846156,1.0769230769230769,0.0,lignin,0.8439716776145929
531.1150614,531.1146258,531.1144143,C25 H24 O13,25.0,24.0,13.0,0.0,0.0,0.0,0.0,0.0,0.52,0.96,0.0,lignin,0.5713352889691894
531.0785897,531.0781542,531.0780288,C24 H20 O14,24.0,20.0,14.0,0.0,0.0,0.0,0.0,0.0,0.5833333333333334,0.8333333333333334,0.0,tannin,0.9133312646648053
529.3054331,529.3049998,529.3051924,C24 H50 O10 S1,24.0,50.0,10.0,1.0,0.0,0.0,0.0,0.0,0.4166666666666667,2.0833333333333335,0.0,lipid,0.8063569377056112
529.2811088,529.2806756,529.2806918,C30 H42 O8,30.0,42.0,8.0,0.0,0.0,0.0,0.0,0.0,0.26666666666666666,1.4,0.0,lignin,0.9042265187842202
529.2449118,529.2444786,529.2443063,C29 H38 O9,29.0,38.0,9.0,0.0,0.0,0.0,0.0,0.0,0.3103448275862069,1.3103448275862069,0.0,lignin,0.906035668678796
529.2086135,529.2081803,529.2079208,C28 H34 O10,28.0,34.0,10.0,0.0,0.0,0.0,0.0,0.0,0.35714285714285715,1.2142857142857142,0.0,lignin,0.9096962954101795
529.1721922,529.1717591,529.1715353,C27 H30 O11,27.0,30.0,11.0,0.0,0.0,0.0,0.0,0.0,0.4074074074074074,1.1111111111111112,0.0,lignin,0.9521671650668744
529.1355226,529.1350896,529.1351497,C26 H26 O12,26.0,26.0,12.0,0.0,0.0,0.0,0.0,0.0,0.46153846153846156,1.0,0.0,lignin,0.8624557527968447
529.0989833,529.0985503,529.0987642,C25 H22 O13,25.0,22.0,13.0,0.0,0.0,0.0,0.0,0.0,0.52,0.88,0.0,tannin,0.9011700630883622
529.0837375,529.0833045,529.0835081,C21 H22 O16,21.0,22.0,16.0,0.0,0.0,0.0,0.0,0.0,0.7619047619047619,1.0476190476190477,0.0,lignin,0.7296997022157015
529.0626159,529.0621829,529.0623787,C24 H18 O14,24.0,18.0,14.0,0.0,0.0,0.0,0.0,0.0,0.5833333333333334,0.75,0.0,tannin,0.9140668490490347
527.2291781,527.2287475,527.2286562,C29 H36 O9,29.0,36.0,9.0,0.0,0.0,0.0,0.0,0.0,0.3103448275862069,1.2413793103448276,0.0,lignin,0.9060869768122737
527.2137986,527.213368,527.2134001,C25 H36 O12,25.0,36.0,12.0,0.0,0.0,0.0,0.0,0.0,0.48,1.44,0.0,lignin,0.8936241747450614
527.1926138,527.1921833,527.1922707,C28 H32 O10,28.0,32.0,10.0,0.0,0.0,0.0,0.0,0.0,0.35714285714285715,1.1428571428571428,0.0,lignin,0.9097642540604726
527.1772797,527.1768492,527.1770146,C24 H32 O13,24.0,32.0,13.0,0.0,0.0,0.0,0.0,0.0,0.5416666666666666,1.3333333333333333,0.0,lignin,0.9063518180728458
527.1561307,527.1557002,527.1558852,C27 H28 O11,27.0,28.0,11.0,0.0,0.0,0.0,0.0,0.0,0.4074074074074074,1.037037037037037,0.0,lignin,0.863556867777943
527.140909,527.1404785,527.140629,C23 H28 O14,23.0,28.0,14.0,0.0,0.0,0.0,0.0,0.0,0.6086956521739131,1.2173913043478262,0.0,lignin,0.9082829458647608
527.1198072,527.1193768,527.1194997,C26 H24 O12,26.0,24.0,12.0,0.0,0.0,0.0,0.0,0.0,0.46153846153846156,0.9230769230769231,0.0,tannin,0.7834787405693147
527.1046654,527.1042349,527.1042435,C22 H24 O15,22.0,24.0,15.0,0.0,0.0,0.0,0.0,0.0,0.6818181818181818,1.0909090909090908,0.0,lignin,0.7304214368531545
527.0836709,527.0832404,527.0831142,C25 H20 O13,25.0,20.0,13.0,0.0,0.0,0.0,0.0,0.0,0.52,0.8,0.0,tannin,0.901611847026565
525.2345015,525.2340734,525.2341355,C26 H38 O11,26.0,38.0,11.0,0.0,0.0,0.0,0.0,0.0,0.4230769230769231,1.4615384615384615,0.0,lignin,0.892597259803769
525.198273,525.1978449,525.19775,C25 H34 O12,25.0,34.0,12.0,0.0,0.0,0.0,0.0,0.0,0.48,1.36,0.0,lignin,0.9043846640845986
525.162017,525.161589,525.1613645,C24 H30 O13,24.0,30.0,13.0,0.0,0.0,0.0,0.0,0.0,0.5416666666666666,1.25,0.0,lignin,0.9067343710112103
525.1256339,525.125206,525.124979,C23 H26 O14,23.0,26.0,14.0,0.0,0.0,0.0,0.0,0.0,0.6086956521739131,1.1304347826086956,0.0,lignin,0.9059910811249317
525.1043865,525.1039586,525.1038496,C26 H22 O12,26.0,22.0,12.0,0.0,0.0,0.0,0.0,0.0,0.46153846153846156,0.8461538461538461,0.0,tannin,0.900473998623714
525.0891488,525.088721,525.0885935,C22 H22 O15,22.0,22.0,15.0,0.0,0.0,0.0,0.0,0.0,0.6818181818181818,1.0,0.0,lignin,0.5605852455864353
525.0678408,525.0674129,525.0674641,C25 H18 O13,25.0,18.0,13.0,0.0,0.0,0.0,0.0,0.0,0.52,0.72,0.0,tannin,0.906132355766035
525.0525432,525.0521153,525.052208,C21 H18 O16,21.0,18.0,16.0,0.0,0.0,0.0,0.0,0.0,0.7619047619047619,0.8571428571428571,0.0,tannin,0.6258130754524213
523.2553422,523.2549166,523.254871,C27 H40 O10,27.0,40.0,10.0,0.0,0.0,0.0,0.0,0.0,0.37037037037037035,1.4814814814814814,0.0,lignin,0.7454442862790406
523.2188617,523.2184362,523.2184854,C26 H36 O11,26.0,36.0,11.0,0.0,0.0,0.0,0.0,0.0,0.4230769230769231,1.3846153846153846,0.0,lignin,0.9047039989082772
523.182401,523.1819756,523.1820999,C25 H32 O12,25.0,32.0,12.0,0.0,0.0,0.0,0.0,0.0,0.48,1.28,0.0,lignin,0.9069910344046814
523.1460688,523.1456434,523.1457144,C24 H28 O13,24.0,28.0,13.0,0.0,0.0,0.0,0.0,0.0,0.5416666666666666,1.1666666666666667,0.0,lignin,0.9092585198871378
523.1097597,523.1093344,523.1093289,C23 H24 O14,23.0,24.0,14.0,0.0,0.0,0.0,0.0,0.0,0.6086956521739131,1.0434782608695652,0.0,lignin,0.6825616824607873
523.0735272,523.0731019,523.0729434,C22 H20 O15,22.0,20.0,15.0,0.0,0.0,0.0,0.0,0.0,0.6818181818181818,0.9090909090909091,0.0,tannin,0.7959983948480271
521.2760822,521.2756592,521.2756064,C28 H42 O9,28.0,42.0,9.0,0.0,0.0,0.0,0.0,0.0,0.32142857142857145,1.5,0.0,lipid,0.7213916514629275
521.2398482,521.2394253,521.2392209,C27 H38 O10,27.0,38.0,10.0,0.0,0.0,0.0,0.0,0.0,0.37037037037037035,1.4074074074074074,0.0,lignin,0.9049105013668687
521.203503,521.20308,521.2028354,C26 H34 O11,26.0,34.0,11.0,0.0,0.0,0.0,0.0,0.0,0.4230769230769231,1.3076923076923077,0.0,lignin,0.9064100799959137
521.1669438,521.1665209,521.1664499,C25 H30 O12,25.0,30.0,12.0,0.0,0.0,0.0,0.0,0.0,0.48,1.2,0.0,lignin,0.9102389978350514
521.1303498,521.129927,521.1300644,C24 H26 O13,24.0,26.0,13.0,0.0,0.0,0.0,0.0,0.0,0.5416666666666666,1.0833333333333333,0.0,lignin,0.8437697442949169
521.0939045,521.0934817,521.0936789,C23 H22 O14,23.0,22.0,14.0,0.0,0.0,0.0,0.0,0.0,0.6086956521739131,0.9565217391304348,0.0,lignin,0.5726673295589951
521.057597,521.0571742,521.0572933,C22 H18 O15,22.0,18.0,15.0,0.0,0.0,0.0,0.0,0.0,0.6818181818181818,0.8181818181818182,0.0,tannin,0.9133743393451338
520.2555236,520.2551019,520.2552053,C27 H39 O9 N1,27.0,39.0,9.0,0.0,1.0,0.0,0.0,0.0,0.3333333333333333,1.4444444444444444,0.037037037037037035,lipid,0.892247401994281
519.2238434,519.223423,519.2235708,C27 H36 O10,27.0,36.0,10.0,0.0,0.0,0.0,0.0,0.0,0.37037037037037035,1.3333333333333333,0.0,lignin,0.9058669822191773
519.1877284,519.187308,519.1871853,C26 H32 O11,26.0,32.0,11.0,0.0,0.0,0.0,0.0,0.0,0.4230769230769231,1.2307692307692308,0.0,lignin,0.9081602700391885
519.1514402,519.1510199,519.1507998,C25 H28 O12,25.0,28.0,12.0,0.0,0.0,0.0,0.0,0.0,0.48,1.12,0.0,lignin,0.9283493758684008
519.1150168,519.1145966,519.1144143,C24 H24 O13,24.0,24.0,13.0,0.0,0.0,0.0,0.0,0.0,0.5416666666666666,1.0,0.0,lignin,0.5720853391120991
519.0784913,519.078071,519.0780288,C23 H20 O14,23.0,20.0,14.0,0.0,0.0,0.0,0.0,0.0,0.6086956521739131,0.8695652173913043,0.0,tannin,0.9128586798102862
517.2811678,517.2807499,517.2806918,C29 H42 O8,29.0,42.0,8.0,0.0,0.0,0.0,0.0,0.0,0.27586206896551724,1.4482758620689655,0.0,lipid,0.5778138308079693
517.2445492,517.2441313,517.2443063,C28 H38 O9,28.0,38.0,9.0,0.0,0.0,0.0,0.0,0.0,0.32142857142857145,1.3571428571428572,0.0,lignin,0.9059788410286336
517.2080936,517.2076758,517.2079208,C27 H34 O10,27.0,34.0,10.0,0.0,0.0,0.0,0.0,0.0,0.37037037037037035,1.2592592592592593,0.0,lignin,0.9074124894927795
517.1718515,517.1714338,517.1715353,C26 H30 O11,26.0,30.0,11.0,0.0,0.0,0.0,0.0,0.0,0.4230769230769231,1.1538461538461537,0.0,lignin,0.9101549187275513
517.1357079,517.1352902,517.1351497,C25 H26 O12,25.0,26.0,12.0,0.0,0.0,0.0,0.0,0.0,0.48,1.04,0.0,lignin,0.8637128485839213
517.0630463,517.0626286,517.0623787,C23 H18 O14,23.0,18.0,14.0,0.0,0.0,0.0,0.0,0.0,0.6086956521739131,0.782608695652174,0.0,tannin,0.9139239504207556
515.265629,515.2652137,515.2650417,C29 H40 O8,29.0,40.0,8.0,0.0,0.0,0.0,0.0,0.0,0.27586206896551724,1.3793103448275863,0.0,lignin,0.9045869596719603
515.2289986,515.2285833,515.2286562,C28 H36 O9,28.0,36.0,9.0,0.0,0.0,0.0,0.0,0.0,0.32142857142857145,1.2857142857142858,0.0,lignin,0.9063807435378916
515.192481,515.1920657,515.1922707,C27 H32 O10,27.0,32.0,10.0,0.0,0.0,0.0,0.0,0.0,0.37037037037037035,1.1851851851851851,0.0,lignin,0.9099029721795502
515.1771766,515.1767613,515.1770146,C23 H32 O13,23.0,32.0,13.0,0.0,0.0,0.0,0.0,0.0,0.5652173913043478,1.391304347826087,0.0,lignin,0.8930504127451606
515.1692146,515.1687994,515.1686394,C34 H28 O3 S1,34.0,28.0,3.0,1.0,0.0,0.0,0.0,0.0,0.08823529411764706,0.8235294117647058,0.0,pah,0.9147726725202825
515.1560896,515.1556743,515.1558852,C26 H28 O11,26.0,28.0,11.0,0.0,0.0,0.0,0.0,0.0,0.4230769230769231,1.0769230769230769,0.0,lignin,0.844473240151373
515.1199636,515.1195484,515.1194997,C25 H24 O12,25.0,24.0,12.0,0.0,0.0,0.0,0.0,0.0,0.48,0.96,0.0,lignin,0.5714387154763294
513.2498987,513.2494859,513.2493916,C29 H38 O8,29.0,38.0,8.0,0.0,0.0,0.0,0.0,0.0,0.27586206896551724,1.3103448275862069,0.0,lignin,0.9043346167023947
513.2132523,513.2128396,513.2130061,C28 H34 O9,28.0,34.0,9.0,0.0,0.0,0.0,0.0,0.0,0.32142857142857145,1.2142857142857142,0.0,lignin,0.9094002511638548
513.1979758,513.1975631,513.19775,C24 H34 O12,24.0,34.0,12.0,0.0,0.0,0.0,0.0,0.0,0.5,1.4166666666666667,0.0,lignin,0.8939332451819808
513.1899459,513.1895332,513.1893748,C35 H30 O2 S1,35.0,30.0,2.0,1.0,0.0,0.0,0.0,0.0,0.05714285714285714,0.8571428571428571,0.0,pah,0.9115096827131909
513.1768281,513.1764153,513.1766206,C27 H30 O10,27.0,30.0,10.0,0.0,0.0,0.0,0.0,0.0,0.37037037037037035,1.1111111111111112,0.0,lignin,0.951922772471278
513.1616031,513.1611904,513.1613645,C23 H30 O13,23.0,30.0,13.0,0.0,0.0,0.0,0.0,0.0,0.5652173913043478,1.3043478260869565,0.0,lignin,0.9068748835503481
513.1253934,513.1249808,513.124979,C22 H26 O14,22.0,26.0,14.0,0.0,0.0,0.0,0.0,0.0,0.6363636363636364,1.1818181818181819,0.0,lignin,0.9293504400825878
513.1043783,513.1039656,513.1038496,C25 H22 O12,25.0,22.0,12.0,0.0,0.0,0.0,0.0,0.0,0.48,0.88,0.0,tannin,0.899784077339232
513.0892512,513.0888386,513.0885935,C21 H22 O15,21.0,22.0,15.0,0.0,0.0,0.0,0.0,0.0,0.7142857142857143,1.0476190476190477,0.0,lignin,0.7281333069520572
511.4736172,511.4732067,511.473184,C32 H64 O4,32.0,64.0,4.0,0.0,0.0,0.0,0.0,0.0,0.125,2.0,0.0,lipid,0.9059248514837307
511.2186768,511.2182666,511.2184854,C25 H36 O11,25.0,36.0,11.0,0.0,0.0,0.0,0.0,0.0,0.44,1.44,0.0,lignin,0.8923913078118766
511.2105833,511.210173,511.2101103,C36 H32 O1 S1,36.0,32.0,1.0,1.0,0.0,0.0,0.0,0.0,0.027777777777777776,0.8888888888888888,0.0,pah,0.9126258576931747
511.1823013,511.1818911,511.1820999,C24 H32 O12,24.0,32.0,12.0,0.0,0.0,0.0,0.0,0.0,0.5,1.3333333333333333,0.0,lignin,0.9048093243903759
511.1742943,511.1738841,511.1737248,C35 H28 O2 S1,35.0,28.0,2.0,1.0,0.0,0.0,0.0,0.0,0.05714285714285714,0.8,0.0,pah,0.9291186271439539
511.146119,511.1457088,511.1457144,C23 H28 O13,23.0,28.0,13.0,0.0,0.0,0.0,0.0,0.0,0.5652173913043478,1.2173913043478262,0.0,lignin,0.9073475733831078
511.1099929,511.1095828,511.1093289,C22 H24 O14,22.0,24.0,14.0,0.0,0.0,0.0,0.0,0.0,0.6363636363636364,1.0909090909090908,0.0,lignin,0.819251149448624
511.0735921,511.073182,511.0729434,C21 H20 O15,21.0,20.0,15.0,0.0,0.0,0.0,0.0,0.0,0.7142857142857143,0.9523809523809523,0.0,lignin,0.5596746440650707
509.2394127,509.239005,509.2392209,C26 H38 O10,26.0,38.0,10.0,0.0,0.0,0.0,0.0,0.0,0.38461538461538464,1.4615384615384615,0.0,lignin,0.8934548188817694
509.20315,509.2027423,509.2028354,C25 H34 O11,25.0,34.0,11.0,0.0,0.0,0.0,0.0,0.0,0.44,1.36,0.0,lignin,0.9050792342717925
509.1669927,509.166585,509.1664499,C24 H30 O12,24.0,30.0,12.0,0.0,0.0,0.0,0.0,0.0,0.5,1.25,0.0,lignin,0.9072747772658069
509.0942827,509.0938751,509.0936789,C22 H22 O14,22.0,22.0,14.0,0.0,0.0,0.0,0.0,0.0,0.6363636363636364,1.0,0.0,lignin,0.5735534588045017
509.0729694,509.0725619,509.0725495,C25 H18 O12,25.0,18.0,12.0,0.0,0.0,0.0,0.0,0.0,0.48,0.72,0.0,tannin,0.9063150336922655
509.0576456,509.0572381,509.0572933,C21 H18 O15,21.0,18.0,15.0,0.0,0.0,0.0,0.0,0.0,0.7142857142857143,0.8571428571428571,0.0,tannin,0.9128735728789625
507.2603348,507.2599296,507.2599563,C27 H40 O9,27.0,40.0,9.0,0.0,0.0,0.0,0.0,0.0,0.3333333333333333,1.4814814814814814,0.0,lignin,0.7481655098886788
507.2241937,507.2237885,507.2235708,C26 H36 O10,26.0,36.0,10.0,0.0,0.0,0.0,0.0,0.0,0.38461538461538464,1.3846153846153846,0.0,lignin,0.9051901054029272
507.18781,507.1874049,507.1871853,C25 H32 O11,25.0,32.0,11.0,0.0,0.0,0.0,0.0,0.0,0.44,1.28,0.0,lignin,0.9067720185097325
507.1512985,507.1508934,507.1507998,C24 H28 O12,24.0,28.0,12.0,0.0,0.0,0.0,0.0,0.0,0.5,1.1666666666666667,0.0,lignin,0.9103912299235002
507.1147013,507.1142962,507.1144143,C23 H24 O13,23.0,24.0,13.0,0.0,0.0,0.0,0.0,0.0,0.5652173913043478,1.0434782608695652,0.0,lignin,0.8632468169256446
507.0782359,507.0778309,507.0780288,C22 H20 O14,22.0,20.0,14.0,0.0,0.0,0.0,0.0,0.0,0.6363636363636364,0.9090909090909091,0.0,tannin,0.7961131987020454
507.0420083,507.0416034,507.0416433,C21 H16 O15,21.0,16.0,15.0,0.0,0.0,0.0,0.0,0.0,0.7142857142857143,0.7619047619047619,0.0,tannin,0.8009737493447217
505.2448146,505.2444119,505.2443063,C27 H38 O9,27.0,38.0,9.0,0.0,0.0,0.0,0.0,0.0,0.3333333333333333,1.4074074074074074,0.0,lignin,0.9047955015650564
505.2082113,505.2078086,505.2079208,C26 H34 O10,26.0,34.0,10.0,0.0,0.0,0.0,0.0,0.0,0.38461538461538464,1.3076923076923077,0.0,lignin,0.9061767132132188
505.1717019,505.1712993,505.1715353,C25 H30 O11,25.0,30.0,11.0,0.0,0.0,0.0,0.0,0.0,0.44,1.2,0.0,lignin,0.9099859917444739
505.1354147,505.1350121,505.1351497,C24 H26 O12,24.0,26.0,12.0,0.0,0.0,0.0,0.0,0.0,0.5,1.0833333333333333,0.0,lignin,0.8440685063267755
505.0993341,505.0989316,505.0987642,C23 H22 O13,23.0,22.0,13.0,0.0,0.0,0.0,0.0,0.0,0.5652173913043478,0.9565217391304348,0.0,lignin,0.5710366813817565
503.2652596,503.2648594,503.2650417,C28 H40 O8,28.0,40.0,8.0,0.0,0.0,0.0,0.0,0.0,0.2857142857142857,1.4285714285714286,0.0,lignin,0.7560461189897343
503.2290301,503.22863,503.2286562,C27 H36 O9,27.0,36.0,9.0,0.0,0.0,0.0,0.0,0.0,0.3333333333333333,1.3333333333333333,0.0,lignin,0.906513060742221
503.192836,503.1924358,503.1922707,C26 H32 O10,26.0,32.0,10.0,0.0,0.0,0.0,0.0,0.0,0.38461538461538464,1.2307692307692308,0.0,lignin,0.9077613482008356
503.1564824,503.1560823,503.1558852,C25 H28 O11,25.0,28.0,11.0,0.0,0.0,0.0,0.0,0.0,0.44,1.12,0.0,lignin,0.9280658932605664
503.1199595,503.1195594,503.1194997,C24 H24 O12,24.0,24.0,12.0,0.0,0.0,0.0,0.0,0.0,0.5,1.0,0.0,lignin,0.8622091928559257
503.0833868,503.0829868,503.0831142,C23 H20 O13,23.0,20.0,13.0,0.0,0.0,0.0,0.0,0.0,0.5652173913043478,0.8695652173913043,0.0,tannin,0.9015082964971031
503.0469241,503.0465242,503.0467287,C22 H16 O14,22.0,16.0,14.0,0.0,0.0,0.0,0.0,0.0,0.6363636363636364,0.7272727272727273,0.0,tannin,0.9399092471439289
501.249776,501.2493783,501.2493916,C28 H38 O8,28.0,38.0,8.0,0.0,0.0,0.0,0.0,0.0,0.2857142857142857,1.3571428571428572,0.0,lignin,0.9049487124653165
501.2132281,501.2128304,501.2130061,C27 H34 O9,27.0,34.0,9.0,0.0,0.0,0.0,0.0,0.0,0.3333333333333333,1.2592592592592593,0.0,lignin,0.906951712289494
501.1979353,501.1975377,501.19775,C23 H34 O12,23.0,34.0,12.0,0.0,0.0,0.0,0.0,0.0,0.5217391304347826,1.4782608695652173,0.0,lignin,0.8464258948259091
501.1898965,501.1894989,501.1893748,C34 H30 O2 S1,34.0,30.0,2.0,1.0,0.0,0.0,0.0,0.0,0.058823529411764705,0.8823529411764706,0.0,pah,0.810125604916194
501.1768664,501.1764688,501.1766206,C26 H30 O10,26.0,30.0,10.0,0.0,0.0,0.0,0.0,0.0,0.38461538461538464,1.1538461538461537,0.0,lignin,0.9099082582726961
501.161707,501.1613094,501.1613645,C22 H30 O13,22.0,30.0,13.0,0.0,0.0,0.0,0.0,0.0,0.5909090909090909,1.3636363636363635,0.0,lignin,0.8968729894101518
501.1407142,501.1403166,501.1402351,C25 H26 O11,25.0,26.0,11.0,0.0,0.0,0.0,0.0,0.0,0.44,1.04,0.0,lignin,0.8641240282268399
501.1255229,501.1251254,501.124979,C21 H26 O14,21.0,26.0,14.0,0.0,0.0,0.0,0.0,0.0,0.6666666666666666,1.2380952380952381,0.0,lignin,0.9268599220178763
501.1044087,501.1040112,501.1038496,C24 H22 O12,24.0,22.0,12.0,0.0,0.0,0.0,0.0,0.0,0.5,0.9166666666666666,0.0,tannin,0.7844195166804988
501.0891889,501.0887915,501.0885935,C20 H22 O15,20.0,22.0,15.0,0.0,0.0,0.0,0.0,0.0,0.75,1.1,0.0,lignin,0.7287174748282648
501.0680402,501.0676428,501.0674641,C23 H18 O13,23.0,18.0,13.0,0.0,0.0,0.0,0.0,0.0,0.5652173913043478,0.782608695652174,0.0,tannin,0.912129694156459
499.2343494,499.2339542,499.2337416,C28 H36 O8,28.0,36.0,8.0,0.0,0.0,0.0,0.0,0.0,0.2857142857142857,1.2857142857142858,0.0,lignin,0.9049450682570892
499.1978678,499.1974727,499.1973561,C27 H32 O9,27.0,32.0,9.0,0.0,0.0,0.0,0.0,0.0,0.3333333333333333,1.1851851851851851,0.0,lignin,0.9096694697148567
499.1825192,499.1821241,499.1820999,C23 H32 O12,23.0,32.0,12.0,0.0,0.0,0.0,0.0,0.0,0.5217391304347826,1.391304347826087,0.0,lignin,0.8944480619674954
499.1612924,499.1608973,499.1609706,C26 H28 O10,26.0,28.0,10.0,0.0,0.0,0.0,0.0,0.0,0.38461538461538464,1.0769230769230769,0.0,lignin,0.8934356231196826
499.1459917,499.1455967,499.1457144,C22 H28 O13,22.0,28.0,13.0,0.0,0.0,0.0,0.0,0.0,0.5909090909090909,1.2727272727272727,0.0,lignin,0.9071765215093771
499.1379255,499.1375304,499.1373393,C33 H24 O3 S1,33.0,24.0,3.0,1.0,0.0,0.0,0.0,0.0,0.09090909090909091,0.7272727272727273,0.0,pah,0.9279461968709398
499.1248617,499.1244667,499.1245851,C25 H24 O11,25.0,24.0,11.0,0.0,0.0,0.0,0.0,0.0,0.44,0.96,0.0,lignin,0.5708950555021366
499.109575,499.10918,499.1093289,C21 H24 O14,21.0,24.0,14.0,0.0,0.0,0.0,0.0,0.0,0.6666666666666666,1.1428571428571428,0.0,lignin,0.931656676255089
499.0884889,499.0880939,499.0881995,C24 H20 O12,24.0,20.0,12.0,0.0,0.0,0.0,0.0,0.0,0.5,0.8333333333333334,0.0,tannin,0.9007746792811686
499.0733085,499.0729135,499.0729434,C20 H20 O15,20.0,20.0,15.0,0.0,0.0,0.0,0.0,0.0,0.75,1.0,0.0,lignin,0.6143878302007872
499.052267,499.0518721,499.051814,C23 H16 O13,23.0,16.0,13.0,0.0,0.0,0.0,0.0,0.0,0.5652173913043478,0.6956521739130435,0.0,tannin,0.9304585405872278
497.2033807,497.2029881,497.2028354,C24 H34 O11,24.0,34.0,11.0,0.0,0.0,0.0,0.0,0.0,0.4583333333333333,1.4166666666666667,0.0,lignin,0.8926594901212136
497.1670605,497.1666679,497.1664499,C23 H30 O12,23.0,30.0,12.0,0.0,0.0,0.0,0.0,0.0,0.5217391304347826,1.3043478260869565,0.0,lignin,0.9054733234391629
497.130579,497.1301865,497.1300644,C22 H26 O13,22.0,26.0,13.0,0.0,0.0,0.0,0.0,0.0,0.5909090909090909,1.1818181818181819,0.0,lignin,0.9094306636057643
497.1093669,497.1089744,497.108935,C25 H22 O11,25.0,22.0,11.0,0.0,0.0,0.0,0.0,0.0,0.44,0.88,0.0,tannin,0.8997674910487039
497.0939402,497.0935477,497.0936789,C21 H22 O14,21.0,22.0,14.0,0.0,0.0,0.0,0.0,0.0,0.6666666666666666,1.0476190476190477,0.0,lignin,0.7035367002909096
497.0727643,497.0723719,497.0725495,C24 H18 O12,24.0,18.0,12.0,0.0,0.0,0.0,0.0,0.0,0.5,0.75,0.0,tannin,0.9077040370068638
497.0574876,497.0570952,497.0572933,C20 H18 O15,20.0,18.0,15.0,0.0,0.0,0.0,0.0,0.0,0.75,0.9,0.0,tannin,0.7028475630296502
497.0363805,497.0359881,497.036164,C23 H14 O13,23.0,14.0,13.0,0.0,0.0,0.0,0.0,0.0,0.5652173913043478,0.6086956521739131,0.0,tannin,0.7894195493306727
496.1908465,496.1904551,496.1905401,C23 H32 O11 13C1,26.0,32.0,11.0,0.0,0.0,1.0,0.0,0.0,0.4583333333333333,1.28,0.0,lignin,0.9068518326386524
495.2601137,495.2597235,495.2599563,C26 H40 O9,26.0,40.0,9.0,0.0,0.0,0.0,0.0,0.0,0.34615384615384615,1.5384615384615385,0.0,lipid,0.7161233794241274
495.223873,495.2234829,495.2235708,C25 H36 O10,25.0,36.0,10.0,0.0,0.0,0.0,0.0,0.0,0.4,1.44,0.0,lignin,0.8936698290978878
495.1877306,495.1873405,495.1871853,C24 H32 O11,24.0,32.0,11.0,0.0,0.0,0.0,0.0,0.0,0.4583333333333333,1.3333333333333333,0.0,lignin,0.9055691480208836
495.1149497,495.1145596,495.1144143,C22 H24 O13,22.0,24.0,13.0,0.0,0.0,0.0,0.0,0.0,0.5909090909090909,1.0909090909090908,0.0,lignin,0.8441763913300511
495.0936389,495.0932489,495.0932849,C25 H20 O11,25.0,20.0,11.0,0.0,0.0,0.0,0.0,0.0,0.44,0.8,0.0,tannin,0.8974765323540517
495.0783094,495.0779194,495.0780288,C21 H20 O14,21.0,20.0,14.0,0.0,0.0,0.0,0.0,0.0,0.6666666666666666,0.9523809523809523,0.0,lignin,0.5597176964762847
495.0571213,495.0567314,495.0568994,C24 H16 O12,24.0,16.0,12.0,0.0,0.0,0.0,0.0,0.0,0.5,0.6666666666666666,0.0,tannin,0.9309895338802365
495.0418079,495.041418,495.0416433,C20 H16 O15,20.0,16.0,15.0,0.0,0.0,0.0,0.0,0.0,0.75,0.8,0.0,tannin,0.6700385066122614
494.2116728,494.2112839,494.2112756,C24 H34 O10 13C1,27.0,34.0,10.0,0.0,0.0,1.0,0.0,0.0,0.4,1.3076923076923077,0.0,lignin,0.9062889623112624
493.244573,493.2441853,493.2443063,C26 H38 O9,26.0,38.0,9.0,0.0,0.0,0.0,0.0,0.0,0.34615384615384615,1.4615384615384615,0.0,lignin,0.8962109824197106
493.2423979,493.2420103,493.2418043,C30 H38 O4 S1,30.0,38.0,4.0,1.0,0.0,0.0,0.0,0.0,0.13333333333333333,1.2666666666666666,0.0,lipid,0.8918877109039922
493.2084116,493.2080239,493.2079208,C25 H34 O10,25.0,34.0,10.0,0.0,0.0,0.0,0.0,0.0,0.4,1.36,0.0,lignin,0.9055046000508483
493.1720956,493.1717081,493.1715353,C24 H30 O11,24.0,30.0,11.0,0.0,0.0,0.0,0.0,0.0,0.4583333333333333,1.25,0.0,lignin,0.9071652990757328
493.1356713,493.1352837,493.1351497,C23 H26 O12,23.0,26.0,12.0,0.0,0.0,0.0,0.0,0.0,0.5217391304347826,1.1304347826086956,0.0,lignin,0.927591951577166
493.0990938,493.0987063,493.0987642,C22 H22 O13,22.0,22.0,13.0,0.0,0.0,0.0,0.0,0.0,0.5909090909090909,1.0,0.0,lignin,0.5719818034737759
493.0778887,493.0775012,493.0776349,C25 H18 O11,25.0,18.0,11.0,0.0,0.0,0.0,0.0,0.0,0.44,0.72,0.0,tannin,0.8978079735918371
493.062633,493.0622455,493.0623787,C21 H18 O14,21.0,18.0,14.0,0.0,0.0,0.0,0.0,0.0,0.6666666666666666,0.8571428571428571,0.0,tannin,0.9129808115904023
492.19588,492.1954937,492.1956255,C24 H32 O10 13C1,27.0,32.0,10.0,0.0,0.0,1.0,0.0,0.0,0.4,1.2307692307692308,0.0,lignin,0.9079382812870536
491.265383,491.2649977,491.2650417,C27 H40 O8,27.0,40.0,8.0,0.0,0.0,0.0,0.0,0.0,0.2962962962962963,1.4814814814814814,0.0,lipid,0.7241225346517746
491.2291427,491.2287576,491.2286562,C26 H36 O9,26.0,36.0,9.0,0.0,0.0,0.0,0.0,0.0,0.34615384615384615,1.3846153846153846,0.0,lignin,0.905052561603348
491.192807,491.1924219,491.1922707,C25 H32 O10,25.0,32.0,10.0,0.0,0.0,0.0,0.0,0.0,0.4,1.28,0.0,lignin,0.9076188547092597
491.1563573,491.1559722,491.1558852,C24 H28 O11,24.0,28.0,11.0,0.0,0.0,0.0,0.0,0.0,0.4583333333333333,1.1666666666666667,0.0,lignin,0.9103665281009231
491.1198734,491.1194883,491.1194997,C23 H24 O12,23.0,24.0,12.0,0.0,0.0,0.0,0.0,0.0,0.5217391304347826,1.0434782608695652,0.0,lignin,0.8635803429207114
491.0833869,491.083002,491.0831142,C22 H20 O13,22.0,20.0,13.0,0.0,0.0,0.0,0.0,0.0,0.5909090909090909,0.9090909090909091,0.0,tannin,0.7862763221682608
491.0470079,491.046623,491.0467287,C21 H16 O14,21.0,16.0,14.0,0.0,0.0,0.0,0.0,0.0,0.6666666666666666,0.7619047619047619,0.0,tannin,0.9395330470121508
490.1802238,490.1798399,490.1799755,C24 H30 O10 13C1,27.0,30.0,10.0,0.0,0.0,1.0,0.0,0.0,0.4,1.1538461538461537,0.0,lignin,0.9099902313147286
489.2499519,489.2495692,489.2493916,C27 H38 O8,27.0,38.0,8.0,0.0,0.0,0.0,0.0,0.0,0.2962962962962963,1.4074074074074074,0.0,lignin,0.9053798841947167
489.2136002,489.2132176,489.2130061,C26 H34 O9,26.0,34.0,9.0,0.0,0.0,0.0,0.0,0.0,0.34615384615384615,1.3076923076923077,0.0,lignin,0.9068217268025706
489.1770025,489.1766199,489.1766206,C25 H30 O10,25.0,30.0,10.0,0.0,0.0,0.0,0.0,0.0,0.4,1.2,0.0,lignin,0.9100220258388896
489.1535297,489.1531472,489.1529893,C32 H26 O3 S1,32.0,26.0,3.0,1.0,0.0,0.0,0.0,0.0,0.09375,0.8125,0.0,pah,0.9145603330270564
489.1404053,489.1400228,489.1402351,C24 H26 O11,24.0,26.0,11.0,0.0,0.0,0.0,0.0,0.0,0.4583333333333333,1.0833333333333333,0.0,lignin,0.8932961900360864
489.1040543,489.1036718,489.1038496,C23 H22 O12,23.0,22.0,12.0,0.0,0.0,0.0,0.0,0.0,0.5217391304347826,0.9565217391304348,0.0,lignin,0.5712584261262238
489.088894,489.0885115,489.0885935,C19 H22 O15,19.0,22.0,15.0,0.0,0.0,0.0,0.0,0.0,0.7894736842105263,1.1578947368421053,0.0,lignin,0.7420956188375344
489.0679242,489.0675418,489.0674641,C22 H18 O13,22.0,18.0,13.0,0.0,0.0,0.0,0.0,0.0,0.5909090909090909,0.8181818181818182,0.0,tannin,0.9134989434018628
487.2339644,487.2335842,487.2337416,C27 H36 O8,27.0,36.0,8.0,0.0,0.0,0.0,0.0,0.0,0.2962962962962963,1.3333333333333333,0.0,lignin,0.9055667124799658
487.1975678,487.1971877,487.1973561,C26 H32 O9,26.0,32.0,9.0,0.0,0.0,0.0,0.0,0.0,0.34615384615384615,1.2307692307692308,0.0,lignin,0.9073377499202666
487.1823618,487.1819816,487.1820999,C22 H32 O12,22.0,32.0,12.0,0.0,0.0,0.0,0.0,0.0,0.5454545454545454,1.4545454545454546,0.0,lignin,0.8502201887375536
487.1743391,487.173959,487.1737248,C33 H28 O2 S1,33.0,28.0,2.0,1.0,0.0,0.0,0.0,0.0,0.06060606060606061,0.8484848484848485,0.0,pah,0.9160188464579633
487.1613239,487.1609438,487.1609706,C25 H28 O10,25.0,28.0,10.0,0.0,0.0,0.0,0.0,0.0,0.4,1.12,0.0,lignin,0.9278856146134921
487.1461681,487.145788,487.1457144,C21 H28 O13,21.0,28.0,13.0,0.0,0.0,0.0,0.0,0.0,0.6190476190476191,1.3333333333333333,0.0,lignin,0.8971708569280124
487.1251236,487.1247436,487.1245851,C24 H24 O11,24.0,24.0,11.0,0.0,0.0,0.0,0.0,0.0,0.4583333333333333,1.0,0.0,lignin,0.8624791120824442
487.1099016,487.1095215,487.1093289,C20 H24 O14,20.0,24.0,14.0,0.0,0.0,0.0,0.0,0.0,0.7,1.2,0.0,lignin,0.7434535905206876
487.0887908,487.0884108,487.0881995,C23 H20 O12,23.0,20.0,12.0,0.0,0.0,0.0,0.0,0.0,0.5217391304347826,0.8695652173913043,0.0,tannin,0.9013755525709438
487.0734704,487.0730904,487.0729434,C19 H20 O15,19.0,20.0,15.0,0.0,0.0,0.0,0.0,0.0,0.7894736842105263,1.0526315789473684,0.0,lignin,0.7442342607958741
487.0522842,487.0519042,487.051814,C22 H16 O13,22.0,16.0,13.0,0.0,0.0,0.0,0.0,0.0,0.5909090909090909,0.7272727272727273,0.0,tannin,0.9289410165708016
486.2827657,486.2823867,486.2823325,C21 H46 O9 S1 13C1,24.0,46.0,9.0,1.0,0.0,1.0,0.0,0.0,0.4090909090909091,2.0,0.0,lipid,0.8131230684571383
485.279205,485.2788272,485.2789777,C22 H46 O9 S1,22.0,46.0,9.0,1.0,0.0,0.0,0.0,0.0,0.4090909090909091,2.090909090909091,0.0,lipid,0.8066236896640933
485.2185884,485.2182107,485.2180915,C27 H34 O8,27.0,34.0,8.0,0.0,0.0,0.0,0.0,0.0,0.2962962962962963,1.2592592592592593,0.0,lignin,0.9053638605014044
485.203365,485.2029873,485.2028354,C23 H34 O11,23.0,34.0,11.0,0.0,0.0,0.0,0.0,0.0,0.4782608695652174,1.4782608695652173,0.0,lignin,0.8931947383611776
485.1822745,485.1818969,485.181706,C26 H30 O9,26.0,30.0,9.0,0.0,0.0,0.0,0.0,0.0,0.34615384615384615,1.1538461538461537,0.0,lignin,0.9096985820930922
485.1670118,485.1666341,485.1664499,C22 H30 O12,22.0,30.0,12.0,0.0,0.0,0.0,0.0,0.0,0.5454545454545454,1.3636363636363635,0.0,lignin,0.8947110515977066
485.1458333,485.1454556,485.1453205,C25 H26 O10,25.0,26.0,10.0,0.0,0.0,0.0,0.0,0.0,0.4,1.04,0.0,lignin,0.8638143383678557
485.1304454,485.1300678,485.1300644,C21 H26 O13,21.0,26.0,13.0,0.0,0.0,0.0,0.0,0.0,0.6190476190476191,1.2380952380952381,0.0,lignin,0.9076312648524659
485.1092045,485.1088269,485.108935,C24 H22 O11,24.0,22.0,11.0,0.0,0.0,0.0,0.0,0.0,0.4583333333333333,0.9166666666666666,0.0,tannin,0.8997574230894985
485.0938501,485.0934726,485.0936789,C20 H22 O14,20.0,22.0,14.0,0.0,0.0,0.0,0.0,0.0,0.7,1.1,0.0,lignin,0.732457226611869
485.0727344,485.0723569,485.0725495,C23 H18 O12,23.0,18.0,12.0,0.0,0.0,0.0,0.0,0.0,0.5217391304347826,0.782608695652174,0.0,tannin,0.9113450812441393
485.0574998,485.0571223,485.0572933,C19 H18 O15,19.0,18.0,15.0,0.0,0.0,0.0,0.0,0.0,0.7894736842105263,0.9473684210526315,0.0,lignin,0.4382365847119224
485.036539,485.0361615,485.036164,C22 H14 O13,22.0,14.0,13.0,0.0,0.0,0.0,0.0,0.0,0.5909090909090909,0.6363636363636364,0.0,tannin,0.789371398631895
483.2237645,483.2233892,483.2235708,C24 H36 O10,24.0,36.0,10.0,0.0,0.0,0.0,0.0,0.0,0.4166666666666667,1.5,0.0,lignin,0.8916126161298698
483.2026179,483.2022427,483.2024415,C27 H32 O8,27.0,32.0,8.0,0.0,0.0,0.0,0.0,0.0,0.2962962962962963,1.1851851851851851,0.0,lignin,0.9085757220960374
483.1874154,483.1870402,483.1871853,C23 H32 O11,23.0,32.0,11.0,0.0,0.0,0.0,0.0,0.0,0.4782608695652174,1.391304347826087,0.0,lignin,0.893012999813403
483.1793952,483.17902,483.1788102,C34 H28 O1 S1,34.0,28.0,1.0,1.0,0.0,0.0,0.0,0.0,0.029411764705882353,0.8235294117647058,0.0,pah,0.9254506030722489
483.1512545,483.1508793,483.1507998,C22 H28 O12,22.0,28.0,12.0,0.0,0.0,0.0,0.0,0.0,0.5454545454545454,1.2727272727272727,0.0,lignin,0.9060880296627489
483.1301963,483.1298212,483.1296704,C25 H24 O10,25.0,24.0,10.0,0.0,0.0,0.0,0.0,0.0,0.4,0.96,0.0,lignin,0.7530908345382373
483.0938535,483.0934784,483.0932849,C24 H20 O11,24.0,20.0,11.0,0.0,0.0,0.0,0.0,0.0,0.4583333333333333,0.8333333333333334,0.0,tannin,0.9007623637693024
483.0785504,483.0781754,483.0780288,C20 H20 O14,20.0,20.0,14.0,0.0,0.0,0.0,0.0,0.0,0.7,1.0,0.0,lignin,0.5602385084025351
483.0573277,483.0569527,483.0568994,C23 H16 O12,23.0,16.0,12.0,0.0,0.0,0.0,0.0,0.0,0.5217391304347826,0.6956521739130435,0.0,tannin,0.9066412858615994
483.0419906,483.0416156,483.0416433,C19 H16 O15,19.0,16.0,15.0,0.0,0.0,0.0,0.0,0.0,0.7894736842105263,0.8421052631578947,0.0,lipid,0.5088759753597829
482.1751369,482.1747629,482.1748901,C22 H30 O11 13C1,25.0,30.0,11.0,0.0,0.0,1.0,0.0,0.0,0.4782608695652174,1.25,0.0,lignin,0.9072822543978731
482.1670796,482.1667057,482.1665149,C33 H26 O1 S1 13C1,36.0,26.0,1.0,1.0,0.0,1.0,0.0,0.0,0.029411764705882353,0.7428571428571429,0.0,pah,0.9600002316448059
482.1670796,482.1667057,482.1667842,C22 H29 O11 N1,22.0,29.0,11.0,0.0,1.0,0.0,0.0,0.0,0.5,1.3181818181818181,0.045454545454545456,lignin,0.9071677326980175
482.1388102,482.1384363,482.1385046,C21 H26 O12 13C1,24.0,26.0,12.0,0.0,0.0,1.0,0.0,0.0,0.5454545454545454,1.1304347826086956,0.0,lignin,0.9274213468997402
481.244801,481.2444282,481.2443063,C25 H38 O9,25.0,38.0,9.0,0.0,0.0,0.0,0.0,0.0,0.36,1.52,0.0,lignin,0.5945562668339146
481.2084277,481.208055,481.2079208,C24 H34 O10,24.0,34.0,10.0,0.0,0.0,0.0,0.0,0.0,0.4166666666666667,1.4166666666666667,0.0,lignin,0.904180516929469
481.1718509,481.1714782,481.1715353,C23 H30 O11,23.0,30.0,11.0,0.0,0.0,0.0,0.0,0.0,0.4782608695652174,1.3043478260869565,0.0,lignin,0.9064457131137461
481.1637242,481.1633515,481.1631601,C34 H26 O1 S1,34.0,26.0,1.0,1.0,0.0,0.0,0.0,0.0,0.029411764705882353,0.7647058823529411,0.0,pah,0.9289447853212321
481.1353376,481.1349649,481.1351497,C22 H26 O12,22.0,26.0,12.0,0.0,0.0,0.0,0.0,0.0,0.5454545454545454,1.1818181818181819,0.0,lignin,0.9092495061084976
481.0990617,481.0986891,481.0987642,C21 H22 O13,21.0,22.0,13.0,0.0,0.0,0.0,0.0,0.0,0.6190476190476191,1.0476190476190477,0.0,lignin,0.6826797264822431
481.0781303,481.0777577,481.0776349,C24 H18 O11,24.0,18.0,11.0,0.0,0.0,0.0,0.0,0.0,0.4583333333333333,0.75,0.0,tannin,0.8947129784871969
481.062932,481.0625595,481.0623787,C20 H18 O14,20.0,18.0,14.0,0.0,0.0,0.0,0.0,0.0,0.7,0.9,0.0,tannin,0.7960334854394595
480.1961507,480.1957792,480.1956255,C23 H32 O10 13C1,26.0,32.0,10.0,0.0,0.0,1.0,0.0,0.0,0.4166666666666667,1.28,0.0,lignin,0.9066380174474133
480.1595379,480.1591665,480.15924,C22 H28 O11 13C1,25.0,28.0,11.0,0.0,0.0,1.0,0.0,0.0,0.4782608695652174,1.1666666666666667,0.0,lignin,0.9103025031608789
480.1230279,480.1226565,480.1228545,C21 H24 O12 13C1,24.0,24.0,12.0,0.0,0.0,1.0,0.0,0.0,0.5454545454545454,1.0434782608695652,0.0,lignin,0.8633439509321599
479.2291939,479.2288236,479.2286562,C25 H36 O9,25.0,36.0,9.0,0.0,0.0,0.0,0.0,0.0,0.36,1.44,0.0,lignin,0.9044375289649933
479.1927939,479.1924237,479.1922707,C24 H32 O10,24.0,32.0,10.0,0.0,0.0,0.0,0.0,0.0,0.4166666666666667,1.3333333333333333,0.0,lignin,0.9058502452250277
479.1562665,479.1558963,479.1558852,C23 H28 O11,23.0,28.0,11.0,0.0,0.0,0.0,0.0,0.0,0.4782608695652174,1.2173913043478262,0.0,lignin,0.9089814525621129
479.119752,479.1193819,479.1194997,C22 H24 O12,22.0,24.0,12.0,0.0,0.0,0.0,0.0,0.0,0.5454545454545454,1.0909090909090908,0.0,lignin,0.8935237040172848
479.0834194,479.0830493,479.0831142,C21 H20 O13,21.0,20.0,13.0,0.0,0.0,0.0,0.0,0.0,0.6190476190476191,0.9523809523809523,0.0,lignin,0.5725272158198689
479.0623762,479.0620061,479.0619848,C24 H16 O11,24.0,16.0,11.0,0.0,0.0,0.0,0.0,0.0,0.4583333333333333,0.6666666666666666,0.0,tannin,0.9240713518860171
479.0472026,479.0468325,479.0467287,C20 H16 O14,20.0,16.0,14.0,0.0,0.0,0.0,0.0,0.0,0.7,0.8,0.0,tannin,0.9390056412125334
478.2168373,478.2164682,478.216361,C24 H34 O9 13C1,27.0,34.0,9.0,0.0,0.0,1.0,0.0,0.0,0.36,1.3076923076923077,0.0,lignin,0.9070172043251843
478.1805345,478.1801655,478.1799755,C23 H30 O10 13C1,26.0,30.0,10.0,0.0,0.0,1.0,0.0,0.0,0.4166666666666667,1.2,0.0,lignin,0.9100883610990212
478.1439881,478.1436191,478.14359,C22 H26 O11 13C1,25.0,26.0,11.0,0.0,0.0,1.0,0.0,0.0,0.4782608695652174,1.0833333333333333,0.0,lignin,0.8933107299313718
477.2496672,477.2492993,477.2493916,C26 H38 O8,26.0,38.0,8.0,0.0,0.0,0.0,0.0,0.0,0.3076923076923077,1.4615384615384615,0.0,lignin,0.7563396055780588
477.2134825,477.2131147,477.2130061,C25 H34 O9,25.0,34.0,9.0,0.0,0.0,0.0,0.0,0.0,0.36,1.36,0.0,lignin,0.9053374396162563
477.1771979,477.1768301,477.1766206,C24 H30 O10,24.0,30.0,10.0,0.0,0.0,0.0,0.0,0.0,0.4166666666666667,1.25,0.0,lignin,0.9079743672515592
477.1406157,477.140248,477.1402351,C23 H26 O11,23.0,26.0,11.0,0.0,0.0,0.0,0.0,0.0,0.4782608695652174,1.1304347826086956,0.0,lignin,0.9285925572753129
477.1040324,477.1036648,477.1038496,C22 H22 O12,22.0,22.0,12.0,0.0,0.0,0.0,0.0,0.0,0.5454545454545454,1.0,0.0,lignin,0.5720736924666909
477.0677152,477.0673476,477.0674641,C21 H18 O13,21.0,18.0,13.0,0.0,0.0,0.0,0.0,0.0,0.6190476190476191,0.8571428571428571,0.0,tannin,0.9130843149399395
477.0315821,477.0312145,477.0310786,C20 H14 O14,20.0,14.0,14.0,0.0,0.0,0.0,0.0,0.0,0.7,0.7,0.0,tannin,0.7969760183750153
475.234232,475.2338667,475.2337416,C26 H36 O8,26.0,36.0,8.0,0.0,0.0,0.0,0.0,0.0,0.3076923076923077,1.3846153846153846,0.0,lignin,0.905651917393319
475.1978501,475.1974848,475.1973561,C25 H32 O9,25.0,32.0,9.0,0.0,0.0,0.0,0.0,0.0,0.36,1.28,0.0,lignin,0.9071584180008483
475.1614064,475.1610411,475.1609706,C24 H28 O10,24.0,28.0,10.0,0.0,0.0,0.0,0.0,0.0,0.4166666666666667,1.1666666666666667,0.0,lignin,0.9101366310233745
475.1248489,475.1244837,475.1245851,C23 H24 O11,23.0,24.0,11.0,0.0,0.0,0.0,0.0,0.0,0.4782608695652174,1.0434782608695652,0.0,lignin,0.8638745798421793
475.0883928,475.0880276,475.0881995,C22 H20 O12,22.0,20.0,12.0,0.0,0.0,0.0,0.0,0.0,0.5454545454545454,0.9090909090909091,0.0,tannin,0.7845621553687193
475.0732035,475.0728383,475.0729434,C18 H20 O15,18.0,20.0,15.0,0.0,0.0,0.0,0.0,0.0,0.8333333333333334,1.1111111111111112,0.0,amino_sugar,0.41061204315269284
475.05222,475.0518548,475.051814,C21 H16 O13,21.0,16.0,13.0,0.0,0.0,0.0,0.0,0.0,0.6190476190476191,0.7619047619047619,0.0,tannin,0.9143519402832938
473.218537,473.2181741,473.2180915,C26 H34 O8,26.0,34.0,8.0,0.0,0.0,0.0,0.0,0.0,0.3076923076923077,1.3076923076923077,0.0,lignin,0.9059475541385265
473.1819637,473.1816009,473.181706,C25 H30 O9,25.0,30.0,9.0,0.0,0.0,0.0,0.0,0.0,0.36,1.2,0.0,lignin,0.9098093247012062
473.1666799,473.1663171,473.1664499,C21 H30 O12,21.0,30.0,12.0,0.0,0.0,0.0,0.0,0.0,0.5714285714285714,1.4285714285714286,0.0,lignin,0.8504219760522543
473.1585946,473.1582318,473.1580747,C32 H26 O2 S1,32.0,26.0,2.0,1.0,0.0,0.0,0.0,0.0,0.0625,0.8125,0.0,pah,0.9292551780824333
473.1455285,473.1451657,473.1453205,C24 H26 O10,24.0,26.0,10.0,0.0,0.0,0.0,0.0,0.0,0.4166666666666667,1.0833333333333333,0.0,lignin,0.8934971069564416
473.1303002,473.1299374,473.1300644,C20 H26 O13,20.0,26.0,13.0,0.0,0.0,0.0,0.0,0.0,0.65,1.3,0.0,lignin,0.9252640339228174
473.1222867,473.1219239,473.1216892,C31 H22 O3 S1,31.0,22.0,3.0,1.0,0.0,0.0,0.0,0.0,0.0967741935483871,0.7096774193548387,0.0,pah,0.8902934734495961
473.1093116,473.1089488,473.108935,C23 H22 O11,23.0,22.0,11.0,0.0,0.0,0.0,0.0,0.0,0.4782608695652174,0.9565217391304348,0.0,lignin,0.5713693361640402
473.0941188,473.0937561,473.0936789,C19 H22 O14,19.0,22.0,14.0,0.0,0.0,0.0,0.0,0.0,0.7368421052631579,1.1578947368421053,0.0,lignin,0.7329411342121095
473.0730964,473.0727337,473.0725495,C22 H18 O12,22.0,18.0,12.0,0.0,0.0,0.0,0.0,0.0,0.5454545454545454,0.8181818181818182,0.0,tannin,0.9116600862036279
473.0578365,473.0574738,473.0572933,C18 H18 O15,18.0,18.0,15.0,0.0,0.0,0.0,0.0,0.0,0.8333333333333334,1.0,0.0,lignin,0.6260183538260626
473.0367168,473.0363541,473.036164,C21 H14 O13,21.0,14.0,13.0,0.0,0.0,0.0,0.0,0.0,0.6190476190476191,0.6666666666666666,0.0,tannin,0.9321260547393215
471.1873656,471.1870052,471.1871853,C22 H32 O11,22.0,32.0,11.0,0.0,0.0,0.0,0.0,0.0,0.5,1.4545454545454546,0.0,lignin,0.8926207100105719
471.1793331,471.1789727,471.1788102,C33 H28 O1 S1,33.0,28.0,1.0,1.0,0.0,0.0,0.0,0.0,0.030303030303030304,0.8484848484848485,0.0,pah,0.9257809383797072
471.1663693,471.1660089,471.1660559,C25 H28 O9,25.0,28.0,9.0,0.0,0.0,0.0,0.0,0.0,0.36,1.12,0.0,lignin,0.9110458217100931
471.1512572,471.1508968,471.1507998,C21 H28 O12,21.0,28.0,12.0,0.0,0.0,0.0,0.0,0.0,0.5714285714285714,1.3333333333333333,0.0,lignin,0.9052546271045424
471.1302464,471.129886,471.1296704,C24 H24 O10,24.0,24.0,10.0,0.0,0.0,0.0,0.0,0.0,0.4166666666666667,1.0,0.0,lignin,0.8619488432286584
471.0938092,471.0934489,471.0932849,C23 H20 O11,23.0,20.0,11.0,0.0,0.0,0.0,0.0,0.0,0.4782608695652174,0.8695652173913043,0.0,tannin,0.8999880699412488
471.0784678,471.0781076,471.0780288,C19 H20 O14,19.0,20.0,14.0,0.0,0.0,0.0,0.0,0.0,0.7368421052631579,1.0526315789473684,0.0,lignin,0.7278693048160088
471.0571746,471.0568143,471.0568994,C22 H16 O12,22.0,16.0,12.0,0.0,0.0,0.0,0.0,0.0,0.5454545454545454,0.7272727272727273,0.0,tannin,0.9058939826585796
471.041851,471.0414907,471.0416433,C18 H16 O15,18.0,16.0,15.0,0.0,0.0,0.0,0.0,0.0,0.8333333333333334,0.8888888888888888,0.0,tannin,0.41898504870518416
469.2842677,469.2839096,469.2840631,C22 H46 O8 S1,22.0,46.0,8.0,1.0,0.0,0.0,0.0,0.0,0.36363636363636365,2.090909090909091,0.0,lipid,0.814831490904707
469.2084557,469.2080978,469.2079208,C23 H34 O10,23.0,34.0,10.0,0.0,0.0,0.0,0.0,0.0,0.43478260869565216,1.4782608695652173,0.0,lignin,0.8933360425306727
469.1720474,469.1716895,469.1715353,C22 H30 O11,22.0,30.0,11.0,0.0,0.0,0.0,0.0,0.0,0.5,1.3636363636363635,0.0,lignin,0.9043836675999517
469.1507652,469.1504073,469.1504059,C25 H26 O9,25.0,26.0,9.0,0.0,0.0,0.0,0.0,0.0,0.36,1.04,0.0,lignin,0.8425949454321746
469.1354214,469.1350635,469.1351497,C21 H26 O12,21.0,26.0,12.0,0.0,0.0,0.0,0.0,0.0,0.5714285714285714,1.2380952380952381,0.0,lignin,0.9067598926932365
469.1272922,469.1269343,469.1267746,C32 H22 O2 S1,32.0,22.0,2.0,1.0,0.0,0.0,0.0,0.0,0.0625,0.6875,0.0,pah,0.9593651211390499
469.114186,469.1138281,469.1140204,C24 H22 O10,24.0,22.0,10.0,0.0,0.0,0.0,0.0,0.0,0.4166666666666667,0.9166666666666666,0.0,tannin,0.8997824984251455
469.0989291,469.0985713,469.0987642,C20 H22 O13,20.0,22.0,13.0,0.0,0.0,0.0,0.0,0.0,0.65,1.1,0.0,lignin,0.8688257971029365
469.0778707,469.0775129,469.0776349,C23 H18 O11,23.0,18.0,11.0,0.0,0.0,0.0,0.0,0.0,0.4782608695652174,0.782608695652174,0.0,tannin,0.8979277454742786
469.0627337,469.0623759,469.0623787,C19 H18 O14,19.0,18.0,14.0,0.0,0.0,0.0,0.0,0.0,0.7368421052631579,0.9473684210526315,0.0,lignin,0.596542884380559
469.0418311,469.0414733,469.0412494,C22 H14 O12,22.0,14.0,12.0,0.0,0.0,0.0,0.0,0.0,0.5454545454545454,0.6363636363636364,0.0,tannin,0.9308374193789002
468.1958452,468.1954885,468.1956255,C22 H32 O10 13C1,25.0,32.0,10.0,0.0,0.0,1.0,0.0,0.0,0.43478260869565216,1.3333333333333333,0.0,lignin,0.9058378721223548
468.1594092,468.1590525,468.15924,C21 H28 O11 13C1,24.0,28.0,11.0,0.0,0.0,1.0,0.0,0.0,0.5,1.2173913043478262,0.0,lignin,0.9076787909614566
467.2288744,467.2285188,467.2286562,C24 H36 O9,24.0,36.0,9.0,0.0,0.0,0.0,0.0,0.0,0.375,1.5,0.0,lignin,0.7448147334165314
467.192514,467.1921585,467.1922707,C23 H32 O10,23.0,32.0,10.0,0.0,0.0,0.0,0.0,0.0,0.43478260869565216,1.391304347826087,0.0,lignin,0.9044854870468788
467.1563097,467.1559542,467.1558852,C22 H28 O11,22.0,28.0,11.0,0.0,0.0,0.0,0.0,0.0,0.5,1.2727272727272727,0.0,lignin,0.9065754089634346
467.1200679,467.1197125,467.1194997,C21 H24 O12,21.0,24.0,12.0,0.0,0.0,0.0,0.0,0.0,0.5714285714285714,1.1428571428571428,0.0,lignin,0.9094288774745186
467.0988315,467.0984761,467.0983703,C24 H20 O10,24.0,20.0,10.0,0.0,0.0,0.0,0.0,0.0,0.4166666666666667,0.8333333333333334,0.0,tannin,0.8966890765751974
467.0835336,467.0831782,467.0831142,C20 H20 O13,20.0,20.0,13.0,0.0,0.0,0.0,0.0,0.0,0.65,1.0,0.0,lignin,0.5605753784761924
467.0622908,467.0619354,467.0619848,C23 H16 O11,23.0,16.0,11.0,0.0,0.0,0.0,0.0,0.0,0.4782608695652174,0.6956521739130435,0.0,tannin,0.9068743272413403
467.0469545,467.0465991,467.0467287,C19 H16 O14,19.0,16.0,14.0,0.0,0.0,0.0,0.0,0.0,0.7368421052631579,0.8421052631578947,0.0,tannin,0.9384321668270292
467.0444951,467.0441397,467.0442267,C23 H16 O9 S1,23.0,16.0,9.0,1.0,0.0,0.0,0.0,0.0,0.391304347826087,0.6956521739130435,0.0,tannin,0.8991746124058121
466.1805509,466.1801966,466.1799755,C22 H30 O10 13C1,25.0,30.0,10.0,0.0,0.0,1.0,0.0,0.0,0.43478260869565216,1.25,0.0,lignin,0.9081286888396953
466.1439211,466.1435669,466.14359,C21 H26 O11 13C1,24.0,26.0,11.0,0.0,0.0,1.0,0.0,0.0,0.5,1.1304347826086956,0.0,lignin,0.9273550657507961
465.2133121,465.212959,465.2130061,C24 H34 O9,24.0,34.0,9.0,0.0,0.0,0.0,0.0,0.0,0.375,1.4166666666666667,0.0,lignin,0.9047154173751549
465.1768283,465.1764753,465.1766206,C23 H30 O10,23.0,30.0,10.0,0.0,0.0,0.0,0.0,0.0,0.43478260869565216,1.3043478260869565,0.0,lignin,0.906487949686625
465.1687764,465.1684233,465.1682455,C34 H26 S1,34.0,26.0,0.0,1.0,0.0,0.0,0.0,0.0,0.0,0.7647058823529411,0.0,pah,0.9539401181233614
465.1404924,465.1401394,465.1402351,C22 H26 O11,22.0,26.0,11.0,0.0,0.0,0.0,0.0,0.0,0.5,1.1818181818181819,0.0,lignin,0.9093223396980786
465.1043355,465.1039825,465.1038496,C21 H22 O12,21.0,22.0,12.0,0.0,0.0,0.0,0.0,0.0,0.5714285714285714,1.0476190476190477,0.0,lignin,0.8633814636341939
465.083263,465.08291,465.0827202,C24 H18 O10,24.0,18.0,10.0,0.0,0.0,0.0,0.0,0.0,0.4166666666666667,0.75,0.0,tannin,0.8947802990210902
465.0680126,465.0676597,465.0674641,C20 H18 O13,20.0,18.0,13.0,0.0,0.0,0.0,0.0,0.0,0.65,0.9,0.0,tannin,0.7961949591025779
465.0315001,465.0311472,465.0310786,C19 H14 O14,19.0,14.0,14.0,0.0,0.0,0.0,0.0,0.0,0.7368421052631579,0.7368421052631579,0.0,tannin,0.8004532420778567
464.20104,464.2006881,464.2007109,C23 H32 O9 13C1,26.0,32.0,9.0,0.0,0.0,1.0,0.0,0.0,0.375,1.28,0.0,lignin,0.9073542226313538
464.1648437,464.1644919,464.1643254,C22 H28 O10 13C1,25.0,28.0,10.0,0.0,0.0,1.0,0.0,0.0,0.43478260869565216,1.1666666666666667,0.0,lignin,0.9102285834480831
463.2342377,463.233887,463.2337416,C25 H36 O8,25.0,36.0,8.0,0.0,0.0,0.0,0.0,0.0,0.32,1.44,0.0,lignin,0.9044815559915544
463.1977009,463.1973503,463.1973561,C24 H32 O9,24.0,32.0,9.0,0.0,0.0,0.0,0.0,0.0,0.375,1.3333333333333333,0.0,lignin,0.9059039646144523
463.1611887,463.1608381,463.1609706,C23 H28 O10,23.0,28.0,10.0,0.0,0.0,0.0,0.0,0.0,0.43478260869565216,1.2173913043478262,0.0,lignin,0.9098645305869525
463.1378855,463.137535,463.1373393,C30 H24 O3 S1,30.0,24.0,3.0,1.0,0.0,0.0,0.0,0.0,0.1,0.8,0.0,pah,0.9143955445062402
463.1248579,463.1245073,463.1245851,C22 H24 O11,22.0,24.0,11.0,0.0,0.0,0.0,0.0,0.0,0.5,1.0909090909090908,0.0,lignin,0.893678161346737
463.0886295,463.0882789,463.0881995,C21 H20 O12,21.0,20.0,12.0,0.0,0.0,0.0,0.0,0.0,0.5714285714285714,0.9523809523809523,0.0,lignin,0.570931813246833
463.0523175,463.051967,463.051814,C20 H16 O13,20.0,16.0,13.0,0.0,0.0,0.0,0.0,0.0,0.65,0.8,0.0,tannin,0.9136821646636332
462.1854004,462.185051,462.1850608,C23 H30 O9 13C1,26.0,30.0,9.0,0.0,0.0,1.0,0.0,0.0,0.375,1.2,0.0,lignin,0.9098982214517639
462.1491862,462.1488368,462.1486753,C22 H26 O10 13C1,25.0,26.0,10.0,0.0,0.0,1.0,0.0,0.0,0.43478260869565216,1.0833333333333333,0.0,lignin,0.893370355192604
461.2185054,461.2181572,461.2180915,C25 H34 O8,25.0,34.0,8.0,0.0,0.0,0.0,0.0,0.0,0.32,1.36,0.0,lignin,0.9059448112033733
461.1820002,461.181652,461.181706,C24 H30 O9,24.0,30.0,9.0,0.0,0.0,0.0,0.0,0.0,0.375,1.25,0.0,lignin,0.9075261470429469
461.1585831,461.158235,461.1580747,C31 H26 O2 S1,31.0,26.0,2.0,1.0,0.0,0.0,0.0,0.0,0.06451612903225806,0.8387096774193549,0.0,pah,0.9157290176750775
461.1455657,461.1452176,461.1453205,C23 H26 O10,23.0,26.0,10.0,0.0,0.0,0.0,0.0,0.0,0.43478260869565216,1.1304347826086956,0.0,lignin,0.9283093876603473
461.1092604,461.1089123,461.108935,C22 H22 O11,22.0,22.0,11.0,0.0,0.0,0.0,0.0,0.0,0.5,1.0,0.0,lignin,0.8622091928559257
461.0941289,461.0937808,461.0936789,C18 H22 O14,18.0,22.0,14.0,0.0,0.0,0.0,0.0,0.0,0.7777777777777778,1.2222222222222223,0.0,lignin,0.4239711445588428
461.0730267,461.0726786,461.0725495,C21 H18 O12,21.0,18.0,12.0,0.0,0.0,0.0,0.0,0.0,0.5714285714285714,0.8571428571428571,0.0,tannin,0.9017889273276449
461.0366474,461.0362993,461.036164,C20 H14 O13,20.0,14.0,13.0,0.0,0.0,0.0,0.0,0.0,0.65,0.7,0.0,tannin,0.9399031316543356
459.2392011,459.2388553,459.238827,C26 H36 O7,26.0,36.0,7.0,0.0,0.0,0.0,0.0,0.0,0.2692307692307692,1.3846153846153846,0.0,lignin,0.9042308981857529
459.2026939,459.2023481,459.2024415,C25 H32 O8,25.0,32.0,8.0,0.0,0.0,0.0,0.0,0.0,0.32,1.28,0.0,lignin,0.906346487827163
459.1793094,459.1789636,459.1788102,C32 H28 O1 S1,32.0,28.0,1.0,1.0,0.0,0.0,0.0,0.0,0.03125,0.875,0.0,pah,0.9123112294693987
459.1662689,459.1659231,459.1660559,C24 H28 O9,24.0,28.0,9.0,0.0,0.0,0.0,0.0,0.0,0.375,1.1666666666666667,0.0,lignin,0.9098994607318062
459.1510545,459.1507087,459.1507998,C20 H28 O12,20.0,28.0,12.0,0.0,0.0,0.0,0.0,0.0,0.6,1.4,0.0,lignin,0.8963414605396579
459.1429951,459.1426494,459.1424247,C31 H24 O2 S1,31.0,24.0,2.0,1.0,0.0,0.0,0.0,0.0,0.06451612903225806,0.7741935483870968,0.0,pah,0.928641560722425
459.1300085,459.1296628,459.1296704,C23 H24 O10,23.0,24.0,10.0,0.0,0.0,0.0,0.0,0.0,0.43478260869565216,1.0434782608695652,0.0,lignin,0.8643477783920283
459.1148044,459.1144587,459.1144143,C19 H24 O13,19.0,24.0,13.0,0.0,0.0,0.0,0.0,0.0,0.6842105263157895,1.263157894736842,0.0,lignin,0.926155059056871
459.0937717,459.093426,459.0932849,C22 H20 O11,22.0,20.0,11.0,0.0,0.0,0.0,0.0,0.0,0.5,0.9090909090909091,0.0,tannin,0.9009101304255183
459.078548,459.0782024,459.0780288,C18 H20 O14,18.0,20.0,14.0,0.0,0.0,0.0,0.0,0.0,0.7777777777777778,1.1111111111111112,0.0,lignin,0.7422357735362894
459.0574047,459.057059,459.0568994,C21 H16 O12,21.0,16.0,12.0,0.0,0.0,0.0,0.0,0.0,0.5714285714285714,0.7619047619047619,0.0,tannin,0.9137560780105461
459.0420535,459.0417079,459.0416433,C17 H16 O15,17.0,16.0,15.0,0.0,0.0,0.0,0.0,0.0,0.8823529411764706,0.9411764705882353,0.0,lignin,0.5233393340902317
457.2233447,457.2230013,457.2231769,C26 H34 O7,26.0,34.0,7.0,0.0,0.0,0.0,0.0,0.0,0.2692307692307692,1.3076923076923077,0.0,lignin,0.9042078571716454
457.2081505,457.2078071,457.2079208,C22 H34 O10,22.0,34.0,10.0,0.0,0.0,0.0,0.0,0.0,0.45454545454545453,1.5454545454545454,0.0,lignin,0.5962590052393499
457.2000965,457.1997531,457.1995456,C33 H30 S1,33.0,30.0,0.0,1.0,0.0,0.0,0.0,0.0,0.0,0.9090909090909091,0.0,pah,0.9558154109316532
457.1871177,457.1867743,457.1867914,C25 H30 O8,25.0,30.0,8.0,0.0,0.0,0.0,0.0,0.0,0.32,1.2,0.0,lignin,0.9094800116229799
457.1719601,457.1716167,457.1715353,C21 H30 O11,21.0,30.0,11.0,0.0,0.0,0.0,0.0,0.0,0.5238095238095238,1.4285714285714286,0.0,lignin,0.8928117680388024
457.1508837,457.1505404,457.1504059,C24 H26 O9,24.0,26.0,9.0,0.0,0.0,0.0,0.0,0.0,0.375,1.0833333333333333,0.0,lignin,0.8932361916237795
457.135687,457.1353437,457.1351497,C20 H26 O12,20.0,26.0,12.0,0.0,0.0,0.0,0.0,0.0,0.6,1.3,0.0,lignin,0.9065867301695494
457.1144748,457.1141315,457.1140204,C23 H22 O10,23.0,22.0,10.0,0.0,0.0,0.0,0.0,0.0,0.43478260869565216,0.9565217391304348,0.0,lignin,0.5708298572753665
457.0991517,457.0988085,457.0987642,C19 H22 O13,19.0,22.0,13.0,0.0,0.0,0.0,0.0,0.0,0.6842105263157895,1.1578947368421053,0.0,lignin,0.929004150301062
457.0778808,457.0775376,457.0776349,C22 H18 O11,22.0,18.0,11.0,0.0,0.0,0.0,0.0,0.0,0.5,0.8181818181818182,0.0,tannin,0.90112687086254
457.0625939,457.0622507,457.0623787,C18 H18 O14,18.0,18.0,14.0,0.0,0.0,0.0,0.0,0.0,0.7777777777777778,1.0,0.0,lignin,0.6436731666680262
457.041473,457.0411299,457.0412494,C21 H14 O12,21.0,14.0,12.0,0.0,0.0,0.0,0.0,0.0,0.5714285714285714,0.6666666666666666,0.0,tannin,0.9305405871489205
457.0390396,457.0386965,457.0387474,C25 H14 O7 S1,25.0,14.0,7.0,1.0,0.0,0.0,0.0,0.0,0.28,0.56,0.0,tannin,0.5606147689260135
456.1594171,456.159075,456.15924,C20 H28 O11 13C1,23.0,28.0,11.0,0.0,0.0,1.0,0.0,0.0,0.5238095238095238,1.2727272727272727,0.0,lignin,0.9063127069299032
456.1514227,456.1510806,456.1508649,C31 H24 O1 S1 13C1,34.0,24.0,1.0,1.0,0.0,1.0,0.0,0.0,0.03125,0.7272727272727273,0.0,pah,0.959830058239176
456.1514227,456.1510806,456.1511342,C20 H27 O11 N1,20.0,27.0,11.0,0.0,1.0,0.0,0.0,0.0,0.55,1.35,0.05,lignin,0.899039328255865
455.1927186,455.1923777,455.1922707,C22 H32 O10,22.0,32.0,10.0,0.0,0.0,0.0,0.0,0.0,0.45454545454545453,1.4545454545454546,0.0,lignin,0.8935425816848204
455.1714445,455.1711036,455.1711413,C25 H28 O8,25.0,28.0,8.0,0.0,0.0,0.0,0.0,0.0,0.32,1.12,0.0,lignin,0.9100630298650987
455.1561519,455.155811,455.1558852,C21 H28 O11,21.0,28.0,11.0,0.0,0.0,0.0,0.0,0.0,0.5238095238095238,1.3333333333333333,0.0,lignin,0.904747242023588
455.1480403,455.1476995,455.14751,C32 H24 O1 S1,32.0,24.0,1.0,1.0,0.0,0.0,0.0,0.0,0.03125,0.75,0.0,pah,0.9287126627408517
455.1349322,455.1345913,455.1347558,C24 H24 O9,24.0,24.0,9.0,0.0,0.0,0.0,0.0,0.0,0.375,1.0,0.0,lignin,0.8624003049079072
455.1196851,455.1193442,455.1194997,C20 H24 O12,20.0,24.0,12.0,0.0,0.0,0.0,0.0,0.0,0.6,1.2,0.0,lignin,0.9088985068254877
455.1116354,455.1112946,455.1111245,C31 H20 O2 S1,31.0,20.0,2.0,1.0,0.0,0.0,0.0,0.0,0.06451612903225806,0.6451612903225806,0.0,pah,0.9214986546211588
455.0986268,455.098286,455.0983703,C23 H20 O10,23.0,20.0,10.0,0.0,0.0,0.0,0.0,0.0,0.43478260869565216,0.8695652173913043,0.0,tannin,0.8999784878621153
455.0834564,455.0831156,455.0831142,C19 H20 O13,19.0,20.0,13.0,0.0,0.0,0.0,0.0,0.0,0.6842105263157895,1.0526315789473684,0.0,lignin,0.7035322087508126
455.0624806,455.0621398,455.0619848,C22 H16 O11,22.0,16.0,11.0,0.0,0.0,0.0,0.0,0.0,0.5,0.7272727272727273,0.0,tannin,0.9060751849981722
455.0472962,455.0469555,455.0467287,C18 H16 O14,18.0,16.0,14.0,0.0,0.0,0.0,0.0,0.0,0.7777777777777778,0.8888888888888888,0.0,tannin,0.6254404452535824
454.1804407,454.180101,454.1799755,C21 H30 O10 13C1,24.0,30.0,10.0,0.0,0.0,1.0,0.0,0.0,0.45454545454545453,1.3043478260869565,0.0,lignin,0.9065817568152754
454.1439657,454.143626,454.14359,C20 H26 O11 13C1,23.0,26.0,11.0,0.0,0.0,1.0,0.0,0.0,0.5238095238095238,1.1818181818181819,0.0,lignin,0.9092672444268268
454.1074221,454.1070825,454.1072044,C19 H22 O12 13C1,22.0,22.0,12.0,0.0,0.0,1.0,0.0,0.0,0.6,1.0476190476190477,0.0,lignin,0.680996937614444
453.2131935,453.212855,453.2130061,C23 H34 O9,23.0,34.0,9.0,0.0,0.0,0.0,0.0,0.0,0.391304347826087,1.4782608695652173,0.0,lignin,0.8927867766374924
453.1770355,453.176697,453.1766206,C22 H30 O10,22.0,30.0,10.0,0.0,0.0,0.0,0.0,0.0,0.45454545454545453,1.3636363636363635,0.0,lignin,0.9048634017205306
453.1407823,453.1404438,453.1402351,C21 H26 O11,21.0,26.0,11.0,0.0,0.0,0.0,0.0,0.0,0.5238095238095238,1.2380952380952381,0.0,lignin,0.9075397724903504
453.1042207,453.1038823,453.1038496,C20 H22 O12,20.0,22.0,12.0,0.0,0.0,0.0,0.0,0.0,0.6,1.1,0.0,lignin,0.9089837576170849
453.0829192,453.0825808,453.0827202,C23 H18 O10,23.0,18.0,10.0,0.0,0.0,0.0,0.0,0.0,0.43478260869565216,0.782608695652174,0.0,tannin,0.8979613465661537
453.0676018,453.0672634,453.0674641,C19 H18 O13,19.0,18.0,13.0,0.0,0.0,0.0,0.0,0.0,0.6842105263157895,0.9473684210526315,0.0,lignin,0.5596331330568574
453.0464928,453.0461545,453.0463347,C22 H14 O11,22.0,14.0,11.0,0.0,0.0,0.0,0.0,0.0,0.5,0.6363636363636364,0.0,tannin,0.9311744641935867
453.0313192,453.0309808,453.0310786,C18 H14 O14,18.0,14.0,14.0,0.0,0.0,0.0,0.0,0.0,0.7777777777777778,0.7777777777777778,0.0,tannin,0.6697645266148357
453.0290249,453.0286866,453.0285767,C22 H14 O9 S1,22.0,14.0,9.0,1.0,0.0,0.0,0.0,0.0,0.4090909090909091,0.6363636363636364,0.0,tannin,0.9275824322356039
452.2009309,452.2005936,452.2007109,C22 H32 O9 13C1,25.0,32.0,9.0,0.0,0.0,1.0,0.0,0.0,0.391304347826087,1.3333333333333333,0.0,lignin,0.9057605973430831
452.164656,452.1643187,452.1643254,C21 H28 O10 13C1,24.0,28.0,10.0,0.0,0.0,1.0,0.0,0.0,0.45454545454545453,1.2173913043478262,0.0,lignin,0.9099526138351492
452.1284095,452.1280723,452.1279399,C20 H24 O11 13C1,23.0,24.0,11.0,0.0,0.0,1.0,0.0,0.0,0.5238095238095238,1.0909090909090908,0.0,lignin,0.8935482342648869
451.2340866,451.2337505,451.2337416,C24 H36 O8,24.0,36.0,8.0,0.0,0.0,0.0,0.0,0.0,0.3333333333333333,1.5,0.0,lignin,0.5945270525252891
451.2131323,451.2127962,451.2126122,C27 H32 O6,27.0,32.0,6.0,0.0,0.0,0.0,0.0,0.0,0.2222222222222222,1.1851851851851851,0.0,lignin,0.9079544661587644
451.1974785,451.1971424,451.1973561,C23 H32 O9,23.0,32.0,9.0,0.0,0.0,0.0,0.0,0.0,0.391304347826087,1.391304347826087,0.0,lignin,0.9050449897548918
451.1612466,451.1609105,451.1609706,C22 H28 O10,22.0,28.0,10.0,0.0,0.0,0.0,0.0,0.0,0.45454545454545453,1.2727272727272727,0.0,lignin,0.9069176293086985
451.125142,451.124806,451.1245851,C21 H24 O11,21.0,24.0,11.0,0.0,0.0,0.0,0.0,0.0,0.5238095238095238,1.1428571428571428,0.0,lignin,0.9273838238112695
451.088715,451.088379,451.0881995,C20 H20 O12,20.0,20.0,12.0,0.0,0.0,0.0,0.0,0.0,0.6,1.0,0.0,lignin,0.5737134724067522
451.0673764,451.0670405,451.0670702,C23 H16 O10,23.0,16.0,10.0,0.0,0.0,0.0,0.0,0.0,0.43478260869565216,0.6956521739130435,0.0,tannin,0.9069597806758102
451.0520071,451.0516711,451.051814,C19 H16 O13,19.0,16.0,13.0,0.0,0.0,0.0,0.0,0.0,0.6842105263157895,0.8421052631578947,0.0,tannin,0.9130979270390082
451.0495789,451.049243,451.0493121,C23 H16 O8 S1,23.0,16.0,8.0,1.0,0.0,0.0,0.0,0.0,0.34782608695652173,0.6956521739130435,0.0,tannin,0.895398491343224
451.0132261,451.0128902,451.0129266,C22 H12 O9 S1,22.0,12.0,9.0,1.0,0.0,0.0,0.0,0.0,0.4090909090909091,0.5454545454545454,0.0,tannin,0.7845186588875132
450.1852336,450.1848987,450.1850608,C22 H30 O9 13C1,25.0,30.0,9.0,0.0,0.0,1.0,0.0,0.0,0.391304347826087,1.25,0.0,lignin,0.9077226075757636
450.148929,450.1485942,450.1486753,C21 H26 O10 13C1,24.0,26.0,10.0,0.0,0.0,1.0,0.0,0.0,0.45454545454545453,1.1304347826086956,0.0,lignin,0.928412452924786
449.2183631,449.2180294,449.2180915,C24 H34 O8,24.0,34.0,8.0,0.0,0.0,0.0,0.0,0.0,0.3333333333333333,1.4166666666666667,0.0,lignin,0.9046796202831071
449.2161412,449.2158074,449.2155896,C28 H34 O3 S1,28.0,34.0,3.0,1.0,0.0,0.0,0.0,0.0,0.10714285714285714,1.2142857142857142,0.0,lipid,0.8973909479949256
449.181886,449.1815523,449.181706,C23 H30 O9,23.0,30.0,9.0,0.0,0.0,0.0,0.0,0.0,0.391304347826087,1.3043478260869565,0.0,lignin,0.9062555173538055
449.1456713,449.1453377,449.1453205,C22 H26 O10,22.0,26.0,10.0,0.0,0.0,0.0,0.0,0.0,0.45454545454545453,1.1818181818181819,0.0,lignin,0.910156350885352
449.1094028,449.1090692,449.108935,C21 H22 O11,21.0,22.0,11.0,0.0,0.0,0.0,0.0,0.0,0.5238095238095238,1.0476190476190477,0.0,lignin,0.8637349536445008
449.0730093,449.0726758,449.0725495,C20 H18 O12,20.0,18.0,12.0,0.0,0.0,0.0,0.0,0.0,0.6,0.9,0.0,tannin,0.7963390823410558
449.0364602,449.0361267,449.036164,C19 H14 O13,19.0,14.0,13.0,0.0,0.0,0.0,0.0,0.0,0.6842105263157895,0.7368421052631579,0.0,tannin,0.9394611585884212
449.0340301,449.0336966,449.0336621,C23 H14 O8 S1,23.0,14.0,8.0,1.0,0.0,0.0,0.0,0.0,0.34782608695652173,0.6086956521739131,0.0,tannin,0.9190051751636104
448.2059967,448.2056642,448.2057963,C23 H32 O8 13C1,26.0,32.0,8.0,0.0,0.0,1.0,0.0,0.0,0.3333333333333333,1.28,0.0,lignin,0.9066877297589702
448.1695558,448.1692234,448.1694108,C22 H28 O9 13C1,25.0,28.0,9.0,0.0,0.0,1.0,0.0,0.0,0.391304347826087,1.1666666666666667,0.0,lignin,0.9100157786174382
448.1333892,448.1330568,448.1330253,C21 H24 O10 13C1,24.0,24.0,10.0,0.0,0.0,1.0,0.0,0.0,0.45454545454545453,1.0434782608695652,0.0,lignin,0.864114982734495
447.239169,447.2388377,447.238827,C25 H36 O7,25.0,36.0,7.0,0.0,0.0,0.0,0.0,0.0,0.28,1.44,0.0,lignin,0.7559178914292576
447.202667,447.2023357,447.2024415,C24 H32 O8,24.0,32.0,8.0,0.0,0.0,0.0,0.0,0.0,0.3333333333333333,1.3333333333333333,0.0,lignin,0.906513060742221
447.1792867,447.1789554,447.1788102,C31 H28 O1 S1,31.0,28.0,1.0,1.0,0.0,0.0,0.0,0.0,0.03225806451612903,0.9032258064516129,0.0,pah,0.9125333980085628
447.1662582,447.165927,447.1660559,C23 H28 O9,23.0,28.0,9.0,0.0,0.0,0.0,0.0,0.0,0.391304347826087,1.2173913043478262,0.0,lignin,0.9098756221333316
447.1301025,447.1297713,447.1296704,C22 H24 O10,22.0,24.0,10.0,0.0,0.0,0.0,0.0,0.0,0.45454545454545453,1.0909090909090908,0.0,lignin,0.8937506632373807
447.0938345,447.0935034,447.0932849,C21 H20 O11,21.0,20.0,11.0,0.0,0.0,0.0,0.0,0.0,0.5238095238095238,0.9523809523809523,0.0,lignin,0.5710750145472584
447.0785094,447.0781783,447.0780288,C17 H20 O14,17.0,20.0,14.0,0.0,0.0,0.0,0.0,0.0,0.8235294117647058,1.1764705882352942,0.0,lignin,0.4163273063895409
447.0572049,447.0568738,447.0568994,C20 H16 O12,20.0,16.0,12.0,0.0,0.0,0.0,0.0,0.0,0.6,0.8,0.0,tannin,0.9137100199361694
447.0547794,447.0544483,447.0543975,C24 H16 O7 S1,24.0,16.0,7.0,1.0,0.0,0.0,0.0,0.0,0.2916666666666667,0.6666666666666666,0.0,tannin,0.9093254299657445
447.0206526,447.0203216,447.0205139,C19 H12 O13,19.0,12.0,13.0,0.0,0.0,0.0,0.0,0.0,0.6842105263157895,0.631578947368421,0.0,tannin,0.7954268870588072
447.0182428,447.0179117,447.018012,C23 H12 O8 S1,23.0,12.0,8.0,1.0,0.0,0.0,0.0,0.0,0.34782608695652173,0.5217391304347826,0.0,tannin,0.7719647755598397
446.1903512,446.1900211,446.1901462,C23 H30 O8 13C1,26.0,30.0,8.0,0.0,0.0,1.0,0.0,0.0,0.3333333333333333,1.2,0.0,lignin,0.9095861290319831
445.2233128,445.2229839,445.2231769,C25 H34 O7,25.0,34.0,7.0,0.0,0.0,0.0,0.0,0.0,0.28,1.36,0.0,lignin,0.9046722002410155
445.1871519,445.1868231,445.1867914,C24 H30 O8,24.0,30.0,8.0,0.0,0.0,0.0,0.0,0.0,0.3333333333333333,1.25,0.0,lignin,0.9069741678335701
445.172022,445.1716931,445.1715353,C20 H30 O11,20.0,30.0,11.0,0.0,0.0,0.0,0.0,0.0,0.55,1.5,0.0,lignin,0.8497434809327722
445.1509245,445.1505956,445.1504059,C23 H26 O9,23.0,26.0,9.0,0.0,0.0,0.0,0.0,0.0,0.391304347826087,1.1304347826086956,0.0,lignin,0.9114135944586244
445.1356595,445.1353307,445.1351497,C19 H26 O12,19.0,26.0,12.0,0.0,0.0,0.0,0.0,0.0,0.631578947368421,1.368421052631579,0.0,lignin,0.8965759889718369
445.1178017,445.117473,445.1173917,C19 H26 O10 S1,19.0,26.0,10.0,1.0,0.0,0.0,0.0,0.0,0.5263157894736842,1.368421052631579,0.0,lignin,0.8947457224566222
445.1143824,445.1140536,445.1140204,C22 H22 O10,22.0,22.0,10.0,0.0,0.0,0.0,0.0,0.0,0.45454545454545453,1.0,0.0,lignin,0.8625072845305031
445.0989998,445.0986711,445.0987642,C18 H22 O13,18.0,22.0,13.0,0.0,0.0,0.0,0.0,0.0,0.7222222222222222,1.2222222222222223,0.0,lignin,0.7418155421315913
445.0908777,445.090549,445.0903891,C29 H18 O3 S1,29.0,18.0,3.0,1.0,0.0,0.0,0.0,0.0,0.10344827586206896,0.6206896551724138,0.0,pah,0.9210907053170155
445.0778024,445.0774737,445.0776349,C21 H18 O11,21.0,18.0,11.0,0.0,0.0,0.0,0.0,0.0,0.5238095238095238,0.8571428571428571,0.0,tannin,0.9011845672619291
445.0625681,445.0622394,445.0623787,C17 H18 O14,17.0,18.0,14.0,0.0,0.0,0.0,0.0,0.0,0.8235294117647058,1.0588235294117647,0.0,lignin,0.7073817187137699
445.0415393,445.0412106,445.0412494,C20 H14 O12,20.0,14.0,12.0,0.0,0.0,0.0,0.0,0.0,0.6,0.7,0.0,tannin,0.9321089471106989
445.0391395,445.0388108,445.0387474,C24 H14 O7 S1,24.0,14.0,7.0,1.0,0.0,0.0,0.0,0.0,0.2916666666666667,0.5833333333333334,0.0,tannin,0.6122610327583234
444.1149491,444.1146215,444.1147486,C18 H23 O12 N1,18.0,23.0,12.0,0.0,1.0,0.0,0.0,0.0,0.6666666666666666,1.2777777777777777,0.05555555555555555,lignin,0.9106835214816111
443.2783139,443.2779874,443.2777959,C31 H40 S1,31.0,40.0,0.0,1.0,0.0,0.0,0.0,0.0,0.0,1.2903225806451613,0.0,lipid,0.8931010513771275
443.2079787,443.2076522,443.2075268,C25 H32 O7,25.0,32.0,7.0,0.0,0.0,0.0,0.0,0.0,0.28,1.28,0.0,lignin,0.9046348306824914
443.1926602,443.1923338,443.1922707,C21 H32 O10,21.0,32.0,10.0,0.0,0.0,0.0,0.0,0.0,0.47619047619047616,1.5238095238095237,0.0,lignin,0.7447456113386689
443.1714797,443.1711532,443.1711413,C24 H28 O8,24.0,28.0,8.0,0.0,0.0,0.0,0.0,0.0,0.3333333333333333,1.1666666666666667,0.0,lignin,0.9097005124776955
443.1561628,443.1558364,443.1558852,C20 H28 O11,20.0,28.0,11.0,0.0,0.0,0.0,0.0,0.0,0.55,1.4,0.0,lignin,0.8930299576986741
443.1383453,443.1380189,443.1381271,C20 H28 O9 S1,20.0,28.0,9.0,1.0,0.0,0.0,0.0,0.0,0.45,1.4,0.0,lignin,0.9043241343839487
443.1349454,443.1346189,443.1347558,C23 H24 O9,23.0,24.0,9.0,0.0,0.0,0.0,0.0,0.0,0.391304347826087,1.0434782608695652,0.0,lignin,0.8422851661467229
443.1294029,443.1290765,443.1288826,C30 H20 O4,30.0,20.0,4.0,0.0,0.0,0.0,0.0,0.0,0.13333333333333333,0.6666666666666666,0.0,pah,0.8895972932432038
443.1196807,443.1193543,443.1194997,C19 H24 O12,19.0,24.0,12.0,0.0,0.0,0.0,0.0,0.0,0.631578947368421,1.263157894736842,0.0,lignin,0.9068705665636599
443.1116244,443.111298,443.1111245,C30 H20 O2 S1,30.0,20.0,2.0,1.0,0.0,0.0,0.0,0.0,0.06666666666666667,0.6666666666666666,0.0,pah,0.9216784016427028
443.1019337,443.1016073,443.1017416,C19 H24 O10 S1,19.0,24.0,10.0,1.0,0.0,0.0,0.0,0.0,0.5263157894736842,1.263157894736842,0.0,lignin,0.9065731582896035
443.0986633,443.0983369,443.0983703,C22 H20 O10,22.0,20.0,10.0,0.0,0.0,0.0,0.0,0.0,0.45454545454545453,0.9090909090909091,0.0,tannin,0.8998898128670006
443.0834658,443.0831395,443.0831142,C18 H20 O13,18.0,20.0,13.0,0.0,0.0,0.0,0.0,0.0,0.7222222222222222,1.1111111111111112,0.0,lignin,0.7333159017450873
443.0624981,443.0621718,443.0619848,C21 H16 O11,21.0,16.0,11.0,0.0,0.0,0.0,0.0,0.0,0.5238095238095238,0.7619047619047619,0.0,tannin,0.9074113075093457
443.0260868,443.0257605,443.0255993,C20 H12 O12,20.0,12.0,12.0,0.0,0.0,0.0,0.0,0.0,0.6,0.6,0.0,tannin,0.789217485938302
442.2566307,442.2563053,442.2561178,C19 H42 O8 S1 13C1,22.0,42.0,8.0,1.0,0.0,1.0,0.0,0.0,0.4,2.0,0.0,lipid,0.8135739539652895
442.1801376,442.1798124,442.1799755,C20 H30 O10 13C1,23.0,30.0,10.0,0.0,0.0,1.0,0.0,0.0,0.47619047619047616,1.3636363636363635,0.0,lignin,0.9043291736360712
442.1720364,442.1717111,442.1718696,C20 H29 O10 N1,20.0,29.0,10.0,0.0,1.0,0.0,0.0,0.0,0.5,1.45,0.05,lignin,0.7139541996001688
442.1439115,442.1435863,442.14359,C19 H26 O11 13C1,22.0,26.0,11.0,0.0,0.0,1.0,0.0,0.0,0.55,1.2380952380952381,0.0,lignin,0.9069314806901172
442.1358505,442.1355253,442.1354841,C19 H25 O11 N1,19.0,25.0,11.0,0.0,1.0,0.0,0.0,0.0,0.5789473684210527,1.3157894736842106,0.05263157894736842,lignin,0.9063668610104815
441.2530073,441.2526832,441.252763,C20 H42 O8 S1,20.0,42.0,8.0,1.0,0.0,0.0,0.0,0.0,0.4,2.1,0.0,lipid,0.8069657454129802
441.213148,441.2128239,441.2130061,C22 H34 O9,22.0,34.0,9.0,0.0,0.0,0.0,0.0,0.0,0.4090909090909091,1.5454545454545454,0.0,lignin,0.5962261536183311
441.192138,441.191814,441.1918768,C25 H30 O7,25.0,30.0,7.0,0.0,0.0,0.0,0.0,0.0,0.28,1.2,0.0,lignin,0.9083516993991856
441.1770191,441.1766951,441.1766206,C21 H30 O10,21.0,30.0,10.0,0.0,0.0,0.0,0.0,0.0,0.47619047619047616,1.4285714285714286,0.0,lignin,0.8938235908488148
441.1560147,441.1556906,441.1554913,C24 H26 O8,24.0,26.0,8.0,0.0,0.0,0.0,0.0,0.0,0.3333333333333333,1.0833333333333333,0.0,lignin,0.900776821775765
441.1407618,441.1404378,441.1402351,C20 H26 O11,20.0,26.0,11.0,0.0,0.0,0.0,0.0,0.0,0.55,1.3,0.0,lignin,0.9070263317025773
441.1195683,441.1192443,441.1191058,C23 H22 O9,23.0,22.0,9.0,0.0,0.0,0.0,0.0,0.0,0.391304347826087,0.9565217391304348,0.0,lignin,0.8607887046331422
441.1041546,441.1038306,441.1038496,C19 H22 O12,19.0,22.0,12.0,0.0,0.0,0.0,0.0,0.0,0.631578947368421,1.1578947368421053,0.0,lignin,0.9297335125824017
441.1017982,441.1014742,441.1013477,C23 H22 O7 S1,23.0,22.0,7.0,1.0,0.0,0.0,0.0,0.0,0.30434782608695654,0.9565217391304348,0.0,lignin,0.861697249328607
441.0959973,441.0956733,441.0954745,C30 H18 O2 S1,30.0,18.0,2.0,1.0,0.0,0.0,0.0,0.0,0.06666666666666667,0.6,0.0,pah,0.9211370400722014
441.0828978,441.0825739,441.0827202,C22 H18 O10,22.0,18.0,10.0,0.0,0.0,0.0,0.0,0.0,0.45454545454545453,0.8181818181818182,0.0,tannin,0.8970120014502703
441.0676426,441.0673186,441.0674641,C18 H18 O13,18.0,18.0,13.0,0.0,0.0,0.0,0.0,0.0,0.7222222222222222,1.0,0.0,lignin,0.5952777343830117
441.0465986,441.0462747,441.0463347,C21 H14 O11,21.0,14.0,11.0,0.0,0.0,0.0,0.0,0.0,0.5238095238095238,0.6666666666666666,0.0,tannin,0.9308180762829643
441.04419,441.0438661,441.0438328,C25 H14 O6 S1,25.0,14.0,6.0,1.0,0.0,0.0,0.0,0.0,0.24,0.56,0.0,pah,0.8958352473579957
441.0314415,441.0311176,441.0310786,C17 H14 O14,17.0,14.0,14.0,0.0,0.0,0.0,0.0,0.0,0.8235294117647058,0.8235294117647058,0.0,lipid,0.46585557979807685
440.1647256,440.1644028,440.1643254,C20 H28 O10 13C1,23.0,28.0,10.0,0.0,0.0,1.0,0.0,0.0,0.47619047619047616,1.2727272727272727,0.0,lignin,0.907011066295139
440.1281046,440.1277818,440.1279399,C19 H24 O11 13C1,22.0,24.0,11.0,0.0,0.0,1.0,0.0,0.0,0.55,1.1428571428571428,0.0,lignin,0.9260779524278602
440.1199973,440.1196745,440.119834,C19 H23 O11 N1,19.0,23.0,11.0,0.0,1.0,0.0,0.0,0.0,0.5789473684210527,1.2105263157894737,0.05263157894736842,lignin,0.9085484908855612
440.091778,440.0914552,440.0915544,C18 H20 O12 13C1,21.0,20.0,12.0,0.0,0.0,1.0,0.0,0.0,0.631578947368421,1.0,0.0,lignin,0.5735760578026716
439.1975881,439.1972664,439.1973561,C22 H32 O9,22.0,32.0,9.0,0.0,0.0,0.0,0.0,0.0,0.4090909090909091,1.4545454545454546,0.0,lignin,0.8929846430338928
439.1611692,439.1608476,439.1609706,C21 H28 O10,21.0,28.0,10.0,0.0,0.0,0.0,0.0,0.0,0.47619047619047616,1.3333333333333333,0.0,lignin,0.9048775555182896
439.1531284,439.1528068,439.1525954,C32 H24 S1,32.0,24.0,0.0,1.0,0.0,0.0,0.0,0.0,0.0,0.75,0.0,pah,0.9581409707602454
439.1249929,439.1246712,439.1245851,C20 H24 O11,20.0,24.0,11.0,0.0,0.0,0.0,0.0,0.0,0.55,1.2,0.0,lignin,0.909094311237701
439.1039888,439.1036673,439.1034557,C23 H20 O9,23.0,20.0,9.0,0.0,0.0,0.0,0.0,0.0,0.391304347826087,0.8695652173913043,0.0,tannin,0.8999662203312043
439.0887147,439.0883931,439.0881995,C19 H20 O12,19.0,20.0,12.0,0.0,0.0,0.0,0.0,0.0,0.631578947368421,1.0526315789473684,0.0,lignin,0.6824826532724098
439.0674678,439.0671463,439.0670702,C22 H16 O10,22.0,16.0,10.0,0.0,0.0,0.0,0.0,0.0,0.45454545454545453,0.7272727272727273,0.0,tannin,0.8974844266373271
439.0520647,439.0517432,439.051814,C18 H16 O13,18.0,16.0,13.0,0.0,0.0,0.0,0.0,0.0,0.7222222222222222,0.8888888888888888,0.0,tannin,0.7960349413014697
439.0308314,439.0305099,439.0306847,C21 H12 O11,21.0,12.0,11.0,0.0,0.0,0.0,0.0,0.0,0.5238095238095238,0.5714285714285714,0.0,tannin,0.785432696465828
438.1855262,438.1852057,438.1850608,C21 H30 O9 13C1,24.0,30.0,9.0,0.0,0.0,1.0,0.0,0.0,0.4090909090909091,1.3043478260869565,0.0,lignin,0.906374176536698
438.1490879,438.1487675,438.1486753,C20 H26 O10 13C1,23.0,26.0,10.0,0.0,0.0,1.0,0.0,0.0,0.47619047619047616,1.1818181818181819,0.0,lignin,0.9103102245832941
438.1124848,438.1121644,438.1122898,C19 H22 O11 13C1,22.0,22.0,11.0,0.0,0.0,1.0,0.0,0.0,0.55,1.0476190476190477,0.0,lignin,0.8634835618410099
438.1044025,438.1040822,438.104184,C19 H21 O11 N1,19.0,21.0,11.0,0.0,1.0,0.0,0.0,0.0,0.5789473684210527,1.105263157894737,0.05263157894736842,lignin,0.9050234504999926
438.0761209,438.0758006,438.0759043,C18 H18 O12 13C1,21.0,18.0,12.0,0.0,0.0,1.0,0.0,0.0,0.631578947368421,0.9,0.0,tannin,0.796253456636749
437.2184504,437.2181311,437.2180915,C23 H34 O8,23.0,34.0,8.0,0.0,0.0,0.0,0.0,0.0,0.34782608695652173,1.4782608695652173,0.0,lignin,0.7468781241926866
437.1818743,437.181555,437.181706,C22 H30 O9,22.0,30.0,9.0,0.0,0.0,0.0,0.0,0.0,0.4090909090909091,1.3636363636363635,0.0,lignin,0.9054253419690254
437.1456174,437.1452982,437.1453205,C21 H26 O10,21.0,26.0,10.0,0.0,0.0,0.0,0.0,0.0,0.47619047619047616,1.2380952380952381,0.0,lignin,0.9073693016427938
437.1094108,437.1090916,437.108935,C20 H22 O11,20.0,22.0,11.0,0.0,0.0,0.0,0.0,0.0,0.55,1.1,0.0,lignin,0.8955840477621155
437.0729398,437.0726206,437.0725495,C19 H18 O12,19.0,18.0,12.0,0.0,0.0,0.0,0.0,0.0,0.631578947368421,0.9473684210526315,0.0,lignin,0.5596439507066426
437.0517376,437.0514185,437.0514201,C22 H14 O10,22.0,14.0,10.0,0.0,0.0,0.0,0.0,0.0,0.45454545454545453,0.6363636363636364,0.0,tannin,0.9314981917653867
437.0364212,437.0361021,437.036164,C18 H14 O13,18.0,14.0,13.0,0.0,0.0,0.0,0.0,0.0,0.7222222222222222,0.7777777777777778,0.0,tannin,0.8006257522001444
437.0339975,437.0336783,437.0336621,C22 H14 O8 S1,22.0,14.0,8.0,1.0,0.0,0.0,0.0,0.0,0.36363636363636365,0.6363636363636364,0.0,tannin,0.9273867203471227
436.2061555,436.2058374,436.2057963,C22 H32 O8 13C1,25.0,32.0,8.0,0.0,0.0,1.0,0.0,0.0,0.34782608695652173,1.3333333333333333,0.0,lignin,0.9067320937550744
436.1333319,436.1330139,436.1330253,C20 H24 O10 13C1,23.0,24.0,10.0,0.0,0.0,1.0,0.0,0.0,0.47619047619047616,1.0909090909090908,0.0,lignin,0.8937555053341757
436.0967987,436.0964807,436.0966398,C19 H20 O11 13C1,22.0,20.0,11.0,0.0,0.0,1.0,0.0,0.0,0.55,0.9523809523809523,0.0,lignin,0.5709997820416884
436.0887119,436.0883939,436.0885339,C19 H19 O11 N1,19.0,19.0,11.0,0.0,1.0,0.0,0.0,0.0,0.5789473684210527,1.0,0.05263157894736842,lignin,0.5589625253941881
435.2392557,435.2389387,435.238827,C24 H36 O7,24.0,36.0,7.0,0.0,0.0,0.0,0.0,0.0,0.2916666666666667,1.5,0.0,lipid,0.8822243492456628
435.2026187,435.2023018,435.2024415,C23 H32 O8,23.0,32.0,8.0,0.0,0.0,0.0,0.0,0.0,0.34782608695652173,1.391304347826087,0.0,lignin,0.9050167116785474
435.1792264,435.1789095,435.1788102,C30 H28 O1 S1,30.0,28.0,1.0,1.0,0.0,0.0,0.0,0.0,0.03333333333333333,0.9333333333333333,0.0,pah,0.6156032781150009
435.1662235,435.1659066,435.1660559,C22 H28 O9,22.0,28.0,9.0,0.0,0.0,0.0,0.0,0.0,0.4090909090909091,1.2727272727272727,0.0,lignin,0.9077511830994427
435.1301519,435.129835,435.1296704,C21 H24 O10,21.0,24.0,10.0,0.0,0.0,0.0,0.0,0.0,0.47619047619047616,1.1428571428571428,0.0,lignin,0.927258965273321
435.0937654,435.0934486,435.0932849,C20 H20 O11,20.0,20.0,11.0,0.0,0.0,0.0,0.0,0.0,0.55,1.0,0.0,lignin,0.5720596834860554
435.0724312,435.0721144,435.0721556,C23 H16 O9,23.0,16.0,9.0,0.0,0.0,0.0,0.0,0.0,0.391304347826087,0.6956521739130435,0.0,tannin,0.8991746124058121
435.0570624,435.0567456,435.0568994,C19 H16 O12,19.0,16.0,12.0,0.0,0.0,0.0,0.0,0.0,0.631578947368421,0.8421052631578947,0.0,tannin,0.9132238999910977
435.0546594,435.0543427,435.0543975,C23 H16 O7 S1,23.0,16.0,7.0,1.0,0.0,0.0,0.0,0.0,0.30434782608695654,0.6956521739130435,0.0,tannin,0.8951751560482191
435.0207266,435.0204099,435.0205139,C18 H12 O13,18.0,12.0,13.0,0.0,0.0,0.0,0.0,0.0,0.7222222222222222,0.6666666666666666,0.0,tannin,0.6668204688794044
435.0183183,435.0180016,435.018012,C22 H12 O8 S1,22.0,12.0,8.0,1.0,0.0,0.0,0.0,0.0,0.36363636363636365,0.5454545454545454,0.0,tannin,0.780707048484716
434.1905883,434.1902725,434.1901462,C22 H30 O8 13C1,25.0,30.0,8.0,0.0,0.0,1.0,0.0,0.0,0.34782608695652173,1.25,0.0,lignin,0.9073004971707119
434.1646107,434.164295,434.1642823,C22 H29 O6 S1 N1,22.0,29.0,6.0,1.0,1.0,0.0,0.0,0.0,0.2727272727272727,1.3181818181818181,0.045454545454545456,lignin,0.9011017912811221
434.1540186,434.1537029,434.1537607,C21 H26 O9 13C1,24.0,26.0,9.0,0.0,0.0,1.0,0.0,0.0,0.4090909090909091,1.1304347826086956,0.0,lignin,0.9114864270506227
434.117556,434.1172404,434.1173752,C20 H22 O10 13C1,23.0,22.0,10.0,0.0,0.0,1.0,0.0,0.0,0.47619047619047616,1.0,0.0,lignin,0.8623545655022105
433.2233424,433.2230278,433.2231769,C24 H34 O7,24.0,34.0,7.0,0.0,0.0,0.0,0.0,0.0,0.2916666666666667,1.4166666666666667,0.0,lignin,0.9052686415396473
433.1870555,433.1867409,433.1867914,C23 H30 O8,23.0,30.0,8.0,0.0,0.0,0.0,0.0,0.0,0.34782608695652173,1.3043478260869565,0.0,lignin,0.9068622058841964
433.1508908,433.1505763,433.1504059,C22 H26 O9,22.0,26.0,9.0,0.0,0.0,0.0,0.0,0.0,0.4090909090909091,1.1818181818181819,0.0,lignin,0.9101267701077068
433.1143869,433.1140725,433.1140204,C21 H22 O10,21.0,22.0,10.0,0.0,0.0,0.0,0.0,0.0,0.47619047619047616,1.0476190476190477,0.0,lignin,0.8640754562908409
433.0989867,433.0986723,433.0987642,C17 H22 O13,17.0,22.0,13.0,0.0,0.0,0.0,0.0,0.0,0.7647058823529411,1.2941176470588236,0.0,lignin,0.4649259054834042
433.0908829,433.0905685,433.0903891,C28 H18 O3 S1,28.0,18.0,3.0,1.0,0.0,0.0,0.0,0.0,0.10714285714285714,0.6428571428571429,0.0,pah,0.9212212630810745
433.0777717,433.0774573,433.0776349,C20 H18 O11,20.0,18.0,11.0,0.0,0.0,0.0,0.0,0.0,0.55,0.9,0.0,tannin,0.9009687442015307
433.0625079,433.0621935,433.0623787,C16 H18 O14,16.0,18.0,14.0,0.0,0.0,0.0,0.0,0.0,0.875,1.125,0.0,amino_sugar,0.5592168498845933
433.0544428,433.0541284,433.0540036,C27 H14 O4 S1,27.0,14.0,4.0,1.0,0.0,0.0,0.0,0.0,0.14814814814814814,0.5185185185185185,0.0,pah,0.9205897057498447
433.0415397,433.0412254,433.0412494,C19 H14 O12,19.0,14.0,12.0,0.0,0.0,0.0,0.0,0.0,0.631578947368421,0.7368421052631579,0.0,tannin,0.939794660715011
433.039142,433.0388277,433.0387474,C23 H14 O7 S1,23.0,14.0,7.0,1.0,0.0,0.0,0.0,0.0,0.30434782608695654,0.6086956521739131,0.0,tannin,0.9074891502683406
432.1746741,432.1743608,432.1744962,C22 H28 O8 13C1,25.0,28.0,8.0,0.0,0.0,1.0,0.0,0.0,0.34782608695652173,1.1666666666666667,0.0,lignin,0.9097836210996648
432.1384667,432.1381534,432.1381107,C21 H24 O9 13C1,24.0,24.0,9.0,0.0,0.0,1.0,0.0,0.0,0.4090909090909091,1.0434782608695652,0.0,lignin,0.864707427143831
431.2079403,431.2076281,431.2075268,C24 H32 O7,24.0,32.0,7.0,0.0,0.0,0.0,0.0,0.0,0.2916666666666667,1.3333333333333333,0.0,lignin,0.9053661334601767
431.1713986,431.1710864,431.1711413,C23 H28 O8,23.0,28.0,8.0,0.0,0.0,0.0,0.0,0.0,0.34782608695652173,1.2173913043478262,0.0,lignin,0.9096137621839091
431.1560709,431.1557587,431.1558852,C19 H28 O11,19.0,28.0,11.0,0.0,0.0,0.0,0.0,0.0,0.5789473684210527,1.4736842105263157,0.0,lignin,0.8258774543295224
431.1479924,431.1476803,431.14751,C30 H24 O1 S1,30.0,24.0,1.0,1.0,0.0,0.0,0.0,0.0,0.03333333333333333,0.8,0.0,pah,0.9295291521515319
431.1383076,431.1379955,431.1381271,C19 H28 O9 S1,19.0,28.0,9.0,1.0,0.0,0.0,0.0,0.0,0.47368421052631576,1.4736842105263157,0.0,lignin,0.8931827524983589
431.134939,431.1346269,431.1347558,C22 H24 O9,22.0,24.0,9.0,0.0,0.0,0.0,0.0,0.0,0.4090909090909091,1.0909090909090908,0.0,lignin,0.9012594105747965
431.1197346,431.1194226,431.1194997,C18 H24 O12,18.0,24.0,12.0,0.0,0.0,0.0,0.0,0.0,0.6666666666666666,1.3333333333333333,0.0,lignin,0.9138029074417465
431.098729,431.098417,431.0983703,C21 H20 O10,21.0,20.0,10.0,0.0,0.0,0.0,0.0,0.0,0.47619047619047616,0.9523809523809523,0.0,lignin,0.5712876148652659
431.083584,431.083272,431.0831142,C17 H20 O13,17.0,20.0,13.0,0.0,0.0,0.0,0.0,0.0,0.7647058823529411,1.1764705882352942,0.0,lignin,0.7241983156996954
431.0624498,431.0621378,431.0619848,C20 H16 O11,20.0,16.0,11.0,0.0,0.0,0.0,0.0,0.0,0.55,0.8,0.0,tannin,0.9111966993832313
431.0471989,431.0468869,431.0467287,C16 H16 O14,16.0,16.0,14.0,0.0,0.0,0.0,0.0,0.0,0.875,1.0,0.0,lignin,0.6239473809174888
431.0258832,431.0255712,431.0255993,C19 H12 O12,19.0,12.0,12.0,0.0,0.0,0.0,0.0,0.0,0.631578947368421,0.631578947368421,0.0,tannin,0.7895412642329801
431.0234324,431.0231204,431.0230974,C23 H12 O7 S1,23.0,12.0,7.0,1.0,0.0,0.0,0.0,0.0,0.30434782608695654,0.5217391304347826,0.0,tannin,0.562519671574028
430.1357579,430.135447,430.1354841,C18 H25 O11 N1,18.0,25.0,11.0,0.0,1.0,0.0,0.0,0.0,0.6111111111111112,1.3888888888888888,0.05555555555555555,lignin,0.6291327160392848
430.0992802,430.0989693,430.0990986,C17 H21 O12 N1,17.0,21.0,12.0,0.0,1.0,0.0,0.0,0.0,0.7058823529411765,1.2352941176470589,0.058823529411764705,lignin,0.4070466741385636
429.1922952,429.1919854,429.1918768,C24 H30 O7,24.0,30.0,7.0,0.0,0.0,0.0,0.0,0.0,0.2916666666666667,1.25,0.0,lignin,0.9050842768024161
429.1770843,429.1767745,429.1766206,C20 H30 O10,20.0,30.0,10.0,0.0,0.0,0.0,0.0,0.0,0.5,1.5,0.0,lignin,0.8921176756629106
429.1559303,429.1556205,429.1554913,C23 H26 O8,23.0,26.0,8.0,0.0,0.0,0.0,0.0,0.0,0.34782608695652173,1.1304347826086956,0.0,lignin,0.9105467577595878
429.1406158,429.140306,429.1402351,C19 H26 O11,19.0,26.0,11.0,0.0,0.0,0.0,0.0,0.0,0.5789473684210527,1.368421052631579,0.0,lignin,0.8932797896269434
429.1227154,429.1224057,429.1224771,C19 H26 O9 S1,19.0,26.0,9.0,1.0,0.0,0.0,0.0,0.0,0.47368421052631576,1.368421052631579,0.0,lignin,0.9042596237776481
429.1193429,429.1190332,429.1191058,C22 H22 O9,22.0,22.0,9.0,0.0,0.0,0.0,0.0,0.0,0.4090909090909091,1.0,0.0,lignin,0.8620223179534747
429.1040237,429.103714,429.1038496,C18 H22 O12,18.0,22.0,12.0,0.0,0.0,0.0,0.0,0.0,0.6666666666666666,1.2222222222222223,0.0,lignin,0.9271361320581043
429.0959479,429.0956383,429.0954745,C29 H18 O2 S1,29.0,18.0,2.0,1.0,0.0,0.0,0.0,0.0,0.06896551724137931,0.6206896551724138,0.0,pah,0.9212730953382827
429.0829201,429.0826104,429.0827202,C21 H18 O10,21.0,18.0,10.0,0.0,0.0,0.0,0.0,0.0,0.47619047619047616,0.8571428571428571,0.0,tannin,0.9002424603878227
429.0677102,429.0674005,429.0674641,C17 H18 O13,17.0,18.0,13.0,0.0,0.0,0.0,0.0,0.0,0.7647058823529411,1.0588235294117647,0.0,lignin,0.7293568428468129
429.0467311,429.0464215,429.0463347,C20 H14 O11,20.0,14.0,11.0,0.0,0.0,0.0,0.0,0.0,0.55,0.7,0.0,tannin,0.9232340667618656
429.0443222,429.0440126,429.0438328,C24 H14 O6 S1,24.0,14.0,6.0,1.0,0.0,0.0,0.0,0.0,0.25,0.5833333333333334,0.0,tannin,0.43794979278910456
429.0315709,429.0312613,429.0310786,C16 H14 O14,16.0,14.0,14.0,0.0,0.0,0.0,0.0,0.0,0.875,0.875,0.0,lipid,0.4494513235834335
428.1647906,428.164482,428.1643254,C19 H28 O10 13C1,22.0,28.0,10.0,0.0,0.0,1.0,0.0,0.0,0.5,1.3333333333333333,0.0,lignin,0.9048093243903759
428.1283343,428.1280258,428.1279399,C18 H24 O11 13C1,21.0,24.0,11.0,0.0,0.0,1.0,0.0,0.0,0.5789473684210527,1.2,0.0,lignin,0.9090534864151711
428.1201553,428.1198468,428.119834,C18 H23 O11 N1,18.0,23.0,11.0,0.0,1.0,0.0,0.0,0.0,0.6111111111111112,1.2777777777777777,0.05555555555555555,lignin,0.7235753658708434
428.0917415,428.091433,428.0915544,C17 H20 O12 13C1,20.0,20.0,12.0,0.0,0.0,1.0,0.0,0.0,0.6666666666666666,1.0526315789473684,0.0,lignin,0.7036204841917372
428.0553728,428.0550644,428.0551689,C16 H16 O13 13C1,19.0,16.0,13.0,0.0,0.0,1.0,0.0,0.0,0.7647058823529411,0.8888888888888888,0.0,tannin,0.7009743893877792
427.197576,427.1972685,427.1973561,C21 H32 O9,21.0,32.0,9.0,0.0,0.0,0.0,0.0,0.0,0.42857142857142855,1.5238095238095237,0.0,lignin,0.7449858069054891
427.1765295,427.1762221,427.1762267,C24 H28 O7,24.0,28.0,7.0,0.0,0.0,0.0,0.0,0.0,0.2916666666666667,1.1666666666666667,0.0,lignin,0.9085982373164645
427.1613887,427.1610813,427.1609706,C20 H28 O10,20.0,28.0,10.0,0.0,0.0,0.0,0.0,0.0,0.5,1.4,0.0,lignin,0.8942157648584118
427.1402982,427.1399908,427.1398412,C23 H24 O8,23.0,24.0,8.0,0.0,0.0,0.0,0.0,0.0,0.34782608695652173,1.0434782608695652,0.0,lignin,0.843026394995252
427.125007,427.1246997,427.1245851,C19 H24 O11,19.0,24.0,11.0,0.0,0.0,0.0,0.0,0.0,0.5789473684210527,1.263157894736842,0.0,lignin,0.9074462905326384
427.1071401,427.1068327,427.106827,C19 H24 O9 S1,19.0,24.0,9.0,1.0,0.0,0.0,0.0,0.0,0.47368421052631576,1.263157894736842,0.0,lignin,0.9071167422401759
427.1037484,427.1034411,427.1034557,C22 H20 O9,22.0,20.0,9.0,0.0,0.0,0.0,0.0,0.0,0.4090909090909091,0.9090909090909091,0.0,tannin,0.8995182454172067
427.0884112,427.0881039,427.0881995,C18 H20 O12,18.0,20.0,12.0,0.0,0.0,0.0,0.0,0.0,0.6666666666666666,1.1111111111111112,0.0,lignin,0.8651641565909438
427.0860937,427.0857864,427.0856976,C22 H20 O7 S1,22.0,20.0,7.0,1.0,0.0,0.0,0.0,0.0,0.3181818181818182,0.9090909090909091,0.0,tannin,0.8956796989020374
427.0802986,427.0799913,427.0798244,C29 H16 O2 S1,29.0,16.0,2.0,1.0,0.0,0.0,0.0,0.0,0.06896551724137931,0.5517241379310345,0.0,pah,0.9208304984890082
427.0672458,427.0669386,427.0670702,C21 H16 O10,21.0,16.0,10.0,0.0,0.0,0.0,0.0,0.0,0.47619047619047616,0.7619047619047619,0.0,tannin,0.8985457088655806
427.0520279,427.0517207,427.051814,C17 H16 O13,17.0,16.0,13.0,0.0,0.0,0.0,0.0,0.0,0.7647058823529411,0.9411764705882353,0.0,lignin,0.6148972154728625
427.0310688,427.0307616,427.0306847,C20 H12 O11,20.0,12.0,11.0,0.0,0.0,0.0,0.0,0.0,0.55,0.6,0.0,tannin,0.7893962461404357
426.2615464,426.26124,426.2612032,C19 H42 O7 S1 13C1,22.0,42.0,7.0,1.0,0.0,1.0,0.0,0.0,0.35,2.0,0.0,lipid,0.8182111470778505
426.1853464,426.1850401,426.1850608,C20 H30 O9 13C1,23.0,30.0,9.0,0.0,0.0,1.0,0.0,0.0,0.42857142857142855,1.3636363636363635,0.0,lignin,0.9051685805204785
426.1491287,426.1488225,426.1486753,C19 H26 O10 13C1,22.0,26.0,10.0,0.0,0.0,1.0,0.0,0.0,0.5,1.2380952380952381,0.0,lignin,0.9074013823205934
426.1410554,426.1407492,426.1405695,C19 H25 O10 N1,19.0,25.0,10.0,0.0,1.0,0.0,0.0,0.0,0.5263157894736842,1.3157894736842106,0.05263157894736842,lignin,0.9072770928405831
426.1125994,426.1122932,426.1122898,C18 H22 O11 13C1,21.0,22.0,11.0,0.0,0.0,1.0,0.0,0.0,0.5789473684210527,1.1,0.0,lignin,0.8955951259671133
426.1044587,426.1041525,426.104184,C18 H21 O11 N1,18.0,21.0,11.0,0.0,1.0,0.0,0.0,0.0,0.6111111111111112,1.1666666666666667,0.05555555555555555,lignin,0.7276603375023507
426.0760857,426.0757796,426.0759043,C17 H18 O12 13C1,20.0,18.0,12.0,0.0,0.0,1.0,0.0,0.0,0.6666666666666666,0.9473684210526315,0.0,lignin,0.5596398812813683
425.2581194,425.2578142,425.2578483,C20 H42 O7 S1,20.0,42.0,7.0,1.0,0.0,0.0,0.0,0.0,0.35,2.1,0.0,lipid,0.8156271798754637
425.2182728,425.2179677,425.2180915,C22 H34 O8,22.0,34.0,8.0,0.0,0.0,0.0,0.0,0.0,0.36363636363636365,1.5454545454545454,0.0,lipid,0.7151831269903226
425.1820716,425.1817666,425.181706,C21 H30 O9,21.0,30.0,9.0,0.0,0.0,0.0,0.0,0.0,0.42857142857142855,1.4285714285714286,0.0,lignin,0.8932564514338068
425.1457816,425.1454766,425.1453205,C20 H26 O10,20.0,26.0,10.0,0.0,0.0,0.0,0.0,0.0,0.5,1.3,0.0,lignin,0.9058025730784683
425.1092448,425.1089398,425.108935,C19 H22 O11,19.0,22.0,11.0,0.0,0.0,0.0,0.0,0.0,0.5789473684210527,1.1578947368421053,0.0,lignin,0.9093595690896205
425.0913849,425.0910799,425.0911769,C19 H22 O9 S1,19.0,22.0,9.0,1.0,0.0,0.0,0.0,0.0,0.47368421052631576,1.1578947368421053,0.0,lignin,0.9104762007716893
425.0879692,425.0876643,425.0878056,C22 H18 O9,22.0,18.0,9.0,0.0,0.0,0.0,0.0,0.0,0.4090909090909091,0.8181818181818182,0.0,tannin,0.8970615310784134
425.072694,425.072389,425.0725495,C18 H18 O12,18.0,18.0,12.0,0.0,0.0,0.0,0.0,0.0,0.6666666666666666,1.0,0.0,lignin,0.5605802880553202
425.0646219,425.064317,425.0641743,C29 H14 O2 S1,29.0,14.0,2.0,1.0,0.0,0.0,0.0,0.0,0.06896551724137931,0.4827586206896552,0.0,pah,0.9206919764373372
425.0516372,425.0513323,425.0514201,C21 H14 O10,21.0,14.0,10.0,0.0,0.0,0.0,0.0,0.0,0.47619047619047616,0.6666666666666666,0.0,tannin,0.9239963107261875
425.0365291,425.0362242,425.036164,C17 H14 O13,17.0,14.0,13.0,0.0,0.0,0.0,0.0,0.0,0.7647058823529411,0.8235294117647058,0.0,tannin,0.6696541940776842
424.1698486,424.1695448,424.1694108,C20 H28 O9 13C1,23.0,28.0,9.0,0.0,0.0,1.0,0.0,0.0,0.42857142857142855,1.2727272727272727,0.0,lignin,0.9067782997902223
424.1333496,424.1330458,424.1330253,C19 H24 O10 13C1,22.0,24.0,10.0,0.0,0.0,1.0,0.0,0.0,0.5,1.1428571428571428,0.0,lignin,0.927359072794645
424.1252044,424.1249006,424.1249194,C19 H23 O10 N1,19.0,23.0,10.0,0.0,1.0,0.0,0.0,0.0,0.5263157894736842,1.2105263157894737,0.05263157894736842,lignin,0.9077188337294608
424.0967932,424.0964894,424.0966398,C18 H20 O11 13C1,21.0,20.0,11.0,0.0,0.0,1.0,0.0,0.0,0.5789473684210527,1.0,0.0,lignin,0.572020639785561
424.0887081,424.0884043,424.0885339,C18 H19 O11 N1,18.0,19.0,11.0,0.0,1.0,0.0,0.0,0.0,0.6111111111111112,1.0555555555555556,0.05555555555555555,lignin,0.761274621141
424.0605691,424.0602654,424.0602543,C17 H16 O12 13C1,20.0,16.0,12.0,0.0,0.0,1.0,0.0,0.0,0.6666666666666666,0.8421052631578947,0.0,tannin,0.9131431011204312
423.2226416,423.2223389,423.222344,C20 H38 O7 34S1,20.0,38.0,7.0,0.0,0.0,0.0,1.0,0.0,0.35,1.9,0.0,lipid,0.8858034362707758
423.2028178,423.2025151,423.2024415,C22 H32 O8,22.0,32.0,8.0,0.0,0.0,0.0,0.0,0.0,0.36363636363636365,1.4545454545454546,0.0,lignin,0.8949550860707335
423.1664566,423.1661539,423.1660559,C21 H28 O9,21.0,28.0,9.0,0.0,0.0,0.0,0.0,0.0,0.42857142857142855,1.3333333333333333,0.0,lignin,0.9058548173507341
423.1298688,423.1295661,423.1296704,C20 H24 O10,20.0,24.0,10.0,0.0,0.0,0.0,0.0,0.0,0.5,1.2,0.0,lignin,0.9092044277043163
423.1217783,423.1214756,423.1212953,C31 H20 S1,31.0,20.0,0.0,1.0,0.0,0.0,0.0,0.0,0.0,0.6451612903225806,0.0,pah,0.9571375484102351
423.1046968,423.1043942,423.1045183,C18 H20 O10 N2,18.0,20.0,10.0,0.0,2.0,0.0,0.0,0.0,0.5555555555555556,1.1111111111111112,0.1111111111111111,lipid,0.5572919598554413
423.093487,423.0931844,423.0932849,C19 H20 O11,19.0,20.0,11.0,0.0,0.0,0.0,0.0,0.0,0.5789473684210527,1.0526315789473684,0.0,lignin,0.8635552603088851
423.072542,423.0722394,423.0721556,C22 H16 O9,22.0,16.0,9.0,0.0,0.0,0.0,0.0,0.0,0.4090909090909091,0.7272727272727273,0.0,tannin,0.8976357969349215
423.0573835,423.057081,423.0568994,C18 H16 O12,18.0,16.0,12.0,0.0,0.0,0.0,0.0,0.0,0.6666666666666666,0.8888888888888888,0.0,tannin,0.796273519955208
423.0208971,423.0205946,423.0205139,C17 H12 O13,17.0,12.0,13.0,0.0,0.0,0.0,0.0,0.0,0.7647058823529411,0.7058823529411765,0.0,lipid,0.6823825134943753
423.018468,423.0181655,423.018012,C21 H12 O8 S1,21.0,12.0,8.0,1.0,0.0,0.0,0.0,0.0,0.38095238095238093,0.5714285714285714,0.0,tannin,0.7841543900426576
422.2303096,422.230008,422.229903,C19 H38 O7 S1 13C1,22.0,38.0,7.0,1.0,0.0,1.0,0.0,0.0,0.35,1.8095238095238095,0.0,lipid,0.8944129769137159
422.1905878,422.1902863,422.1901462,C21 H30 O8 13C1,24.0,30.0,8.0,0.0,0.0,1.0,0.0,0.0,0.36363636363636365,1.3043478260869565,0.0,lignin,0.9070807324926738
422.1539339,422.1536324,422.1537607,C20 H26 O9 13C1,23.0,26.0,9.0,0.0,0.0,1.0,0.0,0.0,0.42857142857142855,1.1818181818181819,0.0,lignin,0.9102232310782951
422.1458115,422.1455101,422.1456549,C20 H25 O9 N1,20.0,25.0,9.0,0.0,1.0,0.0,0.0,0.0,0.45,1.25,0.05,lignin,0.9047026339445795
422.1175915,422.1172901,422.1173752,C19 H22 O10 13C1,22.0,22.0,10.0,0.0,0.0,1.0,0.0,0.0,0.5,1.0476190476190477,0.0,lignin,0.863861085612808
422.1095097,422.1092082,422.1092693,C19 H21 O10 N1,19.0,21.0,10.0,0.0,1.0,0.0,0.0,0.0,0.5263157894736842,1.105263157894737,0.05263157894736842,lignin,0.9050999367635585
421.2269678,421.2266674,421.2265482,C20 H38 O7 S1,20.0,38.0,7.0,1.0,0.0,0.0,0.0,0.0,0.35,1.9,0.0,lipid,0.8858034362707758
421.2235485,421.2232481,421.2231769,C23 H34 O7,23.0,34.0,7.0,0.0,0.0,0.0,0.0,0.0,0.30434782608695654,1.4782608695652173,0.0,lipid,0.5670979684492393
421.1869411,421.1866408,421.1867914,C22 H30 O8,22.0,30.0,8.0,0.0,0.0,0.0,0.0,0.0,0.36363636363636365,1.3636363636363635,0.0,lignin,0.9053362613884681
421.1636193,421.163319,421.1631601,C29 H26 O1 S1,29.0,26.0,1.0,1.0,0.0,0.0,0.0,0.0,0.034482758620689655,0.896551724137931,0.0,pah,0.9124314746796696
421.1506478,421.1503475,421.1504059,C21 H26 O9,21.0,26.0,9.0,0.0,0.0,0.0,0.0,0.0,0.42857142857142855,1.2380952380952381,0.0,lignin,0.908159234929409
421.114505,421.1142048,421.1140204,C20 H22 O10,20.0,22.0,10.0,0.0,0.0,0.0,0.0,0.0,0.5,1.1,0.0,lignin,0.894271037065922
421.0779843,421.0776841,421.0776349,C19 H18 O11,19.0,18.0,11.0,0.0,0.0,0.0,0.0,0.0,0.5789473684210527,0.9473684210526315,0.0,lignin,0.570805173828812
421.0413991,421.0410989,421.0412494,C18 H14 O12,18.0,14.0,12.0,0.0,0.0,0.0,0.0,0.0,0.6666666666666666,0.7777777777777778,0.0,tannin,0.9316172546456392
421.03898,421.0386799,421.0387474,C22 H14 O7 S1,22.0,14.0,7.0,1.0,0.0,0.0,0.0,0.0,0.3181818181818182,0.6363636363636364,0.0,tannin,0.9175191196939665
420.1748789,420.1745798,420.1744962,C21 H28 O8 13C1,24.0,28.0,8.0,0.0,0.0,1.0,0.0,0.0,0.36363636363636365,1.2173913043478262,0.0,lignin,0.9097152170586368
420.1385813,420.1382822,420.1381107,C20 H24 O9 13C1,23.0,24.0,9.0,0.0,0.0,1.0,0.0,0.0,0.42857142857142855,1.0909090909090908,0.0,lignin,0.893887399983819
420.1018742,420.1015751,420.1017251,C19 H20 O10 13C1,22.0,20.0,10.0,0.0,0.0,1.0,0.0,0.0,0.5,0.9523809523809523,0.0,lignin,0.5712300425604051
420.0937322,420.0934332,420.0936193,C19 H19 O10 N1,19.0,19.0,10.0,0.0,1.0,0.0,0.0,0.0,0.5263157894736842,1.0,0.05263157894736842,lignin,0.5958379784531366
420.0655272,420.0652282,420.0653396,C18 H16 O11 13C1,21.0,16.0,11.0,0.0,0.0,1.0,0.0,0.0,0.5789473684210527,0.8,0.0,tannin,0.9137738333650545
419.208002,419.207704,419.2075268,C23 H32 O7,23.0,32.0,7.0,0.0,0.0,0.0,0.0,0.0,0.30434782608695654,1.391304347826087,0.0,lignin,0.9055722560177605
419.1714514,419.1711534,419.1711413,C22 H28 O8,22.0,28.0,8.0,0.0,0.0,0.0,0.0,0.0,0.36363636363636365,1.2727272727272727,0.0,lignin,0.9072473671964187
419.1479684,419.1476705,419.14751,C29 H24 O1 S1,29.0,24.0,1.0,1.0,0.0,0.0,0.0,0.0,0.034482758620689655,0.8275862068965517,0.0,pah,0.9254708165888939
419.1348893,419.1345914,419.1347558,C21 H24 O9,21.0,24.0,9.0,0.0,0.0,0.0,0.0,0.0,0.42857142857142855,1.1428571428571428,0.0,lignin,0.9102165861612423
419.1293749,419.129077,419.1288826,C28 H20 O4,28.0,20.0,4.0,0.0,0.0,0.0,0.0,0.0,0.14285714285714285,0.7142857142857143,0.0,pah,0.8898725575372529
419.0987325,419.0984346,419.0983703,C20 H20 O10,20.0,20.0,10.0,0.0,0.0,0.0,0.0,0.0,0.5,1.0,0.0,lignin,0.8622091928559257
419.0835558,419.083258,419.0831142,C16 H20 O13,16.0,20.0,13.0,0.0,0.0,0.0,0.0,0.0,0.8125,1.25,0.0,lignin,0.4001282383075265
419.06244,419.0621422,419.0619848,C19 H16 O11,19.0,16.0,11.0,0.0,0.0,0.0,0.0,0.0,0.5789473684210527,0.8421052631578947,0.0,tannin,0.9132741501583912
419.0258682,419.0255704,419.0255993,C18 H12 O12,18.0,12.0,12.0,0.0,0.0,0.0,0.0,0.0,0.6666666666666666,0.6666666666666666,0.0,tannin,0.795703494273216
419.0234192,419.0231214,419.0230974,C22 H12 O7 S1,22.0,12.0,7.0,1.0,0.0,0.0,0.0,0.0,0.3181818181818182,0.5454545454545454,0.0,tannin,0.7673092003365622
418.1591222,418.1588254,418.1588461,C21 H26 O8 13C1,24.0,26.0,8.0,0.0,0.0,1.0,0.0,0.0,0.36363636363636365,1.1304347826086956,0.0,lignin,0.911308750129136
417.2284746,417.2281789,417.2282623,C24 H34 O6,24.0,34.0,6.0,0.0,0.0,0.0,0.0,0.0,0.25,1.4166666666666667,0.0,lipid,0.5795584602429448
417.2108415,417.2105458,417.2105042,C24 H34 O4 S1,24.0,34.0,4.0,1.0,0.0,0.0,0.0,0.0,0.16666666666666666,1.4166666666666667,0.0,lipid,0.891989319133358
417.1922718,417.1919762,417.1918768,C23 H30 O7,23.0,30.0,7.0,0.0,0.0,0.0,0.0,0.0,0.30434782608695654,1.3043478260869565,0.0,lignin,0.9058207616926758
417.1558241,417.1555285,417.1554913,C22 H26 O8,22.0,26.0,8.0,0.0,0.0,0.0,0.0,0.0,0.36363636363636365,1.1818181818181819,0.0,lignin,0.9098780869409338
417.1404702,417.1401746,417.1402351,C18 H26 O11,18.0,26.0,11.0,0.0,0.0,0.0,0.0,0.0,0.6111111111111112,1.4444444444444444,0.0,lignin,0.8469704825193769
417.1323521,417.1320565,417.13186,C29 H22 O1 S1,29.0,22.0,1.0,1.0,0.0,0.0,0.0,0.0,0.034482758620689655,0.7586206896551724,0.0,pah,0.9287893878141151
417.1226298,417.1223342,417.1224771,C18 H26 O9 S1,18.0,26.0,9.0,1.0,0.0,0.0,0.0,0.0,0.5,1.4444444444444444,0.0,lignin,0.8936090237123734
417.1192688,417.1189732,417.1191058,C21 H22 O9,21.0,22.0,9.0,0.0,0.0,0.0,0.0,0.0,0.42857142857142855,1.0476190476190477,0.0,lignin,0.8427896808751374
417.1137341,417.1134386,417.1132325,C28 H18 O4,28.0,18.0,4.0,0.0,0.0,0.0,0.0,0.0,0.14285714285714285,0.6428571428571429,0.0,pah,0.8893872581386111
417.1040372,417.1037417,417.1038496,C17 H22 O12,17.0,22.0,12.0,0.0,0.0,0.0,0.0,0.0,0.7058823529411765,1.2941176470588236,0.0,lignin,0.7302737626711722
417.0863671,417.0860716,417.0860915,C17 H22 O10 S1,17.0,22.0,10.0,1.0,0.0,0.0,0.0,0.0,0.5882352941176471,1.2941176470588236,0.0,lignin,0.9069647719365064
417.0830093,417.0827138,417.0827202,C20 H18 O10,20.0,18.0,10.0,0.0,0.0,0.0,0.0,0.0,0.5,0.9,0.0,tannin,0.9009444828905236
417.0678616,417.0675661,417.0674641,C16 H18 O13,16.0,18.0,13.0,0.0,0.0,0.0,0.0,0.0,0.8125,1.125,0.0,lignin,0.7415084467380867
417.0467925,417.0464971,417.0463347,C19 H14 O11,19.0,14.0,11.0,0.0,0.0,0.0,0.0,0.0,0.5789473684210527,0.7368421052631579,0.0,tannin,0.9114306527812104
417.0078255,417.0075301,417.0074473,C22 H10 O7 S1,22.0,10.0,7.0,1.0,0.0,0.0,0.0,0.0,0.3181818181818182,0.45454545454545453,0.0,tannin,0.6109824974057553
416.156438,416.1561435,416.1562195,C18 H27 O10 N1,18.0,27.0,10.0,0.0,1.0,0.0,0.0,0.0,0.5555555555555556,1.5,0.05555555555555555,lipid,0.8594079938094389
416.1202858,416.1199914,416.119834,C17 H23 O11 N1,17.0,23.0,11.0,0.0,1.0,0.0,0.0,0.0,0.6470588235294118,1.3529411764705883,0.058823529411764705,lignin,0.4910688485506219
415.1766499,415.1763566,415.1762267,C23 H28 O7,23.0,28.0,7.0,0.0,0.0,0.0,0.0,0.0,0.30434782608695654,1.2173913043478262,0.0,lignin,0.9092310165787822
415.1612978,415.1610045,415.1609706,C19 H28 O10,19.0,28.0,10.0,0.0,0.0,0.0,0.0,0.0,0.5263157894736842,1.4736842105263157,0.0,lignin,0.846459912766058
415.1434137,415.1431204,415.1432125,C19 H28 O8 S1,19.0,28.0,8.0,1.0,0.0,0.0,0.0,0.0,0.42105263157894735,1.4736842105263157,0.0,lignin,0.8919840569856332
415.139997,415.1397038,415.1398412,C22 H24 O8,22.0,24.0,8.0,0.0,0.0,0.0,0.0,0.0,0.36363636363636365,1.0909090909090908,0.0,lignin,0.9008622177592729
415.1344572,415.1341639,415.133968,C29 H20 O3,29.0,20.0,3.0,0.0,0.0,0.0,0.0,0.0,0.10344827586206896,0.6896551724137931,0.0,pah,0.8900274288613774
415.1247118,415.1244185,415.1245851,C18 H24 O11,18.0,24.0,11.0,0.0,0.0,0.0,0.0,0.0,0.6111111111111112,1.3333333333333333,0.0,lignin,0.8935661039728877
415.1166636,415.1163704,415.1162099,C29 H20 O1 S1,29.0,20.0,1.0,1.0,0.0,0.0,0.0,0.0,0.034482758620689655,0.6896551724137931,0.0,pah,0.9595177353133449
415.1070133,415.1067201,415.106827,C18 H24 O9 S1,18.0,24.0,9.0,1.0,0.0,0.0,0.0,0.0,0.5,1.3333333333333333,0.0,lignin,0.9048093243903759
415.1036605,415.1033673,415.1034557,C21 H20 O9,21.0,20.0,9.0,0.0,0.0,0.0,0.0,0.0,0.42857142857142855,0.9523809523809523,0.0,lignin,0.570660324261077
415.0885437,415.0882506,415.0881995,C17 H20 O12,17.0,20.0,12.0,0.0,0.0,0.0,0.0,0.0,0.7058823529411765,1.1764705882352942,0.0,lignin,0.7438137495072004
415.0675414,415.0672482,415.0670702,C20 H16 O10,20.0,16.0,10.0,0.0,0.0,0.0,0.0,0.0,0.5,0.8,0.0,tannin,0.9015751025522375
415.0522643,415.0519712,415.051814,C16 H16 O13,16.0,16.0,13.0,0.0,0.0,0.0,0.0,0.0,0.8125,1.0,0.0,lignin,0.7081070728247879
415.0310356,415.0307425,415.0306847,C19 H12 O11,19.0,12.0,11.0,0.0,0.0,0.0,0.0,0.0,0.5789473684210527,0.631578947368421,0.0,tannin,0.7894220020226693
415.0285211,415.028228,415.0281827,C23 H12 O6 S1,23.0,12.0,6.0,1.0,0.0,0.0,0.0,0.0,0.2608695652173913,0.5217391304347826,0.0,pah,0.636648639199092
414.1491374,414.1488453,414.1486753,C18 H26 O10 13C1,21.0,26.0,10.0,0.0,0.0,1.0,0.0,0.0,0.5263157894736842,1.3,0.0,lignin,0.9055256561220357
414.1125968,414.1123047,414.1122898,C17 H22 O11 13C1,20.0,22.0,11.0,0.0,0.0,1.0,0.0,0.0,0.6111111111111112,1.1578947368421053,0.0,lignin,0.9094253561648846
414.1044107,414.1041187,414.104184,C17 H21 O11 N1,17.0,21.0,11.0,0.0,1.0,0.0,0.0,0.0,0.6470588235294118,1.2352941176470589,0.058823529411764705,lignin,0.7252819872085807
414.0760397,414.0757477,414.0759043,C16 H18 O12 13C1,19.0,18.0,12.0,0.0,0.0,1.0,0.0,0.0,0.7058823529411765,1.0,0.0,lignin,0.5969529460144729
413.1818684,413.1815775,413.181706,C20 H30 O9,20.0,30.0,9.0,0.0,0.0,0.0,0.0,0.0,0.45,1.5,0.0,lignin,0.8929439610609526
413.1607253,413.1604344,413.1605766,C23 H26 O7,23.0,26.0,7.0,0.0,0.0,0.0,0.0,0.0,0.30434782608695654,1.1304347826086956,0.0,lignin,0.9103228511138834
413.1455459,413.145255,413.1453205,C19 H26 O10,19.0,26.0,10.0,0.0,0.0,0.0,0.0,0.0,0.5263157894736842,1.368421052631579,0.0,lignin,0.8947457224566222
413.127902,413.1276111,413.1275624,C19 H26 O8 S1,19.0,26.0,8.0,1.0,0.0,0.0,0.0,0.0,0.42105263157894735,1.368421052631579,0.0,lignin,0.905176301573421
413.1245298,413.1242389,413.1241911,C22 H22 O8,22.0,22.0,8.0,0.0,0.0,0.0,0.0,0.0,0.36363636363636365,1.0,0.0,lignin,0.8625447516240887
413.1093492,413.1090583,413.108935,C18 H22 O11,18.0,22.0,11.0,0.0,0.0,0.0,0.0,0.0,0.6111111111111112,1.2222222222222223,0.0,lignin,0.9080648309943837
413.088203,413.0879121,413.0878056,C21 H18 O9,21.0,18.0,9.0,0.0,0.0,0.0,0.0,0.0,0.42857142857142855,0.8571428571428571,0.0,tannin,0.900244296294089
413.0729007,413.0726099,413.0725495,C17 H18 O12,17.0,18.0,12.0,0.0,0.0,0.0,0.0,0.0,0.7058823529411765,1.0588235294117647,0.0,lignin,0.7283117363539121
413.0516399,413.0513491,413.0514201,C20 H14 O10,20.0,14.0,10.0,0.0,0.0,0.0,0.0,0.0,0.5,0.7,0.0,tannin,0.9066519810007074
413.0363337,413.036043,413.036164,C16 H14 O13,16.0,14.0,13.0,0.0,0.0,0.0,0.0,0.0,0.8125,0.875,0.0,lipid,0.4780981903009036
413.0282435,413.0279527,413.0277888,C27 H10 O3 S1,27.0,10.0,3.0,1.0,0.0,0.0,0.0,0.0,0.1111111111111111,0.37037037037037035,0.0,pah,0.9200723807365305
413.0127841,413.0124934,413.0125327,C23 H10 O6 S1,23.0,10.0,6.0,1.0,0.0,0.0,0.0,0.0,0.2608695652173913,0.43478260869565216,0.0,pah,0.6973942380274709
412.1697666,412.1694769,412.1694108,C19 H28 O9 13C1,22.0,28.0,9.0,0.0,0.0,1.0,0.0,0.0,0.45,1.3333333333333333,0.0,lignin,0.9057156491536837
412.1331668,412.132877,412.1330253,C18 H24 O10 13C1,21.0,24.0,10.0,0.0,0.0,1.0,0.0,0.0,0.5263157894736842,1.2,0.0,lignin,0.9091373833667691
412.1250615,412.1247718,412.1246501,C29 H20 S1 13C1,32.0,20.0,0.0,1.0,0.0,1.0,0.0,0.0,0.0,0.6451612903225806,0.0,pah,0.9571375484102351
412.1250615,412.1247718,412.1249194,C18 H23 O10 N1,18.0,23.0,10.0,0.0,1.0,0.0,0.0,0.0,0.5555555555555556,1.2777777777777777,0.05555555555555555,lignin,0.9079231888142157
412.0969109,412.0966212,412.0966398,C17 H20 O11 13C1,20.0,20.0,11.0,0.0,0.0,1.0,0.0,0.0,0.6111111111111112,1.0526315789473684,0.0,lignin,0.682935170242645
412.0889121,412.0886225,412.0885339,C17 H19 O11 N1,17.0,19.0,11.0,0.0,1.0,0.0,0.0,0.0,0.6470588235294118,1.1176470588235294,0.058823529411764705,lignin,0.7494391667485389
412.0607297,412.06044,412.0602543,C16 H16 O12 13C1,19.0,16.0,12.0,0.0,0.0,1.0,0.0,0.0,0.7058823529411765,0.8888888888888888,0.0,tannin,0.7961469628435424
411.2027089,411.2024203,411.2024415,C21 H32 O8,21.0,32.0,8.0,0.0,0.0,0.0,0.0,0.0,0.38095238095238093,1.5238095238095237,0.0,lignin,0.5946393905946381
411.1665159,411.1662273,411.1660559,C20 H28 O9,20.0,28.0,9.0,0.0,0.0,0.0,0.0,0.0,0.45,1.4,0.0,lignin,0.9043241343839487
411.129922,411.1296335,411.1296704,C19 H24 O10,19.0,24.0,10.0,0.0,0.0,0.0,0.0,0.0,0.5263157894736842,1.263157894736842,0.0,lignin,0.9065731582896035
411.1217689,411.1214804,411.1212953,C30 H20 S1,30.0,20.0,0.0,1.0,0.0,0.0,0.0,0.0,0.0,0.6666666666666666,0.0,pah,0.9572755140859591
411.1120648,411.1117762,411.1119124,C19 H24 O8 S1,19.0,24.0,8.0,1.0,0.0,0.0,0.0,0.0,0.42105263157894735,1.263157894736842,0.0,lignin,0.9079217765975207
411.1086652,411.1083767,411.1085411,C22 H20 O8,22.0,20.0,8.0,0.0,0.0,0.0,0.0,0.0,0.36363636363636365,0.9090909090909091,0.0,tannin,0.8996246195701056
411.1046166,411.104328,411.1045183,C17 H20 O10 N2,17.0,20.0,10.0,0.0,2.0,0.0,0.0,0.0,0.5882352941176471,1.1764705882352942,0.11764705882352941,lipid,0.48991959720352307
411.0934361,411.0931476,411.0932849,C18 H20 O11,18.0,20.0,11.0,0.0,0.0,0.0,0.0,0.0,0.6111111111111112,1.1111111111111112,0.0,lignin,0.9091770370099163
411.0853922,411.0851038,411.0849098,C29 H16 O1 S1,29.0,16.0,1.0,1.0,0.0,0.0,0.0,0.0,0.034482758620689655,0.5517241379310345,0.0,pah,0.9209886535527263
411.0724663,411.0721779,411.0721556,C21 H16 O9,21.0,16.0,9.0,0.0,0.0,0.0,0.0,0.0,0.42857142857142855,0.7619047619047619,0.0,tannin,0.8943651630834637
411.0573472,411.0570587,411.0568994,C17 H16 O12,17.0,16.0,12.0,0.0,0.0,0.0,0.0,0.0,0.7058823529411765,0.9411764705882353,0.0,lignin,0.5595149024819364
411.036232,411.0359436,411.0357701,C20 H12 O10,20.0,12.0,10.0,0.0,0.0,0.0,0.0,0.0,0.5,0.6,0.0,tannin,0.7895710780489457
411.0208644,411.020576,411.0205139,C16 H12 O13,16.0,12.0,13.0,0.0,0.0,0.0,0.0,0.0,0.8125,0.75,0.0,lipid,0.682708615335822
410.1903685,410.190081,410.1901462,C20 H30 O8 13C1,23.0,30.0,8.0,0.0,0.0,1.0,0.0,0.0,0.38095238095238093,1.3636363636363635,0.0,lignin,0.9054268104300348
410.154194,410.1539066,410.1537607,C19 H26 O9 13C1,22.0,26.0,9.0,0.0,0.0,1.0,0.0,0.0,0.45,1.2380952380952381,0.0,lignin,0.9072162948248146
410.1176353,410.1173479,410.1173752,C18 H22 O10 13C1,21.0,22.0,10.0,0.0,0.0,1.0,0.0,0.0,0.5263157894736842,1.1,0.0,lignin,0.8941264568156072
410.1094931,410.1092058,410.1092693,C18 H21 O10 N1,18.0,21.0,10.0,0.0,1.0,0.0,0.0,0.0,0.5555555555555556,1.1666666666666667,0.05555555555555555,lignin,0.9104503798827223
410.0811797,410.0808924,410.0809897,C17 H18 O11 13C1,20.0,18.0,11.0,0.0,0.0,1.0,0.0,0.0,0.6111111111111112,0.9473684210526315,0.0,lignin,0.5724108278546687
410.0730939,410.0728066,410.0728838,C17 H17 O11 N1,17.0,17.0,11.0,0.0,1.0,0.0,0.0,0.0,0.6470588235294118,1.0,0.058823529411764705,lignin,0.5875277441718714
409.2234196,409.2231333,409.2231769,C22 H34 O7,22.0,34.0,7.0,0.0,0.0,0.0,0.0,0.0,0.3181818181818182,1.5454545454545454,0.0,lipid,0.8765500795678554
409.1869625,409.1866762,409.1867914,C21 H30 O8,21.0,30.0,8.0,0.0,0.0,0.0,0.0,0.0,0.38095238095238093,1.4285714285714286,0.0,lignin,0.9043036363063266
409.1507795,409.1504933,409.1504059,C20 H26 O9,20.0,26.0,9.0,0.0,0.0,0.0,0.0,0.0,0.45,1.3,0.0,lignin,0.9065774509379322
409.1144299,409.1141437,409.1140204,C19 H22 O10,19.0,22.0,10.0,0.0,0.0,0.0,0.0,0.0,0.5263157894736842,1.1578947368421053,0.0,lignin,0.9092618173632625
409.093104,409.0928179,409.092891,C22 H18 O8,22.0,18.0,8.0,0.0,0.0,0.0,0.0,0.0,0.36363636363636365,0.8181818181818182,0.0,tannin,0.8971227517047142
409.0890647,409.0887785,409.0888683,C17 H18 O10 N2,17.0,18.0,10.0,0.0,2.0,0.0,0.0,0.0,0.5882352941176471,1.0588235294117647,0.11764705882352941,peptide,0.621297864667936
409.0777706,409.0774844,409.0776349,C18 H18 O11,18.0,18.0,11.0,0.0,0.0,0.0,0.0,0.0,0.6111111111111112,1.0,0.0,lignin,0.5736671016431478
409.0696412,409.0693551,409.0692597,C29 H14 O1 S1,29.0,14.0,1.0,1.0,0.0,0.0,0.0,0.0,0.034482758620689655,0.4827586206896552,0.0,pah,0.9183911234697997
409.0566338,409.0563477,409.0565055,C21 H14 O9,21.0,14.0,9.0,0.0,0.0,0.0,0.0,0.0,0.42857142857142855,0.6666666666666666,0.0,tannin,0.9240321485020344
409.0415033,409.0412172,409.0412494,C17 H14 O12,17.0,14.0,12.0,0.0,0.0,0.0,0.0,0.0,0.7058823529411765,0.8235294117647058,0.0,tannin,0.9310809554458832
409.0391198,409.0388337,409.0387474,C21 H14 O7 S1,21.0,14.0,7.0,1.0,0.0,0.0,0.0,0.0,0.3333333333333333,0.6666666666666666,0.0,tannin,0.9124901975576322
408.1746684,408.1743833,408.1744962,C20 H28 O8 13C1,23.0,28.0,8.0,0.0,0.0,1.0,0.0,0.0,0.38095238095238093,1.2727272727272727,0.0,lignin,0.9074666119342686
408.1385653,408.1382802,408.1381107,C19 H24 O9 13C1,22.0,24.0,9.0,0.0,0.0,1.0,0.0,0.0,0.45,1.1428571428571428,0.0,lignin,0.9103455663910627
408.1020081,408.1017231,408.1017251,C18 H20 O10 13C1,21.0,20.0,10.0,0.0,0.0,1.0,0.0,0.0,0.5263157894736842,1.0,0.0,lignin,0.5721323992370482
408.0938306,408.0935456,408.0936193,C18 H19 O10 N1,18.0,19.0,10.0,0.0,1.0,0.0,0.0,0.0,0.5555555555555556,1.0555555555555556,0.05555555555555555,lignin,0.8877124050925491
408.0654721,408.0651871,408.0653396,C17 H16 O11 13C1,20.0,16.0,11.0,0.0,0.0,1.0,0.0,0.0,0.6111111111111112,0.8421052631578947,0.0,tannin,0.9131952062893308
408.0574086,408.0571237,408.0572338,C17 H15 O11 N1,17.0,15.0,11.0,0.0,1.0,0.0,0.0,0.0,0.6470588235294118,0.8823529411764706,0.058823529411764705,tannin,0.8756234456135672
407.2076653,407.2073813,407.2075268,C22 H32 O7,22.0,32.0,7.0,0.0,0.0,0.0,0.0,0.0,0.3181818181818182,1.4545454545454546,0.0,lignin,0.7564518879856557
407.1714054,407.1711214,407.1711413,C21 H28 O8,21.0,28.0,8.0,0.0,0.0,0.0,0.0,0.0,0.38095238095238093,1.3333333333333333,0.0,lignin,0.9059471712952044
407.1351933,407.1349094,407.1347558,C20 H24 O9,20.0,24.0,9.0,0.0,0.0,0.0,0.0,0.0,0.45,1.2,0.0,lignin,0.910038061652551
407.098629,407.0983451,407.0983703,C19 H20 O10,19.0,20.0,10.0,0.0,0.0,0.0,0.0,0.0,0.5263157894736842,1.0526315789473684,0.0,lignin,0.8638382124734563
407.0773803,407.0770965,407.0772409,C22 H16 O8,22.0,16.0,8.0,0.0,0.0,0.0,0.0,0.0,0.36363636363636365,0.7272727272727273,0.0,tannin,0.8958678117024894
407.0752032,407.0749193,407.074739,C26 H16 O3 S1,26.0,16.0,3.0,1.0,0.0,0.0,0.0,0.0,0.11538461538461539,0.6153846153846154,0.0,pah,0.9210014086352396
407.0734009,407.073117,407.0732182,C17 H16 O10 N2,17.0,16.0,10.0,0.0,2.0,0.0,0.0,0.0,0.5882352941176471,0.9411764705882353,0.11764705882352941,peptide,0.6732017935119164
407.0621333,407.0618495,407.0619848,C18 H16 O11,18.0,16.0,11.0,0.0,0.0,0.0,0.0,0.0,0.6111111111111112,0.8888888888888888,0.0,tannin,0.7963383918282975
407.0260239,407.0257402,407.0255993,C17 H12 O12,17.0,12.0,12.0,0.0,0.0,0.0,0.0,0.0,0.7058823529411765,0.7058823529411765,0.0,tannin,0.7969043867917709
406.1953882,406.1951054,406.1952316,C21 H30 O7 13C1,24.0,30.0,7.0,0.0,0.0,1.0,0.0,0.0,0.3181818181818182,1.3043478260869565,0.0,lignin,0.9062668649070126
406.15922,406.1589373,406.1588461,C20 H26 O8 13C1,23.0,26.0,8.0,0.0,0.0,1.0,0.0,0.0,0.38095238095238093,1.1818181818181819,0.0,lignin,0.9099979551276954
406.1228507,406.1225679,406.1224606,C19 H22 O9 13C1,22.0,22.0,9.0,0.0,0.0,1.0,0.0,0.0,0.45,1.0476190476190477,0.0,lignin,0.8643572144010416
406.0861979,406.0859152,406.0860751,C18 H18 O10 13C1,21.0,18.0,10.0,0.0,0.0,1.0,0.0,0.0,0.5263157894736842,0.9,0.0,tannin,0.900941916078413
406.0780896,406.077807,406.0779692,C18 H17 O10 N1,18.0,17.0,10.0,0.0,1.0,0.0,0.0,0.0,0.5555555555555556,0.9444444444444444,0.05555555555555555,lignin,0.5576512023264888
405.2283595,405.2280778,405.2282623,C23 H34 O6,23.0,34.0,6.0,0.0,0.0,0.0,0.0,0.0,0.2608695652173913,1.4782608695652173,0.0,lipid,0.8923484568775475
405.1921676,405.1918859,405.1918768,C22 H30 O7,22.0,30.0,7.0,0.0,0.0,0.0,0.0,0.0,0.3181818181818182,1.3636363636363635,0.0,lignin,0.9059015203244123
405.1559297,405.1556481,405.1554913,C21 H26 O8,21.0,26.0,8.0,0.0,0.0,0.0,0.0,0.0,0.38095238095238093,1.2380952380952381,0.0,lignin,0.9076720397632689
405.1192639,405.1189823,405.1191058,C20 H22 O9,20.0,22.0,9.0,0.0,0.0,0.0,0.0,0.0,0.45,1.1,0.0,lignin,0.9017421083628865
405.1137128,405.1134312,405.1132325,C27 H18 O4,27.0,18.0,4.0,0.0,0.0,0.0,0.0,0.0,0.14814814814814814,0.6666666666666666,0.0,pah,0.8894873174741951
405.1039878,405.1037062,405.1038496,C16 H22 O12,16.0,22.0,12.0,0.0,0.0,0.0,0.0,0.0,0.75,1.375,0.0,lignin,0.48045204371355366
405.0959482,405.0956667,405.0954745,C27 H18 O2 S1,27.0,18.0,2.0,1.0,0.0,0.0,0.0,0.0,0.07407407407407407,0.6666666666666666,0.0,pah,0.9216213677372537
405.0941105,405.093829,405.0939536,C18 H18 O9 N2,18.0,18.0,9.0,0.0,2.0,0.0,0.0,0.0,0.5,1.0,0.1111111111111111,peptide,0.7315812116436977
405.0829229,405.0826414,405.0827202,C19 H18 O10,19.0,18.0,10.0,0.0,0.0,0.0,0.0,0.0,0.5263157894736842,0.9473684210526315,0.0,lignin,0.5709670247666979
405.0678108,405.0675293,405.0674641,C15 H18 O13,15.0,18.0,13.0,0.0,0.0,0.0,0.0,0.0,0.8666666666666667,1.2,0.0,amino_sugar,0.4860137727637679
405.0467666,405.0464851,405.0463347,C18 H14 O11,18.0,14.0,11.0,0.0,0.0,0.0,0.0,0.0,0.6111111111111112,0.7777777777777778,0.0,tannin,0.9139857475044089
405.0077821,405.0075007,405.0074473,C21 H10 O7 S1,21.0,10.0,7.0,1.0,0.0,0.0,0.0,0.0,0.3333333333333333,0.47619047619047616,0.0,tannin,0.7181207654117185
404.1799771,404.1796967,404.1795815,C21 H28 O7 13C1,24.0,28.0,7.0,0.0,0.0,1.0,0.0,0.0,0.3181818181818182,1.2173913043478262,0.0,lignin,0.9093527879281564
404.1434241,404.1431437,404.143196,C20 H24 O8 13C1,23.0,24.0,8.0,0.0,0.0,1.0,0.0,0.0,0.38095238095238093,1.0909090909090908,0.0,lignin,0.901454558790635
404.1200039,404.1197236,404.119834,C16 H23 O11 N1,16.0,23.0,11.0,0.0,1.0,0.0,0.0,0.0,0.6875,1.4375,0.0625,carbohydrate,0.4335111148439214
404.1069604,404.10668,404.1068105,C19 H20 O9 13C1,22.0,20.0,9.0,0.0,0.0,1.0,0.0,0.0,0.45,0.9523809523809523,0.0,lignin,0.5707281378134275
403.2130057,403.2127264,403.2126122,C23 H32 O6,23.0,32.0,6.0,0.0,0.0,0.0,0.0,0.0,0.2608695652173913,1.391304347826087,0.0,lignin,0.9037804391961582
403.1763767,403.1760974,403.1762267,C22 H28 O7,22.0,28.0,7.0,0.0,0.0,0.0,0.0,0.0,0.3181818181818182,1.2727272727272727,0.0,lignin,0.9065004649311282
403.1610785,403.1607992,403.1609706,C18 H28 O10,18.0,28.0,10.0,0.0,0.0,0.0,0.0,0.0,0.5555555555555556,1.5555555555555556,0.0,lignin,0.5869789045794308
403.1530394,403.1527601,403.1525954,C29 H24 S1,29.0,24.0,0.0,1.0,0.0,0.0,0.0,0.0,0.0,0.8275862068965517,0.0,pah,0.9545082534753024
403.1400443,403.139765,403.1398412,C21 H24 O8,21.0,24.0,8.0,0.0,0.0,0.0,0.0,0.0,0.38095238095238093,1.1428571428571428,0.0,lignin,0.909906711661795
403.1249452,403.124666,403.1245851,C17 H24 O11,17.0,24.0,11.0,0.0,0.0,0.0,0.0,0.0,0.6470588235294118,1.411764705882353,0.0,lignin,0.8642239450048821
403.1038911,403.1036118,403.1034557,C20 H20 O9,20.0,20.0,9.0,0.0,0.0,0.0,0.0,0.0,0.45,1.0,0.0,lignin,0.8625418904935618
403.0886076,403.0883284,403.0881995,C16 H20 O12,16.0,20.0,12.0,0.0,0.0,0.0,0.0,0.0,0.75,1.25,0.0,lignin,0.7141759897258063
403.0673421,403.0670629,403.0670702,C19 H16 O10,19.0,16.0,10.0,0.0,0.0,0.0,0.0,0.0,0.5263157894736842,0.8421052631578947,0.0,tannin,0.9008191667301297
403.064926,403.0646468,403.0645683,C23 H16 O5 S1,23.0,16.0,5.0,1.0,0.0,0.0,0.0,0.0,0.21739130434782608,0.6956521739130435,0.0,tannin,0.7302346328194109
403.0519889,403.0517098,403.051814,C15 H16 O13,15.0,16.0,13.0,0.0,0.0,0.0,0.0,0.0,0.8666666666666667,1.0666666666666667,0.0,amino_sugar,0.4758225940438529
403.0439132,403.0436341,403.0434389,C26 H12 O3 S1,26.0,12.0,3.0,1.0,0.0,0.0,0.0,0.0,0.11538461538461539,0.46153846153846156,0.0,pah,0.9204854484501839
403.0308635,403.0305844,403.0306847,C18 H12 O11,18.0,12.0,11.0,0.0,0.0,0.0,0.0,0.0,0.6111111111111112,0.6666666666666666,0.0,tannin,0.9321812838443776
403.0284641,403.028185,403.0281827,C22 H12 O6 S1,22.0,12.0,6.0,1.0,0.0,0.0,0.0,0.0,0.2727272727272727,0.5454545454545454,0.0,tannin,0.5586300644006547
402.1044753,402.1041972,402.104184,C16 H21 O11 N1,16.0,21.0,11.0,0.0,1.0,0.0,0.0,0.0,0.6875,1.3125,0.0625,amino_sugar,0.38483726434460236
401.1973531,401.1970761,401.1969622,C23 H30 O6,23.0,30.0,6.0,0.0,0.0,0.0,0.0,0.0,0.2608695652173913,1.3043478260869565,0.0,lignin,0.9038400307723012
401.1821042,401.1818273,401.181706,C19 H30 O9,19.0,30.0,9.0,0.0,0.0,0.0,0.0,0.0,0.47368421052631576,1.5789473684210527,0.0,lipid,0.5546658182208908
401.160899,401.1606221,401.1605766,C22 H26 O7,22.0,26.0,7.0,0.0,0.0,0.0,0.0,0.0,0.3181818181818182,1.1818181818181819,0.0,lignin,0.9095613905879416
401.1455142,401.1452373,401.1453205,C18 H26 O10,18.0,26.0,10.0,0.0,0.0,0.0,0.0,0.0,0.5555555555555556,1.4444444444444444,0.0,lignin,0.8502937081358247
401.1374131,401.1371362,401.1369454,C29 H22 S1,29.0,22.0,0.0,1.0,0.0,0.0,0.0,0.0,0.0,0.7586206896551724,0.0,pah,0.9582796103801924
401.1277217,401.1274448,401.1275624,C18 H26 O8 S1,18.0,26.0,8.0,1.0,0.0,0.0,0.0,0.0,0.4444444444444444,1.4444444444444444,0.0,lignin,0.8922554146955879
401.1243238,401.1240469,401.1241911,C21 H22 O8,21.0,22.0,8.0,0.0,0.0,0.0,0.0,0.0,0.38095238095238093,1.0476190476190477,0.0,lignin,0.8426520650791582
401.118793,401.1185161,401.1183179,C28 H18 O3,28.0,18.0,3.0,0.0,0.0,0.0,0.0,0.0,0.10714285714285714,0.6428571428571429,0.0,pah,0.9212212630810745
401.1091303,401.1088534,401.108935,C17 H22 O11,17.0,22.0,11.0,0.0,0.0,0.0,0.0,0.0,0.6470588235294118,1.2941176470588236,0.0,lignin,0.9253674478867252
401.0914882,401.0912113,401.0911769,C17 H22 O9 S1,17.0,22.0,9.0,1.0,0.0,0.0,0.0,0.0,0.5294117647058824,1.2941176470588236,0.0,lignin,0.905621640687506
401.0881157,401.0878388,401.0878056,C20 H18 O9,20.0,18.0,9.0,0.0,0.0,0.0,0.0,0.0,0.45,0.9,0.0,tannin,0.9000539167152544
401.0729651,401.0726882,401.0725495,C16 H18 O12,16.0,18.0,12.0,0.0,0.0,0.0,0.0,0.0,0.75,1.125,0.0,lignin,0.7296027056771452
401.0518121,401.0515352,401.0514201,C19 H14 O10,19.0,14.0,10.0,0.0,0.0,0.0,0.0,0.0,0.5263157894736842,0.7368421052631579,0.0,tannin,0.9057899879074778
401.0364815,401.0362047,401.036164,C15 H14 O13,15.0,14.0,13.0,0.0,0.0,0.0,0.0,0.0,0.8666666666666667,0.9333333333333333,0.0,lignin,0.5064683260200625
401.015218,401.0149412,401.0150346,C18 H10 O11,18.0,10.0,11.0,0.0,0.0,0.0,0.0,0.0,0.6111111111111112,0.5555555555555556,0.0,tannin,0.7884477152159637
401.0127552,401.0124784,401.0125327,C22 H10 O6 S1,22.0,10.0,6.0,1.0,0.0,0.0,0.0,0.0,0.2727272727272727,0.45454545454545453,0.0,pah,0.6788087433089226
400.1695555,400.1692797,400.1694108,C18 H28 O9 13C1,21.0,28.0,9.0,0.0,0.0,1.0,0.0,0.0,0.47368421052631576,1.4,0.0,lignin,0.8928595506991222
400.1615174,400.1612416,400.1613049,C18 H27 O9 N1,18.0,27.0,9.0,0.0,1.0,0.0,0.0,0.0,0.5,1.5,0.05555555555555555,lipid,0.8622068603245255
400.1333621,400.1330863,400.1330253,C17 H24 O10 13C1,20.0,24.0,10.0,0.0,0.0,1.0,0.0,0.0,0.5555555555555556,1.263157894736842,0.0,lignin,0.9062051073180333
400.1253351,400.1250593,400.1249194,C17 H23 O10 N1,17.0,23.0,10.0,0.0,1.0,0.0,0.0,0.0,0.5882352941176471,1.3529411764705883,0.058823529411764705,lignin,0.7173728809363924
400.0970234,400.0967477,400.0966398,C16 H20 O11 13C1,19.0,20.0,11.0,0.0,0.0,1.0,0.0,0.0,0.6470588235294118,1.1111111111111112,0.0,lignin,0.9296902776197564
400.0888672,400.0885915,400.0885339,C16 H19 O11 N1,16.0,19.0,11.0,0.0,1.0,0.0,0.0,0.0,0.6875,1.1875,0.0625,lignin,0.5222050737815903
400.0603742,400.0600985,400.0602543,C15 H16 O12 13C1,18.0,16.0,12.0,0.0,0.0,1.0,0.0,0.0,0.75,0.9411764705882353,0.0,lignin,0.6156286973762932
399.2027511,399.2024764,399.2024415,C20 H32 O8,20.0,32.0,8.0,0.0,0.0,0.0,0.0,0.0,0.4,1.6,0.0,lipid,0.8729983397210679
399.1664389,399.1661642,399.1660559,C19 H28 O9,19.0,28.0,9.0,0.0,0.0,0.0,0.0,0.0,0.47368421052631576,1.4736842105263157,0.0,lignin,0.8931827524983589
399.1485258,399.1482512,399.1482979,C19 H28 O7 S1,19.0,28.0,7.0,1.0,0.0,0.0,0.0,0.0,0.3684210526315789,1.4736842105263157,0.0,lignin,0.8936668622522268
399.1451247,399.14485,399.1449266,C22 H24 O7,22.0,24.0,7.0,0.0,0.0,0.0,0.0,0.0,0.3181818181818182,1.0909090909090908,0.0,lignin,0.8952796605965456
399.1297979,399.1295233,399.1296704,C18 H24 O10,18.0,24.0,10.0,0.0,0.0,0.0,0.0,0.0,0.5555555555555556,1.3333333333333333,0.0,lignin,0.9063026355411962
399.1217371,399.1214625,399.1212953,C29 H20 S1,29.0,20.0,0.0,1.0,0.0,0.0,0.0,0.0,0.0,0.6896551724137931,0.0,pah,0.9574553497765047
399.112061,399.1117864,399.1119124,C18 H24 O8 S1,18.0,24.0,8.0,1.0,0.0,0.0,0.0,0.0,0.4444444444444444,1.3333333333333333,0.0,lignin,0.9057776472906076
399.1087166,399.108442,399.1085411,C21 H20 O8,21.0,20.0,8.0,0.0,0.0,0.0,0.0,0.0,0.38095238095238093,0.9523809523809523,0.0,lignin,0.8607606395480296
399.0935786,399.093304,399.0932849,C17 H20 O11,17.0,20.0,11.0,0.0,0.0,0.0,0.0,0.0,0.6470588235294118,1.1764705882352942,0.0,lignin,0.929279380223349
399.0759381,399.0756636,399.0755269,C17 H20 O9 S1,17.0,20.0,9.0,1.0,0.0,0.0,0.0,0.0,0.5294117647058824,1.1764705882352942,0.0,lignin,0.9092832314002013
399.072534,399.0722594,399.0721556,C20 H16 O9,20.0,16.0,9.0,0.0,0.0,0.0,0.0,0.0,0.45,0.8,0.0,tannin,0.8974657575784193
399.0573003,399.0570257,399.0568994,C16 H16 O12,16.0,16.0,12.0,0.0,0.0,0.0,0.0,0.0,0.75,1.0,0.0,lignin,0.6143878302007872
399.0360513,399.0357768,399.0357701,C19 H12 O10,19.0,12.0,10.0,0.0,0.0,0.0,0.0,0.0,0.5263157894736842,0.631578947368421,0.0,tannin,0.9310121523904421
399.020713,399.0204385,399.0205139,C15 H12 O13,15.0,12.0,13.0,0.0,0.0,0.0,0.0,0.0,0.8666666666666667,0.8,0.0,lipid,0.5576988253685029
399.0125915,399.012317,399.0121388,C26 H8 O3 S1,26.0,8.0,3.0,1.0,0.0,0.0,0.0,0.0,0.11538461538461539,0.3076923076923077,0.0,pah,0.8258032493143801
398.2302728,398.2299992,398.229903,C17 H38 O7 S1 13C1,20.0,38.0,7.0,1.0,0.0,1.0,0.0,0.0,0.3888888888888889,2.0,0.0,lipid,0.8142178398707817
398.1902845,398.190011,398.1901462,C19 H30 O8 13C1,22.0,30.0,8.0,0.0,0.0,1.0,0.0,0.0,0.4,1.4285714285714286,0.0,lignin,0.8941299525120214
398.1540503,398.1537768,398.1537607,C18 H26 O9 13C1,21.0,26.0,9.0,0.0,0.0,1.0,0.0,0.0,0.47368421052631576,1.3,0.0,lignin,0.9065756325987839
398.1460726,398.1457991,398.1456549,C18 H25 O9 N1,18.0,25.0,9.0,0.0,1.0,0.0,0.0,0.0,0.5,1.3888888888888888,0.05555555555555555,lignin,0.8988846274870215
398.1178053,398.1175319,398.1173752,C17 H22 O10 13C1,20.0,22.0,10.0,0.0,0.0,1.0,0.0,0.0,0.5555555555555556,1.1578947368421053,0.0,lignin,0.9092446883243621
398.1096578,398.1093844,398.1092693,C17 H21 O10 N1,17.0,21.0,10.0,0.0,1.0,0.0,0.0,0.0,0.5882352941176471,1.2352941176470589,0.058823529411764705,lignin,0.908791940361767
398.0811121,398.0808387,398.0809897,C16 H18 O11 13C1,19.0,18.0,11.0,0.0,0.0,1.0,0.0,0.0,0.6470588235294118,1.0,0.0,lignin,0.5605747240659151
398.072983,398.0727096,398.0728838,C16 H17 O11 N1,16.0,17.0,11.0,0.0,1.0,0.0,0.0,0.0,0.6875,1.0625,0.0625,lignin,0.565559805501447
398.0448576,398.0445842,398.0446042,C15 H14 O12 13C1,18.0,14.0,12.0,0.0,0.0,1.0,0.0,0.0,0.75,0.8235294117647058,0.0,tannin,0.6699400219735944
397.3877863,397.3875137,397.3873464,C26 H54 S1,26.0,54.0,0.0,1.0,0.0,0.0,0.0,0.0,0.0,2.076923076923077,0.0,lipid,0.9067614608101724
397.2269127,397.2266403,397.2265482,C18 H38 O7 S1,18.0,38.0,7.0,1.0,0.0,0.0,0.0,0.0,0.3888888888888889,2.111111111111111,0.0,lipid,0.8074202083716298
397.1871162,397.1868439,397.1867914,C20 H30 O8,20.0,30.0,8.0,0.0,0.0,0.0,0.0,0.0,0.4,1.5,0.0,lignin,0.7443787825031974
397.1505739,397.1503016,397.1504059,C19 H26 O9,19.0,26.0,9.0,0.0,0.0,0.0,0.0,0.0,0.47368421052631576,1.368421052631579,0.0,lignin,0.9042596237776481
397.1328643,397.132592,397.1326478,C19 H26 O7 S1,19.0,26.0,7.0,1.0,0.0,0.0,0.0,0.0,0.3684210526315789,1.368421052631579,0.0,lignin,0.9053261018480088
397.1294703,397.129198,397.1292765,C22 H22 O7,22.0,22.0,7.0,0.0,0.0,0.0,0.0,0.0,0.3181818181818182,1.0,0.0,lignin,0.8632378898350532
397.1143146,397.1140423,397.1140204,C18 H22 O10,18.0,22.0,10.0,0.0,0.0,0.0,0.0,0.0,0.5555555555555556,1.2222222222222223,0.0,lignin,0.9073233697465752
397.0932411,397.0929688,397.092891,C21 H18 O8,21.0,18.0,8.0,0.0,0.0,0.0,0.0,0.0,0.38095238095238093,0.8571428571428571,0.0,tannin,0.8961450310142378
397.0780529,397.0777807,397.0776349,C17 H18 O11,17.0,18.0,11.0,0.0,0.0,0.0,0.0,0.0,0.6470588235294118,1.0588235294117647,0.0,lignin,0.6810846942361126
397.0568098,397.0565376,397.0565055,C20 H14 O9,20.0,14.0,9.0,0.0,0.0,0.0,0.0,0.0,0.45,0.7,0.0,tannin,0.9067425450232424
397.0414243,397.0411521,397.0412494,C16 H14 O12,16.0,14.0,12.0,0.0,0.0,0.0,0.0,0.0,0.75,0.875,0.0,tannin,0.7014427560990856
397.033299,397.0330268,397.0328742,C27 H10 O2 S1,27.0,10.0,2.0,1.0,0.0,0.0,0.0,0.0,0.07407407407407407,0.37037037037037035,0.0,pah,0.9201508134031844
397.0178331,397.017561,397.0176181,C23 H10 O5 S1,23.0,10.0,5.0,1.0,0.0,0.0,0.0,0.0,0.21739130434782608,0.43478260869565216,0.0,pah,0.9201863653337122
396.1749252,396.174654,396.1744962,C19 H28 O8 13C1,22.0,28.0,8.0,0.0,0.0,1.0,0.0,0.0,0.4,1.3333333333333333,0.0,lignin,0.9058026879544219
396.138354,396.1380829,396.1381107,C18 H24 O9 13C1,21.0,24.0,9.0,0.0,0.0,1.0,0.0,0.0,0.47368421052631576,1.2,0.0,lignin,0.910190018731134
396.1301643,396.1298932,396.1300048,C18 H23 O9 N1,18.0,23.0,9.0,0.0,1.0,0.0,0.0,0.0,0.5,1.2777777777777777,0.05555555555555555,lignin,0.9067023191314197
396.1018862,396.1016151,396.1017251,C17 H20 O10 13C1,20.0,20.0,10.0,0.0,0.0,1.0,0.0,0.0,0.5555555555555556,1.0526315789473684,0.0,lignin,0.8636617799005808
396.0938652,396.0935941,396.0936193,C17 H19 O10 N1,17.0,19.0,10.0,0.0,1.0,0.0,0.0,0.0,0.5882352941176471,1.1176470588235294,0.058823529411764705,lignin,0.8315916271684223
396.0657325,396.0654615,396.0653396,C16 H16 O11 13C1,19.0,16.0,11.0,0.0,0.0,1.0,0.0,0.0,0.6470588235294118,0.8888888888888888,0.0,tannin,0.79634038641137
396.0576659,396.0573949,396.0572338,C16 H15 O11 N1,16.0,15.0,11.0,0.0,1.0,0.0,0.0,0.0,0.6875,0.9375,0.0625,tannin,0.631064375108104
395.20768,395.2074099,395.2075268,C21 H32 O7,21.0,32.0,7.0,0.0,0.0,0.0,0.0,0.0,0.3333333333333333,1.5238095238095237,0.0,lipid,0.7176441615165325
395.1713802,395.1711102,395.1711413,C20 H28 O8,20.0,28.0,8.0,0.0,0.0,0.0,0.0,0.0,0.4,1.4,0.0,lignin,0.9046746339281959
395.13519,395.13492,395.1347558,C19 H24 O9,19.0,24.0,9.0,0.0,0.0,0.0,0.0,0.0,0.47368421052631576,1.263157894736842,0.0,lignin,0.9071167422401759
395.1098366,395.1095666,395.1096037,C17 H20 O9 N2,17.0,20.0,9.0,0.0,2.0,0.0,0.0,0.0,0.5294117647058824,1.1764705882352942,0.11764705882352941,lipid,0.48340163989766244
395.0985111,395.0982412,395.0983703,C18 H20 O10,18.0,20.0,10.0,0.0,0.0,0.0,0.0,0.0,0.5555555555555556,1.1111111111111112,0.0,lignin,0.8759863966605872
395.0904189,395.0901489,395.0899952,C29 H16 S1,29.0,16.0,0.0,1.0,0.0,0.0,0.0,0.0,0.0,0.5517241379310345,0.0,pah,0.9189221807757155
395.0773657,395.0770958,395.0772409,C21 H16 O8,21.0,16.0,8.0,0.0,0.0,0.0,0.0,0.0,0.38095238095238093,0.7619047619047619,0.0,tannin,0.8945171533317687
395.073371,395.0731011,395.0732182,C16 H16 O10 N2,16.0,16.0,10.0,0.0,2.0,0.0,0.0,0.0,0.625,1.0,0.125,peptide,0.7705023949949419
395.0622445,395.0619746,395.0619848,C17 H16 O11,17.0,16.0,11.0,0.0,0.0,0.0,0.0,0.0,0.6470588235294118,0.9411764705882353,0.0,lignin,0.5595507212090117
395.041284,395.0410141,395.0408554,C20 H12 O9,20.0,12.0,9.0,0.0,0.0,0.0,0.0,0.0,0.45,0.6,0.0,tannin,0.9216653663253871
395.0260294,395.0257595,395.0255993,C16 H12 O12,16.0,12.0,12.0,0.0,0.0,0.0,0.0,0.0,0.75,0.75,0.0,tannin,0.6704614914422862
394.2812482,394.2809792,394.2810261,C19 H41 O7 N1,19.0,41.0,7.0,0.0,1.0,0.0,0.0,0.0,0.3684210526315789,2.1578947368421053,0.05263157894736842,amino_sugar,0.6518928529938688
394.1953997,394.1951308,394.1952316,C20 H30 O7 13C1,23.0,30.0,7.0,0.0,0.0,1.0,0.0,0.0,0.3333333333333333,1.3636363636363635,0.0,lignin,0.9061521091016761
394.159072,394.1588031,394.1588461,C19 H26 O8 13C1,22.0,26.0,8.0,0.0,0.0,1.0,0.0,0.0,0.4,1.2380952380952381,0.0,lignin,0.9078917645517691
394.1228267,394.1225579,394.1224606,C18 H22 O9 13C1,21.0,22.0,9.0,0.0,0.0,1.0,0.0,0.0,0.47368421052631576,1.1,0.0,lignin,0.8943721234051212
394.1147453,394.1144765,394.1143547,C18 H21 O9 N1,18.0,21.0,9.0,0.0,1.0,0.0,0.0,0.0,0.5,1.1666666666666667,0.05555555555555555,lignin,0.9102448247073227
394.0862852,394.0860164,394.0860751,C17 H18 O10 13C1,20.0,18.0,10.0,0.0,0.0,1.0,0.0,0.0,0.5555555555555556,0.9473684210526315,0.0,lignin,0.5708819764372542
394.0781413,394.0778725,394.0779692,C17 H17 O10 N1,17.0,17.0,10.0,0.0,1.0,0.0,0.0,0.0,0.5882352941176471,1.0,0.058823529411764705,tannin,0.47558338622716906
394.0498529,394.0495841,394.0496896,C16 H14 O11 13C1,19.0,14.0,11.0,0.0,0.0,1.0,0.0,0.0,0.6470588235294118,0.7777777777777778,0.0,tannin,0.9139880150685293
393.1920667,393.1917989,393.1918768,C21 H30 O7,21.0,30.0,7.0,0.0,0.0,0.0,0.0,0.0,0.3333333333333333,1.4285714285714286,0.0,lignin,0.9046465968743782
393.155672,393.1554042,393.1554913,C20 H26 O8,20.0,26.0,8.0,0.0,0.0,0.0,0.0,0.0,0.4,1.3,0.0,lignin,0.9063542790865036
393.1195211,393.1192534,393.1191058,C19 H22 O9,19.0,22.0,9.0,0.0,0.0,0.0,0.0,0.0,0.47368421052631576,1.1578947368421053,0.0,lignin,0.9104762007716893
393.0942488,393.0939812,393.0939536,C17 H18 O9 N2,17.0,18.0,9.0,0.0,2.0,0.0,0.0,0.0,0.5294117647058824,1.0588235294117647,0.11764705882352941,peptide,0.6224358270537738
393.0829386,393.0826709,393.0827202,C18 H18 O10,18.0,18.0,10.0,0.0,0.0,0.0,0.0,0.0,0.5555555555555556,1.0,0.0,lignin,0.5720424984800901
393.0617227,393.061455,393.0615909,C21 H14 O8,21.0,14.0,8.0,0.0,0.0,0.0,0.0,0.0,0.38095238095238093,0.6666666666666666,0.0,tannin,0.9042163700057717
393.046526,393.0462584,393.0463347,C17 H14 O11,17.0,14.0,11.0,0.0,0.0,0.0,0.0,0.0,0.6470588235294118,0.8235294117647058,0.0,tannin,0.9134370888949
393.0441287,393.0438611,393.0438328,C21 H14 O6 S1,21.0,14.0,6.0,1.0,0.0,0.0,0.0,0.0,0.2857142857142857,0.6666666666666666,0.0,tannin,0.9080231940743311
392.1797287,392.1794621,392.1795815,C20 H28 O7 13C1,23.0,28.0,7.0,0.0,0.0,1.0,0.0,0.0,0.3333333333333333,1.2727272727272727,0.0,lignin,0.906708805626067
392.1434434,392.1431769,392.143196,C19 H24 O8 13C1,22.0,24.0,8.0,0.0,0.0,1.0,0.0,0.0,0.4,1.1428571428571428,0.0,lignin,0.9100150067381442
392.1072185,392.106952,392.1068105,C18 H20 O9 13C1,21.0,20.0,9.0,0.0,0.0,1.0,0.0,0.0,0.47368421052631576,1.0,0.0,lignin,0.8623712265324857
392.0991162,392.0988497,392.0987047,C18 H19 O9 N1,18.0,19.0,9.0,0.0,1.0,0.0,0.0,0.0,0.5,1.0555555555555556,0.05555555555555555,lignin,0.886829816835364
392.0705772,392.0703107,392.070425,C17 H16 O10 13C1,20.0,16.0,10.0,0.0,0.0,1.0,0.0,0.0,0.5555555555555556,0.8421052631578947,0.0,tannin,0.9020069812353135
392.0624398,392.0621733,392.0623192,C17 H15 O10 N1,17.0,15.0,10.0,0.0,1.0,0.0,0.0,0.0,0.5882352941176471,0.8823529411764706,0.058823529411764705,tannin,0.9081984606030161
391.2129198,391.2126543,391.2126122,C22 H32 O6,22.0,32.0,6.0,0.0,0.0,0.0,0.0,0.0,0.2727272727272727,1.4545454545454546,0.0,lipid,0.7345674014843232
391.1763593,391.1760938,391.1762267,C21 H28 O7,21.0,28.0,7.0,0.0,0.0,0.0,0.0,0.0,0.3333333333333333,1.3333333333333333,0.0,lignin,0.906513060742221
391.1401448,391.1398794,391.1398412,C20 H24 O8,20.0,24.0,8.0,0.0,0.0,0.0,0.0,0.0,0.4,1.2,0.0,lignin,0.9100220258388896
391.1038424,391.103577,391.1034557,C19 H20 O9,19.0,20.0,9.0,0.0,0.0,0.0,0.0,0.0,0.47368421052631576,1.0526315789473684,0.0,lignin,0.8643317188158056
391.07848,391.0782146,391.0783036,C17 H16 O9 N2,17.0,16.0,9.0,0.0,2.0,0.0,0.0,0.0,0.5294117647058824,0.9411764705882353,0.11764705882352941,peptide,0.6750618998320126
391.0705657,391.0703003,391.0704415,C15 H20 O10 S1,15.0,20.0,10.0,1.0,0.0,0.0,0.0,0.0,0.6666666666666666,1.3333333333333333,0.0,lignin,0.9138029074417465
391.0671983,391.066933,391.0670702,C18 H16 O10,18.0,16.0,10.0,0.0,0.0,0.0,0.0,0.0,0.5555555555555556,0.8888888888888888,0.0,tannin,0.9010636230123371
391.0647864,391.0645211,391.0645683,C22 H16 O5 S1,22.0,16.0,5.0,1.0,0.0,0.0,0.0,0.0,0.22727272727272727,0.7272727272727273,0.0,tannin,0.7263424563032398
391.0519652,391.0516999,391.051814,C14 H16 O13,14.0,16.0,13.0,0.0,0.0,0.0,0.0,0.0,0.9285714285714286,1.1428571428571428,0.0,amino_sugar,0.5466100326880666
391.031,391.0307347,391.0306847,C17 H12 O11,17.0,12.0,11.0,0.0,0.0,0.0,0.0,0.0,0.6470588235294118,0.7058823529411765,0.0,tannin,0.9399029164478904
391.0285845,391.0283193,391.0281827,C21 H12 O6 S1,21.0,12.0,6.0,1.0,0.0,0.0,0.0,0.0,0.2857142857142857,0.5714285714285714,0.0,tannin,0.5631484919330912
390.1641454,390.1638811,390.1639315,C20 H26 O7 13C1,23.0,26.0,7.0,0.0,0.0,1.0,0.0,0.0,0.3333333333333333,1.1818181818181819,0.0,lignin,0.9096843400851666
390.1279225,390.1276582,390.127546,C19 H22 O8 13C1,22.0,22.0,8.0,0.0,0.0,1.0,0.0,0.0,0.4,1.0476190476190477,0.0,lignin,0.8423920841133363
390.0913282,390.091064,390.0911605,C18 H18 O9 13C1,21.0,18.0,9.0,0.0,0.0,1.0,0.0,0.0,0.47368421052631576,0.9,0.0,tannin,0.9001605401398806
390.0832045,390.0829403,390.0830546,C18 H17 O9 N1,18.0,17.0,9.0,0.0,1.0,0.0,0.0,0.0,0.5,0.9444444444444444,0.05555555555555555,lignin,0.5702610972565493
390.0549802,390.054716,390.0547749,C17 H14 O10 13C1,20.0,14.0,10.0,0.0,0.0,1.0,0.0,0.0,0.5555555555555556,0.7368421052631579,0.0,tannin,0.9098697992076362
389.2910972,389.2908339,389.2908625,C21 H42 O6,21.0,42.0,6.0,0.0,0.0,0.0,0.0,0.0,0.2857142857142857,2.0,0.0,lipid,0.8583090115554383
389.1970878,389.1968246,389.1969622,C22 H30 O6,22.0,30.0,6.0,0.0,0.0,0.0,0.0,0.0,0.2727272727272727,1.3636363636363635,0.0,lignin,0.9042530719857377
389.1609813,389.1607182,389.1605766,C21 H26 O7,21.0,26.0,7.0,0.0,0.0,0.0,0.0,0.0,0.3333333333333333,1.2380952380952381,0.0,lignin,0.9070005674076448
389.1456925,389.1454294,389.1453205,C17 H26 O10,17.0,26.0,10.0,0.0,0.0,0.0,0.0,0.0,0.5882352941176471,1.5294117647058822,0.0,lignin,0.7349860647938742
389.1244246,389.1241615,389.1241911,C20 H22 O8,20.0,22.0,8.0,0.0,0.0,0.0,0.0,0.0,0.4,1.1,0.0,lignin,0.9019214850348778
389.1090771,389.108814,389.108935,C16 H22 O11,16.0,22.0,11.0,0.0,0.0,0.0,0.0,0.0,0.6875,1.375,0.0,lignin,0.8885612253242237
389.1009945,389.1007315,389.1005598,C27 H18 O1 S1,27.0,18.0,1.0,1.0,0.0,0.0,0.0,0.0,0.037037037037037035,0.6666666666666666,0.0,pah,0.9593592219859473
389.0913199,389.0910568,389.0911769,C16 H22 O9 S1,16.0,22.0,9.0,1.0,0.0,0.0,0.0,0.0,0.5625,1.375,0.0,lignin,0.8933037752888694
389.0879591,389.0876961,389.0878056,C19 H18 O9,19.0,18.0,9.0,0.0,0.0,0.0,0.0,0.0,0.47368421052631576,0.9473684210526315,0.0,lignin,0.5711898355442854
389.0855542,389.0852912,389.0853037,C23 H18 O4 S1,23.0,18.0,4.0,1.0,0.0,0.0,0.0,0.0,0.17391304347826086,0.782608695652174,0.0,tannin,0.6423136780948372
389.0728005,389.0725375,389.0725495,C15 H18 O12,15.0,18.0,12.0,0.0,0.0,0.0,0.0,0.0,0.8,1.2,0.0,lignin,0.41917781237029106
389.0518265,389.0515635,389.0514201,C18 H14 O10,18.0,14.0,10.0,0.0,0.0,0.0,0.0,0.0,0.5555555555555556,0.7777777777777778,0.0,tannin,0.911520695395782
389.036594,389.036331,389.036164,C14 H14 O13,14.0,14.0,13.0,0.0,0.0,0.0,0.0,0.0,0.9285714285714286,1.0,0.0,amino_sugar,0.5583266604932814
389.0153325,389.0150695,389.0150346,C17 H10 O11,17.0,10.0,11.0,0.0,0.0,0.0,0.0,0.0,0.6470588235294118,0.5882352941176471,0.0,tannin,0.7893422390788
389.0128696,389.0126066,389.0125327,C21 H10 O6 S1,21.0,10.0,6.0,1.0,0.0,0.0,0.0,0.0,0.2857142857142857,0.47619047619047616,0.0,pah,0.4616218171284386
388.1484696,388.1482076,388.1482814,C20 H24 O7 13C1,23.0,24.0,7.0,0.0,0.0,1.0,0.0,0.0,0.3333333333333333,1.0909090909090908,0.0,lignin,0.901358890295602
388.1250448,388.1247829,388.1249194,C16 H23 O10 N1,16.0,23.0,10.0,0.0,1.0,0.0,0.0,0.0,0.625,1.4375,0.0625,lipid,0.7116926085241438
387.1815177,387.1812568,387.1813121,C22 H28 O6,22.0,28.0,6.0,0.0,0.0,0.0,0.0,0.0,0.2727272727272727,1.2727272727272727,0.0,lignin,0.9042505564135876
387.1661959,387.165935,387.1660559,C18 H28 O9,18.0,28.0,9.0,0.0,0.0,0.0,0.0,0.0,0.5,1.5555555555555556,0.0,lignin,0.5508164390249184
387.1450709,387.1448101,387.1449266,C21 H24 O7,21.0,24.0,7.0,0.0,0.0,0.0,0.0,0.0,0.3333333333333333,1.1428571428571428,0.0,lignin,0.9088267142749389
387.1299526,387.1296918,387.1296704,C17 H24 O10,17.0,24.0,10.0,0.0,0.0,0.0,0.0,0.0,0.5882352941176471,1.411764705882353,0.0,lignin,0.8505756228243737
387.1123183,387.1120575,387.1119124,C17 H24 O8 S1,17.0,24.0,8.0,1.0,0.0,0.0,0.0,0.0,0.47058823529411764,1.411764705882353,0.0,lignin,0.8926383335151085
387.1089428,387.108682,387.1085411,C20 H20 O8,20.0,20.0,8.0,0.0,0.0,0.0,0.0,0.0,0.4,1.0,0.0,lignin,0.8621153531188147
387.0936529,387.0933921,387.0932849,C16 H20 O11,16.0,20.0,11.0,0.0,0.0,0.0,0.0,0.0,0.6875,1.25,0.0,lignin,0.9262501711080665
387.0757423,387.0754816,387.0755269,C16 H20 O9 S1,16.0,20.0,9.0,1.0,0.0,0.0,0.0,0.0,0.5625,1.25,0.0,lignin,0.9064960150489221
387.072332,387.0720713,387.0721556,C19 H16 O9,19.0,16.0,9.0,0.0,0.0,0.0,0.0,0.0,0.47368421052631576,0.8421052631578947,0.0,tannin,0.9005629205027021
387.0570227,387.056762,387.0568994,C15 H16 O12,15.0,16.0,12.0,0.0,0.0,0.0,0.0,0.0,0.8,1.0666666666666667,0.0,lignin,0.7431967773430497
387.0489579,387.0486972,387.0485243,C26 H12 O2 S1,26.0,12.0,2.0,1.0,0.0,0.0,0.0,0.0,0.07692307692307693,0.46153846153846156,0.0,pah,0.9205883951744269
387.0359605,387.0356998,387.0357701,C18 H12 O10,18.0,12.0,10.0,0.0,0.0,0.0,0.0,0.0,0.5555555555555556,0.6666666666666666,0.0,tannin,0.9305894607591932
387.0335613,387.0333006,387.0332681,C22 H12 O5 S1,22.0,12.0,5.0,1.0,0.0,0.0,0.0,0.0,0.22727272727272727,0.5454545454545454,0.0,pah,0.9202180596075401
387.0208665,387.0206058,387.0205139,C14 H12 O13,14.0,12.0,13.0,0.0,0.0,0.0,0.0,0.0,0.9285714285714286,0.8571428571428571,0.0,lipid,0.4916594596100906
386.1541553,386.1538956,386.1537607,C17 H26 O9 13C1,20.0,26.0,9.0,0.0,0.0,1.0,0.0,0.0,0.5,1.368421052631579,0.0,lignin,0.9043269968156483
386.1460633,386.1458036,386.1456549,C17 H25 O9 N1,17.0,25.0,9.0,0.0,1.0,0.0,0.0,0.0,0.5294117647058824,1.4705882352941178,0.058823529411764705,lipid,0.7150221193857427
386.1175903,386.1173307,386.1173752,C16 H22 O10 13C1,19.0,22.0,10.0,0.0,0.0,1.0,0.0,0.0,0.5882352941176471,1.2222222222222223,0.0,lignin,0.9070053995698515
386.1094486,386.109189,386.1092693,C16 H21 O10 N1,16.0,21.0,10.0,0.0,1.0,0.0,0.0,0.0,0.625,1.3125,0.0625,lipid,0.5155697391921856
386.0811532,386.0808936,386.0809897,C15 H18 O11 13C1,18.0,18.0,11.0,0.0,0.0,1.0,0.0,0.0,0.6875,1.0588235294117647,0.0,lignin,0.6836484628185854
386.0731218,386.0728621,386.0728838,C15 H17 O11 N1,15.0,17.0,11.0,0.0,1.0,0.0,0.0,0.0,0.7333333333333333,1.1333333333333333,0.06666666666666667,lipid,0.3897331345756101
385.187156,385.1868974,385.1867914,C19 H30 O8,19.0,30.0,8.0,0.0,0.0,0.0,0.0,0.0,0.42105263157894735,1.5789473684210527,0.0,lipid,0.7131306206277404
385.1658604,385.1656018,385.165662,C22 H26 O6,22.0,26.0,6.0,0.0,0.0,0.0,0.0,0.0,0.2727272727272727,1.1818181818181819,0.0,lignin,0.9083941399505697
385.1505257,385.1502671,385.1504059,C18 H26 O9,18.0,26.0,9.0,0.0,0.0,0.0,0.0,0.0,0.5,1.4444444444444444,0.0,lignin,0.8936090237123734
385.1294474,385.1291889,385.1292765,C21 H22 O7,21.0,22.0,7.0,0.0,0.0,0.0,0.0,0.0,0.3333333333333333,1.0476190476190477,0.0,lignin,0.8436345027642072
385.1143463,385.1140878,385.1140204,C17 H22 O10,17.0,22.0,10.0,0.0,0.0,0.0,0.0,0.0,0.5882352941176471,1.2941176470588236,0.0,lignin,0.9069647719365064
385.0966844,385.0964259,385.0962623,C17 H22 O8 S1,17.0,22.0,8.0,1.0,0.0,0.0,0.0,0.0,0.47058823529411764,1.2941176470588236,0.0,lignin,0.9066925037519219
385.0932933,385.0930348,385.092891,C20 H18 O8,20.0,18.0,8.0,0.0,0.0,0.0,0.0,0.0,0.4,0.9,0.0,tannin,0.8997036648500696
385.077986,385.0777275,385.0776349,C16 H18 O11,16.0,18.0,11.0,0.0,0.0,0.0,0.0,0.0,0.6875,1.125,0.0,lignin,0.7342526327777466
385.0566521,385.0563936,385.0565055,C19 H14 O9,19.0,14.0,9.0,0.0,0.0,0.0,0.0,0.0,0.47368421052631576,0.7368421052631579,0.0,tannin,0.9057840667620931
385.0413698,385.0411114,385.0412494,C15 H14 O12,15.0,14.0,12.0,0.0,0.0,0.0,0.0,0.0,0.8,0.9333333333333333,0.0,tannin,0.40210099121151677
385.0203336,385.0200752,385.02012,C18 H10 O10,18.0,10.0,10.0,0.0,0.0,0.0,0.0,0.0,0.5555555555555556,0.5555555555555556,0.0,tannin,0.7852026808231946
385.017945,385.0176866,385.0176181,C22 H10 O5 S1,22.0,10.0,5.0,1.0,0.0,0.0,0.0,0.0,0.22727272727272727,0.45454545454545453,0.0,pah,0.9202163343120914
384.1747458,384.1744884,384.1744962,C18 H28 O8 13C1,21.0,28.0,8.0,0.0,0.0,1.0,0.0,0.0,0.42105263157894735,1.4,0.0,lignin,0.904421323550609
384.1384746,384.1382172,384.1381107,C17 H24 O9 13C1,20.0,24.0,9.0,0.0,0.0,1.0,0.0,0.0,0.5,1.263157894736842,0.0,lignin,0.9072108863038346
384.1303573,384.1300999,384.1300048,C17 H23 O9 N1,17.0,23.0,9.0,0.0,1.0,0.0,0.0,0.0,0.5294117647058824,1.3529411764705883,0.058823529411764705,lignin,0.9069941448335903
384.1018379,384.1015806,384.1017251,C16 H20 O10 13C1,19.0,20.0,10.0,0.0,0.0,1.0,0.0,0.0,0.5882352941176471,1.1111111111111112,0.0,lignin,0.9091959772810185
384.0937555,384.0934981,384.0936193,C16 H19 O10 N1,16.0,19.0,10.0,0.0,1.0,0.0,0.0,0.0,0.625,1.1875,0.0625,lipid,0.544783181668221
384.0656982,384.0654409,384.0653396,C15 H16 O11 13C1,18.0,16.0,11.0,0.0,0.0,1.0,0.0,0.0,0.6875,0.9411764705882353,0.0,lignin,0.5595361590081958
383.207886,383.2076296,383.2075268,C20 H32 O7,20.0,32.0,7.0,0.0,0.0,0.0,0.0,0.0,0.35,1.6,0.0,lipid,0.8734027160372367
383.1712752,383.1710189,383.1711413,C19 H28 O8,19.0,28.0,8.0,0.0,0.0,0.0,0.0,0.0,0.42105263157894735,1.4736842105263157,0.0,lignin,0.8919840569856332
383.1350442,383.134788,383.1347558,C18 H24 O9,18.0,24.0,9.0,0.0,0.0,0.0,0.0,0.0,0.5,1.3333333333333333,0.0,lignin,0.9048093243903759
383.1140654,383.1138092,383.1136264,C21 H20 O7,21.0,20.0,7.0,0.0,0.0,0.0,0.0,0.0,0.3333333333333333,0.9523809523809523,0.0,lignin,0.8612051246316502
383.0987546,383.0984984,383.0983703,C17 H20 O10,17.0,20.0,10.0,0.0,0.0,0.0,0.0,0.0,0.5882352941176471,1.1764705882352942,0.0,lignin,0.9094805857231016
383.0808363,383.0805801,383.0806122,C17 H20 O8 S1,17.0,20.0,8.0,1.0,0.0,0.0,0.0,0.0,0.47058823529411764,1.1764705882352942,0.0,lignin,0.9102760748143137
383.0773929,383.0771367,383.0772409,C20 H16 O8,20.0,16.0,8.0,0.0,0.0,0.0,0.0,0.0,0.4,0.8,0.0,tannin,0.8975543269195552
383.0620795,383.0618234,383.0619848,C16 H16 O11,16.0,16.0,11.0,0.0,0.0,0.0,0.0,0.0,0.6875,1.0,0.0,lignin,0.560586685223148
383.0540383,383.0537821,383.0536096,C27 H12 O1 S1,27.0,12.0,1.0,1.0,0.0,0.0,0.0,0.0,0.037037037037037035,0.4444444444444444,0.0,pah,0.9204914308554702
383.041086,383.0408298,383.0408554,C19 H12 O9,19.0,12.0,9.0,0.0,0.0,0.0,0.0,0.0,0.47368421052631576,0.631578947368421,0.0,tannin,0.9314021726252877
383.0259911,383.025735,383.0255993,C15 H12 O12,15.0,12.0,12.0,0.0,0.0,0.0,0.0,0.0,0.8,0.8,0.0,lipid,0.5914282319538803
382.235118,382.2348627,382.2349884,C17 H38 O6 S1 13C1,20.0,38.0,6.0,1.0,0.0,1.0,0.0,0.0,0.3333333333333333,2.0,0.0,lipid,0.8215205188410775
382.235118,382.2348627,382.2347446,C19 H33 O5 N3,19.0,33.0,5.0,0.0,3.0,0.0,0.0,0.0,0.2631578947368421,1.736842105263158,0.15789473684210525,lipid,0.5549761994479685
382.1590807,382.1588256,382.1588461,C18 H26 O8 13C1,21.0,26.0,8.0,0.0,0.0,1.0,0.0,0.0,0.42105263157894735,1.3,0.0,lignin,0.9064792005694491
382.122602,382.1223469,382.1224606,C17 H22 O9 13C1,20.0,22.0,9.0,0.0,0.0,1.0,0.0,0.0,0.5,1.1578947368421053,0.0,lignin,0.9103818150416698
382.1145507,382.1142956,382.1143547,C17 H21 O9 N1,17.0,21.0,9.0,0.0,1.0,0.0,0.0,0.0,0.5294117647058824,1.2352941176470589,0.058823529411764705,lignin,0.8342542146207375
382.0864863,382.0862313,382.0860751,C16 H18 O10 13C1,19.0,18.0,10.0,0.0,0.0,1.0,0.0,0.0,0.5882352941176471,1.0,0.0,lignin,0.5719905714128191
382.0783417,382.0780867,382.0779692,C16 H17 O10 N1,16.0,17.0,10.0,0.0,1.0,0.0,0.0,0.0,0.625,1.0625,0.0625,lignin,0.3836548857259613
382.0498545,382.0495994,382.0496896,C15 H14 O11 13C1,18.0,14.0,11.0,0.0,0.0,1.0,0.0,0.0,0.6875,0.8235294117647058,0.0,tannin,0.9132952588966106
381.231841,381.2315869,381.2316336,C18 H38 O6 S1,18.0,38.0,6.0,1.0,0.0,0.0,0.0,0.0,0.3333333333333333,2.111111111111111,0.0,lipid,0.8167848820362622
381.1920876,381.1918335,381.1918768,C20 H30 O7,20.0,30.0,7.0,0.0,0.0,0.0,0.0,0.0,0.35,1.5,0.0,lignin,0.5945839810531574
381.1558756,381.1556216,381.1554913,C19 H26 O8,19.0,26.0,8.0,0.0,0.0,0.0,0.0,0.0,0.42105263157894735,1.368421052631579,0.0,lignin,0.905176301573421
381.1192212,381.1189673,381.1191058,C18 H22 O9,18.0,22.0,9.0,0.0,0.0,0.0,0.0,0.0,0.5,1.2222222222222223,0.0,lignin,0.907632127152801
381.0981025,381.0978485,381.0979764,C21 H18 O7,21.0,18.0,7.0,0.0,0.0,0.0,0.0,0.0,0.3333333333333333,0.8571428571428571,0.0,tannin,0.896261649959753
381.0941111,381.0938572,381.0939536,C16 H18 O9 N2,16.0,18.0,9.0,0.0,2.0,0.0,0.0,0.0,0.5625,1.125,0.125,peptide,0.723864853724764
381.0830229,381.082769,381.0827202,C17 H18 O10,17.0,18.0,10.0,0.0,0.0,0.0,0.0,0.0,0.5882352941176471,1.0588235294117647,0.0,lignin,0.8637941006898122
381.0619892,381.0617353,381.0615909,C20 H14 O8,20.0,14.0,8.0,0.0,0.0,0.0,0.0,0.0,0.4,0.7,0.0,tannin,0.8988954089208544
381.0467087,381.0464548,381.0463347,C16 H14 O11,16.0,14.0,11.0,0.0,0.0,0.0,0.0,0.0,0.6875,0.875,0.0,tannin,0.7964198681897802
381.0442276,381.0439738,381.0438328,C20 H14 O6 S1,20.0,14.0,6.0,1.0,0.0,0.0,0.0,0.0,0.3,0.7,0.0,tannin,0.8949302308388093
381.0253422,381.0250883,381.0252054,C19 H10 O9,19.0,10.0,9.0,0.0,0.0,0.0,0.0,0.0,0.47368421052631576,0.5263157894736842,0.0,tannin,0.7851361351374792
381.0100362,381.0097824,381.0099492,C15 H10 O12,15.0,10.0,12.0,0.0,0.0,0.0,0.0,0.0,0.8,0.6666666666666666,0.0,lipid,0.6823930826597383
381.0076555,381.0074016,381.0074473,C19 H10 O7 S1,19.0,10.0,7.0,1.0,0.0,0.0,0.0,0.0,0.3684210526315789,0.5263157894736842,0.0,tannin,0.7786796893667975
380.1797214,380.1794685,380.1795815,C19 H28 O7 13C1,22.0,28.0,7.0,0.0,0.0,1.0,0.0,0.0,0.35,1.3333333333333333,0.0,lignin,0.9067611860116827
380.1436038,380.143351,380.143196,C18 H24 O8 13C1,21.0,24.0,8.0,0.0,0.0,1.0,0.0,0.0,0.42105263157894735,1.2,0.0,lignin,0.9101075996191288
380.1069314,380.1066786,380.1068105,C17 H20 O9 13C1,20.0,20.0,9.0,0.0,0.0,1.0,0.0,0.0,0.5,1.0526315789473684,0.0,lignin,0.8640820078207734
380.0988038,380.098551,380.0987047,C17 H19 O9 N1,17.0,19.0,9.0,0.0,1.0,0.0,0.0,0.0,0.5294117647058824,1.1176470588235294,0.058823529411764705,lignin,0.5255298570045811
380.0707125,380.0704598,380.070425,C16 H16 O10 13C1,19.0,16.0,10.0,0.0,0.0,1.0,0.0,0.0,0.5882352941176471,0.8888888888888888,0.0,tannin,0.9027738333753528
379.2128299,379.2125781,379.2126122,C21 H32 O6,21.0,32.0,6.0,0.0,0.0,0.0,0.0,0.0,0.2857142857142857,1.5238095238095237,0.0,lipid,0.881906333726343
379.1763639,379.1761122,379.1762267,C20 H28 O7,20.0,28.0,7.0,0.0,0.0,0.0,0.0,0.0,0.35,1.4,0.0,lignin,0.9049079214014141
379.1402507,379.139999,379.1398412,C19 H24 O8,19.0,24.0,8.0,0.0,0.0,0.0,0.0,0.0,0.42105263157894735,1.263157894736842,0.0,lignin,0.9079217765975207
379.1149222,379.1146705,379.1146891,C17 H20 O8 N2,17.0,20.0,8.0,0.0,2.0,0.0,0.0,0.0,0.47058823529411764,1.1764705882352942,0.11764705882352941,peptide,0.6109315772934164
379.1035731,379.1033214,379.1034557,C18 H20 O9,18.0,20.0,9.0,0.0,0.0,0.0,0.0,0.0,0.5,1.1111111111111112,0.0,lignin,0.900105966221693
379.0980176,379.0977659,379.0975825,C25 H16 O4,25.0,16.0,4.0,0.0,0.0,0.0,0.0,0.0,0.16,0.64,0.0,pah,0.8892601268953564
379.0784593,379.0782076,379.0783036,C16 H16 O9 N2,16.0,16.0,9.0,0.0,2.0,0.0,0.0,0.0,0.5625,1.0,0.125,peptide,0.7747213169314018
379.067354,379.0671024,379.0670702,C17 H16 O10,17.0,16.0,10.0,0.0,0.0,0.0,0.0,0.0,0.5882352941176471,0.9411764705882353,0.0,lignin,0.5706486838974685
379.031063,379.0308114,379.0306847,C16 H12 O11,16.0,12.0,11.0,0.0,0.0,0.0,0.0,0.0,0.6875,0.75,0.0,tannin,0.9393866042494597
379.0286016,379.02835,379.0281827,C20 H12 O6 S1,20.0,12.0,6.0,1.0,0.0,0.0,0.0,0.0,0.3,0.6,0.0,tannin,0.9037404296694366
378.1641717,378.1639211,378.1639315,C19 H26 O7 13C1,22.0,26.0,7.0,0.0,0.0,1.0,0.0,0.0,0.35,1.2380952380952381,0.0,lignin,0.9073905050744557
378.1278979,378.1276474,378.127546,C18 H22 O8 13C1,21.0,22.0,8.0,0.0,0.0,1.0,0.0,0.0,0.42105263157894735,1.1,0.0,lignin,0.9017928443105905
378.0912627,378.0910121,378.0911605,C17 H18 O9 13C1,20.0,18.0,9.0,0.0,0.0,1.0,0.0,0.0,0.5,0.9473684210526315,0.0,lignin,0.5711280016357101
378.0831904,378.0829399,378.0830546,C17 H17 O9 N1,17.0,17.0,9.0,0.0,1.0,0.0,0.0,0.0,0.5294117647058824,1.0,0.058823529411764705,peptide,0.5460444982132715
378.0551267,378.0548762,378.0547749,C16 H14 O10 13C1,19.0,14.0,10.0,0.0,0.0,1.0,0.0,0.0,0.5882352941176471,0.7777777777777778,0.0,tannin,0.9140599669835078
377.1970645,377.196815,377.1969622,C21 H30 O6,21.0,30.0,6.0,0.0,0.0,0.0,0.0,0.0,0.2857142857142857,1.4285714285714286,0.0,lignin,0.7560461189897343
377.1609654,377.160716,377.1605766,C20 H26 O7,20.0,26.0,7.0,0.0,0.0,0.0,0.0,0.0,0.35,1.3,0.0,lignin,0.9069149063056425
377.1243808,377.1241314,377.1241911,C19 H22 O8,19.0,22.0,8.0,0.0,0.0,0.0,0.0,0.0,0.42105263157894735,1.1578947368421053,0.0,lignin,0.910141039373672
377.1009829,377.1007335,377.1005598,C26 H18 O1 S1,26.0,18.0,1.0,1.0,0.0,0.0,0.0,0.0,0.038461538461538464,0.6923076923076923,0.0,pah,0.9595145861472286
377.0991444,377.098895,377.099039,C17 H18 O8 N2,17.0,18.0,8.0,0.0,2.0,0.0,0.0,0.0,0.47058823529411764,1.0588235294117647,0.11764705882352941,peptide,0.7379446044681337
377.0913212,377.0910718,377.0911769,C15 H22 O9 S1,15.0,22.0,9.0,1.0,0.0,0.0,0.0,0.0,0.6,1.4666666666666666,0.0,lignin,0.8467455998510678
377.0879947,377.0877453,377.0878056,C18 H18 O9,18.0,18.0,9.0,0.0,0.0,0.0,0.0,0.0,0.5,1.0,0.0,lignin,0.8622091928559257
377.0728664,377.0726171,377.0725495,C14 H18 O12,14.0,18.0,12.0,0.0,0.0,0.0,0.0,0.0,0.8571428571428571,1.2857142857142858,0.0,lipid,0.3338969765252667
377.0518155,377.0515662,377.0514201,C17 H14 O10,17.0,14.0,10.0,0.0,0.0,0.0,0.0,0.0,0.5882352941176471,0.8235294117647058,0.0,tannin,0.9134389849604204
377.0151916,377.0149423,377.0150346,C16 H10 O11,16.0,10.0,11.0,0.0,0.0,0.0,0.0,0.0,0.6875,0.625,0.0,tannin,0.7953713026197815
377.0127938,377.0125446,377.0125327,C20 H10 O6 S1,20.0,10.0,6.0,1.0,0.0,0.0,0.0,0.0,0.3,0.5,0.0,tannin,0.5599383868139325
376.1485611,376.1483128,376.1482814,C19 H24 O7 13C1,22.0,24.0,7.0,0.0,0.0,1.0,0.0,0.0,0.35,1.1428571428571428,0.0,lignin,0.9097194212946025
376.1250845,376.1248362,376.1249194,C15 H23 O10 N1,15.0,23.0,10.0,0.0,1.0,0.0,0.0,0.0,0.6666666666666666,1.5333333333333334,0.06666666666666667,carbohydrate,0.8045526906724666
376.0758462,376.075598,376.0755104,C17 H16 O9 13C1,20.0,16.0,9.0,0.0,0.0,1.0,0.0,0.0,0.5,0.8421052631578947,0.0,tannin,0.9005812414117432
375.2756172,375.2753699,375.2752125,C20 H40 O6,20.0,40.0,6.0,0.0,0.0,0.0,0.0,0.0,0.3,2.0,0.0,lipid,0.8581196842574517
375.1816165,375.1813692,375.1813121,C21 H28 O6,21.0,28.0,6.0,0.0,0.0,0.0,0.0,0.0,0.2857142857142857,1.3333333333333333,0.0,lignin,0.9050529795805318
375.1450573,375.1448101,375.1449266,C20 H24 O7,20.0,24.0,7.0,0.0,0.0,0.0,0.0,0.0,0.35,1.2,0.0,lignin,0.9097032586524705
375.1298438,375.1295966,375.1296704,C16 H24 O10,16.0,24.0,10.0,0.0,0.0,0.0,0.0,0.0,0.625,1.5,0.0,lignin,0.8462249488025974
375.1088743,375.1086272,375.1085411,C19 H20 O8,19.0,20.0,8.0,0.0,0.0,0.0,0.0,0.0,0.42105263157894735,1.0526315789473684,0.0,lignin,0.8431078218854763
375.0936854,375.0934383,375.0932849,C15 H20 O11,15.0,20.0,11.0,0.0,0.0,0.0,0.0,0.0,0.7333333333333333,1.3333333333333333,0.0,lignin,0.4637862116719641
375.0758343,375.0755872,375.0755269,C15 H20 O9 S1,15.0,20.0,9.0,1.0,0.0,0.0,0.0,0.0,0.6,1.3333333333333333,0.0,lignin,0.8936649820506772
375.072453,375.0722059,375.0721556,C18 H16 O9,18.0,16.0,9.0,0.0,0.0,0.0,0.0,0.0,0.5,0.8888888888888888,0.0,tannin,0.9010105986532368
375.057036,375.056789,375.0568994,C14 H16 O12,14.0,16.0,12.0,0.0,0.0,0.0,0.0,0.0,0.8571428571428571,1.1428571428571428,0.0,amino_sugar,0.5180505981772036
375.0489518,375.0487047,375.0485243,C25 H12 O2 S1,25.0,12.0,2.0,1.0,0.0,0.0,0.0,0.0,0.08,0.48,0.0,pah,0.9206468780311251
375.035896,375.0356489,375.0357701,C17 H12 O10,17.0,12.0,10.0,0.0,0.0,0.0,0.0,0.0,0.5882352941176471,0.7058823529411765,0.0,tannin,0.9321712127926449
375.0334976,375.0332506,375.0332681,C21 H12 O5 S1,21.0,12.0,5.0,1.0,0.0,0.0,0.0,0.0,0.23809523809523808,0.5714285714285714,0.0,pah,0.8958747793543511
374.1096203,374.1093743,374.1092693,C15 H21 O10 N1,15.0,21.0,10.0,0.0,1.0,0.0,0.0,0.0,0.6666666666666666,1.4,0.06666666666666667,lipid,0.43998380109279445
374.0964157,374.0961697,374.0962458,C18 H18 O8 13C1,21.0,18.0,8.0,0.0,0.0,1.0,0.0,0.0,0.42105263157894735,0.9,0.0,tannin,0.8996697738684466
373.2021881,373.2019431,373.2020475,C22 H30 O5,22.0,30.0,5.0,0.0,0.0,0.0,0.0,0.0,0.22727272727272727,1.3636363636363635,0.0,lignin,0.754082587178339
373.1660439,373.165799,373.165662,C21 H26 O6,21.0,26.0,6.0,0.0,0.0,0.0,0.0,0.0,0.2857142857142857,1.2380952380952381,0.0,lignin,0.9047806902247162
373.1507249,373.15048,373.1504059,C17 H26 O9,17.0,26.0,9.0,0.0,0.0,0.0,0.0,0.0,0.5294117647058824,1.5294117647058822,0.0,lignin,0.702707084907302
373.1327864,373.1325415,373.1326478,C17 H26 O7 S1,17.0,26.0,7.0,1.0,0.0,0.0,0.0,0.0,0.4117647058823529,1.5294117647058822,0.0,lignin,0.745037351855644
373.1293877,373.1291428,373.1292765,C20 H22 O7,20.0,22.0,7.0,0.0,0.0,0.0,0.0,0.0,0.35,1.1,0.0,lignin,0.8992490943848818
373.114149,373.1139041,373.1140204,C16 H22 O10,16.0,22.0,10.0,0.0,0.0,0.0,0.0,0.0,0.625,1.375,0.0,lignin,0.896524507217566
373.0965138,373.096269,373.0962623,C16 H22 O8 S1,16.0,22.0,8.0,1.0,0.0,0.0,0.0,0.0,0.5,1.375,0.0,lignin,0.905779140744524
373.0931908,373.092946,373.092891,C19 H18 O8,19.0,18.0,8.0,0.0,0.0,0.0,0.0,0.0,0.42105263157894735,0.9473684210526315,0.0,lignin,0.5705680143447692
373.0780208,373.0777759,373.0776349,C15 H18 O11,15.0,18.0,11.0,0.0,0.0,0.0,0.0,0.0,0.7333333333333333,1.2,0.0,lignin,0.8921905550617453
373.0568066,373.0565618,373.0565055,C18 H14 O9,18.0,14.0,9.0,0.0,0.0,0.0,0.0,0.0,0.5,0.7777777777777778,0.0,tannin,0.8980804937586327
373.0414499,373.0412051,373.0412494,C14 H14 O12,14.0,14.0,12.0,0.0,0.0,0.0,0.0,0.0,0.8571428571428571,1.0,0.0,lignin,0.6248972457815272
373.0202694,373.0200246,373.02012,C17 H10 O10,17.0,10.0,10.0,0.0,0.0,0.0,0.0,0.0,0.5882352941176471,0.5882352941176471,0.0,tannin,0.7892401887569054
373.0178648,373.01762,373.0176181,C21 H10 O5 S1,21.0,10.0,5.0,1.0,0.0,0.0,0.0,0.0,0.23809523809523808,0.47619047619047616,0.0,pah,0.9202425246381415
372.1384253,372.1381816,372.1381107,C16 H24 O9 13C1,19.0,24.0,9.0,0.0,0.0,1.0,0.0,0.0,0.5294117647058824,1.3333333333333333,0.0,lignin,0.9062498173832033
372.1303672,372.1301234,372.1300048,C16 H23 O9 N1,16.0,23.0,9.0,0.0,1.0,0.0,0.0,0.0,0.5625,1.4375,0.0625,lipid,0.5993877444261544
372.1019875,372.1017438,372.1017251,C15 H20 O10 13C1,18.0,20.0,10.0,0.0,0.0,1.0,0.0,0.0,0.625,1.1764705882352942,0.0,lignin,0.9295606606976767
372.0938635,372.0936198,372.0936193,C15 H19 O10 N1,15.0,19.0,10.0,0.0,1.0,0.0,0.0,0.0,0.6666666666666666,1.2666666666666666,0.06666666666666667,lignin,0.5214899517084682
372.0654631,372.0652194,372.0653396,C14 H16 O11 13C1,17.0,16.0,11.0,0.0,0.0,1.0,0.0,0.0,0.7333333333333333,1.0,0.0,lignin,0.6148295556155207
372.057423,372.0571793,372.0572338,C14 H15 O11 N1,14.0,15.0,11.0,0.0,1.0,0.0,0.0,0.0,0.7857142857142857,1.0714285714285714,0.07142857142857142,amino_sugar,0.3472676124139536
371.1714925,371.1712498,371.1711413,C18 H28 O8,18.0,28.0,8.0,0.0,0.0,0.0,0.0,0.0,0.4444444444444444,1.5555555555555556,0.0,lignin,0.5963779923899516
371.1502742,371.1500315,371.150012,C21 H24 O6,21.0,24.0,6.0,0.0,0.0,0.0,0.0,0.0,0.2857142857142857,1.1428571428571428,0.0,lignin,0.9084836782648382
371.1349026,371.13466,371.1347558,C17 H24 O9,17.0,24.0,9.0,0.0,0.0,0.0,0.0,0.0,0.5294117647058824,1.411764705882353,0.0,lignin,0.8930029104697791
371.1171432,371.1169006,371.1169978,C17 H24 O7 S1,17.0,24.0,7.0,1.0,0.0,0.0,0.0,0.0,0.4117647058823529,1.411764705882353,0.0,lignin,0.9042855901352711
371.1137649,371.1135223,371.1136264,C20 H20 O7,20.0,20.0,7.0,0.0,0.0,0.0,0.0,0.0,0.35,1.0,0.0,lignin,0.8626788596194856
371.0986421,371.0983995,371.0983703,C16 H20 O10,16.0,20.0,10.0,0.0,0.0,0.0,0.0,0.0,0.625,1.25,0.0,lignin,0.9073600295417135
371.08103,371.0807874,371.0806122,C16 H20 O8 S1,16.0,20.0,8.0,1.0,0.0,0.0,0.0,0.0,0.5,1.25,0.0,lignin,0.9072747772658069
371.0776075,371.077365,371.0772409,C19 H16 O8,19.0,16.0,8.0,0.0,0.0,0.0,0.0,0.0,0.42105263157894735,0.8421052631578947,0.0,tannin,0.8964873107151405
371.0622999,371.0620573,371.0619848,C15 H16 O11,15.0,16.0,11.0,0.0,0.0,0.0,0.0,0.0,0.7333333333333333,1.0666666666666667,0.0,lignin,0.7280624023960891
371.0409763,371.0407338,371.0408554,C18 H12 O9,18.0,12.0,9.0,0.0,0.0,0.0,0.0,0.0,0.5,0.6666666666666666,0.0,tannin,0.9309895338802365
371.0385241,371.0382816,371.0383535,C22 H12 O4 S1,22.0,12.0,4.0,1.0,0.0,0.0,0.0,0.0,0.18181818181818182,0.5454545454545454,0.0,pah,0.920599714547466
371.0257273,371.0254848,371.0255993,C14 H12 O12,14.0,12.0,12.0,0.0,0.0,0.0,0.0,0.0,0.8571428571428571,0.8571428571428571,0.0,lipid,0.4491987994006738
370.1591807,370.1589392,370.1588461,C17 H26 O8 13C1,20.0,26.0,8.0,0.0,0.0,1.0,0.0,0.0,0.4444444444444444,1.368421052631579,0.0,lignin,0.9048387756662144
370.1227218,370.1224803,370.1224606,C16 H22 O9 13C1,19.0,22.0,9.0,0.0,0.0,1.0,0.0,0.0,0.5294117647058824,1.2222222222222223,0.0,lignin,0.9075751331588451
370.1145398,370.1142983,370.1143547,C16 H21 O9 N1,16.0,21.0,9.0,0.0,1.0,0.0,0.0,0.0,0.5625,1.3125,0.0625,lignin,0.5275724232728359
370.0862174,370.0859759,370.0860751,C15 H18 O10 13C1,18.0,18.0,10.0,0.0,0.0,1.0,0.0,0.0,0.625,1.0588235294117647,0.0,lignin,0.6811936861073999
370.078173,370.0779316,370.0779692,C15 H17 O10 N1,15.0,17.0,10.0,0.0,1.0,0.0,0.0,0.0,0.6666666666666666,1.1333333333333333,0.06666666666666667,lignin,0.5444375292999905
370.0500712,370.0498297,370.0496896,C14 H14 O11 13C1,17.0,14.0,11.0,0.0,0.0,1.0,0.0,0.0,0.7333333333333333,0.875,0.0,tannin,0.7961425177449094
369.1921,369.1918595,369.1918768,C19 H30 O7,19.0,30.0,7.0,0.0,0.0,0.0,0.0,0.0,0.3684210526315789,1.5789473684210527,0.0,lipid,0.8725736194294091
369.1556521,369.1554117,369.1554913,C18 H26 O8,18.0,26.0,8.0,0.0,0.0,0.0,0.0,0.0,0.4444444444444444,1.4444444444444444,0.0,lignin,0.8922554146955879
369.1194756,369.1192352,369.1191058,C17 H22 O9,17.0,22.0,9.0,0.0,0.0,0.0,0.0,0.0,0.5294117647058824,1.2941176470588236,0.0,lignin,0.905621640687506
369.098217,369.0979767,369.0979764,C20 H18 O7,20.0,18.0,7.0,0.0,0.0,0.0,0.0,0.0,0.35,0.9,0.0,tannin,0.8998544307349532
369.0941556,369.0939152,369.0939536,C15 H18 O9 N2,15.0,18.0,9.0,0.0,2.0,0.0,0.0,0.0,0.6,1.2,0.13333333333333333,peptide,0.5744897844419021
369.0828518,369.0826115,369.0827202,C16 H18 O10,16.0,18.0,10.0,0.0,0.0,0.0,0.0,0.0,0.625,1.125,0.0,lignin,0.9300770428261774
369.0747627,369.0745224,369.0743451,C27 H14 S1,27.0,14.0,0.0,1.0,0.0,0.0,0.0,0.0,0.0,0.5185185185185185,0.0,pah,0.9187117002439322
369.0651018,369.0648615,369.0649622,C16 H18 O8 S1,16.0,18.0,8.0,1.0,0.0,0.0,0.0,0.0,0.5,1.125,0.0,lignin,0.9285524243497052
369.0617223,369.061482,369.0615909,C19 H14 O8,19.0,14.0,8.0,0.0,0.0,0.0,0.0,0.0,0.42105263157894735,0.7368421052631579,0.0,tannin,0.8952309138216586
369.0466499,369.0464096,369.0463347,C15 H14 O11,15.0,14.0,11.0,0.0,0.0,0.0,0.0,0.0,0.7333333333333333,0.9333333333333333,0.0,tannin,0.7954529230190037
369.0255914,369.0253511,369.0252054,C18 H10 O9,18.0,10.0,9.0,0.0,0.0,0.0,0.0,0.0,0.5,0.5555555555555556,0.0,tannin,0.7853761488392349
368.1798718,368.1796325,368.1795815,C18 H28 O7 13C1,21.0,28.0,7.0,0.0,0.0,1.0,0.0,0.0,0.3684210526315789,1.4,0.0,lignin,0.9050113796625796
368.143311,368.1430717,368.143196,C17 H24 O8 13C1,20.0,24.0,8.0,0.0,0.0,1.0,0.0,0.0,0.4444444444444444,1.263157894736842,0.0,lignin,0.9069609907003369
368.1352804,368.1350411,368.1350902,C17 H23 O8 N1,17.0,23.0,8.0,0.0,1.0,0.0,0.0,0.0,0.47058823529411764,1.3529411764705883,0.058823529411764705,lignin,0.9051773440028544
368.1071882,368.1069489,368.1068105,C16 H20 O9 13C1,19.0,20.0,9.0,0.0,0.0,1.0,0.0,0.0,0.5294117647058824,1.1111111111111112,0.0,lignin,0.8963966815290659
368.0990545,368.0988153,368.0987047,C16 H19 O9 N1,16.0,19.0,9.0,0.0,1.0,0.0,0.0,0.0,0.5625,1.1875,0.0625,lignin,0.527022462313485
368.0705337,368.0702945,368.070425,C15 H16 O10 13C1,18.0,16.0,10.0,0.0,0.0,1.0,0.0,0.0,0.625,0.9411764705882353,0.0,lignin,0.5595535836472085
368.0624429,368.0622037,368.0623192,C15 H15 O10 N1,15.0,15.0,10.0,0.0,1.0,0.0,0.0,0.0,0.6666666666666666,1.0,0.06666666666666667,lipid,0.36823394955696204
367.242792,367.2425537,367.2424731,C20 H36 O2 S1 N2,20.0,36.0,2.0,1.0,2.0,0.0,0.0,0.0,0.1,1.8,0.1,lipid,0.7284710575634855
367.2313587,367.2311205,367.2312397,C21 H36 O3 S1,21.0,36.0,3.0,1.0,0.0,0.0,0.0,0.0,0.14285714285714285,1.7142857142857142,0.0,lipid,0.882238702749423
367.2128712,367.212633,367.2126122,C20 H32 O6,20.0,32.0,6.0,0.0,0.0,0.0,0.0,0.0,0.3,1.6,0.0,lipid,0.8758476162665833
367.1765091,367.1762709,367.1762267,C19 H28 O7,19.0,28.0,7.0,0.0,0.0,0.0,0.0,0.0,0.3684210526315789,1.4736842105263157,0.0,lignin,0.8936668622522268
367.1399867,367.1397486,367.1398412,C18 H24 O8,18.0,24.0,8.0,0.0,0.0,0.0,0.0,0.0,0.4444444444444444,1.3333333333333333,0.0,lignin,0.9057776472906076
367.1150069,367.1147688,367.1146891,C16 H20 O8 N2,16.0,20.0,8.0,0.0,2.0,0.0,0.0,0.0,0.5,1.25,0.125,peptide,0.5160534476343
367.1038258,367.1035877,367.1034557,C17 H20 O9,17.0,20.0,9.0,0.0,0.0,0.0,0.0,0.0,0.5294117647058824,1.1764705882352942,0.0,lignin,0.9092832314002013
367.0825982,367.0823602,367.0823263,C20 H16 O7,20.0,16.0,7.0,0.0,0.0,0.0,0.0,0.0,0.35,0.8,0.0,tannin,0.8935234530323994
367.0785366,367.0782986,367.0783036,C15 H16 O9 N2,15.0,16.0,9.0,0.0,2.0,0.0,0.0,0.0,0.6,1.0666666666666667,0.13333333333333333,peptide,0.6837553762671051
367.0672225,367.0669845,367.0670702,C16 H16 O10,16.0,16.0,10.0,0.0,0.0,0.0,0.0,0.0,0.625,1.0,0.0,lignin,0.5736062471348455
367.0591104,367.0588723,367.058695,C27 H12 S1,27.0,12.0,0.0,1.0,0.0,0.0,0.0,0.0,0.0,0.4444444444444444,0.0,pah,0.9183514803186841
367.0460868,367.0458488,367.0459408,C19 H12 O8,19.0,12.0,8.0,0.0,0.0,0.0,0.0,0.0,0.42105263157894735,0.631578947368421,0.0,tannin,0.9275846447676248
367.0309271,367.030689,367.0306847,C15 H12 O11,15.0,12.0,11.0,0.0,0.0,0.0,0.0,0.0,0.7333333333333333,0.8,0.0,tannin,0.8003223614234406
367.0285328,367.0282948,367.0281827,C19 H12 O6 S1,19.0,12.0,6.0,1.0,0.0,0.0,0.0,0.0,0.3157894736842105,0.631578947368421,0.0,tannin,0.9163871061928963
366.2499248,366.2496876,366.249726,C17 H37 O7 N1,17.0,37.0,7.0,0.0,1.0,0.0,0.0,0.0,0.4117647058823529,2.176470588235294,0.058823529411764705,amino_sugar,0.7635748973183227
366.1640713,366.1638343,366.1639315,C18 H26 O7 13C1,21.0,26.0,7.0,0.0,0.0,1.0,0.0,0.0,0.3684210526315789,1.3,0.0,lignin,0.9071627573729802
366.1277976,366.1275606,366.127546,C17 H22 O8 13C1,20.0,22.0,8.0,0.0,0.0,1.0,0.0,0.0,0.4444444444444444,1.1578947368421053,0.0,lignin,0.9102703631428801
366.1197506,366.1195136,366.1194401,C17 H21 O8 N1,17.0,21.0,8.0,0.0,1.0,0.0,0.0,0.0,0.47058823529411764,1.2352941176470589,0.058823529411764705,lignin,0.5230308821298448
366.0914819,366.0912449,366.0911605,C16 H18 O9 13C1,19.0,18.0,9.0,0.0,0.0,1.0,0.0,0.0,0.5294117647058824,1.0,0.0,lignin,0.5721229164287924
366.0833089,366.0830719,366.0830546,C16 H17 O9 N1,16.0,17.0,9.0,0.0,1.0,0.0,0.0,0.0,0.5625,1.0625,0.0625,peptide,0.4923859983393955
366.0548976,366.0546607,366.0547749,C15 H14 O10 13C1,18.0,14.0,10.0,0.0,0.0,1.0,0.0,0.0,0.625,0.8235294117647058,0.0,tannin,0.91349229629229
366.0468258,366.0465889,366.0466691,C15 H13 O10 N1,15.0,13.0,10.0,0.0,1.0,0.0,0.0,0.0,0.6666666666666666,0.8666666666666667,0.06666666666666667,tannin,0.9606200421805055
365.1972702,365.1970343,365.1969622,C20 H30 O6,20.0,30.0,6.0,0.0,0.0,0.0,0.0,0.0,0.3,1.5,0.0,lipid,0.7234556675214368
365.1607062,365.1604703,365.1605766,C19 H26 O7,19.0,26.0,7.0,0.0,0.0,0.0,0.0,0.0,0.3684210526315789,1.368421052631579,0.0,lignin,0.9053261018480088
365.1245326,365.1242967,365.1241911,C18 H22 O8,18.0,22.0,8.0,0.0,0.0,0.0,0.0,0.0,0.4444444444444444,1.2222222222222223,0.0,lignin,0.9083751468893386
365.0993097,365.0990739,365.099039,C16 H18 O8 N2,16.0,18.0,8.0,0.0,2.0,0.0,0.0,0.0,0.5,1.125,0.125,peptide,0.7245212993744017
365.0880127,365.0877769,365.0878056,C17 H18 O9,17.0,18.0,9.0,0.0,0.0,0.0,0.0,0.0,0.5294117647058824,1.0588235294117647,0.0,lignin,0.8640958225696611
365.0667777,365.0665419,365.0666763,C20 H14 O7,20.0,14.0,7.0,0.0,0.0,0.0,0.0,0.0,0.35,0.7,0.0,tannin,0.8951721461769122
365.0627737,365.0625379,365.0626535,C15 H14 O9 N2,15.0,14.0,9.0,0.0,2.0,0.0,0.0,0.0,0.6,0.9333333333333333,0.13333333333333333,peptide,0.789355860858348
365.0515949,365.0513591,365.0514201,C16 H14 O10,16.0,14.0,10.0,0.0,0.0,0.0,0.0,0.0,0.625,0.875,0.0,tannin,0.9128804413912356
365.0491948,365.048959,365.0489182,C20 H14 O5 S1,20.0,14.0,5.0,1.0,0.0,0.0,0.0,0.0,0.25,0.7,0.0,tannin,0.731278571635037
365.0154182,365.0151824,365.0150346,C15 H10 O11,15.0,10.0,11.0,0.0,0.0,0.0,0.0,0.0,0.7333333333333333,0.6666666666666666,0.0,lipid,0.5152253481363984
364.1847776,364.1845428,364.1846669,C19 H28 O6 13C1,22.0,28.0,6.0,0.0,0.0,1.0,0.0,0.0,0.3,1.3333333333333333,0.0,lignin,0.9057065833312782
364.1485706,364.1483358,364.1482814,C18 H24 O7 13C1,21.0,24.0,7.0,0.0,0.0,1.0,0.0,0.0,0.3684210526315789,1.2,0.0,lignin,0.9098603262149926
364.1121209,364.1118861,364.1118959,C17 H20 O8 13C1,20.0,20.0,8.0,0.0,0.0,1.0,0.0,0.0,0.4444444444444444,1.0526315789473684,0.0,lignin,0.8428663445670391
364.1039328,364.103698,364.10379,C17 H19 O8 N1,17.0,19.0,8.0,0.0,1.0,0.0,0.0,0.0,0.47058823529411764,1.1176470588235294,0.058823529411764705,lignin,0.5247327183000031
364.0756955,364.0754608,364.0755104,C16 H16 O9 13C1,19.0,16.0,9.0,0.0,0.0,1.0,0.0,0.0,0.5294117647058824,0.8888888888888888,0.0,tannin,0.9010243506947587
364.067685,364.0674503,364.0674045,C16 H15 O9 N1,16.0,15.0,9.0,0.0,1.0,0.0,0.0,0.0,0.5625,0.9375,0.0625,tannin,0.49294026170717065
363.1815581,363.1813244,363.1813121,C20 H28 O6,20.0,28.0,6.0,0.0,0.0,0.0,0.0,0.0,0.3,1.4,0.0,lignin,0.9054685104013567
363.1452179,363.1449842,363.1449266,C19 H24 O7,19.0,24.0,7.0,0.0,0.0,0.0,0.0,0.0,0.3684210526315789,1.263157894736842,0.0,lignin,0.9073646511131515
363.112025,363.1117913,363.1119124,C15 H24 O8 S1,15.0,24.0,8.0,1.0,0.0,0.0,0.0,0.0,0.5333333333333333,1.6,0.0,lignin,0.386264400995546
363.1086665,363.1084329,363.1085411,C18 H20 O8,18.0,20.0,8.0,0.0,0.0,0.0,0.0,0.0,0.4444444444444444,1.1111111111111112,0.0,lignin,0.9127941932704609
363.0837151,363.0834816,363.0833889,C16 H16 O8 N2,16.0,16.0,8.0,0.0,2.0,0.0,0.0,0.0,0.5,1.0,0.125,peptide,0.8306297121932408
363.0725159,363.0722824,363.0721556,C17 H16 O9,17.0,16.0,9.0,0.0,0.0,0.0,0.0,0.0,0.5294117647058824,0.9411764705882353,0.0,lignin,0.5708356317150802
363.0572541,363.0570206,363.0568994,C13 H16 O12,13.0,16.0,12.0,0.0,0.0,0.0,0.0,0.0,0.9230769230769231,1.2307692307692308,0.0,amino_sugar,0.48961349744745214
363.0358822,363.0356487,363.0357701,C16 H12 O10,16.0,12.0,10.0,0.0,0.0,0.0,0.0,0.0,0.625,0.75,0.0,tannin,0.932080687480776
363.033474,363.0332404,363.0332681,C20 H12 O5 S1,20.0,12.0,5.0,1.0,0.0,0.0,0.0,0.0,0.25,0.6,0.0,tannin,0.536824682054589
362.1691778,362.1689453,362.1690169,C19 H26 O6 13C1,22.0,26.0,6.0,0.0,0.0,1.0,0.0,0.0,0.3,1.2380952380952381,0.0,lignin,0.9054827862056826
362.1328427,362.1326102,362.1326313,C18 H22 O7 13C1,21.0,22.0,7.0,0.0,0.0,1.0,0.0,0.0,0.3684210526315789,1.1,0.0,lignin,0.9015607836866861
362.0965577,362.0963253,362.0962458,C17 H18 O8 13C1,20.0,18.0,8.0,0.0,0.0,1.0,0.0,0.0,0.4444444444444444,0.9473684210526315,0.0,lignin,0.5705193418458979
362.05999,362.0597575,362.0598603,C16 H14 O9 13C1,19.0,14.0,9.0,0.0,0.0,1.0,0.0,0.0,0.5294117647058824,0.7777777777777778,0.0,tannin,0.9113987718685646
362.0519355,362.0517031,362.0517545,C16 H13 O9 N1,16.0,13.0,9.0,0.0,1.0,0.0,0.0,0.0,0.5625,0.8125,0.0625,tannin,0.9378653200744809
361.1659432,361.1657118,361.165662,C20 H26 O6,20.0,26.0,6.0,0.0,0.0,0.0,0.0,0.0,0.3,1.3,0.0,lignin,0.9056235161112658
361.1295264,361.129295,361.1292765,C19 H22 O7,19.0,22.0,7.0,0.0,0.0,0.0,0.0,0.0,0.3684210526315789,1.1578947368421053,0.0,lignin,0.9098266454155203
361.114115,361.1138836,361.1140204,C15 H22 O10,15.0,22.0,10.0,0.0,0.0,0.0,0.0,0.0,0.6666666666666666,1.4666666666666666,0.0,lignin,0.46386556843519944
361.1060473,361.1058159,361.1056452,C26 H18 S1,26.0,18.0,0.0,1.0,0.0,0.0,0.0,0.0,0.0,0.6923076923076923,0.0,pah,0.9574785147088851
361.1042216,361.1039902,361.1041244,C17 H18 O7 N2,17.0,18.0,7.0,0.0,2.0,0.0,0.0,0.0,0.4117647058823529,1.0588235294117647,0.11764705882352941,peptide,0.7389343623983985
361.0963824,361.096151,361.0962623,C15 H22 O8 S1,15.0,22.0,8.0,1.0,0.0,0.0,0.0,0.0,0.5333333333333333,1.4666666666666666,0.0,lignin,0.8465132678354429
361.0930374,361.0928061,361.092891,C18 H18 O8,18.0,18.0,8.0,0.0,0.0,0.0,0.0,0.0,0.4444444444444444,1.0,0.0,lignin,0.86258532906336
361.0779729,361.0777416,361.0776349,C14 H18 O11,14.0,18.0,11.0,0.0,0.0,0.0,0.0,0.0,0.7857142857142857,1.2857142857142858,0.0,lignin,0.4034755293897471
361.0568574,361.0566261,361.0565055,C17 H14 O9,17.0,14.0,9.0,0.0,0.0,0.0,0.0,0.0,0.5294117647058824,0.8235294117647058,0.0,tannin,0.9012477123443036
361.0414329,361.0412016,361.0412494,C13 H14 O12,13.0,14.0,12.0,0.0,0.0,0.0,0.0,0.0,0.9230769230769231,1.0769230769230769,0.0,amino_sugar,0.5816954766121988
361.0202261,361.0199948,361.02012,C16 H10 O10,16.0,10.0,10.0,0.0,0.0,0.0,0.0,0.0,0.625,0.625,0.0,tannin,0.7895637956489985
361.0178241,361.0175928,361.0176181,C20 H10 O5 S1,20.0,10.0,5.0,1.0,0.0,0.0,0.0,0.0,0.25,0.5,0.0,pah,0.703909364969129
360.1534871,360.1532568,360.1533668,C19 H24 O6 13C1,22.0,24.0,6.0,0.0,0.0,1.0,0.0,0.0,0.3,1.1428571428571428,0.0,lignin,0.9085936227593431
360.1302997,360.1300695,360.1300048,C15 H23 O9 N1,15.0,23.0,9.0,0.0,1.0,0.0,0.0,0.0,0.6,1.5333333333333334,0.06666666666666667,lipid,0.5785763426627153
360.1173402,360.1171099,360.1169813,C18 H20 O7 13C1,21.0,20.0,7.0,0.0,0.0,1.0,0.0,0.0,0.3684210526315789,1.0,0.0,lignin,0.8624827683089211
360.0938908,360.0936605,360.0936193,C14 H19 O10 N1,14.0,19.0,10.0,0.0,1.0,0.0,0.0,0.0,0.7142857142857143,1.3571428571428572,0.07142857142857142,amino_sugar,0.42419918493679853
360.0725732,360.072343,360.0724899,C17 H15 O8 N1,17.0,15.0,8.0,0.0,1.0,0.0,0.0,0.0,0.47058823529411764,0.8823529411764706,0.058823529411764705,tannin,0.9324830600187871
360.0654003,360.0651701,360.0653396,C13 H16 O11 13C1,16.0,16.0,11.0,0.0,0.0,1.0,0.0,0.0,0.7857142857142857,1.0666666666666667,0.0,lignin,0.7444432558548559
359.1501881,359.1499589,359.150012,C20 H24 O6,20.0,24.0,6.0,0.0,0.0,0.0,0.0,0.0,0.3,1.2,0.0,lignin,0.9085699678247687
359.1348766,359.1346475,359.1347558,C16 H24 O9,16.0,24.0,9.0,0.0,0.0,0.0,0.0,0.0,0.5625,1.5,0.0,lignin,0.8256589503663104
359.1171947,359.1169655,359.1169978,C16 H24 O7 S1,16.0,24.0,7.0,1.0,0.0,0.0,0.0,0.0,0.4375,1.5,0.0,lignin,0.8930106833358897
359.1138448,359.1136157,359.1136264,C19 H20 O7,19.0,20.0,7.0,0.0,0.0,0.0,0.0,0.0,0.3684210526315789,1.0526315789473684,0.0,lignin,0.8431606889116539
359.0987015,359.0984724,359.0983703,C15 H20 O10,15.0,20.0,10.0,0.0,0.0,0.0,0.0,0.0,0.6666666666666666,1.3333333333333333,0.0,lignin,0.9138029074417465
359.0809228,359.0806936,359.0806122,C15 H20 O8 S1,15.0,20.0,8.0,1.0,0.0,0.0,0.0,0.0,0.5333333333333333,1.3333333333333333,0.0,lignin,0.906384518569334
359.0775647,359.0773356,359.0772409,C18 H16 O8,18.0,16.0,8.0,0.0,0.0,0.0,0.0,0.0,0.4444444444444444,0.8888888888888888,0.0,tannin,0.8995956910137043
359.0622033,359.0619742,359.0619848,C14 H16 O11,14.0,16.0,11.0,0.0,0.0,0.0,0.0,0.0,0.7857142857142857,1.1428571428571428,0.0,lignin,0.7427154804974462
359.0409582,359.0407291,359.0408554,C17 H12 O9,17.0,12.0,9.0,0.0,0.0,0.0,0.0,0.0,0.5294117647058824,0.7058823529411765,0.0,tannin,0.9063807766930717
359.0385621,359.038333,359.0383535,C21 H12 O4 S1,21.0,12.0,4.0,1.0,0.0,0.0,0.0,0.0,0.19047619047619047,0.5714285714285714,0.0,pah,0.920677223610236
359.0257939,359.0255648,359.0255993,C13 H12 O12,13.0,12.0,12.0,0.0,0.0,0.0,0.0,0.0,0.9230769230769231,0.9230769230769231,0.0,lipid,0.48218153604842745
358.1225863,358.1223582,358.1224606,C15 H22 O9 13C1,18.0,22.0,9.0,0.0,0.0,1.0,0.0,0.0,0.5625,1.2941176470588236,0.0,lignin,0.9070374168728982
358.114484,358.114256,358.1143547,C15 H21 O9 N1,15.0,21.0,9.0,0.0,1.0,0.0,0.0,0.0,0.6,1.4,0.06666666666666667,lipid,0.6048921763150764
358.1014601,358.1012321,358.1013312,C18 H18 O7 13C1,21.0,18.0,7.0,0.0,0.0,1.0,0.0,0.0,0.3684210526315789,0.9,0.0,tannin,0.8997873280752865
358.0863617,358.0861337,358.0860751,C14 H18 O10 13C1,17.0,18.0,10.0,0.0,0.0,1.0,0.0,0.0,0.6666666666666666,1.125,0.0,lignin,0.931742686116255
358.0783305,358.0781025,358.0779692,C14 H17 O10 N1,14.0,17.0,10.0,0.0,1.0,0.0,0.0,0.0,0.7142857142857143,1.2142857142857142,0.07142857142857142,amino_sugar,0.5987357089817776
358.0499144,358.0496865,358.0496896,C13 H14 O11 13C1,16.0,14.0,11.0,0.0,0.0,1.0,0.0,0.0,0.7857142857142857,0.9333333333333333,0.0,tannin,0.6273599609988159
357.1919886,357.1917616,357.1918768,C18 H30 O7,18.0,30.0,7.0,0.0,0.0,0.0,0.0,0.0,0.3888888888888889,1.6666666666666667,0.0,lipid,0.8728175471685369
357.170894,357.170667,357.1707474,C21 H26 O5,21.0,26.0,5.0,0.0,0.0,0.0,0.0,0.0,0.23809523809523808,1.2380952380952381,0.0,lignin,0.9023653079236856
357.1558309,357.155604,357.1554913,C17 H26 O8,17.0,26.0,8.0,0.0,0.0,0.0,0.0,0.0,0.47058823529411764,1.5294117647058822,0.0,lignin,0.7446981355264815
357.1346833,357.1344564,357.1343619,C20 H22 O6,20.0,22.0,6.0,0.0,0.0,0.0,0.0,0.0,0.3,1.1,0.0,lignin,0.870277587992341
357.1192548,357.1190278,357.1191058,C16 H22 O9,16.0,22.0,9.0,0.0,0.0,0.0,0.0,0.0,0.5625,1.375,0.0,lignin,0.8933037752888694
357.1014587,357.1012318,357.1013477,C16 H22 O7 S1,16.0,22.0,7.0,1.0,0.0,0.0,0.0,0.0,0.4375,1.375,0.0,lignin,0.9047628663610073
357.0980791,357.0978522,357.0979764,C19 H18 O7,19.0,18.0,7.0,0.0,0.0,0.0,0.0,0.0,0.3684210526315789,0.9473684210526315,0.0,lignin,0.8607291465158233
357.0829772,357.0827504,357.0827202,C15 H18 O10,15.0,18.0,10.0,0.0,0.0,0.0,0.0,0.0,0.6666666666666666,1.2,0.0,lignin,0.927960665960794
357.0653061,357.0650793,357.0649622,C15 H18 O8 S1,15.0,18.0,8.0,1.0,0.0,0.0,0.0,0.0,0.5333333333333333,1.2,0.0,lignin,0.9091289867108088
357.0619424,357.0617156,357.0615909,C18 H14 O8,18.0,14.0,8.0,0.0,0.0,0.0,0.0,0.0,0.4444444444444444,0.7777777777777778,0.0,tannin,0.8980848472569767
357.0466219,357.0463951,357.0463347,C14 H14 O11,14.0,14.0,11.0,0.0,0.0,0.0,0.0,0.0,0.7857142857142857,1.0,0.0,lignin,0.6434934575540991
357.0253213,357.0250945,357.0252054,C17 H10 O9,17.0,10.0,9.0,0.0,0.0,0.0,0.0,0.0,0.5294117647058824,0.5882352941176471,0.0,tannin,0.7894314714327674
357.0228783,357.0226514,357.0227034,C21 H10 O4 S1,21.0,10.0,4.0,1.0,0.0,0.0,0.0,0.0,0.19047619047619047,0.47619047619047616,0.0,pah,0.920350830559569
356.1435533,356.1433275,356.143196,C16 H24 O8 13C1,19.0,24.0,8.0,0.0,0.0,1.0,0.0,0.0,0.47058823529411764,1.3333333333333333,0.0,lignin,0.9054038071855647
356.106911,356.1066852,356.1068105,C15 H20 O9 13C1,18.0,20.0,9.0,0.0,0.0,1.0,0.0,0.0,0.5625,1.1764705882352942,0.0,lignin,0.9092430791249327
356.0988066,356.0985809,356.0987047,C15 H19 O9 N1,15.0,19.0,9.0,0.0,1.0,0.0,0.0,0.0,0.6,1.2666666666666666,0.06666666666666667,lipid,0.5449945198693887
356.0707579,356.0705322,356.070425,C14 H16 O10 13C1,17.0,16.0,10.0,0.0,0.0,1.0,0.0,0.0,0.6666666666666666,1.0,0.0,lignin,0.5605802880553202
356.062682,356.0624563,356.0623192,C14 H15 O10 N1,14.0,15.0,10.0,0.0,1.0,0.0,0.0,0.0,0.7142857142857143,1.0714285714285714,0.07142857142857142,peptide,0.30019357219863246
355.1962477,355.1960229,355.1961293,C16 H34 O6 34S1,16.0,34.0,6.0,0.0,0.0,0.0,1.0,0.0,0.375,2.125,0.0,lipid,0.8080531777831773
355.1763782,355.1761535,355.1762267,C18 H28 O7,18.0,28.0,7.0,0.0,0.0,0.0,0.0,0.0,0.3888888888888889,1.5555555555555556,0.0,lipid,0.7138173520026108
355.1401748,355.1399501,355.1398412,C17 H24 O8,17.0,24.0,8.0,0.0,0.0,0.0,0.0,0.0,0.47058823529411764,1.411764705882353,0.0,lignin,0.8926383335151085
355.1188281,355.1186034,355.1187118,C20 H20 O6,20.0,20.0,6.0,0.0,0.0,0.0,0.0,0.0,0.3,1.0,0.0,lignin,0.8636312382658137
355.1035482,355.1033235,355.1034557,C16 H20 O9,16.0,20.0,9.0,0.0,0.0,0.0,0.0,0.0,0.5625,1.25,0.0,lignin,0.9064960150489221
355.0826139,355.0823893,355.0823263,C19 H16 O7,19.0,16.0,7.0,0.0,0.0,0.0,0.0,0.0,0.3684210526315789,0.8421052631578947,0.0,tannin,0.8965079461551811
355.0674389,355.0672142,355.0670702,C15 H16 O10,15.0,16.0,10.0,0.0,0.0,0.0,0.0,0.0,0.6666666666666666,1.0666666666666667,0.0,lignin,0.8358110982420206
355.0461444,355.0459198,355.0459408,C18 H12 O8,18.0,12.0,8.0,0.0,0.0,0.0,0.0,0.0,0.4444444444444444,0.6666666666666666,0.0,tannin,0.923961993100456
355.0307757,355.0305511,355.0306847,C14 H12 O11,14.0,12.0,11.0,0.0,0.0,0.0,0.0,0.0,0.7857142857142857,0.8571428571428571,0.0,tannin,0.6255524091822996
354.2191019,354.2188782,354.2189444,C19 H34 O3 S1 13C1,22.0,34.0,3.0,1.0,0.0,1.0,0.0,0.0,0.15,1.619047619047619,0.0,lipid,0.8817852713290095
354.2038099,354.2035862,354.2036883,C15 H34 O6 S1 13C1,18.0,34.0,6.0,1.0,0.0,1.0,0.0,0.0,0.375,2.0,0.0,lipid,0.8152324762410794
354.2038099,354.2035862,354.2034445,C17 H29 O5 N3,17.0,29.0,5.0,0.0,3.0,0.0,0.0,0.0,0.29411764705882354,1.7058823529411764,0.17647058823529413,peptide,0.8230371199999155
354.1642592,354.1640356,354.1639315,C17 H26 O7 13C1,20.0,26.0,7.0,0.0,0.0,1.0,0.0,0.0,0.3888888888888889,1.368421052631579,0.0,lignin,0.9053960891296207
354.1276447,354.1274211,354.127546,C16 H22 O8 13C1,19.0,22.0,8.0,0.0,0.0,1.0,0.0,0.0,0.47058823529411764,1.2222222222222223,0.0,lignin,0.9074620925715884
354.1195421,354.1193185,354.1194401,C16 H21 O8 N1,16.0,21.0,8.0,0.0,1.0,0.0,0.0,0.0,0.5,1.3125,0.0625,lignin,0.5246342837977428
354.0914903,354.0912667,354.0911605,C15 H18 O9 13C1,18.0,18.0,9.0,0.0,0.0,1.0,0.0,0.0,0.5625,1.0588235294117647,0.0,lignin,0.8638976681834073
354.0834063,354.0831827,354.0830546,C15 H17 O9 N1,15.0,17.0,9.0,0.0,1.0,0.0,0.0,0.0,0.6,1.1333333333333333,0.06666666666666667,lipid,0.4782143726355096
354.0549043,354.0546808,354.0547749,C14 H14 O10 13C1,17.0,14.0,10.0,0.0,0.0,1.0,0.0,0.0,0.6666666666666666,0.875,0.0,tannin,0.7964571947676907
354.0467747,354.0465512,354.0466691,C14 H13 O10 N1,14.0,13.0,10.0,0.0,1.0,0.0,0.0,0.0,0.7142857142857143,0.9285714285714286,0.07142857142857142,tannin,0.7856161415445551
353.2157629,353.2155403,353.2155896,C20 H34 O3 S1,20.0,34.0,3.0,1.0,0.0,0.0,0.0,0.0,0.15,1.7,0.0,lipid,0.8822210297022419
353.2006296,353.2004071,353.2003335,C16 H34 O6 S1,16.0,34.0,6.0,1.0,0.0,0.0,0.0,0.0,0.375,2.125,0.0,lipid,0.8080531777831773
353.1972487,353.1970262,353.1969622,C19 H30 O6,19.0,30.0,6.0,0.0,0.0,0.0,0.0,0.0,0.3157894736842105,1.5789473684210527,0.0,lipid,0.875330402675156
353.1607605,353.160538,353.1605766,C18 H26 O7,18.0,26.0,7.0,0.0,0.0,0.0,0.0,0.0,0.3888888888888889,1.4444444444444444,0.0,lignin,0.8939356896249213
353.124425,353.1242026,353.1241911,C17 H22 O8,17.0,22.0,8.0,0.0,0.0,0.0,0.0,0.0,0.47058823529411764,1.2941176470588236,0.0,lignin,0.9066925037519219
353.0993844,353.0991619,353.099039,C15 H18 O8 N2,15.0,18.0,8.0,0.0,2.0,0.0,0.0,0.0,0.5333333333333333,1.2,0.13333333333333333,peptide,0.63169653351074
353.0880829,353.0878604,353.0878056,C16 H18 O9,16.0,18.0,9.0,0.0,0.0,0.0,0.0,0.0,0.5625,1.125,0.0,lignin,0.9224947173581359
353.0667609,353.0665385,353.0666763,C19 H14 O7,19.0,14.0,7.0,0.0,0.0,0.0,0.0,0.0,0.3684210526315789,0.7368421052631579,0.0,tannin,0.8954607777415525
353.0627381,353.0625157,353.0626535,C14 H14 O9 N2,14.0,14.0,9.0,0.0,2.0,0.0,0.0,0.0,0.6428571428571429,1.0,0.14285714285714285,peptide,0.8820010904954092
353.0515731,353.0513508,353.0514201,C15 H14 O10,15.0,14.0,10.0,0.0,0.0,0.0,0.0,0.0,0.6666666666666666,0.9333333333333333,0.0,tannin,0.7958006994575879
353.0153515,353.0151291,353.0150346,C14 H10 O11,14.0,10.0,11.0,0.0,0.0,0.0,0.0,0.0,0.7857142857142857,0.7142857142857143,0.0,lipid,0.6824643124767646
352.1881678,352.1879464,352.1880382,C15 H32 O6 S1 13C1,18.0,32.0,6.0,1.0,0.0,1.0,0.0,0.0,0.375,1.8823529411764706,0.0,lipid,0.8491844343045187
352.1881678,352.1879464,352.1877944,C17 H27 O5 N3,17.0,27.0,5.0,0.0,3.0,0.0,0.0,0.0,0.29411764705882354,1.588235294117647,0.17647058823529413,peptide,0.8317185845077862
352.1847895,352.184568,352.1846669,C18 H28 O6 13C1,21.0,28.0,6.0,0.0,0.0,1.0,0.0,0.0,0.3157894736842105,1.4,0.0,lignin,0.9046426021783895
352.1485878,352.1483665,352.1482814,C17 H24 O7 13C1,20.0,24.0,7.0,0.0,0.0,1.0,0.0,0.0,0.3888888888888889,1.263157894736842,0.0,lignin,0.9076138755463029
352.1120562,352.1118348,352.1118959,C16 H20 O8 13C1,19.0,20.0,8.0,0.0,0.0,1.0,0.0,0.0,0.47058823529411764,1.1111111111111112,0.0,lignin,0.913026833913837
352.1039027,352.1036814,352.10379,C16 H19 O8 N1,16.0,19.0,8.0,0.0,1.0,0.0,0.0,0.0,0.5,1.1875,0.0625,lignin,0.5230035335817207
352.0757714,352.0755501,352.0755104,C15 H16 O9 13C1,18.0,16.0,9.0,0.0,0.0,1.0,0.0,0.0,0.5625,0.9411764705882353,0.0,lignin,0.5707374280590048
352.0677444,352.0675231,352.0674045,C15 H15 O9 N1,15.0,15.0,9.0,0.0,1.0,0.0,0.0,0.0,0.6,1.0,0.06666666666666667,peptide,0.5378109474534218
351.217809,351.2175887,351.2176976,C20 H32 O5,20.0,32.0,5.0,0.0,0.0,0.0,0.0,0.0,0.25,1.6,0.0,lipid,0.8819720094357105
351.1849871,351.1847667,351.1846834,C16 H32 O6 S1,16.0,32.0,6.0,1.0,0.0,0.0,0.0,0.0,0.375,2.0,0.0,lipid,0.8152324762410794
351.1816197,351.1813994,351.1813121,C19 H28 O6,19.0,28.0,6.0,0.0,0.0,0.0,0.0,0.0,0.3157894736842105,1.4736842105263157,0.0,lignin,0.5945458725169072
351.1450448,351.1448245,351.1449266,C18 H24 O7,18.0,24.0,7.0,0.0,0.0,0.0,0.0,0.0,0.3888888888888889,1.3333333333333333,0.0,lignin,0.9057470363581019
351.1199307,351.1197105,351.1197745,C16 H20 O7 N2,16.0,20.0,7.0,0.0,2.0,0.0,0.0,0.0,0.4375,1.25,0.125,peptide,0.6316162697859145
351.1088677,351.1086475,351.1085411,C17 H20 O8,17.0,20.0,8.0,0.0,0.0,0.0,0.0,0.0,0.47058823529411764,1.1764705882352942,0.0,lignin,0.9102760748143137
351.0836948,351.0834746,351.0833889,C15 H16 O8 N2,15.0,16.0,8.0,0.0,2.0,0.0,0.0,0.0,0.5333333333333333,1.0666666666666667,0.13333333333333333,peptide,0.6853684766288117
351.0723032,351.072083,351.0721556,C16 H16 O9,16.0,16.0,9.0,0.0,0.0,0.0,0.0,0.0,0.5625,1.0,0.0,lignin,0.5720727086394553
351.051135,351.0509148,351.0510262,C19 H12 O7,19.0,12.0,7.0,0.0,0.0,0.0,0.0,0.0,0.3684210526315789,0.631578947368421,0.0,tannin,0.9274482647181737
351.0360417,351.0358216,351.0357701,C15 H12 O10,15.0,12.0,10.0,0.0,0.0,0.0,0.0,0.0,0.6666666666666666,0.8,0.0,tannin,0.9136360028635544
351.0336312,351.033411,351.0332681,C19 H12 O5 S1,19.0,12.0,5.0,1.0,0.0,0.0,0.0,0.0,0.2631578947368421,0.631578947368421,0.0,tannin,0.7439419998074718
350.1691769,350.1689577,350.1690169,C18 H26 O6 13C1,21.0,26.0,6.0,0.0,0.0,1.0,0.0,0.0,0.3157894736842105,1.3,0.0,lignin,0.9062046391195931
350.1329244,350.1327053,350.1326313,C17 H22 O7 13C1,20.0,22.0,7.0,0.0,0.0,1.0,0.0,0.0,0.3888888888888889,1.1578947368421053,0.0,lignin,0.9099325470537447
350.0963951,350.096176,350.0962458,C16 H18 O8 13C1,19.0,18.0,8.0,0.0,0.0,1.0,0.0,0.0,0.47058823529411764,1.0,0.0,lignin,0.8623921746255402
350.0883498,350.0881307,350.08814,C16 H17 O8 N1,16.0,17.0,8.0,0.0,1.0,0.0,0.0,0.0,0.5,1.0625,0.0625,peptide,0.4990547822262502
350.0601489,350.0599298,350.0598603,C15 H14 O9 13C1,18.0,14.0,9.0,0.0,0.0,1.0,0.0,0.0,0.5625,0.8235294117647058,0.0,tannin,0.9119562635938847
350.0520016,350.0517825,350.0517545,C15 H13 O9 N1,15.0,13.0,9.0,0.0,1.0,0.0,0.0,0.0,0.6,0.8666666666666667,0.06666666666666667,tannin,0.9375914535522515
349.2023992,349.2021811,349.2020475,C20 H30 O5,20.0,30.0,5.0,0.0,0.0,0.0,0.0,0.0,0.25,1.5,0.0,lipid,0.8922588571663645
349.1657621,349.165544,349.165662,C19 H26 O6,19.0,26.0,6.0,0.0,0.0,0.0,0.0,0.0,0.3157894736842105,1.368421052631579,0.0,lignin,0.9058445840723681
349.1296071,349.1293891,349.1292765,C18 H22 O7,18.0,22.0,7.0,0.0,0.0,0.0,0.0,0.0,0.3888888888888889,1.2222222222222223,0.0,lignin,0.9098284120515636
349.1043329,349.1041148,349.1041244,C16 H18 O7 N2,16.0,18.0,7.0,0.0,2.0,0.0,0.0,0.0,0.4375,1.125,0.125,peptide,0.6876868088762828
349.096391,349.096173,349.0962623,C14 H22 O8 S1,14.0,22.0,8.0,1.0,0.0,0.0,0.0,0.0,0.5714285714285714,1.5714285714285714,0.0,lignin,0.47433213823421305
349.0930063,349.0927883,349.092891,C17 H18 O8,17.0,18.0,8.0,0.0,0.0,0.0,0.0,0.0,0.47058823529411764,1.0588235294117647,0.0,lignin,0.8429363250754403
349.0679405,349.0677225,349.0677389,C15 H14 O8 N2,15.0,14.0,8.0,0.0,2.0,0.0,0.0,0.0,0.5333333333333333,0.9333333333333333,0.13333333333333333,peptide,0.7913490837011891
349.0568301,349.0566121,349.0565055,C16 H14 O9,16.0,14.0,9.0,0.0,0.0,0.0,0.0,0.0,0.5625,0.875,0.0,tannin,0.901390771050103
349.0202755,349.0200576,349.02012,C15 H10 O10,15.0,10.0,10.0,0.0,0.0,0.0,0.0,0.0,0.6666666666666666,0.6666666666666666,0.0,tannin,0.795703494273216
349.0178348,349.0176169,349.0176181,C19 H10 O5 S1,19.0,10.0,5.0,1.0,0.0,0.0,0.0,0.0,0.2631578947368421,0.5263157894736842,0.0,pah,0.6363010045131099
348.1534758,348.1532588,348.1533668,C18 H24 O6 13C1,21.0,24.0,6.0,0.0,0.0,1.0,0.0,0.0,0.3157894736842105,1.2,0.0,lignin,0.909443114073728
348.1172955,348.1170786,348.1169813,C17 H20 O7 13C1,20.0,20.0,7.0,0.0,0.0,1.0,0.0,0.0,0.3888888888888889,1.0526315789473684,0.0,lignin,0.8428178510711553
348.0938931,348.0936762,348.0936193,C13 H19 O10 N1,13.0,19.0,10.0,0.0,1.0,0.0,0.0,0.0,0.7692307692307693,1.4615384615384615,0.07692307692307693,carbohydrate,0.7224182567032186
348.0807302,348.0805134,348.0805958,C16 H16 O8 13C1,19.0,16.0,8.0,0.0,0.0,1.0,0.0,0.0,0.47058823529411764,0.8888888888888888,0.0,tannin,0.9000158346565396
348.0726056,348.0723887,348.0724899,C16 H15 O8 N1,16.0,15.0,8.0,0.0,1.0,0.0,0.0,0.0,0.5,0.9375,0.0625,tannin,0.49396540734282757
347.1867132,347.1864973,347.1863975,C20 H28 O5,20.0,28.0,5.0,0.0,0.0,0.0,0.0,0.0,0.25,1.4,0.0,lignin,0.7552005409920024
347.1501234,347.1499076,347.150012,C19 H24 O6,19.0,24.0,6.0,0.0,0.0,0.0,0.0,0.0,0.3157894736842105,1.263157894736842,0.0,lignin,0.9064149289886435
347.1348868,347.134671,347.1347558,C15 H24 O9,15.0,24.0,9.0,0.0,0.0,0.0,0.0,0.0,0.6,1.6,0.0,carbohydrate,0.40992264898526115
347.1172698,347.117054,347.1169978,C15 H24 O7 S1,15.0,24.0,7.0,1.0,0.0,0.0,0.0,0.0,0.4666666666666667,1.6,0.0,lipid,0.7116837103355633
347.1139346,347.1137188,347.1136264,C18 H20 O7,18.0,20.0,7.0,0.0,0.0,0.0,0.0,0.0,0.3888888888888889,1.1111111111111112,0.0,lignin,0.9519471000571527
347.0987041,347.0984883,347.0983703,C14 H20 O10,14.0,20.0,10.0,0.0,0.0,0.0,0.0,0.0,0.7142857142857143,1.4285714285714286,0.0,carbohydrate,0.4348831525716301
347.0887192,347.0885034,347.0884743,C16 H16 O7 N2,16.0,16.0,7.0,0.0,2.0,0.0,0.0,0.0,0.4375,1.0,0.125,peptide,0.8805745723631706
347.08077,347.0805542,347.0806122,C14 H20 O8 S1,14.0,20.0,8.0,1.0,0.0,0.0,0.0,0.0,0.5714285714285714,1.4285714285714286,0.0,lignin,0.8504219760522543
347.0773722,347.0771564,347.0772409,C17 H16 O8,17.0,16.0,8.0,0.0,0.0,0.0,0.0,0.0,0.47058823529411764,0.9411764705882353,0.0,lignin,0.5710649123690857
347.0620749,347.0618591,347.0619848,C13 H16 O11,13.0,16.0,11.0,0.0,0.0,0.0,0.0,0.0,0.8461538461538461,1.2307692307692308,0.0,amino_sugar,0.4802263041105876
347.0411584,347.0409427,347.0408554,C16 H12 O9,16.0,12.0,9.0,0.0,0.0,0.0,0.0,0.0,0.5625,0.75,0.0,tannin,0.9140764942338653
346.1016559,346.1014412,346.1013312,C17 H18 O7 13C1,20.0,18.0,7.0,0.0,0.0,1.0,0.0,0.0,0.3888888888888889,0.9473684210526315,0.0,lignin,0.5706319259680985
346.0780973,346.0778826,346.0779692,C13 H17 O10 N1,13.0,17.0,10.0,0.0,1.0,0.0,0.0,0.0,0.7692307692307693,1.3076923076923077,0.07692307692307693,amino_sugar,0.5227193265696729
345.1708662,345.1706526,345.1707474,C20 H26 O5,20.0,26.0,5.0,0.0,0.0,0.0,0.0,0.0,0.25,1.3,0.0,lignin,0.9033869595360764
345.1555944,345.1553807,345.1554913,C16 H26 O8,16.0,26.0,8.0,0.0,0.0,0.0,0.0,0.0,0.5,1.625,0.0,lipid,0.7173139155570578
345.1346277,345.1344141,345.1343619,C19 H22 O6,19.0,22.0,6.0,0.0,0.0,0.0,0.0,0.0,0.3157894736842105,1.1578947368421053,0.0,lignin,0.9087399779970962
345.1194297,345.1192161,345.1191058,C15 H22 O9,15.0,22.0,9.0,0.0,0.0,0.0,0.0,0.0,0.6,1.4666666666666666,0.0,lignin,0.8467455998510678
345.1015233,345.1013097,345.1013477,C15 H22 O7 S1,15.0,22.0,7.0,1.0,0.0,0.0,0.0,0.0,0.4666666666666667,1.4666666666666666,0.0,lignin,0.8932949740161726
345.0981214,345.0979078,345.0979764,C18 H18 O7,18.0,18.0,7.0,0.0,0.0,0.0,0.0,0.0,0.3888888888888889,1.0,0.0,lignin,0.8622365748136038
345.0828401,345.0826266,345.0827202,C14 H18 O10,14.0,18.0,10.0,0.0,0.0,0.0,0.0,0.0,0.7142857142857143,1.2857142857142858,0.0,lignin,0.729928087807377
345.0651927,345.0649792,345.0649622,C14 H18 O8 S1,14.0,18.0,8.0,1.0,0.0,0.0,0.0,0.0,0.5714285714285714,1.2857142857142858,0.0,lignin,0.9071074886977051
345.0618774,345.0616638,345.0615909,C17 H14 O8,17.0,14.0,8.0,0.0,0.0,0.0,0.0,0.0,0.47058823529411764,0.8235294117647058,0.0,tannin,0.9009858799116911
345.046646,345.0464325,345.0463347,C13 H14 O11,13.0,14.0,11.0,0.0,0.0,0.0,0.0,0.0,0.8461538461538461,1.0769230769230769,0.0,amino_sugar,0.40901670922481526
345.0253962,345.0251827,345.0252054,C16 H10 O9,16.0,10.0,9.0,0.0,0.0,0.0,0.0,0.0,0.5625,0.625,0.0,tannin,0.7894856596060958
344.1434978,344.1432852,344.143196,C15 H24 O8 13C1,18.0,24.0,8.0,0.0,0.0,1.0,0.0,0.0,0.5,1.411764705882353,0.0,lignin,0.8940123135662894
344.1069104,344.1066979,344.1068105,C14 H20 O9 13C1,17.0,20.0,9.0,0.0,0.0,1.0,0.0,0.0,0.6,1.25,0.0,lignin,0.9075050779965895
344.0988333,344.0986208,344.0987047,C14 H19 O9 N1,14.0,19.0,9.0,0.0,1.0,0.0,0.0,0.0,0.6428571428571429,1.3571428571428572,0.07142857142857142,lipid,0.6022078616337074
344.0707729,344.0705604,344.070425,C13 H16 O10 13C1,16.0,16.0,10.0,0.0,0.0,1.0,0.0,0.0,0.7142857142857143,1.0666666666666667,0.0,lignin,0.7283041073548794
344.0626948,344.0624824,344.0623192,C13 H15 O10 N1,13.0,15.0,10.0,0.0,1.0,0.0,0.0,0.0,0.7692307692307693,1.1538461538461537,0.07692307692307693,amino_sugar,0.4908878468235548
343.1765466,343.1763352,343.1762267,C17 H28 O7,17.0,28.0,7.0,0.0,0.0,0.0,0.0,0.0,0.4117647058823529,1.6470588235294117,0.0,lipid,0.8714022552890798
343.1553404,343.1551289,343.1550973,C20 H24 O5,20.0,24.0,5.0,0.0,0.0,0.0,0.0,0.0,0.25,1.2,0.0,lignin,0.9081000333059075
343.1399564,343.139745,343.1398412,C16 H24 O8,16.0,24.0,8.0,0.0,0.0,0.0,0.0,0.0,0.5,1.5,0.0,lignin,0.8921176756629106
343.1188712,343.1186598,343.1187118,C19 H20 O6,19.0,20.0,6.0,0.0,0.0,0.0,0.0,0.0,0.3157894736842105,1.0526315789473684,0.0,lignin,0.844562197190801
343.1037928,343.1035814,343.1034557,C15 H20 O9,15.0,20.0,9.0,0.0,0.0,0.0,0.0,0.0,0.6,1.3333333333333333,0.0,lignin,0.8936649820506772
343.0859776,343.0857662,343.0856976,C15 H20 O7 S1,15.0,20.0,7.0,1.0,0.0,0.0,0.0,0.0,0.4666666666666667,1.3333333333333333,0.0,lignin,0.905445623874052
343.0825702,343.0823588,343.0823263,C18 H16 O7,18.0,16.0,7.0,0.0,0.0,0.0,0.0,0.0,0.3888888888888889,0.8888888888888888,0.0,tannin,0.8995547914363022
343.0671843,343.0669729,343.0670702,C14 H16 O10,14.0,16.0,10.0,0.0,0.0,0.0,0.0,0.0,0.7142857142857143,1.1428571428571428,0.0,lignin,0.7335304837947308
343.0461105,343.0458991,343.0459408,C17 H12 O8,17.0,12.0,8.0,0.0,0.0,0.0,0.0,0.0,0.47058823529411764,0.7058823529411765,0.0,tannin,0.9066750429407888
343.0309798,343.0307685,343.0306847,C13 H12 O11,13.0,12.0,11.0,0.0,0.0,0.0,0.0,0.0,0.8461538461538461,0.9230769230769231,0.0,tannin,0.44205467534694015
342.1993881,342.1991777,342.1990902,C18 H32 O3 13C1 34S1,21.0,32.0,3.0,0.0,0.0,1.0,1.0,0.0,0.15789473684210525,1.6,0.0,lipid,0.8817771669735232
342.1278297,342.1276193,342.127546,C15 H22 O8 13C1,18.0,22.0,8.0,0.0,0.0,1.0,0.0,0.0,0.5,1.2941176470588236,0.0,lignin,0.9059998206640515
342.1196653,342.1194549,342.1194401,C15 H21 O8 N1,15.0,21.0,8.0,0.0,1.0,0.0,0.0,0.0,0.5333333333333333,1.4,0.06666666666666667,lipid,0.5308363085140957
342.0912912,342.0910809,342.0911605,C14 H18 O9 13C1,17.0,18.0,9.0,0.0,0.0,1.0,0.0,0.0,0.6,1.125,0.0,lignin,0.9227979019271781
342.083278,342.0830678,342.0830546,C14 H17 O9 N1,14.0,17.0,9.0,0.0,1.0,0.0,0.0,0.0,0.6428571428571429,1.2142857142857142,0.07142857142857142,lipid,0.54473625106559
342.055047,342.0548368,342.0547749,C13 H14 O10 13C1,16.0,14.0,10.0,0.0,0.0,1.0,0.0,0.0,0.7142857142857143,0.9333333333333333,0.0,tannin,0.795572255982109
341.2067925,341.2065832,341.2066492,C17 H32 O3 S1 13C2,23.0,32.0,3.0,1.0,0.0,2.0,0.0,0.0,0.15789473684210525,1.5238095238095237,0.0,lipid,0.8921095007818896
341.2043489,341.2041396,341.2041845,C19 H32 O2 S1 18O1,19.0,32.0,2.0,1.0,0.0,0.0,0.0,1.0,0.10526315789473684,1.6842105263157894,0.0,lipid,0.8818322930044097
341.1959868,341.1957775,341.1957354,C19 H32 O3 34S1,19.0,32.0,3.0,0.0,0.0,0.0,1.0,0.0,0.15789473684210525,1.6842105263157894,0.0,lipid,0.8822106982759849
341.1607702,341.1605609,341.1605766,C17 H26 O7,17.0,26.0,7.0,0.0,0.0,0.0,0.0,0.0,0.4117647058823529,1.5294117647058822,0.0,lignin,0.745037351855644
341.1244309,341.1242217,341.1241911,C16 H22 O8,16.0,22.0,8.0,0.0,0.0,0.0,0.0,0.0,0.5,1.375,0.0,lignin,0.905779140744524
341.1092604,341.1090512,341.108935,C12 H22 O11,12.0,22.0,11.0,0.0,0.0,0.0,0.0,0.0,0.9166666666666666,1.8333333333333333,0.0,carbohydrate,0.8395964977218142
341.1034042,341.103195,341.1030618,C19 H18 O6,19.0,18.0,6.0,0.0,0.0,0.0,0.0,0.0,0.3157894736842105,0.9473684210526315,0.0,lignin,0.7444782317153326
341.0879937,341.0877846,341.0878056,C15 H18 O9,15.0,18.0,9.0,0.0,0.0,0.0,0.0,0.0,0.6,1.2,0.0,lignin,0.9088985068254877
341.0667719,341.0665627,341.0666763,C18 H14 O7,18.0,14.0,7.0,0.0,0.0,0.0,0.0,0.0,0.3888888888888889,0.7777777777777778,0.0,tannin,0.8939975615161279
341.0516824,341.0514733,341.0514201,C14 H14 O10,14.0,14.0,10.0,0.0,0.0,0.0,0.0,0.0,0.7142857142857143,1.0,0.0,lignin,0.5953291324385781
341.0305941,341.0303849,341.0302907,C17 H10 O8,17.0,10.0,8.0,0.0,0.0,0.0,0.0,0.0,0.47058823529411764,0.5882352941176471,0.0,tannin,0.7855647745848626
341.0151822,341.0149731,341.0150346,C13 H10 O11,13.0,10.0,11.0,0.0,0.0,0.0,0.0,0.0,0.8461538461538461,0.7692307692307693,0.0,lipid,0.5573820963166359
340.2033862,340.203178,340.2032944,C18 H32 O3 S1 13C1,21.0,32.0,3.0,1.0,0.0,1.0,0.0,0.0,0.15789473684210525,1.6,0.0,lipid,0.8817771669735232
340.2033862,340.203178,340.2030506,C20 H27 O2 N3,20.0,27.0,2.0,0.0,3.0,0.0,0.0,0.0,0.1,1.35,0.15,peptide,0.9158434127279232
340.1485118,340.1483036,340.1482814,C16 H24 O7 13C1,19.0,24.0,7.0,0.0,0.0,1.0,0.0,0.0,0.4117647058823529,1.3333333333333333,0.0,lignin,0.9058413365247091
340.1120506,340.1118425,340.1118959,C15 H20 O8 13C1,18.0,20.0,8.0,0.0,0.0,1.0,0.0,0.0,0.5,1.1764705882352942,0.0,lignin,0.9104271745420307
340.1040063,340.1037982,340.10379,C15 H19 O8 N1,15.0,19.0,8.0,0.0,1.0,0.0,0.0,0.0,0.5333333333333333,1.2666666666666666,0.06666666666666667,lignin,0.5254905849125461
340.0757695,340.0755615,340.0755104,C14 H16 O9 13C1,17.0,16.0,9.0,0.0,0.0,1.0,0.0,0.0,0.6,1.0,0.0,lignin,0.5737134724067522
340.067585,340.0673769,340.0674045,C14 H15 O9 N1,14.0,15.0,9.0,0.0,1.0,0.0,0.0,0.0,0.6428571428571429,1.0714285714285714,0.07142857142857142,lipid,0.42013241316410693
340.0392887,340.0390807,340.0391249,C13 H12 O10 13C1,16.0,12.0,10.0,0.0,0.0,1.0,0.0,0.0,0.7142857142857143,0.8,0.0,tannin,0.9388111607714839
339.200072,339.1998649,339.1999395,C19 H32 O3 S1,19.0,32.0,3.0,1.0,0.0,0.0,0.0,0.0,0.15789473684210525,1.6842105263157894,0.0,lipid,0.8822106982759849
339.1814275,339.1812205,339.1813121,C18 H28 O6,18.0,28.0,6.0,0.0,0.0,0.0,0.0,0.0,0.3333333333333333,1.5555555555555556,0.0,lipid,0.8749174180900774
339.1452166,339.1450095,339.1449266,C17 H24 O7,17.0,24.0,7.0,0.0,0.0,0.0,0.0,0.0,0.4117647058823529,1.411764705882353,0.0,lignin,0.9042855901352711
339.1086673,339.1084603,339.1085411,C16 H20 O8,16.0,20.0,8.0,0.0,0.0,0.0,0.0,0.0,0.5,1.25,0.0,lignin,0.9072747772658069
339.0837141,339.0835072,339.0833889,C14 H16 O8 N2,14.0,16.0,8.0,0.0,2.0,0.0,0.0,0.0,0.5714285714285714,1.1428571428571428,0.14285714285714285,peptide,0.7453267310783025
339.072451,339.0722441,339.0721556,C15 H16 O9,15.0,16.0,9.0,0.0,0.0,0.0,0.0,0.0,0.6,1.0666666666666667,0.0,lignin,0.8641241455870373
339.0511326,339.0509256,339.0510262,C18 H12 O7,18.0,12.0,7.0,0.0,0.0,0.0,0.0,0.0,0.3888888888888889,0.6666666666666666,0.0,tannin,0.9041722736117215
339.0358906,339.0356837,339.0357701,C14 H12 O10,14.0,12.0,10.0,0.0,0.0,0.0,0.0,0.0,0.7142857142857143,0.8571428571428571,0.0,tannin,0.9128735728789625
338.2090092,338.2088031,338.2087737,C15 H34 O5 S1 13C1,18.0,34.0,5.0,1.0,0.0,1.0,0.0,0.0,0.3125,2.0,0.0,lipid,0.8360396579685272
338.1692292,338.1690233,338.1690169,C17 H26 O6 13C1,20.0,26.0,6.0,0.0,0.0,1.0,0.0,0.0,0.3333333333333333,1.368421052631579,0.0,lignin,0.9050208444571073
338.1328146,338.1326087,338.1326313,C16 H22 O7 13C1,19.0,22.0,7.0,0.0,0.0,1.0,0.0,0.0,0.4117647058823529,1.2222222222222223,0.0,lignin,0.9081106733279996
338.1246555,338.1244496,338.1245255,C16 H21 O7 N1,16.0,21.0,7.0,0.0,1.0,0.0,0.0,0.0,0.4375,1.3125,0.0625,lignin,0.5210543287836166
338.096456,338.0962502,338.0962458,C15 H18 O8 13C1,18.0,18.0,8.0,0.0,0.0,1.0,0.0,0.0,0.5,1.0588235294117647,0.0,lignin,0.842801886640211
338.0884257,338.0882198,338.08814,C15 H17 O8 N1,15.0,17.0,8.0,0.0,1.0,0.0,0.0,0.0,0.5333333333333333,1.1333333333333333,0.06666666666666667,lignin,0.5279556098412344
338.0600278,338.0598219,338.0598603,C14 H14 O9 13C1,17.0,14.0,9.0,0.0,0.0,1.0,0.0,0.0,0.6,0.875,0.0,tannin,0.9128177990481248
338.0518762,338.0516703,338.0517545,C14 H13 O9 N1,14.0,13.0,9.0,0.0,1.0,0.0,0.0,0.0,0.6428571428571429,0.9285714285714286,0.07142857142857142,tannin,0.8771211344776934
337.2055485,337.2053436,337.2054188,C16 H34 O5 S1,16.0,34.0,5.0,1.0,0.0,0.0,0.0,0.0,0.3125,2.125,0.0,lipid,0.8186489293483679
337.2021591,337.2019542,337.2020475,C19 H30 O5,19.0,30.0,5.0,0.0,0.0,0.0,0.0,0.0,0.2631578947368421,1.5789473684210527,0.0,lipid,0.8817108336286473
337.1844313,337.1842264,337.1842895,C19 H30 O3 S1,19.0,30.0,3.0,1.0,0.0,0.0,0.0,0.0,0.15789473684210525,1.5789473684210527,0.0,lipid,0.8901788891172187
337.1659849,337.16578,337.165662,C18 H26 O6,18.0,26.0,6.0,0.0,0.0,0.0,0.0,0.0,0.3333333333333333,1.4444444444444444,0.0,lignin,0.9045111886511457
337.1293628,337.129158,337.1292765,C17 H22 O7,17.0,22.0,7.0,0.0,0.0,0.0,0.0,0.0,0.4117647058823529,1.2941176470588236,0.0,lignin,0.9064823369755199
337.1043853,337.1041805,337.1041244,C15 H18 O7 N2,15.0,18.0,7.0,0.0,2.0,0.0,0.0,0.0,0.4666666666666667,1.2,0.13333333333333333,peptide,0.7450573813806496
337.0932045,337.0929997,337.092891,C16 H18 O8,16.0,18.0,8.0,0.0,0.0,0.0,0.0,0.0,0.5,1.125,0.0,lignin,0.9285524243497052
337.0719499,337.0717451,337.0717616,C19 H14 O6,19.0,14.0,6.0,0.0,0.0,0.0,0.0,0.0,0.3157894736842105,0.7368421052631579,0.0,tannin,0.8957605333550053
337.0678873,337.0676826,337.0677389,C14 H14 O8 N2,14.0,14.0,8.0,0.0,2.0,0.0,0.0,0.0,0.5714285714285714,1.0,0.14285714285714285,peptide,0.6872219507706436
337.0565988,337.056394,337.0565055,C15 H14 O9,15.0,14.0,9.0,0.0,0.0,0.0,0.0,0.0,0.6,0.9333333333333333,0.0,tannin,0.7857923972326868
337.0204485,337.0202438,337.02012,C14 H10 O10,14.0,10.0,10.0,0.0,0.0,0.0,0.0,0.0,0.7142857142857143,0.7142857142857143,0.0,tannin,0.8011552872787717
336.1535003,336.1532965,336.1533668,C17 H24 O6 13C1,20.0,24.0,6.0,0.0,0.0,1.0,0.0,0.0,0.3333333333333333,1.263157894736842,0.0,lignin,0.9069418021016491
336.117268,336.1170643,336.1169813,C16 H20 O7 13C1,19.0,20.0,7.0,0.0,0.0,1.0,0.0,0.0,0.4117647058823529,1.1111111111111112,0.0,lignin,0.912717777773698
336.1091874,336.1089837,336.1088754,C16 H19 O7 N1,16.0,19.0,7.0,0.0,1.0,0.0,0.0,0.0,0.4375,1.1875,0.0625,lignin,0.5211479134960495
336.0807025,336.0804989,336.0805958,C15 H16 O8 13C1,18.0,16.0,8.0,0.0,0.0,1.0,0.0,0.0,0.5,0.9411764705882353,0.0,lignin,0.5710039464854184
336.0726028,336.0723992,336.0724899,C15 H15 O8 N1,15.0,15.0,8.0,0.0,1.0,0.0,0.0,0.0,0.5333333333333333,1.0,0.06666666666666667,peptide,0.547965846152271
335.1865909,335.1863882,335.1863975,C19 H28 O5,19.0,28.0,5.0,0.0,0.0,0.0,0.0,0.0,0.2631578947368421,1.4736842105263157,0.0,lipid,0.8923658343766124
335.1501968,335.1499941,335.150012,C18 H24 O6,18.0,24.0,6.0,0.0,0.0,0.0,0.0,0.0,0.3333333333333333,1.3333333333333333,0.0,lignin,0.906513060742221
335.1138055,335.1136029,335.1136264,C17 H20 O7,17.0,20.0,7.0,0.0,0.0,0.0,0.0,0.0,0.4117647058823529,1.1764705882352942,0.0,lignin,0.910148042644294
335.0885978,335.0883952,335.0884743,C15 H16 O7 N2,15.0,16.0,7.0,0.0,2.0,0.0,0.0,0.0,0.4666666666666667,1.0666666666666667,0.13333333333333333,peptide,0.6865071583147807
335.0808222,335.0806196,335.0806122,C13 H20 O8 S1,13.0,20.0,8.0,1.0,0.0,0.0,0.0,0.0,0.6153846153846154,1.5384615384615385,0.0,lignin,0.4742162415340987
335.0775211,335.0773186,335.0772409,C16 H16 O8,16.0,16.0,8.0,0.0,0.0,0.0,0.0,0.0,0.5,1.0,0.0,lignin,0.8622091928559257
335.0409737,335.0407712,335.0408554,C15 H12 O9,15.0,12.0,9.0,0.0,0.0,0.0,0.0,0.0,0.6,0.8,0.0,tannin,0.9137100199361694
335.0385531,335.0383506,335.0383535,C19 H12 O4 S1,19.0,12.0,4.0,1.0,0.0,0.0,0.0,0.0,0.21052631578947367,0.631578947368421,0.0,pah,0.8888047891344593
334.1378286,334.1376271,334.1377167,C17 H22 O6 13C1,20.0,22.0,6.0,0.0,0.0,1.0,0.0,0.0,0.3333333333333333,1.1578947368421053,0.0,lignin,0.9096459650880192
334.114574,334.1143725,334.1143547,C13 H21 O9 N1,13.0,21.0,9.0,0.0,1.0,0.0,0.0,0.0,0.6923076923076923,1.6153846153846154,0.07692307692307693,carbohydrate,0.8265924011891554
334.1016177,334.1014162,334.1013312,C16 H18 O7 13C1,19.0,18.0,7.0,0.0,0.0,1.0,0.0,0.0,0.4117647058823529,1.0,0.0,lignin,0.8619959719098669
334.0650183,334.0648169,334.0649457,C15 H14 O8 13C1,18.0,14.0,8.0,0.0,0.0,1.0,0.0,0.0,0.5,0.8235294117647058,0.0,tannin,0.90099977887105
334.0569478,334.0567464,334.0568398,C15 H13 O8 N1,15.0,13.0,8.0,0.0,1.0,0.0,0.0,0.0,0.5333333333333333,0.8666666666666667,0.06666666666666667,tannin,0.9319305123621737
333.1708594,333.1706589,333.1707474,C19 H26 O5,19.0,26.0,5.0,0.0,0.0,0.0,0.0,0.0,0.2631578947368421,1.368421052631579,0.0,lignin,0.9037365654214333
333.1346296,333.1344292,333.1343619,C18 H22 O6,18.0,22.0,6.0,0.0,0.0,0.0,0.0,0.0,0.3333333333333333,1.2222222222222223,0.0,lignin,0.9094372718791259
333.1192542,333.1190538,333.1191058,C14 H22 O9,14.0,22.0,9.0,0.0,0.0,0.0,0.0,0.0,0.6428571428571429,1.5714285714285714,0.0,carbohydrate,0.49932138009779087
333.1014528,333.1012524,333.1013477,C14 H22 O7 S1,14.0,22.0,7.0,1.0,0.0,0.0,0.0,0.0,0.5,1.5714285714285714,0.0,lignin,0.5507544735712383
333.0980928,333.0978924,333.0979764,C17 H18 O7,17.0,18.0,7.0,0.0,0.0,0.0,0.0,0.0,0.4117647058823529,1.0588235294117647,0.0,lignin,0.8435473225467011
333.0829865,333.0827861,333.0827202,C13 H18 O10,13.0,18.0,10.0,0.0,0.0,0.0,0.0,0.0,0.7692307692307693,1.3846153846153846,0.0,lignin,0.46658231455260557
333.0618602,333.0616599,333.0615909,C16 H14 O8,16.0,14.0,8.0,0.0,0.0,0.0,0.0,0.0,0.5,0.875,0.0,tannin,0.900513819053784
333.0593964,333.059196,333.059089,C20 H14 O3 S1,20.0,14.0,3.0,1.0,0.0,0.0,0.0,0.0,0.15,0.7,0.0,pah,0.8896962739347538
333.0464423,333.0462419,333.0463347,C12 H14 O11,12.0,14.0,11.0,0.0,0.0,0.0,0.0,0.0,0.9166666666666666,1.1666666666666667,0.0,amino_sugar,0.5285915848555826
333.0254031,333.0252028,333.0252054,C15 H10 O9,15.0,10.0,9.0,0.0,0.0,0.0,0.0,0.0,0.6,0.6666666666666666,0.0,tannin,0.9322602186344795
333.0230122,333.0228119,333.0227034,C19 H10 O4 S1,19.0,10.0,4.0,1.0,0.0,0.0,0.0,0.0,0.21052631578947367,0.5263157894736842,0.0,pah,0.9204547222889914
332.0988469,332.0986476,332.0987047,C13 H19 O9 N1,13.0,19.0,9.0,0.0,1.0,0.0,0.0,0.0,0.6923076923076923,1.4615384615384615,0.07692307692307693,carbohydrate,0.6981045111862277
332.0857733,332.085574,332.0856812,C16 H16 O7 13C1,19.0,16.0,7.0,0.0,0.0,1.0,0.0,0.0,0.4117647058823529,0.8888888888888888,0.0,tannin,0.8995717008383529
331.1551992,331.1550009,331.1550973,C19 H24 O5,19.0,24.0,5.0,0.0,0.0,0.0,0.0,0.0,0.2631578947368421,1.263157894736842,0.0,lignin,0.9031403426989705
331.1400187,331.1398204,331.1398412,C15 H24 O8,15.0,24.0,8.0,0.0,0.0,0.0,0.0,0.0,0.5333333333333333,1.6,0.0,lignin,0.386264400995546
331.1223352,331.1221369,331.1220831,C15 H24 O6 S1,15.0,24.0,6.0,1.0,0.0,0.0,0.0,0.0,0.4,1.6,0.0,lipid,0.8729983397210679
331.1189819,331.1187836,331.1187118,C18 H20 O6,18.0,20.0,6.0,0.0,0.0,0.0,0.0,0.0,0.3333333333333333,1.1111111111111112,0.0,lignin,0.9099611831642902
331.1036594,331.1034611,331.1034557,C14 H20 O9,14.0,20.0,9.0,0.0,0.0,0.0,0.0,0.0,0.6428571428571429,1.4285714285714286,0.0,lignin,0.8470419961799974
331.0857791,331.0855809,331.0856976,C14 H20 O7 S1,14.0,20.0,7.0,1.0,0.0,0.0,0.0,0.0,0.5,1.4285714285714286,0.0,lignin,0.893753203162025
331.0824164,331.0822182,331.0823263,C17 H16 O7,17.0,16.0,7.0,0.0,0.0,0.0,0.0,0.0,0.4117647058823529,0.9411764705882353,0.0,lignin,0.5704535176701213
331.0672818,331.0670836,331.0670702,C13 H16 O10,13.0,16.0,10.0,0.0,0.0,0.0,0.0,0.0,0.7692307692307693,1.2307692307692308,0.0,lignin,0.5781234241065769
331.0462435,331.0460453,331.0459408,C16 H12 O8,16.0,12.0,8.0,0.0,0.0,0.0,0.0,0.0,0.5,0.75,0.0,tannin,0.9077040370068638
331.0307977,331.0305995,331.0306847,C12 H12 O11,12.0,12.0,11.0,0.0,0.0,0.0,0.0,0.0,0.9166666666666666,1.0,0.0,amino_sugar,0.5402762590477572
331.0096901,331.0094919,331.0095553,C15 H8 O9,15.0,8.0,9.0,0.0,0.0,0.0,0.0,0.0,0.6,0.5333333333333333,0.0,tannin,0.7884475365017523
330.1278182,330.127621,330.127546,C14 H22 O8 13C1,17.0,22.0,8.0,0.0,0.0,1.0,0.0,0.0,0.5333333333333333,1.375,0.0,lignin,0.8946235223725278
330.0912631,330.091066,330.0911605,C13 H18 O9 13C1,16.0,18.0,9.0,0.0,0.0,1.0,0.0,0.0,0.6428571428571429,1.2,0.0,lignin,0.928521122384506
330.0831773,330.0829801,330.0830546,C13 H17 O9 N1,13.0,17.0,9.0,0.0,1.0,0.0,0.0,0.0,0.6923076923076923,1.3076923076923077,0.07692307692307693,amino_sugar,0.49427271467742856
329.1606864,329.1604903,329.1605766,C16 H26 O7,16.0,26.0,7.0,0.0,0.0,0.0,0.0,0.0,0.4375,1.625,0.0,lipid,0.8712568316618512
329.1397221,329.139526,329.1394473,C19 H22 O5,19.0,22.0,5.0,0.0,0.0,0.0,0.0,0.0,0.2631578947368421,1.1578947368421053,0.0,lignin,0.9083644549070341
329.1244618,329.1242657,329.1241911,C15 H22 O8,15.0,22.0,8.0,0.0,0.0,0.0,0.0,0.0,0.5333333333333333,1.4666666666666666,0.0,lignin,0.8465132678354429
329.1065401,329.106344,329.1064331,C15 H22 O6 S1,15.0,22.0,6.0,1.0,0.0,0.0,0.0,0.0,0.4,1.4666666666666666,0.0,lignin,0.8928775673518234
329.1031545,329.1029584,329.1030618,C18 H18 O6,18.0,18.0,6.0,0.0,0.0,0.0,0.0,0.0,0.3333333333333333,1.0,0.0,lignin,0.8629539339309081
329.0879344,329.0877383,329.0878056,C14 H18 O9,14.0,18.0,9.0,0.0,0.0,0.0,0.0,0.0,0.6428571428571429,1.2857142857142858,0.0,lignin,0.9265907171917108
329.0703686,329.0701726,329.0700476,C14 H18 O7 S1,14.0,18.0,7.0,1.0,0.0,0.0,0.0,0.0,0.5,1.2857142857142858,0.0,lignin,0.9062774855069333
329.0669807,329.0667847,329.0666763,C17 H14 O7,17.0,14.0,7.0,0.0,0.0,0.0,0.0,0.0,0.4117647058823529,0.8235294117647058,0.0,tannin,0.8969264114490363
329.051623,329.051427,329.0514201,C13 H14 O10,13.0,14.0,10.0,0.0,0.0,0.0,0.0,0.0,0.7692307692307693,1.0769230769230769,0.0,lignin,0.7288539993849504
329.0303937,329.0301977,329.0302907,C16 H10 O8,16.0,10.0,8.0,0.0,0.0,0.0,0.0,0.0,0.5,0.625,0.0,tannin,0.9257972644699425
329.0152858,329.0150899,329.0150346,C12 H10 O11,12.0,10.0,11.0,0.0,0.0,0.0,0.0,0.0,0.9166666666666666,0.8333333333333334,0.0,lipid,0.4520858465431036
328.192009,328.1918139,328.1918893,C17 H30 O2 S1 13C1 18O1,20.0,30.0,2.0,1.0,0.0,1.0,0.0,1.0,0.1111111111111111,1.5789473684210527,0.0,lipid,0.8899867071892101
328.192009,328.1918139,328.1918172,C20 H27 O3 N1,20.0,27.0,3.0,0.0,1.0,0.0,0.0,0.0,0.15,1.35,0.05,lipid,0.8913419547523367
328.1835525,328.1833574,328.1834401,C17 H30 O3 13C1 34S1,20.0,30.0,3.0,0.0,0.0,1.0,1.0,0.0,0.16666666666666666,1.5789473684210527,0.0,lipid,0.8902889121747182
328.1485855,328.1483905,328.1482814,C15 H24 O7 13C1,18.0,24.0,7.0,0.0,0.0,1.0,0.0,0.0,0.4375,1.411764705882353,0.0,lignin,0.8935431289072078
328.1119893,328.1117943,328.1118959,C14 H20 O8 13C1,17.0,20.0,8.0,0.0,0.0,1.0,0.0,0.0,0.5333333333333333,1.25,0.0,lignin,0.9068164083605723
328.1039852,328.1037902,328.10379,C14 H19 O8 N1,14.0,19.0,8.0,0.0,1.0,0.0,0.0,0.0,0.5714285714285714,1.3571428571428572,0.07142857142857142,lipid,0.523265291667115
328.075731,328.075536,328.0755104,C13 H16 O9 13C1,16.0,16.0,9.0,0.0,0.0,1.0,0.0,0.0,0.6428571428571429,1.0666666666666667,0.0,lignin,0.7172437705755541
328.0675217,328.0673268,328.0674045,C13 H15 O9 N1,13.0,15.0,9.0,0.0,1.0,0.0,0.0,0.0,0.6923076923076923,1.1538461538461537,0.07692307692307693,lignin,0.4574163619139758
327.1912607,327.1910668,327.1909991,C16 H30 O3 S1 13C2,22.0,30.0,3.0,1.0,0.0,2.0,0.0,0.0,0.16666666666666666,1.5,0.0,lipid,0.8921235514943563
327.1888122,327.1886182,327.1885345,C18 H30 O2 S1 18O1,18.0,30.0,2.0,1.0,0.0,0.0,0.0,1.0,0.1111111111111111,1.6666666666666667,0.0,lipid,0.8901780425078268
327.1803663,327.1801723,327.1800853,C18 H30 O3 34S1,18.0,30.0,3.0,0.0,0.0,0.0,1.0,0.0,0.16666666666666666,1.6666666666666667,0.0,lipid,0.8822113705269883
327.1450152,327.1448212,327.1449266,C16 H24 O7,16.0,24.0,7.0,0.0,0.0,0.0,0.0,0.0,0.4375,1.5,0.0,lignin,0.8930106833358897
327.1088105,327.1086166,327.1085411,C15 H20 O8,15.0,20.0,8.0,0.0,0.0,0.0,0.0,0.0,0.5333333333333333,1.3333333333333333,0.0,lignin,0.906384518569334
327.0908613,327.0906674,327.090783,C15 H20 O6 S1,15.0,20.0,6.0,1.0,0.0,0.0,0.0,0.0,0.4,1.3333333333333333,0.0,lignin,0.9058026879544219
327.0874871,327.0872932,327.0874117,C18 H16 O6,18.0,16.0,6.0,0.0,0.0,0.0,0.0,0.0,0.3333333333333333,0.8888888888888888,0.0,tannin,0.8955608534730397
327.0834951,327.0833012,327.0833889,C13 H16 O8 N2,13.0,16.0,8.0,0.0,2.0,0.0,0.0,0.0,0.6153846153846154,1.2307692307692308,0.15384615384615385,peptide,0.6952459238076825
327.0723426,327.0721487,327.0721556,C14 H16 O9,14.0,16.0,9.0,0.0,0.0,0.0,0.0,0.0,0.6428571428571429,1.1428571428571428,0.0,lignin,0.9335020470193849
327.0513116,327.0511178,327.0510262,C17 H12 O7,17.0,12.0,7.0,0.0,0.0,0.0,0.0,0.0,0.4117647058823529,0.7058823529411765,0.0,tannin,0.8985429743393037
327.0359197,327.0357259,327.0357701,C13 H12 O10,13.0,12.0,10.0,0.0,0.0,0.0,0.0,0.0,0.7692307692307693,0.9230769230769231,0.0,tannin,0.7006045835757401
327.0147538,327.01456,327.0146407,C16 H8 O8,16.0,8.0,8.0,0.0,0.0,0.0,0.0,0.0,0.5,0.5,0.0,tannin,0.7850834376852581
326.1877285,326.1875356,326.1876443,C17 H30 O3 S1 13C1,20.0,30.0,3.0,1.0,0.0,1.0,0.0,0.0,0.16666666666666666,1.5789473684210527,0.0,lipid,0.8902889121747182
326.1877285,326.1875356,326.1874005,C19 H25 O2 N3,19.0,25.0,2.0,0.0,3.0,0.0,0.0,0.0,0.10526315789473684,1.3157894736842106,0.15789473684210525,peptide,0.9160822460157553
326.1327347,326.1325418,326.1326313,C15 H22 O7 13C1,18.0,22.0,7.0,0.0,0.0,1.0,0.0,0.0,0.4375,1.2941176470588236,0.0,lignin,0.9066124703141158
326.1246086,326.1244158,326.1245255,C15 H21 O7 N1,15.0,21.0,7.0,0.0,1.0,0.0,0.0,0.0,0.4666666666666667,1.4,0.06666666666666667,lipid,0.4976380297228415
326.0965289,326.0963361,326.0962458,C14 H18 O8 13C1,17.0,18.0,8.0,0.0,0.0,1.0,0.0,0.0,0.5333333333333333,1.125,0.0,lignin,0.9237737389172551
326.0884373,326.0882445,326.08814,C14 H17 O8 N1,14.0,17.0,8.0,0.0,1.0,0.0,0.0,0.0,0.5714285714285714,1.2142857142857142,0.07142857142857142,lipid,0.4772918993136862
326.0599545,326.0597618,326.0598603,C13 H14 O9 13C1,16.0,14.0,9.0,0.0,0.0,1.0,0.0,0.0,0.6428571428571429,0.9333333333333333,0.0,tannin,0.7958826218053342
326.0518739,326.0516811,326.0517545,C13 H13 O9 N1,13.0,13.0,9.0,0.0,1.0,0.0,0.0,0.0,0.6923076923076923,1.0,0.07692307692307693,lignin,0.38719384547846436
325.1868543,325.1866625,325.1867914,C14 H30 O8,14.0,30.0,8.0,0.0,0.0,0.0,0.0,0.0,0.5714285714285714,2.142857142857143,0.0,carbohydrate,0.7729222869373888
325.1843836,325.1841918,325.1842895,C18 H30 O3 S1,18.0,30.0,3.0,1.0,0.0,0.0,0.0,0.0,0.16666666666666666,1.6666666666666667,0.0,lipid,0.8822113705269883
325.1657747,325.165583,325.165662,C17 H26 O6,17.0,26.0,6.0,0.0,0.0,0.0,0.0,0.0,0.35294117647058826,1.5294117647058822,0.0,lipid,0.7160140203972478
325.1295032,325.1293115,325.1292765,C16 H22 O7,16.0,22.0,7.0,0.0,0.0,0.0,0.0,0.0,0.4375,1.375,0.0,lignin,0.9047628663610073
325.1042041,325.1040124,325.1041244,C14 H18 O7 N2,14.0,18.0,7.0,0.0,2.0,0.0,0.0,0.0,0.5,1.2857142857142858,0.14285714285714285,lipid,0.5316388157661426
325.0930763,325.0928846,325.092891,C15 H18 O8,15.0,18.0,8.0,0.0,0.0,0.0,0.0,0.0,0.5333333333333333,1.2,0.0,lignin,0.9091289867108088
325.0720382,325.0718465,325.0717616,C18 H14 O6,18.0,14.0,6.0,0.0,0.0,0.0,0.0,0.0,0.3333333333333333,0.7777777777777778,0.0,tannin,0.8942461798825987
325.0566345,325.0564428,325.0565055,C14 H14 O9,14.0,14.0,9.0,0.0,0.0,0.0,0.0,0.0,0.6428571428571429,1.0,0.0,lignin,0.5735218192254044
325.0354929,325.0353012,325.0353761,C17 H10 O7,17.0,10.0,7.0,0.0,0.0,0.0,0.0,0.0,0.4117647058823529,0.5882352941176471,0.0,tannin,0.921134572289931
325.020421,325.0202294,325.02012,C13 H10 O10,13.0,10.0,10.0,0.0,0.0,0.0,0.0,0.0,0.7692307692307693,0.7692307692307693,0.0,tannin,0.67006359352341
324.1534892,324.1532985,324.1533668,C16 H24 O6 13C1,19.0,24.0,6.0,0.0,0.0,1.0,0.0,0.0,0.35294117647058826,1.3333333333333333,0.0,lignin,0.90679924547584
324.1171479,324.1169573,324.1169813,C15 H20 O7 13C1,18.0,20.0,7.0,0.0,0.0,1.0,0.0,0.0,0.4375,1.1764705882352942,0.0,lignin,0.910278582925655
324.108959,324.1087684,324.1088754,C15 H19 O7 N1,15.0,19.0,7.0,0.0,1.0,0.0,0.0,0.0,0.4666666666666667,1.2666666666666666,0.06666666666666667,lignin,0.521867091381777
324.0808513,324.0806607,324.0805958,C14 H16 O8 13C1,17.0,16.0,8.0,0.0,0.0,1.0,0.0,0.0,0.5333333333333333,1.0,0.0,lignin,0.5721109023916758
324.0727787,324.0725881,324.0724899,C14 H15 O8 N1,14.0,15.0,8.0,0.0,1.0,0.0,0.0,0.0,0.5714285714285714,1.0714285714285714,0.07142857142857142,peptide,0.3983835824889817
324.0443004,324.0441098,324.0442103,C13 H12 O9 13C1,16.0,12.0,9.0,0.0,0.0,1.0,0.0,0.0,0.6428571428571429,0.8,0.0,tannin,0.9137016134830018
323.1866362,323.1864465,323.1863975,C18 H28 O5,18.0,28.0,5.0,0.0,0.0,0.0,0.0,0.0,0.2777777777777778,1.5555555555555556,0.0,lipid,0.8814264347739901
323.1687391,323.1685495,323.1686394,C18 H28 O3 S1,18.0,28.0,3.0,1.0,0.0,0.0,0.0,0.0,0.16666666666666666,1.5555555555555556,0.0,lipid,0.8901837850513254
323.1502369,323.1500473,323.150012,C17 H24 O6,17.0,24.0,6.0,0.0,0.0,0.0,0.0,0.0,0.35294117647058826,1.411764705882353,0.0,lignin,0.9048677054393195
323.113763,323.1135735,323.1136264,C16 H20 O7,16.0,20.0,7.0,0.0,0.0,0.0,0.0,0.0,0.4375,1.25,0.0,lignin,0.907036698688391
323.0886342,323.0884446,323.0884743,C14 H16 O7 N2,14.0,16.0,7.0,0.0,2.0,0.0,0.0,0.0,0.5,1.1428571428571428,0.14285714285714285,peptide,0.7458920155690014
323.077505,323.0773155,323.0772409,C15 H16 O8,15.0,16.0,8.0,0.0,0.0,0.0,0.0,0.0,0.5333333333333333,1.0666666666666667,0.0,lignin,0.8429361191241875
323.0562979,323.0561084,323.0561116,C18 H12 O6,18.0,12.0,6.0,0.0,0.0,0.0,0.0,0.0,0.3333333333333333,0.6666666666666666,0.0,tannin,0.9124901975576322
323.0409242,323.0407347,323.0408554,C14 H12 O9,14.0,12.0,9.0,0.0,0.0,0.0,0.0,0.0,0.6428571428571429,0.8571428571428571,0.0,tannin,0.9130330695696403
323.0047342,323.0045447,323.0044699,C13 H8 O10,13.0,8.0,10.0,0.0,0.0,0.0,0.0,0.0,0.7692307692307693,0.6153846153846154,0.0,lipid,0.6820686303993444
322.1379663,322.1377778,322.1377167,C16 H22 O6 13C1,19.0,22.0,6.0,0.0,0.0,1.0,0.0,0.0,0.35294117647058826,1.2222222222222223,0.0,lignin,0.9096131825383956
322.1014933,322.1013048,322.1013312,C15 H18 O7 13C1,18.0,18.0,7.0,0.0,0.0,1.0,0.0,0.0,0.4375,1.0588235294117647,0.0,lignin,0.8432326275800237
322.0934716,322.0932832,322.0932254,C15 H17 O7 N1,15.0,17.0,7.0,0.0,1.0,0.0,0.0,0.0,0.4666666666666667,1.1333333333333333,0.06666666666666667,lignin,0.4228879446106621
322.0650726,322.0648842,322.0649457,C14 H14 O8 13C1,17.0,14.0,8.0,0.0,0.0,1.0,0.0,0.0,0.5333333333333333,0.875,0.0,tannin,0.9012970894146269
322.056918,322.0567295,322.0568398,C14 H13 O8 N1,14.0,13.0,8.0,0.0,1.0,0.0,0.0,0.0,0.5714285714285714,0.9285714285714286,0.07142857142857142,tannin,0.8144598428460108
321.1710263,321.1708389,321.1707474,C18 H26 O5,18.0,26.0,5.0,0.0,0.0,0.0,0.0,0.0,0.2777777777777778,1.4444444444444444,0.0,lignin,0.5942078368315012
321.1344449,321.1342575,321.1343619,C17 H22 O6,17.0,22.0,6.0,0.0,0.0,0.0,0.0,0.0,0.35294117647058826,1.2941176470588236,0.0,lignin,0.9069863453203244
321.0982487,321.0980613,321.0979764,C16 H18 O7,16.0,18.0,7.0,0.0,0.0,0.0,0.0,0.0,0.4375,1.125,0.0,lignin,0.9281711119997358
321.0729008,321.0727134,321.0728243,C14 H14 O7 N2,14.0,14.0,7.0,0.0,2.0,0.0,0.0,0.0,0.5,1.0,0.14285714285714285,peptide,0.9143013170571621
321.0617384,321.0615511,321.0615909,C15 H14 O8,15.0,14.0,8.0,0.0,0.0,0.0,0.0,0.0,0.5333333333333333,0.9333333333333333,0.0,tannin,0.7840332762336347
321.0253346,321.0251473,321.0252054,C14 H10 O9,14.0,10.0,9.0,0.0,0.0,0.0,0.0,0.0,0.6428571428571429,0.7142857142857143,0.0,tannin,0.9399041635028704
321.0229052,321.0227179,321.0227034,C18 H10 O4 S1,18.0,10.0,4.0,1.0,0.0,0.0,0.0,0.0,0.2222222222222222,0.5555555555555556,0.0,pah,0.9202675438676484
320.1222672,320.1220809,320.1220667,C16 H20 O6 13C1,19.0,20.0,6.0,0.0,0.0,1.0,0.0,0.0,0.35294117647058826,1.1111111111111112,0.0,lignin,0.9100743384890304
320.0859172,320.0857309,320.0856812,C15 H16 O7 13C1,18.0,16.0,7.0,0.0,0.0,1.0,0.0,0.0,0.4375,0.9411764705882353,0.0,lignin,0.5704044998867939
319.1552514,319.1550661,319.1550973,C18 H24 O5,18.0,24.0,5.0,0.0,0.0,0.0,0.0,0.0,0.2777777777777778,1.3333333333333333,0.0,lignin,0.9045674047660588
319.1189778,319.1187926,319.1187118,C17 H20 O6,17.0,20.0,6.0,0.0,0.0,0.0,0.0,0.0,0.35294117647058826,1.1764705882352942,0.0,lignin,0.9098301761641032
319.0857672,319.085582,319.0856976,C13 H20 O7 S1,13.0,20.0,7.0,1.0,0.0,0.0,0.0,0.0,0.5384615384615384,1.5384615384615385,0.0,lignin,0.7026133919583708
319.0823971,319.0822119,319.0823263,C16 H16 O7,16.0,16.0,7.0,0.0,0.0,0.0,0.0,0.0,0.4375,1.0,0.0,lignin,0.862641526263386
319.0672412,319.0670561,319.0670702,C12 H16 O10,12.0,16.0,10.0,0.0,0.0,0.0,0.0,0.0,0.8333333333333334,1.3333333333333333,0.0,carbohydrate,0.30090139719909903
319.0461919,319.0460068,319.0459408,C15 H12 O8,15.0,12.0,8.0,0.0,0.0,0.0,0.0,0.0,0.5333333333333333,0.8,0.0,tannin,0.91124042786297
319.0097134,319.0095282,319.0095553,C14 H8 O9,14.0,8.0,9.0,0.0,0.0,0.0,0.0,0.0,0.6428571428571429,0.5714285714285714,0.0,tannin,0.7882966462774905
318.070117,318.0699329,318.0700311,C15 H14 O7 13C1,18.0,14.0,7.0,0.0,0.0,1.0,0.0,0.0,0.4375,0.8235294117647058,0.0,tannin,0.896897073351122
317.1759676,317.1757844,317.1758328,C19 H26 O4,19.0,26.0,4.0,0.0,0.0,0.0,0.0,0.0,0.21052631578947367,1.368421052631579,0.0,lipid,0.5796664713817042
317.1395484,317.1393653,317.1394473,C18 H22 O5,18.0,22.0,5.0,0.0,0.0,0.0,0.0,0.0,0.2777777777777778,1.2222222222222223,0.0,lignin,0.9081903616676904
317.1242971,317.124114,317.1241911,C14 H22 O8,14.0,22.0,8.0,0.0,0.0,0.0,0.0,0.0,0.5714285714285714,1.5714285714285714,0.0,lignin,0.47433213823421305
317.1033113,317.1031283,317.1030618,C17 H18 O6,17.0,18.0,6.0,0.0,0.0,0.0,0.0,0.0,0.35294117647058826,1.0588235294117647,0.0,lignin,0.843911725188284
317.087996,317.087813,317.0878056,C13 H18 O9,13.0,18.0,9.0,0.0,0.0,0.0,0.0,0.0,0.6923076923076923,1.3846153846153846,0.0,lignin,0.7957154428994435
317.0667647,317.0665817,317.0666763,C16 H14 O7,16.0,14.0,7.0,0.0,0.0,0.0,0.0,0.0,0.4375,0.875,0.0,tannin,0.8998672778780167
317.0516304,317.0514474,317.0514201,C12 H14 O10,12.0,14.0,10.0,0.0,0.0,0.0,0.0,0.0,0.8333333333333334,1.1666666666666667,0.0,amino_sugar,0.4859696972798506
317.030548,317.030365,317.0302907,C15 H10 O8,15.0,10.0,8.0,0.0,0.0,0.0,0.0,0.0,0.5333333333333333,0.6666666666666666,0.0,tannin,0.9307492194568191
316.1121611,316.1119791,316.1118959,C13 H20 O8 13C1,16.0,20.0,8.0,0.0,0.0,1.0,0.0,0.0,0.5714285714285714,1.3333333333333333,0.0,lignin,0.9052546271045424
315.1450152,315.1448342,315.1449266,C15 H24 O7,15.0,24.0,7.0,0.0,0.0,0.0,0.0,0.0,0.4666666666666667,1.6,0.0,lipid,0.7116837103355633
315.1240791,315.1238982,315.1237972,C18 H20 O5,18.0,20.0,5.0,0.0,0.0,0.0,0.0,0.0,0.2777777777777778,1.1111111111111112,0.0,lignin,0.9097054357798637
315.1086874,315.1085064,315.1085411,C14 H20 O8,14.0,20.0,8.0,0.0,0.0,0.0,0.0,0.0,0.5714285714285714,1.4285714285714286,0.0,lignin,0.8504219760522543
315.09087,315.0906891,315.090783,C14 H20 O6 S1,14.0,20.0,6.0,1.0,0.0,0.0,0.0,0.0,0.42857142857142855,1.4285714285714286,0.0,lignin,0.8932564514338068
315.0875188,315.0873379,315.0874117,C17 H16 O6,17.0,16.0,6.0,0.0,0.0,0.0,0.0,0.0,0.35294117647058826,0.9411764705882353,0.0,lignin,0.7442995420708639
315.0723896,315.0722087,315.0721556,C13 H16 O9,13.0,16.0,9.0,0.0,0.0,0.0,0.0,0.0,0.6923076923076923,1.2307692307692308,0.0,lignin,0.926408456407993
315.0512107,315.0510299,315.0510262,C16 H12 O7,16.0,12.0,7.0,0.0,0.0,0.0,0.0,0.0,0.4375,0.75,0.0,tannin,0.894733199841735
315.0358654,315.0356845,315.0357701,C12 H12 O10,12.0,12.0,10.0,0.0,0.0,0.0,0.0,0.0,0.8333333333333334,1.0,0.0,lignin,0.6260183538260626
315.0148986,315.0147178,315.0146407,C15 H8 O8,15.0,8.0,8.0,0.0,0.0,0.0,0.0,0.0,0.5333333333333333,0.5333333333333333,0.0,tannin,0.7852399352331972
314.1678867,314.1677068,314.1677901,C16 H28 O3 13C1 34S1,19.0,28.0,3.0,0.0,0.0,1.0,1.0,0.0,0.17647058823529413,1.5555555555555556,0.0,lipid,0.890314141982101
314.1327917,314.1326118,314.1326313,C14 H22 O7 13C1,17.0,22.0,7.0,0.0,0.0,1.0,0.0,0.0,0.4666666666666667,1.375,0.0,lignin,0.9041674657266652
314.0965085,314.0963287,314.0962458,C13 H18 O8 13C1,16.0,18.0,8.0,0.0,0.0,1.0,0.0,0.0,0.5714285714285714,1.2,0.0,lignin,0.9093247552103454
314.0599307,314.0597509,314.0598603,C12 H14 O9 13C1,15.0,14.0,9.0,0.0,0.0,1.0,0.0,0.0,0.6923076923076923,1.0,0.0,lignin,0.5602389964102461
313.1755726,313.1753937,313.1753491,C15 H28 O3 S1 13C2,21.0,28.0,3.0,1.0,0.0,2.0,0.0,0.0,0.17647058823529413,1.4736842105263157,0.0,lipid,0.8921499898929628
313.1730903,313.1729115,313.1728844,C17 H28 O2 S1 18O1,17.0,28.0,2.0,1.0,0.0,0.0,0.0,1.0,0.11764705882352941,1.6470588235294117,0.0,lipid,0.8901391690746024
313.1657788,313.1655999,313.165662,C16 H26 O6,16.0,26.0,6.0,0.0,0.0,0.0,0.0,0.0,0.375,1.625,0.0,lipid,0.8732189490299707
313.1645414,313.1643626,313.1644352,C17 H28 O3 34S1,17.0,28.0,3.0,0.0,0.0,0.0,1.0,0.0,0.17647058823529413,1.6470588235294117,0.0,lipid,0.8822285950887959
313.1295424,313.1293636,313.1292765,C15 H22 O7,15.0,22.0,7.0,0.0,0.0,0.0,0.0,0.0,0.4666666666666667,1.4666666666666666,0.0,lignin,0.8932949740161726
313.108245,313.1080662,313.1081471,C18 H18 O5,18.0,18.0,5.0,0.0,0.0,0.0,0.0,0.0,0.2777777777777778,1.0,0.0,lignin,0.8642138965399171
313.092992,313.0928132,313.092891,C14 H18 O8,14.0,18.0,8.0,0.0,0.0,0.0,0.0,0.0,0.5714285714285714,1.2857142857142858,0.0,lignin,0.9071074886977051
313.0720071,313.0718283,313.0717616,C17 H14 O6,17.0,14.0,6.0,0.0,0.0,0.0,0.0,0.0,0.35294117647058826,0.8235294117647058,0.0,tannin,0.8970157726425914
313.0566805,313.0565018,313.0565055,C13 H14 O9,13.0,14.0,9.0,0.0,0.0,0.0,0.0,0.0,0.6923076923076923,1.0769230769230769,0.0,lignin,0.7286129552825333
313.0354604,313.0352817,313.0353761,C16 H10 O7,16.0,10.0,7.0,0.0,0.0,0.0,0.0,0.0,0.4375,0.625,0.0,tannin,0.9276824606020526
313.0203506,313.0201719,313.02012,C12 H10 O10,12.0,10.0,10.0,0.0,0.0,0.0,0.0,0.0,0.8333333333333334,0.8333333333333334,0.0,lipid,0.57033008519073
312.1751678,312.17499,312.1751218,C15 H27 O2 S1 N3,15.0,27.0,2.0,1.0,3.0,0.0,0.0,0.0,0.13333333333333333,1.8,0.2,peptide,0.9102857728340744
312.1722525,312.1720747,312.1719942,C16 H28 O3 S1 13C1,19.0,28.0,3.0,1.0,0.0,1.0,0.0,0.0,0.17647058823529413,1.5555555555555556,0.0,lipid,0.890314141982101
312.1534769,312.1532992,312.1533668,C15 H24 O6 13C1,18.0,24.0,6.0,0.0,0.0,1.0,0.0,0.0,0.375,1.411764705882353,0.0,lignin,0.9048109853978274
312.1172275,312.1170498,312.1169813,C14 H20 O7 13C1,17.0,20.0,7.0,0.0,0.0,1.0,0.0,0.0,0.4666666666666667,1.25,0.0,lignin,0.9072139424982872
312.0806892,312.0805115,312.0805958,C13 H16 O8 13C1,16.0,16.0,8.0,0.0,0.0,1.0,0.0,0.0,0.5714285714285714,1.0666666666666667,0.0,lignin,0.8642256941631612
312.0726631,312.0724854,312.0724899,C13 H15 O8 N1,13.0,15.0,8.0,0.0,1.0,0.0,0.0,0.0,0.6153846153846154,1.1538461538461537,0.07692307692307693,lignin,0.36826172689513065
311.1688487,311.168672,311.1686394,C17 H28 O3 S1,17.0,28.0,3.0,1.0,0.0,0.0,0.0,0.0,0.17647058823529413,1.6470588235294117,0.0,lipid,0.8822285950887959
311.1501211,311.1499444,311.150012,C16 H24 O6,16.0,24.0,6.0,0.0,0.0,0.0,0.0,0.0,0.375,1.5,0.0,lignin,0.7448147334165314
311.1138759,311.1136992,311.1136264,C15 H20 O7,15.0,20.0,7.0,0.0,0.0,0.0,0.0,0.0,0.4666666666666667,1.3333333333333333,0.0,lignin,0.905445623874052
311.0885603,311.0883837,311.0884743,C13 H16 O7 N2,13.0,16.0,7.0,0.0,2.0,0.0,0.0,0.0,0.5384615384615384,1.2307692307692308,0.15384615384615385,peptide,0.7254165564460531
311.077333,311.0771564,311.0772409,C14 H16 O8,14.0,16.0,8.0,0.0,0.0,0.0,0.0,0.0,0.5714285714285714,1.1428571428571428,0.0,lignin,0.9094288774745186
311.0563666,311.05619,311.0561116,C17 H12 O6,17.0,12.0,6.0,0.0,0.0,0.0,0.0,0.0,0.35294117647058826,0.7058823529411765,0.0,tannin,0.8948755749220376
311.0409942,311.0408176,311.0408554,C13 H12 O9,13.0,12.0,9.0,0.0,0.0,0.0,0.0,0.0,0.6923076923076923,0.9230769230769231,0.0,tannin,0.7958478009662274
310.1777319,310.1775563,310.1774735,C13 H30 O5 S1 13C1,16.0,30.0,5.0,1.0,0.0,1.0,0.0,0.0,0.35714285714285715,2.0,0.0,lipid,0.8171169432836611
310.137807,310.1376314,310.1377167,C15 H22 O6 13C1,18.0,22.0,6.0,0.0,0.0,1.0,0.0,0.0,0.375,1.2941176470588236,0.0,lignin,0.907272837645843
310.1014297,310.1012541,310.1013312,C14 H18 O7 13C1,17.0,18.0,7.0,0.0,0.0,1.0,0.0,0.0,0.4666666666666667,1.125,0.0,lignin,0.9283669980570008
310.0933062,310.0931306,310.0932254,C14 H17 O7 N1,14.0,17.0,7.0,0.0,1.0,0.0,0.0,0.0,0.5,1.2142857142857142,0.07142857142857142,lignin,0.521736902023415
310.0570306,310.0568551,310.0568398,C13 H13 O8 N1,13.0,13.0,8.0,0.0,1.0,0.0,0.0,0.0,0.6153846153846154,1.0,0.07692307692307693,peptide,0.5405711411443912
309.174255,309.1740804,309.1741187,C14 H30 O5 S1,14.0,30.0,5.0,1.0,0.0,0.0,0.0,0.0,0.35714285714285715,2.142857142857143,0.0,lipid,0.8089954850825455
309.1708506,309.170676,309.1707474,C17 H26 O5,17.0,26.0,5.0,0.0,0.0,0.0,0.0,0.0,0.29411764705882354,1.5294117647058822,0.0,lipid,0.8811467659310711
309.1531031,309.1529285,309.1529893,C17 H26 O3 S1,17.0,26.0,3.0,1.0,0.0,0.0,0.0,0.0,0.17647058823529413,1.5294117647058822,0.0,lipid,0.8923341878089529
309.1346142,309.1344396,309.1343619,C16 H22 O6,16.0,22.0,6.0,0.0,0.0,0.0,0.0,0.0,0.375,1.375,0.0,lignin,0.9052931571745798
309.0981169,309.0979424,309.0979764,C15 H18 O7,15.0,18.0,7.0,0.0,0.0,0.0,0.0,0.0,0.4666666666666667,1.2,0.0,lignin,0.9101390468763044
309.061693,309.0615185,309.0615909,C14 H14 O8,14.0,14.0,8.0,0.0,0.0,0.0,0.0,0.0,0.5714285714285714,1.0,0.0,lignin,0.5720446024294819
309.0406253,309.0404508,309.0404615,C17 H10 O6,17.0,10.0,6.0,0.0,0.0,0.0,0.0,0.0,0.35294117647058826,0.5882352941176471,0.0,tannin,0.917679290371707
309.0254664,309.025292,309.0252054,C13 H10 O9,13.0,10.0,9.0,0.0,0.0,0.0,0.0,0.0,0.6923076923076923,0.7692307692307693,0.0,tannin,0.939281296660506
308.1222463,308.1220728,308.1220667,C15 H20 O6 13C1,18.0,20.0,6.0,0.0,0.0,1.0,0.0,0.0,0.375,1.1764705882352942,0.0,lignin,0.9099342691390827
308.0857615,308.0855881,308.0856812,C14 H16 O7 13C1,17.0,16.0,7.0,0.0,0.0,1.0,0.0,0.0,0.4666666666666667,1.0,0.0,lignin,0.8624192946455038
308.0776503,308.0774768,308.0775753,C14 H15 O7 N1,14.0,15.0,7.0,0.0,1.0,0.0,0.0,0.0,0.5,1.0714285714285714,0.07142857142857142,peptide,0.49775200046867374
307.1552796,307.1551072,307.1550973,C17 H24 O5,17.0,24.0,5.0,0.0,0.0,0.0,0.0,0.0,0.29411764705882354,1.411764705882353,0.0,lignin,0.9053276077154967
307.1187749,307.1186025,307.1187118,C16 H20 O6,16.0,20.0,6.0,0.0,0.0,0.0,0.0,0.0,0.375,1.25,0.0,lignin,0.9075261470429469
307.0825311,307.0823587,307.0823263,C15 H16 O7,15.0,16.0,7.0,0.0,0.0,0.0,0.0,0.0,0.4666666666666667,1.0666666666666667,0.0,lignin,0.8433518416039458
307.0612927,307.0611204,307.061197,C18 H12 O5,18.0,12.0,5.0,0.0,0.0,0.0,0.0,0.0,0.2777777777777778,0.6666666666666666,0.0,tannin,0.905312545454044
307.0461658,307.0459935,307.0459408,C14 H12 O8,14.0,12.0,8.0,0.0,0.0,0.0,0.0,0.0,0.5714285714285714,0.8571428571428571,0.0,tannin,0.9017889273276449
307.009633,307.0094608,307.0095553,C13 H8 O9,13.0,8.0,9.0,0.0,0.0,0.0,0.0,0.0,0.6923076923076923,0.6153846153846154,0.0,tannin,0.7903558615193844
306.106487,306.1063157,306.1064166,C15 H18 O6 13C1,18.0,18.0,6.0,0.0,0.0,1.0,0.0,0.0,0.375,1.0588235294117647,0.0,lignin,0.8434142194228947
306.0620003,306.0618291,306.0619252,C14 H13 O7 N1,14.0,13.0,7.0,0.0,1.0,0.0,0.0,0.0,0.5,0.9285714285714286,0.07142857142857142,tannin,0.8138293013131236
305.1396814,305.1395111,305.1394473,C17 H22 O5,17.0,22.0,5.0,0.0,0.0,0.0,0.0,0.0,0.29411764705882354,1.2941176470588236,0.0,lignin,0.9052773606958017
305.1031786,305.1030084,305.1030618,C16 H18 O6,16.0,18.0,6.0,0.0,0.0,0.0,0.0,0.0,0.375,1.125,0.0,lignin,0.911216335063996
305.0667784,305.0666082,305.0666763,C15 H14 O7,15.0,14.0,7.0,0.0,0.0,0.0,0.0,0.0,0.4666666666666667,0.9333333333333333,0.0,tannin,0.7832651107407665
305.0515264,305.0513562,305.0514201,C11 H14 O10,11.0,14.0,10.0,0.0,0.0,0.0,0.0,0.0,0.9090909090909091,1.2727272727272727,0.0,amino_sugar,0.501726437376768
305.0305314,305.0303612,305.0302907,C14 H10 O8,14.0,10.0,8.0,0.0,0.0,0.0,0.0,0.0,0.5714285714285714,0.7142857142857143,0.0,tannin,0.9230614178337297
303.2331611,303.2329928,303.2329537,C20 H32 O2,20.0,32.0,2.0,0.0,0.0,0.0,0.0,0.0,0.1,1.6,0.0,lipid,0.8900030029350748
303.1603414,303.1601733,303.1601827,C18 H24 O4,18.0,24.0,4.0,0.0,0.0,0.0,0.0,0.0,0.2222222222222222,1.3333333333333333,0.0,lignin,0.902505283637662
303.1239957,303.1238276,303.1237972,C17 H20 O5,17.0,20.0,5.0,0.0,0.0,0.0,0.0,0.0,0.29411764705882354,1.1764705882352942,0.0,lignin,0.9085966444248352
303.1087398,303.1085717,303.1085411,C13 H20 O8,13.0,20.0,8.0,0.0,0.0,0.0,0.0,0.0,0.6153846153846154,1.5384615384615385,0.0,lignin,0.4742162415340987
303.0875039,303.0873358,303.0874117,C16 H16 O6,16.0,16.0,6.0,0.0,0.0,0.0,0.0,0.0,0.375,1.0,0.0,lignin,0.8624003049079072
303.0723957,303.0722276,303.0721556,C12 H16 O9,12.0,16.0,9.0,0.0,0.0,0.0,0.0,0.0,0.75,1.3333333333333333,0.0,lignin,0.4618152684238982
303.0511323,303.0509642,303.0510262,C15 H12 O7,15.0,12.0,7.0,0.0,0.0,0.0,0.0,0.0,0.4666666666666667,0.8,0.0,tannin,0.8974578797074821
303.0358649,303.0356968,303.0357701,C11 H12 O10,11.0,12.0,10.0,0.0,0.0,0.0,0.0,0.0,0.9090909090909091,1.0909090909090908,0.0,amino_sugar,0.5768283632194564
303.0149006,303.0147326,303.0146407,C14 H8 O8,14.0,8.0,8.0,0.0,0.0,0.0,0.0,0.0,0.5714285714285714,0.5714285714285714,0.0,tannin,0.7892626902458832
302.0965019,302.0963349,302.0962458,C12 H18 O8 13C1,15.0,18.0,8.0,0.0,0.0,1.0,0.0,0.0,0.6153846153846154,1.2857142857142858,0.0,lignin,0.9066780968212612
301.1657377,301.1655717,301.165662,C15 H26 O6,15.0,26.0,6.0,0.0,0.0,0.0,0.0,0.0,0.4,1.7333333333333334,0.0,lipid,0.8712645013247865
301.1294405,301.1292745,301.1292765,C14 H22 O7,14.0,22.0,7.0,0.0,0.0,0.0,0.0,0.0,0.5,1.5714285714285714,0.0,lignin,0.5507544735712383
301.1082536,301.1080876,301.1081471,C17 H18 O5,17.0,18.0,5.0,0.0,0.0,0.0,0.0,0.0,0.29411764705882354,1.0588235294117647,0.0,lignin,0.8461548132082892
301.0931156,301.0929496,301.092891,C13 H18 O8,13.0,18.0,8.0,0.0,0.0,0.0,0.0,0.0,0.6153846153846154,1.3846153846153846,0.0,lignin,0.8964517436074741
301.0718658,301.0716998,301.0717616,C16 H14 O6,16.0,14.0,6.0,0.0,0.0,0.0,0.0,0.0,0.375,0.875,0.0,tannin,0.8998650526035679
301.0566099,301.0564439,301.0565055,C12 H14 O9,12.0,14.0,9.0,0.0,0.0,0.0,0.0,0.0,0.75,1.1666666666666667,0.0,lignin,0.7259760459799868
301.0356195,301.0354536,301.0353761,C15 H10 O7,15.0,10.0,7.0,0.0,0.0,0.0,0.0,0.0,0.4666666666666667,0.6666666666666666,0.0,tannin,0.9240365421690383
301.0201944,301.0200285,301.02012,C11 H10 O10,11.0,10.0,10.0,0.0,0.0,0.0,0.0,0.0,0.9090909090909091,0.9090909090909091,0.0,tannin,0.43262799590090256
300.1170561,300.1168912,300.1169813,C13 H20 O7 13C1,16.0,20.0,7.0,0.0,0.0,1.0,0.0,0.0,0.5,1.3333333333333333,0.0,lignin,0.9048093243903759
300.0807959,300.080631,300.0805958,C12 H16 O8 13C1,15.0,16.0,8.0,0.0,0.0,1.0,0.0,0.0,0.6153846153846154,1.1428571428571428,0.0,lignin,0.9094721489983396
300.0725816,300.0724167,300.0724899,C12 H15 O8 N1,12.0,15.0,8.0,0.0,1.0,0.0,0.0,0.0,0.6666666666666666,1.25,0.08333333333333333,lipid,0.6089350447371166
299.1598961,299.1597322,299.159699,C14 H26 O3 S1 13C2,20.0,26.0,3.0,1.0,0.0,2.0,0.0,0.0,0.1875,1.4444444444444444,0.0,lipid,0.8921930392897826
299.1502455,299.1500816,299.150012,C15 H24 O6,15.0,24.0,6.0,0.0,0.0,0.0,0.0,0.0,0.4,1.6,0.0,lipid,0.8729983397210679
299.1490159,299.148852,299.1487852,C16 H26 O3 34S1,16.0,26.0,3.0,0.0,0.0,0.0,1.0,0.0,0.1875,1.625,0.0,lipid,0.8822709247484879
299.1137689,299.113605,299.1136264,C14 H20 O7,14.0,20.0,7.0,0.0,0.0,0.0,0.0,0.0,0.5,1.4285714285714286,0.0,lignin,0.893753203162025
299.0926961,299.0925322,299.0924971,C17 H16 O5,17.0,16.0,5.0,0.0,0.0,0.0,0.0,0.0,0.29411764705882354,0.9411764705882353,0.0,lignin,0.7445404460059497
299.0773203,299.0771564,299.0772409,C13 H16 O8,13.0,16.0,8.0,0.0,0.0,0.0,0.0,0.0,0.6153846153846154,1.2307692307692308,0.0,lignin,0.9077610627429277
299.0563539,299.0561901,299.0561116,C16 H12 O6,16.0,12.0,6.0,0.0,0.0,0.0,0.0,0.0,0.375,0.75,0.0,tannin,0.8949448355186149
299.0410266,299.0408628,299.0408554,C12 H12 O9,12.0,12.0,9.0,0.0,0.0,0.0,0.0,0.0,0.75,1.0,0.0,lignin,0.6143878302007872
299.0198187,299.0196549,299.0197261,C15 H8 O7,15.0,8.0,7.0,0.0,0.0,0.0,0.0,0.0,0.4666666666666667,0.5333333333333333,0.0,tannin,0.7851535701100463
298.1564725,298.1563096,298.1563442,C15 H26 O3 S1 13C1,18.0,26.0,3.0,1.0,0.0,1.0,0.0,0.0,0.1875,1.5294117647058822,0.0,lipid,0.8925066563025237
298.1378186,298.1376558,298.1377167,C14 H22 O6 13C1,17.0,22.0,6.0,0.0,0.0,1.0,0.0,0.0,0.4,1.375,0.0,lignin,0.905278713574911
298.1014172,298.1012544,298.1013312,C13 H18 O7 13C1,16.0,18.0,7.0,0.0,0.0,1.0,0.0,0.0,0.5,1.2,0.0,lignin,0.9092044277043163
298.0932977,298.0931349,298.0932254,C13 H17 O7 N1,13.0,17.0,7.0,0.0,1.0,0.0,0.0,0.0,0.5384615384615384,1.3076923076923077,0.07692307692307693,lipid,0.5013609809301451
298.0651459,298.0649832,298.0649457,C12 H14 O8 13C1,15.0,14.0,8.0,0.0,0.0,1.0,0.0,0.0,0.6153846153846154,1.0,0.0,lignin,0.5736487527294252
297.1708231,297.1706613,297.1707474,C16 H26 O5,16.0,26.0,5.0,0.0,0.0,0.0,0.0,0.0,0.3125,1.625,0.0,lipid,0.8743855432343729
297.1531933,297.1530315,297.1529893,C16 H26 O3 S1,16.0,26.0,3.0,1.0,0.0,0.0,0.0,0.0,0.1875,1.625,0.0,lipid,0.8822709247484879
297.134476,297.1343142,297.1343619,C15 H22 O6,15.0,22.0,6.0,0.0,0.0,0.0,0.0,0.0,0.4,1.4666666666666666,0.0,lignin,0.8928775673518234
297.0981863,297.0980245,297.0979764,C14 H18 O7,14.0,18.0,7.0,0.0,0.0,0.0,0.0,0.0,0.5,1.2857142857142858,0.0,lignin,0.9062774855069333
297.0769217,297.07676,297.076847,C17 H14 O5,17.0,14.0,5.0,0.0,0.0,0.0,0.0,0.0,0.29411764705882354,0.8235294117647058,0.0,tannin,0.8931665346309803
297.0617906,297.0616289,297.0615909,C13 H14 O8,13.0,14.0,8.0,0.0,0.0,0.0,0.0,0.0,0.6153846153846154,1.0769230769230769,0.0,lignin,0.8659268173906154
297.0405995,297.0404378,297.0404615,C16 H10 O6,16.0,10.0,6.0,0.0,0.0,0.0,0.0,0.0,0.375,0.625,0.0,tannin,0.9210362883973877
297.0252726,297.025111,297.0252054,C12 H10 O9,12.0,10.0,9.0,0.0,0.0,0.0,0.0,0.0,0.75,0.8333333333333334,0.0,tannin,0.6698766772113024
296.1221452,296.1219845,296.1220667,C14 H20 O6 13C1,17.0,20.0,6.0,0.0,0.0,1.0,0.0,0.0,0.4,1.25,0.0,lignin,0.9078149949558847
296.0858839,296.0857233,296.0856812,C13 H16 O7 13C1,16.0,16.0,7.0,0.0,0.0,1.0,0.0,0.0,0.5,1.0666666666666667,0.0,lignin,0.8431630451364238
296.077693,296.0775323,296.0775753,C13 H15 O7 N1,13.0,15.0,7.0,0.0,1.0,0.0,0.0,0.0,0.5384615384615384,1.1538461538461537,0.07692307692307693,peptide,0.455945691167641
295.1552436,295.1550839,295.1550973,C16 H24 O5,16.0,24.0,5.0,0.0,0.0,0.0,0.0,0.0,0.3125,1.5,0.0,lipid,0.7224860294708886
295.1375668,295.1374071,295.1373393,C16 H24 O3 S1,16.0,24.0,3.0,1.0,0.0,0.0,0.0,0.0,0.1875,1.5,0.0,lipid,0.8923653989151393
295.1187763,295.1186166,295.1187118,C15 H20 O6,15.0,20.0,6.0,0.0,0.0,0.0,0.0,0.0,0.4,1.3333333333333333,0.0,lignin,0.9058026879544219
295.0824482,295.0822886,295.0823263,C14 H16 O7,14.0,16.0,7.0,0.0,0.0,0.0,0.0,0.0,0.5,1.1428571428571428,0.0,lignin,0.927359072794645
295.0613385,295.0611789,295.061197,C17 H12 O5,17.0,12.0,5.0,0.0,0.0,0.0,0.0,0.0,0.29411764705882354,0.7058823529411765,0.0,tannin,0.8946039585765598
295.0461608,295.0460013,295.0459408,C13 H12 O8,13.0,12.0,8.0,0.0,0.0,0.0,0.0,0.0,0.6153846153846154,0.9230769230769231,0.0,tannin,0.7960736267168709
295.0097512,295.0095917,295.0095553,C12 H8 O9,12.0,8.0,9.0,0.0,0.0,0.0,0.0,0.0,0.75,0.6666666666666666,0.0,lipid,0.6822706365270113
294.1826321,294.1824735,294.1825589,C13 H30 O4 S1 13C1,16.0,30.0,4.0,1.0,0.0,1.0,0.0,0.0,0.2857142857142857,2.0,0.0,lipid,0.8583090115554383
294.1066229,294.1064643,294.1064166,C14 H18 O6 13C1,17.0,18.0,6.0,0.0,0.0,1.0,0.0,0.0,0.4,1.125,0.0,lignin,0.9280167459800917
293.1794257,293.1792681,293.1792041,C14 H30 O4 S1,14.0,30.0,4.0,1.0,0.0,0.0,0.0,0.0,0.2857142857142857,2.142857142857143,0.0,lipid,0.8222571876662848
293.1760461,293.1758885,293.1758328,C17 H26 O4,17.0,26.0,4.0,0.0,0.0,0.0,0.0,0.0,0.23529411764705882,1.5294117647058822,0.0,lipid,0.8827441680191864
293.1396096,293.139452,293.1394473,C16 H22 O5,16.0,22.0,5.0,0.0,0.0,0.0,0.0,0.0,0.3125,1.375,0.0,lignin,0.9057663215566938
293.1031315,293.102974,293.1030618,C15 H18 O6,15.0,18.0,6.0,0.0,0.0,0.0,0.0,0.0,0.4,1.2,0.0,lignin,0.9100220258388896
293.0667708,293.0666133,293.0666763,C14 H14 O7,14.0,14.0,7.0,0.0,0.0,0.0,0.0,0.0,0.5,1.0,0.0,lignin,0.8622091928559257
293.0305012,293.0303438,293.0302907,C13 H10 O8,13.0,10.0,8.0,0.0,0.0,0.0,0.0,0.0,0.6153846153846154,0.7692307692307693,0.0,tannin,0.9140978506765494
291.1603919,291.1602364,291.1601827,C17 H24 O4,17.0,24.0,4.0,0.0,0.0,0.0,0.0,0.0,0.23529411764705882,1.411764705882353,0.0,lipid,0.7363760206943942
291.1239438,291.1237884,291.1237972,C16 H20 O5,16.0,20.0,5.0,0.0,0.0,0.0,0.0,0.0,0.3125,1.25,0.0,lignin,0.9062600150441158
291.087486,291.0873306,291.0874117,C15 H16 O6,15.0,16.0,6.0,0.0,0.0,0.0,0.0,0.0,0.4,1.0666666666666667,0.0,lignin,0.8441924481430643
291.051138,291.0509827,291.0510262,C14 H12 O7,14.0,12.0,7.0,0.0,0.0,0.0,0.0,0.0,0.5,0.8571428571428571,0.0,tannin,0.900463385564992
291.0148467,291.0146914,291.0146407,C13 H8 O8,13.0,8.0,8.0,0.0,0.0,0.0,0.0,0.0,0.6153846153846154,0.6153846153846154,0.0,tannin,0.7891795335763865
289.1446795,289.1445261,289.1445327,C17 H22 O4,17.0,22.0,4.0,0.0,0.0,0.0,0.0,0.0,0.23529411764705882,1.2941176470588236,0.0,lignin,0.902144967158568
289.1082318,289.1080784,289.1081471,C16 H18 O5,16.0,18.0,5.0,0.0,0.0,0.0,0.0,0.0,0.3125,1.125,0.0,lignin,0.9101632357087908
289.0931104,289.092957,289.092891,C12 H18 O8,12.0,18.0,8.0,0.0,0.0,0.0,0.0,0.0,0.6666666666666666,1.5,0.0,lignin,0.4461773194064481
289.0718416,289.0716883,289.0717616,C15 H14 O6,15.0,14.0,6.0,0.0,0.0,0.0,0.0,0.0,0.4,0.9333333333333333,0.0,tannin,0.7832171715320175
289.0566578,289.0565046,289.0565055,C11 H14 O9,11.0,14.0,9.0,0.0,0.0,0.0,0.0,0.0,0.8181818181818182,1.2727272727272727,0.0,lignin,0.397684160033345
289.0355428,289.0353896,289.0353761,C14 H10 O7,14.0,10.0,7.0,0.0,0.0,0.0,0.0,0.0,0.5,0.7142857142857143,0.0,tannin,0.9063384874475717
287.1289461,287.1287948,287.1288826,C17 H20 O4,17.0,20.0,4.0,0.0,0.0,0.0,0.0,0.0,0.23529411764705882,1.1764705882352942,0.0,lignin,0.9081083049875074
287.11384,287.1136887,287.1136264,C13 H20 O7,13.0,20.0,7.0,0.0,0.0,0.0,0.0,0.0,0.5384615384615384,1.5384615384615385,0.0,lignin,0.7026133919583708
287.0925809,287.0924296,287.0924971,C16 H16 O5,16.0,16.0,5.0,0.0,0.0,0.0,0.0,0.0,0.3125,1.0,0.0,lignin,0.8633540636777912
287.0773699,287.0772187,287.0772409,C12 H16 O8,12.0,16.0,8.0,0.0,0.0,0.0,0.0,0.0,0.6666666666666666,1.3333333333333333,0.0,lignin,0.9138029074417465
287.0562804,287.0561293,287.0561116,C15 H12 O6,15.0,12.0,6.0,0.0,0.0,0.0,0.0,0.0,0.4,0.8,0.0,tannin,0.8975543269195552
287.0409346,287.0407835,287.0408554,C11 H12 O9,11.0,12.0,9.0,0.0,0.0,0.0,0.0,0.0,0.8181818181818182,1.0909090909090908,0.0,lignin,0.7509042562909316
287.0199228,287.0197716,287.0197261,C14 H8 O7,14.0,8.0,7.0,0.0,0.0,0.0,0.0,0.0,0.5,0.5714285714285714,0.0,tannin,0.7854664477223119
286.1014879,286.1013377,286.1013312,C12 H18 O7 13C1,15.0,18.0,7.0,0.0,0.0,1.0,0.0,0.0,0.5384615384615384,1.2857142857142858,0.0,lignin,0.9057205235637241
286.0438955,286.0437453,286.0438163,C14 H10 O6 13C1,17.0,10.0,6.0,0.0,0.0,1.0,0.0,0.0,0.4,0.625,0.0,tannin,0.9276661107905401
285.1345423,285.1343931,285.1343619,C14 H22 O6,14.0,22.0,6.0,0.0,0.0,0.0,0.0,0.0,0.42857142857142855,1.5714285714285714,0.0,lipid,0.7130866258127092
285.0980867,285.0979376,285.0979764,C13 H18 O7,13.0,18.0,7.0,0.0,0.0,0.0,0.0,0.0,0.5384615384615384,1.3846153846153846,0.0,lignin,0.8933435193812288
285.0770125,285.0768634,285.076847,C16 H14 O5,16.0,14.0,5.0,0.0,0.0,0.0,0.0,0.0,0.3125,0.875,0.0,tannin,0.8959407956884882
285.0616688,285.0615197,285.0615909,C12 H14 O8,12.0,14.0,8.0,0.0,0.0,0.0,0.0,0.0,0.6666666666666666,1.1666666666666667,0.0,lignin,0.9291203410678861
285.0407033,285.0405542,285.0404615,C15 H10 O6,15.0,10.0,6.0,0.0,0.0,0.0,0.0,0.0,0.4,0.6666666666666666,0.0,tannin,0.9041022385939037
285.0252935,285.0251444,285.0252054,C11 H10 O9,11.0,10.0,9.0,0.0,0.0,0.0,0.0,0.0,0.8181818181818182,0.9090909090909091,0.0,tannin,0.41881397368295925
284.122193,284.1220449,284.1220667,C13 H20 O6 13C1,16.0,20.0,6.0,0.0,0.0,1.0,0.0,0.0,0.42857142857142855,1.3333333333333333,0.0,lignin,0.9058548173507341
284.085757,284.085609,284.0856812,C12 H16 O7 13C1,15.0,16.0,7.0,0.0,0.0,1.0,0.0,0.0,0.5384615384615384,1.1428571428571428,0.0,lignin,0.9260702404105812
283.2644954,283.2643482,283.2642539,C18 H36 O2,18.0,36.0,2.0,0.0,0.0,0.0,0.0,0.0,0.1111111111111111,2.0,0.0,lipid,0.9061389244673291
283.1552031,283.155056,283.1550973,C15 H24 O5,15.0,24.0,5.0,0.0,0.0,0.0,0.0,0.0,0.3333333333333333,1.6,0.0,lipid,0.8739355122937656
283.1375372,283.1373901,283.1373393,C15 H24 O3 S1,15.0,24.0,3.0,1.0,0.0,0.0,0.0,0.0,0.2,1.6,0.0,lipid,0.8823517546945855
283.1187882,283.1186411,283.1187118,C14 H20 O6,14.0,20.0,6.0,0.0,0.0,0.0,0.0,0.0,0.42857142857142855,1.4285714285714286,0.0,lignin,0.8932564514338068
283.0823899,283.0822429,283.0823263,C13 H16 O7,13.0,16.0,7.0,0.0,0.0,0.0,0.0,0.0,0.5384615384615384,1.2307692307692308,0.0,lignin,0.9076055335280667
283.061397,283.06125,283.061197,C16 H12 O5,16.0,12.0,5.0,0.0,0.0,0.0,0.0,0.0,0.3125,0.75,0.0,tannin,0.8952850246846318
283.0460459,283.0458989,283.0459408,C12 H12 O8,12.0,12.0,8.0,0.0,0.0,0.0,0.0,0.0,0.6666666666666666,1.0,0.0,lignin,0.5605802880553202
283.024988,283.024841,283.0248114,C15 H8 O6,15.0,8.0,6.0,0.0,0.0,0.0,0.0,0.0,0.4,0.5333333333333333,0.0,tannin,0.7837990412273999
282.1429938,282.1428477,282.1428021,C14 H22 O5 13C1,17.0,22.0,5.0,0.0,0.0,1.0,0.0,0.0,0.3333333333333333,1.375,0.0,lignin,0.9049860791837426
282.1066177,282.1064717,282.1064166,C13 H18 O6 13C1,16.0,18.0,6.0,0.0,0.0,1.0,0.0,0.0,0.42857142857142855,1.2,0.0,lignin,0.9099314539016465
281.248842,281.2486969,281.2486038,C18 H34 O2,18.0,34.0,2.0,0.0,0.0,0.0,0.0,0.0,0.1111111111111111,1.8888888888888888,0.0,lipid,0.905589844247711
281.139519,281.139374,281.1394473,C15 H22 O5,15.0,22.0,5.0,0.0,0.0,0.0,0.0,0.0,0.3333333333333333,1.4666666666666666,0.0,lignin,0.7489496520789436
281.1031587,281.1030137,281.1030618,C14 H18 O6,14.0,18.0,6.0,0.0,0.0,0.0,0.0,0.0,0.42857142857142855,1.2857142857142858,0.0,lignin,0.9066568926233805
281.0668282,281.0666833,281.0666763,C13 H14 O7,13.0,14.0,7.0,0.0,0.0,0.0,0.0,0.0,0.5384615384615384,1.0769230769230769,0.0,lignin,0.8434255650912711
281.0457079,281.045563,281.0455469,C16 H10 O5,16.0,10.0,5.0,0.0,0.0,0.0,0.0,0.0,0.3125,0.625,0.0,tannin,0.9145345924740316
281.0304762,281.0303313,281.0302907,C12 H10 O8,12.0,10.0,8.0,0.0,0.0,0.0,0.0,0.0,0.6666666666666666,0.8333333333333334,0.0,tannin,0.9132409419206375
280.127235,280.1270911,280.127152,C14 H20 O5 13C1,17.0,20.0,5.0,0.0,0.0,1.0,0.0,0.0,0.3333333333333333,1.25,0.0,lignin,0.9069741678335701
280.0908968,280.0907529,280.0907665,C13 H16 O6 13C1,16.0,16.0,6.0,0.0,0.0,1.0,0.0,0.0,0.42857142857142855,1.0666666666666667,0.0,lignin,0.8437591995130991
279.1602598,279.1601169,279.1601827,C16 H24 O4,16.0,24.0,4.0,0.0,0.0,0.0,0.0,0.0,0.25,1.5,0.0,lipid,0.8922588571663645
279.1239052,279.1237623,279.1237972,C15 H20 O5,15.0,20.0,5.0,0.0,0.0,0.0,0.0,0.0,0.3333333333333333,1.3333333333333333,0.0,lignin,0.906513060742221
279.0875656,279.0874227,279.0874117,C14 H16 O6,14.0,16.0,6.0,0.0,0.0,0.0,0.0,0.0,0.42857142857142855,1.1428571428571428,0.0,lignin,0.9102165861612423
279.051235,279.0510922,279.0510262,C13 H12 O7,13.0,12.0,7.0,0.0,0.0,0.0,0.0,0.0,0.5384615384615384,0.9230769230769231,0.0,tannin,0.7842560968661424
279.0148408,279.014698,279.0146407,C12 H8 O8,12.0,8.0,8.0,0.0,0.0,0.0,0.0,0.0,0.6666666666666666,0.6666666666666666,0.0,tannin,0.795703494273216
277.1446502,277.1445093,277.1445327,C16 H22 O4,16.0,22.0,4.0,0.0,0.0,0.0,0.0,0.0,0.25,1.375,0.0,lignin,0.9031208858652153
277.1082981,277.1081573,277.1081471,C15 H18 O5,15.0,18.0,5.0,0.0,0.0,0.0,0.0,0.0,0.3333333333333333,1.2,0.0,lignin,0.9095861290319831
277.0719513,277.0718106,277.0717616,C14 H14 O6,14.0,14.0,6.0,0.0,0.0,0.0,0.0,0.0,0.42857142857142855,1.0,0.0,lignin,0.861859969385858
277.0355832,277.0354425,277.0353761,C13 H10 O7,13.0,10.0,7.0,0.0,0.0,0.0,0.0,0.0,0.5384615384615384,0.7692307692307693,0.0,tannin,0.9115110647447672
275.1289687,275.1288299,275.1288826,C16 H20 O4,16.0,20.0,4.0,0.0,0.0,0.0,0.0,0.0,0.25,1.25,0.0,lignin,0.9026726199965422
275.0926076,275.0924689,275.0924971,C15 H16 O5,15.0,16.0,5.0,0.0,0.0,0.0,0.0,0.0,0.3333333333333333,1.0666666666666667,0.0,lignin,0.8451374959823872
275.0773352,275.0771965,275.0772409,C11 H16 O8,11.0,16.0,8.0,0.0,0.0,0.0,0.0,0.0,0.7272727272727273,1.4545454545454546,0.0,carbohydrate,0.5256300219332004
275.0562707,275.056132,275.0561116,C14 H12 O6,14.0,12.0,6.0,0.0,0.0,0.0,0.0,0.0,0.42857142857142855,0.8571428571428571,0.0,tannin,0.900244296294089
275.0409329,275.0407943,275.0408554,C10 H12 O9,10.0,12.0,9.0,0.0,0.0,0.0,0.0,0.0,0.9,1.2,0.0,amino_sugar,0.5172033241025229
275.0198995,275.0197609,275.0197261,C13 H8 O7,13.0,8.0,7.0,0.0,0.0,0.0,0.0,0.0,0.5384615384615384,0.6153846153846154,0.0,tannin,0.9256436521818306
273.113296,273.1131593,273.1132325,C16 H18 O4,16.0,18.0,4.0,0.0,0.0,0.0,0.0,0.0,0.25,1.125,0.0,lignin,0.9082270805164232
273.0981578,273.0980212,273.0979764,C12 H18 O7,12.0,18.0,7.0,0.0,0.0,0.0,0.0,0.0,0.5833333333333334,1.5,0.0,lignin,0.8464658120549464
273.076908,273.0767714,273.076847,C15 H14 O5,15.0,14.0,5.0,0.0,0.0,0.0,0.0,0.0,0.3333333333333333,0.9333333333333333,0.0,tannin,0.7916577455358652
273.0617874,273.0616507,273.0615909,C11 H14 O8,11.0,14.0,8.0,0.0,0.0,0.0,0.0,0.0,0.7272727272727273,1.2727272727272727,0.0,lignin,0.7298458775298075
273.0405241,273.0403875,273.0404615,C14 H10 O6,14.0,10.0,6.0,0.0,0.0,0.0,0.0,0.0,0.42857142857142855,0.7142857142857143,0.0,tannin,0.8980875694078769
273.0340075,273.0338709,273.0339368,C13 H10 O3 S1 N2,13.0,10.0,3.0,1.0,2.0,0.0,0.0,0.0,0.23076923076923078,0.7692307692307693,0.15384615384615385,tannin,0.6280646346487014
272.1504923,272.1503566,272.1503463,C13 H23 O5 N1,13.0,23.0,5.0,0.0,1.0,0.0,0.0,0.0,0.38461538461538464,1.7692307692307692,0.07692307692307693,lipid,0.8937749342465364
271.1188126,271.118678,271.1187118,C13 H20 O6,13.0,20.0,6.0,0.0,0.0,0.0,0.0,0.0,0.46153846153846156,1.5384615384615385,0.0,lignin,0.7446293899842557
271.0824399,271.0823053,271.0823263,C12 H16 O7,12.0,16.0,7.0,0.0,0.0,0.0,0.0,0.0,0.5833333333333334,1.3333333333333333,0.0,lignin,0.9052146535598047
271.061353,271.0612185,271.061197,C15 H12 O5,15.0,12.0,5.0,0.0,0.0,0.0,0.0,0.0,0.3333333333333333,0.8,0.0,tannin,0.8935997191079998
271.0460715,271.045937,271.0459408,C11 H12 O8,11.0,12.0,8.0,0.0,0.0,0.0,0.0,0.0,0.7272727272727273,1.0909090909090908,0.0,lignin,0.7339308886180688
271.0249886,271.0248541,271.0248114,C14 H8 O6,14.0,8.0,6.0,0.0,0.0,0.0,0.0,0.0,0.42857142857142855,0.5714285714285714,0.0,tannin,0.7852405946901516
270.1066259,270.1064923,270.1064166,C12 H18 O6 13C1,15.0,18.0,6.0,0.0,0.0,1.0,0.0,0.0,0.46153846153846156,1.2857142857142858,0.0,lignin,0.9067915252392107
269.1396277,269.1394951,269.1394473,C14 H22 O5,14.0,22.0,5.0,0.0,0.0,0.0,0.0,0.0,0.35714285714285715,1.5714285714285714,0.0,lipid,0.8735741301717322
269.1032462,269.1031136,269.1030618,C13 H18 O6,13.0,18.0,6.0,0.0,0.0,0.0,0.0,0.0,0.46153846153846156,1.3846153846153846,0.0,lignin,0.9040384826996298
269.0668473,269.0667148,269.0666763,C12 H14 O7,12.0,14.0,7.0,0.0,0.0,0.0,0.0,0.0,0.5833333333333334,1.1666666666666667,0.0,lignin,0.9093490624029845
269.0456181,269.0454856,269.0455469,C15 H10 O5,15.0,10.0,5.0,0.0,0.0,0.0,0.0,0.0,0.3333333333333333,0.6666666666666666,0.0,tannin,0.9124901975576322
269.0304921,269.0303596,269.0302907,C11 H10 O8,11.0,10.0,8.0,0.0,0.0,0.0,0.0,0.0,0.7272727272727273,0.9090909090909091,0.0,tannin,0.7957273902571307
268.0909011,268.0907696,268.0907665,C12 H16 O6 13C1,15.0,16.0,6.0,0.0,0.0,1.0,0.0,0.0,0.46153846153846156,1.1428571428571428,0.0,lignin,0.9104258950605457
267.1602737,267.1601431,267.1601827,C15 H24 O4,15.0,24.0,4.0,0.0,0.0,0.0,0.0,0.0,0.26666666666666666,1.6,0.0,lipid,0.8806662605616327
267.1438817,267.1437511,267.1436998,C12 H26 O4 34S1,12.0,26.0,4.0,0.0,0.0,0.0,1.0,0.0,0.3333333333333333,2.1666666666666665,0.0,lipid,0.8168826425494078
267.1238796,267.1237491,267.1237972,C14 H20 O5,14.0,20.0,5.0,0.0,0.0,0.0,0.0,0.0,0.35714285714285715,1.4285714285714286,0.0,lignin,0.9046643046803444
267.0875179,267.0873875,267.0874117,C13 H16 O6,13.0,16.0,6.0,0.0,0.0,0.0,0.0,0.0,0.46153846153846156,1.2307692307692308,0.0,lignin,0.9073347217780638
267.0663882,267.0662577,267.0662823,C16 H12 O4,16.0,12.0,4.0,0.0,0.0,0.0,0.0,0.0,0.25,0.75,0.0,tannin,0.8922047865757458
267.0511556,267.0510252,267.0510262,C12 H12 O7,12.0,12.0,7.0,0.0,0.0,0.0,0.0,0.0,0.5833333333333334,1.0,0.0,lignin,0.5720065116928554
267.0148012,267.0146708,267.0146407,C11 H8 O8,11.0,8.0,8.0,0.0,0.0,0.0,0.0,0.0,0.7272727272727273,0.7272727272727273,0.0,tannin,0.8008061848102155
266.1513169,266.1511874,266.1512588,C11 H26 O4 S1 13C1,14.0,26.0,4.0,1.0,0.0,1.0,0.0,0.0,0.3333333333333333,2.0,0.0,lipid,0.8215205188410775
265.1479728,265.1478443,265.147904,C12 H26 O4 S1,12.0,26.0,4.0,1.0,0.0,0.0,0.0,0.0,0.3333333333333333,2.1666666666666665,0.0,lipid,0.8168826425494078
265.1446354,265.1445069,265.1445327,C15 H22 O4,15.0,22.0,4.0,0.0,0.0,0.0,0.0,0.0,0.26666666666666666,1.4666666666666666,0.0,lipid,0.7345791380865465
265.1083121,265.1081837,265.1081471,C14 H18 O5,14.0,18.0,5.0,0.0,0.0,0.0,0.0,0.0,0.35714285714285715,1.2857142857142858,0.0,lignin,0.9070886687954006
265.0719292,265.0718008,265.0717616,C13 H14 O6,13.0,14.0,6.0,0.0,0.0,0.0,0.0,0.0,0.46153846153846156,1.0769230769230769,0.0,lignin,0.8439716776145929
265.050702,265.0505736,265.0506323,C16 H10 O4,16.0,10.0,4.0,0.0,0.0,0.0,0.0,0.0,0.25,0.625,0.0,tannin,0.6633503447945855
265.0355613,265.0354329,265.0353761,C12 H10 O7,12.0,10.0,7.0,0.0,0.0,0.0,0.0,0.0,0.5833333333333334,0.8333333333333334,0.0,tannin,0.9133312646648053
264.1242116,264.1240842,264.1241316,C14 H19 O4 N1,14.0,19.0,4.0,0.0,1.0,0.0,0.0,0.0,0.2857142857142857,1.3571428571428572,0.07142857142857142,lipid,0.9191596766210799
263.1290413,263.1289149,263.1288826,C15 H20 O4,15.0,20.0,4.0,0.0,0.0,0.0,0.0,0.0,0.26666666666666666,1.3333333333333333,0.0,lignin,0.90397454345255
263.0926039,263.0924775,263.0924971,C14 H16 O5,14.0,16.0,5.0,0.0,0.0,0.0,0.0,0.0,0.35714285714285715,1.1428571428571428,0.0,lignin,0.9097642540604726
263.0561969,263.0560706,263.0561116,C13 H12 O6,13.0,12.0,6.0,0.0,0.0,0.0,0.0,0.0,0.46153846153846156,0.9230769230769231,0.0,tannin,0.7834787405693147
263.0197882,263.0196619,263.0197261,C12 H8 O7,12.0,8.0,7.0,0.0,0.0,0.0,0.0,0.0,0.5833333333333334,0.6666666666666666,0.0,tannin,0.9304561612258558
261.1134154,261.113291,261.1132325,C15 H18 O4,15.0,18.0,4.0,0.0,0.0,0.0,0.0,0.0,0.26666666666666666,1.2,0.0,lignin,0.9082393104202463
261.0770104,261.0768861,261.076847,C14 H14 O5,14.0,14.0,5.0,0.0,0.0,0.0,0.0,0.0,0.35714285714285715,1.0,0.0,lignin,0.862631557568687
261.0405957,261.0404714,261.0404615,C13 H10 O6,13.0,10.0,6.0,0.0,0.0,0.0,0.0,0.0,0.46153846153846156,0.7692307692307693,0.0,tannin,0.8983211497176017
261.0041693,261.0040451,261.004076,C12 H6 O7,12.0,6.0,7.0,0.0,0.0,0.0,0.0,0.0,0.5833333333333334,0.5,0.0,tannin,0.7844062287788812
259.1187834,259.1186611,259.1187118,C12 H20 O6,12.0,20.0,6.0,0.0,0.0,0.0,0.0,0.0,0.5,1.6666666666666667,0.0,lipid,0.7172226999930574
259.097698,259.0975758,259.0975825,C15 H16 O4,15.0,16.0,4.0,0.0,0.0,0.0,0.0,0.0,0.26666666666666666,1.0666666666666667,0.0,lignin,0.8878085389684666
259.0824433,259.0823211,259.0823263,C11 H16 O7,11.0,16.0,7.0,0.0,0.0,0.0,0.0,0.0,0.6363636363636364,1.4545454545454546,0.0,lignin,0.8467123459812343
259.0612796,259.0611573,259.061197,C14 H12 O5,14.0,12.0,5.0,0.0,0.0,0.0,0.0,0.0,0.35714285714285715,0.8571428571428571,0.0,tannin,0.8961838323245772
259.0460948,259.0459725,259.0459408,C10 H12 O8,10.0,12.0,8.0,0.0,0.0,0.0,0.0,0.0,0.8,1.2,0.0,lignin,0.41917781237029106
259.0248705,259.0247483,259.0248114,C13 H8 O6,13.0,8.0,6.0,0.0,0.0,0.0,0.0,0.0,0.46153846153846156,0.6153846153846154,0.0,tannin,0.9218106417200765
257.1031673,257.103047,257.1030618,C12 H18 O6,12.0,18.0,6.0,0.0,0.0,0.0,0.0,0.0,0.5,1.5,0.0,lignin,0.8921176756629106
257.0821121,257.0819919,257.0819324,C15 H14 O4,15.0,14.0,4.0,0.0,0.0,0.0,0.0,0.0,0.26666666666666666,0.9333333333333333,0.0,tannin,0.6063659558673438
257.0667333,257.0666131,257.0666763,C11 H14 O7,11.0,14.0,7.0,0.0,0.0,0.0,0.0,0.0,0.6363636363636364,1.2727272727272727,0.0,lignin,0.9268304074883181
257.0456982,257.045578,257.0455469,C14 H10 O5,14.0,10.0,5.0,0.0,0.0,0.0,0.0,0.0,0.35714285714285715,0.7142857142857143,0.0,tannin,0.8964677636607272
257.0303618,257.0302416,257.0302907,C10 H10 O8,10.0,10.0,8.0,0.0,0.0,0.0,0.0,0.0,0.8,1.0,0.0,lignin,0.6240429625853448
256.2364945,256.2363751,256.2363086,C15 H32 O2 13C1,18.0,32.0,2.0,0.0,0.0,1.0,0.0,0.0,0.125,1.8823529411764706,0.0,lipid,0.9056873677192078
255.2331093,255.2329909,255.2329537,C16 H32 O2,16.0,32.0,2.0,0.0,0.0,0.0,0.0,0.0,0.125,2.0,0.0,lipid,0.9059248514837307
255.1238925,255.1237742,255.1237972,C13 H20 O5,13.0,20.0,5.0,0.0,0.0,0.0,0.0,0.0,0.38461538461538464,1.5384615384615385,0.0,lignin,0.5946110910281872
255.0874642,255.087346,255.0874117,C12 H16 O6,12.0,16.0,6.0,0.0,0.0,0.0,0.0,0.0,0.5,1.3333333333333333,0.0,lignin,0.9048093243903759
255.0664113,255.0662931,255.0662823,C15 H12 O4,15.0,12.0,4.0,0.0,0.0,0.0,0.0,0.0,0.26666666666666666,0.8,0.0,tannin,0.893892026892144
255.0511238,255.0510057,255.0510262,C11 H12 O7,11.0,12.0,7.0,0.0,0.0,0.0,0.0,0.0,0.6363636363636364,1.0909090909090908,0.0,lignin,0.819251149448624
255.0299771,255.029859,255.0298968,C14 H8 O5,14.0,8.0,5.0,0.0,0.0,0.0,0.0,0.0,0.35714285714285715,0.5714285714285714,0.0,tannin,0.7822948596851141
255.0148025,255.0146844,255.0146407,C10 H8 O8,10.0,8.0,8.0,0.0,0.0,0.0,0.0,0.0,0.8,0.8,0.0,lipid,0.5914282319538803
253.1446994,253.1445832,253.1445327,C14 H22 O4,14.0,22.0,4.0,0.0,0.0,0.0,0.0,0.0,0.2857142857142857,1.5714285714285714,0.0,lipid,0.8797174757539648
253.1083105,253.1081943,253.1081471,C13 H18 O5,13.0,18.0,5.0,0.0,0.0,0.0,0.0,0.0,0.38461538461538464,1.3846153846153846,0.0,lignin,0.9051901054029272
253.083153,253.0830368,253.082995,C11 H14 O5 N2,11.0,14.0,5.0,0.0,2.0,0.0,0.0,0.0,0.45454545454545453,1.2727272727272727,0.18181818181818182,peptide,0.9199239568239337
253.0718662,253.0717501,253.0717616,C12 H14 O6,12.0,14.0,6.0,0.0,0.0,0.0,0.0,0.0,0.5,1.1666666666666667,0.0,lignin,0.9103912299235002
253.03544,253.0353239,253.0353761,C11 H10 O7,11.0,10.0,7.0,0.0,0.0,0.0,0.0,0.0,0.6363636363636364,0.9090909090909091,0.0,tannin,0.7961131987020454
251.1290345,251.1289203,251.1288826,C14 H20 O4,14.0,20.0,4.0,0.0,0.0,0.0,0.0,0.0,0.2857142857142857,1.4285714285714286,0.0,lignin,0.7560461189897343
251.0925585,251.0924443,251.0924971,C13 H16 O5,13.0,16.0,5.0,0.0,0.0,0.0,0.0,0.0,0.38461538461538464,1.2307692307692308,0.0,lignin,0.9077613482008356
251.0562049,251.0560908,251.0561116,C12 H12 O6,12.0,12.0,6.0,0.0,0.0,0.0,0.0,0.0,0.5,1.0,0.0,lignin,0.8622091928559257
251.0198888,251.0197747,251.0197261,C11 H8 O7,11.0,8.0,7.0,0.0,0.0,0.0,0.0,0.0,0.6363636363636364,0.7272727272727273,0.0,tannin,0.9399092471439289
250.1450152,250.144902,250.144867,C14 H21 O3 N1,14.0,21.0,3.0,0.0,1.0,0.0,0.0,0.0,0.21428571428571427,1.5,0.07142857142857142,lipid,0.9189886722320315
249.1497665,249.1496543,249.149618,C15 H22 O3,15.0,22.0,3.0,0.0,0.0,0.0,0.0,0.0,0.2,1.4666666666666666,0.0,lipid,0.8924175718858759
249.1133657,249.1132536,249.1132325,C14 H18 O4,14.0,18.0,4.0,0.0,0.0,0.0,0.0,0.0,0.2857142857142857,1.2857142857142858,0.0,lignin,0.9049450682570892
249.0769036,249.0767915,249.076847,C13 H14 O5,13.0,14.0,5.0,0.0,0.0,0.0,0.0,0.0,0.38461538461538464,1.0769230769230769,0.0,lignin,0.8934356231196826
249.040573,249.0404609,249.0404615,C12 H10 O6,12.0,10.0,6.0,0.0,0.0,0.0,0.0,0.0,0.5,0.8333333333333334,0.0,tannin,0.9007746792811686
249.0042385,249.0041264,249.004076,C11 H6 O7,11.0,6.0,7.0,0.0,0.0,0.0,0.0,0.0,0.6363636363636364,0.5454545454545454,0.0,tannin,0.5979732399306645
247.097742,247.0976319,247.0975825,C14 H16 O4,14.0,16.0,4.0,0.0,0.0,0.0,0.0,0.0,0.2857142857142857,1.1428571428571428,0.0,lignin,0.9084836782648382
247.0613175,247.0612074,247.061197,C13 H12 O5,13.0,12.0,5.0,0.0,0.0,0.0,0.0,0.0,0.38461538461538464,0.9230769230769231,0.0,tannin,0.8997194921720985
247.0248654,247.0247553,247.0248114,C12 H8 O6,12.0,8.0,6.0,0.0,0.0,0.0,0.0,0.0,0.5,0.6666666666666666,0.0,tannin,0.9309895338802365
245.0820019,245.0818938,245.0819324,C14 H14 O4,14.0,14.0,4.0,0.0,0.0,0.0,0.0,0.0,0.2857142857142857,1.0,0.0,lignin,0.863990662410423
245.0456538,245.0455458,245.0455469,C13 H10 O5,13.0,10.0,5.0,0.0,0.0,0.0,0.0,0.0,0.38461538461538464,0.7692307692307693,0.0,tannin,0.8942705926314911
243.1238593,243.1237532,243.1237972,C12 H20 O5,12.0,20.0,5.0,0.0,0.0,0.0,0.0,0.0,0.4166666666666667,1.6666666666666667,0.0,lipid,0.87128940376898
243.0875669,243.0874609,243.0874117,C11 H16 O6,11.0,16.0,6.0,0.0,0.0,0.0,0.0,0.0,0.5454545454545454,1.4545454545454546,0.0,lignin,0.8502201887375536
243.0663886,243.0662825,243.0662823,C14 H12 O4,14.0,12.0,4.0,0.0,0.0,0.0,0.0,0.0,0.2857142857142857,0.8571428571428571,0.0,tannin,0.8965101819644475
243.0511119,243.0510058,243.0510262,C10 H12 O7,10.0,12.0,7.0,0.0,0.0,0.0,0.0,0.0,0.7,1.2,0.0,lignin,0.7434535905206876
243.0300425,243.0299365,243.0298968,C13 H8 O5,13.0,8.0,5.0,0.0,0.0,0.0,0.0,0.0,0.38461538461538464,0.6153846153846154,0.0,tannin,0.9210709914974882
242.1762294,242.1761243,242.1761671,C13 H25 O3 N1,13.0,25.0,3.0,0.0,1.0,0.0,0.0,0.0,0.23076923076923078,1.9230769230769231,0.07692307692307693,lipid,0.9053209326792453
241.217361,241.2172568,241.2173037,C15 H30 O2,15.0,30.0,2.0,0.0,0.0,0.0,0.0,0.0,0.13333333333333333,2.0,0.0,lipid,0.9057569255368791
241.1082492,241.1081451,241.1081471,C12 H18 O5,12.0,18.0,5.0,0.0,0.0,0.0,0.0,0.0,0.4166666666666667,1.5,0.0,lignin,0.8916126161298698
241.0719066,241.0718026,241.0717616,C11 H14 O6,11.0,14.0,6.0,0.0,0.0,0.0,0.0,0.0,0.5454545454545454,1.2727272727272727,0.0,lignin,0.9060880296627489
241.0507811,241.050677,241.0506323,C14 H10 O4,14.0,10.0,4.0,0.0,0.0,0.0,0.0,0.0,0.2857142857142857,0.7142857142857143,0.0,tannin,0.8941454755560695
241.0354323,241.0353282,241.0353761,C10 H10 O7,10.0,10.0,7.0,0.0,0.0,0.0,0.0,0.0,0.7,1.0,0.0,lignin,0.5602385084025351
240.0708134,240.0707103,240.0706998,C9 H12 O5 N2 13C1,12.0,12.0,5.0,0.0,2.0,1.0,0.0,0.0,0.5,1.0909090909090908,0.16666666666666666,peptide,0.9587371184786424
239.1289393,239.1288372,239.1288826,C13 H20 O4,13.0,20.0,4.0,0.0,0.0,0.0,0.0,0.0,0.3076923076923077,1.5384615384615385,0.0,lipid,0.8785598232218053
239.092634,239.092532,239.0924971,C12 H16 O5,12.0,16.0,5.0,0.0,0.0,0.0,0.0,0.0,0.4166666666666667,1.3333333333333333,0.0,lignin,0.9058502452250277
239.067501,239.067399,239.067345,C10 H12 O5 N2,10.0,12.0,5.0,0.0,2.0,0.0,0.0,0.0,0.5,1.2,0.2,peptide,0.9446431779820676
239.0561896,239.0560875,239.0561116,C11 H12 O6,11.0,12.0,6.0,0.0,0.0,0.0,0.0,0.0,0.5454545454545454,1.0909090909090908,0.0,lignin,0.8935237040172848
239.0198441,239.0197421,239.0197261,C10 H8 O7,10.0,8.0,7.0,0.0,0.0,0.0,0.0,0.0,0.7,0.8,0.0,tannin,0.9390056412125334
237.1132924,237.1131923,237.1132325,C13 H18 O4,13.0,18.0,4.0,0.0,0.0,0.0,0.0,0.0,0.3076923076923077,1.3846153846153846,0.0,lignin,0.905651917393319
237.0769995,237.0768994,237.076847,C12 H14 O5,12.0,14.0,5.0,0.0,0.0,0.0,0.0,0.0,0.4166666666666667,1.1666666666666667,0.0,lignin,0.9101366310233745
237.0405189,237.0404189,237.0404615,C11 H10 O6,11.0,10.0,6.0,0.0,0.0,0.0,0.0,0.0,0.5454545454545454,0.9090909090909091,0.0,tannin,0.7845621553687193
235.1704438,235.1703457,235.1703535,C15 H24 O2,15.0,24.0,2.0,0.0,0.0,0.0,0.0,0.0,0.13333333333333333,1.6,0.0,lipid,0.8900369760190856
235.0977084,235.0976103,235.0975825,C13 H16 O4,13.0,16.0,4.0,0.0,0.0,0.0,0.0,0.0,0.3076923076923077,1.2307692307692308,0.0,lignin,0.9058870715577665
235.0612856,235.0611876,235.061197,C12 H12 O5,12.0,12.0,5.0,0.0,0.0,0.0,0.0,0.0,0.4166666666666667,1.0,0.0,lignin,0.8619488432286584
235.0249414,235.0248434,235.0248114,C11 H8 O6,11.0,8.0,6.0,0.0,0.0,0.0,0.0,0.0,0.5454545454545454,0.7272727272727273,0.0,tannin,0.9058939826585796
233.1183861,233.11829,233.1183179,C14 H18 O3,14.0,18.0,3.0,0.0,0.0,0.0,0.0,0.0,0.21428571428571427,1.2857142857142858,0.0,lignin,0.9016105667272931
233.0820477,233.0819516,233.0819324,C13 H14 O4,13.0,14.0,4.0,0.0,0.0,0.0,0.0,0.0,0.3076923076923077,1.0769230769230769,0.0,lignin,0.8942166845419219
233.0456496,233.0455536,233.0455469,C12 H10 O5,12.0,10.0,5.0,0.0,0.0,0.0,0.0,0.0,0.4166666666666667,0.8333333333333334,0.0,tannin,0.8966890765751974
233.0092467,233.0091507,233.0091614,C11 H6 O6,11.0,6.0,6.0,0.0,0.0,0.0,0.0,0.0,0.5454545454545454,0.5454545454545454,0.0,tannin,0.7852676990578544
231.0663932,231.0662991,231.0662823,C13 H12 O4,13.0,12.0,4.0,0.0,0.0,0.0,0.0,0.0,0.3076923076923077,0.9230769230769231,0.0,tannin,0.7918915085239494
231.0299446,231.0298506,231.0298968,C12 H8 O5,12.0,8.0,5.0,0.0,0.0,0.0,0.0,0.0,0.4166666666666667,0.6666666666666666,0.0,tannin,0.9240809512036725
229.0718834,229.0717913,229.0717616,C10 H14 O6,10.0,14.0,6.0,0.0,0.0,0.0,0.0,0.0,0.6,1.4,0.0,lignin,0.8963414605396579
229.050743,229.0506509,229.0506323,C13 H10 O4,13.0,10.0,4.0,0.0,0.0,0.0,0.0,0.0,0.3076923076923077,0.7692307692307693,0.0,tannin,0.8946525159956454
229.0354291,229.035337,229.0353761,C9 H10 O7,9.0,10.0,7.0,0.0,0.0,0.0,0.0,0.0,0.7777777777777778,1.1111111111111112,0.0,lignin,0.7422357735362894
227.2017117,227.2016215,227.2016536,C14 H28 O2,14.0,28.0,2.0,0.0,0.0,0.0,0.0,0.0,0.14285714285714285,2.0,0.0,lipid,0.9055205789488294
227.0925495,227.0924593,227.0924971,C11 H16 O5,11.0,16.0,5.0,0.0,0.0,0.0,0.0,0.0,0.45454545454545453,1.4545454545454546,0.0,lignin,0.8935425816848204
227.0562273,227.0561372,227.0561116,C10 H12 O6,10.0,12.0,6.0,0.0,0.0,0.0,0.0,0.0,0.6,1.2,0.0,lignin,0.9088985068254877
226.0649988,226.0649097,226.0649457,C6 H14 O8 13C1,9.0,14.0,8.0,0.0,0.0,1.0,0.0,0.0,1.1428571428571428,1.75,0.0,carbohydrate,0.8692822360617993
225.113283,225.1131948,225.1132325,C12 H18 O4,12.0,18.0,4.0,0.0,0.0,0.0,0.0,0.0,0.3333333333333333,1.5,0.0,lignin,0.5945270525252891
225.0769462,225.076858,225.076847,C11 H14 O5,11.0,14.0,5.0,0.0,0.0,0.0,0.0,0.0,0.45454545454545453,1.2727272727272727,0.0,lignin,0.9069176293086985
225.0617193,225.0616311,225.0615909,C7 H14 O8,7.0,14.0,8.0,0.0,0.0,0.0,0.0,0.0,1.1428571428571428,2.0,0.0,carbohydrate,0.8689728520102848
225.0558068,225.0557187,225.0557176,C14 H10 O3,14.0,10.0,3.0,0.0,0.0,0.0,0.0,0.0,0.21428571428571427,0.7142857142857143,0.0,tannin,0.7313385039183444
225.0405997,225.0405115,225.0404615,C10 H10 O6,10.0,10.0,6.0,0.0,0.0,0.0,0.0,0.0,0.6,1.0,0.0,lignin,0.5737134724067522
223.0977078,223.0976216,223.0975825,C12 H16 O4,12.0,16.0,4.0,0.0,0.0,0.0,0.0,0.0,0.3333333333333333,1.3333333333333333,0.0,lignin,0.906513060742221
223.061258,223.0611718,223.061197,C11 H12 O5,11.0,12.0,5.0,0.0,0.0,0.0,0.0,0.0,0.45454545454545453,1.0909090909090908,0.0,lignin,0.8937506632373807
223.0248697,223.0247835,223.0248114,C10 H8 O6,10.0,8.0,6.0,0.0,0.0,0.0,0.0,0.0,0.6,0.8,0.0,tannin,0.9137100199361694
221.082045,221.0819608,221.0819324,C12 H14 O4,12.0,14.0,4.0,0.0,0.0,0.0,0.0,0.0,0.3333333333333333,1.1666666666666667,0.0,lignin,0.9097005124776955
221.0456156,221.0455314,221.0455469,C11 H10 O5,11.0,10.0,5.0,0.0,0.0,0.0,0.0,0.0,0.45454545454545453,0.9090909090909091,0.0,tannin,0.8998898128670006
221.009205,221.0091209,221.0091614,C10 H6 O6,10.0,6.0,6.0,0.0,0.0,0.0,0.0,0.0,0.6,0.6,0.0,tannin,0.789217485938302
219.0663307,219.0662484,219.0662823,C12 H12 O4,12.0,12.0,4.0,0.0,0.0,0.0,0.0,0.0,0.3333333333333333,1.0,0.0,lignin,0.8629539339309081
219.0299442,219.0298619,219.0298968,C11 H8 O5,11.0,8.0,5.0,0.0,0.0,0.0,0.0,0.0,0.45454545454545453,0.7272727272727273,0.0,tannin,0.8974844266373271
217.0507206,217.0506403,217.0506323,C12 H10 O4,12.0,10.0,4.0,0.0,0.0,0.0,0.0,0.0,0.3333333333333333,0.8333333333333334,0.0,tannin,0.8968438863472313
213.0769036,213.0768272,213.076847,C10 H14 O5,10.0,14.0,5.0,0.0,0.0,0.0,0.0,0.0,0.5,1.4,0.0,lignin,0.8942157648584118
211.0612845,211.0612101,211.061197,C10 H12 O5,10.0,12.0,5.0,0.0,0.0,0.0,0.0,0.0,0.5,1.2,0.0,lignin,0.9092044277043163
211.0248721,211.0247977,211.0248114,C9 H8 O6,9.0,8.0,6.0,0.0,0.0,0.0,0.0,0.0,0.6666666666666666,0.8888888888888888,0.0,tannin,0.796273519955208
209.0455973,209.0455248,209.0455469,C10 H10 O5,10.0,10.0,5.0,0.0,0.0,0.0,0.0,0.0,0.5,1.0,0.0,lignin,0.8622091928559257
191.0197963,191.0197411,191.0197261,C6 H8 O7,6.0,8.0,7.0,0.0,0.0,0.0,0.0,0.0,1.1666666666666667,1.3333333333333333,0.0,carbohydrate,0.6355150380324124
