,Unnamed: 0,m/z,Calibrated m/z,Calculated m/z,H/C,O/C,Molecular Formula,C,H,O,S,N,13C,34S,18O,N/C,compound_class,probability
0,0,661.3847067,661.3840246,661.3839751,0.980392157,0.0,C51 H50,51,50,0,0,0,0,0,0,0.0,pah,0.6478587273472172
1,1,661.3847067,661.3840246,661.3838367,2.066666667,0.433333333,C30 H62 O13 S1,30,62,13,1,0,0,0,0,0.0,lipid,0.9186299156741622
2,2,619.2401742,619.2395583,619.2396148,1.290322581,0.419354839,C31 H40 O13,31,40,13,0,0,0,0,0,0.0,lignin,0.9705896955301349
3,3,617.3584214,617.3578084,617.3576219,2.071428571,0.428571429,C28 H58 O12 S1,28,58,12,1,0,0,0,0,0.0,lipid,0.9186281769391049
4,4,607.2401374,607.23954,607.2396148,1.333333333,0.433333333,C30 H40 O13,30,40,13,0,0,0,0,0,0.0,lignin,0.9756877344497434
5,5,607.2039221,607.2033248,607.2032293,1.24137931,0.482758621,C29 H36 O14,29,36,14,0,0,0,0,0,0.0,lignin,0.957528174360258
6,6,605.2606945,605.2601001,605.2603503,1.35483871,0.387096774,C31 H42 O12,31,42,12,0,0,0,0,0,0.0,lignin,0.9704697352534752
7,7,605.2606945,605.2601001,605.2598372,0.772727273,0.022727273,C44 H34 O1 N2,44,34,1,0,2,0,0,0,0.045454545,pah,0.9993256783411099
8,8,605.2242964,605.223702,605.2239647,1.266666667,0.433333333,C30 H38 O13,30,38,13,0,0,0,0,0,0.0,lignin,0.9521435648074092
9,9,605.2242964,605.223702,605.2234517,0.697674419,0.046511628,C43 H30 O2 N2,43,30,2,0,2,0,0,0,0.046511628,pah,0.9744801735989
10,10,603.2450472,603.2444559,603.2447002,1.290322581,0.387096774,C31 H40 O12,31,40,12,0,0,0,0,0,0.0,lignin,0.9705978163971658
11,11,603.2450472,603.2444559,603.2441871,0.727272727,0.022727273,C44 H32 O1 N2,44,32,1,0,2,0,0,0,0.045454545,pah,0.974949529021093
12,12,603.2086363,603.2080451,603.2083147,1.2,0.433333333,C30 H36 O13,30,36,13,0,0,0,0,0,0.0,lignin,0.9576024648584847
13,13,603.2086363,603.2080451,603.2078016,0.651162791,0.046511628,C43 H28 O2 N2,43,28,2,0,2,0,0,0,0.046511628,pah,0.9740446297619736
14,14,597.255548,597.2549658,597.2547518,0.80952381,0.047619048,C42 H34 O2 N2,42,34,2,0,2,0,0,0,0.047619048,pah,0.9993555939220535
15,15,597.2192563,597.2186742,597.2188794,1.357142857,0.5,C28 H38 O14,28,38,14,0,0,0,0,0,0.0,lignin,0.9573881257620342
16,16,595.2401459,595.2395668,595.2396148,1.379310345,0.448275862,C29 H40 O13,29,40,13,0,0,0,0,0,0.0,lignin,0.9859870259675917
17,17,595.2039898,595.2034107,595.2032293,1.285714286,0.5,C28 H36 O14,28,36,14,0,0,0,0,0,0.0,lignin,0.9574678945546495
18,18,593.2610818,593.2605057,593.2603503,1.4,0.4,C30 H42 O12,30,42,12,0,0,0,0,0,0.0,lignin,0.9703860448749111
19,19,593.224818,593.224242,593.2239647,1.310344828,0.448275862,C29 H38 O13,29,38,13,0,0,0,0,0,0.0,lignin,0.9574600568353482
20,20,591.2455086,591.2449356,591.2447002,1.333333333,0.4,C30 H40 O12,30,40,12,0,0,0,0,0,0.0,lignin,0.9705077252731769
21,21,591.2090158,591.2084428,591.2083147,1.24137931,0.448275862,C29 H36 O13,29,36,13,0,0,0,0,0,0.0,lignin,0.9575427592363207
22,22,591.1724415,591.1718686,591.1719292,1.142857143,0.5,C28 H32 O14,28,32,14,0,0,0,0,0,0.0,lignin,0.9576497114833339
23,23,589.2295116,589.2289416,589.2290501,1.266666667,0.4,C30 H38 O12,30,38,12,0,0,0,0,0,0.0,lignin,0.9706454751417655
24,24,589.1930809,589.192511,589.1926646,1.172413793,0.448275862,C29 H34 O13,29,34,13,0,0,0,0,0,0.0,lignin,0.9576328414500945
25,25,589.1567269,589.156157,589.1562791,1.071428571,0.5,C28 H30 O14,28,30,14,0,0,0,0,0,0.0,lignin,0.9914043324868741
26,26,587.2140825,587.2135155,587.2134001,1.2,0.4,C30 H36 O12,30,36,12,0,0,0,0,0,0.0,lignin,0.970801070670565
27,27,583.2400085,583.2394475,583.2396148,1.428571429,0.464285714,C28 H40 O13,28,40,13,0,0,0,0,0,0.0,lignin,0.9497091835546192
28,28,583.2036939,583.203133,583.2032293,1.333333333,0.518518519,C27 H36 O14,27,36,14,0,0,0,0,0,0.0,lignin,0.9574068807219666
29,29,581.2247777,581.2242197,581.2239647,1.357142857,0.464285714,C28 H38 O13,28,38,13,0,0,0,0,0,0.0,lignin,0.9574015793604488
30,30,581.1883991,581.1878412,581.1875792,1.259259259,0.518518519,C27 H34 O14,27,34,14,0,0,0,0,0,0.0,lignin,0.9574915344679473
31,31,579.2813288,579.2807738,579.2805726,0.837209302,0.0,C43 H36 N2,43,36,0,0,2,0,0,0,0.046511628,pah,0.999429110751955
32,32,579.2449762,579.2444212,579.2447002,1.379310345,0.413793103,C29 H40 O12,29,40,12,0,0,0,0,0,0.0,lignin,0.9704193315559664
33,33,579.2449762,579.2444212,579.2441871,0.761904762,0.023809524,C42 H32 O1 N2,42,32,1,0,2,0,0,0,0.047619048,pah,0.999319950811185
34,34,579.2088543,579.2082993,579.2083147,1.285714286,0.464285714,C28 H36 O13,28,36,13,0,0,0,0,0,0.0,lignin,0.9574823222899702
35,35,579.1727111,579.1721562,579.1719292,1.185185185,0.518518519,C27 H32 O14,27,32,14,0,0,0,0,0,0.0,lignin,0.9575841412392139
36,36,577.2661319,577.2655798,577.2654356,1.4,0.366666667,C30 H42 O11,30,42,11,0,0,0,0,0,0.0,lignin,0.9703928957197476
37,37,577.2295015,577.2289496,577.2290501,1.310344828,0.413793103,C29 H38 O12,29,38,12,0,0,0,0,0,0.0,lignin,0.9705499186137075
38,38,577.1929786,577.1924267,577.1926646,1.214285714,0.464285714,C28 H34 O13,28,34,13,0,0,0,0,0,0.0,lignin,0.957570241397349
39,39,577.1929786,577.1924267,577.1921516,0.634146341,0.048780488,C41 H26 O2 N2,41,26,2,0,2,0,0,0,0.048780488,pah,0.973939436673079
40,40,575.2505773,575.2500282,575.2497856,1.333333333,0.366666667,C30 H40 O11,30,40,11,0,0,0,0,0,0.0,lignin,0.9705154790876106
41,41,575.2142151,575.2136661,575.2134001,1.24137931,0.413793103,C29 H36 O12,29,36,12,0,0,0,0,0,0.0,lignin,0.9758438449013827
42,42,575.1777439,575.177195,575.1770146,1.142857143,0.464285714,C28 H32 O13,28,32,13,0,0,0,0,0,0.0,lignin,0.9576664674595354
43,43,573.3318888,573.3313426,573.3314072,2.076923077,0.423076923,C26 H54 O11 S1,26,54,11,1,0,0,0,0,0.0,lipid,0.9186261785566545
44,44,573.2346699,573.2341239,573.2341355,1.266666667,0.366666667,C30 H38 O11,30,38,11,0,0,0,0,0,0.0,lignin,0.9706526614753747
45,45,573.1983854,573.1978395,573.19775,1.172413793,0.413793103,C29 H34 O12,29,34,12,0,0,0,0,0,0.0,lignin,0.975977107389137
46,46,571.2187999,571.2182569,571.2184854,1.2,0.366666667,C30 H36 O11,30,36,11,0,0,0,0,0,0.0,lignin,0.9708026627221076
47,47,571.2187999,571.2182569,571.2179724,0.651162791,0.0,C43 H28 N2,43,28,0,0,2,0,0,0,0.046511628,pah,0.9741868703992514
48,48,569.2243146,569.2237746,569.2239647,1.407407407,0.481481481,C27 H38 O13,27,38,13,0,0,0,0,0,0.0,lignin,0.9573423663781151
49,49,569.1878916,569.1873516,569.1875792,1.307692308,0.538461538,C26 H34 O14,26,34,14,0,0,0,0,0,0.0,lignin,0.9574275048616576
50,50,567.2452967,567.2447596,567.2447002,1.428571429,0.428571429,C28 H40 O12,28,40,12,0,0,0,0,0,0.0,lignin,0.9703325820491603
51,51,567.2087394,567.2082024,567.2083147,1.333333333,0.481481481,C27 H36 O13,27,36,13,0,0,0,0,0,0.0,lignin,0.9574211132290943
52,52,567.1723123,567.1717753,567.1719292,1.230769231,0.538461538,C26 H32 O14,26,32,14,0,0,0,0,0,0.0,lignin,0.9575176960295637
53,53,565.2662348,565.2657007,565.2654356,1.448275862,0.379310345,C29 H42 O11,29,42,11,0,0,0,0,0,0.0,lignin,0.9703103266426032
54,54,565.2296991,565.229165,565.2290501,1.357142857,0.428571429,C28 H38 O12,28,38,12,0,0,0,0,0,0.0,lignin,0.9704562634526621
55,55,565.1931195,565.1925855,565.1926646,1.259259259,0.481481481,C27 H34 O13,27,34,13,0,0,0,0,0,0.0,lignin,0.9575068538336108
56,56,565.1565799,565.1560459,565.1562791,1.153846154,0.538461538,C26 H30 O14,26,30,14,0,0,0,0,0,0.0,lignin,0.957616800981065
57,57,565.1565799,565.1560459,565.155766,0.564102564,0.076923077,C39 H22 O3 N2,39,22,3,0,2,0,0,0,0.051282051,pah,0.9734946710745171
58,58,565.120227,565.1196931,565.1198936,1.04,0.6,C25 H26 O15,25,26,15,0,0,0,0,0,0.0,lignin,0.9941021342720647
59,59,563.2869703,563.2864391,563.2861711,1.466666667,0.333333333,C30 H44 O10,30,44,10,0,0,0,0,0,0.0,lignin,0.7898420339283254
60,60,563.2503364,563.2498052,563.2497856,1.379310345,0.379310345,C29 H40 O11,29,40,11,0,0,0,0,0,0.0,lignin,0.9704266717334352
61,61,563.2137696,563.2132385,563.2134001,1.285714286,0.428571429,C28 H36 O12,28,36,12,0,0,0,0,0,0.0,lignin,0.9757642960559311
62,62,563.1773023,563.1767712,563.1770146,1.185185185,0.481481481,C27 H32 O13,27,32,13,0,0,0,0,0,0.0,lignin,0.9576006683816353
63,63,563.1773023,563.1767712,563.1765015,0.6,0.05,C40 H24 O2 N2,40,24,2,0,2,0,0,0,0.05,pah,0.9737260773887876
64,64,563.1410222,563.1404912,563.140629,1.076923077,0.538461538,C26 H28 O14,26,28,14,0,0,0,0,0,0.0,lignin,0.991380216447055
65,65,561.2709823,561.2704541,561.270521,1.4,0.333333333,C30 H42 O10,30,42,10,0,0,0,0,0,0.0,lignin,0.970399786393856
66,66,561.234575,561.2340468,561.2341355,1.310344828,0.379310345,C29 H38 O11,29,38,11,0,0,0,0,0,0.0,lignin,0.9705582786410698
67,67,561.1982153,561.1976871,561.19775,1.214285714,0.428571429,C28 H34 O12,28,34,12,0,0,0,0,0,0.0,lignin,0.952234708780721
68,68,561.1619113,561.1613832,561.1613645,1.111111111,0.481481481,C27 H30 O13,27,30,13,0,0,0,0,0,0.0,lignin,0.9920051789857529
69,69,561.1255548,561.1250268,561.124979,1.0,0.538461538,C26 H26 O14,26,26,14,0,0,0,0,0,0.0,lignin,0.9703011517807519
70,70,561.0893058,561.0887779,561.0885935,0.88,0.6,C25 H22 O15,25,22,15,0,0,0,0,0,0.0,tannin,0.9304710147340035
71,71,559.255209,559.2546837,559.254871,1.333333333,0.333333333,C30 H40 O10,30,40,10,0,0,0,0,0,0.0,lignin,0.9705216293685014
72,72,559.2188005,559.2182753,559.2184854,1.24137931,0.379310345,C29 H36 O11,29,36,11,0,0,0,0,0,0.0,lignin,0.9707067266317999
73,73,559.1825758,559.1820507,559.1820999,1.142857143,0.428571429,C28 H32 O12,28,32,12,0,0,0,0,0,0.0,lignin,0.9576820563069898
74,74,557.2399651,557.2394428,557.2392209,1.266666667,0.333333333,C30 H38 O10,30,38,10,0,0,0,0,0,0.0,lignin,0.9706529946584113
75,75,557.0940819,557.0935598,557.0936789,0.846153846,0.538461538,C26 H22 O14,26,22,14,0,0,0,0,0,0.0,tannin,0.9316132677269217
76,76,555.2089056,555.2083863,555.2083147,1.384615385,0.5,C26 H36 O13,26,36,13,0,0,0,0,0,0.0,lignin,0.9573591128338327
77,77,555.1724491,555.1719299,555.1719292,1.28,0.56,C25 H32 O14,25,32,14,0,0,0,0,0,0.0,lignin,0.9574503628556645
78,78,553.2657544,553.2652379,553.2654356,1.5,0.392857143,C28 H42 O11,28,42,11,0,0,0,0,0,0.0,lignin,0.9626018253753589
79,79,553.2293198,553.2288034,553.2290501,1.407407407,0.444444444,C27 H38 O12,27,38,12,0,0,0,0,0,0.0,lignin,0.9805427077260693
80,80,553.2293198,553.2288034,553.2285371,0.75,0.025,C40 H30 O1 N2,40,30,1,0,2,0,0,0,0.05,pah,0.9993142981145692
81,81,553.2212951,553.2207787,553.220675,0.894736842,0.052631579,C38 H34 O2 S1,38,34,2,1,0,0,0,0,0.0,pah,0.7653103243271628
82,82,553.1930976,553.1925813,553.1926646,1.307692308,0.5,C26 H34 O13,26,34,13,0,0,0,0,0,0.0,lignin,0.9574426367955164
83,83,553.1569166,553.1564004,553.1562791,1.2,0.56,C25 H30 O14,25,30,14,0,0,0,0,0,0.0,lignin,0.9575468063140754
84,84,551.2504927,551.2499793,551.2497856,1.428571429,0.392857143,C28 H40 O11,28,40,11,0,0,0,0,0,0.0,lignin,0.9703395241907963
85,85,551.2140899,551.2135765,551.2134001,1.333333333,0.444444444,C27 H36 O12,27,36,12,0,0,0,0,0,0.0,lignin,0.9574354427001559
86,86,551.1776353,551.1771219,551.1770146,1.230769231,0.5,C26 H32 O13,26,32,13,0,0,0,0,0,0.0,lignin,0.9575340220540269
87,87,551.1411388,551.1406255,551.140629,1.12,0.56,C25 H28 O14,25,28,14,0,0,0,0,0,0.0,lignin,0.9914294864851996
88,88,551.1046433,551.10413,551.1042435,1.0,0.625,C24 H24 O15,24,24,15,0,0,0,0,0,0.0,lignin,0.9698034415725345
89,89,549.2708097,549.2702991,549.270521,1.448275862,0.344827586,C29 H42 O10,29,42,10,0,0,0,0,0,0.0,lignin,0.9703168553134043
90,90,549.23437,549.2338595,549.2336224,0.731707317,0.0,C41 H30 N2,41,30,0,0,2,0,0,0,0.048780488,pah,0.9792246936630837
91,91,549.1981112,549.1976008,549.19775,1.259259259,0.444444444,C27 H34 O12,27,34,12,0,0,0,0,0,0.0,lignin,0.9575222464536439
92,92,549.1619383,549.1614279,549.1613645,1.153846154,0.5,C26 H30 O13,26,30,13,0,0,0,0,0,0.0,lignin,0.9576345413694088
93,93,547.2919605,547.2914529,547.2912565,1.466666667,0.3,C30 H44 O9,30,44,9,0,0,0,0,0,0.0,lipid,0.9312368666222822
94,94,547.2555564,547.2550488,547.254871,1.379310345,0.344827586,C29 H40 O10,29,40,10,0,0,0,0,0,0.0,lignin,0.9704340600637631
95,95,547.219081,547.2185734,547.2184854,1.285714286,0.392857143,C28 H36 O11,28,36,11,0,0,0,0,0,0.0,lignin,0.9706061127330404
96,96,547.1826011,547.1820936,547.1820999,1.185185185,0.444444444,C27 H32 O12,27,32,12,0,0,0,0,0,0.0,lignin,0.9576172720220997
97,97,547.1461481,547.1456406,547.1457144,1.076923077,0.5,C26 H28 O13,26,28,13,0,0,0,0,0,0.0,lignin,0.9914102868653515
98,98,547.1097204,547.109213,547.1093289,0.96,0.56,C25 H24 O14,25,24,14,0,0,0,0,0,0.0,tannin,0.5641265895307235
99,99,547.0733502,547.0728429,547.0729434,0.833333333,0.625,C24 H20 O15,24,20,15,0,0,0,0,0,0.0,tannin,0.9306859763623845
100,100,545.2759386,545.2754339,545.2756064,1.4,0.3,C30 H42 O9,30,42,9,0,0,0,0,0,0.0,lignin,0.9704050554519646
101,101,545.2397934,545.2392888,545.2392209,1.310344828,0.344827586,C29 H38 O10,29,38,10,0,0,0,0,0,0.0,lignin,0.9705650468188036
102,102,545.20358,545.2030754,545.2028354,1.214285714,0.392857143,C28 H34 O11,28,34,11,0,0,0,0,0,0.0,lignin,0.9707676326672674
103,103,545.1672241,545.1667196,545.1664499,1.111111111,0.444444444,C27 H30 O12,27,30,12,0,0,0,0,0,0.0,lignin,0.9920106652365372
104,104,545.0941622,545.0936577,545.0936789,0.88,0.56,C25 H22 O14,25,22,14,0,0,0,0,0,0.0,tannin,0.9313470047904099
105,105,545.0576208,545.0571164,545.0572933,0.75,0.625,C24 H18 O15,24,18,15,0,0,0,0,0,0.0,tannin,0.9319113416996034
106,106,543.2603302,543.2598284,543.2599563,1.333333333,0.3,C30 H40 O9,30,40,9,0,0,0,0,0,0.0,lignin,0.9705294805026463
107,107,543.2239528,543.2234511,543.2235708,1.24137931,0.344827586,C29 H36 O10,29,36,10,0,0,0,0,0,0.0,lignin,0.9707078344950293
108,108,543.1876786,543.1871769,543.1871853,1.142857143,0.392857143,C28 H32 O11,28,32,11,0,0,0,0,0,0.0,lignin,0.9768959717747843
109,109,543.1150364,543.1145348,543.1144143,0.923076923,0.5,C26 H24 O13,26,24,13,0,0,0,0,0,0.0,tannin,0.9311719589691905
110,110,543.0787372,543.0782357,543.0780288,0.8,0.56,C25 H20 O14,25,20,14,0,0,0,0,0,0.0,tannin,0.9318281763320279
111,111,541.2293913,541.2288925,541.2290501,1.461538462,0.461538462,C26 H38 O12,26,38,12,0,0,0,0,0,0.0,lignin,0.978308878475875
112,112,541.2081788,541.20768,541.2079208,1.172413793,0.344827586,C29 H34 O10,29,34,10,0,0,0,0,0,0.0,lignin,0.9717393933394847
113,113,541.1929098,541.192411,541.1926646,1.36,0.52,C25 H34 O13,25,34,13,0,0,0,0,0,0.0,lignin,0.9573775668018853
114,114,541.1929098,541.192411,541.1921516,0.684210526,0.052631579,C38 H26 O2 N2,38,26,2,0,2,0,0,0,0.052631579,pah,0.9744239974577645
115,115,541.1718435,541.1713448,541.1715353,1.071428571,0.392857143,C28 H30 O11,28,30,11,0,0,0,0,0,0.0,lignin,0.9767512709743734
116,116,541.1566439,541.1561452,541.1562791,1.25,0.583333333,C24 H30 O14,24,30,14,0,0,0,0,0,0.0,lignin,0.9574758062158502
117,117,541.0994203,541.0989217,541.0987642,0.846153846,0.5,C26 H22 O13,26,22,13,0,0,0,0,0,0.0,tannin,0.9317187654070838
118,118,539.2504279,539.2499319,539.2497856,1.481481481,0.407407407,C27 H40 O11,27,40,11,0,0,0,0,0,0.0,lignin,0.962628931741164
119,119,539.2139221,539.2134263,539.2134001,1.384615385,0.461538462,C26 H36 O12,26,36,12,0,0,0,0,0,0.0,lignin,0.9573732438586445
120,120,539.1773934,539.1768976,539.1770146,1.28,0.52,C25 H32 O13,25,32,13,0,0,0,0,0,0.0,lignin,0.9574664758360975
121,121,539.1408706,539.1403748,539.140629,1.166666667,0.583333333,C24 H28 O14,24,28,14,0,0,0,0,0,0.0,lignin,0.9575793467031899
122,122,539.1408706,539.1403748,539.140116,0.540540541,0.081081081,C37 H20 O3 N2,37,20,3,0,2,0,0,0,0.054054054,pah,0.9734043690982229
123,123,539.1198533,539.1193575,539.1194997,0.888888889,0.444444444,C27 H24 O12,27,24,12,0,0,0,0,0,0.0,tannin,0.9315691243303771
124,124,539.1046307,539.104135,539.1042435,1.043478261,0.652173913,C23 H24 O15,23,24,15,0,0,0,0,0,0.0,lignin,0.9940510009336295
125,125,539.0836075,539.0831118,539.0831142,0.769230769,0.5,C26 H20 O13,26,20,13,0,0,0,0,0,0.0,tannin,0.9322076577299736
126,126,537.2346442,537.2341512,537.2341355,1.407407407,0.407407407,C27 H38 O11,27,38,11,0,0,0,0,0,0.0,lignin,0.9703718981103633
127,127,537.1980997,537.1976068,537.19775,1.307692308,0.461538462,C26 H34 O12,26,34,12,0,0,0,0,0,0.0,lignin,0.9574578505368001
128,128,537.1616793,537.1611864,537.1613645,1.2,0.52,C25 H30 O13,25,30,13,0,0,0,0,0,0.0,lignin,0.957564276479147
129,129,537.1253735,537.1248807,537.124979,1.083333333,0.583333333,C24 H26 O14,24,26,14,0,0,0,0,0,0.0,lignin,0.9913546349942273
130,130,537.089157,537.0886642,537.0885935,0.956521739,0.652173913,C23 H22 O15,23,22,15,0,0,0,0,0,0.0,tannin,0.9298805559124659
131,131,535.2555573,535.2550672,535.254871,1.428571429,0.357142857,C28 H40 O10,28,40,10,0,0,0,0,0,0.0,lignin,0.9703465095182832
132,132,535.2189318,535.2184417,535.2184854,1.333333333,0.407407407,C27 H36 O11,27,36,11,0,0,0,0,0,0.0,lignin,0.9705060098474665
133,133,535.1823492,535.1818592,535.1820999,1.230769231,0.461538462,C26 H32 O12,26,32,12,0,0,0,0,0,0.0,lignin,0.9575504343732681
134,134,535.1459635,535.1454735,535.1457144,1.12,0.52,C25 H28 O13,25,28,13,0,0,0,0,0,0.0,lignin,0.9919929263272774
135,135,535.1097702,535.1092802,535.1093289,1.0,0.583333333,C24 H24 O14,24,24,14,0,0,0,0,0,0.0,lignin,0.9700255684872735
136,136,535.0736097,535.0731198,535.0729434,0.869565217,0.652173913,C23 H20 O15,23,20,15,0,0,0,0,0,0.0,tannin,0.9304200432335008
137,137,534.2430723,534.2425837,534.2425757,1.407407407,0.37037037,C27 H38 O10 13C1,28,38,10,0,0,1,0,0,0.0,lignin,0.9703794018627713
138,138,533.2761431,533.2756558,533.2756064,1.448275862,0.310344828,C29 H42 O9,29,42,9,0,0,0,0,0,0.0,lignin,0.7898441377352909
139,139,533.2396138,533.2391266,533.2392209,1.357142857,0.357142857,C28 H38 O10,28,38,10,0,0,0,0,0,0.0,lignin,0.9704721149348098
140,140,533.2031776,533.2026905,533.2028354,1.259259259,0.407407407,C27 H34 O11,27,34,11,0,0,0,0,0,0.0,lignin,0.9706599283695677
141,141,533.1668453,533.1663582,533.1664499,1.153846154,0.461538462,C26 H30 O12,26,30,12,0,0,0,0,0,0.0,lignin,0.957652349653127
142,142,533.1305897,533.1301027,533.1300644,1.04,0.52,C25 H26 O13,25,26,13,0,0,0,0,0,0.0,lignin,0.9942210423886999
143,143,533.0943796,533.0938926,533.0936789,0.916666667,0.583333333,C24 H22 O14,24,22,14,0,0,0,0,0,0.0,tannin,0.9302673366581466
144,144,533.0580367,533.0575498,533.0572933,0.782608696,0.652173913,C23 H18 O15,23,18,15,0,0,0,0,0,0.0,tannin,0.9308927229130027
145,145,531.3309175,531.3304331,531.3302254,1.371428571,0.057142857,C35 H48 O2 S1,35,48,2,1,0,0,0,0,0.0,lipid,0.9329216718895822
146,146,531.2602631,531.2597788,531.2599563,1.379310345,0.310344828,C29 H40 O9,29,40,9,0,0,0,0,0,0.0,lignin,0.9704398349573633
147,147,531.2240052,531.2235209,531.2235708,1.285714286,0.357142857,C28 H36 O10,28,36,10,0,0,0,0,0,0.0,lignin,0.970613591897035
148,148,531.1877556,531.1872714,531.1871853,1.185185185,0.407407407,C27 H32 O11,27,32,11,0,0,0,0,0,0.0,lignin,0.975951800339913
149,149,531.1514548,531.1509706,531.1507998,1.076923077,0.461538462,C26 H28 O12,26,28,12,0,0,0,0,0,0.0,lignin,0.9914454403787503
150,150,531.1150378,531.1145537,531.1144143,0.96,0.52,C25 H24 O13,25,24,13,0,0,0,0,0,0.0,tannin,0.5641631310438198
151,151,531.0786362,531.0781521,531.0780288,0.833333333,0.583333333,C24 H20 O14,24,20,14,0,0,0,0,0,0.0,tannin,0.9315711372741659
152,152,529.3054837,529.3050022,529.3051924,2.083333333,0.416666667,C24 H50 O10 S1,24,50,10,1,0,0,0,0,0.0,lipid,0.9186238576475144
153,153,529.2811523,529.2806709,529.2806918,1.4,0.266666667,C30 H42 O8,30,42,8,0,0,0,0,0,0.0,lignin,0.7898567047408911
154,154,529.2449628,529.2444814,529.2443063,1.310344828,0.310344828,C29 H38 O9,29,38,9,0,0,0,0,0,0.0,lignin,0.970573526713306
155,155,529.172233,529.1717517,529.1715353,1.111111111,0.407407407,C27 H30 O11,27,30,11,0,0,0,0,0,0.0,lignin,0.9770097410814911
156,156,529.1356207,529.1351394,529.1351497,1.0,0.461538462,C26 H26 O12,26,26,12,0,0,0,0,0,0.0,lignin,0.9717582884882099
157,157,529.0990796,529.0985984,529.0987642,0.88,0.52,C25 H22 O13,25,22,13,0,0,0,0,0,0.0,tannin,0.9314418841628755
158,158,529.0626561,529.0621749,529.0623787,0.75,0.583333333,C24 H18 O14,24,18,14,0,0,0,0,0,0.0,tannin,0.9320397213210013
159,159,527.2292094,527.2287308,527.2286562,1.24137931,0.310344828,C29 H36 O9,29,36,9,0,0,0,0,0,0.0,lignin,0.9715769725115981
160,160,527.2138632,527.2133847,527.2134001,1.44,0.48,C25 H36 O12,25,36,12,0,0,0,0,0,0.0,lignin,0.9496906665588899
161,161,527.1926382,527.1921598,527.1922707,1.142857143,0.357142857,C28 H32 O10,28,32,10,0,0,0,0,0,0.0,lignin,0.9718171250054594
162,162,527.1772941,527.1768156,527.1770146,1.333333333,0.541666667,C24 H32 O13,24,32,13,0,0,0,0,0,0.0,lignin,0.9573980077122435
163,163,527.1561859,527.1557075,527.1558852,1.037037037,0.407407407,C27 H28 O11,27,28,11,0,0,0,0,0,0.0,lignin,0.9952717686249143
164,164,527.1408986,527.1404202,527.140629,1.217391304,0.608695652,C23 H28 O14,23,28,14,0,0,0,0,0,0.0,lignin,0.9575042972856711
165,165,527.1198888,527.1194105,527.1194997,0.923076923,0.461538462,C26 H24 O12,26,24,12,0,0,0,0,0,0.0,tannin,0.9312481968136002
166,166,527.1047718,527.1042934,527.1042435,1.090909091,0.681818182,C22 H24 O15,22,24,15,0,0,0,0,0,0.0,lignin,0.9913041677920011
167,167,527.08374,527.0832616,527.0831142,0.8,0.52,C25 H20 O13,25,20,13,0,0,0,0,0,0.0,tannin,0.9319494840928172
168,168,525.2345852,525.2341095,525.2341355,1.461538462,0.423076923,C26 H38 O11,26,38,11,0,0,0,0,0,0.0,lignin,0.9626589877663188
169,169,525.1983683,525.1978927,525.19775,1.36,0.48,C25 H34 O12,25,34,12,0,0,0,0,0,0.0,lignin,0.9573925613554504
170,170,525.1620654,525.1615899,525.1613645,1.25,0.541666667,C24 H30 O13,24,30,13,0,0,0,0,0,0.0,lignin,0.9574930321401371
171,171,525.1256555,525.12518,525.124979,1.130434783,0.608695652,C23 H26 O14,23,26,14,0,0,0,0,0,0.0,lignin,0.9909786851743949
172,172,525.0891318,525.0886563,525.0885935,1.0,0.681818182,C22 H22 O15,22,22,15,0,0,0,0,0,0.0,lignin,0.8106640092920605
173,173,525.0678651,525.0673897,525.0674641,0.72,0.52,C25 H18 O13,25,18,13,0,0,0,0,0,0.0,tannin,0.932436346776998
174,174,523.2554124,523.2549396,523.254871,1.481481481,0.37037037,C27 H40 O10,27,40,10,0,0,0,0,0,0.0,lignin,0.9702605824455018
175,175,523.2189009,523.2184282,523.2184854,1.384615385,0.423076923,C26 H36 O11,26,36,11,0,0,0,0,0,0.0,lignin,0.9704079981509924
176,176,523.1824626,523.1819899,523.1820999,1.28,0.48,C25 H32 O12,25,32,12,0,0,0,0,0,0.0,lignin,0.9574826859920286
177,177,523.1461264,523.1456537,523.1457144,1.166666667,0.541666667,C24 H28 O13,24,28,13,0,0,0,0,0,0.0,lignin,0.9575981670618438
178,178,523.1098219,523.1093493,523.1093289,1.043478261,0.608695652,C23 H24 O14,23,24,14,0,0,0,0,0,0.0,lignin,0.9941067705663011
179,179,523.0735449,523.0730723,523.0729434,0.909090909,0.681818182,C22 H20 O15,22,20,15,0,0,0,0,0,0.0,tannin,0.9301365847357239
180,180,521.276148,521.275678,521.2756064,1.5,0.321428571,C28 H42 O9,28,42,9,0,0,0,0,0,0.0,lipid,0.9311242230264642
181,181,521.2399266,521.2394567,521.2392209,1.407407407,0.37037037,C27 H38 O10,27,38,10,0,0,0,0,0,0.0,lignin,0.9703794018627713
182,182,521.2035548,521.2030849,521.2028354,1.307692308,0.423076923,C26 H34 O11,26,34,11,0,0,0,0,0,0.0,lignin,0.970553032333138
183,183,521.1670098,521.16654,521.1664499,1.2,0.48,C25 H30 O12,25,30,12,0,0,0,0,0,0.0,lignin,0.9575818506588931
184,184,521.1304426,521.1299728,521.1300644,1.083333333,0.541666667,C24 H26 O13,24,26,13,0,0,0,0,0,0.0,lignin,0.9913833786248312
185,185,521.0939372,521.0934675,521.0936789,0.956521739,0.608695652,C23 H22 O14,23,22,14,0,0,0,0,0,0.0,tannin,0.9299390646123324
186,186,521.057715,521.0572453,521.0572933,0.818181818,0.681818182,C22 H18 O15,22,18,15,0,0,0,0,0,0.0,tannin,0.9306311000527467
187,187,520.255543,520.2550745,520.2552053,1.444444444,0.333333333,C27 H39 O9 N1,27,39,9,0,1,0,0,0,0.037037037,lipid,0.9324198023737953
188,188,520.227478,520.2270096,520.2269257,1.384615385,0.384615385,C26 H36 O10 13C1,27,36,10,0,0,1,0,0,0.0,lignin,0.9704160946722091
189,189,519.2967374,519.2962703,519.2963418,1.517241379,0.275862069,C29 H44 O8,29,44,8,0,0,0,0,0,0.0,lipid,0.9311901042582121
190,190,519.2601644,519.2596973,519.2599563,1.428571429,0.321428571,C28 H40 O9,28,40,9,0,0,0,0,0,0.0,lignin,0.9703535339899776
191,191,519.2239193,519.2234523,519.2235708,1.333333333,0.37037037,C27 H36 O10,27,36,10,0,0,0,0,0,0.0,lignin,0.9705146148402429
192,192,519.1877896,519.1873226,519.1871853,1.230769231,0.423076923,C26 H32 O11,26,32,11,0,0,0,0,0,0.0,lignin,0.9758618392099644
193,193,519.1514554,519.1509884,519.1507998,1.12,0.48,C25 H28 O12,25,28,12,0,0,0,0,0,0.0,lignin,0.99158432953186
194,194,519.0785498,519.078083,519.0780288,0.869565217,0.608695652,C23 H20 O14,23,20,14,0,0,0,0,0,0.0,tannin,0.9305149727336813
195,195,518.2478896,518.247424,518.2476611,1.407407407,0.333333333,C27 H38 O9 13C1,28,38,9,0,0,1,0,0,0.0,lignin,0.9703869536710865
196,196,518.2115238,518.2110583,518.2112756,1.307692308,0.384615385,C26 H34 O10 13C1,27,34,10,0,0,1,0,0,0.0,lignin,0.9705623891216846
197,197,517.2812196,517.2807553,517.2806918,1.448275862,0.275862069,C29 H42 O8,29,42,8,0,0,0,0,0,0.0,lipid,0.9313301614121416
198,198,517.2445895,517.2441253,517.2443063,1.357142857,0.321428571,C28 H38 O9,28,38,9,0,0,0,0,0,0.0,lignin,0.9704784666685814
199,199,517.2081321,517.2076679,517.2079208,1.259259259,0.37037037,C27 H34 O10,27,34,10,0,0,0,0,0,0.0,lignin,0.9706682326475053
200,200,517.171919,517.1714549,517.1715353,1.153846154,0.423076923,C26 H30 O11,26,30,11,0,0,0,0,0,0.0,lignin,0.9523482338387655
201,201,517.1357974,517.1353334,517.1351497,1.04,0.48,C25 H26 O12,25,26,12,0,0,0,0,0,0.0,lignin,0.9942892447389442
202,202,515.2656992,515.2652378,515.2650417,1.379310345,0.275862069,C29 H40 O8,29,40,8,0,0,0,0,0,0.0,lignin,0.9704473006543741
203,203,515.2290582,515.2285969,515.2286562,1.285714286,0.321428571,C28 H36 O9,28,36,9,0,0,0,0,0,0.0,lignin,0.9706142181952077
204,204,515.1924987,515.1920374,515.1922707,1.185185185,0.37037037,C27 H32 O10,27,32,10,0,0,0,0,0,0.0,lignin,0.9708398399378183
205,205,515.1561292,515.155668,515.1558852,1.076923077,0.423076923,C26 H28 O11,26,28,11,0,0,0,0,0,0.0,lignin,0.9923396815045511
206,206,515.1200319,515.1195707,515.1194997,0.96,0.48,C25 H24 O12,25,24,12,0,0,0,0,0,0.0,lignin,0.8114883801395946
207,207,513.3109803,513.3105217,513.3102778,2.083333333,0.375,C24 H50 O9 S1,24,50,9,1,0,0,0,0,0.0,lipid,0.9182964121697033
208,208,513.2499247,513.2494662,513.2493916,1.310344828,0.275862069,C29 H38 O8,29,38,8,0,0,0,0,0,0.0,lignin,0.9714346791184845
209,209,513.2133264,513.2128679,513.2130061,1.214285714,0.321428571,C28 H34 O9,28,34,9,0,0,0,0,0,0.0,lignin,0.9716388882664779
210,210,513.1980338,513.1975753,513.19775,1.416666667,0.5,C24 H34 O12,24,34,12,0,0,0,0,0,0.0,lignin,0.9497101657060882
211,211,513.1899808,513.1895224,513.1893748,0.857142857,0.057142857,C35 H30 O2 S1,35,30,2,1,0,0,0,0,0.0,pah,0.9569006973818771
212,212,513.1768412,513.1763828,513.1766206,1.111111111,0.37037037,C27 H30 O10,27,30,10,0,0,0,0,0,0.0,lignin,0.9719062944132422
213,213,513.1616391,513.1611808,513.1613645,1.304347826,0.565217391,C23 H30 O13,23,30,13,0,0,0,0,0,0.0,lignin,0.9574207805965387
214,214,513.1406254,513.1401671,513.1402351,1.0,0.423076923,C26 H26 O11,26,26,11,0,0,0,0,0,0.0,lignin,0.9721264935158807
215,215,513.1255231,513.1250648,513.124979,1.181818182,0.636363636,C22 H26 O14,22,26,14,0,0,0,0,0,0.0,lignin,0.9575363668460843
216,216,513.1044737,513.1040154,513.1038496,0.88,0.48,C25 H22 O12,25,22,12,0,0,0,0,0,0.0,tannin,0.9315414066802734
217,217,513.0893012,513.0888429,513.0885935,1.047619048,0.714285714,C21 H22 O15,21,22,15,0,0,0,0,0,0.0,lignin,0.993996005037386
218,218,513.0681682,513.06771,513.0674641,0.75,0.541666667,C24 H18 O13,24,18,13,0,0,0,0,0,0.0,tannin,0.9321765368065822
219,219,511.2187398,511.2182842,511.2184854,1.44,0.44,C25 H36 O11,25,36,11,0,0,0,0,0,0.0,lignin,0.9626925042691233
220,220,511.2106728,511.2102172,511.2101103,0.888888889,0.027777778,C36 H32 O1 S1,36,32,1,1,0,0,0,0,0.0,pah,0.9821831055486395
221,221,511.1823347,511.1818791,511.1820999,1.333333333,0.5,C24 H32 O12,24,32,12,0,0,0,0,0,0.0,lignin,0.957413973819588
222,222,511.1743327,511.1738772,511.1737248,0.8,0.057142857,C35 H28 O2 S1,35,28,2,1,0,0,0,0,0.0,pah,0.9743627610140871
223,223,511.1461707,511.1457152,511.1457144,1.217391304,0.565217391,C23 H28 O13,23,28,13,0,0,0,0,0,0.0,lignin,0.9575227991337828
224,224,511.0736455,511.0731901,511.0729434,0.952380952,0.714285714,C21 H20 O15,21,20,15,0,0,0,0,0,0.0,tannin,0.929826179942347
225,225,509.2394535,509.2390007,509.2392209,1.461538462,0.384615385,C26 H38 O10,26,38,10,0,0,0,0,0,0.0,lignin,0.9702885026465872
226,226,509.2032072,509.2027544,509.2028354,1.36,0.44,C25 H34 O11,25,34,11,0,0,0,0,0,0.0,lignin,0.9805921367413507
227,227,509.1670511,509.1665984,509.1664499,1.25,0.5,C24 H30 O12,24,30,12,0,0,0,0,0,0.0,lignin,0.9575103735909055
228,228,509.0943041,509.0938515,509.0936789,1.0,0.636363636,C22 H22 O14,22,22,14,0,0,0,0,0,0.0,lignin,0.9697476621106684
229,229,507.2603954,507.2599454,507.2599563,1.481481481,0.333333333,C27 H40 O9,27,40,9,0,0,0,0,0,0.0,lipid,0.9311341242729838
230,230,507.2242206,507.2237707,507.2235708,1.384615385,0.384615385,C26 H36 O10,26,36,10,0,0,0,0,0,0.0,lignin,0.9704160946722091
231,231,507.1513415,507.1508917,507.1507998,1.166666667,0.5,C24 H28 O12,24,28,12,0,0,0,0,0,0.0,lignin,0.9576170979132044
232,232,507.1147276,507.1142778,507.1144143,1.043478261,0.565217391,C23 H24 O13,23,24,13,0,0,0,0,0,0.0,lignin,0.9941687911222701
233,233,507.0782434,507.0777937,507.0780288,0.909090909,0.636363636,C22 H20 O14,22,20,14,0,0,0,0,0,0.0,tannin,0.930217862050041
234,234,507.0420517,507.0416021,507.0416433,0.761904762,0.714285714,C21 H16 O15,21,16,15,0,0,0,0,0,0.0,tannin,0.9308377346584449
235,235,506.2119354,506.2114869,506.2112756,1.36,0.4,C25 H34 O10 13C1,26,34,10,0,0,1,0,0,0.0,lignin,0.9704572888620188
236,236,505.2448795,505.2444323,505.2443063,1.407407407,0.333333333,C27 H38 O9,27,38,9,0,0,0,0,0,0.0,lignin,0.9703869536710865
237,237,505.2082409,505.2077938,505.2079208,1.307692308,0.384615385,C26 H34 O10,26,34,10,0,0,0,0,0,0.0,lignin,0.9705623891216846
238,238,505.1354654,505.1350184,505.1351497,1.083333333,0.5,C24 H26 O12,24,26,12,0,0,0,0,0,0.0,lignin,0.9914185556723725
239,239,505.0993966,505.0989497,505.0987642,0.956521739,0.565217391,C23 H22 O13,23,22,13,0,0,0,0,0,0.0,tannin,0.7506064571062496
240,240,505.0630734,505.0626265,505.0623787,0.818181818,0.636363636,C22 H18 O14,22,18,14,0,0,0,0,0,0.0,tannin,0.9307417136441245
241,241,503.2652722,503.2648279,503.2650417,1.428571429,0.285714286,C28 H40 O8,28,40,8,0,0,0,0,0,0.0,lipid,0.9313484973746282
242,242,503.229106,503.2286617,503.2286562,1.333333333,0.333333333,C27 H36 O9,27,36,9,0,0,0,0,0,0.0,lignin,0.9705216293685014
243,243,503.1929412,503.192497,503.1922707,1.230769231,0.384615385,C26 H32 O10,26,32,10,0,0,0,0,0,0.0,lignin,0.970730197913721
244,244,503.1565321,503.1560879,503.1558852,1.12,0.44,C25 H28 O11,25,28,11,0,0,0,0,0,0.0,lignin,0.9577097023008875
245,245,503.1200154,503.1195712,503.1194997,1.0,0.5,C24 H24 O12,24,24,12,0,0,0,0,0,0.0,lignin,0.9705732925424428
246,246,503.0833974,503.0829533,503.0831142,0.869565217,0.565217391,C23 H20 O13,23,20,13,0,0,0,0,0,0.0,tannin,0.9314003768290036
247,247,503.0470274,503.0465834,503.0467287,0.727272727,0.636363636,C22 H16 O14,22,16,14,0,0,0,0,0,0.0,tannin,0.9319972369516469
248,248,501.2498209,501.2493795,501.2493916,1.357142857,0.285714286,C28 H38 O8,28,38,8,0,0,0,0,0,0.0,lignin,0.9704865183912486
249,249,501.2132612,501.2128198,501.2130061,1.259259259,0.333333333,C27 H34 O9,27,34,9,0,0,0,0,0,0.0,lignin,0.970669701020418
250,250,501.1979931,501.1975517,501.19775,1.47826087,0.52173913,C23 H34 O12,23,34,12,0,0,0,0,0,0.0,lignin,0.9496344703142086
251,251,501.1899332,501.1894918,501.1893748,0.882352941,0.058823529,C34 H30 O2 S1,34,30,2,1,0,0,0,0,0.0,pah,0.7655077546514111
252,252,501.1769164,501.176475,501.1766206,1.153846154,0.384615385,C26 H30 O10,26,30,10,0,0,0,0,0,0.0,lignin,0.9717799396016249
253,253,501.1617235,501.1612821,501.1613645,1.363636364,0.590909091,C22 H30 O13,22,30,13,0,0,0,0,0,0.0,lignin,0.9497394752851888
254,254,501.1407534,501.140312,501.1402351,1.04,0.44,C25 H26 O11,25,26,11,0,0,0,0,0,0.0,lignin,0.9952409341261157
255,255,501.1044816,501.1040403,501.1038496,0.916666667,0.5,C24 H22 O12,24,22,12,0,0,0,0,0,0.0,tannin,0.9312224260572701
256,256,501.0681134,501.0676722,501.0674641,0.782608696,0.565217391,C23 H18 O13,23,18,13,0,0,0,0,0,0.0,tannin,0.9319125872379533
257,257,499.2344053,499.2339667,499.2337416,1.285714286,0.285714286,C28 H36 O8,28,36,8,0,0,0,0,0,0.0,lignin,0.9714840689505084
258,258,499.2190632,499.2186246,499.2184854,1.5,0.458333333,C24 H36 O11,24,36,11,0,0,0,0,0,0.0,lignin,0.9730343785541153
259,259,499.1979007,499.1974621,499.1973561,1.185185185,0.333333333,C27 H32 O9,27,32,9,0,0,0,0,0,0.0,lignin,0.9717092284058946
260,260,499.1825658,499.1821272,499.1820999,1.391304348,0.52173913,C23 H32 O12,23,32,12,0,0,0,0,0,0.0,lignin,0.9497319091392834
261,261,499.1613308,499.1608922,499.1609706,1.076923077,0.384615385,C26 H28 O10,26,28,10,0,0,0,0,0,0.0,lignin,0.976773192186165
262,262,499.1460268,499.1455883,499.1457144,1.272727273,0.590909091,C22 H28 O13,22,28,13,0,0,0,0,0,0.0,lignin,0.9574463167463284
263,263,499.1379614,499.1375228,499.1373393,0.727272727,0.090909091,C33 H24 O3 S1,33,24,3,1,0,0,0,0,0.0,pah,0.9735435435624404
264,264,499.124891,499.1244525,499.1245851,0.96,0.44,C25 H24 O11,25,24,11,0,0,0,0,0,0.0,lignin,0.9710433208079812
265,265,499.109653,499.1092145,499.1093289,1.142857143,0.666666667,C21 H24 O14,21,24,14,0,0,0,0,0,0.0,lignin,0.9915375863090657
266,266,499.088564,499.0881256,499.0881995,0.833333333,0.5,C24 H20 O12,24,20,12,0,0,0,0,0,0.0,tannin,0.9318024829177391
267,267,499.0733402,499.0729018,499.0729434,1.0,0.75,C20 H20 O15,20,20,15,0,0,0,0,0,0.0,lignin,0.8106234459018216
268,268,499.052282,499.0518436,499.051814,0.695652174,0.565217391,C23 H16 O13,23,16,13,0,0,0,0,0,0.0,tannin,0.9324101355866853
269,269,497.239627,497.2391912,497.2392209,1.52,0.4,C25 H38 O10,25,38,10,0,0,0,0,0,0.0,lignin,0.9625695745456089
270,270,497.2186176,497.2181818,497.2180915,1.214285714,0.285714286,C28 H34 O8,28,34,8,0,0,0,0,0,0.0,lignin,0.9716496177181501
271,271,497.2034175,497.2029817,497.2028354,1.416666667,0.458333333,C24 H34 O11,24,34,11,0,0,0,0,0,0.0,lignin,0.9573412518795248
272,272,497.1670975,497.1666617,497.1664499,1.304347826,0.52173913,C23 H30 O12,23,30,12,0,0,0,0,0,0.0,lignin,0.9574378473759972
273,273,497.1306549,497.1302192,497.1300644,1.181818182,0.590909091,C22 H26 O13,22,26,13,0,0,0,0,0,0.0,lignin,0.9575563754758576
274,274,497.1093538,497.1089182,497.108935,0.88,0.44,C25 H22 O11,25,22,11,0,0,0,0,0,0.0,tannin,0.9316507210418316
275,275,497.0939757,497.0935401,497.0936789,1.047619048,0.666666667,C21 H22 O14,21,22,14,0,0,0,0,0,0.0,lignin,0.9940510123209384
276,276,497.0727754,497.0723398,497.0725495,0.75,0.5,C24 H18 O12,24,18,12,0,0,0,0,0,0.0,tannin,0.9323275341814407
277,277,497.0575134,497.0570778,497.0572933,0.9,0.75,C20 H18 O15,20,18,15,0,0,0,0,0,0.0,tannin,0.9300710589291388
278,278,496.1908726,496.1904382,496.1905401,1.391304348,0.47826087,C23 H32 O11 13C1,24,32,11,0,0,1,0,0,0.0,lignin,0.9573601255891854
279,279,495.2601884,495.2597553,495.2599563,1.538461538,0.346153846,C26 H40 O9,26,40,9,0,0,0,0,0,0.0,lipid,0.9244410186829782
280,280,495.239318,495.238885,495.238827,1.24137931,0.24137931,C29 H36 O7,29,36,7,0,0,0,0,0,0.0,lignin,0.9715966129241573
281,281,495.2239152,495.2234822,495.2235708,1.44,0.4,C25 H36 O10,25,36,10,0,0,0,0,0,0.0,lignin,0.9703196143443215
282,282,495.1877975,495.1873646,495.1871853,1.333333333,0.458333333,C24 H32 O11,24,32,11,0,0,0,0,0,0.0,lignin,0.957430061708403
283,283,495.115009,495.1145761,495.1144143,1.090909091,0.590909091,C22 H24 O13,22,24,13,0,0,0,0,0,0.0,lignin,0.9913547097734015
284,284,495.0937236,495.0932908,495.0932849,0.8,0.44,C25 H20 O11,25,20,11,0,0,0,0,0,0.0,tannin,0.9322270978760467
285,285,495.0783536,495.0779208,495.0780288,0.952380952,0.666666667,C21 H20 O14,21,20,14,0,0,0,0,0,0.0,tannin,0.9298896327441705
286,286,495.0571056,495.0566728,495.0568994,0.666666667,0.5,C24 H16 O12,24,16,12,0,0,0,0,0,0.0,tannin,0.9327882430312938
287,287,495.0418349,495.0414021,495.0416433,0.8,0.75,C20 H16 O15,20,16,15,0,0,0,0,0,0.0,tannin,0.930566494627627
288,288,494.2117401,494.2113085,494.2112756,1.416666667,0.416666667,C24 H34 O10 13C1,25,34,10,0,0,1,0,0,0.0,lignin,0.9703544994826494
289,289,494.1751138,494.1746823,494.1748901,1.304347826,0.47826087,C23 H30 O11 13C1,24,30,11,0,0,1,0,0,0.0,lignin,0.9574550559191202
290,290,493.244619,493.2441888,493.2443063,1.461538462,0.346153846,C26 H38 O9,26,38,9,0,0,0,0,0,0.0,lignin,0.9702956156558538
291,291,493.2424332,493.242003,493.2418043,1.266666667,0.133333333,C30 H38 O4 S1,30,38,4,1,0,0,0,0,0.0,lignin,0.7907309477917774
292,292,493.2084858,493.2080556,493.2079208,1.36,0.4,C25 H34 O10,25,34,10,0,0,0,0,0,0.0,lignin,0.9704572888620188
293,293,493.1721699,493.1717398,493.1715353,1.25,0.458333333,C24 H30 O11,24,30,11,0,0,0,0,0,0.0,lignin,0.9575278158578948
294,294,493.1357258,493.1352958,493.1351497,1.130434783,0.52173913,C23 H26 O12,23,26,12,0,0,0,0,0,0.0,lignin,0.9576568663879815
295,295,493.0991482,493.0987182,493.0987642,1.0,0.590909091,C22 H22 O13,22,22,13,0,0,0,0,0,0.0,lignin,0.9699829711319394
296,296,493.0779365,493.0775065,493.0776349,0.72,0.44,C25 H18 O11,25,18,11,0,0,0,0,0,0.0,tannin,0.9327033166745835
297,297,493.0626425,493.0622125,493.0623787,0.857142857,0.666666667,C21 H18 O14,21,18,14,0,0,0,0,0,0.0,tannin,0.9304580647044054
298,298,492.2324109,492.2319821,492.232011,1.44,0.36,C25 H36 O9 13C1,26,36,9,0,0,1,0,0,0.0,lignin,0.9703272761114017
299,299,492.1959183,492.1954895,492.1956255,1.333333333,0.416666667,C24 H32 O10 13C1,25,32,10,0,0,1,0,0,0.0,lignin,0.970503869589255
300,300,492.1595899,492.1591612,492.15924,1.217391304,0.47826087,C23 H28 O11 13C1,24,28,11,0,0,1,0,0,0.0,lignin,0.9575602020351084
301,301,491.2654368,491.2650093,491.2650417,1.481481481,0.296296296,C27 H40 O8,27,40,8,0,0,0,0,0,0.0,lipid,0.9312154371400281
302,302,491.2291986,491.2287711,491.2286562,1.384615385,0.346153846,C26 H36 O9,26,36,9,0,0,0,0,0,0.0,lignin,0.9704242504442554
303,303,491.1928643,491.192437,491.1922707,1.28,0.4,C25 H32 O10,25,32,10,0,0,0,0,0,0.0,lignin,0.9706164878377773
304,304,491.1564335,491.1560061,491.1558852,1.166666667,0.458333333,C24 H28 O11,24,28,11,0,0,0,0,0,0.0,lignin,0.9576361142083298
305,305,491.1199409,491.1195136,491.1194997,1.043478261,0.52173913,C23 H24 O12,23,24,12,0,0,0,0,0,0.0,lignin,0.9942383028211582
306,306,491.0834319,491.0830047,491.0831142,0.909090909,0.590909091,C22 H20 O13,22,20,13,0,0,0,0,0,0.0,tannin,0.9303040155978417
307,307,491.0470833,491.0466561,491.0467287,0.761904762,0.666666667,C21 H16 O14,21,16,14,0,0,0,0,0,0.0,tannin,0.9309631514832979
308,308,491.0447212,491.0442941,491.0442267,0.64,0.36,C25 H16 O9 S1,25,16,9,1,0,0,0,0,0.0,tannin,0.9335050639676921
309,309,490.2166251,490.2161991,490.216361,1.36,0.36,C25 H34 O9 13C1,26,34,9,0,0,1,0,0,0.0,lignin,0.9704661420387393
310,310,490.1803237,490.1798978,490.1799755,1.25,0.416666667,C24 H30 O10 13C1,25,30,10,0,0,1,0,0,0.0,lignin,0.9758278152687115
311,311,489.2500279,489.2496032,489.2493916,1.407407407,0.296296296,C27 H38 O8,27,38,8,0,0,0,0,0,0.0,lignin,0.9703928906930486
312,312,489.2136532,489.2132286,489.2130061,1.307692308,0.346153846,C26 H34 O9,26,34,9,0,0,0,0,0,0.0,lignin,0.9705701716820385
313,313,489.1770515,489.1766269,489.1766206,1.2,0.4,C25 H30 O10,25,30,10,0,0,0,0,0,0.0,lignin,0.970801070670565
314,314,489.1535362,489.1531117,489.1529893,0.8125,0.09375,C32 H26 O3 S1,32,26,3,1,0,0,0,0,0.0,pah,0.9553359213396794
315,315,489.1404322,489.1400077,489.1402351,1.083333333,0.458333333,C24 H26 O11,24,26,11,0,0,0,0,0,0.0,lignin,0.9914614795558462
316,316,489.1041007,489.1036762,489.1038496,0.956521739,0.52173913,C23 H22 O12,23,22,12,0,0,0,0,0,0.0,tannin,0.5641871377553731
317,317,489.0680216,489.0675972,489.0674641,0.818181818,0.590909091,C22 H18 O13,22,18,13,0,0,0,0,0,0.0,tannin,0.9316373175337107
318,318,487.2340002,487.2335784,487.2337416,1.333333333,0.296296296,C27 H36 O8,27,36,8,0,0,0,0,0,0.0,lignin,0.9705303556336261
319,319,487.1975939,487.1971721,487.1973561,1.230769231,0.346153846,C26 H32 O9,26,32,9,0,0,0,0,0,0.0,lignin,0.9707326552365867
320,320,487.1823822,487.1819605,487.1820999,1.454545455,0.545454545,C22 H32 O12,22,32,12,0,0,0,0,0,0.0,lignin,0.9496519171528724
321,321,487.1743672,487.1739454,487.1737248,0.848484848,0.060606061,C33 H28 O2 S1,33,28,2,1,0,0,0,0,0.0,pah,0.9567829659690957
322,322,487.1613832,487.1609615,487.1609706,1.12,0.4,C25 H28 O10,25,28,10,0,0,0,0,0,0.0,lignin,0.9769463205442153
323,323,487.1462296,487.1458079,487.1457144,1.333333333,0.619047619,C21 H28 O13,21,28,13,0,0,0,0,0,0.0,lignin,0.9497658559219524
324,324,487.1252103,487.1247886,487.1245851,1.0,0.458333333,C24 H24 O11,24,24,11,0,0,0,0,0,0.0,lignin,0.9717869763263065
325,325,487.1099685,487.1095468,487.1093289,1.2,0.7,C20 H24 O14,20,24,14,0,0,0,0,0,0.0,lignin,0.9574867420254078
326,326,487.0888264,487.0884048,487.0881995,0.869565217,0.52173913,C23 H20 O12,23,20,12,0,0,0,0,0,0.0,tannin,0.9315074709890601
327,327,487.0735087,487.0730871,487.0729434,1.052631579,0.789473684,C19 H20 O15,19,20,15,0,0,0,0,0,0.0,lignin,0.9946537204515293
328,328,487.0523055,487.0518839,487.051814,0.727272727,0.590909091,C22 H16 O13,22,16,13,0,0,0,0,0,0.0,tannin,0.9321417620060046
329,329,486.2828854,486.2824649,486.2823325,2.19047619,0.428571429,C21 H46 O9 S1 13C1,22,46,9,1,0,1,0,0,0.0,lipid,0.6319739298647747
330,330,485.2792328,485.2788137,485.2789777,2.090909091,0.409090909,C22 H46 O9 S1,22,46,9,1,0,0,0,0,0.0,lipid,0.9186211292334654
331,331,485.2548026,485.2543835,485.254477,1.357142857,0.25,C28 H38 O7,28,38,7,0,0,0,0,0,0.0,lignin,0.9704828784262467
332,332,485.2186425,485.2182235,485.2180915,1.259259259,0.296296296,C27 H34 O8,27,34,8,0,0,0,0,0,0.0,lignin,0.9715397039563746
333,333,485.2034794,485.2030604,485.2028354,1.47826087,0.47826087,C23 H34 O11,23,34,11,0,0,0,0,0,0.0,lignin,0.9496491449567745
334,334,485.1823468,485.1819278,485.181706,1.153846154,0.346153846,C26 H30 O9,26,30,9,0,0,0,0,0,0.0,lignin,0.9717898352726342
335,335,485.1670856,485.1666667,485.1664499,1.363636364,0.545454545,C22 H30 O12,22,30,12,0,0,0,0,0,0.0,lignin,0.9573642321382307
336,336,485.145857,485.145438,485.1453205,1.04,0.4,C25 H26 O10,25,26,10,0,0,0,0,0,0.0,lignin,0.9953035246408325
337,337,485.1305206,485.1301017,485.1300644,1.238095238,0.619047619,C21 H26 O13,21,26,13,0,0,0,0,0,0.0,lignin,0.9574751566857056
338,338,485.1092273,485.1088084,485.108935,0.916666667,0.458333333,C24 H22 O11,24,22,11,0,0,0,0,0,0.0,tannin,0.9313095362324294
339,339,485.09389,485.0934711,485.0936789,1.1,0.7,C20 H22 O14,20,22,14,0,0,0,0,0,0.0,lignin,0.9912978478738351
340,340,485.0727424,485.0723236,485.0725495,0.782608696,0.52173913,C23 H18 O12,23,18,12,0,0,0,0,0,0.0,tannin,0.9320497837288819
341,341,485.0575351,485.0571163,485.0572933,0.947368421,0.789473684,C19 H18 O15,19,18,15,0,0,0,0,0,0.0,tannin,0.9297590125442052
342,342,485.0366114,485.0361926,485.036164,0.636363636,0.590909091,C22 H14 O13,22,14,13,0,0,0,0,0,0.0,tannin,0.9326608654316402
343,343,483.2237969,483.2233807,483.2235708,1.5,0.416666667,C24 H36 O10,24,36,10,0,0,0,0,0,0.0,lignin,0.9625977358184782
344,344,483.2026646,483.2022483,483.2024415,1.185185185,0.296296296,C27 H32 O8,27,32,8,0,0,0,0,0,0.0,lignin,0.9717210673896874
345,345,483.1874543,483.1870381,483.1871853,1.391304348,0.47826087,C23 H32 O11,23,32,11,0,0,0,0,0,0.0,lignin,0.9573601255891854
346,346,483.1794217,483.1790055,483.1788102,0.823529412,0.029411765,C34 H28 O1 S1,34,28,1,1,0,0,0,0,0.0,pah,0.9748801409845992
347,347,483.151352,483.1509359,483.1507998,1.272727273,0.545454545,C22 H28 O12,22,28,12,0,0,0,0,0,0.0,lignin,0.9574646401547339
348,348,483.1302904,483.1298743,483.1296704,0.96,0.4,C25 H24 O10,25,24,10,0,0,0,0,0,0.0,lignin,0.97130004742554
349,349,483.1150502,483.1146341,483.1144143,1.142857143,0.619047619,C21 H24 O13,21,24,13,0,0,0,0,0,0.0,lignin,0.9915453002336362
350,350,483.0939119,483.0934958,483.0932849,0.833333333,0.458333333,C24 H20 O11,24,20,11,0,0,0,0,0,0.0,tannin,0.9319338411317254
351,351,483.0785821,483.078166,483.0780288,1.0,0.7,C20 H20 O14,20,20,14,0,0,0,0,0,0.0,lignin,0.8106524441573445
352,352,483.0573539,483.0569379,483.0568994,0.695652174,0.52173913,C23 H16 O12,23,16,12,0,0,0,0,0,0.0,tannin,0.9325793380074587
353,353,483.0420136,483.0415976,483.0416433,0.842105263,0.789473684,C19 H16 O15,19,16,15,0,0,0,0,0,0.0,tannin,0.9302861437676542
354,354,482.1751963,482.1747816,482.1748901,1.363636364,0.5,C22 H30 O11 13C1,23,30,11,0,0,1,0,0,0.0,lignin,0.9573811881406484
355,355,482.1670784,482.1666636,482.1665149,0.787878788,0.03030303,C33 H26 O1 S1 13C1,34,26,1,1,0,1,0,0,0.0,pah,0.9743351864212777
356,356,482.1670784,482.1666636,482.1667842,1.318181818,0.5,C22 H29 O11 N1,22,29,11,0,1,0,0,0,0.045454545,lipid,0.9326302141608915
357,357,482.1388625,482.1384477,482.1385046,1.238095238,0.571428571,C21 H26 O12 13C1,22,26,12,0,0,1,0,0,0.0,lignin,0.9574949302711028
358,358,481.2448811,481.2444676,481.2443063,1.52,0.36,C25 H38 O9,25,38,9,0,0,0,0,0,0.0,lipid,0.9244484380393665
359,359,481.2084935,481.2080801,481.2079208,1.416666667,0.416666667,C24 H34 O10,24,34,10,0,0,0,0,0,0.0,lignin,0.9703544994826494
360,360,481.1718907,481.1714773,481.1715353,1.304347826,0.47826087,C23 H30 O11,23,30,11,0,0,0,0,0,0.0,lignin,0.9574550559191202
361,361,481.1637517,481.1633383,481.1631601,0.764705882,0.029411765,C34 H26 O1 S1,34,26,1,1,0,0,0,0,0.0,pah,0.9740680748637092
362,362,481.1353519,481.1349386,481.1351497,1.181818182,0.545454545,C22 H26 O12,22,26,12,0,0,0,0,0,0.0,lignin,0.9575765498248952
363,363,481.0990983,481.098685,481.0987642,1.047619048,0.619047619,C21 H22 O13,21,22,13,0,0,0,0,0,0.0,lignin,0.9941123477483703
364,364,481.0781835,481.0777702,481.0776349,0.75,0.458333333,C24 H18 O11,24,18,11,0,0,0,0,0,0.0,tannin,0.9324911543337533
365,365,481.0630024,481.0625891,481.0623787,0.9,0.7,C20 H18 O14,20,18,14,0,0,0,0,0,0.0,tannin,0.9301566094734597
366,366,480.1962133,480.1958012,480.1956255,1.391304348,0.434782609,C23 H32 O10 13C1,24,32,10,0,0,1,0,0,0.0,lignin,0.9703938911487369
367,367,480.1596001,480.1591881,480.15924,1.272727273,0.5,C22 H28 O11 13C1,23,28,11,0,0,1,0,0,0.0,lignin,0.9574831310186088
368,368,480.1230424,480.1226304,480.1228545,1.142857143,0.571428571,C21 H24 O12 13C1,22,24,12,0,0,1,0,0,0.0,lignin,0.9576165006830498
369,369,479.2292363,479.2288256,479.2286562,1.44,0.36,C25 H36 O9,25,36,9,0,0,0,0,0,0.0,lignin,0.9703272761114017
370,370,479.1928461,479.1924355,479.1922707,1.333333333,0.416666667,C24 H32 O10,24,32,10,0,0,0,0,0,0.0,lignin,0.970503869589255
371,371,479.1563044,479.1558938,479.1558852,1.217391304,0.47826087,C23 H28 O11,23,28,11,0,0,0,0,0,0.0,lignin,0.9575602020351084
372,372,479.1197893,479.1193788,479.1194997,1.090909091,0.545454545,C22 H24 O12,22,24,12,0,0,0,0,0,0.0,lignin,0.9913881432338062
373,373,479.0834535,479.083043,479.0831142,0.952380952,0.619047619,C21 H20 O13,21,20,13,0,0,0,0,0,0.0,tannin,0.9299555548028154
374,374,479.0624099,479.0619994,479.0619848,0.666666667,0.458333333,C24 H16 O11,24,16,11,0,0,0,0,0,0.0,tannin,0.9329832949692344
375,375,479.0472512,479.0468407,479.0467287,0.8,0.7,C20 H16 O14,20,16,14,0,0,0,0,0,0.0,tannin,0.9306813689781099
376,376,478.2168965,478.2164872,478.216361,1.416666667,0.375,C24 H34 O9 13C1,25,34,9,0,0,1,0,0,0.0,lignin,0.9703627925659666
377,377,478.1806074,478.1801981,478.1799755,1.304347826,0.434782609,C23 H30 O10 13C1,24,30,10,0,0,1,0,0,0.0,lignin,0.9806555361282598
378,378,478.1439923,478.1435831,478.14359,1.181818182,0.5,C22 H26 O11 13C1,23,26,11,0,0,1,0,0,0.0,lignin,0.9575968422942995
379,379,477.2497201,477.2493121,477.2493916,1.461538462,0.307692308,C26 H38 O8,26,38,8,0,0,0,0,0,0.0,lipid,0.9312297465116108
380,380,477.2135898,477.2131819,477.2130061,1.36,0.36,C25 H34 O9,25,34,9,0,0,0,0,0,0.0,lignin,0.9704661420387393
381,381,477.1772478,477.17684,477.1766206,1.25,0.416666667,C24 H30 O10,24,30,10,0,0,0,0,0,0.0,lignin,0.9758278152687115
382,382,477.1406511,477.1402433,477.1402351,1.130434783,0.47826087,C23 H26 O11,23,26,11,0,0,0,0,0,0.0,lignin,0.957677468707663
383,383,477.1040503,477.1036425,477.1038496,1.0,0.545454545,C22 H22 O12,22,22,12,0,0,0,0,0,0.0,lignin,0.970255372318975
384,384,477.0677444,477.0673367,477.0674641,0.857142857,0.619047619,C21 H18 O13,21,18,13,0,0,0,0,0,0.0,tannin,0.9305644446118825
385,385,476.2012971,476.2008906,476.2007109,1.333333333,0.375,C24 H32 O9 13C1,25,32,9,0,0,1,0,0,0.0,lignin,0.9705135354661716
386,386,476.1648273,476.1644208,476.1643254,1.217391304,0.434782609,C23 H28 O10 13C1,24,28,10,0,0,1,0,0,0.0,lignin,0.957579064650445
387,387,475.2342721,475.2338669,475.2337416,1.384615385,0.307692308,C26 H36 O8,26,36,8,0,0,0,0,0,0.0,lignin,0.9704308023555163
388,388,475.197924,475.1975188,475.1973561,1.28,0.36,C25 H32 O9,25,32,9,0,0,0,0,0,0.0,lignin,0.9706251688668296
389,389,475.1614567,475.1610516,475.1609706,1.166666667,0.416666667,C24 H28 O10,24,28,10,0,0,0,0,0,0.0,lignin,0.9759887143220094
390,390,475.1248714,475.1244664,475.1245851,1.043478261,0.47826087,C23 H24 O11,23,24,11,0,0,0,0,0,0.0,lignin,0.9943152141273888
391,391,475.08842,475.0880151,475.0881995,0.909090909,0.545454545,C22 H20 O12,22,20,12,0,0,0,0,0,0.0,tannin,0.9311917813869062
392,392,475.0732201,475.0728151,475.0729434,1.111111111,0.833333333,C18 H20 O15,18,20,15,0,0,0,0,0,0.0,lignin,0.8392099273329882
393,393,475.0522647,475.0518598,475.051814,0.761904762,0.619047619,C21 H16 O13,21,16,13,0,0,0,0,0,0.0,tannin,0.9318655473930214
394,394,475.0498606,475.0494557,475.0493121,0.64,0.32,C25 H16 O8 S1,25,16,8,1,0,0,0,0,0.0,tannin,0.9317722691152752
395,395,473.218606,473.2182036,473.2180915,1.307692308,0.307692308,C26 H34 O8,26,34,8,0,0,0,0,0,0.0,lignin,0.9705711005187456
396,396,473.1819854,473.181583,473.181706,1.2,0.36,C25 H30 O9,25,30,9,0,0,0,0,0,0.0,lignin,0.9708047033331777
397,397,473.1667054,473.1663031,473.1664499,1.428571429,0.571428571,C21 H30 O12,21,30,12,0,0,0,0,0,0.0,lignin,0.9496714939540741
398,398,473.1585944,473.1581921,473.1580747,0.8125,0.0625,C32 H26 O2 S1,32,26,2,1,0,0,0,0,0.0,pah,0.9745060714036702
399,399,473.1455454,473.1451431,473.1453205,1.083333333,0.416666667,C24 H26 O10,24,26,10,0,0,0,0,0,0.0,lignin,0.9869531236470724
400,400,473.1303011,473.1298988,473.1300644,1.3,0.65,C20 H26 O13,20,26,13,0,0,0,0,0,0.0,lignin,0.9573925404667012
401,401,473.1222961,473.1218938,473.1216892,0.709677419,0.096774194,C31 H22 O3 S1,31,22,3,1,0,0,0,0,0.0,pah,0.9734121806690699
402,402,473.1093235,473.1089213,473.108935,0.956521739,0.47826087,C23 H22 O11,23,22,11,0,0,0,0,0,0.0,tannin,0.5642065198104147
403,403,473.0941714,473.0937692,473.0936789,1.157894737,0.736842105,C19 H22 O14,19,22,14,0,0,0,0,0,0.0,lignin,0.9915323535569204
404,404,473.0731247,473.0727225,473.0725495,0.818181818,0.545454545,C22 H18 O12,22,18,12,0,0,0,0,0,0.0,tannin,0.9317641242480903
405,405,473.0367317,473.0363295,473.036164,0.666666667,0.619047619,C21 H14 O13,21,14,13,0,0,0,0,0,0.0,tannin,0.9323824654507604
406,406,471.2391308,471.2387311,471.238827,1.333333333,0.259259259,C27 H36 O7,27,36,7,0,0,0,0,0,0.0,lignin,0.9713922874184693
407,407,471.187385,471.1869854,471.1871853,1.454545455,0.5,C22 H32 O11,22,32,11,0,0,0,0,0,0.0,lignin,0.9496675315273858
408,408,471.179359,471.1789594,471.1788102,0.848484848,0.03030303,C33 H28 O1 S1,33,28,1,1,0,0,0,0,0.0,pah,0.9753834970288799
409,409,471.1664161,471.1660165,471.1660559,1.12,0.36,C25 H28 O9,25,28,9,0,0,0,0,0,0.0,lignin,0.9718831506941263
410,410,471.1513082,471.1509086,471.1507998,1.333333333,0.571428571,C21 H28 O12,21,28,12,0,0,0,0,0,0.0,lignin,0.9573866481527006
411,411,471.1302978,471.1298983,471.1296704,1.0,0.416666667,C24 H24 O10,24,24,10,0,0,0,0,0,0.0,lignin,0.9721947522850136
412,412,471.1150396,471.1146401,471.1144143,1.2,0.65,C20 H24 O13,20,24,13,0,0,0,0,0,0.0,lignin,0.9575080112928589
413,413,471.0938347,471.0934353,471.0932849,0.869565217,0.47826087,C23 H20 O11,23,20,11,0,0,0,0,0,0.0,tannin,0.9316208656829801
414,414,471.0785001,471.0781006,471.0780288,1.052631579,0.736842105,C19 H20 O14,19,20,14,0,0,0,0,0,0.0,lignin,0.9939906140783901
415,415,471.0571677,471.0567683,471.0568994,0.727272727,0.545454545,C22 H16 O12,22,16,12,0,0,0,0,0,0.0,tannin,0.932297152340872
416,416,471.0418404,471.041441,471.0416433,0.888888889,0.833333333,C18 H16 O15,18,16,15,0,0,0,0,0,0.0,tannin,0.9299921529188071
417,417,471.0182747,471.0178754,471.018012,0.48,0.32,C25 H12 O8 S1,25,12,8,1,0,0,0,0,0.0,tannin,0.6404170808702719
418,418,469.2842882,469.2838912,469.2840631,2.090909091,0.363636364,C22 H46 O8 S1,22,46,8,1,0,0,0,0,0.0,lipid,0.9182946295896631
419,419,469.2085198,469.2081229,469.2079208,1.47826087,0.434782609,C23 H34 O10,23,34,10,0,0,0,0,0,0.0,lignin,0.9626293088048776
420,420,469.1873416,469.1869447,469.1867914,1.153846154,0.307692308,C26 H30 O8,26,30,8,0,0,0,0,0,0.0,lignin,0.9718030026976422
421,421,469.1721149,469.171718,469.1715353,1.363636364,0.5,C22 H30 O11,22,30,11,0,0,0,0,0,0.0,lignin,0.9573811881406484
422,422,469.1508404,469.1504436,469.1504059,1.04,0.36,C25 H26 O9,25,26,9,0,0,0,0,0,0.0,lignin,0.9901365291225199
423,423,469.1354608,469.135064,469.1351497,1.238095238,0.571428571,C21 H26 O12,21,26,12,0,0,0,0,0,0.0,lignin,0.9574949302711028
424,424,469.1273105,469.1269138,469.1267746,0.6875,0.0625,C32 H22 O2 S1,32,22,2,1,0,0,0,0,0.0,pah,0.9733575691069175
425,425,469.1142124,469.1138156,469.1140204,0.916666667,0.416666667,C24 H22 O10,24,22,10,0,0,0,0,0,0.0,tannin,0.9314045094390971
426,426,469.0989461,469.0985494,469.0987642,1.1,0.65,C20 H22 O13,20,22,13,0,0,0,0,0,0.0,lignin,0.9913239109936558
427,427,469.0779134,469.0775167,469.0776349,0.782608696,0.47826087,C23 H18 O11,23,18,11,0,0,0,0,0,0.0,tannin,0.9322015989170096
428,428,469.0627859,469.0623892,469.0623787,0.947368421,0.736842105,C19 H18 O14,19,18,14,0,0,0,0,0,0.0,tannin,0.9298271238235254
429,429,468.1958927,468.1954973,468.1956255,1.454545455,0.454545455,C22 H32 O10 13C1,23,32,10,0,0,1,0,0,0.0,lignin,0.9783148508683354
430,430,468.1594245,468.1590291,468.15924,1.333333333,0.523809524,C21 H28 O11 13C1,22,28,11,0,0,1,0,0,0.0,lignin,0.9574048498093731
431,431,467.2289122,467.228518,467.2286562,1.5,0.375,C24 H36 O9,24,36,9,0,0,0,0,0,0.0,lignin,0.9626048661569525
432,432,467.1925603,467.1921662,467.1922707,1.391304348,0.434782609,C23 H32 O10,23,32,10,0,0,0,0,0,0.0,lignin,0.9703938911487369
433,433,467.1563762,467.1559822,467.1558852,1.272727273,0.5,C22 H28 O11,22,28,11,0,0,0,0,0,0.0,lignin,0.9574831310186088
434,434,467.1201031,467.1197091,467.1194997,1.142857143,0.571428571,C21 H24 O12,21,24,12,0,0,0,0,0,0.0,lignin,0.9576165006830498
435,435,467.0989012,467.0985072,467.0983703,0.833333333,0.416666667,C24 H20 O10,24,20,10,0,0,0,0,0,0.0,tannin,0.9320756355581248
436,436,467.0835929,467.0831989,467.0831142,1.0,0.65,C20 H20 O13,20,20,13,0,0,0,0,0,0.0,lignin,0.96968317233032
437,437,467.0623026,467.0619087,467.0619848,0.695652174,0.47826087,C23 H16 O11,23,16,11,0,0,0,0,0,0.0,tannin,0.932763624356052
438,438,467.0469327,467.0465388,467.0467287,0.842105263,0.736842105,C19 H16 O14,19,16,14,0,0,0,0,0,0.0,tannin,0.930389291551964
439,439,466.2169529,466.2165601,466.216361,1.47826087,0.391304348,C23 H34 O9 13C1,24,34,9,0,0,1,0,0,0.0,lignin,0.9626370106773325
440,440,466.1439796,466.1435869,466.14359,1.238095238,0.523809524,C21 H26 O11 13C1,22,26,11,0,0,1,0,0,0.0,lignin,0.9575149047819413
441,441,465.2499276,465.2495361,465.2493916,1.52,0.32,C25 H38 O8,25,38,8,0,0,0,0,0,0.0,lipid,0.9245299985488435
442,442,465.2133538,465.2129625,465.2130061,1.416666667,0.375,C24 H34 O9,24,34,9,0,0,0,0,0,0.0,lignin,0.9703627925659666
443,443,465.1768593,465.176468,465.1766206,1.304347826,0.434782609,C23 H30 O10,23,30,10,0,0,0,0,0,0.0,lignin,0.9806555361282598
444,444,465.1687917,465.1684004,465.1682455,0.764705882,0.0,C34 H26 S1,34,26,0,1,0,0,0,0,0.0,pah,0.9741886686575025
445,445,465.140544,465.1401527,465.1402351,1.181818182,0.5,C22 H26 O11,22,26,11,0,0,0,0,0,0.0,lignin,0.9575968422942995
446,446,465.1043369,465.1039456,465.1038496,1.047619048,0.571428571,C21 H22 O12,21,22,12,0,0,0,0,0,0.0,lignin,0.994181278845738
447,447,465.0680256,465.0676344,465.0674641,0.9,0.65,C20 H18 O13,20,18,13,0,0,0,0,0,0.0,tannin,0.9302478572234317
448,448,464.2010984,464.2007084,464.2007109,1.391304348,0.391304348,C23 H32 O9 13C1,24,32,9,0,0,1,0,0,0.0,lignin,0.9704029169413053
449,449,464.1649419,464.1645519,464.1643254,1.272727273,0.454545455,C22 H28 O10 13C1,23,28,10,0,0,1,0,0,0.0,lignin,0.9575017395997273
450,450,463.2342948,463.2339061,463.2337416,1.44,0.32,C25 H36 O8,25,36,8,0,0,0,0,0,0.0,lignin,0.970334984917774
451,451,463.1977447,463.1973561,463.1973561,1.333333333,0.375,C24 H32 O9,24,32,9,0,0,0,0,0,0.0,lignin,0.9705135354661716
452,452,463.1612165,463.160828,463.1609706,1.217391304,0.434782609,C23 H28 O10,23,28,10,0,0,0,0,0,0.0,lignin,0.957579064650445
453,453,463.1248901,463.1245016,463.1245851,1.090909091,0.5,C22 H24 O11,22,24,11,0,0,0,0,0,0.0,lignin,0.99143048993744
454,454,463.0886716,463.0882831,463.0881995,0.952380952,0.571428571,C21 H20 O12,21,20,12,0,0,0,0,0,0.0,tannin,0.9300238356793968
455,455,463.0523644,463.051976,463.051814,0.8,0.65,C20 H16 O13,20,16,13,0,0,0,0,0,0.0,tannin,0.9308054587077563
456,456,462.1854755,462.1850882,462.1850608,1.304347826,0.391304348,C23 H30 O9 13C1,24,30,9,0,0,1,0,0,0.0,lignin,0.9705675940394025
457,457,462.1492755,462.1488883,462.1486753,1.181818182,0.454545455,C22 H26 O10 13C1,23,26,10,0,0,1,0,0,0.0,lignin,0.9576172571932495
458,458,461.2185902,461.2182043,461.2180915,1.36,0.32,C25 H34 O8,25,34,8,0,0,0,0,0,0.0,lignin,0.9704734052769538
459,459,461.1820318,461.1816459,461.181706,1.25,0.375,C24 H30 O9,24,30,9,0,0,0,0,0,0.0,lignin,0.9706880040947705
460,460,461.1586043,461.1582185,461.1580747,0.838709677,0.064516129,C31 H26 O2 S1,31,26,2,1,0,0,0,0,0.0,pah,0.956668942741644
461,461,461.1455726,461.1451867,461.1453205,1.130434783,0.434782609,C23 H26 O10,23,26,10,0,0,0,0,0,0.0,lignin,0.9576969987011632
462,462,461.1093155,461.1089297,461.108935,1.0,0.5,C22 H22 O11,22,22,11,0,0,0,0,0,0.0,lignin,0.9705732925424428
463,463,461.0941426,461.0937569,461.0936789,1.222222222,0.777777778,C18 H22 O14,18,22,14,0,0,0,0,0,0.0,lignin,0.7823184698881602
464,464,461.073091,461.0727052,461.0725495,0.857142857,0.571428571,C21 H18 O12,21,18,12,0,0,0,0,0,0.0,tannin,0.9314612364176703
465,465,461.0367174,461.0363318,461.036164,0.7,0.65,C20 H14 O13,20,14,13,0,0,0,0,0,0.0,tannin,0.9320984774319833
466,466,459.2393248,459.2389416,459.238827,1.384615385,0.269230769,C26 H36 O7,26,36,7,0,0,0,0,0,0.0,lignin,0.9704390521331467
467,467,459.2027261,459.2023429,459.2024415,1.28,0.32,C25 H32 O8,25,32,8,0,0,0,0,0,0.0,lignin,0.9706270151124212
468,468,459.1793424,459.1789593,459.1788102,0.875,0.03125,C32 H28 O1 S1,32,28,1,1,0,0,0,0,0.0,pah,0.9821265858093817
469,469,459.1663024,459.1659193,459.1660559,1.166666667,0.375,C24 H28 O9,24,28,9,0,0,0,0,0,0.0,lignin,0.9717481106512498
470,470,459.1607703,459.1603872,459.1601827,0.774193548,0.129032258,C31 H24 O4,31,24,4,0,0,0,0,0,0.0,pah,0.8882623309637083
471,471,459.1510887,459.1507056,459.1507998,1.4,0.6,C20 H28 O12,20,28,12,0,0,0,0,0,0.0,lignin,0.9496936266317301
472,472,459.1300482,459.1296651,459.1296704,1.043478261,0.434782609,C23 H24 O10,23,24,10,0,0,0,0,0,0.0,lignin,0.9952784282699865
473,473,459.1149369,459.1145538,459.1144143,1.263157895,0.684210526,C19 H24 O13,19,24,13,0,0,0,0,0,0.0,lignin,0.9574198166163956
474,474,459.0938424,459.0934594,459.0932849,0.909090909,0.5,C22 H20 O11,22,20,11,0,0,0,0,0,0.0,tannin,0.9312806322417826
475,475,459.0785945,459.0782114,459.0780288,1.111111111,0.777777778,C18 H20 O14,18,20,14,0,0,0,0,0,0.0,lignin,0.9919486400052351
476,476,459.0574354,459.0570524,459.0568994,0.761904762,0.571428571,C21 H16 O12,21,16,12,0,0,0,0,0,0.0,tannin,0.9320110123656112
477,477,457.2233779,457.2229974,457.2231769,1.307692308,0.269230769,C26 H34 O7,26,34,7,0,0,0,0,0,0.0,lignin,0.9714418013076207
478,478,457.2082039,457.2078235,457.2079208,1.545454545,0.454545455,C22 H34 O10,22,34,10,0,0,0,0,0,0.0,lignin,0.9625228447129863
479,479,457.1871656,457.1867852,457.1867914,1.2,0.32,C25 H30 O8,25,30,8,0,0,0,0,0,0.0,lignin,0.9716751457075983
480,480,457.1720246,457.1716442,457.1715353,1.428571429,0.523809524,C21 H30 O11,21,30,11,0,0,0,0,0,0.0,lignin,0.9496881724103892
481,481,457.1509503,457.1505699,457.1504059,1.083333333,0.375,C24 H26 O9,24,26,9,0,0,0,0,0,0.0,lignin,0.971619418293779
482,482,457.1356894,457.135309,457.1351497,1.3,0.6,C20 H26 O12,20,26,12,0,0,0,0,0,0.0,lignin,0.9574119949975637
483,483,457.1145461,457.1141658,457.1140204,0.956521739,0.434782609,C23 H22 O10,23,22,10,0,0,0,0,0,0.0,lignin,0.9710119309818757
484,484,457.0991832,457.0988029,457.0987642,1.157894737,0.684210526,C19 H22 O13,19,22,13,0,0,0,0,0,0.0,lignin,0.9575458197464595
485,485,457.0779445,457.0775642,457.0776349,0.818181818,0.5,C22 H18 O11,22,18,11,0,0,0,0,0,0.0,tannin,0.9318998538822735
486,486,457.0626108,457.0622306,457.0623787,1.0,0.777777778,C18 H18 O14,18,18,14,0,0,0,0,0,0.0,lignin,0.8106089020621191
487,487,457.0414829,457.0411026,457.0412494,0.666666667,0.571428571,C21 H14 O12,21,14,12,0,0,0,0,0,0.0,tannin,0.9325572573198835
488,488,457.0390457,457.0386655,457.0387474,0.56,0.28,C25 H14 O7 S1,25,14,7,1,0,0,0,0,0.0,tannin,0.6442793037740804
489,489,456.1594831,456.159104,456.15924,1.4,0.55,C20 H28 O11 13C1,21,28,11,0,0,1,0,0,0.0,lignin,0.9497115194833329
490,490,455.1927662,455.1923885,455.1922707,1.454545455,0.454545455,C22 H32 O10,22,32,10,0,0,0,0,0,0.0,lignin,0.9783148508683354
491,491,455.1715259,455.1711482,455.1711413,1.12,0.32,C25 H28 O8,25,28,8,0,0,0,0,0,0.0,lignin,0.9718979294934259
492,492,455.1561839,455.1558062,455.1558852,1.333333333,0.523809524,C21 H28 O11,21,28,11,0,0,0,0,0,0.0,lignin,0.9574048498093731
493,493,455.1480678,455.1476901,455.14751,0.75,0.03125,C32 H24 O1 S1,32,24,1,1,0,0,0,0,0.0,pah,0.9739132277263192
494,494,455.1383456,455.1379679,455.1381271,1.333333333,0.428571429,C21 H28 O9 S1,21,28,9,1,0,0,0,0,0.0,lignin,0.9705011245031647
495,495,455.1349794,455.1346018,455.1347558,1.0,0.375,C24 H24 O9,24,24,9,0,0,0,0,0,0.0,lignin,0.9726936814152813
496,496,455.119712,455.1193343,455.1194997,1.2,0.6,C20 H24 O12,20,24,12,0,0,0,0,0,0.0,lignin,0.9575294493889978
497,497,455.1116463,455.1112687,455.1111245,0.64516129,0.064516129,C31 H20 O2 S1,31,20,2,1,0,0,0,0,0.0,pah,0.9731311878593922
498,498,455.0986775,455.0982999,455.0983703,0.869565217,0.434782609,C23 H20 O10,23,20,10,0,0,0,0,0,0.0,tannin,0.931745988410199
499,499,455.0834932,455.0831157,455.0831142,1.052631579,0.684210526,C19 H20 O13,19,20,13,0,0,0,0,0,0.0,lignin,0.9940510461481379
500,500,455.0625584,455.0621808,455.0619848,0.727272727,0.5,C22 H16 O11,22,16,11,0,0,0,0,0,0.0,tannin,0.9324696164724976
501,501,455.0472979,455.0469204,455.0467287,0.888888889,0.777777778,C18 H16 O14,18,16,14,0,0,0,0,0,0.0,tannin,0.930081623310943
502,502,454.1805379,454.1801615,454.1799755,1.428571429,0.476190476,C21 H30 O10 13C1,22,30,10,0,0,1,0,0,0.0,lignin,0.9497049681612569
503,503,454.1439709,454.1435946,454.14359,1.3,0.55,C20 H26 O11 13C1,21,26,11,0,0,1,0,0,0.0,lignin,0.9574316321197316
504,504,454.1074141,454.1070379,454.1072044,1.157894737,0.631578947,C19 H22 O12 13C1,20,22,12,0,0,1,0,0,0.0,lignin,0.9575691125125747
505,505,453.2132295,453.2128544,453.2130061,1.47826087,0.391304348,C23 H34 O9,23,34,9,0,0,0,0,0,0.0,lignin,0.9626370106773325
506,506,453.1770771,453.1767021,453.1766206,1.363636364,0.454545455,C22 H30 O10,22,30,10,0,0,0,0,0,0.0,lignin,0.9573982260807312
507,507,453.1408145,453.1404395,453.1402351,1.238095238,0.523809524,C21 H26 O11,21,26,11,0,0,0,0,0,0.0,lignin,0.9575149047819413
508,508,453.1042669,453.1038921,453.1038496,1.1,0.6,C20 H22 O12,20,22,12,0,0,0,0,0,0.0,lignin,0.9913555767465152
509,509,453.0829444,453.0825696,453.0827202,0.782608696,0.434782609,C23 H18 O10,23,18,10,0,0,0,0,0,0.0,tannin,0.932366586902919
510,510,453.0465114,453.0461366,453.0463347,0.636363636,0.5,C22 H14 O11,22,14,11,0,0,0,0,0,0.0,tannin,0.9329889293829489
511,511,453.0313728,453.030998,453.0310786,0.777777778,0.777777778,C18 H14 O14,18,14,14,0,0,0,0,0,0.0,tannin,0.9306100883689069
512,512,453.0289992,453.0286244,453.0285767,0.636363636,0.409090909,C22 H14 O9 S1,22,14,9,1,0,0,0,0,0.0,tannin,0.9333396950856608
513,513,452.1647462,452.1643726,452.1643254,1.333333333,0.476190476,C21 H28 O10 13C1,22,28,10,0,0,1,0,0,0.0,lignin,0.9574231563030111
514,514,452.1284443,452.1280707,452.1279399,1.2,0.55,C20 H24 O11 13C1,21,24,11,0,0,1,0,0,0.0,lignin,0.9575511634534039
515,515,451.2341208,451.2337485,451.2337416,1.5,0.333333333,C24 H36 O8,24,36,8,0,0,0,0,0,0.0,lipid,0.9310990500840459
516,516,451.2131547,451.2127824,451.2126122,1.185185185,0.222222222,C27 H32 O6,27,32,6,0,0,0,0,0,0.0,lignin,0.9717450302382357
517,517,451.161269,451.1608968,451.1609706,1.272727273,0.454545455,C22 H28 O10,22,28,10,0,0,0,0,0,0.0,lignin,0.9575017395997273
518,518,451.1251671,451.1247949,451.1245851,1.142857143,0.523809524,C21 H24 O11,21,24,11,0,0,0,0,0,0.0,lignin,0.9576385937400476
519,519,451.0887264,451.0883543,451.0881995,1.0,0.6,C20 H20 O12,20,20,12,0,0,0,0,0,0.0,lignin,0.969933203607366
520,520,451.067411,451.0670388,451.0670702,0.695652174,0.434782609,C23 H16 O10,23,16,10,0,0,0,0,0,0.0,tannin,0.9328961873128954
521,521,451.0520201,451.051648,451.051814,0.842105263,0.684210526,C19 H16 O13,19,16,13,0,0,0,0,0,0.0,tannin,0.9305005048621897
522,522,451.04964,451.0492678,451.0493121,0.695652174,0.347826087,C23 H16 O8 S1,23,16,8,1,0,0,0,0,0.0,tannin,0.933209698365383
523,523,451.013246,451.012874,451.0129266,0.545454545,0.409090909,C22 H12 O9 S1,22,12,9,1,0,0,0,0,0.0,tannin,0.9320945339455019
524,524,450.2217643,450.2213934,450.2214464,1.47826087,0.347826087,C23 H34 O8 13C1,24,34,8,0,0,1,0,0,0.0,lignin,0.9702695036361977
525,525,450.1852741,450.1849032,450.1850608,1.363636364,0.409090909,C22 H30 O9 13C1,23,30,9,0,0,1,0,0,0.0,lignin,0.9704486108590984
526,526,450.1771635,450.1767926,450.176955,1.318181818,0.409090909,C22 H29 O9 N1,22,29,9,0,1,0,0,0,0.045454545,lipid,0.9330162866524159
527,527,450.1489703,450.1485994,450.1486753,1.238095238,0.476190476,C21 H26 O10 13C1,22,26,10,0,0,1,0,0,0.0,lignin,0.9575350226356916
528,528,450.1127728,450.1124019,450.1122898,1.1,0.55,C20 H22 O11 13C1,21,22,11,0,0,1,0,0,0.0,lignin,0.9913955486435884
529,529,449.2183945,449.2180248,449.2180915,1.416666667,0.333333333,C24 H34 O8,24,34,8,0,0,0,0,0,0.0,lignin,0.9703711447532344
530,530,449.1819137,449.1815441,449.181706,1.304347826,0.391304348,C23 H30 O9,23,30,9,0,0,0,0,0,0.0,lignin,0.9705675940394025
531,531,449.1457114,449.1453418,449.1453205,1.181818182,0.454545455,C22 H26 O10,22,26,10,0,0,0,0,0,0.0,lignin,0.9576172571932495
532,532,449.1094489,449.1090794,449.108935,1.047619048,0.523809524,C21 H22 O11,21,22,11,0,0,0,0,0,0.0,lignin,0.994259483261499
533,533,449.0730386,449.0726692,449.0725495,0.9,0.6,C20 H18 O12,20,18,12,0,0,0,0,0,0.0,tannin,0.9303453679711122
534,534,449.0364875,449.0361181,449.036164,0.736842105,0.684210526,C19 H14 O13,19,14,13,0,0,0,0,0,0.0,tannin,0.9310458570718521
535,535,449.0340548,449.0336854,449.0336621,0.608695652,0.347826087,C23 H14 O8 S1,23,14,8,1,0,0,0,0,0.0,tannin,0.9318988296797676
536,536,448.2060628,448.2056945,448.2057963,1.391304348,0.347826087,C23 H32 O8 13C1,24,32,8,0,0,1,0,0,0.0,lignin,0.9704120174014392
537,537,448.1695866,448.1692184,448.1694108,1.272727273,0.409090909,C22 H28 O9 13C1,23,28,9,0,0,1,0,0,0.0,lignin,0.9706298351094278
538,538,448.1334501,448.1330819,448.1330253,1.142857143,0.476190476,C21 H24 O10 13C1,22,24,10,0,0,1,0,0,0.0,lignin,0.9576608748823687
539,539,447.2392737,447.2389067,447.238827,1.44,0.28,C25 H36 O7,25,36,7,0,0,0,0,0,0.0,lipid,0.9313378400846608
540,540,447.2026978,447.2023309,447.2024415,1.333333333,0.333333333,C24 H32 O8,24,32,8,0,0,0,0,0,0.0,lignin,0.9705216293685014
541,541,447.1793476,447.1789807,447.1788102,0.903225806,0.032258065,C31 H28 O1 S1,31,28,1,1,0,0,0,0,0.0,pah,0.938078270966751
542,542,447.1662811,447.1659143,447.1660559,1.217391304,0.391304348,C23 H28 O9,23,28,9,0,0,0,0,0,0.0,lignin,0.9707604873299672
543,543,447.1301424,447.1297756,447.1296704,1.090909091,0.454545455,C22 H24 O10,22,24,10,0,0,0,0,0,0.0,lignin,0.9914850848112158
544,544,447.093853,447.0934863,447.0932849,0.952380952,0.523809524,C21 H20 O11,21,20,11,0,0,0,0,0,0.0,tannin,0.9308946426587994
545,545,447.0785195,447.0781528,447.0780288,1.176470588,0.823529412,C17 H20 O14,17,20,14,0,0,0,0,0,0.0,lignin,0.7619753972166269
546,546,447.0572429,447.0568762,447.0568994,0.8,0.6,C20 H16 O12,20,16,12,0,0,0,0,0,0.0,tannin,0.9317136733554141
547,547,447.0548442,447.0544775,447.0543975,0.666666667,0.291666667,C24 H16 O7 S1,24,16,7,1,0,0,0,0,0.0,tannin,0.9316835778976087
548,548,447.0206787,447.0203121,447.0205139,0.631578947,0.684210526,C19 H12 O13,19,12,13,0,0,0,0,0,0.0,tannin,0.9323498896771524
549,549,447.0182423,447.0178757,447.018012,0.52173913,0.347826087,C23 H12 O8 S1,23,12,8,1,0,0,0,0,0.0,tannin,0.7008195258364012
550,550,446.1903941,446.1900285,446.1901462,1.304347826,0.347826087,C23 H30 O8 13C1,24,30,8,0,0,1,0,0,0.0,lignin,0.9705766683178363
551,551,446.154213,446.1538475,446.1537607,1.181818182,0.409090909,C22 H26 O9 13C1,23,26,9,0,0,1,0,0,0.0,lignin,0.9759584081024635
552,552,445.1871949,445.1868307,445.1867914,1.25,0.333333333,C24 H30 O8,24,30,8,0,0,0,0,0,0.0,lignin,0.9706909379240851
553,553,445.1720496,445.1716854,445.1715353,1.5,0.55,C20 H30 O11,20,30,11,0,0,0,0,0,0.0,lignin,0.9496023172061321
554,554,445.1509738,445.1506096,445.1504059,1.130434783,0.391304348,C23 H26 O9,23,26,9,0,0,0,0,0,0.0,lignin,0.9769241388182317
555,555,445.1357125,445.1353484,445.1351497,1.368421053,0.631578947,C19 H26 O12,19,26,12,0,0,0,0,0,0.0,lignin,0.949718866157345
556,556,445.1178143,445.1174502,445.1173917,1.368421053,0.526315789,C19 H26 O10 S1,19,26,10,1,0,0,0,0,0.0,lignin,0.9573663206364957
557,557,445.1144369,445.1140728,445.1140204,1.0,0.454545455,C22 H22 O10,22,22,10,0,0,0,0,0,0.0,lignin,0.9718213766311514
558,558,445.0990293,445.0986653,445.0987642,1.222222222,0.722222222,C18 H22 O13,18,22,13,0,0,0,0,0,0.0,lignin,0.9574511916235773
559,559,445.0908916,445.0905276,445.0903891,0.620689655,0.103448276,C29 H18 O3 S1,29,18,3,1,0,0,0,0,0.0,pah,0.9729627137343945
560,560,445.0778155,445.0774514,445.0776349,0.857142857,0.523809524,C21 H18 O11,21,18,11,0,0,0,0,0,0.0,tannin,0.9315833067345173
561,561,445.0753976,445.0750336,445.0751329,0.72,0.24,C25 H18 O6 S1,25,18,6,1,0,0,0,0,0.0,tannin,0.9314295014181827
562,562,445.0625775,445.0622135,445.0623787,1.058823529,0.823529412,C17 H18 O14,17,18,14,0,0,0,0,0,0.0,lignin,0.8371881036576202
563,563,445.0415847,445.0412207,445.0412494,0.7,0.6,C20 H14 O12,20,14,12,0,0,0,0,0,0.0,tannin,0.9322630511499819
564,564,445.039207,445.038843,445.0387474,0.583333333,0.291666667,C24 H14 O7 S1,24,14,7,1,0,0,0,0,0.0,tannin,0.6885947105281282
565,565,443.2783523,443.2779907,443.2777959,1.290322581,0.0,C31 H40 S1,31,40,0,1,0,0,0,0,0.0,lipid,0.9334028274496987
566,566,443.208012,443.2076505,443.2075268,1.28,0.28,C25 H32 O7,25,32,7,0,0,0,0,0,0.0,lignin,0.9714979508814714
567,567,443.1927619,443.1924004,443.1922707,1.523809524,0.476190476,C21 H32 O10,21,32,10,0,0,0,0,0,0.0,lignin,0.9496020333189105
568,568,443.1715308,443.1711693,443.1711413,1.166666667,0.333333333,C24 H28 O8,24,28,8,0,0,0,0,0,0.0,lignin,0.9717587307241731
569,569,443.1562127,443.1558513,443.1558852,1.4,0.55,C20 H28 O11,20,28,11,0,0,0,0,0,0.0,lignin,0.9497115194833329
570,570,443.1480885,443.1477271,443.14751,0.774193548,0.032258065,C31 H24 O1 S1,31,24,1,1,0,0,0,0,0.0,pah,0.9741610177048512
571,571,443.1383328,443.1379714,443.1381271,1.4,0.45,C20 H28 O9 S1,20,28,9,1,0,0,0,0,0.0,lignin,0.9859724972814472
572,572,443.1349835,443.134622,443.1347558,1.043478261,0.391304348,C23 H24 O9,23,24,9,0,0,0,0,0,0.0,lignin,0.9900875318218987
573,573,443.129418,443.1290565,443.1288826,0.666666667,0.133333333,C30 H20 O4,30,20,4,0,0,0,0,0,0.0,pah,0.9730253730915512
574,574,443.1196891,443.1193277,443.1194997,1.263157895,0.631578947,C19 H24 O12,19,24,12,0,0,0,0,0,0.0,lignin,0.9574408995381474
575,575,443.1116327,443.1112713,443.1111245,0.666666667,0.066666667,C30 H20 O2 S1,30,20,2,1,0,0,0,0,0.0,pah,0.9732332311121923
576,576,443.1019778,443.1016164,443.1017416,1.263157895,0.526315789,C19 H24 O10 S1,19,24,10,1,0,0,0,0,0.0,lignin,0.957483687859958
577,577,443.0987141,443.0983527,443.0983703,0.909090909,0.454545455,C22 H20 O10,22,20,10,0,0,0,0,0,0.0,tannin,0.9313812257409742
578,578,443.0835205,443.0831591,443.0831142,1.111111111,0.722222222,C18 H20 O13,18,20,13,0,0,0,0,0,0.0,lignin,0.99195663309613
579,579,443.0625412,443.0621799,443.0619848,0.761904762,0.523809524,C21 H16 O11,21,16,11,0,0,0,0,0,0.0,tannin,0.9321679338724834
580,580,443.0472727,443.0469114,443.0467287,0.941176471,0.823529412,C17 H16 O14,17,16,14,0,0,0,0,0,0.0,tannin,0.9297491777720357
581,581,442.2566611,442.2563008,442.2561178,2.210526316,0.421052632,C19 H42 O8 S1 13C1,20,42,8,1,0,1,0,0,0.0,lipid,0.631979500766616
582,582,442.180161,442.1798008,442.1799755,1.5,0.5,C20 H30 O10 13C1,21,30,10,0,0,1,0,0,0.0,lignin,0.9496188185334683
583,583,442.1720844,442.1717243,442.1718696,1.45,0.5,C20 H29 O10 N1,20,29,10,0,1,0,0,0,0.05,lipid,0.9259944162198834
584,584,442.143929,442.1435689,442.14359,1.368421053,0.578947368,C19 H26 O11 13C1,20,26,11,0,0,1,0,0,0.0,lignin,0.9497381574098414
585,585,442.1358921,442.135532,442.1354841,1.315789474,0.578947368,C19 H25 O11 N1,19,25,11,0,1,0,0,0,0.052631579,lignin,0.4845171283552375
586,586,441.253045,441.2526861,441.252763,2.1,0.4,C20 H42 O8 S1,20,42,8,1,0,0,0,0,0.0,lipid,0.9186178755897203
587,587,441.2131656,441.2128068,441.2130061,1.545454545,0.409090909,C22 H34 O9,22,34,9,0,0,0,0,0,0.0,lignin,0.7821861063006661
588,588,441.1921576,441.1917988,441.1918768,1.2,0.28,C25 H30 O7,25,30,7,0,0,0,0,0,0.0,lignin,0.9716875572432491
589,589,441.1770766,441.1767178,441.1766206,1.428571429,0.476190476,C21 H30 O10,21,30,10,0,0,0,0,0,0.0,lignin,0.9497049681612569
590,590,441.1560531,441.1556943,441.1554913,1.083333333,0.333333333,C24 H26 O8,24,26,8,0,0,0,0,0,0.0,lignin,0.9720443686352125
591,591,441.1407873,441.1404285,441.1402351,1.3,0.55,C20 H26 O11,20,26,11,0,0,0,0,0,0.0,lignin,0.9574316321197316
592,592,441.1195829,441.1192242,441.1191058,0.956521739,0.391304348,C23 H22 O9,23,22,9,0,0,0,0,0,0.0,lignin,0.9712798036960463
593,593,441.1041659,441.1038072,441.1038496,1.157894737,0.631578947,C19 H22 O12,19,22,12,0,0,0,0,0,0.0,lignin,0.9575691125125747
594,594,441.101836,441.1014773,441.1013477,0.956521739,0.304347826,C23 H22 O7 S1,23,22,7,1,0,0,0,0,0.0,lignin,0.9720563608106627
595,595,441.0960313,441.0956726,441.0954745,0.6,0.066666667,C30 H18 O2 S1,30,18,2,1,0,0,0,0,0.0,pah,0.9729390905402019
596,596,441.0829008,441.0825421,441.0827202,0.818181818,0.454545455,C22 H18 O10,22,18,10,0,0,0,0,0,0.0,tannin,0.9320504085655106
597,597,441.0676562,441.0672975,441.0674641,1.0,0.722222222,C18 H18 O13,18,18,13,0,0,0,0,0,0.0,lignin,0.8106390754103078
598,598,441.0466386,441.04628,441.0463347,0.666666667,0.523809524,C21 H14 O11,21,14,11,0,0,0,0,0,0.0,tannin,0.93275194244618
599,599,441.0442248,441.0438662,441.0438328,0.56,0.24,C25 H14 O6 S1,25,14,6,1,0,0,0,0,0.0,tannin,0.6236957811071226
600,600,441.0314983,441.0311397,441.0310786,0.823529412,0.823529412,C17 H14 O14,17,14,14,0,0,0,0,0,0.0,tannin,0.9303069554687271
601,601,440.1647426,440.1643851,440.1643254,1.4,0.5,C20 H28 O10 13C1,21,28,10,0,0,1,0,0,0.0,lignin,0.9497295542414357
602,602,440.1566063,440.1562489,440.1562195,1.35,0.5,C20 H27 O10 N1,20,27,10,0,1,0,0,0,0.05,lipid,0.9327185424177662
603,603,440.1281137,440.1277563,440.1279399,1.263157895,0.578947368,C19 H24 O11 13C1,20,24,11,0,0,1,0,0,0.0,lignin,0.9574622087522922
604,604,440.1200108,440.1196534,440.119834,1.210526316,0.578947368,C19 H23 O11 N1,19,23,11,0,1,0,0,0,0.052631579,lignin,0.5400469145053178
605,605,440.0918327,440.0914753,440.0915544,1.111111111,0.666666667,C18 H20 O12 13C1,19,20,12,0,0,1,0,0,0.0,lignin,0.9913203665351974
606,606,439.197625,439.1972688,439.1973561,1.454545455,0.409090909,C22 H32 O9,22,32,9,0,0,0,0,0,0.0,lignin,0.9702948654773396
607,607,439.1611883,439.1608322,439.1609706,1.333333333,0.476190476,C21 H28 O10,21,28,10,0,0,0,0,0,0.0,lignin,0.9574231563030111
608,608,439.1531438,439.1527877,439.1525954,0.75,0.0,C32 H24 S1,32,24,0,1,0,0,0,0,0.0,pah,0.974027652515
609,609,439.1250419,439.1246858,439.1245851,1.2,0.55,C20 H24 O11,20,24,11,0,0,0,0,0,0.0,lignin,0.9575511634534039
610,610,439.1039784,439.1036223,439.1034557,0.869565217,0.391304348,C23 H20 O9,23,20,9,0,0,0,0,0,0.0,tannin,0.9318677935152142
611,611,439.0887513,439.0883953,439.0881995,1.052631579,0.631578947,C19 H20 O12,19,20,12,0,0,0,0,0,0.0,lignin,0.99411918436355
612,612,439.0675124,439.0671564,439.0670702,0.727272727,0.454545455,C22 H16 O10,22,16,10,0,0,0,0,0,0.0,tannin,0.9326581623637953
613,613,439.0520959,439.0517399,439.051814,0.888888889,0.722222222,C18 H16 O13,18,16,13,0,0,0,0,0,0.0,tannin,0.9301776478123159
614,614,439.0496824,439.0493265,439.0493121,0.727272727,0.363636364,C22 H16 O8 S1,22,16,8,1,0,0,0,0,0.0,tannin,0.9328752783730294
615,615,439.0284283,439.0280724,439.0281827,0.48,0.24,C25 H12 O6 S1,25,12,6,1,0,0,0,0,0.0,pah,0.9406930151161644
616,616,438.1855681,438.1852133,438.1850608,1.428571429,0.428571429,C21 H30 O9 13C1,22,30,9,0,0,1,0,0,0.0,lignin,0.9703325820491603
617,617,438.149114,438.1487592,438.1486753,1.3,0.5,C20 H26 O10 13C1,21,26,10,0,0,1,0,0,0.0,lignin,0.9574514030175372
618,618,438.1410022,438.1406475,438.1405695,1.25,0.5,C20 H25 O10 N1,20,25,10,0,1,0,0,0,0.05,lipid,0.9331786698842321
619,619,438.1125273,438.1121726,438.1122898,1.157894737,0.578947368,C19 H22 O11 13C1,20,22,11,0,0,1,0,0,0.0,lignin,0.9575928828415143
620,620,438.1043909,438.1040362,438.104184,1.105263158,0.578947368,C19 H21 O11 N1,19,21,11,0,1,0,0,0,0.052631579,lignin,0.6338096696454517
621,621,438.0761323,438.0757776,438.0759043,1.0,0.666666667,C18 H18 O12 13C1,19,18,12,0,0,1,0,0,0.0,lignin,0.8106741126864948
622,622,437.2185046,437.2181511,437.2180915,1.47826087,0.347826087,C23 H34 O8,23,34,8,0,0,0,0,0,0.0,lignin,0.9702695036361977
623,623,437.1818874,437.1815339,437.181706,1.363636364,0.409090909,C22 H30 O9,22,30,9,0,0,0,0,0,0.0,lignin,0.9704486108590984
624,624,437.1456457,437.1452923,437.1453205,1.238095238,0.476190476,C21 H26 O10,21,26,10,0,0,0,0,0,0.0,lignin,0.9575350226356916
625,625,437.109442,437.1090886,437.108935,1.1,0.55,C20 H22 O11,20,22,11,0,0,0,0,0,0.0,lignin,0.9913955486435884
626,626,437.0882812,437.0879279,437.0878056,0.782608696,0.391304348,C23 H18 O9,23,18,9,0,0,0,0,0,0.0,tannin,0.9325465604774796
627,627,437.0730004,437.0726471,437.0725495,0.947368421,0.631578947,C19 H18 O12,19,18,12,0,0,0,0,0,0.0,tannin,0.9299735488653933
628,628,437.0517637,437.0514104,437.0514201,0.636363636,0.454545455,C22 H14 O10,22,14,10,0,0,0,0,0,0.0,tannin,0.9330908233068907
629,629,437.036435,437.0360818,437.036164,0.777777778,0.722222222,C18 H14 O13,18,14,13,0,0,0,0,0,0.0,tannin,0.9307391230723734
630,630,437.0340129,437.0336596,437.0336621,0.636363636,0.363636364,C22 H14 O8 S1,22,14,8,1,0,0,0,0,0.0,tannin,0.9335194598423303
631,631,436.2062171,436.2058649,436.2057963,1.454545455,0.363636364,C22 H32 O8 13C1,23,32,8,0,0,1,0,0,0.0,lignin,0.970303346226894
632,632,436.1699448,436.1695927,436.1694108,1.333333333,0.428571429,C21 H28 O9 13C1,22,28,9,0,0,1,0,0,0.0,lignin,0.9705011245031647
633,633,436.1333486,436.1329965,436.1330253,1.2,0.5,C20 H24 O10 13C1,21,24,10,0,0,1,0,0,0.0,lignin,0.957573051415614
634,634,436.0968405,436.0964885,436.0966398,1.052631579,0.578947368,C19 H20 O11 13C1,20,20,11,0,0,1,0,0,0.0,lignin,0.9941967495491563
635,635,436.0887568,436.0884048,436.0885339,1.0,0.578947368,C19 H19 O11 N1,19,19,11,0,1,0,0,0,0.052631579,lignin,0.6288450823356648
636,636,435.2393421,435.2389912,435.238827,1.5,0.291666667,C24 H36 O7,24,36,7,0,0,0,0,0,0.0,lipid,0.931188988430306
637,637,435.2026473,435.2022965,435.2024415,1.391304348,0.347826087,C23 H32 O8,23,32,8,0,0,0,0,0,0.0,lignin,0.9704120174014392
638,638,435.1792297,435.1788789,435.1788102,0.933333333,0.033333333,C30 H28 O1 S1,30,28,1,1,0,0,0,0,0.0,pah,0.646078440413027
639,639,435.1662407,435.16589,435.1660559,1.272727273,0.409090909,C22 H28 O9,22,28,9,0,0,0,0,0,0.0,lignin,0.9706298351094278
640,640,435.130182,435.1298313,435.1296704,1.142857143,0.476190476,C21 H24 O10,21,24,10,0,0,0,0,0,0.0,lignin,0.9576608748823687
641,641,435.0937999,435.0934493,435.0932849,1.0,0.55,C20 H20 O11,20,20,11,0,0,0,0,0,0.0,lignin,0.9702262092638934
642,642,435.0570896,435.056739,435.0568994,0.842105263,0.631578947,C19 H16 O12,19,16,12,0,0,0,0,0,0.0,tannin,0.9306207879517313
643,643,435.0546775,435.0543269,435.0543975,0.695652174,0.304347826,C23 H16 O7 S1,23,16,7,1,0,0,0,0,0.0,tannin,0.9333719790770794
644,644,435.0207202,435.0203696,435.0205139,0.666666667,0.722222222,C18 H12 O13,18,12,13,0,0,0,0,0,0.0,tannin,0.9320565741257599
645,645,435.0183217,435.0179712,435.018012,0.545454545,0.363636364,C22 H12 O8 S1,22,12,8,1,0,0,0,0,0.0,tannin,0.9323440106129521
646,646,434.1906327,434.1902833,434.1901462,1.363636364,0.363636364,C22 H30 O8 13C1,23,30,8,0,0,1,0,0,0.0,lignin,0.9704585905165134
647,647,434.1646307,434.1642813,434.1642823,1.318181818,0.272727273,C22 H29 O6 S1 N1,22,29,6,1,1,0,0,0,0.045454545,lipid,0.9337399105828794
648,648,434.1540362,434.1536868,434.1537607,1.238095238,0.428571429,C21 H26 O9 13C1,22,26,9,0,0,1,0,0,0.0,lignin,0.9521934761073702
649,649,434.1175411,434.1171917,434.1173752,1.1,0.5,C20 H22 O10 13C1,21,22,10,0,0,1,0,0,0.0,lignin,0.9914486194831984
650,650,433.2233657,433.2230175,433.2231769,1.416666667,0.291666667,C24 H34 O7,24,34,7,0,0,0,0,0,0.0,lignin,0.9703778911130325
651,651,433.187088,433.1867399,433.1867914,1.304347826,0.347826087,C23 H30 O8,23,30,8,0,0,0,0,0,0.0,lignin,0.9705766683178363
652,652,433.1509197,433.1505716,433.1504059,1.181818182,0.409090909,C22 H26 O9,22,26,9,0,0,0,0,0,0.0,lignin,0.9759584081024635
653,653,433.1144211,433.1140731,433.1140204,1.047619048,0.476190476,C21 H22 O10,21,22,10,0,0,0,0,0,0.0,lignin,0.9943475193559177
654,654,433.0989976,433.0986496,433.0987642,1.294117647,0.764705882,C17 H22 O13,17,22,13,0,0,0,0,0,0.0,lignin,0.7804234069470553
655,655,433.0908921,433.0905441,433.0903891,0.642857143,0.107142857,C28 H18 O3 S1,28,18,3,1,0,0,0,0,0.0,pah,0.973046776035482
656,656,433.0777786,433.0774306,433.0776349,0.9,0.55,C20 H18 O11,20,18,11,0,0,0,0,0,0.0,tannin,0.9312449409815718
657,657,433.0753663,433.0750183,433.0751329,0.75,0.25,C24 H18 O6 S1,24,18,6,1,0,0,0,0,0.0,tannin,0.9332240576090826
658,658,433.0625365,433.0621885,433.0623787,1.125,0.875,C16 H18 O14,16,18,14,0,0,0,0,0,0.0,lignin,0.798986896931854
659,659,433.0415741,433.0412261,433.0412494,0.736842105,0.631578947,C19 H14 O12,19,14,12,0,0,0,0,0,0.0,tannin,0.9319612827811115
660,660,433.039199,433.0388511,433.0387474,0.608695652,0.304347826,C23 H14 O7 S1,23,14,7,1,0,0,0,0,0.0,tannin,0.932081865843459
661,661,432.1746812,432.1743344,432.1744962,1.272727273,0.363636364,C22 H28 O8 13C1,23,28,8,0,0,1,0,0,0.0,lignin,0.9706400805604837
662,662,432.1385112,432.1381644,432.1381107,1.142857143,0.428571429,C21 H24 O9 13C1,22,24,9,0,0,1,0,0,0.0,lignin,0.9576820563069898
663,663,431.2079967,431.2076513,431.2075268,1.333333333,0.291666667,C24 H32 O7,24,32,7,0,0,0,0,0,0.0,lignin,0.9705228669319667
664,664,431.1714218,431.1710763,431.1711413,1.217391304,0.347826087,C23 H28 O8,23,28,8,0,0,0,0,0,0.0,lignin,0.9707647270413726
665,665,431.1561048,431.1557594,431.1558852,1.473684211,0.578947368,C19 H28 O11,19,28,11,0,0,0,0,0,0.0,lignin,0.9496201100041256
666,666,431.1480081,431.1476627,431.14751,0.8,0.033333333,C30 H24 O1 S1,30,24,1,1,0,0,0,0,0.0,pah,0.9744832131769676
667,667,431.1383399,431.1379945,431.1381271,1.473684211,0.473684211,C19 H28 O9 S1,19,28,9,1,0,0,0,0,0.0,lignin,0.9496556414548989
668,668,431.1349601,431.1346148,431.1347558,1.090909091,0.409090909,C22 H24 O9,22,24,9,0,0,0,0,0,0.0,lignin,0.9869936527720065
669,669,431.1294338,431.1290884,431.1288826,0.689655172,0.137931034,C29 H20 O4,29,20,4,0,0,0,0,0,0.0,pah,0.9731251566462145
670,670,431.1197685,431.1194231,431.1194997,1.333333333,0.666666667,C18 H24 O12,18,24,12,0,0,0,0,0,0.0,lignin,0.9497479395915484
671,671,431.0987794,431.0984341,431.0983703,0.952380952,0.476190476,C21 H20 O10,21,20,10,0,0,0,0,0,0.0,tannin,0.7507516774026495
672,672,431.0836077,431.0832624,431.0831142,1.176470588,0.764705882,C17 H20 O13,17,20,13,0,0,0,0,0,0.0,lignin,0.8641133777319461
673,673,431.0624832,431.0621379,431.0619848,0.8,0.55,C20 H16 O11,20,16,11,0,0,0,0,0,0.0,tannin,0.931858432171774
674,674,431.0471865,431.0468412,431.0467287,1.0,0.875,C16 H16 O14,16,16,14,0,0,0,0,0,0.0,lignin,0.5236468229574618
675,675,431.0259229,431.0255777,431.0255993,0.631578947,0.631578947,C19 H12 O12,19,12,12,0,0,0,0,0,0.0,tannin,0.9325352672030908
676,676,431.0234569,431.0231117,431.0230974,0.52173913,0.304347826,C23 H12 O7 S1,23,12,7,1,0,0,0,0,0.0,tannin,0.6464037430648573
677,677,430.1357414,430.1353973,430.1354841,1.388888889,0.611111111,C18 H25 O11 N1,18,25,11,0,1,0,0,0,0.055555556,carbohydrate,0.3776050801042207
678,678,430.0993186,430.0989746,430.0990986,1.235294118,0.705882353,C17 H21 O12 N1,17,21,12,0,1,0,0,0,0.058823529,lipid,0.6169783341767193
679,679,429.1923053,429.1919625,429.1918768,1.25,0.291666667,C24 H30 O7,24,30,7,0,0,0,0,0,0.0,lignin,0.9715621683342303
680,680,429.1771082,429.1767654,429.1766206,1.5,0.5,C20 H30 O10,20,30,10,0,0,0,0,0,0.0,lignin,0.9496188185334683
681,681,429.1559676,429.1556248,429.1554913,1.130434783,0.347826087,C23 H26 O8,23,26,8,0,0,0,0,0,0.0,lignin,0.9718564864900342
682,682,429.140647,429.1403043,429.1402351,1.368421053,0.578947368,C19 H26 O11,19,26,11,0,0,0,0,0,0.0,lignin,0.9497381574098414
683,683,429.1227474,429.1224047,429.1224771,1.368421053,0.473684211,C19 H26 O9 S1,19,26,9,1,0,0,0,0,0.0,lignin,0.957385905303106
684,684,429.1193758,429.1190331,429.1191058,1.0,0.409090909,C22 H22 O9,22,22,9,0,0,0,0,0,0.0,lignin,0.9722780493091971
685,685,429.104053,429.1037103,429.1038496,1.222222222,0.666666667,C18 H22 O12,18,22,12,0,0,0,0,0,0.0,lignin,0.9574741771711544
686,686,429.0959699,429.0956272,429.0954745,0.620689655,0.068965517,C29 H18 O2 S1,29,18,2,1,0,0,0,0,0.0,pah,0.9730165260530864
687,687,429.0829495,429.0826069,429.0827202,0.857142857,0.476190476,C21 H18 O10,21,18,10,0,0,0,0,0,0.0,tannin,0.9317139403170946
688,688,429.067739,429.0673964,429.0674641,1.058823529,0.764705882,C17 H18 O13,17,18,13,0,0,0,0,0,0.0,lignin,0.994694628937195
689,689,429.0467941,429.0464515,429.0463347,0.7,0.55,C20 H14 O11,20,14,11,0,0,0,0,0,0.0,tannin,0.9324418444751394
690,690,429.031596,429.0312534,429.0310786,0.875,0.875,C16 H14 O14,16,14,14,0,0,0,0,0,0.0,tannin,0.9299905814074577
691,691,428.1648177,428.1644762,428.1643254,1.473684211,0.526315789,C19 H28 O10 13C1,20,28,10,0,0,1,0,0,0.0,lignin,0.9496378064568052
692,692,428.1567025,428.1563611,428.1562195,1.421052632,0.526315789,C19 H27 O10 N1,19,27,10,0,1,0,0,0,0.052631579,lipid,0.9261790180071487
693,693,428.1283465,428.1280051,428.1279399,1.333333333,0.611111111,C18 H24 O11 13C1,19,24,11,0,0,1,0,0,0.0,lignin,0.9497688577682991
694,694,428.1202525,428.1199111,428.119834,1.277777778,0.611111111,C18 H23 O11 N1,18,23,11,0,1,0,0,0,0.055555556,lignin,0.4284234129320206
695,695,428.0917643,428.091423,428.0915544,1.176470588,0.705882353,C17 H20 O12 13C1,18,20,12,0,0,1,0,0,0.0,lignin,0.9575129579756478
696,696,428.0836329,428.0832916,428.0834485,1.117647059,0.705882353,C17 H19 O12 N1,17,19,12,0,1,0,0,0,0.058823529,lipid,0.7869908417424929
697,697,427.1976159,427.1972758,427.1973561,1.523809524,0.428571429,C21 H32 O9,21,32,9,0,0,0,0,0,0.0,lignin,0.9625590675925537
698,698,427.1766343,427.1762942,427.1762267,1.166666667,0.291666667,C24 H28 O7,24,28,7,0,0,0,0,0,0.0,lignin,0.9717726333076941
699,699,427.1614312,427.1610911,427.1609706,1.4,0.5,C20 H28 O10,20,28,10,0,0,0,0,0,0.0,lignin,0.9497295542414357
700,700,427.1403303,427.1399902,427.1398412,1.043478261,0.347826087,C23 H24 O8,23,24,8,0,0,0,0,0,0.0,lignin,0.9850748066215769
701,701,427.1250397,427.1246996,427.1245851,1.263157895,0.578947368,C19 H24 O11,19,24,11,0,0,0,0,0,0.0,lignin,0.9574622087522922
702,702,427.1071678,427.1068277,427.106827,1.263157895,0.473684211,C19 H24 O9 S1,19,24,9,1,0,0,0,0,0.0,lignin,0.9575053728287791
703,703,427.1037938,427.1034538,427.1034557,0.909090909,0.409090909,C22 H20 O9,22,20,9,0,0,0,0,0,0.0,tannin,0.931491474445548
704,704,427.0884269,427.0880868,427.0881995,1.111111111,0.666666667,C18 H20 O12,18,20,12,0,0,0,0,0,0.0,lignin,0.9913203665351974
705,705,427.0860992,427.0857592,427.0856976,0.909090909,0.318181818,C22 H20 O7 S1,22,20,7,1,0,0,0,0,0.0,tannin,0.9317343676192115
706,706,427.0803165,427.0799765,427.0798244,0.551724138,0.068965517,C29 H16 O2 S1,29,16,2,1,0,0,0,0,0.0,pah,0.9727746380777779
707,707,427.0672509,427.0669109,427.0670702,0.761904762,0.476190476,C21 H16 O10,21,16,10,0,0,0,0,0,0.0,tannin,0.9323426828049776
708,708,427.0520505,427.0517106,427.051814,0.941176471,0.764705882,C17 H16 O13,17,16,13,0,0,0,0,0,0.0,tannin,0.9298258282811238
709,709,427.0311597,427.0308198,427.0306847,0.6,0.55,C20 H12 O11,20,12,11,0,0,0,0,0,0.0,tannin,0.9329963922892297
710,710,427.0286633,427.0283234,427.0281827,0.5,0.25,C24 H12 O6 S1,24,12,6,1,0,0,0,0,0.0,pah,0.7539201600562382
711,711,426.2615484,426.2612095,426.2612032,2.210526316,0.368421053,C19 H42 O7 S1 13C1,20,42,7,1,0,1,0,0,0.0,lipid,0.9185614783152116
712,712,426.1854376,426.1850988,426.1850608,1.5,0.45,C20 H30 O9 13C1,21,30,9,0,0,1,0,0,0.0,lignin,0.9625920347072137
713,713,426.1491679,426.1488292,426.1486753,1.368421053,0.526315789,C19 H26 O10 13C1,20,26,10,0,0,1,0,0,0.0,lignin,0.9573663206364957
714,714,426.1410466,426.1407079,426.1405695,1.315789474,0.526315789,C19 H25 O10 N1,19,25,10,0,1,0,0,0,0.052631579,lipid,0.8119802993296549
715,715,426.1126256,426.1122869,426.1122898,1.222222222,0.611111111,C18 H22 O11 13C1,19,22,11,0,0,1,0,0,0.0,lignin,0.9574974575943707
716,716,426.1044619,426.1041232,426.104184,1.166666667,0.611111111,C18 H21 O11 N1,18,21,11,0,1,0,0,0,0.055555556,lignin,0.48344943665656326
717,717,426.0760992,426.0757605,426.0759043,1.058823529,0.705882353,C17 H18 O12 13C1,18,18,12,0,0,1,0,0,0.0,lignin,0.9940511177854878
718,718,425.2581486,425.257811,425.2578483,2.1,0.35,C20 H42 O7 S1,20,42,7,1,0,0,0,0,0.0,lipid,0.9182925076060915
719,719,425.2182855,425.2179479,425.2180915,1.545454545,0.363636364,C22 H34 O8,22,34,8,0,0,0,0,0,0.0,lipid,0.9243938792704138
720,720,425.182099,425.1817615,425.181706,1.428571429,0.428571429,C21 H30 O9,21,30,9,0,0,0,0,0,0.0,lignin,0.9703325820491603
721,721,425.1458059,425.1454684,425.1453205,1.3,0.5,C20 H26 O10,20,26,10,0,0,0,0,0,0.0,lignin,0.9574514030175372
722,722,425.1246094,425.124272,425.1241911,0.956521739,0.347826087,C23 H22 O8,23,22,8,0,0,0,0,0,0.0,lignin,0.9716444038812526
723,723,425.1092709,425.1089335,425.108935,1.157894737,0.578947368,C19 H22 O11,19,22,11,0,0,0,0,0,0.0,lignin,0.9575928828415143
724,724,425.0879984,425.087661,425.0878056,0.818181818,0.409090909,C22 H18 O9,22,18,9,0,0,0,0,0,0.0,tannin,0.9322144167235727
725,725,425.0727129,425.0723756,425.0725495,1.0,0.666666667,C18 H18 O12,18,18,12,0,0,0,0,0,0.0,lignin,0.8106741126864948
726,726,425.0516673,425.05133,425.0514201,0.666666667,0.476190476,C21 H14 O10,21,14,10,0,0,0,0,0,0.0,tannin,0.9328976244763003
727,727,425.0365724,425.0362351,425.036164,0.823529412,0.764705882,C17 H14 O13,17,14,13,0,0,0,0,0,0.0,tannin,0.9304226407913834
728,728,424.206096,424.2057598,424.2057963,1.523809524,0.380952381,C21 H32 O8 13C1,22,32,8,0,0,1,0,0,0.0,lipid,0.9244003960302363
729,729,424.1698808,424.1695446,424.1694108,1.4,0.45,C20 H28 O9 13C1,21,28,9,0,0,1,0,0,0.0,lignin,0.9859724972814472
730,730,424.1334148,424.1330787,424.1330253,1.263157895,0.526315789,C19 H24 O10 13C1,20,24,10,0,0,1,0,0,0.0,lignin,0.957483687859958
731,731,424.1252695,424.1249334,424.1249194,1.210526316,0.526315789,C19 H23 O10 N1,19,23,10,0,1,0,0,0,0.052631579,lipid,0.6471097864577355
732,732,424.0968214,424.0964854,424.0966398,1.111111111,0.611111111,C18 H20 O11 13C1,19,20,11,0,0,1,0,0,0.0,lignin,0.99135791132627
733,733,424.0887393,424.0884033,424.0885339,1.055555556,0.611111111,C18 H19 O11 N1,18,19,11,0,1,0,0,0,0.055555556,lipid,0.6283763234570156
734,734,423.2227064,423.2223715,423.222344,1.9,0.35,C20 H38 O7 34S1,20,38,7,0,0,0,1,0,0.0,lipid,0.9443088401560562
735,735,423.2028642,423.2025293,423.2024415,1.454545455,0.363636364,C22 H32 O8,22,32,8,0,0,0,0,0,0.0,lignin,0.970303346226894
736,736,423.1664943,423.1661595,423.1660559,1.333333333,0.428571429,C21 H28 O9,21,28,9,0,0,0,0,0,0.0,lignin,0.9705011245031647
737,737,423.1298811,423.1295463,423.1296704,1.2,0.5,C20 H24 O10,20,24,10,0,0,0,0,0,0.0,lignin,0.957573051415614
738,738,423.1217839,423.1214491,423.1212953,0.64516129,0.0,C31 H20 S1,31,20,0,1,0,0,0,0,0.0,pah,0.9732533692748723
739,739,423.1047039,423.1043692,423.1045183,1.111111111,0.555555556,C18 H20 O10 N2,18,20,10,0,2,0,0,0,0.111111111,lipid,0.9593998354844391
740,740,423.0935087,423.0931739,423.0932849,1.052631579,0.578947368,C19 H20 O11,19,20,11,0,0,0,0,0,0.0,lignin,0.9941967495491563
741,741,423.0725661,423.0722314,423.0721556,0.727272727,0.409090909,C22 H16 O9,22,16,9,0,0,0,0,0,0.0,tannin,0.9327959929197019
742,742,423.0574003,423.0570656,423.0568994,0.888888889,0.666666667,C18 H16 O12,18,16,12,0,0,0,0,0,0.0,tannin,0.9302809709024314
743,743,423.0185099,423.0181753,423.018012,0.571428571,0.380952381,C21 H12 O8 S1,21,12,8,1,0,0,0,0,0.0,tannin,0.9320402498393788
744,744,422.2303406,422.230007,422.229903,2.0,0.368421053,C19 H38 O7 S1 13C1,20,38,7,1,0,1,0,0,0.0,lipid,0.9183515142294242
745,745,422.1905827,422.1902492,422.1901462,1.428571429,0.380952381,C21 H30 O8 13C1,22,30,8,0,0,1,0,0,0.0,lignin,0.9703418480217365
746,746,422.1539386,422.1536051,422.1537607,1.3,0.45,C20 H26 O9 13C1,21,26,9,0,0,1,0,0,0.0,lignin,0.9574713419309345
747,747,422.1457945,422.1454611,422.1456549,1.25,0.45,C20 H25 O9 N1,20,25,9,0,1,0,0,0,0.05,lipid,0.9334255950491819
748,748,422.1176051,422.1172716,422.1173752,1.157894737,0.526315789,C19 H22 O10 13C1,20,22,10,0,0,1,0,0,0.0,lignin,0.9576169088110701
749,749,421.2269969,421.2266646,421.2265482,1.9,0.35,C20 H38 O7 S1,20,38,7,1,0,0,0,0,0.0,lipid,0.9443088401560562
750,750,421.2235879,421.2232556,421.2231769,1.47826087,0.304347826,C23 H34 O7,23,34,7,0,0,0,0,0,0.0,lipid,0.9312037944761185
751,751,421.1869651,421.1866329,421.1867914,1.363636364,0.363636364,C22 H30 O8,22,30,8,0,0,0,0,0,0.0,lignin,0.9704585905165134
752,752,421.1636666,421.1633344,421.1631601,0.896551724,0.034482759,C29 H26 O1 S1,29,26,1,1,0,0,0,0,0.0,pah,0.9566827185862513
753,753,421.1506832,421.150351,421.1504059,1.238095238,0.428571429,C21 H26 O9,21,26,9,0,0,0,0,0,0.0,lignin,0.9521934761073702
754,754,421.1145267,421.1141946,421.1140204,1.1,0.5,C20 H22 O10,20,22,10,0,0,0,0,0,0.0,lignin,0.9914486194831984
755,755,421.0779972,421.0776651,421.0776349,0.947368421,0.578947368,C19 H18 O11,19,18,11,0,0,0,0,0,0.0,tannin,0.9300519329152118
756,756,421.0414069,421.0410749,421.0412494,0.777777778,0.666666667,C18 H14 O12,18,14,12,0,0,0,0,0,0.0,tannin,0.9308797224354179
757,757,421.0390026,421.0386706,421.0387474,0.636363636,0.318181818,C22 H14 O7 S1,22,14,7,1,0,0,0,0,0.0,tannin,0.9318093597297988
758,758,420.1749213,420.1745905,420.1744962,1.333333333,0.380952381,C21 H28 O8 13C1,22,28,8,0,0,1,0,0,0.0,lignin,0.9705121492481019
759,759,420.1385871,420.1382562,420.1381107,1.2,0.45,C20 H24 O9 13C1,21,24,9,0,0,1,0,0,0.0,lignin,0.9575950905810569
760,760,420.1019201,420.1015894,420.1017251,1.052631579,0.526315789,C19 H20 O10 13C1,20,20,10,0,0,1,0,0,0.0,lignin,0.9942860898399273
761,761,420.0937434,420.0934126,420.0936193,1.0,0.526315789,C19 H19 O10 N1,19,19,10,0,1,0,0,0,0.052631579,lignin,0.5019530363171782
762,762,419.2080272,419.2076976,419.2075268,1.391304348,0.304347826,C23 H32 O7,23,32,7,0,0,0,0,0,0.0,lignin,0.9704195270720065
763,763,419.1715052,419.1711757,419.1711413,1.272727273,0.363636364,C22 H28 O8,22,28,8,0,0,0,0,0,0.0,lignin,0.9706400805604837
764,764,419.147978,419.1476485,419.14751,0.827586207,0.034482759,C29 H24 O1 S1,29,24,1,1,0,0,0,0,0.0,pah,0.9749196280059408
765,765,419.1349062,419.1345767,419.1347558,1.142857143,0.428571429,C21 H24 O9,21,24,9,0,0,0,0,0,0.0,lignin,0.9576820563069898
766,766,419.1293729,419.1290434,419.1288826,0.714285714,0.142857143,C28 H20 O4,28,20,4,0,0,0,0,0,0.0,pah,0.9011481021410843
767,767,419.0987486,419.0984192,419.0983703,1.0,0.5,C20 H20 O10,20,20,10,0,0,0,0,0,0.0,lignin,0.9705732925424428
768,768,419.0835532,419.0832238,419.0831142,1.25,0.8125,C16 H20 O13,16,20,13,0,0,0,0,0,0.0,lignin,0.656479329966744
769,769,419.0624536,419.0621242,419.0619848,0.842105263,0.578947368,C19 H16 O11,19,16,11,0,0,0,0,0,0.0,tannin,0.9315315687815258
770,770,419.0258906,419.0255612,419.0255993,0.666666667,0.666666667,C18 H12 O12,18,12,12,0,0,0,0,0,0.0,tannin,0.9322209046038633
771,771,419.023462,419.0231327,419.0230974,0.545454545,0.318181818,C22 H12 O7 S1,22,12,7,1,0,0,0,0,0.0,tannin,0.6928650670831222
772,772,418.1591564,418.1588282,418.1588461,1.238095238,0.380952381,C21 H26 O8 13C1,22,26,8,0,0,1,0,0,0.0,lignin,0.9707139404843537
773,773,418.1229391,418.122611,418.1224606,1.1,0.45,C20 H22 O9 13C1,21,22,9,0,0,1,0,0,0.0,lignin,0.9915314489164748
774,774,417.2285329,417.2282059,417.2282623,1.416666667,0.25,C24 H34 O6,24,34,6,0,0,0,0,0,0.0,lipid,0.9314645503418901
775,775,417.210891,417.210564,417.2105042,1.416666667,0.166666667,C24 H34 O4 S1,24,34,4,1,0,0,0,0,0.0,lipid,0.9324252161151458
776,776,417.1923239,417.191997,417.1918768,1.304347826,0.304347826,C23 H30 O7,23,30,7,0,0,0,0,0,0.0,lignin,0.9705789073163003
777,777,417.1558634,417.1555365,417.1554913,1.181818182,0.363636364,C22 H26 O8,22,26,8,0,0,0,0,0,0.0,lignin,0.971711529838835
778,778,417.1404992,417.1401723,417.1402351,1.444444444,0.611111111,C18 H26 O11,18,26,11,0,0,0,0,0,0.0,lignin,0.9496403989533398
779,779,417.1323768,417.13205,417.13186,0.75862069,0.034482759,C29 H22 O1 S1,29,22,1,1,0,0,0,0,0.0,pah,0.9739856878843453
780,780,417.1226869,417.12236,417.1224771,1.444444444,0.5,C18 H26 O9 S1,18,26,9,1,0,0,0,0,0.0,lignin,0.9496787123610904
781,781,417.1192813,417.1189544,417.1191058,1.047619048,0.428571429,C21 H22 O9,21,22,9,0,0,0,0,0,0.0,lignin,0.9953258445242901
782,782,417.1137377,417.1134109,417.1132325,0.642857143,0.142857143,C28 H18 O4,28,18,4,0,0,0,0,0,0.0,pah,0.972908455047369
783,783,417.1040448,417.103718,417.1038496,1.294117647,0.705882353,C17 H22 O12,17,22,12,0,0,0,0,0,0.0,lignin,0.801601178305676
784,784,417.0960074,417.0956806,417.0954745,0.642857143,0.071428571,C28 H18 O2 S1,28,18,2,1,0,0,0,0,0.0,pah,0.9731082633331998
785,785,417.0830197,417.0826929,417.0827202,0.9,0.5,C20 H18 O10,20,18,10,0,0,0,0,0,0.0,tannin,0.9313486412966967
786,786,417.0678891,417.0675624,417.0674641,1.125,0.8125,C16 H18 O13,16,18,13,0,0,0,0,0,0.0,lignin,0.8392125677593014
787,787,417.0468249,417.0464982,417.0463347,0.736842105,0.578947368,C19 H14 O11,19,14,11,0,0,0,0,0,0.0,tannin,0.9321280877228408
788,788,416.1564767,416.1561511,416.1562195,1.5,0.555555556,C18 H27 O10 N1,18,27,10,0,1,0,0,0,0.055555556,lipid,0.9782584479531196
789,789,416.1203522,416.1200267,416.119834,1.352941176,0.647058824,C17 H23 O11 N1,17,23,11,0,1,0,0,0,0.058823529,lipid,0.6142997513866357
790,790,415.2130169,415.2126925,415.2126122,1.333333333,0.25,C24 H32 O6,24,32,6,0,0,0,0,0,0.0,lignin,0.9713944766976524
791,791,415.1978376,415.1975133,415.1973561,1.6,0.45,C20 H32 O9,20,32,9,0,0,0,0,0,0.0,lipid,0.9241473330293853
792,792,415.1766977,415.1763734,415.1762267,1.217391304,0.304347826,C23 H28 O7,23,28,7,0,0,0,0,0,0.0,lignin,0.9716363308892543
793,793,415.1613244,415.1610001,415.1609706,1.473684211,0.526315789,C19 H28 O10,19,28,10,0,0,0,0,0,0.0,lignin,0.9496378064568052
794,794,415.143396,415.1430717,415.1432125,1.473684211,0.421052632,C19 H28 O8 S1,19,28,8,1,0,0,0,0,0.0,lignin,0.9626392263697209
795,795,415.1400117,415.1396874,415.1398412,1.090909091,0.363636364,C22 H24 O8,22,24,8,0,0,0,0,0,0.0,lignin,0.9720155759458361
796,796,415.1344697,415.1341455,415.133968,0.689655172,0.103448276,C29 H20 O3,29,20,3,0,0,0,0,0,0.0,pah,0.9732800295068958
797,797,415.1247212,415.124397,415.1245851,1.333333333,0.611111111,C18 H24 O11,18,24,11,0,0,0,0,0,0.0,lignin,0.9497688577682991
798,798,415.1166737,415.1163495,415.1162099,0.689655172,0.034482759,C29 H20 O1 S1,29,20,1,1,0,0,0,0,0.0,pah,0.973435487809734
799,799,415.1070545,415.1067303,415.106827,1.333333333,0.5,C18 H24 O9 S1,18,24,9,1,0,0,0,0,0.0,lignin,0.957413973819588
800,800,415.1037025,415.1033783,415.1034557,0.952380952,0.428571429,C21 H20 O9,21,20,9,0,0,0,0,0,0.0,lignin,0.5950503335401445
801,801,415.0885894,415.0882653,415.0881995,1.176470588,0.705882353,C17 H20 O12,17,20,12,0,0,0,0,0,0.0,lignin,0.9575129579756478
802,802,415.0675698,415.0672456,415.0670702,0.8,0.5,C20 H16 O10,20,16,10,0,0,0,0,0,0.0,tannin,0.9320150541592673
803,803,415.0523089,415.0519848,415.051814,1.0,0.8125,C16 H16 O13,16,16,13,0,0,0,0,0,0.0,lignin,0.8704239208057869
804,804,415.0310551,415.030731,415.0306847,0.631578947,0.578947368,C19 H12 O11,19,12,11,0,0,0,0,0,0.0,tannin,0.9327381290128722
805,805,415.0286101,415.028286,415.0281827,0.52173913,0.260869565,C23 H12 O6 S1,23,12,6,1,0,0,0,0,0.0,tannin,0.6245244146081681
806,806,414.1491713,414.1488483,414.1486753,1.444444444,0.555555556,C18 H26 O10 13C1,19,26,10,0,0,1,0,0,0.0,lignin,0.9496594707717708
807,807,414.1126114,414.1122885,414.1122898,1.294117647,0.647058824,C17 H22 O11 13C1,18,22,11,0,0,1,0,0,0.0,lignin,0.9574001083542758
808,808,414.1044741,414.1041512,414.104184,1.235294118,0.647058824,C17 H21 O11 N1,17,21,11,0,1,0,0,0,0.058823529,lipid,0.6172411396122829
809,809,414.0760426,414.0757197,414.0759043,1.125,0.75,C16 H18 O12 13C1,17,18,12,0,0,1,0,0,0.0,lignin,0.9919444508973964
810,810,413.1972087,413.196887,413.1969622,1.25,0.25,C24 H30 O6,24,30,6,0,0,0,0,0,0.0,lignin,0.971573829013141
811,811,413.1818955,413.1815738,413.181706,1.5,0.45,C20 H30 O9,20,30,9,0,0,0,0,0,0.0,lignin,0.9625920347072137
812,812,413.1607599,413.1604382,413.1605766,1.130434783,0.304347826,C23 H26 O7,23,26,7,0,0,0,0,0,0.0,lignin,0.9718722170216546
813,813,413.1455748,413.1452532,413.1453205,1.368421053,0.526315789,C19 H26 O10,19,26,10,0,0,0,0,0,0.0,lignin,0.9573663206364957
814,814,413.1279295,413.1276079,413.1275624,1.368421053,0.421052632,C19 H26 O8 S1,19,26,8,1,0,0,0,0,0.0,lignin,0.97043730531632
815,815,413.1245756,413.124254,413.1241911,1.0,0.363636364,C22 H22 O8,22,22,8,0,0,0,0,0,0.0,lignin,0.9728483129737991
816,816,413.1093867,413.1090651,413.108935,1.222222222,0.611111111,C18 H22 O11,18,22,11,0,0,0,0,0,0.0,lignin,0.9574974575943707
817,817,413.088256,413.0879345,413.0878056,0.857142857,0.428571429,C21 H18 O9,21,18,9,0,0,0,0,0,0.0,tannin,0.9318589924892319
818,818,413.0729142,413.0725926,413.0725495,1.058823529,0.705882353,C17 H18 O12,17,18,12,0,0,0,0,0,0.0,lignin,0.9940511177854878
819,819,413.0516679,413.0513464,413.0514201,0.7,0.5,C20 H14 O10,20,14,10,0,0,0,0,0,0.0,tannin,0.9326417789632593
820,820,413.0363321,413.0360106,413.036164,0.875,0.8125,C16 H14 O13,16,14,13,0,0,0,0,0,0.0,tannin,0.9300908822521855
821,821,413.028286,413.0279646,413.0277888,0.37037037,0.111111111,C27 H10 O3 S1,27,10,3,1,0,0,0,0,0.0,pah,0.9723584594720762
822,822,413.0128522,413.0125307,413.0125327,0.434782609,0.260869565,C23 H10 O6 S1,23,10,6,1,0,0,0,0,0.0,pah,0.9238287341596749
823,823,412.1698114,412.169491,412.1694108,1.473684211,0.473684211,C19 H28 O9 13C1,20,28,9,0,0,1,0,0,0.0,lignin,0.9496556414548989
824,824,412.1616884,412.1613681,412.1613049,1.421052632,0.473684211,C19 H27 O9 N1,19,27,9,0,1,0,0,0,0.052631579,lipid,0.9263804048822075
825,825,412.1331706,412.1328503,412.1330253,1.333333333,0.555555556,C18 H24 O10 13C1,19,24,10,0,0,1,0,0,0.0,lignin,0.9573926995674414
826,826,412.125076,412.1247557,412.1249194,1.277777778,0.555555556,C18 H23 O10 N1,18,23,10,0,1,0,0,0,0.055555556,lipid,0.5224385402564967
827,827,412.096961,412.0966408,412.0966398,1.176470588,0.647058824,C17 H20 O11 13C1,18,20,11,0,0,1,0,0,0.0,lignin,0.9575385883871921
828,828,412.0889772,412.0886569,412.0885339,1.117647059,0.647058824,C17 H19 O11 N1,17,19,11,0,1,0,0,0,0.058823529,lipid,0.786938471757283
829,829,411.2027207,411.2024016,411.2024415,1.523809524,0.380952381,C21 H32 O8,21,32,8,0,0,0,0,0,0.0,lipid,0.9244003960302363
830,830,411.1665354,411.1662164,411.1660559,1.4,0.45,C20 H28 O9,20,28,9,0,0,0,0,0,0.0,lignin,0.9859724972814472
831,831,411.1299399,411.1296209,411.1296704,1.263157895,0.526315789,C19 H24 O10,19,24,10,0,0,0,0,0,0.0,lignin,0.957483687859958
832,832,411.1217874,411.1214684,411.1212953,0.666666667,0.0,C30 H20 S1,30,20,0,1,0,0,0,0,0.0,pah,0.9733738588507705
833,833,411.1120609,411.1117419,411.1119124,1.263157895,0.421052632,C19 H24 O8 S1,19,24,8,1,0,0,0,0,0.0,lignin,0.9758038838007999
834,834,411.1086772,411.1083582,411.1085411,0.909090909,0.363636364,C22 H20 O8,22,20,8,0,0,0,0,0,0.0,tannin,0.9316142278348923
835,835,411.1046871,411.1043682,411.1045183,1.176470588,0.588235294,C17 H20 O10 N2,17,20,10,0,2,0,0,0,0.117647059,lipid,0.9995687804421228
836,836,411.09345,411.093131,411.0932849,1.111111111,0.611111111,C18 H20 O11,18,20,11,0,0,0,0,0,0.0,lignin,0.99135791132627
837,837,411.0854264,411.0851074,411.0849098,0.551724138,0.034482759,C29 H16 O1 S1,29,16,1,1,0,0,0,0,0.0,pah,0.9728173822866575
838,838,411.0725176,411.0721987,411.0721556,0.761904762,0.428571429,C21 H16 O9,21,16,9,0,0,0,0,0,0.0,tannin,0.932534472540062
839,839,411.0573578,411.0570389,411.0568994,0.941176471,0.705882353,C17 H16 O12,17,16,12,0,0,0,0,0,0.0,tannin,0.9299070614559998
840,840,411.0362489,411.0359301,411.0357701,0.6,0.5,C20 H12 O10,20,12,10,0,0,0,0,0,0.0,tannin,0.9331149057848043
841,841,411.020927,411.0206082,411.0205139,0.75,0.8125,C16 H12 O13,16,12,13,0,0,0,0,0,0.0,tannin,0.9306607714015422
842,842,410.1903832,410.1900654,410.1901462,1.5,0.4,C20 H30 O8 13C1,21,30,8,0,0,1,0,0,0.0,lignin,0.9626005970614235
843,843,410.1542424,410.1539247,410.1537607,1.368421053,0.473684211,C19 H26 O9 13C1,20,26,9,0,0,1,0,0,0.0,lignin,0.957385905303106
844,844,410.1176795,410.1173618,410.1173752,1.222222222,0.555555556,C18 H22 O10 13C1,19,22,10,0,0,1,0,0,0.0,lignin,0.9575209546746297
845,845,410.1094967,410.1091791,410.1092693,1.166666667,0.555555556,C18 H21 O10 N1,18,21,10,0,1,0,0,0,0.055555556,lignin,0.48284581138057475
846,846,410.0811669,410.0808493,410.0809897,1.058823529,0.647058824,C17 H18 O11 13C1,18,18,11,0,0,1,0,0,0.0,lignin,0.9941277609353218
847,847,410.0731107,410.0727931,410.0728838,1.0,0.647058824,C17 H17 O11 N1,17,17,11,0,1,0,0,0,0.058823529,lipid,0.7682563029583827
848,848,409.2234553,409.2231388,409.2231769,1.545454545,0.318181818,C22 H34 O7,22,34,7,0,0,0,0,0,0.0,lipid,0.9244839835590376
849,849,409.1869842,409.1866678,409.1867914,1.428571429,0.380952381,C21 H30 O8,21,30,8,0,0,0,0,0,0.0,lignin,0.9703418480217365
850,850,409.150795,409.1504786,409.1504059,1.3,0.45,C20 H26 O9,20,26,9,0,0,0,0,0,0.0,lignin,0.9574713419309345
851,851,409.1144511,409.1141348,409.1140204,1.157894737,0.526315789,C19 H22 O10,19,22,10,0,0,0,0,0,0.0,lignin,0.9576169088110701
852,852,409.0931465,409.0928302,409.092891,0.818181818,0.363636364,C22 H18 O8,22,18,8,0,0,0,0,0,0.0,tannin,0.9323726235208044
853,853,409.0890932,409.0887769,409.0888683,1.058823529,0.588235294,C17 H18 O10 N2,17,18,10,0,2,0,0,0,0.117647059,lipid,0.8738060109431073
854,854,409.0777805,409.0774642,409.0776349,1.0,0.611111111,C18 H18 O11,18,18,11,0,0,0,0,0,0.0,lignin,0.9698742874283285
855,855,409.0696928,409.0693765,409.0692597,0.482758621,0.034482759,C29 H14 O1 S1,29,14,1,1,0,0,0,0,0.0,pah,0.9726315226634619
856,856,409.0566474,409.0563311,409.0565055,0.666666667,0.428571429,C21 H14 O9,21,14,9,0,0,0,0,0,0.0,tannin,0.9330077318155336
857,857,409.0415487,409.0412325,409.0412494,0.823529412,0.705882353,C17 H14 O12,17,14,12,0,0,0,0,0,0.0,tannin,0.9305485000148975
858,858,409.0391448,409.0388286,409.0387474,0.666666667,0.333333333,C21 H14 O7 S1,21,14,7,1,0,0,0,0,0.0,tannin,0.933435369153008
859,859,408.1747018,408.1743867,408.1744962,1.4,0.4,C20 H28 O8 13C1,21,28,8,0,0,1,0,0,0.0,lignin,0.9703860448749111
860,860,408.1386005,408.1382854,408.1381107,1.263157895,0.473684211,C19 H24 O9 13C1,20,24,9,0,0,1,0,0,0.0,lignin,0.9575053728287791
861,861,408.1020309,408.1017159,408.1017251,1.111111111,0.555555556,C18 H20 O10 13C1,19,20,10,0,0,1,0,0,0.0,lignin,0.9914171237747057
862,862,408.0938467,408.0935317,408.0936193,1.055555556,0.555555556,C18 H19 O10 N1,18,19,10,0,1,0,0,0,0.055555556,lipid,0.631149192194575
863,863,408.0654781,408.0651631,408.0653396,0.941176471,0.647058824,C17 H16 O11 13C1,18,16,11,0,0,1,0,0,0.0,tannin,0.9299931275058493
864,864,407.2076864,407.2073725,407.2075268,1.454545455,0.318181818,C22 H32 O7,22,32,7,0,0,0,0,0,0.0,lignin,0.789843473901579
865,865,407.1714288,407.1711149,407.1711413,1.333333333,0.380952381,C21 H28 O8,21,28,8,0,0,0,0,0,0.0,lignin,0.9705121492481019
866,866,407.1352099,407.1348962,407.1347558,1.2,0.45,C20 H24 O9,20,24,9,0,0,0,0,0,0.0,lignin,0.9575950905810569
867,867,407.1099955,407.1096817,407.1096037,1.111111111,0.5,C18 H20 O9 N2,18,20,9,0,2,0,0,0,0.111111111,lipid,0.9093548911815967
868,868,407.0986522,407.0983385,407.0983703,1.052631579,0.526315789,C19 H20 O10,19,20,10,0,0,0,0,0,0.0,lignin,0.9942860898399273
869,869,407.0774101,407.0770964,407.0772409,0.727272727,0.363636364,C22 H16 O8,22,16,8,0,0,0,0,0,0.0,tannin,0.9328752783730294
870,870,407.0734034,407.0730897,407.0732182,0.941176471,0.588235294,C17 H16 O10 N2,17,16,10,0,2,0,0,0,0.117647059,lipid,0.8950761404014405
871,871,407.0621517,407.061838,407.0619848,0.888888889,0.611111111,C18 H16 O11,18,16,11,0,0,0,0,0,0.0,tannin,0.9303924489310897
872,872,407.0597751,407.0594615,407.0594829,0.727272727,0.272727273,C22 H16 O6 S1,22,16,6,1,0,0,0,0,0.0,tannin,0.9332893311079425
873,873,407.0260305,407.0257169,407.0255993,0.705882353,0.705882353,C17 H12 O12,17,12,12,0,0,0,0,0,0.0,tannin,0.9311458381151798
874,874,406.1954113,406.1950987,406.1952316,1.428571429,0.333333333,C21 H30 O7 13C1,22,30,7,0,0,1,0,0,0.0,lignin,0.9703511884268469
875,875,406.1592603,406.1589478,406.1588461,1.3,0.4,C20 H26 O8 13C1,21,26,8,0,0,1,0,0,0.0,lignin,0.9705743977328684
876,876,406.1228757,406.1225633,406.1224606,1.157894737,0.473684211,C19 H22 O9 13C1,20,22,9,0,0,1,0,0,0.0,lignin,0.9576411233703901
877,877,406.0862141,406.0859017,406.0860751,1.0,0.555555556,C18 H18 O10 13C1,19,18,10,0,0,1,0,0,0.0,lignin,0.9701911816542843
878,878,406.0781084,406.077796,406.0779692,0.944444444,0.555555556,C18 H17 O10 N1,18,17,10,0,1,0,0,0,0.055555556,lipid,0.6265415450704805
879,879,405.2283793,405.228068,405.2282623,1.47826087,0.260869565,C23 H34 O6,23,34,6,0,0,0,0,0,0.0,lipid,0.9313026100851465
880,880,405.1922036,405.1918923,405.1918768,1.363636364,0.318181818,C22 H30 O7,22,30,7,0,0,0,0,0,0.0,lignin,0.9704669991588002
881,881,405.1559483,405.1556371,405.1554913,1.238095238,0.380952381,C21 H26 O8,21,26,8,0,0,0,0,0,0.0,lignin,0.9707139404843537
882,882,405.1226722,405.1223611,405.1224771,1.529411765,0.529411765,C17 H26 O9 S1,17,26,9,1,0,0,0,0,0.0,lignin,0.9495791375138929
883,883,405.1192717,405.1189606,405.1191058,1.1,0.45,C20 H22 O9,20,22,9,0,0,0,0,0,0.0,lignin,0.9915314489164748
884,884,405.1137281,405.1134169,405.1132325,0.666666667,0.148148148,C27 H18 O4,27,18,4,0,0,0,0,0,0.0,pah,0.972997105706914
885,885,405.0959339,405.0956228,405.0954745,0.666666667,0.074074074,C27 H18 O2 S1,27,18,2,1,0,0,0,0,0.0,pah,0.9732185429583684
886,886,405.0941299,405.0938188,405.0939536,1.0,0.5,C18 H18 O9 N2,18,18,9,0,2,0,0,0,0.111111111,lipid,0.9103819259877779
887,887,405.0829655,405.0826544,405.0827202,0.947368421,0.526315789,C19 H18 O10,19,18,10,0,0,0,0,0,0.0,tannin,0.9309333828154477
888,888,405.0805906,405.0802795,405.0802183,0.782608696,0.217391304,C23 H18 O5 S1,23,18,5,1,0,0,0,0,0.0,tannin,0.9310047268579773
889,889,405.0678284,405.0675173,405.0674641,1.2,0.866666667,C15 H18 O13,15,18,13,0,0,0,0,0,0.0,lignin,0.6565085847979171
890,890,405.0467959,405.0464849,405.0463347,0.777777778,0.611111111,C18 H14 O11,18,14,11,0,0,0,0,0,0.0,tannin,0.931803382009817
891,891,405.0078374,405.0075264,405.0074473,0.476190476,0.333333333,C21 H10 O7 S1,21,10,7,1,0,0,0,0,0.0,tannin,0.6492925355640271
892,892,404.1800113,404.1797014,404.1795815,1.333333333,0.333333333,C21 H28 O7 13C1,22,28,7,0,0,1,0,0,0.0,lignin,0.9705216293685014
893,893,404.1434471,404.1431372,404.143196,1.2,0.4,C20 H24 O8 13C1,21,24,8,0,0,1,0,0,0.0,lignin,0.970801070670565
894,894,404.1200155,404.1197057,404.119834,1.4375,0.6875,C16 H23 O11 N1,16,23,11,0,1,0,0,0,0.0625,carbohydrate,0.8245033929099843
895,895,404.1069531,404.1066433,404.1068105,1.052631579,0.473684211,C19 H20 O9 13C1,20,20,9,0,0,1,0,0,0.0,lignin,0.9944111787859352
896,896,403.2130569,403.2127482,403.2126122,1.391304348,0.260869565,C23 H32 O6,23,32,6,0,0,0,0,0,0.0,lignin,0.9704287439277269
897,897,403.1764032,403.1760946,403.1762267,1.272727273,0.318181818,C22 H28 O7,22,28,7,0,0,0,0,0,0.0,lignin,0.9706435193447671
898,898,403.1611005,403.1607919,403.1609706,1.555555556,0.555555556,C18 H28 O10,18,28,10,0,0,0,0,0,0.0,lignin,0.9495451041351728
899,899,403.1530436,403.152735,403.1525954,0.827586207,0.0,C29 H24 S1,29,24,0,1,0,0,0,0,0.0,pah,0.9751675825348529
900,900,403.1400762,403.1397676,403.1398412,1.142857143,0.380952381,C21 H24 O8,21,24,8,0,0,0,0,0,0.0,lignin,0.9718119948385601
901,901,403.1249637,403.1246551,403.1245851,1.411764706,0.647058824,C17 H24 O11,17,24,11,0,0,0,0,0,0.0,lignin,0.8015709156842575
902,902,403.1039029,403.1035943,403.1034557,1.0,0.45,C20 H20 O9,20,20,9,0,0,0,0,0,0.0,lignin,0.9718633847319664
903,903,403.0886271,403.0883186,403.0881995,1.25,0.75,C16 H20 O12,16,20,12,0,0,0,0,0,0.0,lignin,0.7823217029766524
904,904,403.0673521,403.0670436,403.0670702,0.842105263,0.526315789,C19 H16 O10,19,16,10,0,0,0,0,0,0.0,tannin,0.9316723590593721
905,905,403.05201,403.0517015,403.051814,1.066666667,0.866666667,C15 H16 O13,15,16,13,0,0,0,0,0,0.0,lignin,0.8392283754354984
906,906,403.0439119,403.0436035,403.0434389,0.461538462,0.115384615,C26 H12 O3 S1,26,12,3,1,0,0,0,0,0.0,pah,0.9725100860841567
907,907,403.0308574,403.030549,403.0306847,0.666666667,0.611111111,C18 H12 O11,18,12,11,0,0,0,0,0,0.0,tannin,0.9324110163258853
908,908,403.0284496,403.0281412,403.0281827,0.545454545,0.272727273,C22 H12 O6 S1,22,12,6,1,0,0,0,0,0.0,tannin,0.6352526462766764
909,909,402.1410697,402.1407624,402.1405695,1.470588235,0.588235294,C17 H25 O10 N1,17,25,10,0,1,0,0,0,0.058823529,carbohydrate,0.7643338309228085
910,910,401.1974005,401.1970944,401.1969622,1.304347826,0.260869565,C23 H30 O6,23,30,6,0,0,0,0,0,0.0,lignin,0.9714508487368214
911,911,401.1821778,401.1818717,401.181706,1.578947368,0.473684211,C19 H30 O9,19,30,9,0,0,0,0,0,0.0,lignin,0.9729577638115792
912,912,401.1609333,401.1606273,401.1605766,1.181818182,0.318181818,C22 H26 O7,22,26,7,0,0,0,0,0,0.0,lignin,0.9717229477807727
913,913,401.1455248,401.1452188,401.1453205,1.444444444,0.555555556,C18 H26 O10,18,26,10,0,0,0,0,0,0.0,lignin,0.9496594707717708
914,914,401.1374247,401.1371187,401.1369454,0.75862069,0.0,C29 H22 S1,29,22,0,1,0,0,0,0,0.0,pah,0.9741197775609457
915,915,401.1277179,401.1274119,401.1275624,1.444444444,0.444444444,C18 H26 O8 S1,18,26,8,1,0,0,0,0,0.0,lignin,0.9626840056114151
916,916,401.1243391,401.1240331,401.1241911,1.047619048,0.380952381,C21 H22 O8,21,22,8,0,0,0,0,0,0.0,lignin,0.990171356141964
917,917,401.1188014,401.1184954,401.1183179,0.642857143,0.107142857,C28 H18 O3,28,18,3,0,0,0,0,0,0.0,pah,0.973046776035482
918,918,401.1091434,401.1088375,401.108935,1.294117647,0.647058824,C17 H22 O11,17,22,11,0,0,0,0,0,0.0,lignin,0.9574001083542758
919,919,401.0914935,401.0911876,401.0911769,1.294117647,0.529411765,C17 H22 O9 S1,17,22,9,1,0,0,0,0,0.0,lignin,0.9574464281400019
920,920,401.0881762,401.0878703,401.0878056,0.9,0.45,C20 H18 O9,20,18,9,0,0,0,0,0,0.0,tannin,0.9314662890398505
921,921,401.0729944,401.0726885,401.0725495,1.125,0.75,C16 H18 O12,16,18,12,0,0,0,0,0,0.0,lignin,0.9919444508973964
922,922,401.0518238,401.051518,401.0514201,0.736842105,0.526315789,C19 H14 O10,19,14,10,0,0,0,0,0,0.0,tannin,0.9323100965549351
923,923,401.0365034,401.0361976,401.036164,0.933333333,0.866666667,C15 H14 O13,15,14,13,0,0,0,0,0,0.0,tannin,0.8636157636352401
924,924,401.012793,401.0124872,401.0125327,0.454545455,0.272727273,C22 H10 O6 S1,22,10,6,1,0,0,0,0,0.0,pah,0.7522709359791666
925,925,400.1695727,400.169268,400.1694108,1.555555556,0.5,C18 H28 O9 13C1,19,28,9,0,0,1,0,0,0.0,lignin,0.9495625871676385
926,926,400.161516,400.1612113,400.1613049,1.5,0.5,C18 H27 O9 N1,18,27,9,0,1,0,0,0,0.055555556,lipid,0.9782652955491054
927,927,400.1334104,400.1331057,400.1330253,1.411764706,0.588235294,C17 H24 O10 13C1,18,24,10,0,0,1,0,0,0.0,lignin,0.9496844348899482
928,928,400.1253688,400.1250641,400.1249194,1.352941176,0.588235294,C17 H23 O10 N1,17,23,10,0,1,0,0,0,0.058823529,lipid,0.8043246254875944
929,929,400.0970557,400.096751,400.0966398,1.25,0.6875,C16 H20 O11 13C1,17,20,11,0,0,1,0,0,0.0,lignin,0.9574333729534719
930,930,400.088912,400.0886074,400.0885339,1.1875,0.6875,C16 H19 O11 N1,16,19,11,0,1,0,0,0,0.0625,lipid,0.6189518094403484
931,931,400.0603819,400.0600773,400.0602543,1.066666667,0.8,C15 H16 O12 13C1,16,16,12,0,0,1,0,0,0.0,lignin,0.9946887225206258
932,932,399.2027908,399.2024873,399.2024415,1.6,0.4,C20 H32 O8,20,32,8,0,0,0,0,0,0.0,lipid,0.9242317574577678
933,933,399.1817656,399.1814622,399.1813121,1.217391304,0.260869565,C23 H28 O6,23,28,6,0,0,0,0,0,0.0,lignin,0.9716493599832953
934,934,399.166471,399.1661676,399.1660559,1.473684211,0.473684211,C19 H28 O9,19,28,9,0,0,0,0,0,0.0,lignin,0.9496556414548989
935,935,399.1485629,399.1482595,399.1482979,1.473684211,0.368421053,C19 H28 O7 S1,19,28,7,1,0,0,0,0,0.0,lignin,0.9702727602671721
936,936,399.1451441,399.1448407,399.1449266,1.090909091,0.318181818,C22 H24 O7,22,24,7,0,0,0,0,0,0.0,lignin,0.9720371717464324
937,937,399.1298111,399.1295077,399.1296704,1.333333333,0.555555556,C18 H24 O10,18,24,10,0,0,0,0,0,0.0,lignin,0.9573926995674414
938,938,399.1217495,399.1214461,399.1212953,0.689655172,0.0,C29 H20 S1,29,20,0,1,0,0,0,0,0.0,pah,0.9735204910405966
939,939,399.1121238,399.1118204,399.1119124,1.333333333,0.444444444,C18 H24 O8 S1,18,24,8,1,0,0,0,0,0.0,lignin,0.9574354427001559
940,940,399.1087266,399.1084233,399.1085411,0.952380952,0.380952381,C21 H20 O8,21,20,8,0,0,0,0,0,0.0,lignin,0.9712924670817991
941,941,399.0936071,399.0933038,399.0932849,1.176470588,0.647058824,C17 H20 O11,17,20,11,0,0,0,0,0,0.0,lignin,0.9575385883871921
942,942,399.0759619,399.0756586,399.0755269,1.176470588,0.529411765,C17 H20 O9 S1,17,20,9,1,0,0,0,0,0.0,lignin,0.9575907245759285
943,943,399.07258,399.0722767,399.0721556,0.8,0.45,C20 H16 O9,20,16,9,0,0,0,0,0,0.0,tannin,0.9321900507396969
944,944,399.0573322,399.0570289,399.0568994,1.0,0.75,C16 H16 O12,16,16,12,0,0,0,0,0,0.0,lignin,0.8106234459018216
945,945,399.0361048,399.0358016,399.0357701,0.631578947,0.526315789,C19 H12 O10,19,12,10,0,0,0,0,0,0.0,tannin,0.9328980956103233
946,946,399.0337012,399.033398,399.0332681,0.52173913,0.217391304,C23 H12 O5 S1,23,12,5,1,0,0,0,0,0.0,pah,0.9407325476496492
947,947,399.020758,399.0204547,399.0205139,0.8,0.866666667,C15 H12 O13,15,12,13,0,0,0,0,0,0.0,tannin,0.9303289089106886
948,948,399.0126346,399.0123314,399.0121388,0.307692308,0.115384615,C26 H8 O3 S1,26,8,3,1,0,0,0,0,0.0,pah,0.9722741670349361
949,949,398.2303148,398.2300126,398.229903,2.235294118,0.411764706,C17 H38 O7 S1 13C1,18,38,7,1,0,1,0,0,0.0,lipid,0.6319861907632147
950,950,398.1902875,398.1899854,398.1901462,1.578947368,0.421052632,C19 H30 O8 13C1,20,30,8,0,0,1,0,0,0.0,lipid,0.9242304025795267
951,951,398.154083,398.1537809,398.1537607,1.444444444,0.5,C18 H26 O9 13C1,19,26,9,0,0,1,0,0,0.0,lignin,0.9496787123610904
952,952,398.1460471,398.145745,398.1456549,1.388888889,0.5,C18 H25 O9 N1,18,25,9,0,1,0,0,0,0.055555556,lipid,0.9614807020639606
953,953,398.1178218,398.1175197,398.1173752,1.294117647,0.588235294,C17 H22 O10 13C1,18,22,10,0,0,1,0,0,0.0,lignin,0.9574231586727056
954,954,398.109689,398.109387,398.1092693,1.235294118,0.588235294,C17 H21 O10 N1,17,21,10,0,1,0,0,0,0.058823529,lipid,0.8123867367459301
955,955,398.0811106,398.0808086,398.0809897,1.125,0.6875,C16 H18 O11 13C1,17,18,11,0,0,1,0,0,0.0,lignin,0.9919635086621448
956,956,398.0730068,398.0727048,398.0728838,1.0625,0.6875,C16 H17 O11 N1,16,17,11,0,1,0,0,0,0.0625,lipid,0.7709089761696791
957,957,397.3878033,397.3875022,397.3873464,2.076923077,0.0,C26 H54 S1,26,54,0,1,0,0,0,0,0.0,lipid,0.9618679093162987
958,958,397.2269309,397.22663,397.2265482,2.111111111,0.388888889,C18 H38 O7 S1,18,38,7,1,0,0,0,0,0.0,lipid,0.9186139287735884
959,959,397.1871554,397.1868545,397.1867914,1.5,0.4,C20 H30 O8,20,30,8,0,0,0,0,0,0.0,lignin,0.9626005970614235
960,960,397.1505934,397.1502926,397.1504059,1.368421053,0.473684211,C19 H26 O9,19,26,9,0,0,0,0,0,0.0,lignin,0.957385905303106
961,961,397.1328959,397.1325951,397.1326478,1.368421053,0.368421053,C19 H26 O7 S1,19,26,7,1,0,0,0,0,0.0,lignin,0.9704487392286156
962,962,397.1294963,397.1291955,397.1292765,1.0,0.318181818,C22 H22 O7,22,22,7,0,0,0,0,0,0.0,lignin,0.9735667629218842
963,963,397.1143353,397.1140346,397.1140204,1.222222222,0.555555556,C18 H22 O10,18,22,10,0,0,0,0,0,0.0,lignin,0.9575209546746297
964,964,397.093305,397.0930042,397.092891,0.857142857,0.380952381,C21 H18 O8,21,18,8,0,0,0,0,0,0.0,tannin,0.9319955620573339
965,965,397.0892655,397.0889648,397.0888683,1.125,0.625,C16 H18 O10 N2,16,18,10,0,2,0,0,0,0.125,lipid,0.9093621598728532
966,966,397.0780607,397.07776,397.0776349,1.058823529,0.647058824,C17 H18 O11,17,18,11,0,0,0,0,0,0.0,lignin,0.9941277609353218
967,967,397.056845,397.0565443,397.0565055,0.7,0.45,C20 H14 O9,20,14,9,0,0,0,0,0,0.0,tannin,0.932794097612818
968,968,397.0414386,397.0411379,397.0412494,0.875,0.75,C16 H14 O12,16,14,12,0,0,0,0,0,0.0,tannin,0.9301995655038027
969,969,397.0333272,397.0330266,397.0328742,0.37037037,0.074074074,C27 H10 O2 S1,27,10,2,1,0,0,0,0,0.0,pah,0.9723857484438956
970,970,397.0178305,397.0175299,397.0176181,0.434782609,0.217391304,C23 H10 O5 S1,23,10,5,1,0,0,0,0,0.0,pah,0.9723523705465367
971,971,396.174934,396.1746344,396.1744962,1.473684211,0.421052632,C19 H28 O8 13C1,20,28,8,0,0,1,0,0,0.0,lignin,0.9626392263697209
972,972,396.1383623,396.1380628,396.1381107,1.333333333,0.5,C18 H24 O9 13C1,19,24,9,0,0,1,0,0,0.0,lignin,0.957413973819588
973,973,396.1301827,396.1298832,396.1300048,1.277777778,0.5,C18 H23 O9 N1,18,23,9,0,1,0,0,0,0.055555556,lipid,0.9618632011629706
974,974,396.1018999,396.1016004,396.1017251,1.176470588,0.588235294,C17 H20 O10 13C1,18,20,10,0,0,1,0,0,0.0,lignin,0.9575644242700756
975,975,396.0938846,396.0935851,396.0936193,1.117647059,0.588235294,C17 H19 O10 N1,17,19,10,0,1,0,0,0,0.058823529,lipid,0.7870594792234267
976,976,396.0657922,396.0654928,396.0653396,1.0,0.6875,C16 H16 O11 13C1,17,16,11,0,0,1,0,0,0.0,lignin,0.8106603316063765
977,977,396.0576653,396.0573659,396.0572338,0.9375,0.6875,C16 H15 O11 N1,16,15,11,0,1,0,0,0,0.0625,lipid,0.626143066854193
978,978,395.2077014,395.2074031,395.2075268,1.523809524,0.333333333,C21 H32 O7,21,32,7,0,0,0,0,0,0.0,lipid,0.9244949080837431
979,979,395.1714176,395.1711193,395.1711413,1.4,0.4,C20 H28 O8,20,28,8,0,0,0,0,0,0.0,lignin,0.9703860448749111
980,980,395.135204,395.1349058,395.1347558,1.263157895,0.473684211,C19 H24 O9,19,24,9,0,0,0,0,0,0.0,lignin,0.9575053728287791
981,981,395.1098447,395.1095465,395.1096037,1.176470588,0.529411765,C17 H20 O9 N2,17,20,9,0,2,0,0,0,0.117647059,lipid,0.9066188801818624
982,982,395.0985262,395.0982281,395.0983703,1.111111111,0.555555556,C18 H20 O10,18,20,10,0,0,0,0,0,0.0,lignin,0.9914171237747057
983,983,395.0904332,395.090135,395.0899952,0.551724138,0.0,C29 H16 S1,29,16,0,1,0,0,0,0,0.0,pah,0.9728623913407951
984,984,395.0808025,395.0805044,395.0806122,1.111111111,0.444444444,C18 H20 O8 S1,18,20,8,1,0,0,0,0,0.0,lignin,0.9920106652365372
985,985,395.0773854,395.0770873,395.0772409,0.761904762,0.380952381,C21 H16 O8,21,16,8,0,0,0,0,0,0.0,tannin,0.9326638571646321
986,986,395.0733872,395.0730891,395.0732182,1.0,0.625,C16 H16 O10 N2,16,16,10,0,2,0,0,0,0.125,lipid,0.8687709966319513
987,987,395.0622786,395.0619805,395.0619848,0.941176471,0.647058824,C17 H16 O11,17,16,11,0,0,0,0,0,0.0,tannin,0.9299931275058493
988,988,395.0260331,395.025735,395.0255993,0.75,0.75,C16 H12 O12,16,12,12,0,0,0,0,0,0.0,tannin,0.9308072191873962
989,989,394.2812438,394.2809467,394.2810261,2.157894737,0.368421053,C19 H41 O7 N1,19,41,7,0,1,0,0,0,0.052631579,lipid,0.9199225268940785
990,990,394.1954317,394.1951347,394.1952316,1.5,0.35,C20 H30 O7 13C1,21,30,7,0,0,1,0,0,0.0,lipid,0.9245071465282659
991,991,394.1591014,394.1588045,394.1588461,1.368421053,0.421052632,C19 H26 O8 13C1,20,26,8,0,0,1,0,0,0.0,lignin,0.97043730531632
992,992,394.1228892,394.1225923,394.1224606,1.222222222,0.5,C18 H22 O9 13C1,19,22,9,0,0,1,0,0,0.0,lignin,0.9575447136887026
993,993,394.1147825,394.1144856,394.1143547,1.166666667,0.5,C18 H21 O9 N1,18,21,9,0,1,0,0,0,0.055555556,lipid,0.8420766673980568
994,994,394.0863054,394.0860086,394.0860751,1.058823529,0.588235294,C17 H18 O10 13C1,18,18,10,0,0,1,0,0,0.0,lignin,0.9942164160052792
995,995,394.0781576,394.0778607,394.0779692,1.0,0.588235294,C17 H17 O10 N1,17,17,10,0,1,0,0,0,0.058823529,lipid,0.7690570932811776
996,996,394.0498585,394.0495617,394.0496896,0.875,0.6875,C16 H14 O11 13C1,17,14,11,0,0,1,0,0,0.0,tannin,0.9303177404180605
997,997,393.1920969,393.1918012,393.1918768,1.428571429,0.333333333,C21 H30 O7,21,30,7,0,0,0,0,0,0.0,lignin,0.9703511884268469
998,998,393.1556901,393.1553944,393.1554913,1.3,0.4,C20 H26 O8,20,26,8,0,0,0,0,0,0.0,lignin,0.9705743977328684
999,999,393.1195462,393.1192506,393.1191058,1.157894737,0.473684211,C19 H22 O9,19,22,9,0,0,0,0,0,0.0,lignin,0.9576411233703901
1000,1000,393.0943006,393.094005,393.0939536,1.058823529,0.529411765,C17 H18 O9 N2,17,18,9,0,2,0,0,0,0.117647059,lipid,0.9074853032006722
1001,1001,393.0829712,393.0826757,393.0827202,1.0,0.555555556,C18 H18 O10,18,18,10,0,0,0,0,0,0.0,lignin,0.9701911816542843
1002,1002,393.0617624,393.0614669,393.0615909,0.666666667,0.380952381,C21 H14 O8,21,14,8,0,0,0,0,0,0.0,tannin,0.9332671810447486
1003,1003,393.0595746,393.0592791,393.059089,0.56,0.12,C25 H14 O3 S1,25,14,3,1,0,0,0,0,0.0,pah,0.9727380644164345
1004,1004,393.0465313,393.0462358,393.0463347,0.823529412,0.647058824,C17 H14 O11,17,14,11,0,0,0,0,0,0.0,tannin,0.9306859667053995
1005,1005,393.0441462,393.0438507,393.0438328,0.666666667,0.285714286,C21 H14 O6 S1,21,14,6,1,0,0,0,0,0.0,tannin,0.9317057236858014
1006,1006,392.1797466,392.1794522,392.1795815,1.4,0.35,C20 H28 O7 13C1,21,28,7,0,0,1,0,0,0.0,lignin,0.9703963363063914
1007,1007,392.1434678,392.1431734,392.143196,1.263157895,0.421052632,C19 H24 O8 13C1,20,24,8,0,0,1,0,0,0.0,lignin,0.9758038838007999
1008,1008,392.1072615,392.1069672,392.1068105,1.111111111,0.5,C18 H20 O9 13C1,19,20,9,0,0,1,0,0,0.0,lignin,0.9920017986698394
1009,1009,392.0991275,392.0988332,392.0987047,1.055555556,0.5,C18 H19 O9 N1,18,19,9,0,1,0,0,0,0.055555556,lipid,0.6617964124802213
1010,1010,392.0705838,392.0702896,392.070425,0.941176471,0.588235294,C17 H16 O10 13C1,18,16,10,0,0,1,0,0,0.0,tannin,0.9300842130259926
1011,1011,392.0624677,392.0621735,392.0623192,0.882352941,0.588235294,C17 H15 O10 N1,17,15,10,0,1,0,0,0,0.058823529,lipid,0.6251684259354914
1012,1012,391.2129693,391.2126762,391.2126122,1.454545455,0.272727273,C22 H32 O6,22,32,6,0,0,0,0,0,0.0,lipid,0.9313243657661159
1013,1013,391.1763693,391.1760761,391.1762267,1.333333333,0.333333333,C21 H28 O7,21,28,7,0,0,0,0,0,0.0,lignin,0.9705216293685014
1014,1014,391.1401815,391.1398885,391.1398412,1.2,0.4,C20 H24 O8,20,24,8,0,0,0,0,0,0.0,lignin,0.970801070670565
1015,1015,391.1038586,391.1035655,391.1034557,1.052631579,0.473684211,C19 H20 O9,19,20,9,0,0,0,0,0,0.0,lignin,0.9944111787859352
1016,1016,391.0785102,391.0782172,391.0783036,0.941176471,0.529411765,C17 H16 O9 N2,17,16,9,0,2,0,0,0,0.117647059,lipid,0.9316477236005076
1017,1017,391.0672125,391.0669195,391.0670702,0.888888889,0.555555556,C18 H16 O10,18,16,10,0,0,0,0,0,0.0,tannin,0.9312996921073082
1018,1018,391.0647979,391.0645049,391.0645683,0.727272727,0.227272727,C22 H16 O5 S1,22,16,5,1,0,0,0,0,0.0,tannin,0.9313809412062135
1019,1019,391.0519979,391.0517049,391.051814,1.142857143,0.928571429,C14 H16 O13,14,16,13,0,0,0,0,0,0.0,lignin,0.7993526256977533
1020,1020,391.0310353,391.0307424,391.0306847,0.705882353,0.647058824,C17 H12 O11,17,12,11,0,0,0,0,0,0.0,tannin,0.9320767615760206
1021,1021,391.0286423,391.0283494,391.0281827,0.571428571,0.285714286,C21 H12 O6 S1,21,12,6,1,0,0,0,0,0.0,tannin,0.6620617194077199
1022,1022,390.1641638,390.163872,390.1639315,1.3,0.35,C20 H26 O7 13C1,21,26,7,0,0,1,0,0,0.0,lignin,0.9705851726284915
1023,1023,390.1279528,390.127661,390.127546,1.157894737,0.421052632,C19 H22 O8 13C1,20,22,8,0,0,1,0,0,0.0,lignin,0.952341519348253
1024,1024,390.1045261,390.1042343,390.104184,1.4,0.733333333,C15 H21 O11 N1,15,21,11,0,1,0,0,0,0.066666667,carbohydrate,0.9285261272687422
1025,1025,390.0913391,390.0910474,390.0911605,1.0,0.5,C18 H18 O9 13C1,19,18,9,0,0,1,0,0,0.0,lignin,0.9705732925424428
1026,1026,390.0831984,390.0829067,390.0830546,0.944444444,0.5,C18 H17 O9 N1,18,17,9,0,1,0,0,0,0.055555556,lipid,0.6297267858738549
1027,1027,389.1970998,389.1968092,389.1969622,1.363636364,0.272727273,C22 H30 O6,22,30,6,0,0,0,0,0,0.0,lignin,0.9704685460901071
1028,1028,389.1610068,389.1607163,389.1605766,1.238095238,0.333333333,C21 H26 O7,21,26,7,0,0,0,0,0,0.0,lignin,0.9707188375329816
1029,1029,389.1457379,389.1454474,389.1453205,1.529411765,0.588235294,C17 H26 O10,17,26,10,0,0,0,0,0,0.0,lignin,0.949560304753039
1030,1030,389.1278623,389.1275718,389.1275624,1.529411765,0.470588235,C17 H26 O8 S1,17,26,8,1,0,0,0,0,0.0,lignin,0.9782595668481362
1031,1031,389.1244532,389.1241627,389.1241911,1.1,0.4,C20 H22 O8,20,22,8,0,0,0,0,0,0.0,lignin,0.9771818566701223
1032,1032,389.1090868,389.1087963,389.108935,1.375,0.6875,C16 H22 O11,16,22,11,0,0,0,0,0,0.0,lignin,0.8015728453887219
1033,1033,389.1010059,389.1007155,389.1005598,0.666666667,0.037037037,C27 H18 O1 S1,27,18,1,1,0,0,0,0,0.0,pah,0.9732937059438918
1034,1034,389.0913417,389.0910512,389.0911769,1.375,0.5625,C16 H22 O9 S1,16,22,9,1,0,0,0,0,0.0,lignin,0.9497363522969259
1035,1035,389.087969,389.0876785,389.0878056,0.947368421,0.473684211,C19 H18 O9,19,18,9,0,0,0,0,0,0.0,tannin,0.9310113723866602
1036,1036,389.0855569,389.0852665,389.0853037,0.782608696,0.173913043,C23 H18 O4 S1,23,18,4,1,0,0,0,0,0.0,tannin,0.9307423696686141
1037,1037,389.0728216,389.0725311,389.0725495,1.2,0.8,C15 H18 O12,15,18,12,0,0,0,0,0,0.0,lignin,0.8047673650025718
1038,1038,389.05183,389.0515397,389.0514201,0.777777778,0.555555556,C18 H14 O10,18,14,10,0,0,0,0,0,0.0,tannin,0.9319708319628666
1039,1039,389.0365981,389.0363078,389.036164,1.0,0.928571429,C14 H14 O13,14,14,13,0,0,0,0,0,0.0,lignin,0.448469612505047
1040,1040,389.0153724,389.015082,389.0150346,0.588235294,0.647058824,C17 H10 O11,17,10,11,0,0,0,0,0,0.0,tannin,0.9327283716494057
1041,1041,389.0129042,389.0126139,389.0125327,0.476190476,0.285714286,C21 H10 O6 S1,21,10,6,1,0,0,0,0,0.0,tannin,0.6257532213623433
1042,1042,388.1485151,388.1482259,388.1482814,1.2,0.35,C20 H24 O7 13C1,21,24,7,0,0,1,0,0,0.0,lignin,0.9716659135448908
1043,1043,388.1250617,388.1247725,388.1249194,1.4375,0.625,C16 H23 O10 N1,16,23,10,0,1,0,0,0,0.0625,carbohydrate,0.8244788667759237
1044,1044,387.1815571,387.1812692,387.1813121,1.272727273,0.272727273,C22 H28 O6,22,28,6,0,0,0,0,0,0.0,lignin,0.9715158763023725
1045,1045,387.1661981,387.1659101,387.1660559,1.555555556,0.5,C18 H28 O9,18,28,9,0,0,0,0,0,0.0,lignin,0.9495625871676385
1046,1046,387.1450874,387.1447995,387.1449266,1.142857143,0.333333333,C21 H24 O7,21,24,7,0,0,0,0,0,0.0,lignin,0.9718254435751827
1047,1047,387.1299993,387.1297114,387.1296704,1.411764706,0.588235294,C17 H24 O10,17,24,10,0,0,0,0,0,0.0,lignin,0.9496844348899482
1048,1048,387.1123374,387.1120495,387.1119124,1.411764706,0.470588235,C17 H24 O8 S1,17,24,8,1,0,0,0,0,0.0,lignin,0.9573418443519222
1049,1049,387.1089667,387.1086788,387.1085411,1.0,0.4,C20 H20 O8,20,20,8,0,0,0,0,0,0.0,lignin,0.9723670774772726
1050,1050,387.0936777,387.0933898,387.0932849,1.25,0.6875,C16 H20 O11,16,20,11,0,0,0,0,0,0.0,lignin,0.9574333729534719
1051,1051,387.0757714,387.0754835,387.0755269,1.25,0.5625,C16 H20 O9 S1,16,20,9,1,0,0,0,0,0.0,lignin,0.9574844039440723
1052,1052,387.0723481,387.0720603,387.0721556,0.842105263,0.473684211,C19 H16 O9,19,16,9,0,0,0,0,0,0.0,tannin,0.931824891418278
1053,1053,387.0699082,387.0696204,387.0696536,0.695652174,0.173913043,C23 H16 O4 S1,23,16,4,1,0,0,0,0,0.0,pah,0.5368180454421934
1054,1054,387.0570397,387.0567519,387.0568994,1.066666667,0.8,C15 H16 O12,15,16,12,0,0,0,0,0,0.0,lignin,0.9946887225206258
1055,1055,387.0489983,387.0487104,387.0485243,0.461538462,0.076923077,C26 H12 O2 S1,26,12,2,1,0,0,0,0,0.0,pah,0.972544205152906
1056,1056,387.0359846,387.0356968,387.0357701,0.666666667,0.555555556,C18 H12 O10,18,12,10,0,0,0,0,0,0.0,tannin,0.9326201567261162
1057,1057,387.0335987,387.0333109,387.0332681,0.545454545,0.227272727,C22 H12 O5 S1,22,12,5,1,0,0,0,0,0.0,pah,0.8944246260602728
1058,1058,387.020893,387.0206052,387.0205139,0.857142857,0.928571429,C14 H12 O13,14,12,13,0,0,0,0,0,0.0,tannin,0.8371387818568028
1059,1059,386.1541903,386.1539036,386.1537607,1.529411765,0.529411765,C17 H26 O9 13C1,18,26,9,0,0,1,0,0,0.0,lignin,0.9495791375138929
1060,1060,386.1461125,386.1458259,386.1456549,1.470588235,0.529411765,C17 H25 O9 N1,17,25,9,0,1,0,0,0,0.058823529,lipid,0.9910835943212492
1061,1061,386.1176079,386.1173212,386.1173752,1.375,0.625,C16 H22 O10 13C1,17,22,10,0,0,1,0,0,0.0,lignin,0.949713537871362
1062,1062,386.1094634,386.1091767,386.1092693,1.3125,0.625,C16 H21 O10 N1,16,21,10,0,1,0,0,0,0.0625,lipid,0.8060492340977149
1063,1063,386.081158,386.0808714,386.0809897,1.2,0.733333333,C15 H18 O11 13C1,16,18,11,0,0,1,0,0,0.0,lignin,0.9574727187671795
1064,1064,386.0731555,386.0728689,386.0728838,1.133333333,0.733333333,C15 H17 O11 N1,15,17,11,0,1,0,0,0,0.066666667,lipid,0.7874474996718993
1065,1065,385.1871774,385.186892,385.1867914,1.578947368,0.421052632,C19 H30 O8,19,30,8,0,0,0,0,0,0.0,lipid,0.9242304025795267
1066,1066,385.165876,385.1655906,385.165662,1.181818182,0.272727273,C22 H26 O6,22,26,6,0,0,0,0,0,0.0,lignin,0.9717376555639081
1067,1067,385.150534,385.1502486,385.1504059,1.444444444,0.5,C18 H26 O9,18,26,9,0,0,0,0,0,0.0,lignin,0.9496787123610904
1068,1068,385.1294545,385.1291691,385.1292765,1.047619048,0.333333333,C21 H22 O7,21,22,7,0,0,0,0,0,0.0,lignin,0.9798335217696603
1069,1069,385.1143748,385.1140894,385.1140204,1.294117647,0.588235294,C17 H22 O10,17,22,10,0,0,0,0,0,0.0,lignin,0.9574231586727056
1070,1070,385.096711,385.0964257,385.0962623,1.294117647,0.470588235,C17 H22 O8 S1,17,22,8,1,0,0,0,0,0.0,lignin,0.9574699404331763
1071,1071,385.0933187,385.0930334,385.092891,0.9,0.4,C20 H18 O8,20,18,8,0,0,0,0,0,0.0,tannin,0.9315961867493545
1072,1072,385.0779999,385.0777146,385.0776349,1.125,0.6875,C16 H18 O11,16,18,11,0,0,0,0,0,0.0,lignin,0.9919635086621448
1073,1073,385.0566609,385.0563756,385.0565055,0.736842105,0.473684211,C19 H14 O9,19,14,9,0,0,0,0,0,0.0,tannin,0.9325145164398922
1074,1074,385.0542661,385.0539808,385.0540036,0.608695652,0.173913043,C23 H14 O4 S1,23,14,4,1,0,0,0,0,0.0,pah,0.9408426684605512
1075,1075,385.0413773,385.0410921,385.0412494,0.933333333,0.8,C15 H14 O12,15,14,12,0,0,0,0,0,0.0,tannin,0.9298210206026445
1076,1076,385.0333292,385.0330439,385.0328742,0.384615385,0.076923077,C26 H10 O2 S1,26,10,2,1,0,0,0,0,0.0,pah,0.9724053442500781
1077,1077,385.0203863,385.0201011,385.02012,0.555555556,0.555555556,C18 H10 O10,18,10,10,0,0,0,0,0,0.0,tannin,0.9332710585872794
1078,1078,385.0180024,385.0177172,385.0176181,0.454545455,0.227272727,C22 H10 O5 S1,22,10,5,1,0,0,0,0,0.0,pah,0.9633213500607678
1079,1079,384.1748167,384.1745325,384.1744962,1.555555556,0.444444444,C18 H28 O8 13C1,19,28,8,0,0,1,0,0,0.0,lignin,0.9625098762933012
1080,1080,384.1385052,384.1382211,384.1381107,1.411764706,0.529411765,C17 H24 O9 13C1,18,24,9,0,0,1,0,0,0.0,lignin,0.9497053156966523
1081,1081,384.1303604,384.1300763,384.1300048,1.352941176,0.529411765,C17 H23 O9 N1,17,23,9,0,1,0,0,0,0.058823529,lipid,0.9986008161356672
1082,1082,384.1018599,384.1015759,384.1017251,1.25,0.625,C16 H20 O10 13C1,17,20,10,0,0,1,0,0,0.0,lignin,0.95745874227102
1083,1083,384.0937678,384.0934838,384.0936193,1.1875,0.625,C16 H19 O10 N1,16,19,10,0,1,0,0,0,0.0625,lipid,0.6193785303051156
1084,1084,384.0657168,384.0654328,384.0653396,1.066666667,0.733333333,C15 H16 O11 13C1,16,16,11,0,0,1,0,0,0.0,lignin,0.9947521106372237
1085,1085,383.2078933,383.2076104,383.2075268,1.6,0.35,C20 H32 O7,20,32,7,0,0,0,0,0,0.0,lipid,0.9243215432887159
1086,1086,383.1712863,383.1710035,383.1711413,1.473684211,0.421052632,C19 H28 O8,19,28,8,0,0,0,0,0,0.0,lignin,0.9626392263697209
1087,1087,383.1501865,383.1499037,383.150012,1.090909091,0.272727273,C22 H24 O6,22,24,6,0,0,0,0,0,0.0,lignin,0.9720565988745884
1088,1088,383.1350649,383.134782,383.1347558,1.333333333,0.5,C18 H24 O9,18,24,9,0,0,0,0,0,0.0,lignin,0.957413973819588
1089,1089,383.1140481,383.1137653,383.1136264,0.952380952,0.333333333,C21 H20 O7,21,20,7,0,0,0,0,0,0.0,lignin,0.9716658694122995
1090,1090,383.1100409,383.1097581,383.1096037,1.25,0.5625,C16 H20 O9 N2,16,20,9,0,2,0,0,0,0.125,lipid,0.9041413863612509
1091,1091,383.0987718,383.0984891,383.0983703,1.176470588,0.588235294,C17 H20 O10,17,20,10,0,0,0,0,0,0.0,lignin,0.9575644242700756
1092,1092,383.0808245,383.0805417,383.0806122,1.176470588,0.470588235,C17 H20 O8 S1,17,20,8,1,0,0,0,0,0.0,lignin,0.9576172185471392
1093,1093,383.0774059,383.0771231,383.0772409,0.8,0.4,C20 H16 O8,20,16,8,0,0,0,0,0,0.0,tannin,0.9323828138924286
1094,1094,383.0733418,383.0730591,383.0732182,1.066666667,0.666666667,C15 H16 O10 N2,15,16,10,0,2,0,0,0,0.133333333,lipid,0.5979071147205797
1095,1095,383.0620854,383.0618027,383.0619848,1.0,0.6875,C16 H16 O11,16,16,11,0,0,0,0,0,0.0,lignin,0.8106603316063765
1096,1096,383.0540341,383.0537514,383.0536096,0.444444444,0.037037037,C27 H12 O1 S1,27,12,1,1,0,0,0,0,0.0,pah,0.9725457880830956
1097,1097,383.0410954,383.0408127,383.0408554,0.631578947,0.473684211,C19 H12 O9,19,12,9,0,0,0,0,0,0.0,tannin,0.9330265919454513
1098,1098,383.0260098,383.0257271,383.0255993,0.8,0.8,C15 H12 O12,15,12,12,0,0,0,0,0,0.0,tannin,0.930459830695969
1099,1099,382.2351604,382.2348787,382.2349884,2.235294118,0.352941176,C17 H38 O6 S1 13C1,18,38,6,1,0,1,0,0,0.0,lipid,0.9185513776427339
1100,1100,382.2351604,382.2348787,382.2347446,1.736842105,0.263157895,C19 H33 O5 N3,19,33,5,0,3,0,0,0,0.157894737,lipid,0.8909356970251828
1101,1101,382.1591104,382.1588288,382.1588461,1.444444444,0.444444444,C18 H26 O8 13C1,19,26,8,0,0,1,0,0,0.0,lignin,0.9626840056114151
1102,1102,382.1509356,382.150654,382.1507402,1.388888889,0.444444444,C18 H25 O8 N1,18,25,8,0,1,0,0,0,0.055555556,lipid,0.9616347852802528
1103,1103,382.122605,382.1223234,382.1224606,1.294117647,0.529411765,C17 H22 O9 13C1,18,22,9,0,0,1,0,0,0.0,lignin,0.9574464281400019
1104,1104,382.114563,382.1142815,382.1143547,1.235294118,0.529411765,C17 H21 O9 N1,17,21,9,0,1,0,0,0,0.058823529,lipid,0.9942793847965172
1105,1105,382.086498,382.0862165,382.0860751,1.125,0.625,C16 H18 O10 13C1,17,18,10,0,0,1,0,0,0.0,lignin,0.9913727205256233
1106,1106,382.0783839,382.0781025,382.0779692,1.0625,0.625,C16 H17 O10 N1,16,17,10,0,1,0,0,0,0.0625,lipid,0.7728598253616112
1107,1107,382.0498455,382.0495641,382.0496896,0.933333333,0.733333333,C15 H14 O11 13C1,16,14,11,0,0,1,0,0,0.0,tannin,0.9299142371134493
1108,1108,381.2318476,381.2315672,381.2316336,2.111111111,0.333333333,C18 H38 O6 S1,18,38,6,1,0,0,0,0,0.0,lipid,0.918289939014074
1109,1109,381.1921067,381.1918264,381.1918768,1.5,0.35,C20 H30 O7,20,30,7,0,0,0,0,0,0.0,lipid,0.9245071465282659
1110,1110,381.1559012,381.1556209,381.1554913,1.368421053,0.421052632,C19 H26 O8,19,26,8,0,0,0,0,0,0.0,lignin,0.97043730531632
1111,1111,381.1192269,381.1189466,381.1191058,1.222222222,0.5,C18 H22 O9,18,22,9,0,0,0,0,0,0.0,lignin,0.9575447136887026
1112,1112,381.094129,381.0938488,381.0939536,1.125,0.5625,C16 H18 O9 N2,16,18,9,0,2,0,0,0,0.125,lipid,0.9048265774659023
1113,1113,381.083044,381.0827638,381.0827202,1.058823529,0.588235294,C17 H18 O10,17,18,10,0,0,0,0,0,0.0,lignin,0.9942164160052792
1114,1114,381.0620034,381.0617232,381.0615909,0.7,0.4,C20 H14 O8,20,14,8,0,0,0,0,0,0.0,tannin,0.9329123164574238
1115,1115,381.0467187,381.0464385,381.0463347,0.875,0.6875,C16 H14 O11,16,14,11,0,0,0,0,0,0.0,tannin,0.9303177404180605
1116,1116,381.0443023,381.0440222,381.0438328,0.7,0.3,C20 H14 O6 S1,20,14,6,1,0,0,0,0,0.0,tannin,0.933357618615329
1117,1117,381.0076562,381.0073761,381.0074473,0.526315789,0.368421053,C19 H10 O7 S1,19,10,7,1,0,0,0,0,0.0,tannin,0.760288897447227
1118,1118,380.1797541,380.1794751,380.1795815,1.473684211,0.368421053,C19 H28 O7 13C1,20,28,7,0,0,1,0,0,0.0,lignin,0.9702727602671721
1119,1119,380.1436209,380.1433419,380.143196,1.333333333,0.444444444,C18 H24 O8 13C1,19,24,8,0,0,1,0,0,0.0,lignin,0.9574354427001559
1120,1120,380.1069426,380.1066636,380.1068105,1.176470588,0.529411765,C17 H20 O9 13C1,18,20,9,0,0,1,0,0,0.0,lignin,0.9575907245759285
1121,1121,380.0988133,380.0985344,380.0987047,1.117647059,0.529411765,C17 H19 O9 N1,17,19,9,0,1,0,0,0,0.058823529,lipid,0.8427790818519909
1122,1122,380.0707137,380.0704347,380.070425,1.0,0.625,C16 H16 O10 13C1,17,16,10,0,0,1,0,0,0.0,lignin,0.9698034415725345
1123,1123,380.0627037,380.0624248,380.0623192,0.9375,0.625,C16 H15 O10 N1,16,15,10,0,1,0,0,0,0.0625,lipid,0.6267786136860343
1124,1124,379.2128834,379.2126055,379.2126122,1.523809524,0.285714286,C21 H32 O6,21,32,6,0,0,0,0,0,0.0,lipid,0.9311555243876066
1125,1125,379.176374,379.1760963,379.1762267,1.4,0.35,C20 H28 O7,20,28,7,0,0,0,0,0,0.0,lignin,0.9703963363063914
1126,1126,379.1402665,379.1399887,379.1398412,1.263157895,0.421052632,C19 H24 O8,19,24,8,0,0,0,0,0,0.0,lignin,0.9758038838007999
1127,1127,379.1149276,379.1146499,379.1146891,1.176470588,0.470588235,C17 H20 O8 N2,17,20,8,0,2,0,0,0,0.117647059,lipid,0.9039990085672533
1128,1128,379.1035868,379.1033091,379.1034557,1.111111111,0.5,C18 H20 O9,18,20,9,0,0,0,0,0,0.0,lignin,0.9920017986698394
1129,1129,379.0802875,379.0800099,379.0798244,0.64,0.08,C25 H16 O2 S1,25,16,2,1,0,0,0,0,0.0,pah,0.9730805373132394
1130,1130,379.0784761,379.0781985,379.0783036,1.0,0.5625,C16 H16 O9 N2,16,16,9,0,2,0,0,0,0.125,lipid,0.905701887358671
1131,1131,379.0673719,379.0670942,379.0670702,0.941176471,0.588235294,C17 H16 O10,17,16,10,0,0,0,0,0,0.0,tannin,0.9300842130259926
1132,1132,379.0649867,379.0647091,379.0645683,0.761904762,0.238095238,C21 H16 O5 S1,21,16,5,1,0,0,0,0,0.0,tannin,0.9311281996997032
1133,1133,379.031087,379.0308094,379.0306847,0.75,0.6875,C16 H12 O11,16,12,11,0,0,0,0,0,0.0,tannin,0.9309684833868171
1134,1134,379.028628,379.0283505,379.0281827,0.6,0.3,C20 H12 O6 S1,20,12,6,1,0,0,0,0,0.0,tannin,0.7601305084121674
1135,1135,378.1642117,378.1639352,378.1639315,1.368421053,0.368421053,C19 H26 O7 13C1,20,26,7,0,0,1,0,0,0.0,lignin,0.9704487392286156
1136,1136,378.1279113,378.1276349,378.127546,1.222222222,0.444444444,C18 H22 O8 13C1,19,22,8,0,0,1,0,0,0.0,lignin,0.9575686526702659
1137,1137,378.0912719,378.0909955,378.0911605,1.058823529,0.529411765,C17 H18 O9 13C1,18,18,9,0,0,1,0,0,0.0,lignin,0.9943441086574076
1138,1138,378.0832049,378.0829285,378.0830546,1.0,0.529411765,C17 H17 O9 N1,17,17,9,0,1,0,0,0,0.058823529,lipid,0.8256715149322529
1139,1139,378.0551786,378.0549023,378.0547749,0.875,0.625,C16 H14 O10 13C1,17,14,10,0,0,1,0,0,0.0,tannin,0.9304467182814136
1140,1140,377.1970774,377.1968022,377.1969622,1.428571429,0.285714286,C21 H30 O6,21,30,6,0,0,0,0,0,0.0,lipid,0.9313484973746282
1141,1141,377.1609918,377.1607166,377.1605766,1.3,0.35,C20 H26 O7,20,26,7,0,0,0,0,0,0.0,lignin,0.9705851726284915
1142,1142,377.1244067,377.1241315,377.1241911,1.157894737,0.421052632,C19 H22 O8,19,22,8,0,0,0,0,0,0.0,lignin,0.952341519348253
1143,1143,377.1009905,377.1007154,377.1005598,0.692307692,0.038461538,C26 H18 O1 S1,26,18,1,1,0,0,0,0,0.0,pah,0.9734428511224958
1144,1144,377.099166,377.0988908,377.099039,1.058823529,0.470588235,C17 H18 O8 N2,17,18,8,0,2,0,0,0,0.117647059,lipid,0.904791759095005
1145,1145,377.0913399,377.0910647,377.0911769,1.466666667,0.6,C15 H22 O9 S1,15,22,9,1,0,0,0,0,0.0,lignin,0.9496204476696857
1146,1146,377.0880098,377.0877347,377.0878056,1.0,0.5,C18 H18 O9,18,18,9,0,0,0,0,0,0.0,lignin,0.9705732925424428
1147,1147,377.0518232,377.0515481,377.0514201,0.823529412,0.588235294,C17 H14 O10,17,14,10,0,0,0,0,0,0.0,tannin,0.9316142501810065
1148,1148,377.0152244,377.0149493,377.0150346,0.625,0.6875,C16 H10 O11,16,10,11,0,0,0,0,0,0.0,tannin,0.9323742267512648
1149,1149,377.0128003,377.0125253,377.0125327,0.5,0.3,C20 H10 O6 S1,20,10,6,1,0,0,0,0,0.0,tannin,0.6362021778560716
1150,1150,376.1485752,376.1483013,376.1482814,1.263157895,0.368421053,C19 H24 O7 13C1,20,24,7,0,0,1,0,0,0.0,lignin,0.9706600103795836
1151,1151,376.1120533,376.1117794,376.1118959,1.111111111,0.444444444,C18 H20 O8 13C1,19,20,8,0,0,1,0,0,0.0,lignin,0.9920106652365372
1152,1152,376.0758803,376.0756064,376.0755104,0.941176471,0.529411765,C17 H16 O9 13C1,18,16,9,0,0,1,0,0,0.0,tannin,0.9309793466072508
1153,1153,376.0677728,376.067499,376.0674045,0.882352941,0.529411765,C17 H15 O9 N1,17,15,9,0,1,0,0,0,0.058823529,lipid,0.6255254093155347
1154,1154,375.2755867,375.2753139,375.2752125,2.0,0.3,C20 H40 O6,20,40,6,0,0,0,0,0,0.0,lipid,0.9442534770154005
1155,1155,375.1816667,375.1813939,375.1813121,1.333333333,0.285714286,C21 H28 O6,21,28,6,0,0,0,0,0,0.0,lignin,0.9705211510517013
1156,1156,375.1450661,375.1447935,375.1449266,1.2,0.35,C20 H24 O7,20,24,7,0,0,0,0,0,0.0,lignin,0.9716659135448908
1157,1157,375.1298525,375.1295799,375.1296704,1.5,0.625,C16 H24 O10,16,24,10,0,0,0,0,0,0.0,lignin,0.8015460503708083
1158,1158,375.1088821,375.1086095,375.1085411,1.052631579,0.421052632,C19 H20 O8,19,20,8,0,0,0,0,0,0.0,lignin,0.9954048419726474
1159,1159,375.0936955,375.0934229,375.0932849,1.333333333,0.733333333,C15 H20 O11,15,20,11,0,0,0,0,0,0.0,lignin,0.7823118263854868
1160,1160,375.0758749,375.0756024,375.0755269,1.333333333,0.6,C15 H20 O9 S1,15,20,9,1,0,0,0,0,0.0,lignin,0.9573757990075707
1161,1161,375.0724895,375.0722169,375.0721556,0.888888889,0.5,C18 H16 O9,18,16,9,0,0,0,0,0,0.0,tannin,0.9314293804601228
1162,1162,375.0700429,375.0697704,375.0696536,0.727272727,0.181818182,C22 H16 O4 S1,22,16,4,1,0,0,0,0,0.0,tannin,0.6411869447473734
1163,1163,375.0570546,375.056782,375.0568994,1.142857143,0.857142857,C14 H16 O12,14,16,12,0,0,0,0,0,0.0,lignin,0.7989945387630767
1164,1164,375.0489554,375.0486828,375.0485243,0.48,0.08,C25 H12 O2 S1,25,12,2,1,0,0,0,0,0.0,pah,0.9725804342764096
1165,1165,375.035898,375.0356255,375.0357701,0.705882353,0.588235294,C17 H12 O10,17,12,10,0,0,0,0,0,0.0,tannin,0.9322710084552017
1166,1166,375.0335104,375.0332379,375.0332681,0.571428571,0.238095238,C21 H12 O5 S1,21,12,5,1,0,0,0,0,0.0,tannin,0.625018306045657
1167,1167,374.1096562,374.1093848,374.1092693,1.4,0.666666667,C15 H21 O10 N1,15,21,10,0,1,0,0,0,0.066666667,carbohydrate,0.8231769168048861
1168,1168,374.0964361,374.0961647,374.0962458,1.0,0.444444444,C18 H18 O8 13C1,19,18,8,0,0,1,0,0,0.0,lignin,0.971912542460092
1169,1169,373.2021822,373.201912,373.2020475,1.363636364,0.227272727,C22 H30 O5,22,30,5,0,0,0,0,0,0.0,lignin,0.7907212156233887
1170,1170,373.1660642,373.1657941,373.165662,1.238095238,0.285714286,C21 H26 O6,21,26,6,0,0,0,0,0,0.0,lignin,0.9715917223752617
1171,1171,373.150762,373.1504918,373.1504059,1.529411765,0.529411765,C17 H26 O9,17,26,9,0,0,0,0,0,0.0,lignin,0.9495791375138929
1172,1172,373.1328049,373.1325348,373.1326478,1.529411765,0.411764706,C17 H26 O7 S1,17,26,7,1,0,0,0,0,0.0,lignin,0.9625533956786132
1173,1173,373.1294011,373.129131,373.1292765,1.1,0.35,C20 H22 O7,20,22,7,0,0,0,0,0,0.0,lignin,0.9719950757719247
1174,1174,373.1141527,373.1138826,373.1140204,1.375,0.625,C16 H22 O10,16,22,10,0,0,0,0,0,0.0,lignin,0.949713537871362
1175,1175,373.0965725,373.0963024,373.0962623,1.375,0.5,C16 H22 O8 S1,16,22,8,1,0,0,0,0,0.0,lignin,0.9573691672149922
1176,1176,373.0932261,373.092956,373.092891,0.947368421,0.421052632,C19 H18 O8,19,18,8,0,0,0,0,0,0.0,tannin,0.7716277708838725
1177,1177,373.0780358,373.0777658,373.0776349,1.2,0.733333333,C15 H18 O11,15,18,11,0,0,0,0,0,0.0,lignin,0.9574727187671795
1178,1178,373.0568218,373.0565517,373.0565055,0.777777778,0.5,C18 H14 O9,18,14,9,0,0,0,0,0,0.0,tannin,0.9321543302355414
1179,1179,373.0414615,373.0411915,373.0412494,1.0,0.857142857,C14 H14 O12,14,14,12,0,0,0,0,0,0.0,lignin,0.7128440799650144
1180,1180,373.0202774,373.0200075,373.02012,0.588235294,0.588235294,C17 H10 O10,17,10,10,0,0,0,0,0,0.0,tannin,0.9329685561921026
1181,1181,373.0178673,373.0175973,373.0176181,0.476190476,0.238095238,C21 H10 O5 S1,21,10,5,1,0,0,0,0,0.0,pah,0.9407616516399774
1182,1182,372.138447,372.1381781,372.1381107,1.5,0.5625,C16 H24 O9 13C1,17,24,9,0,0,1,0,0,0.0,lignin,0.9495982115002599
1183,1183,372.130405,372.1301361,372.1300048,1.4375,0.5625,C16 H23 O9 N1,16,23,9,0,1,0,0,0,0.0625,lipid,0.7968027466081298
1184,1184,372.1020365,372.1017677,372.1017251,1.333333333,0.666666667,C15 H20 O10 13C1,16,20,10,0,0,1,0,0,0.0,lignin,0.9497479395915484
1185,1185,372.0939114,372.0936426,372.0936193,1.266666667,0.666666667,C15 H19 O10 N1,15,19,10,0,1,0,0,0,0.066666667,lipid,0.81462400730762
1186,1186,372.0654779,372.0652091,372.0653396,1.142857143,0.785714286,C14 H16 O11 13C1,15,16,11,0,0,1,0,0,0.0,lignin,0.839216459913221
1187,1187,372.0574312,372.0571624,372.0572338,1.071428571,0.785714286,C14 H15 O11 N1,14,15,11,0,1,0,0,0,0.071428571,lipid,0.7831308435672438
1188,1188,371.1715248,371.1712572,371.1711413,1.555555556,0.444444444,C18 H28 O8,18,28,8,0,0,0,0,0,0.0,lignin,0.9625098762933012
1189,1189,371.1502895,371.1500219,371.150012,1.142857143,0.285714286,C21 H24 O6,21,24,6,0,0,0,0,0,0.0,lignin,0.9718422498297723
1190,1190,371.134915,371.1346474,371.1347558,1.411764706,0.529411765,C17 H24 O9,17,24,9,0,0,0,0,0,0.0,lignin,0.9497053156966523
1191,1191,371.1171514,371.1168838,371.1169978,1.411764706,0.411764706,C17 H24 O7 S1,17,24,7,1,0,0,0,0,0.0,lignin,0.9703636715536481
1192,1192,371.1137784,371.1135108,371.1136264,1.0,0.35,C20 H20 O7,20,20,7,0,0,0,0,0,0.0,lignin,0.9730413897143985
1193,1193,371.0986827,371.0984152,371.0983703,1.25,0.625,C16 H20 O10,16,20,10,0,0,0,0,0,0.0,lignin,0.95745874227102
1194,1194,371.0810198,371.0807523,371.0806122,1.25,0.5,C16 H20 O8 S1,16,20,8,1,0,0,0,0,0.0,lignin,0.9575103735909055
1195,1195,371.0776523,371.0773847,371.0772409,0.842105263,0.421052632,C19 H16 O8,19,16,8,0,0,0,0,0,0.0,tannin,0.931995702666832
1196,1196,371.0623331,371.0620656,371.0619848,1.066666667,0.733333333,C15 H16 O11,15,16,11,0,0,0,0,0,0.0,lignin,0.9947521106372237
1197,1197,371.0409834,371.0407159,371.0408554,0.666666667,0.5,C18 H12 O9,18,12,9,0,0,0,0,0,0.0,tannin,0.9327882430312938
1198,1198,371.0385633,371.0382958,371.0383535,0.545454545,0.181818182,C22 H12 O4 S1,22,12,4,1,0,0,0,0,0.0,pah,0.9725610278076952
1199,1199,371.0257461,371.0254787,371.0255993,0.857142857,0.857142857,C14 H12 O12,14,12,12,0,0,0,0,0,0.0,tannin,0.9300979107978457
1200,1200,370.1591762,370.1589099,370.1588461,1.529411765,0.470588235,C17 H26 O8 13C1,18,26,8,0,0,1,0,0,0.0,lignin,0.9782595668481362
1201,1201,370.1227397,370.1224734,370.1224606,1.375,0.5625,C16 H22 O9 13C1,17,22,9,0,0,1,0,0,0.0,lignin,0.9497363522969259
1202,1202,370.1145556,370.1142893,370.1143547,1.3125,0.5625,C16 H21 O9 N1,16,21,9,0,1,0,0,0,0.0625,lipid,0.8220214345590738
1203,1203,370.0862245,370.0859583,370.0860751,1.2,0.666666667,C15 H18 O10 13C1,16,18,10,0,0,1,0,0,0.0,lignin,0.9575008956603449
1204,1204,370.0781998,370.0779335,370.0779692,1.133333333,0.666666667,C15 H17 O10 N1,15,17,10,0,1,0,0,0,0.066666667,lipid,0.787459332244917
1205,1205,370.0500731,370.0498069,370.0496896,1.0,0.785714286,C14 H14 O11 13C1,15,14,11,0,0,1,0,0,0.0,lignin,0.8705567075315217
1206,1206,369.1921346,369.1918694,369.1918768,1.578947368,0.368421053,C19 H30 O7,19,30,7,0,0,0,0,0,0.0,lipid,0.924324558162484
1207,1207,369.1556659,369.1554008,369.1554913,1.444444444,0.444444444,C18 H26 O8,18,26,8,0,0,0,0,0,0.0,lignin,0.9626840056114151
1208,1208,369.1347159,369.1344508,369.1343619,1.047619048,0.285714286,C21 H22 O6,21,22,6,0,0,0,0,0,0.0,lignin,0.9717651655224474
1209,1209,369.1195004,369.1192353,369.1191058,1.294117647,0.529411765,C17 H22 O9,17,22,9,0,0,0,0,0,0.0,lignin,0.9574464281400019
1210,1210,369.1016765,369.1014115,369.1013477,1.294117647,0.411764706,C17 H22 O7 S1,17,22,7,1,0,0,0,0,0.0,lignin,0.9705836707869626
1211,1211,369.0982559,369.0979909,369.0979764,0.9,0.35,C20 H18 O7,20,18,7,0,0,0,0,0,0.0,tannin,0.9317416806128097
1212,1212,369.0942099,369.0939448,369.0939536,1.2,0.6,C15 H18 O9 N2,15,18,9,0,2,0,0,0,0.133333333,lipid,0.9024209235977144
1213,1213,369.0828633,369.0825983,369.0827202,1.125,0.625,C16 H18 O10,16,18,10,0,0,0,0,0,0.0,lignin,0.9913727205256233
1214,1214,369.074765,369.0745,369.0743451,0.518518519,0.0,C27 H14 S1,27,14,0,1,0,0,0,0,0.0,pah,0.9727607464154462
1215,1215,369.0651073,369.0648423,369.0649622,1.125,0.5,C16 H18 O8 S1,16,18,8,1,0,0,0,0,0.0,lignin,0.9915773721383694
1216,1216,369.0617382,369.0614732,369.0615909,0.736842105,0.421052632,C19 H14 O8,19,14,8,0,0,0,0,0,0.0,tannin,0.9326727226820198
1217,1217,369.0466603,369.0463953,369.0463347,0.933333333,0.733333333,C15 H14 O11,15,14,11,0,0,0,0,0,0.0,tannin,0.9299142371134493
1218,1218,368.1799084,368.1796446,368.1795815,1.555555556,0.388888889,C18 H28 O7 13C1,19,28,7,0,0,1,0,0,0.0,lipid,0.9243280966057361
1219,1219,368.143321,368.1430572,368.143196,1.411764706,0.470588235,C17 H24 O8 13C1,18,24,8,0,0,1,0,0,0.0,lignin,0.9573418443519222
1220,1220,368.1353135,368.1350496,368.1350902,1.352941176,0.470588235,C17 H23 O8 N1,17,23,8,0,1,0,0,0,0.058823529,lipid,0.9986039696007216
1221,1221,368.1072124,368.1069487,368.1068105,1.25,0.5625,C16 H20 O9 13C1,17,20,9,0,0,1,0,0,0.0,lignin,0.9574844039440723
1222,1222,368.099103,368.0988392,368.0987047,1.1875,0.5625,C16 H19 O9 N1,16,19,9,0,1,0,0,0,0.0625,lipid,0.8190616104368711
1223,1223,368.0705429,368.0702792,368.070425,1.066666667,0.666666667,C15 H16 O10 13C1,16,16,10,0,0,1,0,0,0.0,lignin,0.9941388378421706
1224,1224,368.0624558,368.0621921,368.0623192,1.0,0.666666667,C15 H15 O10 N1,15,15,10,0,1,0,0,0,0.066666667,lipid,0.6345048841940196
1225,1225,367.2435648,367.2433021,367.2431245,1.142857143,0.0,C28 H32,28,32,0,0,0,0,0,0,0.0,lipid,0.6790470798710224
1226,1226,367.2313639,367.2311013,367.2312397,1.714285714,0.142857143,C21 H36 O3 S1,21,36,3,1,0,0,0,0,0.0,lipid,0.9245222085264055
1227,1227,367.2129291,367.2126665,367.2126122,1.6,0.3,C20 H32 O6,20,32,6,0,0,0,0,0,0.0,lipid,0.924417199102226
1228,1228,367.1765285,367.1762659,367.1762267,1.473684211,0.368421053,C19 H28 O7,19,28,7,0,0,0,0,0,0.0,lignin,0.9702727602671721
1229,1229,367.1400043,367.1397417,367.1398412,1.333333333,0.444444444,C18 H24 O8,18,24,8,0,0,0,0,0,0.0,lignin,0.9574354427001559
1230,1230,367.1150588,367.1147962,367.1146891,1.25,0.5,C16 H20 O8 N2,16,20,8,0,2,0,0,0,0.125,lipid,0.9018258976947745
1231,1231,367.1038419,367.1035793,367.1034557,1.176470588,0.529411765,C17 H20 O9,17,20,9,0,0,0,0,0,0.0,lignin,0.9575907245759285
1232,1232,367.082629,367.0823665,367.0823263,0.8,0.35,C20 H16 O7,20,16,7,0,0,0,0,0,0.0,tannin,0.9325324484368874
1233,1233,367.078568,367.0783056,367.0783036,1.066666667,0.6,C15 H16 O9 N2,15,16,9,0,2,0,0,0,0.133333333,lipid,0.9031076709959924
1234,1234,367.0672367,367.0669743,367.0670702,1.0,0.625,C16 H16 O10,16,16,10,0,0,0,0,0,0.0,lignin,0.9698034415725345
1235,1235,367.0460838,367.0458214,367.0459408,0.631578947,0.421052632,C19 H12 O8,19,12,8,0,0,0,0,0,0.0,tannin,0.9333080001458288
1236,1236,367.0309696,367.0307071,367.0306847,0.8,0.733333333,C15 H12 O11,15,12,11,0,0,0,0,0,0.0,tannin,0.9306038273829962
1237,1237,367.0285729,367.0283105,367.0281827,0.631578947,0.315789474,C19 H12 O6 S1,19,12,6,1,0,0,0,0,0.0,tannin,0.9318579299504204
1238,1238,366.2499348,366.2496733,366.249726,2.176470588,0.411764706,C17 H37 O7 N1,17,37,7,0,1,0,0,0,0.058823529,lipid,0.7777193590405513
1239,1239,366.1641017,366.1638403,366.1639315,1.444444444,0.388888889,C18 H26 O7 13C1,19,26,7,0,0,1,0,0,0.0,lignin,0.9703146159754125
1240,1240,366.1278142,366.1275529,366.127546,1.294117647,0.470588235,C17 H22 O8 13C1,18,22,8,0,0,1,0,0,0.0,lignin,0.9574699404331763
1241,1241,366.1197848,366.1195235,366.1194401,1.235294118,0.470588235,C17 H21 O8 N1,17,21,8,0,1,0,0,0,0.058823529,lipid,0.998736381002028
1242,1242,366.0915011,366.0912398,366.0911605,1.125,0.5625,C16 H18 O9 13C1,17,18,9,0,0,1,0,0,0.0,lignin,0.9915656855244931
1243,1243,366.0833305,366.0830693,366.0830546,1.0625,0.5625,C16 H17 O9 N1,16,17,9,0,1,0,0,0,0.0625,lipid,0.7871808255405773
1244,1244,366.0549138,366.0546526,366.0547749,0.933333333,0.666666667,C15 H14 O10 13C1,16,14,10,0,0,1,0,0,0.0,tannin,0.9300142737050902
1245,1245,366.0468818,366.0466206,366.0466691,0.866666667,0.666666667,C15 H13 O10 N1,15,13,10,0,1,0,0,0,0.066666667,lipid,0.6249192075451989
1246,1246,365.1973101,365.19705,365.1969622,1.5,0.3,C20 H30 O6,20,30,6,0,0,0,0,0,0.0,lipid,0.9311705839313745
1247,1247,365.1607189,365.1604588,365.1605766,1.368421053,0.368421053,C19 H26 O7,19,26,7,0,0,0,0,0,0.0,lignin,0.9704487392286156
1248,1248,365.1245521,365.124292,365.1241911,1.222222222,0.444444444,C18 H22 O8,18,22,8,0,0,0,0,0,0.0,lignin,0.9575686526702659
1249,1249,365.0993576,365.0990976,365.099039,1.125,0.5,C16 H18 O8 N2,16,18,8,0,2,0,0,0,0.125,lipid,0.902461476039132
1250,1250,365.0880504,365.0877905,365.0878056,1.058823529,0.529411765,C17 H18 O9,17,18,9,0,0,0,0,0,0.0,lignin,0.9943441086574076
1251,1251,365.0856248,365.0853648,365.0853037,0.857142857,0.19047619,C21 H18 O4 S1,21,18,4,1,0,0,0,0,0.0,tannin,0.9324676883074414
1252,1252,365.0668006,365.0665406,365.0666763,0.7,0.35,C20 H14 O7,20,14,7,0,0,0,0,0,0.0,tannin,0.9331624834350609
1253,1253,365.0628111,365.0625512,365.0626535,0.933333333,0.6,C15 H14 O9 N2,15,14,9,0,2,0,0,0,0.133333333,lipid,0.8801811051804107
1254,1254,365.0516154,365.0513555,365.0514201,0.875,0.625,C16 H14 O10,16,14,10,0,0,0,0,0,0.0,tannin,0.9304467182814136
1255,1255,365.0492248,365.0489649,365.0489182,0.7,0.25,C20 H14 O5 S1,20,14,5,1,0,0,0,0,0.0,tannin,0.9315544932903788
1256,1256,365.0154127,365.0151528,365.0150346,0.666666667,0.733333333,C15 H10 O11,15,10,11,0,0,0,0,0,0.0,tannin,0.9312719896502148
1257,1257,364.1847979,364.184539,364.1846669,1.473684211,0.315789474,C19 H28 O6 13C1,20,28,6,0,0,1,0,0,0.0,lipid,0.9311874165111027
1258,1258,364.1486198,364.148361,364.1482814,1.333333333,0.388888889,C18 H24 O7 13C1,19,24,7,0,0,1,0,0,0.0,lignin,0.9705103036964042
1259,1259,364.1121417,364.1118829,364.1118959,1.176470588,0.470588235,C17 H20 O8 13C1,18,20,8,0,0,1,0,0,0.0,lignin,0.9576172185471392
1260,1260,364.1039325,364.1036738,364.10379,1.117647059,0.470588235,C17 H19 O8 N1,17,19,8,0,1,0,0,0,0.058823529,lipid,0.9992309621453914
1261,1261,364.0757118,364.0754531,364.0755104,1.0,0.5625,C16 H16 O9 13C1,17,16,9,0,0,1,0,0,0.0,lignin,0.9701483221912003
1262,1262,364.0677169,364.0674582,364.0674045,0.9375,0.5625,C16 H15 O9 N1,16,15,9,0,1,0,0,0,0.0625,lipid,0.6273784333455894
1263,1263,363.1815908,363.1813332,363.1813121,1.4,0.3,C20 H28 O6,20,28,6,0,0,0,0,0,0.0,lignin,0.9704050554519646
1264,1264,363.1452381,363.1449805,363.1449266,1.263157895,0.368421053,C19 H24 O7,19,24,7,0,0,0,0,0,0.0,lignin,0.9706600103795836
1265,1265,363.1120318,363.1117743,363.1119124,1.6,0.533333333,C15 H24 O8 S1,15,24,8,1,0,0,0,0,0.0,lignin,0.9495098602023418
1266,1266,363.1086789,363.1084214,363.1085411,1.111111111,0.444444444,C18 H20 O8,18,20,8,0,0,0,0,0,0.0,lignin,0.9920106652365372
1267,1267,363.0837504,363.0834929,363.0833889,1.0,0.5,C16 H16 O8 N2,16,16,8,0,2,0,0,0,0.125,lipid,0.9032515560384281
1268,1268,363.0759106,363.0756531,363.0755269,1.428571429,0.642857143,C14 H20 O9 S1,14,20,9,1,0,0,0,0,0.0,lignin,0.8015658999048145
1269,1269,363.0725514,363.072294,363.0721556,0.941176471,0.529411765,C17 H16 O9,17,16,9,0,0,0,0,0,0.0,tannin,0.9309793466072508
1270,1270,363.0572428,363.0569854,363.0568994,1.230769231,0.923076923,C13 H16 O12,13,16,12,0,0,0,0,0,0.0,lignin,0.6543801963393135
1271,1271,363.0358924,363.035635,363.0357701,0.75,0.625,C16 H12 O10,16,12,10,0,0,0,0,0,0.0,tannin,0.9319113416996034
1272,1272,363.0334892,363.0332318,363.0332681,0.6,0.25,C20 H12 O5 S1,20,12,5,1,0,0,0,0,0.0,tannin,0.6390415878246616
1273,1273,362.1692086,362.1689523,362.1690169,1.368421053,0.315789474,C19 H26 O6 13C1,20,26,6,0,0,1,0,0,0.0,lignin,0.9704586303064018
1274,1274,362.1328991,362.1326428,362.1326313,1.222222222,0.388888889,C18 H22 O7 13C1,19,22,7,0,0,1,0,0,0.0,lignin,0.9707494583525189
1275,1275,362.1096671,362.1094109,362.1092693,1.5,0.714285714,C14 H21 O10 N1,14,21,10,0,1,0,0,0,0.071428571,carbohydrate,0.9805480362686685
1276,1276,362.0965685,362.0963123,362.0962458,1.058823529,0.470588235,C17 H18 O8 13C1,18,18,8,0,0,1,0,0,0.0,lignin,0.9944650406781264
1277,1277,362.0600183,362.0597622,362.0598603,0.875,0.5625,C16 H14 O9 13C1,17,14,9,0,0,1,0,0,0.0,tannin,0.931372854471299
1278,1278,362.0519312,362.051675,362.0517545,0.8125,0.5625,C16 H13 O9 N1,16,13,9,0,1,0,0,0,0.0625,lipid,0.624087739729028
1279,1279,361.2022046,361.2019494,361.2020475,1.428571429,0.238095238,C21 H30 O5,21,30,5,0,0,0,0,0,0.0,lipid,0.9314593750128436
1280,1280,361.1659761,361.165721,361.165662,1.3,0.3,C20 H26 O6,20,26,6,0,0,0,0,0,0.0,lignin,0.9705860194962186
1281,1281,361.1295521,361.1292971,361.1292765,1.157894737,0.368421053,C19 H22 O7,19,22,7,0,0,0,0,0,0.0,lignin,0.971771074751004
1282,1282,361.1141331,361.1138781,361.1140204,1.466666667,0.666666667,C15 H22 O10,15,22,10,0,0,0,0,0,0.0,lignin,0.7823049486094774
1283,1283,361.1060554,361.1058004,361.1056452,0.692307692,0.0,C26 H18 S1,26,18,0,1,0,0,0,0,0.0,pah,0.9735387677470445
1284,1284,361.1042183,361.1039633,361.1041244,1.058823529,0.411764706,C17 H18 O7 N2,17,18,7,0,2,0,0,0,0.117647059,lipid,0.9026196715124012
1285,1285,361.096406,361.0961511,361.0962623,1.466666667,0.533333333,C15 H22 O8 S1,15,22,8,1,0,0,0,0,0.0,lignin,0.9496429502362214
1286,1286,361.0930641,361.0928091,361.092891,1.0,0.444444444,C18 H18 O8,18,18,8,0,0,0,0,0,0.0,lignin,0.971912542460092
1287,1287,361.0906699,361.0904149,361.0903891,0.818181818,0.136363636,C22 H18 O3 S1,22,18,3,1,0,0,0,0,0.0,tannin,0.7815491906040699
1288,1288,361.0779955,361.0777405,361.0776349,1.285714286,0.785714286,C14 H18 O11,14,18,11,0,0,0,0,0,0.0,lignin,0.6564563511220929
1289,1289,361.0602518,361.0599969,361.0598768,1.285714286,0.642857143,C14 H18 O9 S1,14,18,9,1,0,0,0,0,0.0,lignin,0.9574110194186106
1290,1290,361.0568656,361.0566107,361.0565055,0.823529412,0.529411765,C17 H14 O9,17,14,9,0,0,0,0,0,0.0,tannin,0.9317760208013031
1291,1291,361.0414615,361.0412066,361.0412494,1.076923077,0.923076923,C13 H14 O12,13,14,12,0,0,0,0,0,0.0,lignin,0.7993313313647173
1292,1292,361.0202356,361.0199807,361.02012,0.625,0.625,C16 H10 O10,16,10,10,0,0,0,0,0,0.0,tannin,0.9325949707368908
1293,1293,361.0178398,361.017585,361.0176181,0.5,0.25,C20 H10 O5 S1,20,10,5,1,0,0,0,0,0.0,pah,0.7539201600562382
1294,1294,360.1534895,360.1532357,360.1533668,1.263157895,0.315789474,C19 H24 O6 13C1,20,24,6,0,0,1,0,0,0.0,lignin,0.9706624908011685
1295,1295,360.1173483,360.1170945,360.1169813,1.111111111,0.388888889,C18 H20 O7 13C1,19,20,7,0,0,1,0,0,0.0,lignin,0.9769664041215076
1296,1296,360.0939001,360.0936463,360.0936193,1.357142857,0.714285714,C14 H19 O10 N1,14,19,10,0,1,0,0,0,0.071428571,carbohydrate,0.7851196793264983
1297,1297,360.0807005,360.0804468,360.0805958,0.941176471,0.470588235,C17 H16 O8 13C1,18,16,8,0,0,1,0,0,0.0,tannin,0.9310707967212043
1298,1298,360.072578,360.0723243,360.0724899,0.882352941,0.470588235,C17 H15 O8 N1,17,15,8,0,1,0,0,0,0.058823529,lipid,0.7713596443492153
1299,1299,360.0654248,360.0651711,360.0653396,1.230769231,0.846153846,C13 H16 O11 13C1,14,16,11,0,0,1,0,0,0.0,lignin,0.6564900256121375
1300,1300,359.1867618,359.1865092,359.1863975,1.333333333,0.238095238,C21 H28 O5,21,28,5,0,0,0,0,0,0.0,lignin,0.9713972944325233
1301,1301,359.1715075,359.1712549,359.1711413,1.647058824,0.470588235,C17 H28 O8,17,28,8,0,0,0,0,0,0.0,lipid,0.7918912590442428
1302,1302,359.1502178,359.1499653,359.150012,1.2,0.3,C20 H24 O6,20,24,6,0,0,0,0,0,0.0,lignin,0.9716813376763087
1303,1303,359.1348876,359.1346351,359.1347558,1.5,0.5625,C16 H24 O9,16,24,9,0,0,0,0,0,0.0,lignin,0.9495982115002599
1304,1304,359.1171865,359.116934,359.1169978,1.5,0.4375,C16 H24 O7 S1,16,24,7,1,0,0,0,0,0.0,lignin,0.9625941691780711
1305,1305,359.1138564,359.1136039,359.1136264,1.052631579,0.368421053,C19 H20 O7,19,20,7,0,0,0,0,0,0.0,lignin,0.9797538830409905
1306,1306,359.098708,359.0984556,359.0983703,1.333333333,0.666666667,C15 H20 O10,15,20,10,0,0,0,0,0,0.0,lignin,0.9497479395915484
1307,1307,359.080979,359.0807265,359.0806122,1.333333333,0.533333333,C15 H20 O8 S1,15,20,8,1,0,0,0,0,0.0,lignin,0.9574011983106215
1308,1308,359.0775887,359.0773362,359.0772409,0.888888889,0.444444444,C18 H16 O8,18,16,8,0,0,0,0,0,0.0,tannin,0.9315691243303771
1309,1309,359.062228,359.0619756,359.0619848,1.142857143,0.785714286,C14 H16 O11,14,16,11,0,0,0,0,0,0.0,lignin,0.839216459913221
1310,1310,359.0409662,359.0407138,359.0408554,0.705882353,0.529411765,C17 H12 O9,17,12,9,0,0,0,0,0,0.0,tannin,0.9324859207628435
1311,1311,359.0385762,359.0383238,359.0383535,0.571428571,0.19047619,C21 H12 O4 S1,21,12,4,1,0,0,0,0,0.0,pah,0.9408115472767202
1312,1312,359.0258115,359.0255591,359.0255993,0.923076923,0.923076923,C13 H12 O12,13,12,12,0,0,0,0,0,0.0,tannin,0.8362225423431283
1313,1313,358.1226093,358.122358,358.1224606,1.466666667,0.6,C15 H22 O9 13C1,16,22,9,0,0,1,0,0,0.0,lignin,0.9496204476696857
1314,1314,358.1145122,358.1142609,358.1143547,1.4,0.6,C15 H21 O9 N1,15,21,9,0,1,0,0,0,0.066666667,carbohydrate,0.7624526659320157
1315,1315,358.0863981,358.0861469,358.0860751,1.285714286,0.714285714,C14 H18 O10 13C1,15,18,10,0,0,1,0,0,0.0,lignin,0.8016022710308741
1316,1316,358.0783244,358.0780732,358.0779692,1.214285714,0.714285714,C14 H17 O10 N1,14,17,10,0,1,0,0,0,0.071428571,lipid,0.6227567929661761
1317,1317,358.0499496,358.0496984,358.0496896,1.076923077,0.846153846,C13 H14 O11 13C1,14,14,11,0,0,1,0,0,0.0,lignin,0.8372089419010015
1318,1318,357.1920069,357.1917568,357.1918768,1.666666667,0.388888889,C18 H30 O7,18,30,7,0,0,0,0,0,0.0,lipid,0.9241421902977228
1319,1319,357.1709239,357.1706738,357.1707474,1.238095238,0.238095238,C21 H26 O5,21,26,5,0,0,0,0,0,0.0,lignin,0.9716054132274825
1320,1320,357.1558417,357.1555916,357.1554913,1.529411765,0.470588235,C17 H26 O8,17,26,8,0,0,0,0,0,0.0,lignin,0.9782595668481362
1321,1321,357.1346983,357.1344482,357.1343619,1.1,0.3,C20 H22 O6,20,22,6,0,0,0,0,0,0.0,lignin,0.9719681389289405
1322,1322,357.1192768,357.1190268,357.1191058,1.375,0.5625,C16 H22 O9,16,22,9,0,0,0,0,0,0.0,lignin,0.9497363522969259
1323,1323,357.1014524,357.1012024,357.1013477,1.375,0.4375,C16 H22 O7 S1,16,22,7,1,0,0,0,0,0.0,lignin,0.9756260361193776
1324,1324,357.0980954,357.0978454,357.0979764,0.947368421,0.368421053,C19 H18 O7,19,18,7,0,0,0,0,0,0.0,lignin,0.7846583703830219
1325,1325,357.0829876,357.0827377,357.0827202,1.2,0.666666667,C15 H18 O10,15,18,10,0,0,0,0,0,0.0,lignin,0.9575008956603449
1326,1326,357.0653414,357.0650915,357.0649622,1.2,0.533333333,C15 H18 O8 S1,15,18,8,1,0,0,0,0,0.0,lignin,0.9575584409151705
1327,1327,357.06195,357.0617,357.0615909,0.777777778,0.444444444,C18 H14 O8,18,14,8,0,0,0,0,0,0.0,tannin,0.9323613704710754
1328,1328,357.0466387,357.0463888,357.0463347,1.0,0.785714286,C14 H14 O11,14,14,11,0,0,0,0,0,0.0,lignin,0.8705567075315217
1329,1329,357.0253365,357.0250866,357.0252054,0.588235294,0.529411765,C17 H10 O9,17,10,9,0,0,0,0,0,0.0,tannin,0.933173608814811
1330,1330,357.022918,357.0226681,357.0227034,0.476190476,0.19047619,C21 H10 O4 S1,21,10,4,1,0,0,0,0,0.0,pah,0.9724362513835312
1331,1331,356.143563,356.1433142,356.143196,1.5,0.5,C16 H24 O8 13C1,17,24,8,0,0,1,0,0,0.0,lignin,0.9496188185334683
1332,1332,356.1069192,356.1066705,356.1068105,1.333333333,0.6,C15 H20 O9 13C1,16,20,9,0,0,1,0,0,0.0,lignin,0.9573757990075707
1333,1333,356.0988216,356.0985729,356.0987047,1.266666667,0.6,C15 H19 O9 N1,15,19,9,0,1,0,0,0,0.066666667,lipid,0.8152566191592436
1334,1334,356.0707696,356.0705209,356.070425,1.142857143,0.714285714,C14 H16 O10 13C1,15,16,10,0,0,1,0,0,0.0,lignin,0.991530259297398
1335,1335,356.0626967,356.062448,356.0623192,1.071428571,0.714285714,C14 H15 O10 N1,14,15,10,0,1,0,0,0,0.071428571,lipid,0.7723195591731042
1336,1336,355.1962888,355.1960412,355.1961293,2.125,0.375,C16 H34 O6 34S1,16,34,6,0,0,0,1,0,0.0,lipid,0.9186090406271464
1337,1337,355.1763926,355.176145,355.1762267,1.555555556,0.388888889,C18 H28 O7,18,28,7,0,0,0,0,0,0.0,lipid,0.9243280966057361
1338,1338,355.1401999,355.1399523,355.1398412,1.411764706,0.470588235,C17 H24 O8,17,24,8,0,0,0,0,0,0.0,lignin,0.9573418443519222
1339,1339,355.1188455,355.118598,355.1187118,1.0,0.3,C20 H20 O6,20,20,6,0,0,0,0,0,0.0,lignin,0.9739146501469358
1340,1340,355.1035555,355.103308,355.1034557,1.25,0.5625,C16 H20 O9,16,20,9,0,0,0,0,0,0.0,lignin,0.9574844039440723
1341,1341,355.0826409,355.0823934,355.0823263,0.842105263,0.368421053,C19 H16 O7,19,16,7,0,0,0,0,0,0.0,tannin,0.932162859290227
1342,1342,355.0674449,355.0671975,355.0670702,1.066666667,0.666666667,C15 H16 O10,15,16,10,0,0,0,0,0,0.0,lignin,0.9941388378421706
1343,1343,355.046161,355.0459135,355.0459408,0.666666667,0.444444444,C18 H12 O8,18,12,8,0,0,0,0,0,0.0,tannin,0.9329270176177424
1344,1344,355.0307882,355.0305408,355.0306847,0.857142857,0.785714286,C14 H12 O11,14,12,11,0,0,0,0,0,0.0,tannin,0.9302221140626674
1345,1345,354.2191066,354.2188602,354.2189444,1.789473684,0.157894737,C19 H34 O3 S1 13C1,20,34,3,1,0,1,0,0,0.0,lipid,0.9243515712747474
1346,1346,354.2191066,354.2188602,354.2187007,1.380952381,0.095238095,C21 H29 O2 N3,21,29,2,0,3,0,0,0,0.142857143,peptide,0.9723162286074787
1347,1347,354.2038225,354.2035762,354.2036883,2.266666667,0.4,C15 H34 O6 S1 13C1,16,34,6,1,0,1,0,0,0.0,lipid,0.6319943722673621
1348,1348,354.2038225,354.2035762,354.2034445,1.705882353,0.294117647,C17 H29 O5 N3,17,29,5,0,3,0,0,0,0.176470588,lipid,0.8897469453551364
1349,1349,354.1642916,354.1640453,354.1639315,1.529411765,0.411764706,C17 H26 O7 13C1,18,26,7,0,0,1,0,0,0.0,lignin,0.9625533956786132
1350,1350,354.1276542,354.1274079,354.127546,1.375,0.5,C16 H22 O8 13C1,17,22,8,0,0,1,0,0,0.0,lignin,0.9573691672149922
1351,1351,354.1195444,354.1192981,354.1194401,1.3125,0.5,C16 H21 O8 N1,16,21,8,0,1,0,0,0,0.0625,lipid,0.9986760889068899
1352,1352,354.0915109,354.0912646,354.0911605,1.2,0.6,C15 H18 O9 13C1,16,18,9,0,0,1,0,0,0.0,lignin,0.9575294493889978
1353,1353,354.0834258,354.0831796,354.0830546,1.133333333,0.6,C15 H17 O9 N1,15,17,9,0,1,0,0,0,0.066666667,lipid,0.7815388118081117
1354,1354,354.0549174,354.0546713,354.0547749,1.0,0.714285714,C14 H14 O10 13C1,15,14,10,0,0,1,0,0,0.0,lignin,0.8106437574284648
1355,1355,354.0467773,354.0465311,354.0466691,0.928571429,0.714285714,C14 H13 O10 N1,14,13,10,0,1,0,0,0,0.071428571,lipid,0.6261653362481476
1356,1356,353.2157709,353.2155258,353.2155896,1.7,0.15,C20 H34 O3 S1,20,34,3,1,0,0,0,0,0.0,lipid,0.9245349542549188
1357,1357,353.2006482,353.2004031,353.2003335,2.125,0.375,C16 H34 O6 S1,16,34,6,1,0,0,0,0,0.0,lipid,0.9186090406271464
1358,1358,353.1972817,353.1970365,353.1969622,1.578947368,0.315789474,C19 H30 O6,19,30,6,0,0,0,0,0,0.0,lipid,0.9244251950550986
1359,1359,353.1607848,353.1605397,353.1605766,1.444444444,0.388888889,C18 H26 O7,18,26,7,0,0,0,0,0,0.0,lignin,0.9703146159754125
1360,1360,353.1244407,353.1241957,353.1241911,1.294117647,0.470588235,C17 H22 O8,17,22,8,0,0,0,0,0,0.0,lignin,0.9574699404331763
1361,1361,353.1034212,353.1031762,353.1030618,0.9,0.3,C20 H18 O6,20,18,6,0,0,0,0,0,0.0,tannin,0.931888120928833
1362,1362,353.0994012,353.0991562,353.099039,1.2,0.533333333,C15 H18 O8 N2,15,18,8,0,2,0,0,0,0.133333333,lipid,0.900336967260342
1363,1363,353.0881048,353.0878598,353.0878056,1.125,0.5625,C16 H18 O9,16,18,9,0,0,0,0,0,0.0,lignin,0.9915656855244931
1364,1364,353.0667738,353.0665289,353.0666763,0.736842105,0.368421053,C19 H14 O7,19,14,7,0,0,0,0,0,0.0,tannin,0.9327778423792761
1365,1365,353.062761,353.062516,353.0626535,1.0,0.642857143,C14 H14 O9 N2,14,14,9,0,2,0,0,0,0.142857143,lipid,0.852407315689414
1366,1366,353.0516019,353.0513569,353.0514201,0.933333333,0.666666667,C15 H14 O10,15,14,10,0,0,0,0,0,0.0,tannin,0.9300142737050902
1367,1367,353.0153589,353.015114,353.0150346,0.714285714,0.785714286,C14 H10 O11,14,10,11,0,0,0,0,0,0.0,tannin,0.9308907659136146
1368,1368,353.0129219,353.012677,353.0125327,0.555555556,0.333333333,C18 H10 O6 S1,18,10,6,1,0,0,0,0,0.0,tannin,0.7602546339783203
1369,1369,352.1881812,352.1879373,352.1880382,2.133333333,0.4,C15 H32 O6 S1 13C1,16,32,6,1,0,1,0,0,0.0,lipid,0.9185980823233721
1370,1370,352.1881812,352.1879373,352.1877944,1.588235294,0.294117647,C17 H27 O5 N3,17,27,5,0,3,0,0,0,0.176470588,peptide,0.6562506453891963
1371,1371,352.184807,352.1845631,352.1846669,1.555555556,0.333333333,C18 H28 O6 13C1,19,28,6,0,0,1,0,0,0.0,lipid,0.9244342641663806
1372,1372,352.148603,352.1483592,352.1482814,1.411764706,0.411764706,C17 H24 O7 13C1,18,24,7,0,0,1,0,0,0.0,lignin,0.9703636715536481
1373,1373,352.1120724,352.1118287,352.1118959,1.25,0.5,C16 H20 O8 13C1,17,20,8,0,0,1,0,0,0.0,lignin,0.9575103735909055
1374,1374,352.1039069,352.1036632,352.10379,1.1875,0.5,C16 H19 O8 N1,16,19,8,0,1,0,0,0,0.0625,lipid,0.9991530962170829
1375,1375,352.07581,352.0755663,352.0755104,1.066666667,0.6,C15 H16 O9 13C1,16,16,9,0,0,1,0,0,0.0,lignin,0.9942672056690836
1376,1376,352.0677612,352.0675174,352.0674045,1.0,0.6,C15 H15 O9 N1,15,15,9,0,1,0,0,0,0.066666667,lipid,0.7699821731592724
1377,1377,351.2178437,351.217601,351.2176976,1.6,0.25,C20 H32 O5,20,32,5,0,0,0,0,0,0.0,lipid,0.9245193988783627
1378,1378,351.1849997,351.1847571,351.1846834,2.0,0.375,C16 H32 O6 S1,16,32,6,1,0,0,0,0,0.0,lipid,0.9183497434029224
1379,1379,351.1816389,351.1813963,351.1813121,1.473684211,0.315789474,C19 H28 O6,19,28,6,0,0,0,0,0,0.0,lipid,0.9311874165111027
1380,1380,351.1450556,351.144813,351.1449266,1.333333333,0.388888889,C18 H24 O7,18,24,7,0,0,0,0,0,0.0,lignin,0.9705103036964042
1381,1381,351.1199593,351.1197167,351.1197745,1.25,0.4375,C16 H20 O7 N2,16,20,7,0,2,0,0,0,0.125,lipid,0.8999316822491649
1382,1382,351.1088852,351.1086427,351.1085411,1.176470588,0.470588235,C17 H20 O8,17,20,8,0,0,0,0,0,0.0,lignin,0.9576172185471392
1383,1383,351.0836965,351.083454,351.0833889,1.066666667,0.533333333,C15 H16 O8 N2,15,16,8,0,2,0,0,0,0.133333333,lipid,0.9009770991861155
1384,1384,351.0723141,351.0720716,351.0721556,1.0,0.5625,C16 H16 O9,16,16,9,0,0,0,0,0,0.0,lignin,0.9701483221912003
1385,1385,351.0698742,351.0696318,351.0696536,0.8,0.2,C20 H16 O4 S1,20,16,4,1,0,0,0,0,0.0,tannin,0.9308772841629394
1386,1386,351.0511392,351.0508967,351.0510262,0.631578947,0.368421053,C19 H12 O7,19,12,7,0,0,0,0,0,0.0,tannin,0.9335287333422662
1387,1387,351.0360634,351.0358209,351.0357701,0.8,0.666666667,C15 H12 O10,15,12,10,0,0,0,0,0,0.0,tannin,0.9307630027833786
1388,1388,351.0336755,351.0334331,351.0332681,0.631578947,0.263157895,C19 H12 O5 S1,19,12,5,1,0,0,0,0,0.0,tannin,0.6878881821914657
1389,1389,350.1692188,350.1689774,350.1690169,1.444444444,0.333333333,C18 H26 O6 13C1,19,26,6,0,0,1,0,0,0.0,lignin,0.9703252061075537
1390,1390,350.1329433,350.132702,350.1326313,1.294117647,0.411764706,C17 H22 O7 13C1,18,22,7,0,0,1,0,0,0.0,lignin,0.9705836707869626
1391,1391,350.1246952,350.1244539,350.1245255,1.235294118,0.411764706,C17 H21 O7 N1,17,21,7,0,1,0,0,0,0.058823529,lipid,0.9987440813561248
1392,1392,350.0964011,350.0961598,350.0962458,1.125,0.5,C16 H18 O8 13C1,17,18,8,0,0,1,0,0,0.0,lignin,0.9915773721383694
1393,1393,350.0883966,350.0881553,350.08814,1.0625,0.5,C16 H17 O8 N1,16,17,8,0,1,0,0,0,0.0625,lipid,0.8539859559778616
1394,1394,350.0601675,350.0599263,350.0598603,0.933333333,0.6,C15 H14 O9 13C1,16,14,9,0,0,1,0,0,0.0,tannin,0.9301216660927494
1395,1395,350.0520433,350.0518021,350.0517545,0.866666667,0.6,C15 H13 O9 N1,15,13,9,0,1,0,0,0,0.066666667,lipid,0.625334972636568
1396,1396,349.2023889,349.2021487,349.2020475,1.5,0.25,C20 H30 O5,20,30,5,0,0,0,0,0,0.0,lipid,0.9312828973924818
1397,1397,349.165768,349.1655279,349.165662,1.368421053,0.315789474,C19 H26 O6,19,26,6,0,0,0,0,0,0.0,lignin,0.9704586303064018
1398,1398,349.1296366,349.1293965,349.1292765,1.222222222,0.388888889,C18 H22 O7,18,22,7,0,0,0,0,0,0.0,lignin,0.9707494583525189
1399,1399,349.1043432,349.1041032,349.1041244,1.125,0.4375,C16 H18 O7 N2,16,18,7,0,2,0,0,0,0.125,lipid,0.9005633937741188
1400,1400,349.0963969,349.0961568,349.0962623,1.571428571,0.571428571,C14 H22 O8 S1,14,22,8,1,0,0,0,0,0.0,lignin,0.8015376215510749
1401,1401,349.0930162,349.0927762,349.092891,1.058823529,0.470588235,C17 H18 O8,17,18,8,0,0,0,0,0,0.0,lignin,0.9944650406781264
1402,1402,349.0905994,349.0903594,349.0903891,0.857142857,0.142857143,C21 H18 O3 S1,21,18,3,1,0,0,0,0,0.0,tannin,0.9301282194510044
1403,1403,349.0679497,349.0677097,349.0677389,0.933333333,0.533333333,C15 H14 O8 N2,15,14,8,0,2,0,0,0,0.133333333,lipid,0.9299849705871882
1404,1404,349.056846,349.056606,349.0565055,0.875,0.5625,C16 H14 O9,16,14,9,0,0,0,0,0,0.0,tannin,0.931372854471299
1405,1405,349.0202877,349.0200477,349.02012,0.666666667,0.666666667,C15 H10 O10,15,10,10,0,0,0,0,0,0.0,tannin,0.9322209046038633
1406,1406,349.0178647,349.0176248,349.0176181,0.526315789,0.263157895,C19 H10 O5 S1,19,10,5,1,0,0,0,0,0.0,tannin,0.6263496628667925
1407,1407,348.1534863,348.1532474,348.1533668,1.333333333,0.333333333,C18 H24 O6 13C1,19,24,6,0,0,1,0,0,0.0,lignin,0.9705216293685014
1408,1408,348.1173185,348.1170796,348.1169813,1.176470588,0.411764706,C17 H20 O7 13C1,18,20,7,0,0,1,0,0,0.0,lignin,0.9759689967341083
1409,1409,348.0938996,348.0936608,348.0936193,1.461538462,0.769230769,C13 H19 O10 N1,13,19,10,0,1,0,0,0,0.076923077,amino_sugar,0.9326807554299726
1410,1410,348.0807618,348.080523,348.0805958,1.0,0.5,C16 H16 O8 13C1,17,16,8,0,0,1,0,0,0.0,lignin,0.9705732925424428
1411,1411,348.0726149,348.0723761,348.0724899,0.9375,0.5,C16 H15 O8 N1,16,15,8,0,1,0,0,0,0.0625,lipid,0.7727946631511651
1412,1412,347.1867454,347.1865077,347.1863975,1.4,0.25,C20 H28 O5,20,28,5,0,0,0,0,0,0.0,lipid,0.9314916596712942
1413,1413,347.1501347,347.149897,347.150012,1.263157895,0.315789474,C19 H24 O6,19,24,6,0,0,0,0,0,0.0,lignin,0.9706624908011685
1414,1414,347.1349093,347.1346717,347.1347558,1.6,0.6,C15 H24 O9,15,24,9,0,0,0,0,0,0.0,lignin,0.6147551174680604
1415,1415,347.1172899,347.1170523,347.1169978,1.6,0.466666667,C15 H24 O7 S1,15,24,7,1,0,0,0,0,0.0,lignin,0.7871837156923502
1416,1416,347.1139506,347.113713,347.1136264,1.111111111,0.388888889,C18 H20 O7,18,20,7,0,0,0,0,0,0.0,lignin,0.9769664041215076
1417,1417,347.0987215,347.0984839,347.0983703,1.428571429,0.714285714,C14 H20 O10,14,20,10,0,0,0,0,0,0.0,lignin,0.6563817467019919
1418,1418,347.088758,347.0885204,347.0884743,1.0,0.4375,C16 H16 O7 N2,16,16,7,0,2,0,0,0,0.125,lipid,0.9012037508565459
1419,1419,347.0807861,347.0805485,347.0806122,1.428571429,0.571428571,C14 H20 O8 S1,14,20,8,1,0,0,0,0,0.0,lignin,0.9496714939540741
1420,1420,347.0773811,347.0771436,347.0772409,0.941176471,0.470588235,C17 H16 O8,17,16,8,0,0,0,0,0,0.0,tannin,0.9310707967212043
1421,1421,347.0749236,347.074686,347.074739,0.761904762,0.142857143,C21 H16 O3 S1,21,16,3,1,0,0,0,0,0.0,pah,0.5382142490719876
1422,1422,347.0620814,347.0618439,347.0619848,1.230769231,0.846153846,C13 H16 O11,13,16,11,0,0,0,0,0,0.0,lignin,0.6564900256121375
1423,1423,347.0411728,347.0409353,347.0408554,0.75,0.5625,C16 H12 O9,16,12,9,0,0,0,0,0,0.0,tannin,0.932105320400138
1424,1424,346.1378379,346.1376015,346.1377167,1.222222222,0.333333333,C18 H22 O6 13C1,19,22,6,0,0,1,0,0,0.0,lignin,0.971615955522479
1425,1425,346.1147346,346.1144983,346.1143547,1.5,0.642857143,C14 H21 O9 N1,14,21,9,0,1,0,0,0,0.071428571,carbohydrate,0.8238606510049549
1426,1426,346.1016787,346.1014423,346.1013312,1.058823529,0.411764706,C17 H18 O7 13C1,18,18,7,0,0,1,0,0,0.0,lignin,0.9869126032974564
1427,1427,346.0781061,346.0778698,346.0779692,1.307692308,0.769230769,C13 H17 O10 N1,13,17,10,0,1,0,0,0,0.076923077,lipid,0.6060962246482718
1428,1428,345.1708821,345.1706469,345.1707474,1.3,0.25,C20 H26 O5,20,26,5,0,0,0,0,0,0.0,lignin,0.971462723881014
1429,1429,345.1555962,345.155361,345.1554913,1.625,0.5,C16 H26 O8,16,26,8,0,0,0,0,0,0.0,lignin,0.9494968905272554
1430,1430,345.1346745,345.1344394,345.1343619,1.157894737,0.315789474,C19 H22 O6,19,22,6,0,0,0,0,0,0.0,lignin,0.9717888493489075
1431,1431,345.1194472,345.1192121,345.1191058,1.466666667,0.6,C15 H22 O9,15,22,9,0,0,0,0,0,0.0,lignin,0.9496204476696857
1432,1432,345.1015419,345.1013068,345.1013477,1.466666667,0.466666667,C15 H22 O7 S1,15,22,7,1,0,0,0,0,0.0,lignin,0.949665680087557
1433,1433,345.0981332,345.0978981,345.0979764,1.0,0.388888889,C18 H18 O7,18,18,7,0,0,0,0,0,0.0,lignin,0.9725164222834476
1434,1434,345.0828509,345.0826158,345.0827202,1.285714286,0.714285714,C14 H18 O10,14,18,10,0,0,0,0,0,0.0,lignin,0.8016022710308741
1435,1435,345.0652263,345.0649912,345.0649622,1.285714286,0.571428571,C14 H18 O8 S1,14,18,8,1,0,0,0,0,0.0,lignin,0.9574392937502593
1436,1436,345.0618867,345.0616516,345.0615909,0.823529412,0.470588235,C17 H14 O8,17,14,8,0,0,0,0,0,0.0,tannin,0.9319601327721154
1437,1437,345.0466726,345.0464375,345.0463347,1.076923077,0.846153846,C13 H14 O11,13,14,11,0,0,0,0,0,0.0,lignin,0.8372089419010015
1438,1438,345.0254283,345.0251932,345.0252054,0.625,0.5625,C16 H10 O9,16,10,9,0,0,0,0,0,0.0,tannin,0.932847944746294
1439,1439,345.0229889,345.0227539,345.0227034,0.5,0.2,C20 H10 O4 S1,20,10,4,1,0,0,0,0,0.0,pah,0.9724563335179164
1440,1440,344.1435387,344.1433048,344.143196,1.6,0.533333333,C15 H24 O8 13C1,16,24,8,0,0,1,0,0,0.0,lignin,0.9495098602023418
1441,1441,344.1069234,344.1066896,344.1068105,1.428571429,0.642857143,C14 H20 O9 13C1,15,20,9,0,0,1,0,0,0.0,lignin,0.8015658999048145
1442,1442,344.0988192,344.0985853,344.0987047,1.357142857,0.642857143,C14 H19 O9 N1,14,19,9,0,1,0,0,0,0.071428571,carbohydrate,0.7598237024603388
1443,1443,344.0707634,344.0705296,344.070425,1.230769231,0.769230769,C13 H16 O10 13C1,14,16,10,0,0,1,0,0,0.0,lignin,0.7823194946901514
1444,1444,344.0626936,344.0624597,344.0623192,1.153846154,0.769230769,C13 H15 O10 N1,13,15,10,0,1,0,0,0,0.076923077,lipid,0.6578756853565577
1445,1445,343.1765367,343.176304,343.1762267,1.647058824,0.411764706,C17 H28 O7,17,28,7,0,0,0,0,0,0.0,lipid,0.9241354843571123
1446,1446,343.1553826,343.1551499,343.1550973,1.2,0.25,C20 H24 O5,20,24,5,0,0,0,0,0,0.0,lignin,0.9716969334116982
1447,1447,343.1399649,343.1397322,343.1398412,1.5,0.5,C16 H24 O8,16,24,8,0,0,0,0,0,0.0,lignin,0.9496188185334683
1448,1448,343.1189032,343.1186706,343.1187118,1.052631579,0.315789474,C19 H20 O6,19,20,6,0,0,0,0,0,0.0,lignin,0.9717031940594076
1449,1449,343.1038033,343.1035707,343.1034557,1.333333333,0.6,C15 H20 O9,15,20,9,0,0,0,0,0,0.0,lignin,0.9573757990075707
1450,1450,343.0860034,343.0857708,343.0856976,1.333333333,0.466666667,C15 H20 O7 S1,15,20,7,1,0,0,0,0,0.0,lignin,0.9574268372974236
1451,1451,343.0825898,343.0823572,343.0823263,0.888888889,0.388888889,C18 H16 O7,18,16,7,0,0,0,0,0,0.0,tannin,0.9317118594304491
1452,1452,343.0671925,343.0669599,343.0670702,1.142857143,0.714285714,C14 H16 O10,14,16,10,0,0,0,0,0,0.0,lignin,0.991530259297398
1453,1453,343.0494716,343.049239,343.0493121,1.142857143,0.571428571,C14 H16 O8 S1,14,16,8,1,0,0,0,0,0.0,lignin,0.9576165006830498
1454,1454,343.0461302,343.0458976,343.0459408,0.705882353,0.470588235,C17 H12 O8,17,12,8,0,0,0,0,0,0.0,tannin,0.9327300963894201
1455,1455,343.0310068,343.0307742,343.0306847,0.923076923,0.846153846,C13 H12 O11,13,12,11,0,0,0,0,0,0.0,tannin,0.870773396613993
1456,1456,342.1994071,342.1991756,342.1990902,1.777777778,0.166666667,C18 H32 O3 13C1 34S1,19,32,3,0,0,1,1,0,0.0,lipid,0.924355325923206
1457,1457,342.1640529,342.1638214,342.1639315,1.625,0.4375,C16 H26 O7 13C1,17,26,7,0,0,1,0,0,0.0,lipid,0.924128205776578
1458,1458,342.1278635,342.127632,342.127546,1.466666667,0.533333333,C15 H22 O8 13C1,16,22,8,0,0,1,0,0,0.0,lignin,0.9496429502362214
1459,1459,342.1196976,342.1194662,342.1194401,1.4,0.533333333,C15 H21 O8 N1,15,21,8,0,1,0,0,0,0.066666667,lipid,0.9918892306689091
1460,1460,342.0913054,342.091074,342.0911605,1.285714286,0.642857143,C14 H18 O9 13C1,15,18,9,0,0,1,0,0,0.0,lignin,0.9574110194186106
1461,1461,342.0832813,342.0830499,342.0830546,1.214285714,0.642857143,C14 H17 O9 N1,14,17,9,0,1,0,0,0,0.071428571,lipid,0.8195517876292293
1462,1462,342.0550995,342.0548682,342.0547749,1.076923077,0.769230769,C13 H14 O10 13C1,14,14,10,0,0,1,0,0,0.0,lignin,0.994753862268085
1463,1463,341.2068086,341.2065783,341.2066492,1.882352941,0.176470588,C17 H32 O3 S1 13C2,19,32,3,1,0,2,0,0,0.0,lipid,0.9344359582345607
1464,1464,341.204369,341.2041387,341.2041845,1.684210526,0.105263158,C19 H32 O2 S1 18O1,19,32,2,1,0,0,0,1,0.0,lipid,0.9246658762785434
1465,1465,341.1960053,341.195775,341.1957354,1.684210526,0.157894737,C19 H32 O3 34S1,19,32,3,0,0,0,1,0,0.0,lipid,0.9245491707180056
1466,1466,341.1795565,341.1793263,341.1792041,1.666666667,0.222222222,C18 H30 O4 S1,18,30,4,1,0,0,0,0,0.0,lipid,0.9244485981721811
1467,1467,341.160806,341.1605757,341.1605766,1.529411765,0.411764706,C17 H26 O7,17,26,7,0,0,0,0,0,0.0,lignin,0.9625533956786132
1468,1468,341.1244431,341.1242129,341.1241911,1.375,0.5,C16 H22 O8,16,22,8,0,0,0,0,0,0.0,lignin,0.9573691672149922
1469,1469,341.1092641,341.1090339,341.108935,1.833333333,0.916666667,C12 H22 O11,12,22,11,0,0,0,0,0,0.0,carbohydrate,0.9853926188421944
1470,1470,341.1034004,341.1031702,341.1030618,0.947368421,0.315789474,C19 H18 O6,19,18,6,0,0,0,0,0,0.0,lignin,0.9716921940568508
1471,1471,341.0880101,341.0877799,341.0878056,1.2,0.6,C15 H18 O9,15,18,9,0,0,0,0,0,0.0,lignin,0.9575294493889978
1472,1472,341.0701416,341.0699115,341.0700476,1.2,0.466666667,C15 H18 O7 S1,15,18,7,1,0,0,0,0,0.0,lignin,0.9575877293336748
1473,1473,341.0667773,341.0665472,341.0666763,0.777777778,0.388888889,C18 H14 O7,18,14,7,0,0,0,0,0,0.0,tannin,0.9325233996015246
1474,1474,341.0517114,341.0514813,341.0514201,1.0,0.714285714,C14 H14 O10,14,14,10,0,0,0,0,0,0.0,lignin,0.8106437574284648
1475,1475,341.0306068,341.0303767,341.0302907,0.588235294,0.470588235,C17 H10 O8,17,10,8,0,0,0,0,0,0.0,tannin,0.9333564538009644
1476,1476,341.0152002,341.0149701,341.0150346,0.769230769,0.846153846,C13 H10 O11,13,10,11,0,0,0,0,0,0.0,tannin,0.9305026011219935
1477,1477,340.2033909,340.2031618,340.2032944,1.777777778,0.166666667,C18 H32 O3 S1 13C1,19,32,3,1,0,1,0,0,0.0,lipid,0.924355325923206
1478,1478,340.2033909,340.2031618,340.2030506,1.35,0.1,C20 H27 O2 N3,20,27,2,0,3,0,0,0,0.15,peptide,0.9723577644828703
1479,1479,340.1485455,340.1483165,340.1482814,1.5,0.4375,C16 H24 O7 13C1,17,24,7,0,0,1,0,0,0.0,lignin,0.9625941691780711
1480,1480,340.112072,340.111843,340.1118959,1.333333333,0.533333333,C15 H20 O8 13C1,16,20,8,0,0,1,0,0,0.0,lignin,0.9574011983106215
1481,1481,340.1040712,340.1038423,340.10379,1.266666667,0.533333333,C15 H19 O8 N1,15,19,8,0,1,0,0,0,0.066666667,lipid,0.999020240183056
1482,1482,340.0758095,340.0755805,340.0755104,1.142857143,0.642857143,C14 H16 O9 13C1,15,16,9,0,0,1,0,0,0.0,lignin,0.9915413863294849
1483,1483,340.0676111,340.0673822,340.0674045,1.071428571,0.642857143,C14 H15 O9 N1,14,15,9,0,1,0,0,0,0.071428571,lipid,0.787661549661548
1484,1484,339.2000797,339.1998518,339.1999395,1.684210526,0.157894737,C19 H32 O3 S1,19,32,3,1,0,0,0,0,0.0,lipid,0.9245491707180056
1485,1485,339.1814443,339.1812165,339.1813121,1.555555556,0.333333333,C18 H28 O6,18,28,6,0,0,0,0,0,0.0,lipid,0.9244342641663806
1486,1486,339.1452451,339.1450173,339.1449266,1.411764706,0.411764706,C17 H24 O7,17,24,7,0,0,0,0,0,0.0,lignin,0.9703636715536481
1487,1487,339.1086754,339.1084476,339.1085411,1.25,0.5,C16 H20 O8,16,20,8,0,0,0,0,0,0.0,lignin,0.9575103735909055
1488,1488,339.0837056,339.0834779,339.0833889,1.142857143,0.571428571,C14 H16 O8 N2,14,16,8,0,2,0,0,0,0.142857143,lipid,0.8988991568405942
1489,1489,339.0724657,339.072238,339.0721556,1.066666667,0.6,C15 H16 O9,15,16,9,0,0,0,0,0,0.0,lignin,0.9942672056690836
1490,1490,339.0511311,339.0509035,339.0510262,0.666666667,0.388888889,C18 H12 O7,18,12,7,0,0,0,0,0,0.0,tannin,0.9332220397619541
1491,1491,339.0359082,339.0356805,339.0357701,0.857142857,0.714285714,C14 H12 O10,14,12,10,0,0,0,0,0,0.0,tannin,0.9303588951498458
1492,1492,338.2188076,338.2185809,338.2184259,2.2,0.466666667,C15 H33 O7 N1,15,33,7,0,1,0,0,0,0.066666667,lipid,0.6045263103249947
1493,1493,338.2090132,338.2087866,338.2087737,2.266666667,0.333333333,C15 H34 O5 S1 13C1,16,34,5,1,0,1,0,0,0.0,lipid,0.9185388227729587
1494,1494,338.1692746,338.169048,338.1690169,1.529411765,0.352941176,C17 H26 O6 13C1,18,26,6,0,0,1,0,0,0.0,lipid,0.9244446392365852
1495,1495,338.1328228,338.1325962,338.1326313,1.375,0.4375,C16 H22 O7 13C1,17,22,7,0,0,1,0,0,0.0,lignin,0.9756260361193776
1496,1496,338.1246743,338.1244477,338.1245255,1.3125,0.4375,C16 H21 O7 N1,16,21,7,0,1,0,0,0,0.0625,lipid,0.9986818708763057
1497,1497,338.0964832,338.0962567,338.0962458,1.2,0.533333333,C15 H18 O8 13C1,16,18,8,0,0,1,0,0,0.0,lignin,0.9575584409151705
1498,1498,338.088451,338.0882245,338.08814,1.133333333,0.533333333,C15 H17 O8 N1,15,17,8,0,1,0,0,0,0.066666667,lipid,0.9957304477309332
1499,1499,338.0600224,338.0597959,338.0598603,1.0,0.642857143,C14 H14 O9 13C1,15,14,9,0,0,1,0,0,0.0,lignin,0.9697166289073736
1500,1500,338.0518748,338.0516483,338.0517545,0.928571429,0.642857143,C14 H13 O9 N1,14,13,9,0,1,0,0,0,0.071428571,lipid,0.6268830458765872
1501,1501,337.2055503,337.2053249,337.2054188,2.125,0.3125,C16 H34 O5 S1,16,34,5,1,0,0,0,0,0.0,lipid,0.9182867661010757
1502,1502,337.2021612,337.2019358,337.2020475,1.578947368,0.263157895,C19 H30 O5,19,30,5,0,0,0,0,0,0.0,lipid,0.9245330877470787
1503,1503,337.1844394,337.1842141,337.1842895,1.578947368,0.157894737,C19 H30 O3 S1,19,30,3,1,0,0,0,0,0.0,lipid,0.9313349168425112
1504,1504,337.1660022,337.1657768,337.165662,1.444444444,0.333333333,C18 H26 O6,18,26,6,0,0,0,0,0,0.0,lignin,0.9703252061075537
1505,1505,337.1293679,337.1291426,337.1292765,1.294117647,0.411764706,C17 H22 O7,17,22,7,0,0,0,0,0,0.0,lignin,0.9705836707869626
1506,1506,337.1043919,337.1041666,337.1041244,1.2,0.466666667,C15 H18 O7 N2,15,18,7,0,2,0,0,0,0.133333333,lipid,0.8986581351924041
1507,1507,337.0932103,337.092985,337.092891,1.125,0.5,C16 H18 O8,16,18,8,0,0,0,0,0,0.0,lignin,0.9915773721383694
1508,1508,337.0719698,337.0717446,337.0717616,0.736842105,0.315789474,C19 H14 O6,19,14,6,0,0,0,0,0,0.0,tannin,0.9330418167682474
1509,1509,337.0679057,337.0676804,337.0677389,1.0,0.571428571,C14 H14 O8 N2,14,14,8,0,2,0,0,0,0.142857143,lipid,0.8994639478829155
1510,1510,337.056609,337.0563838,337.0565055,0.933333333,0.6,C15 H14 O9,15,14,9,0,0,0,0,0,0.0,tannin,0.9301216660927494
1511,1511,337.0542118,337.0539865,337.0540036,0.736842105,0.210526316,C19 H14 O4 S1,19,14,4,1,0,0,0,0,0.0,tannin,0.93127453951991
1512,1512,337.020452,337.0202268,337.02012,0.714285714,0.714285714,C14 H10 O10,14,10,10,0,0,0,0,0,0.0,tannin,0.9310786197654769
1513,1513,336.1535167,336.1532925,336.1533668,1.411764706,0.352941176,C17 H24 O6 13C1,18,24,6,0,0,1,0,0,0.0,lignin,0.9703755101110693
1514,1514,336.1172914,336.1170673,336.1169813,1.25,0.4375,C16 H20 O7 13C1,17,20,7,0,0,1,0,0,0.0,lignin,0.9575365693332687
1515,1515,336.1092028,336.1089787,336.1088754,1.1875,0.4375,C16 H19 O7 N1,16,19,7,0,1,0,0,0,0.0625,lipid,0.999161037320184
1516,1516,336.0806993,336.0804752,336.0805958,1.066666667,0.533333333,C15 H16 O8 13C1,16,16,8,0,0,1,0,0,0.0,lignin,0.9944361227856525
1517,1517,336.0726077,336.0723836,336.0724899,1.0,0.533333333,C15 H15 O8 N1,15,15,8,0,1,0,0,0,0.066666667,lipid,0.8270967271786989
1518,1518,335.1866272,335.1864043,335.1863975,1.473684211,0.263157895,C19 H28 O5,19,28,5,0,0,0,0,0,0.0,lipid,0.9313067880716707
1519,1519,335.1502065,335.1499836,335.150012,1.333333333,0.333333333,C18 H24 O6,18,24,6,0,0,0,0,0,0.0,lignin,0.9705216293685014
1520,1520,335.1138231,335.1136002,335.1136264,1.176470588,0.411764706,C17 H20 O7,17,20,7,0,0,0,0,0,0.0,lignin,0.9759689967341083
1521,1521,335.0886154,335.0883925,335.0884743,1.066666667,0.466666667,C15 H16 O7 N2,15,16,7,0,2,0,0,0,0.133333333,lipid,0.8991908012734882
1522,1522,335.0775486,335.0773258,335.0772409,1.0,0.5,C16 H16 O8,16,16,8,0,0,0,0,0,0.0,lignin,0.9705732925424428
1523,1523,335.0409905,335.0407677,335.0408554,0.8,0.6,C15 H12 O9,15,12,9,0,0,0,0,0,0.0,tannin,0.9317136733554141
1524,1524,335.0385642,335.0383415,335.0383535,0.631578947,0.210526316,C19 H12 O4 S1,19,12,4,1,0,0,0,0,0.0,tannin,0.5535771807596412
1525,1525,334.1378459,334.1376242,334.1377167,1.294117647,0.352941176,C17 H22 O6 13C1,18,22,6,0,0,1,0,0,0.0,lignin,0.9705967853520929
1526,1526,334.1146104,334.1143887,334.1143547,1.615384615,0.692307692,C13 H21 O9 N1,13,21,9,0,1,0,0,0,0.076923077,amino_sugar,0.7878731949424765
1527,1527,334.101657,334.1014353,334.1013312,1.125,0.4375,C16 H18 O7 13C1,17,18,7,0,0,1,0,0,0.0,lignin,0.9577035931945235
1528,1528,334.0650343,334.0648127,334.0649457,0.933333333,0.533333333,C15 H14 O8 13C1,16,14,8,0,0,1,0,0,0.0,tannin,0.9310348425457953
1529,1529,334.0569615,334.0567399,334.0568398,0.866666667,0.533333333,C15 H13 O8 N1,15,13,8,0,1,0,0,0,0.066666667,lipid,0.6282399516488433
1530,1530,333.1708705,333.17065,333.1707474,1.368421053,0.263157895,C19 H26 O5,19,26,5,0,0,0,0,0,0.0,lignin,0.9704585553157893
1531,1531,333.1346553,333.1344349,333.1343619,1.222222222,0.333333333,C18 H22 O6,18,22,6,0,0,0,0,0,0.0,lignin,0.971615955522479
1532,1532,333.1014537,333.1012333,333.1013477,1.571428571,0.5,C14 H22 O7 S1,14,22,7,1,0,0,0,0,0.0,lignin,0.9495471406298966
1533,1533,333.0981028,333.0978824,333.0979764,1.058823529,0.411764706,C17 H18 O7,17,18,7,0,0,0,0,0,0.0,lignin,0.9869126032974564
1534,1534,333.083018,333.0827976,333.0827202,1.384615385,0.769230769,C13 H18 O10,13,18,10,0,0,0,0,0,0.0,lignin,0.6538091378613771
1535,1535,333.073129,333.0729087,333.0728243,0.933333333,0.466666667,C15 H14 O7 N2,15,14,7,0,2,0,0,0,0.133333333,lipid,0.9361732826059388
1536,1536,333.0652669,333.0650465,333.0649622,1.384615385,0.615384615,C13 H18 O8 S1,13,18,8,1,0,0,0,0,0.0,lignin,0.9497058174778804
1537,1537,333.0618764,333.061656,333.0615909,0.875,0.5,C16 H14 O8,16,14,8,0,0,0,0,0,0.0,tannin,0.9315241863789918
1538,1538,333.0594377,333.0592174,333.059089,0.7,0.15,C20 H14 O3 S1,20,14,3,1,0,0,0,0,0.0,pah,0.8928614189573596
1539,1539,333.046439,333.0462186,333.0463347,1.166666667,0.916666667,C12 H14 O11,12,14,11,0,0,0,0,0,0.0,lignin,0.7925962183712977
1540,1540,333.0254115,333.0251912,333.0252054,0.666666667,0.6,C15 H10 O9,15,10,9,0,0,0,0,0,0.0,tannin,0.9324487102162703
1541,1541,333.0230319,333.0228116,333.0227034,0.526315789,0.210526316,C19 H10 O4 S1,19,10,4,1,0,0,0,0,0.0,pah,0.9408068669496424
1542,1542,332.1223864,332.1221672,332.1220667,1.176470588,0.352941176,C17 H20 O6 13C1,18,20,6,0,0,1,0,0,0.0,lignin,0.9717259271493983
1543,1543,332.0988607,332.0986415,332.0987047,1.461538462,0.692307692,C13 H19 O9 N1,13,19,9,0,1,0,0,0,0.076923077,lipid,0.6062084500759648
1544,1544,332.0857703,332.0855511,332.0856812,1.0,0.4375,C16 H16 O7 13C1,17,16,7,0,0,1,0,0,0.0,lignin,0.9719798914437201
1545,1545,332.0777427,332.0775236,332.0775753,0.9375,0.4375,C16 H15 O7 N1,16,15,7,0,1,0,0,0,0.0625,lipid,0.7748035194992732
1546,1546,332.0540962,332.0538771,332.053944,0.47826087,0.0,C23 H11 S1 N1,23,11,0,1,1,0,0,0,0.043478261,pah,0.9732118194194621
1547,1547,331.1552189,331.1550008,331.1550973,1.263157895,0.263157895,C19 H24 O5,19,24,5,0,0,0,0,0,0.0,lignin,0.9715399130980449
1548,1548,331.1400402,331.1398222,331.1398412,1.6,0.533333333,C15 H24 O8,15,24,8,0,0,0,0,0,0.0,lignin,0.9495098602023418
1549,1549,331.1223823,331.1221643,331.1220831,1.6,0.4,C15 H24 O6 S1,15,24,6,1,0,0,0,0,0.0,lipid,0.9242317574577678
1550,1550,331.1190082,331.1187902,331.1187118,1.111111111,0.333333333,C18 H20 O6,18,20,6,0,0,0,0,0,0.0,lignin,0.9719202327274259
1551,1551,331.1036944,331.1034765,331.1034557,1.428571429,0.642857143,C14 H20 O9,14,20,9,0,0,0,0,0,0.0,lignin,0.8015658999048145
1552,1552,331.0857964,331.0855785,331.0856976,1.428571429,0.5,C14 H20 O7 S1,14,20,7,1,0,0,0,0,0.0,lignin,0.949696556586742
1553,1553,331.0824241,331.0822061,331.0823263,0.941176471,0.411764706,C17 H16 O7,17,16,7,0,0,0,0,0,0.0,tannin,0.9311766970884007
1554,1554,331.0673025,331.0670846,331.0670702,1.230769231,0.769230769,C13 H16 O10,13,16,10,0,0,0,0,0,0.0,lignin,0.7823194946901514
1555,1555,331.0462462,331.0460283,331.0459408,0.75,0.5,C16 H12 O8,16,12,8,0,0,0,0,0,0.0,tannin,0.9323275341814407
1556,1556,331.0308121,331.0305942,331.0306847,1.0,0.916666667,C12 H12 O11,12,12,11,0,0,0,0,0,0.0,tannin,0.5997234509561531
1557,1557,331.0096741,331.0094563,331.0095553,0.533333333,0.6,C15 H8 O9,15,8,9,0,0,0,0,0,0.0,tannin,0.9332101631137533
1558,1558,331.0073142,331.0070964,331.0070534,0.421052632,0.210526316,C19 H8 O4 S1,19,8,4,1,0,0,0,0,0.0,pah,0.9723372904441178
1559,1559,330.1278282,330.1276114,330.127546,1.571428571,0.571428571,C14 H22 O8 13C1,15,22,8,0,0,1,0,0,0.0,lignin,0.8015376215510749
1560,1560,330.0912726,330.0910559,330.0911605,1.384615385,0.692307692,C13 H18 O9 13C1,14,18,9,0,0,1,0,0,0.0,lignin,0.8015676518562653
1561,1561,330.083192,330.0829753,330.0830546,1.307692308,0.692307692,C13 H17 O9 N1,13,17,9,0,1,0,0,0,0.076923077,lipid,0.978238625695572
1562,1562,329.1606955,329.1604799,329.1605766,1.625,0.4375,C16 H26 O7,16,26,7,0,0,0,0,0,0.0,lipid,0.924128205776578
1563,1563,329.1397457,329.1395301,329.1394473,1.157894737,0.263157895,C19 H22 O5,19,22,5,0,0,0,0,0,0.0,lignin,0.9718068732513527
1564,1564,329.1244781,329.1242626,329.1241911,1.466666667,0.533333333,C15 H22 O8,15,22,8,0,0,0,0,0,0.0,lignin,0.9496429502362214
1565,1565,329.1065539,329.1063383,329.1064331,1.466666667,0.4,C15 H22 O6 S1,15,22,6,1,0,0,0,0,0.0,lignin,0.9626545951577234
1566,1566,329.1031597,329.1029442,329.1030618,1.0,0.333333333,C18 H18 O6,18,18,6,0,0,0,0,0,0.0,lignin,0.9733046305467173
1567,1567,329.0879501,329.0877346,329.0878056,1.285714286,0.642857143,C14 H18 O9,14,18,9,0,0,0,0,0,0.0,lignin,0.9574110194186106
1568,1568,329.0703808,329.0701653,329.0700476,1.285714286,0.5,C14 H18 O7 S1,14,18,7,1,0,0,0,0,0.0,lignin,0.9574678945546495
1569,1569,329.0669996,329.0667841,329.0666763,0.823529412,0.411764706,C17 H14 O7,17,14,7,0,0,0,0,0,0.0,tannin,0.9321653056952469
1570,1570,329.0516445,329.051429,329.0514201,1.076923077,0.769230769,C13 H14 O10,13,14,10,0,0,0,0,0,0.0,lignin,0.994753862268085
1571,1571,329.0303946,329.0301792,329.0302907,0.625,0.5,C16 H10 O8,16,10,8,0,0,0,0,0,0.0,tannin,0.9330659244334694
1572,1572,329.0153159,329.0151005,329.0150346,0.833333333,0.916666667,C12 H10 O11,12,10,11,0,0,0,0,0,0.0,tannin,0.9231599597903701
1573,1573,328.1835576,328.1833432,328.1834401,1.764705882,0.176470588,C17 H30 O3 13C1 34S1,18,30,3,0,0,1,1,0,0.0,lipid,0.9243595652113543
1574,1574,328.1485938,328.1483795,328.1482814,1.6,0.466666667,C15 H24 O7 13C1,16,24,7,0,0,1,0,0,0.0,lignin,0.7871837156923502
1575,1575,328.1120002,328.1117858,328.1118959,1.428571429,0.571428571,C14 H20 O8 13C1,15,20,8,0,0,1,0,0,0.0,lignin,0.9496714939540741
1576,1576,328.1040373,328.103823,328.10379,1.357142857,0.571428571,C14 H19 O8 N1,14,19,8,0,1,0,0,0,0.071428571,lipid,0.9894215082457061
1577,1577,328.0757374,328.0755231,328.0755104,1.230769231,0.692307692,C13 H16 O9 13C1,14,16,9,0,0,1,0,0,0.0,lignin,0.9574535315319965
1578,1578,328.0675397,328.0673255,328.0674045,1.153846154,0.692307692,C13 H15 O9 N1,13,15,9,0,1,0,0,0,0.076923077,lipid,0.7889479763608483
1579,1579,327.1912812,327.1910679,327.1909991,1.875,0.1875,C16 H30 O3 S1 13C2,18,30,3,1,0,2,0,0,0.0,lipid,0.9344314080149678
1580,1580,327.1888304,327.1886172,327.1885345,1.666666667,0.111111111,C18 H30 O2 S1 18O1,18,30,2,1,0,0,0,1,0.0,lipid,0.9246896531933182
1581,1581,327.1815837,327.1813705,327.1813121,1.647058824,0.352941176,C17 H28 O6,17,28,6,0,0,0,0,0,0.0,lipid,0.924235457979029
1582,1582,327.180388,327.1801747,327.1800853,1.666666667,0.166666667,C18 H30 O3 34S1,18,30,3,0,0,0,1,0,0.0,lipid,0.9245651286624597
1583,1583,327.1450214,327.1448083,327.1449266,1.5,0.4375,C16 H24 O7,16,24,7,0,0,0,0,0,0.0,lignin,0.9625941691780711
1584,1584,327.1240867,327.1238736,327.1237972,1.052631579,0.263157895,C19 H20 O5,19,20,5,0,0,0,0,0,0.0,lignin,0.9718460429426768
1585,1585,327.108826,327.1086129,327.1085411,1.333333333,0.533333333,C15 H20 O8,15,20,8,0,0,0,0,0,0.0,lignin,0.9574011983106215
1586,1586,327.0908666,327.0906535,327.090783,1.333333333,0.4,C15 H20 O6 S1,15,20,6,1,0,0,0,0,0.0,lignin,0.9705077252731769
1587,1587,327.0875002,327.0872871,327.0874117,0.888888889,0.333333333,C18 H16 O6,18,16,6,0,0,0,0,0,0.0,tannin,0.9318965484877886
1588,1588,327.083467,327.0832539,327.0833889,1.230769231,0.615384615,C13 H16 O8 N2,13,16,8,0,2,0,0,0,0.153846154,lipid,0.7682556513413795
1589,1589,327.0723614,327.0721483,327.0721556,1.142857143,0.642857143,C14 H16 O9,14,16,9,0,0,0,0,0,0.0,lignin,0.9915413863294849
1590,1590,327.0513219,327.0511088,327.0510262,0.705882353,0.411764706,C17 H12 O7,17,12,7,0,0,0,0,0,0.0,tannin,0.9328105655315195
1591,1591,327.0359351,327.0357221,327.0357701,0.923076923,0.769230769,C13 H12 O10,13,12,10,0,0,0,0,0,0.0,tannin,0.9299188168368321
1592,1592,327.0147427,327.0145297,327.0146407,0.5,0.5,C16 H8 O8,16,8,8,0,0,0,0,0,0.0,tannin,0.9338828869105329
1593,1593,326.1877329,326.1875209,326.1876443,1.764705882,0.176470588,C17 H30 O3 S1 13C1,18,30,3,1,0,1,0,0,0.0,lipid,0.9243595652113543
1594,1594,326.1877329,326.1875209,326.1874005,1.315789474,0.105263158,C19 H25 O2 N3,19,25,2,0,3,0,0,0,0.157894737,peptide,0.9723583324293161
1595,1595,326.1327426,326.1325306,326.1326313,1.466666667,0.466666667,C15 H22 O7 13C1,16,22,7,0,0,1,0,0,0.0,lignin,0.949665680087557
1596,1596,326.1246197,326.1244077,326.1245255,1.4,0.466666667,C15 H21 O7 N1,15,21,7,0,1,0,0,0,0.066666667,lipid,0.9986388864582996
1597,1597,326.0965496,326.0963377,326.0962458,1.285714286,0.571428571,C14 H18 O8 13C1,15,18,8,0,0,1,0,0,0.0,lignin,0.9574392937502593
1598,1598,326.0884416,326.0882297,326.08814,1.214285714,0.571428571,C14 H17 O8 N1,14,17,8,0,1,0,0,0,0.071428571,lipid,0.8277385826410301
1599,1599,326.0599584,326.0597466,326.0598603,1.076923077,0.692307692,C13 H14 O9 13C1,14,14,9,0,0,1,0,0,0.0,lignin,0.9941801666764908
1600,1600,326.0519068,326.051695,326.0517545,1.0,0.692307692,C13 H13 O9 N1,13,13,9,0,1,0,0,0,0.076923077,lipid,0.6350323067503164
1601,1601,325.1868617,325.1866509,325.1867914,2.142857143,0.571428571,C14 H30 O8,14,30,8,0,0,0,0,0,0.0,carbohydrate,0.7970602789460641
1602,1602,325.1843894,325.1841786,325.1842895,1.666666667,0.166666667,C18 H30 O3 S1,18,30,3,1,0,0,0,0,0.0,lipid,0.9245651286624597
1603,1603,325.1657859,325.1655751,325.165662,1.529411765,0.352941176,C17 H26 O6,17,26,6,0,0,0,0,0,0.0,lipid,0.9244446392365852
1604,1604,325.1295334,325.1293227,325.1292765,1.375,0.4375,C16 H22 O7,16,22,7,0,0,0,0,0,0.0,lignin,0.9756260361193776
1605,1605,325.1042029,325.1039922,325.1041244,1.285714286,0.5,C14 H18 O7 N2,14,18,7,0,2,0,0,0,0.142857143,lipid,0.8968619570817644
1606,1606,325.0930943,325.0928836,325.092891,1.2,0.533333333,C15 H18 O8,15,18,8,0,0,0,0,0,0.0,lignin,0.9575584409151705
1607,1607,325.0720869,325.0718762,325.0717616,0.777777778,0.333333333,C18 H14 O6,18,14,6,0,0,0,0,0,0.0,tannin,0.9326166784277612
1608,1608,325.0680306,325.0678199,325.0677389,1.076923077,0.615384615,C13 H14 O8 N2,13,14,8,0,2,0,0,0,0.153846154,lipid,0.8974346868301902
1609,1609,325.0566494,325.0564388,325.0565055,1.0,0.642857143,C14 H14 O9,14,14,9,0,0,0,0,0,0.0,lignin,0.9697166289073736
1610,1610,325.0355128,325.0353021,325.0353761,0.588235294,0.411764706,C17 H10 O7,17,10,7,0,0,0,0,0,0.0,tannin,0.9337050674959814
1611,1611,325.0204301,325.0202195,325.02012,0.769230769,0.769230769,C13 H10 O10,13,10,10,0,0,0,0,0,0.0,tannin,0.9306695754471885
1612,1612,324.1534997,324.1532902,324.1533668,1.5,0.375,C16 H24 O6 13C1,17,24,6,0,0,1,0,0,0.0,lignin,0.9626048661569525
1613,1613,324.1171706,324.1169611,324.1169813,1.333333333,0.466666667,C15 H20 O7 13C1,16,20,7,0,0,1,0,0,0.0,lignin,0.9574268372974236
1614,1614,324.1089738,324.1087643,324.1088754,1.266666667,0.466666667,C15 H19 O7 N1,15,19,7,0,1,0,0,0,0.066666667,lipid,0.9990439747565449
1615,1615,324.0808512,324.0806417,324.0805958,1.142857143,0.571428571,C14 H16 O8 13C1,15,16,8,0,0,1,0,0,0.0,lignin,0.9576165006830498
1616,1616,324.0727889,324.0725795,324.0724899,1.071428571,0.571428571,C14 H15 O8 N1,14,15,8,0,1,0,0,0,0.071428571,lipid,0.7887833354868563
1617,1617,324.044299,324.0440895,324.0442103,0.923076923,0.692307692,C13 H12 O9 13C1,14,12,9,0,0,1,0,0,0.0,tannin,0.9300367465373658
1618,1618,323.1866629,323.1864546,323.1863975,1.555555556,0.277777778,C18 H28 O5,18,28,5,0,0,0,0,0,0.0,lipid,0.9245485230604971
1619,1619,323.1687419,323.1685336,323.1686394,1.555555556,0.166666667,C18 H28 O3 S1,18,28,3,1,0,0,0,0,0.0,lipid,0.9313638021398504
1620,1620,323.1502482,323.1500398,323.150012,1.411764706,0.352941176,C17 H24 O6,17,24,6,0,0,0,0,0,0.0,lignin,0.9703755101110693
1621,1621,323.1137761,323.1135678,323.1136264,1.25,0.4375,C16 H20 O7,16,20,7,0,0,0,0,0,0.0,lignin,0.9575365693332687
1622,1622,323.0886425,323.0884343,323.0884743,1.142857143,0.5,C14 H16 O7 N2,14,16,7,0,2,0,0,0,0.142857143,lipid,0.8973328121881163
1623,1623,323.0775139,323.0773056,323.0772409,1.066666667,0.533333333,C15 H16 O8,15,16,8,0,0,0,0,0,0.0,lignin,0.9944361227856525
1624,1624,323.0563236,323.0561153,323.0561116,0.666666667,0.333333333,C18 H12 O6,18,12,6,0,0,0,0,0,0.0,tannin,0.933435369153008
1625,1625,323.040926,323.0407178,323.0408554,0.857142857,0.642857143,C14 H12 O9,14,12,9,0,0,0,0,0,0.0,tannin,0.9305103043819896
1626,1626,322.138003,322.1377959,322.1377167,1.375,0.375,C16 H22 O6 13C1,17,22,6,0,0,1,0,0,0.0,lignin,0.9704353488633652
1627,1627,322.1014923,322.1012852,322.1013312,1.2,0.466666667,C15 H18 O7 13C1,16,18,7,0,0,1,0,0,0.0,lignin,0.9575877293336748
1628,1628,322.0935001,322.093293,322.0932254,1.133333333,0.466666667,C15 H17 O7 N1,15,17,7,0,1,0,0,0,0.066666667,lipid,0.9992385011869869
1629,1629,322.0650699,322.0648629,322.0649457,1.0,0.571428571,C14 H14 O8 13C1,15,14,8,0,0,1,0,0,0.0,lignin,0.9700946724606828
1630,1630,322.0569229,322.0567158,322.0568398,0.928571429,0.571428571,C14 H13 O8 N1,14,13,8,0,1,0,0,0,0.071428571,lipid,0.62784096865438
1631,1631,321.1710397,321.1708338,321.1707474,1.444444444,0.277777778,C18 H26 O5,18,26,5,0,0,0,0,0,0.0,lipid,0.9313337123237238
1632,1632,321.1344536,321.1342477,321.1343619,1.294117647,0.352941176,C17 H22 O6,17,22,6,0,0,0,0,0,0.0,lignin,0.9705967853520929
1633,1633,321.0982646,321.0980588,321.0979764,1.125,0.4375,C16 H18 O7,16,18,7,0,0,0,0,0,0.0,lignin,0.9577035931945235
1634,1634,321.0728964,321.0726905,321.0728243,1.0,0.5,C14 H14 O7 N2,14,14,7,0,2,0,0,0,0.142857143,lipid,0.8978243072253111
1635,1635,321.0617573,321.0615515,321.0615909,0.933333333,0.533333333,C15 H14 O8,15,14,8,0,0,0,0,0,0.0,tannin,0.9310348425457953
1636,1636,321.02533,321.0251243,321.0252054,0.714285714,0.642857143,C14 H10 O9,14,10,9,0,0,0,0,0,0.0,tannin,0.9320456370907649
1637,1637,321.0228988,321.022693,321.0227034,0.555555556,0.222222222,C18 H10 O4 S1,18,10,4,1,0,0,0,0,0.0,pah,0.8948698177493508
1638,1638,320.1222946,320.1220899,320.1220667,1.25,0.375,C16 H20 O6 13C1,17,20,6,0,0,1,0,0,0.0,lignin,0.9706880040947705
1639,1639,320.0859366,320.085732,320.0856812,1.066666667,0.466666667,C15 H16 O7 13C1,16,16,7,0,0,1,0,0,0.0,lignin,0.9914254669176648
1640,1640,320.0778685,320.0776639,320.0775753,1.0,0.466666667,C15 H15 O7 N1,15,15,7,0,1,0,0,0,0.066666667,lipid,0.8546197777541631
1641,1641,319.1552745,319.155071,319.1550973,1.333333333,0.277777778,C18 H24 O5,18,24,5,0,0,0,0,0,0.0,lignin,0.9705230229908883
1642,1642,319.1190013,319.1187978,319.1187118,1.176470588,0.352941176,C17 H20 O6,17,20,6,0,0,0,0,0,0.0,lignin,0.9717259271493983
1643,1643,319.0857766,319.0855732,319.0856976,1.538461538,0.538461538,C13 H20 O7 S1,13,20,7,1,0,0,0,0,0.0,lignin,0.9495672280469346
1644,1644,319.0824043,319.0822009,319.0823263,1.0,0.4375,C16 H16 O7,16,16,7,0,0,0,0,0,0.0,lignin,0.9719798914437201
1645,1645,319.0672888,319.0670854,319.0670702,1.333333333,0.833333333,C12 H16 O10,12,16,10,0,0,0,0,0,0.0,lignin,0.6538674199067221
1646,1646,319.0462201,319.0460168,319.0459408,0.8,0.533333333,C15 H12 O8,15,12,8,0,0,0,0,0,0.0,tannin,0.931907070729617
1647,1647,319.0097393,319.0095359,319.0095553,0.571428571,0.642857143,C14 H8 O9,14,8,9,0,0,0,0,0,0.0,tannin,0.9328432699542859
1648,1648,317.1759885,317.1757874,317.1758328,1.368421053,0.210526316,C19 H26 O4,19,26,4,0,0,0,0,0,0.0,lipid,0.9324188191890782
1649,1649,317.1395619,317.1393608,317.1394473,1.222222222,0.277777778,C18 H22 O5,18,22,5,0,0,0,0,0,0.0,lignin,0.9716323515391408
1650,1650,317.1242968,317.1240957,317.1241911,1.571428571,0.571428571,C14 H22 O8,14,22,8,0,0,0,0,0,0.0,lignin,0.8015376215510749
1651,1651,317.1033391,317.103138,317.1030618,1.058823529,0.352941176,C17 H18 O6,17,18,6,0,0,0,0,0,0.0,lignin,0.9716338388340408
1652,1652,317.0880238,317.0878228,317.0878056,1.384615385,0.692307692,C13 H18 O9,13,18,9,0,0,0,0,0,0.0,lignin,0.8015676518562653
1653,1653,317.0701529,317.0699518,317.0700476,1.384615385,0.538461538,C13 H18 O7 S1,13,18,7,1,0,0,0,0,0.0,lignin,0.9497337271768043
1654,1654,317.0667719,317.0665709,317.0666763,0.875,0.4375,C16 H14 O7,16,14,7,0,0,0,0,0,0.0,tannin,0.9316964260399592
1655,1655,317.0516494,317.0514485,317.0514201,1.166666667,0.833333333,C12 H14 O10,12,14,10,0,0,0,0,0,0.0,lignin,0.7950952617112715
1656,1656,317.0305688,317.0303678,317.0302907,0.666666667,0.533333333,C15 H10 O8,15,10,8,0,0,0,0,0,0.0,tannin,0.9327115368220456
1657,1657,316.1121715,316.1119717,316.1118959,1.538461538,0.615384615,C13 H20 O8 13C1,14,20,8,0,0,1,0,0,0.0,lignin,0.8015362092987461
1658,1658,316.075585,316.0753852,316.0755104,1.333333333,0.75,C12 H16 O9 13C1,13,16,9,0,0,1,0,0,0.0,lignin,0.6564264230950616
1659,1659,316.0675471,316.0673473,316.0674045,1.25,0.75,C12 H15 O9 N1,12,15,9,0,1,0,0,0,0.083333333,lipid,0.7819632002633858
1660,1660,315.1450218,315.1448231,315.1449266,1.6,0.466666667,C15 H24 O7,15,24,7,0,0,0,0,0,0.0,lignin,0.7871837156923502
1661,1661,315.1240741,315.1238754,315.1237972,1.111111111,0.277777778,C18 H20 O5,18,20,5,0,0,0,0,0,0.0,lignin,0.9719414229439607
1662,1662,315.1086923,315.1084936,315.1085411,1.428571429,0.571428571,C14 H20 O8,14,20,8,0,0,0,0,0,0.0,lignin,0.9496714939540741
1663,1663,315.0908683,315.0906697,315.090783,1.428571429,0.428571429,C14 H20 O6 S1,14,20,6,1,0,0,0,0,0.0,lignin,0.9703325820491603
1664,1664,315.0875254,315.0873267,315.0874117,0.941176471,0.352941176,C17 H16 O6,17,16,6,0,0,0,0,0,0.0,tannin,0.7714898275286216
1665,1665,315.0724215,315.0722229,315.0721556,1.230769231,0.692307692,C13 H16 O9,13,16,9,0,0,0,0,0,0.0,lignin,0.9574535315319965
1666,1666,315.0512182,315.0510196,315.0510262,0.75,0.4375,C16 H12 O7,16,12,7,0,0,0,0,0,0.0,tannin,0.9325782073795486
1667,1667,315.0358688,315.0356702,315.0357701,1.0,0.833333333,C12 H12 O10,12,12,10,0,0,0,0,0,0.0,lignin,0.8703272948707091
1668,1668,315.0149032,315.0147047,315.0146407,0.533333333,0.533333333,C15 H8 O8,15,8,8,0,0,0,0,0,0.0,tannin,0.9334232620500467
1669,1669,314.1679054,314.1677079,314.1677901,1.75,0.1875,C16 H28 O3 13C1 34S1,17,28,3,0,0,1,1,0,0.0,lipid,0.9243643895329885
1670,1670,314.1328021,314.1326046,314.1326313,1.571428571,0.5,C14 H22 O7 13C1,15,22,7,0,0,1,0,0,0.0,lignin,0.9495471406298966
1671,1671,314.0965245,314.0963271,314.0962458,1.384615385,0.615384615,C13 H18 O8 13C1,14,18,8,0,0,1,0,0,0.0,lignin,0.9497058174778804
1672,1672,314.0884093,314.0882119,314.08814,1.307692308,0.615384615,C13 H17 O8 N1,13,17,8,0,1,0,0,0,0.076923077,lipid,0.6333162455406051
1673,1673,314.0599476,314.0597502,314.0598603,1.166666667,0.75,C12 H14 O9 13C1,13,14,9,0,0,1,0,0,0.0,lignin,0.9575059795292173
1674,1674,313.1756162,313.1754199,313.1753491,1.866666667,0.2,C15 H28 O3 S1 13C2,17,28,3,1,0,2,0,0,0.0,lipid,0.9344263092135948
1675,1675,313.1731339,313.1729376,313.1728844,1.647058824,0.117647059,C17 H28 O2 S1 18O1,17,28,2,1,0,0,0,1,0.0,lipid,0.924716600780324
1676,1676,313.1657814,313.1655851,313.165662,1.625,0.375,C16 H26 O6,16,26,6,0,0,0,0,0,0.0,lipid,0.9242336095330781
1677,1677,313.1645542,313.1643578,313.1644352,1.647058824,0.176470588,C17 H28 O3 34S1,17,28,3,0,0,0,1,0,0.0,lipid,0.924583169845022
1678,1678,313.1295603,313.129364,313.1292765,1.466666667,0.466666667,C15 H22 O7,15,22,7,0,0,0,0,0,0.0,lignin,0.949665680087557
1679,1679,313.1082595,313.1080632,313.1081471,1.0,0.277777778,C18 H18 O5,18,18,5,0,0,0,0,0,0.0,lignin,0.9743987770844728
1680,1680,313.0930001,313.0928039,313.092891,1.285714286,0.571428571,C14 H18 O8,14,18,8,0,0,0,0,0,0.0,lignin,0.9574392937502593
1681,1681,313.0720335,313.0718373,313.0717616,0.823529412,0.352941176,C17 H14 O6,17,14,6,0,0,0,0,0,0.0,tannin,0.9324013231913263
1682,1682,313.0567031,313.0565069,313.0565055,1.076923077,0.692307692,C13 H14 O9,13,14,9,0,0,0,0,0,0.0,lignin,0.9941801666764908
1683,1683,313.0354741,313.0352779,313.0353761,0.625,0.4375,C16 H10 O7,16,10,7,0,0,0,0,0,0.0,tannin,0.9332654777402942
1684,1684,313.0203833,313.0201872,313.02012,0.833333333,0.833333333,C12 H10 O10,12,10,10,0,0,0,0,0,0.0,tannin,0.930244934096027
1685,1685,312.1751892,312.174994,312.1751218,1.8,0.133333333,C15 H27 O2 S1 N3,15,27,2,1,3,0,0,0,0.2,peptide,0.9720825640221487
1686,1686,312.1722701,312.172075,312.1719942,1.75,0.1875,C16 H28 O3 S1 13C1,17,28,3,1,0,1,0,0,0.0,lipid,0.9243643895329885
1687,1687,312.1534977,312.1533026,312.1533668,1.6,0.4,C15 H24 O6 13C1,16,24,6,0,0,1,0,0,0.0,lipid,0.9242317574577678
1688,1688,312.1172631,312.117068,312.1169813,1.428571429,0.5,C14 H20 O7 13C1,15,20,7,0,0,1,0,0,0.0,lignin,0.949696556586742
1689,1689,312.1091467,312.1089516,312.1088754,1.357142857,0.5,C14 H19 O7 N1,14,19,7,0,1,0,0,0,0.071428571,lipid,0.9988212982867847
1690,1690,312.0806986,312.0805036,312.0805958,1.230769231,0.615384615,C13 H16 O8 13C1,14,16,8,0,0,1,0,0,0.0,lignin,0.9574853896353828
1691,1691,312.0726757,312.0724806,312.0724899,1.153846154,0.615384615,C13 H15 O8 N1,13,15,8,0,1,0,0,0,0.076923077,lipid,0.9869590876121699
1692,1692,311.168873,311.1686791,311.1686394,1.647058824,0.176470588,C17 H28 O3 S1,17,28,3,1,0,0,0,0,0.0,lipid,0.924583169845022
1693,1693,311.1501304,311.1499365,311.150012,1.5,0.375,C16 H24 O6,16,24,6,0,0,0,0,0,0.0,lignin,0.9626048661569525
1694,1694,311.1138926,311.1136988,311.1136264,1.333333333,0.466666667,C15 H20 O7,15,20,7,0,0,0,0,0,0.0,lignin,0.9574268372974236
1695,1695,311.0773411,311.0771473,311.0772409,1.142857143,0.571428571,C14 H16 O8,14,16,8,0,0,0,0,0,0.0,lignin,0.9576165006830498
1696,1696,311.0563841,311.0561903,311.0561116,0.705882353,0.352941176,C17 H12 O6,17,12,6,0,0,0,0,0,0.0,tannin,0.933099258888056
1697,1697,311.0410091,311.0408153,311.0408554,0.923076923,0.692307692,C13 H12 O9,13,12,9,0,0,0,0,0,0.0,tannin,0.9300367465373658
1698,1698,310.1777529,310.1775602,310.1774735,2.307692308,0.384615385,C13 H30 O5 S1 13C1,14,30,5,1,0,1,0,0,0.0,lipid,0.6320046016773884
1699,1699,310.1378277,310.137635,310.1377167,1.466666667,0.4,C15 H22 O6 13C1,16,22,6,0,0,1,0,0,0.0,lignin,0.9626545951577234
1700,1700,310.1014436,310.1012509,310.1013312,1.285714286,0.5,C14 H18 O7 13C1,15,18,7,0,0,1,0,0,0.0,lignin,0.9574678945546495
1701,1701,310.0932958,310.0931031,310.0932254,1.214285714,0.5,C14 H17 O7 N1,14,17,7,0,1,0,0,0,0.071428571,lipid,0.9992291673714082
1702,1702,310.0652324,310.0650398,310.0649457,1.076923077,0.615384615,C13 H14 O8 13C1,14,14,8,0,0,1,0,0,0.0,lignin,0.9943516413066862
1703,1703,310.0570767,310.0568841,310.0568398,1.0,0.615384615,C13 H13 O8 N1,13,13,8,0,1,0,0,0,0.076923077,lipid,0.7716512955801436
1704,1704,309.1742722,309.1740806,309.1741187,2.142857143,0.357142857,C14 H30 O5 S1,14,30,5,1,0,0,0,0,0.0,lipid,0.9184670353770847
1705,1705,309.1708613,309.1706697,309.1707474,1.529411765,0.294117647,C17 H26 O5,17,26,5,0,0,0,0,0,0.0,lipid,0.9311265767159558
1706,1706,309.1531262,309.1529346,309.1529893,1.529411765,0.176470588,C17 H26 O3 S1,17,26,3,1,0,0,0,0,0.0,lipid,0.931390653708085
1707,1707,309.1346353,309.1344438,309.1343619,1.375,0.375,C16 H22 O6,16,22,6,0,0,0,0,0,0.0,lignin,0.9704353488633652
1708,1708,309.0981372,309.0979458,309.0979764,1.2,0.466666667,C15 H18 O7,15,18,7,0,0,0,0,0,0.0,lignin,0.9575877293336748
1709,1709,309.0617012,309.0615097,309.0615909,1.0,0.571428571,C14 H14 O8,14,14,8,0,0,0,0,0,0.0,lignin,0.9700946724606828
1710,1710,309.0254822,309.0252908,309.0252054,0.769230769,0.692307692,C13 H10 O9,13,10,9,0,0,0,0,0,0.0,tannin,0.9308569540432113
1711,1711,308.122264,308.1220737,308.1220667,1.333333333,0.4,C15 H20 O6 13C1,16,20,6,0,0,1,0,0,0.0,lignin,0.9705077252731769
1712,1712,308.085779,308.0855887,308.0856812,1.142857143,0.5,C14 H16 O7 13C1,15,16,7,0,0,1,0,0,0.0,lignin,0.9576497114833339
1713,1713,308.0776677,308.0774775,308.0775753,1.071428571,0.5,C14 H15 O7 N1,14,15,7,0,1,0,0,0,0.071428571,lipid,0.9995117371433464
1714,1714,307.1553044,307.1551153,307.1550973,1.411764706,0.294117647,C17 H24 O5,17,24,5,0,0,0,0,0,0.0,lignin,0.9703858037799009
1715,1715,307.1187788,307.1185897,307.1187118,1.25,0.375,C16 H20 O6,16,20,6,0,0,0,0,0,0.0,lignin,0.9706880040947705
1716,1716,307.0825544,307.0823654,307.0823263,1.066666667,0.466666667,C15 H16 O7,15,16,7,0,0,0,0,0,0.0,lignin,0.9914254669176648
1717,1717,307.0461884,307.0459994,307.0459408,0.857142857,0.571428571,C14 H12 O8,14,12,8,0,0,0,0,0,0.0,tannin,0.9314612364176703
1718,1718,307.0096412,307.0094522,307.0095553,0.615384615,0.692307692,C13 H8 O9,13,8,9,0,0,0,0,0,0.0,tannin,0.9324099361276691
1719,1719,306.1064972,306.1063092,306.1064166,1.2,0.4,C15 H18 O6 13C1,16,18,6,0,0,1,0,0,0.0,lignin,0.970801070670565
1720,1720,306.0620118,306.0618239,306.0619252,0.928571429,0.5,C14 H13 O7 N1,14,13,7,0,1,0,0,0,0.071428571,lipid,0.9705198340748307
1721,1721,305.1397164,305.1395296,305.1394473,1.294117647,0.294117647,C17 H22 O5,17,22,5,0,0,0,0,0,0.0,lignin,0.9706000186976953
1722,1722,305.103194,305.1030073,305.1030618,1.125,0.375,C16 H18 O6,16,18,6,0,0,0,0,0,0.0,lignin,0.9718627581320355
1723,1723,305.0667872,305.0666005,305.0666763,0.933333333,0.466666667,C15 H14 O7,15,14,7,0,0,0,0,0,0.0,tannin,0.9311485188862914
1724,1724,305.0515202,305.0513336,305.0514201,1.272727273,0.909090909,C11 H14 O10,11,14,10,0,0,0,0,0,0.0,lignin,0.6543563051993745
1725,1725,305.0305583,305.0303717,305.0302907,0.714285714,0.571428571,C14 H10 O8,14,10,8,0,0,0,0,0,0.0,tannin,0.9322794562672689
1726,1726,303.2331556,303.2329711,303.2329537,1.6,0.1,C20 H32 O2,20,32,2,0,0,0,0,0,0.0,lipid,0.9314271206272299
1727,1727,303.160365,303.1601806,303.1601827,1.333333333,0.222222222,C18 H24 O4,18,24,4,0,0,0,0,0,0.0,lignin,0.9714010558579809
1728,1728,303.1240329,303.1238485,303.1237972,1.176470588,0.294117647,C17 H20 O5,17,20,5,0,0,0,0,0,0.0,lignin,0.9717450632858693
1729,1729,303.1087481,303.1085637,303.1085411,1.538461538,0.615384615,C13 H20 O8,13,20,8,0,0,0,0,0,0.0,lignin,0.8015362092987461
1730,1730,303.0875053,303.0873209,303.0874117,1.0,0.375,C16 H16 O6,16,16,6,0,0,0,0,0,0.0,lignin,0.9726936814152813
1731,1731,303.072418,303.0722337,303.0721556,1.333333333,0.75,C12 H16 O9,12,16,9,0,0,0,0,0,0.0,lignin,0.6564264230950616
1732,1732,303.0511507,303.0509664,303.0510262,0.8,0.466666667,C15 H12 O7,15,12,7,0,0,0,0,0,0.0,tannin,0.9321298710473431
1733,1733,303.0358757,303.0356915,303.0357701,1.090909091,0.909090909,C11 H12 O10,11,12,10,0,0,0,0,0,0.0,lignin,0.7993344791094875
1734,1734,303.0149013,303.014717,303.0146407,0.571428571,0.571428571,C14 H8 O8,14,8,8,0,0,0,0,0,0.0,tannin,0.933086312995998
1735,1735,302.0965111,302.0963279,302.0962458,1.5,0.666666667,C12 H18 O8 13C1,13,18,8,0,0,1,0,0,0.0,lignin,0.7804056038788961
1736,1736,301.1657435,301.1655615,301.165662,1.733333333,0.4,C15 H26 O6,15,26,6,0,0,0,0,0,0.0,lipid,0.9343528469856224
1737,1737,301.1447849,301.1446029,301.1445327,1.222222222,0.222222222,C18 H22 O4,18,22,4,0,0,0,0,0,0.0,lignin,0.9716489179182164
1738,1738,301.1294541,301.1292721,301.1292765,1.571428571,0.5,C14 H22 O7,14,22,7,0,0,0,0,0,0.0,lignin,0.9495471406298966
1739,1739,301.1082797,301.1080977,301.1081471,1.058823529,0.294117647,C17 H18 O5,17,18,5,0,0,0,0,0,0.0,lignin,0.9717706624969724
1740,1740,301.0931406,301.0929586,301.092891,1.384615385,0.615384615,C13 H18 O8,13,18,8,0,0,0,0,0,0.0,lignin,0.9497058174778804
1741,1741,301.0718737,301.0716917,301.0717616,0.875,0.375,C16 H14 O6,16,14,6,0,0,0,0,0,0.0,tannin,0.9318662996555291
1742,1742,301.0566233,301.0564413,301.0565055,1.166666667,0.75,C12 H14 O9,12,14,9,0,0,0,0,0,0.0,lignin,0.9575059795292173
1743,1743,301.0356304,301.0354485,301.0353761,0.666666667,0.466666667,C15 H10 O7,15,10,7,0,0,0,0,0,0.0,tannin,0.9329429142929854
1744,1744,301.0202047,301.0200228,301.02012,0.909090909,0.909090909,C11 H10 O10,11,10,10,0,0,0,0,0,0.0,tannin,0.8364202943561587
1745,1745,300.1170652,300.1168844,300.1169813,1.538461538,0.538461538,C13 H20 O7 13C1,14,20,7,0,0,1,0,0,0.0,lignin,0.9495672280469346
1746,1746,300.0808093,300.0806286,300.0805958,1.333333333,0.666666667,C12 H16 O8 13C1,13,16,8,0,0,1,0,0,0.0,lignin,0.9497479395915484
1747,1747,300.0725962,300.0724154,300.0724899,1.25,0.666666667,C12 H15 O8 N1,12,15,8,0,1,0,0,0,0.083333333,lipid,0.9871293540691249
1748,1748,299.1599228,299.1597431,299.159699,1.857142857,0.214285714,C14 H26 O3 S1 13C2,16,26,3,1,0,2,0,0,0.0,lipid,0.934420557144245
1749,1749,299.1502669,299.1500872,299.150012,1.6,0.4,C15 H24 O6,15,24,6,0,0,0,0,0,0.0,lipid,0.9242317574577678
1750,1750,299.1490388,299.1488591,299.1487852,1.625,0.1875,C16 H26 O3 34S1,16,26,3,0,0,0,1,0,0.0,lipid,0.9246037319948813
1751,1751,299.113787,299.1136073,299.1136264,1.428571429,0.5,C14 H20 O7,14,20,7,0,0,0,0,0,0.0,lignin,0.949696556586742
1752,1752,299.0927252,299.0925456,299.0924971,0.941176471,0.294117647,C17 H16 O5,17,16,5,0,0,0,0,0,0.0,lignin,0.7850226159932523
1753,1753,299.077332,299.0771524,299.0772409,1.230769231,0.615384615,C13 H16 O8,13,16,8,0,0,0,0,0,0.0,lignin,0.9574853896353828
1754,1754,299.0563661,299.0561865,299.0561116,0.75,0.375,C16 H12 O6,16,12,6,0,0,0,0,0,0.0,tannin,0.9326543788698938
1755,1755,299.041059,299.0408795,299.0408554,1.0,0.75,C12 H12 O9,12,12,9,0,0,0,0,0,0.0,lignin,0.8106234459018216
1756,1756,299.0198376,299.0196581,299.0197261,0.533333333,0.466666667,C15 H8 O7,15,8,7,0,0,0,0,0,0.0,tannin,0.9338107731755224
1757,1757,298.1564866,298.1563081,298.1563442,1.733333333,0.2,C15 H26 O3 S1 13C1,16,26,3,1,0,1,0,0,0.0,lipid,0.9243699291198292
1758,1758,298.1378374,298.1376589,298.1377167,1.571428571,0.428571429,C14 H22 O6 13C1,15,22,6,0,0,1,0,0,0.0,lipid,0.924229964919677
1759,1759,298.1014265,298.1012481,298.1013312,1.384615385,0.538461538,C13 H18 O7 13C1,14,18,7,0,0,1,0,0,0.0,lignin,0.9497337271768043
1760,1760,298.093307,298.0931286,298.0932254,1.307692308,0.538461538,C13 H17 O7 N1,13,17,7,0,1,0,0,0,0.076923077,lipid,0.9992148284813703
1761,1761,298.0651729,298.0649945,298.0649457,1.166666667,0.666666667,C12 H14 O8 13C1,13,14,8,0,0,1,0,0,0.0,lignin,0.9575423976989393
1762,1762,298.0569673,298.0567889,298.0568398,1.083333333,0.666666667,C12 H13 O8 N1,12,13,8,0,1,0,0,0,0.083333333,lipid,0.9877901198226778
1763,1763,297.1708343,297.170657,297.1707474,1.625,0.3125,C16 H26 O5,16,26,5,0,0,0,0,0,0.0,lipid,0.9243474843266026
1764,1764,297.1532208,297.1530435,297.1529893,1.625,0.1875,C16 H26 O3 S1,16,26,3,1,0,0,0,0,0.0,lipid,0.9246037319948813
1765,1765,297.1344859,297.1343086,297.1343619,1.466666667,0.4,C15 H22 O6,15,22,6,0,0,0,0,0,0.0,lignin,0.9626545951577234
1766,1766,297.0982153,297.0980381,297.0979764,1.285714286,0.5,C14 H18 O7,14,18,7,0,0,0,0,0,0.0,lignin,0.9574678945546495
1767,1767,297.0769202,297.0767429,297.076847,0.823529412,0.294117647,C17 H14 O5,17,14,5,0,0,0,0,0,0.0,tannin,0.9324120968606134
1768,1768,297.0618068,297.0616296,297.0615909,1.076923077,0.615384615,C13 H14 O8,13,14,8,0,0,0,0,0,0.0,lignin,0.9943516413066862
1769,1769,297.0406191,297.0404419,297.0404615,0.625,0.375,C16 H10 O6,16,10,6,0,0,0,0,0,0.0,tannin,0.9335530350805152
1770,1770,297.025278,297.0251008,297.0252054,0.833333333,0.75,C12 H10 O9,12,10,9,0,0,0,0,0,0.0,tannin,0.9304055535823006
1771,1771,296.1221482,296.1219721,296.1220667,1.428571429,0.428571429,C14 H20 O6 13C1,15,20,6,0,0,1,0,0,0.0,lignin,0.9703325820491603
1772,1772,296.0859145,296.0857385,296.0856812,1.230769231,0.538461538,C13 H16 O7 13C1,14,16,7,0,0,1,0,0,0.0,lignin,0.9575176960295637
1773,1773,296.0777059,296.0775299,296.0775753,1.153846154,0.538461538,C13 H15 O7 N1,13,15,7,0,1,0,0,0,0.076923077,lipid,0.9989771378915693
1774,1774,295.1552682,295.1550932,295.1550973,1.5,0.3125,C16 H24 O5,16,24,5,0,0,0,0,0,0.0,lipid,0.9311433736792853
1775,1775,295.1375824,295.1374074,295.1373393,1.5,0.1875,C16 H24 O3 S1,16,24,3,1,0,0,0,0,0.0,lipid,0.9314258245088587
1776,1776,295.1187831,295.1186082,295.1187118,1.333333333,0.4,C15 H20 O6,15,20,6,0,0,0,0,0,0.0,lignin,0.9705077252731769
1777,1777,295.0824601,295.0822852,295.0823263,1.142857143,0.5,C14 H16 O7,14,16,7,0,0,0,0,0,0.0,lignin,0.9576497114833339
1778,1778,295.061358,295.0611832,295.061197,0.705882353,0.294117647,C17 H12 O5,17,12,5,0,0,0,0,0,0.0,tannin,0.9333436314022059
1779,1779,295.0461881,295.0460133,295.0459408,0.923076923,0.615384615,C13 H12 O8,13,12,8,0,0,0,0,0,0.0,tannin,0.9301656137571092
1780,1780,295.0097635,295.0095887,295.0095553,0.666666667,0.75,C12 H8 O9,12,8,9,0,0,0,0,0,0.0,tannin,0.9312236455883663
1781,1781,294.1826416,294.1824678,294.1825589,2.307692308,0.307692308,C13 H30 O4 S1 13C1,14,30,4,1,0,1,0,0,0.0,lipid,0.9185227920282386
1782,1782,294.106665,294.1064913,294.1064166,1.285714286,0.428571429,C14 H18 O6 13C1,15,18,6,0,0,1,0,0,0.0,lignin,0.9757642960559311
1783,1783,294.0984826,294.0983088,294.0983107,1.214285714,0.428571429,C14 H17 O6 N1,14,17,6,0,1,0,0,0,0.071428571,lipid,0.9994723255554139
1784,1784,294.0621682,294.0619945,294.0619252,1.0,0.538461538,C13 H13 O7 N1,13,13,7,0,1,0,0,0,0.076923077,lipid,0.8301335279042146
1785,1785,293.1794483,293.1792757,293.1792041,2.142857143,0.285714286,C14 H30 O4 S1,14,30,4,1,0,0,0,0,0.0,lipid,0.944182301302547
1786,1786,293.1760655,293.1758928,293.1758328,1.529411765,0.235294118,C17 H26 O4,17,26,4,0,0,0,0,0,0.0,lipid,0.9312565728561625
1787,1787,293.13964,293.1394674,293.1394473,1.375,0.3125,C16 H22 O5,16,22,5,0,0,0,0,0,0.0,lignin,0.9704472334835726
1788,1788,293.1031383,293.1029657,293.1030618,1.2,0.4,C15 H18 O6,15,18,6,0,0,0,0,0,0.0,lignin,0.970801070670565
1789,1789,293.0667824,293.0666099,293.0666763,1.0,0.5,C14 H14 O7,14,14,7,0,0,0,0,0,0.0,lignin,0.9705732925424428
1790,1790,293.0305151,293.0303426,293.0302907,0.769230769,0.615384615,C13 H10 O8,13,10,8,0,0,0,0,0,0.0,tannin,0.9318370274402958
1791,1791,292.090831,292.0906597,292.0907665,1.142857143,0.428571429,C14 H16 O6 13C1,15,16,6,0,0,1,0,0,0.0,lignin,0.9576820563069898
1792,1792,291.1604393,291.160269,291.1601827,1.411764706,0.235294118,C17 H24 O4,17,24,4,0,0,0,0,0,0.0,lipid,0.9315032865797864
1793,1793,291.1239653,291.1237951,291.1237972,1.25,0.3125,C16 H20 O5,16,20,5,0,0,0,0,0,0.0,lignin,0.9715563702328595
1794,1794,291.0874951,291.0873249,291.0874117,1.066666667,0.4,C15 H16 O6,15,16,6,0,0,0,0,0,0.0,lignin,0.9767375426473095
1795,1795,291.0511595,291.0509893,291.0510262,0.857142857,0.5,C14 H12 O7,14,12,7,0,0,0,0,0,0.0,tannin,0.9316457887802911
1796,1796,291.0148672,291.014697,291.0146407,0.615384615,0.615384615,C13 H8 O8,13,8,8,0,0,0,0,0,0.0,tannin,0.9326887463955421
1797,1797,289.1447026,289.1445347,289.1445327,1.294117647,0.235294118,C17 H22 O4,17,22,4,0,0,0,0,0,0.0,lignin,0.9714789975764976
1798,1798,289.1082349,289.108067,289.1081471,1.125,0.3125,C16 H18 O5,16,18,5,0,0,0,0,0,0.0,lignin,0.9718855463447007
1799,1799,289.0931267,289.0929588,289.092891,1.5,0.666666667,C12 H18 O8,12,18,8,0,0,0,0,0,0.0,lignin,0.7804056038788961
1800,1800,289.071852,289.0716842,289.0717616,0.933333333,0.4,C15 H14 O6,15,14,6,0,0,0,0,0,0.0,tannin,0.9312669292979171
1801,1801,289.0566712,289.0565033,289.0565055,1.272727273,0.818181818,C11 H14 O9,11,14,9,0,0,0,0,0,0.0,lignin,0.6564721790266982
1802,1802,289.0355693,289.0354015,289.0353761,0.714285714,0.5,C14 H10 O7,14,10,7,0,0,0,0,0,0.0,tannin,0.9325513011396851
1803,1803,287.1289548,287.1287892,287.1288826,1.176470588,0.235294118,C17 H20 O4,17,20,4,0,0,0,0,0,0.0,lignin,0.9717644588011201
1804,1804,287.1138607,287.1136952,287.1136264,1.538461538,0.538461538,C13 H20 O7,13,20,7,0,0,0,0,0,0.0,lignin,0.9495672280469346
1805,1805,287.0926018,287.0924362,287.0924971,1.0,0.3125,C16 H16 O5,16,16,5,0,0,0,0,0,0.0,lignin,0.9736713191628782
1806,1806,287.0773898,287.0772242,287.0772409,1.333333333,0.666666667,C12 H16 O8,12,16,8,0,0,0,0,0,0.0,lignin,0.9497479395915484
1807,1807,287.0563024,287.0561369,287.0561116,0.8,0.4,C15 H12 O6,15,12,6,0,0,0,0,0,0.0,tannin,0.9323828138924286
1808,1808,287.0409442,287.0407788,287.0408554,1.090909091,0.818181818,C11 H12 O9,11,12,9,0,0,0,0,0,0.0,lignin,0.8372772920354464
1809,1809,287.019958,287.0197926,287.0197261,0.571428571,0.5,C14 H8 O7,14,8,7,0,0,0,0,0,0.0,tannin,0.9333202714300202
1810,1810,286.1014968,286.1013324,286.1013312,1.5,0.583333333,C12 H18 O7 13C1,13,18,7,0,0,1,0,0,0.0,lignin,0.9495913871499468
1811,1811,285.1345664,285.1344031,285.1343619,1.571428571,0.428571429,C14 H22 O6,14,22,6,0,0,0,0,0,0.0,lipid,0.924229964919677
1812,1812,285.098102,285.0979388,285.0979764,1.384615385,0.538461538,C13 H18 O7,13,18,7,0,0,0,0,0,0.0,lignin,0.9497337271768043
1813,1813,285.0770486,285.0768855,285.076847,0.875,0.3125,C16 H14 O5,16,14,5,0,0,0,0,0,0.0,tannin,0.9321027279594238
1814,1814,285.0616726,285.0615094,285.0615909,1.166666667,0.666666667,C12 H14 O8,12,14,8,0,0,0,0,0,0.0,lignin,0.9575423976989393
1815,1815,285.0407009,285.0405378,285.0404615,0.666666667,0.4,C15 H10 O6,15,10,6,0,0,0,0,0,0.0,tannin,0.9331601524067447
1816,1816,285.0252977,285.0251346,285.0252054,0.909090909,0.818181818,C11 H10 O9,11,10,9,0,0,0,0,0,0.0,tannin,0.9299184151821802
1817,1817,284.1222024,284.1220403,284.1220667,1.538461538,0.461538462,C13 H20 O6 13C1,14,20,6,0,0,1,0,0,0.0,lignin,0.9729964941157423
1818,1818,284.0857666,284.0856046,284.0856812,1.333333333,0.583333333,C12 H16 O7 13C1,13,16,7,0,0,1,0,0,0.0,lignin,0.9573821204499525
1819,1819,283.1552128,283.1550519,283.1550973,1.6,0.333333333,C15 H24 O5,15,24,5,0,0,0,0,0,0.0,lipid,0.9243527543224033
1820,1820,283.1375626,283.1374016,283.1373393,1.6,0.2,C15 H24 O3 S1,15,24,3,1,0,0,0,0,0.0,lipid,0.9246273851933473
1821,1821,283.1187942,283.1186333,283.1187118,1.428571429,0.428571429,C14 H20 O6,14,20,6,0,0,0,0,0,0.0,lignin,0.9703325820491603
1822,1822,283.0823942,283.0822334,283.0823263,1.230769231,0.538461538,C13 H16 O7,13,16,7,0,0,0,0,0,0.0,lignin,0.9575176960295637
1823,1823,283.0614256,283.0612648,283.061197,0.75,0.3125,C16 H12 O5,16,12,5,0,0,0,0,0,0.0,tannin,0.9329467266046588
1824,1824,283.0460578,283.045897,283.0459408,1.0,0.666666667,C12 H12 O8,12,12,8,0,0,0,0,0,0.0,lignin,0.8106741126864948
1825,1825,283.0250048,283.024844,283.0248114,0.533333333,0.4,C15 H8 O6,15,8,6,0,0,0,0,0,0.0,tannin,0.9322504311996784
1826,1826,282.1430216,282.1428618,282.1428021,1.571428571,0.357142857,C14 H22 O5 13C1,15,22,5,0,0,1,0,0,0.0,lipid,0.9243590384453839
1827,1827,282.1066556,282.1064959,282.1064166,1.384615385,0.461538462,C13 H18 O6 13C1,14,18,6,0,0,1,0,0,0.0,lignin,0.9573732438586445
1828,1828,281.139529,281.1393704,281.1394473,1.466666667,0.333333333,C15 H22 O5,15,22,5,0,0,0,0,0,0.0,lignin,0.7898420339283254
1829,1829,281.1031709,281.1030123,281.1030618,1.285714286,0.428571429,C14 H18 O6,14,18,6,0,0,0,0,0,0.0,lignin,0.9757642960559311
1830,1830,281.0668498,281.0666913,281.0666763,1.076923077,0.538461538,C13 H14 O7,13,14,7,0,0,0,0,0,0.0,lignin,0.991380216447055
1831,1831,281.0457332,281.0455747,281.0455469,0.625,0.3125,C16 H10 O5,16,10,5,0,0,0,0,0,0.0,tannin,0.9319240649156452
1832,1832,281.0305053,281.0303468,281.0302907,0.833333333,0.666666667,C12 H10 O8,12,10,8,0,0,0,0,0,0.0,tannin,0.9305865544322544
1833,1833,280.1272366,280.1270792,280.127152,1.428571429,0.357142857,C14 H20 O5 13C1,15,20,5,0,0,1,0,0,0.0,lignin,0.9703465095182832
1834,1834,280.0909147,280.0907573,280.0907665,1.230769231,0.461538462,C13 H16 O6 13C1,14,16,6,0,0,1,0,0,0.0,lignin,0.9575504343732681
1835,1835,279.1602633,279.160107,279.1601827,1.5,0.25,C16 H24 O4,16,24,4,0,0,0,0,0,0.0,lipid,0.9312828973924818
1836,1836,279.1239149,279.1237586,279.1237972,1.333333333,0.333333333,C15 H20 O5,15,20,5,0,0,0,0,0,0.0,lignin,0.9705216293685014
1837,1837,279.087588,279.0874318,279.0874117,1.142857143,0.428571429,C14 H16 O6,14,16,6,0,0,0,0,0,0.0,lignin,0.9576820563069898
1838,1838,279.0512533,279.0510971,279.0510262,0.923076923,0.538461538,C13 H12 O7,13,12,7,0,0,0,0,0,0.0,tannin,0.9311033368342837
1839,1839,279.0148735,279.0147174,279.0146407,0.666666667,0.666666667,C12 H8 O8,12,8,8,0,0,0,0,0,0.0,tannin,0.9322209046038633
1840,1840,277.1446543,277.1445003,277.1445327,1.375,0.25,C16 H22 O4,16,22,4,0,0,0,0,0,0.0,lignin,0.9704491735750678
1841,1841,277.1083301,277.1081762,277.1081471,1.2,0.333333333,C15 H18 O5,15,18,5,0,0,0,0,0,0.0,lignin,0.9716710339966402
1842,1842,277.0719858,277.0718319,277.0717616,1.0,0.428571429,C14 H14 O6,14,14,6,0,0,0,0,0,0.0,lignin,0.9720695362902816
1843,1843,277.0355923,277.0354384,277.0353761,0.769230769,0.538461538,C13 H10 O7,13,10,7,0,0,0,0,0,0.0,tannin,0.9320738696116049
1844,1844,275.1289826,275.128831,275.1288826,1.25,0.25,C16 H20 O4,16,20,4,0,0,0,0,0,0.0,lignin,0.971573829013141
1845,1845,275.0926341,275.0924825,275.0924971,1.066666667,0.333333333,C15 H16 O5,15,16,5,0,0,0,0,0,0.0,lignin,0.9716849115608868
1846,1846,275.0773375,275.0771859,275.0772409,1.454545455,0.727272727,C11 H16 O8,11,16,8,0,0,0,0,0,0.0,lignin,0.6537662198216524
1847,1847,275.0562933,275.0561417,275.0561116,0.857142857,0.428571429,C14 H12 O6,14,12,6,0,0,0,0,0,0.0,tannin,0.9318589924892319
1848,1848,275.019908,275.0197565,275.0197261,0.615384615,0.538461538,C13 H8 O7,13,8,7,0,0,0,0,0,0.0,tannin,0.932948458922214
1849,1849,273.1345762,273.1344269,273.1343619,1.692307692,0.461538462,C13 H22 O6,13,22,6,0,0,0,0,0,0.0,lipid,0.9343332116500964
1850,1850,273.1133121,273.1131627,273.1132325,1.125,0.25,C16 H18 O4,16,18,4,0,0,0,0,0,0.0,lignin,0.9719087395762832
1851,1851,273.0981771,273.0980278,273.0979764,1.5,0.583333333,C12 H18 O7,12,18,7,0,0,0,0,0,0.0,lignin,0.9495913871499468
1852,1852,273.0769131,273.0767638,273.076847,0.933333333,0.333333333,C15 H14 O5,15,14,5,0,0,0,0,0,0.0,tannin,0.7716116046695073
1853,1853,273.0618003,273.061651,273.0615909,1.272727273,0.727272727,C11 H14 O8,11,14,8,0,0,0,0,0,0.0,lignin,0.8016040256980885
1854,1854,273.0405237,273.0403745,273.0404615,0.714285714,0.428571429,C14 H10 O6,14,10,6,0,0,0,0,0,0.0,tannin,0.9327955841343684
1855,1855,273.0340084,273.0338591,273.0339368,0.769230769,0.230769231,C13 H10 O3 S1 N2,13,10,3,1,2,0,0,0,0.153846154,peptide,0.6477807593337032
1856,1856,273.0254157,273.0252665,273.0252054,1.0,0.9,C10 H10 O9,10,10,9,0,0,0,0,0,0.0,lignin,0.5230077165397826
1857,1857,271.1188302,271.1186831,271.1187118,1.538461538,0.461538462,C13 H20 O6,13,20,6,0,0,0,0,0,0.0,lignin,0.9729964941157423
1858,1858,271.082452,271.082305,271.0823263,1.333333333,0.583333333,C12 H16 O7,12,16,7,0,0,0,0,0,0.0,lignin,0.9573821204499525
1859,1859,271.0613875,271.0612405,271.061197,0.8,0.333333333,C15 H12 O5,15,12,5,0,0,0,0,0,0.0,tannin,0.9324371017436244
1860,1860,271.0460886,271.0459416,271.0459408,1.090909091,0.727272727,C11 H12 O8,11,12,8,0,0,0,0,0,0.0,lignin,0.9919683481608323
1861,1861,271.0250121,271.0248652,271.0248114,0.571428571,0.428571429,C14 H8 O6,14,8,6,0,0,0,0,0,0.0,tannin,0.933736557360724
1862,1862,270.1066338,270.106488,270.1064166,1.5,0.5,C12 H18 O6 13C1,13,18,6,0,0,1,0,0,0.0,lignin,0.9496188185334683
1863,1863,269.139646,269.1395012,269.1394473,1.571428571,0.357142857,C14 H22 O5,14,22,5,0,0,0,0,0,0.0,lipid,0.9243590384453839
1864,1864,269.1032618,269.1031171,269.1030618,1.384615385,0.461538462,C13 H18 O6,13,18,6,0,0,0,0,0,0.0,lignin,0.9573732438586445
1865,1865,269.0668728,269.0667281,269.0666763,1.166666667,0.583333333,C12 H14 O7,12,14,7,0,0,0,0,0,0.0,lignin,0.9575793467031899
1866,1866,269.045614,269.0454693,269.0455469,0.666666667,0.333333333,C15 H10 O5,15,10,5,0,0,0,0,0,0.0,tannin,0.933435369153008
1867,1867,269.0305057,269.030361,269.0302907,0.909090909,0.727272727,C11 H10 O8,11,10,8,0,0,0,0,0,0.0,tannin,0.9300598089261267
1868,1868,268.127313,268.1271694,268.127152,1.538461538,0.384615385,C13 H20 O5 13C1,14,20,5,0,0,1,0,0,0.0,lipid,0.9243666513943515
1869,1869,268.0909166,268.090773,268.0907665,1.333333333,0.5,C12 H16 O6 13C1,13,16,6,0,0,1,0,0,0.0,lignin,0.957413973819588
1870,1870,267.1602899,267.1601474,267.1601827,1.6,0.266666667,C15 H24 O4,15,24,4,0,0,0,0,0,0.0,lipid,0.9244845670633157
1871,1871,267.1438933,267.1437508,267.1436998,2.166666667,0.333333333,C12 H26 O4 34S1,12,26,4,0,0,0,1,0,0.0,lipid,0.9182567614222339
1872,1872,267.1238937,267.1237512,267.1237972,1.428571429,0.357142857,C14 H20 O5,14,20,5,0,0,0,0,0,0.0,lignin,0.9703465095182832
1873,1873,267.0875353,267.0873929,267.0874117,1.230769231,0.461538462,C13 H16 O6,13,16,6,0,0,0,0,0,0.0,lignin,0.9575504343732681
1874,1874,267.0511736,267.0510312,267.0510262,1.0,0.583333333,C12 H12 O7,12,12,7,0,0,0,0,0,0.0,lignin,0.9700255684872735
1875,1875,267.0148123,267.01467,267.0146407,0.727272727,0.727272727,C11 H8 O8,11,8,8,0,0,0,0,0,0.0,tannin,0.9309773620359234
1876,1876,266.1513218,266.1511804,266.1512588,2.363636364,0.363636364,C11 H26 O4 S1 13C1,12,26,4,1,0,1,0,0,0.0,lipid,0.6320177467978787
1877,1877,265.1479801,265.1478399,265.147904,2.166666667,0.333333333,C12 H26 O4 S1,12,26,4,1,0,0,0,0,0.0,lipid,0.9182567614222339
1878,1878,265.144651,265.1445108,265.1445327,1.466666667,0.266666667,C15 H22 O4,15,22,4,0,0,0,0,0,0.0,lipid,0.9313132133030555
1879,1879,265.1083306,265.1081905,265.1081471,1.285714286,0.357142857,C14 H18 O5,14,18,5,0,0,0,0,0,0.0,lignin,0.970613591897035
1880,1880,265.0719393,265.0717991,265.0717616,1.076923077,0.461538462,C13 H14 O6,13,14,6,0,0,0,0,0,0.0,lignin,0.9914454403787503
1881,1881,265.0507082,265.0505682,265.0506323,0.625,0.25,C16 H10 O4,16,10,4,0,0,0,0,0,0.0,tannin,0.6531750771175886
1882,1882,265.0355832,265.0354431,265.0353761,0.833333333,0.583333333,C12 H10 O7,12,10,7,0,0,0,0,0,0.0,tannin,0.9315711372741659
1883,1883,264.1242282,264.1240892,264.1241316,1.357142857,0.285714286,C14 H19 O4 N1,14,19,4,0,1,0,0,0,0.071428571,lipid,0.9603137714694974
1884,1884,263.1290665,263.1289286,263.1288826,1.333333333,0.266666667,C15 H20 O4,15,20,4,0,0,0,0,0,0.0,lignin,0.9705256468897279
1885,1885,263.0926142,263.0924764,263.0924971,1.142857143,0.357142857,C14 H16 O5,14,16,5,0,0,0,0,0,0.0,lignin,0.9718171250054594
1886,1886,263.0562063,263.0560685,263.0561116,0.923076923,0.461538462,C13 H12 O6,13,12,6,0,0,0,0,0,0.0,tannin,0.9312481968136002
1887,1887,263.0197928,263.019655,263.0197261,0.666666667,0.583333333,C12 H8 O7,12,8,7,0,0,0,0,0,0.0,tannin,0.9325113186029339
1888,1888,261.1498162,261.1496805,261.149618,1.375,0.1875,C16 H22 O3,16,22,3,0,0,0,0,0,0.0,lipid,0.9324703354502301
1889,1889,261.113434,261.1132984,261.1132325,1.2,0.266666667,C15 H18 O4,15,18,4,0,0,0,0,0,0.0,lignin,0.971691717871981
1890,1890,261.0770349,261.0768993,261.076847,1.0,0.357142857,C14 H14 O5,14,14,5,0,0,0,0,0,0.0,lignin,0.97293576781572
1891,1891,261.0406056,261.04047,261.0404615,0.769230769,0.461538462,C13 H10 O6,13,10,6,0,0,0,0,0,0.0,tannin,0.932351566948993
1892,1892,261.0041678,261.0040323,261.004076,0.5,0.583333333,C12 H6 O7,12,6,7,0,0,0,0,0,0.0,tannin,0.9334101134539468
1893,1893,259.1187827,259.1186494,259.1187118,1.666666667,0.5,C12 H20 O6,12,20,6,0,0,0,0,0,0.0,carbohydrate,0.526174368711718
1894,1894,259.0977144,259.0975811,259.0975825,1.066666667,0.266666667,C15 H16 O4,15,16,4,0,0,0,0,0,0.0,lignin,0.9721311223794309
1895,1895,259.0824554,259.0823221,259.0823263,1.454545455,0.636363636,C11 H16 O7,11,16,7,0,0,0,0,0,0.0,lignin,0.801558421198701
1896,1896,259.0612844,259.0611512,259.061197,0.857142857,0.357142857,C14 H12 O5,14,12,5,0,0,0,0,0,0.0,tannin,0.9321071230643568
1897,1897,259.0461191,259.0459858,259.0459408,1.2,0.8,C10 H12 O8,10,12,8,0,0,0,0,0,0.0,lignin,0.8047673650025718
1898,1898,259.0248853,259.0247521,259.0248114,0.615384615,0.461538462,C13 H8 O6,13,8,6,0,0,0,0,0,0.0,tannin,0.9332055183206733
1899,1899,257.1031816,257.1030506,257.1030618,1.5,0.5,C12 H18 O6,12,18,6,0,0,0,0,0,0.0,lignin,0.9496188185334683
1900,1900,257.0821194,257.0819884,257.0819324,0.933333333,0.266666667,C15 H14 O4,15,14,4,0,0,0,0,0,0.0,tannin,0.7712722527248413
1901,1901,257.0667398,257.0666088,257.0666763,1.272727273,0.636363636,C11 H14 O7,11,14,7,0,0,0,0,0,0.0,lignin,0.9574281148535742
1902,1902,257.0457127,257.0455817,257.0455469,0.714285714,0.357142857,C14 H10 O5,14,10,5,0,0,0,0,0,0.0,tannin,0.9330101927488338
1903,1903,257.0303692,257.0302382,257.0302907,1.0,0.8,C10 H10 O8,10,10,8,0,0,0,0,0,0.0,lignin,0.8704846365370912
1904,1904,256.2364835,256.2363534,256.2363086,2.133333333,0.133333333,C15 H32 O2 13C1,16,32,2,0,0,1,0,0,0.0,lipid,0.9442115339479228
1905,1905,255.2331036,255.2329746,255.2329537,2.0,0.125,C16 H32 O2,16,32,2,0,0,0,0,0,0.0,lipid,0.9618632778430962
1906,1906,255.1239028,255.123774,255.1237972,1.538461538,0.384615385,C13 H20 O5,13,20,5,0,0,0,0,0,0.0,lipid,0.9243666513943515
1907,1907,255.0874679,255.0873391,255.0874117,1.333333333,0.5,C12 H16 O6,12,16,6,0,0,0,0,0,0.0,lignin,0.957413973819588
1908,1908,255.0664249,255.0662962,255.0662823,0.8,0.266666667,C15 H12 O4,15,12,4,0,0,0,0,0,0.0,tannin,0.9326756026647611
1909,1909,255.0511443,255.0510155,255.0510262,1.090909091,0.636363636,C11 H12 O7,11,12,7,0,0,0,0,0,0.0,lignin,0.9913273032103105
1910,1910,255.0299886,255.0298599,255.0298968,0.571428571,0.357142857,C14 H8 O5,14,8,5,0,0,0,0,0,0.0,tannin,0.9321604494936416
1911,1911,255.0148278,255.0146991,255.0146407,0.8,0.8,C10 H8 O8,10,8,8,0,0,0,0,0,0.0,tannin,0.930459830695969
1912,1912,253.1447077,253.1445811,253.1445327,1.571428571,0.285714286,C14 H22 O4,14,22,4,0,0,0,0,0,0.0,lipid,0.924500494872459
1913,1913,253.1083333,253.1082067,253.1081471,1.384615385,0.384615385,C13 H18 O5,13,18,5,0,0,0,0,0,0.0,lignin,0.9704160946722091
1914,1914,253.0831749,253.0830484,253.082995,1.272727273,0.454545455,C11 H14 O5 N2,11,14,5,0,2,0,0,0,0.181818182,lipid,0.8910095388391186
1915,1915,253.0718844,253.0717579,253.0717616,1.166666667,0.5,C12 H14 O6,12,14,6,0,0,0,0,0,0.0,lignin,0.9576170979132044
1916,1916,253.035441,253.0353145,253.0353761,0.909090909,0.636363636,C11 H10 O7,11,10,7,0,0,0,0,0,0.0,tannin,0.930217862050041
1917,1917,251.1290436,251.1289192,251.1288826,1.428571429,0.285714286,C14 H20 O4,14,20,4,0,0,0,0,0,0.0,lipid,0.9313484973746282
1918,1918,251.0925633,251.092439,251.0924971,1.230769231,0.384615385,C13 H16 O5,13,16,5,0,0,0,0,0,0.0,lignin,0.970730197913721
1919,1919,251.056215,251.0560908,251.0561116,1.0,0.5,C12 H12 O6,12,12,6,0,0,0,0,0,0.0,lignin,0.9705732925424428
1920,1920,251.0199116,251.0197874,251.0197261,0.727272727,0.636363636,C11 H8 O7,11,8,7,0,0,0,0,0,0.0,tannin,0.9319972369516469
1921,1921,250.1450273,250.1449041,250.144867,1.5,0.214285714,C14 H21 O3 N1,14,21,3,0,1,0,0,0,0.071428571,lipid,0.9993309781168855
1922,1922,249.1497838,249.1496617,249.149618,1.466666667,0.2,C15 H22 O3,15,22,3,0,0,0,0,0,0.0,lipid,0.9314692933921898
1923,1923,249.1133918,249.1132697,249.1132325,1.285714286,0.285714286,C14 H18 O4,14,18,4,0,0,0,0,0,0.0,lignin,0.9714840689505084
1924,1924,249.0769093,249.0767873,249.076847,1.076923077,0.384615385,C13 H14 O5,13,14,5,0,0,0,0,0,0.0,lignin,0.976773192186165
1925,1925,249.0405879,249.0404659,249.0404615,0.833333333,0.5,C12 H10 O6,12,10,6,0,0,0,0,0,0.0,tannin,0.9318024829177391
1926,1926,249.0042423,249.0041204,249.004076,0.545454545,0.636363636,C11 H6 O7,11,6,7,0,0,0,0,0,0.0,tannin,0.9330331513402674
1927,1927,247.0977658,247.097646,247.0975825,1.142857143,0.285714286,C14 H16 O4,14,16,4,0,0,0,0,0,0.0,lignin,0.9718422498297723
1928,1928,247.0613279,247.0612082,247.061197,0.923076923,0.384615385,C13 H12 O5,13,12,5,0,0,0,0,0,0.0,tannin,0.9313955995638553
1929,1929,247.0248632,247.0247435,247.0248114,0.666666667,0.5,C12 H8 O6,12,8,6,0,0,0,0,0,0.0,tannin,0.9327882430312938
1930,1930,245.0820119,245.0818943,245.0819324,1.0,0.285714286,C14 H14 O4,14,14,4,0,0,0,0,0,0.0,lignin,0.9742176139493445
1931,1931,245.0668608,245.0667433,245.0666763,1.4,0.7,C10 H14 O7,10,14,7,0,0,0,0,0,0.0,lignin,0.7823087208487387
1932,1932,245.0456711,245.0455537,245.0455469,0.769230769,0.384615385,C13 H10 O5,13,10,5,0,0,0,0,0,0.0,tannin,0.9325927688382155
1933,1933,243.1603322,243.1602168,243.1601827,1.846153846,0.307692308,C13 H24 O4,13,24,4,0,0,0,0,0,0.0,lipid,0.9618830890487351
1934,1934,243.1238521,243.1237368,243.1237972,1.666666667,0.416666667,C12 H20 O5,12,20,5,0,0,0,0,0,0.0,lipid,0.9240969929770616
1935,1935,243.0875861,243.0874708,243.0874117,1.454545455,0.545454545,C11 H16 O6,11,16,6,0,0,0,0,0,0.0,lignin,0.9496519171528724
1936,1936,243.0664142,243.0662989,243.0662823,0.857142857,0.285714286,C14 H12 O4,14,12,4,0,0,0,0,0,0.0,tannin,0.932136275080461
1937,1937,243.0511333,243.0510181,243.0510262,1.2,0.7,C10 H12 O7,10,12,7,0,0,0,0,0,0.0,lignin,0.9574867420254078
1938,1938,243.0300641,243.0299489,243.0298968,0.615384615,0.384615385,C13 H8 O5,13,8,5,0,0,0,0,0,0.0,tannin,0.9336545264287783
1939,1939,242.1762369,242.1761226,242.1761671,1.923076923,0.230769231,C13 H25 O3 N1,13,25,3,0,1,0,0,0,0.076923077,lipid,0.9690355376870411
1940,1940,241.1082581,241.108145,241.1081471,1.5,0.416666667,C12 H18 O5,12,18,5,0,0,0,0,0,0.0,lignin,0.9625977358184782
1941,1941,241.0719273,241.0718143,241.0717616,1.272727273,0.545454545,C11 H14 O6,11,14,6,0,0,0,0,0,0.0,lignin,0.9574646401547339
1942,1942,241.0508003,241.0506873,241.0506323,0.714285714,0.285714286,C14 H10 O4,14,10,4,0,0,0,0,0,0.0,tannin,0.9333229880953443
1943,1943,241.0354354,241.0353224,241.0353761,1.0,0.7,C10 H10 O7,10,10,7,0,0,0,0,0,0.0,lignin,0.8106524441573445
1944,1944,240.0708288,240.0707169,240.0706998,1.333333333,0.555555556,C9 H12 O5 N2 13C1,10,12,5,0,2,1,0,0,0.2,lipid,0.7599132674612525
1945,1945,239.1289417,239.1288308,239.1288826,1.538461538,0.307692308,C13 H20 O4,13,20,4,0,0,0,0,0,0.0,lipid,0.9245192802452191
1946,1946,239.0926587,239.0925479,239.0924971,1.333333333,0.416666667,C12 H16 O5,12,16,5,0,0,0,0,0,0.0,lignin,0.970503869589255
1947,1947,239.0675068,239.067396,239.067345,1.2,0.5,C10 H12 O5 N2,10,12,5,0,2,0,0,0,0.2,lipid,0.8899698700697382
1948,1948,239.0561972,239.0560863,239.0561116,1.090909091,0.545454545,C11 H12 O6,11,12,6,0,0,0,0,0,0.0,lignin,0.9913881432338062
1949,1949,239.0198629,239.0197521,239.0197261,0.8,0.7,C10 H8 O7,10,8,7,0,0,0,0,0,0.0,tannin,0.9306813689781099
1950,1950,237.1132976,237.1131889,237.1132325,1.384615385,0.307692308,C13 H18 O4,13,18,4,0,0,0,0,0,0.0,lignin,0.9704308023555163
1951,1951,237.0770112,237.0769025,237.076847,1.166666667,0.416666667,C12 H14 O5,12,14,5,0,0,0,0,0,0.0,lignin,0.9759887143220094
1952,1952,237.0405232,237.0404146,237.0404615,0.909090909,0.545454545,C11 H10 O6,11,10,6,0,0,0,0,0,0.0,tannin,0.9311917813869062
1953,1953,235.1704603,235.1703538,235.1703535,1.6,0.133333333,C15 H24 O2,15,24,2,0,0,0,0,0,0.0,lipid,0.9313443608881252
1954,1954,235.0977173,235.0976109,235.0975825,1.230769231,0.307692308,C13 H16 O4,13,16,4,0,0,0,0,0,0.0,lignin,0.9716028511270942
1955,1955,235.0612982,235.0611918,235.061197,1.0,0.416666667,C12 H12 O5,12,12,5,0,0,0,0,0,0.0,lignin,0.9721947522850136
1956,1956,235.024952,235.0248456,235.0248114,0.727272727,0.545454545,C11 H8 O6,11,8,6,0,0,0,0,0,0.0,tannin,0.932297152340872
1957,1957,233.1548553,233.154751,233.1547034,1.466666667,0.133333333,C15 H22 O2,15,22,2,0,0,0,0,0,0.0,lipid,0.9323965628368149
1958,1958,233.1183842,233.11828,233.1183179,1.285714286,0.214285714,C14 H18 O3,14,18,3,0,0,0,0,0,0.0,lignin,0.9715026678083817
1959,1959,233.0820726,233.0819684,233.0819324,1.076923077,0.307692308,C13 H14 O4,13,14,4,0,0,0,0,0,0.0,lignin,0.9720770562835037
1960,1960,233.0456662,233.0455621,233.0455469,0.833333333,0.416666667,C12 H10 O5,12,10,5,0,0,0,0,0,0.0,tannin,0.9320756355581248
1961,1961,233.0092492,233.0091451,233.0091614,0.545454545,0.545454545,C11 H6 O6,11,6,6,0,0,0,0,0,0.0,tannin,0.9332702161339558
1962,1962,231.0664135,231.0663115,231.0662823,0.923076923,0.307692308,C13 H12 O4,13,12,4,0,0,0,0,0,0.0,tannin,0.7717840806143089
1963,1963,231.0299566,231.0298547,231.0298968,0.666666667,0.416666667,C12 H8 O5,12,8,5,0,0,0,0,0,0.0,tannin,0.9330700953959351
1964,1964,229.0718977,229.071798,229.0717616,1.4,0.6,C10 H14 O6,10,14,6,0,0,0,0,0,0.0,lignin,0.9496936266317301
1965,1965,229.050752,229.0506522,229.0506323,0.769230769,0.307692308,C13 H10 O4,13,10,4,0,0,0,0,0,0.0,tannin,0.9328123588734124
1966,1966,229.0354309,229.0353312,229.0353761,1.111111111,0.777777778,C9 H10 O7,9,10,7,0,0,0,0,0,0.0,lignin,0.9919486400052351
1967,1967,227.2017172,227.2016195,227.2016536,2.0,0.142857143,C14 H28 O2,14,28,2,0,0,0,0,0,0.0,lipid,0.961857280505107
1968,1968,227.0925495,227.0924519,227.0924971,1.454545455,0.454545455,C11 H16 O5,11,16,5,0,0,0,0,0,0.0,lignin,0.9783148508683354
1969,1969,227.0562436,227.056146,227.0561116,1.2,0.6,C10 H12 O6,10,12,6,0,0,0,0,0,0.0,lignin,0.9575294493889978
1970,1970,227.0351277,227.0350302,227.0349822,0.615384615,0.307692308,C13 H8 O4,13,8,4,0,0,0,0,0,0.0,tannin,0.9320185421216751
1971,1971,227.0198812,227.0197836,227.0197261,0.888888889,0.777777778,C9 H8 O7,9,8,7,0,0,0,0,0,0.0,tannin,0.930081623310943
1972,1972,226.0650051,226.0649086,226.0649457,2.333333333,1.333333333,C6 H14 O8 13C1,7,14,8,0,0,1,0,0,0.0,carbohydrate,0.949623270894732
1973,1973,225.1132952,225.1131998,225.1132325,1.5,0.333333333,C12 H18 O4,12,18,4,0,0,0,0,0,0.0,lipid,0.9310990500840459
1974,1974,225.0769589,225.0768635,225.076847,1.272727273,0.454545455,C11 H14 O5,11,14,5,0,0,0,0,0,0.0,lignin,0.9575017395997273
1975,1975,225.0617396,225.0616443,225.0615909,2.0,1.142857143,C7 H14 O8,7,14,8,0,0,0,0,0,0.0,carbohydrate,0.9664461497845858
1976,1976,225.0406092,225.0405139,225.0404615,1.0,0.6,C10 H10 O6,10,10,6,0,0,0,0,0,0.0,lignin,0.969933203607366
1977,1977,223.0977162,223.097623,223.0975825,1.333333333,0.333333333,C12 H16 O4,12,16,4,0,0,0,0,0,0.0,lignin,0.9705216293685014
1978,1978,223.0612692,223.0611761,223.061197,1.090909091,0.454545455,C11 H12 O5,11,12,5,0,0,0,0,0,0.0,lignin,0.9914850848112158
1979,1979,223.0248706,223.0247775,223.0248114,0.8,0.6,C10 H8 O6,10,8,6,0,0,0,0,0,0.0,tannin,0.9317136733554141
1980,1980,221.0820583,221.0819673,221.0819324,1.166666667,0.333333333,C12 H14 O4,12,14,4,0,0,0,0,0,0.0,lignin,0.9717587307241731
1981,1981,221.0456296,221.0455386,221.0455469,0.909090909,0.454545455,C11 H10 O5,11,10,5,0,0,0,0,0,0.0,tannin,0.9313812257409742
1982,1982,221.0092127,221.0091218,221.0091614,0.6,0.6,C10 H6 O6,10,6,6,0,0,0,0,0,0.0,tannin,0.9328444498329439
1983,1983,219.0663485,219.0662597,219.0662823,1.0,0.333333333,C12 H12 O4,12,12,4,0,0,0,0,0,0.0,lignin,0.9733046305467173
1984,1984,219.0299569,219.0298681,219.0298968,0.727272727,0.454545455,C11 H8 O5,11,8,5,0,0,0,0,0,0.0,tannin,0.9326581623637953
1985,1985,217.0507258,217.0506392,217.0506323,0.833333333,0.333333333,C12 H10 O4,12,10,4,0,0,0,0,0,0.0,tannin,0.9323318272347455
1986,1986,211.0977006,211.0976205,211.0975825,1.454545455,0.363636364,C11 H16 O4,11,16,4,0,0,0,0,0,0.0,lignin,0.970303346226894
1987,1987,211.0613077,211.0612276,211.061197,1.2,0.5,C10 H12 O5,10,12,5,0,0,0,0,0,0.0,lignin,0.957573051415614
1988,1988,211.0248798,211.0247997,211.0248114,0.888888889,0.666666667,C9 H8 O6,9,8,6,0,0,0,0,0,0.0,tannin,0.9302809709024314
1989,1989,209.0456015,209.0455235,209.0455469,1.0,0.5,C10 H10 O5,10,10,5,0,0,0,0,0,0.0,lignin,0.9705732925424428
1990,1990,207.0300203,207.0299445,207.0298968,0.8,0.5,C10 H8 O5,10,8,5,0,0,0,0,0,0.0,tannin,0.9320150541592673
1991,1991,199.1704405,199.1703731,199.1703535,2.0,0.166666667,C12 H24 O2,12,24,2,0,0,0,0,0,0.0,lipid,0.9618494649248366
1992,1992,191.0198051,191.0197464,191.0197261,1.333333333,1.166666667,C6 H8 O7,6,8,7,0,0,0,0,0,0.0,carbohydrate,0.983674047451831
