m/z,Calibrated m/z,Calculated m/z,H/C,O/C,Molecular Formula,C,H,O,S,N,13C,34S,18O
659.5470613,659.5466575,659.5467429,2,0.210526316,C38 H76 O8,38,76,8,,,,,
655.4618477,655.4614478,655.4612992,1.837837838,0.189189189,C37 H68 O7 S1,37,68,7,1,,,,
617.3580194,617.3576551,617.3576219,2.071428571,0.428571429,C28 H58 O12 S1,28,58,12,1,,,,
614.5452308,614.5448691,614.5446184,2.055555556,0.166666667,C36 H74 O6 13C1,36,74,6,,,1,,
613.541673,613.5413122,613.5412636,2,0.162162162,C37 H74 O6,37,74,6,,,,,
586.5136427,586.5133065,586.5133183,2.058823529,0.176470588,C34 H70 O6 13C1,34,70,6,,,1,,
585.5103733,585.510038,585.5099634,2,0.171428571,C35 H70 O6,35,70,6,,,,,
579.2449012,579.2445715,579.2447002,1.379310345,0.413793103,C29 H40 O12,29,40,12,,,,,
577.2658217,577.2654938,577.2654356,1.4,0.366666667,C30 H42 O11,30,42,11,,,,,
577.2292573,577.2289295,577.2290501,1.310344828,0.413793103,C29 H38 O12,29,38,12,,,,,
575.2502849,575.2499588,575.2497856,1.333333333,0.366666667,C30 H40 O11,30,40,11,,,,,
573.3317032,573.3313788,573.3314072,2.076923077,0.423076923,C26 H54 O11 S1,26,54,11,1,,,,
565.2658899,565.2655727,565.2654356,1.448275862,0.379310345,C29 H42 O11,29,42,11,,,,,
565.2294483,565.2291311,565.2290501,1.357142857,0.428571429,C28 H38 O12,28,38,12,,,,,
563.2866611,563.2863456,563.2861711,1.466666667,0.333333333,C30 H44 O10,30,44,10,,,,,
563.2501017,563.2497862,563.2497856,1.379310345,0.379310345,C29 H40 O11,29,40,11,,,,,
563.2136328,563.2133174,563.2134001,1.285714286,0.428571429,C28 H36 O12,28,36,12,,,,,
561.2708197,561.270506,561.270521,1.4,0.333333333,C30 H42 O10,30,42,10,,,,,
561.2344064,561.2340927,561.2341355,1.310344828,0.379310345,C29 H38 O11,29,38,11,,,,,
561.1980149,561.1977013,561.19775,1.214285714,0.428571429,C28 H34 O12,28,34,12,,,,,
559.2550594,559.2547475,559.254871,1.333333333,0.333333333,C30 H40 O10,30,40,10,,,,,
559.2186179,559.218306,559.2184854,1.24137931,0.379310345,C29 H36 O11,29,36,11,,,,,
557.3366398,557.3363296,557.3364926,2.076923077,0.384615385,C26 H54 O10 S1,26,54,10,1,,,,
553.2654866,553.2651799,553.2654356,1.5,0.392857143,C28 H42 O11,28,42,11,,,,,
553.2654866,553.2651799,553.2649226,0.829268293,0,C41 H34 N2,41,34,,,2,,,
553.2291879,553.2288813,553.2290501,1.407407407,0.444444444,C27 H38 O12,27,38,12,,,,,
551.2865991,551.2862942,551.2861711,1.517241379,0.344827586,C29 H44 O10,29,44,10,,,,,
551.2501807,551.2498758,551.2497856,1.428571429,0.392857143,C28 H40 O11,28,40,11,,,,,
551.213767,551.2134621,551.2134001,1.333333333,0.444444444,C27 H36 O12,27,36,12,,,,,
549.2706637,549.2703605,549.270521,1.448275862,0.344827586,C29 H42 O10,29,42,10,,,,,
549.2342355,549.2339324,549.2341355,1.357142857,0.392857143,C28 H38 O11,28,38,11,,,,,
549.1979678,549.1976647,549.19775,1.259259259,0.444444444,C27 H34 O12,27,34,12,,,,,
547.2917187,547.2914172,547.2912565,1.466666667,0.3,C30 H44 O9,30,44,9,,,,,
547.255256,547.2549545,547.254871,1.379310345,0.344827586,C29 H40 O10,29,40,10,,,,,
547.2188401,547.2185387,547.2184854,1.285714286,0.392857143,C28 H36 O11,28,36,11,,,,,
545.2757694,545.2754697,545.2756064,1.4,0.3,C30 H42 O9,30,42,9,,,,,
545.2395202,545.2392205,545.2392209,1.310344828,0.344827586,C29 H38 O10,29,38,10,,,,,
545.2033053,545.2030057,545.2028354,1.214285714,0.392857143,C28 H34 O11,28,34,11,,,,,
543.2601225,543.2598246,543.2599563,1.333333333,0.3,C30 H40 O9,30,40,9,,,,,
543.2237771,543.2234791,543.2235708,1.24137931,0.344827586,C29 H36 O10,29,36,10,,,,,
541.2445261,541.2442299,541.2443063,1.266666667,0.3,C30 H38 O9,30,38,9,,,,,
539.5048509,539.5045562,539.5044841,2,0.117647059,C34 H68 O4,34,68,4,,,,,
539.2136741,539.2133796,539.2134001,1.384615385,0.461538462,C26 H36 O12,26,36,12,,,,,
537.2708956,537.2706028,537.270521,1.5,0.357142857,C28 H42 O10,28,42,10,,,,,
537.2344567,537.2341639,537.2341355,1.407407407,0.407407407,C27 H38 O11,27,38,11,,,,,
537.1979057,537.1976131,537.19775,1.307692308,0.461538462,C26 H34 O12,26,34,12,,,,,
535.2917235,535.2914325,535.2912565,1.517241379,0.310344828,C29 H44 O9,29,44,9,,,,,
535.2552628,535.2549717,535.254871,1.428571429,0.357142857,C28 H40 O10,28,40,10,,,,,
535.2187397,535.2184488,535.2184854,1.333333333,0.407407407,C27 H36 O11,27,36,11,,,,,
535.1822115,535.1819206,535.1820999,1.230769231,0.461538462,C26 H32 O12,26,32,12,,,,,
533.2759003,533.2756109,533.2756064,1.448275862,0.310344828,C29 H42 O9,29,42,9,,,,,
533.2394348,533.2391455,533.2392209,1.357142857,0.357142857,C28 H38 O10,28,38,10,,,,,
533.2030277,533.2027385,533.2028354,1.259259259,0.407407407,C27 H34 O11,27,34,11,,,,,
531.2965287,531.2962411,531.2963418,1.466666667,0.266666667,C30 H44 O8,30,44,8,,,,,
531.2601205,531.2598329,531.2599563,1.379310345,0.310344828,C29 H40 O9,29,40,9,,,,,
531.223831,531.2235434,531.2235708,1.285714286,0.357142857,C28 H36 O10,28,36,10,,,,,
531.187585,531.1872975,531.1871853,1.185185185,0.407407407,C27 H32 O11,27,32,11,,,,,
530.3090473,530.3087606,530.3085473,2.173913043,0.434782609,C23 H50 O10 S1 13C1,23,50,10,1,,1,,
529.30535,529.3050641,529.3051924,2.083333333,0.416666667,C24 H50 O10 S1,24,50,10,1,,,,
529.2809643,529.2806784,529.2806918,1.4,0.266666667,C30 H42 O8,30,42,8,,,,,
529.244709,529.2444231,529.2443063,1.310344828,0.310344828,C29 H38 O9,29,38,9,,,,,
529.2084607,529.2081749,529.2079208,1.214285714,0.357142857,C28 H34 O10,28,34,10,,,,,
527.2290146,527.2287305,527.2286562,1.24137931,0.310344828,C29 H36 O9,29,36,9,,,,,
523.2551608,523.25488,523.254871,1.481481481,0.37037037,C27 H40 O10,27,40,10,,,,,
523.2187142,523.2184335,523.2184854,1.384615385,0.423076923,C26 H36 O11,26,36,11,,,,,
523.1823462,523.1820655,523.1820999,1.28,0.48,C25 H32 O12,25,32,12,,,,,
521.2759095,521.2756304,521.2756064,1.5,0.321428571,C28 H42 O9,28,42,9,,,,,
521.239628,521.239349,521.2392209,1.407407407,0.37037037,C27 H38 O10,27,38,10,,,,,
521.2032882,521.2030093,521.2028354,1.307692308,0.423076923,C26 H34 O11,26,34,11,,,,,
519.2965334,519.2962561,519.2963418,1.517241379,0.275862069,C29 H44 O8,29,44,8,,,,,
519.2600541,519.2597768,519.2599563,1.428571429,0.321428571,C28 H40 O9,28,40,9,,,,,
519.2237419,519.2234646,519.2235708,1.333333333,0.37037037,C27 H36 O10,27,36,10,,,,,
519.1875319,519.1872547,519.1871853,1.230769231,0.423076923,C26 H32 O11,26,32,11,,,,,
517.2810097,517.280734,517.2806918,1.448275862,0.275862069,C29 H42 O8,29,42,8,,,,,
517.2444662,517.2441906,517.2443063,1.357142857,0.321428571,C28 H38 O9,28,38,9,,,,,
517.2080068,517.2077312,517.2079208,1.259259259,0.37037037,C27 H34 O10,27,34,10,,,,,
517.1717808,517.1715053,517.1715353,1.153846154,0.423076923,C26 H30 O11,26,30,11,,,,,
515.2654404,515.2651665,515.2650417,1.379310345,0.275862069,C29 H40 O8,29,40,8,,,,,
515.2288998,515.2286259,515.2286562,1.285714286,0.321428571,C28 H36 O9,28,36,9,,,,,
515.1923985,515.1921246,515.1922707,1.185185185,0.37037037,C27 H32 O10,27,32,10,,,,,
513.3107422,513.31047,513.3102778,2.083333333,0.375,C24 H50 O9 S1,24,50,9,1,,,,
513.2497446,513.2494724,513.2493916,1.310344828,0.275862069,C29 H38 O8,29,38,8,,,,,
513.2132154,513.2129432,513.2130061,1.214285714,0.321428571,C28 H34 O9,28,34,9,,,,,
512.4768873,512.4766157,512.4765388,2.064516129,0.129032258,C31 H64 O4 13C1,31,64,4,,,1,,
511.4734904,511.4732196,511.473184,2,0.125,C32 H64 O4,32,64,4,,,,,
511.2185893,511.2183188,511.2184854,1.44,0.44,C25 H36 O11,25,36,11,,,,,
509.2393157,509.2390469,509.2392209,1.461538462,0.384615385,C26 H38 O10,26,38,10,,,,,
509.2030493,509.2027805,509.2028354,1.36,0.44,C25 H34 O11,25,34,11,,,,,
507.2602333,507.2599662,507.2599563,1.481481481,0.333333333,C27 H40 O9,27,40,9,,,,,
507.2239868,507.2237197,507.2235708,1.384615385,0.384615385,C26 H36 O10,26,36,10,,,,,
507.1875974,507.1873304,507.1871853,1.28,0.44,C25 H32 O11,25,32,11,,,,,
505.2811356,505.2808701,505.2806918,1.5,0.285714286,C28 H42 O8,28,42,8,,,,,
505.2446564,505.244391,505.2443063,1.407407407,0.333333333,C27 H38 O9,27,38,9,,,,,
505.2081059,505.2078405,505.2079208,1.307692308,0.384615385,C26 H34 O10,26,34,10,,,,,
505.1716328,505.1713674,505.1715353,1.2,0.44,C25 H30 O11,25,30,11,,,,,
503.2651715,503.2649077,503.2650417,1.428571429,0.285714286,C28 H40 O8,28,40,8,,,,,
503.22893,503.2286663,503.2286562,1.333333333,0.333333333,C27 H36 O9,27,36,9,,,,,
503.192664,503.1924003,503.1922707,1.230769231,0.384615385,C26 H32 O10,26,32,10,,,,,
501.4162289,501.4159667,501.4160631,2,0.206896552,C29 H58 O6,29,58,6,,,,,
501.2862117,501.2859496,501.2857772,1.448275862,0.24137931,C29 H42 O7,29,42,7,,,,,
501.2496472,501.2493851,501.2493916,1.357142857,0.285714286,C28 H38 O8,28,38,8,,,,,
501.2131427,501.2128806,501.2130061,1.259259259,0.333333333,C27 H34 O9,27,34,9,,,,,
501.1767927,501.1765307,501.1766206,1.153846154,0.384615385,C26 H30 O10,26,30,10,,,,,
499.2705276,499.2702671,499.2701271,1.379310345,0.24137931,C29 H40 O7,29,40,7,,,,,
499.2341686,499.2339082,499.2337416,1.285714286,0.285714286,C28 H36 O8,28,36,8,,,,,
499.1976679,499.1974075,499.1973561,1.185185185,0.333333333,C27 H32 O9,27,32,9,,,,,
497.2184079,497.2181491,497.2180915,1.214285714,0.285714286,C28 H34 O8,28,34,8,,,,,
497.2032228,497.2029641,497.2028354,1.416666667,0.458333333,C24 H34 O11,24,34,11,,,,,
497.1668314,497.1665728,497.1664499,1.304347826,0.52173913,C23 H30 O12,23,30,12,,,,,
495.2600668,495.2598098,495.2599563,1.538461538,0.346153846,C26 H40 O9,26,40,9,,,,,
495.2237868,495.2235297,495.2235708,1.44,0.4,C25 H36 O10,25,36,10,,,,,
495.1875752,495.1873182,495.1871853,1.333333333,0.458333333,C24 H32 O11,24,32,11,,,,,
495.151251,495.150994,495.1507998,1.217391304,0.52173913,C23 H28 O12,23,28,12,,,,,
493.2444805,493.2442251,493.2443063,1.461538462,0.346153846,C26 H38 O9,26,38,9,,,,,
493.2422992,493.2420438,493.2418043,1.266666667,0.133333333,C30 H38 O4 S1,30,38,4,1,,,,
493.2082453,493.2079899,493.2079208,1.36,0.4,C25 H34 O10,25,34,10,,,,,
493.1719248,493.1716694,493.1715353,1.25,0.458333333,C24 H30 O11,24,30,11,,,,,
493.1354634,493.1352081,493.1351497,1.130434783,0.52173913,C23 H26 O12,23,26,12,,,,,
493.0989696,493.0987143,493.0987642,1,0.590909091,C22 H22 O13,22,22,13,,,,,
492.232211,492.2319564,492.232011,1.44,0.36,C25 H36 O9 13C1,25,36,9,,,1,,
491.2652408,491.264987,491.2650417,1.481481481,0.296296296,C27 H40 O8,27,40,8,,,,,
491.2289924,491.2287386,491.2286562,1.384615385,0.346153846,C26 H36 O9,26,36,9,,,,,
491.1926543,491.1924006,491.1922707,1.28,0.4,C25 H32 O10,25,32,10,,,,,
491.1562362,491.1559826,491.1558852,1.166666667,0.458333333,C24 H28 O11,24,28,11,,,,,
491.1197853,491.1195316,491.1194997,1.043478261,0.52173913,C23 H24 O12,23,24,12,,,,,
491.0832765,491.0830229,491.0831142,0.909090909,0.590909091,C22 H20 O13,22,20,13,,,,,
490.2165298,490.2162769,490.216361,1.36,0.36,C25 H34 O9 13C1,25,34,9,,,1,,
489.2860202,489.285768,489.2857772,1.5,0.25,C28 H42 O7,28,42,7,,,,,
489.2497651,489.249513,489.2493916,1.407407407,0.296296296,C27 H38 O8,27,38,8,,,,,
489.2133831,489.2131311,489.2130061,1.307692308,0.346153846,C26 H34 O9,26,34,9,,,,,
489.1768595,489.1766075,489.1766206,1.2,0.4,C25 H30 O10,25,30,10,,,,,
489.140302,489.14005,489.1402351,1.083333333,0.458333333,C24 H26 O11,24,26,11,,,,,
489.1039937,489.1037417,489.1038496,0.956521739,0.52173913,C23 H22 O12,23,22,12,,,,,
487.4005663,487.4003157,487.400413,2,0.214285714,C28 H56 O6,28,56,6,,,,,
487.2704811,487.2702307,487.2701271,1.428571429,0.25,C28 H40 O7,28,40,7,,,,,
487.233886,487.2336355,487.2337416,1.333333333,0.296296296,C27 H36 O8,27,36,8,,,,,
487.1974959,487.1972455,487.1973561,1.230769231,0.346153846,C26 H32 O9,26,32,9,,,,,
487.1612458,487.1609954,487.1609706,1.12,0.4,C25 H28 O10,25,28,10,,,,,
486.2826397,486.28239,486.2823325,2.19047619,0.428571429,C21 H46 O9 S1 13C1,21,46,9,1,,1,,
485.2791307,485.2788819,485.2789777,2.090909091,0.409090909,C22 H46 O9 S1,22,46,9,1,,,,
485.2546559,485.2544071,485.254477,1.357142857,0.25,C28 H38 O7,28,38,7,,,,,
485.2183838,485.218135,485.2180915,1.259259259,0.296296296,C27 H34 O8,27,34,8,,,,,
485.18208,485.1818313,485.181706,1.153846154,0.346153846,C26 H30 O9,26,30,9,,,,,
485.0726403,485.0723916,485.0725495,0.782608696,0.52173913,C23 H18 O12,23,18,12,,,,,
483.223639,483.2233918,483.2235708,1.5,0.416666667,C24 H36 O10,24,36,10,,,,,
483.2026184,483.2023713,483.2024415,1.185185185,0.296296296,C27 H32 O8,27,32,8,,,,,
483.1873268,483.1870797,483.1871853,1.391304348,0.47826087,C23 H32 O11,23,32,11,,,,,
483.1511495,483.1509024,483.1507998,1.272727273,0.545454545,C22 H28 O12,22,28,12,,,,,
481.2446951,481.2444496,481.2443063,1.52,0.36,C25 H38 O9,25,38,9,,,,,
481.2082793,481.2080339,481.2079208,1.416666667,0.416666667,C24 H34 O10,24,34,10,,,,,
481.1717611,481.1715157,481.1715353,1.304347826,0.47826087,C23 H30 O11,23,30,11,,,,,
481.1636302,481.1633848,481.1631601,0.764705882,0.029411765,C34 H26 O1 S1,34,26,1,1,,,,
481.1352544,481.135009,481.1351497,1.181818182,0.545454545,C22 H26 O12,22,26,12,,,,,
481.0989916,481.0987463,481.0987642,1.047619048,0.619047619,C21 H22 O13,21,22,13,,,,,
479.2653324,479.2650886,479.2650417,1.538461538,0.307692308,C26 H40 O8,26,40,8,,,,,
479.2290369,479.2287931,479.2286562,1.44,0.36,C25 H36 O9,25,36,9,,,,,
479.1926356,479.1923918,479.1922707,1.333333333,0.416666667,C24 H32 O10,24,32,10,,,,,
479.156143,479.1558992,479.1558852,1.217391304,0.47826087,C23 H28 O11,23,28,11,,,,,
479.1196613,479.1194176,479.1194997,1.090909091,0.545454545,C22 H24 O12,22,24,12,,,,,
479.0832773,479.0830336,479.0831142,0.952380952,0.619047619,C21 H20 O13,21,20,13,,,,,
477.2496155,477.2493733,477.2493916,1.461538462,0.307692308,C26 H38 O8,26,38,8,,,,,
477.2133344,477.2130923,477.2130061,1.36,0.36,C25 H34 O9,25,34,9,,,,,
477.1769953,477.1767531,477.1766206,1.25,0.416666667,C24 H30 O10,24,30,10,,,,,
477.1404662,477.1402241,477.1402351,1.130434783,0.47826087,C23 H26 O11,23,26,11,,,,,
477.1039664,477.1037244,477.1038496,1,0.545454545,C22 H22 O12,22,22,12,,,,,
477.067614,477.0673719,477.0674641,0.857142857,0.619047619,C21 H18 O13,21,18,13,,,,,
476.2010893,476.200848,476.2007109,1.333333333,0.375,C24 H32 O9 13C1,24,32,9,,,1,,
475.270331,475.2700904,475.2701271,1.481481481,0.259259259,C27 H40 O7,27,40,7,,,,,
475.2340886,475.2338481,475.2337416,1.384615385,0.307692308,C26 H36 O8,26,36,8,,,,,
475.1977006,475.1974601,475.1973561,1.28,0.36,C25 H32 O9,25,32,9,,,,,
475.1612569,475.1610165,475.1609706,1.166666667,0.416666667,C24 H28 O10,24,28,10,,,,,
475.1248071,475.1245667,475.1245851,1.043478261,0.47826087,C23 H24 O11,23,24,11,,,,,
475.088331,475.0880906,475.0881995,0.909090909,0.545454545,C22 H20 O12,22,20,12,,,,,
473.3850546,473.3848156,473.3847629,2,0.222222222,C27 H54 O6,27,54,6,,,,,
473.2548502,473.2546112,473.254477,1.407407407,0.259259259,C27 H38 O7,27,38,7,,,,,
473.2184007,473.2181618,473.2180915,1.307692308,0.307692308,C26 H34 O8,26,34,8,,,,,
473.1818604,473.1816215,473.181706,1.2,0.36,C25 H30 O9,25,30,9,,,,,
473.1454055,473.1451666,473.1453205,1.083333333,0.416666667,C24 H26 O10,24,26,10,,,,,
473.1091696,473.1089308,473.108935,0.956521739,0.47826087,C23 H22 O11,23,22,11,,,,,
473.0729419,473.0727031,473.0725495,0.818181818,0.545454545,C22 H18 O12,22,18,12,,,,,
471.2389759,471.2387386,471.238827,1.333333333,0.259259259,C27 H36 O7,27,36,7,,,,,
471.2024993,471.2022621,471.2024415,1.230769231,0.307692308,C26 H32 O8,26,32,8,,,,,
471.187327,471.1870898,471.1871853,1.454545455,0.5,C22 H32 O11,22,32,11,,,,,
471.1792732,471.1790359,471.1788102,0.848484848,0.03030303,C33 H28 O1 S1,33,28,1,1,,,,
471.1663274,471.1660902,471.1660559,1.12,0.36,C25 H28 O9,25,28,9,,,,,
470.9929942,470.9927571,470.9928599,0.347826087,0.347826087,C23 H8 O8 S1 N2,23,8,8,1,2,,,
469.2841962,469.2839605,469.2840631,2.090909091,0.363636364,C22 H46 O8 S1,22,46,8,1,,,,
469.2082747,469.2080391,469.2079208,1.47826087,0.434782609,C23 H34 O10,23,34,10,,,,,
469.1718881,469.1716525,469.1715353,1.363636364,0.5,C22 H30 O11,22,30,11,,,,,
469.13532,469.1350844,469.1351497,1.238095238,0.571428571,C21 H26 O12,21,26,12,,,,,
469.098837,469.0986015,469.0987642,1.1,0.65,C20 H22 O13,20,22,13,,,,,
467.2288132,467.2285792,467.2286562,1.5,0.375,C24 H36 O9,24,36,9,,,,,
467.1924261,467.1921922,467.1922707,1.391304348,0.434782609,C23 H32 O10,23,32,10,,,,,
467.1561914,467.1559575,467.1558852,1.272727273,0.5,C22 H28 O11,22,28,11,,,,,
467.1199004,467.1196665,467.1194997,1.142857143,0.571428571,C21 H24 O12,21,24,12,,,,,
467.0834268,467.0831929,467.0831142,1,0.65,C20 H20 O13,20,20,13,,,,,
465.24973,465.2494976,465.2493916,1.52,0.32,C25 H38 O8,25,38,8,,,,,
465.2132226,465.2129903,465.2130061,1.416666667,0.375,C24 H34 O9,24,34,9,,,,,
465.1767478,465.1765155,465.1766206,1.304347826,0.434782609,C23 H30 O10,23,30,10,,,,,
465.1686707,465.1684383,465.1682455,0.764705882,0,C34 H26 S1,34,26,,1,,,,
465.1404164,465.1401841,465.1402351,1.181818182,0.5,C22 H26 O11,22,26,11,,,,,
465.1041128,465.1038806,465.1038496,1.047619048,0.571428571,C21 H22 O12,21,22,12,,,,,
464.200904,464.2006724,464.2007109,1.391304348,0.391304348,C23 H32 O9 13C1,23,32,9,,,1,,
463.2340969,463.2338662,463.2337416,1.44,0.32,C25 H36 O8,25,36,8,,,,,
463.1975876,463.1973569,463.1973561,1.333333333,0.375,C24 H32 O9,24,32,9,,,,,
463.1611118,463.1608811,463.1609706,1.217391304,0.434782609,C23 H28 O10,23,28,10,,,,,
463.1247511,463.1245205,463.1245851,1.090909091,0.5,C22 H24 O11,22,24,11,,,,,
463.0884823,463.0882517,463.0881995,0.952380952,0.571428571,C21 H20 O12,21,20,12,,,,,
461.254807,461.2545778,461.254477,1.461538462,0.269230769,C26 H38 O7,26,38,7,,,,,
461.218414,461.2181849,461.2180915,1.36,0.32,C25 H34 O8,25,34,8,,,,,
461.181896,461.1816669,461.181706,1.25,0.375,C24 H30 O9,24,30,9,,,,,
461.1455048,461.1452757,461.1453205,1.130434783,0.434782609,C23 H26 O10,23,26,10,,,,,
461.109133,461.1089039,461.108935,1,0.5,C22 H22 O11,22,22,11,,,,,
461.0728568,461.0726278,461.0725495,0.857142857,0.571428571,C21 H18 O12,21,18,12,,,,,
459.2391453,459.2389178,459.238827,1.384615385,0.269230769,C26 H36 O7,26,36,7,,,,,
459.2026007,459.2023732,459.2024415,1.28,0.32,C25 H32 O8,25,32,8,,,,,
459.1661894,459.165962,459.1660559,1.166666667,0.375,C24 H28 O9,24,28,9,,,,,
459.129916,459.1296886,459.1296704,1.043478261,0.434782609,C23 H24 O10,23,24,10,,,,,
459.0936344,459.0934069,459.0932849,0.909090909,0.5,C22 H20 O11,22,20,11,,,,,
459.0571942,459.0569669,459.0568994,0.761904762,0.571428571,C21 H16 O12,21,16,12,,,,,
457.2232975,457.2230716,457.2231769,1.307692308,0.269230769,C26 H34 O7,26,34,7,,,,,
457.1869891,457.1867632,457.1867914,1.2,0.32,C25 H30 O8,25,30,8,,,,,
457.1718204,457.1715945,457.1715353,1.428571429,0.523809524,C21 H30 O11,21,30,11,,,,,
457.1507271,457.1505013,457.1504059,1.083333333,0.375,C24 H26 O9,24,26,9,,,,,
457.1355019,457.1352761,457.1351497,1.3,0.6,C20 H26 O12,20,26,12,,,,,
457.1143289,457.1141031,457.1140204,0.956521739,0.434782609,C23 H22 O10,23,22,10,,,,,
457.0990209,457.0987951,457.0987642,1.157894737,0.684210526,C19 H22 O13,19,22,13,,,,,
457.077791,457.0775652,457.0776349,0.818181818,0.5,C22 H18 O11,22,18,11,,,,,
455.1925575,455.1923333,455.1922707,1.454545455,0.454545455,C22 H32 O10,22,32,10,,,,,
455.1713504,455.1711262,455.1711413,1.12,0.32,C25 H28 O8,25,28,8,,,,,
455.1560359,455.1558116,455.1558852,1.333333333,0.523809524,C21 H28 O11,21,28,11,,,,,
455.1196031,455.1193789,455.1194997,1.2,0.6,C20 H24 O12,20,24,12,,,,,
455.0985452,455.098321,455.0983703,0.869565217,0.434782609,C23 H20 O10,23,20,10,,,,,
455.0833435,455.0831194,455.0831142,1.052631579,0.684210526,C19 H20 O13,19,20,13,,,,,
455.062276,455.0620518,455.0619848,0.727272727,0.5,C22 H16 O11,22,16,11,,,,,
453.2131136,453.212891,453.2130061,1.47826087,0.391304348,C23 H34 O9,23,34,9,,,,,
453.1768974,453.1766748,453.1766206,1.363636364,0.454545455,C22 H30 O10,22,30,10,,,,,
453.1406027,453.14038,453.1402351,1.238095238,0.523809524,C21 H26 O11,21,26,11,,,,,
453.1040923,453.1038697,453.1038496,1.1,0.6,C20 H22 O12,20,22,12,,,,,
453.0828482,453.0826256,453.0827202,0.782608696,0.434782609,C23 H18 O10,23,18,10,,,,,
453.067527,453.0673045,453.0674641,0.947368421,0.684210526,C19 H18 O13,19,18,13,,,,,
452.200863,452.2006412,452.2007109,1.454545455,0.409090909,C22 H32 O9 13C1,22,32,9,,,1,,
452.1645919,452.16437,452.1643254,1.333333333,0.476190476,C21 H28 O10 13C1,21,28,10,,,1,,
451.233991,451.2337699,451.2337416,1.5,0.333333333,C24 H36 O8,24,36,8,,,,,
451.1974326,451.1972116,451.1973561,1.391304348,0.391304348,C23 H32 O9,23,32,9,,,,,
451.1611433,451.1609223,451.1609706,1.272727273,0.454545455,C22 H28 O10,22,28,10,,,,,
451.1306766,451.1304556,451.1304583,2,1.142857143,C14 H28 O16,14,28,16,,,,,
451.1249562,451.1247352,451.1245851,1.142857143,0.523809524,C21 H24 O11,21,24,11,,,,,
451.0885142,451.0882932,451.0881995,1,0.6,C20 H20 O12,20,20,12,,,,,
451.0519139,451.051693,451.051814,0.842105263,0.684210526,C19 H16 O13,19,16,13,,,,,
450.2216514,450.2214311,450.2214464,1.47826087,0.347826087,C23 H34 O8 13C1,23,34,8,,,1,,
450.1851574,450.1849372,450.1850608,1.363636364,0.409090909,C22 H30 O9 13C1,22,30,9,,,1,,
450.1770822,450.1768619,450.176955,1.318181818,0.409090909,C22 H29 O9 N1,22,29,9,,1,,,
449.2547968,449.2545773,449.254477,1.52,0.28,C25 H38 O7,25,38,7,,,,,
449.2182772,449.2180578,449.2180915,1.416666667,0.333333333,C24 H34 O8,24,34,8,,,,,
449.1818185,449.1815991,449.181706,1.304347826,0.391304348,C23 H30 O9,23,30,9,,,,,
449.1455569,449.1453375,449.1453205,1.181818182,0.454545455,C22 H26 O10,22,26,10,,,,,
449.1092728,449.1090534,449.108935,1.047619048,0.523809524,C21 H22 O11,21,22,11,,,,,
449.0728603,449.072641,449.0725495,0.9,0.6,C20 H18 O12,20,18,12,,,,,
448.2059161,448.2056974,448.2057963,1.391304348,0.347826087,C23 H32 O8 13C1,23,32,8,,,1,,
448.1694945,448.1692759,448.1694108,1.272727273,0.409090909,C22 H28 O9 13C1,22,28,9,,,1,,
447.239091,447.2388731,447.238827,1.44,0.28,C25 H36 O7,25,36,7,,,,,
447.2025958,447.202378,447.2024415,1.333333333,0.333333333,C24 H32 O8,24,32,8,,,,,
447.1661903,447.1659725,447.1660559,1.217391304,0.391304348,C23 H28 O9,23,28,9,,,,,
447.1299466,447.1297288,447.1296704,1.090909091,0.454545455,C22 H24 O10,22,24,10,,,,,
447.0936239,447.0934062,447.0932849,0.952380952,0.523809524,C21 H20 O11,21,20,11,,,,,
447.0571058,447.0568881,447.0568994,0.8,0.6,C20 H16 O12,20,16,12,,,,,
446.1902925,446.1900754,446.1901462,1.304347826,0.347826087,C23 H30 O8 13C1,23,30,8,,,1,,
445.3537391,445.3535227,445.3534628,2,0.24,C25 H50 O6,25,50,6,,,,,
445.2232476,445.2230313,445.2231769,1.36,0.28,C25 H34 O7,25,34,7,,,,,
445.1870461,445.1868298,445.1867914,1.25,0.333333333,C24 H30 O8,24,30,8,,,,,
445.1507711,445.1505549,445.1504059,1.130434783,0.391304348,C23 H26 O9,23,26,9,,,,,
445.1142763,445.1140601,445.1140204,1,0.454545455,C22 H22 O10,22,22,10,,,,,
445.0777303,445.0775141,445.0776349,0.857142857,0.523809524,C21 H18 O11,21,18,11,,,,,
443.2782252,443.2780105,443.2777959,1.290322581,0,C31 H40 S1,31,40,,1,,,,
443.2078539,443.2076393,443.2075268,1.28,0.28,C25 H32 O7,25,32,7,,,,,
443.1925776,443.192363,443.1922707,1.523809524,0.476190476,C21 H32 O10,21,32,10,,,,,
443.1713865,443.1711719,443.1711413,1.166666667,0.333333333,C24 H28 O8,24,28,8,,,,,
443.1560879,443.1558733,443.1558852,1.4,0.55,C20 H28 O11,20,28,11,,,,,
443.1348877,443.1346731,443.1347558,1.043478261,0.391304348,C23 H24 O9,23,24,9,,,,,
443.1195979,443.1193833,443.1194997,1.263157895,0.631578947,C19 H24 O12,19,24,12,,,,,
443.0986068,443.0983922,443.0983703,0.909090909,0.454545455,C22 H20 O10,22,20,10,,,,,
443.0833486,443.083134,443.0831142,1.111111111,0.722222222,C18 H20 O13,18,20,13,,,,,
443.0623226,443.0621081,443.0619848,0.761904762,0.523809524,C21 H16 O11,21,16,11,,,,,
442.2564537,442.2562398,442.2561178,2.210526316,0.421052632,C19 H42 O8 S1 13C1,19,42,8,1,,1,,
441.2529291,441.252716,441.252763,2.1,0.4,C20 H42 O8 S1,20,42,8,1,,,,
441.2131069,441.2128938,441.2130061,1.545454545,0.409090909,C22 H34 O9,22,34,9,,,,,
441.1920583,441.1918453,441.1918768,1.2,0.28,C25 H30 O7,25,30,7,,,,,
441.1769042,441.1766912,441.1766206,1.428571429,0.476190476,C21 H30 O10,21,30,10,,,,,
441.1405939,441.1403809,441.1402351,1.3,0.55,C20 H26 O11,20,26,11,,,,,
441.1040268,441.1038138,441.1038496,1.157894737,0.631578947,C19 H22 O12,19,22,12,,,,,
441.1017051,441.1014921,441.1013477,0.956521739,0.304347826,C23 H22 O7 S1,23,22,7,1,,,,
441.0828327,441.0826198,441.0827202,0.818181818,0.454545455,C22 H18 O10,22,18,10,,,,,
441.0675367,441.0673237,441.0674641,1,0.722222222,C18 H18 O13,18,18,13,,,,,
441.0464985,441.0462856,441.0463347,0.666666667,0.523809524,C21 H14 O11,21,14,11,,,,,
439.2340202,439.2338087,439.2337416,1.565217391,0.347826087,C23 H36 O8,23,36,8,,,,,
439.197508,439.1972965,439.1973561,1.454545455,0.409090909,C22 H32 O9,22,32,9,,,,,
439.1610763,439.1608648,439.1609706,1.333333333,0.476190476,C21 H28 O10,21,28,10,,,,,
439.1248694,439.124658,439.1245851,1.2,0.55,C20 H24 O11,20,24,11,,,,,
439.0885244,439.088313,439.0881995,1.052631579,0.631578947,C19 H20 O12,19,20,12,,,,,
439.0673559,439.0671445,439.0670702,0.727272727,0.454545455,C22 H16 O10,22,16,10,,,,,
439.0519768,439.0517654,439.051814,0.888888889,0.722222222,C18 H16 O13,18,16,13,,,,,
438.1853881,438.1851774,438.1850608,1.428571429,0.428571429,C21 H30 O9 13C1,21,30,9,,,1,,
437.2183382,437.2181283,437.2180915,1.47826087,0.347826087,C23 H34 O8,23,34,8,,,,,
437.1818162,437.1816063,437.181706,1.363636364,0.409090909,C22 H30 O9,22,30,9,,,,,
437.1455115,437.1453017,437.1453205,1.238095238,0.476190476,C21 H26 O10,21,26,10,,,,,
437.1092549,437.1090451,437.108935,1.1,0.55,C20 H22 O11,20,22,11,,,,,
437.072832,437.0726222,437.0725495,0.947368421,0.631578947,C19 H18 O12,19,18,12,,,,,
437.0363049,437.0360952,437.036164,0.777777778,0.722222222,C18 H14 O13,18,14,13,,,,,
436.2060683,436.2058592,436.2057963,1.454545455,0.363636364,C22 H32 O8 13C1,22,32,8,,,1,,
436.1697384,436.1695293,436.1694108,1.333333333,0.428571429,C21 H28 O9 13C1,21,28,9,,,1,,
435.2391345,435.2389262,435.238827,1.5,0.291666667,C24 H36 O7,24,36,7,,,,,
435.2025572,435.2023488,435.2024415,1.391304348,0.347826087,C23 H32 O8,23,32,8,,,,,
435.166158,435.1659497,435.1660559,1.272727273,0.409090909,C22 H28 O9,22,28,9,,,,,
435.1299915,435.1297832,435.1296704,1.142857143,0.476190476,C21 H24 O10,21,24,10,,,,,
435.0935924,435.0933842,435.0932849,1,0.55,C20 H20 O11,20,20,11,,,,,
435.056979,435.0567708,435.0568994,0.842105263,0.631578947,C19 H16 O12,19,16,12,,,,,
434.190466,434.1902584,434.1901462,1.363636364,0.363636364,C22 H30 O8 13C1,22,30,8,,,1,,
434.1645046,434.1642971,434.1642823,1.318181818,0.272727273,C22 H29 O6 S1 N1,22,29,6,1,1,,,
434.1539097,434.1537022,434.1537607,1.238095238,0.428571429,C21 H26 O9 13C1,21,26,9,,,1,,
433.2232756,433.2230689,433.2231769,1.416666667,0.291666667,C24 H34 O7,24,34,7,,,,,
433.1869779,433.1867711,433.1867914,1.304347826,0.347826087,C23 H30 O8,23,30,8,,,,,
433.1507266,433.1505199,433.1504059,1.181818182,0.409090909,C22 H26 O9,22,26,9,,,,,
433.1142475,433.1140408,433.1140204,1.047619048,0.476190476,C21 H22 O10,21,22,10,,,,,
433.1118054,433.1115987,433.1115184,0.88,0.2,C25 H22 O5 S1,25,22,5,1,,,,
433.0777212,433.0775146,433.0776349,0.9,0.55,C20 H18 O11,20,18,11,,,,,
433.0753266,433.0751199,433.0751329,0.75,0.25,C24 H18 O6 S1,24,18,6,1,,,,
433.0414342,433.0412276,433.0412494,0.736842105,0.631578947,C19 H14 O12,19,14,12,,,,,
432.1745793,432.1743734,432.1744962,1.272727273,0.363636364,C22 H28 O8 13C1,22,28,8,,,1,,
431.2442004,431.2439952,431.2439123,1.44,0.24,C25 H36 O6,25,36,6,,,,,
431.2078113,431.2076062,431.2075268,1.333333333,0.291666667,C24 H32 O7,24,32,7,,,,,
431.1843141,431.184109,431.1838955,0.903225806,0,C31 H28 S1,31,28,,1,,,,
431.1713032,431.1710981,431.1711413,1.217391304,0.347826087,C23 H28 O8,23,28,8,,,,,
431.1479191,431.147714,431.14751,0.8,0.033333333,C30 H24 O1 S1,30,24,1,1,,,,
431.1348679,431.1346628,431.1347558,1.090909091,0.409090909,C22 H24 O9,22,24,9,,,,,
431.0986132,431.0984081,431.0983703,0.952380952,0.476190476,C21 H20 O10,21,20,10,,,,,
431.0833969,431.0831918,431.0831142,1.176470588,0.764705882,C17 H20 O13,17,20,13,,,,,
431.0623032,431.0620981,431.0619848,0.8,0.55,C20 H16 O11,20,16,11,,,,,
431.0409171,431.040712,431.0408554,0.52173913,0.391304348,C23 H12 O9,23,12,9,,,,,
429.2283825,429.2281789,429.2282623,1.36,0.24,C25 H34 O6,25,34,6,,,,,
429.1921399,429.1919363,429.1918768,1.25,0.291666667,C24 H30 O7,24,30,7,,,,,
429.176972,429.1767684,429.1766206,1.5,0.5,C20 H30 O10,20,30,10,,,,,
429.1558048,429.1556013,429.1554913,1.130434783,0.347826087,C23 H26 O8,23,26,8,,,,,
429.1404635,429.1402599,429.1402351,1.368421053,0.578947368,C19 H26 O11,19,26,11,,,,,
429.1192637,429.1190602,429.1191058,1,0.409090909,C22 H22 O9,22,22,9,,,,,
429.1039392,429.1037357,429.1038496,1.222222222,0.666666667,C18 H22 O12,18,22,12,,,,,
429.0828838,429.0826803,429.0827202,0.857142857,0.476190476,C21 H18 O10,21,18,10,,,,,
429.0676335,429.06743,429.0674641,1.058823529,0.764705882,C17 H18 O13,17,18,13,,,,,
429.0466443,429.0464408,429.0463347,0.7,0.55,C20 H14 O11,20,14,11,,,,,
427.1975093,427.1973073,427.1973561,1.523809524,0.428571429,C21 H32 O9,21,32,9,,,,,
427.1764762,427.1762742,427.1762267,1.166666667,0.291666667,C24 H28 O7,24,28,7,,,,,
427.1612483,427.1610463,427.1609706,1.4,0.5,C20 H28 O10,20,28,10,,,,,
427.1401249,427.1399229,427.1398412,1.043478261,0.347826087,C23 H24 O8,23,24,8,,,,,
427.124836,427.1246341,427.1245851,1.263157895,0.578947368,C19 H24 O11,19,24,11,,,,,
427.1036702,427.1034683,427.1034557,0.909090909,0.409090909,C22 H20 O9,22,20,9,,,,,
427.0883286,427.0881267,427.0881995,1.111111111,0.666666667,C18 H20 O12,18,20,12,,,,,
427.0860064,427.0858045,427.0856976,0.909090909,0.318181818,C22 H20 O7 S1,22,20,7,1,,,,
427.0671771,427.0669752,427.0670702,0.761904762,0.476190476,C21 H16 O10,21,16,10,,,,,
427.0519448,427.0517429,427.051814,0.941176471,0.764705882,C17 H16 O13,17,16,13,,,,,
426.2613637,426.2611624,426.2612032,2.210526316,0.368421053,C19 H42 O7 S1 13C1,19,42,7,1,,1,,
426.2613637,426.2611624,426.2609594,1.761904762,0.285714286,C21 H37 O6 N3,21,37,6,,3,,,
425.258034,425.2578335,425.2578483,2.1,0.35,C20 H42 O7 S1,20,42,7,1,,,,
425.218221,425.2180205,425.2180915,1.545454545,0.363636364,C22 H34 O8,22,34,8,,,,,
425.1819512,425.1817508,425.181706,1.428571429,0.428571429,C21 H30 O9,21,30,9,,,,,
425.1456108,425.1454104,425.1453205,1.3,0.5,C20 H26 O10,20,26,10,,,,,
425.1091517,425.1089514,425.108935,1.157894737,0.578947368,C19 H22 O11,19,22,11,,,,,
425.0878963,425.0876959,425.0878056,0.818181818,0.409090909,C22 H18 O9,22,18,9,,,,,
425.072631,425.0724307,425.0725495,1,0.666666667,C18 H18 O12,18,18,12,,,,,
425.0515712,425.0513709,425.0514201,0.666666667,0.476190476,C21 H14 O10,21,14,10,,,,,
424.16972,424.1695203,424.1694108,1.4,0.45,C20 H28 O9 13C1,20,28,9,,,1,,
423.2026965,423.2024976,423.2024415,1.454545455,0.363636364,C22 H32 O8,22,32,8,,,,,
423.1663153,423.1661164,423.1660559,1.333333333,0.428571429,C21 H28 O9,21,28,9,,,,,
423.1297971,423.1295983,423.1296704,1.2,0.5,C20 H24 O10,20,24,10,,,,,
423.0934065,423.0932077,423.0932849,1.052631579,0.578947368,C19 H20 O11,19,20,11,,,,,
423.0572122,423.0570134,423.0568994,0.888888889,0.666666667,C18 H16 O12,18,16,12,,,,,
422.2301899,422.2299918,422.229903,2,0.368421053,C19 H38 O7 S1 13C1,19,38,7,1,,1,,
422.1904269,422.1902288,422.1901462,1.428571429,0.380952381,C21 H30 O8 13C1,21,30,8,,,1,,
422.1538644,422.1536663,422.1537607,1.3,0.45,C20 H26 O9 13C1,20,26,9,,,1,,
421.2268138,421.2266165,421.2265482,1.9,0.35,C20 H38 O7 S1,20,38,7,1,,,,
421.2234299,421.2232326,421.2231769,1.47826087,0.304347826,C23 H34 O7,23,34,7,,,,,
421.1868774,421.1866801,421.1867914,1.363636364,0.363636364,C22 H30 O8,22,30,8,,,,,
421.1505632,421.150366,421.1504059,1.238095238,0.428571429,C21 H26 O9,21,26,9,,,,,
421.1143362,421.1141389,421.1140204,1.1,0.5,C20 H22 O10,20,22,10,,,,,
421.0778483,421.0776511,421.0776349,0.947368421,0.578947368,C19 H18 O11,19,18,11,,,,,
421.0413146,421.0411174,421.0412494,0.777777778,0.666666667,C18 H14 O12,18,14,12,,,,,
421.0389196,421.0387224,421.0387474,0.636363636,0.318181818,C22 H14 O7 S1,22,14,7,1,,,,
420.2109265,420.2107299,420.2108817,1.454545455,0.318181818,C22 H32 O7 13C1,22,32,7,,,1,,
420.1747247,420.1745282,420.1744962,1.333333333,0.380952381,C21 H28 O8 13C1,21,28,8,,,1,,
419.301686,419.3014901,419.3014272,2,0.318181818,C22 H44 O7,22,44,7,,,,,
419.244051,419.2438552,419.2439123,1.5,0.25,C24 H36 O6,24,36,6,,,,,
419.2078491,419.2076534,419.2075268,1.391304348,0.304347826,C23 H32 O7,23,32,7,,,,,
419.1713623,419.1711666,419.1711413,1.272727273,0.363636364,C22 H28 O8,22,28,8,,,,,
419.1348359,419.1346402,419.1347558,1.142857143,0.428571429,C21 H24 O9,21,24,9,,,,,
419.1324459,419.1322502,419.1322539,0.96,0.16,C25 H24 O4 S1,25,24,4,1,,,,
419.0986187,419.0984231,419.0983703,1,0.5,C20 H20 O10,20,20,10,,,,,
419.0623042,419.0621085,419.0619848,0.842105263,0.578947368,C19 H16 O11,19,16,11,,,,,
418.1953049,418.1951099,418.1952316,1.363636364,0.318181818,C22 H30 O7 13C1,22,30,7,,,1,,
418.1590042,418.1588092,418.1588461,1.238095238,0.380952381,C21 H26 O8 13C1,21,26,8,,,1,,
417.2284077,417.2282135,417.2282623,1.416666667,0.25,C24 H34 O6,24,34,6,,,,,
417.1921455,417.1919513,417.1918768,1.304347826,0.304347826,C23 H30 O7,23,30,7,,,,,
417.1557159,417.1555217,417.1554913,1.181818182,0.363636364,C22 H26 O8,22,26,8,,,,,
417.1191982,417.1190041,417.1191058,1.047619048,0.428571429,C21 H22 O9,21,22,9,,,,,
417.1039682,417.1037741,417.1038496,1.294117647,0.705882353,C17 H22 O12,17,22,12,,,,,
417.0829036,417.0827095,417.0827202,0.9,0.5,C20 H18 O10,20,18,10,,,,,
417.0677299,417.0675358,417.0674641,1.125,0.8125,C16 H18 O13,16,18,13,,,,,
417.0466262,417.0464321,417.0463347,0.736842105,0.578947368,C19 H14 O11,19,14,11,,,,,
417.0252521,417.025058,417.0252054,0.454545455,0.409090909,C22 H10 O9,22,10,9,,,,,
415.2187162,415.2185236,415.2184854,2.117647059,0.647058824,C17 H36 O11,17,36,11,,,,,
415.2128648,415.2126721,415.2126122,1.333333333,0.25,C24 H32 O6,24,32,6,,,,,
415.1765144,415.1763218,415.1762267,1.217391304,0.304347826,C23 H28 O7,23,28,7,,,,,
415.1611798,415.1609872,415.1609706,1.473684211,0.526315789,C19 H28 O10,19,28,10,,,,,
415.1399488,415.1397562,415.1398412,1.090909091,0.363636364,C22 H24 O8,22,24,8,,,,,
415.124658,415.1244655,415.1245851,1.333333333,0.611111111,C18 H24 O11,18,24,11,,,,,
415.1036169,415.1034243,415.1034557,0.952380952,0.428571429,C21 H20 O9,21,20,9,,,,,
415.0884541,415.0882615,415.0881995,1.176470588,0.705882353,C17 H20 O12,17,20,12,,,,,
415.0674108,415.0672182,415.0670702,0.8,0.5,C20 H16 O10,20,16,10,,,,,
415.0520954,415.0519028,415.051814,1,0.8125,C16 H16 O13,16,16,13,,,,,
415.0285006,415.028308,415.0281827,0.52173913,0.260869565,C23 H12 O6 S1,23,12,6,1,,,,
414.2133927,414.2132008,414.2133405,1.65,0.4,C20 H33 O8 N1,20,33,8,,1,,,
413.1971375,413.1969464,413.1969622,1.25,0.25,C24 H30 O6,24,30,6,,,,,
413.1817975,413.1816065,413.181706,1.5,0.45,C20 H30 O9,20,30,9,,,,,
413.1606955,413.1605044,413.1605766,1.130434783,0.304347826,C23 H26 O7,23,26,7,,,,,
413.1454702,413.1452791,413.1453205,1.368421053,0.526315789,C19 H26 O10,19,26,10,,,,,
413.1244332,413.1242421,413.1241911,1,0.363636364,C22 H22 O8,22,22,8,,,,,
413.1092301,413.109039,413.108935,1.222222222,0.611111111,C18 H22 O11,18,22,11,,,,,
413.0881018,413.0879108,413.0878056,0.857142857,0.428571429,C21 H18 O9,21,18,9,,,,,
413.0727429,413.0725519,413.0725495,1.058823529,0.705882353,C17 H18 O12,17,18,12,,,,,
413.0515258,413.0513348,413.0514201,0.7,0.5,C20 H14 O10,20,14,10,,,,,
413.0362434,413.0360524,413.036164,0.875,0.8125,C16 H14 O13,16,14,13,,,,,
412.2188682,412.2186778,412.2188198,2.058823529,0.588235294,C17 H35 O10 N1,17,35,10,,1,,,
412.169681,412.1694907,412.1694108,1.473684211,0.473684211,C19 H28 O9 13C1,19,28,9,,,1,,
412.133091,412.1329007,412.1330253,1.333333333,0.555555556,C18 H24 O10 13C1,18,24,10,,,1,,
411.2026127,411.2024232,411.2024415,1.523809524,0.380952381,C21 H32 O8,21,32,8,,,,,
411.166359,411.1661695,411.1660559,1.4,0.45,C20 H28 O9,20,28,9,,,,,
411.1298186,411.1296291,411.1296704,1.263157895,0.526315789,C19 H24 O10,19,24,10,,,,,
411.1085825,411.108393,411.1085411,0.909090909,0.363636364,C22 H20 O8,22,20,8,,,,,
411.093368,411.0931786,411.0932849,1.111111111,0.611111111,C18 H20 O11,18,20,11,,,,,
411.0723707,411.0721812,411.0721556,0.761904762,0.428571429,C21 H16 O9,21,16,9,,,,,
411.0571877,411.0569983,411.0568994,0.941176471,0.705882353,C17 H16 O12,17,16,12,,,,,
410.1903073,410.1901186,410.1901462,1.5,0.4,C20 H30 O8 13C1,20,30,8,,,1,,
410.1540591,410.1538704,410.1537607,1.368421053,0.473684211,C19 H26 O9 13C1,19,26,9,,,1,,
409.3113655,409.3111774,409.3112041,1.5,0.071428571,C28 H42 O2,28,42,2,,,,,
409.2233256,409.2231376,409.2231769,1.545454545,0.318181818,C22 H34 O7,22,34,7,,,,,
409.1869083,409.1867203,409.1867914,1.428571429,0.380952381,C21 H30 O8,21,30,8,,,,,
409.1506578,409.1504698,409.1504059,1.3,0.45,C20 H26 O9,20,26,9,,,,,
409.1142825,409.1140945,409.1140204,1.157894737,0.526315789,C19 H22 O10,19,22,10,,,,,
409.0777074,409.0775195,409.0776349,1,0.611111111,C18 H18 O11,18,18,11,,,,,
409.0565719,409.056384,409.0565055,0.666666667,0.428571429,C21 H14 O9,21,14,9,,,,,
409.0413965,409.0412087,409.0412494,0.823529412,0.705882353,C17 H14 O12,17,14,12,,,,,
408.2109899,408.2108027,408.2108817,1.523809524,0.333333333,C21 H32 O7 13C1,21,32,7,,,1,,
408.1746018,408.1744146,408.1744962,1.4,0.4,C20 H28 O8 13C1,20,28,8,,,1,,
408.1384038,408.1382166,408.1381107,1.263157895,0.473684211,C19 H24 O9 13C1,19,24,9,,,1,,
407.2076082,407.2074217,407.2075268,1.454545455,0.318181818,C22 H32 O7,22,32,7,,,,,
407.1713215,407.1711351,407.1711413,1.333333333,0.380952381,C21 H28 O8,21,28,8,,,,,
407.1350365,407.1348501,407.1347558,1.2,0.45,C20 H24 O9,20,24,9,,,,,
407.098543,407.0983567,407.0983703,1.052631579,0.526315789,C19 H20 O10,19,20,10,,,,,
407.0620609,407.0618745,407.0619848,0.888888889,0.611111111,C18 H16 O11,18,16,11,,,,,
407.0234713,407.023285,407.0230974,0.571428571,0.333333333,C21 H12 O7 S1,21,12,7,1,,,,
406.1953401,406.1951544,406.1952316,1.428571429,0.333333333,C21 H30 O7 13C1,21,30,7,,,1,,
406.1590857,406.1589001,406.1588461,1.3,0.4,C20 H26 O8 13C1,20,26,8,,,1,,
405.2283419,405.228157,405.2282623,1.47826087,0.260869565,C23 H34 O6,23,34,6,,,,,
405.1920772,405.1918923,405.1918768,1.363636364,0.318181818,C22 H30 O7,22,30,7,,,,,
405.155776,405.1555911,405.1554913,1.238095238,0.380952381,C21 H26 O8,21,26,8,,,,,
405.1191855,405.1190006,405.1191058,1.1,0.45,C20 H22 O9,20,22,9,,,,,
405.1167671,405.1165822,405.1166038,0.916666667,0.166666667,C24 H22 O4 S1,24,22,4,1,,,,
405.0828608,405.082676,405.0827202,0.947368421,0.526315789,C19 H18 O10,19,18,10,,,,,
405.0466066,405.0464218,405.0463347,0.777777778,0.611111111,C18 H14 O11,18,14,11,,,,,
405.044195,405.0440102,405.0438328,0.636363636,0.272727273,C22 H14 O6 S1,22,14,6,1,,,,
404.3102497,404.3100654,404.3098674,2.095238095,0.285714286,C21 H44 O6 13C1,21,44,6,,,1,,
404.1798633,404.1796791,404.1795815,1.333333333,0.333333333,C21 H28 O7 13C1,21,28,7,,,1,,
404.1433433,404.1431592,404.143196,1.2,0.4,C20 H24 O8 13C1,20,24,8,,,1,,
403.3067585,403.306575,403.3065126,2,0.272727273,C22 H44 O6,22,44,6,,,,,
403.2491789,403.2489955,403.2489977,1.5,0.208333333,C24 H36 O5,24,36,5,,,,,
403.2129189,403.2127355,403.2126122,1.391304348,0.260869565,C23 H32 O6,23,32,6,,,,,
403.1763301,403.1761467,403.1762267,1.272727273,0.318181818,C22 H28 O7,22,28,7,,,,,
403.1399912,403.1398078,403.1398412,1.142857143,0.380952381,C21 H24 O8,21,24,8,,,,,
403.1037485,403.1035652,403.1034557,1,0.45,C20 H20 O9,20,20,9,,,,,
403.0884537,403.0882704,403.0881995,1.25,0.75,C16 H20 O12,16,20,12,,,,,
403.0672426,403.0670593,403.0670702,0.842105263,0.526315789,C19 H16 O10,19,16,10,,,,,
403.0307849,403.0306016,403.0306847,0.666666667,0.611111111,C18 H12 O11,18,12,11,,,,,
403.0283966,403.0282134,403.0281827,0.545454545,0.272727273,C22 H12 O6 S1,22,12,6,1,,,,
401.1972494,401.1970676,401.1969622,1.304347826,0.260869565,C23 H30 O6,23,30,6,,,,,
401.1819872,401.1818053,401.181706,1.578947368,0.473684211,C19 H30 O9,19,30,9,,,,,
401.1607889,401.160607,401.1605766,1.181818182,0.318181818,C22 H26 O7,22,26,7,,,,,
401.1508607,401.1506789,401.1506807,0.916666667,0.166666667,C24 H22 O4 N2,24,22,4,,2,,,
401.1454349,401.145253,401.1453205,1.444444444,0.555555556,C18 H26 O10,18,26,10,,,,,
401.1242574,401.1240756,401.1241911,1.047619048,0.380952381,C21 H22 O8,21,22,8,,,,,
401.1090615,401.1088797,401.108935,1.294117647,0.647058824,C17 H22 O11,17,22,11,,,,,
401.0880398,401.087858,401.0878056,0.9,0.45,C20 H18 O9,20,18,9,,,,,
401.0728468,401.0726651,401.0725495,1.125,0.75,C16 H18 O12,16,18,12,,,,,
401.0516765,401.0514947,401.0514201,0.736842105,0.526315789,C19 H14 O10,19,14,10,,,,,
399.2224287,399.2222484,399.222344,2.111111111,0.388888889,C18 H38 O7 34S1,18,38,7,,,,1,
399.202683,399.2025027,399.2024415,1.6,0.4,C20 H32 O8,20,32,8,,,,,
399.1816003,399.18142,399.1813121,1.217391304,0.260869565,C23 H28 O6,23,28,6,,,,,
399.1663291,399.1661488,399.1660559,1.473684211,0.473684211,C19 H28 O9,19,28,9,,,,,
399.1450435,399.1448633,399.1449266,1.090909091,0.318181818,C22 H24 O7,22,24,7,,,,,
399.1297472,399.129567,399.1296704,1.333333333,0.555555556,C18 H24 O10,18,24,10,,,,,
399.1086475,399.1084672,399.1085411,0.952380952,0.380952381,C21 H20 O8,21,20,8,,,,,
399.0934832,399.093303,399.0932849,1.176470588,0.647058824,C17 H20 O11,17,20,11,,,,,
399.0724656,399.0722854,399.0721556,0.8,0.45,C20 H16 O9,20,16,9,,,,,
399.0571531,399.0569729,399.0568994,1,0.75,C16 H16 O12,16,16,12,,,,,
398.2301708,398.2299912,398.229903,2.235294118,0.411764706,C17 H38 O7 S1 13C1,17,38,7,1,,1,,
398.1539414,398.1537618,398.1537607,1.444444444,0.5,C18 H26 O9 13C1,18,26,9,,,1,,
397.2267882,397.2266093,397.2265482,2.111111111,0.388888889,C18 H38 O7 S1,18,38,7,1,,,,
397.1870165,397.1868378,397.1867914,1.5,0.4,C20 H30 O8,20,30,8,,,,,
397.1505148,397.1503361,397.1504059,1.368421053,0.473684211,C19 H26 O9,19,26,9,,,,,
397.1142227,397.114044,397.1140204,1.222222222,0.555555556,C18 H22 O10,18,22,10,,,,,
397.0931572,397.0929785,397.092891,0.857142857,0.380952381,C21 H18 O8,21,18,8,,,,,
397.0779102,397.0777315,397.0776349,1.058823529,0.647058824,C17 H18 O11,17,18,11,,,,,
397.0567244,397.0565458,397.0565055,0.7,0.45,C20 H14 O9,20,14,9,,,,,
397.0413787,397.0412,397.0412494,0.875,0.75,C16 H14 O12,16,14,12,,,,,
396.1747775,396.1745995,396.1744962,1.473684211,0.421052632,C19 H28 O8 13C1,19,28,8,,,1,,
396.1382596,396.1380816,396.1381107,1.333333333,0.5,C18 H24 O9 13C1,18,24,9,,,1,,
395.2076191,395.2074419,395.2075268,1.523809524,0.333333333,C21 H32 O7,21,32,7,,,,,
395.1713112,395.171134,395.1711413,1.4,0.4,C20 H28 O8,20,28,8,,,,,
395.1350511,395.1348738,395.1347558,1.263157895,0.473684211,C19 H24 O9,19,24,9,,,,,
395.0984491,395.098272,395.0983703,1.111111111,0.555555556,C18 H20 O10,18,20,10,,,,,
395.077335,395.0771578,395.0772409,0.761904762,0.380952381,C21 H16 O8,21,16,8,,,,,
395.0621532,395.061976,395.0619848,0.941176471,0.647058824,C17 H16 O11,17,16,11,,,,,
394.2811919,394.2810153,394.2810261,2.157894737,0.368421053,C19 H41 O7 N1,19,41,7,,1,,,
394.1953362,394.1951597,394.1952316,1.5,0.35,C20 H30 O7 13C1,20,30,7,,,1,,
394.1589874,394.158811,394.1588461,1.368421053,0.421052632,C19 H26 O8 13C1,19,26,8,,,1,,
394.1227303,394.1225538,394.1224606,1.222222222,0.5,C18 H22 O9 13C1,18,22,9,,,1,,
393.1920027,393.191827,393.1918768,1.428571429,0.333333333,C21 H30 O7,21,30,7,,,,,
393.1556113,393.1554356,393.1554913,1.3,0.4,C20 H26 O8,20,26,8,,,,,
393.1193764,393.1192008,393.1191058,1.157894737,0.473684211,C19 H22 O9,19,22,9,,,,,
393.0828631,393.0826874,393.0827202,1,0.555555556,C18 H18 O10,18,18,10,,,,,
393.0464408,393.0462652,393.0463347,0.823529412,0.647058824,C17 H14 O11,17,14,11,,,,,
393.044046,393.0438704,393.0438328,0.666666667,0.285714286,C21 H14 O6 S1,21,14,6,1,,,,
392.1796809,392.1795059,392.1795815,1.4,0.35,C20 H28 O7 13C1,20,28,7,,,1,,
392.1433674,392.1431925,392.143196,1.263157895,0.421052632,C19 H24 O8 13C1,19,24,8,,,1,,
391.2128311,391.2126569,391.2126122,1.454545455,0.272727273,C22 H32 O6,22,32,6,,,,,
391.1763063,391.1761321,391.1762267,1.333333333,0.333333333,C21 H28 O7,21,28,7,,,,,
391.1400445,391.1398703,391.1398412,1.2,0.4,C20 H24 O8,20,24,8,,,,,
391.1036953,391.1035211,391.1034557,1.052631579,0.473684211,C19 H20 O9,19,20,9,,,,,
391.0671341,391.0669599,391.0670702,0.888888889,0.555555556,C18 H16 O10,18,16,10,,,,,
391.0309133,391.0307392,391.0306847,0.705882353,0.647058824,C17 H12 O11,17,12,11,,,,,
391.0284853,391.0283112,391.0281827,0.571428571,0.285714286,C21 H12 O6 S1,21,12,6,1,,,,
390.1640879,390.1639144,390.1639315,1.3,0.35,C20 H26 O7 13C1,20,26,7,,,1,,
389.2910474,389.2908746,389.2908625,2,0.285714286,C21 H42 O6,21,42,6,,,,,
389.1970512,389.1968785,389.1969622,1.363636364,0.272727273,C22 H30 O6,22,30,6,,,,,
389.1608562,389.1606835,389.1605766,1.238095238,0.333333333,C21 H26 O7,21,26,7,,,,,
389.1243349,389.1241623,389.1241911,1.1,0.4,C20 H22 O8,20,22,8,,,,,
389.0879093,389.0877367,389.0878056,0.947368421,0.473684211,C19 H18 O9,19,18,9,,,,,
389.0726938,389.0725212,389.0725495,1.2,0.8,C15 H18 O12,15,18,12,,,,,
389.0516724,389.0514998,389.0514201,0.777777778,0.555555556,C18 H14 O10,18,14,10,,,,,
387.1814598,387.1812886,387.1813121,1.272727273,0.272727273,C22 H28 O6,22,28,6,,,,,
387.1661315,387.1659603,387.1660559,1.555555556,0.5,C18 H28 O9,18,28,9,,,,,
387.1450243,387.1448532,387.1449266,1.142857143,0.333333333,C21 H24 O7,21,24,7,,,,,
387.1298407,387.1296696,387.1296704,1.411764706,0.588235294,C17 H24 O10,17,24,10,,,,,
387.1087919,387.1086208,387.1085411,1,0.4,C20 H20 O8,20,20,8,,,,,
387.0935051,387.0933339,387.0932849,1.25,0.6875,C16 H20 O11,16,20,11,,,,,
387.0722449,387.0720738,387.0721556,0.842105263,0.473684211,C19 H16 O9,19,16,9,,,,,
387.0569887,387.0568176,387.0568994,1.066666667,0.8,C15 H16 O12,15,16,12,,,,,
387.0359026,387.0357316,387.0357701,0.666666667,0.555555556,C18 H12 O10,18,12,10,,,,,
387.0335215,387.0333504,387.0332681,0.545454545,0.227272727,C22 H12 O5 S1,22,12,5,1,,,,
385.2056101,385.2054404,385.2054188,1.7,0.25,C20 H34 O5 S1,20,34,5,1,,,,
385.187033,385.1868633,385.1867914,1.578947368,0.421052632,C19 H30 O8,19,30,8,,,,,
385.1657982,385.1656285,385.165662,1.181818182,0.272727273,C22 H26 O6,22,26,6,,,,,
385.1504732,385.1503035,385.1504059,1.444444444,0.5,C18 H26 O9,18,26,9,,,,,
385.1293972,385.1292275,385.1292765,1.047619048,0.333333333,C21 H22 O7,21,22,7,,,,,
385.1142431,385.1140735,385.1140204,1.294117647,0.588235294,C17 H22 O10,17,22,10,,,,,
385.0931572,385.0929876,385.092891,0.9,0.4,C20 H18 O8,20,18,8,,,,,
385.0778475,385.0776779,385.0776349,1.125,0.6875,C16 H18 O11,16,18,11,,,,,
385.0565911,385.0564215,385.0565055,0.736842105,0.473684211,C19 H14 O9,19,14,9,,,,,
385.0412927,385.0411231,385.0412494,0.933333333,0.8,C15 H14 O12,15,14,12,,,,,
384.1384039,384.138235,384.1381107,1.411764706,0.529411765,C17 H24 O9 13C1,17,24,9,,,1,,
383.2077713,383.2076031,383.2075268,1.6,0.35,C20 H32 O7,20,32,7,,,,,
383.1712306,383.1710625,383.1711413,1.473684211,0.421052632,C19 H28 O8,19,28,8,,,,,
383.1349492,383.1347811,383.1347558,1.333333333,0.5,C18 H24 O9,18,24,9,,,,,
383.0986138,383.0984457,383.0983703,1.176470588,0.588235294,C17 H20 O10,17,20,10,,,,,
383.0773297,383.0771616,383.0772409,0.8,0.4,C20 H16 O8,20,16,8,,,,,
383.0620289,383.0618609,383.0619848,1,0.6875,C16 H16 O11,16,16,11,,,,,
382.2350727,382.2349052,382.2349884,2.235294118,0.352941176,C17 H38 O6 S1 13C1,17,38,6,1,,1,,
382.2350727,382.2349052,382.2347446,1.736842105,0.263157895,C19 H33 O5 N3,19,33,5,,3,,,
382.159011,382.1588436,382.1588461,1.444444444,0.444444444,C18 H26 O8 13C1,18,26,8,,,1,,
382.1225577,382.1223903,382.1224606,1.294117647,0.529411765,C17 H22 O9 13C1,17,22,9,,,1,,
381.2317677,381.231601,381.2316336,2.111111111,0.333333333,C18 H38 O6 S1,18,38,6,1,,,,
381.1920207,381.1918541,381.1918768,1.5,0.35,C20 H30 O7,20,30,7,,,,,
381.1557502,381.1555836,381.1554913,1.368421053,0.421052632,C19 H26 O8,19,26,8,,,,,
381.1191773,381.1190107,381.1191058,1.222222222,0.5,C18 H22 O9,18,22,9,,,,,
381.082931,381.0827644,381.0827202,1.058823529,0.588235294,C17 H18 O10,17,18,10,,,,,
381.0465686,381.0464021,381.0463347,0.875,0.6875,C16 H14 O11,16,14,11,,,,,
380.1796889,380.179523,380.1795815,1.473684211,0.368421053,C19 H28 O7 13C1,19,28,7,,,1,,
380.1434718,380.1433059,380.143196,1.333333333,0.444444444,C18 H24 O8 13C1,18,24,8,,,1,,
380.1068688,380.1067029,380.1068105,1.176470588,0.529411765,C17 H20 O9 13C1,17,20,9,,,1,,
379.2127767,379.2126115,379.2126122,1.523809524,0.285714286,C21 H32 O6,21,32,6,,,,,
379.17632,379.1761548,379.1762267,1.4,0.35,C20 H28 O7,20,28,7,,,,,
379.1401157,379.1399506,379.1398412,1.263157895,0.421052632,C19 H24 O8,19,24,8,,,,,
379.103516,379.1033509,379.1034557,1.111111111,0.5,C18 H20 O9,18,20,9,,,,,
379.1011209,379.1009558,379.1009538,0.909090909,0.181818182,C22 H20 O4 S1,22,20,4,1,,,,
379.0672574,379.0670924,379.0670702,0.941176471,0.588235294,C17 H16 O10,17,16,10,,,,,
379.0309299,379.0307648,379.0306847,0.75,0.6875,C16 H12 O11,16,12,11,,,,,
379.0284949,379.0283298,379.0281827,0.6,0.3,C20 H12 O6 S1,20,12,6,1,,,,
378.1641277,378.1639633,378.1639315,1.368421053,0.368421053,C19 H26 O7 13C1,19,26,7,,,1,,
378.1277759,378.1276115,378.127546,1.222222222,0.444444444,C18 H22 O8 13C1,18,22,8,,,1,,
377.2820344,377.2818707,377.2819221,2.222222222,0.333333333,C18 H40 O6 13C2,18,40,6,,,2,,
377.1970304,377.1968668,377.1969622,1.428571429,0.285714286,C21 H30 O6,21,30,6,,,,,
377.1608434,377.1606798,377.1605766,1.3,0.35,C20 H26 O7,20,26,7,,,,,
377.1243208,377.1241572,377.1241911,1.157894737,0.421052632,C19 H22 O8,19,22,8,,,,,
377.1218899,377.1217263,377.1216892,0.956521739,0.130434783,C23 H22 O3 S1,23,22,3,1,,,,
377.0879192,377.0877556,377.0878056,1,0.5,C18 H18 O9,18,18,9,,,,,
377.0516646,377.051501,377.0514201,0.823529412,0.588235294,C17 H14 O10,17,14,10,,,,,
377.0127192,377.0125556,377.0125327,0.5,0.3,C20 H10 O6 S1,20,10,6,1,,,,
376.2788975,376.2787345,376.2785673,2.105263158,0.315789474,C19 H40 O6 13C1,19,40,6,,,1,,
376.1484525,376.1482896,376.1482814,1.263157895,0.368421053,C19 H24 O7 13C1,19,24,7,,,1,,
375.2754773,375.2753151,375.2752125,2,0.3,C20 H40 O6,20,40,6,,,,,
375.2178614,375.2176992,375.2176976,1.454545455,0.227272727,C22 H32 O5,22,32,5,,,,,
375.1815345,375.1813723,375.1813121,1.333333333,0.285714286,C21 H28 O6,21,28,6,,,,,
375.145001,375.1448388,375.1449266,1.2,0.35,C20 H24 O7,20,24,7,,,,,
375.1087502,375.1085881,375.1085411,1.052631579,0.421052632,C19 H20 O8,19,20,8,,,,,
375.1063504,375.1061883,375.1060391,0.869565217,0.130434783,C23 H20 O3 S1,23,20,3,1,,,,
375.0723543,375.0721922,375.0721556,0.888888889,0.5,C18 H16 O9,18,16,9,,,,,
375.0569794,375.0568173,375.0568994,1.142857143,0.857142857,C14 H16 O12,14,16,12,,,,,
375.0358376,375.0356756,375.0357701,0.705882353,0.588235294,C17 H12 O10,17,12,10,,,,,
375.0334445,375.0332824,375.0332681,0.571428571,0.238095238,C21 H12 O5 S1,21,12,5,1,,,,
373.2054769,373.2053162,373.2054188,1.789473684,0.263157895,C19 H34 O5 S1,19,34,5,1,,,,
373.2021461,373.2019854,373.2020475,1.363636364,0.227272727,C22 H30 O5,22,30,5,,,,,
373.1659365,373.1657758,373.165662,1.238095238,0.285714286,C21 H26 O6,21,26,6,,,,,
373.1506074,373.1504468,373.1504059,1.529411765,0.529411765,C17 H26 O9,17,26,9,,,,,
373.1293372,373.1291765,373.1292765,1.1,0.35,C20 H22 O7,20,22,7,,,,,
373.1141028,373.1139422,373.1140204,1.375,0.625,C16 H22 O10,16,22,10,,,,,
373.0930878,373.0929272,373.092891,0.947368421,0.421052632,C19 H18 O8,19,18,8,,,,,
373.0778791,373.0777185,373.0776349,1.2,0.733333333,C15 H18 O11,15,18,11,,,,,
373.0567008,373.0565402,373.0565055,0.777777778,0.5,C18 H14 O9,18,14,9,,,,,
373.0413843,373.0412237,373.0412494,1,0.857142857,C14 H14 O12,14,14,12,,,,,
373.0178023,373.0176417,373.0176181,0.476190476,0.238095238,C21 H10 O5 S1,21,10,5,1,,,,
372.2756488,372.2754888,372.2755468,1.95,0.25,C20 H39 O5 N1,20,39,5,,1,,,
371.2076582,371.207499,371.2075268,1.684210526,0.368421053,C19 H32 O7,19,32,7,,,,,
371.1899465,371.1897873,371.1897688,1.684210526,0.263157895,C19 H32 O5 S1,19,32,5,1,,,,
371.18662,371.1864608,371.1863975,1.272727273,0.227272727,C22 H28 O5,22,28,5,,,,,
371.1713972,371.171238,371.1711413,1.555555556,0.444444444,C18 H28 O8,18,28,8,,,,,
371.1502562,371.1500971,371.150012,1.142857143,0.285714286,C21 H24 O6,21,24,6,,,,,
371.1348377,371.1346785,371.1347558,1.411764706,0.529411765,C17 H24 O9,17,24,9,,,,,
371.1137121,371.1135529,371.1136264,1,0.35,C20 H20 O7,20,20,7,,,,,
371.0985688,371.0984097,371.0983703,1.25,0.625,C16 H20 O10,16,20,10,,,,,
371.0774916,371.0773324,371.0772409,0.842105263,0.421052632,C19 H16 O8,19,16,8,,,,,
371.0621893,371.0620302,371.0619848,1.066666667,0.733333333,C15 H16 O11,15,16,11,,,,,
371.0409262,371.0407671,371.0408554,0.666666667,0.5,C18 H12 O9,18,12,9,,,,,
371.025681,371.0255219,371.0255993,0.857142857,0.857142857,C14 H12 O12,14,12,12,,,,,
370.159078,370.1589196,370.1588461,1.529411765,0.470588235,C17 H26 O8 13C1,17,26,8,,,1,,
370.1226592,370.1225008,370.1224606,1.375,0.5625,C16 H22 O9 13C1,16,22,9,,,1,,
369.2106888,369.2105311,369.2105042,1.7,0.2,C20 H34 O4 S1,20,34,4,1,,,,
369.1920333,369.1918756,369.1918768,1.578947368,0.368421053,C19 H30 O7,19,30,7,,,,,
369.1742163,369.1740586,369.1741187,1.578947368,0.263157895,C19 H30 O5 S1,19,30,5,1,,,,
369.1555947,369.155437,369.1554913,1.444444444,0.444444444,C18 H26 O8,18,26,8,,,,,
369.1193627,369.119205,369.1191058,1.294117647,0.529411765,C17 H22 O9,17,22,9,,,,,
369.0981349,369.0979772,369.0979764,0.9,0.35,C20 H18 O7,20,18,7,,,,,
369.0827945,369.0826369,369.0827202,1.125,0.625,C16 H18 O10,16,18,10,,,,,
369.0616801,369.0615225,369.0615909,0.736842105,0.421052632,C19 H14 O8,19,14,8,,,,,
369.0465256,369.046368,369.0463347,0.933333333,0.733333333,C15 H14 O11,15,14,11,,,,,
368.1798097,368.1796527,368.1795815,1.555555556,0.388888889,C18 H28 O7 13C1,18,28,7,,,1,,
368.143263,368.1431061,368.143196,1.411764706,0.470588235,C17 H24 O8 13C1,17,24,8,,,1,,
368.1071041,368.1069472,368.1068105,1.25,0.5625,C16 H20 O9 13C1,16,20,9,,,1,,
367.2128216,367.2126653,367.2126122,1.6,0.3,C20 H32 O6,20,32,6,,,,,
367.1764072,367.176251,367.1762267,1.473684211,0.368421053,C19 H28 O7,19,28,7,,,,,
367.139928,367.1397719,367.1398412,1.333333333,0.444444444,C18 H24 O8,18,24,8,,,,,
367.1037132,367.1035571,367.1034557,1.176470588,0.529411765,C17 H20 O9,17,20,9,,,,,
367.0671634,367.0670073,367.0670702,1,0.625,C16 H16 O10,16,16,10,,,,,
367.0460314,367.0458753,367.0459408,0.631578947,0.421052632,C19 H12 O8,19,12,8,,,,,
367.0308548,367.0306987,367.0306847,0.8,0.733333333,C15 H12 O11,15,12,11,,,,,
366.2498637,366.2497081,366.249726,2.176470588,0.411764706,C17 H37 O7 N1,17,37,7,,1,,,
366.1640317,366.1638762,366.1639315,1.444444444,0.388888889,C18 H26 O7 13C1,18,26,7,,,1,,
366.1277243,366.1275689,366.127546,1.294117647,0.470588235,C17 H22 O8 13C1,17,22,8,,,1,,
365.1971955,365.1970408,365.1969622,1.5,0.3,C20 H30 O6,20,30,6,,,,,
365.1606692,365.1605145,365.1605766,1.368421053,0.368421053,C19 H26 O7,19,26,7,,,,,
365.1244249,365.1242702,365.1241911,1.222222222,0.444444444,C18 H22 O8,18,22,8,,,,,
365.087948,365.0877933,365.0878056,1.058823529,0.529411765,C17 H18 O9,17,18,9,,,,,
365.0854997,365.085345,365.0853037,0.857142857,0.19047619,C21 H18 O4 S1,21,18,4,1,,,,
365.0667271,365.0665724,365.0666763,0.7,0.35,C20 H14 O7,20,14,7,,,,,
365.0515341,365.0513794,365.0514201,0.875,0.625,C16 H14 O10,16,14,10,,,,,
365.0491539,365.0489993,365.0489182,0.7,0.25,C20 H14 O5 S1,20,14,5,1,,,,
364.1847355,364.1845815,364.1846669,1.473684211,0.315789474,C19 H28 O6 13C1,19,28,6,,,1,,
364.1484819,364.1483279,364.1482814,1.333333333,0.388888889,C18 H24 O7 13C1,18,24,7,,,1,,
364.1120282,364.1118742,364.1118959,1.176470588,0.470588235,C17 H20 O8 13C1,17,20,8,,,1,,
363.2753705,363.2752171,363.2752125,2.105263158,0.315789474,C19 H40 O6,19,40,6,,,,,
363.181493,363.1813397,363.1813121,1.4,0.3,C20 H28 O6,20,28,6,,,,,
363.1451201,363.1449669,363.1449266,1.263157895,0.368421053,C19 H24 O7,19,24,7,,,,,
363.1086157,363.1084625,363.1085411,1.111111111,0.444444444,C18 H20 O8,18,20,8,,,,,
363.1062204,363.1060672,363.1060391,0.909090909,0.136363636,C22 H20 O3 S1,22,20,3,1,,,,
363.072411,363.0722578,363.0721556,0.941176471,0.529411765,C17 H16 O9,17,16,9,,,,,
363.0358505,363.0356974,363.0357701,0.75,0.625,C16 H12 O10,16,12,10,,,,,
363.0334393,363.0332861,363.0332681,0.6,0.25,C20 H12 O5 S1,20,12,5,1,,,,
362.1691108,362.1689583,362.1690169,1.368421053,0.315789474,C19 H26 O6 13C1,19,26,6,,,1,,
362.1327976,362.1326451,362.1326313,1.222222222,0.388888889,C18 H22 O7 13C1,18,22,7,,,1,,
361.2021393,361.2019875,361.2020475,1.428571429,0.238095238,C21 H30 O5,21,30,5,,,,,
361.1658636,361.1657118,361.165662,1.3,0.3,C20 H26 O6,20,26,6,,,,,
361.1294466,361.1292949,361.1292765,1.157894737,0.368421053,C19 H22 O7,19,22,7,,,,,
361.0929868,361.0928351,361.092891,1,0.444444444,C18 H18 O8,18,18,8,,,,,
361.0906222,361.0904704,361.0903891,0.818181818,0.136363636,C22 H18 O3 S1,22,18,3,1,,,,
361.0778664,361.0777147,361.0776349,1.285714286,0.785714286,C14 H18 O11,14,18,11,,,,,
361.0567317,361.05658,361.0565055,0.823529412,0.529411765,C17 H14 O9,17,14,9,,,,,
361.0201751,361.0200234,361.02012,0.625,0.625,C16 H10 O10,16,10,10,,,,,
361.0177814,361.0176298,361.0176181,0.5,0.25,C20 H10 O5 S1,20,10,5,1,,,,
359.1866222,359.1864719,359.1863975,1.333333333,0.238095238,C21 H28 O5,21,28,5,,,,,
359.1501293,359.149979,359.150012,1.2,0.3,C20 H24 O6,20,24,6,,,,,
359.1348374,359.1346872,359.1347558,1.5,0.5625,C16 H24 O9,16,24,9,,,,,
359.1137668,359.1136165,359.1136264,1.052631579,0.368421053,C19 H20 O7,19,20,7,,,,,
359.0985869,359.0984367,359.0983703,1.333333333,0.666666667,C15 H20 O10,15,20,10,,,,,
359.0774746,359.0773244,359.0772409,0.888888889,0.444444444,C18 H16 O8,18,16,8,,,,,
359.0621218,359.0619716,359.0619848,1.142857143,0.785714286,C14 H16 O11,14,16,11,,,,,
359.0409172,359.040767,359.0408554,0.705882353,0.529411765,C17 H12 O9,17,12,9,,,,,
357.1919657,357.1918169,357.1918768,1.666666667,0.388888889,C18 H30 O7,18,30,7,,,,,
357.1742017,357.1740529,357.1741187,1.666666667,0.277777778,C18 H30 O5 S1,18,30,5,1,,,,
357.1708601,357.1707112,357.1707474,1.238095238,0.238095238,C21 H26 O5,21,26,5,,,,,
357.1557226,357.1555738,357.1554913,1.529411765,0.470588235,C17 H26 O8,17,26,8,,,,,
357.1345873,357.1344385,357.1343619,1.1,0.3,C20 H22 O6,20,22,6,,,,,
357.1192067,357.1190579,357.1191058,1.375,0.5625,C16 H22 O9,16,22,9,,,,,
357.0980217,357.0978729,357.0979764,0.947368421,0.368421053,C19 H18 O7,19,18,7,,,,,
357.0828769,357.0827281,357.0827202,1.2,0.666666667,C15 H18 O10,15,18,10,,,,,
357.061805,357.0616563,357.0615909,0.777777778,0.444444444,C18 H14 O8,18,14,8,,,,,
357.0465091,357.0463604,357.0463347,1,0.785714286,C14 H14 O11,14,14,11,,,,,
357.0252657,357.0251169,357.0252054,0.588235294,0.529411765,C17 H10 O9,17,10,9,,,,,
356.2807336,356.2805854,356.2806322,1.95,0.2,C20 H39 O4 N1,20,39,4,,1,,,
356.19831,356.1981619,356.198209,1.777777778,0.222222222,C18 H32 O4 S1 13C1,18,32,4,1,,1,,
356.1434583,356.1433102,356.143196,1.5,0.5,C16 H24 O8 13C1,16,24,8,,,1,,
356.1068931,356.1067451,356.1068105,1.333333333,0.6,C15 H20 O9 13C1,15,20,9,,,1,,
355.1962109,355.1960636,355.1961293,2.125,0.375,C16 H34 O6 34S1,16,34,6,,,,1,
355.1949257,355.1947783,355.1948542,1.684210526,0.210526316,C19 H32 O4 S1,19,32,4,1,,,,
355.1763243,355.1761769,355.1762267,1.555555556,0.388888889,C18 H28 O7,18,28,7,,,,,
355.1400803,355.139933,355.1398412,1.411764706,0.470588235,C17 H24 O8,17,24,8,,,,,
355.1035157,355.1033684,355.1034557,1.25,0.5625,C16 H20 O9,16,20,9,,,,,
355.0825392,355.0823919,355.0823263,0.842105263,0.368421053,C19 H16 O7,19,16,7,,,,,
355.0673193,355.067172,355.0670702,1.066666667,0.666666667,C15 H16 O10,15,16,10,,,,,
355.0460856,355.0459383,355.0459408,0.666666667,0.444444444,C18 H12 O8,18,12,8,,,,,
355.0307408,355.0305935,355.0306847,0.857142857,0.785714286,C14 H12 O11,14,12,11,,,,,
354.2037738,354.2036271,354.2036883,2.266666667,0.4,C15 H34 O6 S1 13C1,15,34,6,1,,1,,
354.1641959,354.1640493,354.1639315,1.529411765,0.411764706,C17 H26 O7 13C1,17,26,7,,,1,,
354.1276008,354.1274542,354.127546,1.375,0.5,C16 H22 O8 13C1,16,22,8,,,1,,
353.2157068,353.2155609,353.2155896,1.7,0.15,C20 H34 O3 S1,20,34,3,1,,,,
353.2005295,353.2003836,353.2003335,2.125,0.375,C16 H34 O6 S1,16,34,6,1,,,,
353.1971767,353.1970308,353.1969622,1.578947368,0.315789474,C19 H30 O6,19,30,6,,,,,
353.1793814,353.1792355,353.1792041,1.578947368,0.210526316,C19 H30 O4 S1,19,30,4,1,,,,
353.1606984,353.1605525,353.1605766,1.444444444,0.388888889,C18 H26 O7,18,26,7,,,,,
353.1243522,353.1242064,353.1241911,1.294117647,0.470588235,C17 H22 O8,17,22,8,,,,,
353.0879845,353.0878387,353.0878056,1.125,0.5625,C16 H18 O9,16,18,9,,,,,
353.0667109,353.0665651,353.0666763,0.736842105,0.368421053,C19 H14 O7,19,14,7,,,,,
353.0515228,353.051377,353.0514201,0.933333333,0.666666667,C15 H14 O10,15,14,10,,,,,
352.1881269,352.1879817,352.1880382,2.133333333,0.4,C15 H32 O6 S1 13C1,15,32,6,1,,1,,
352.1847251,352.1845799,352.1846669,1.555555556,0.333333333,C18 H28 O6 13C1,18,28,6,,,1,,
352.1484943,352.1483492,352.1482814,1.411764706,0.411764706,C17 H24 O7 13C1,17,24,7,,,1,,
352.1120103,352.1118652,352.1118959,1.25,0.5,C16 H20 O8 13C1,16,20,8,,,1,,
352.0762854,352.0761403,352.076136,0.833333333,0.166666667,C18 H15 O3 S1 N3,18,15,3,1,3,,,
351.2177934,351.2176489,351.2176976,1.6,0.25,C20 H32 O5,20,32,5,,,,,
351.1849101,351.1847656,351.1846834,2,0.375,C16 H32 O6 S1,16,32,6,1,,,,
351.1815251,351.1813806,351.1813121,1.473684211,0.315789474,C19 H28 O6,19,28,6,,,,,
351.1450028,351.1448583,351.1449266,1.333333333,0.388888889,C18 H24 O7,18,24,7,,,,,
351.1087624,351.108618,351.1085411,1.176470588,0.470588235,C17 H20 O8,17,20,8,,,,,
351.0722484,351.0721041,351.0721556,1,0.5625,C16 H16 O9,16,16,9,,,,,
351.0359423,351.035798,351.0357701,0.8,0.666666667,C15 H12 O10,15,12,10,,,,,
350.1691328,350.1689891,350.1690169,1.444444444,0.333333333,C18 H26 O6 13C1,18,26,6,,,1,,
350.132836,350.1326924,350.1326313,1.294117647,0.411764706,C17 H22 O7 13C1,17,22,7,,,1,,
349.2022812,349.2021382,349.2020475,1.5,0.25,C20 H30 O5,20,30,5,,,,,
349.1657301,349.1655871,349.165662,1.368421053,0.315789474,C19 H26 O6,19,26,6,,,,,
349.1295133,349.1293704,349.1292765,1.222222222,0.388888889,C18 H22 O7,18,22,7,,,,,
349.0929713,349.0928284,349.092891,1.058823529,0.470588235,C17 H18 O8,17,18,8,,,,,
349.0905567,349.0904138,349.0903891,0.857142857,0.142857143,C21 H18 O3 S1,21,18,3,1,,,,
349.0567249,349.056582,349.0565055,0.875,0.5625,C16 H14 O9,16,14,9,,,,,
349.020205,349.0200622,349.02012,0.666666667,0.666666667,C15 H10 O10,15,10,10,,,,,
349.0177955,349.0176527,349.0176181,0.526315789,0.263157895,C19 H10 O5 S1,19,10,5,1,,,,
348.153438,348.1532957,348.1533668,1.333333333,0.333333333,C18 H24 O6 13C1,18,24,6,,,1,,
348.117161,348.1170188,348.1169813,1.176470588,0.411764706,C17 H20 O7 13C1,17,20,7,,,1,,
347.2804361,347.2802945,347.2802979,2.105263158,0.263157895,C19 H40 O5,19,40,5,,,,,
347.2441261,347.2439845,347.2439123,2,0.333333333,C18 H36 O6,18,36,6,,,,,
347.1866186,347.186477,347.1863975,1.4,0.25,C20 H28 O5,20,28,5,,,,,
347.1500782,347.1499367,347.150012,1.263157895,0.315789474,C19 H24 O6,19,24,6,,,,,
347.1172345,347.117093,347.1169978,1.6,0.466666667,C15 H24 O7 S1,15,24,7,1,,,,
347.1138347,347.1136932,347.1136264,1.111111111,0.388888889,C18 H20 O7,18,20,7,,,,,
347.0985723,347.0984308,347.0983703,1.428571429,0.714285714,C14 H20 O10,14,20,10,,,,,
347.0773305,347.077189,347.0772409,0.941176471,0.470588235,C17 H16 O8,17,16,8,,,,,
347.0748723,347.0747309,347.074739,0.761904762,0.142857143,C21 H16 O3 S1,21,16,3,1,,,,
347.0620326,347.0618912,347.0619848,1.230769231,0.846153846,C13 H16 O11,13,16,11,,,,,
347.0410567,347.0409153,347.0408554,0.75,0.5625,C16 H12 O9,16,12,9,,,,,
347.0386632,347.0385218,347.0383535,0.6,0.2,C20 H12 O4 S1,20,12,4,1,,,,
346.1377649,346.1376241,346.1377167,1.222222222,0.333333333,C18 H22 O6 13C1,18,22,6,,,1,,
345.170831,345.1706909,345.1707474,1.3,0.25,C20 H26 O5,20,26,5,,,,,
345.1555637,345.1554237,345.1554913,1.625,0.5,C16 H26 O8,16,26,8,,,,,
345.1345667,345.1344267,345.1343619,1.157894737,0.315789474,C19 H22 O6,19,22,6,,,,,
345.119338,345.119198,345.1191058,1.466666667,0.6,C15 H22 O9,15,22,9,,,,,
345.1014759,345.1013358,345.1013477,1.466666667,0.466666667,C15 H22 O7 S1,15,22,7,1,,,,
345.0980723,345.0979322,345.0979764,1,0.388888889,C18 H18 O7,18,18,7,,,,,
345.0827936,345.0826536,345.0827202,1.285714286,0.714285714,C14 H18 O10,14,18,10,,,,,
345.0617856,345.0616456,345.0615909,0.823529412,0.470588235,C17 H14 O8,17,14,8,,,,,
345.0465431,345.0464031,345.0463347,1.076923077,0.846153846,C13 H14 O11,13,14,11,,,,,
345.0253325,345.0251926,345.0252054,0.625,0.5625,C16 H10 O9,16,10,9,,,,,
343.2126744,343.2125357,343.2126122,1.777777778,0.333333333,C18 H32 O6,18,32,6,,,,,
343.1764464,343.1763078,343.1762267,1.647058824,0.411764706,C17 H28 O7,17,28,7,,,,,
343.1586275,343.1584889,343.1584686,1.647058824,0.294117647,C17 H28 O5 S1,17,28,5,1,,,,
343.1552813,343.1551427,343.1550973,1.2,0.25,C20 H24 O5,20,24,5,,,,,
343.139909,343.1397704,343.1398412,1.5,0.5,C16 H24 O8,16,24,8,,,,,
343.1188255,343.1186869,343.1187118,1.052631579,0.315789474,C19 H20 O6,19,20,6,,,,,
343.1036857,343.1035472,343.1034557,1.333333333,0.6,C15 H20 O9,15,20,9,,,,,
343.0824921,343.0823536,343.0823263,0.888888889,0.388888889,C18 H16 O7,18,16,7,,,,,
343.0671409,343.0670024,343.0670702,1.142857143,0.714285714,C14 H16 O10,14,16,10,,,,,
343.0460445,343.045906,343.0459408,0.705882353,0.470588235,C17 H12 O8,17,12,8,,,,,
343.030884,343.0307455,343.0306847,0.923076923,0.846153846,C13 H12 O11,13,12,11,,,,,
342.2651645,342.2650265,342.2649821,1.947368421,0.210526316,C19 H37 O4 N1,19,37,4,,1,,,
342.1992953,342.1991574,342.1990902,1.777777778,0.166666667,C18 H32 O3 13C1 34S1,18,32,3,,,1,1,
342.1826056,342.1824677,342.1825589,1.764705882,0.235294118,C17 H30 O4 S1 13C1,17,30,4,1,,1,,
342.1826056,342.1824677,342.1823151,1.315789474,0.157894737,C19 H25 O3 N3,19,25,3,,3,,,
342.1277284,342.1275905,342.127546,1.466666667,0.533333333,C15 H22 O8 13C1,15,22,8,,,1,,
342.0912602,342.0911224,342.0911605,1.285714286,0.642857143,C14 H18 O9 13C1,14,18,9,,,1,,
341.2699456,341.2698083,341.2697332,1.9,0.2,C20 H38 O4,20,38,4,,,,,
341.2067386,341.2066014,341.2066492,1.882352941,0.176470588,C17 H32 O3 S1 13C2,17,32,3,1,,2,,
341.2043023,341.2041651,341.2041845,1.684210526,0.105263158,C19 H32 O2 S1 18O1,19,32,2,1,,,,1
341.1971042,341.196967,341.1969622,1.666666667,0.333333333,C18 H30 O6,18,30,6,,,,,
341.1959027,341.1957655,341.1957354,1.684210526,0.157894737,C19 H32 O3 34S1,19,32,3,,,,1,
341.1793762,341.1792391,341.1792041,1.666666667,0.222222222,C18 H30 O4 S1,18,30,4,1,,,,
341.1607274,341.1605902,341.1605766,1.529411765,0.411764706,C17 H26 O7,17,26,7,,,,,
341.1243539,341.1242167,341.1241911,1.375,0.5,C16 H22 O8,16,22,8,,,,,
341.1091746,341.1090375,341.108935,1.833333333,0.916666667,C12 H22 O11,12,22,11,,,,,
341.1032845,341.1031474,341.1030618,0.947368421,0.315789474,C19 H18 O6,19,18,6,,,,,
341.0879243,341.0877872,341.0878056,1.2,0.6,C15 H18 O9,15,18,9,,,,,
341.0667284,341.0665913,341.0666763,0.777777778,0.388888889,C18 H14 O7,18,14,7,,,,,
341.0516037,341.0514666,341.0514201,1,0.714285714,C14 H14 O10,14,14,10,,,,,
341.0305226,341.0303855,341.0302907,0.588235294,0.470588235,C17 H10 O8,17,10,8,,,,,
340.2033501,340.2032137,340.2032944,1.777777778,0.166666667,C18 H32 O3 S1 13C1,18,32,3,1,,1,,
340.2033501,340.2032137,340.2030506,1.35,0.1,C20 H27 O2 N3,20,27,2,,3,,,
340.1484483,340.1483119,340.1482814,1.5,0.4375,C16 H24 O7 13C1,16,24,7,,,1,,
340.1120021,340.1118657,340.1118959,1.333333333,0.533333333,C15 H20 O8 13C1,15,20,8,,,1,,
339.2000298,339.1998941,339.1999395,1.684210526,0.157894737,C19 H32 O3 S1,19,32,3,1,,,,
339.1813894,339.1812537,339.1813121,1.555555556,0.333333333,C18 H28 O6,18,28,6,,,,,
339.1637103,339.1635746,339.163554,1.555555556,0.222222222,C18 H28 O4 S1,18,28,4,1,,,,
339.1451412,339.1450055,339.1449266,1.411764706,0.411764706,C17 H24 O7,17,24,7,,,,,
339.1086223,339.1084867,339.1085411,1.25,0.5,C16 H20 O8,16,20,8,,,,,
339.0723496,339.0722139,339.0721556,1.066666667,0.6,C15 H16 O9,15,16,9,,,,,
339.0511081,339.0509725,339.0510262,0.666666667,0.388888889,C18 H12 O7,18,12,7,,,,,
339.0358364,339.0357008,339.0357701,0.857142857,0.714285714,C14 H12 O10,14,12,10,,,,,
338.2187093,338.2185742,338.2184259,2.2,0.466666667,C15 H33 O7 N1,15,33,7,,1,,,
338.2089222,338.2087872,338.2087737,2.266666667,0.333333333,C15 H34 O5 S1 13C1,15,34,5,1,,1,,
338.187701,338.187566,338.1876443,1.666666667,0.166666667,C18 H30 O3 S1 13C1,18,30,3,1,,1,,
338.187701,338.187566,338.1874005,1.25,0.1,C20 H25 O2 N3,20,25,2,,3,,,
338.1691796,338.1690446,338.1690169,1.529411765,0.352941176,C17 H26 O6 13C1,17,26,6,,,1,,
338.1327403,338.1326054,338.1326313,1.375,0.4375,C16 H22 O7 13C1,16,22,7,,,1,,
338.0963777,338.0962428,338.0962458,1.2,0.533333333,C15 H18 O8 13C1,15,18,8,,,1,,
337.2054999,337.2053656,337.2054188,2.125,0.3125,C16 H34 O5 S1,16,34,5,1,,,,
337.2021232,337.2019888,337.2020475,1.578947368,0.263157895,C19 H30 O5,19,30,5,,,,,
337.1843739,337.1842396,337.1842895,1.578947368,0.157894737,C19 H30 O3 S1,19,30,3,1,,,,
337.1658892,337.1657549,337.165662,1.444444444,0.333333333,C18 H26 O6,18,26,6,,,,,
337.1293293,337.129195,337.1292765,1.294117647,0.411764706,C17 H22 O7,17,22,7,,,,,
337.093101,337.0929668,337.092891,1.125,0.5,C16 H18 O8,16,18,8,,,,,
337.0565639,337.0564297,337.0565055,0.933333333,0.6,C15 H14 O9,15,14,9,,,,,
337.02033,337.0201958,337.02012,0.714285714,0.714285714,C14 H10 O10,14,10,10,,,,,
336.1534466,336.1533131,336.1533668,1.411764706,0.352941176,C17 H24 O6 13C1,17,24,6,,,1,,
336.1172014,336.1170678,336.1169813,1.25,0.4375,C16 H20 O7 13C1,16,20,7,,,1,,
335.1865421,335.1864092,335.1863975,1.473684211,0.263157895,C19 H28 O5,19,28,5,,,,,
335.1501411,335.1500083,335.150012,1.333333333,0.333333333,C18 H24 O6,18,24,6,,,,,
335.1137466,335.1136137,335.1136264,1.176470588,0.411764706,C17 H20 O7,17,20,7,,,,,
335.0774405,335.0773077,335.0772409,1,0.5,C16 H16 O8,16,16,8,,,,,
335.0750019,335.0748691,335.074739,0.8,0.15,C20 H16 O3 S1,20,16,3,1,,,,
335.0409285,335.0407957,335.0408554,0.8,0.6,C15 H12 O9,15,12,9,,,,,
335.0385225,335.0383897,335.0383535,0.631578947,0.210526316,C19 H12 O4 S1,19,12,4,1,,,,
334.1742793,334.1741471,334.1741022,1.444444444,0.277777778,C18 H26 O5 13C1,18,26,5,,,1,,
334.1377976,334.1376655,334.1377167,1.294117647,0.352941176,C17 H22 O6 13C1,17,22,6,,,1,,
333.239599,333.2394676,333.2394957,2.125,0.3125,C16 H34 O5 N2,16,34,5,,2,,,
333.207337,333.2072055,333.2071329,1.5,0.2,C20 H30 O4,20,30,4,,,,,
333.1708209,333.1706895,333.1707474,1.368421053,0.263157895,C19 H26 O5,19,26,5,,,,,
333.1345394,333.134408,333.1343619,1.222222222,0.333333333,C18 H22 O6,18,22,6,,,,,
333.0980439,333.0979125,333.0979764,1.058823529,0.411764706,C17 H18 O7,17,18,7,,,,,
333.0956424,333.095511,333.0954745,0.857142857,0.095238095,C21 H18 O2 S1,21,18,2,1,,,,
333.0829191,333.0827878,333.0827202,1.384615385,0.769230769,C13 H18 O10,13,18,10,,,,,
333.0617835,333.0616521,333.0615909,0.875,0.5,C16 H14 O8,16,14,8,,,,,
333.0593529,333.0592216,333.059089,0.7,0.15,C20 H14 O3 S1,20,14,3,1,,,,
333.0253292,333.0251979,333.0252054,0.666666667,0.6,C15 H10 O9,15,10,9,,,,,
333.0229521,333.0228208,333.0227034,0.526315789,0.210526316,C19 H10 O4 S1,19,10,4,1,,,,
331.1916542,331.1915242,331.1914828,1.4,0.2,C20 H28 O4,20,28,4,,,,,
331.1551731,331.1550431,331.1550973,1.263157895,0.263157895,C19 H24 O5,19,24,5,,,,,
331.1399678,331.1398378,331.1398412,1.6,0.533333333,C15 H24 O8,15,24,8,,,,,
331.12229,331.12216,331.1220831,1.6,0.4,C15 H24 O6 S1,15,24,6,1,,,,
331.1188937,331.1187637,331.1187118,1.111111111,0.333333333,C18 H20 O6,18,20,6,,,,,
331.103602,331.103472,331.1034557,1.428571429,0.642857143,C14 H20 O9,14,20,9,,,,,
331.0823857,331.0822558,331.0823263,0.941176471,0.411764706,C17 H16 O7,17,16,7,,,,,
331.0672246,331.0670947,331.0670702,1.230769231,0.769230769,C13 H16 O10,13,16,10,,,,,
331.0461559,331.046026,331.0459408,0.75,0.5,C16 H12 O8,16,12,8,,,,,
329.2699825,329.2698538,329.2697332,2,0.210526316,C19 H38 O4,19,38,4,,,,,
329.2333953,329.2332667,329.2333477,1.888888889,0.277777778,C18 H34 O5,18,34,5,,,,,
329.1759073,329.1757788,329.1758328,1.3,0.2,C20 H26 O4,20,26,4,,,,,
329.160646,329.1605174,329.1605766,1.625,0.4375,C16 H26 O7,16,26,7,,,,,
329.1396311,329.1395026,329.1394473,1.157894737,0.263157895,C19 H22 O5,19,22,5,,,,,
329.1243791,329.1242506,329.1241911,1.466666667,0.533333333,C15 H22 O8,15,22,8,,,,,
329.1031115,329.102983,329.1030618,1,0.333333333,C18 H18 O6,18,18,6,,,,,
329.0878951,329.0877666,329.0878056,1.285714286,0.642857143,C14 H18 O9,14,18,9,,,,,
329.0668951,329.0667666,329.0666763,0.823529412,0.411764706,C17 H14 O7,17,14,7,,,,,
329.0515488,329.0514203,329.0514201,1.076923077,0.769230769,C13 H14 O10,13,14,10,,,,,
329.0303608,329.0302324,329.0302907,0.625,0.5,C16 H10 O8,16,10,8,,,,,
328.1835132,328.1833853,328.1834401,1.764705882,0.176470588,C17 H30 O3 13C1 34S1,17,30,3,,,1,1,
328.1484728,328.1483449,328.1482814,1.6,0.466666667,C15 H24 O7 13C1,15,24,7,,,1,,
328.1119527,328.1118249,328.1118959,1.428571429,0.571428571,C14 H20 O8 13C1,14,20,8,,,1,,
327.254272,327.2541448,327.2540831,1.894736842,0.210526316,C19 H36 O4,19,36,4,,,,,
327.2177687,327.2176415,327.2176976,1.777777778,0.277777778,C18 H32 O5,18,32,5,,,,,
327.1911793,327.1910521,327.1909991,1.875,0.1875,C16 H30 O3 S1 13C2,16,30,3,1,,2,,
327.1887113,327.1885841,327.1885345,1.666666667,0.111111111,C18 H30 O2 S1 18O1,18,30,2,1,,,,1
327.1814578,327.1813307,327.1813121,1.647058824,0.352941176,C17 H28 O6,17,28,6,,,,,
327.1802808,327.1801536,327.1800853,1.666666667,0.166666667,C18 H30 O3 34S1,18,30,3,,,,1,
327.1636486,327.1635215,327.163554,1.647058824,0.235294118,C17 H28 O4 S1,17,28,4,1,,,,
327.1449847,327.1448576,327.1449266,1.5,0.4375,C16 H24 O7,16,24,7,,,,,
327.1087248,327.1085977,327.1085411,1.333333333,0.533333333,C15 H20 O8,15,20,8,,,,,
327.0874663,327.0873392,327.0874117,0.888888889,0.333333333,C18 H16 O6,18,16,6,,,,,
327.0722881,327.072161,327.0721556,1.142857143,0.642857143,C14 H16 O9,14,16,9,,,,,
327.0512156,327.0510886,327.0510262,0.705882353,0.411764706,C17 H12 O7,17,12,7,,,,,
327.0358733,327.0357463,327.0357701,0.923076923,0.769230769,C13 H12 O10,13,12,10,,,,,
326.1876959,326.1875694,326.1876443,1.764705882,0.176470588,C17 H30 O3 S1 13C1,17,30,3,1,,1,,
326.1327037,326.1325773,326.1326313,1.466666667,0.466666667,C15 H22 O7 13C1,15,22,7,,,1,,
326.0964427,326.0963164,326.0962458,1.285714286,0.571428571,C14 H18 O8 13C1,14,18,8,,,1,,
325.2022322,325.2021064,325.2020475,1.666666667,0.277777778,C18 H30 O5,18,30,5,,,,,
325.1843338,325.1842081,325.1842895,1.666666667,0.166666667,C18 H30 O3 S1,18,30,3,1,,,,
325.1657328,325.1656071,325.165662,1.529411765,0.352941176,C17 H26 O6,17,26,6,,,,,
325.1480488,325.1479231,325.147904,1.529411765,0.235294118,C17 H26 O4 S1,17,26,4,1,,,,
325.1294309,325.1293052,325.1292765,1.375,0.4375,C16 H22 O7,16,22,7,,,,,
325.0930148,325.0928892,325.092891,1.2,0.533333333,C15 H18 O8,15,18,8,,,,,
325.0719648,325.0718392,325.0717616,0.777777778,0.333333333,C18 H14 O6,18,14,6,,,,,
325.0565894,325.0564638,325.0565055,1,0.642857143,C14 H14 O9,14,14,9,,,,,
325.0354704,325.0353448,325.0353761,0.588235294,0.411764706,C17 H10 O7,17,10,7,,,,,
325.0203385,325.0202129,325.02012,0.769230769,0.769230769,C13 H10 O10,13,10,10,,,,,
324.1720676,324.1719426,324.1719942,1.647058824,0.176470588,C17 H28 O3 S1 13C1,17,28,3,1,,1,,
324.1534526,324.1533276,324.1533668,1.5,0.375,C16 H24 O6 13C1,16,24,6,,,1,,
324.1171074,324.1169824,324.1169813,1.333333333,0.466666667,C15 H20 O7 13C1,15,20,7,,,1,,
323.1865509,323.1864266,323.1863975,1.555555556,0.277777778,C18 H28 O5,18,28,5,,,,,
323.1686963,323.168572,323.1686394,1.555555556,0.166666667,C18 H28 O3 S1,18,28,3,1,,,,
323.1501687,323.1500444,323.150012,1.411764706,0.352941176,C17 H24 O6,17,24,6,,,,,
323.1137139,323.1135897,323.1136264,1.25,0.4375,C16 H20 O7,16,20,7,,,,,
323.0774297,323.0773055,323.0772409,1.066666667,0.533333333,C15 H16 O8,15,16,8,,,,,
323.0408903,323.0407661,323.0408554,0.857142857,0.642857143,C14 H12 O9,14,12,9,,,,,
322.13793,322.1378064,322.1377167,1.375,0.375,C16 H22 O6 13C1,16,22,6,,,1,,
322.1014431,322.1013195,322.1013312,1.2,0.466666667,C15 H18 O7 13C1,15,18,7,,,1,,
321.2106423,321.2105194,321.2105042,2.125,0.25,C16 H34 O4 S1,16,34,4,1,,,,
321.1742978,321.1741749,321.1741187,2,0.333333333,C15 H30 O5 S1,15,30,5,1,,,,
321.1709388,321.1708159,321.1707474,1.444444444,0.277777778,C18 H26 O5,18,26,5,,,,,
321.1344174,321.1342946,321.1343619,1.294117647,0.352941176,C17 H22 O6,17,22,6,,,,,
321.0981615,321.0980387,321.0979764,1.125,0.4375,C16 H18 O7,16,18,7,,,,,
321.0616912,321.0615685,321.0615909,0.933333333,0.533333333,C15 H14 O8,15,14,8,,,,,
321.0252918,321.0251691,321.0252054,0.714285714,0.642857143,C14 H10 O9,14,10,9,,,,,
320.1222136,320.1220915,320.1220667,1.25,0.375,C16 H20 O6 13C1,16,20,6,,,1,,
319.1915922,319.1914707,319.1914828,1.473684211,0.210526316,C19 H28 O4,19,28,4,,,,,
319.1551997,319.1550783,319.1550973,1.333333333,0.277777778,C18 H24 O5,18,24,5,,,,,
319.1188974,319.118776,319.1187118,1.176470588,0.352941176,C17 H20 O6,17,20,6,,,,,
319.0823694,319.082248,319.0823263,1,0.4375,C16 H16 O7,16,16,7,,,,,
319.0799742,319.0798528,319.0798244,0.8,0.1,C20 H16 O2 S1,20,16,2,1,,,,
319.0461204,319.045999,319.0459408,0.8,0.533333333,C15 H12 O8,15,12,8,,,,,
317.2446635,317.2445434,317.2445811,2.125,0.25,C16 H34 O4 N2,16,34,4,,2,,,
317.1759211,317.175801,317.1758328,1.368421053,0.210526316,C19 H26 O4,19,26,4,,,,,
317.1395196,317.1393996,317.1394473,1.222222222,0.277777778,C18 H22 O5,18,22,5,,,,,
317.1242591,317.1241391,317.1241911,1.571428571,0.571428571,C14 H22 O8,14,22,8,,,,,
317.1032325,317.1031125,317.1030618,1.058823529,0.352941176,C17 H18 O6,17,18,6,,,,,
317.0879523,317.0878324,317.0878056,1.384615385,0.692307692,C13 H18 O9,13,18,9,,,,,
317.0667224,317.0666024,317.0666763,0.875,0.4375,C16 H14 O7,16,14,7,,,,,
317.0515512,317.0514312,317.0514201,1.166666667,0.833333333,C12 H14 O10,12,14,10,,,,,
317.0304658,317.0303459,317.0302907,0.666666667,0.533333333,C15 H10 O8,15,10,8,,,,,
315.2541952,315.2540766,315.2540831,2,0.222222222,C18 H36 O4,18,36,4,,,,,
315.1815048,315.1813861,315.1813121,1.75,0.375,C16 H28 O6,16,28,6,,,,,
315.160254,315.1601354,315.1601827,1.263157895,0.210526316,C19 H24 O4,19,24,4,,,,,
315.1449807,315.1448621,315.1449266,1.6,0.466666667,C15 H24 O7,15,24,7,,,,,
315.123977,315.1238584,315.1237972,1.111111111,0.277777778,C18 H20 O5,18,20,5,,,,,
315.1086416,315.108523,315.1085411,1.428571429,0.571428571,C14 H20 O8,14,20,8,,,,,
315.0874787,315.0873602,315.0874117,0.941176471,0.352941176,C17 H16 O6,17,16,6,,,,,
315.0723091,315.0721905,315.0721556,1.230769231,0.692307692,C13 H16 O9,13,16,9,,,,,
315.0511453,315.0510268,315.0510262,0.75,0.4375,C16 H12 O7,16,12,7,,,,,
315.0358238,315.0357053,315.0357701,1,0.833333333,C12 H12 O10,12,12,10,,,,,
314.1678506,314.1677326,314.1677901,1.75,0.1875,C16 H28 O3 13C1 34S1,16,28,3,,,1,1,
314.1327375,314.1326196,314.1326313,1.571428571,0.5,C14 H22 O7 13C1,14,22,7,,,1,,
314.0964339,314.096316,314.0962458,1.384615385,0.615384615,C13 H18 O8 13C1,13,18,8,,,1,,
313.2386094,313.2384921,313.238433,1.888888889,0.222222222,C18 H34 O4,18,34,4,,,,,
313.1811114,313.1809941,313.1809182,1.3,0.15,C20 H26 O3,20,26,3,,,,,
313.1755161,313.1753989,313.1753491,1.866666667,0.2,C15 H28 O3 S1 13C2,15,28,3,1,,2,,
313.1730381,313.1729208,313.1728844,1.647058824,0.117647059,C17 H28 O2 S1 18O1,17,28,2,1,,,,1
313.1657393,313.1656221,313.165662,1.625,0.375,C16 H26 O6,16,26,6,,,,,
313.1645061,313.1643888,313.1644352,1.647058824,0.176470588,C17 H28 O3 34S1,17,28,3,,,,1,
313.1479559,313.1478387,313.147904,1.625,0.25,C16 H26 O4 S1,16,26,4,1,,,,
313.129466,313.1293488,313.1292765,1.466666667,0.466666667,C15 H22 O7,15,22,7,,,,,
313.0929531,313.0928359,313.092891,1.285714286,0.571428571,C14 H18 O8,14,18,8,,,,,
313.0719417,313.0718245,313.0717616,0.823529412,0.352941176,C17 H14 O6,17,14,6,,,,,
313.0566262,313.056509,313.0565055,1.076923077,0.692307692,C13 H14 O9,13,14,9,,,,,
313.0354222,313.0353051,313.0353761,0.625,0.4375,C16 H10 O7,16,10,7,,,,,
312.175089,312.1749725,312.1751218,1.8,0.133333333,C15 H27 O2 S1 N3,15,27,2,1,3,,,
312.1721677,312.1720511,312.1719942,1.75,0.1875,C16 H28 O3 S1 13C1,16,28,3,1,,1,,
312.1534564,312.1533399,312.1533668,1.6,0.4,C15 H24 O6 13C1,15,24,6,,,1,,
312.1171568,312.1170403,312.1169813,1.428571429,0.5,C14 H20 O7 13C1,14,20,7,,,1,,
311.2229539,311.2228381,311.222783,1.777777778,0.222222222,C18 H32 O4,18,32,4,,,,,
311.1864882,311.1863724,311.1863975,1.647058824,0.294117647,C17 H28 O5,17,28,5,,,,,
311.1687625,311.1686467,311.1686394,1.647058824,0.176470588,C17 H28 O3 S1,17,28,3,1,,,,
311.1500833,311.1499675,311.150012,1.5,0.375,C16 H24 O6,16,24,6,,,,,
311.1138016,311.1136858,311.1136264,1.333333333,0.466666667,C15 H20 O7,15,20,7,,,,,
311.0772947,311.077179,311.0772409,1.142857143,0.571428571,C14 H16 O8,14,16,8,,,,,
311.0563028,311.056187,311.0561116,0.705882353,0.352941176,C17 H12 O6,17,12,6,,,,,
311.0409511,311.0408354,311.0408554,0.923076923,0.692307692,C13 H12 O9,13,12,9,,,,,
310.1776443,310.1775292,310.1774735,2.307692308,0.384615385,C13 H30 O5 S1 13C1,13,30,5,1,,1,,
310.1564181,310.156303,310.1563442,1.625,0.1875,C16 H26 O3 S1 13C1,16,26,3,1,,1,,
310.1377746,310.1376595,310.1377167,1.466666667,0.4,C15 H22 O6 13C1,15,22,6,,,1,,
310.1013945,310.1012794,310.1013312,1.285714286,0.5,C14 H18 O7 13C1,14,18,7,,,1,,
309.2072264,309.207112,309.2071329,1.666666667,0.222222222,C18 H30 O4,18,30,4,,,,,
309.1742085,309.1740941,309.1741187,2.142857143,0.357142857,C14 H30 O5 S1,14,30,5,1,,,,
309.1708089,309.1706945,309.1707474,1.529411765,0.294117647,C17 H26 O5,17,26,5,,,,,
309.1530711,309.1529566,309.1529893,1.529411765,0.176470588,C17 H26 O3 S1,17,26,3,1,,,,
309.1345417,309.1344273,309.1343619,1.375,0.375,C16 H22 O6,16,22,6,,,,,
309.0980717,309.0979574,309.0979764,1.2,0.466666667,C15 H18 O7,15,18,7,,,,,
309.0616561,309.0615418,309.0615909,1,0.571428571,C14 H14 O8,14,14,8,,,,,
309.0253899,309.0252756,309.0252054,0.769230769,0.692307692,C13 H10 O9,13,10,9,,,,,
308.1221779,308.1220642,308.1220667,1.333333333,0.4,C15 H20 O6 13C1,15,20,6,,,1,,
307.1916371,307.1915241,307.1914828,1.555555556,0.222222222,C18 H28 O4,18,28,4,,,,,
307.1552322,307.1551192,307.1550973,1.411764706,0.294117647,C17 H24 O5,17,24,5,,,,,
307.1187514,307.1186384,307.1187118,1.25,0.375,C16 H20 O6,16,20,6,,,,,
307.0824672,307.0823542,307.0823263,1.066666667,0.466666667,C15 H16 O7,15,16,7,,,,,
307.0461076,307.0459946,307.0459408,0.857142857,0.571428571,C14 H12 O8,14,12,8,,,,,
305.2487554,305.2486438,305.2486038,1.7,0.1,C20 H34 O2,20,34,2,,,,,
305.175916,305.1758044,305.1758328,1.444444444,0.222222222,C18 H26 O4,18,26,4,,,,,
305.1396192,305.1395076,305.1394473,1.294117647,0.294117647,C17 H22 O5,17,22,5,,,,,
305.1031455,305.1030339,305.1030618,1.125,0.375,C16 H18 O6,16,18,6,,,,,
305.0667409,305.0666294,305.0666763,0.933333333,0.466666667,C15 H14 O7,15,14,7,,,,,
305.0304701,305.0303585,305.0302907,0.714285714,0.571428571,C14 H10 O8,14,10,8,,,,,
303.2330731,303.2329629,303.2329537,1.6,0.1,C20 H32 O2,20,32,2,,,,,
303.1603085,303.1601982,303.1601827,1.333333333,0.222222222,C18 H24 O4,18,24,4,,,,,
303.1239514,303.1238412,303.1237972,1.176470588,0.294117647,C17 H20 O5,17,20,5,,,,,
303.1086542,303.108544,303.1085411,1.538461538,0.615384615,C13 H20 O8,13,20,8,,,,,
303.0874703,303.0873601,303.0874117,1,0.375,C16 H16 O6,16,16,6,,,,,
303.0723153,303.0722051,303.0721556,1.333333333,0.75,C12 H16 O9,12,16,9,,,,,
303.0511025,303.0509923,303.0510262,0.8,0.466666667,C15 H12 O7,15,12,7,,,,,
301.2386243,301.2385155,301.238433,2,0.235294118,C17 H34 O4,17,34,4,,,,,
301.2173485,301.2172397,301.2173037,1.5,0.1,C20 H30 O2,20,30,2,,,,,
301.1656989,301.16559,301.165662,1.733333333,0.4,C15 H26 O6,15,26,6,,,,,
301.1293898,301.129281,301.1292765,1.571428571,0.5,C14 H22 O7,14,22,7,,,,,
301.1082094,301.1081006,301.1081471,1.058823529,0.294117647,C17 H18 O5,17,18,5,,,,,
301.0930503,301.0929415,301.092891,1.384615385,0.615384615,C13 H18 O8,13,18,8,,,,,
301.0718247,301.071716,301.0717616,0.875,0.375,C16 H14 O6,16,14,6,,,,,
301.056573,301.0564642,301.0565055,1.166666667,0.75,C12 H14 O9,12,14,9,,,,,
301.0355291,301.0354204,301.0353761,0.666666667,0.466666667,C15 H10 O7,15,10,7,,,,,
300.1170289,300.1169208,300.1169813,1.538461538,0.538461538,C13 H20 O7 13C1,13,20,7,,,1,,
299.2592836,299.2591761,299.2591685,2,0.166666667,C18 H36 O3,18,36,3,,,,,
299.2228309,299.2227234,299.222783,1.882352941,0.235294118,C17 H32 O4,17,32,4,,,,,
299.2018073,299.2016998,299.2016536,1.4,0.1,C20 H28 O2,20,28,2,,,,,
299.1598394,299.1597319,299.159699,1.857142857,0.214285714,C14 H26 O3 S1 13C2,14,26,3,1,,2,,
299.1501722,299.1500648,299.150012,1.6,0.4,C15 H24 O6,15,24,6,,,,,
299.148941,299.1488336,299.1487852,1.625,0.1875,C16 H26 O3 34S1,16,26,3,,,,1,
299.1137279,299.1136204,299.1136264,1.428571429,0.5,C14 H20 O7,14,20,7,,,,,
299.0772979,299.0771906,299.0772409,1.230769231,0.615384615,C13 H16 O8,13,16,8,,,,,
299.056272,299.0561647,299.0561116,0.75,0.375,C16 H12 O6,16,12,6,,,,,
299.0409744,299.0408671,299.0408554,1,0.75,C12 H12 O9,12,12,9,,,,,
298.156429,298.1563222,298.1563442,1.733333333,0.2,C15 H26 O3 S1 13C1,15,26,3,1,,1,,
298.137799,298.1376922,298.1377167,1.571428571,0.428571429,C14 H22 O6 13C1,14,22,6,,,1,,
298.1013961,298.1012893,298.1013312,1.384615385,0.538461538,C13 H18 O7 13C1,13,18,7,,,1,,
297.2436666,297.2435605,297.2435184,1.888888889,0.166666667,C18 H34 O3,18,34,3,,,,,
297.170805,297.1706989,297.1707474,1.625,0.3125,C16 H26 O5,16,26,5,,,,,
297.1531257,297.1530197,297.1529893,1.625,0.1875,C16 H26 O3 S1,16,26,3,1,,,,
297.134438,297.1343319,297.1343619,1.466666667,0.4,C15 H22 O6,15,22,6,,,,,
297.0981345,297.0980285,297.0979764,1.285714286,0.5,C14 H18 O7,14,18,7,,,,,
297.0617298,297.0616238,297.0615909,1.076923077,0.615384615,C13 H14 O8,13,14,8,,,,,
297.0405655,297.0404595,297.0404615,0.625,0.375,C16 H10 O6,16,10,6,,,,,
297.0252491,297.0251431,297.0252054,0.833333333,0.75,C12 H10 O9,12,10,9,,,,,
296.1221152,296.1220099,296.1220667,1.428571429,0.428571429,C14 H20 O6 13C1,14,20,6,,,1,,
295.2279761,295.2278714,295.2278684,1.777777778,0.166666667,C18 H32 O3,18,32,3,,,,,
295.1551989,295.1550942,295.1550973,1.5,0.3125,C16 H24 O5,16,24,5,,,,,
295.1374798,295.1373751,295.1373393,1.5,0.1875,C16 H24 O3 S1,16,24,3,1,,,,
295.118749,295.1186443,295.1187118,1.333333333,0.4,C15 H20 O6,15,20,6,,,,,
295.0824061,295.0823014,295.0823263,1.142857143,0.5,C14 H16 O7,14,16,7,,,,,
295.0461047,295.0460001,295.0459408,0.923076923,0.615384615,C13 H12 O8,13,12,8,,,,,
294.182608,294.182504,294.1825589,2.307692308,0.307692308,C13 H30 O4 S1 13C1,13,30,4,1,,1,,
294.1065659,294.106462,294.1064166,1.285714286,0.428571429,C14 H18 O6 13C1,14,18,6,,,1,,
293.2123217,293.2122184,293.2122183,1.666666667,0.166666667,C18 H30 O3,18,30,3,,,,,
293.1793575,293.1792542,293.1792041,2.142857143,0.285714286,C14 H30 O4 S1,14,30,4,1,,,,
293.1759877,293.1758844,293.1758328,1.529411765,0.235294118,C17 H26 O4,17,26,4,,,,,
293.139567,293.1394637,293.1394473,1.375,0.3125,C16 H22 O5,16,22,5,,,,,
293.1031087,293.1030054,293.1030618,1.2,0.4,C15 H18 O6,15,18,6,,,,,
293.0667415,293.0666383,293.0666763,1,0.5,C14 H14 O7,14,14,7,,,,,
293.049107,293.0490037,293.0489182,1,0.357142857,C14 H14 O5 S1,14,14,5,1,,,,
293.0304361,293.0303329,293.0302907,0.769230769,0.615384615,C13 H10 O8,13,10,8,,,,,
292.2131891,292.2130865,292.2129466,2.214285714,0.357142857,C14 H31 O5 N1,14,31,5,,1,,,
291.1603445,291.1602426,291.1601827,1.411764706,0.235294118,C17 H24 O4,17,24,4,,,,,
291.1239041,291.1238022,291.1237972,1.25,0.3125,C16 H20 O5,16,20,5,,,,,
291.0874599,291.087358,291.0874117,1.066666667,0.4,C15 H16 O6,15,16,6,,,,,
291.0511073,291.0510055,291.0510262,0.857142857,0.5,C14 H12 O7,14,12,7,,,,,
291.014775,291.0146731,291.0146407,0.615384615,0.615384615,C13 H8 O8,13,8,8,,,,,
289.1446503,289.1445498,289.1445327,1.294117647,0.235294118,C17 H22 O4,17,22,4,,,,,
289.1082003,289.1080998,289.1081471,1.125,0.3125,C16 H18 O5,16,18,5,,,,,
289.093054,289.0929535,289.092891,1.5,0.666666667,C12 H18 O8,12,18,8,,,,,
289.071813,289.0717125,289.0717616,0.933333333,0.4,C15 H14 O6,15,14,6,,,,,
289.0565912,289.0564907,289.0565055,1.272727273,0.818181818,C11 H14 O9,11,14,9,,,,,
289.0355008,289.0354003,289.0353761,0.714285714,0.5,C14 H10 O7,14,10,7,,,,,
287.2228424,287.2227431,287.222783,2,0.25,C16 H32 O4,16,32,4,,,,,
287.1501713,287.1500722,287.150012,1.714285714,0.428571429,C14 H24 O6,14,24,6,,,,,
287.1289303,287.1288312,287.1288826,1.176470588,0.235294118,C17 H20 O4,17,20,4,,,,,
287.1137883,287.1136891,287.1136264,1.538461538,0.538461538,C13 H20 O7,13,20,7,,,,,
287.0925626,287.0924634,287.0924971,1,0.3125,C16 H16 O5,16,16,5,,,,,
287.0773288,287.0772296,287.0772409,1.333333333,0.666666667,C12 H16 O8,12,16,8,,,,,
287.0562124,287.0561133,287.0561116,0.8,0.4,C15 H12 O6,15,12,6,,,,,
287.0408971,287.040798,287.0408554,1.090909091,0.818181818,C11 H12 O9,11,12,9,,,,,
285.2436035,285.2435056,285.2435184,2,0.176470588,C17 H34 O3,17,34,3,,,,,
285.2072517,285.2071538,285.2071329,1.875,0.25,C16 H30 O4,16,30,4,,,,,
285.1345003,285.1344025,285.1343619,1.571428571,0.428571429,C14 H22 O6,14,22,6,,,,,
285.0980596,285.0979618,285.0979764,1.384615385,0.538461538,C13 H18 O7,13,18,7,,,,,
285.0616336,285.0615358,285.0615909,1.166666667,0.666666667,C12 H14 O8,12,14,8,,,,,
285.040639,285.0405413,285.0404615,0.666666667,0.4,C15 H10 O6,15,10,6,,,,,
284.2677323,284.2676351,284.2676087,2.117647059,0.117647059,C17 H36 O2 13C1,17,36,2,,,1,,
284.1221604,284.1220633,284.1220667,1.538461538,0.461538462,C13 H20 O6 13C1,13,20,6,,,1,,
283.2643996,283.2643031,283.2642539,2,0.111111111,C18 H36 O2,18,36,2,,,,,
283.2279886,283.2278921,283.2278684,1.882352941,0.176470588,C17 H32 O3,17,32,3,,,,,
283.1551756,283.1550792,283.1550973,1.6,0.333333333,C15 H24 O5,15,24,5,,,,,
283.1374707,283.1373743,283.1373393,1.6,0.2,C15 H24 O3 S1,15,24,3,1,,,,
283.118764,283.1186676,283.1187118,1.428571429,0.428571429,C14 H20 O6,14,20,6,,,,,
283.0823753,283.0822789,283.0823263,1.230769231,0.538461538,C13 H16 O7,13,16,7,,,,,
283.0613438,283.0612474,283.061197,0.75,0.3125,C16 H12 O5,16,12,5,,,,,
283.0460103,283.0459139,283.0459408,1,0.666666667,C12 H12 O8,12,12,8,,,,,
282.2520011,282.2519053,282.2519586,2,0.117647059,C17 H34 O2 13C1,17,34,2,,,1,,
282.1429299,282.1428341,282.1428021,1.571428571,0.357142857,C14 H22 O5 13C1,14,22,5,,,1,,
282.1065744,282.1064787,282.1064166,1.384615385,0.461538462,C13 H18 O6 13C1,13,18,6,,,1,,
281.2487461,281.2486509,281.2486038,1.888888889,0.111111111,C18 H34 O2,18,34,2,,,,,
281.1758817,281.1757866,281.1758328,1.625,0.25,C16 H26 O4,16,26,4,,,,,
281.1395001,281.139405,281.1394473,1.466666667,0.333333333,C15 H22 O5,15,22,5,,,,,
281.1031246,281.1030295,281.1030618,1.285714286,0.428571429,C14 H18 O6,14,18,6,,,,,
281.066789,281.066694,281.0666763,1.076923077,0.538461538,C13 H14 O7,13,14,7,,,,,
281.0304234,281.0303284,281.0302907,0.833333333,0.666666667,C12 H10 O8,12,10,8,,,,,
280.2647737,280.2646792,280.2645882,1.944444444,0.055555556,C18 H35 O1 N1,18,35,1,,1,,,
280.1271977,280.1271033,280.127152,1.428571429,0.357142857,C14 H20 O5 13C1,14,20,5,,,1,,
279.2329959,279.2329021,279.2329537,1.777777778,0.111111111,C18 H32 O2,18,32,2,,,,,
279.1636407,279.1635469,279.163554,2.153846154,0.307692308,C13 H28 O4 S1,13,28,4,1,,,,
279.1602392,279.1601454,279.1601827,1.5,0.25,C16 H24 O4,16,24,4,,,,,
279.1238741,279.1237804,279.1237972,1.333333333,0.333333333,C15 H20 O5,15,20,5,,,,,
279.0875327,279.087439,279.0874117,1.142857143,0.428571429,C14 H16 O6,14,16,6,,,,,
279.0511644,279.0510707,279.0510262,0.923076923,0.538461538,C13 H12 O7,13,12,7,,,,,
279.0147937,279.0147001,279.0146407,0.666666667,0.666666667,C12 H8 O8,12,8,8,,,,,
277.1445938,277.1445014,277.1445327,1.375,0.25,C16 H22 O4,16,22,4,,,,,
277.108249,277.1081567,277.1081471,1.2,0.333333333,C15 H18 O5,15,18,5,,,,,
277.0718892,277.0717969,277.0717616,1,0.428571429,C14 H14 O6,14,14,6,,,,,
277.0355106,277.0354183,277.0353761,0.769230769,0.538461538,C13 H10 O7,13,10,7,,,,,
275.1289593,275.1288683,275.1288826,1.25,0.25,C16 H20 O4,16,20,4,,,,,
275.0925732,275.0924822,275.0924971,1.066666667,0.333333333,C15 H16 O5,15,16,5,,,,,
275.0562219,275.0561309,275.0561116,0.857142857,0.428571429,C14 H12 O6,14,12,6,,,,,
275.0198147,275.0197237,275.0197261,0.615384615,0.538461538,C13 H8 O7,13,8,7,,,,,
273.2072654,273.2071756,273.2071329,2,0.266666667,C15 H30 O4,15,30,4,,,,,
273.1345014,273.1344118,273.1343619,1.692307692,0.461538462,C13 H22 O6,13,22,6,,,,,
273.0981091,273.0980194,273.0979764,1.5,0.583333333,C12 H18 O7,12,18,7,,,,,
273.0768781,273.0767885,273.076847,0.933333333,0.333333333,C15 H14 O5,15,14,5,,,,,
273.0617262,273.0616366,273.0615909,1.272727273,0.727272727,C11 H14 O8,11,14,8,,,,,
273.0404678,273.0403782,273.0404615,0.714285714,0.428571429,C14 H10 O6,14,10,6,,,,,
271.2279304,271.227842,271.2278684,2,0.1875,C16 H32 O3,16,32,3,,,,,
271.1551719,271.1550836,271.1550973,1.714285714,0.357142857,C14 H24 O5,14,24,5,,,,,
271.1187835,271.1186952,271.1187118,1.538461538,0.461538462,C13 H20 O6,13,20,6,,,,,
271.0823989,271.0823106,271.0823263,1.333333333,0.583333333,C12 H16 O7,12,16,7,,,,,
271.0613115,271.0612232,271.061197,0.8,0.333333333,C15 H12 O5,15,12,5,,,,,
271.0460262,271.0459379,271.0459408,1.090909091,0.727272727,C11 H12 O8,11,12,8,,,,,
271.0249357,271.0248474,271.0248114,0.571428571,0.428571429,C14 H8 O6,14,8,6,,,,,
270.2521123,270.2520246,270.2519586,2.125,0.125,C16 H34 O2 13C1,16,34,2,,,1,,
270.1065647,270.1064771,270.1064166,1.5,0.5,C12 H18 O6 13C1,12,18,6,,,1,,
269.2487197,269.2486327,269.2486038,2,0.117647059,C17 H34 O2,17,34,2,,,,,
269.2123243,269.2122373,269.2122183,1.875,0.1875,C16 H30 O3,16,30,3,,,,,
269.1395721,269.1394851,269.1394473,1.571428571,0.357142857,C14 H22 O5,14,22,5,,,,,
269.1031921,269.1031051,269.1030618,1.384615385,0.461538462,C13 H18 O6,13,18,6,,,,,
269.0667908,269.0667039,269.0666763,1.166666667,0.583333333,C12 H14 O7,12,14,7,,,,,
269.0455901,269.0455031,269.0455469,0.666666667,0.333333333,C15 H10 O5,15,10,5,,,,,
269.0304168,269.0303298,269.0302907,0.909090909,0.727272727,C11 H10 O8,11,10,8,,,,,
267.2329845,267.2328988,267.2329537,1.882352941,0.117647059,C17 H32 O2,17,32,2,,,,,
267.1966086,267.1965229,267.1965682,1.75,0.1875,C16 H28 O3,16,28,3,,,,,
267.1602473,267.1601616,267.1601827,1.6,0.266666667,C15 H24 O4,15,24,4,,,,,
267.1438261,267.1437405,267.1436998,2.166666667,0.333333333,C12 H26 O4 34S1,12,26,4,,,,1,
267.123853,267.1237673,267.1237972,1.428571429,0.357142857,C14 H20 O5,14,20,5,,,,,
267.0874847,267.0873991,267.0874117,1.230769231,0.461538462,C13 H16 O6,13,16,6,,,,,
267.0511194,267.0510338,267.0510262,1,0.583333333,C12 H12 O7,12,12,7,,,,,
267.014739,267.0146535,267.0146407,0.727272727,0.727272727,C11 H8 O8,11,8,8,,,,,
266.151296,266.151211,266.1512588,2.363636364,0.363636364,C11 H26 O4 S1 13C1,11,26,4,1,,1,,
265.1479454,265.147861,265.147904,2.166666667,0.333333333,C12 H26 O4 S1,12,26,4,1,,,,
265.1446037,265.1445194,265.1445327,1.466666667,0.266666667,C15 H22 O4,15,22,4,,,,,
265.1082653,265.108181,265.1081471,1.285714286,0.357142857,C14 H18 O5,14,18,5,,,,,
265.0718752,265.071791,265.0717616,1.076923077,0.461538462,C13 H14 O6,13,14,6,,,,,
265.0355107,265.0354264,265.0353761,0.833333333,0.583333333,C12 H10 O7,12,10,7,,,,,
264.1241953,264.1241117,264.1241316,1.357142857,0.285714286,C14 H19 O4 N1,14,19,4,,1,,,
263.128996,263.128913,263.1288826,1.333333333,0.266666667,C15 H20 O4,15,20,4,,,,,
263.0925656,263.0924827,263.0924971,1.142857143,0.357142857,C14 H16 O5,14,16,5,,,,,
263.0561611,263.0560782,263.0561116,0.923076923,0.461538462,C13 H12 O6,13,12,6,,,,,
263.0197657,263.0196828,263.0197261,0.666666667,0.583333333,C12 H8 O7,12,8,7,,,,,
261.1133429,261.1132613,261.1132325,1.2,0.266666667,C15 H18 O4,15,18,4,,,,,
261.0769699,261.0768883,261.076847,1,0.357142857,C14 H14 O5,14,14,5,,,,,
261.0405553,261.0404737,261.0404615,0.769230769,0.461538462,C13 H10 O6,13,10,6,,,,,
259.1187644,259.1186841,259.1187118,1.666666667,0.5,C12 H20 O6,12,20,6,,,,,
259.0976629,259.0975826,259.0975825,1.066666667,0.266666667,C15 H16 O4,15,16,4,,,,,
259.0824059,259.0823256,259.0823263,1.454545455,0.636363636,C11 H16 O7,11,16,7,,,,,
259.0612468,259.0611665,259.061197,0.857142857,0.357142857,C14 H12 O5,14,12,5,,,,,
259.0460656,259.0459854,259.0459408,1.2,0.8,C10 H12 O8,10,12,8,,,,,
259.0248395,259.0247593,259.0248114,0.615384615,0.461538462,C13 H8 O6,13,8,6,,,,,
257.2397848,257.2397057,257.2396634,2.285714286,0.142857143,C14 H32 O2 13C2,14,32,2,,,2,,
257.2123117,257.2122326,257.2122183,2,0.2,C15 H30 O3,15,30,3,,,,,
257.1759536,257.1758746,257.1758328,1.857142857,0.285714286,C14 H26 O4,14,26,4,,,,,
257.1395589,257.1394799,257.1394473,1.692307692,0.384615385,C13 H22 O5,13,22,5,,,,,
257.103133,257.103054,257.1030618,1.5,0.5,C12 H18 O6,12,18,6,,,,,
257.0667088,257.0666299,257.0666763,1.272727273,0.636363636,C11 H14 O7,11,14,7,,,,,
257.0456527,257.0455737,257.0455469,0.714285714,0.357142857,C14 H10 O5,14,10,5,,,,,
257.0303244,257.0302455,257.0302907,1,0.8,C10 H10 O8,10,10,8,,,,,
256.2364179,256.2363395,256.2363086,2.133333333,0.133333333,C15 H32 O2 13C1,15,32,2,,,1,,
255.2330226,255.2329449,255.2329537,2,0.125,C16 H32 O2,16,32,2,,,,,
255.1966703,255.1965926,255.1965682,1.866666667,0.2,C15 H28 O3,15,28,3,,,,,
255.1602941,255.1602165,255.1601827,1.714285714,0.285714286,C14 H24 O4,14,24,4,,,,,
255.123855,255.1237774,255.1237972,1.538461538,0.384615385,C13 H20 O5,13,20,5,,,,,
255.0874389,255.0873613,255.0874117,1.333333333,0.5,C12 H16 O6,12,16,6,,,,,
255.0510865,255.0510088,255.0510262,1.090909091,0.636363636,C11 H12 O7,11,12,7,,,,,
255.0147463,255.0146688,255.0146407,0.8,0.8,C10 H8 O8,10,8,8,,,,,
254.2207655,254.2206884,254.2206585,2,0.133333333,C15 H30 O2 13C1,15,30,2,,,1,,
253.2173465,253.2172701,253.2173037,1.875,0.125,C16 H30 O2,16,30,2,,,,,
253.1446404,253.1445641,253.1445327,1.571428571,0.285714286,C14 H22 O4,14,22,4,,,,,
253.1082515,253.1081752,253.1081471,1.384615385,0.384615385,C13 H18 O5,13,18,5,,,,,
253.0831033,253.083027,253.082995,1.272727273,0.454545455,C11 H14 O5 N2,11,14,5,,2,,,
253.0718306,253.0717543,253.0717616,1.166666667,0.5,C12 H14 O6,12,14,6,,,,,
253.0354189,253.0353426,253.0353761,0.909090909,0.636363636,C11 H10 O7,11,10,7,,,,,
251.1653689,251.1652938,251.1652681,1.6,0.2,C15 H24 O3,15,24,3,,,,,
251.1289792,251.1289041,251.1288826,1.428571429,0.285714286,C14 H20 O4,14,20,4,,,,,
251.0925389,251.0924639,251.0924971,1.230769231,0.384615385,C13 H16 O5,13,16,5,,,,,
251.0561765,251.0561015,251.0561116,1,0.5,C12 H12 O6,12,12,6,,,,,
251.0198396,251.0197647,251.0197261,0.727272727,0.636363636,C11 H8 O7,11,8,7,,,,,
250.1449628,250.1448884,250.144867,1.5,0.214285714,C14 H21 O3 N1,14,21,3,,1,,,
249.1497207,249.149647,249.149618,1.466666667,0.2,C15 H22 O3,15,22,3,,,,,
249.1133345,249.1132608,249.1132325,1.285714286,0.285714286,C14 H18 O4,14,18,4,,,,,
249.0768797,249.0768061,249.076847,1.076923077,0.384615385,C13 H14 O5,13,14,5,,,,,
249.0405354,249.0404617,249.0404615,0.833333333,0.5,C12 H10 O6,12,10,6,,,,,
247.1340016,247.1339292,247.133968,1.333333333,0.2,C15 H20 O3,15,20,3,,,,,
247.097691,247.0976186,247.0975825,1.142857143,0.285714286,C14 H16 O4,14,16,4,,,,,
247.0612882,247.0612158,247.061197,0.923076923,0.384615385,C13 H12 O5,13,12,5,,,,,
247.0248386,247.0247663,247.0248114,0.666666667,0.5,C12 H8 O6,12,8,6,,,,,
245.0456128,245.0455418,245.0455469,0.769230769,0.384615385,C13 H10 O5,13,10,5,,,,,
243.1966582,243.1965883,243.1965682,2,0.214285714,C14 H28 O3,14,28,3,,,,,
243.1602719,243.1602021,243.1601827,1.846153846,0.307692308,C13 H24 O4,13,24,4,,,,,
243.1238341,243.1237644,243.1237972,1.666666667,0.416666667,C12 H20 O5,12,20,5,,,,,
243.087515,243.0874453,243.0874117,1.454545455,0.545454545,C11 H16 O6,11,16,6,,,,,
243.0510775,243.0510078,243.0510262,1.2,0.7,C10 H12 O7,10,12,7,,,,,
242.2207554,242.2206862,242.2206585,2.142857143,0.142857143,C14 H30 O2 13C1,14,30,2,,,1,,
242.1762107,242.1761415,242.1761671,1.923076923,0.230769231,C13 H25 O3 N1,13,25,3,,1,,,
241.2173379,241.2172693,241.2173037,2,0.133333333,C15 H30 O2,15,30,2,,,,,
241.1810134,241.1809449,241.1809182,1.857142857,0.214285714,C14 H26 O3,14,26,3,,,,,
241.1445736,241.1445051,241.1445327,1.692307692,0.307692308,C13 H22 O4,13,22,4,,,,,
241.1082083,241.1081398,241.1081471,1.5,0.416666667,C12 H18 O5,12,18,5,,,,,
241.0718709,241.0718025,241.0717616,1.272727273,0.545454545,C11 H14 O6,11,14,6,,,,,
241.0354061,241.0353376,241.0353761,1,0.7,C10 H10 O7,10,10,7,,,,,
240.0707772,240.0707094,240.0706998,1.333333333,0.555555556,C9 H12 O5 N2 13C1,9,12,5,,2,1,,
239.1289079,239.1288407,239.1288826,1.538461538,0.307692308,C13 H20 O4,13,20,4,,,,,
239.0925915,239.0925244,239.0924971,1.333333333,0.416666667,C12 H16 O5,12,16,5,,,,,
239.0674465,239.0673793,239.067345,1.2,0.5,C10 H12 O5 N2,10,12,5,,2,,,
239.0561591,239.056092,239.0561116,1.090909091,0.545454545,C11 H12 O6,11,12,6,,,,,
239.0198226,239.0197554,239.0197261,0.8,0.7,C10 H8 O7,10,8,7,,,,,
237.1496955,237.1496296,237.149618,1.571428571,0.214285714,C14 H22 O3,14,22,3,,,,,
237.1132683,237.1132024,237.1132325,1.384615385,0.307692308,C13 H18 O4,13,18,4,,,,,
237.0769405,237.0768746,237.076847,1.166666667,0.416666667,C12 H14 O5,12,14,5,,,,,
237.0404848,237.0404189,237.0404615,0.909090909,0.545454545,C11 H10 O6,11,10,6,,,,,
235.170409,235.1703444,235.1703535,1.6,0.133333333,C15 H24 O2,15,24,2,,,,,
235.1340317,235.1339671,235.133968,1.428571429,0.214285714,C14 H20 O3,14,20,3,,,,,
235.0976706,235.097606,235.0975825,1.230769231,0.307692308,C13 H16 O4,13,16,4,,,,,
235.0612505,235.0611859,235.061197,1,0.416666667,C12 H12 O5,12,12,5,,,,,
235.0249091,235.0248446,235.0248114,0.727272727,0.545454545,C11 H8 O6,11,8,6,,,,,
233.1547907,233.1547274,233.1547034,1.466666667,0.133333333,C15 H22 O2,15,22,2,,,,,
233.0456152,233.0455519,233.0455469,0.833333333,0.416666667,C12 H10 O5,12,10,5,,,,,
231.0299313,231.0298693,231.0298968,0.666666667,0.416666667,C12 H8 O5,12,8,5,,,,,
229.181,229.1809392,229.1809182,2,0.230769231,C13 H26 O3,13,26,3,,,,,
228.2050641,228.205004,228.2050084,2.153846154,0.153846154,C13 H28 O2 13C1,13,28,2,,,1,,
228.1031238,228.1030638,228.1030022,1.071428571,0.142857143,C14 H15 O2 N1,14,15,2,,1,,,
227.201683,227.2016235,227.2016536,2,0.142857143,C14 H28 O2,14,28,2,,,,,
227.1289652,227.1289057,227.1288826,1.666666667,0.333333333,C12 H20 O4,12,20,4,,,,,
227.0925275,227.0924681,227.0924971,1.454545455,0.454545455,C11 H16 O5,11,16,5,,,,,
227.0658947,227.0658353,227.0658359,2,1,C7 H14 O7 18O1,7,14,7,,,,,1
227.0561856,227.0561262,227.0561116,1.2,0.6,C10 H12 O6,10,12,6,,,,,
226.0649744,226.0649156,226.0649457,2.333333333,1.333333333,C6 H14 O8 13C1,6,14,8,,,1,,
225.1132689,225.1132108,225.1132325,1.5,0.333333333,C12 H18 O4,12,18,4,,,,,
225.0769047,225.0768465,225.076847,1.272727273,0.454545455,C11 H14 O5,11,14,5,,,,,
225.0616756,225.0616175,225.0615909,2,1.142857143,C7 H14 O8,7,14,8,,,,,
225.0405453,225.0404872,225.0404615,1,0.6,C10 H10 O6,10,10,6,,,,,
223.0976524,223.0975955,223.0975825,1.333333333,0.333333333,C12 H16 O4,12,16,4,,,,,
223.0612363,223.0611795,223.061197,1.090909091,0.454545455,C11 H12 O5,11,12,5,,,,,
223.024845,223.0247882,223.0248114,0.8,0.6,C10 H8 O6,10,8,6,,,,,
221.1547632,221.1547075,221.1547034,1.571428571,0.142857143,C14 H22 O2,14,22,2,,,,,
221.0820089,221.0819533,221.0819324,1.166666667,0.333333333,C12 H14 O4,12,14,4,,,,,
221.0455953,221.0455397,221.0455469,0.909090909,0.454545455,C11 H10 O5,11,10,5,,,,,
219.0299249,219.0298706,219.0298968,0.727272727,0.454545455,C11 H8 O5,11,8,5,,,,,
215.1653224,215.1652706,215.1652681,2,0.25,C12 H24 O3,12,24,3,,,,,
213.1860462,213.1859956,213.1860035,2,0.153846154,C13 H26 O2,13,26,2,,,,,
211.0248457,211.0247965,211.0248114,0.888888889,0.666666667,C9 H8 O6,9,8,6,,,,,
209.1084643,209.1084163,209.1084219,1,0,C14 H14 N2,14,14,,,2,,,
209.0455795,209.0455315,209.0455469,1,0.5,C10 H10 O5,10,10,5,,,,,
207.0299638,207.029917,207.0298968,0.8,0.5,C10 H8 O5,10,8,5,,,,,
206.1631634,206.1631173,206.1631436,1.692307692,0.076923077,C13 H22 O1 13C1,13,22,1,,,1,,
205.1598519,205.1598064,205.1597888,1.571428571,0.071428571,C14 H22 O1,14,22,1,,,,,
201.1132574,201.1132144,201.1132325,1.8,0.4,C10 H18 O4,10,18,4,,,,,
199.1703948,199.170353,199.1703535,2,0.166666667,C12 H24 O2,12,24,2,,,,,
195.0299443,195.029905,195.0298968,0.888888889,0.555555556,C9 H8 O5,9,8,5,,,,,
191.0197597,191.0197229,191.0197261,1.333333333,1.166666667,C6 H8 O7,6,8,7,,,,,
187.1340028,187.1339684,187.133968,2,0.3,C10 H20 O3,10,20,3,,,,,
187.0976235,187.0975891,187.0975825,1.777777778,0.444444444,C9 H16 O4,9,16,4,,,,,
185.1547325,185.1546993,185.1547034,2,0.181818182,C11 H22 O2,11,22,2,,,,,
171.1390905,171.1390658,171.1390534,2,0.2,C10 H20 O2,10,20,2,,,,,
557.4793237,557.4790133,,,,,,,,,,,,
546.2427074,546.2424069,,,,,,,,,,,,
519.2520734,519.2517961,,,,,,,,,,,,
516.972641,516.9723657,,,,,,,,,,,,
510.8519708,510.8517006,,,,,,,,,,,,
502.9572366,502.956973,,,,,,,,,,,,
500.9599321,500.9596703,,,,,,,,,,,,
490.9386801,490.9384266,,,,,,,,,,,,
488.9412479,488.9409961,,,,,,,,,,,,
486.9443692,486.944119,,,,,,,,,,,,
483.1793017,483.1790546,,,,,,,,,,,,
483.0115943,483.0113474,,,,,,,,,,,,
481.0147564,481.0145111,,,,,,,,,,,,
480.1959888,480.1957442,,,,,,,,,,,,
474.9255794,474.9253391,,,,,,,,,,,,
473.2829827,473.2827438,,,,,,,,,,,,
472.9285764,472.9283377,,,,,,,,,,,,
472.7633247,472.7630862,,,,,,,,,,,,
469.1637836,469.163548,,,,,,,,,,,,
468.9961786,468.9959432,,,,,,,,,,,,
466.9988877,466.9986539,,,,,,,,,,,,
465.0017834,465.0015512,,,,,,,,,,,,
462.7346308,462.7344004,,,,,,,,,,,,
457.1637648,457.1635389,,,,,,,,,,,,
456.9775407,456.977315,,,,,,,,,,,,
455.3464457,455.3462213,,,,,,,,,,,,
455.1844597,455.1842355,,,,,,,,,,,,
455.1479764,455.1477521,,,,,,,,,,,,
454.9802317,454.9800076,,,,,,,,,,,,
453.168875,453.1686524,,,,,,,,,,,,
452.9834843,452.9832618,,,,,,,,,,,,
451.2130679,451.2128468,,,,,,,,,,,,
450.9862862,450.9860653,,,,,,,,,,,,
449.2160706,449.2158511,,,,,,,,,,,,
449.1737521,449.1735327,,,,,,,,,,,,
449.1501429,449.1499235,,,,,,,,,,,,
449.0506647,449.0504454,,,,,,,,,,,,
447.0535186,447.0533008,,,,,,,,,,,,
445.1638865,445.1636703,,,,,,,,,,,,
445.0563886,445.0561725,,,,,,,,,,,,
443.1845245,443.1843099,,,,,,,,,,,,
443.1480118,443.1477971,,,,,,,,,,,,
442.9615578,442.9613434,,,,,,,,,,,,
441.1688764,441.1686633,,,,,,,,,,,,
441.13249,441.132277,,,,,,,,,,,,
440.964751,440.9645381,,,,,,,,,,,,
439.2835379,439.2833263,,,,,,,,,,,,
439.1894525,439.189241,,,,,,,,,,,,
439.1530443,439.1528328,,,,,,,,,,,,
438.9677751,438.9675638,,,,,,,,,,,,
437.3581051,437.357895,,,,,,,,,,,,
437.1737129,437.173503,,,,,,,,,,,,
437.1149723,437.1147624,,,,,,,,,,,,
437.0319444,437.0317346,,,,,,,,,,,,
436.9706019,436.9703922,,,,,,,,,,,,
435.0347821,435.0345739,,,,,,,,,,,,
433.0378853,433.0376787,,,,,,,,,,,,
432.2110235,432.2108176,,,,,,,,,,,,
429.1688479,429.1686444,,,,,,,,,,,,
429.1323578,429.1321542,,,,,,,,,,,,
427.1894492,427.1892472,,,,,,,,,,,,
427.153176,427.1529741,,,,,,,,,,,,
427.1167703,427.1165684,,,,,,,,,,,,
426.3670373,426.366836,,,,,,,,,,,,
425.2677134,425.2675129,,,,,,,,,,,,
425.1739111,425.1737107,,,,,,,,,,,,
425.1375445,425.1373441,,,,,,,,,,,,
423.1582085,423.1580096,,,,,,,,,,,,
423.1525048,423.1523059,,,,,,,,,,,,
423.0164048,423.0162061,,,,,,,,,,,,
421.1553544,421.1551571,,,,,,,,,,,,
421.0192055,421.0190083,,,,,,,,,,,,
419.0221694,419.0219738,,,,,,,,,,,,
417.132267,417.1320729,,,,,,,,,,,,
415.1530642,415.1528716,,,,,,,,,,,,
415.1166123,415.1164197,,,,,,,,,,,,
413.1737259,413.1735348,,,,,,,,,,,,
413.1374292,413.1372382,,,,,,,,,,,,
413.1011056,413.1009146,,,,,,,,,,,,
411.1583037,411.1581141,,,,,,,,,,,,
411.1217044,411.1215149,,,,,,,,,,,,
410.221658,410.2214692,,,,,,,,,,,,
409.2729238,409.2727358,,,,,,,,,,,,
409.1426076,409.1424197,,,,,,,,,,,,
409.0007967,409.0006088,,,,,,,,,,,,
408.3788545,408.3786671,,,,,,,,,,,,
407.2573009,407.2571144,,,,,,,,,,,,
407.1874407,407.1872542,,,,,,,,,,,,
407.0037567,407.0035704,,,,,,,,,,,,
405.1899,405.1897151,,,,,,,,,,,,
405.0065307,405.006346,,,,,,,,,,,,
404.395621,404.3954367,,,,,,,,,,,,
403.153002,403.1528187,,,,,,,,,,,,
403.1167954,403.1166121,,,,,,,,,,,,
403.1013694,403.1011861,,,,,,,,,,,,
403.0094976,403.0093143,,,,,,,,,,,,
401.1739611,401.1737792,,,,,,,,,,,,
401.1373374,401.1371556,,,,,,,,,,,,
401.118732,401.1185502,,,,,,,,,,,,
401.1010515,401.1008697,,,,,,,,,,,,
399.1582103,399.15803,,,,,,,,,,,,
399.1558234,399.1556432,,,,,,,,,,,,
399.1216851,399.1215048,,,,,,,,,,,,
399.0769408,399.0767606,,,,,,,,,,,,
397.8895389,397.8893596,,,,,,,,,,,,
397.3877302,397.3875513,,,,,,,,,,,,
397.2541437,397.2539649,,,,,,,,,,,,
397.158681,397.1585022,,,,,,,,,,,,
397.1424351,397.1422564,,,,,,,,,,,,
397.1061975,397.1060188,,,,,,,,,,,,
396.3901988,396.3900206,,,,,,,,,,,,
396.2784935,396.2783154,,,,,,,,,,,,
395.2846545,395.2844772,,,,,,,,,,,,
395.2750593,395.274882,,,,,,,,,,,,
395.2572404,395.2570631,,,,,,,,,,,,
395.1269725,395.1267953,,,,,,,,,,,,
395.090396,395.0902188,,,,,,,,,,,,
394.1751567,394.1749802,,,,,,,,,,,,
393.2777869,393.2776111,,,,,,,,,,,,
393.2415492,393.2413734,,,,,,,,,,,,
393.1717932,393.1716175,,,,,,,,,,,,
391.2622358,391.2620616,,,,,,,,,,,,
389.1374993,389.1373266,,,,,,,,,,,,
388.8055058,388.8053334,,,,,,,,,,,,
387.1580491,387.157878,,,,,,,,,,,,
387.1218422,387.1216711,,,,,,,,,,,,
385.1789106,385.178741,,,,,,,,,,,,
385.1424164,385.1422468,,,,,,,,,,,,
385.1400354,385.1398658,,,,,,,,,,,,
385.1062269,385.1060573,,,,,,,,,,,,
385.0611256,385.060956,,,,,,,,,,,,
384.1465065,384.1463376,,,,,,,,,,,,
383.1631612,383.162993,,,,,,,,,,,,
383.1430564,383.1428883,,,,,,,,,,,,
383.1269157,383.1267476,,,,,,,,,,,,
383.0905276,383.0903595,,,,,,,,,,,,
383.0639737,383.0638056,,,,,,,,,,,,
381.2415202,381.2413535,,,,,,,,,,,,
381.1792422,381.1790755,,,,,,,,,,,,
381.1110914,381.1109248,,,,,,,,,,,,
380.1596617,380.1594958,,,,,,,,,,,,
379.2258996,379.2257344,,,,,,,,,,,,
379.156276,379.1561109,,,,,,,,,,,,
379.0828385,379.0826734,,,,,,,,,,,,
378.7766157,378.7764508,,,,,,,,,,,,
377.8931338,377.8929696,,,,,,,,,,,,
377.3914673,377.3913035,,,,,,,,,,,,
377.1009425,377.1007789,,,,,,,,,,,,
377.085745,377.0855814,,,,,,,,,,,,
376.3938433,376.3936802,,,,,,,,,,,,
376.1119938,376.111831,,,,,,,,,,,,
375.1580853,375.1579231,,,,,,,,,,,,
375.121755,375.1215928,,,,,,,,,,,,
373.2769769,373.2768161,,,,,,,,,,,,
373.1474304,373.1472698,,,,,,,,,,,,
373.1425063,373.1423456,,,,,,,,,,,,
373.1060668,373.1059061,,,,,,,,,,,,
373.0425327,373.0423721,,,,,,,,,,,,
371.1684485,371.1682893,,,,,,,,,,,,
371.1633032,371.163144,,,,,,,,,,,,
371.1267668,371.1266077,,,,,,,,,,,,
371.1243771,371.1242179,,,,,,,,,,,,
371.0904999,371.0903408,,,,,,,,,,,,
371.0454102,371.0452511,,,,,,,,,,,,
370.928872,370.928713,,,,,,,,,,,,
370.1308303,370.1306719,,,,,,,,,,,,
370.0861894,370.086031,,,,,,,,,,,,
369.2502873,369.2501296,,,,,,,,,,,,
369.2478181,369.2476603,,,,,,,,,,,,
369.1475911,369.1474335,,,,,,,,,,,,
369.1274955,369.1273379,,,,,,,,,,,,
369.1112803,369.1111226,,,,,,,,,,,,
369.0484941,369.0483365,,,,,,,,,,,,
368.2469061,368.2467491,,,,,,,,,,,,
367.2532312,367.253075,,,,,,,,,,,,
367.2507511,367.2505948,,,,,,,,,,,,
367.2435017,367.2433454,,,,,,,,,,,,
367.1318999,367.1317438,,,,,,,,,,,,
366.2527878,366.2526322,,,,,,,,,,,,
365.2485551,365.2484003,,,,,,,,,,,,
365.2478489,365.2476941,,,,,,,,,,,,
365.2475166,365.2473618,,,,,,,,,,,,
365.2471717,365.2470169,,,,,,,,,,,,
365.2464288,365.2462741,,,,,,,,,,,,
365.2456299,365.2454752,,,,,,,,,,,,
365.2453131,365.2451583,,,,,,,,,,,,
365.1405597,365.140405,,,,,,,,,,,,
363.2309624,363.2308091,,,,,,,,,,,,
363.1216782,363.121525,,,,,,,,,,,,
362.2675947,362.2674421,,,,,,,,,,,,
361.1636907,361.1635389,,,,,,,,,,,,
361.1425908,361.1424391,,,,,,,,,,,,
361.1059939,361.1058422,,,,,,,,,,,,
359.1267775,359.1266272,,,,,,,,,,,,
359.0905463,359.090396,,,,,,,,,,,,
357.1476679,357.1475191,,,,,,,,,,,,
357.1111076,357.1109588,,,,,,,,,,,,
357.1087034,357.1085546,,,,,,,,,,,,
356.8460416,356.845893,,,,,,,,,,,,
356.1663993,356.1662512,,,,,,,,,,,,
355.8925893,355.8924415,,,,,,,,,,,,
355.1319558,355.1318085,,,,,,,,,,,,
355.1116671,355.1115197,,,,,,,,,,,,
355.0955031,355.0953558,,,,,,,,,,,,
353.079884,353.0797381,,,,,,,,,,,,
351.2308931,351.2307486,,,,,,,,,,,,
351.220892,351.2207475,,,,,,,,,,,,
351.0078144,351.0076701,,,,,,,,,,,,
349.276217,349.2760739,,,,,,,,,,,,
349.1061061,349.1059632,,,,,,,,,,,,
348.2311451,348.2310028,,,,,,,,,,,,
347.1268245,347.126683,,,,,,,,,,,,
347.0904958,347.0903543,,,,,,,,,,,,
346.8172917,346.8171504,,,,,,,,,,,,
346.2155354,346.2153946,,,,,,,,,,,,
345.1475081,345.147368,,,,,,,,,,,,
345.1112276,345.1110876,,,,,,,,,,,,
345.0747741,345.0746341,,,,,,,,,,,,
344.8203306,344.8201907,,,,,,,,,,,,
343.1318409,343.1317023,,,,,,,,,,,,
343.095616,343.0954774,,,,,,,,,,,,
342.9759733,342.9758348,,,,,,,,,,,,
342.1507823,342.1506444,,,,,,,,,,,,
341.2229757,341.2228384,,,,,,,,,,,,
341.1163368,341.1161996,,,,,,,,,,,,
341.0798226,341.0796855,,,,,,,,,,,,
340.9789781,340.9788411,,,,,,,,,,,,
340.2156562,340.2155197,,,,,,,,,,,,
340.1993739,340.1992375,,,,,,,,,,,,
339.2123773,339.2122415,,,,,,,,,,,,
338.7856057,338.7854703,,,,,,,,,,,,
337.2153015,337.2151672,,,,,,,,,,,,
336.7884513,336.7883173,,,,,,,,,,,,
335.1269154,335.1267826,,,,,,,,,,,,
335.0903759,335.0902432,,,,,,,,,,,,
334.2334343,334.2333021,,,,,,,,,,,,
333.1111086,333.1109772,,,,,,,,,,,,
333.0748838,333.0747525,,,,,,,,,,,,
332.2362525,332.2361218,,,,,,,,,,,,
331.4030475,331.4029173,,,,,,,,,,,,
331.1319505,331.1318205,,,,,,,,,,,,
331.0954858,331.0953559,,,,,,,,,,,,
330.2205718,330.2204425,,,,,,,,,,,,
329.1162649,329.1161363,,,,,,,,,,,,
329.0799066,329.0797781,,,,,,,,,,,,
327.1005902,327.1004631,,,,,,,,,,,,
326.1906301,326.1905037,,,,,,,,,,,,
326.1837424,326.183616,,,,,,,,,,,,
325.1860014,325.1858757,,,,,,,,,,,,
325.1854295,325.1853038,,,,,,,,,,,,
325.1851657,325.1850399,,,,,,,,,,,,
324.2237908,324.2236657,,,,,,,,,,,,
323.220435,323.2203107,,,,,,,,,,,,
323.1065827,323.1064584,,,,,,,,,,,,
322.251912,322.2517884,,,,,,,,,,,,
321.2381542,321.2380313,,,,,,,,,,,,
321.1475209,321.1473981,,,,,,,,,,,,
319.2411666,319.2410451,,,,,,,,,,,,
319.1318498,319.1317284,,,,,,,,,,,,
319.095491,319.0953696,,,,,,,,,,,,
318.2384127,318.2382919,,,,,,,,,,,,
317.250539,317.2504189,,,,,,,,,,,,
317.2255067,317.2253866,,,,,,,,,,,,
317.1162455,317.1161255,,,,,,,,,,,,
317.0798408,317.0797208,,,,,,,,,,,,
316.2413808,316.2412614,,,,,,,,,,,,
315.188788,315.1886694,,,,,,,,,,,,
315.1005253,315.1004067,,,,,,,,,,,,
314.1950856,314.1949676,,,,,,,,,,,,
313.191745,313.1916278,,,,,,,,,,,,
313.084961,313.0848438,,,,,,,,,,,,
312.1682029,312.1680864,,,,,,,,,,,,
311.1809869,311.1808711,,,,,,,,,,,,
311.1677032,311.1675873,,,,,,,,,,,,
309.1839629,309.1838485,,,,,,,,,,,,
305.0799158,305.0798043,,,,,,,,,,,,
304.2363841,304.2362731,,,,,,,,,,,,
303.136943,303.1368327,,,,,,,,,,,,
303.1005475,303.1004373,,,,,,,,,,,,
302.8468002,302.8466902,,,,,,,,,,,,
301.1213023,301.1211935,,,,,,,,,,,,
298.1524187,298.152312,,,,,,,,,,,,
296.8903474,296.8902415,,,,,,,,,,,,
293.2067462,293.2066429,,,,,,,,,,,,
291.2097901,291.2096882,,,,,,,,,,,,
290.8556554,290.8555537,,,,,,,,,,,,
288.8586375,288.8585371,,,,,,,,,,,,
286.8615875,286.8614885,,,,,,,,,,,,
285.1603847,285.1602869,,,,,,,,,,,,
285.1262561,285.1261583,,,,,,,,,,,,
285.0173153,285.0172175,,,,,,,,,,,,
283.0203542,283.0202578,,,,,,,,,,,,
280.826931,280.8268361,,,,,,,,,,,,
278.8298015,278.829708,,,,,,,,,,,,
276.8327675,276.8326753,,,,,,,,,,,,
275.957518,275.9574265,,,,,,,,,,,,
273.1441582,273.1440685,,,,,,,,,,,,
272.7951809,272.7950914,,,,,,,,,,,,
271.1470702,271.1469818,,,,,,,,,,,,
270.798111,270.7980229,,,,,,,,,,,,
269.1313354,269.1312485,,,,,,,,,,,,
268.8010005,268.8009138,,,,,,,,,,,,
267.9127678,267.9126817,,,,,,,,,,,,
266.8040058,266.8039203,,,,,,,,,,,,
262.8593811,262.8592983,,,,,,,,,,,,
261.9418607,261.9417785,,,,,,,,,,,,
260.8622982,260.8622167,,,,,,,,,,,,
255.2340589,255.2339812,,,,,,,,,,,,
255.2326445,255.2325667,,,,,,,,,,,,
252.830529,252.8304529,,,,,,,,,,,,
250.8334972,250.8334224,,,,,,,,,,,,
248.080087,248.0800139,,,,,,,,,,,,
244.8881359,244.888065,,,,,,,,,,,,
241.1365091,241.1364406,,,,,,,,,,,,
225.1108626,225.1108044,,,,,,,,,,,,
217.0298674,217.0298143,,,,,,,,,,,,
215.082068,215.0820162,,,,,,,,,,,,
215.0328674,215.0328157,,,,,,,,,,,,
211.0952181,211.0951689,,,,,,,,,,,,
201.0664085,201.0663655,,,,,,,,,,,,
183.1254642,183.1254322,,,,,,,,,,,,
182.6237391,182.6237074,,,,,,,,,,,,
174.8290291,174.8290021,,,,,,,,,,,,
172.8320018,172.831976,,,,,,,,,,,,
172.8302494,172.8302237,,,,,,,,,,,,
170.8333472,170.8333227,,,,,,,,,,,,
169.6004732,169.6004494,,,,,,,,,,,,
169.6000118,169.599988,,,,,,,,,,,,
168.8362702,168.8362468,,,,,,,,,,,,
163.0942727,163.0942528,,,,,,,,,,,,
162.5925902,162.5925705,,,,,,,,,,,,
162.592169,162.5921494,,,,,,,,,,,,
155.5847687,155.5847532,,,,,,,,,,,,
155.5843798,155.5843643,,,,,,,,,,,,
148.5769174,148.5769061,,,,,,,,,,,,
131.0931411,131.0931398,,,,,,,,,,,,
127.6167705,127.6167712,,,,,,,,,,,,
127.616514,127.6165147,,,,,,,,,,,,
125.0923296,125.0923317,,,,,,,,,,,,
122.4149739,122.4149776,,,,,,,,,,,,
122.083763,122.0837668,,,,,,,,,,,,
121.7492781,121.7492821,,,,,,,,,,,,
113.4015296,113.4015383,,,,,,,,,,,,
113.0670727,113.0670816,,,,,,,,,,,,
112.4055171,112.4055264,,,,,,,,,,,,
108.7296082,108.7296195,,,,,,,,,,,,
108.3951483,108.3951598,,,,,,,,,,,,
108.3949621,108.3949736,,,,,,,,,,,,
104.0577137,104.0577276,,,,,,,,,,,,
103.7232533,103.7232674,,,,,,,,,,,,
