m/z,Calibrated m/z,Calculated m/z,Molecular Formula,C,H,O,S,N,13C,34S,18O,O/C,H/C,N/C,compound_class,probability
645.2191411,645.2185527,645.2183663,C45 H30 O3 N2,45.0,30.0,3.0,0.0,2.0,0.0,0.0,0.0,0.06666666666666667,0.6666666666666666,0.044444444444444446,pah,0.944803678502747
619.2036774,619.2031249,619.2032293,C30 H36 O14,30.0,36.0,14.0,0.0,0.0,0.0,0.0,0.0,0.4666666666666667,1.2,0.0,lignin,0.8397460427075563
617.3582344,617.3576845,617.3576219,C28 H58 O12 S1,28.0,58.0,12.0,1.0,0.0,0.0,0.0,0.0,0.42857142857142855,2.0714285714285716,0.0,lipid,0.8953687762349801
613.5417679,613.5412232,613.5412636,C37 H74 O6,37.0,74.0,6.0,0.0,0.0,0.0,0.0,0.0,0.16216216216216217,2.0,0.0,lipid,0.9512158225642106
607.2399792,607.239443,607.2396148,C30 H40 O13,30.0,40.0,13.0,0.0,0.0,0.0,0.0,0.0,0.43333333333333335,1.3333333333333333,0.0,lignin,0.8353979843467843
605.2605599,605.2600264,605.2598372,C44 H34 O1 N2,44.0,34.0,1.0,0.0,2.0,0.0,0.0,0.0,0.022727272727272728,0.7727272727272727,0.045454545454545456,pah,0.9485317441282539
605.2242435,605.2237101,605.2239647,C30 H38 O13,30.0,38.0,13.0,0.0,0.0,0.0,0.0,0.0,0.43333333333333335,1.2666666666666666,0.0,lignin,0.836866109137713
605.2242435,605.2237101,605.2234517,C43 H30 O2 N2,43.0,30.0,2.0,0.0,2.0,0.0,0.0,0.0,0.046511627906976744,0.6976744186046512,0.046511627906976744,pah,0.9454335412285889
605.1879977,605.1874644,605.1875792,C29 H34 O14,29.0,34.0,14.0,0.0,0.0,0.0,0.0,0.0,0.4827586206896552,1.1724137931034482,0.0,lignin,0.8387677627431536
603.2449716,603.2444409,603.2447002,C31 H40 O12,31.0,40.0,12.0,0.0,0.0,0.0,0.0,0.0,0.3870967741935484,1.2903225806451613,0.0,lignin,0.8354347926552869
603.2449716,603.2444409,603.2441871,C44 H32 O1 N2,44.0,32.0,1.0,0.0,2.0,0.0,0.0,0.0,0.022727272727272728,0.7272727272727273,0.045454545454545456,pah,0.946146212491675
603.2086125,603.2080818,603.2083147,C30 H36 O13,30.0,36.0,13.0,0.0,0.0,0.0,0.0,0.0,0.43333333333333335,1.2,0.0,lignin,0.8387410582937147
603.2086125,603.2080818,603.2078016,C43 H28 O2 N2,43.0,28.0,2.0,0.0,2.0,0.0,0.0,0.0,0.046511627906976744,0.6511627906976745,0.046511627906976744,pah,0.9448156130641993
601.1929337,601.1924058,601.1926646,C30 H34 O13,30.0,34.0,13.0,0.0,0.0,0.0,0.0,0.0,0.43333333333333335,1.1333333333333333,0.0,lignin,0.8920410252153245
601.1929337,601.1924058,601.1921516,C43 H26 O2 N2,43.0,26.0,2.0,0.0,2.0,0.0,0.0,0.0,0.046511627906976744,0.6046511627906976,0.046511627906976744,pah,0.9443267297814912
597.255477,597.2549543,597.2547518,C42 H34 O2 N2,42.0,34.0,2.0,0.0,2.0,0.0,0.0,0.0,0.047619047619047616,0.8095238095238095,0.047619047619047616,pah,0.9489183689284791
597.2191651,597.2186426,597.2188794,C28 H38 O14,28.0,38.0,14.0,0.0,0.0,0.0,0.0,0.0,0.5,1.3571428571428572,0.0,lignin,0.8361810757879807
597.2191651,597.2186426,597.2183663,C41 H30 O3 N2,41.0,30.0,3.0,0.0,2.0,0.0,0.0,0.0,0.07317073170731707,0.7317073170731707,0.04878048780487805,pah,0.945766104785814
595.2401136,595.2395937,595.2396148,C29 H40 O13,29.0,40.0,13.0,0.0,0.0,0.0,0.0,0.0,0.4482758620689655,1.3793103448275863,0.0,lignin,0.8347923833865372
595.203914,595.2033941,595.2032293,C28 H36 O14,28.0,36.0,14.0,0.0,0.0,0.0,0.0,0.0,0.5,1.2857142857142858,0.0,lignin,0.8380029393393551
593.2247658,593.2242486,593.2239647,C29 H38 O13,29.0,38.0,13.0,0.0,0.0,0.0,0.0,0.0,0.4482758620689655,1.3103448275862069,0.0,lignin,0.836172939163758
593.188327,593.1878098,593.1875792,C28 H34 O14,28.0,34.0,14.0,0.0,0.0,0.0,0.0,0.0,0.5,1.2142857142857142,0.0,lignin,0.8403302711058578
591.2453833,591.2448688,591.2447002,C30 H40 O12,30.0,40.0,12.0,0.0,0.0,0.0,0.0,0.0,0.4,1.3333333333333333,0.0,lignin,0.8348312264513827
591.2089448,591.2084303,591.2083147,C29 H36 O13,29.0,36.0,13.0,0.0,0.0,0.0,0.0,0.0,0.4482758620689655,1.2413793103448276,0.0,lignin,0.8379006425964425
591.1724263,591.1719119,591.1719292,C28 H32 O14,28.0,32.0,14.0,0.0,0.0,0.0,0.0,0.0,0.5,1.1428571428571428,0.0,lignin,0.8794083712807748
589.2294372,589.2289254,589.2290501,C30 H38 O12,30.0,38.0,12.0,0.0,0.0,0.0,0.0,0.0,0.4,1.2666666666666666,0.0,lignin,0.8361608935314937
589.1930533,589.1925415,589.1926646,C29 H34 O13,29.0,34.0,13.0,0.0,0.0,0.0,0.0,0.0,0.4482758620689655,1.1724137931034482,0.0,lignin,0.8375838358419179
586.5137205,586.5132123,586.5133183,C34 H70 O6 13C1,37.0,70.0,6.0,0.0,0.0,1.0,0.0,0.0,0.17142857142857143,1.9444444444444444,0.0,lipid,0.9116431507376689
585.510515,585.5100081,585.5099634,C35 H70 O6,35.0,70.0,6.0,0.0,0.0,0.0,0.0,0.0,0.17142857142857143,2.0,0.0,lipid,0.9511427238895622
583.2399662,583.2394623,583.2396148,C28 H40 O13,28.0,40.0,13.0,0.0,0.0,0.0,0.0,0.0,0.4642857142857143,1.4285714285714286,0.0,lignin,0.8342195582330694
583.2036253,583.2031215,583.2032293,C27 H36 O14,27.0,36.0,14.0,0.0,0.0,0.0,0.0,0.0,0.5185185185185185,1.3333333333333333,0.0,lignin,0.8371655881952076
581.1883156,581.1878145,581.1875792,C27 H34 O14,27.0,34.0,14.0,0.0,0.0,0.0,0.0,0.0,0.5185185185185185,1.2592592592592593,0.0,lignin,0.8393286247056253
579.2813312,579.2808327,579.2810857,C30 H44 O11,30.0,44.0,11.0,0.0,0.0,0.0,0.0,0.0,0.36666666666666664,1.4666666666666666,0.0,lignin,0.7052388677259334
579.2813312,579.2808327,579.2805726,C43 H36 N2,43.0,36.0,0.0,0.0,2.0,0.0,0.0,0.0,0.0,0.8372093023255814,0.046511627906976744,pah,0.9291213925795262
579.2449787,579.2444802,579.2447002,C29 H40 O12,29.0,40.0,12.0,0.0,0.0,0.0,0.0,0.0,0.41379310344827586,1.3793103448275863,0.0,lignin,0.8342704334721468
579.208819,579.2083206,579.2083147,C28 H36 O13,28.0,36.0,13.0,0.0,0.0,0.0,0.0,0.0,0.4642857142857143,1.2857142857142858,0.0,lignin,0.837117186150188
579.1726398,579.1721414,579.1719292,C27 H32 O14,27.0,32.0,14.0,0.0,0.0,0.0,0.0,0.0,0.5185185185185185,1.1851851851851851,0.0,lignin,0.8422478986844194
577.2660527,577.2655568,577.2654356,C30 H42 O11,30.0,42.0,11.0,0.0,0.0,0.0,0.0,0.0,0.36666666666666664,1.4,0.0,lignin,0.8332965773955694
577.2294488,577.228953,577.2290501,C29 H38 O12,29.0,38.0,12.0,0.0,0.0,0.0,0.0,0.0,0.41379310344827586,1.3103448275862069,0.0,lignin,0.835507624310932
577.1928974,577.1924016,577.1926646,C28 H34 O13,28.0,34.0,13.0,0.0,0.0,0.0,0.0,0.0,0.4642857142857143,1.2142857142857142,0.0,lignin,0.8391813351359991
577.1928974,577.1924016,577.1921516,C41 H26 O2 N2,41.0,26.0,2.0,0.0,2.0,0.0,0.0,0.0,0.04878048780487805,0.6341463414634146,0.04878048780487805,pah,0.944658177801071
577.1565883,577.1560926,577.1562791,C27 H30 O14,27.0,30.0,14.0,0.0,0.0,0.0,0.0,0.0,0.5185185185185185,1.1111111111111112,0.0,lignin,0.9237418063526543
575.3571594,575.3566661,575.3564402,C37 H52 O3 S1,37.0,52.0,3.0,1.0,0.0,0.0,0.0,0.0,0.08108108108108109,1.4054054054054055,0.0,lipid,0.8960374197816418
575.2505233,575.2500301,575.2497856,C30 H40 O11,30.0,40.0,11.0,0.0,0.0,0.0,0.0,0.0,0.36666666666666664,1.3333333333333333,0.0,lignin,0.8343324198051987
575.2140465,575.2135533,575.2134001,C29 H36 O12,29.0,36.0,12.0,0.0,0.0,0.0,0.0,0.0,0.41379310344827586,1.2413793103448276,0.0,lignin,0.837066523390942
575.1776703,575.1771772,575.1770146,C28 H32 O13,28.0,32.0,13.0,0.0,0.0,0.0,0.0,0.0,0.4642857142857143,1.1428571428571428,0.0,lignin,0.8790637801016239
575.1047064,575.1042134,575.1042435,C26 H24 O15,26.0,24.0,15.0,0.0,0.0,0.0,0.0,0.0,0.5769230769230769,0.9230769230769231,0.0,tannin,0.8880159036465006
573.3317939,573.3313032,573.3314072,C26 H54 O11 S1,26.0,54.0,11.0,1.0,0.0,0.0,0.0,0.0,0.4230769230769231,2.076923076923077,0.0,lipid,0.8953885066487098
573.2345302,573.2340397,573.2341355,C30 H38 O11,30.0,38.0,11.0,0.0,0.0,0.0,0.0,0.0,0.36666666666666664,1.2666666666666666,0.0,lignin,0.835529949634665
573.1982705,573.19778,573.19775,C29 H34 O12,29.0,34.0,12.0,0.0,0.0,0.0,0.0,0.0,0.41379310344827586,1.1724137931034482,0.0,lignin,0.8365673464132757
573.0892956,573.0888052,573.0885935,C26 H22 O15,26.0,22.0,15.0,0.0,0.0,0.0,0.0,0.0,0.5769230769230769,0.8461538461538461,0.0,tannin,0.8895340736128599
571.2187628,571.2182749,571.2184854,C30 H36 O11,30.0,36.0,11.0,0.0,0.0,0.0,0.0,0.0,0.36666666666666664,1.2,0.0,lignin,0.8370461395213807
571.1823571,571.1818693,571.1820999,C29 H32 O12,29.0,32.0,12.0,0.0,0.0,0.0,0.0,0.0,0.41379310344827586,1.103448275862069,0.0,lignin,0.9247268369660141
571.1823571,571.1818693,571.1815869,C42 H24 O1 N2,42.0,24.0,1.0,0.0,2.0,0.0,0.0,0.0,0.023809523809523808,0.5714285714285714,0.047619047619047616,pah,0.9441767607036287
569.2242726,569.2237874,569.2239647,C27 H38 O13,27.0,38.0,13.0,0.0,0.0,0.0,0.0,0.0,0.48148148148148145,1.4074074074074074,0.0,lignin,0.8348373183441733
569.1878141,569.187329,569.1875792,C26 H34 O14,26.0,34.0,14.0,0.0,0.0,0.0,0.0,0.0,0.5384615384615384,1.3076923076923077,0.0,lignin,0.838395078575535
569.1878141,569.187329,569.1870662,C39 H26 O3 N2,39.0,26.0,3.0,0.0,2.0,0.0,0.0,0.0,0.07692307692307693,0.6666666666666666,0.05128205128205128,pah,0.9448863992490588
567.2451518,567.2446692,567.2447002,C28 H40 O12,28.0,40.0,12.0,0.0,0.0,0.0,0.0,0.0,0.42857142857142855,1.4285714285714286,0.0,lignin,0.8336997195330937
567.2087261,567.2082436,567.2083147,C27 H36 O13,27.0,36.0,13.0,0.0,0.0,0.0,0.0,0.0,0.48148148148148145,1.3333333333333333,0.0,lignin,0.8363369935079403
567.1723051,567.1718226,567.1719292,C26 H32 O14,26.0,32.0,14.0,0.0,0.0,0.0,0.0,0.0,0.5384615384615384,1.2307692307692308,0.0,lignin,0.8410669813518087
565.266058,565.265578,565.2654356,C29 H42 O11,29.0,42.0,11.0,0.0,0.0,0.0,0.0,0.0,0.3793103448275862,1.4482758620689655,0.0,lignin,0.8327767530054594
565.2296298,565.2291498,565.2290501,C28 H38 O12,28.0,38.0,12.0,0.0,0.0,0.0,0.0,0.0,0.42857142857142855,1.3571428571428572,0.0,lignin,0.8348659923165146
565.1930578,565.1925779,565.1926646,C27 H34 O13,27.0,34.0,13.0,0.0,0.0,0.0,0.0,0.0,0.48148148148148145,1.2592592592592593,0.0,lignin,0.8382552160389156
565.1565849,565.1561051,565.1562791,C26 H30 O14,26.0,30.0,14.0,0.0,0.0,0.0,0.0,0.0,0.5384615384615384,1.1538461538461537,0.0,lignin,0.879771143665271
565.1202192,565.1197394,565.1198936,C25 H26 O15,25.0,26.0,15.0,0.0,0.0,0.0,0.0,0.0,0.6,1.04,0.0,tannin,0.5345239239171748
565.0838797,565.0833999,565.0835081,C24 H22 O16,24.0,22.0,16.0,0.0,0.0,0.0,0.0,0.0,0.6666666666666666,0.9166666666666666,0.0,tannin,0.885939259744369
563.2502928,563.2498154,563.2497856,C29 H40 O11,29.0,40.0,11.0,0.0,0.0,0.0,0.0,0.0,0.3793103448275862,1.3793103448275863,0.0,lignin,0.8337778163910823
563.2136967,563.2132194,563.2134001,C28 H36 O12,28.0,36.0,12.0,0.0,0.0,0.0,0.0,0.0,0.42857142857142855,1.2857142857142858,0.0,lignin,0.8363311057392935
563.1772577,563.1767804,563.1770146,C27 H32 O13,27.0,32.0,13.0,0.0,0.0,0.0,0.0,0.0,0.48148148148148145,1.1851851851851851,0.0,lignin,0.8408050423707207
563.1772577,563.1767804,563.1765015,C40 H24 O2 N2,40.0,24.0,2.0,0.0,2.0,0.0,0.0,0.0,0.05,0.6,0.05,pah,0.9443367930685491
563.1409876,563.1405104,563.140629,C26 H28 O14,26.0,28.0,14.0,0.0,0.0,0.0,0.0,0.0,0.5384615384615384,1.0769230769230769,0.0,lignin,0.9232869088312337
563.1047759,563.1042987,563.1042435,C25 H24 O15,25.0,24.0,15.0,0.0,0.0,0.0,0.0,0.0,0.6,0.96,0.0,tannin,0.8875674760183344
561.2709701,561.2704953,561.270521,C30 H42 O10,30.0,42.0,10.0,0.0,0.0,0.0,0.0,0.0,0.3333333333333333,1.4,0.0,lignin,0.83288644997271
561.2345104,561.2340357,561.2341355,C29 H38 O11,29.0,38.0,11.0,0.0,0.0,0.0,0.0,0.0,0.3793103448275862,1.3103448275862069,0.0,lignin,0.834916261183014
561.1981423,561.1976677,561.19775,C28 H34 O12,28.0,34.0,12.0,0.0,0.0,0.0,0.0,0.0,0.42857142857142855,1.2142857142857142,0.0,lignin,0.8381733709452449
561.1618403,561.1613657,561.1613645,C27 H30 O13,27.0,30.0,13.0,0.0,0.0,0.0,0.0,0.0,0.48148148148148145,1.1111111111111112,0.0,lignin,0.9240424220526933
561.1255382,561.1250636,561.124979,C26 H26 O14,26.0,26.0,14.0,0.0,0.0,0.0,0.0,0.0,0.5384615384615384,1.0,0.0,tannin,0.7177398879084911
561.0892242,561.0887497,561.0885935,C25 H22 O15,25.0,22.0,15.0,0.0,0.0,0.0,0.0,0.0,0.6,0.88,0.0,tannin,0.8889842438081933
559.2551382,559.2546661,559.254871,C30 H40 O10,30.0,40.0,10.0,0.0,0.0,0.0,0.0,0.0,0.3333333333333333,1.3333333333333333,0.0,lignin,0.8338729306881776
559.2187266,559.2182546,559.2184854,C29 H36 O11,29.0,36.0,11.0,0.0,0.0,0.0,0.0,0.0,0.3793103448275862,1.2413793103448276,0.0,lignin,0.8363249217984088
559.1825026,559.1820306,559.1820999,C28 H32 O12,28.0,32.0,12.0,0.0,0.0,0.0,0.0,0.0,0.42857142857142855,1.1428571428571428,0.0,lignin,0.8788650611161485
557.3366959,557.3362263,557.3364926,C26 H54 O10 S1,26.0,54.0,10.0,1.0,0.0,0.0,0.0,0.0,0.38461538461538464,2.076923076923077,0.0,lipid,0.8957098147811061
557.2398654,557.2393959,557.2392209,C30 H38 O10,30.0,38.0,10.0,0.0,0.0,0.0,0.0,0.0,0.3333333333333333,1.2666666666666666,0.0,lignin,0.8349429740662906
557.0939803,557.0935111,557.0936789,C26 H22 O14,26.0,22.0,14.0,0.0,0.0,0.0,0.0,0.0,0.5384615384615384,0.8461538461538461,0.0,tannin,0.890277398519145
557.0575387,557.0570695,557.0572933,C25 H18 O15,25.0,18.0,15.0,0.0,0.0,0.0,0.0,0.0,0.6,0.72,0.0,tannin,0.8937764459788469
555.2088515,555.2083847,555.2083147,C26 H36 O13,26.0,36.0,13.0,0.0,0.0,0.0,0.0,0.0,0.5,1.3846153846153846,0.0,lignin,0.8355925287688626
555.1723078,555.171841,555.1719292,C25 H32 O14,25.0,32.0,14.0,0.0,0.0,0.0,0.0,0.0,0.56,1.28,0.0,lignin,0.8911615084112767
555.1147288,555.1142622,555.1144143,C27 H24 O13,27.0,24.0,13.0,0.0,0.0,0.0,0.0,0.0,0.48148148148148145,0.8888888888888888,0.0,tannin,0.8874724316731925
555.0783804,555.0779137,555.0780288,C26 H20 O14,26.0,20.0,14.0,0.0,0.0,0.0,0.0,0.0,0.5384615384615384,0.7692307692307693,0.0,tannin,0.891290628798189
553.2655796,553.2651153,553.2649226,C41 H34 N2,41.0,34.0,0.0,0.0,2.0,0.0,0.0,0.0,0.0,0.8292682926829268,0.04878048780487805,pah,0.9292410519689962
553.2292967,553.2288325,553.2290501,C27 H38 O12,27.0,38.0,12.0,0.0,0.0,0.0,0.0,0.0,0.4444444444444444,1.4074074074074074,0.0,lignin,0.8342677878592781
553.2212795,553.2208153,553.220675,C38 H34 O2 S1,38.0,34.0,2.0,1.0,0.0,0.0,0.0,0.0,0.05263157894736842,0.8947368421052632,0.0,pah,0.9240542875629885
553.1930525,553.1925883,553.1926646,C26 H34 O13,26.0,34.0,13.0,0.0,0.0,0.0,0.0,0.0,0.5,1.3076923076923077,0.0,lignin,0.8373932543913776
553.1567658,553.1563017,553.1562791,C25 H30 O14,25.0,30.0,14.0,0.0,0.0,0.0,0.0,0.0,0.56,1.2,0.0,lignin,0.8623735826269293
551.2504175,551.2499559,551.2497856,C28 H40 O11,28.0,40.0,11.0,0.0,0.0,0.0,0.0,0.0,0.39285714285714285,1.4285714285714286,0.0,lignin,0.8332192163829302
551.2139806,551.213519,551.2134001,C27 H36 O12,27.0,36.0,12.0,0.0,0.0,0.0,0.0,0.0,0.4444444444444444,1.3333333333333333,0.0,lignin,0.835601770749596
551.1775318,551.1770702,551.1770146,C26 H32 O13,26.0,32.0,13.0,0.0,0.0,0.0,0.0,0.0,0.5,1.2307692307692308,0.0,lignin,0.8397278791091309
551.1410793,551.1406178,551.140629,C25 H28 O14,25.0,28.0,14.0,0.0,0.0,0.0,0.0,0.0,0.56,1.12,0.0,lignin,0.9211667890673354
551.1046339,551.1041725,551.1042435,C24 H24 O15,24.0,24.0,15.0,0.0,0.0,0.0,0.0,0.0,0.625,1.0,0.0,tannin,0.7149311823157929
551.0681645,551.0677031,551.067858,C23 H20 O16,23.0,20.0,16.0,0.0,0.0,0.0,0.0,0.0,0.6956521739130435,0.8695652173913043,0.0,tannin,0.886333869823269
549.2707735,549.2703145,549.270521,C29 H42 O10,29.0,42.0,10.0,0.0,0.0,0.0,0.0,0.0,0.3448275862068966,1.4482758620689655,0.0,lignin,0.7052111418091305
549.2343296,549.2338706,549.2341355,C28 H38 O11,28.0,38.0,11.0,0.0,0.0,0.0,0.0,0.0,0.39285714285714285,1.3571428571428572,0.0,lignin,0.8343236188119857
549.2343296,549.2338706,549.2336224,C41 H30 N2,41.0,30.0,0.0,0.0,2.0,0.0,0.0,0.0,0.0,0.7317073170731707,0.04878048780487805,pah,0.9466284967947651
549.1980507,549.1975917,549.19775,C27 H34 O12,27.0,34.0,12.0,0.0,0.0,0.0,0.0,0.0,0.4444444444444444,1.2592592592592593,0.0,lignin,0.8373134731142369
549.1618465,549.1613876,549.1613645,C26 H30 O13,26.0,30.0,13.0,0.0,0.0,0.0,0.0,0.0,0.5,1.1538461538461537,0.0,lignin,0.8792865919487898
549.1255639,549.125105,549.124979,C25 H26 O14,25.0,26.0,14.0,0.0,0.0,0.0,0.0,0.0,0.56,1.04,0.0,lignin,0.7994823028015658
549.0892602,549.0888014,549.0885935,C24 H22 O15,24.0,22.0,15.0,0.0,0.0,0.0,0.0,0.0,0.625,0.9166666666666666,0.0,tannin,0.8824534265867345
547.2554606,547.2550042,547.254871,C29 H40 O10,29.0,40.0,10.0,0.0,0.0,0.0,0.0,0.0,0.3448275862068966,1.3793103448275863,0.0,lignin,0.8333216646210764
547.2189869,547.2185305,547.2184854,C28 H36 O11,28.0,36.0,11.0,0.0,0.0,0.0,0.0,0.0,0.39285714285714285,1.2857142857142858,0.0,lignin,0.8356336017307306
547.1825356,547.1820792,547.1820999,C27 H32 O12,27.0,32.0,12.0,0.0,0.0,0.0,0.0,0.0,0.4444444444444444,1.1851851851851851,0.0,lignin,0.8395620568458378
547.1460711,547.1456148,547.1457144,C26 H28 O13,26.0,28.0,13.0,0.0,0.0,0.0,0.0,0.0,0.5,1.0769230769230769,0.0,lignin,0.923350587635541
547.1096627,547.1092064,547.1093289,C25 H24 O14,25.0,24.0,14.0,0.0,0.0,0.0,0.0,0.0,0.56,0.96,0.0,tannin,0.8865314047920663
547.0733198,547.0728636,547.0729434,C24 H20 O15,24.0,20.0,15.0,0.0,0.0,0.0,0.0,0.0,0.625,0.8333333333333334,0.0,tannin,0.8901118526247511
545.2758523,545.2753985,545.2756064,C30 H42 O9,30.0,42.0,9.0,0.0,0.0,0.0,0.0,0.0,0.3,1.4,0.0,lignin,0.8325094714093435
545.2396801,545.2392263,545.2392209,C29 H38 O10,29.0,38.0,10.0,0.0,0.0,0.0,0.0,0.0,0.3448275862068966,1.3103448275862069,0.0,lignin,0.834395262018238
545.2035324,545.2030786,545.2028354,C28 H34 O11,28.0,34.0,11.0,0.0,0.0,0.0,0.0,0.0,0.39285714285714285,1.2142857142857142,0.0,lignin,0.8372929810977713
545.1306911,545.1302374,545.1300644,C26 H26 O13,26.0,26.0,13.0,0.0,0.0,0.0,0.0,0.0,0.5,1.0,0.0,tannin,0.5343542876145502
545.0941559,545.0937023,545.0936789,C25 H22 O14,25.0,22.0,14.0,0.0,0.0,0.0,0.0,0.0,0.56,0.88,0.0,tannin,0.8886501063081674
545.0575374,545.0570838,545.0572933,C24 H18 O15,24.0,18.0,15.0,0.0,0.0,0.0,0.0,0.0,0.625,0.75,0.0,tannin,0.8921572274611455
543.2602426,543.2597913,543.2599563,C30 H40 O9,30.0,40.0,9.0,0.0,0.0,0.0,0.0,0.0,0.3,1.3333333333333333,0.0,lignin,0.8334178432822748
543.22392,543.2234688,543.2235708,C29 H36 O10,29.0,36.0,10.0,0.0,0.0,0.0,0.0,0.0,0.3448275862068966,1.2413793103448276,0.0,lignin,0.8356411310267653
543.187527,543.1870758,543.1871853,C28 H32 O11,28.0,32.0,11.0,0.0,0.0,0.0,0.0,0.0,0.39285714285714285,1.1428571428571428,0.0,lignin,0.8741693711810468
543.151326,543.1508749,543.1507998,C27 H28 O12,27.0,28.0,12.0,0.0,0.0,0.0,0.0,0.0,0.4444444444444444,1.037037037037037,0.0,lignin,0.9231134043144286
543.0786647,543.0782136,543.0780288,C25 H20 O14,25.0,20.0,14.0,0.0,0.0,0.0,0.0,0.0,0.56,0.8,0.0,tannin,0.8913879712064334
541.2293316,541.2288829,541.2290501,C26 H38 O12,26.0,38.0,12.0,0.0,0.0,0.0,0.0,0.0,0.46153846153846156,1.4615384615384615,0.0,lignin,0.8275009898230316
541.2081292,541.2076806,541.2079208,C29 H34 O10,29.0,34.0,10.0,0.0,0.0,0.0,0.0,0.0,0.3448275862068966,1.1724137931034482,0.0,lignin,0.8352431522774821
541.1928559,541.1924073,541.1926646,C25 H34 O13,25.0,34.0,13.0,0.0,0.0,0.0,0.0,0.0,0.52,1.36,0.0,lignin,0.8365394337955037
541.1928559,541.1924073,541.1921516,C38 H26 O2 N2,38.0,26.0,2.0,0.0,2.0,0.0,0.0,0.0,0.05263157894736842,0.6842105263157895,0.05263157894736842,pah,0.9453437456981677
541.1717943,541.1713457,541.1715353,C28 H30 O11,28.0,30.0,11.0,0.0,0.0,0.0,0.0,0.0,0.39285714285714285,1.0714285714285714,0.0,lignin,0.9248676299856589
541.1565566,541.1561081,541.1562791,C24 H30 O14,24.0,30.0,14.0,0.0,0.0,0.0,0.0,0.0,0.5833333333333334,1.25,0.0,lignin,0.8761546041495587
541.1355106,541.1350621,541.1351497,C27 H26 O12,27.0,26.0,12.0,0.0,0.0,0.0,0.0,0.0,0.4444444444444444,0.9629629629629629,0.0,tannin,0.7175475449222504
539.2503715,539.2499254,539.2497856,C27 H40 O11,27.0,40.0,11.0,0.0,0.0,0.0,0.0,0.0,0.4074074074074074,1.4814814814814814,0.0,lignin,0.8326712533774214
539.2138487,539.2134026,539.2134001,C26 H36 O12,26.0,36.0,12.0,0.0,0.0,0.0,0.0,0.0,0.46153846153846156,1.3846153846153846,0.0,lignin,0.8349141630865313
539.1773149,539.1768689,539.1770146,C25 H32 O13,25.0,32.0,13.0,0.0,0.0,0.0,0.0,0.0,0.52,1.28,0.0,lignin,0.8386974530628887
539.140872,539.1404261,539.140629,C24 H28 O14,24.0,28.0,14.0,0.0,0.0,0.0,0.0,0.0,0.5833333333333334,1.1666666666666667,0.0,lignin,0.8697137413931804
539.1045658,539.1041199,539.1042435,C23 H24 O15,23.0,24.0,15.0,0.0,0.0,0.0,0.0,0.0,0.6521739130434783,1.0434782608695652,0.0,tannin,0.7183344716276034
539.0835634,539.0831175,539.0831142,C26 H20 O13,26.0,20.0,13.0,0.0,0.0,0.0,0.0,0.0,0.5,0.7692307692307693,0.0,tannin,0.8904857466613183
539.0683821,539.0679363,539.067858,C22 H20 O16,22.0,20.0,16.0,0.0,0.0,0.0,0.0,0.0,0.7272727272727273,0.9090909090909091,0.0,tannin,0.8858661799531632
537.2345618,537.2341184,537.2341355,C27 H38 O11,27.0,38.0,11.0,0.0,0.0,0.0,0.0,0.0,0.4074074074074074,1.4074074074074074,0.0,lignin,0.8337309947352631
537.1980655,537.197622,537.19775,C26 H34 O12,26.0,34.0,12.0,0.0,0.0,0.0,0.0,0.0,0.46153846153846156,1.3076923076923077,0.0,lignin,0.8365121500933377
537.1616498,537.1612064,537.1613645,C25 H30 O13,25.0,30.0,13.0,0.0,0.0,0.0,0.0,0.0,0.52,1.2,0.0,lignin,0.8416475909744104
537.1253621,537.1249188,537.124979,C24 H26 O14,24.0,26.0,14.0,0.0,0.0,0.0,0.0,0.0,0.5833333333333334,1.0833333333333333,0.0,lignin,0.7994982843398485
537.0890811,537.0886378,537.0885935,C23 H22 O15,23.0,22.0,15.0,0.0,0.0,0.0,0.0,0.0,0.6521739130434783,0.9565217391304348,0.0,tannin,0.8818122288111144
535.2554561,535.2550152,535.254871,C28 H40 O10,28.0,40.0,10.0,0.0,0.0,0.0,0.0,0.0,0.35714285714285715,1.4285714285714286,0.0,lignin,0.8327779978274688
535.2188824,535.2184416,535.2184854,C27 H36 O11,27.0,36.0,11.0,0.0,0.0,0.0,0.0,0.0,0.4074074074074074,1.3333333333333333,0.0,lignin,0.8349514147957169
535.1823162,535.1818753,535.1820999,C26 H32 O12,26.0,32.0,12.0,0.0,0.0,0.0,0.0,0.0,0.46153846153846156,1.2307692307692308,0.0,lignin,0.8385721013833368
535.1459302,535.1454894,535.1457144,C25 H28 O13,25.0,28.0,13.0,0.0,0.0,0.0,0.0,0.0,0.52,1.12,0.0,lignin,0.9209160385090808
535.1097055,535.1092647,535.1093289,C24 H24 O14,24.0,24.0,14.0,0.0,0.0,0.0,0.0,0.0,0.5833333333333334,1.0,0.0,tannin,0.719379338898739
535.0735806,535.0731399,535.0729434,C23 H20 O15,23.0,20.0,15.0,0.0,0.0,0.0,0.0,0.0,0.6521739130434783,0.8695652173913043,0.0,tannin,0.8832595757048207
533.2760547,533.2756164,533.2756064,C29 H42 O9,29.0,42.0,9.0,0.0,0.0,0.0,0.0,0.0,0.3103448275862069,1.4482758620689655,0.0,lipid,0.6151253914555281
533.239551,533.2391127,533.2392209,C28 H38 O10,28.0,38.0,10.0,0.0,0.0,0.0,0.0,0.0,0.35714285714285715,1.3571428571428572,0.0,lignin,0.833820940964783
533.2031123,533.2026741,533.2028354,C27 H34 O11,27.0,34.0,11.0,0.0,0.0,0.0,0.0,0.0,0.4074074074074074,1.2592592592592593,0.0,lignin,0.8364845290062831
533.1667772,533.1663389,533.1664499,C26 H30 O12,26.0,30.0,12.0,0.0,0.0,0.0,0.0,0.0,0.46153846153846156,1.1538461538461537,0.0,lignin,0.8387307451695571
533.1304681,533.1300299,533.1300644,C25 H26 O13,25.0,26.0,13.0,0.0,0.0,0.0,0.0,0.0,0.52,1.04,0.0,lignin,0.7989223748372305
533.0942935,533.0938554,533.0936789,C24 H22 O14,24.0,22.0,14.0,0.0,0.0,0.0,0.0,0.0,0.5833333333333334,0.9166666666666666,0.0,tannin,0.8882254432105432
533.0579376,533.0574995,533.0572933,C23 H18 O15,23.0,18.0,15.0,0.0,0.0,0.0,0.0,0.0,0.6521739130434783,0.782608695652174,0.0,tannin,0.8854437212114943
531.3308726,531.3304367,531.3302254,C35 H48 O2 S1,35.0,48.0,2.0,1.0,0.0,0.0,0.0,0.0,0.05714285714285714,1.3714285714285714,0.0,lipid,0.8960722170489384
531.2602207,531.2597849,531.2599563,C29 H40 O9,29.0,40.0,9.0,0.0,0.0,0.0,0.0,0.0,0.3103448275862069,1.3793103448275863,0.0,lignin,0.8329027569215963
531.2239369,531.2235012,531.2235708,C28 H36 O10,28.0,36.0,10.0,0.0,0.0,0.0,0.0,0.0,0.35714285714285715,1.2857142857142858,0.0,lignin,0.8350151800968879
531.1877095,531.1872738,531.1871853,C27 H32 O11,27.0,32.0,11.0,0.0,0.0,0.0,0.0,0.0,0.4074074074074074,1.1851851851851851,0.0,lignin,0.8384903554194423
531.1514337,531.150998,531.1507998,C26 H28 O12,26.0,28.0,12.0,0.0,0.0,0.0,0.0,0.0,0.46153846153846156,1.0769230769230769,0.0,lignin,0.923582749617941
531.1150614,531.1146258,531.1144143,C25 H24 O13,25.0,24.0,13.0,0.0,0.0,0.0,0.0,0.0,0.52,0.96,0.0,tannin,0.8849382138587976
531.0785897,531.0781542,531.0780288,C24 H20 O14,24.0,20.0,14.0,0.0,0.0,0.0,0.0,0.0,0.5833333333333334,0.8333333333333334,0.0,tannin,0.8898293511867437
529.3054331,529.3049998,529.3051924,C24 H50 O10 S1,24.0,50.0,10.0,1.0,0.0,0.0,0.0,0.0,0.4166666666666667,2.0833333333333335,0.0,lipid,0.8954115277273722
529.2811088,529.2806756,529.2806918,C30 H42 O8,30.0,42.0,8.0,0.0,0.0,0.0,0.0,0.0,0.26666666666666666,1.4,0.0,lipid,0.6153336664138863
529.2449118,529.2444786,529.2443063,C29 H38 O9,29.0,38.0,9.0,0.0,0.0,0.0,0.0,0.0,0.3103448275862069,1.3103448275862069,0.0,lignin,0.8339059387845988
529.2086135,529.2081803,529.2079208,C28 H34 O10,28.0,34.0,10.0,0.0,0.0,0.0,0.0,0.0,0.35714285714285715,1.2142857142857142,0.0,lignin,0.836488478695717
529.1721922,529.1717591,529.1715353,C27 H30 O11,27.0,30.0,11.0,0.0,0.0,0.0,0.0,0.0,0.4074074074074074,1.1111111111111112,0.0,lignin,0.9250556662368709
529.1355226,529.1350896,529.1351497,C26 H26 O12,26.0,26.0,12.0,0.0,0.0,0.0,0.0,0.0,0.46153846153846156,1.0,0.0,lignin,0.7997996401273001
529.0989833,529.0985503,529.0987642,C25 H22 O13,25.0,22.0,13.0,0.0,0.0,0.0,0.0,0.0,0.52,0.88,0.0,tannin,0.8893074538532613
529.0837375,529.0833045,529.0835081,C21 H22 O16,21.0,22.0,16.0,0.0,0.0,0.0,0.0,0.0,0.7619047619047619,1.0476190476190477,0.0,tannin,0.7183228006967832
529.0626159,529.0621829,529.0623787,C24 H18 O14,24.0,18.0,14.0,0.0,0.0,0.0,0.0,0.0,0.5833333333333334,0.75,0.0,tannin,0.8927438965128728
527.2291781,527.2287475,527.2286562,C29 H36 O9,29.0,36.0,9.0,0.0,0.0,0.0,0.0,0.0,0.3103448275862069,1.2413793103448276,0.0,lignin,0.8354011030955535
527.2137986,527.213368,527.2134001,C25 H36 O12,25.0,36.0,12.0,0.0,0.0,0.0,0.0,0.0,0.48,1.44,0.0,lignin,0.8280897662550235
527.1926138,527.1921833,527.1922707,C28 H32 O10,28.0,32.0,10.0,0.0,0.0,0.0,0.0,0.0,0.35714285714285715,1.1428571428571428,0.0,lignin,0.8362779476553129
527.1772797,527.1768492,527.1770146,C24 H32 O13,24.0,32.0,13.0,0.0,0.0,0.0,0.0,0.0,0.5416666666666666,1.3333333333333333,0.0,lignin,0.8377368761036358
527.1561307,527.1557002,527.1558852,C27 H28 O11,27.0,28.0,11.0,0.0,0.0,0.0,0.0,0.0,0.4074074074074074,1.037037037037037,0.0,lignin,0.9240177194196397
527.140909,527.1404785,527.140629,C23 H28 O14,23.0,28.0,14.0,0.0,0.0,0.0,0.0,0.0,0.6086956521739131,1.2173913043478262,0.0,lignin,0.9055464014860778
527.1198072,527.1193768,527.1194997,C26 H24 O12,26.0,24.0,12.0,0.0,0.0,0.0,0.0,0.0,0.46153846153846156,0.9230769230769231,0.0,tannin,0.8852854715799907
527.1046654,527.1042349,527.1042435,C22 H24 O15,22.0,24.0,15.0,0.0,0.0,0.0,0.0,0.0,0.6818181818181818,1.0909090909090908,0.0,lignin,0.634031481861524
527.0836709,527.0832404,527.0831142,C25 H20 O13,25.0,20.0,13.0,0.0,0.0,0.0,0.0,0.0,0.52,0.8,0.0,tannin,0.8905064188540897
525.2345015,525.2340734,525.2341355,C26 H38 O11,26.0,38.0,11.0,0.0,0.0,0.0,0.0,0.0,0.4230769230769231,1.4615384615384615,0.0,lignin,0.8331377151345999
525.198273,525.1978449,525.19775,C25 H34 O12,25.0,34.0,12.0,0.0,0.0,0.0,0.0,0.0,0.48,1.36,0.0,lignin,0.8357211288671526
525.162017,525.161589,525.1613645,C24 H30 O13,24.0,30.0,13.0,0.0,0.0,0.0,0.0,0.0,0.5416666666666666,1.25,0.0,lignin,0.8404245702947353
525.1256339,525.125206,525.124979,C23 H26 O14,23.0,26.0,14.0,0.0,0.0,0.0,0.0,0.0,0.6086956521739131,1.1304347826086956,0.0,lignin,0.9240595063536328
525.1043865,525.1039586,525.1038496,C26 H22 O12,26.0,22.0,12.0,0.0,0.0,0.0,0.0,0.0,0.46153846153846156,0.8461538461538461,0.0,tannin,0.8881621208704431
525.0891488,525.088721,525.0885935,C22 H22 O15,22.0,22.0,15.0,0.0,0.0,0.0,0.0,0.0,0.6818181818181818,1.0,0.0,tannin,0.7188220447928734
525.0678408,525.0674129,525.0674641,C25 H18 O13,25.0,18.0,13.0,0.0,0.0,0.0,0.0,0.0,0.52,0.72,0.0,tannin,0.8916904384628955
525.0525432,525.0521153,525.052208,C21 H18 O16,21.0,18.0,16.0,0.0,0.0,0.0,0.0,0.0,0.7619047619047619,0.8571428571428571,0.0,tannin,0.8863210662511815
523.2553422,523.2549166,523.254871,C27 H40 O10,27.0,40.0,10.0,0.0,0.0,0.0,0.0,0.0,0.37037037037037035,1.4814814814814814,0.0,lignin,0.7051219756583446
523.2188617,523.2184362,523.2184854,C26 H36 O11,26.0,36.0,11.0,0.0,0.0,0.0,0.0,0.0,0.4230769230769231,1.3846153846153846,0.0,lignin,0.8343212460167205
523.182401,523.1819756,523.1820999,C25 H32 O12,25.0,32.0,12.0,0.0,0.0,0.0,0.0,0.0,0.48,1.28,0.0,lignin,0.8376225206385058
523.1460688,523.1456434,523.1457144,C24 H28 O13,24.0,28.0,13.0,0.0,0.0,0.0,0.0,0.0,0.5416666666666666,1.1666666666666667,0.0,lignin,0.8436412171191643
523.1097597,523.1093344,523.1093289,C23 H24 O14,23.0,24.0,14.0,0.0,0.0,0.0,0.0,0.0,0.6086956521739131,1.0434782608695652,0.0,tannin,0.5345255384423526
523.0735272,523.0731019,523.0729434,C22 H20 O15,22.0,20.0,15.0,0.0,0.0,0.0,0.0,0.0,0.6818181818181818,0.9090909090909091,0.0,tannin,0.8859608606436804
521.2760822,521.2756592,521.2756064,C28 H42 O9,28.0,42.0,9.0,0.0,0.0,0.0,0.0,0.0,0.32142857142857145,1.5,0.0,lipid,0.8988080637653374
521.2398482,521.2394253,521.2392209,C27 H38 O10,27.0,38.0,10.0,0.0,0.0,0.0,0.0,0.0,0.37037037037037035,1.4074074074074074,0.0,lignin,0.8332362128332813
521.203503,521.20308,521.2028354,C26 H34 O11,26.0,34.0,11.0,0.0,0.0,0.0,0.0,0.0,0.4230769230769231,1.3076923076923077,0.0,lignin,0.8357351925066323
521.1669438,521.1665209,521.1664499,C25 H30 O12,25.0,30.0,12.0,0.0,0.0,0.0,0.0,0.0,0.48,1.2,0.0,lignin,0.8401840008226925
521.1303498,521.129927,521.1300644,C24 H26 O13,24.0,26.0,13.0,0.0,0.0,0.0,0.0,0.0,0.5416666666666666,1.0833333333333333,0.0,lignin,0.9233367237115482
521.0939045,521.0934817,521.0936789,C23 H22 O14,23.0,22.0,14.0,0.0,0.0,0.0,0.0,0.0,0.6086956521739131,0.9565217391304348,0.0,tannin,0.8877519863118648
521.057597,521.0571742,521.0572933,C22 H18 O15,22.0,18.0,15.0,0.0,0.0,0.0,0.0,0.0,0.6818181818181818,0.8181818181818182,0.0,tannin,0.8869919742467893
520.2555236,520.2551019,520.2552053,C27 H39 O9 N1,27.0,39.0,9.0,0.0,1.0,0.0,0.0,0.0,0.3333333333333333,1.4444444444444444,0.037037037037037035,lipid,0.9004562790554205
519.2238434,519.223423,519.2235708,C27 H36 O10,27.0,36.0,10.0,0.0,0.0,0.0,0.0,0.0,0.37037037037037035,1.3333333333333333,0.0,lignin,0.8343843134675726
519.1877284,519.187308,519.1871853,C26 H32 O11,26.0,32.0,11.0,0.0,0.0,0.0,0.0,0.0,0.4230769230769231,1.2307692307692308,0.0,lignin,0.837567383289789
519.1514402,519.1510199,519.1507998,C25 H28 O12,25.0,28.0,12.0,0.0,0.0,0.0,0.0,0.0,0.48,1.12,0.0,lignin,0.9210180964897281
519.1150168,519.1145966,519.1144143,C24 H24 O13,24.0,24.0,13.0,0.0,0.0,0.0,0.0,0.0,0.5416666666666666,1.0,0.0,tannin,0.7178248879757883
519.0784913,519.078071,519.0780288,C23 H20 O14,23.0,20.0,14.0,0.0,0.0,0.0,0.0,0.0,0.6086956521739131,0.8695652173913043,0.0,tannin,0.8893268490810342
517.2811678,517.2807499,517.2806918,C29 H42 O8,29.0,42.0,8.0,0.0,0.0,0.0,0.0,0.0,0.27586206896551724,1.4482758620689655,0.0,lipid,0.8991437663271512
517.2445492,517.2441313,517.2443063,C28 H38 O9,28.0,38.0,9.0,0.0,0.0,0.0,0.0,0.0,0.32142857142857145,1.3571428571428572,0.0,lignin,0.8333539033325827
517.2080936,517.2076758,517.2079208,C27 H34 O10,27.0,34.0,10.0,0.0,0.0,0.0,0.0,0.0,0.37037037037037035,1.2592592592592593,0.0,lignin,0.8357527375553385
517.1718515,517.1714338,517.1715353,C26 H30 O11,26.0,30.0,11.0,0.0,0.0,0.0,0.0,0.0,0.4230769230769231,1.1538461538461537,0.0,lignin,0.8374403830110555
517.1357079,517.1352902,517.1351497,C25 H26 O12,25.0,26.0,12.0,0.0,0.0,0.0,0.0,0.0,0.48,1.04,0.0,lignin,0.9230174270894853
517.0630463,517.0626286,517.0623787,C23 H18 O14,23.0,18.0,14.0,0.0,0.0,0.0,0.0,0.0,0.6086956521739131,0.782608695652174,0.0,tannin,0.8910157521142287
515.265629,515.2652137,515.2650417,C29 H40 O8,29.0,40.0,8.0,0.0,0.0,0.0,0.0,0.0,0.27586206896551724,1.3793103448275863,0.0,lignin,0.8324973902369454
515.2289986,515.2285833,515.2286562,C28 H36 O9,28.0,36.0,9.0,0.0,0.0,0.0,0.0,0.0,0.32142857142857145,1.2857142857142858,0.0,lignin,0.8344489905559984
515.192481,515.1920657,515.1922707,C27 H32 O10,27.0,32.0,10.0,0.0,0.0,0.0,0.0,0.0,0.37037037037037035,1.1851851851851851,0.0,lignin,0.8375278496605769
515.1771766,515.1767613,515.1770146,C23 H32 O13,23.0,32.0,13.0,0.0,0.0,0.0,0.0,0.0,0.5652173913043478,1.391304347826087,0.0,lignin,0.8623813186932916
515.1692146,515.1687994,515.1686394,C34 H28 O3 S1,34.0,28.0,3.0,1.0,0.0,0.0,0.0,0.0,0.08823529411764706,0.8235294117647058,0.0,pah,0.9471825882590028
515.1560896,515.1556743,515.1558852,C26 H28 O11,26.0,28.0,11.0,0.0,0.0,0.0,0.0,0.0,0.4230769230769231,1.0769230769230769,0.0,lignin,0.9239621655341816
515.1199636,515.1195484,515.1194997,C25 H24 O12,25.0,24.0,12.0,0.0,0.0,0.0,0.0,0.0,0.48,0.96,0.0,tannin,0.8850226829106702
513.2498987,513.2494859,513.2493916,C29 H38 O8,29.0,38.0,8.0,0.0,0.0,0.0,0.0,0.0,0.27586206896551724,1.3103448275862069,0.0,lignin,0.8333713871561835
513.2132523,513.2128396,513.2130061,C28 H34 O9,28.0,34.0,9.0,0.0,0.0,0.0,0.0,0.0,0.32142857142857145,1.2142857142857142,0.0,lignin,0.8356973186439056
513.1979758,513.1975631,513.19775,C24 H34 O12,24.0,34.0,12.0,0.0,0.0,0.0,0.0,0.0,0.5,1.4166666666666667,0.0,lignin,0.8349779377564841
513.1899459,513.1895332,513.1893748,C35 H30 O2 S1,35.0,30.0,2.0,1.0,0.0,0.0,0.0,0.0,0.05714285714285714,0.8571428571428571,0.0,pah,0.9265934537829323
513.1768281,513.1764153,513.1766206,C27 H30 O10,27.0,30.0,10.0,0.0,0.0,0.0,0.0,0.0,0.37037037037037035,1.1111111111111112,0.0,lignin,0.9264206543574905
513.1616031,513.1611904,513.1613645,C23 H30 O13,23.0,30.0,13.0,0.0,0.0,0.0,0.0,0.0,0.5652173913043478,1.3043478260869565,0.0,lignin,0.8702236469146738
513.1253934,513.1249808,513.124979,C22 H26 O14,22.0,26.0,14.0,0.0,0.0,0.0,0.0,0.0,0.6363636363636364,1.1818181818181819,0.0,lignin,0.9350347731520838
513.1043783,513.1039656,513.1038496,C25 H22 O12,25.0,22.0,12.0,0.0,0.0,0.0,0.0,0.0,0.48,0.88,0.0,tannin,0.8878445828500985
513.0892512,513.0888386,513.0885935,C21 H22 O15,21.0,22.0,15.0,0.0,0.0,0.0,0.0,0.0,0.7142857142857143,1.0476190476190477,0.0,tannin,0.7183143576089709
511.4736172,511.4732067,511.473184,C32 H64 O4,32.0,64.0,4.0,0.0,0.0,0.0,0.0,0.0,0.125,2.0,0.0,lipid,0.9117052864755664
511.2186768,511.2182666,511.2184854,C25 H36 O11,25.0,36.0,11.0,0.0,0.0,0.0,0.0,0.0,0.44,1.44,0.0,lignin,0.8336839104874183
511.2105833,511.210173,511.2101103,C36 H32 O1 S1,36.0,32.0,1.0,1.0,0.0,0.0,0.0,0.0,0.027777777777777776,0.8888888888888888,0.0,pah,0.9241613909589796
511.1823013,511.1818911,511.1820999,C24 H32 O12,24.0,32.0,12.0,0.0,0.0,0.0,0.0,0.0,0.5,1.3333333333333333,0.0,lignin,0.8367388707990248
511.1742943,511.1738841,511.1737248,C35 H28 O2 S1,35.0,28.0,2.0,1.0,0.0,0.0,0.0,0.0,0.05714285714285714,0.8,0.0,pah,0.9471383768743887
511.146119,511.1457088,511.1457144,C23 H28 O13,23.0,28.0,13.0,0.0,0.0,0.0,0.0,0.0,0.5652173913043478,1.2173913043478262,0.0,lignin,0.8926765365195047
511.1099929,511.1095828,511.1093289,C22 H24 O14,22.0,24.0,14.0,0.0,0.0,0.0,0.0,0.0,0.6363636363636364,1.0909090909090908,0.0,lignin,0.7958678932959394
511.0735921,511.073182,511.0729434,C21 H20 O15,21.0,20.0,15.0,0.0,0.0,0.0,0.0,0.0,0.7142857142857143,0.9523809523809523,0.0,tannin,0.8854644703885632
509.2394127,509.239005,509.2392209,C26 H38 O10,26.0,38.0,10.0,0.0,0.0,0.0,0.0,0.0,0.38461538461538464,1.4615384615384615,0.0,lignin,0.8326634989613124
509.20315,509.2027423,509.2028354,C25 H34 O11,25.0,34.0,11.0,0.0,0.0,0.0,0.0,0.0,0.44,1.36,0.0,lignin,0.8350028186278718
509.1669927,509.166585,509.1664499,C24 H30 O12,24.0,30.0,12.0,0.0,0.0,0.0,0.0,0.0,0.5,1.25,0.0,lignin,0.8390726626231947
509.0942827,509.0938751,509.0936789,C22 H22 O14,22.0,22.0,14.0,0.0,0.0,0.0,0.0,0.0,0.6363636363636364,1.0,0.0,tannin,0.7149446854342086
509.0729694,509.0725619,509.0725495,C25 H18 O12,25.0,18.0,12.0,0.0,0.0,0.0,0.0,0.0,0.48,0.72,0.0,tannin,0.8916113592386757
509.0576456,509.0572381,509.0572933,C21 H18 O15,21.0,18.0,15.0,0.0,0.0,0.0,0.0,0.0,0.7142857142857143,0.8571428571428571,0.0,tannin,0.8864068171046341
507.2603348,507.2599296,507.2599563,C27 H40 O9,27.0,40.0,9.0,0.0,0.0,0.0,0.0,0.0,0.3333333333333333,1.4814814814814814,0.0,lipid,0.8988192336536962
507.2241937,507.2237885,507.2235708,C26 H36 O10,26.0,36.0,10.0,0.0,0.0,0.0,0.0,0.0,0.38461538461538464,1.3846153846153846,0.0,lignin,0.833768402276629
507.18781,507.1874049,507.1871853,C25 H32 O11,25.0,32.0,11.0,0.0,0.0,0.0,0.0,0.0,0.44,1.28,0.0,lignin,0.8367109006044491
507.1512985,507.1508934,507.1507998,C24 H28 O12,24.0,28.0,12.0,0.0,0.0,0.0,0.0,0.0,0.5,1.1666666666666667,0.0,lignin,0.8396805911404901
507.1147013,507.1142962,507.1144143,C23 H24 O13,23.0,24.0,13.0,0.0,0.0,0.0,0.0,0.0,0.5652173913043478,1.0434782608695652,0.0,lignin,0.7995322290787567
507.0782359,507.0778309,507.0780288,C22 H20 O14,22.0,20.0,14.0,0.0,0.0,0.0,0.0,0.0,0.6363636363636364,0.9090909090909091,0.0,tannin,0.8825620321376112
507.0420083,507.0416034,507.0416433,C21 H16 O15,21.0,16.0,15.0,0.0,0.0,0.0,0.0,0.0,0.7142857142857143,0.7619047619047619,0.0,tannin,0.8874291304221593
505.2448146,505.2444119,505.2443063,C27 H38 O9,27.0,38.0,9.0,0.0,0.0,0.0,0.0,0.0,0.3333333333333333,1.4074074074074074,0.0,lignin,0.8327851865099885
505.2082113,505.2078086,505.2079208,C26 H34 O10,26.0,34.0,10.0,0.0,0.0,0.0,0.0,0.0,0.38461538461538464,1.3076923076923077,0.0,lignin,0.8350523311349681
505.1717019,505.1712993,505.1715353,C25 H30 O11,25.0,30.0,11.0,0.0,0.0,0.0,0.0,0.0,0.44,1.2,0.0,lignin,0.8389349102088618
505.1354147,505.1350121,505.1351497,C24 H26 O12,24.0,26.0,12.0,0.0,0.0,0.0,0.0,0.0,0.5,1.0833333333333333,0.0,lignin,0.9234329527513703
505.0993341,505.0989316,505.0987642,C23 H22 O13,23.0,22.0,13.0,0.0,0.0,0.0,0.0,0.0,0.5652173913043478,0.9565217391304348,0.0,tannin,0.886916655625045
503.2652596,503.2648594,503.2650417,C28 H40 O8,28.0,40.0,8.0,0.0,0.0,0.0,0.0,0.0,0.2857142857142857,1.4285714285714286,0.0,lipid,0.6152643190648127
503.2290301,503.22863,503.2286562,C27 H36 O9,27.0,36.0,9.0,0.0,0.0,0.0,0.0,0.0,0.3333333333333333,1.3333333333333333,0.0,lignin,0.8338729306881776
503.192836,503.1924358,503.1922707,C26 H32 O10,26.0,32.0,10.0,0.0,0.0,0.0,0.0,0.0,0.38461538461538464,1.2307692307692308,0.0,lignin,0.8366887603923552
503.1564824,503.1560823,503.1558852,C25 H28 O11,25.0,28.0,11.0,0.0,0.0,0.0,0.0,0.0,0.44,1.12,0.0,lignin,0.9213006195311259
503.1199595,503.1195594,503.1194997,C24 H24 O12,24.0,24.0,12.0,0.0,0.0,0.0,0.0,0.0,0.5,1.0,0.0,tannin,0.5343542876145502
503.0833868,503.0829868,503.0831142,C23 H20 O13,23.0,20.0,13.0,0.0,0.0,0.0,0.0,0.0,0.5652173913043478,0.8695652173913043,0.0,tannin,0.888910302173357
503.0469241,503.0465242,503.0467287,C22 H16 O14,22.0,16.0,14.0,0.0,0.0,0.0,0.0,0.0,0.6363636363636364,0.7272727272727273,0.0,tannin,0.8926675651443755
501.249776,501.2493783,501.2493916,C28 H38 O8,28.0,38.0,8.0,0.0,0.0,0.0,0.0,0.0,0.2857142857142857,1.3571428571428572,0.0,lignin,0.8329048323475818
501.2132281,501.2128304,501.2130061,C27 H34 O9,27.0,34.0,9.0,0.0,0.0,0.0,0.0,0.0,0.3333333333333333,1.2592592592592593,0.0,lignin,0.8350851941812897
501.1979353,501.1975377,501.19775,C23 H34 O12,23.0,34.0,12.0,0.0,0.0,0.0,0.0,0.0,0.5217391304347826,1.4782608695652173,0.0,lignin,0.8280046508437732
501.1898965,501.1894989,501.1893748,C34 H30 O2 S1,34.0,30.0,2.0,1.0,0.0,0.0,0.0,0.0,0.058823529411764705,0.8823529411764706,0.0,pah,0.9240246953866571
501.1768664,501.1764688,501.1766206,C26 H30 O10,26.0,30.0,10.0,0.0,0.0,0.0,0.0,0.0,0.38461538461538464,1.1538461538461537,0.0,lignin,0.8363180783637082
501.161707,501.1613094,501.1613645,C22 H30 O13,22.0,30.0,13.0,0.0,0.0,0.0,0.0,0.0,0.5909090909090909,1.3636363636363635,0.0,lignin,0.8986012570096511
501.1407142,501.1403166,501.1402351,C25 H26 O11,25.0,26.0,11.0,0.0,0.0,0.0,0.0,0.0,0.44,1.04,0.0,lignin,0.9243561642792436
501.1255229,501.1251254,501.124979,C21 H26 O14,21.0,26.0,14.0,0.0,0.0,0.0,0.0,0.0,0.6666666666666666,1.2380952380952381,0.0,lignin,0.9375298828178178
501.1044087,501.1040112,501.1038496,C24 H22 O12,24.0,22.0,12.0,0.0,0.0,0.0,0.0,0.0,0.5,0.9166666666666666,0.0,tannin,0.8872968264699242
501.0891889,501.0887915,501.0885935,C20 H22 O15,20.0,22.0,15.0,0.0,0.0,0.0,0.0,0.0,0.75,1.1,0.0,lignin,0.6337982446036501
501.0680402,501.0676428,501.0674641,C23 H18 O13,23.0,18.0,13.0,0.0,0.0,0.0,0.0,0.0,0.5652173913043478,0.782608695652174,0.0,tannin,0.8917816126230468
499.2343494,499.2339542,499.2337416,C28 H36 O8,28.0,36.0,8.0,0.0,0.0,0.0,0.0,0.0,0.2857142857142857,1.2857142857142858,0.0,lignin,0.8338742099455102
499.1978678,499.1974727,499.1973561,C27 H32 O9,27.0,32.0,9.0,0.0,0.0,0.0,0.0,0.0,0.3333333333333333,1.1851851851851851,0.0,lignin,0.8365992870176688
499.1825192,499.1821241,499.1820999,C23 H32 O12,23.0,32.0,12.0,0.0,0.0,0.0,0.0,0.0,0.5217391304347826,1.391304347826087,0.0,lignin,0.8358716300728946
499.1612924,499.1608973,499.1609706,C26 H28 O10,26.0,28.0,10.0,0.0,0.0,0.0,0.0,0.0,0.38461538461538464,1.0769230769230769,0.0,lignin,0.9251139604417986
499.1459917,499.1455967,499.1457144,C22 H28 O13,22.0,28.0,13.0,0.0,0.0,0.0,0.0,0.0,0.5909090909090909,1.2727272727272727,0.0,lignin,0.8756475109961823
499.1379255,499.1375304,499.1373393,C33 H24 O3 S1,33.0,24.0,3.0,1.0,0.0,0.0,0.0,0.0,0.09090909090909091,0.7272727272727273,0.0,pah,0.9443384680295033
499.1248617,499.1244667,499.1245851,C25 H24 O11,25.0,24.0,11.0,0.0,0.0,0.0,0.0,0.0,0.44,0.96,0.0,tannin,0.7175470215034672
499.109575,499.10918,499.1093289,C21 H24 O14,21.0,24.0,14.0,0.0,0.0,0.0,0.0,0.0,0.6666666666666666,1.1428571428571428,0.0,lignin,0.8131989100965402
499.0884889,499.0880939,499.0881995,C24 H20 O12,24.0,20.0,12.0,0.0,0.0,0.0,0.0,0.0,0.5,0.8333333333333334,0.0,tannin,0.8896127595500054
499.0733085,499.0729135,499.0729434,C20 H20 O15,20.0,20.0,15.0,0.0,0.0,0.0,0.0,0.0,0.75,1.0,0.0,tannin,0.7187722595064604
499.052267,499.0518721,499.051814,C23 H16 O13,23.0,16.0,13.0,0.0,0.0,0.0,0.0,0.0,0.5652173913043478,0.6956521739130435,0.0,tannin,0.89341893379974
497.2033807,497.2029881,497.2028354,C24 H34 O11,24.0,34.0,11.0,0.0,0.0,0.0,0.0,0.0,0.4583333333333333,1.4166666666666667,0.0,lignin,0.8343251370618419
497.1670605,497.1666679,497.1664499,C23 H30 O12,23.0,30.0,12.0,0.0,0.0,0.0,0.0,0.0,0.5217391304347826,1.3043478260869565,0.0,lignin,0.8380395533327084
497.130579,497.1301865,497.1300644,C22 H26 O13,22.0,26.0,13.0,0.0,0.0,0.0,0.0,0.0,0.5909090909090909,1.1818181818181819,0.0,lignin,0.8747942446708216
497.1093669,497.1089744,497.108935,C25 H22 O11,25.0,22.0,11.0,0.0,0.0,0.0,0.0,0.0,0.44,0.88,0.0,tannin,0.8857933529200135
497.0939402,497.0935477,497.0936789,C21 H22 O14,21.0,22.0,14.0,0.0,0.0,0.0,0.0,0.0,0.6666666666666666,1.0476190476190477,0.0,tannin,0.7182947703401433
497.0727643,497.0723719,497.0725495,C24 H18 O12,24.0,18.0,12.0,0.0,0.0,0.0,0.0,0.0,0.5,0.75,0.0,tannin,0.8908719501658513
497.0574876,497.0570952,497.0572933,C20 H18 O15,20.0,18.0,15.0,0.0,0.0,0.0,0.0,0.0,0.75,0.9,0.0,tannin,0.8859063061700798
497.0363805,497.0359881,497.036164,C23 H14 O13,23.0,14.0,13.0,0.0,0.0,0.0,0.0,0.0,0.5652173913043478,0.6086956521739131,0.0,tannin,0.894439373973168
496.1908465,496.1904551,496.1905401,C23 H32 O11 13C1,26.0,32.0,11.0,0.0,0.0,1.0,0.0,0.0,0.4583333333333333,1.28,0.0,lignin,0.8370990167723843
495.2601137,495.2597235,495.2599563,C26 H40 O9,26.0,40.0,9.0,0.0,0.0,0.0,0.0,0.0,0.34615384615384615,1.5384615384615385,0.0,lipid,0.8878220289626573
495.223873,495.2234829,495.2235708,C25 H36 O10,25.0,36.0,10.0,0.0,0.0,0.0,0.0,0.0,0.4,1.44,0.0,lignin,0.8331473294248424
495.1877306,495.1873405,495.1871853,C24 H32 O11,24.0,32.0,11.0,0.0,0.0,0.0,0.0,0.0,0.4583333333333333,1.3333333333333333,0.0,lignin,0.8358672023684848
495.1149497,495.1145596,495.1144143,C22 H24 O13,22.0,24.0,13.0,0.0,0.0,0.0,0.0,0.0,0.5909090909090909,1.0909090909090908,0.0,lignin,0.7995561445683018
495.0936389,495.0932489,495.0932849,C25 H20 O11,25.0,20.0,11.0,0.0,0.0,0.0,0.0,0.0,0.44,0.8,0.0,tannin,0.8890917268297553
495.0783094,495.0779194,495.0780288,C21 H20 O14,21.0,20.0,14.0,0.0,0.0,0.0,0.0,0.0,0.6666666666666666,0.9523809523809523,0.0,tannin,0.8855529266854401
495.0571213,495.0567314,495.0568994,C24 H16 O12,24.0,16.0,12.0,0.0,0.0,0.0,0.0,0.0,0.5,0.6666666666666666,0.0,tannin,0.8929154893661257
495.0418079,495.041418,495.0416433,C20 H16 O15,20.0,16.0,15.0,0.0,0.0,0.0,0.0,0.0,0.75,0.8,0.0,tannin,0.8868568225659665
494.2116728,494.2112839,494.2112756,C24 H34 O10 13C1,27.0,34.0,10.0,0.0,0.0,1.0,0.0,0.0,0.4,1.3076923076923077,0.0,lignin,0.8353145399260594
493.244573,493.2441853,493.2443063,C26 H38 O9,26.0,38.0,9.0,0.0,0.0,0.0,0.0,0.0,0.34615384615384615,1.4615384615384615,0.0,lignin,0.7050859933030027
493.2423979,493.2420103,493.2418043,C30 H38 O4 S1,30.0,38.0,4.0,1.0,0.0,0.0,0.0,0.0,0.13333333333333333,1.2666666666666666,0.0,lignin,0.521051639265966
493.2084116,493.2080239,493.2079208,C25 H34 O10,25.0,34.0,10.0,0.0,0.0,0.0,0.0,0.0,0.4,1.36,0.0,lignin,0.8343809230895431
493.1720956,493.1717081,493.1715353,C24 H30 O11,24.0,30.0,11.0,0.0,0.0,0.0,0.0,0.0,0.4583333333333333,1.25,0.0,lignin,0.8379131244421287
493.1356713,493.1352837,493.1351497,C23 H26 O12,23.0,26.0,12.0,0.0,0.0,0.0,0.0,0.0,0.5217391304347826,1.1304347826086956,0.0,lignin,0.9210108254761084
493.0990938,493.0987063,493.0987642,C22 H22 O13,22.0,22.0,13.0,0.0,0.0,0.0,0.0,0.0,0.5909090909090909,1.0,0.0,tannin,0.7198370368122438
493.0778887,493.0775012,493.0776349,C25 H18 O11,25.0,18.0,11.0,0.0,0.0,0.0,0.0,0.0,0.44,0.72,0.0,tannin,0.8912301749965243
493.062633,493.0622455,493.0623787,C21 H18 O14,21.0,18.0,14.0,0.0,0.0,0.0,0.0,0.0,0.6666666666666666,0.8571428571428571,0.0,tannin,0.8835456249219306
492.19588,492.1954937,492.1956255,C24 H32 O10 13C1,27.0,32.0,10.0,0.0,0.0,1.0,0.0,0.0,0.4,1.2307692307692308,0.0,lignin,0.8370241856763764
491.265383,491.2649977,491.2650417,C27 H40 O8,27.0,40.0,8.0,0.0,0.0,0.0,0.0,0.0,0.2962962962962963,1.4814814814814814,0.0,lipid,0.8989538691808487
491.2291427,491.2287576,491.2286562,C26 H36 O9,26.0,36.0,9.0,0.0,0.0,0.0,0.0,0.0,0.34615384615384615,1.3846153846153846,0.0,lignin,0.8332605961573124
491.192807,491.1924219,491.1922707,C25 H32 O10,25.0,32.0,10.0,0.0,0.0,0.0,0.0,0.0,0.4,1.28,0.0,lignin,0.8358896186348627
491.1563573,491.1559722,491.1558852,C24 H28 O11,24.0,28.0,11.0,0.0,0.0,0.0,0.0,0.0,0.4583333333333333,1.1666666666666667,0.0,lignin,0.8381254229396792
491.1198734,491.1194883,491.1194997,C23 H24 O12,23.0,24.0,12.0,0.0,0.0,0.0,0.0,0.0,0.5217391304347826,1.0434782608695652,0.0,lignin,0.7989336368869644
491.0833869,491.083002,491.0831142,C22 H20 O13,22.0,20.0,13.0,0.0,0.0,0.0,0.0,0.0,0.5909090909090909,0.9090909090909091,0.0,tannin,0.8883526378663049
491.0470079,491.046623,491.0467287,C21 H16 O14,21.0,16.0,14.0,0.0,0.0,0.0,0.0,0.0,0.6666666666666666,0.7619047619047619,0.0,tannin,0.8859401236353129
490.1802238,490.1798399,490.1799755,C24 H30 O10 13C1,27.0,30.0,10.0,0.0,0.0,1.0,0.0,0.0,0.4,1.1538461538461537,0.0,lignin,0.8367557440114775
489.2499519,489.2495692,489.2493916,C27 H38 O8,27.0,38.0,8.0,0.0,0.0,0.0,0.0,0.0,0.2962962962962963,1.4074074074074074,0.0,lignin,0.7051686540505171
489.2136002,489.2132176,489.2130061,C26 H34 O9,26.0,34.0,9.0,0.0,0.0,0.0,0.0,0.0,0.34615384615384615,1.3076923076923077,0.0,lignin,0.8344576385002412
489.1770025,489.1766199,489.1766206,C25 H30 O10,25.0,30.0,10.0,0.0,0.0,0.0,0.0,0.0,0.4,1.2,0.0,lignin,0.8378584543447772
489.1535297,489.1531472,489.1529893,C32 H26 O3 S1,32.0,26.0,3.0,1.0,0.0,0.0,0.0,0.0,0.09375,0.8125,0.0,pah,0.9470331875144105
489.1404053,489.1400228,489.1402351,C24 H26 O11,24.0,26.0,11.0,0.0,0.0,0.0,0.0,0.0,0.4583333333333333,1.0833333333333333,0.0,lignin,0.9237227886876964
489.1040543,489.1036718,489.1038496,C23 H22 O12,23.0,22.0,12.0,0.0,0.0,0.0,0.0,0.0,0.5217391304347826,0.9565217391304348,0.0,tannin,0.8851437397787538
489.088894,489.0885115,489.0885935,C19 H22 O15,19.0,22.0,15.0,0.0,0.0,0.0,0.0,0.0,0.7894736842105263,1.1578947368421053,0.0,lignin,0.8714196547196076
489.0679242,489.0675418,489.0674641,C22 H18 O13,22.0,18.0,13.0,0.0,0.0,0.0,0.0,0.0,0.5909090909090909,0.8181818181818182,0.0,tannin,0.8901774617474025
487.2339644,487.2335842,487.2337416,C27 H36 O8,27.0,36.0,8.0,0.0,0.0,0.0,0.0,0.0,0.2962962962962963,1.3333333333333333,0.0,lignin,0.833374064527838
487.1975678,487.1971877,487.1973561,C26 H32 O9,26.0,32.0,9.0,0.0,0.0,0.0,0.0,0.0,0.34615384615384615,1.2307692307692308,0.0,lignin,0.8358962409089752
487.1823618,487.1819816,487.1820999,C22 H32 O12,22.0,32.0,12.0,0.0,0.0,0.0,0.0,0.0,0.5454545454545454,1.4545454545454546,0.0,lignin,0.8776649047857117
487.1743391,487.173959,487.1737248,C33 H28 O2 S1,33.0,28.0,2.0,1.0,0.0,0.0,0.0,0.0,0.06060606060606061,0.8484848484848485,0.0,pah,0.9265654828856956
487.1613239,487.1609438,487.1609706,C25 H28 O10,25.0,28.0,10.0,0.0,0.0,0.0,0.0,0.0,0.4,1.12,0.0,lignin,0.9217657858504513
487.1461681,487.145788,487.1457144,C21 H28 O13,21.0,28.0,13.0,0.0,0.0,0.0,0.0,0.0,0.6190476190476191,1.3333333333333333,0.0,lignin,0.931692698095779
487.1251236,487.1247436,487.1245851,C24 H24 O11,24.0,24.0,11.0,0.0,0.0,0.0,0.0,0.0,0.4583333333333333,1.0,0.0,lignin,0.7997834759658897
487.1099016,487.1095215,487.1093289,C20 H24 O14,20.0,24.0,14.0,0.0,0.0,0.0,0.0,0.0,0.7,1.2,0.0,lignin,0.9347262621921966
487.0887908,487.0884108,487.0881995,C23 H20 O12,23.0,20.0,12.0,0.0,0.0,0.0,0.0,0.0,0.5217391304347826,0.8695652173913043,0.0,tannin,0.8895557462370312
487.0734704,487.0730904,487.0729434,C19 H20 O15,19.0,20.0,15.0,0.0,0.0,0.0,0.0,0.0,0.7894736842105263,1.0526315789473684,0.0,tannin,0.718283646926775
487.0522842,487.0519042,487.051814,C22 H16 O13,22.0,16.0,13.0,0.0,0.0,0.0,0.0,0.0,0.5909090909090909,0.7272727272727273,0.0,tannin,0.8935031438847123
486.2827657,486.2823867,486.2823325,C21 H46 O9 S1 13C1,24.0,46.0,9.0,1.0,0.0,1.0,0.0,0.0,0.4090909090909091,2.0,0.0,lipid,0.8959399768873093
485.279205,485.2788272,485.2789777,C22 H46 O9 S1,22.0,46.0,9.0,1.0,0.0,0.0,0.0,0.0,0.4090909090909091,2.090909090909091,0.0,lipid,0.8954387440823615
485.2185884,485.2182107,485.2180915,C27 H34 O8,27.0,34.0,8.0,0.0,0.0,0.0,0.0,0.0,0.2962962962962963,1.2592592592592593,0.0,lignin,0.8344169793236669
485.203365,485.2029873,485.2028354,C23 H34 O11,23.0,34.0,11.0,0.0,0.0,0.0,0.0,0.0,0.4782608695652174,1.4782608695652173,0.0,lignin,0.8274384398174183
485.1822745,485.1818969,485.181706,C26 H30 O9,26.0,30.0,9.0,0.0,0.0,0.0,0.0,0.0,0.34615384615384615,1.1538461538461537,0.0,lignin,0.8352705701326351
485.1670118,485.1666341,485.1664499,C22 H30 O12,22.0,30.0,12.0,0.0,0.0,0.0,0.0,0.0,0.5454545454545454,1.3636363636363635,0.0,lignin,0.8370250210908932
485.1458333,485.1454556,485.1453205,C25 H26 O10,25.0,26.0,10.0,0.0,0.0,0.0,0.0,0.0,0.4,1.04,0.0,lignin,0.9241265682004789
485.1304454,485.1300678,485.1300644,C21 H26 O13,21.0,26.0,13.0,0.0,0.0,0.0,0.0,0.0,0.6190476190476191,1.2380952380952381,0.0,lignin,0.9377131854524847
485.1092045,485.1088269,485.108935,C24 H22 O11,24.0,22.0,11.0,0.0,0.0,0.0,0.0,0.0,0.4583333333333333,0.9166666666666666,0.0,tannin,0.8854182764002138
485.0938501,485.0934726,485.0936789,C20 H22 O14,20.0,22.0,14.0,0.0,0.0,0.0,0.0,0.0,0.7,1.1,0.0,lignin,0.6340212869163256
485.0727344,485.0723569,485.0725495,C23 H18 O12,23.0,18.0,12.0,0.0,0.0,0.0,0.0,0.0,0.5217391304347826,0.782608695652174,0.0,tannin,0.8908693682735459
485.0574998,485.0571223,485.0572933,C19 H18 O15,19.0,18.0,15.0,0.0,0.0,0.0,0.0,0.0,0.7894736842105263,0.9473684210526315,0.0,tannin,0.885372059431518
485.036539,485.0361615,485.036164,C22 H14 O13,22.0,14.0,13.0,0.0,0.0,0.0,0.0,0.0,0.5909090909090909,0.6363636363636364,0.0,tannin,0.8946485300502645
483.2237645,483.2233892,483.2235708,C24 H36 O10,24.0,36.0,10.0,0.0,0.0,0.0,0.0,0.0,0.4166666666666667,1.5,0.0,lignin,0.8264543435610502
483.2026179,483.2022427,483.2024415,C27 H32 O8,27.0,32.0,8.0,0.0,0.0,0.0,0.0,0.0,0.2962962962962963,1.1851851851851851,0.0,lignin,0.8358306509263944
483.1874154,483.1870402,483.1871853,C23 H32 O11,23.0,32.0,11.0,0.0,0.0,0.0,0.0,0.0,0.4782608695652174,1.391304347826087,0.0,lignin,0.8350728904433964
483.1793952,483.17902,483.1788102,C34 H28 O1 S1,34.0,28.0,1.0,1.0,0.0,0.0,0.0,0.0,0.029411764705882353,0.8235294117647058,0.0,pah,0.9322421110172753
483.1512545,483.1508793,483.1507998,C22 H28 O12,22.0,28.0,12.0,0.0,0.0,0.0,0.0,0.0,0.5454545454545454,1.2727272727272727,0.0,lignin,0.8397186723909152
483.1301963,483.1298212,483.1296704,C25 H24 O10,25.0,24.0,10.0,0.0,0.0,0.0,0.0,0.0,0.4,0.96,0.0,tannin,0.7170085274148627
483.0938535,483.0934784,483.0932849,C24 H20 O11,24.0,20.0,11.0,0.0,0.0,0.0,0.0,0.0,0.4583333333333333,0.8333333333333334,0.0,tannin,0.8885066724415379
483.0785504,483.0781754,483.0780288,C20 H20 O14,20.0,20.0,14.0,0.0,0.0,0.0,0.0,0.0,0.7,1.0,0.0,tannin,0.7188065712841234
483.0573277,483.0569527,483.0568994,C23 H16 O12,23.0,16.0,12.0,0.0,0.0,0.0,0.0,0.0,0.5217391304347826,0.6956521739130435,0.0,tannin,0.8925505839143654
483.0419906,483.0416156,483.0416433,C19 H16 O15,19.0,16.0,15.0,0.0,0.0,0.0,0.0,0.0,0.7894736842105263,0.8421052631578947,0.0,tannin,0.8863714198599851
482.1751369,482.1747629,482.1748901,C22 H30 O11 13C1,25.0,30.0,11.0,0.0,0.0,1.0,0.0,0.0,0.4782608695652174,1.25,0.0,lignin,0.8384461820443765
482.1670796,482.1667057,482.1665149,C33 H26 O1 S1 13C1,36.0,26.0,1.0,1.0,0.0,1.0,0.0,0.0,0.029411764705882353,0.7428571428571429,0.0,pah,0.9450404547076066
482.1670796,482.1667057,482.1667842,C22 H29 O11 N1,22.0,29.0,11.0,0.0,1.0,0.0,0.0,0.0,0.5,1.3181818181818181,0.045454545454545456,lignin,0.8374145754632973
482.1388102,482.1384363,482.1385046,C21 H26 O12 13C1,24.0,26.0,12.0,0.0,0.0,1.0,0.0,0.0,0.5454545454545454,1.1304347826086956,0.0,lignin,0.9210097943958996
481.244801,481.2444282,481.2443063,C25 H38 O9,25.0,38.0,9.0,0.0,0.0,0.0,0.0,0.0,0.36,1.52,0.0,lipid,0.8878001695502
481.2084277,481.208055,481.2079208,C24 H34 O10,24.0,34.0,10.0,0.0,0.0,0.0,0.0,0.0,0.4166666666666667,1.4166666666666667,0.0,lignin,0.8337169597071519
481.1718509,481.1714782,481.1715353,C23 H30 O11,23.0,30.0,11.0,0.0,0.0,0.0,0.0,0.0,0.4782608695652174,1.3043478260869565,0.0,lignin,0.8369655127841309
481.1637242,481.1633515,481.1631601,C34 H26 O1 S1,34.0,26.0,1.0,1.0,0.0,0.0,0.0,0.0,0.029411764705882353,0.7647058823529411,0.0,pah,0.946953386232256
481.1353376,481.1349649,481.1351497,C22 H26 O12,22.0,26.0,12.0,0.0,0.0,0.0,0.0,0.0,0.5454545454545454,1.1818181818181819,0.0,lignin,0.8436300447930236
481.0990617,481.0986891,481.0987642,C21 H22 O13,21.0,22.0,13.0,0.0,0.0,0.0,0.0,0.0,0.6190476190476191,1.0476190476190477,0.0,tannin,0.5344469963052468
481.0781303,481.0777577,481.0776349,C24 H18 O11,24.0,18.0,11.0,0.0,0.0,0.0,0.0,0.0,0.4583333333333333,0.75,0.0,tannin,0.890444644569793
481.062932,481.0625595,481.0623787,C20 H18 O14,20.0,18.0,14.0,0.0,0.0,0.0,0.0,0.0,0.7,0.9,0.0,tannin,0.88599134176029
480.1961507,480.1957792,480.1956255,C23 H32 O10 13C1,26.0,32.0,10.0,0.0,0.0,1.0,0.0,0.0,0.4166666666666667,1.28,0.0,lignin,0.8362183983278733
480.1595379,480.1591665,480.15924,C22 H28 O11 13C1,25.0,28.0,11.0,0.0,0.0,1.0,0.0,0.0,0.4782608695652174,1.1666666666666667,0.0,lignin,0.8388332067391133
480.1230279,480.1226565,480.1228545,C21 H24 O12 13C1,24.0,24.0,12.0,0.0,0.0,1.0,0.0,0.0,0.5454545454545454,1.0434782608695652,0.0,lignin,0.7991327745679071
479.2291939,479.2288236,479.2286562,C25 H36 O9,25.0,36.0,9.0,0.0,0.0,0.0,0.0,0.0,0.36,1.44,0.0,lignin,0.8326591091061971
479.1927939,479.1924237,479.1922707,C24 H32 O10,24.0,32.0,10.0,0.0,0.0,0.0,0.0,0.0,0.4166666666666667,1.3333333333333333,0.0,lignin,0.8351062822786638
479.1562665,479.1558963,479.1558852,C23 H28 O11,23.0,28.0,11.0,0.0,0.0,0.0,0.0,0.0,0.4782608695652174,1.2173913043478262,0.0,lignin,0.8395044463004344
479.119752,479.1193819,479.1194997,C22 H24 O12,22.0,24.0,12.0,0.0,0.0,0.0,0.0,0.0,0.5454545454545454,1.0909090909090908,0.0,lignin,0.9233995944228713
479.0834194,479.0830493,479.0831142,C21 H20 O13,21.0,20.0,13.0,0.0,0.0,0.0,0.0,0.0,0.6190476190476191,0.9523809523809523,0.0,tannin,0.8879446229830685
479.0623762,479.0620061,479.0619848,C24 H16 O11,24.0,16.0,11.0,0.0,0.0,0.0,0.0,0.0,0.4583333333333333,0.6666666666666666,0.0,tannin,0.8922776744707394
479.0472026,479.0468325,479.0467287,C20 H16 O14,20.0,16.0,14.0,0.0,0.0,0.0,0.0,0.0,0.7,0.8,0.0,tannin,0.8871091687262413
478.2168373,478.2164682,478.216361,C24 H34 O9 13C1,27.0,34.0,9.0,0.0,0.0,1.0,0.0,0.0,0.36,1.3076923076923077,0.0,lignin,0.8346595927159056
478.1805345,478.1801655,478.1799755,C23 H30 O10 13C1,26.0,30.0,10.0,0.0,0.0,1.0,0.0,0.0,0.4166666666666667,1.2,0.0,lignin,0.8382858145936541
478.1439881,478.1436191,478.14359,C22 H26 O11 13C1,25.0,26.0,11.0,0.0,0.0,1.0,0.0,0.0,0.4782608695652174,1.0833333333333333,0.0,lignin,0.9235671287070574
477.2496672,477.2492993,477.2493916,C26 H38 O8,26.0,38.0,8.0,0.0,0.0,0.0,0.0,0.0,0.3076923076923077,1.4615384615384615,0.0,lipid,0.898971695678131
477.2134825,477.2131147,477.2130061,C25 H34 O9,25.0,34.0,9.0,0.0,0.0,0.0,0.0,0.0,0.36,1.36,0.0,lignin,0.8338149895033347
477.1771979,477.1768301,477.1766206,C24 H30 O10,24.0,30.0,10.0,0.0,0.0,0.0,0.0,0.0,0.4166666666666667,1.25,0.0,lignin,0.8369116499458993
477.1406157,477.140248,477.1402351,C23 H26 O11,23.0,26.0,11.0,0.0,0.0,0.0,0.0,0.0,0.4782608695652174,1.1304347826086956,0.0,lignin,0.9211887064571437
477.1040324,477.1036648,477.1038496,C22 H22 O12,22.0,22.0,12.0,0.0,0.0,0.0,0.0,0.0,0.5454545454545454,1.0,0.0,tannin,0.7179299885201277
477.0677152,477.0673476,477.0674641,C21 H18 O13,21.0,18.0,13.0,0.0,0.0,0.0,0.0,0.0,0.6190476190476191,0.8571428571428571,0.0,tannin,0.8896187745538908
477.0315821,477.0312145,477.0310786,C20 H14 O14,20.0,14.0,14.0,0.0,0.0,0.0,0.0,0.0,0.7,0.7,0.0,tannin,0.8882138010020627
475.234232,475.2338667,475.2337416,C26 H36 O8,26.0,36.0,8.0,0.0,0.0,0.0,0.0,0.0,0.3076923076923077,1.3846153846153846,0.0,lignin,0.8327994150897859
475.1978501,475.1974848,475.1973561,C25 H32 O9,25.0,32.0,9.0,0.0,0.0,0.0,0.0,0.0,0.36,1.28,0.0,lignin,0.8351715209768091
475.1614064,475.1610411,475.1609706,C24 H28 O10,24.0,28.0,10.0,0.0,0.0,0.0,0.0,0.0,0.4166666666666667,1.1666666666666667,0.0,lignin,0.8368266772005963
475.1248489,475.1244837,475.1245851,C23 H24 O11,23.0,24.0,11.0,0.0,0.0,0.0,0.0,0.0,0.4782608695652174,1.0434782608695652,0.0,lignin,0.923052896896699
475.0883928,475.0880276,475.0881995,C22 H20 O12,22.0,20.0,12.0,0.0,0.0,0.0,0.0,0.0,0.5454545454545454,0.9090909090909091,0.0,tannin,0.8878165329672051
475.0732035,475.0728383,475.0729434,C18 H20 O15,18.0,20.0,15.0,0.0,0.0,0.0,0.0,0.0,0.8333333333333334,1.1111111111111112,0.0,lignin,0.6494287128651477
475.05222,475.0518548,475.051814,C21 H16 O13,21.0,16.0,13.0,0.0,0.0,0.0,0.0,0.0,0.6190476190476191,0.7619047619047619,0.0,tannin,0.8917290431524189
473.218537,473.2181741,473.2180915,C26 H34 O8,26.0,34.0,8.0,0.0,0.0,0.0,0.0,0.0,0.3076923076923077,1.3076923076923077,0.0,lignin,0.8339150797190298
473.1819637,473.1816009,473.181706,C25 H30 O9,25.0,30.0,9.0,0.0,0.0,0.0,0.0,0.0,0.36,1.2,0.0,lignin,0.8369032299329842
473.1666799,473.1663171,473.1664499,C21 H30 O12,21.0,30.0,12.0,0.0,0.0,0.0,0.0,0.0,0.5714285714285714,1.4285714285714286,0.0,lignin,0.8618200331180074
473.1585946,473.1582318,473.1580747,C32 H26 O2 S1,32.0,26.0,2.0,1.0,0.0,0.0,0.0,0.0,0.0625,0.8125,0.0,pah,0.9472369483962874
473.1455285,473.1451657,473.1453205,C24 H26 O10,24.0,26.0,10.0,0.0,0.0,0.0,0.0,0.0,0.4166666666666667,1.0833333333333333,0.0,lignin,0.9241864824928026
473.1303002,473.1299374,473.1300644,C20 H26 O13,20.0,26.0,13.0,0.0,0.0,0.0,0.0,0.0,0.65,1.3,0.0,lignin,0.9319187306747667
473.1222867,473.1219239,473.1216892,C31 H22 O3 S1,31.0,22.0,3.0,1.0,0.0,0.0,0.0,0.0,0.0967741935483871,0.7096774193548387,0.0,pah,0.9441069310668105
473.1093116,473.1089488,473.108935,C23 H22 O11,23.0,22.0,11.0,0.0,0.0,0.0,0.0,0.0,0.4782608695652174,0.9565217391304348,0.0,tannin,0.8850877183614948
473.0941188,473.0937561,473.0936789,C19 H22 O14,19.0,22.0,14.0,0.0,0.0,0.0,0.0,0.0,0.7368421052631579,1.1578947368421053,0.0,lignin,0.8132956099613564
473.0730964,473.0727337,473.0725495,C22 H18 O12,22.0,18.0,12.0,0.0,0.0,0.0,0.0,0.0,0.5454545454545454,0.8181818181818182,0.0,tannin,0.8908953478261818
473.0578365,473.0574738,473.0572933,C18 H18 O15,18.0,18.0,15.0,0.0,0.0,0.0,0.0,0.0,0.8333333333333334,1.0,0.0,tannin,0.7190583958289893
473.0367168,473.0363541,473.036164,C21 H14 O13,21.0,14.0,13.0,0.0,0.0,0.0,0.0,0.0,0.6190476190476191,0.6666666666666666,0.0,tannin,0.8946105895348581
471.1873656,471.1870052,471.1871853,C22 H32 O11,22.0,32.0,11.0,0.0,0.0,0.0,0.0,0.0,0.5,1.4545454545454546,0.0,lignin,0.8281098189786974
471.1793331,471.1789727,471.1788102,C33 H28 O1 S1,33.0,28.0,1.0,1.0,0.0,0.0,0.0,0.0,0.030303030303030304,0.8484848484848485,0.0,pah,0.9266922393794677
471.1663693,471.1660089,471.1660559,C25 H28 O9,25.0,28.0,9.0,0.0,0.0,0.0,0.0,0.0,0.36,1.12,0.0,lignin,0.9225384172381463
471.1512572,471.1508968,471.1507998,C21 H28 O12,21.0,28.0,12.0,0.0,0.0,0.0,0.0,0.0,0.5714285714285714,1.3333333333333333,0.0,lignin,0.8696465861808613
471.1302464,471.129886,471.1296704,C24 H24 O10,24.0,24.0,10.0,0.0,0.0,0.0,0.0,0.0,0.4166666666666667,1.0,0.0,lignin,0.9229424889175599
471.0938092,471.0934489,471.0932849,C23 H20 O11,23.0,20.0,11.0,0.0,0.0,0.0,0.0,0.0,0.4782608695652174,0.8695652173913043,0.0,tannin,0.8882180028393396
471.0784678,471.0781076,471.0780288,C19 H20 O14,19.0,20.0,14.0,0.0,0.0,0.0,0.0,0.0,0.7368421052631579,1.0526315789473684,0.0,tannin,0.7182678921750514
471.0571746,471.0568143,471.0568994,C22 H16 O12,22.0,16.0,12.0,0.0,0.0,0.0,0.0,0.0,0.5454545454545454,0.7272727272727273,0.0,tannin,0.8922708704763028
471.041851,471.0414907,471.0416433,C18 H16 O15,18.0,16.0,15.0,0.0,0.0,0.0,0.0,0.0,0.8333333333333334,0.8888888888888888,0.0,tannin,0.8858546113872455
469.2842677,469.2839096,469.2840631,C22 H46 O8 S1,22.0,46.0,8.0,1.0,0.0,0.0,0.0,0.0,0.36363636363636365,2.090909090909091,0.0,lipid,0.8958265080304082
469.2084557,469.2080978,469.2079208,C23 H34 O10,23.0,34.0,10.0,0.0,0.0,0.0,0.0,0.0,0.43478260869565216,1.4782608695652173,0.0,lignin,0.8269431132061851
469.1720474,469.1716895,469.1715353,C22 H30 O11,22.0,30.0,11.0,0.0,0.0,0.0,0.0,0.0,0.5,1.3636363636363635,0.0,lignin,0.8360367689438517
469.1507652,469.1504073,469.1504059,C25 H26 O9,25.0,26.0,9.0,0.0,0.0,0.0,0.0,0.0,0.36,1.04,0.0,lignin,0.9240014161549539
469.1354214,469.1350635,469.1351497,C21 H26 O12,21.0,26.0,12.0,0.0,0.0,0.0,0.0,0.0,0.5714285714285714,1.2380952380952381,0.0,lignin,0.8763761843104803
469.1272922,469.1269343,469.1267746,C32 H22 O2 S1,32.0,22.0,2.0,1.0,0.0,0.0,0.0,0.0,0.0625,0.6875,0.0,pah,0.9440975143901568
469.114186,469.1138281,469.1140204,C24 H22 O10,24.0,22.0,10.0,0.0,0.0,0.0,0.0,0.0,0.4166666666666667,0.9166666666666666,0.0,tannin,0.8841540768663915
469.0989291,469.0985713,469.0987642,C20 H22 O13,20.0,22.0,13.0,0.0,0.0,0.0,0.0,0.0,0.65,1.1,0.0,lignin,0.8009993842283294
469.0778707,469.0775129,469.0776349,C23 H18 O11,23.0,18.0,11.0,0.0,0.0,0.0,0.0,0.0,0.4782608695652174,0.782608695652174,0.0,tannin,0.8899965392492974
469.0627337,469.0623759,469.0623787,C19 H18 O14,19.0,18.0,14.0,0.0,0.0,0.0,0.0,0.0,0.7368421052631579,0.9473684210526315,0.0,tannin,0.8854612205020711
469.0418311,469.0414733,469.0412494,C22 H14 O12,22.0,14.0,12.0,0.0,0.0,0.0,0.0,0.0,0.5454545454545454,0.6363636363636364,0.0,tannin,0.8940468327581839
468.1958452,468.1954885,468.1956255,C22 H32 O10 13C1,25.0,32.0,10.0,0.0,0.0,1.0,0.0,0.0,0.43478260869565216,1.3333333333333333,0.0,lignin,0.8354241395505955
468.1594092,468.1590525,468.15924,C21 H28 O11 13C1,24.0,28.0,11.0,0.0,0.0,1.0,0.0,0.0,0.5,1.2173913043478262,0.0,lignin,0.8402137154156897
467.2288744,467.2285188,467.2286562,C24 H36 O9,24.0,36.0,9.0,0.0,0.0,0.0,0.0,0.0,0.375,1.5,0.0,lipid,0.6148219769299166
467.192514,467.1921585,467.1922707,C23 H32 O10,23.0,32.0,10.0,0.0,0.0,0.0,0.0,0.0,0.43478260869565216,1.391304347826087,0.0,lignin,0.8343864751246898
467.1563097,467.1559542,467.1558852,C22 H28 O11,22.0,28.0,11.0,0.0,0.0,0.0,0.0,0.0,0.5,1.2727272727272727,0.0,lignin,0.838357641429911
467.1200679,467.1197125,467.1194997,C21 H24 O12,21.0,24.0,12.0,0.0,0.0,0.0,0.0,0.0,0.5714285714285714,1.1428571428571428,0.0,lignin,0.8989317700208057
467.0988315,467.0984761,467.0983703,C24 H20 O10,24.0,20.0,10.0,0.0,0.0,0.0,0.0,0.0,0.4166666666666667,0.8333333333333334,0.0,tannin,0.8869940390698346
467.0835336,467.0831782,467.0831142,C20 H20 O13,20.0,20.0,13.0,0.0,0.0,0.0,0.0,0.0,0.65,1.0,0.0,tannin,0.7149622933866118
467.0622908,467.0619354,467.0619848,C23 H16 O11,23.0,16.0,11.0,0.0,0.0,0.0,0.0,0.0,0.4782608695652174,0.6956521739130435,0.0,tannin,0.8920067510703961
467.0469545,467.0465991,467.0467287,C19 H16 O14,19.0,16.0,14.0,0.0,0.0,0.0,0.0,0.0,0.7368421052631579,0.8421052631578947,0.0,tannin,0.8865006681919096
467.0444951,467.0441397,467.0442267,C23 H16 O9 S1,23.0,16.0,9.0,1.0,0.0,0.0,0.0,0.0,0.391304347826087,0.6956521739130435,0.0,tannin,0.8821227209803005
466.1805509,466.1801966,466.1799755,C22 H30 O10 13C1,25.0,30.0,10.0,0.0,0.0,1.0,0.0,0.0,0.43478260869565216,1.25,0.0,lignin,0.8373293098188922
466.1439211,466.1435669,466.14359,C21 H26 O11 13C1,24.0,26.0,11.0,0.0,0.0,1.0,0.0,0.0,0.5,1.1304347826086956,0.0,lignin,0.9210721283757956
465.2133121,465.212959,465.2130061,C24 H34 O9,24.0,34.0,9.0,0.0,0.0,0.0,0.0,0.0,0.375,1.4166666666666667,0.0,lignin,0.833161813892325
465.1768283,465.1764753,465.1766206,C23 H30 O10,23.0,30.0,10.0,0.0,0.0,0.0,0.0,0.0,0.43478260869565216,1.3043478260869565,0.0,lignin,0.8360350271575161
465.1687764,465.1684233,465.1682455,C34 H26 S1,34.0,26.0,0.0,1.0,0.0,0.0,0.0,0.0,0.0,0.7647058823529411,0.0,pah,0.9471866474416635
465.1404924,465.1401394,465.1402351,C22 H26 O11,22.0,26.0,11.0,0.0,0.0,0.0,0.0,0.0,0.5,1.1818181818181819,0.0,lignin,0.8416428231041918
465.1043355,465.1039825,465.1038496,C21 H22 O12,21.0,22.0,12.0,0.0,0.0,0.0,0.0,0.0,0.5714285714285714,1.0476190476190477,0.0,lignin,0.7995934512881613
465.083263,465.08291,465.0827202,C24 H18 O10,24.0,18.0,10.0,0.0,0.0,0.0,0.0,0.0,0.4166666666666667,0.75,0.0,tannin,0.8905895968911979
465.0680126,465.0676597,465.0674641,C20 H18 O13,20.0,18.0,13.0,0.0,0.0,0.0,0.0,0.0,0.65,0.9,0.0,tannin,0.8827085116894617
465.0315001,465.0311472,465.0310786,C19 H14 O14,19.0,14.0,14.0,0.0,0.0,0.0,0.0,0.0,0.7368421052631579,0.7368421052631579,0.0,tannin,0.8875421306810883
464.20104,464.2006881,464.2007109,C23 H32 O9 13C1,26.0,32.0,9.0,0.0,0.0,1.0,0.0,0.0,0.375,1.28,0.0,lignin,0.8354272946504192
464.1648437,464.1644919,464.1643254,C22 H28 O10 13C1,25.0,28.0,10.0,0.0,0.0,1.0,0.0,0.0,0.43478260869565216,1.1666666666666667,0.0,lignin,0.8373610219654749
463.2342377,463.233887,463.2337416,C25 H36 O8,25.0,36.0,8.0,0.0,0.0,0.0,0.0,0.0,0.32,1.44,0.0,lignin,0.7050531071757442
463.1977009,463.1973503,463.1973561,C24 H32 O9,24.0,32.0,9.0,0.0,0.0,0.0,0.0,0.0,0.375,1.3333333333333333,0.0,lignin,0.8344504603619798
463.1611887,463.1608381,463.1609706,C23 H28 O10,23.0,28.0,10.0,0.0,0.0,0.0,0.0,0.0,0.43478260869565216,1.2173913043478262,0.0,lignin,0.8382489229682278
463.1378855,463.137535,463.1373393,C30 H24 O3 S1,30.0,24.0,3.0,1.0,0.0,0.0,0.0,0.0,0.1,0.8,0.0,pah,0.9468765741992138
463.1248579,463.1245073,463.1245851,C22 H24 O11,22.0,24.0,11.0,0.0,0.0,0.0,0.0,0.0,0.5,1.0909090909090908,0.0,lignin,0.9235444385431512
463.0886295,463.0882789,463.0881995,C21 H20 O12,21.0,20.0,12.0,0.0,0.0,0.0,0.0,0.0,0.5714285714285714,0.9523809523809523,0.0,tannin,0.8871913195412574
463.0523175,463.051967,463.051814,C20 H16 O13,20.0,16.0,13.0,0.0,0.0,0.0,0.0,0.0,0.65,0.8,0.0,tannin,0.8848871196561783
462.1854004,462.185051,462.1850608,C23 H30 O9 13C1,26.0,30.0,9.0,0.0,0.0,1.0,0.0,0.0,0.375,1.2,0.0,lignin,0.8372304770923463
462.1491862,462.1488368,462.1486753,C22 H26 O10 13C1,25.0,26.0,10.0,0.0,0.0,1.0,0.0,0.0,0.43478260869565216,1.0833333333333333,0.0,lignin,0.923976487034753
461.2185054,461.2181572,461.2180915,C25 H34 O8,25.0,34.0,8.0,0.0,0.0,0.0,0.0,0.0,0.32,1.36,0.0,lignin,0.8332939848251304
461.1820002,461.181652,461.181706,C24 H30 O9,24.0,30.0,9.0,0.0,0.0,0.0,0.0,0.0,0.375,1.25,0.0,lignin,0.8360428301224448
461.1585831,461.158235,461.1580747,C31 H26 O2 S1,31.0,26.0,2.0,1.0,0.0,0.0,0.0,0.0,0.06451612903225806,0.8387096774193549,0.0,pah,0.9321542770915858
461.1455657,461.1452176,461.1453205,C23 H26 O10,23.0,26.0,10.0,0.0,0.0,0.0,0.0,0.0,0.43478260869565216,1.1304347826086956,0.0,lignin,0.9215711611435594
461.1092604,461.1089123,461.108935,C22 H22 O11,22.0,22.0,11.0,0.0,0.0,0.0,0.0,0.0,0.5,1.0,0.0,tannin,0.5343542876145502
461.0941289,461.0937808,461.0936789,C18 H22 O14,18.0,22.0,14.0,0.0,0.0,0.0,0.0,0.0,0.7777777777777778,1.2222222222222223,0.0,lignin,0.9393878290500318
461.0730267,461.0726786,461.0725495,C21 H18 O12,21.0,18.0,12.0,0.0,0.0,0.0,0.0,0.0,0.5714285714285714,0.8571428571428571,0.0,tannin,0.8892786090516557
461.0366474,461.0362993,461.036164,C20 H14 O13,20.0,14.0,13.0,0.0,0.0,0.0,0.0,0.0,0.65,0.7,0.0,tannin,0.8871467665221001
459.2392011,459.2388553,459.238827,C26 H36 O7,26.0,36.0,7.0,0.0,0.0,0.0,0.0,0.0,0.2692307692307692,1.3846153846153846,0.0,lignin,0.7051332246302415
459.2026939,459.2023481,459.2024415,C25 H32 O8,25.0,32.0,8.0,0.0,0.0,0.0,0.0,0.0,0.32,1.28,0.0,lignin,0.8345277996369497
459.1793094,459.1789636,459.1788102,C32 H28 O1 S1,32.0,28.0,1.0,1.0,0.0,0.0,0.0,0.0,0.03125,0.875,0.0,pah,0.9241390924971175
459.1662689,459.1659231,459.1660559,C24 H28 O9,24.0,28.0,9.0,0.0,0.0,0.0,0.0,0.0,0.375,1.1666666666666667,0.0,lignin,0.8357151818875043
459.1510545,459.1507087,459.1507998,C20 H28 O12,20.0,28.0,12.0,0.0,0.0,0.0,0.0,0.0,0.6,1.4,0.0,lignin,0.8927154263495435
459.1429951,459.1426494,459.1424247,C31 H24 O2 S1,31.0,24.0,2.0,1.0,0.0,0.0,0.0,0.0,0.06451612903225806,0.7741935483870968,0.0,pah,0.9451814296153561
459.1300085,459.1296628,459.1296704,C23 H24 O10,23.0,24.0,10.0,0.0,0.0,0.0,0.0,0.0,0.43478260869565216,1.0434782608695652,0.0,lignin,0.924432844446177
459.1148044,459.1144587,459.1144143,C19 H24 O13,19.0,24.0,13.0,0.0,0.0,0.0,0.0,0.0,0.6842105263157895,1.263157894736842,0.0,lignin,0.9370902867477783
459.0937717,459.093426,459.0932849,C22 H20 O11,22.0,20.0,11.0,0.0,0.0,0.0,0.0,0.0,0.5,0.9090909090909091,0.0,tannin,0.8877160002116773
459.078548,459.0782024,459.0780288,C18 H20 O14,18.0,20.0,14.0,0.0,0.0,0.0,0.0,0.0,0.7777777777777778,1.1111111111111112,0.0,lignin,0.633752485358045
459.0574047,459.057059,459.0568994,C21 H16 O12,21.0,16.0,12.0,0.0,0.0,0.0,0.0,0.0,0.5714285714285714,0.7619047619047619,0.0,tannin,0.8922856803519371
459.0420535,459.0417079,459.0416433,C17 H16 O15,17.0,16.0,15.0,0.0,0.0,0.0,0.0,0.0,0.8823529411764706,0.9411764705882353,0.0,tannin,0.8286840521879191
457.2233447,457.2230013,457.2231769,C26 H34 O7,26.0,34.0,7.0,0.0,0.0,0.0,0.0,0.0,0.2692307692307692,1.3076923076923077,0.0,lignin,0.8333213349550233
457.2081505,457.2078071,457.2079208,C22 H34 O10,22.0,34.0,10.0,0.0,0.0,0.0,0.0,0.0,0.45454545454545453,1.5454545454545454,0.0,lignin,0.6991363560436951
457.2000965,457.1997531,457.1995456,C33 H30 S1,33.0,30.0,0.0,1.0,0.0,0.0,0.0,0.0,0.0,0.9090909090909091,0.0,pah,0.924320385967637
457.1871177,457.1867743,457.1867914,C25 H30 O8,25.0,30.0,8.0,0.0,0.0,0.0,0.0,0.0,0.32,1.2,0.0,lignin,0.8359767710292234
457.1719601,457.1716167,457.1715353,C21 H30 O11,21.0,30.0,11.0,0.0,0.0,0.0,0.0,0.0,0.5238095238095238,1.4285714285714286,0.0,lignin,0.8289065624627989
457.1508837,457.1505404,457.1504059,C24 H26 O9,24.0,26.0,9.0,0.0,0.0,0.0,0.0,0.0,0.375,1.0833333333333333,0.0,lignin,0.9249132969015141
457.135687,457.1353437,457.1351497,C20 H26 O12,20.0,26.0,12.0,0.0,0.0,0.0,0.0,0.0,0.6,1.3,0.0,lignin,0.8995033012768848
457.1144748,457.1141315,457.1140204,C23 H22 O10,23.0,22.0,10.0,0.0,0.0,0.0,0.0,0.0,0.43478260869565216,0.9565217391304348,0.0,tannin,0.8834619386043217
457.0991517,457.0988085,457.0987642,C19 H22 O13,19.0,22.0,13.0,0.0,0.0,0.0,0.0,0.0,0.6842105263157895,1.1578947368421053,0.0,lignin,0.9374204214499102
457.0778808,457.0775376,457.0776349,C22 H18 O11,22.0,18.0,11.0,0.0,0.0,0.0,0.0,0.0,0.5,0.8181818181818182,0.0,tannin,0.889935117460273
457.0625939,457.0622507,457.0623787,C18 H18 O14,18.0,18.0,14.0,0.0,0.0,0.0,0.0,0.0,0.7777777777777778,1.0,0.0,tannin,0.7187626959177249
457.041473,457.0411299,457.0412494,C21 H14 O12,21.0,14.0,12.0,0.0,0.0,0.0,0.0,0.0,0.5714285714285714,0.6666666666666666,0.0,tannin,0.8940049428381599
457.0390396,457.0386965,457.0387474,C25 H14 O7 S1,25.0,14.0,7.0,1.0,0.0,0.0,0.0,0.0,0.28,0.56,0.0,pah,0.5792400142346273
456.1594171,456.159075,456.15924,C20 H28 O11 13C1,23.0,28.0,11.0,0.0,0.0,1.0,0.0,0.0,0.5238095238095238,1.2727272727272727,0.0,lignin,0.8390423884977954
456.1514227,456.1510806,456.1508649,C31 H24 O1 S1 13C1,34.0,24.0,1.0,1.0,0.0,1.0,0.0,0.0,0.03125,0.7272727272727273,0.0,pah,0.9448032955438569
456.1514227,456.1510806,456.1511342,C20 H27 O11 N1,20.0,27.0,11.0,0.0,1.0,0.0,0.0,0.0,0.55,1.35,0.05,lignin,0.831946463431955
455.1927186,455.1923777,455.1922707,C22 H32 O10,22.0,32.0,10.0,0.0,0.0,0.0,0.0,0.0,0.45454545454545453,1.4545454545454546,0.0,lignin,0.8275290537003904
455.1714445,455.1711036,455.1711413,C25 H28 O8,25.0,28.0,8.0,0.0,0.0,0.0,0.0,0.0,0.32,1.12,0.0,lignin,0.9177215789244151
455.1561519,455.155811,455.1558852,C21 H28 O11,21.0,28.0,11.0,0.0,0.0,0.0,0.0,0.0,0.5238095238095238,1.3333333333333333,0.0,lignin,0.8372923297572186
455.1480403,455.1476995,455.14751,C32 H24 O1 S1,32.0,24.0,1.0,1.0,0.0,0.0,0.0,0.0,0.03125,0.75,0.0,pah,0.9451301433214789
455.1349322,455.1345913,455.1347558,C24 H24 O9,24.0,24.0,9.0,0.0,0.0,0.0,0.0,0.0,0.375,1.0,0.0,lignin,0.923123916587147
455.1196851,455.1193442,455.1194997,C20 H24 O12,20.0,24.0,12.0,0.0,0.0,0.0,0.0,0.0,0.6,1.2,0.0,lignin,0.9059390441440254
455.1116354,455.1112946,455.1111245,C31 H20 O2 S1,31.0,20.0,2.0,1.0,0.0,0.0,0.0,0.0,0.06451612903225806,0.6451612903225806,0.0,pah,0.9436846745146253
455.0986268,455.098286,455.0983703,C23 H20 O10,23.0,20.0,10.0,0.0,0.0,0.0,0.0,0.0,0.43478260869565216,0.8695652173913043,0.0,tannin,0.8860453439867142
455.0834564,455.0831156,455.0831142,C19 H20 O13,19.0,20.0,13.0,0.0,0.0,0.0,0.0,0.0,0.6842105263157895,1.0526315789473684,0.0,tannin,0.7182488174138542
455.0624806,455.0621398,455.0619848,C22 H16 O11,22.0,16.0,11.0,0.0,0.0,0.0,0.0,0.0,0.5,0.7272727272727273,0.0,tannin,0.8913263157377502
455.0472962,455.0469555,455.0467287,C18 H16 O14,18.0,16.0,14.0,0.0,0.0,0.0,0.0,0.0,0.7777777777777778,0.8888888888888888,0.0,tannin,0.8859742821640288
454.1804407,454.180101,454.1799755,C21 H30 O10 13C1,24.0,30.0,10.0,0.0,0.0,1.0,0.0,0.0,0.45454545454545453,1.3043478260869565,0.0,lignin,0.8364416190063096
454.1439657,454.143626,454.14359,C20 H26 O11 13C1,23.0,26.0,11.0,0.0,0.0,1.0,0.0,0.0,0.5238095238095238,1.1818181818181819,0.0,lignin,0.8426328958484637
454.1074221,454.1070825,454.1072044,C19 H22 O12 13C1,22.0,22.0,12.0,0.0,0.0,1.0,0.0,0.0,0.6,1.0476190476190477,0.0,lignin,0.6378249806762197
453.2131935,453.212855,453.2130061,C23 H34 O9,23.0,34.0,9.0,0.0,0.0,0.0,0.0,0.0,0.391304347826087,1.4782608695652173,0.0,lignin,0.8325242578527838
453.1770355,453.176697,453.1766206,C22 H30 O10,22.0,30.0,10.0,0.0,0.0,0.0,0.0,0.0,0.45454545454545453,1.3636363636363635,0.0,lignin,0.8351832033381047
453.1407823,453.1404438,453.1402351,C21 H26 O11,21.0,26.0,11.0,0.0,0.0,0.0,0.0,0.0,0.5238095238095238,1.2380952380952381,0.0,lignin,0.8402541280994832
453.1042207,453.1038823,453.1038496,C20 H22 O12,20.0,22.0,12.0,0.0,0.0,0.0,0.0,0.0,0.6,1.1,0.0,lignin,0.7996275057241246
453.0829192,453.0825808,453.0827202,C23 H18 O10,23.0,18.0,10.0,0.0,0.0,0.0,0.0,0.0,0.43478260869565216,0.782608695652174,0.0,tannin,0.889443524167471
453.0676018,453.0672634,453.0674641,C19 H18 O13,19.0,18.0,13.0,0.0,0.0,0.0,0.0,0.0,0.6842105263157895,0.9473684210526315,0.0,tannin,0.8855491626773428
453.0464928,453.0461545,453.0463347,C22 H14 O11,22.0,14.0,11.0,0.0,0.0,0.0,0.0,0.0,0.5,0.6363636363636364,0.0,tannin,0.893659866663709
453.0313192,453.0309808,453.0310786,C18 H14 O14,18.0,14.0,14.0,0.0,0.0,0.0,0.0,0.0,0.7777777777777778,0.7777777777777778,0.0,tannin,0.8869859429564206
453.0290249,453.0286866,453.0285767,C22 H14 O9 S1,22.0,14.0,9.0,1.0,0.0,0.0,0.0,0.0,0.4090909090909091,0.6363636363636364,0.0,tannin,0.8826481910508777
452.2009309,452.2005936,452.2007109,C22 H32 O9 13C1,25.0,32.0,9.0,0.0,0.0,1.0,0.0,0.0,0.391304347826087,1.3333333333333333,0.0,lignin,0.8346943803715451
452.164656,452.1643187,452.1643254,C21 H28 O10 13C1,24.0,28.0,10.0,0.0,0.0,1.0,0.0,0.0,0.45454545454545453,1.2173913043478262,0.0,lignin,0.8387946127578398
452.1284095,452.1280723,452.1279399,C20 H24 O11 13C1,23.0,24.0,11.0,0.0,0.0,1.0,0.0,0.0,0.5238095238095238,1.0909090909090908,0.0,lignin,0.923436994213923
451.2340866,451.2337505,451.2337416,C24 H36 O8,24.0,36.0,8.0,0.0,0.0,0.0,0.0,0.0,0.3333333333333333,1.5,0.0,lipid,0.8987679166625627
451.2131323,451.2127962,451.2126122,C27 H32 O6,27.0,32.0,6.0,0.0,0.0,0.0,0.0,0.0,0.2222222222222222,1.1851851851851851,0.0,lignin,0.8345152719585325
451.1974785,451.1971424,451.1973561,C23 H32 O9,23.0,32.0,9.0,0.0,0.0,0.0,0.0,0.0,0.391304347826087,1.391304347826087,0.0,lignin,0.8337569456040862
451.1612466,451.1609105,451.1609706,C22 H28 O10,22.0,28.0,10.0,0.0,0.0,0.0,0.0,0.0,0.45454545454545453,1.2727272727272727,0.0,lignin,0.8371986769644935
451.125142,451.124806,451.1245851,C21 H24 O11,21.0,24.0,11.0,0.0,0.0,0.0,0.0,0.0,0.5238095238095238,1.1428571428571428,0.0,lignin,0.8797225577331564
451.088715,451.088379,451.0881995,C20 H20 O12,20.0,20.0,12.0,0.0,0.0,0.0,0.0,0.0,0.6,1.0,0.0,tannin,0.7201531095269726
451.0673764,451.0670405,451.0670702,C23 H16 O10,23.0,16.0,10.0,0.0,0.0,0.0,0.0,0.0,0.43478260869565216,0.6956521739130435,0.0,tannin,0.8915312491685821
451.0520071,451.0516711,451.051814,C19 H16 O13,19.0,16.0,13.0,0.0,0.0,0.0,0.0,0.0,0.6842105263157895,0.8421052631578947,0.0,tannin,0.8866924296054602
451.0495789,451.049243,451.0493121,C23 H16 O8 S1,23.0,16.0,8.0,1.0,0.0,0.0,0.0,0.0,0.34782608695652173,0.6956521739130435,0.0,tannin,0.8468860304340222
451.0132261,451.0128902,451.0129266,C22 H12 O9 S1,22.0,12.0,9.0,1.0,0.0,0.0,0.0,0.0,0.4090909090909091,0.5454545454545454,0.0,tannin,0.7314666448188496
450.1852336,450.1848987,450.1850608,C22 H30 O9 13C1,25.0,30.0,9.0,0.0,0.0,1.0,0.0,0.0,0.391304347826087,1.25,0.0,lignin,0.8363661012711245
450.148929,450.1485942,450.1486753,C21 H26 O10 13C1,24.0,26.0,10.0,0.0,0.0,1.0,0.0,0.0,0.45454545454545453,1.1304347826086956,0.0,lignin,0.9213734205752978
449.2183631,449.2180294,449.2180915,C24 H34 O8,24.0,34.0,8.0,0.0,0.0,0.0,0.0,0.0,0.3333333333333333,1.4166666666666667,0.0,lignin,0.8326610086083903
449.2161412,449.2158074,449.2155896,C28 H34 O3 S1,28.0,34.0,3.0,1.0,0.0,0.0,0.0,0.0,0.10714285714285714,1.2142857142857142,0.0,lignin,0.8293799147499721
449.181886,449.1815523,449.181706,C23 H30 O9,23.0,30.0,9.0,0.0,0.0,0.0,0.0,0.0,0.391304347826087,1.3043478260869565,0.0,lignin,0.835229378945861
449.1456713,449.1453377,449.1453205,C22 H26 O10,22.0,26.0,10.0,0.0,0.0,0.0,0.0,0.0,0.45454545454545453,1.1818181818181819,0.0,lignin,0.8400079515044221
449.1094028,449.1090692,449.108935,C21 H22 O11,21.0,22.0,11.0,0.0,0.0,0.0,0.0,0.0,0.5238095238095238,1.0476190476190477,0.0,lignin,0.7989481505135912
449.0730093,449.0726758,449.0725495,C20 H18 O12,20.0,18.0,12.0,0.0,0.0,0.0,0.0,0.0,0.6,0.9,0.0,tannin,0.888607825062012
449.0364602,449.0361267,449.036164,C19 H14 O13,19.0,14.0,13.0,0.0,0.0,0.0,0.0,0.0,0.6842105263157895,0.7368421052631579,0.0,tannin,0.8863004270032026
449.0340301,449.0336966,449.0336621,C23 H14 O8 S1,23.0,14.0,8.0,1.0,0.0,0.0,0.0,0.0,0.34782608695652173,0.6086956521739131,0.0,tannin,0.7024649869254193
448.2059967,448.2056642,448.2057963,C23 H32 O8 13C1,26.0,32.0,8.0,0.0,0.0,1.0,0.0,0.0,0.3333333333333333,1.28,0.0,lignin,0.8347181793028227
448.1695558,448.1692234,448.1694108,C22 H28 O9 13C1,25.0,28.0,9.0,0.0,0.0,1.0,0.0,0.0,0.391304347826087,1.1666666666666667,0.0,lignin,0.8361113454396627
448.1333892,448.1330568,448.1330253,C21 H24 O10 13C1,24.0,24.0,10.0,0.0,0.0,1.0,0.0,0.0,0.45454545454545453,1.0434782608695652,0.0,lignin,0.9231559086450387
447.239169,447.2388377,447.238827,C25 H36 O7,25.0,36.0,7.0,0.0,0.0,0.0,0.0,0.0,0.28,1.44,0.0,lipid,0.8991539672877744
447.202667,447.2023357,447.2024415,C24 H32 O8,24.0,32.0,8.0,0.0,0.0,0.0,0.0,0.0,0.3333333333333333,1.3333333333333333,0.0,lignin,0.8338729306881776
447.1792867,447.1789554,447.1788102,C31 H28 O1 S1,31.0,28.0,1.0,1.0,0.0,0.0,0.0,0.0,0.03225806451612903,0.9032258064516129,0.0,pah,0.9241548598708343
447.1662582,447.165927,447.1660559,C23 H28 O9,23.0,28.0,9.0,0.0,0.0,0.0,0.0,0.0,0.391304347826087,1.2173913043478262,0.0,lignin,0.8371753385634758
447.1301025,447.1297713,447.1296704,C22 H24 O10,22.0,24.0,10.0,0.0,0.0,0.0,0.0,0.0,0.45454545454545453,1.0909090909090908,0.0,lignin,0.9239045996386827
447.0938345,447.0935034,447.0932849,C21 H20 O11,21.0,20.0,11.0,0.0,0.0,0.0,0.0,0.0,0.5238095238095238,0.9523809523809523,0.0,tannin,0.8854061898644512
447.0785094,447.0781783,447.0780288,C17 H20 O14,17.0,20.0,14.0,0.0,0.0,0.0,0.0,0.0,0.8235294117647058,1.1764705882352942,0.0,lignin,0.8745084249152221
447.0572049,447.0568738,447.0568994,C20 H16 O12,20.0,16.0,12.0,0.0,0.0,0.0,0.0,0.0,0.6,0.8,0.0,tannin,0.8905301293287525
447.0547794,447.0544483,447.0543975,C24 H16 O7 S1,24.0,16.0,7.0,1.0,0.0,0.0,0.0,0.0,0.2916666666666667,0.6666666666666666,0.0,tannin,0.6860042027207889
447.0206526,447.0203216,447.0205139,C19 H12 O13,19.0,12.0,13.0,0.0,0.0,0.0,0.0,0.0,0.6842105263157895,0.631578947368421,0.0,tannin,0.8878480815305638
447.0182428,447.0179117,447.018012,C23 H12 O8 S1,23.0,12.0,8.0,1.0,0.0,0.0,0.0,0.0,0.34782608695652173,0.5217391304347826,0.0,tannin,0.6767305276297388
446.1903512,446.1900211,446.1901462,C23 H30 O8 13C1,26.0,30.0,8.0,0.0,0.0,1.0,0.0,0.0,0.3333333333333333,1.2,0.0,lignin,0.8366955023175443
445.2233128,445.2229839,445.2231769,C25 H34 O7,25.0,34.0,7.0,0.0,0.0,0.0,0.0,0.0,0.28,1.36,0.0,lignin,0.8328034682928278
445.1871519,445.1868231,445.1867914,C24 H30 O8,24.0,30.0,8.0,0.0,0.0,0.0,0.0,0.0,0.3333333333333333,1.25,0.0,lignin,0.8352686575215597
445.172022,445.1716931,445.1715353,C20 H30 O11,20.0,30.0,11.0,0.0,0.0,0.0,0.0,0.0,0.55,1.5,0.0,lignin,0.8772564889297421
445.1509245,445.1505956,445.1504059,C23 H26 O9,23.0,26.0,9.0,0.0,0.0,0.0,0.0,0.0,0.391304347826087,1.1304347826086956,0.0,lignin,0.9221863501642394
445.1356595,445.1353307,445.1351497,C19 H26 O12,19.0,26.0,12.0,0.0,0.0,0.0,0.0,0.0,0.631578947368421,1.368421052631579,0.0,lignin,0.8926974614992691
445.1178017,445.117473,445.1173917,C19 H26 O10 S1,19.0,26.0,10.0,1.0,0.0,0.0,0.0,0.0,0.5263157894736842,1.368421052631579,0.0,lignin,0.8364781403883302
445.1143824,445.1140536,445.1140204,C22 H22 O10,22.0,22.0,10.0,0.0,0.0,0.0,0.0,0.0,0.45454545454545453,1.0,0.0,lignin,0.7997660021102835
445.0989998,445.0986711,445.0987642,C18 H22 O13,18.0,22.0,13.0,0.0,0.0,0.0,0.0,0.0,0.7222222222222222,1.2222222222222223,0.0,lignin,0.9380303006927448
445.0908777,445.090549,445.0903891,C29 H18 O3 S1,29.0,18.0,3.0,1.0,0.0,0.0,0.0,0.0,0.10344827586206896,0.6206896551724138,0.0,pah,0.9433249435397769
445.0778024,445.0774737,445.0776349,C21 H18 O11,21.0,18.0,11.0,0.0,0.0,0.0,0.0,0.0,0.5238095238095238,0.8571428571428571,0.0,tannin,0.8898582990890637
445.0625681,445.0622394,445.0623787,C17 H18 O14,17.0,18.0,14.0,0.0,0.0,0.0,0.0,0.0,0.8235294117647058,1.0588235294117647,0.0,tannin,0.6610853426299947
445.0415393,445.0412106,445.0412494,C20 H14 O12,20.0,14.0,12.0,0.0,0.0,0.0,0.0,0.0,0.6,0.7,0.0,tannin,0.8941397162706171
445.0391395,445.0388108,445.0387474,C24 H14 O7 S1,24.0,14.0,7.0,1.0,0.0,0.0,0.0,0.0,0.2916666666666667,0.5833333333333334,0.0,tannin,0.6018130664522134
444.1149491,444.1146215,444.1147486,C18 H23 O12 N1,18.0,23.0,12.0,0.0,1.0,0.0,0.0,0.0,0.6666666666666666,1.2777777777777777,0.05555555555555555,lignin,0.6540918841685741
443.2783139,443.2779874,443.2777959,C31 H40 S1,31.0,40.0,0.0,1.0,0.0,0.0,0.0,0.0,0.0,1.2903225806451613,0.0,lipid,0.8952060936490428
443.2079787,443.2076522,443.2075268,C25 H32 O7,25.0,32.0,7.0,0.0,0.0,0.0,0.0,0.0,0.28,1.28,0.0,lignin,0.8338805265028105
443.1926602,443.1923338,443.1922707,C21 H32 O10,21.0,32.0,10.0,0.0,0.0,0.0,0.0,0.0,0.47619047619047616,1.5238095238095237,0.0,lignin,0.8267328655807074
443.1714797,443.1711532,443.1711413,C24 H28 O8,24.0,28.0,8.0,0.0,0.0,0.0,0.0,0.0,0.3333333333333333,1.1666666666666667,0.0,lignin,0.8346794013434721
443.1561628,443.1558364,443.1558852,C20 H28 O11,20.0,28.0,11.0,0.0,0.0,0.0,0.0,0.0,0.55,1.4,0.0,lignin,0.8782358730492537
443.1383453,443.1380189,443.1381271,C20 H28 O9 S1,20.0,28.0,9.0,1.0,0.0,0.0,0.0,0.0,0.45,1.4,0.0,lignin,0.8344730465960998
443.1349454,443.1346189,443.1347558,C23 H24 O9,23.0,24.0,9.0,0.0,0.0,0.0,0.0,0.0,0.391304347826087,1.0434782608695652,0.0,lignin,0.923749813396421
443.1294029,443.1290765,443.1288826,C30 H20 O4,30.0,20.0,4.0,0.0,0.0,0.0,0.0,0.0,0.13333333333333333,0.6666666666666666,0.0,pah,0.9435227285114379
443.1196807,443.1193543,443.1194997,C19 H24 O12,19.0,24.0,12.0,0.0,0.0,0.0,0.0,0.0,0.631578947368421,1.263157894736842,0.0,lignin,0.9372556229801775
443.1116244,443.111298,443.1111245,C30 H20 O2 S1,30.0,20.0,2.0,1.0,0.0,0.0,0.0,0.0,0.06666666666666667,0.6666666666666666,0.0,pah,0.9438661085444847
443.1019337,443.1016073,443.1017416,C19 H24 O10 S1,19.0,24.0,10.0,1.0,0.0,0.0,0.0,0.0,0.5263157894736842,1.263157894736842,0.0,lignin,0.8394393452276973
443.0986633,443.0983369,443.0983703,C22 H20 O10,22.0,20.0,10.0,0.0,0.0,0.0,0.0,0.0,0.45454545454545453,0.9090909090909091,0.0,tannin,0.8851355866506658
443.0834658,443.0831395,443.0831142,C18 H20 O13,18.0,20.0,13.0,0.0,0.0,0.0,0.0,0.0,0.7222222222222222,1.1111111111111112,0.0,lignin,0.8007793123427748
443.0624981,443.0621718,443.0619848,C21 H16 O11,21.0,16.0,11.0,0.0,0.0,0.0,0.0,0.0,0.5238095238095238,0.7619047619047619,0.0,tannin,0.8912988256208381
443.0260868,443.0257605,443.0255993,C20 H12 O12,20.0,12.0,12.0,0.0,0.0,0.0,0.0,0.0,0.6,0.6,0.0,tannin,0.8950321951777267
442.2566307,442.2563053,442.2561178,C19 H42 O8 S1 13C1,22.0,42.0,8.0,1.0,0.0,1.0,0.0,0.0,0.4,2.0,0.0,lipid,0.8960266462557163
442.1801376,442.1798124,442.1799755,C20 H30 O10 13C1,23.0,30.0,10.0,0.0,0.0,1.0,0.0,0.0,0.47619047619047616,1.3636363636363635,0.0,lignin,0.8355738595733253
442.1720364,442.1717111,442.1718696,C20 H29 O10 N1,20.0,29.0,10.0,0.0,1.0,0.0,0.0,0.0,0.5,1.45,0.05,lignin,0.7381951006037699
442.1439115,442.1435863,442.14359,C19 H26 O11 13C1,22.0,26.0,11.0,0.0,0.0,1.0,0.0,0.0,0.55,1.2380952380952381,0.0,lignin,0.8412028532199063
442.1358505,442.1355253,442.1354841,C19 H25 O11 N1,19.0,25.0,11.0,0.0,1.0,0.0,0.0,0.0,0.5789473684210527,1.3157894736842106,0.05263157894736842,lignin,0.8338587107994844
441.2530073,441.2526832,441.252763,C20 H42 O8 S1,20.0,42.0,8.0,1.0,0.0,0.0,0.0,0.0,0.4,2.1,0.0,lipid,0.8954714282175825
441.213148,441.2128239,441.2130061,C22 H34 O9,22.0,34.0,9.0,0.0,0.0,0.0,0.0,0.0,0.4090909090909091,1.5454545454545454,0.0,lipid,0.8873511899303935
441.192138,441.191814,441.1918768,C25 H30 O7,25.0,30.0,7.0,0.0,0.0,0.0,0.0,0.0,0.28,1.2,0.0,lignin,0.8352222483260565
441.1770191,441.1766951,441.1766206,C21 H30 O10,21.0,30.0,10.0,0.0,0.0,0.0,0.0,0.0,0.47619047619047616,1.4285714285714286,0.0,lignin,0.8344007143198905
441.1560147,441.1556906,441.1554913,C24 H26 O8,24.0,26.0,8.0,0.0,0.0,0.0,0.0,0.0,0.3333333333333333,1.0833333333333333,0.0,lignin,0.9256464161672573
441.1407618,441.1404378,441.1402351,C20 H26 O11,20.0,26.0,11.0,0.0,0.0,0.0,0.0,0.0,0.55,1.3,0.0,lignin,0.8541178918181773
441.1195683,441.1192443,441.1191058,C23 H22 O9,23.0,22.0,9.0,0.0,0.0,0.0,0.0,0.0,0.391304347826087,0.9565217391304348,0.0,tannin,0.8829586513876763
441.1041546,441.1038306,441.1038496,C19 H22 O12,19.0,22.0,12.0,0.0,0.0,0.0,0.0,0.0,0.631578947368421,1.1578947368421053,0.0,lignin,0.9375757656252552
441.1017982,441.1014742,441.1013477,C23 H22 O7 S1,23.0,22.0,7.0,1.0,0.0,0.0,0.0,0.0,0.30434782608695654,0.9565217391304348,0.0,lignin,0.9228371019503463
441.0959973,441.0956733,441.0954745,C30 H18 O2 S1,30.0,18.0,2.0,1.0,0.0,0.0,0.0,0.0,0.06666666666666667,0.6,0.0,pah,0.9433272848001784
441.0828978,441.0825739,441.0827202,C22 H18 O10,22.0,18.0,10.0,0.0,0.0,0.0,0.0,0.0,0.45454545454545453,0.8181818181818182,0.0,tannin,0.8888685685165948
441.0676426,441.0673186,441.0674641,C18 H18 O13,18.0,18.0,13.0,0.0,0.0,0.0,0.0,0.0,0.7222222222222222,1.0,0.0,tannin,0.718788660899994
441.0465986,441.0462747,441.0463347,C21 H14 O11,21.0,14.0,11.0,0.0,0.0,0.0,0.0,0.0,0.5238095238095238,0.6666666666666666,0.0,tannin,0.893340258173942
441.04419,441.0438661,441.0438328,C25 H14 O6 S1,25.0,14.0,6.0,1.0,0.0,0.0,0.0,0.0,0.24,0.56,0.0,pah,0.9429271376634721
441.0314415,441.0311176,441.0310786,C17 H14 O14,17.0,14.0,14.0,0.0,0.0,0.0,0.0,0.0,0.8235294117647058,0.8235294117647058,0.0,tannin,0.8864185391178612
440.1647256,440.1644028,440.1643254,C20 H28 O10 13C1,23.0,28.0,10.0,0.0,0.0,1.0,0.0,0.0,0.47619047619047616,1.2727272727272727,0.0,lignin,0.8377280271692229
440.1281046,440.1277818,440.1279399,C19 H24 O11 13C1,22.0,24.0,11.0,0.0,0.0,1.0,0.0,0.0,0.55,1.1428571428571428,0.0,lignin,0.8801548684856485
440.1199973,440.1196745,440.119834,C19 H23 O11 N1,19.0,23.0,11.0,0.0,1.0,0.0,0.0,0.0,0.5789473684210527,1.2105263157894737,0.05263157894736842,lignin,0.844507383661495
440.091778,440.0914552,440.0915544,C18 H20 O12 13C1,21.0,20.0,12.0,0.0,0.0,1.0,0.0,0.0,0.631578947368421,1.0,0.0,tannin,0.7149389362230804
439.1975881,439.1972664,439.1973561,C22 H32 O9,22.0,32.0,9.0,0.0,0.0,0.0,0.0,0.0,0.4090909090909091,1.4545454545454546,0.0,lignin,0.8330576147600514
439.1611692,439.1608476,439.1609706,C21 H28 O10,21.0,28.0,10.0,0.0,0.0,0.0,0.0,0.0,0.47619047619047616,1.3333333333333333,0.0,lignin,0.8362265044704931
439.1531284,439.1528068,439.1525954,C32 H24 S1,32.0,24.0,0.0,1.0,0.0,0.0,0.0,0.0,0.0,0.75,0.0,pah,0.947040872820946
439.1249929,439.1246712,439.1245851,C20 H24 O11,20.0,24.0,11.0,0.0,0.0,0.0,0.0,0.0,0.55,1.2,0.0,lignin,0.8429203321102083
439.1039888,439.1036673,439.1034557,C23 H20 O9,23.0,20.0,9.0,0.0,0.0,0.0,0.0,0.0,0.391304347826087,0.8695652173913043,0.0,tannin,0.8849400182457735
439.0887147,439.0883931,439.0881995,C19 H20 O12,19.0,20.0,12.0,0.0,0.0,0.0,0.0,0.0,0.631578947368421,1.0526315789473684,0.0,tannin,0.5344452656324706
439.0674678,439.0671463,439.0670702,C22 H16 O10,22.0,16.0,10.0,0.0,0.0,0.0,0.0,0.0,0.45454545454545453,0.7272727272727273,0.0,tannin,0.8912626941674974
439.0520647,439.0517432,439.051814,C18 H16 O13,18.0,16.0,13.0,0.0,0.0,0.0,0.0,0.0,0.7222222222222222,0.8888888888888888,0.0,tannin,0.8860383850204299
439.0308314,439.0305099,439.0306847,C21 H12 O11,21.0,12.0,11.0,0.0,0.0,0.0,0.0,0.0,0.5238095238095238,0.5714285714285714,0.0,tannin,0.894665255381863
438.1855262,438.1852057,438.1850608,C21 H30 O9 13C1,24.0,30.0,9.0,0.0,0.0,1.0,0.0,0.0,0.4090909090909091,1.3043478260869565,0.0,lignin,0.835544628285622
438.1490879,438.1487675,438.1486753,C20 H26 O10 13C1,23.0,26.0,10.0,0.0,0.0,1.0,0.0,0.0,0.47619047619047616,1.1818181818181819,0.0,lignin,0.8407485803198611
438.1124848,438.1121644,438.1122898,C19 H22 O11 13C1,22.0,22.0,11.0,0.0,0.0,1.0,0.0,0.0,0.55,1.0476190476190477,0.0,lignin,0.7991645544547691
438.1044025,438.1040822,438.104184,C19 H21 O11 N1,19.0,21.0,11.0,0.0,1.0,0.0,0.0,0.0,0.5789473684210527,1.105263157894737,0.05263157894736842,lignin,0.9117083158533313
438.0761209,438.0758006,438.0759043,C18 H18 O12 13C1,21.0,18.0,12.0,0.0,0.0,1.0,0.0,0.0,0.631578947368421,0.9,0.0,tannin,0.8827182298025328
437.2184504,437.2181311,437.2180915,C23 H34 O8,23.0,34.0,8.0,0.0,0.0,0.0,0.0,0.0,0.34782608695652173,1.4782608695652173,0.0,lipid,0.6149398372069704
437.1818743,437.181555,437.181706,C22 H30 O9,22.0,30.0,9.0,0.0,0.0,0.0,0.0,0.0,0.4090909090909091,1.3636363636363635,0.0,lignin,0.8344546157783033
437.1456174,437.1452982,437.1453205,C21 H26 O10,21.0,26.0,10.0,0.0,0.0,0.0,0.0,0.0,0.47619047619047616,1.2380952380952381,0.0,lignin,0.8387578556599848
437.1094108,437.1090916,437.108935,C20 H22 O11,20.0,22.0,11.0,0.0,0.0,0.0,0.0,0.0,0.55,1.1,0.0,lignin,0.9234807836091358
437.0729398,437.0726206,437.0725495,C19 H18 O12,19.0,18.0,12.0,0.0,0.0,0.0,0.0,0.0,0.631578947368421,0.9473684210526315,0.0,tannin,0.8819629948641804
437.0517376,437.0514185,437.0514201,C22 H14 O10,22.0,14.0,10.0,0.0,0.0,0.0,0.0,0.0,0.45454545454545453,0.6363636363636364,0.0,tannin,0.8875619630503945
437.0364212,437.0361021,437.036164,C18 H14 O13,18.0,14.0,13.0,0.0,0.0,0.0,0.0,0.0,0.7222222222222222,0.7777777777777778,0.0,tannin,0.8872171647759057
437.0339975,437.0336783,437.0336621,C22 H14 O8 S1,22.0,14.0,8.0,1.0,0.0,0.0,0.0,0.0,0.36363636363636365,0.6363636363636364,0.0,tannin,0.7407156764699447
436.2061555,436.2058374,436.2057963,C22 H32 O8 13C1,25.0,32.0,8.0,0.0,0.0,1.0,0.0,0.0,0.34782608695652173,1.3333333333333333,0.0,lignin,0.834068141834778
436.1333319,436.1330139,436.1330253,C20 H24 O10 13C1,23.0,24.0,10.0,0.0,0.0,1.0,0.0,0.0,0.47619047619047616,1.0909090909090908,0.0,lignin,0.9237096566286798
436.0967987,436.0964807,436.0966398,C19 H20 O11 13C1,22.0,20.0,11.0,0.0,0.0,1.0,0.0,0.0,0.55,0.9523809523809523,0.0,tannin,0.8865199941214318
436.0887119,436.0883939,436.0885339,C19 H19 O11 N1,19.0,19.0,11.0,0.0,1.0,0.0,0.0,0.0,0.5789473684210527,1.0,0.05263157894736842,tannin,0.7220949708170852
435.2392557,435.2389387,435.238827,C24 H36 O7,24.0,36.0,7.0,0.0,0.0,0.0,0.0,0.0,0.2916666666666667,1.5,0.0,lipid,0.8989137939035553
435.2026187,435.2023018,435.2024415,C23 H32 O8,23.0,32.0,8.0,0.0,0.0,0.0,0.0,0.0,0.34782608695652173,1.391304347826087,0.0,lignin,0.8331844774486351
435.1792264,435.1789095,435.1788102,C30 H28 O1 S1,30.0,28.0,1.0,1.0,0.0,0.0,0.0,0.0,0.03333333333333333,0.9333333333333333,0.0,pah,0.9241995921576948
435.1662235,435.1659066,435.1660559,C22 H28 O9,22.0,28.0,9.0,0.0,0.0,0.0,0.0,0.0,0.4090909090909091,1.2727272727272727,0.0,lignin,0.8362056479169006
435.1301519,435.129835,435.1296704,C21 H24 O10,21.0,24.0,10.0,0.0,0.0,0.0,0.0,0.0,0.47619047619047616,1.1428571428571428,0.0,lignin,0.8791641046385257
435.0937654,435.0934486,435.0932849,C20 H20 O11,20.0,20.0,11.0,0.0,0.0,0.0,0.0,0.0,0.55,1.0,0.0,tannin,0.7180632888639532
435.0724312,435.0721144,435.0721556,C23 H16 O9,23.0,16.0,9.0,0.0,0.0,0.0,0.0,0.0,0.391304347826087,0.6956521739130435,0.0,tannin,0.8821227209803005
435.0570624,435.0567456,435.0568994,C19 H16 O12,19.0,16.0,12.0,0.0,0.0,0.0,0.0,0.0,0.631578947368421,0.8421052631578947,0.0,tannin,0.8837915323191327
435.0546594,435.0543427,435.0543975,C23 H16 O7 S1,23.0,16.0,7.0,1.0,0.0,0.0,0.0,0.0,0.30434782608695654,0.6956521739130435,0.0,tannin,0.7116256231528161
435.0207266,435.0204099,435.0205139,C18 H12 O13,18.0,12.0,13.0,0.0,0.0,0.0,0.0,0.0,0.7222222222222222,0.6666666666666666,0.0,tannin,0.8883956497824466
435.0183183,435.0180016,435.018012,C22 H12 O8 S1,22.0,12.0,8.0,1.0,0.0,0.0,0.0,0.0,0.36363636363636365,0.5454545454545454,0.0,tannin,0.6870748974502676
434.1905883,434.1902725,434.1901462,C22 H30 O8 13C1,25.0,30.0,8.0,0.0,0.0,1.0,0.0,0.0,0.34782608695652173,1.25,0.0,lignin,0.8355110692712199
434.1646107,434.164295,434.1642823,C22 H29 O6 S1 N1,22.0,29.0,6.0,1.0,1.0,0.0,0.0,0.0,0.2727272727272727,1.3181818181818181,0.045454545454545456,lipid,0.9021347176354075
434.1540186,434.1537029,434.1537607,C21 H26 O9 13C1,24.0,26.0,9.0,0.0,0.0,1.0,0.0,0.0,0.4090909090909091,1.1304347826086956,0.0,lignin,0.921891234513704
434.117556,434.1172404,434.1173752,C20 H22 O10 13C1,23.0,22.0,10.0,0.0,0.0,1.0,0.0,0.0,0.47619047619047616,1.0,0.0,lignin,0.6363096588434318
433.2233424,433.2230278,433.2231769,C24 H34 O7,24.0,34.0,7.0,0.0,0.0,0.0,0.0,0.0,0.2916666666666667,1.4166666666666667,0.0,lignin,0.5229977670877791
433.1870555,433.1867409,433.1867914,C23 H30 O8,23.0,30.0,8.0,0.0,0.0,0.0,0.0,0.0,0.34782608695652173,1.3043478260869565,0.0,lignin,0.83453785937105
433.1508908,433.1505763,433.1504059,C22 H26 O9,22.0,26.0,9.0,0.0,0.0,0.0,0.0,0.0,0.4090909090909091,1.1818181818181819,0.0,lignin,0.8386409515377036
433.1143869,433.1140725,433.1140204,C21 H22 O10,21.0,22.0,10.0,0.0,0.0,0.0,0.0,0.0,0.47619047619047616,1.0476190476190477,0.0,lignin,0.9231000809585079
433.0989867,433.0986723,433.0987642,C17 H22 O13,17.0,22.0,13.0,0.0,0.0,0.0,0.0,0.0,0.7647058823529411,1.2941176470588236,0.0,lignin,0.8979854866336421
433.0908829,433.0905685,433.0903891,C28 H18 O3 S1,28.0,18.0,3.0,1.0,0.0,0.0,0.0,0.0,0.10714285714285714,0.6428571428571429,0.0,pah,0.9434638453520623
433.0777717,433.0774573,433.0776349,C20 H18 O11,20.0,18.0,11.0,0.0,0.0,0.0,0.0,0.0,0.55,0.9,0.0,tannin,0.8881038084823973
433.0625079,433.0621935,433.0623787,C16 H18 O14,16.0,18.0,14.0,0.0,0.0,0.0,0.0,0.0,0.875,1.125,0.0,lignin,0.7008350171174716
433.0544428,433.0541284,433.0540036,C27 H14 O4 S1,27.0,14.0,4.0,1.0,0.0,0.0,0.0,0.0,0.14814814814814814,0.5185185185185185,0.0,pah,0.9429354931826699
433.0415397,433.0412254,433.0412494,C19 H14 O12,19.0,14.0,12.0,0.0,0.0,0.0,0.0,0.0,0.631578947368421,0.7368421052631579,0.0,tannin,0.8924790555803028
433.039142,433.0388277,433.0387474,C23 H14 O7 S1,23.0,14.0,7.0,1.0,0.0,0.0,0.0,0.0,0.30434782608695654,0.6086956521739131,0.0,tannin,0.6781880400879261
432.1746741,432.1743608,432.1744962,C22 H28 O8 13C1,25.0,28.0,8.0,0.0,0.0,1.0,0.0,0.0,0.34782608695652173,1.1666666666666667,0.0,lignin,0.8354432641679563
432.1384667,432.1381534,432.1381107,C21 H24 O9 13C1,24.0,24.0,9.0,0.0,0.0,1.0,0.0,0.0,0.4090909090909091,1.0434782608695652,0.0,lignin,0.9241179125807563
431.2079403,431.2076281,431.2075268,C24 H32 O7,24.0,32.0,7.0,0.0,0.0,0.0,0.0,0.0,0.2916666666666667,1.3333333333333333,0.0,lignin,0.8333202386647125
431.1713986,431.1710864,431.1711413,C23 H28 O8,23.0,28.0,8.0,0.0,0.0,0.0,0.0,0.0,0.34782608695652173,1.2173913043478262,0.0,lignin,0.8362328151347181
431.1560709,431.1557587,431.1558852,C19 H28 O11,19.0,28.0,11.0,0.0,0.0,0.0,0.0,0.0,0.5789473684210527,1.4736842105263157,0.0,lignin,0.8590891077374672
431.1479924,431.1476803,431.14751,C30 H24 O1 S1,30.0,24.0,1.0,1.0,0.0,0.0,0.0,0.0,0.03333333333333333,0.8,0.0,pah,0.9472929638539765
431.1383076,431.1379955,431.1381271,C19 H28 O9 S1,19.0,28.0,9.0,1.0,0.0,0.0,0.0,0.0,0.47368421052631576,1.4736842105263157,0.0,lignin,0.8274549635364961
431.134939,431.1346269,431.1347558,C22 H24 O9,22.0,24.0,9.0,0.0,0.0,0.0,0.0,0.0,0.4090909090909091,1.0909090909090908,0.0,lignin,0.9256372930528844
431.1197346,431.1194226,431.1194997,C18 H24 O12,18.0,24.0,12.0,0.0,0.0,0.0,0.0,0.0,0.6666666666666666,1.3333333333333333,0.0,lignin,0.892751693052811
431.098729,431.098417,431.0983703,C21 H20 O10,21.0,20.0,10.0,0.0,0.0,0.0,0.0,0.0,0.47619047619047616,0.9523809523809523,0.0,tannin,0.8851658793633048
431.083584,431.083272,431.0831142,C17 H20 O13,17.0,20.0,13.0,0.0,0.0,0.0,0.0,0.0,0.7647058823529411,1.1764705882352942,0.0,lignin,0.8715498174639105
431.0624498,431.0621378,431.0619848,C20 H16 O11,20.0,16.0,11.0,0.0,0.0,0.0,0.0,0.0,0.55,0.8,0.0,tannin,0.8912646698831658
431.0471989,431.0468869,431.0467287,C16 H16 O14,16.0,16.0,14.0,0.0,0.0,0.0,0.0,0.0,0.875,1.0,0.0,lignin,0.512756396431696
431.0258832,431.0255712,431.0255993,C19 H12 O12,19.0,12.0,12.0,0.0,0.0,0.0,0.0,0.0,0.631578947368421,0.631578947368421,0.0,tannin,0.8950291640079582
431.0234324,431.0231204,431.0230974,C23 H12 O7 S1,23.0,12.0,7.0,1.0,0.0,0.0,0.0,0.0,0.30434782608695654,0.5217391304347826,0.0,pah,0.5241957931348366
430.1357579,430.135447,430.1354841,C18 H25 O11 N1,18.0,25.0,11.0,0.0,1.0,0.0,0.0,0.0,0.6111111111111112,1.3888888888888888,0.05555555555555555,lignin,0.453640987578445
430.0992802,430.0989693,430.0990986,C17 H21 O12 N1,17.0,21.0,12.0,0.0,1.0,0.0,0.0,0.0,0.7058823529411765,1.2352941176470589,0.058823529411764705,lignin,0.5922985806847894
429.1922952,429.1919854,429.1918768,C24 H30 O7,24.0,30.0,7.0,0.0,0.0,0.0,0.0,0.0,0.2916666666666667,1.25,0.0,lignin,0.8344997735703681
429.1770843,429.1767745,429.1766206,C20 H30 O10,20.0,30.0,10.0,0.0,0.0,0.0,0.0,0.0,0.5,1.5,0.0,lignin,0.8273653065013118
429.1559303,429.1556205,429.1554913,C23 H26 O8,23.0,26.0,8.0,0.0,0.0,0.0,0.0,0.0,0.34782608695652173,1.1304347826086956,0.0,lignin,0.9178522739185173
429.1406158,429.140306,429.1402351,C19 H26 O11,19.0,26.0,11.0,0.0,0.0,0.0,0.0,0.0,0.5789473684210527,1.368421052631579,0.0,lignin,0.869078738240179
429.1227154,429.1224057,429.1224771,C19 H26 O9 S1,19.0,26.0,9.0,1.0,0.0,0.0,0.0,0.0,0.47368421052631576,1.368421052631579,0.0,lignin,0.8354311653533385
429.1193429,429.1190332,429.1191058,C22 H22 O9,22.0,22.0,9.0,0.0,0.0,0.0,0.0,0.0,0.4090909090909091,1.0,0.0,lignin,0.9229629923742062
429.1040237,429.103714,429.1038496,C18 H22 O12,18.0,22.0,12.0,0.0,0.0,0.0,0.0,0.0,0.6666666666666666,1.2222222222222223,0.0,lignin,0.9378189442809337
429.0959479,429.0956383,429.0954745,C29 H18 O2 S1,29.0,18.0,2.0,1.0,0.0,0.0,0.0,0.0,0.06896551724137931,0.6206896551724138,0.0,pah,0.9434664235582717
429.0829201,429.0826104,429.0827202,C21 H18 O10,21.0,18.0,10.0,0.0,0.0,0.0,0.0,0.0,0.47619047619047616,0.8571428571428571,0.0,tannin,0.8881567082585884
429.0677102,429.0674005,429.0674641,C17 H18 O13,17.0,18.0,13.0,0.0,0.0,0.0,0.0,0.0,0.7647058823529411,1.0588235294117647,0.0,tannin,0.7182159146198367
429.0467311,429.0464215,429.0463347,C20 H14 O11,20.0,14.0,11.0,0.0,0.0,0.0,0.0,0.0,0.55,0.7,0.0,tannin,0.8926375152229371
429.0443222,429.0440126,429.0438328,C24 H14 O6 S1,24.0,14.0,6.0,1.0,0.0,0.0,0.0,0.0,0.25,0.5833333333333334,0.0,pah,0.8361745120761841
429.0315709,429.0312613,429.0310786,C16 H14 O14,16.0,14.0,14.0,0.0,0.0,0.0,0.0,0.0,0.875,0.875,0.0,tannin,0.8861472772270581
428.1647906,428.164482,428.1643254,C19 H28 O10 13C1,22.0,28.0,10.0,0.0,0.0,1.0,0.0,0.0,0.5,1.3333333333333333,0.0,lignin,0.8367388707990248
428.1283343,428.1280258,428.1279399,C18 H24 O11 13C1,21.0,24.0,11.0,0.0,0.0,1.0,0.0,0.0,0.5789473684210527,1.2,0.0,lignin,0.877568239019104
428.1201553,428.1198468,428.119834,C18 H23 O11 N1,18.0,23.0,11.0,0.0,1.0,0.0,0.0,0.0,0.6111111111111112,1.2777777777777777,0.05555555555555555,lignin,0.8618575040084542
428.0917415,428.091433,428.0915544,C17 H20 O12 13C1,20.0,20.0,12.0,0.0,0.0,1.0,0.0,0.0,0.6666666666666666,1.0526315789473684,0.0,tannin,0.5386060403017225
428.0553728,428.0550644,428.0551689,C16 H16 O13 13C1,19.0,16.0,13.0,0.0,0.0,1.0,0.0,0.0,0.7647058823529411,0.8888888888888888,0.0,tannin,0.8859974589870154
427.197576,427.1972685,427.1973561,C21 H32 O9,21.0,32.0,9.0,0.0,0.0,0.0,0.0,0.0,0.42857142857142855,1.5238095238095237,0.0,lignin,0.6991516811524956
427.1765295,427.1762221,427.1762267,C24 H28 O7,24.0,28.0,7.0,0.0,0.0,0.0,0.0,0.0,0.2916666666666667,1.1666666666666667,0.0,lignin,0.8338693067685004
427.1613887,427.1610813,427.1609706,C20 H28 O10,20.0,28.0,10.0,0.0,0.0,0.0,0.0,0.0,0.5,1.4,0.0,lignin,0.835287767426083
427.1402982,427.1399908,427.1398412,C23 H24 O8,23.0,24.0,8.0,0.0,0.0,0.0,0.0,0.0,0.34782608695652173,1.0434782608695652,0.0,lignin,0.9242305602272751
427.125007,427.1246997,427.1245851,C19 H24 O11,19.0,24.0,11.0,0.0,0.0,0.0,0.0,0.0,0.5789473684210527,1.263157894736842,0.0,lignin,0.8757937439924713
427.1071401,427.1068327,427.106827,C19 H24 O9 S1,19.0,24.0,9.0,1.0,0.0,0.0,0.0,0.0,0.47368421052631576,1.263157894736842,0.0,lignin,0.8379342541340874
427.1037484,427.1034411,427.1034557,C22 H20 O9,22.0,20.0,9.0,0.0,0.0,0.0,0.0,0.0,0.4090909090909091,0.9090909090909091,0.0,tannin,0.8842225730706013
427.0884112,427.0881039,427.0881995,C18 H20 O12,18.0,20.0,12.0,0.0,0.0,0.0,0.0,0.0,0.6666666666666666,1.1111111111111112,0.0,lignin,0.8010577142861319
427.0860937,427.0857864,427.0856976,C22 H20 O7 S1,22.0,20.0,7.0,1.0,0.0,0.0,0.0,0.0,0.3181818181818182,0.9090909090909091,0.0,tannin,0.8831251615688334
427.0802986,427.0799913,427.0798244,C29 H16 O2 S1,29.0,16.0,2.0,1.0,0.0,0.0,0.0,0.0,0.06896551724137931,0.5517241379310345,0.0,pah,0.9430947909372576
427.0672458,427.0669386,427.0670702,C21 H16 O10,21.0,16.0,10.0,0.0,0.0,0.0,0.0,0.0,0.47619047619047616,0.7619047619047619,0.0,tannin,0.8903953605788638
427.0520279,427.0517207,427.051814,C17 H16 O13,17.0,16.0,13.0,0.0,0.0,0.0,0.0,0.0,0.7647058823529411,0.9411764705882353,0.0,tannin,0.8854675522150387
427.0310688,427.0307616,427.0306847,C20 H12 O11,20.0,12.0,11.0,0.0,0.0,0.0,0.0,0.0,0.55,0.6,0.0,tannin,0.8944871874626272
426.2615464,426.26124,426.2612032,C19 H42 O7 S1 13C1,22.0,42.0,7.0,1.0,0.0,1.0,0.0,0.0,0.35,2.0,0.0,lipid,0.896539064747577
426.1853464,426.1850401,426.1850608,C20 H30 O9 13C1,23.0,30.0,9.0,0.0,0.0,1.0,0.0,0.0,0.42857142857142855,1.3636363636363635,0.0,lignin,0.8347514257178548
426.1491287,426.1488225,426.1486753,C19 H26 O10 13C1,22.0,26.0,10.0,0.0,0.0,1.0,0.0,0.0,0.5,1.2380952380952381,0.0,lignin,0.8394725009478201
426.1410554,426.1407492,426.1405695,C19 H25 O10 N1,19.0,25.0,10.0,0.0,1.0,0.0,0.0,0.0,0.5263157894736842,1.3157894736842106,0.05263157894736842,lignin,0.8381758060697976
426.1125994,426.1122932,426.1122898,C18 H22 O11 13C1,21.0,22.0,11.0,0.0,0.0,1.0,0.0,0.0,0.5789473684210527,1.1,0.0,lignin,0.9238179495102845
426.1044587,426.1041525,426.104184,C18 H21 O11 N1,18.0,21.0,11.0,0.0,1.0,0.0,0.0,0.0,0.6111111111111112,1.1666666666666667,0.05555555555555555,lignin,0.8500032890277958
426.0760857,426.0757796,426.0759043,C17 H18 O12 13C1,20.0,18.0,12.0,0.0,0.0,1.0,0.0,0.0,0.6666666666666666,0.9473684210526315,0.0,tannin,0.8856070562743319
425.2581194,425.2578142,425.2578483,C20 H42 O7 S1,20.0,42.0,7.0,1.0,0.0,0.0,0.0,0.0,0.35,2.1,0.0,lipid,0.8959038058341307
425.2182728,425.2179677,425.2180915,C22 H34 O8,22.0,34.0,8.0,0.0,0.0,0.0,0.0,0.0,0.36363636363636365,1.5454545454545454,0.0,lipid,0.8876568011459056
425.1820716,425.1817666,425.181706,C21 H30 O9,21.0,30.0,9.0,0.0,0.0,0.0,0.0,0.0,0.42857142857142855,1.4285714285714286,0.0,lignin,0.8336997195330937
425.1457816,425.1454766,425.1453205,C20 H26 O10,20.0,26.0,10.0,0.0,0.0,0.0,0.0,0.0,0.5,1.3,0.0,lignin,0.8376012675083813
425.1092448,425.1089398,425.108935,C19 H22 O11,19.0,22.0,11.0,0.0,0.0,0.0,0.0,0.0,0.5789473684210527,1.1578947368421053,0.0,lignin,0.9050256880135332
425.0913849,425.0910799,425.0911769,C19 H22 O9 S1,19.0,22.0,9.0,1.0,0.0,0.0,0.0,0.0,0.47368421052631576,1.1578947368421053,0.0,lignin,0.8390207913270029
425.0879692,425.0876643,425.0878056,C22 H18 O9,22.0,18.0,9.0,0.0,0.0,0.0,0.0,0.0,0.4090909090909091,0.8181818181818182,0.0,tannin,0.8874377352969139
425.072694,425.072389,425.0725495,C18 H18 O12,18.0,18.0,12.0,0.0,0.0,0.0,0.0,0.0,0.6666666666666666,1.0,0.0,tannin,0.718838559203325
425.0646219,425.064317,425.0641743,C29 H14 O2 S1,29.0,14.0,2.0,1.0,0.0,0.0,0.0,0.0,0.06896551724137931,0.4827586206896552,0.0,pah,0.9428569535270764
425.0516372,425.0513323,425.0514201,C21 H14 O10,21.0,14.0,10.0,0.0,0.0,0.0,0.0,0.0,0.47619047619047616,0.6666666666666666,0.0,tannin,0.8925335271427395
425.0365291,425.0362242,425.036164,C17 H14 O13,17.0,14.0,13.0,0.0,0.0,0.0,0.0,0.0,0.7647058823529411,0.8235294117647058,0.0,tannin,0.8866259255890867
424.1698486,424.1695448,424.1694108,C20 H28 O9 13C1,23.0,28.0,9.0,0.0,0.0,1.0,0.0,0.0,0.42857142857142855,1.2727272727272727,0.0,lignin,0.836612600271595
424.1333496,424.1330458,424.1330253,C19 H24 O10 13C1,22.0,24.0,10.0,0.0,0.0,1.0,0.0,0.0,0.5,1.1428571428571428,0.0,lignin,0.8794083712807748
424.1252044,424.1249006,424.1249194,C19 H23 O10 N1,19.0,23.0,10.0,0.0,1.0,0.0,0.0,0.0,0.5263157894736842,1.2105263157894737,0.05263157894736842,lignin,0.8420759683162171
424.0967932,424.0964894,424.0966398,C18 H20 O11 13C1,21.0,20.0,11.0,0.0,0.0,1.0,0.0,0.0,0.5789473684210527,1.0,0.0,tannin,0.7191646488537563
424.0887081,424.0884043,424.0885339,C18 H19 O11 N1,18.0,19.0,11.0,0.0,1.0,0.0,0.0,0.0,0.6111111111111112,1.0555555555555556,0.05555555555555555,lignin,0.6386475493410012
424.0605691,424.0602654,424.0602543,C17 H16 O12 13C1,20.0,16.0,12.0,0.0,0.0,1.0,0.0,0.0,0.6666666666666666,0.8421052631578947,0.0,tannin,0.8838827006630691
423.2226416,423.2223389,423.222344,C20 H38 O7 34S1,20.0,38.0,7.0,0.0,0.0,0.0,1.0,0.0,0.35,1.9,0.0,lipid,0.9504269085832171
423.2028178,423.2025151,423.2024415,C22 H32 O8,22.0,32.0,8.0,0.0,0.0,0.0,0.0,0.0,0.36363636363636365,1.4545454545454546,0.0,lignin,0.8325115136212464
423.1664566,423.1661539,423.1660559,C21 H28 O9,21.0,28.0,9.0,0.0,0.0,0.0,0.0,0.0,0.42857142857142855,1.3333333333333333,0.0,lignin,0.8353129386344591
423.1298688,423.1295661,423.1296704,C20 H24 O10,20.0,24.0,10.0,0.0,0.0,0.0,0.0,0.0,0.5,1.2,0.0,lignin,0.8408858900156151
423.1217783,423.1214756,423.1212953,C31 H20 S1,31.0,20.0,0.0,1.0,0.0,0.0,0.0,0.0,0.0,0.6451612903225806,0.0,pah,0.9441147759165596
423.1046968,423.1043942,423.1045183,C18 H20 O10 N2,18.0,20.0,10.0,0.0,2.0,0.0,0.0,0.0,0.5555555555555556,1.1111111111111112,0.1111111111111111,peptide,0.47989425450750856
423.093487,423.0931844,423.0932849,C19 H20 O11,19.0,20.0,11.0,0.0,0.0,0.0,0.0,0.0,0.5789473684210527,1.0526315789473684,0.0,lignin,0.7996701997196539
423.072542,423.0722394,423.0721556,C22 H16 O9,22.0,16.0,9.0,0.0,0.0,0.0,0.0,0.0,0.4090909090909091,0.7272727272727273,0.0,tannin,0.8908063724053538
423.0573835,423.057081,423.0568994,C18 H16 O12,18.0,16.0,12.0,0.0,0.0,0.0,0.0,0.0,0.6666666666666666,0.8888888888888888,0.0,tannin,0.8829197497946029
423.0208971,423.0205946,423.0205139,C17 H12 O13,17.0,12.0,13.0,0.0,0.0,0.0,0.0,0.0,0.7647058823529411,0.7058823529411765,0.0,tannin,0.8876744085289007
423.018468,423.0181655,423.018012,C21 H12 O8 S1,21.0,12.0,8.0,1.0,0.0,0.0,0.0,0.0,0.38095238095238093,0.5714285714285714,0.0,tannin,0.7157185161609847
422.2303096,422.230008,422.229903,C19 H38 O7 S1 13C1,22.0,38.0,7.0,1.0,0.0,1.0,0.0,0.0,0.35,1.8095238095238095,0.0,lipid,0.9507925624938244
422.1905878,422.1902863,422.1901462,C21 H30 O8 13C1,24.0,30.0,8.0,0.0,0.0,1.0,0.0,0.0,0.36363636363636365,1.3043478260869565,0.0,lignin,0.8347742391864873
422.1539339,422.1536324,422.1537607,C20 H26 O9 13C1,23.0,26.0,9.0,0.0,0.0,1.0,0.0,0.0,0.42857142857142855,1.1818181818181819,0.0,lignin,0.8391956514545951
422.1458115,422.1455101,422.1456549,C20 H25 O9 N1,20.0,25.0,9.0,0.0,1.0,0.0,0.0,0.0,0.45,1.25,0.05,lignin,0.8382067984523298
422.1175915,422.1172901,422.1173752,C19 H22 O10 13C1,22.0,22.0,10.0,0.0,0.0,1.0,0.0,0.0,0.5,1.0476190476190477,0.0,lignin,0.9230630980573631
422.1095097,422.1092082,422.1092693,C19 H21 O10 N1,19.0,21.0,10.0,0.0,1.0,0.0,0.0,0.0,0.5263157894736842,1.105263157894737,0.05263157894736842,lignin,0.9110818112143075
421.2269678,421.2266674,421.2265482,C20 H38 O7 S1,20.0,38.0,7.0,1.0,0.0,0.0,0.0,0.0,0.35,1.9,0.0,lipid,0.9504269085832171
421.2235485,421.2232481,421.2231769,C23 H34 O7,23.0,34.0,7.0,0.0,0.0,0.0,0.0,0.0,0.30434782608695654,1.4782608695652173,0.0,lipid,0.8989332362234883
421.1869411,421.1866408,421.1867914,C22 H30 O8,22.0,30.0,8.0,0.0,0.0,0.0,0.0,0.0,0.36363636363636365,1.3636363636363635,0.0,lignin,0.8338075984660666
421.1636193,421.163319,421.1631601,C29 H26 O1 S1,29.0,26.0,1.0,1.0,0.0,0.0,0.0,0.0,0.034482758620689655,0.896551724137931,0.0,pah,0.9241378349878504
421.1506478,421.1503475,421.1504059,C21 H26 O9,21.0,26.0,9.0,0.0,0.0,0.0,0.0,0.0,0.42857142857142855,1.2380952380952381,0.0,lignin,0.8375005342370183
421.114505,421.1142048,421.1140204,C20 H22 O10,20.0,22.0,10.0,0.0,0.0,0.0,0.0,0.0,0.5,1.1,0.0,lignin,0.923685074341073
421.0779843,421.0776841,421.0776349,C19 H18 O11,19.0,18.0,11.0,0.0,0.0,0.0,0.0,0.0,0.5789473684210527,0.9473684210526315,0.0,tannin,0.8874680083058344
421.0413991,421.0410989,421.0412494,C18 H14 O12,18.0,14.0,12.0,0.0,0.0,0.0,0.0,0.0,0.6666666666666666,0.7777777777777778,0.0,tannin,0.8856116285665431
421.03898,421.0386799,421.0387474,C22 H14 O7 S1,22.0,14.0,7.0,1.0,0.0,0.0,0.0,0.0,0.3181818181818182,0.6363636363636364,0.0,tannin,0.6911739502223553
420.1748789,420.1745798,420.1744962,C21 H28 O8 13C1,24.0,28.0,8.0,0.0,0.0,1.0,0.0,0.0,0.36363636363636365,1.2173913043478262,0.0,lignin,0.8365440227641416
420.1385813,420.1382822,420.1381107,C20 H24 O9 13C1,23.0,24.0,9.0,0.0,0.0,1.0,0.0,0.0,0.42857142857142855,1.0909090909090908,0.0,lignin,0.9242198571280433
420.1018742,420.1015751,420.1017251,C19 H20 O10 13C1,22.0,20.0,10.0,0.0,0.0,1.0,0.0,0.0,0.5,0.9523809523809523,0.0,tannin,0.8846611237162959
420.0937322,420.0934332,420.0936193,C19 H19 O10 N1,19.0,19.0,10.0,0.0,1.0,0.0,0.0,0.0,0.5263157894736842,1.0,0.05263157894736842,tannin,0.7201465277329915
420.0655272,420.0652282,420.0653396,C18 H16 O11 13C1,21.0,16.0,11.0,0.0,0.0,1.0,0.0,0.0,0.5789473684210527,0.8,0.0,tannin,0.8904479147950715
419.208002,419.207704,419.2075268,C23 H32 O7,23.0,32.0,7.0,0.0,0.0,0.0,0.0,0.0,0.30434782608695654,1.391304347826087,0.0,lignin,0.8326715948835719
419.1714514,419.1711534,419.1711413,C22 H28 O8,22.0,28.0,8.0,0.0,0.0,0.0,0.0,0.0,0.36363636363636365,1.2727272727272727,0.0,lignin,0.8353536569300838
419.1479684,419.1476705,419.14751,C29 H24 O1 S1,29.0,24.0,1.0,1.0,0.0,0.0,0.0,0.0,0.034482758620689655,0.8275862068965517,0.0,pah,0.9322397102457233
419.1348893,419.1345914,419.1347558,C21 H24 O9,21.0,24.0,9.0,0.0,0.0,0.0,0.0,0.0,0.42857142857142855,1.1428571428571428,0.0,lignin,0.8788650611161485
419.1293749,419.129077,419.1288826,C28 H20 O4,28.0,20.0,4.0,0.0,0.0,0.0,0.0,0.0,0.14285714285714285,0.7142857142857143,0.0,pah,0.9438651865755816
419.0987325,419.0984346,419.0983703,C20 H20 O10,20.0,20.0,10.0,0.0,0.0,0.0,0.0,0.0,0.5,1.0,0.0,tannin,0.5343542876145502
419.0835558,419.083258,419.0831142,C16 H20 O13,16.0,20.0,13.0,0.0,0.0,0.0,0.0,0.0,0.8125,1.25,0.0,lignin,0.9025150979427607
419.06244,419.0621422,419.0619848,C19 H16 O11,19.0,16.0,11.0,0.0,0.0,0.0,0.0,0.0,0.5789473684210527,0.8421052631578947,0.0,tannin,0.8896283600224427
419.0258682,419.0255704,419.0255993,C18 H12 O12,18.0,12.0,12.0,0.0,0.0,0.0,0.0,0.0,0.6666666666666666,0.6666666666666666,0.0,tannin,0.8875171320605073
419.0234192,419.0231214,419.0230974,C22 H12 O7 S1,22.0,12.0,7.0,1.0,0.0,0.0,0.0,0.0,0.3181818181818182,0.5454545454545454,0.0,tannin,0.6027595517676338
418.1591222,418.1588254,418.1588461,C21 H26 O8 13C1,24.0,26.0,8.0,0.0,0.0,1.0,0.0,0.0,0.36363636363636365,1.1304347826086956,0.0,lignin,0.9184021793185737
417.2284746,417.2281789,417.2282623,C24 H34 O6,24.0,34.0,6.0,0.0,0.0,0.0,0.0,0.0,0.25,1.4166666666666667,0.0,lipid,0.8991399085316656
417.2108415,417.2105458,417.2105042,C24 H34 O4 S1,24.0,34.0,4.0,1.0,0.0,0.0,0.0,0.0,0.16666666666666666,1.4166666666666667,0.0,lipid,0.9000560707346479
417.1922718,417.1919762,417.1918768,C23 H30 O7,23.0,30.0,7.0,0.0,0.0,0.0,0.0,0.0,0.30434782608695654,1.3043478260869565,0.0,lignin,0.833927077608049
417.1558241,417.1555285,417.1554913,C22 H26 O8,22.0,26.0,8.0,0.0,0.0,0.0,0.0,0.0,0.36363636363636365,1.1818181818181819,0.0,lignin,0.8374666369742654
417.1404702,417.1401746,417.1402351,C18 H26 O11,18.0,26.0,11.0,0.0,0.0,0.0,0.0,0.0,0.6111111111111112,1.4444444444444444,0.0,lignin,0.8921400719174765
417.1323521,417.1320565,417.13186,C29 H22 O1 S1,29.0,22.0,1.0,1.0,0.0,0.0,0.0,0.0,0.034482758620689655,0.7586206896551724,0.0,pah,0.9452318710645681
417.1226298,417.1223342,417.1224771,C18 H26 O9 S1,18.0,26.0,9.0,1.0,0.0,0.0,0.0,0.0,0.5,1.4444444444444444,0.0,lignin,0.8282831421695214
417.1192688,417.1189732,417.1191058,C21 H22 O9,21.0,22.0,9.0,0.0,0.0,0.0,0.0,0.0,0.42857142857142855,1.0476190476190477,0.0,lignin,0.9245349490244379
417.1137341,417.1134386,417.1132325,C28 H18 O4,28.0,18.0,4.0,0.0,0.0,0.0,0.0,0.0,0.14285714285714285,0.6428571428571429,0.0,pah,0.9433207159002688
417.1040372,417.1037417,417.1038496,C17 H22 O12,17.0,22.0,12.0,0.0,0.0,0.0,0.0,0.0,0.7058823529411765,1.2941176470588236,0.0,lignin,0.8977547057084605
417.0863671,417.0860716,417.0860915,C17 H22 O10 S1,17.0,22.0,10.0,1.0,0.0,0.0,0.0,0.0,0.5882352941176471,1.2941176470588236,0.0,lignin,0.8705117197448246
417.0830093,417.0827138,417.0827202,C20 H18 O10,20.0,18.0,10.0,0.0,0.0,0.0,0.0,0.0,0.5,0.9,0.0,tannin,0.8881561586193099
417.0678616,417.0675661,417.0674641,C16 H18 O13,16.0,18.0,13.0,0.0,0.0,0.0,0.0,0.0,0.8125,1.125,0.0,lignin,0.695307272391477
417.0467925,417.0464971,417.0463347,C19 H14 O11,19.0,14.0,11.0,0.0,0.0,0.0,0.0,0.0,0.5789473684210527,0.7368421052631579,0.0,tannin,0.8929972309386119
417.0078255,417.0075301,417.0074473,C22 H10 O7 S1,22.0,10.0,7.0,1.0,0.0,0.0,0.0,0.0,0.3181818181818182,0.45454545454545453,0.0,pah,0.835749094774948
416.156438,416.1561435,416.1562195,C18 H27 O10 N1,18.0,27.0,10.0,0.0,1.0,0.0,0.0,0.0,0.5555555555555556,1.5,0.05555555555555555,lignin,0.45513797091200886
416.1202858,416.1199914,416.119834,C17 H23 O11 N1,17.0,23.0,11.0,0.0,1.0,0.0,0.0,0.0,0.6470588235294118,1.3529411764705883,0.058823529411764705,carbohydrate,0.8966745782383223
415.1766499,415.1763566,415.1762267,C23 H28 O7,23.0,28.0,7.0,0.0,0.0,0.0,0.0,0.0,0.30434782608695654,1.2173913043478262,0.0,lignin,0.8353131546041634
415.1612978,415.1610045,415.1609706,C19 H28 O10,19.0,28.0,10.0,0.0,0.0,0.0,0.0,0.0,0.5263157894736842,1.4736842105263157,0.0,lignin,0.8281985116656407
415.1434137,415.1431204,415.1432125,C19 H28 O8 S1,19.0,28.0,8.0,1.0,0.0,0.0,0.0,0.0,0.42105263157894735,1.4736842105263157,0.0,lignin,0.8329424263290084
415.139997,415.1397038,415.1398412,C22 H24 O8,22.0,24.0,8.0,0.0,0.0,0.0,0.0,0.0,0.36363636363636365,1.0909090909090908,0.0,lignin,0.9253329983088756
415.1344572,415.1341639,415.133968,C29 H20 O3,29.0,20.0,3.0,0.0,0.0,0.0,0.0,0.0,0.10344827586206896,0.6896551724137931,0.0,pah,0.9438696287541
415.1247118,415.1244185,415.1245851,C18 H24 O11,18.0,24.0,11.0,0.0,0.0,0.0,0.0,0.0,0.6111111111111112,1.3333333333333333,0.0,lignin,0.9317578855418469
415.1166636,415.1163704,415.1162099,C29 H20 O1 S1,29.0,20.0,1.0,1.0,0.0,0.0,0.0,0.0,0.034482758620689655,0.6896551724137931,0.0,pah,0.9443702178014307
415.1070133,415.1067201,415.106827,C18 H24 O9 S1,18.0,24.0,9.0,1.0,0.0,0.0,0.0,0.0,0.5,1.3333333333333333,0.0,lignin,0.8367388707990248
415.1036605,415.1033673,415.1034557,C21 H20 O9,21.0,20.0,9.0,0.0,0.0,0.0,0.0,0.0,0.42857142857142855,0.9523809523809523,0.0,tannin,0.8834725370643225
415.0885437,415.0882506,415.0881995,C17 H20 O12,17.0,20.0,12.0,0.0,0.0,0.0,0.0,0.0,0.7058823529411765,1.1764705882352942,0.0,lignin,0.9373981229193362
415.0675414,415.0672482,415.0670702,C20 H16 O10,20.0,16.0,10.0,0.0,0.0,0.0,0.0,0.0,0.5,0.8,0.0,tannin,0.8898634126020722
415.0522643,415.0519712,415.051814,C16 H16 O13,16.0,16.0,13.0,0.0,0.0,0.0,0.0,0.0,0.8125,1.0,0.0,tannin,0.7187612591084548
415.0310356,415.0307425,415.0306847,C19 H12 O11,19.0,12.0,11.0,0.0,0.0,0.0,0.0,0.0,0.5789473684210527,0.631578947368421,0.0,tannin,0.8942297744478829
415.0285211,415.028228,415.0281827,C23 H12 O6 S1,23.0,12.0,6.0,1.0,0.0,0.0,0.0,0.0,0.2608695652173913,0.5217391304347826,0.0,pah,0.9427575910168494
414.1491374,414.1488453,414.1486753,C18 H26 O10 13C1,21.0,26.0,10.0,0.0,0.0,1.0,0.0,0.0,0.5263157894736842,1.3,0.0,lignin,0.8382908401214937
414.1125968,414.1123047,414.1122898,C17 H22 O11 13C1,20.0,22.0,11.0,0.0,0.0,1.0,0.0,0.0,0.6111111111111112,1.1578947368421053,0.0,lignin,0.9022423115923012
414.1044107,414.1041187,414.104184,C17 H21 O11 N1,17.0,21.0,11.0,0.0,1.0,0.0,0.0,0.0,0.6470588235294118,1.2352941176470589,0.058823529411764705,lignin,0.9144724560335261
414.0760397,414.0757477,414.0759043,C16 H18 O12 13C1,19.0,18.0,12.0,0.0,0.0,1.0,0.0,0.0,0.7058823529411765,1.0,0.0,tannin,0.7188014279194624
413.1818684,413.1815775,413.181706,C20 H30 O9,20.0,30.0,9.0,0.0,0.0,0.0,0.0,0.0,0.45,1.5,0.0,lignin,0.8267889167464967
413.1607253,413.1604344,413.1605766,C23 H26 O7,23.0,26.0,7.0,0.0,0.0,0.0,0.0,0.0,0.30434782608695654,1.1304347826086956,0.0,lignin,0.917912927736567
413.1455459,413.145255,413.1453205,C19 H26 O10,19.0,26.0,10.0,0.0,0.0,0.0,0.0,0.0,0.5263157894736842,1.368421052631579,0.0,lignin,0.8364781403883302
413.127902,413.1276111,413.1275624,C19 H26 O8 S1,19.0,26.0,8.0,1.0,0.0,0.0,0.0,0.0,0.42105263157894735,1.368421052631579,0.0,lignin,0.8345541250534394
413.1245298,413.1242389,413.1241911,C22 H22 O8,22.0,22.0,8.0,0.0,0.0,0.0,0.0,0.0,0.36363636363636365,1.0,0.0,lignin,0.9231951468950544
413.1093492,413.1090583,413.108935,C18 H22 O11,18.0,22.0,11.0,0.0,0.0,0.0,0.0,0.0,0.6111111111111112,1.2222222222222223,0.0,lignin,0.9054420748955831
413.088203,413.0879121,413.0878056,C21 H18 O9,21.0,18.0,9.0,0.0,0.0,0.0,0.0,0.0,0.42857142857142855,0.8571428571428571,0.0,tannin,0.8863558011419261
413.0729007,413.0726099,413.0725495,C17 H18 O12,17.0,18.0,12.0,0.0,0.0,0.0,0.0,0.0,0.7058823529411765,1.0588235294117647,0.0,tannin,0.7181912348939903
413.0516399,413.0513491,413.0514201,C20 H14 O10,20.0,14.0,10.0,0.0,0.0,0.0,0.0,0.0,0.5,0.7,0.0,tannin,0.8921734771064271
413.0363337,413.036043,413.036164,C16 H14 O13,16.0,14.0,13.0,0.0,0.0,0.0,0.0,0.0,0.8125,0.875,0.0,tannin,0.8860206361983167
413.0282435,413.0279527,413.0277888,C27 H10 O3 S1,27.0,10.0,3.0,1.0,0.0,0.0,0.0,0.0,0.1111111111111111,0.37037037037037035,0.0,pah,0.9426620731727121
413.0127841,413.0124934,413.0125327,C23 H10 O6 S1,23.0,10.0,6.0,1.0,0.0,0.0,0.0,0.0,0.2608695652173913,0.43478260869565216,0.0,pah,0.9425881478799892
412.1697666,412.1694769,412.1694108,C19 H28 O9 13C1,22.0,28.0,9.0,0.0,0.0,1.0,0.0,0.0,0.45,1.3333333333333333,0.0,lignin,0.835706501639898
412.1331668,412.132877,412.1330253,C18 H24 O10 13C1,21.0,24.0,10.0,0.0,0.0,1.0,0.0,0.0,0.5263157894736842,1.2,0.0,lignin,0.8419017911475238
412.1250615,412.1247718,412.1246501,C29 H20 S1 13C1,32.0,20.0,0.0,1.0,0.0,1.0,0.0,0.0,0.0,0.6451612903225806,0.0,pah,0.9441147759165596
412.1250615,412.1247718,412.1249194,C18 H23 O10 N1,18.0,23.0,10.0,0.0,1.0,0.0,0.0,0.0,0.5555555555555556,1.2777777777777777,0.05555555555555555,lignin,0.8403580573398843
412.0969109,412.0966212,412.0966398,C17 H20 O11 13C1,20.0,20.0,11.0,0.0,0.0,1.0,0.0,0.0,0.6111111111111112,1.0526315789473684,0.0,lignin,0.638041333935213
412.0889121,412.0886225,412.0885339,C17 H19 O11 N1,17.0,19.0,11.0,0.0,1.0,0.0,0.0,0.0,0.6470588235294118,1.1176470588235294,0.058823529411764705,lignin,0.9307803999368931
412.0607297,412.06044,412.0602543,C16 H16 O12 13C1,19.0,16.0,12.0,0.0,0.0,1.0,0.0,0.0,0.7058823529411765,0.8888888888888888,0.0,tannin,0.8860887455774389
411.2027089,411.2024203,411.2024415,C21 H32 O8,21.0,32.0,8.0,0.0,0.0,0.0,0.0,0.0,0.38095238095238093,1.5238095238095237,0.0,lipid,0.8876253884679658
411.1665159,411.1662273,411.1660559,C20 H28 O9,20.0,28.0,9.0,0.0,0.0,0.0,0.0,0.0,0.45,1.4,0.0,lignin,0.8344730465960998
411.129922,411.1296335,411.1296704,C19 H24 O10,19.0,24.0,10.0,0.0,0.0,0.0,0.0,0.0,0.5263157894736842,1.263157894736842,0.0,lignin,0.8394393452276973
411.1217689,411.1214804,411.1212953,C30 H20 S1,30.0,20.0,0.0,1.0,0.0,0.0,0.0,0.0,0.0,0.6666666666666666,0.0,pah,0.9443486206759589
411.1120648,411.1117762,411.1119124,C19 H24 O8 S1,19.0,24.0,8.0,1.0,0.0,0.0,0.0,0.0,0.42105263157894735,1.263157894736842,0.0,lignin,0.8366819585730679
411.1086652,411.1083767,411.1085411,C22 H20 O8,22.0,20.0,8.0,0.0,0.0,0.0,0.0,0.0,0.36363636363636365,0.9090909090909091,0.0,tannin,0.8836043465774488
411.1046166,411.104328,411.1045183,C17 H20 O10 N2,17.0,20.0,10.0,0.0,2.0,0.0,0.0,0.0,0.5882352941176471,1.1764705882352942,0.11764705882352941,peptide,0.42652392105576037
411.0934361,411.0931476,411.0932849,C18 H20 O11,18.0,20.0,11.0,0.0,0.0,0.0,0.0,0.0,0.6111111111111112,1.1111111111111112,0.0,lignin,0.796215371144467
411.0853922,411.0851038,411.0849098,C29 H16 O1 S1,29.0,16.0,1.0,1.0,0.0,0.0,0.0,0.0,0.034482758620689655,0.5517241379310345,0.0,pah,0.9431948499166957
411.0724663,411.0721779,411.0721556,C21 H16 O9,21.0,16.0,9.0,0.0,0.0,0.0,0.0,0.0,0.42857142857142855,0.7619047619047619,0.0,tannin,0.8905348109157701
411.0573472,411.0570587,411.0568994,C17 H16 O12,17.0,16.0,12.0,0.0,0.0,0.0,0.0,0.0,0.7058823529411765,0.9411764705882353,0.0,tannin,0.885548776243138
411.036232,411.0359436,411.0357701,C20 H12 O10,20.0,12.0,10.0,0.0,0.0,0.0,0.0,0.0,0.5,0.6,0.0,tannin,0.8942147428819951
411.0208644,411.020576,411.0205139,C16 H12 O13,16.0,12.0,13.0,0.0,0.0,0.0,0.0,0.0,0.8125,0.75,0.0,tannin,0.8870766980115082
410.1903685,410.190081,410.1901462,C20 H30 O8 13C1,23.0,30.0,8.0,0.0,0.0,1.0,0.0,0.0,0.38095238095238093,1.3636363636363635,0.0,lignin,0.8340486827542858
410.154194,410.1539066,410.1537607,C19 H26 O9 13C1,22.0,26.0,9.0,0.0,0.0,1.0,0.0,0.0,0.45,1.2380952380952381,0.0,lignin,0.8380400316517921
410.1176353,410.1173479,410.1173752,C18 H22 O10 13C1,21.0,22.0,10.0,0.0,0.0,1.0,0.0,0.0,0.5263157894736842,1.1,0.0,lignin,0.923540590148083
410.1094931,410.1092058,410.1092693,C18 H21 O10 N1,18.0,21.0,10.0,0.0,1.0,0.0,0.0,0.0,0.5555555555555556,1.1666666666666667,0.05555555555555555,lignin,0.8458156666829616
410.0811797,410.0808924,410.0809897,C17 H18 O11 13C1,20.0,18.0,11.0,0.0,0.0,1.0,0.0,0.0,0.6111111111111112,0.9473684210526315,0.0,tannin,0.8879623090948279
410.0730939,410.0728066,410.0728838,C17 H17 O11 N1,17.0,17.0,11.0,0.0,1.0,0.0,0.0,0.0,0.6470588235294118,1.0,0.058823529411764705,tannin,0.7236398151217684
409.2234196,409.2231333,409.2231769,C22 H34 O7,22.0,34.0,7.0,0.0,0.0,0.0,0.0,0.0,0.3181818181818182,1.5454545454545454,0.0,lipid,0.8880211989266507
409.1869625,409.1866762,409.1867914,C21 H30 O8,21.0,30.0,8.0,0.0,0.0,0.0,0.0,0.0,0.38095238095238093,1.4285714285714286,0.0,lignin,0.8330678331612502
409.1507795,409.1504933,409.1504059,C20 H26 O9,20.0,26.0,9.0,0.0,0.0,0.0,0.0,0.0,0.45,1.3,0.0,lignin,0.8364472504454241
409.1144299,409.1141437,409.1140204,C19 H22 O10,19.0,22.0,10.0,0.0,0.0,0.0,0.0,0.0,0.5263157894736842,1.1578947368421053,0.0,lignin,0.8434647626975303
409.093104,409.0928179,409.092891,C22 H18 O8,22.0,18.0,8.0,0.0,0.0,0.0,0.0,0.0,0.36363636363636365,0.8181818181818182,0.0,tannin,0.8858525766535539
409.0890647,409.0887785,409.0888683,C17 H18 O10 N2,17.0,18.0,10.0,0.0,2.0,0.0,0.0,0.0,0.5882352941176471,1.0588235294117647,0.11764705882352941,peptide,0.6060266432642412
409.0777706,409.0774844,409.0776349,C18 H18 O11,18.0,18.0,11.0,0.0,0.0,0.0,0.0,0.0,0.6111111111111112,1.0,0.0,tannin,0.7204533358132907
409.0696412,409.0693551,409.0692597,C29 H14 O1 S1,29.0,14.0,1.0,1.0,0.0,0.0,0.0,0.0,0.034482758620689655,0.4827586206896552,0.0,pah,0.942869377491467
409.0566338,409.0563477,409.0565055,C21 H14 O9,21.0,14.0,9.0,0.0,0.0,0.0,0.0,0.0,0.42857142857142855,0.6666666666666666,0.0,tannin,0.8865710859549024
409.0415033,409.0412172,409.0412494,C17 H14 O12,17.0,14.0,12.0,0.0,0.0,0.0,0.0,0.0,0.7058823529411765,0.8235294117647058,0.0,tannin,0.8868202139172073
409.0391198,409.0388337,409.0387474,C21 H14 O7 S1,21.0,14.0,7.0,1.0,0.0,0.0,0.0,0.0,0.3333333333333333,0.6666666666666666,0.0,tannin,0.7270477876743626
408.1746684,408.1743833,408.1744962,C20 H28 O8 13C1,23.0,28.0,8.0,0.0,0.0,1.0,0.0,0.0,0.38095238095238093,1.2727272727272727,0.0,lignin,0.8356605695275204
408.1385653,408.1382802,408.1381107,C19 H24 O9 13C1,22.0,24.0,9.0,0.0,0.0,1.0,0.0,0.0,0.45,1.1428571428571428,0.0,lignin,0.8789699155793187
408.1020081,408.1017231,408.1017251,C18 H20 O10 13C1,21.0,20.0,10.0,0.0,0.0,1.0,0.0,0.0,0.5263157894736842,1.0,0.0,tannin,0.7174467418695738
408.0938306,408.0935456,408.0936193,C18 H19 O10 N1,18.0,19.0,10.0,0.0,1.0,0.0,0.0,0.0,0.5555555555555556,1.0555555555555556,0.05555555555555555,lignin,0.8008979041859863
408.0654721,408.0651871,408.0653396,C17 H16 O11 13C1,20.0,16.0,11.0,0.0,0.0,1.0,0.0,0.0,0.6111111111111112,0.8421052631578947,0.0,tannin,0.8898359721718041
408.0574086,408.0571237,408.0572338,C17 H15 O11 N1,17.0,15.0,11.0,0.0,1.0,0.0,0.0,0.0,0.6470588235294118,0.8823529411764706,0.058823529411764705,tannin,0.8945075781221854
407.2076653,407.2073813,407.2075268,C22 H32 O7,22.0,32.0,7.0,0.0,0.0,0.0,0.0,0.0,0.3181818181818182,1.4545454545454546,0.0,lipid,0.615083793101033
407.1714054,407.1711214,407.1711413,C21 H28 O8,21.0,28.0,8.0,0.0,0.0,0.0,0.0,0.0,0.38095238095238093,1.3333333333333333,0.0,lignin,0.8345375581866279
407.1351933,407.1349094,407.1347558,C20 H24 O9,20.0,24.0,9.0,0.0,0.0,0.0,0.0,0.0,0.45,1.2,0.0,lignin,0.8392294486551026
407.098629,407.0983451,407.0983703,C19 H20 O10,19.0,20.0,10.0,0.0,0.0,0.0,0.0,0.0,0.5263157894736842,1.0526315789473684,0.0,lignin,0.798972433995291
407.0773803,407.0770965,407.0772409,C22 H16 O8,22.0,16.0,8.0,0.0,0.0,0.0,0.0,0.0,0.36363636363636365,0.7272727272727273,0.0,tannin,0.8812117811856645
407.0752032,407.0749193,407.074739,C26 H16 O3 S1,26.0,16.0,3.0,1.0,0.0,0.0,0.0,0.0,0.11538461538461539,0.6153846153846154,0.0,pah,0.9432488047737776
407.0734009,407.073117,407.0732182,C17 H16 O10 N2,17.0,16.0,10.0,0.0,2.0,0.0,0.0,0.0,0.5882352941176471,0.9411764705882353,0.11764705882352941,peptide,0.5843505195147979
407.0621333,407.0618495,407.0619848,C18 H16 O11,18.0,16.0,11.0,0.0,0.0,0.0,0.0,0.0,0.6111111111111112,0.8888888888888888,0.0,tannin,0.8890079529635802
407.0260239,407.0257402,407.0255993,C17 H12 O12,17.0,12.0,12.0,0.0,0.0,0.0,0.0,0.0,0.7058823529411765,0.7058823529411765,0.0,tannin,0.8880946111840347
406.1953882,406.1951054,406.1952316,C21 H30 O7 13C1,24.0,30.0,7.0,0.0,0.0,1.0,0.0,0.0,0.3181818181818182,1.3043478260869565,0.0,lignin,0.8341027355193926
406.15922,406.1589373,406.1588461,C20 H26 O8 13C1,23.0,26.0,8.0,0.0,0.0,1.0,0.0,0.0,0.38095238095238093,1.1818181818181819,0.0,lignin,0.8378750431280821
406.1228507,406.1225679,406.1224606,C19 H22 O9 13C1,22.0,22.0,9.0,0.0,0.0,1.0,0.0,0.0,0.45,1.0476190476190477,0.0,lignin,0.9232360404452404
406.0861979,406.0859152,406.0860751,C18 H18 O10 13C1,21.0,18.0,10.0,0.0,0.0,1.0,0.0,0.0,0.5263157894736842,0.9,0.0,tannin,0.887750778112489
406.0780896,406.077807,406.0779692,C18 H17 O10 N1,18.0,17.0,10.0,0.0,1.0,0.0,0.0,0.0,0.5555555555555556,0.9444444444444444,0.05555555555555555,tannin,0.8909306616503617
405.2283595,405.2280778,405.2282623,C23 H34 O6,23.0,34.0,6.0,0.0,0.0,0.0,0.0,0.0,0.2608695652173913,1.4782608695652173,0.0,lipid,0.8991050489746959
405.1921676,405.1918859,405.1918768,C22 H30 O7,22.0,30.0,7.0,0.0,0.0,0.0,0.0,0.0,0.3181818181818182,1.3636363636363635,0.0,lignin,0.8332184885665956
405.1559297,405.1556481,405.1554913,C21 H26 O8,21.0,26.0,8.0,0.0,0.0,0.0,0.0,0.0,0.38095238095238093,1.2380952380952381,0.0,lignin,0.8364355341827604
405.1192639,405.1189823,405.1191058,C20 H22 O9,20.0,22.0,9.0,0.0,0.0,0.0,0.0,0.0,0.45,1.1,0.0,lignin,0.9241467758287756
405.1137128,405.1134312,405.1132325,C27 H18 O4,27.0,18.0,4.0,0.0,0.0,0.0,0.0,0.0,0.14814814814814814,0.6666666666666666,0.0,pah,0.9434567571641377
405.1039878,405.1037062,405.1038496,C16 H22 O12,16.0,22.0,12.0,0.0,0.0,0.0,0.0,0.0,0.75,1.375,0.0,lignin,0.8920272816546468
405.0959482,405.0956667,405.0954745,C27 H18 O2 S1,27.0,18.0,2.0,1.0,0.0,0.0,0.0,0.0,0.07407407407407407,0.6666666666666666,0.0,pah,0.9438242946151764
405.0941105,405.093829,405.0939536,C18 H18 O9 N2,18.0,18.0,9.0,0.0,2.0,0.0,0.0,0.0,0.5,1.0,0.1111111111111111,peptide,0.613231911890529
405.0829229,405.0826414,405.0827202,C19 H18 O10,19.0,18.0,10.0,0.0,0.0,0.0,0.0,0.0,0.5263157894736842,0.9473684210526315,0.0,tannin,0.8857538208559917
405.0678108,405.0675293,405.0674641,C15 H18 O13,15.0,18.0,13.0,0.0,0.0,0.0,0.0,0.0,0.8666666666666667,1.2,0.0,lignin,0.8657767448215825
405.0467666,405.0464851,405.0463347,C18 H14 O11,18.0,14.0,11.0,0.0,0.0,0.0,0.0,0.0,0.6111111111111112,0.7777777777777778,0.0,tannin,0.8911661515868312
405.0077821,405.0075007,405.0074473,C21 H10 O7 S1,21.0,10.0,7.0,1.0,0.0,0.0,0.0,0.0,0.3333333333333333,0.47619047619047616,0.0,tannin,0.5786092197302048
404.1799771,404.1796967,404.1795815,C21 H28 O7 13C1,24.0,28.0,7.0,0.0,0.0,1.0,0.0,0.0,0.3181818181818182,1.2173913043478262,0.0,lignin,0.8355702315636172
404.1434241,404.1431437,404.143196,C20 H24 O8 13C1,23.0,24.0,8.0,0.0,0.0,1.0,0.0,0.0,0.38095238095238093,1.0909090909090908,0.0,lignin,0.9255620312432999
404.1200039,404.1197236,404.119834,C16 H23 O11 N1,16.0,23.0,11.0,0.0,1.0,0.0,0.0,0.0,0.6875,1.4375,0.0625,carbohydrate,0.9566046082460767
404.1069604,404.10668,404.1068105,C19 H20 O9 13C1,22.0,20.0,9.0,0.0,0.0,1.0,0.0,0.0,0.45,0.9523809523809523,0.0,tannin,0.8842286904135583
403.2130057,403.2127264,403.2126122,C23 H32 O6,23.0,32.0,6.0,0.0,0.0,0.0,0.0,0.0,0.2608695652173913,1.391304347826087,0.0,lignin,0.5228957125022159
403.1763767,403.1760974,403.1762267,C22 H28 O7,22.0,28.0,7.0,0.0,0.0,0.0,0.0,0.0,0.3181818181818182,1.2727272727272727,0.0,lignin,0.8346308195674086
403.1610785,403.1607992,403.1609706,C18 H28 O10,18.0,28.0,10.0,0.0,0.0,0.0,0.0,0.0,0.5555555555555556,1.5555555555555556,0.0,lignin,0.7703918203392072
403.1530394,403.1527601,403.1525954,C29 H24 S1,29.0,24.0,0.0,1.0,0.0,0.0,0.0,0.0,0.0,0.8275862068965517,0.0,pah,0.9267769488341907
403.1400443,403.139765,403.1398412,C21 H24 O8,21.0,24.0,8.0,0.0,0.0,0.0,0.0,0.0,0.38095238095238093,1.1428571428571428,0.0,lignin,0.8372911099747089
403.1249452,403.124666,403.1245851,C17 H24 O11,17.0,24.0,11.0,0.0,0.0,0.0,0.0,0.0,0.6470588235294118,1.411764705882353,0.0,lignin,0.8920778540586098
403.1038911,403.1036118,403.1034557,C20 H20 O9,20.0,20.0,9.0,0.0,0.0,0.0,0.0,0.0,0.45,1.0,0.0,lignin,0.7997472816433296
403.0886076,403.0883284,403.0881995,C16 H20 O12,16.0,20.0,12.0,0.0,0.0,0.0,0.0,0.0,0.75,1.25,0.0,lignin,0.9379697367630134
403.0673421,403.0670629,403.0670702,C19 H16 O10,19.0,16.0,10.0,0.0,0.0,0.0,0.0,0.0,0.5263157894736842,0.8421052631578947,0.0,tannin,0.8902000672007155
403.064926,403.0646468,403.0645683,C23 H16 O5 S1,23.0,16.0,5.0,1.0,0.0,0.0,0.0,0.0,0.21739130434782608,0.6956521739130435,0.0,tannin,0.5780084263533556
403.0519889,403.0517098,403.051814,C15 H16 O13,15.0,16.0,13.0,0.0,0.0,0.0,0.0,0.0,0.8666666666666667,1.0666666666666667,0.0,lignin,0.5144790237819178
403.0439132,403.0436341,403.0434389,C26 H12 O3 S1,26.0,12.0,3.0,1.0,0.0,0.0,0.0,0.0,0.11538461538461539,0.46153846153846156,0.0,pah,0.9428265170305524
403.0308635,403.0305844,403.0306847,C18 H12 O11,18.0,12.0,11.0,0.0,0.0,0.0,0.0,0.0,0.6111111111111112,0.6666666666666666,0.0,tannin,0.8945968876871898
403.0284641,403.028185,403.0281827,C22 H12 O6 S1,22.0,12.0,6.0,1.0,0.0,0.0,0.0,0.0,0.2727272727272727,0.5454545454545454,0.0,pah,0.835957656105534
402.1044753,402.1041972,402.104184,C16 H21 O11 N1,16.0,21.0,11.0,0.0,1.0,0.0,0.0,0.0,0.6875,1.3125,0.0625,carbohydrate,0.8765119154880295
401.1973531,401.1970761,401.1969622,C23 H30 O6,23.0,30.0,6.0,0.0,0.0,0.0,0.0,0.0,0.2608695652173913,1.3043478260869565,0.0,lignin,0.8332592890950016
401.1821042,401.1818273,401.181706,C19 H30 O9,19.0,30.0,9.0,0.0,0.0,0.0,0.0,0.0,0.47368421052631576,1.5789473684210527,0.0,lignin,0.5646120272726193
401.160899,401.1606221,401.1605766,C22 H26 O7,22.0,26.0,7.0,0.0,0.0,0.0,0.0,0.0,0.3181818181818182,1.1818181818181819,0.0,lignin,0.8363512312378145
401.1455142,401.1452373,401.1453205,C18 H26 O10,18.0,26.0,10.0,0.0,0.0,0.0,0.0,0.0,0.5555555555555556,1.4444444444444444,0.0,lignin,0.8616668119756387
401.1374131,401.1371362,401.1369454,C29 H22 S1,29.0,22.0,0.0,1.0,0.0,0.0,0.0,0.0,0.0,0.7586206896551724,0.0,pah,0.9471249748454973
401.1277217,401.1274448,401.1275624,C18 H26 O8 S1,18.0,26.0,8.0,1.0,0.0,0.0,0.0,0.0,0.4444444444444444,1.4444444444444444,0.0,lignin,0.8336779378333276
401.1243238,401.1240469,401.1241911,C21 H22 O8,21.0,22.0,8.0,0.0,0.0,0.0,0.0,0.0,0.38095238095238093,1.0476190476190477,0.0,lignin,0.9239370097772526
401.118793,401.1185161,401.1183179,C28 H18 O3,28.0,18.0,3.0,0.0,0.0,0.0,0.0,0.0,0.10714285714285714,0.6428571428571429,0.0,pah,0.9434638453520623
401.1091303,401.1088534,401.108935,C17 H22 O11,17.0,22.0,11.0,0.0,0.0,0.0,0.0,0.0,0.6470588235294118,1.2941176470588236,0.0,lignin,0.9367468205363462
401.0914882,401.0912113,401.0911769,C17 H22 O9 S1,17.0,22.0,9.0,1.0,0.0,0.0,0.0,0.0,0.5294117647058824,1.2941176470588236,0.0,lignin,0.8385555082079842
401.0881157,401.0878388,401.0878056,C20 H18 O9,20.0,18.0,9.0,0.0,0.0,0.0,0.0,0.0,0.45,0.9,0.0,tannin,0.8853331391773303
401.0729651,401.0726882,401.0725495,C16 H18 O12,16.0,18.0,12.0,0.0,0.0,0.0,0.0,0.0,0.75,1.125,0.0,lignin,0.8041493815571386
401.0518121,401.0515352,401.0514201,C19 H14 O10,19.0,14.0,10.0,0.0,0.0,0.0,0.0,0.0,0.5263157894736842,0.7368421052631579,0.0,tannin,0.8913894104748744
401.0364815,401.0362047,401.036164,C15 H14 O13,15.0,14.0,13.0,0.0,0.0,0.0,0.0,0.0,0.8666666666666667,0.9333333333333333,0.0,tannin,0.8287689004473311
401.015218,401.0149412,401.0150346,C18 H10 O11,18.0,10.0,11.0,0.0,0.0,0.0,0.0,0.0,0.6111111111111112,0.5555555555555556,0.0,tannin,0.8950001606940295
401.0127552,401.0124784,401.0125327,C22 H10 O6 S1,22.0,10.0,6.0,1.0,0.0,0.0,0.0,0.0,0.2727272727272727,0.45454545454545453,0.0,pah,0.9426020511972306
400.1695555,400.1692797,400.1694108,C18 H28 O9 13C1,21.0,28.0,9.0,0.0,0.0,1.0,0.0,0.0,0.47368421052631576,1.4,0.0,lignin,0.8348403952478494
400.1615174,400.1612416,400.1613049,C18 H27 O9 N1,18.0,27.0,9.0,0.0,1.0,0.0,0.0,0.0,0.5,1.5,0.05555555555555555,lipid,0.9539207293533394
400.1333621,400.1330863,400.1330253,C17 H24 O10 13C1,20.0,24.0,10.0,0.0,0.0,1.0,0.0,0.0,0.5555555555555556,1.263157894736842,0.0,lignin,0.8599059800950293
400.1253351,400.1250593,400.1249194,C17 H23 O10 N1,17.0,23.0,10.0,0.0,1.0,0.0,0.0,0.0,0.5882352941176471,1.3529411764705883,0.058823529411764705,lignin,0.7423413604592698
400.0970234,400.0967477,400.0966398,C16 H20 O11 13C1,19.0,20.0,11.0,0.0,0.0,1.0,0.0,0.0,0.6470588235294118,1.1111111111111112,0.0,lignin,0.8011287670840199
400.0888672,400.0885915,400.0885339,C16 H19 O11 N1,16.0,19.0,11.0,0.0,1.0,0.0,0.0,0.0,0.6875,1.1875,0.0625,lignin,0.6315969521122327
400.0603742,400.0600985,400.0602543,C15 H16 O12 13C1,18.0,16.0,12.0,0.0,0.0,1.0,0.0,0.0,0.75,0.9411764705882353,0.0,tannin,0.8854944480527196
399.2027511,399.2024764,399.2024415,C20 H32 O8,20.0,32.0,8.0,0.0,0.0,0.0,0.0,0.0,0.4,1.6,0.0,lipid,0.8872600893033035
399.1664389,399.1661642,399.1660559,C19 H28 O9,19.0,28.0,9.0,0.0,0.0,0.0,0.0,0.0,0.47368421052631576,1.4736842105263157,0.0,lignin,0.8274549635364961
399.1485258,399.1482512,399.1482979,C19 H28 O7 S1,19.0,28.0,7.0,1.0,0.0,0.0,0.0,0.0,0.3684210526315789,1.4736842105263157,0.0,lignin,0.7051830624237282
399.1451247,399.14485,399.1449266,C22 H24 O7,22.0,24.0,7.0,0.0,0.0,0.0,0.0,0.0,0.3181818181818182,1.0909090909090908,0.0,lignin,0.9262518215132294
399.1297979,399.1295233,399.1296704,C18 H24 O10,18.0,24.0,10.0,0.0,0.0,0.0,0.0,0.0,0.5555555555555556,1.3333333333333333,0.0,lignin,0.8855529236496187
399.1217371,399.1214625,399.1212953,C29 H20 S1,29.0,20.0,0.0,1.0,0.0,0.0,0.0,0.0,0.0,0.6896551724137931,0.0,pah,0.9446242092018344
399.112061,399.1117864,399.1119124,C18 H24 O8 S1,18.0,24.0,8.0,1.0,0.0,0.0,0.0,0.0,0.4444444444444444,1.3333333333333333,0.0,lignin,0.835601770749596
399.1087166,399.108442,399.1085411,C21 H20 O8,21.0,20.0,8.0,0.0,0.0,0.0,0.0,0.0,0.38095238095238093,0.9523809523809523,0.0,tannin,0.8829351455679812
399.0935786,399.093304,399.0932849,C17 H20 O11,17.0,20.0,11.0,0.0,0.0,0.0,0.0,0.0,0.6470588235294118,1.1764705882352942,0.0,lignin,0.9334354169422131
399.0759381,399.0756636,399.0755269,C17 H20 O9 S1,17.0,20.0,9.0,1.0,0.0,0.0,0.0,0.0,0.5294117647058824,1.1764705882352942,0.0,lignin,0.8404865064905372
399.072534,399.0722594,399.0721556,C20 H16 O9,20.0,16.0,9.0,0.0,0.0,0.0,0.0,0.0,0.45,0.8,0.0,tannin,0.889259166769776
399.0573003,399.0570257,399.0568994,C16 H16 O12,16.0,16.0,12.0,0.0,0.0,0.0,0.0,0.0,0.75,1.0,0.0,tannin,0.7187722595064604
399.0360513,399.0357768,399.0357701,C19 H12 O10,19.0,12.0,10.0,0.0,0.0,0.0,0.0,0.0,0.5263157894736842,0.631578947368421,0.0,tannin,0.8939953543147627
399.020713,399.0204385,399.0205139,C15 H12 O13,15.0,12.0,13.0,0.0,0.0,0.0,0.0,0.0,0.8666666666666667,0.8,0.0,tannin,0.8864705552298494
399.0125915,399.012317,399.0121388,C26 H8 O3 S1,26.0,8.0,3.0,1.0,0.0,0.0,0.0,0.0,0.11538461538461539,0.3076923076923077,0.0,pah,0.9425714606669005
398.2302728,398.2299992,398.229903,C17 H38 O7 S1 13C1,20.0,38.0,7.0,1.0,0.0,1.0,0.0,0.0,0.3888888888888889,2.0,0.0,lipid,0.8961351322172607
398.1902845,398.190011,398.1901462,C19 H30 O8 13C1,22.0,30.0,8.0,0.0,0.0,1.0,0.0,0.0,0.4,1.4285714285714286,0.0,lignin,0.8333121404438973
398.1540503,398.1537768,398.1537607,C18 H26 O9 13C1,21.0,26.0,9.0,0.0,0.0,1.0,0.0,0.0,0.47368421052631576,1.3,0.0,lignin,0.8369702010355098
398.1460726,398.1457991,398.1456549,C18 H25 O9 N1,18.0,25.0,9.0,0.0,1.0,0.0,0.0,0.0,0.5,1.3888888888888888,0.05555555555555555,lignin,0.8301842967426942
398.1178053,398.1175319,398.1173752,C17 H22 O10 13C1,20.0,22.0,10.0,0.0,0.0,1.0,0.0,0.0,0.5555555555555556,1.1578947368421053,0.0,lignin,0.8986048380094964
398.1096578,398.1093844,398.1092693,C17 H21 O10 N1,17.0,21.0,10.0,0.0,1.0,0.0,0.0,0.0,0.5882352941176471,1.2352941176470589,0.058823529411764705,lignin,0.8437247742065409
398.0811121,398.0808387,398.0809897,C16 H18 O11 13C1,19.0,18.0,11.0,0.0,0.0,1.0,0.0,0.0,0.6470588235294118,1.0,0.0,tannin,0.7149582976659047
398.072983,398.0727096,398.0728838,C16 H17 O11 N1,16.0,17.0,11.0,0.0,1.0,0.0,0.0,0.0,0.6875,1.0625,0.0625,lignin,0.6498367720843585
398.0448576,398.0445842,398.0446042,C15 H14 O12 13C1,18.0,14.0,12.0,0.0,0.0,1.0,0.0,0.0,0.75,0.8235294117647058,0.0,tannin,0.8866332437709469
397.3877863,397.3875137,397.3873464,C26 H54 S1,26.0,54.0,0.0,1.0,0.0,0.0,0.0,0.0,0.0,2.076923076923077,0.0,lipid,0.9116800352304232
397.2269127,397.2266403,397.2265482,C18 H38 O7 S1,18.0,38.0,7.0,1.0,0.0,0.0,0.0,0.0,0.3888888888888889,2.111111111111111,0.0,lipid,0.8955114304960657
397.1871162,397.1868439,397.1867914,C20 H30 O8,20.0,30.0,8.0,0.0,0.0,0.0,0.0,0.0,0.4,1.5,0.0,lignin,0.6991851238401421
397.1505739,397.1503016,397.1504059,C19 H26 O9,19.0,26.0,9.0,0.0,0.0,0.0,0.0,0.0,0.47368421052631576,1.368421052631579,0.0,lignin,0.8354311653533385
397.1328643,397.132592,397.1326478,C19 H26 O7 S1,19.0,26.0,7.0,1.0,0.0,0.0,0.0,0.0,0.3684210526315789,1.368421052631579,0.0,lignin,0.8337981667398694
397.1294703,397.129198,397.1292765,C22 H22 O7,22.0,22.0,7.0,0.0,0.0,0.0,0.0,0.0,0.3181818181818182,1.0,0.0,lignin,0.92355475244247
397.1143146,397.1140423,397.1140204,C18 H22 O10,18.0,22.0,10.0,0.0,0.0,0.0,0.0,0.0,0.5555555555555556,1.2222222222222223,0.0,lignin,0.8613108101701886
397.0932411,397.0929688,397.092891,C21 H18 O8,21.0,18.0,8.0,0.0,0.0,0.0,0.0,0.0,0.38095238095238093,0.8571428571428571,0.0,tannin,0.8850789147795748
397.0780529,397.0777807,397.0776349,C17 H18 O11,17.0,18.0,11.0,0.0,0.0,0.0,0.0,0.0,0.6470588235294118,1.0588235294117647,0.0,tannin,0.5384903959704446
397.0568098,397.0565376,397.0565055,C20 H14 O9,20.0,14.0,9.0,0.0,0.0,0.0,0.0,0.0,0.45,0.7,0.0,tannin,0.8916338881188077
397.0414243,397.0411521,397.0412494,C16 H14 O12,16.0,14.0,12.0,0.0,0.0,0.0,0.0,0.0,0.75,0.875,0.0,tannin,0.8861719482091654
397.033299,397.0330268,397.0328742,C27 H10 O2 S1,27.0,10.0,2.0,1.0,0.0,0.0,0.0,0.0,0.07407407407407407,0.37037037037037035,0.0,pah,0.9427031006975861
397.0178331,397.017561,397.0176181,C23 H10 O5 S1,23.0,10.0,5.0,1.0,0.0,0.0,0.0,0.0,0.21739130434782608,0.43478260869565216,0.0,pah,0.9426195788834754
396.1749252,396.174654,396.1744962,C19 H28 O8 13C1,22.0,28.0,8.0,0.0,0.0,1.0,0.0,0.0,0.4,1.3333333333333333,0.0,lignin,0.8348312264513827
396.138354,396.1380829,396.1381107,C18 H24 O9 13C1,21.0,24.0,9.0,0.0,0.0,1.0,0.0,0.0,0.47368421052631576,1.2,0.0,lignin,0.8399737002680314
396.1301643,396.1298932,396.1300048,C18 H23 O9 N1,18.0,23.0,9.0,0.0,1.0,0.0,0.0,0.0,0.5,1.2777777777777777,0.05555555555555555,lignin,0.8386670050476681
396.1018862,396.1016151,396.1017251,C17 H20 O10 13C1,20.0,20.0,10.0,0.0,0.0,1.0,0.0,0.0,0.5555555555555556,1.0526315789473684,0.0,lignin,0.7992043665574379
396.0938652,396.0935941,396.0936193,C17 H19 O10 N1,17.0,19.0,10.0,0.0,1.0,0.0,0.0,0.0,0.5882352941176471,1.1176470588235294,0.058823529411764705,lignin,0.9180360201434198
396.0657325,396.0654615,396.0653396,C16 H16 O11 13C1,19.0,16.0,11.0,0.0,0.0,1.0,0.0,0.0,0.6470588235294118,0.8888888888888888,0.0,tannin,0.8829007398079642
396.0576659,396.0573949,396.0572338,C16 H15 O11 N1,16.0,15.0,11.0,0.0,1.0,0.0,0.0,0.0,0.6875,0.9375,0.0625,lignin,0.47520247903815366
395.20768,395.2074099,395.2075268,C21 H32 O7,21.0,32.0,7.0,0.0,0.0,0.0,0.0,0.0,0.3333333333333333,1.5238095238095237,0.0,lipid,0.8987030638281578
395.1713802,395.1711102,395.1711413,C20 H28 O8,20.0,28.0,8.0,0.0,0.0,0.0,0.0,0.0,0.4,1.4,0.0,lignin,0.8337426698163128
395.13519,395.13492,395.1347558,C19 H24 O9,19.0,24.0,9.0,0.0,0.0,0.0,0.0,0.0,0.47368421052631576,1.263157894736842,0.0,lignin,0.8379342541340874
395.1098366,395.1095666,395.1096037,C17 H20 O9 N2,17.0,20.0,9.0,0.0,2.0,0.0,0.0,0.0,0.5294117647058824,1.1764705882352942,0.11764705882352941,peptide,0.5262638929871251
395.0985111,395.0982412,395.0983703,C18 H20 O10,18.0,20.0,10.0,0.0,0.0,0.0,0.0,0.0,0.5555555555555556,1.1111111111111112,0.0,lignin,0.923588601817373
395.0904189,395.0901489,395.0899952,C29 H16 S1,29.0,16.0,0.0,1.0,0.0,0.0,0.0,0.0,0.0,0.5517241379310345,0.0,pah,0.9433197475777675
395.0773657,395.0770958,395.0772409,C21 H16 O8,21.0,16.0,8.0,0.0,0.0,0.0,0.0,0.0,0.38095238095238093,0.7619047619047619,0.0,tannin,0.8900717174205133
395.073371,395.0731011,395.0732182,C16 H16 O10 N2,16.0,16.0,10.0,0.0,2.0,0.0,0.0,0.0,0.625,1.0,0.125,peptide,0.693937006741506
395.0622445,395.0619746,395.0619848,C17 H16 O11,17.0,16.0,11.0,0.0,0.0,0.0,0.0,0.0,0.6470588235294118,0.9411764705882353,0.0,tannin,0.8820460865054136
395.041284,395.0410141,395.0408554,C20 H12 O9,20.0,12.0,9.0,0.0,0.0,0.0,0.0,0.0,0.45,0.6,0.0,tannin,0.8846922647187976
395.0260294,395.0257595,395.0255993,C16 H12 O12,16.0,12.0,12.0,0.0,0.0,0.0,0.0,0.0,0.75,0.75,0.0,tannin,0.8873339901372826
394.2812482,394.2809792,394.2810261,C19 H41 O7 N1,19.0,41.0,7.0,0.0,1.0,0.0,0.0,0.0,0.3684210526315789,2.1578947368421053,0.05263157894736842,lipid,0.8980922997371149
394.1953997,394.1951308,394.1952316,C20 H30 O7 13C1,23.0,30.0,7.0,0.0,0.0,1.0,0.0,0.0,0.3333333333333333,1.3636363636363635,0.0,lignin,0.833405488491076
394.159072,394.1588031,394.1588461,C19 H26 O8 13C1,22.0,26.0,8.0,0.0,0.0,1.0,0.0,0.0,0.4,1.2380952380952381,0.0,lignin,0.8368384388175908
394.1228267,394.1225579,394.1224606,C18 H22 O9 13C1,21.0,22.0,9.0,0.0,0.0,1.0,0.0,0.0,0.47368421052631576,1.1,0.0,lignin,0.9238992994517204
394.1147453,394.1144765,394.1143547,C18 H21 O9 N1,18.0,21.0,9.0,0.0,1.0,0.0,0.0,0.0,0.5,1.1666666666666667,0.05555555555555555,lignin,0.8430533552630435
394.0862852,394.0860164,394.0860751,C17 H18 O10 13C1,20.0,18.0,10.0,0.0,0.0,1.0,0.0,0.0,0.5555555555555556,0.9473684210526315,0.0,tannin,0.8868818632559897
394.0781413,394.0778725,394.0779692,C17 H17 O10 N1,17.0,17.0,10.0,0.0,1.0,0.0,0.0,0.0,0.5882352941176471,1.0,0.058823529411764705,tannin,0.7228344160287705
394.0498529,394.0495841,394.0496896,C16 H14 O11 13C1,19.0,14.0,11.0,0.0,0.0,1.0,0.0,0.0,0.6470588235294118,0.7777777777777778,0.0,tannin,0.8855542780948475
393.1920667,393.1917989,393.1918768,C21 H30 O7,21.0,30.0,7.0,0.0,0.0,0.0,0.0,0.0,0.3333333333333333,1.4285714285714286,0.0,lignin,0.8325051815582256
393.155672,393.1554042,393.1554913,C20 H26 O8,20.0,26.0,8.0,0.0,0.0,0.0,0.0,0.0,0.4,1.3,0.0,lignin,0.8354687261162557
393.1195211,393.1192534,393.1191058,C19 H22 O9,19.0,22.0,9.0,0.0,0.0,0.0,0.0,0.0,0.47368421052631576,1.1578947368421053,0.0,lignin,0.8390207913270029
393.0942488,393.0939812,393.0939536,C17 H18 O9 N2,17.0,18.0,9.0,0.0,2.0,0.0,0.0,0.0,0.5294117647058824,1.0588235294117647,0.11764705882352941,peptide,0.6303118418489542
393.0829386,393.0826709,393.0827202,C18 H18 O10,18.0,18.0,10.0,0.0,0.0,0.0,0.0,0.0,0.5555555555555556,1.0,0.0,tannin,0.7182419971547358
393.0617227,393.061455,393.0615909,C21 H14 O8,21.0,14.0,8.0,0.0,0.0,0.0,0.0,0.0,0.38095238095238093,0.6666666666666666,0.0,tannin,0.8509363758240595
393.046526,393.0462584,393.0463347,C17 H14 O11,17.0,14.0,11.0,0.0,0.0,0.0,0.0,0.0,0.6470588235294118,0.8235294117647058,0.0,tannin,0.8842376128217314
393.0441287,393.0438611,393.0438328,C21 H14 O6 S1,21.0,14.0,6.0,1.0,0.0,0.0,0.0,0.0,0.2857142857142857,0.6666666666666666,0.0,tannin,0.6832341389269196
392.1797287,392.1794621,392.1795815,C20 H28 O7 13C1,23.0,28.0,7.0,0.0,0.0,1.0,0.0,0.0,0.3333333333333333,1.2727272727272727,0.0,lignin,0.8348516357901696
392.1434434,392.1431769,392.143196,C19 H24 O8 13C1,22.0,24.0,8.0,0.0,0.0,1.0,0.0,0.0,0.4,1.1428571428571428,0.0,lignin,0.8743136121752875
392.1072185,392.106952,392.1068105,C18 H20 O9 13C1,21.0,20.0,9.0,0.0,0.0,1.0,0.0,0.0,0.47368421052631576,1.0,0.0,lignin,0.798663288663606
392.0991162,392.0988497,392.0987047,C18 H19 O9 N1,18.0,19.0,9.0,0.0,1.0,0.0,0.0,0.0,0.5,1.0555555555555556,0.05555555555555555,lignin,0.9258295720667041
392.0705772,392.0703107,392.070425,C17 H16 O10 13C1,20.0,16.0,10.0,0.0,0.0,1.0,0.0,0.0,0.5555555555555556,0.8421052631578947,0.0,tannin,0.8893841845497146
392.0624398,392.0621733,392.0623192,C17 H15 O10 N1,17.0,15.0,10.0,0.0,1.0,0.0,0.0,0.0,0.5882352941176471,0.8823529411764706,0.058823529411764705,tannin,0.8935828688137724
391.2129198,391.2126543,391.2126122,C22 H32 O6,22.0,32.0,6.0,0.0,0.0,0.0,0.0,0.0,0.2727272727272727,1.4545454545454546,0.0,lipid,0.8991358874044562
391.1763593,391.1760938,391.1762267,C21 H28 O7,21.0,28.0,7.0,0.0,0.0,0.0,0.0,0.0,0.3333333333333333,1.3333333333333333,0.0,lignin,0.8338729306881776
391.1401448,391.1398794,391.1398412,C20 H24 O8,20.0,24.0,8.0,0.0,0.0,0.0,0.0,0.0,0.4,1.2,0.0,lignin,0.8378584543447772
391.1038424,391.103577,391.1034557,C19 H20 O9,19.0,20.0,9.0,0.0,0.0,0.0,0.0,0.0,0.47368421052631576,1.0526315789473684,0.0,lignin,0.9231642844081172
391.07848,391.0782146,391.0783036,C17 H16 O9 N2,17.0,16.0,9.0,0.0,2.0,0.0,0.0,0.0,0.5294117647058824,0.9411764705882353,0.11764705882352941,peptide,0.6279896689503353
391.0705657,391.0703003,391.0704415,C15 H20 O10 S1,15.0,20.0,10.0,1.0,0.0,0.0,0.0,0.0,0.6666666666666666,1.3333333333333333,0.0,lignin,0.892751693052811
391.0671983,391.066933,391.0670702,C18 H16 O10,18.0,16.0,10.0,0.0,0.0,0.0,0.0,0.0,0.5555555555555556,0.8888888888888888,0.0,tannin,0.8884177136147964
391.0647864,391.0645211,391.0645683,C22 H16 O5 S1,22.0,16.0,5.0,1.0,0.0,0.0,0.0,0.0,0.22727272727272727,0.7272727272727273,0.0,tannin,0.6749473471843922
391.0519652,391.0516999,391.051814,C14 H16 O13,14.0,16.0,13.0,0.0,0.0,0.0,0.0,0.0,0.9285714285714286,1.1428571428571428,0.0,lignin,0.8105842280611327
391.031,391.0307347,391.0306847,C17 H12 O11,17.0,12.0,11.0,0.0,0.0,0.0,0.0,0.0,0.6470588235294118,0.7058823529411765,0.0,tannin,0.8870714778848685
391.0285845,391.0283193,391.0281827,C21 H12 O6 S1,21.0,12.0,6.0,1.0,0.0,0.0,0.0,0.0,0.2857142857142857,0.5714285714285714,0.0,tannin,0.578702879735642
390.1641454,390.1638811,390.1639315,C20 H26 O7 13C1,23.0,26.0,7.0,0.0,0.0,1.0,0.0,0.0,0.3333333333333333,1.1818181818181819,0.0,lignin,0.8366807864674513
390.1279225,390.1276582,390.127546,C19 H22 O8 13C1,22.0,22.0,8.0,0.0,0.0,1.0,0.0,0.0,0.4,1.0476190476190477,0.0,lignin,0.9242705946542623
390.0913282,390.091064,390.0911605,C18 H18 O9 13C1,21.0,18.0,9.0,0.0,0.0,1.0,0.0,0.0,0.47368421052631576,0.9,0.0,tannin,0.8865461751022318
390.0832045,390.0829403,390.0830546,C18 H17 O9 N1,18.0,17.0,9.0,0.0,1.0,0.0,0.0,0.0,0.5,0.9444444444444444,0.05555555555555555,tannin,0.8890542047314
390.0549802,390.054716,390.0547749,C17 H14 O10 13C1,20.0,14.0,10.0,0.0,0.0,1.0,0.0,0.0,0.5555555555555556,0.7368421052631579,0.0,tannin,0.8926424456314163
389.2910972,389.2908339,389.2908625,C21 H42 O6,21.0,42.0,6.0,0.0,0.0,0.0,0.0,0.0,0.2857142857142857,2.0,0.0,lipid,0.897247343828203
389.1970878,389.1968246,389.1969622,C22 H30 O6,22.0,30.0,6.0,0.0,0.0,0.0,0.0,0.0,0.2727272727272727,1.3636363636363635,0.0,lignin,0.8324765774710091
389.1609813,389.1607182,389.1605766,C21 H26 O7,21.0,26.0,7.0,0.0,0.0,0.0,0.0,0.0,0.3333333333333333,1.2380952380952381,0.0,lignin,0.8355138997452831
389.1456925,389.1454294,389.1453205,C17 H26 O10,17.0,26.0,10.0,0.0,0.0,0.0,0.0,0.0,0.5882352941176471,1.5294117647058822,0.0,lignin,0.7272499801566634
389.1244246,389.1241615,389.1241911,C20 H22 O8,20.0,22.0,8.0,0.0,0.0,0.0,0.0,0.0,0.4,1.1,0.0,lignin,0.9260178454543573
389.1090771,389.108814,389.108935,C16 H22 O11,16.0,22.0,11.0,0.0,0.0,0.0,0.0,0.0,0.6875,1.375,0.0,lignin,0.8924218610260292
389.1009945,389.1007315,389.1005598,C27 H18 O1 S1,27.0,18.0,1.0,1.0,0.0,0.0,0.0,0.0,0.037037037037037035,0.6666666666666666,0.0,pah,0.94410442469692
389.0913199,389.0910568,389.0911769,C16 H22 O9 S1,16.0,22.0,9.0,1.0,0.0,0.0,0.0,0.0,0.5625,1.375,0.0,lignin,0.8689680844681595
389.0879591,389.0876961,389.0878056,C19 H18 O9,19.0,18.0,9.0,0.0,0.0,0.0,0.0,0.0,0.47368421052631576,0.9473684210526315,0.0,tannin,0.8852616182091066
389.0855542,389.0852912,389.0853037,C23 H18 O4 S1,23.0,18.0,4.0,1.0,0.0,0.0,0.0,0.0,0.17391304347826086,0.782608695652174,0.0,tannin,0.6192553164138751
389.0728005,389.0725375,389.0725495,C15 H18 O12,15.0,18.0,12.0,0.0,0.0,0.0,0.0,0.0,0.8,1.2,0.0,lignin,0.9083349281392836
389.0518265,389.0515635,389.0514201,C18 H14 O10,18.0,14.0,10.0,0.0,0.0,0.0,0.0,0.0,0.5555555555555556,0.7777777777777778,0.0,tannin,0.8917544267564322
389.036594,389.036331,389.036164,C14 H14 O13,14.0,14.0,13.0,0.0,0.0,0.0,0.0,0.0,0.9285714285714286,1.0,0.0,lignin,0.5121370452091367
389.0153325,389.0150695,389.0150346,C17 H10 O11,17.0,10.0,11.0,0.0,0.0,0.0,0.0,0.0,0.6470588235294118,0.5882352941176471,0.0,tannin,0.8977200809777782
389.0128696,389.0126066,389.0125327,C21 H10 O6 S1,21.0,10.0,6.0,1.0,0.0,0.0,0.0,0.0,0.2857142857142857,0.47619047619047616,0.0,pah,0.9426153811778457
388.1484696,388.1482076,388.1482814,C20 H24 O7 13C1,23.0,24.0,7.0,0.0,0.0,1.0,0.0,0.0,0.3333333333333333,1.0909090909090908,0.0,lignin,0.9259213283265577
388.1250448,388.1247829,388.1249194,C16 H23 O10 N1,16.0,23.0,10.0,0.0,1.0,0.0,0.0,0.0,0.625,1.4375,0.0625,carbohydrate,0.8522217981992906
387.1815177,387.1812568,387.1813121,C22 H28 O6,22.0,28.0,6.0,0.0,0.0,0.0,0.0,0.0,0.2727272727272727,1.2727272727272727,0.0,lignin,0.8338891467471331
387.1661959,387.165935,387.1660559,C18 H28 O9,18.0,28.0,9.0,0.0,0.0,0.0,0.0,0.0,0.5,1.5555555555555556,0.0,lignin,0.8266031854878795
387.1450709,387.1448101,387.1449266,C21 H24 O7,21.0,24.0,7.0,0.0,0.0,0.0,0.0,0.0,0.3333333333333333,1.1428571428571428,0.0,lignin,0.8352416794646522
387.1299526,387.1296918,387.1296704,C17 H24 O10,17.0,24.0,10.0,0.0,0.0,0.0,0.0,0.0,0.5882352941176471,1.411764705882353,0.0,lignin,0.8596743067088847
387.1123183,387.1120575,387.1119124,C17 H24 O8 S1,17.0,24.0,8.0,1.0,0.0,0.0,0.0,0.0,0.47058823529411764,1.411764705882353,0.0,lignin,0.8345930226372523
387.1089428,387.108682,387.1085411,C20 H20 O8,20.0,20.0,8.0,0.0,0.0,0.0,0.0,0.0,0.4,1.0,0.0,lignin,0.9229951599688443
387.0936529,387.0933921,387.0932849,C16 H20 O11,16.0,20.0,11.0,0.0,0.0,0.0,0.0,0.0,0.6875,1.25,0.0,lignin,0.9373111529463104
387.0757423,387.0754816,387.0755269,C16 H20 O9 S1,16.0,20.0,9.0,1.0,0.0,0.0,0.0,0.0,0.5625,1.25,0.0,lignin,0.8918273028810111
387.072332,387.0720713,387.0721556,C19 H16 O9,19.0,16.0,9.0,0.0,0.0,0.0,0.0,0.0,0.47368421052631576,0.8421052631578947,0.0,tannin,0.8885584598194729
387.0570227,387.056762,387.0568994,C15 H16 O12,15.0,16.0,12.0,0.0,0.0,0.0,0.0,0.0,0.8,1.0666666666666667,0.0,tannin,0.7181584298069124
387.0489579,387.0486972,387.0485243,C26 H12 O2 S1,26.0,12.0,2.0,1.0,0.0,0.0,0.0,0.0,0.07692307692307693,0.46153846153846156,0.0,pah,0.9428640125845368
387.0359605,387.0356998,387.0357701,C18 H12 O10,18.0,12.0,10.0,0.0,0.0,0.0,0.0,0.0,0.5555555555555556,0.6666666666666666,0.0,tannin,0.8936620665970787
387.0335613,387.0333006,387.0332681,C22 H12 O5 S1,22.0,12.0,5.0,1.0,0.0,0.0,0.0,0.0,0.22727272727272727,0.5454545454545454,0.0,pah,0.9429079140779297
387.0208665,387.0206058,387.0205139,C14 H12 O13,14.0,12.0,13.0,0.0,0.0,0.0,0.0,0.0,0.9285714285714286,0.8571428571428571,0.0,lignin,0.46799704225329364
386.1541553,386.1538956,386.1537607,C17 H26 O9 13C1,20.0,26.0,9.0,0.0,0.0,1.0,0.0,0.0,0.5,1.368421052631579,0.0,lignin,0.835932516155113
386.1460633,386.1458036,386.1456549,C17 H25 O9 N1,17.0,25.0,9.0,0.0,1.0,0.0,0.0,0.0,0.5294117647058824,1.4705882352941178,0.058823529411764705,lignin,0.5885210275855156
386.1175903,386.1173307,386.1173752,C16 H22 O10 13C1,19.0,22.0,10.0,0.0,0.0,1.0,0.0,0.0,0.5882352941176471,1.2222222222222223,0.0,lignin,0.8769779631444212
386.1094486,386.109189,386.1092693,C16 H21 O10 N1,16.0,21.0,10.0,0.0,1.0,0.0,0.0,0.0,0.625,1.3125,0.0625,lignin,0.5432139117481979
386.0811532,386.0808936,386.0809897,C15 H18 O11 13C1,18.0,18.0,11.0,0.0,0.0,1.0,0.0,0.0,0.6875,1.0588235294117647,0.0,tannin,0.5386048873769272
386.0731218,386.0728621,386.0728838,C15 H17 O11 N1,15.0,17.0,11.0,0.0,1.0,0.0,0.0,0.0,0.7333333333333333,1.1333333333333333,0.06666666666666667,lignin,0.6205279780566019
385.187156,385.1868974,385.1867914,C19 H30 O8,19.0,30.0,8.0,0.0,0.0,0.0,0.0,0.0,0.42105263157894735,1.5789473684210527,0.0,lipid,0.8872158406079371
385.1658604,385.1656018,385.165662,C22 H26 O6,22.0,26.0,6.0,0.0,0.0,0.0,0.0,0.0,0.2727272727272727,1.1818181818181819,0.0,lignin,0.8354546494750148
385.1505257,385.1502671,385.1504059,C18 H26 O9,18.0,26.0,9.0,0.0,0.0,0.0,0.0,0.0,0.5,1.4444444444444444,0.0,lignin,0.8282831421695214
385.1294474,385.1291889,385.1292765,C21 H22 O7,21.0,22.0,7.0,0.0,0.0,0.0,0.0,0.0,0.3333333333333333,1.0476190476190477,0.0,lignin,0.9245317493896265
385.1143463,385.1140878,385.1140204,C17 H22 O10,17.0,22.0,10.0,0.0,0.0,0.0,0.0,0.0,0.5882352941176471,1.2941176470588236,0.0,lignin,0.8705117197448246
385.0966844,385.0964259,385.0962623,C17 H22 O8 S1,17.0,22.0,8.0,1.0,0.0,0.0,0.0,0.0,0.47058823529411764,1.2941176470588236,0.0,lignin,0.8370481707588162
385.0932933,385.0930348,385.092891,C20 H18 O8,20.0,18.0,8.0,0.0,0.0,0.0,0.0,0.0,0.4,0.9,0.0,tannin,0.8843017126936044
385.077986,385.0777275,385.0776349,C16 H18 O11,16.0,18.0,11.0,0.0,0.0,0.0,0.0,0.0,0.6875,1.125,0.0,lignin,0.8044095158226628
385.0566521,385.0563936,385.0565055,C19 H14 O9,19.0,14.0,9.0,0.0,0.0,0.0,0.0,0.0,0.47368421052631576,0.7368421052631579,0.0,tannin,0.8908747937022641
385.0413698,385.0411114,385.0412494,C15 H14 O12,15.0,14.0,12.0,0.0,0.0,0.0,0.0,0.0,0.8,0.9333333333333333,0.0,tannin,0.8854986123761155
385.0203336,385.0200752,385.02012,C18 H10 O10,18.0,10.0,10.0,0.0,0.0,0.0,0.0,0.0,0.5555555555555556,0.5555555555555556,0.0,tannin,0.8949245464530999
385.017945,385.0176866,385.0176181,C22 H10 O5 S1,22.0,10.0,5.0,1.0,0.0,0.0,0.0,0.0,0.22727272727272727,0.45454545454545453,0.0,pah,0.9426473772167802
384.1747458,384.1744884,384.1744962,C18 H28 O8 13C1,21.0,28.0,8.0,0.0,0.0,1.0,0.0,0.0,0.42105263157894735,1.4,0.0,lignin,0.8340423152671054
384.1384746,384.1382172,384.1381107,C17 H24 O9 13C1,20.0,24.0,9.0,0.0,0.0,1.0,0.0,0.0,0.5,1.263157894736842,0.0,lignin,0.8386513125895192
384.1303573,384.1300999,384.1300048,C17 H23 O9 N1,17.0,23.0,9.0,0.0,1.0,0.0,0.0,0.0,0.5294117647058824,1.3529411764705883,0.058823529411764705,lignin,0.8316789523509485
384.1018379,384.1015806,384.1017251,C16 H20 O10 13C1,19.0,20.0,10.0,0.0,0.0,1.0,0.0,0.0,0.5882352941176471,1.1111111111111112,0.0,lignin,0.9239085694911277
384.0937555,384.0934981,384.0936193,C16 H19 O10 N1,16.0,19.0,10.0,0.0,1.0,0.0,0.0,0.0,0.625,1.1875,0.0625,lignin,0.867715582782072
384.0656982,384.0654409,384.0653396,C15 H16 O11 13C1,18.0,16.0,11.0,0.0,0.0,1.0,0.0,0.0,0.6875,0.9411764705882353,0.0,tannin,0.8856034689263443
383.207886,383.2076296,383.2075268,C20 H32 O7,20.0,32.0,7.0,0.0,0.0,0.0,0.0,0.0,0.35,1.6,0.0,lipid,0.887567316184467
383.1712752,383.1710189,383.1711413,C19 H28 O8,19.0,28.0,8.0,0.0,0.0,0.0,0.0,0.0,0.42105263157894735,1.4736842105263157,0.0,lignin,0.8329424263290084
383.1350442,383.134788,383.1347558,C18 H24 O9,18.0,24.0,9.0,0.0,0.0,0.0,0.0,0.0,0.5,1.3333333333333333,0.0,lignin,0.8367388707990248
383.1140654,383.1138092,383.1136264,C21 H20 O7,21.0,20.0,7.0,0.0,0.0,0.0,0.0,0.0,0.3333333333333333,0.9523809523809523,0.0,lignin,0.7566330606482675
383.0987546,383.0984984,383.0983703,C17 H20 O10,17.0,20.0,10.0,0.0,0.0,0.0,0.0,0.0,0.5882352941176471,1.1764705882352942,0.0,lignin,0.8696242068178016
383.0808363,383.0805801,383.0806122,C17 H20 O8 S1,17.0,20.0,8.0,1.0,0.0,0.0,0.0,0.0,0.47058823529411764,1.1764705882352942,0.0,lignin,0.8381771370236001
383.0773929,383.0771367,383.0772409,C20 H16 O8,20.0,16.0,8.0,0.0,0.0,0.0,0.0,0.0,0.4,0.8,0.0,tannin,0.887987590440153
383.0620795,383.0618234,383.0619848,C16 H16 O11,16.0,16.0,11.0,0.0,0.0,0.0,0.0,0.0,0.6875,1.0,0.0,tannin,0.7188162608953104
383.0540383,383.0537821,383.0536096,C27 H12 O1 S1,27.0,12.0,1.0,1.0,0.0,0.0,0.0,0.0,0.037037037037037035,0.4444444444444444,0.0,pah,0.9427828869220669
383.041086,383.0408298,383.0408554,C19 H12 O9,19.0,12.0,9.0,0.0,0.0,0.0,0.0,0.0,0.47368421052631576,0.631578947368421,0.0,tannin,0.8929821660849304
383.0259911,383.025735,383.0255993,C15 H12 O12,15.0,12.0,12.0,0.0,0.0,0.0,0.0,0.0,0.8,0.8,0.0,tannin,0.8866986852868557
382.235118,382.2348627,382.2349884,C17 H38 O6 S1 13C1,20.0,38.0,6.0,1.0,0.0,1.0,0.0,0.0,0.3333333333333333,2.0,0.0,lipid,0.8966668682114675
382.235118,382.2348627,382.2347446,C19 H33 O5 N3,19.0,33.0,5.0,0.0,3.0,0.0,0.0,0.0,0.2631578947368421,1.736842105263158,0.15789473684210525,peptide,0.7716880076856677
382.1590807,382.1588256,382.1588461,C18 H26 O8 13C1,21.0,26.0,8.0,0.0,0.0,1.0,0.0,0.0,0.42105263157894735,1.3,0.0,lignin,0.835860934951549
382.122602,382.1223469,382.1224606,C17 H22 O9 13C1,20.0,22.0,9.0,0.0,0.0,1.0,0.0,0.0,0.5,1.1578947368421053,0.0,lignin,0.8428398222221922
382.1145507,382.1142956,382.1143547,C17 H21 O9 N1,17.0,21.0,9.0,0.0,1.0,0.0,0.0,0.0,0.5294117647058824,1.2352941176470589,0.058823529411764705,lignin,0.8411716189233551
382.0864863,382.0862313,382.0860751,C16 H18 O10 13C1,19.0,18.0,10.0,0.0,0.0,1.0,0.0,0.0,0.5882352941176471,1.0,0.0,tannin,0.7195071904554384
382.0783417,382.0780867,382.0779692,C16 H17 O10 N1,16.0,17.0,10.0,0.0,1.0,0.0,0.0,0.0,0.625,1.0625,0.0625,lignin,0.6392673122946061
382.0498545,382.0495994,382.0496896,C15 H14 O11 13C1,18.0,14.0,11.0,0.0,0.0,1.0,0.0,0.0,0.6875,0.8235294117647058,0.0,tannin,0.8869001603447325
381.231841,381.2315869,381.2316336,C18 H38 O6 S1,18.0,38.0,6.0,1.0,0.0,0.0,0.0,0.0,0.3333333333333333,2.111111111111111,0.0,lipid,0.8959999529476832
381.1920876,381.1918335,381.1918768,C20 H30 O7,20.0,30.0,7.0,0.0,0.0,0.0,0.0,0.0,0.35,1.5,0.0,lipid,0.8987133088926436
381.1558756,381.1556216,381.1554913,C19 H26 O8,19.0,26.0,8.0,0.0,0.0,0.0,0.0,0.0,0.42105263157894735,1.368421052631579,0.0,lignin,0.8345541250534394
381.1192212,381.1189673,381.1191058,C18 H22 O9,18.0,22.0,9.0,0.0,0.0,0.0,0.0,0.0,0.5,1.2222222222222223,0.0,lignin,0.8400352790031015
381.0981025,381.0978485,381.0979764,C21 H18 O7,21.0,18.0,7.0,0.0,0.0,0.0,0.0,0.0,0.3333333333333333,0.8571428571428571,0.0,tannin,0.8842942128743356
381.0941111,381.0938572,381.0939536,C16 H18 O9 N2,16.0,18.0,9.0,0.0,2.0,0.0,0.0,0.0,0.5625,1.125,0.125,peptide,0.5722006435809045
381.0830229,381.082769,381.0827202,C17 H18 O10,17.0,18.0,10.0,0.0,0.0,0.0,0.0,0.0,0.5882352941176471,1.0588235294117647,0.0,lignin,0.7997197866719752
381.0619892,381.0617353,381.0615909,C20 H14 O8,20.0,14.0,8.0,0.0,0.0,0.0,0.0,0.0,0.4,0.7,0.0,tannin,0.8856775913581115
381.0467087,381.0464548,381.0463347,C16 H14 O11,16.0,14.0,11.0,0.0,0.0,0.0,0.0,0.0,0.6875,0.875,0.0,tannin,0.8863063375075599
381.0442276,381.0439738,381.0438328,C20 H14 O6 S1,20.0,14.0,6.0,1.0,0.0,0.0,0.0,0.0,0.3,0.7,0.0,tannin,0.7092564712592289
381.0253422,381.0250883,381.0252054,C19 H10 O9,19.0,10.0,9.0,0.0,0.0,0.0,0.0,0.0,0.47368421052631576,0.5263157894736842,0.0,tannin,0.8764852353132099
381.0100362,381.0097824,381.0099492,C15 H10 O12,15.0,10.0,12.0,0.0,0.0,0.0,0.0,0.0,0.8,0.6666666666666666,0.0,tannin,0.8878379297789355
381.0076555,381.0074016,381.0074473,C19 H10 O7 S1,19.0,10.0,7.0,1.0,0.0,0.0,0.0,0.0,0.3684210526315789,0.5263157894736842,0.0,tannin,0.684221977937176
380.1797214,380.1794685,380.1795815,C19 H28 O7 13C1,22.0,28.0,7.0,0.0,0.0,1.0,0.0,0.0,0.35,1.3333333333333333,0.0,lignin,0.8340979230881065
380.1436038,380.143351,380.143196,C18 H24 O8 13C1,21.0,24.0,8.0,0.0,0.0,1.0,0.0,0.0,0.42105263157894735,1.2,0.0,lignin,0.8384028481407414
380.1069314,380.1066786,380.1068105,C17 H20 O9 13C1,20.0,20.0,9.0,0.0,0.0,1.0,0.0,0.0,0.5,1.0526315789473684,0.0,lignin,0.9231018089002581
380.0988038,380.098551,380.0987047,C17 H19 O9 N1,17.0,19.0,9.0,0.0,1.0,0.0,0.0,0.0,0.5294117647058824,1.1176470588235294,0.058823529411764705,lignin,0.8858717818000311
380.0707125,380.0704598,380.070425,C16 H16 O10 13C1,19.0,16.0,10.0,0.0,0.0,1.0,0.0,0.0,0.5882352941176471,0.8888888888888888,0.0,tannin,0.8888201779603448
379.2128299,379.2125781,379.2126122,C21 H32 O6,21.0,32.0,6.0,0.0,0.0,0.0,0.0,0.0,0.2857142857142857,1.5238095238095237,0.0,lipid,0.8988622185078663
379.1763639,379.1761122,379.1762267,C20 H28 O7,20.0,28.0,7.0,0.0,0.0,0.0,0.0,0.0,0.35,1.4,0.0,lignin,0.8330869837025784
379.1402507,379.139999,379.1398412,C19 H24 O8,19.0,24.0,8.0,0.0,0.0,0.0,0.0,0.0,0.42105263157894735,1.263157894736842,0.0,lignin,0.8366819585730679
379.1149222,379.1146705,379.1146891,C17 H20 O8 N2,17.0,20.0,8.0,0.0,2.0,0.0,0.0,0.0,0.47058823529411764,1.1764705882352942,0.11764705882352941,peptide,0.5258595431050821
379.1035731,379.1033214,379.1034557,C18 H20 O9,18.0,20.0,9.0,0.0,0.0,0.0,0.0,0.0,0.5,1.1111111111111112,0.0,lignin,0.9238766061961664
379.0980176,379.0977659,379.0975825,C25 H16 O4,25.0,16.0,4.0,0.0,0.0,0.0,0.0,0.0,0.16,0.64,0.0,pah,0.9432457221743353
379.0784593,379.0782076,379.0783036,C16 H16 O9 N2,16.0,16.0,9.0,0.0,2.0,0.0,0.0,0.0,0.5625,1.0,0.125,peptide,0.7141490178212816
379.067354,379.0671024,379.0670702,C17 H16 O10,17.0,16.0,10.0,0.0,0.0,0.0,0.0,0.0,0.5882352941176471,0.9411764705882353,0.0,tannin,0.8877585091283524
379.031063,379.0308114,379.0306847,C16 H12 O11,16.0,12.0,11.0,0.0,0.0,0.0,0.0,0.0,0.6875,0.75,0.0,tannin,0.886080380840762
379.0286016,379.02835,379.0281827,C20 H12 O6 S1,20.0,12.0,6.0,1.0,0.0,0.0,0.0,0.0,0.3,0.6,0.0,tannin,0.6757180230909425
378.1641717,378.1639211,378.1639315,C19 H26 O7 13C1,22.0,26.0,7.0,0.0,0.0,1.0,0.0,0.0,0.35,1.2380952380952381,0.0,lignin,0.8358041181439818
378.1278979,378.1276474,378.127546,C18 H22 O8 13C1,21.0,22.0,8.0,0.0,0.0,1.0,0.0,0.0,0.42105263157894735,1.1,0.0,lignin,0.9245196459895881
378.0912627,378.0910121,378.0911605,C17 H18 O9 13C1,20.0,18.0,9.0,0.0,0.0,1.0,0.0,0.0,0.5,0.9473684210526315,0.0,tannin,0.8848490391743221
378.0831904,378.0829399,378.0830546,C17 H17 O9 N1,17.0,17.0,9.0,0.0,1.0,0.0,0.0,0.0,0.5294117647058824,1.0,0.058823529411764705,tannin,0.7205954046418027
378.0551267,378.0548762,378.0547749,C16 H14 O10 13C1,19.0,14.0,10.0,0.0,0.0,1.0,0.0,0.0,0.5882352941176471,0.7777777777777778,0.0,tannin,0.8910028320164424
377.1970645,377.196815,377.1969622,C21 H30 O6,21.0,30.0,6.0,0.0,0.0,0.0,0.0,0.0,0.2857142857142857,1.4285714285714286,0.0,lipid,0.6152643190648127
377.1609654,377.160716,377.1605766,C20 H26 O7,20.0,26.0,7.0,0.0,0.0,0.0,0.0,0.0,0.35,1.3,0.0,lignin,0.834644694332989
377.1243808,377.1241314,377.1241911,C19 H22 O8,19.0,22.0,8.0,0.0,0.0,0.0,0.0,0.0,0.42105263157894735,1.1578947368421053,0.0,lignin,0.8372411582294552
377.1009829,377.1007335,377.1005598,C26 H18 O1 S1,26.0,18.0,1.0,1.0,0.0,0.0,0.0,0.0,0.038461538461538464,0.6923076923076923,0.0,pah,0.9443109494198613
377.0991444,377.098895,377.099039,C17 H18 O8 N2,17.0,18.0,8.0,0.0,2.0,0.0,0.0,0.0,0.47058823529411764,1.0588235294117647,0.11764705882352941,peptide,0.6256591772402976
377.0913212,377.0910718,377.0911769,C15 H22 O9 S1,15.0,22.0,9.0,1.0,0.0,0.0,0.0,0.0,0.6,1.4666666666666666,0.0,lignin,0.8920687337069986
377.0879947,377.0877453,377.0878056,C18 H18 O9,18.0,18.0,9.0,0.0,0.0,0.0,0.0,0.0,0.5,1.0,0.0,tannin,0.5343542876145502
377.0728664,377.0726171,377.0725495,C14 H18 O12,14.0,18.0,12.0,0.0,0.0,0.0,0.0,0.0,0.8571428571428571,1.2857142857142858,0.0,lignin,0.7361429609676821
377.0518155,377.0515662,377.0514201,C17 H14 O10,17.0,14.0,10.0,0.0,0.0,0.0,0.0,0.0,0.5882352941176471,0.8235294117647058,0.0,tannin,0.8900533721766685
377.0151916,377.0149423,377.0150346,C16 H10 O11,16.0,10.0,11.0,0.0,0.0,0.0,0.0,0.0,0.6875,0.625,0.0,tannin,0.8879062852847526
377.0127938,377.0125446,377.0125327,C20 H10 O6 S1,20.0,10.0,6.0,1.0,0.0,0.0,0.0,0.0,0.3,0.5,0.0,pah,0.579578123880469
376.1485611,376.1483128,376.1482814,C19 H24 O7 13C1,22.0,24.0,7.0,0.0,0.0,1.0,0.0,0.0,0.35,1.1428571428571428,0.0,lignin,0.8356482275582632
376.1250845,376.1248362,376.1249194,C15 H23 O10 N1,15.0,23.0,10.0,0.0,1.0,0.0,0.0,0.0,0.6666666666666666,1.5333333333333334,0.06666666666666667,carbohydrate,0.9543034458232237
376.0758462,376.075598,376.0755104,C17 H16 O9 13C1,20.0,16.0,9.0,0.0,0.0,1.0,0.0,0.0,0.5,0.8421052631578947,0.0,tannin,0.8894178319812494
375.2756172,375.2753699,375.2752125,C20 H40 O6,20.0,40.0,6.0,0.0,0.0,0.0,0.0,0.0,0.3,2.0,0.0,lipid,0.8970647538889185
375.1816165,375.1813692,375.1813121,C21 H28 O6,21.0,28.0,6.0,0.0,0.0,0.0,0.0,0.0,0.2857142857142857,1.3333333333333333,0.0,lignin,0.8330510647795775
375.1450573,375.1448101,375.1449266,C20 H24 O7,20.0,24.0,7.0,0.0,0.0,0.0,0.0,0.0,0.35,1.2,0.0,lignin,0.8370549320286065
375.1298438,375.1295966,375.1296704,C16 H24 O10,16.0,24.0,10.0,0.0,0.0,0.0,0.0,0.0,0.625,1.5,0.0,lignin,0.7270167216690273
375.1088743,375.1086272,375.1085411,C19 H20 O8,19.0,20.0,8.0,0.0,0.0,0.0,0.0,0.0,0.42105263157894735,1.0526315789473684,0.0,lignin,0.9246741862509401
375.0936854,375.0934383,375.0932849,C15 H20 O11,15.0,20.0,11.0,0.0,0.0,0.0,0.0,0.0,0.7333333333333333,1.3333333333333333,0.0,lignin,0.8926059059428274
375.0758343,375.0755872,375.0755269,C15 H20 O9 S1,15.0,20.0,9.0,1.0,0.0,0.0,0.0,0.0,0.6,1.3333333333333333,0.0,lignin,0.8989794111161595
375.072453,375.0722059,375.0721556,C18 H16 O9,18.0,16.0,9.0,0.0,0.0,0.0,0.0,0.0,0.5,0.8888888888888888,0.0,tannin,0.888594552843258
375.057036,375.056789,375.0568994,C14 H16 O12,14.0,16.0,12.0,0.0,0.0,0.0,0.0,0.0,0.8571428571428571,1.1428571428571428,0.0,lignin,0.813591978644537
375.0489518,375.0487047,375.0485243,C25 H12 O2 S1,25.0,12.0,2.0,1.0,0.0,0.0,0.0,0.0,0.08,0.48,0.0,pah,0.9428661924382787
375.035896,375.0356489,375.0357701,C17 H12 O10,17.0,12.0,10.0,0.0,0.0,0.0,0.0,0.0,0.5882352941176471,0.7058823529411765,0.0,tannin,0.893919157864388
375.0334976,375.0332506,375.0332681,C21 H12 O5 S1,21.0,12.0,5.0,1.0,0.0,0.0,0.0,0.0,0.23809523809523808,0.5714285714285714,0.0,pah,0.9429693357013342
374.1096203,374.1093743,374.1092693,C15 H21 O10 N1,15.0,21.0,10.0,0.0,1.0,0.0,0.0,0.0,0.6666666666666666,1.4,0.06666666666666667,carbohydrate,0.9582619283342545
374.0964157,374.0961697,374.0962458,C18 H18 O8 13C1,21.0,18.0,8.0,0.0,0.0,1.0,0.0,0.0,0.42105263157894735,0.9,0.0,tannin,0.8846730542653821
373.2021881,373.2019431,373.2020475,C22 H30 O5,22.0,30.0,5.0,0.0,0.0,0.0,0.0,0.0,0.22727272727272727,1.3636363636363635,0.0,lignin,0.5229219938366653
373.1660439,373.165799,373.165662,C21 H26 O6,21.0,26.0,6.0,0.0,0.0,0.0,0.0,0.0,0.2857142857142857,1.2380952380952381,0.0,lignin,0.8346100428759355
373.1507249,373.15048,373.1504059,C17 H26 O9,17.0,26.0,9.0,0.0,0.0,0.0,0.0,0.0,0.5294117647058824,1.5294117647058822,0.0,lignin,0.8609689138876128
373.1327864,373.1325415,373.1326478,C17 H26 O7 S1,17.0,26.0,7.0,1.0,0.0,0.0,0.0,0.0,0.4117647058823529,1.5294117647058822,0.0,lignin,0.5644410084874011
373.1293877,373.1291428,373.1292765,C20 H22 O7,20.0,22.0,7.0,0.0,0.0,0.0,0.0,0.0,0.35,1.1,0.0,lignin,0.9259083379256863
373.114149,373.1139041,373.1140204,C16 H22 O10,16.0,22.0,10.0,0.0,0.0,0.0,0.0,0.0,0.625,1.375,0.0,lignin,0.8926964560417048
373.0965138,373.096269,373.0962623,C16 H22 O8 S1,16.0,22.0,8.0,1.0,0.0,0.0,0.0,0.0,0.5,1.375,0.0,lignin,0.8357920129054219
373.0931908,373.092946,373.092891,C19 H18 O8,19.0,18.0,8.0,0.0,0.0,0.0,0.0,0.0,0.42105263157894735,0.9473684210526315,0.0,tannin,0.8834873499796322
373.0780208,373.0777759,373.0776349,C15 H18 O11,15.0,18.0,11.0,0.0,0.0,0.0,0.0,0.0,0.7333333333333333,1.2,0.0,lignin,0.9351041219637306
373.0568066,373.0565618,373.0565055,C18 H14 O9,18.0,14.0,9.0,0.0,0.0,0.0,0.0,0.0,0.5,0.7777777777777778,0.0,tannin,0.8903120038504537
373.0414499,373.0412051,373.0412494,C14 H14 O12,14.0,14.0,12.0,0.0,0.0,0.0,0.0,0.0,0.8571428571428571,1.0,0.0,tannin,0.6618957217887335
373.0202694,373.0200246,373.02012,C17 H10 O10,17.0,10.0,10.0,0.0,0.0,0.0,0.0,0.0,0.5882352941176471,0.5882352941176471,0.0,tannin,0.8946897173172814
373.0178648,373.01762,373.0176181,C21 H10 O5 S1,21.0,10.0,5.0,1.0,0.0,0.0,0.0,0.0,0.23809523809523808,0.47619047619047616,0.0,pah,0.9426808646169167
372.1384253,372.1381816,372.1381107,C16 H24 O9 13C1,19.0,24.0,9.0,0.0,0.0,1.0,0.0,0.0,0.5294117647058824,1.3333333333333333,0.0,lignin,0.8374289614706634
372.1303672,372.1301234,372.1300048,C16 H23 O9 N1,16.0,23.0,9.0,0.0,1.0,0.0,0.0,0.0,0.5625,1.4375,0.0625,lipid,0.49141583861932164
372.1019875,372.1017438,372.1017251,C15 H20 O10 13C1,18.0,20.0,10.0,0.0,0.0,1.0,0.0,0.0,0.625,1.1764705882352942,0.0,lignin,0.8977849466005458
372.0938635,372.0936198,372.0936193,C15 H19 O10 N1,15.0,19.0,10.0,0.0,1.0,0.0,0.0,0.0,0.6666666666666666,1.2666666666666666,0.06666666666666667,carbohydrate,0.488934365033986
372.0654631,372.0652194,372.0653396,C14 H16 O11 13C1,17.0,16.0,11.0,0.0,0.0,1.0,0.0,0.0,0.7333333333333333,1.0,0.0,tannin,0.7187812868424247
372.057423,372.0571793,372.0572338,C14 H15 O11 N1,14.0,15.0,11.0,0.0,1.0,0.0,0.0,0.0,0.7857142857142857,1.0714285714285714,0.07142857142857142,amino_sugar,0.4423619843469039
371.1714925,371.1712498,371.1711413,C18 H28 O8,18.0,28.0,8.0,0.0,0.0,0.0,0.0,0.0,0.4444444444444444,1.5555555555555556,0.0,lignin,0.5644977644068505
371.1502742,371.1500315,371.150012,C21 H24 O6,21.0,24.0,6.0,0.0,0.0,0.0,0.0,0.0,0.2857142857142857,1.1428571428571428,0.0,lignin,0.8342165739504683
371.1349026,371.13466,371.1347558,C17 H24 O9,17.0,24.0,9.0,0.0,0.0,0.0,0.0,0.0,0.5294117647058824,1.411764705882353,0.0,lignin,0.8293299320071081
371.1171432,371.1169006,371.1169978,C17 H24 O7 S1,17.0,24.0,7.0,1.0,0.0,0.0,0.0,0.0,0.4117647058823529,1.411764705882353,0.0,lignin,0.8337243166816503
371.1137649,371.1135223,371.1136264,C20 H20 O7,20.0,20.0,7.0,0.0,0.0,0.0,0.0,0.0,0.35,1.0,0.0,lignin,0.9232898567126135
371.0986421,371.0983995,371.0983703,C16 H20 O10,16.0,20.0,10.0,0.0,0.0,0.0,0.0,0.0,0.625,1.25,0.0,lignin,0.9374903237143478
371.08103,371.0807874,371.0806122,C16 H20 O8 S1,16.0,20.0,8.0,1.0,0.0,0.0,0.0,0.0,0.5,1.25,0.0,lignin,0.8390726626231947
371.0776075,371.077365,371.0772409,C19 H16 O8,19.0,16.0,8.0,0.0,0.0,0.0,0.0,0.0,0.42105263157894735,0.8421052631578947,0.0,tannin,0.8867513495204795
371.0622999,371.0620573,371.0619848,C15 H16 O11,15.0,16.0,11.0,0.0,0.0,0.0,0.0,0.0,0.7333333333333333,1.0666666666666667,0.0,tannin,0.7181227087920767
371.0409763,371.0407338,371.0408554,C18 H12 O9,18.0,12.0,9.0,0.0,0.0,0.0,0.0,0.0,0.5,0.6666666666666666,0.0,tannin,0.8929154893661257
371.0385241,371.0382816,371.0383535,C22 H12 O4 S1,22.0,12.0,4.0,1.0,0.0,0.0,0.0,0.0,0.18181818181818182,0.5454545454545454,0.0,pah,0.9429814040366825
371.0257273,371.0254848,371.0255993,C14 H12 O12,14.0,12.0,12.0,0.0,0.0,0.0,0.0,0.0,0.8571428571428571,0.8571428571428571,0.0,tannin,0.8860522208442252
370.1591807,370.1589392,370.1588461,C17 H26 O8 13C1,20.0,26.0,8.0,0.0,0.0,1.0,0.0,0.0,0.4444444444444444,1.368421052631579,0.0,lignin,0.8349233097144578
370.1227218,370.1224803,370.1224606,C16 H22 O9 13C1,19.0,22.0,9.0,0.0,0.0,1.0,0.0,0.0,0.5294117647058824,1.2222222222222223,0.0,lignin,0.8410761977784096
370.1145398,370.1142983,370.1143547,C16 H21 O9 N1,16.0,21.0,9.0,0.0,1.0,0.0,0.0,0.0,0.5625,1.3125,0.0625,lignin,0.8393901151606744
370.0862174,370.0859759,370.0860751,C15 H18 O10 13C1,18.0,18.0,10.0,0.0,0.0,1.0,0.0,0.0,0.625,1.0588235294117647,0.0,lignin,0.6334232757000507
370.078173,370.0779316,370.0779692,C15 H17 O10 N1,15.0,17.0,10.0,0.0,1.0,0.0,0.0,0.0,0.6666666666666666,1.1333333333333333,0.06666666666666667,lignin,0.7580986539999593
370.0500712,370.0498297,370.0496896,C14 H14 O11 13C1,17.0,14.0,11.0,0.0,0.0,1.0,0.0,0.0,0.7333333333333333,0.875,0.0,tannin,0.886157084275023
369.1921,369.1918595,369.1918768,C19 H30 O7,19.0,30.0,7.0,0.0,0.0,0.0,0.0,0.0,0.3684210526315789,1.5789473684210527,0.0,lipid,0.8875339098991036
369.1556521,369.1554117,369.1554913,C18 H26 O8,18.0,26.0,8.0,0.0,0.0,0.0,0.0,0.0,0.4444444444444444,1.4444444444444444,0.0,lignin,0.8336779378333276
369.1194756,369.1192352,369.1191058,C17 H22 O9,17.0,22.0,9.0,0.0,0.0,0.0,0.0,0.0,0.5294117647058824,1.2941176470588236,0.0,lignin,0.8385555082079842
369.098217,369.0979767,369.0979764,C20 H18 O7,20.0,18.0,7.0,0.0,0.0,0.0,0.0,0.0,0.35,0.9,0.0,tannin,0.8836284918248406
369.0941556,369.0939152,369.0939536,C15 H18 O9 N2,15.0,18.0,9.0,0.0,2.0,0.0,0.0,0.0,0.6,1.2,0.13333333333333333,amino_sugar,0.4810948937831415
369.0828518,369.0826115,369.0827202,C16 H18 O10,16.0,18.0,10.0,0.0,0.0,0.0,0.0,0.0,0.625,1.125,0.0,lignin,0.923819692016124
369.0747627,369.0745224,369.0743451,C27 H14 S1,27.0,14.0,0.0,1.0,0.0,0.0,0.0,0.0,0.0,0.5185185185185185,0.0,pah,0.9431115078965926
369.0651018,369.0648615,369.0649622,C16 H18 O8 S1,16.0,18.0,8.0,1.0,0.0,0.0,0.0,0.0,0.5,1.125,0.0,lignin,0.9210037118104808
369.0617223,369.061482,369.0615909,C19 H14 O8,19.0,14.0,8.0,0.0,0.0,0.0,0.0,0.0,0.42105263157894735,0.7368421052631579,0.0,tannin,0.8908048602005019
369.0466499,369.0464096,369.0463347,C15 H14 O11,15.0,14.0,11.0,0.0,0.0,0.0,0.0,0.0,0.7333333333333333,0.9333333333333333,0.0,tannin,0.8856074640624765
369.0255914,369.0253511,369.0252054,C18 H10 O9,18.0,10.0,9.0,0.0,0.0,0.0,0.0,0.0,0.5,0.5555555555555556,0.0,tannin,0.8861550898107339
368.1798718,368.1796325,368.1795815,C18 H28 O7 13C1,21.0,28.0,7.0,0.0,0.0,1.0,0.0,0.0,0.3684210526315789,1.4,0.0,lignin,0.8333191645347331
368.143311,368.1430717,368.143196,C17 H24 O8 13C1,20.0,24.0,8.0,0.0,0.0,1.0,0.0,0.0,0.4444444444444444,1.263157894736842,0.0,lignin,0.8372107973392058
368.1352804,368.1350411,368.1350902,C17 H23 O8 N1,17.0,23.0,8.0,0.0,1.0,0.0,0.0,0.0,0.47058823529411764,1.3529411764705883,0.058823529411764705,lignin,0.8359666679701727
368.1071882,368.1069489,368.1068105,C16 H20 O9 13C1,19.0,20.0,9.0,0.0,0.0,1.0,0.0,0.0,0.5294117647058824,1.1111111111111112,0.0,lignin,0.9236800047075769
368.0990545,368.0988153,368.0987047,C16 H19 O9 N1,16.0,19.0,9.0,0.0,1.0,0.0,0.0,0.0,0.5625,1.1875,0.0625,lignin,0.8451502367810221
368.0705337,368.0702945,368.070425,C15 H16 O10 13C1,18.0,16.0,10.0,0.0,0.0,1.0,0.0,0.0,0.625,0.9411764705882353,0.0,tannin,0.8820665264217796
368.0624429,368.0622037,368.0623192,C15 H15 O10 N1,15.0,15.0,10.0,0.0,1.0,0.0,0.0,0.0,0.6666666666666666,1.0,0.06666666666666667,lignin,0.541157186187369
367.242792,367.2425537,367.2424731,C20 H36 O2 S1 N2,20.0,36.0,2.0,1.0,2.0,0.0,0.0,0.0,0.1,1.8,0.1,lipid,0.8615860890127314
367.2313587,367.2311205,367.2312397,C21 H36 O3 S1,21.0,36.0,3.0,1.0,0.0,0.0,0.0,0.0,0.14285714285714285,1.7142857142857142,0.0,lipid,0.8888803187801578
367.2128712,367.212633,367.2126122,C20 H32 O6,20.0,32.0,6.0,0.0,0.0,0.0,0.0,0.0,0.3,1.6,0.0,lipid,0.8879386577473328
367.1765091,367.1762709,367.1762267,C19 H28 O7,19.0,28.0,7.0,0.0,0.0,0.0,0.0,0.0,0.3684210526315789,1.4736842105263157,0.0,lignin,0.7051830624237282
367.1399867,367.1397486,367.1398412,C18 H24 O8,18.0,24.0,8.0,0.0,0.0,0.0,0.0,0.0,0.4444444444444444,1.3333333333333333,0.0,lignin,0.835601770749596
367.1150069,367.1147688,367.1146891,C16 H20 O8 N2,16.0,20.0,8.0,0.0,2.0,0.0,0.0,0.0,0.5,1.25,0.125,peptide,0.5968320143572055
367.1038258,367.1035877,367.1034557,C17 H20 O9,17.0,20.0,9.0,0.0,0.0,0.0,0.0,0.0,0.5294117647058824,1.1764705882352942,0.0,lignin,0.8404865064905372
367.0825982,367.0823602,367.0823263,C20 H16 O7,20.0,16.0,7.0,0.0,0.0,0.0,0.0,0.0,0.35,0.8,0.0,tannin,0.8891720213305885
367.0785366,367.0782986,367.0783036,C15 H16 O9 N2,15.0,16.0,9.0,0.0,2.0,0.0,0.0,0.0,0.6,1.0666666666666667,0.13333333333333333,peptide,0.6682195101593978
367.0672225,367.0669845,367.0670702,C16 H16 O10,16.0,16.0,10.0,0.0,0.0,0.0,0.0,0.0,0.625,1.0,0.0,tannin,0.7149311823157929
367.0591104,367.0588723,367.058695,C27 H12 S1,27.0,12.0,0.0,1.0,0.0,0.0,0.0,0.0,0.0,0.4444444444444444,0.0,pah,0.9427843595003145
367.0460868,367.0458488,367.0459408,C19 H12 O8,19.0,12.0,8.0,0.0,0.0,0.0,0.0,0.0,0.42105263157894735,0.631578947368421,0.0,tannin,0.8832019529252257
367.0309271,367.030689,367.0306847,C15 H12 O11,15.0,12.0,11.0,0.0,0.0,0.0,0.0,0.0,0.7333333333333333,0.8,0.0,tannin,0.886935535988696
367.0285328,367.0282948,367.0281827,C19 H12 O6 S1,19.0,12.0,6.0,1.0,0.0,0.0,0.0,0.0,0.3157894736842105,0.631578947368421,0.0,tannin,0.6880766184608152
366.2499248,366.2496876,366.249726,C17 H37 O7 N1,17.0,37.0,7.0,0.0,1.0,0.0,0.0,0.0,0.4117647058823529,2.176470588235294,0.058823529411764705,lipid,0.9006713290331856
366.1640713,366.1638343,366.1639315,C18 H26 O7 13C1,21.0,26.0,7.0,0.0,0.0,1.0,0.0,0.0,0.3684210526315789,1.3,0.0,lignin,0.8349287359047709
366.1277976,366.1275606,366.127546,C17 H22 O8 13C1,20.0,22.0,8.0,0.0,0.0,1.0,0.0,0.0,0.4444444444444444,1.1578947368421053,0.0,lignin,0.8379798788830793
366.1197506,366.1195136,366.1194401,C17 H21 O8 N1,17.0,21.0,8.0,0.0,1.0,0.0,0.0,0.0,0.47058823529411764,1.2352941176470589,0.058823529411764705,lignin,0.8393465131791906
366.0914819,366.0912449,366.0911605,C16 H18 O9 13C1,19.0,18.0,9.0,0.0,0.0,1.0,0.0,0.0,0.5294117647058824,1.0,0.0,tannin,0.7175174372358032
366.0833089,366.0830719,366.0830546,C16 H17 O9 N1,16.0,17.0,9.0,0.0,1.0,0.0,0.0,0.0,0.5625,1.0625,0.0625,lignin,0.8012531059768211
366.0548976,366.0546607,366.0547749,C15 H14 O10 13C1,18.0,14.0,10.0,0.0,0.0,1.0,0.0,0.0,0.625,0.8235294117647058,0.0,tannin,0.8903096047658325
366.0468258,366.0465889,366.0466691,C15 H13 O10 N1,15.0,13.0,10.0,0.0,1.0,0.0,0.0,0.0,0.6666666666666666,0.8666666666666667,0.06666666666666667,tannin,0.8957679218254604
365.1972702,365.1970343,365.1969622,C20 H30 O6,20.0,30.0,6.0,0.0,0.0,0.0,0.0,0.0,0.3,1.5,0.0,lipid,0.8988833019797393
365.1607062,365.1604703,365.1605766,C19 H26 O7,19.0,26.0,7.0,0.0,0.0,0.0,0.0,0.0,0.3684210526315789,1.368421052631579,0.0,lignin,0.8337981667398694
365.1245326,365.1242967,365.1241911,C18 H22 O8,18.0,22.0,8.0,0.0,0.0,0.0,0.0,0.0,0.4444444444444444,1.2222222222222223,0.0,lignin,0.8383631886508643
365.0993097,365.0990739,365.099039,C16 H18 O8 N2,16.0,18.0,8.0,0.0,2.0,0.0,0.0,0.0,0.5,1.125,0.125,peptide,0.580614501627128
365.0880127,365.0877769,365.0878056,C17 H18 O9,17.0,18.0,9.0,0.0,0.0,0.0,0.0,0.0,0.5294117647058824,1.0588235294117647,0.0,lignin,0.7989984966377374
365.0667777,365.0665419,365.0666763,C20 H14 O7,20.0,14.0,7.0,0.0,0.0,0.0,0.0,0.0,0.35,0.7,0.0,tannin,0.8480883696187901
365.0627737,365.0625379,365.0626535,C15 H14 O9 N2,15.0,14.0,9.0,0.0,2.0,0.0,0.0,0.0,0.6,0.9333333333333333,0.13333333333333333,peptide,0.7805200062990162
365.0515949,365.0513591,365.0514201,C16 H14 O10,16.0,14.0,10.0,0.0,0.0,0.0,0.0,0.0,0.625,0.875,0.0,tannin,0.8893488806351136
365.0491948,365.048959,365.0489182,C20 H14 O5 S1,20.0,14.0,5.0,1.0,0.0,0.0,0.0,0.0,0.25,0.7,0.0,tannin,0.6770982436052244
365.0154182,365.0151824,365.0150346,C15 H10 O11,15.0,10.0,11.0,0.0,0.0,0.0,0.0,0.0,0.7333333333333333,0.6666666666666666,0.0,tannin,0.888299331973692
364.1847776,364.1845428,364.1846669,C19 H28 O6 13C1,22.0,28.0,6.0,0.0,0.0,1.0,0.0,0.0,0.3,1.3333333333333333,0.0,lignin,0.8334178432822748
364.1485706,364.1483358,364.1482814,C18 H24 O7 13C1,21.0,24.0,7.0,0.0,0.0,1.0,0.0,0.0,0.3684210526315789,1.2,0.0,lignin,0.8370844210163982
364.1121209,364.1118861,364.1118959,C17 H20 O8 13C1,20.0,20.0,8.0,0.0,0.0,1.0,0.0,0.0,0.4444444444444444,1.0526315789473684,0.0,lignin,0.9233454178150643
364.1039328,364.103698,364.10379,C17 H19 O8 N1,17.0,19.0,8.0,0.0,1.0,0.0,0.0,0.0,0.47058823529411764,1.1176470588235294,0.058823529411764705,lignin,0.8834438734403433
364.0756955,364.0754608,364.0755104,C16 H16 O9 13C1,19.0,16.0,9.0,0.0,0.0,1.0,0.0,0.0,0.5294117647058824,0.8888888888888888,0.0,tannin,0.8881036507117692
364.067685,364.0674503,364.0674045,C16 H15 O9 N1,16.0,15.0,9.0,0.0,1.0,0.0,0.0,0.0,0.5625,0.9375,0.0625,tannin,0.8918516731435743
363.1815581,363.1813244,363.1813121,C20 H28 O6,20.0,28.0,6.0,0.0,0.0,0.0,0.0,0.0,0.3,1.4,0.0,lignin,0.8325094714093435
363.1452179,363.1449842,363.1449266,C19 H24 O7,19.0,24.0,7.0,0.0,0.0,0.0,0.0,0.0,0.3684210526315789,1.263157894736842,0.0,lignin,0.8356344679245838
363.112025,363.1117913,363.1119124,C15 H24 O8 S1,15.0,24.0,8.0,1.0,0.0,0.0,0.0,0.0,0.5333333333333333,1.6,0.0,lignin,0.7703039615271742
363.1086665,363.1084329,363.1085411,C18 H20 O8,18.0,20.0,8.0,0.0,0.0,0.0,0.0,0.0,0.4444444444444444,1.1111111111111112,0.0,lignin,0.9244800061470511
363.0837151,363.0834816,363.0833889,C16 H16 O8 N2,16.0,16.0,8.0,0.0,2.0,0.0,0.0,0.0,0.5,1.0,0.125,peptide,0.7447334197552143
363.0725159,363.0722824,363.0721556,C17 H16 O9,17.0,16.0,9.0,0.0,0.0,0.0,0.0,0.0,0.5294117647058824,0.9411764705882353,0.0,tannin,0.8862348843925787
363.0572541,363.0570206,363.0568994,C13 H16 O12,13.0,16.0,12.0,0.0,0.0,0.0,0.0,0.0,0.9230769230769231,1.2307692307692308,0.0,lignin,0.5620916311633043
363.0358822,363.0356487,363.0357701,C16 H12 O10,16.0,12.0,10.0,0.0,0.0,0.0,0.0,0.0,0.625,0.75,0.0,tannin,0.8921572274611455
363.033474,363.0332404,363.0332681,C20 H12 O5 S1,20.0,12.0,5.0,1.0,0.0,0.0,0.0,0.0,0.25,0.6,0.0,pah,0.5796838894949758
362.1691778,362.1689453,362.1690169,C19 H26 O6 13C1,22.0,26.0,6.0,0.0,0.0,1.0,0.0,0.0,0.3,1.2380952380952381,0.0,lignin,0.8348435651941566
362.1328427,362.1326102,362.1326313,C18 H22 O7 13C1,21.0,22.0,7.0,0.0,0.0,1.0,0.0,0.0,0.3684210526315789,1.1,0.0,lignin,0.9255485936074586
362.0965577,362.0963253,362.0962458,C17 H18 O8 13C1,20.0,18.0,8.0,0.0,0.0,1.0,0.0,0.0,0.4444444444444444,0.9473684210526315,0.0,tannin,0.8842653655745533
362.05999,362.0597575,362.0598603,C16 H14 O9 13C1,19.0,14.0,9.0,0.0,0.0,1.0,0.0,0.0,0.5294117647058824,0.7777777777777778,0.0,tannin,0.8910366304763843
362.0519355,362.0517031,362.0517545,C16 H13 O9 N1,16.0,13.0,9.0,0.0,1.0,0.0,0.0,0.0,0.5625,0.8125,0.0625,tannin,0.895990457340865
361.1659432,361.1657118,361.165662,C20 H26 O6,20.0,26.0,6.0,0.0,0.0,0.0,0.0,0.0,0.3,1.3,0.0,lignin,0.8337416936517474
361.1295264,361.129295,361.1292765,C19 H22 O7,19.0,22.0,7.0,0.0,0.0,0.0,0.0,0.0,0.3684210526315789,1.1578947368421053,0.0,lignin,0.8361584277139018
361.114115,361.1138836,361.1140204,C15 H22 O10,15.0,22.0,10.0,0.0,0.0,0.0,0.0,0.0,0.6666666666666666,1.4666666666666666,0.0,lignin,0.7271213416817658
361.1060473,361.1058159,361.1056452,C26 H18 S1,26.0,18.0,0.0,1.0,0.0,0.0,0.0,0.0,0.0,0.6923076923076923,0.0,pah,0.944657854677529
361.1042216,361.1039902,361.1041244,C17 H18 O7 N2,17.0,18.0,7.0,0.0,2.0,0.0,0.0,0.0,0.4117647058823529,1.0588235294117647,0.11764705882352941,peptide,0.7419733205142076
361.0963824,361.096151,361.0962623,C15 H22 O8 S1,15.0,22.0,8.0,1.0,0.0,0.0,0.0,0.0,0.5333333333333333,1.4666666666666666,0.0,lignin,0.861730255846021
361.0930374,361.0928061,361.092891,C18 H18 O8,18.0,18.0,8.0,0.0,0.0,0.0,0.0,0.0,0.4444444444444444,1.0,0.0,lignin,0.7997275990073635
361.0779729,361.0777416,361.0776349,C14 H18 O11,14.0,18.0,11.0,0.0,0.0,0.0,0.0,0.0,0.7857142857142857,1.2857142857142858,0.0,lignin,0.9022890218347103
361.0568574,361.0566261,361.0565055,C17 H14 O9,17.0,14.0,9.0,0.0,0.0,0.0,0.0,0.0,0.5294117647058824,0.8235294117647058,0.0,tannin,0.8906032986836843
361.0414329,361.0412016,361.0412494,C13 H14 O12,13.0,14.0,12.0,0.0,0.0,0.0,0.0,0.0,0.9230769230769231,1.0769230769230769,0.0,lignin,0.5139612992897252
361.0202261,361.0199948,361.02012,C16 H10 O10,16.0,10.0,10.0,0.0,0.0,0.0,0.0,0.0,0.625,0.625,0.0,tannin,0.8950742156957221
361.0178241,361.0175928,361.0176181,C20 H10 O5 S1,20.0,10.0,5.0,1.0,0.0,0.0,0.0,0.0,0.25,0.5,0.0,pah,0.9427203376834943
360.1534871,360.1532568,360.1533668,C19 H24 O6 13C1,22.0,24.0,6.0,0.0,0.0,1.0,0.0,0.0,0.3,1.1428571428571428,0.0,lignin,0.8345067965845967
360.1302997,360.1300695,360.1300048,C15 H23 O9 N1,15.0,23.0,9.0,0.0,1.0,0.0,0.0,0.0,0.6,1.5333333333333334,0.06666666666666667,lipid,0.7243762117516714
360.1173402,360.1171099,360.1169813,C18 H20 O7 13C1,21.0,20.0,7.0,0.0,0.0,1.0,0.0,0.0,0.3684210526315789,1.0,0.0,lignin,0.923164365185019
360.0938908,360.0936605,360.0936193,C14 H19 O10 N1,14.0,19.0,10.0,0.0,1.0,0.0,0.0,0.0,0.7142857142857143,1.3571428571428572,0.07142857142857142,carbohydrate,0.9543158375094984
360.0725732,360.072343,360.0724899,C17 H15 O8 N1,17.0,15.0,8.0,0.0,1.0,0.0,0.0,0.0,0.47058823529411764,0.8823529411764706,0.058823529411764705,tannin,0.8915236776512643
360.0654003,360.0651701,360.0653396,C13 H16 O11 13C1,16.0,16.0,11.0,0.0,0.0,1.0,0.0,0.0,0.7857142857142857,1.0666666666666667,0.0,tannin,0.7181506073566094
359.1501881,359.1499589,359.150012,C20 H24 O6,20.0,24.0,6.0,0.0,0.0,0.0,0.0,0.0,0.3,1.2,0.0,lignin,0.8355864217761433
359.1348766,359.1346475,359.1347558,C16 H24 O9,16.0,24.0,9.0,0.0,0.0,0.0,0.0,0.0,0.5625,1.5,0.0,lignin,0.8610221949516811
359.1171947,359.1169655,359.1169978,C16 H24 O7 S1,16.0,24.0,7.0,1.0,0.0,0.0,0.0,0.0,0.4375,1.5,0.0,lignin,0.826658791362721
359.1138448,359.1136157,359.1136264,C19 H20 O7,19.0,20.0,7.0,0.0,0.0,0.0,0.0,0.0,0.3684210526315789,1.0526315789473684,0.0,lignin,0.9241931596528833
359.0987015,359.0984724,359.0983703,C15 H20 O10,15.0,20.0,10.0,0.0,0.0,0.0,0.0,0.0,0.6666666666666666,1.3333333333333333,0.0,lignin,0.892751693052811
359.0809228,359.0806936,359.0806122,C15 H20 O8 S1,15.0,20.0,8.0,1.0,0.0,0.0,0.0,0.0,0.5333333333333333,1.3333333333333333,0.0,lignin,0.8375261257160993
359.0775647,359.0773356,359.0772409,C18 H16 O8,18.0,16.0,8.0,0.0,0.0,0.0,0.0,0.0,0.4444444444444444,0.8888888888888888,0.0,tannin,0.885584193532476
359.0622033,359.0619742,359.0619848,C14 H16 O11,14.0,16.0,11.0,0.0,0.0,0.0,0.0,0.0,0.7857142857142857,1.1428571428571428,0.0,lignin,0.8713769566276209
359.0409582,359.0407291,359.0408554,C17 H12 O9,17.0,12.0,9.0,0.0,0.0,0.0,0.0,0.0,0.5294117647058824,0.7058823529411765,0.0,tannin,0.892143534595171
359.0385621,359.038333,359.0383535,C21 H12 O4 S1,21.0,12.0,4.0,1.0,0.0,0.0,0.0,0.0,0.19047619047619047,0.5714285714285714,0.0,pah,0.9430296135716407
359.0257939,359.0255648,359.0255993,C13 H12 O12,13.0,12.0,12.0,0.0,0.0,0.0,0.0,0.0,0.9230769230769231,0.9230769230769231,0.0,lignin,0.46974012011654354
358.1225863,358.1223582,358.1224606,C15 H22 O9 13C1,18.0,22.0,9.0,0.0,0.0,1.0,0.0,0.0,0.5625,1.2941176470588236,0.0,lignin,0.8863428977172123
358.114484,358.114256,358.1143547,C15 H21 O9 N1,15.0,21.0,9.0,0.0,1.0,0.0,0.0,0.0,0.6,1.4,0.06666666666666667,lipid,0.6373158496818758
358.1014601,358.1012321,358.1013312,C18 H18 O7 13C1,21.0,18.0,7.0,0.0,0.0,1.0,0.0,0.0,0.3684210526315789,0.9,0.0,tannin,0.8838509036596308
358.0863617,358.0861337,358.0860751,C14 H18 O10 13C1,17.0,18.0,10.0,0.0,0.0,1.0,0.0,0.0,0.6666666666666666,1.125,0.0,lignin,0.80450896073931
358.0783305,358.0781025,358.0779692,C14 H17 O10 N1,14.0,17.0,10.0,0.0,1.0,0.0,0.0,0.0,0.7142857142857143,1.2142857142857142,0.07142857142857142,carbohydrate,0.5066974800724441
358.0499144,358.0496865,358.0496896,C13 H14 O11 13C1,16.0,14.0,11.0,0.0,0.0,1.0,0.0,0.0,0.7857142857142857,0.9333333333333333,0.0,tannin,0.885513393569062
357.1919886,357.1917616,357.1918768,C18 H30 O7,18.0,30.0,7.0,0.0,0.0,0.0,0.0,0.0,0.3888888888888889,1.6666666666666667,0.0,lipid,0.8870856076958399
357.170894,357.170667,357.1707474,C21 H26 O5,21.0,26.0,5.0,0.0,0.0,0.0,0.0,0.0,0.23809523809523808,1.2380952380952381,0.0,lignin,0.8339133382080031
357.1558309,357.155604,357.1554913,C17 H26 O8,17.0,26.0,8.0,0.0,0.0,0.0,0.0,0.0,0.47058823529411764,1.5294117647058822,0.0,lignin,0.8265938027548596
357.1346833,357.1344564,357.1343619,C20 H22 O6,20.0,22.0,6.0,0.0,0.0,0.0,0.0,0.0,0.3,1.1,0.0,lignin,0.9270961699149929
357.1192548,357.1190278,357.1191058,C16 H22 O9,16.0,22.0,9.0,0.0,0.0,0.0,0.0,0.0,0.5625,1.375,0.0,lignin,0.8689680844681595
357.1014587,357.1012318,357.1013477,C16 H22 O7 S1,16.0,22.0,7.0,1.0,0.0,0.0,0.0,0.0,0.4375,1.375,0.0,lignin,0.834696160673723
357.0980791,357.0978522,357.0979764,C19 H18 O7,19.0,18.0,7.0,0.0,0.0,0.0,0.0,0.0,0.3684210526315789,0.9473684210526315,0.0,tannin,0.8829069074066641
357.0829772,357.0827504,357.0827202,C15 H18 O10,15.0,18.0,10.0,0.0,0.0,0.0,0.0,0.0,0.6666666666666666,1.2,0.0,lignin,0.9346222680973243
357.0653061,357.0650793,357.0649622,C15 H18 O8 S1,15.0,18.0,8.0,1.0,0.0,0.0,0.0,0.0,0.5333333333333333,1.2,0.0,lignin,0.8421925037004476
357.0619424,357.0617156,357.0615909,C18 H14 O8,18.0,14.0,8.0,0.0,0.0,0.0,0.0,0.0,0.4444444444444444,0.7777777777777778,0.0,tannin,0.8896955630021111
357.0466219,357.0463951,357.0463347,C14 H14 O11,14.0,14.0,11.0,0.0,0.0,0.0,0.0,0.0,0.7857142857142857,1.0,0.0,tannin,0.7187612826936733
357.0253213,357.0250945,357.0252054,C17 H10 O9,17.0,10.0,9.0,0.0,0.0,0.0,0.0,0.0,0.5294117647058824,0.5882352941176471,0.0,tannin,0.8945280966347069
357.0228783,357.0226514,357.0227034,C21 H10 O4 S1,21.0,10.0,4.0,1.0,0.0,0.0,0.0,0.0,0.19047619047619047,0.47619047619047616,0.0,pah,0.9427618124659002
356.1435533,356.1433275,356.143196,C16 H24 O8 13C1,19.0,24.0,8.0,0.0,0.0,1.0,0.0,0.0,0.47058823529411764,1.3333333333333333,0.0,lignin,0.83611154799754
356.106911,356.1066852,356.1068105,C15 H20 O9 13C1,18.0,20.0,9.0,0.0,0.0,1.0,0.0,0.0,0.5625,1.1764705882352942,0.0,lignin,0.8627190877235721
356.0988066,356.0985809,356.0987047,C15 H19 O9 N1,15.0,19.0,9.0,0.0,1.0,0.0,0.0,0.0,0.6,1.2666666666666666,0.06666666666666667,lignin,0.7765356844702656
356.0707579,356.0705322,356.070425,C14 H16 O10 13C1,17.0,16.0,10.0,0.0,0.0,1.0,0.0,0.0,0.6666666666666666,1.0,0.0,tannin,0.718838559203325
356.062682,356.0624563,356.0623192,C14 H15 O10 N1,14.0,15.0,10.0,0.0,1.0,0.0,0.0,0.0,0.7142857142857143,1.0714285714285714,0.07142857142857142,lignin,0.4345413778851883
355.1962477,355.1960229,355.1961293,C16 H34 O6 34S1,16.0,34.0,6.0,0.0,0.0,0.0,1.0,0.0,0.375,2.125,0.0,lipid,0.8955564970908574
355.1763782,355.1761535,355.1762267,C18 H28 O7,18.0,28.0,7.0,0.0,0.0,0.0,0.0,0.0,0.3888888888888889,1.5555555555555556,0.0,lipid,0.8874412228534346
355.1401748,355.1399501,355.1398412,C17 H24 O8,17.0,24.0,8.0,0.0,0.0,0.0,0.0,0.0,0.47058823529411764,1.411764705882353,0.0,lignin,0.8345930226372523
355.1188281,355.1186034,355.1187118,C20 H20 O6,20.0,20.0,6.0,0.0,0.0,0.0,0.0,0.0,0.3,1.0,0.0,lignin,0.9237350782304986
355.1035482,355.1033235,355.1034557,C16 H20 O9,16.0,20.0,9.0,0.0,0.0,0.0,0.0,0.0,0.5625,1.25,0.0,lignin,0.8918273028810111
355.0826139,355.0823893,355.0823263,C19 H16 O7,19.0,16.0,7.0,0.0,0.0,0.0,0.0,0.0,0.3684210526315789,0.8421052631578947,0.0,tannin,0.885244131594263
355.0674389,355.0672142,355.0670702,C15 H16 O10,15.0,16.0,10.0,0.0,0.0,0.0,0.0,0.0,0.6666666666666666,1.0666666666666667,0.0,tannin,0.5384688998728918
355.0461444,355.0459198,355.0459408,C18 H12 O8,18.0,12.0,8.0,0.0,0.0,0.0,0.0,0.0,0.4444444444444444,0.6666666666666666,0.0,tannin,0.8917474833516155
355.0307757,355.0305511,355.0306847,C14 H12 O11,14.0,12.0,11.0,0.0,0.0,0.0,0.0,0.0,0.7857142857142857,0.8571428571428571,0.0,tannin,0.8862498318468793
354.2191019,354.2188782,354.2189444,C19 H34 O3 S1 13C1,22.0,34.0,3.0,1.0,0.0,1.0,0.0,0.0,0.15,1.619047619047619,0.0,lipid,0.8988795406208098
354.2038099,354.2035862,354.2036883,C15 H34 O6 S1 13C1,18.0,34.0,6.0,1.0,0.0,1.0,0.0,0.0,0.375,2.0,0.0,lipid,0.8962749012232921
354.2038099,354.2035862,354.2034445,C17 H29 O5 N3,17.0,29.0,5.0,0.0,3.0,0.0,0.0,0.0,0.29411764705882354,1.7058823529411764,0.17647058823529413,peptide,0.8624612232539437
354.1642592,354.1640356,354.1639315,C17 H26 O7 13C1,20.0,26.0,7.0,0.0,0.0,1.0,0.0,0.0,0.3888888888888889,1.368421052631579,0.0,lignin,0.834084963564927
354.1276447,354.1274211,354.127546,C16 H22 O8 13C1,19.0,22.0,8.0,0.0,0.0,1.0,0.0,0.0,0.47058823529411764,1.2222222222222223,0.0,lignin,0.8391069760504845
354.1195421,354.1193185,354.1194401,C16 H21 O8 N1,16.0,21.0,8.0,0.0,1.0,0.0,0.0,0.0,0.5,1.3125,0.0625,lignin,0.8376569333666529
354.0914903,354.0912667,354.0911605,C15 H18 O9 13C1,18.0,18.0,9.0,0.0,0.0,1.0,0.0,0.0,0.5625,1.0588235294117647,0.0,lignin,0.799402495275855
354.0834063,354.0831827,354.0830546,C15 H17 O9 N1,15.0,17.0,9.0,0.0,1.0,0.0,0.0,0.0,0.6,1.1333333333333333,0.06666666666666667,lignin,0.8890938320602348
354.0549043,354.0546808,354.0547749,C14 H14 O10 13C1,17.0,14.0,10.0,0.0,0.0,1.0,0.0,0.0,0.6666666666666666,0.875,0.0,tannin,0.8831815170880677
354.0467747,354.0465512,354.0466691,C14 H13 O10 N1,14.0,13.0,10.0,0.0,1.0,0.0,0.0,0.0,0.7142857142857143,0.9285714285714286,0.07142857142857142,tannin,0.7842745983349276
353.2157629,353.2155403,353.2155896,C20 H34 O3 S1,20.0,34.0,3.0,1.0,0.0,0.0,0.0,0.0,0.15,1.7,0.0,lipid,0.8888963100116485
353.2006296,353.2004071,353.2003335,C16 H34 O6 S1,16.0,34.0,6.0,1.0,0.0,0.0,0.0,0.0,0.375,2.125,0.0,lipid,0.8955564970908574
353.1972487,353.1970262,353.1969622,C19 H30 O6,19.0,30.0,6.0,0.0,0.0,0.0,0.0,0.0,0.3157894736842105,1.5789473684210527,0.0,lipid,0.8879180118368355
353.1607605,353.160538,353.1605766,C18 H26 O7,18.0,26.0,7.0,0.0,0.0,0.0,0.0,0.0,0.3888888888888889,1.4444444444444444,0.0,lignin,0.8329453447025468
353.124425,353.1242026,353.1241911,C17 H22 O8,17.0,22.0,8.0,0.0,0.0,0.0,0.0,0.0,0.47058823529411764,1.2941176470588236,0.0,lignin,0.8370481707588162
353.0993844,353.0991619,353.099039,C15 H18 O8 N2,15.0,18.0,8.0,0.0,2.0,0.0,0.0,0.0,0.5333333333333333,1.2,0.13333333333333333,peptide,0.6422007016353957
353.0880829,353.0878604,353.0878056,C16 H18 O9,16.0,18.0,9.0,0.0,0.0,0.0,0.0,0.0,0.5625,1.125,0.0,lignin,0.9211925866681876
353.0667609,353.0665385,353.0666763,C19 H14 O7,19.0,14.0,7.0,0.0,0.0,0.0,0.0,0.0,0.3684210526315789,0.7368421052631579,0.0,tannin,0.8847553646746261
353.0627381,353.0625157,353.0626535,C14 H14 O9 N2,14.0,14.0,9.0,0.0,2.0,0.0,0.0,0.0,0.6428571428571429,1.0,0.14285714285714285,peptide,0.7657907086780025
353.0515731,353.0513508,353.0514201,C15 H14 O10,15.0,14.0,10.0,0.0,0.0,0.0,0.0,0.0,0.6666666666666666,0.9333333333333333,0.0,tannin,0.8857586396164574
353.0153515,353.0151291,353.0150346,C14 H10 O11,14.0,10.0,11.0,0.0,0.0,0.0,0.0,0.0,0.7857142857142857,0.7142857142857143,0.0,tannin,0.8874739377875294
352.1881678,352.1879464,352.1880382,C15 H32 O6 S1 13C1,18.0,32.0,6.0,1.0,0.0,1.0,0.0,0.0,0.375,1.8823529411764706,0.0,lipid,0.8969735441818469
352.1881678,352.1879464,352.1877944,C17 H27 O5 N3,17.0,27.0,5.0,0.0,3.0,0.0,0.0,0.0,0.29411764705882354,1.588235294117647,0.17647058823529413,peptide,0.8645380822209751
352.1847895,352.184568,352.1846669,C18 H28 O6 13C1,21.0,28.0,6.0,0.0,0.0,1.0,0.0,0.0,0.3157894736842105,1.4,0.0,lignin,0.832681685340553
352.1485878,352.1483665,352.1482814,C17 H24 O7 13C1,20.0,24.0,7.0,0.0,0.0,1.0,0.0,0.0,0.3888888888888889,1.263157894736842,0.0,lignin,0.8360173813414742
352.1120562,352.1118348,352.1118959,C16 H20 O8 13C1,19.0,20.0,8.0,0.0,0.0,1.0,0.0,0.0,0.47058823529411764,1.1111111111111112,0.0,lignin,0.9241596444394495
352.1039027,352.1036814,352.10379,C16 H19 O8 N1,16.0,19.0,8.0,0.0,1.0,0.0,0.0,0.0,0.5,1.1875,0.0625,lignin,0.8423077576239765
352.0757714,352.0755501,352.0755104,C15 H16 O9 13C1,18.0,16.0,9.0,0.0,0.0,1.0,0.0,0.0,0.5625,0.9411764705882353,0.0,tannin,0.8872399968493188
352.0677444,352.0675231,352.0674045,C15 H15 O9 N1,15.0,15.0,9.0,0.0,1.0,0.0,0.0,0.0,0.6,1.0,0.06666666666666667,tannin,0.7236752106731974
351.217809,351.2175887,351.2176976,C20 H32 O5,20.0,32.0,5.0,0.0,0.0,0.0,0.0,0.0,0.25,1.6,0.0,lipid,0.8884135794682871
351.1849871,351.1847667,351.1846834,C16 H32 O6 S1,16.0,32.0,6.0,1.0,0.0,0.0,0.0,0.0,0.375,2.0,0.0,lipid,0.8962749012232921
351.1816197,351.1813994,351.1813121,C19 H28 O6,19.0,28.0,6.0,0.0,0.0,0.0,0.0,0.0,0.3157894736842105,1.4736842105263157,0.0,lipid,0.8989043669593636
351.1450448,351.1448245,351.1449266,C18 H24 O7,18.0,24.0,7.0,0.0,0.0,0.0,0.0,0.0,0.3888888888888889,1.3333333333333333,0.0,lignin,0.8346571906543507
351.1199307,351.1197105,351.1197745,C16 H20 O7 N2,16.0,20.0,7.0,0.0,2.0,0.0,0.0,0.0,0.4375,1.25,0.125,lipid,0.6156091611064085
351.1088677,351.1086475,351.1085411,C17 H20 O8,17.0,20.0,8.0,0.0,0.0,0.0,0.0,0.0,0.47058823529411764,1.1764705882352942,0.0,lignin,0.8381771370236001
351.0836948,351.0834746,351.0833889,C15 H16 O8 N2,15.0,16.0,8.0,0.0,2.0,0.0,0.0,0.0,0.5333333333333333,1.0666666666666667,0.13333333333333333,peptide,0.7376100158727039
351.0723032,351.072083,351.0721556,C16 H16 O9,16.0,16.0,9.0,0.0,0.0,0.0,0.0,0.0,0.5625,1.0,0.0,tannin,0.7184856346802457
351.051135,351.0509148,351.0510262,C19 H12 O7,19.0,12.0,7.0,0.0,0.0,0.0,0.0,0.0,0.3684210526315789,0.631578947368421,0.0,tannin,0.7427480064884522
351.0360417,351.0358216,351.0357701,C15 H12 O10,15.0,12.0,10.0,0.0,0.0,0.0,0.0,0.0,0.6666666666666666,0.8,0.0,tannin,0.88504771085058
351.0336312,351.033411,351.0332681,C19 H12 O5 S1,19.0,12.0,5.0,1.0,0.0,0.0,0.0,0.0,0.2631578947368421,0.631578947368421,0.0,tannin,0.601403363348946
350.1691769,350.1689577,350.1690169,C18 H26 O6 13C1,21.0,26.0,6.0,0.0,0.0,1.0,0.0,0.0,0.3157894736842105,1.3,0.0,lignin,0.8341418749074169
350.1329244,350.1327053,350.1326313,C17 H22 O7 13C1,20.0,22.0,7.0,0.0,0.0,1.0,0.0,0.0,0.3888888888888889,1.1578947368421053,0.0,lignin,0.8363074562023719
350.0963951,350.096176,350.0962458,C16 H18 O8 13C1,19.0,18.0,8.0,0.0,0.0,1.0,0.0,0.0,0.47058823529411764,1.0,0.0,lignin,0.7986501462647206
350.0883498,350.0881307,350.08814,C16 H17 O8 N1,16.0,17.0,8.0,0.0,1.0,0.0,0.0,0.0,0.5,1.0625,0.0625,lignin,0.9262824018522056
350.0601489,350.0599298,350.0598603,C15 H14 O9 13C1,18.0,14.0,9.0,0.0,0.0,1.0,0.0,0.0,0.5625,0.8235294117647058,0.0,tannin,0.8898159641344666
350.0520016,350.0517825,350.0517545,C15 H13 O9 N1,15.0,13.0,9.0,0.0,1.0,0.0,0.0,0.0,0.6,0.8666666666666667,0.06666666666666667,tannin,0.8952342235477527
349.2023992,349.2021811,349.2020475,C20 H30 O5,20.0,30.0,5.0,0.0,0.0,0.0,0.0,0.0,0.25,1.5,0.0,lipid,0.8990755587185465
349.1657621,349.165544,349.165662,C19 H26 O6,19.0,26.0,6.0,0.0,0.0,0.0,0.0,0.0,0.3157894736842105,1.368421052631579,0.0,lignin,0.8331204436388084
349.1296071,349.1293891,349.1292765,C18 H22 O7,18.0,22.0,7.0,0.0,0.0,0.0,0.0,0.0,0.3888888888888889,1.2222222222222223,0.0,lignin,0.8369959120005765
349.1043329,349.1041148,349.1041244,C16 H18 O7 N2,16.0,18.0,7.0,0.0,2.0,0.0,0.0,0.0,0.4375,1.125,0.125,peptide,0.6523804534407931
349.096391,349.096173,349.0962623,C14 H22 O8 S1,14.0,22.0,8.0,1.0,0.0,0.0,0.0,0.0,0.5714285714285714,1.5714285714285714,0.0,lignin,0.7271302743620597
349.0930063,349.0927883,349.092891,C17 H18 O8,17.0,18.0,8.0,0.0,0.0,0.0,0.0,0.0,0.47058823529411764,1.0588235294117647,0.0,lignin,0.9232541407184609
349.0679405,349.0677225,349.0677389,C15 H14 O8 N2,15.0,14.0,8.0,0.0,2.0,0.0,0.0,0.0,0.5333333333333333,0.9333333333333333,0.13333333333333333,peptide,0.7981063342217044
349.0568301,349.0566121,349.0565055,C16 H14 O9,16.0,14.0,9.0,0.0,0.0,0.0,0.0,0.0,0.5625,0.875,0.0,tannin,0.8887760590738665
349.0202755,349.0200576,349.02012,C15 H10 O10,15.0,10.0,10.0,0.0,0.0,0.0,0.0,0.0,0.6666666666666666,0.6666666666666666,0.0,tannin,0.8875171320605073
349.0178348,349.0176169,349.0176181,C19 H10 O5 S1,19.0,10.0,5.0,1.0,0.0,0.0,0.0,0.0,0.2631578947368421,0.5263157894736842,0.0,pah,0.9427654406803768
348.1534758,348.1532588,348.1533668,C18 H24 O6 13C1,21.0,24.0,6.0,0.0,0.0,1.0,0.0,0.0,0.3157894736842105,1.2,0.0,lignin,0.8358924175077798
348.1172955,348.1170786,348.1169813,C17 H20 O7 13C1,20.0,20.0,7.0,0.0,0.0,1.0,0.0,0.0,0.3888888888888889,1.0526315789473684,0.0,lignin,0.9239626648148407
348.0938931,348.0936762,348.0936193,C13 H19 O10 N1,13.0,19.0,10.0,0.0,1.0,0.0,0.0,0.0,0.7692307692307693,1.4615384615384615,0.07692307692307693,carbohydrate,0.9480281107953672
348.0807302,348.0805134,348.0805958,C16 H16 O8 13C1,19.0,16.0,8.0,0.0,0.0,1.0,0.0,0.0,0.47058823529411764,0.8888888888888888,0.0,tannin,0.8869585731541338
348.0726056,348.0723887,348.0724899,C16 H15 O8 N1,16.0,15.0,8.0,0.0,1.0,0.0,0.0,0.0,0.5,0.9375,0.0625,tannin,0.8900569861896116
347.1867132,347.1864973,347.1863975,C20 H28 O5,20.0,28.0,5.0,0.0,0.0,0.0,0.0,0.0,0.25,1.4,0.0,lipid,0.7445036516428389
347.1501234,347.1499076,347.150012,C19 H24 O6,19.0,24.0,6.0,0.0,0.0,0.0,0.0,0.0,0.3157894736842105,1.263157894736842,0.0,lignin,0.8345463118719468
347.1348868,347.134671,347.1347558,C15 H24 O9,15.0,24.0,9.0,0.0,0.0,0.0,0.0,0.0,0.6,1.6,0.0,carbohydrate,0.7593447505757736
347.1172698,347.117054,347.1169978,C15 H24 O7 S1,15.0,24.0,7.0,1.0,0.0,0.0,0.0,0.0,0.4666666666666667,1.6,0.0,lipid,0.8869126513252631
347.1139346,347.1137188,347.1136264,C18 H20 O7,18.0,20.0,7.0,0.0,0.0,0.0,0.0,0.0,0.3888888888888889,1.1111111111111112,0.0,lignin,0.9260685236362043
347.0987041,347.0984883,347.0983703,C14 H20 O10,14.0,20.0,10.0,0.0,0.0,0.0,0.0,0.0,0.7142857142857143,1.4285714285714286,0.0,lignin,0.7270515418907834
347.0887192,347.0885034,347.0884743,C16 H16 O7 N2,16.0,16.0,7.0,0.0,2.0,0.0,0.0,0.0,0.4375,1.0,0.125,peptide,0.7953955826450866
347.08077,347.0805542,347.0806122,C14 H20 O8 S1,14.0,20.0,8.0,1.0,0.0,0.0,0.0,0.0,0.5714285714285714,1.4285714285714286,0.0,lignin,0.8618200331180074
347.0773722,347.0771564,347.0772409,C17 H16 O8,17.0,16.0,8.0,0.0,0.0,0.0,0.0,0.0,0.47058823529411764,0.9411764705882353,0.0,tannin,0.8853816780282724
347.0620749,347.0618591,347.0619848,C13 H16 O11,13.0,16.0,11.0,0.0,0.0,0.0,0.0,0.0,0.8461538461538461,1.2307692307692308,0.0,lignin,0.8657091914771321
347.0411584,347.0409427,347.0408554,C16 H12 O9,16.0,12.0,9.0,0.0,0.0,0.0,0.0,0.0,0.5625,0.75,0.0,tannin,0.892419795980868
346.1016559,346.1014412,346.1013312,C17 H18 O7 13C1,20.0,18.0,7.0,0.0,0.0,1.0,0.0,0.0,0.3888888888888889,0.9473684210526315,0.0,tannin,0.8831164805570815
346.0780973,346.0778826,346.0779692,C13 H17 O10 N1,13.0,17.0,10.0,0.0,1.0,0.0,0.0,0.0,0.7692307692307693,1.3076923076923077,0.07692307692307693,carbohydrate,0.9543521531279019
345.1708662,345.1706526,345.1707474,C20 H26 O5,20.0,26.0,5.0,0.0,0.0,0.0,0.0,0.0,0.25,1.3,0.0,lignin,0.8331806222944973
345.1555944,345.1553807,345.1554913,C16 H26 O8,16.0,26.0,8.0,0.0,0.0,0.0,0.0,0.0,0.5,1.625,0.0,lipid,0.9110977448828196
345.1346277,345.1344141,345.1343619,C19 H22 O6,19.0,22.0,6.0,0.0,0.0,0.0,0.0,0.0,0.3157894736842105,1.1578947368421053,0.0,lignin,0.8345049064508977
345.1194297,345.1192161,345.1191058,C15 H22 O9,15.0,22.0,9.0,0.0,0.0,0.0,0.0,0.0,0.6,1.4666666666666666,0.0,lignin,0.8920687337069986
345.1015233,345.1013097,345.1013477,C15 H22 O7 S1,15.0,22.0,7.0,1.0,0.0,0.0,0.0,0.0,0.4666666666666667,1.4666666666666666,0.0,lignin,0.8274811547227106
345.0981214,345.0979078,345.0979764,C18 H18 O7,18.0,18.0,7.0,0.0,0.0,0.0,0.0,0.0,0.3888888888888889,1.0,0.0,lignin,0.9230455634832422
345.0828401,345.0826266,345.0827202,C14 H18 O10,14.0,18.0,10.0,0.0,0.0,0.0,0.0,0.0,0.7142857142857143,1.2857142857142858,0.0,lignin,0.9367365103768591
345.0651927,345.0649792,345.0649622,C14 H18 O8 S1,14.0,18.0,8.0,1.0,0.0,0.0,0.0,0.0,0.5714285714285714,1.2857142857142858,0.0,lignin,0.8752388783801066
345.0618774,345.0616638,345.0615909,C17 H14 O8,17.0,14.0,8.0,0.0,0.0,0.0,0.0,0.0,0.47058823529411764,0.8235294117647058,0.0,tannin,0.888997289551115
345.046646,345.0464325,345.0463347,C13 H14 O11,13.0,14.0,11.0,0.0,0.0,0.0,0.0,0.0,0.8461538461538461,1.0769230769230769,0.0,lignin,0.5150527798391842
345.0253962,345.0251827,345.0252054,C16 H10 O9,16.0,10.0,9.0,0.0,0.0,0.0,0.0,0.0,0.5625,0.625,0.0,tannin,0.8942533763501563
344.1434978,344.1432852,344.143196,C15 H24 O8 13C1,18.0,24.0,8.0,0.0,0.0,1.0,0.0,0.0,0.5,1.411764705882353,0.0,lignin,0.8350668180683396
344.1069104,344.1066979,344.1068105,C14 H20 O9 13C1,17.0,20.0,9.0,0.0,0.0,1.0,0.0,0.0,0.6,1.25,0.0,lignin,0.9049340222532806
344.0988333,344.0986208,344.0987047,C14 H19 O9 N1,14.0,19.0,9.0,0.0,1.0,0.0,0.0,0.0,0.6428571428571429,1.3571428571428572,0.07142857142857142,carbohydrate,0.8469918830499765
344.0707729,344.0705604,344.070425,C13 H16 O10 13C1,16.0,16.0,10.0,0.0,0.0,1.0,0.0,0.0,0.7142857142857143,1.0666666666666667,0.0,tannin,0.5386020805313473
344.0626948,344.0624824,344.0623192,C13 H15 O10 N1,13.0,15.0,10.0,0.0,1.0,0.0,0.0,0.0,0.7692307692307693,1.1538461538461537,0.07692307692307693,amino_sugar,0.39584217591367016
343.1765466,343.1763352,343.1762267,C17 H28 O7,17.0,28.0,7.0,0.0,0.0,0.0,0.0,0.0,0.4117647058823529,1.6470588235294117,0.0,lipid,0.8870358037948055
343.1553404,343.1551289,343.1550973,C20 H24 O5,20.0,24.0,5.0,0.0,0.0,0.0,0.0,0.0,0.25,1.2,0.0,lignin,0.83470904881592
343.1399564,343.139745,343.1398412,C16 H24 O8,16.0,24.0,8.0,0.0,0.0,0.0,0.0,0.0,0.5,1.5,0.0,lignin,0.8273653065013118
343.1188712,343.1186598,343.1187118,C19 H20 O6,19.0,20.0,6.0,0.0,0.0,0.0,0.0,0.0,0.3157894736842105,1.0526315789473684,0.0,lignin,0.924942827176341
343.1037928,343.1035814,343.1034557,C15 H20 O9,15.0,20.0,9.0,0.0,0.0,0.0,0.0,0.0,0.6,1.3333333333333333,0.0,lignin,0.8989794111161595
343.0859776,343.0857662,343.0856976,C15 H20 O7 S1,15.0,20.0,7.0,1.0,0.0,0.0,0.0,0.0,0.4666666666666667,1.3333333333333333,0.0,lignin,0.8360323034652948
343.0825702,343.0823588,343.0823263,C18 H16 O7,18.0,16.0,7.0,0.0,0.0,0.0,0.0,0.0,0.3888888888888889,0.8888888888888888,0.0,tannin,0.8843954586926304
343.0671843,343.0669729,343.0670702,C14 H16 O10,14.0,16.0,10.0,0.0,0.0,0.0,0.0,0.0,0.7142857142857143,1.1428571428571428,0.0,lignin,0.813279368652038
343.0461105,343.0458991,343.0459408,C17 H12 O8,17.0,12.0,8.0,0.0,0.0,0.0,0.0,0.0,0.47058823529411764,0.7058823529411765,0.0,tannin,0.8917518655386433
343.0309798,343.0307685,343.0306847,C13 H12 O11,13.0,12.0,11.0,0.0,0.0,0.0,0.0,0.0,0.8461538461538461,0.9230769230769231,0.0,tannin,0.8855449107903246
342.1993881,342.1991777,342.1990902,C18 H32 O3 13C1 34S1,21.0,32.0,3.0,0.0,0.0,1.0,1.0,0.0,0.15789473684210525,1.6,0.0,lipid,0.89891871771858
342.1278297,342.1276193,342.127546,C15 H22 O8 13C1,18.0,22.0,8.0,0.0,0.0,1.0,0.0,0.0,0.5,1.2941176470588236,0.0,lignin,0.8377641922552588
342.1196653,342.1194549,342.1194401,C15 H21 O8 N1,15.0,21.0,8.0,0.0,1.0,0.0,0.0,0.0,0.5333333333333333,1.4,0.06666666666666667,lignin,0.7399447243210873
342.0912912,342.0910809,342.0911605,C14 H18 O9 13C1,17.0,18.0,9.0,0.0,0.0,1.0,0.0,0.0,0.6,1.125,0.0,lignin,0.9272565058781753
342.083278,342.0830678,342.0830546,C14 H17 O9 N1,14.0,17.0,9.0,0.0,1.0,0.0,0.0,0.0,0.6428571428571429,1.2142857142857142,0.07142857142857142,lignin,0.6190002781778886
342.055047,342.0548368,342.0547749,C13 H14 O10 13C1,16.0,14.0,10.0,0.0,0.0,1.0,0.0,0.0,0.7142857142857143,0.9333333333333333,0.0,tannin,0.8856049027899384
341.2067925,341.2065832,341.2066492,C17 H32 O3 S1 13C2,23.0,32.0,3.0,1.0,0.0,2.0,0.0,0.0,0.15789473684210525,1.5238095238095237,0.0,lipid,0.8997431127701052
341.2043489,341.2041396,341.2041845,C19 H32 O2 S1 18O1,19.0,32.0,2.0,1.0,0.0,0.0,0.0,1.0,0.10526315789473684,1.6842105263157894,0.0,lipid,0.8893599169643125
341.1959868,341.1957775,341.1957354,C19 H32 O3 34S1,19.0,32.0,3.0,0.0,0.0,0.0,1.0,0.0,0.15789473684210525,1.6842105263157894,0.0,lipid,0.8889193028080165
341.1607702,341.1605609,341.1605766,C17 H26 O7,17.0,26.0,7.0,0.0,0.0,0.0,0.0,0.0,0.4117647058823529,1.5294117647058822,0.0,lignin,0.5644410084874011
341.1244309,341.1242217,341.1241911,C16 H22 O8,16.0,22.0,8.0,0.0,0.0,0.0,0.0,0.0,0.5,1.375,0.0,lignin,0.8357920129054219
341.1092604,341.1090512,341.108935,C12 H22 O11,12.0,22.0,11.0,0.0,0.0,0.0,0.0,0.0,0.9166666666666666,1.8333333333333333,0.0,carbohydrate,0.9442126816960161
341.1034042,341.103195,341.1030618,C19 H18 O6,19.0,18.0,6.0,0.0,0.0,0.0,0.0,0.0,0.3157894736842105,0.9473684210526315,0.0,lignin,0.7566098511490772
341.0879937,341.0877846,341.0878056,C15 H18 O9,15.0,18.0,9.0,0.0,0.0,0.0,0.0,0.0,0.6,1.2,0.0,lignin,0.9059390441440254
341.0667719,341.0665627,341.0666763,C18 H14 O7,18.0,14.0,7.0,0.0,0.0,0.0,0.0,0.0,0.3888888888888889,0.7777777777777778,0.0,tannin,0.8899577323640072
341.0516824,341.0514733,341.0514201,C14 H14 O10,14.0,14.0,10.0,0.0,0.0,0.0,0.0,0.0,0.7142857142857143,1.0,0.0,tannin,0.7187945793870394
341.0305941,341.0303849,341.0302907,C17 H10 O8,17.0,10.0,8.0,0.0,0.0,0.0,0.0,0.0,0.47058823529411764,0.5882352941176471,0.0,tannin,0.885430124437295
341.0151822,341.0149731,341.0150346,C13 H10 O11,13.0,10.0,11.0,0.0,0.0,0.0,0.0,0.0,0.8461538461538461,0.7692307692307693,0.0,tannin,0.8867833270481377
340.2033862,340.203178,340.2032944,C18 H32 O3 S1 13C1,21.0,32.0,3.0,1.0,0.0,1.0,0.0,0.0,0.15789473684210525,1.6,0.0,lipid,0.89891871771858
340.2033862,340.203178,340.2030506,C20 H27 O2 N3,20.0,27.0,2.0,0.0,3.0,0.0,0.0,0.0,0.1,1.35,0.15,peptide,0.837461143683212
340.1485118,340.1483036,340.1482814,C16 H24 O7 13C1,19.0,24.0,7.0,0.0,0.0,1.0,0.0,0.0,0.4117647058823529,1.3333333333333333,0.0,lignin,0.8350236541656246
340.1120506,340.1118425,340.1118959,C15 H20 O8 13C1,18.0,20.0,8.0,0.0,0.0,1.0,0.0,0.0,0.5,1.1764705882352942,0.0,lignin,0.8392550611235631
340.1040063,340.1037982,340.10379,C15 H19 O8 N1,15.0,19.0,8.0,0.0,1.0,0.0,0.0,0.0,0.5333333333333333,1.2666666666666666,0.06666666666666667,lignin,0.8401281611196865
340.0757695,340.0755615,340.0755104,C14 H16 O9 13C1,17.0,16.0,9.0,0.0,0.0,1.0,0.0,0.0,0.6,1.0,0.0,tannin,0.7201531095269726
340.067585,340.0673769,340.0674045,C14 H15 O9 N1,14.0,15.0,9.0,0.0,1.0,0.0,0.0,0.0,0.6428571428571429,1.0714285714285714,0.07142857142857142,lignin,0.6385386065503603
340.0392887,340.0390807,340.0391249,C13 H12 O10 13C1,16.0,12.0,10.0,0.0,0.0,1.0,0.0,0.0,0.7142857142857143,0.8,0.0,tannin,0.8870320176358165
339.200072,339.1998649,339.1999395,C19 H32 O3 S1,19.0,32.0,3.0,1.0,0.0,0.0,0.0,0.0,0.15789473684210525,1.6842105263157894,0.0,lipid,0.8889193028080165
339.1814275,339.1812205,339.1813121,C18 H28 O6,18.0,28.0,6.0,0.0,0.0,0.0,0.0,0.0,0.3333333333333333,1.5555555555555556,0.0,lipid,0.8878411497625655
339.1452166,339.1450095,339.1449266,C17 H24 O7,17.0,24.0,7.0,0.0,0.0,0.0,0.0,0.0,0.4117647058823529,1.411764705882353,0.0,lignin,0.8337243166816503
339.1086673,339.1084603,339.1085411,C16 H20 O8,16.0,20.0,8.0,0.0,0.0,0.0,0.0,0.0,0.5,1.25,0.0,lignin,0.8390726626231947
339.0837141,339.0835072,339.0833889,C14 H16 O8 N2,14.0,16.0,8.0,0.0,2.0,0.0,0.0,0.0,0.5714285714285714,1.1428571428571428,0.14285714285714285,peptide,0.772432132096127
339.072451,339.0722441,339.0721556,C15 H16 O9,15.0,16.0,9.0,0.0,0.0,0.0,0.0,0.0,0.6,1.0666666666666667,0.0,lignin,0.7998495313423435
339.0511326,339.0509256,339.0510262,C18 H12 O7,18.0,12.0,7.0,0.0,0.0,0.0,0.0,0.0,0.3888888888888889,0.6666666666666666,0.0,tannin,0.8818871016089052
339.0358906,339.0356837,339.0357701,C14 H12 O10,14.0,12.0,10.0,0.0,0.0,0.0,0.0,0.0,0.7142857142857143,0.8571428571428571,0.0,tannin,0.8864068171046341
338.2090092,338.2088031,338.2087737,C15 H34 O5 S1 13C1,18.0,34.0,5.0,1.0,0.0,1.0,0.0,0.0,0.3125,2.0,0.0,lipid,0.8969111375346916
338.1692292,338.1690233,338.1690169,C17 H26 O6 13C1,20.0,26.0,6.0,0.0,0.0,1.0,0.0,0.0,0.3333333333333333,1.368421052631579,0.0,lignin,0.8333342820371463
338.1328146,338.1326087,338.1326313,C16 H22 O7 13C1,19.0,22.0,7.0,0.0,0.0,1.0,0.0,0.0,0.4117647058823529,1.2222222222222223,0.0,lignin,0.8375242014793557
338.1246555,338.1244496,338.1245255,C16 H21 O7 N1,16.0,21.0,7.0,0.0,1.0,0.0,0.0,0.0,0.4375,1.3125,0.0625,lignin,0.8364033539015339
338.096456,338.0962502,338.0962458,C15 H18 O8 13C1,18.0,18.0,8.0,0.0,0.0,1.0,0.0,0.0,0.5,1.0588235294117647,0.0,lignin,0.9231556503670115
338.0884257,338.0882198,338.08814,C15 H17 O8 N1,15.0,17.0,8.0,0.0,1.0,0.0,0.0,0.0,0.5333333333333333,1.1333333333333333,0.06666666666666667,lignin,0.8470510125809978
338.0600278,338.0598219,338.0598603,C14 H14 O9 13C1,17.0,14.0,9.0,0.0,0.0,1.0,0.0,0.0,0.6,0.875,0.0,tannin,0.8890784966313495
338.0518762,338.0516703,338.0517545,C14 H13 O9 N1,14.0,13.0,9.0,0.0,1.0,0.0,0.0,0.0,0.6428571428571429,0.9285714285714286,0.07142857142857142,tannin,0.8942903767547612
337.2055485,337.2053436,337.2054188,C16 H34 O5 S1,16.0,34.0,5.0,1.0,0.0,0.0,0.0,0.0,0.3125,2.125,0.0,lipid,0.8961229222447814
337.2021591,337.2019542,337.2020475,C19 H30 O5,19.0,30.0,5.0,0.0,0.0,0.0,0.0,0.0,0.2631578947368421,1.5789473684210527,0.0,lipid,0.8884108714479313
337.1844313,337.1842264,337.1842895,C19 H30 O3 S1,19.0,30.0,3.0,1.0,0.0,0.0,0.0,0.0,0.15789473684210525,1.5789473684210527,0.0,lipid,0.8986174022768099
337.1659849,337.16578,337.165662,C18 H26 O6,18.0,26.0,6.0,0.0,0.0,0.0,0.0,0.0,0.3333333333333333,1.4444444444444444,0.0,lignin,0.7051367445568902
337.1293628,337.129158,337.1292765,C17 H22 O7,17.0,22.0,7.0,0.0,0.0,0.0,0.0,0.0,0.4117647058823529,1.2941176470588236,0.0,lignin,0.8358093880541256
337.1043853,337.1041805,337.1041244,C15 H18 O7 N2,15.0,18.0,7.0,0.0,2.0,0.0,0.0,0.0,0.4666666666666667,1.2,0.13333333333333333,peptide,0.7391060416160629
337.0932045,337.0929997,337.092891,C16 H18 O8,16.0,18.0,8.0,0.0,0.0,0.0,0.0,0.0,0.5,1.125,0.0,lignin,0.9210037118104808
337.0719499,337.0717451,337.0717616,C19 H14 O6,19.0,14.0,6.0,0.0,0.0,0.0,0.0,0.0,0.3157894736842105,0.7368421052631579,0.0,tannin,0.8437524841455692
337.0678873,337.0676826,337.0677389,C14 H14 O8 N2,14.0,14.0,8.0,0.0,2.0,0.0,0.0,0.0,0.5714285714285714,1.0,0.14285714285714285,peptide,0.7797660960091065
337.0565988,337.056394,337.0565055,C15 H14 O9,15.0,14.0,9.0,0.0,0.0,0.0,0.0,0.0,0.6,0.9333333333333333,0.0,tannin,0.8881254643912909
337.0204485,337.0202438,337.02012,C14 H10 O10,14.0,10.0,10.0,0.0,0.0,0.0,0.0,0.0,0.7142857142857143,0.7142857142857143,0.0,tannin,0.8879325968609375
336.1535003,336.1532965,336.1533668,C17 H24 O6 13C1,20.0,24.0,6.0,0.0,0.0,1.0,0.0,0.0,0.3333333333333333,1.263157894736842,0.0,lignin,0.8350098375732738
336.117268,336.1170643,336.1169813,C16 H20 O7 13C1,19.0,20.0,7.0,0.0,0.0,1.0,0.0,0.0,0.4117647058823529,1.1111111111111112,0.0,lignin,0.9249760232823341
336.1091874,336.1089837,336.1088754,C16 H19 O7 N1,16.0,19.0,7.0,0.0,1.0,0.0,0.0,0.0,0.4375,1.1875,0.0625,lignin,0.8400696174012919
336.0807025,336.0804989,336.0805958,C15 H16 O8 13C1,18.0,16.0,8.0,0.0,0.0,1.0,0.0,0.0,0.5,0.9411764705882353,0.0,tannin,0.8850937903516343
336.0726028,336.0723992,336.0724899,C15 H15 O8 N1,15.0,15.0,8.0,0.0,1.0,0.0,0.0,0.0,0.5333333333333333,1.0,0.06666666666666667,tannin,0.7211958645281424
335.1865909,335.1863882,335.1863975,C19 H28 O5,19.0,28.0,5.0,0.0,0.0,0.0,0.0,0.0,0.2631578947368421,1.4736842105263157,0.0,lipid,0.8991111175590936
335.1501968,335.1499941,335.150012,C18 H24 O6,18.0,24.0,6.0,0.0,0.0,0.0,0.0,0.0,0.3333333333333333,1.3333333333333333,0.0,lignin,0.8338729306881776
335.1138055,335.1136029,335.1136264,C17 H20 O7,17.0,20.0,7.0,0.0,0.0,0.0,0.0,0.0,0.4117647058823529,1.1764705882352942,0.0,lignin,0.8363898939247196
335.0885978,335.0883952,335.0884743,C15 H16 O7 N2,15.0,16.0,7.0,0.0,2.0,0.0,0.0,0.0,0.4666666666666667,1.0666666666666667,0.13333333333333333,peptide,0.7517606036881694
335.0808222,335.0806196,335.0806122,C13 H20 O8 S1,13.0,20.0,8.0,1.0,0.0,0.0,0.0,0.0,0.6153846153846154,1.5384615384615385,0.0,lignin,0.7269160324575719
335.0775211,335.0773186,335.0772409,C16 H16 O8,16.0,16.0,8.0,0.0,0.0,0.0,0.0,0.0,0.5,1.0,0.0,tannin,0.5343542876145502
335.0409737,335.0407712,335.0408554,C15 H12 O9,15.0,12.0,9.0,0.0,0.0,0.0,0.0,0.0,0.6,0.8,0.0,tannin,0.8905301293287525
335.0385531,335.0383506,335.0383535,C19 H12 O4 S1,19.0,12.0,4.0,1.0,0.0,0.0,0.0,0.0,0.21052631578947367,0.631578947368421,0.0,pah,0.9431050407975554
334.1378286,334.1376271,334.1377167,C17 H22 O6 13C1,20.0,22.0,6.0,0.0,0.0,1.0,0.0,0.0,0.3333333333333333,1.1578947368421053,0.0,lignin,0.8348790758649425
334.114574,334.1143725,334.1143547,C13 H21 O9 N1,13.0,21.0,9.0,0.0,1.0,0.0,0.0,0.0,0.6923076923076923,1.6153846153846154,0.07692307692307693,carbohydrate,0.9348180987912382
334.1016177,334.1014162,334.1013312,C16 H18 O7 13C1,19.0,18.0,7.0,0.0,0.0,1.0,0.0,0.0,0.4117647058823529,1.0,0.0,lignin,0.9229550960829387
334.0650183,334.0648169,334.0649457,C15 H14 O8 13C1,18.0,14.0,8.0,0.0,0.0,1.0,0.0,0.0,0.5,0.8235294117647058,0.0,tannin,0.889822959778459
334.0569478,334.0567464,334.0568398,C15 H13 O8 N1,15.0,13.0,8.0,0.0,1.0,0.0,0.0,0.0,0.5333333333333333,0.8666666666666667,0.06666666666666667,tannin,0.894039355233246
333.1708594,333.1706589,333.1707474,C19 H26 O5,19.0,26.0,5.0,0.0,0.0,0.0,0.0,0.0,0.2631578947368421,1.368421052631579,0.0,lignin,0.8323166360923718
333.1346296,333.1344292,333.1343619,C18 H22 O6,18.0,22.0,6.0,0.0,0.0,0.0,0.0,0.0,0.3333333333333333,1.2222222222222223,0.0,lignin,0.8362041427795732
333.1192542,333.1190538,333.1191058,C14 H22 O9,14.0,22.0,9.0,0.0,0.0,0.0,0.0,0.0,0.6428571428571429,1.5714285714285714,0.0,carbohydrate,0.8885668019663516
333.1014528,333.1012524,333.1013477,C14 H22 O7 S1,14.0,22.0,7.0,1.0,0.0,0.0,0.0,0.0,0.5,1.5714285714285714,0.0,lignin,0.8263889261114412
333.0980928,333.0978924,333.0979764,C17 H18 O7,17.0,18.0,7.0,0.0,0.0,0.0,0.0,0.0,0.4117647058823529,1.0588235294117647,0.0,lignin,0.9243868824431116
333.0829865,333.0827861,333.0827202,C13 H18 O10,13.0,18.0,10.0,0.0,0.0,0.0,0.0,0.0,0.7692307692307693,1.3846153846153846,0.0,lignin,0.5658735484138511
333.0618602,333.0616599,333.0615909,C16 H14 O8,16.0,14.0,8.0,0.0,0.0,0.0,0.0,0.0,0.5,0.875,0.0,tannin,0.8890450631437485
333.0593964,333.059196,333.059089,C20 H14 O3 S1,20.0,14.0,3.0,1.0,0.0,0.0,0.0,0.0,0.15,0.7,0.0,pah,0.9437012842083246
333.0464423,333.0462419,333.0463347,C12 H14 O11,12.0,14.0,11.0,0.0,0.0,0.0,0.0,0.0,0.9166666666666666,1.1666666666666667,0.0,lignin,0.6248484112574049
333.0254031,333.0252028,333.0252054,C15 H10 O9,15.0,10.0,9.0,0.0,0.0,0.0,0.0,0.0,0.6,0.6666666666666666,0.0,tannin,0.8945985662009732
333.0230122,333.0228119,333.0227034,C19 H10 O4 S1,19.0,10.0,4.0,1.0,0.0,0.0,0.0,0.0,0.21052631578947367,0.5263157894736842,0.0,pah,0.9428801080569631
332.0988469,332.0986476,332.0987047,C13 H19 O9 N1,13.0,19.0,9.0,0.0,1.0,0.0,0.0,0.0,0.6923076923076923,1.4615384615384615,0.07692307692307693,carbohydrate,0.9533587498349985
332.0857733,332.085574,332.0856812,C16 H16 O7 13C1,19.0,16.0,7.0,0.0,0.0,1.0,0.0,0.0,0.4117647058823529,0.8888888888888888,0.0,tannin,0.8848045204150214
331.1551992,331.1550009,331.1550973,C19 H24 O5,19.0,24.0,5.0,0.0,0.0,0.0,0.0,0.0,0.2631578947368421,1.263157894736842,0.0,lignin,0.8338824724607086
331.1400187,331.1398204,331.1398412,C15 H24 O8,15.0,24.0,8.0,0.0,0.0,0.0,0.0,0.0,0.5333333333333333,1.6,0.0,lignin,0.7703039615271742
331.1223352,331.1221369,331.1220831,C15 H24 O6 S1,15.0,24.0,6.0,1.0,0.0,0.0,0.0,0.0,0.4,1.6,0.0,lipid,0.8872600893033035
331.1189819,331.1187836,331.1187118,C18 H20 O6,18.0,20.0,6.0,0.0,0.0,0.0,0.0,0.0,0.3333333333333333,1.1111111111111112,0.0,lignin,0.9267340594453144
331.1036594,331.1034611,331.1034557,C14 H20 O9,14.0,20.0,9.0,0.0,0.0,0.0,0.0,0.0,0.6428571428571429,1.4285714285714286,0.0,lignin,0.8919566447603449
331.0857791,331.0855809,331.0856976,C14 H20 O7 S1,14.0,20.0,7.0,1.0,0.0,0.0,0.0,0.0,0.5,1.4285714285714286,0.0,lignin,0.828556119855055
331.0824164,331.0822182,331.0823263,C17 H16 O7,17.0,16.0,7.0,0.0,0.0,0.0,0.0,0.0,0.4117647058823529,0.9411764705882353,0.0,tannin,0.8835090484390413
331.0672818,331.0670836,331.0670702,C13 H16 O10,13.0,16.0,10.0,0.0,0.0,0.0,0.0,0.0,0.7692307692307693,1.2307692307692308,0.0,lignin,0.938839408363093
331.0462435,331.0460453,331.0459408,C16 H12 O8,16.0,12.0,8.0,0.0,0.0,0.0,0.0,0.0,0.5,0.75,0.0,tannin,0.8908719501658513
331.0307977,331.0305995,331.0306847,C12 H12 O11,12.0,12.0,11.0,0.0,0.0,0.0,0.0,0.0,0.9166666666666666,1.0,0.0,lignin,0.5122702460679782
331.0096901,331.0094919,331.0095553,C15 H8 O9,15.0,8.0,9.0,0.0,0.0,0.0,0.0,0.0,0.6,0.5333333333333333,0.0,tannin,0.8951954681774368
330.1278182,330.127621,330.127546,C14 H22 O8 13C1,17.0,22.0,8.0,0.0,0.0,1.0,0.0,0.0,0.5333333333333333,1.375,0.0,lignin,0.8364756984585029
330.0912631,330.091066,330.0911605,C13 H18 O9 13C1,16.0,18.0,9.0,0.0,0.0,1.0,0.0,0.0,0.6428571428571429,1.2,0.0,lignin,0.9382847688649567
330.0831773,330.0829801,330.0830546,C13 H17 O9 N1,13.0,17.0,9.0,0.0,1.0,0.0,0.0,0.0,0.6923076923076923,1.3076923076923077,0.07692307692307693,carbohydrate,0.9438464604946237
329.1606864,329.1604903,329.1605766,C16 H26 O7,16.0,26.0,7.0,0.0,0.0,0.0,0.0,0.0,0.4375,1.625,0.0,lipid,0.8869790237646585
329.1397221,329.139526,329.1394473,C19 H22 O5,19.0,22.0,5.0,0.0,0.0,0.0,0.0,0.0,0.2631578947368421,1.1578947368421053,0.0,lignin,0.83352829147321
329.1244618,329.1242657,329.1241911,C15 H22 O8,15.0,22.0,8.0,0.0,0.0,0.0,0.0,0.0,0.5333333333333333,1.4666666666666666,0.0,lignin,0.861730255846021
329.1065401,329.106344,329.1064331,C15 H22 O6 S1,15.0,22.0,6.0,1.0,0.0,0.0,0.0,0.0,0.4,1.4666666666666666,0.0,lignin,0.832778997747384
329.1031545,329.1029584,329.1030618,C18 H18 O6,18.0,18.0,6.0,0.0,0.0,0.0,0.0,0.0,0.3333333333333333,1.0,0.0,lignin,0.923420703958074
329.0879344,329.0877383,329.0878056,C14 H18 O9,14.0,18.0,9.0,0.0,0.0,0.0,0.0,0.0,0.6428571428571429,1.2857142857142858,0.0,lignin,0.9368792747396626
329.0703686,329.0701726,329.0700476,C14 H18 O7 S1,14.0,18.0,7.0,1.0,0.0,0.0,0.0,0.0,0.5,1.2857142857142858,0.0,lignin,0.8380029393393551
329.0669807,329.0667847,329.0666763,C17 H14 O7,17.0,14.0,7.0,0.0,0.0,0.0,0.0,0.0,0.4117647058823529,0.8235294117647058,0.0,tannin,0.8872773215868033
329.051623,329.051427,329.0514201,C13 H14 O10,13.0,14.0,10.0,0.0,0.0,0.0,0.0,0.0,0.7692307692307693,1.0769230769230769,0.0,tannin,0.7180414567015891
329.0303937,329.0301977,329.0302907,C16 H10 O8,16.0,10.0,8.0,0.0,0.0,0.0,0.0,0.0,0.5,0.625,0.0,tannin,0.8938624899274175
329.0152858,329.0150899,329.0150346,C12 H10 O11,12.0,10.0,11.0,0.0,0.0,0.0,0.0,0.0,0.9166666666666666,0.8333333333333334,0.0,tannin,0.8297618607998576
328.192009,328.1918139,328.1918893,C17 H30 O2 S1 13C1 18O1,20.0,30.0,2.0,1.0,0.0,1.0,0.0,1.0,0.1111111111111111,1.5789473684210527,0.0,lipid,0.8997481043795575
328.192009,328.1918139,328.1918172,C20 H27 O3 N1,20.0,27.0,3.0,0.0,1.0,0.0,0.0,0.0,0.15,1.35,0.05,lipid,0.9013802193643057
328.1835525,328.1833574,328.1834401,C17 H30 O3 13C1 34S1,20.0,30.0,3.0,0.0,0.0,1.0,1.0,0.0,0.16666666666666666,1.5789473684210527,0.0,lipid,0.8989618582059885
328.1485855,328.1483905,328.1482814,C15 H24 O7 13C1,18.0,24.0,7.0,0.0,0.0,1.0,0.0,0.0,0.4375,1.411764705882353,0.0,lignin,0.8340936994495124
328.1119893,328.1117943,328.1118959,C14 H20 O8 13C1,17.0,20.0,8.0,0.0,0.0,1.0,0.0,0.0,0.5333333333333333,1.25,0.0,lignin,0.8401366394858645
328.1039852,328.1037902,328.10379,C14 H19 O8 N1,14.0,19.0,8.0,0.0,1.0,0.0,0.0,0.0,0.5714285714285714,1.3571428571428572,0.07142857142857142,lipid,0.5625706264400169
328.075731,328.075536,328.0755104,C13 H16 O9 13C1,16.0,16.0,9.0,0.0,0.0,1.0,0.0,0.0,0.6428571428571429,1.0666666666666667,0.0,lignin,0.6334014026835074
328.0675217,328.0673268,328.0674045,C13 H15 O9 N1,13.0,15.0,9.0,0.0,1.0,0.0,0.0,0.0,0.6923076923076923,1.1538461538461537,0.07692307692307693,lignin,0.3669053405577209
327.1912607,327.1910668,327.1909991,C16 H30 O3 S1 13C2,22.0,30.0,3.0,1.0,0.0,2.0,0.0,0.0,0.16666666666666666,1.5,0.0,lipid,0.899790033258871
327.1888122,327.1886182,327.1885345,C18 H30 O2 S1 18O1,18.0,30.0,2.0,1.0,0.0,0.0,0.0,1.0,0.1111111111111111,1.6666666666666667,0.0,lipid,0.8984927327109643
327.1803663,327.1801723,327.1800853,C18 H30 O3 34S1,18.0,30.0,3.0,0.0,0.0,0.0,1.0,0.0,0.16666666666666666,1.6666666666666667,0.0,lipid,0.888944695828793
327.1450152,327.1448212,327.1449266,C16 H24 O7,16.0,24.0,7.0,0.0,0.0,0.0,0.0,0.0,0.4375,1.5,0.0,lignin,0.826658791362721
327.1088105,327.1086166,327.1085411,C15 H20 O8,15.0,20.0,8.0,0.0,0.0,0.0,0.0,0.0,0.5333333333333333,1.3333333333333333,0.0,lignin,0.8375261257160993
327.0908613,327.0906674,327.090783,C15 H20 O6 S1,15.0,20.0,6.0,1.0,0.0,0.0,0.0,0.0,0.4,1.3333333333333333,0.0,lignin,0.8348312264513827
327.0874871,327.0872932,327.0874117,C18 H16 O6,18.0,16.0,6.0,0.0,0.0,0.0,0.0,0.0,0.3333333333333333,0.8888888888888888,0.0,tannin,0.883656302299781
327.0834951,327.0833012,327.0833889,C13 H16 O8 N2,13.0,16.0,8.0,0.0,2.0,0.0,0.0,0.0,0.6153846153846154,1.2307692307692308,0.15384615384615385,peptide,0.6094638550225201
327.0723426,327.0721487,327.0721556,C14 H16 O9,14.0,16.0,9.0,0.0,0.0,0.0,0.0,0.0,0.6428571428571429,1.1428571428571428,0.0,lignin,0.9374702002128649
327.0513116,327.0511178,327.0510262,C17 H12 O7,17.0,12.0,7.0,0.0,0.0,0.0,0.0,0.0,0.4117647058823529,0.7058823529411765,0.0,tannin,0.8907698479587989
327.0359197,327.0357259,327.0357701,C13 H12 O10,13.0,12.0,10.0,0.0,0.0,0.0,0.0,0.0,0.7692307692307693,0.9230769230769231,0.0,tannin,0.8856379466102332
327.0147538,327.01456,327.0146407,C16 H8 O8,16.0,8.0,8.0,0.0,0.0,0.0,0.0,0.0,0.5,0.5,0.0,tannin,0.8773448968768938
326.1877285,326.1875356,326.1876443,C17 H30 O3 S1 13C1,20.0,30.0,3.0,1.0,0.0,1.0,0.0,0.0,0.16666666666666666,1.5789473684210527,0.0,lipid,0.8989618582059885
326.1877285,326.1875356,326.1874005,C19 H25 O2 N3,19.0,25.0,2.0,0.0,3.0,0.0,0.0,0.0,0.10526315789473684,1.3157894736842106,0.15789473684210525,peptide,0.8380939788074763
326.1327347,326.1325418,326.1326313,C15 H22 O7 13C1,18.0,22.0,7.0,0.0,0.0,1.0,0.0,0.0,0.4375,1.2941176470588236,0.0,lignin,0.8363218560715813
326.1246086,326.1244158,326.1245255,C15 H21 O7 N1,15.0,21.0,7.0,0.0,1.0,0.0,0.0,0.0,0.4666666666666667,1.4,0.06666666666666667,lignin,0.6473732152275133
326.0965289,326.0963361,326.0962458,C14 H18 O8 13C1,17.0,18.0,8.0,0.0,0.0,1.0,0.0,0.0,0.5333333333333333,1.125,0.0,lignin,0.920958240304782
326.0884373,326.0882445,326.08814,C14 H17 O8 N1,14.0,17.0,8.0,0.0,1.0,0.0,0.0,0.0,0.5714285714285714,1.2142857142857142,0.07142857142857142,lignin,0.7781818743019522
326.0599545,326.0597618,326.0598603,C13 H14 O9 13C1,16.0,14.0,9.0,0.0,0.0,1.0,0.0,0.0,0.6428571428571429,0.9333333333333333,0.0,tannin,0.8821694670674004
326.0518739,326.0516811,326.0517545,C13 H13 O9 N1,13.0,13.0,9.0,0.0,1.0,0.0,0.0,0.0,0.6923076923076923,1.0,0.07692307692307693,tannin,0.37342540635377397
325.1868543,325.1866625,325.1867914,C14 H30 O8,14.0,30.0,8.0,0.0,0.0,0.0,0.0,0.0,0.5714285714285714,2.142857142857143,0.0,carbohydrate,0.8677103531024659
325.1843836,325.1841918,325.1842895,C18 H30 O3 S1,18.0,30.0,3.0,1.0,0.0,0.0,0.0,0.0,0.16666666666666666,1.6666666666666667,0.0,lipid,0.888944695828793
325.1657747,325.165583,325.165662,C17 H26 O6,17.0,26.0,6.0,0.0,0.0,0.0,0.0,0.0,0.35294117647058826,1.5294117647058822,0.0,lipid,0.8878114900807619
325.1295032,325.1293115,325.1292765,C16 H22 O7,16.0,22.0,7.0,0.0,0.0,0.0,0.0,0.0,0.4375,1.375,0.0,lignin,0.834696160673723
325.1042041,325.1040124,325.1041244,C14 H18 O7 N2,14.0,18.0,7.0,0.0,2.0,0.0,0.0,0.0,0.5,1.2857142857142858,0.14285714285714285,peptide,0.6563457235820602
325.0930763,325.0928846,325.092891,C15 H18 O8,15.0,18.0,8.0,0.0,0.0,0.0,0.0,0.0,0.5333333333333333,1.2,0.0,lignin,0.8421925037004476
325.0720382,325.0718465,325.0717616,C18 H14 O6,18.0,14.0,6.0,0.0,0.0,0.0,0.0,0.0,0.3333333333333333,0.7777777777777778,0.0,tannin,0.8548627581803482
325.0566345,325.0564428,325.0565055,C14 H14 O9,14.0,14.0,9.0,0.0,0.0,0.0,0.0,0.0,0.6428571428571429,1.0,0.0,tannin,0.7149527944849176
325.0354929,325.0353012,325.0353761,C17 H10 O7,17.0,10.0,7.0,0.0,0.0,0.0,0.0,0.0,0.4117647058823529,0.5882352941176471,0.0,tannin,0.7773545675736315
325.020421,325.0202294,325.02012,C13 H10 O10,13.0,10.0,10.0,0.0,0.0,0.0,0.0,0.0,0.7692307692307693,0.7692307692307693,0.0,tannin,0.8870528905610348
324.1534892,324.1532985,324.1533668,C16 H24 O6 13C1,19.0,24.0,6.0,0.0,0.0,1.0,0.0,0.0,0.35294117647058826,1.3333333333333333,0.0,lignin,0.834138383255636
324.1171479,324.1169573,324.1169813,C15 H20 O7 13C1,18.0,20.0,7.0,0.0,0.0,1.0,0.0,0.0,0.4375,1.1764705882352942,0.0,lignin,0.8371149281774726
324.108959,324.1087684,324.1088754,C15 H19 O7 N1,15.0,19.0,7.0,0.0,1.0,0.0,0.0,0.0,0.4666666666666667,1.2666666666666666,0.06666666666666667,lignin,0.8383050121497364
324.0808513,324.0806607,324.0805958,C14 H16 O8 13C1,17.0,16.0,8.0,0.0,0.0,1.0,0.0,0.0,0.5333333333333333,1.0,0.0,tannin,0.7176108154045983
324.0727787,324.0725881,324.0724899,C14 H15 O8 N1,14.0,15.0,8.0,0.0,1.0,0.0,0.0,0.0,0.5714285714285714,1.0714285714285714,0.07142857142857142,lignin,0.8563729129443178
324.0443004,324.0441098,324.0442103,C13 H12 O9 13C1,16.0,12.0,9.0,0.0,0.0,1.0,0.0,0.0,0.6428571428571429,0.8,0.0,tannin,0.8848396023071832
323.1866362,323.1864465,323.1863975,C18 H28 O5,18.0,28.0,5.0,0.0,0.0,0.0,0.0,0.0,0.2777777777777778,1.5555555555555556,0.0,lipid,0.8987935582582616
323.1687391,323.1685495,323.1686394,C18 H28 O3 S1,18.0,28.0,3.0,1.0,0.0,0.0,0.0,0.0,0.16666666666666666,1.5555555555555556,0.0,lipid,0.8986756046916151
323.1502369,323.1500473,323.150012,C17 H24 O6,17.0,24.0,6.0,0.0,0.0,0.0,0.0,0.0,0.35294117647058826,1.411764705882353,0.0,lignin,0.8329576745224795
323.113763,323.1135735,323.1136264,C16 H20 O7,16.0,20.0,7.0,0.0,0.0,0.0,0.0,0.0,0.4375,1.25,0.0,lignin,0.8373942575131214
323.0886342,323.0884446,323.0884743,C14 H16 O7 N2,14.0,16.0,7.0,0.0,2.0,0.0,0.0,0.0,0.5,1.1428571428571428,0.14285714285714285,peptide,0.760235498494061
323.077505,323.0773155,323.0772409,C15 H16 O8,15.0,16.0,8.0,0.0,0.0,0.0,0.0,0.0,0.5333333333333333,1.0666666666666667,0.0,lignin,0.9232136447358632
323.0562979,323.0561084,323.0561116,C18 H12 O6,18.0,12.0,6.0,0.0,0.0,0.0,0.0,0.0,0.3333333333333333,0.6666666666666666,0.0,tannin,0.7270477876743626
323.0409242,323.0407347,323.0408554,C14 H12 O9,14.0,12.0,9.0,0.0,0.0,0.0,0.0,0.0,0.6428571428571429,0.8571428571428571,0.0,tannin,0.8834933495585163
323.0047342,323.0045447,323.0044699,C13 H8 O10,13.0,8.0,10.0,0.0,0.0,0.0,0.0,0.0,0.7692307692307693,0.6153846153846154,0.0,tannin,0.8885616387360239
322.1379663,322.1377778,322.1377167,C16 H22 O6 13C1,19.0,22.0,6.0,0.0,0.0,1.0,0.0,0.0,0.35294117647058826,1.2222222222222223,0.0,lignin,0.836217615596798
322.1014933,322.1013048,322.1013312,C15 H18 O7 13C1,18.0,18.0,7.0,0.0,0.0,1.0,0.0,0.0,0.4375,1.0588235294117647,0.0,lignin,0.923472009386564
322.0934716,322.0932832,322.0932254,C15 H17 O7 N1,15.0,17.0,7.0,0.0,1.0,0.0,0.0,0.0,0.4666666666666667,1.1333333333333333,0.06666666666666667,lignin,0.8433550591016121
322.0650726,322.0648842,322.0649457,C14 H14 O8 13C1,17.0,14.0,8.0,0.0,0.0,1.0,0.0,0.0,0.5333333333333333,0.875,0.0,tannin,0.888489122979059
322.056918,322.0567295,322.0568398,C14 H13 O8 N1,14.0,13.0,8.0,0.0,1.0,0.0,0.0,0.0,0.5714285714285714,0.9285714285714286,0.07142857142857142,tannin,0.8930810985675415
321.1710263,321.1708389,321.1707474,C18 H26 O5,18.0,26.0,5.0,0.0,0.0,0.0,0.0,0.0,0.2777777777777778,1.4444444444444444,0.0,lipid,0.8991485181861709
321.1344449,321.1342575,321.1343619,C17 H22 O6,17.0,22.0,6.0,0.0,0.0,0.0,0.0,0.0,0.35294117647058826,1.2941176470588236,0.0,lignin,0.8347936871323094
321.0982487,321.0980613,321.0979764,C16 H18 O7,16.0,18.0,7.0,0.0,0.0,0.0,0.0,0.0,0.4375,1.125,0.0,lignin,0.9214248872960976
321.0729008,321.0727134,321.0728243,C14 H14 O7 N2,14.0,14.0,7.0,0.0,2.0,0.0,0.0,0.0,0.5,1.0,0.14285714285714285,peptide,0.7978173276360362
321.0617384,321.0615511,321.0615909,C15 H14 O8,15.0,14.0,8.0,0.0,0.0,0.0,0.0,0.0,0.5333333333333333,0.9333333333333333,0.0,tannin,0.8867643302801345
321.0253346,321.0251473,321.0252054,C14 H10 O9,14.0,10.0,9.0,0.0,0.0,0.0,0.0,0.0,0.6428571428571429,0.7142857142857143,0.0,tannin,0.8869560832489952
321.0229052,321.0227179,321.0227034,C18 H10 O4 S1,18.0,10.0,4.0,1.0,0.0,0.0,0.0,0.0,0.2222222222222222,0.5555555555555556,0.0,pah,0.9429517157544065
320.1222672,320.1220809,320.1220667,C16 H20 O6 13C1,19.0,20.0,6.0,0.0,0.0,1.0,0.0,0.0,0.35294117647058826,1.1111111111111112,0.0,lignin,0.9262705821339919
320.0859172,320.0857309,320.0856812,C15 H16 O7 13C1,18.0,16.0,7.0,0.0,0.0,1.0,0.0,0.0,0.4375,0.9411764705882353,0.0,tannin,0.8838667997615035
319.1552514,319.1550661,319.1550973,C18 H24 O5,18.0,24.0,5.0,0.0,0.0,0.0,0.0,0.0,0.2777777777777778,1.3333333333333333,0.0,lignin,0.8329633774835065
319.1189778,319.1187926,319.1187118,C17 H20 O6,17.0,20.0,6.0,0.0,0.0,0.0,0.0,0.0,0.35294117647058826,1.1764705882352942,0.0,lignin,0.8353276377320574
319.0857672,319.085582,319.0856976,C13 H20 O7 S1,13.0,20.0,7.0,1.0,0.0,0.0,0.0,0.0,0.5384615384615384,1.5384615384615385,0.0,lignin,0.8609222479024554
319.0823971,319.0822119,319.0823263,C16 H16 O7,16.0,16.0,7.0,0.0,0.0,0.0,0.0,0.0,0.4375,1.0,0.0,lignin,0.7992225654347699
319.0672412,319.0670561,319.0670702,C12 H16 O10,12.0,16.0,10.0,0.0,0.0,0.0,0.0,0.0,0.8333333333333334,1.3333333333333333,0.0,carbohydrate,0.5639784117201959
319.0461919,319.0460068,319.0459408,C15 H12 O8,15.0,12.0,8.0,0.0,0.0,0.0,0.0,0.0,0.5333333333333333,0.8,0.0,tannin,0.8911066438863413
319.0097134,319.0095282,319.0095553,C14 H8 O9,14.0,8.0,9.0,0.0,0.0,0.0,0.0,0.0,0.6428571428571429,0.5714285714285714,0.0,tannin,0.8978434205669032
318.070117,318.0699329,318.0700311,C15 H14 O7 13C1,18.0,14.0,7.0,0.0,0.0,1.0,0.0,0.0,0.4375,0.8235294117647058,0.0,tannin,0.8883131914278397
317.1759676,317.1757844,317.1758328,C19 H26 O4,19.0,26.0,4.0,0.0,0.0,0.0,0.0,0.0,0.21052631578947367,1.368421052631579,0.0,lipid,0.7456382687071692
317.1395484,317.1393653,317.1394473,C18 H22 O5,18.0,22.0,5.0,0.0,0.0,0.0,0.0,0.0,0.2777777777777778,1.2222222222222223,0.0,lignin,0.834764070643973
317.1242971,317.124114,317.1241911,C14 H22 O8,14.0,22.0,8.0,0.0,0.0,0.0,0.0,0.0,0.5714285714285714,1.5714285714285714,0.0,lignin,0.7271302743620597
317.1033113,317.1031283,317.1030618,C17 H18 O6,17.0,18.0,6.0,0.0,0.0,0.0,0.0,0.0,0.35294117647058826,1.0588235294117647,0.0,lignin,0.9245567414538481
317.087996,317.087813,317.0878056,C13 H18 O9,13.0,18.0,9.0,0.0,0.0,0.0,0.0,0.0,0.6923076923076923,1.3846153846153846,0.0,lignin,0.8922808678413778
317.0667647,317.0665817,317.0666763,C16 H14 O7,16.0,14.0,7.0,0.0,0.0,0.0,0.0,0.0,0.4375,0.875,0.0,tannin,0.8859132597764695
317.0516304,317.0514474,317.0514201,C12 H14 O10,12.0,14.0,10.0,0.0,0.0,0.0,0.0,0.0,0.8333333333333334,1.1666666666666667,0.0,lignin,0.8744597392723461
317.030548,317.030365,317.0302907,C15 H10 O8,15.0,10.0,8.0,0.0,0.0,0.0,0.0,0.0,0.5333333333333333,0.6666666666666666,0.0,tannin,0.8934645445227268
316.1121611,316.1119791,316.1118959,C13 H20 O8 13C1,16.0,20.0,8.0,0.0,0.0,1.0,0.0,0.0,0.5714285714285714,1.3333333333333333,0.0,lignin,0.8696465861808613
315.1450152,315.1448342,315.1449266,C15 H24 O7,15.0,24.0,7.0,0.0,0.0,0.0,0.0,0.0,0.4666666666666667,1.6,0.0,lipid,0.8869126513252631
315.1240791,315.1238982,315.1237972,C18 H20 O5,18.0,20.0,5.0,0.0,0.0,0.0,0.0,0.0,0.2777777777777778,1.1111111111111112,0.0,lignin,0.9219647281288811
315.1086874,315.1085064,315.1085411,C14 H20 O8,14.0,20.0,8.0,0.0,0.0,0.0,0.0,0.0,0.5714285714285714,1.4285714285714286,0.0,lignin,0.8618200331180074
315.09087,315.0906891,315.090783,C14 H20 O6 S1,14.0,20.0,6.0,1.0,0.0,0.0,0.0,0.0,0.42857142857142855,1.4285714285714286,0.0,lignin,0.8336997195330937
315.0875188,315.0873379,315.0874117,C17 H16 O6,17.0,16.0,6.0,0.0,0.0,0.0,0.0,0.0,0.35294117647058826,0.9411764705882353,0.0,tannin,0.8828733065917028
315.0723896,315.0722087,315.0721556,C13 H16 O9,13.0,16.0,9.0,0.0,0.0,0.0,0.0,0.0,0.6923076923076923,1.2307692307692308,0.0,lignin,0.9376766394804676
315.0512107,315.0510299,315.0510262,C16 H12 O7,16.0,12.0,7.0,0.0,0.0,0.0,0.0,0.0,0.4375,0.75,0.0,tannin,0.890773357599144
315.0358654,315.0356845,315.0357701,C12 H12 O10,12.0,12.0,10.0,0.0,0.0,0.0,0.0,0.0,0.8333333333333334,1.0,0.0,tannin,0.7190583958289893
315.0148986,315.0147178,315.0146407,C15 H8 O8,15.0,8.0,8.0,0.0,0.0,0.0,0.0,0.0,0.5333333333333333,0.5333333333333333,0.0,tannin,0.8898714510500616
314.1678867,314.1677068,314.1677901,C16 H28 O3 13C1 34S1,19.0,28.0,3.0,0.0,0.0,1.0,1.0,0.0,0.17647058823529413,1.5555555555555556,0.0,lipid,0.8990104530272461
314.1327917,314.1326118,314.1326313,C14 H22 O7 13C1,17.0,22.0,7.0,0.0,0.0,1.0,0.0,0.0,0.4666666666666667,1.375,0.0,lignin,0.8351782870436602
314.0965085,314.0963287,314.0962458,C13 H18 O8 13C1,16.0,18.0,8.0,0.0,0.0,1.0,0.0,0.0,0.5714285714285714,1.2,0.0,lignin,0.8933125615203625
314.0599307,314.0597509,314.0598603,C12 H14 O9 13C1,15.0,14.0,9.0,0.0,0.0,1.0,0.0,0.0,0.6923076923076923,1.0,0.0,tannin,0.7188115571954774
313.1755726,313.1753937,313.1753491,C15 H28 O3 S1 13C2,21.0,28.0,3.0,1.0,0.0,2.0,0.0,0.0,0.17647058823529413,1.4736842105263157,0.0,lipid,0.8998414683388551
313.1730903,313.1729115,313.1728844,C17 H28 O2 S1 18O1,17.0,28.0,2.0,1.0,0.0,0.0,0.0,1.0,0.11764705882352941,1.6470588235294117,0.0,lipid,0.8985439402973565
313.1657788,313.1655999,313.165662,C16 H26 O6,16.0,26.0,6.0,0.0,0.0,0.0,0.0,0.0,0.375,1.625,0.0,lipid,0.8873111679940516
313.1645414,313.1643626,313.1644352,C17 H28 O3 34S1,17.0,28.0,3.0,0.0,0.0,0.0,1.0,0.0,0.17647058823529413,1.6470588235294117,0.0,lipid,0.8889728478521761
313.1295424,313.1293636,313.1292765,C15 H22 O7,15.0,22.0,7.0,0.0,0.0,0.0,0.0,0.0,0.4666666666666667,1.4666666666666666,0.0,lignin,0.8274811547227106
313.108245,313.1080662,313.1081471,C18 H18 O5,18.0,18.0,5.0,0.0,0.0,0.0,0.0,0.0,0.2777777777777778,1.0,0.0,lignin,0.9239849144886133
313.092992,313.0928132,313.092891,C14 H18 O8,14.0,18.0,8.0,0.0,0.0,0.0,0.0,0.0,0.5714285714285714,1.2857142857142858,0.0,lignin,0.8752388783801066
313.0720071,313.0718283,313.0717616,C17 H14 O6,17.0,14.0,6.0,0.0,0.0,0.0,0.0,0.0,0.35294117647058826,0.8235294117647058,0.0,tannin,0.8854418080154431
313.0566805,313.0565018,313.0565055,C13 H14 O9,13.0,14.0,9.0,0.0,0.0,0.0,0.0,0.0,0.6923076923076923,1.0769230769230769,0.0,lignin,0.6339076759245675
313.0354604,313.0352817,313.0353761,C16 H10 O7,16.0,10.0,7.0,0.0,0.0,0.0,0.0,0.0,0.4375,0.625,0.0,tannin,0.883905764427005
313.0203506,313.0201719,313.02012,C12 H10 O10,12.0,10.0,10.0,0.0,0.0,0.0,0.0,0.0,0.8333333333333334,0.8333333333333334,0.0,tannin,0.8863079559534445
312.1751678,312.17499,312.1751218,C15 H27 O2 S1 N3,15.0,27.0,2.0,1.0,3.0,0.0,0.0,0.0,0.13333333333333333,1.8,0.2,peptide,0.861526881443468
312.1722525,312.1720747,312.1719942,C16 H28 O3 S1 13C1,19.0,28.0,3.0,1.0,0.0,1.0,0.0,0.0,0.17647058823529413,1.5555555555555556,0.0,lipid,0.8990104530272461
312.1534769,312.1532992,312.1533668,C15 H24 O6 13C1,18.0,24.0,6.0,0.0,0.0,1.0,0.0,0.0,0.375,1.411764705882353,0.0,lignin,0.8332323339627408
312.1172275,312.1170498,312.1169813,C14 H20 O7 13C1,17.0,20.0,7.0,0.0,0.0,1.0,0.0,0.0,0.4666666666666667,1.25,0.0,lignin,0.8381314863660598
312.0806892,312.0805115,312.0805958,C13 H16 O8 13C1,16.0,16.0,8.0,0.0,0.0,1.0,0.0,0.0,0.5714285714285714,1.0666666666666667,0.0,lignin,0.7994708797593341
312.0726631,312.0724854,312.0724899,C13 H15 O8 N1,13.0,15.0,8.0,0.0,1.0,0.0,0.0,0.0,0.6153846153846154,1.1538461538461537,0.07692307692307693,lipid,0.7869196752932266
311.1688487,311.168672,311.1686394,C17 H28 O3 S1,17.0,28.0,3.0,1.0,0.0,0.0,0.0,0.0,0.17647058823529413,1.6470588235294117,0.0,lipid,0.8889728478521761
311.1501211,311.1499444,311.150012,C16 H24 O6,16.0,24.0,6.0,0.0,0.0,0.0,0.0,0.0,0.375,1.5,0.0,lipid,0.6148219769299166
311.1138759,311.1136992,311.1136264,C15 H20 O7,15.0,20.0,7.0,0.0,0.0,0.0,0.0,0.0,0.4666666666666667,1.3333333333333333,0.0,lignin,0.8360323034652948
311.0885603,311.0883837,311.0884743,C13 H16 O7 N2,13.0,16.0,7.0,0.0,2.0,0.0,0.0,0.0,0.5384615384615384,1.2307692307692308,0.15384615384615385,peptide,0.7434289198731383
311.077333,311.0771564,311.0772409,C14 H16 O8,14.0,16.0,8.0,0.0,0.0,0.0,0.0,0.0,0.5714285714285714,1.1428571428571428,0.0,lignin,0.8989317700208057
311.0563666,311.05619,311.0561116,C17 H12 O6,17.0,12.0,6.0,0.0,0.0,0.0,0.0,0.0,0.35294117647058826,0.7058823529411765,0.0,tannin,0.8494030671694894
311.0409942,311.0408176,311.0408554,C13 H12 O9,13.0,12.0,9.0,0.0,0.0,0.0,0.0,0.0,0.6923076923076923,0.9230769230769231,0.0,tannin,0.8857762110787479
310.1777319,310.1775563,310.1774735,C13 H30 O5 S1 13C1,16.0,30.0,5.0,1.0,0.0,1.0,0.0,0.0,0.35714285714285715,2.0,0.0,lipid,0.8964618567326632
310.137807,310.1376314,310.1377167,C15 H22 O6 13C1,18.0,22.0,6.0,0.0,0.0,1.0,0.0,0.0,0.375,1.2941176470588236,0.0,lignin,0.8351476967092655
310.1014297,310.1012541,310.1013312,C14 H18 O7 13C1,17.0,18.0,7.0,0.0,0.0,1.0,0.0,0.0,0.4666666666666667,1.125,0.0,lignin,0.9211753443298191
310.0933062,310.0931306,310.0932254,C14 H17 O7 N1,14.0,17.0,7.0,0.0,1.0,0.0,0.0,0.0,0.5,1.2142857142857142,0.07142857142857142,lignin,0.8412271901842306
310.0570306,310.0568551,310.0568398,C13 H13 O8 N1,13.0,13.0,8.0,0.0,1.0,0.0,0.0,0.0,0.6153846153846154,1.0,0.07692307692307693,tannin,0.31729314154313215
309.174255,309.1740804,309.1741187,C14 H30 O5 S1,14.0,30.0,5.0,1.0,0.0,0.0,0.0,0.0,0.35714285714285715,2.142857142857143,0.0,lipid,0.8956212142412795
309.1708506,309.170676,309.1707474,C17 H26 O5,17.0,26.0,5.0,0.0,0.0,0.0,0.0,0.0,0.29411764705882354,1.5294117647058822,0.0,lipid,0.8988160217185006
309.1531031,309.1529285,309.1529893,C17 H26 O3 S1,17.0,26.0,3.0,1.0,0.0,0.0,0.0,0.0,0.17647058823529413,1.5294117647058822,0.0,lipid,0.898686118928391
309.1346142,309.1344396,309.1343619,C16 H22 O6,16.0,22.0,6.0,0.0,0.0,0.0,0.0,0.0,0.375,1.375,0.0,lignin,0.8337856979677092
309.0981169,309.0979424,309.0979764,C15 H18 O7,15.0,18.0,7.0,0.0,0.0,0.0,0.0,0.0,0.4666666666666667,1.2,0.0,lignin,0.8397460427075563
309.061693,309.0615185,309.0615909,C14 H14 O8,14.0,14.0,8.0,0.0,0.0,0.0,0.0,0.0,0.5714285714285714,1.0,0.0,tannin,0.7188318803289729
309.0406253,309.0404508,309.0404615,C17 H10 O6,17.0,10.0,6.0,0.0,0.0,0.0,0.0,0.0,0.35294117647058826,0.5882352941176471,0.0,tannin,0.6960810007008543
309.0254664,309.025292,309.0252054,C13 H10 O9,13.0,10.0,9.0,0.0,0.0,0.0,0.0,0.0,0.6923076923076923,0.7692307692307693,0.0,tannin,0.8874969172166368
308.1222463,308.1220728,308.1220667,C15 H20 O6 13C1,18.0,20.0,6.0,0.0,0.0,1.0,0.0,0.0,0.375,1.1764705882352942,0.0,lignin,0.8354532908697914
308.0857615,308.0855881,308.0856812,C14 H16 O7 13C1,17.0,16.0,7.0,0.0,0.0,1.0,0.0,0.0,0.4666666666666667,1.0,0.0,lignin,0.7986357318668967
308.0776503,308.0774768,308.0775753,C14 H15 O7 N1,14.0,15.0,7.0,0.0,1.0,0.0,0.0,0.0,0.5,1.0714285714285714,0.07142857142857142,lignin,0.9546236922521475
307.1552796,307.1551072,307.1550973,C17 H24 O5,17.0,24.0,5.0,0.0,0.0,0.0,0.0,0.0,0.29411764705882354,1.411764705882353,0.0,lignin,0.7051016842310384
307.1187749,307.1186025,307.1187118,C16 H20 O6,16.0,20.0,6.0,0.0,0.0,0.0,0.0,0.0,0.375,1.25,0.0,lignin,0.8360428301224448
307.0825311,307.0823587,307.0823263,C15 H16 O7,15.0,16.0,7.0,0.0,0.0,0.0,0.0,0.0,0.4666666666666667,1.0666666666666667,0.0,lignin,0.9233844942863406
307.0612927,307.0611204,307.061197,C18 H12 O5,18.0,12.0,5.0,0.0,0.0,0.0,0.0,0.0,0.2777777777777778,0.6666666666666666,0.0,tannin,0.6801360751234795
307.0461658,307.0459935,307.0459408,C14 H12 O8,14.0,12.0,8.0,0.0,0.0,0.0,0.0,0.0,0.5714285714285714,0.8571428571428571,0.0,tannin,0.8892786090516557
307.009633,307.0094608,307.0095553,C13 H8 O9,13.0,8.0,9.0,0.0,0.0,0.0,0.0,0.0,0.6923076923076923,0.6153846153846154,0.0,tannin,0.8879898039997363
306.106487,306.1063157,306.1064166,C15 H18 O6 13C1,18.0,18.0,6.0,0.0,0.0,1.0,0.0,0.0,0.375,1.0588235294117647,0.0,lignin,0.9242612529285242
306.0620003,306.0618291,306.0619252,C14 H13 O7 N1,14.0,13.0,7.0,0.0,1.0,0.0,0.0,0.0,0.5,0.9285714285714286,0.07142857142857142,tannin,0.8914319061732681
305.1396814,305.1395111,305.1394473,C17 H22 O5,17.0,22.0,5.0,0.0,0.0,0.0,0.0,0.0,0.29411764705882354,1.2941176470588236,0.0,lignin,0.8343052553156408
305.1031786,305.1030084,305.1030618,C16 H18 O6,16.0,18.0,6.0,0.0,0.0,0.0,0.0,0.0,0.375,1.125,0.0,lignin,0.9229646011340614
305.0667784,305.0666082,305.0666763,C15 H14 O7,15.0,14.0,7.0,0.0,0.0,0.0,0.0,0.0,0.4666666666666667,0.9333333333333333,0.0,tannin,0.8850785374321092
305.0515264,305.0513562,305.0514201,C11 H14 O10,11.0,14.0,10.0,0.0,0.0,0.0,0.0,0.0,0.9090909090909091,1.2727272727272727,0.0,carbohydrate,0.7789480737350521
305.0305314,305.0303612,305.0302907,C14 H10 O8,14.0,10.0,8.0,0.0,0.0,0.0,0.0,0.0,0.5714285714285714,0.7142857142857143,0.0,tannin,0.8935087459366077
303.2331611,303.2329928,303.2329537,C20 H32 O2,20.0,32.0,2.0,0.0,0.0,0.0,0.0,0.0,0.1,1.6,0.0,lipid,0.899713573065555
303.1603414,303.1601733,303.1601827,C18 H24 O4,18.0,24.0,4.0,0.0,0.0,0.0,0.0,0.0,0.2222222222222222,1.3333333333333333,0.0,lignin,0.8324014405169778
303.1239957,303.1238276,303.1237972,C17 H20 O5,17.0,20.0,5.0,0.0,0.0,0.0,0.0,0.0,0.29411764705882354,1.1764705882352942,0.0,lignin,0.833735882213856
303.1087398,303.1085717,303.1085411,C13 H20 O8,13.0,20.0,8.0,0.0,0.0,0.0,0.0,0.0,0.6153846153846154,1.5384615384615385,0.0,lignin,0.7269160324575719
303.0875039,303.0873358,303.0874117,C16 H16 O6,16.0,16.0,6.0,0.0,0.0,0.0,0.0,0.0,0.375,1.0,0.0,lignin,0.923123916587147
303.0723957,303.0722276,303.0721556,C12 H16 O9,12.0,16.0,9.0,0.0,0.0,0.0,0.0,0.0,0.75,1.3333333333333333,0.0,lignin,0.8925303720950334
303.0511323,303.0509642,303.0510262,C15 H12 O7,15.0,12.0,7.0,0.0,0.0,0.0,0.0,0.0,0.4666666666666667,0.8,0.0,tannin,0.889493852203471
303.0358649,303.0356968,303.0357701,C11 H12 O10,11.0,12.0,10.0,0.0,0.0,0.0,0.0,0.0,0.9090909090909091,1.0909090909090908,0.0,lignin,0.5145085342989781
303.0149006,303.0147326,303.0146407,C14 H8 O8,14.0,8.0,8.0,0.0,0.0,0.0,0.0,0.0,0.5714285714285714,0.5714285714285714,0.0,tannin,0.8948167752876159
302.0965019,302.0963349,302.0962458,C12 H18 O8 13C1,15.0,18.0,8.0,0.0,0.0,1.0,0.0,0.0,0.6153846153846154,1.2857142857142858,0.0,lignin,0.9370385387477494
301.1657377,301.1655717,301.165662,C15 H26 O6,15.0,26.0,6.0,0.0,0.0,0.0,0.0,0.0,0.4,1.7333333333333334,0.0,lipid,0.9111859593091663
301.1294405,301.1292745,301.1292765,C14 H22 O7,14.0,22.0,7.0,0.0,0.0,0.0,0.0,0.0,0.5,1.5714285714285714,0.0,lignin,0.8263889261114412
301.1082536,301.1080876,301.1081471,C17 H18 O5,17.0,18.0,5.0,0.0,0.0,0.0,0.0,0.0,0.29411764705882354,1.0588235294117647,0.0,lignin,0.9255307396533438
301.0931156,301.0929496,301.092891,C13 H18 O8,13.0,18.0,8.0,0.0,0.0,0.0,0.0,0.0,0.6153846153846154,1.3846153846153846,0.0,lignin,0.8926995596815853
301.0718658,301.0716998,301.0717616,C16 H14 O6,16.0,14.0,6.0,0.0,0.0,0.0,0.0,0.0,0.375,0.875,0.0,tannin,0.8845091569594329
301.0566099,301.0564439,301.0565055,C12 H14 O9,12.0,14.0,9.0,0.0,0.0,0.0,0.0,0.0,0.75,1.1666666666666667,0.0,lignin,0.8133037870772206
301.0356195,301.0354536,301.0353761,C15 H10 O7,15.0,10.0,7.0,0.0,0.0,0.0,0.0,0.0,0.4666666666666667,0.6666666666666666,0.0,tannin,0.892395113956824
301.0201944,301.0200285,301.02012,C11 H10 O10,11.0,10.0,10.0,0.0,0.0,0.0,0.0,0.0,0.9090909090909091,0.9090909090909091,0.0,lignin,0.4695268407596129
300.1170561,300.1168912,300.1169813,C13 H20 O7 13C1,16.0,20.0,7.0,0.0,0.0,1.0,0.0,0.0,0.5,1.3333333333333333,0.0,lignin,0.8367388707990248
300.0807959,300.080631,300.0805958,C12 H16 O8 13C1,15.0,16.0,8.0,0.0,0.0,1.0,0.0,0.0,0.6153846153846154,1.1428571428571428,0.0,lignin,0.9022591180044264
300.0725816,300.0724167,300.0724899,C12 H15 O8 N1,12.0,15.0,8.0,0.0,1.0,0.0,0.0,0.0,0.6666666666666666,1.25,0.08333333333333333,carbohydrate,0.8233978283967615
299.1598961,299.1597322,299.159699,C14 H26 O3 S1 13C2,20.0,26.0,3.0,1.0,0.0,2.0,0.0,0.0,0.1875,1.4444444444444444,0.0,lipid,0.8998978605532002
299.1502455,299.1500816,299.150012,C15 H24 O6,15.0,24.0,6.0,0.0,0.0,0.0,0.0,0.0,0.4,1.6,0.0,lipid,0.8872600893033035
299.1490159,299.148852,299.1487852,C16 H26 O3 34S1,16.0,26.0,3.0,0.0,0.0,0.0,1.0,0.0,0.1875,1.625,0.0,lipid,0.8890041742701991
299.1137689,299.113605,299.1136264,C14 H20 O7,14.0,20.0,7.0,0.0,0.0,0.0,0.0,0.0,0.5,1.4285714285714286,0.0,lignin,0.828556119855055
299.0926961,299.0925322,299.0924971,C17 H16 O5,17.0,16.0,5.0,0.0,0.0,0.0,0.0,0.0,0.29411764705882354,0.9411764705882353,0.0,lignin,0.7565878456884627
299.0773203,299.0771564,299.0772409,C13 H16 O8,13.0,16.0,8.0,0.0,0.0,0.0,0.0,0.0,0.6153846153846154,1.2307692307692308,0.0,lignin,0.9053265793697985
299.0563539,299.0561901,299.0561116,C16 H12 O6,16.0,12.0,6.0,0.0,0.0,0.0,0.0,0.0,0.375,0.75,0.0,tannin,0.8862744334605269
299.0410266,299.0408628,299.0408554,C12 H12 O9,12.0,12.0,9.0,0.0,0.0,0.0,0.0,0.0,0.75,1.0,0.0,tannin,0.7187722595064604
299.0198187,299.0196549,299.0197261,C15 H8 O7,15.0,8.0,7.0,0.0,0.0,0.0,0.0,0.0,0.4666666666666667,0.5333333333333333,0.0,tannin,0.8762164406162691
298.1564725,298.1563096,298.1563442,C15 H26 O3 S1 13C1,18.0,26.0,3.0,1.0,0.0,1.0,0.0,0.0,0.1875,1.5294117647058822,0.0,lipid,0.8990120440566558
298.1378186,298.1376558,298.1377167,C14 H22 O6 13C1,17.0,22.0,6.0,0.0,0.0,1.0,0.0,0.0,0.4,1.375,0.0,lignin,0.8341389573391647
298.1014172,298.1012544,298.1013312,C13 H18 O7 13C1,16.0,18.0,7.0,0.0,0.0,1.0,0.0,0.0,0.5,1.2,0.0,lignin,0.8408858900156151
298.0932977,298.0931349,298.0932254,C13 H17 O7 N1,13.0,17.0,7.0,0.0,1.0,0.0,0.0,0.0,0.5384615384615384,1.3076923076923077,0.07692307692307693,lipid,0.7954205499664403
298.0651459,298.0649832,298.0649457,C12 H14 O8 13C1,15.0,14.0,8.0,0.0,0.0,1.0,0.0,0.0,0.6153846153846154,1.0,0.0,tannin,0.7205507942565264
297.1708231,297.1706613,297.1707474,C16 H26 O5,16.0,26.0,5.0,0.0,0.0,0.0,0.0,0.0,0.3125,1.625,0.0,lipid,0.8877169641925093
297.1531933,297.1530315,297.1529893,C16 H26 O3 S1,16.0,26.0,3.0,1.0,0.0,0.0,0.0,0.0,0.1875,1.625,0.0,lipid,0.8890041742701991
297.134476,297.1343142,297.1343619,C15 H22 O6,15.0,22.0,6.0,0.0,0.0,0.0,0.0,0.0,0.4,1.4666666666666666,0.0,lignin,0.832778997747384
297.0981863,297.0980245,297.0979764,C14 H18 O7,14.0,18.0,7.0,0.0,0.0,0.0,0.0,0.0,0.5,1.2857142857142858,0.0,lignin,0.8380029393393551
297.0769217,297.07676,297.076847,C17 H14 O5,17.0,14.0,5.0,0.0,0.0,0.0,0.0,0.0,0.29411764705882354,0.8235294117647058,0.0,tannin,0.852881125715319
297.0617906,297.0616289,297.0615909,C13 H14 O8,13.0,14.0,8.0,0.0,0.0,0.0,0.0,0.0,0.6153846153846154,1.0769230769230769,0.0,lignin,0.7958895041891748
297.0405995,297.0404378,297.0404615,C16 H10 O6,16.0,10.0,6.0,0.0,0.0,0.0,0.0,0.0,0.375,0.625,0.0,tannin,0.745406741314586
297.0252726,297.025111,297.0252054,C12 H10 O9,12.0,10.0,9.0,0.0,0.0,0.0,0.0,0.0,0.75,0.8333333333333334,0.0,tannin,0.8865392976559668
296.1221452,296.1219845,296.1220667,C14 H20 O6 13C1,17.0,20.0,6.0,0.0,0.0,1.0,0.0,0.0,0.4,1.25,0.0,lignin,0.8365464686039236
296.0858839,296.0857233,296.0856812,C13 H16 O7 13C1,16.0,16.0,7.0,0.0,0.0,1.0,0.0,0.0,0.5,1.0666666666666667,0.0,lignin,0.9232332884219066
296.077693,296.0775323,296.0775753,C13 H15 O7 N1,13.0,15.0,7.0,0.0,1.0,0.0,0.0,0.0,0.5384615384615384,1.1538461538461537,0.07692307692307693,lipid,0.5107634105780485
295.1552436,295.1550839,295.1550973,C16 H24 O5,16.0,24.0,5.0,0.0,0.0,0.0,0.0,0.0,0.3125,1.5,0.0,lipid,0.8988389064480587
295.1375668,295.1374071,295.1373393,C16 H24 O3 S1,16.0,24.0,3.0,1.0,0.0,0.0,0.0,0.0,0.1875,1.5,0.0,lipid,0.8987552071022504
295.1187763,295.1186166,295.1187118,C15 H20 O6,15.0,20.0,6.0,0.0,0.0,0.0,0.0,0.0,0.4,1.3333333333333333,0.0,lignin,0.8348312264513827
295.0824482,295.0822886,295.0823263,C14 H16 O7,14.0,16.0,7.0,0.0,0.0,0.0,0.0,0.0,0.5,1.1428571428571428,0.0,lignin,0.8794083712807748
295.0613385,295.0611789,295.061197,C17 H12 O5,17.0,12.0,5.0,0.0,0.0,0.0,0.0,0.0,0.29411764705882354,0.7058823529411765,0.0,tannin,0.7060984178313285
295.0461608,295.0460013,295.0459408,C13 H12 O8,13.0,12.0,8.0,0.0,0.0,0.0,0.0,0.0,0.6153846153846154,0.9230769230769231,0.0,tannin,0.8884490667931082
295.0097512,295.0095917,295.0095553,C12 H8 O9,12.0,8.0,9.0,0.0,0.0,0.0,0.0,0.0,0.75,0.6666666666666666,0.0,tannin,0.8881708342558327
294.1826321,294.1824735,294.1825589,C13 H30 O4 S1 13C1,16.0,30.0,4.0,1.0,0.0,1.0,0.0,0.0,0.2857142857142857,2.0,0.0,lipid,0.897247343828203
294.1066229,294.1064643,294.1064166,C14 H18 O6 13C1,17.0,18.0,6.0,0.0,0.0,1.0,0.0,0.0,0.4,1.125,0.0,lignin,0.9218917472351599
293.1794257,293.1792681,293.1792041,C14 H30 O4 S1,14.0,30.0,4.0,1.0,0.0,0.0,0.0,0.0,0.2857142857142857,2.142857142857143,0.0,lipid,0.8955191198880857
293.1760461,293.1758885,293.1758328,C17 H26 O4,17.0,26.0,4.0,0.0,0.0,0.0,0.0,0.0,0.23529411764705882,1.5294117647058822,0.0,lipid,0.8990112637133644
293.1396096,293.139452,293.1394473,C16 H22 O5,16.0,22.0,5.0,0.0,0.0,0.0,0.0,0.0,0.3125,1.375,0.0,lignin,0.8329880235153558
293.1031315,293.102974,293.1030618,C15 H18 O6,15.0,18.0,6.0,0.0,0.0,0.0,0.0,0.0,0.4,1.2,0.0,lignin,0.8378584543447772
293.0667708,293.0666133,293.0666763,C14 H14 O7,14.0,14.0,7.0,0.0,0.0,0.0,0.0,0.0,0.5,1.0,0.0,tannin,0.5343542876145502
293.0305012,293.0303438,293.0302907,C13 H10 O8,13.0,10.0,8.0,0.0,0.0,0.0,0.0,0.0,0.6153846153846154,0.7692307692307693,0.0,tannin,0.8914544161409926
291.1603919,291.1602364,291.1601827,C17 H24 O4,17.0,24.0,4.0,0.0,0.0,0.0,0.0,0.0,0.23529411764705882,1.411764705882353,0.0,lipid,0.8992532727975069
291.1239438,291.1237884,291.1237972,C16 H20 O5,16.0,20.0,5.0,0.0,0.0,0.0,0.0,0.0,0.3125,1.25,0.0,lignin,0.8352792419034845
291.087486,291.0873306,291.0874117,C15 H16 O6,15.0,16.0,6.0,0.0,0.0,0.0,0.0,0.0,0.4,1.0666666666666667,0.0,lignin,0.9246725587986866
291.051138,291.0509827,291.0510262,C14 H12 O7,14.0,12.0,7.0,0.0,0.0,0.0,0.0,0.0,0.5,0.8571428571428571,0.0,tannin,0.8890613313709632
291.0148467,291.0146914,291.0146407,C13 H8 O8,13.0,8.0,8.0,0.0,0.0,0.0,0.0,0.0,0.6153846153846154,0.6153846153846154,0.0,tannin,0.8974338428700925
289.1446795,289.1445261,289.1445327,C17 H22 O4,17.0,22.0,4.0,0.0,0.0,0.0,0.0,0.0,0.23529411764705882,1.2941176470588236,0.0,lignin,0.8330785120208389
289.1082318,289.1080784,289.1081471,C16 H18 O5,16.0,18.0,5.0,0.0,0.0,0.0,0.0,0.0,0.3125,1.125,0.0,lignin,0.9177999416139782
289.0931104,289.092957,289.092891,C12 H18 O8,12.0,18.0,8.0,0.0,0.0,0.0,0.0,0.0,0.6666666666666666,1.5,0.0,carbohydrate,0.7597194088557342
289.0718416,289.0716883,289.0717616,C15 H14 O6,15.0,14.0,6.0,0.0,0.0,0.0,0.0,0.0,0.4,0.9333333333333333,0.0,tannin,0.8835357083635376
289.0566578,289.0565046,289.0565055,C11 H14 O9,11.0,14.0,9.0,0.0,0.0,0.0,0.0,0.0,0.8181818181818182,1.2727272727272727,0.0,lignin,0.902400928979899
289.0355428,289.0353896,289.0353761,C14 H10 O7,14.0,10.0,7.0,0.0,0.0,0.0,0.0,0.0,0.5,0.7142857142857143,0.0,tannin,0.8915950396808302
287.1289461,287.1287948,287.1288826,C17 H20 O4,17.0,20.0,4.0,0.0,0.0,0.0,0.0,0.0,0.23529411764705882,1.1764705882352942,0.0,lignin,0.8328668078928707
287.11384,287.1136887,287.1136264,C13 H20 O7,13.0,20.0,7.0,0.0,0.0,0.0,0.0,0.0,0.5384615384615384,1.5384615384615385,0.0,lignin,0.8609222479024554
287.0925809,287.0924296,287.0924971,C16 H16 O5,16.0,16.0,5.0,0.0,0.0,0.0,0.0,0.0,0.3125,1.0,0.0,lignin,0.9236088029065634
287.0773699,287.0772187,287.0772409,C12 H16 O8,12.0,16.0,8.0,0.0,0.0,0.0,0.0,0.0,0.6666666666666666,1.3333333333333333,0.0,lignin,0.892751693052811
287.0562804,287.0561293,287.0561116,C15 H12 O6,15.0,12.0,6.0,0.0,0.0,0.0,0.0,0.0,0.4,0.8,0.0,tannin,0.887987590440153
287.0409346,287.0407835,287.0408554,C11 H12 O9,11.0,12.0,9.0,0.0,0.0,0.0,0.0,0.0,0.8181818181818182,1.0909090909090908,0.0,tannin,0.660646761560079
287.0199228,287.0197716,287.0197261,C14 H8 O7,14.0,8.0,7.0,0.0,0.0,0.0,0.0,0.0,0.5,0.5714285714285714,0.0,tannin,0.8893091737241979
286.1014879,286.1013377,286.1013312,C12 H18 O7 13C1,15.0,18.0,7.0,0.0,0.0,1.0,0.0,0.0,0.5384615384615384,1.2857142857142858,0.0,lignin,0.839058291545172
286.0438955,286.0437453,286.0438163,C14 H10 O6 13C1,17.0,10.0,6.0,0.0,0.0,1.0,0.0,0.0,0.4,0.625,0.0,tannin,0.8506305274485284
285.1345423,285.1343931,285.1343619,C14 H22 O6,14.0,22.0,6.0,0.0,0.0,0.0,0.0,0.0,0.42857142857142855,1.5714285714285714,0.0,lipid,0.8871995905486447
285.0980867,285.0979376,285.0979764,C13 H18 O7,13.0,18.0,7.0,0.0,0.0,0.0,0.0,0.0,0.5384615384615384,1.3846153846153846,0.0,lignin,0.836362446813894
285.0770125,285.0768634,285.076847,C16 H14 O5,16.0,14.0,5.0,0.0,0.0,0.0,0.0,0.0,0.3125,0.875,0.0,tannin,0.8836845772677207
285.0616688,285.0615197,285.0615909,C12 H14 O8,12.0,14.0,8.0,0.0,0.0,0.0,0.0,0.0,0.6666666666666666,1.1666666666666667,0.0,lignin,0.9374977691900632
285.0407033,285.0405542,285.0404615,C15 H10 O6,15.0,10.0,6.0,0.0,0.0,0.0,0.0,0.0,0.4,0.6666666666666666,0.0,tannin,0.8823962105461268
285.0252935,285.0251444,285.0252054,C11 H10 O9,11.0,10.0,9.0,0.0,0.0,0.0,0.0,0.0,0.8181818181818182,0.9090909090909091,0.0,tannin,0.8857119134517213
284.122193,284.1220449,284.1220667,C13 H20 O6 13C1,16.0,20.0,6.0,0.0,0.0,1.0,0.0,0.0,0.42857142857142855,1.3333333333333333,0.0,lignin,0.8353129386344591
284.085757,284.085609,284.0856812,C12 H16 O7 13C1,15.0,16.0,7.0,0.0,0.0,1.0,0.0,0.0,0.5384615384615384,1.1428571428571428,0.0,lignin,0.8799526588042216
283.2644954,283.2643482,283.2642539,C18 H36 O2,18.0,36.0,2.0,0.0,0.0,0.0,0.0,0.0,0.1111111111111111,2.0,0.0,lipid,0.9118104066099466
283.1552031,283.155056,283.1550973,C15 H24 O5,15.0,24.0,5.0,0.0,0.0,0.0,0.0,0.0,0.3333333333333333,1.6,0.0,lipid,0.8876825174154165
283.1375372,283.1373901,283.1373393,C15 H24 O3 S1,15.0,24.0,3.0,1.0,0.0,0.0,0.0,0.0,0.2,1.6,0.0,lipid,0.8989564497524519
283.1187882,283.1186411,283.1187118,C14 H20 O6,14.0,20.0,6.0,0.0,0.0,0.0,0.0,0.0,0.42857142857142855,1.4285714285714286,0.0,lignin,0.8336997195330937
283.0823899,283.0822429,283.0823263,C13 H16 O7,13.0,16.0,7.0,0.0,0.0,0.0,0.0,0.0,0.5384615384615384,1.2307692307692308,0.0,lignin,0.8410669813518087
283.061397,283.06125,283.061197,C16 H12 O5,16.0,12.0,5.0,0.0,0.0,0.0,0.0,0.0,0.3125,0.75,0.0,tannin,0.8451541372536902
283.0460459,283.0458989,283.0459408,C12 H12 O8,12.0,12.0,8.0,0.0,0.0,0.0,0.0,0.0,0.6666666666666666,1.0,0.0,tannin,0.718838559203325
283.024988,283.024841,283.0248114,C15 H8 O6,15.0,8.0,6.0,0.0,0.0,0.0,0.0,0.0,0.4,0.5333333333333333,0.0,tannin,0.7115270045814708
282.1429938,282.1428477,282.1428021,C14 H22 O5 13C1,17.0,22.0,5.0,0.0,0.0,1.0,0.0,0.0,0.3333333333333333,1.375,0.0,lignin,0.8332375819707867
282.1066177,282.1064717,282.1064166,C13 H18 O6 13C1,16.0,18.0,6.0,0.0,0.0,1.0,0.0,0.0,0.42857142857142855,1.2,0.0,lignin,0.8386080672913112
281.248842,281.2486969,281.2486038,C18 H34 O2,18.0,34.0,2.0,0.0,0.0,0.0,0.0,0.0,0.1111111111111111,1.8888888888888888,0.0,lipid,0.887964598641604
281.139519,281.139374,281.1394473,C15 H22 O5,15.0,22.0,5.0,0.0,0.0,0.0,0.0,0.0,0.3333333333333333,1.4666666666666666,0.0,lipid,0.6150078427314385
281.1031587,281.1030137,281.1030618,C14 H18 O6,14.0,18.0,6.0,0.0,0.0,0.0,0.0,0.0,0.42857142857142855,1.2857142857142858,0.0,lignin,0.8363311057392935
281.0668282,281.0666833,281.0666763,C13 H14 O7,13.0,14.0,7.0,0.0,0.0,0.0,0.0,0.0,0.5384615384615384,1.0769230769230769,0.0,lignin,0.9232869088312337
281.0457079,281.045563,281.0455469,C16 H10 O5,16.0,10.0,5.0,0.0,0.0,0.0,0.0,0.0,0.3125,0.625,0.0,tannin,0.6845427280314895
281.0304762,281.0303313,281.0302907,C12 H10 O8,12.0,10.0,8.0,0.0,0.0,0.0,0.0,0.0,0.6666666666666666,0.8333333333333334,0.0,tannin,0.8840953958853465
280.127235,280.1270911,280.127152,C14 H20 O5 13C1,17.0,20.0,5.0,0.0,0.0,1.0,0.0,0.0,0.3333333333333333,1.25,0.0,lignin,0.8352686575215597
280.0908968,280.0907529,280.0907665,C13 H16 O6 13C1,16.0,16.0,6.0,0.0,0.0,1.0,0.0,0.0,0.42857142857142855,1.0666666666666667,0.0,lignin,0.9236975259225082
279.1602598,279.1601169,279.1601827,C16 H24 O4,16.0,24.0,4.0,0.0,0.0,0.0,0.0,0.0,0.25,1.5,0.0,lipid,0.8990755587185465
279.1239052,279.1237623,279.1237972,C15 H20 O5,15.0,20.0,5.0,0.0,0.0,0.0,0.0,0.0,0.3333333333333333,1.3333333333333333,0.0,lignin,0.8338729306881776
279.0875656,279.0874227,279.0874117,C14 H16 O6,14.0,16.0,6.0,0.0,0.0,0.0,0.0,0.0,0.42857142857142855,1.1428571428571428,0.0,lignin,0.8788650611161485
279.051235,279.0510922,279.0510262,C13 H12 O7,13.0,12.0,7.0,0.0,0.0,0.0,0.0,0.0,0.5384615384615384,0.9230769230769231,0.0,tannin,0.887282361032464
279.0148408,279.014698,279.0146407,C12 H8 O8,12.0,8.0,8.0,0.0,0.0,0.0,0.0,0.0,0.6666666666666666,0.6666666666666666,0.0,tannin,0.8875171320605073
277.1446502,277.1445093,277.1445327,C16 H22 O4,16.0,22.0,4.0,0.0,0.0,0.0,0.0,0.0,0.25,1.375,0.0,lignin,0.7049679448181568
277.1082981,277.1081573,277.1081471,C15 H18 O5,15.0,18.0,5.0,0.0,0.0,0.0,0.0,0.0,0.3333333333333333,1.2,0.0,lignin,0.8366955023175443
277.0719513,277.0718106,277.0717616,C14 H14 O6,14.0,14.0,6.0,0.0,0.0,0.0,0.0,0.0,0.42857142857142855,1.0,0.0,lignin,0.7992034749083258
277.0355832,277.0354425,277.0353761,C13 H10 O7,13.0,10.0,7.0,0.0,0.0,0.0,0.0,0.0,0.5384615384615384,0.7692307692307693,0.0,tannin,0.891290628798189
275.1289687,275.1288299,275.1288826,C16 H20 O4,16.0,20.0,4.0,0.0,0.0,0.0,0.0,0.0,0.25,1.25,0.0,lignin,0.8339009726134938
275.0926076,275.0924689,275.0924971,C15 H16 O5,15.0,16.0,5.0,0.0,0.0,0.0,0.0,0.0,0.3333333333333333,1.0666666666666667,0.0,lignin,0.9250913311727775
275.0773352,275.0771965,275.0772409,C11 H16 O8,11.0,16.0,8.0,0.0,0.0,0.0,0.0,0.0,0.7272727272727273,1.4545454545454546,0.0,carbohydrate,0.889396426411813
275.0562707,275.056132,275.0561116,C14 H12 O6,14.0,12.0,6.0,0.0,0.0,0.0,0.0,0.0,0.42857142857142855,0.8571428571428571,0.0,tannin,0.8863558011419261
275.0409329,275.0407943,275.0408554,C10 H12 O9,10.0,12.0,9.0,0.0,0.0,0.0,0.0,0.0,0.9,1.2,0.0,lignin,0.6993537175187394
275.0198995,275.0197609,275.0197261,C13 H8 O7,13.0,8.0,7.0,0.0,0.0,0.0,0.0,0.0,0.5384615384615384,0.6153846153846154,0.0,tannin,0.894272954427802
273.113296,273.1131593,273.1132325,C16 H18 O4,16.0,18.0,4.0,0.0,0.0,0.0,0.0,0.0,0.25,1.125,0.0,lignin,0.918105759275392
273.0981578,273.0980212,273.0979764,C12 H18 O7,12.0,18.0,7.0,0.0,0.0,0.0,0.0,0.0,0.5833333333333334,1.5,0.0,lignin,0.8920159296158816
273.076908,273.0767714,273.076847,C15 H14 O5,15.0,14.0,5.0,0.0,0.0,0.0,0.0,0.0,0.3333333333333333,0.9333333333333333,0.0,tannin,0.8828328407300597
273.0617874,273.0616507,273.0615909,C11 H14 O8,11.0,14.0,8.0,0.0,0.0,0.0,0.0,0.0,0.7272727272727273,1.2727272727272727,0.0,lignin,0.9373365134801255
273.0405241,273.0403875,273.0404615,C14 H10 O6,14.0,10.0,6.0,0.0,0.0,0.0,0.0,0.0,0.42857142857142855,0.7142857142857143,0.0,tannin,0.8911929489365406
273.0340075,273.0338709,273.0339368,C13 H10 O3 S1 N2,13.0,10.0,3.0,1.0,2.0,0.0,0.0,0.0,0.23076923076923078,0.7692307692307693,0.15384615384615385,pah,0.4753975373350764
272.1504923,272.1503566,272.1503463,C13 H23 O5 N1,13.0,23.0,5.0,0.0,1.0,0.0,0.0,0.0,0.38461538461538464,1.7692307692307692,0.07692307692307693,lipid,0.9086137138728263
271.1188126,271.118678,271.1187118,C13 H20 O6,13.0,20.0,6.0,0.0,0.0,0.0,0.0,0.0,0.46153846153846156,1.5384615384615385,0.0,lignin,0.8263764999620001
271.0824399,271.0823053,271.0823263,C12 H16 O7,12.0,16.0,7.0,0.0,0.0,0.0,0.0,0.0,0.5833333333333334,1.3333333333333333,0.0,lignin,0.8697266752676642
271.061353,271.0612185,271.061197,C15 H12 O5,15.0,12.0,5.0,0.0,0.0,0.0,0.0,0.0,0.3333333333333333,0.8,0.0,tannin,0.8850283739614614
271.0460715,271.045937,271.0459408,C11 H12 O8,11.0,12.0,8.0,0.0,0.0,0.0,0.0,0.0,0.7272727272727273,1.0909090909090908,0.0,lignin,0.6338392890658117
271.0249886,271.0248541,271.0248114,C14 H8 O6,14.0,8.0,6.0,0.0,0.0,0.0,0.0,0.0,0.42857142857142855,0.5714285714285714,0.0,tannin,0.847796411311184
270.1066259,270.1064923,270.1064166,C12 H18 O6 13C1,15.0,18.0,6.0,0.0,0.0,1.0,0.0,0.0,0.46153846153846156,1.2857142857142858,0.0,lignin,0.8370533519076387
269.1396277,269.1394951,269.1394473,C14 H22 O5,14.0,22.0,5.0,0.0,0.0,0.0,0.0,0.0,0.35714285714285715,1.5714285714285714,0.0,lipid,0.8876422447147607
269.1032462,269.1031136,269.1030618,C13 H18 O6,13.0,18.0,6.0,0.0,0.0,0.0,0.0,0.0,0.46153846153846156,1.3846153846153846,0.0,lignin,0.8349141630865313
269.0668473,269.0667148,269.0666763,C12 H14 O7,12.0,14.0,7.0,0.0,0.0,0.0,0.0,0.0,0.5833333333333334,1.1666666666666667,0.0,lignin,0.8697137413931804
269.0456181,269.0454856,269.0455469,C15 H10 O5,15.0,10.0,5.0,0.0,0.0,0.0,0.0,0.0,0.3333333333333333,0.6666666666666666,0.0,tannin,0.7270477876743626
269.0304921,269.0303596,269.0302907,C11 H10 O8,11.0,10.0,8.0,0.0,0.0,0.0,0.0,0.0,0.7272727272727273,0.9090909090909091,0.0,tannin,0.8858661799531632
268.0909011,268.0907696,268.0907665,C12 H16 O6 13C1,15.0,16.0,6.0,0.0,0.0,1.0,0.0,0.0,0.46153846153846156,1.1428571428571428,0.0,lignin,0.8790438534832727
267.1602737,267.1601431,267.1601827,C15 H24 O4,15.0,24.0,4.0,0.0,0.0,0.0,0.0,0.0,0.26666666666666666,1.6,0.0,lipid,0.8882402083700335
267.1438817,267.1437511,267.1436998,C12 H26 O4 34S1,12.0,26.0,4.0,0.0,0.0,0.0,1.0,0.0,0.3333333333333333,2.1666666666666665,0.0,lipid,0.8957081152959384
267.1238796,267.1237491,267.1237972,C14 H20 O5,14.0,20.0,5.0,0.0,0.0,0.0,0.0,0.0,0.35714285714285715,1.4285714285714286,0.0,lignin,0.8327779978274688
267.0875179,267.0873875,267.0874117,C13 H16 O6,13.0,16.0,6.0,0.0,0.0,0.0,0.0,0.0,0.46153846153846156,1.2307692307692308,0.0,lignin,0.8385721013833368
267.0663882,267.0662577,267.0662823,C16 H12 O4,16.0,12.0,4.0,0.0,0.0,0.0,0.0,0.0,0.25,0.75,0.0,tannin,0.689438979078648
267.0511556,267.0510252,267.0510262,C12 H12 O7,12.0,12.0,7.0,0.0,0.0,0.0,0.0,0.0,0.5833333333333334,1.0,0.0,tannin,0.719379338898739
267.0148012,267.0146708,267.0146407,C11 H8 O8,11.0,8.0,8.0,0.0,0.0,0.0,0.0,0.0,0.7272727272727273,0.7272727272727273,0.0,tannin,0.887703156900629
266.1513169,266.1511874,266.1512588,C11 H26 O4 S1 13C1,14.0,26.0,4.0,1.0,0.0,1.0,0.0,0.0,0.3333333333333333,2.0,0.0,lipid,0.8966668682114675
265.1479728,265.1478443,265.147904,C12 H26 O4 S1,12.0,26.0,4.0,1.0,0.0,0.0,0.0,0.0,0.3333333333333333,2.1666666666666665,0.0,lipid,0.8957081152959384
265.1446354,265.1445069,265.1445327,C15 H22 O4,15.0,22.0,4.0,0.0,0.0,0.0,0.0,0.0,0.26666666666666666,1.4666666666666666,0.0,lipid,0.8991203180173084
265.1083121,265.1081837,265.1081471,C14 H18 O5,14.0,18.0,5.0,0.0,0.0,0.0,0.0,0.0,0.35714285714285715,1.2857142857142858,0.0,lignin,0.8350151800968879
265.0719292,265.0718008,265.0717616,C13 H14 O6,13.0,14.0,6.0,0.0,0.0,0.0,0.0,0.0,0.46153846153846156,1.0769230769230769,0.0,lignin,0.923582749617941
265.050702,265.0505736,265.0506323,C16 H10 O4,16.0,10.0,4.0,0.0,0.0,0.0,0.0,0.0,0.25,0.625,0.0,pah,0.5792243528567166
265.0355613,265.0354329,265.0353761,C12 H10 O7,12.0,10.0,7.0,0.0,0.0,0.0,0.0,0.0,0.5833333333333334,0.8333333333333334,0.0,tannin,0.8898293511867437
264.1242116,264.1240842,264.1241316,C14 H19 O4 N1,14.0,19.0,4.0,0.0,1.0,0.0,0.0,0.0,0.2857142857142857,1.3571428571428572,0.07142857142857142,lipid,0.9022680314105914
263.1290413,263.1289149,263.1288826,C15 H20 O4,15.0,20.0,4.0,0.0,0.0,0.0,0.0,0.0,0.26666666666666666,1.3333333333333333,0.0,lignin,0.8329291560894776
263.0926039,263.0924775,263.0924971,C14 H16 O5,14.0,16.0,5.0,0.0,0.0,0.0,0.0,0.0,0.35714285714285715,1.1428571428571428,0.0,lignin,0.8362779476553129
263.0561969,263.0560706,263.0561116,C13 H12 O6,13.0,12.0,6.0,0.0,0.0,0.0,0.0,0.0,0.46153846153846156,0.9230769230769231,0.0,tannin,0.8852854715799907
263.0197882,263.0196619,263.0197261,C12 H8 O7,12.0,8.0,7.0,0.0,0.0,0.0,0.0,0.0,0.5833333333333334,0.6666666666666666,0.0,tannin,0.8940693988025528
261.1134154,261.113291,261.1132325,C15 H18 O4,15.0,18.0,4.0,0.0,0.0,0.0,0.0,0.0,0.26666666666666666,1.2,0.0,lignin,0.8349899284176232
261.0770104,261.0768861,261.076847,C14 H14 O5,14.0,14.0,5.0,0.0,0.0,0.0,0.0,0.0,0.35714285714285715,1.0,0.0,lignin,0.9232389156398819
261.0405957,261.0404714,261.0404615,C13 H10 O6,13.0,10.0,6.0,0.0,0.0,0.0,0.0,0.0,0.46153846153846156,0.7692307692307693,0.0,tannin,0.890087525496231
261.0041693,261.0040451,261.004076,C12 H6 O7,12.0,6.0,7.0,0.0,0.0,0.0,0.0,0.0,0.5833333333333334,0.5,0.0,tannin,0.8954515534350019
259.1187834,259.1186611,259.1187118,C12 H20 O6,12.0,20.0,6.0,0.0,0.0,0.0,0.0,0.0,0.5,1.6666666666666667,0.0,lipid,0.9505075972477247
259.097698,259.0975758,259.0975825,C15 H16 O4,15.0,16.0,4.0,0.0,0.0,0.0,0.0,0.0,0.26666666666666666,1.0666666666666667,0.0,lignin,0.9264263709893331
259.0824433,259.0823211,259.0823263,C11 H16 O7,11.0,16.0,7.0,0.0,0.0,0.0,0.0,0.0,0.6363636363636364,1.4545454545454546,0.0,lignin,0.891784548027039
259.0612796,259.0611573,259.061197,C14 H12 O5,14.0,12.0,5.0,0.0,0.0,0.0,0.0,0.0,0.35714285714285715,0.8571428571428571,0.0,tannin,0.8846496525951812
259.0460948,259.0459725,259.0459408,C10 H12 O8,10.0,12.0,8.0,0.0,0.0,0.0,0.0,0.0,0.8,1.2,0.0,lignin,0.9083349281392836
259.0248705,259.0247483,259.0248114,C13 H8 O6,13.0,8.0,6.0,0.0,0.0,0.0,0.0,0.0,0.46153846153846156,0.6153846153846154,0.0,tannin,0.888171933941533
257.1031673,257.103047,257.1030618,C12 H18 O6,12.0,18.0,6.0,0.0,0.0,0.0,0.0,0.0,0.5,1.5,0.0,lignin,0.8273653065013118
257.0821121,257.0819919,257.0819324,C15 H14 O4,15.0,14.0,4.0,0.0,0.0,0.0,0.0,0.0,0.26666666666666666,0.9333333333333333,0.0,lignin,0.7522941413687299
257.0667333,257.0666131,257.0666763,C11 H14 O7,11.0,14.0,7.0,0.0,0.0,0.0,0.0,0.0,0.6363636363636364,1.2727272727272727,0.0,lignin,0.9370921140501798
257.0456982,257.045578,257.0455469,C14 H10 O5,14.0,10.0,5.0,0.0,0.0,0.0,0.0,0.0,0.35714285714285715,0.7142857142857143,0.0,tannin,0.850840059051259
257.0303618,257.0302416,257.0302907,C10 H10 O8,10.0,10.0,8.0,0.0,0.0,0.0,0.0,0.0,0.8,1.0,0.0,tannin,0.7187603222335043
256.2364945,256.2363751,256.2363086,C15 H32 O2 13C1,18.0,32.0,2.0,0.0,0.0,1.0,0.0,0.0,0.125,1.8823529411764706,0.0,lipid,0.8878711435890573
255.2331093,255.2329909,255.2329537,C16 H32 O2,16.0,32.0,2.0,0.0,0.0,0.0,0.0,0.0,0.125,2.0,0.0,lipid,0.9117052864755664
255.1238925,255.1237742,255.1237972,C13 H20 O5,13.0,20.0,5.0,0.0,0.0,0.0,0.0,0.0,0.38461538461538464,1.5384615384615385,0.0,lipid,0.8875384310101901
255.0874642,255.087346,255.0874117,C12 H16 O6,12.0,16.0,6.0,0.0,0.0,0.0,0.0,0.0,0.5,1.3333333333333333,0.0,lignin,0.8367388707990248
255.0664113,255.0662931,255.0662823,C15 H12 O4,15.0,12.0,4.0,0.0,0.0,0.0,0.0,0.0,0.26666666666666666,0.8,0.0,tannin,0.8376726434916526
255.0511238,255.0510057,255.0510262,C11 H12 O7,11.0,12.0,7.0,0.0,0.0,0.0,0.0,0.0,0.6363636363636364,1.0909090909090908,0.0,lignin,0.7958678932959394
255.0299771,255.029859,255.0298968,C14 H8 O5,14.0,8.0,5.0,0.0,0.0,0.0,0.0,0.0,0.35714285714285715,0.5714285714285714,0.0,tannin,0.6919955796906259
255.0148025,255.0146844,255.0146407,C10 H8 O8,10.0,8.0,8.0,0.0,0.0,0.0,0.0,0.0,0.8,0.8,0.0,tannin,0.8866986852868557
253.1446994,253.1445832,253.1445327,C14 H22 O4,14.0,22.0,4.0,0.0,0.0,0.0,0.0,0.0,0.2857142857142857,1.5714285714285714,0.0,lipid,0.8882269264703393
253.1083105,253.1081943,253.1081471,C13 H18 O5,13.0,18.0,5.0,0.0,0.0,0.0,0.0,0.0,0.38461538461538464,1.3846153846153846,0.0,lignin,0.833768402276629
253.083153,253.0830368,253.082995,C11 H14 O5 N2,11.0,14.0,5.0,0.0,2.0,0.0,0.0,0.0,0.45454545454545453,1.2727272727272727,0.18181818181818182,peptide,0.9355708329814811
253.0718662,253.0717501,253.0717616,C12 H14 O6,12.0,14.0,6.0,0.0,0.0,0.0,0.0,0.0,0.5,1.1666666666666667,0.0,lignin,0.8396805911404901
253.03544,253.0353239,253.0353761,C11 H10 O7,11.0,10.0,7.0,0.0,0.0,0.0,0.0,0.0,0.6363636363636364,0.9090909090909091,0.0,tannin,0.8825620321376112
251.1290345,251.1289203,251.1288826,C14 H20 O4,14.0,20.0,4.0,0.0,0.0,0.0,0.0,0.0,0.2857142857142857,1.4285714285714286,0.0,lipid,0.6152643190648127
251.0925585,251.0924443,251.0924971,C13 H16 O5,13.0,16.0,5.0,0.0,0.0,0.0,0.0,0.0,0.38461538461538464,1.2307692307692308,0.0,lignin,0.8366887603923552
251.0562049,251.0560908,251.0561116,C12 H12 O6,12.0,12.0,6.0,0.0,0.0,0.0,0.0,0.0,0.5,1.0,0.0,tannin,0.5343542876145502
251.0198888,251.0197747,251.0197261,C11 H8 O7,11.0,8.0,7.0,0.0,0.0,0.0,0.0,0.0,0.6363636363636364,0.7272727272727273,0.0,tannin,0.8926675651443755
250.1450152,250.144902,250.144867,C14 H21 O3 N1,14.0,21.0,3.0,0.0,1.0,0.0,0.0,0.0,0.21428571428571427,1.5,0.07142857142857142,lipid,0.8996814096638044
249.1497665,249.1496543,249.149618,C15 H22 O3,15.0,22.0,3.0,0.0,0.0,0.0,0.0,0.0,0.2,1.4666666666666666,0.0,lipid,0.8997971399907051
249.1133657,249.1132536,249.1132325,C14 H18 O4,14.0,18.0,4.0,0.0,0.0,0.0,0.0,0.0,0.2857142857142857,1.2857142857142858,0.0,lignin,0.8338742099455102
249.0769036,249.0767915,249.076847,C13 H14 O5,13.0,14.0,5.0,0.0,0.0,0.0,0.0,0.0,0.38461538461538464,1.0769230769230769,0.0,lignin,0.9251139604417986
249.040573,249.0404609,249.0404615,C12 H10 O6,12.0,10.0,6.0,0.0,0.0,0.0,0.0,0.0,0.5,0.8333333333333334,0.0,tannin,0.8896127595500054
249.0042385,249.0041264,249.004076,C11 H6 O7,11.0,6.0,7.0,0.0,0.0,0.0,0.0,0.0,0.6363636363636364,0.5454545454545454,0.0,tannin,0.8955116173734965
247.097742,247.0976319,247.0975825,C14 H16 O4,14.0,16.0,4.0,0.0,0.0,0.0,0.0,0.0,0.2857142857142857,1.1428571428571428,0.0,lignin,0.8342165739504683
247.0613175,247.0612074,247.061197,C13 H12 O5,13.0,12.0,5.0,0.0,0.0,0.0,0.0,0.0,0.38461538461538464,0.9230769230769231,0.0,tannin,0.88356587634158
247.0248654,247.0247553,247.0248114,C12 H8 O6,12.0,8.0,6.0,0.0,0.0,0.0,0.0,0.0,0.5,0.6666666666666666,0.0,tannin,0.8929154893661257
245.0820019,245.0818938,245.0819324,C14 H14 O4,14.0,14.0,4.0,0.0,0.0,0.0,0.0,0.0,0.2857142857142857,1.0,0.0,lignin,0.9238919340002323
245.0456538,245.0455458,245.0455469,C13 H10 O5,13.0,10.0,5.0,0.0,0.0,0.0,0.0,0.0,0.38461538461538464,0.7692307692307693,0.0,tannin,0.8900227060342653
243.1238593,243.1237532,243.1237972,C12 H20 O5,12.0,20.0,5.0,0.0,0.0,0.0,0.0,0.0,0.4166666666666667,1.6666666666666667,0.0,lipid,0.9113284338055226
243.0875669,243.0874609,243.0874117,C11 H16 O6,11.0,16.0,6.0,0.0,0.0,0.0,0.0,0.0,0.5454545454545454,1.4545454545454546,0.0,lignin,0.8776649047857117
243.0663886,243.0662825,243.0662823,C14 H12 O4,14.0,12.0,4.0,0.0,0.0,0.0,0.0,0.0,0.2857142857142857,0.8571428571428571,0.0,tannin,0.8536273026657362
243.0511119,243.0510058,243.0510262,C10 H12 O7,10.0,12.0,7.0,0.0,0.0,0.0,0.0,0.0,0.7,1.2,0.0,lignin,0.9347262621921966
243.0300425,243.0299365,243.0298968,C13 H8 O5,13.0,8.0,5.0,0.0,0.0,0.0,0.0,0.0,0.38461538461538464,0.6153846153846154,0.0,tannin,0.7491002097979325
242.1762294,242.1761243,242.1761671,C13 H25 O3 N1,13.0,25.0,3.0,0.0,1.0,0.0,0.0,0.0,0.23076923076923078,1.9230769230769231,0.07692307692307693,lipid,0.9427689598614816
241.217361,241.2172568,241.2173037,C15 H30 O2,15.0,30.0,2.0,0.0,0.0,0.0,0.0,0.0,0.13333333333333333,2.0,0.0,lipid,0.9514603576421405
241.1082492,241.1081451,241.1081471,C12 H18 O5,12.0,18.0,5.0,0.0,0.0,0.0,0.0,0.0,0.4166666666666667,1.5,0.0,lignin,0.8264543435610502
241.0719066,241.0718026,241.0717616,C11 H14 O6,11.0,14.0,6.0,0.0,0.0,0.0,0.0,0.0,0.5454545454545454,1.2727272727272727,0.0,lignin,0.8397186723909152
241.0507811,241.050677,241.0506323,C14 H10 O4,14.0,10.0,4.0,0.0,0.0,0.0,0.0,0.0,0.2857142857142857,0.7142857142857143,0.0,tannin,0.7019538783799856
241.0354323,241.0353282,241.0353761,C10 H10 O7,10.0,10.0,7.0,0.0,0.0,0.0,0.0,0.0,0.7,1.0,0.0,tannin,0.7188065712841234
240.0708134,240.0707103,240.0706998,C9 H12 O5 N2 13C1,12.0,12.0,5.0,0.0,2.0,1.0,0.0,0.0,0.5,1.0909090909090908,0.16666666666666666,peptide,0.9751410207117945
239.1289393,239.1288372,239.1288826,C13 H20 O4,13.0,20.0,4.0,0.0,0.0,0.0,0.0,0.0,0.3076923076923077,1.5384615384615385,0.0,lipid,0.8987445739709852
239.092634,239.092532,239.0924971,C12 H16 O5,12.0,16.0,5.0,0.0,0.0,0.0,0.0,0.0,0.4166666666666667,1.3333333333333333,0.0,lignin,0.8351062822786638
239.067501,239.067399,239.067345,C10 H12 O5 N2,10.0,12.0,5.0,0.0,2.0,0.0,0.0,0.0,0.5,1.2,0.2,peptide,0.9447494277177434
239.0561896,239.0560875,239.0561116,C11 H12 O6,11.0,12.0,6.0,0.0,0.0,0.0,0.0,0.0,0.5454545454545454,1.0909090909090908,0.0,lignin,0.9233995944228713
239.0198441,239.0197421,239.0197261,C10 H8 O7,10.0,8.0,7.0,0.0,0.0,0.0,0.0,0.0,0.7,0.8,0.0,tannin,0.8871091687262413
237.1132924,237.1131923,237.1132325,C13 H18 O4,13.0,18.0,4.0,0.0,0.0,0.0,0.0,0.0,0.3076923076923077,1.3846153846153846,0.0,lignin,0.8327994150897859
237.0769995,237.0768994,237.076847,C12 H14 O5,12.0,14.0,5.0,0.0,0.0,0.0,0.0,0.0,0.4166666666666667,1.1666666666666667,0.0,lignin,0.8368266772005963
237.0405189,237.0404189,237.0404615,C11 H10 O6,11.0,10.0,6.0,0.0,0.0,0.0,0.0,0.0,0.5454545454545454,0.9090909090909091,0.0,tannin,0.8878165329672051
235.1704438,235.1703457,235.1703535,C15 H24 O2,15.0,24.0,2.0,0.0,0.0,0.0,0.0,0.0,0.13333333333333333,1.6,0.0,lipid,0.8986672850281426
235.0977084,235.0976103,235.0975825,C13 H16 O4,13.0,16.0,4.0,0.0,0.0,0.0,0.0,0.0,0.3076923076923077,1.2307692307692308,0.0,lignin,0.8351123833108524
235.0612856,235.0611876,235.061197,C12 H12 O5,12.0,12.0,5.0,0.0,0.0,0.0,0.0,0.0,0.4166666666666667,1.0,0.0,lignin,0.9229424889175599
235.0249414,235.0248434,235.0248114,C11 H8 O6,11.0,8.0,6.0,0.0,0.0,0.0,0.0,0.0,0.5454545454545454,0.7272727272727273,0.0,tannin,0.8922708704763028
233.1183861,233.11829,233.1183179,C14 H18 O3,14.0,18.0,3.0,0.0,0.0,0.0,0.0,0.0,0.21428571428571427,1.2857142857142858,0.0,lignin,0.8329323828557526
233.0820477,233.0819516,233.0819324,C13 H14 O4,13.0,14.0,4.0,0.0,0.0,0.0,0.0,0.0,0.3076923076923077,1.0769230769230769,0.0,lignin,0.9259301554425281
233.0456496,233.0455536,233.0455469,C12 H10 O5,12.0,10.0,5.0,0.0,0.0,0.0,0.0,0.0,0.4166666666666667,0.8333333333333334,0.0,tannin,0.8869940390698346
233.0092467,233.0091507,233.0091614,C11 H6 O6,11.0,6.0,6.0,0.0,0.0,0.0,0.0,0.0,0.5454545454545454,0.5454545454545454,0.0,tannin,0.8949806417797536
231.0663932,231.0662991,231.0662823,C13 H12 O4,13.0,12.0,4.0,0.0,0.0,0.0,0.0,0.0,0.3076923076923077,0.9230769230769231,0.0,tannin,0.8827810308006709
231.0299446,231.0298506,231.0298968,C12 H8 O5,12.0,8.0,5.0,0.0,0.0,0.0,0.0,0.0,0.4166666666666667,0.6666666666666666,0.0,tannin,0.8829833170779742
229.0718834,229.0717913,229.0717616,C10 H14 O6,10.0,14.0,6.0,0.0,0.0,0.0,0.0,0.0,0.6,1.4,0.0,lignin,0.8927154263495435
229.050743,229.0506509,229.0506323,C13 H10 O4,13.0,10.0,4.0,0.0,0.0,0.0,0.0,0.0,0.3076923076923077,0.7692307692307693,0.0,tannin,0.8467196902799266
229.0354291,229.035337,229.0353761,C9 H10 O7,9.0,10.0,7.0,0.0,0.0,0.0,0.0,0.0,0.7777777777777778,1.1111111111111112,0.0,lignin,0.633752485358045
227.2017117,227.2016215,227.2016536,C14 H28 O2,14.0,28.0,2.0,0.0,0.0,0.0,0.0,0.0,0.14285714285714285,2.0,0.0,lipid,0.9513765053975167
227.0925495,227.0924593,227.0924971,C11 H16 O5,11.0,16.0,5.0,0.0,0.0,0.0,0.0,0.0,0.45454545454545453,1.4545454545454546,0.0,lignin,0.8275290537003904
227.0562273,227.0561372,227.0561116,C10 H12 O6,10.0,12.0,6.0,0.0,0.0,0.0,0.0,0.0,0.6,1.2,0.0,lignin,0.9059390441440254
226.0649988,226.0649097,226.0649457,C6 H14 O8 13C1,9.0,14.0,8.0,0.0,0.0,1.0,0.0,0.0,1.1428571428571428,1.75,0.0,carbohydrate,0.938968543639222
225.113283,225.1131948,225.1132325,C12 H18 O4,12.0,18.0,4.0,0.0,0.0,0.0,0.0,0.0,0.3333333333333333,1.5,0.0,lipid,0.8987679166625627
225.0769462,225.076858,225.076847,C11 H14 O5,11.0,14.0,5.0,0.0,0.0,0.0,0.0,0.0,0.45454545454545453,1.2727272727272727,0.0,lignin,0.8371986769644935
225.0617193,225.0616311,225.0615909,C7 H14 O8,7.0,14.0,8.0,0.0,0.0,0.0,0.0,0.0,1.1428571428571428,2.0,0.0,carbohydrate,0.9371420288179781
225.0558068,225.0557187,225.0557176,C14 H10 O3,14.0,10.0,3.0,0.0,0.0,0.0,0.0,0.0,0.21428571428571427,0.7142857142857143,0.0,tannin,0.6419212727163612
225.0405997,225.0405115,225.0404615,C10 H10 O6,10.0,10.0,6.0,0.0,0.0,0.0,0.0,0.0,0.6,1.0,0.0,tannin,0.7201531095269726
223.0977078,223.0976216,223.0975825,C12 H16 O4,12.0,16.0,4.0,0.0,0.0,0.0,0.0,0.0,0.3333333333333333,1.3333333333333333,0.0,lignin,0.8338729306881776
223.061258,223.0611718,223.061197,C11 H12 O5,11.0,12.0,5.0,0.0,0.0,0.0,0.0,0.0,0.45454545454545453,1.0909090909090908,0.0,lignin,0.9239045996386827
223.0248697,223.0247835,223.0248114,C10 H8 O6,10.0,8.0,6.0,0.0,0.0,0.0,0.0,0.0,0.6,0.8,0.0,tannin,0.8905301293287525
221.082045,221.0819608,221.0819324,C12 H14 O4,12.0,14.0,4.0,0.0,0.0,0.0,0.0,0.0,0.3333333333333333,1.1666666666666667,0.0,lignin,0.8346794013434721
221.0456156,221.0455314,221.0455469,C11 H10 O5,11.0,10.0,5.0,0.0,0.0,0.0,0.0,0.0,0.45454545454545453,0.9090909090909091,0.0,tannin,0.8851355866506658
221.009205,221.0091209,221.0091614,C10 H6 O6,10.0,6.0,6.0,0.0,0.0,0.0,0.0,0.0,0.6,0.6,0.0,tannin,0.8950321951777267
219.0663307,219.0662484,219.0662823,C12 H12 O4,12.0,12.0,4.0,0.0,0.0,0.0,0.0,0.0,0.3333333333333333,1.0,0.0,lignin,0.923420703958074
219.0299442,219.0298619,219.0298968,C11 H8 O5,11.0,8.0,5.0,0.0,0.0,0.0,0.0,0.0,0.45454545454545453,0.7272727272727273,0.0,tannin,0.8912626941674974
217.0507206,217.0506403,217.0506323,C12 H10 O4,12.0,10.0,4.0,0.0,0.0,0.0,0.0,0.0,0.3333333333333333,0.8333333333333334,0.0,tannin,0.8886490286328138
213.0769036,213.0768272,213.076847,C10 H14 O5,10.0,14.0,5.0,0.0,0.0,0.0,0.0,0.0,0.5,1.4,0.0,lignin,0.835287767426083
211.0612845,211.0612101,211.061197,C10 H12 O5,10.0,12.0,5.0,0.0,0.0,0.0,0.0,0.0,0.5,1.2,0.0,lignin,0.8408858900156151
211.0248721,211.0247977,211.0248114,C9 H8 O6,9.0,8.0,6.0,0.0,0.0,0.0,0.0,0.0,0.6666666666666666,0.8888888888888888,0.0,tannin,0.8829197497946029
209.0455973,209.0455248,209.0455469,C10 H10 O5,10.0,10.0,5.0,0.0,0.0,0.0,0.0,0.0,0.5,1.0,0.0,tannin,0.5343542876145502
191.0197963,191.0197411,191.0197261,C6 H8 O7,6.0,8.0,7.0,0.0,0.0,0.0,0.0,0.0,1.1666666666666667,1.3333333333333333,0.0,carbohydrate,0.858969880037975
