m/z,Calibrated m/z,Calculated m/z,Molecular Formula,C,H,O,S,N,13C,34S,18O
645.2191411,645.2185527,645.2183663,C45 H30 O3 N2,45,30,3,,2,,,
619.2036774,619.2031249,619.2032293,C30 H36 O14,30,36,14,,,,,
617.3582344,617.3576845,617.3576219,C28 H58 O12 S1,28,58,12,1,,,,
613.5417679,613.5412232,613.5412636,C37 H74 O6,37,74,6,,,,,
607.2399792,607.239443,607.2396148,C30 H40 O13,30,40,13,,,,,
605.2605599,605.2600264,605.2598372,C44 H34 O1 N2,44,34,1,,2,,,
605.2242435,605.2237101,605.2239647,C30 H38 O13,30,38,13,,,,,
605.2242435,605.2237101,605.2234517,C43 H30 O2 N2,43,30,2,,2,,,
605.1879977,605.1874644,605.1875792,C29 H34 O14,29,34,14,,,,,
603.2449716,603.2444409,603.2447002,C31 H40 O12,31,40,12,,,,,
603.2449716,603.2444409,603.2441871,C44 H32 O1 N2,44,32,1,,2,,,
603.2086125,603.2080818,603.2083147,C30 H36 O13,30,36,13,,,,,
603.2086125,603.2080818,603.2078016,C43 H28 O2 N2,43,28,2,,2,,,
601.1929337,601.1924058,601.1926646,C30 H34 O13,30,34,13,,,,,
601.1929337,601.1924058,601.1921516,C43 H26 O2 N2,43,26,2,,2,,,
597.255477,597.2549543,597.2547518,C42 H34 O2 N2,42,34,2,,2,,,
597.2191651,597.2186426,597.2188794,C28 H38 O14,28,38,14,,,,,
597.2191651,597.2186426,597.2183663,C41 H30 O3 N2,41,30,3,,2,,,
595.2401136,595.2395937,595.2396148,C29 H40 O13,29,40,13,,,,,
595.203914,595.2033941,595.2032293,C28 H36 O14,28,36,14,,,,,
593.2247658,593.2242486,593.2239647,C29 H38 O13,29,38,13,,,,,
593.188327,593.1878098,593.1875792,C28 H34 O14,28,34,14,,,,,
591.2453833,591.2448688,591.2447002,C30 H40 O12,30,40,12,,,,,
591.2089448,591.2084303,591.2083147,C29 H36 O13,29,36,13,,,,,
591.1724263,591.1719119,591.1719292,C28 H32 O14,28,32,14,,,,,
589.2294372,589.2289254,589.2290501,C30 H38 O12,30,38,12,,,,,
589.1930533,589.1925415,589.1926646,C29 H34 O13,29,34,13,,,,,
586.5137205,586.5132123,586.5133183,C34 H70 O6 13C1,34,70,6,,,1,,
585.510515,585.5100081,585.5099634,C35 H70 O6,35,70,6,,,,,
583.2399662,583.2394623,583.2396148,C28 H40 O13,28,40,13,,,,,
583.2036253,583.2031215,583.2032293,C27 H36 O14,27,36,14,,,,,
581.1883156,581.1878145,581.1875792,C27 H34 O14,27,34,14,,,,,
579.2813312,579.2808327,579.2810857,C30 H44 O11,30,44,11,,,,,
579.2813312,579.2808327,579.2805726,C43 H36 N2,43,36,,,2,,,
579.2449787,579.2444802,579.2447002,C29 H40 O12,29,40,12,,,,,
579.208819,579.2083206,579.2083147,C28 H36 O13,28,36,13,,,,,
579.1726398,579.1721414,579.1719292,C27 H32 O14,27,32,14,,,,,
577.2660527,577.2655568,577.2654356,C30 H42 O11,30,42,11,,,,,
577.2294488,577.228953,577.2290501,C29 H38 O12,29,38,12,,,,,
577.1928974,577.1924016,577.1926646,C28 H34 O13,28,34,13,,,,,
577.1928974,577.1924016,577.1921516,C41 H26 O2 N2,41,26,2,,2,,,
577.1565883,577.1560926,577.1562791,C27 H30 O14,27,30,14,,,,,
575.3571594,575.3566661,575.3564402,C37 H52 O3 S1,37,52,3,1,,,,
575.2505233,575.2500301,575.2497856,C30 H40 O11,30,40,11,,,,,
575.2140465,575.2135533,575.2134001,C29 H36 O12,29,36,12,,,,,
575.1776703,575.1771772,575.1770146,C28 H32 O13,28,32,13,,,,,
575.1047064,575.1042134,575.1042435,C26 H24 O15,26,24,15,,,,,
573.3317939,573.3313032,573.3314072,C26 H54 O11 S1,26,54,11,1,,,,
573.2345302,573.2340397,573.2341355,C30 H38 O11,30,38,11,,,,,
573.1982705,573.19778,573.19775,C29 H34 O12,29,34,12,,,,,
573.0892956,573.0888052,573.0885935,C26 H22 O15,26,22,15,,,,,
571.2187628,571.2182749,571.2184854,C30 H36 O11,30,36,11,,,,,
571.1823571,571.1818693,571.1820999,C29 H32 O12,29,32,12,,,,,
571.1823571,571.1818693,571.1815869,C42 H24 O1 N2,42,24,1,,2,,,
569.2242726,569.2237874,569.2239647,C27 H38 O13,27,38,13,,,,,
569.1878141,569.187329,569.1875792,C26 H34 O14,26,34,14,,,,,
569.1878141,569.187329,569.1870662,C39 H26 O3 N2,39,26,3,,2,,,
567.2451518,567.2446692,567.2447002,C28 H40 O12,28,40,12,,,,,
567.2087261,567.2082436,567.2083147,C27 H36 O13,27,36,13,,,,,
567.1723051,567.1718226,567.1719292,C26 H32 O14,26,32,14,,,,,
565.266058,565.265578,565.2654356,C29 H42 O11,29,42,11,,,,,
565.2296298,565.2291498,565.2290501,C28 H38 O12,28,38,12,,,,,
565.1930578,565.1925779,565.1926646,C27 H34 O13,27,34,13,,,,,
565.1565849,565.1561051,565.1562791,C26 H30 O14,26,30,14,,,,,
565.1202192,565.1197394,565.1198936,C25 H26 O15,25,26,15,,,,,
565.0838797,565.0833999,565.0835081,C24 H22 O16,24,22,16,,,,,
563.2502928,563.2498154,563.2497856,C29 H40 O11,29,40,11,,,,,
563.2136967,563.2132194,563.2134001,C28 H36 O12,28,36,12,,,,,
563.1772577,563.1767804,563.1770146,C27 H32 O13,27,32,13,,,,,
563.1772577,563.1767804,563.1765015,C40 H24 O2 N2,40,24,2,,2,,,
563.1409876,563.1405104,563.140629,C26 H28 O14,26,28,14,,,,,
563.1047759,563.1042987,563.1042435,C25 H24 O15,25,24,15,,,,,
561.2709701,561.2704953,561.270521,C30 H42 O10,30,42,10,,,,,
561.2345104,561.2340357,561.2341355,C29 H38 O11,29,38,11,,,,,
561.1981423,561.1976677,561.19775,C28 H34 O12,28,34,12,,,,,
561.1618403,561.1613657,561.1613645,C27 H30 O13,27,30,13,,,,,
561.1255382,561.1250636,561.124979,C26 H26 O14,26,26,14,,,,,
561.0892242,561.0887497,561.0885935,C25 H22 O15,25,22,15,,,,,
559.2551382,559.2546661,559.254871,C30 H40 O10,30,40,10,,,,,
559.2187266,559.2182546,559.2184854,C29 H36 O11,29,36,11,,,,,
559.1825026,559.1820306,559.1820999,C28 H32 O12,28,32,12,,,,,
557.3366959,557.3362263,557.3364926,C26 H54 O10 S1,26,54,10,1,,,,
557.2398654,557.2393959,557.2392209,C30 H38 O10,30,38,10,,,,,
557.0939803,557.0935111,557.0936789,C26 H22 O14,26,22,14,,,,,
557.0575387,557.0570695,557.0572933,C25 H18 O15,25,18,15,,,,,
555.2088515,555.2083847,555.2083147,C26 H36 O13,26,36,13,,,,,
555.1723078,555.171841,555.1719292,C25 H32 O14,25,32,14,,,,,
555.1147288,555.1142622,555.1144143,C27 H24 O13,27,24,13,,,,,
555.0783804,555.0779137,555.0780288,C26 H20 O14,26,20,14,,,,,
553.2655796,553.2651153,553.2649226,C41 H34 N2,41,34,,,2,,,
553.2292967,553.2288325,553.2290501,C27 H38 O12,27,38,12,,,,,
553.2212795,553.2208153,553.220675,C38 H34 O2 S1,38,34,2,1,,,,
553.1930525,553.1925883,553.1926646,C26 H34 O13,26,34,13,,,,,
553.1567658,553.1563017,553.1562791,C25 H30 O14,25,30,14,,,,,
551.2504175,551.2499559,551.2497856,C28 H40 O11,28,40,11,,,,,
551.2139806,551.213519,551.2134001,C27 H36 O12,27,36,12,,,,,
551.1775318,551.1770702,551.1770146,C26 H32 O13,26,32,13,,,,,
551.1410793,551.1406178,551.140629,C25 H28 O14,25,28,14,,,,,
551.1046339,551.1041725,551.1042435,C24 H24 O15,24,24,15,,,,,
551.0681645,551.0677031,551.067858,C23 H20 O16,23,20,16,,,,,
549.2707735,549.2703145,549.270521,C29 H42 O10,29,42,10,,,,,
549.2343296,549.2338706,549.2341355,C28 H38 O11,28,38,11,,,,,
549.2343296,549.2338706,549.2336224,C41 H30 N2,41,30,,,2,,,
549.1980507,549.1975917,549.19775,C27 H34 O12,27,34,12,,,,,
549.1618465,549.1613876,549.1613645,C26 H30 O13,26,30,13,,,,,
549.1255639,549.125105,549.124979,C25 H26 O14,25,26,14,,,,,
549.0892602,549.0888014,549.0885935,C24 H22 O15,24,22,15,,,,,
547.2554606,547.2550042,547.254871,C29 H40 O10,29,40,10,,,,,
547.2189869,547.2185305,547.2184854,C28 H36 O11,28,36,11,,,,,
547.1825356,547.1820792,547.1820999,C27 H32 O12,27,32,12,,,,,
547.1460711,547.1456148,547.1457144,C26 H28 O13,26,28,13,,,,,
547.1096627,547.1092064,547.1093289,C25 H24 O14,25,24,14,,,,,
547.0733198,547.0728636,547.0729434,C24 H20 O15,24,20,15,,,,,
545.2758523,545.2753985,545.2756064,C30 H42 O9,30,42,9,,,,,
545.2396801,545.2392263,545.2392209,C29 H38 O10,29,38,10,,,,,
545.2035324,545.2030786,545.2028354,C28 H34 O11,28,34,11,,,,,
545.1306911,545.1302374,545.1300644,C26 H26 O13,26,26,13,,,,,
545.0941559,545.0937023,545.0936789,C25 H22 O14,25,22,14,,,,,
545.0575374,545.0570838,545.0572933,C24 H18 O15,24,18,15,,,,,
543.2602426,543.2597913,543.2599563,C30 H40 O9,30,40,9,,,,,
543.22392,543.2234688,543.2235708,C29 H36 O10,29,36,10,,,,,
543.187527,543.1870758,543.1871853,C28 H32 O11,28,32,11,,,,,
543.151326,543.1508749,543.1507998,C27 H28 O12,27,28,12,,,,,
543.0786647,543.0782136,543.0780288,C25 H20 O14,25,20,14,,,,,
541.2293316,541.2288829,541.2290501,C26 H38 O12,26,38,12,,,,,
541.2081292,541.2076806,541.2079208,C29 H34 O10,29,34,10,,,,,
541.1928559,541.1924073,541.1926646,C25 H34 O13,25,34,13,,,,,
541.1928559,541.1924073,541.1921516,C38 H26 O2 N2,38,26,2,,2,,,
541.1717943,541.1713457,541.1715353,C28 H30 O11,28,30,11,,,,,
541.1565566,541.1561081,541.1562791,C24 H30 O14,24,30,14,,,,,
541.1355106,541.1350621,541.1351497,C27 H26 O12,27,26,12,,,,,
539.2503715,539.2499254,539.2497856,C27 H40 O11,27,40,11,,,,,
539.2138487,539.2134026,539.2134001,C26 H36 O12,26,36,12,,,,,
539.1773149,539.1768689,539.1770146,C25 H32 O13,25,32,13,,,,,
539.140872,539.1404261,539.140629,C24 H28 O14,24,28,14,,,,,
539.1045658,539.1041199,539.1042435,C23 H24 O15,23,24,15,,,,,
539.0835634,539.0831175,539.0831142,C26 H20 O13,26,20,13,,,,,
539.0683821,539.0679363,539.067858,C22 H20 O16,22,20,16,,,,,
537.2345618,537.2341184,537.2341355,C27 H38 O11,27,38,11,,,,,
537.1980655,537.197622,537.19775,C26 H34 O12,26,34,12,,,,,
537.1616498,537.1612064,537.1613645,C25 H30 O13,25,30,13,,,,,
537.1253621,537.1249188,537.124979,C24 H26 O14,24,26,14,,,,,
537.0890811,537.0886378,537.0885935,C23 H22 O15,23,22,15,,,,,
535.2554561,535.2550152,535.254871,C28 H40 O10,28,40,10,,,,,
535.2188824,535.2184416,535.2184854,C27 H36 O11,27,36,11,,,,,
535.1823162,535.1818753,535.1820999,C26 H32 O12,26,32,12,,,,,
535.1459302,535.1454894,535.1457144,C25 H28 O13,25,28,13,,,,,
535.1097055,535.1092647,535.1093289,C24 H24 O14,24,24,14,,,,,
535.0735806,535.0731399,535.0729434,C23 H20 O15,23,20,15,,,,,
533.2760547,533.2756164,533.2756064,C29 H42 O9,29,42,9,,,,,
533.239551,533.2391127,533.2392209,C28 H38 O10,28,38,10,,,,,
533.2031123,533.2026741,533.2028354,C27 H34 O11,27,34,11,,,,,
533.1667772,533.1663389,533.1664499,C26 H30 O12,26,30,12,,,,,
533.1304681,533.1300299,533.1300644,C25 H26 O13,25,26,13,,,,,
533.0942935,533.0938554,533.0936789,C24 H22 O14,24,22,14,,,,,
533.0579376,533.0574995,533.0572933,C23 H18 O15,23,18,15,,,,,
531.3308726,531.3304367,531.3302254,C35 H48 O2 S1,35,48,2,1,,,,
531.2602207,531.2597849,531.2599563,C29 H40 O9,29,40,9,,,,,
531.2239369,531.2235012,531.2235708,C28 H36 O10,28,36,10,,,,,
531.1877095,531.1872738,531.1871853,C27 H32 O11,27,32,11,,,,,
531.1514337,531.150998,531.1507998,C26 H28 O12,26,28,12,,,,,
531.1150614,531.1146258,531.1144143,C25 H24 O13,25,24,13,,,,,
531.0785897,531.0781542,531.0780288,C24 H20 O14,24,20,14,,,,,
529.3054331,529.3049998,529.3051924,C24 H50 O10 S1,24,50,10,1,,,,
529.2811088,529.2806756,529.2806918,C30 H42 O8,30,42,8,,,,,
529.2449118,529.2444786,529.2443063,C29 H38 O9,29,38,9,,,,,
529.2086135,529.2081803,529.2079208,C28 H34 O10,28,34,10,,,,,
529.1721922,529.1717591,529.1715353,C27 H30 O11,27,30,11,,,,,
529.1355226,529.1350896,529.1351497,C26 H26 O12,26,26,12,,,,,
529.0989833,529.0985503,529.0987642,C25 H22 O13,25,22,13,,,,,
529.0837375,529.0833045,529.0835081,C21 H22 O16,21,22,16,,,,,
529.0626159,529.0621829,529.0623787,C24 H18 O14,24,18,14,,,,,
527.2291781,527.2287475,527.2286562,C29 H36 O9,29,36,9,,,,,
527.2137986,527.213368,527.2134001,C25 H36 O12,25,36,12,,,,,
527.1926138,527.1921833,527.1922707,C28 H32 O10,28,32,10,,,,,
527.1772797,527.1768492,527.1770146,C24 H32 O13,24,32,13,,,,,
527.1561307,527.1557002,527.1558852,C27 H28 O11,27,28,11,,,,,
527.140909,527.1404785,527.140629,C23 H28 O14,23,28,14,,,,,
527.1198072,527.1193768,527.1194997,C26 H24 O12,26,24,12,,,,,
527.1046654,527.1042349,527.1042435,C22 H24 O15,22,24,15,,,,,
527.0836709,527.0832404,527.0831142,C25 H20 O13,25,20,13,,,,,
525.2345015,525.2340734,525.2341355,C26 H38 O11,26,38,11,,,,,
525.198273,525.1978449,525.19775,C25 H34 O12,25,34,12,,,,,
525.162017,525.161589,525.1613645,C24 H30 O13,24,30,13,,,,,
525.1256339,525.125206,525.124979,C23 H26 O14,23,26,14,,,,,
525.1043865,525.1039586,525.1038496,C26 H22 O12,26,22,12,,,,,
525.0891488,525.088721,525.0885935,C22 H22 O15,22,22,15,,,,,
525.0678408,525.0674129,525.0674641,C25 H18 O13,25,18,13,,,,,
525.0525432,525.0521153,525.052208,C21 H18 O16,21,18,16,,,,,
523.2553422,523.2549166,523.254871,C27 H40 O10,27,40,10,,,,,
523.2188617,523.2184362,523.2184854,C26 H36 O11,26,36,11,,,,,
523.182401,523.1819756,523.1820999,C25 H32 O12,25,32,12,,,,,
523.1460688,523.1456434,523.1457144,C24 H28 O13,24,28,13,,,,,
523.1097597,523.1093344,523.1093289,C23 H24 O14,23,24,14,,,,,
523.0735272,523.0731019,523.0729434,C22 H20 O15,22,20,15,,,,,
521.2760822,521.2756592,521.2756064,C28 H42 O9,28,42,9,,,,,
521.2398482,521.2394253,521.2392209,C27 H38 O10,27,38,10,,,,,
521.203503,521.20308,521.2028354,C26 H34 O11,26,34,11,,,,,
521.1669438,521.1665209,521.1664499,C25 H30 O12,25,30,12,,,,,
521.1303498,521.129927,521.1300644,C24 H26 O13,24,26,13,,,,,
521.0939045,521.0934817,521.0936789,C23 H22 O14,23,22,14,,,,,
521.057597,521.0571742,521.0572933,C22 H18 O15,22,18,15,,,,,
520.2555236,520.2551019,520.2552053,C27 H39 O9 N1,27,39,9,,1,,,
519.2238434,519.223423,519.2235708,C27 H36 O10,27,36,10,,,,,
519.1877284,519.187308,519.1871853,C26 H32 O11,26,32,11,,,,,
519.1514402,519.1510199,519.1507998,C25 H28 O12,25,28,12,,,,,
519.1150168,519.1145966,519.1144143,C24 H24 O13,24,24,13,,,,,
519.0784913,519.078071,519.0780288,C23 H20 O14,23,20,14,,,,,
517.2811678,517.2807499,517.2806918,C29 H42 O8,29,42,8,,,,,
517.2445492,517.2441313,517.2443063,C28 H38 O9,28,38,9,,,,,
517.2080936,517.2076758,517.2079208,C27 H34 O10,27,34,10,,,,,
517.1718515,517.1714338,517.1715353,C26 H30 O11,26,30,11,,,,,
517.1357079,517.1352902,517.1351497,C25 H26 O12,25,26,12,,,,,
517.0630463,517.0626286,517.0623787,C23 H18 O14,23,18,14,,,,,
515.265629,515.2652137,515.2650417,C29 H40 O8,29,40,8,,,,,
515.2289986,515.2285833,515.2286562,C28 H36 O9,28,36,9,,,,,
515.192481,515.1920657,515.1922707,C27 H32 O10,27,32,10,,,,,
515.1771766,515.1767613,515.1770146,C23 H32 O13,23,32,13,,,,,
515.1692146,515.1687994,515.1686394,C34 H28 O3 S1,34,28,3,1,,,,
515.1560896,515.1556743,515.1558852,C26 H28 O11,26,28,11,,,,,
515.1199636,515.1195484,515.1194997,C25 H24 O12,25,24,12,,,,,
513.2498987,513.2494859,513.2493916,C29 H38 O8,29,38,8,,,,,
513.2132523,513.2128396,513.2130061,C28 H34 O9,28,34,9,,,,,
513.1979758,513.1975631,513.19775,C24 H34 O12,24,34,12,,,,,
513.1899459,513.1895332,513.1893748,C35 H30 O2 S1,35,30,2,1,,,,
513.1768281,513.1764153,513.1766206,C27 H30 O10,27,30,10,,,,,
513.1616031,513.1611904,513.1613645,C23 H30 O13,23,30,13,,,,,
513.1253934,513.1249808,513.124979,C22 H26 O14,22,26,14,,,,,
513.1043783,513.1039656,513.1038496,C25 H22 O12,25,22,12,,,,,
513.0892512,513.0888386,513.0885935,C21 H22 O15,21,22,15,,,,,
511.4736172,511.4732067,511.473184,C32 H64 O4,32,64,4,,,,,
511.2186768,511.2182666,511.2184854,C25 H36 O11,25,36,11,,,,,
511.2105833,511.210173,511.2101103,C36 H32 O1 S1,36,32,1,1,,,,
511.1823013,511.1818911,511.1820999,C24 H32 O12,24,32,12,,,,,
511.1742943,511.1738841,511.1737248,C35 H28 O2 S1,35,28,2,1,,,,
511.146119,511.1457088,511.1457144,C23 H28 O13,23,28,13,,,,,
511.1099929,511.1095828,511.1093289,C22 H24 O14,22,24,14,,,,,
511.0735921,511.073182,511.0729434,C21 H20 O15,21,20,15,,,,,
509.2394127,509.239005,509.2392209,C26 H38 O10,26,38,10,,,,,
509.20315,509.2027423,509.2028354,C25 H34 O11,25,34,11,,,,,
509.1669927,509.166585,509.1664499,C24 H30 O12,24,30,12,,,,,
509.0942827,509.0938751,509.0936789,C22 H22 O14,22,22,14,,,,,
509.0729694,509.0725619,509.0725495,C25 H18 O12,25,18,12,,,,,
509.0576456,509.0572381,509.0572933,C21 H18 O15,21,18,15,,,,,
507.2603348,507.2599296,507.2599563,C27 H40 O9,27,40,9,,,,,
507.2241937,507.2237885,507.2235708,C26 H36 O10,26,36,10,,,,,
507.18781,507.1874049,507.1871853,C25 H32 O11,25,32,11,,,,,
507.1512985,507.1508934,507.1507998,C24 H28 O12,24,28,12,,,,,
507.1147013,507.1142962,507.1144143,C23 H24 O13,23,24,13,,,,,
507.0782359,507.0778309,507.0780288,C22 H20 O14,22,20,14,,,,,
507.0420083,507.0416034,507.0416433,C21 H16 O15,21,16,15,,,,,
505.2448146,505.2444119,505.2443063,C27 H38 O9,27,38,9,,,,,
505.2082113,505.2078086,505.2079208,C26 H34 O10,26,34,10,,,,,
505.1717019,505.1712993,505.1715353,C25 H30 O11,25,30,11,,,,,
505.1354147,505.1350121,505.1351497,C24 H26 O12,24,26,12,,,,,
505.0993341,505.0989316,505.0987642,C23 H22 O13,23,22,13,,,,,
503.2652596,503.2648594,503.2650417,C28 H40 O8,28,40,8,,,,,
503.2290301,503.22863,503.2286562,C27 H36 O9,27,36,9,,,,,
503.192836,503.1924358,503.1922707,C26 H32 O10,26,32,10,,,,,
503.1564824,503.1560823,503.1558852,C25 H28 O11,25,28,11,,,,,
503.1199595,503.1195594,503.1194997,C24 H24 O12,24,24,12,,,,,
503.0833868,503.0829868,503.0831142,C23 H20 O13,23,20,13,,,,,
503.0469241,503.0465242,503.0467287,C22 H16 O14,22,16,14,,,,,
501.249776,501.2493783,501.2493916,C28 H38 O8,28,38,8,,,,,
501.2132281,501.2128304,501.2130061,C27 H34 O9,27,34,9,,,,,
501.1979353,501.1975377,501.19775,C23 H34 O12,23,34,12,,,,,
501.1898965,501.1894989,501.1893748,C34 H30 O2 S1,34,30,2,1,,,,
501.1768664,501.1764688,501.1766206,C26 H30 O10,26,30,10,,,,,
501.161707,501.1613094,501.1613645,C22 H30 O13,22,30,13,,,,,
501.1407142,501.1403166,501.1402351,C25 H26 O11,25,26,11,,,,,
501.1255229,501.1251254,501.124979,C21 H26 O14,21,26,14,,,,,
501.1044087,501.1040112,501.1038496,C24 H22 O12,24,22,12,,,,,
501.0891889,501.0887915,501.0885935,C20 H22 O15,20,22,15,,,,,
501.0680402,501.0676428,501.0674641,C23 H18 O13,23,18,13,,,,,
499.2343494,499.2339542,499.2337416,C28 H36 O8,28,36,8,,,,,
499.1978678,499.1974727,499.1973561,C27 H32 O9,27,32,9,,,,,
499.1825192,499.1821241,499.1820999,C23 H32 O12,23,32,12,,,,,
499.1612924,499.1608973,499.1609706,C26 H28 O10,26,28,10,,,,,
499.1459917,499.1455967,499.1457144,C22 H28 O13,22,28,13,,,,,
499.1379255,499.1375304,499.1373393,C33 H24 O3 S1,33,24,3,1,,,,
499.1248617,499.1244667,499.1245851,C25 H24 O11,25,24,11,,,,,
499.109575,499.10918,499.1093289,C21 H24 O14,21,24,14,,,,,
499.0884889,499.0880939,499.0881995,C24 H20 O12,24,20,12,,,,,
499.0733085,499.0729135,499.0729434,C20 H20 O15,20,20,15,,,,,
499.052267,499.0518721,499.051814,C23 H16 O13,23,16,13,,,,,
497.2033807,497.2029881,497.2028354,C24 H34 O11,24,34,11,,,,,
497.1670605,497.1666679,497.1664499,C23 H30 O12,23,30,12,,,,,
497.130579,497.1301865,497.1300644,C22 H26 O13,22,26,13,,,,,
497.1093669,497.1089744,497.108935,C25 H22 O11,25,22,11,,,,,
497.0939402,497.0935477,497.0936789,C21 H22 O14,21,22,14,,,,,
497.0727643,497.0723719,497.0725495,C24 H18 O12,24,18,12,,,,,
497.0574876,497.0570952,497.0572933,C20 H18 O15,20,18,15,,,,,
497.0363805,497.0359881,497.036164,C23 H14 O13,23,14,13,,,,,
496.1908465,496.1904551,496.1905401,C23 H32 O11 13C1,23,32,11,,,1,,
495.2601137,495.2597235,495.2599563,C26 H40 O9,26,40,9,,,,,
495.223873,495.2234829,495.2235708,C25 H36 O10,25,36,10,,,,,
495.1877306,495.1873405,495.1871853,C24 H32 O11,24,32,11,,,,,
495.1149497,495.1145596,495.1144143,C22 H24 O13,22,24,13,,,,,
495.0936389,495.0932489,495.0932849,C25 H20 O11,25,20,11,,,,,
495.0783094,495.0779194,495.0780288,C21 H20 O14,21,20,14,,,,,
495.0571213,495.0567314,495.0568994,C24 H16 O12,24,16,12,,,,,
495.0418079,495.041418,495.0416433,C20 H16 O15,20,16,15,,,,,
494.2116728,494.2112839,494.2112756,C24 H34 O10 13C1,24,34,10,,,1,,
493.244573,493.2441853,493.2443063,C26 H38 O9,26,38,9,,,,,
493.2423979,493.2420103,493.2418043,C30 H38 O4 S1,30,38,4,1,,,,
493.2084116,493.2080239,493.2079208,C25 H34 O10,25,34,10,,,,,
493.1720956,493.1717081,493.1715353,C24 H30 O11,24,30,11,,,,,
493.1356713,493.1352837,493.1351497,C23 H26 O12,23,26,12,,,,,
493.0990938,493.0987063,493.0987642,C22 H22 O13,22,22,13,,,,,
493.0778887,493.0775012,493.0776349,C25 H18 O11,25,18,11,,,,,
493.062633,493.0622455,493.0623787,C21 H18 O14,21,18,14,,,,,
492.19588,492.1954937,492.1956255,C24 H32 O10 13C1,24,32,10,,,1,,
491.265383,491.2649977,491.2650417,C27 H40 O8,27,40,8,,,,,
491.2291427,491.2287576,491.2286562,C26 H36 O9,26,36,9,,,,,
491.192807,491.1924219,491.1922707,C25 H32 O10,25,32,10,,,,,
491.1563573,491.1559722,491.1558852,C24 H28 O11,24,28,11,,,,,
491.1198734,491.1194883,491.1194997,C23 H24 O12,23,24,12,,,,,
491.0833869,491.083002,491.0831142,C22 H20 O13,22,20,13,,,,,
491.0470079,491.046623,491.0467287,C21 H16 O14,21,16,14,,,,,
490.1802238,490.1798399,490.1799755,C24 H30 O10 13C1,24,30,10,,,1,,
489.2499519,489.2495692,489.2493916,C27 H38 O8,27,38,8,,,,,
489.2136002,489.2132176,489.2130061,C26 H34 O9,26,34,9,,,,,
489.1770025,489.1766199,489.1766206,C25 H30 O10,25,30,10,,,,,
489.1535297,489.1531472,489.1529893,C32 H26 O3 S1,32,26,3,1,,,,
489.1404053,489.1400228,489.1402351,C24 H26 O11,24,26,11,,,,,
489.1040543,489.1036718,489.1038496,C23 H22 O12,23,22,12,,,,,
489.088894,489.0885115,489.0885935,C19 H22 O15,19,22,15,,,,,
489.0679242,489.0675418,489.0674641,C22 H18 O13,22,18,13,,,,,
487.2339644,487.2335842,487.2337416,C27 H36 O8,27,36,8,,,,,
487.1975678,487.1971877,487.1973561,C26 H32 O9,26,32,9,,,,,
487.1823618,487.1819816,487.1820999,C22 H32 O12,22,32,12,,,,,
487.1743391,487.173959,487.1737248,C33 H28 O2 S1,33,28,2,1,,,,
487.1613239,487.1609438,487.1609706,C25 H28 O10,25,28,10,,,,,
487.1461681,487.145788,487.1457144,C21 H28 O13,21,28,13,,,,,
487.1251236,487.1247436,487.1245851,C24 H24 O11,24,24,11,,,,,
487.1099016,487.1095215,487.1093289,C20 H24 O14,20,24,14,,,,,
487.0887908,487.0884108,487.0881995,C23 H20 O12,23,20,12,,,,,
487.0734704,487.0730904,487.0729434,C19 H20 O15,19,20,15,,,,,
487.0522842,487.0519042,487.051814,C22 H16 O13,22,16,13,,,,,
486.2827657,486.2823867,486.2823325,C21 H46 O9 S1 13C1,21,46,9,1,,1,,
485.279205,485.2788272,485.2789777,C22 H46 O9 S1,22,46,9,1,,,,
485.2185884,485.2182107,485.2180915,C27 H34 O8,27,34,8,,,,,
485.203365,485.2029873,485.2028354,C23 H34 O11,23,34,11,,,,,
485.1822745,485.1818969,485.181706,C26 H30 O9,26,30,9,,,,,
485.1670118,485.1666341,485.1664499,C22 H30 O12,22,30,12,,,,,
485.1458333,485.1454556,485.1453205,C25 H26 O10,25,26,10,,,,,
485.1304454,485.1300678,485.1300644,C21 H26 O13,21,26,13,,,,,
485.1092045,485.1088269,485.108935,C24 H22 O11,24,22,11,,,,,
485.0938501,485.0934726,485.0936789,C20 H22 O14,20,22,14,,,,,
485.0727344,485.0723569,485.0725495,C23 H18 O12,23,18,12,,,,,
485.0574998,485.0571223,485.0572933,C19 H18 O15,19,18,15,,,,,
485.036539,485.0361615,485.036164,C22 H14 O13,22,14,13,,,,,
483.2237645,483.2233892,483.2235708,C24 H36 O10,24,36,10,,,,,
483.2026179,483.2022427,483.2024415,C27 H32 O8,27,32,8,,,,,
483.1874154,483.1870402,483.1871853,C23 H32 O11,23,32,11,,,,,
483.1793952,483.17902,483.1788102,C34 H28 O1 S1,34,28,1,1,,,,
483.1512545,483.1508793,483.1507998,C22 H28 O12,22,28,12,,,,,
483.1301963,483.1298212,483.1296704,C25 H24 O10,25,24,10,,,,,
483.0938535,483.0934784,483.0932849,C24 H20 O11,24,20,11,,,,,
483.0785504,483.0781754,483.0780288,C20 H20 O14,20,20,14,,,,,
483.0573277,483.0569527,483.0568994,C23 H16 O12,23,16,12,,,,,
483.0419906,483.0416156,483.0416433,C19 H16 O15,19,16,15,,,,,
482.1751369,482.1747629,482.1748901,C22 H30 O11 13C1,22,30,11,,,1,,
482.1670796,482.1667057,482.1665149,C33 H26 O1 S1 13C1,33,26,1,1,,1,,
482.1670796,482.1667057,482.1667842,C22 H29 O11 N1,22,29,11,,1,,,
482.1388102,482.1384363,482.1385046,C21 H26 O12 13C1,21,26,12,,,1,,
481.244801,481.2444282,481.2443063,C25 H38 O9,25,38,9,,,,,
481.2084277,481.208055,481.2079208,C24 H34 O10,24,34,10,,,,,
481.1718509,481.1714782,481.1715353,C23 H30 O11,23,30,11,,,,,
481.1637242,481.1633515,481.1631601,C34 H26 O1 S1,34,26,1,1,,,,
481.1353376,481.1349649,481.1351497,C22 H26 O12,22,26,12,,,,,
481.0990617,481.0986891,481.0987642,C21 H22 O13,21,22,13,,,,,
481.0781303,481.0777577,481.0776349,C24 H18 O11,24,18,11,,,,,
481.062932,481.0625595,481.0623787,C20 H18 O14,20,18,14,,,,,
480.1961507,480.1957792,480.1956255,C23 H32 O10 13C1,23,32,10,,,1,,
480.1595379,480.1591665,480.15924,C22 H28 O11 13C1,22,28,11,,,1,,
480.1230279,480.1226565,480.1228545,C21 H24 O12 13C1,21,24,12,,,1,,
479.2291939,479.2288236,479.2286562,C25 H36 O9,25,36,9,,,,,
479.1927939,479.1924237,479.1922707,C24 H32 O10,24,32,10,,,,,
479.1562665,479.1558963,479.1558852,C23 H28 O11,23,28,11,,,,,
479.119752,479.1193819,479.1194997,C22 H24 O12,22,24,12,,,,,
479.0834194,479.0830493,479.0831142,C21 H20 O13,21,20,13,,,,,
479.0623762,479.0620061,479.0619848,C24 H16 O11,24,16,11,,,,,
479.0472026,479.0468325,479.0467287,C20 H16 O14,20,16,14,,,,,
478.2168373,478.2164682,478.216361,C24 H34 O9 13C1,24,34,9,,,1,,
478.1805345,478.1801655,478.1799755,C23 H30 O10 13C1,23,30,10,,,1,,
478.1439881,478.1436191,478.14359,C22 H26 O11 13C1,22,26,11,,,1,,
477.2496672,477.2492993,477.2493916,C26 H38 O8,26,38,8,,,,,
477.2134825,477.2131147,477.2130061,C25 H34 O9,25,34,9,,,,,
477.1771979,477.1768301,477.1766206,C24 H30 O10,24,30,10,,,,,
477.1406157,477.140248,477.1402351,C23 H26 O11,23,26,11,,,,,
477.1040324,477.1036648,477.1038496,C22 H22 O12,22,22,12,,,,,
477.0677152,477.0673476,477.0674641,C21 H18 O13,21,18,13,,,,,
477.0315821,477.0312145,477.0310786,C20 H14 O14,20,14,14,,,,,
475.234232,475.2338667,475.2337416,C26 H36 O8,26,36,8,,,,,
475.1978501,475.1974848,475.1973561,C25 H32 O9,25,32,9,,,,,
475.1614064,475.1610411,475.1609706,C24 H28 O10,24,28,10,,,,,
475.1248489,475.1244837,475.1245851,C23 H24 O11,23,24,11,,,,,
475.0883928,475.0880276,475.0881995,C22 H20 O12,22,20,12,,,,,
475.0732035,475.0728383,475.0729434,C18 H20 O15,18,20,15,,,,,
475.05222,475.0518548,475.051814,C21 H16 O13,21,16,13,,,,,
473.218537,473.2181741,473.2180915,C26 H34 O8,26,34,8,,,,,
473.1819637,473.1816009,473.181706,C25 H30 O9,25,30,9,,,,,
473.1666799,473.1663171,473.1664499,C21 H30 O12,21,30,12,,,,,
473.1585946,473.1582318,473.1580747,C32 H26 O2 S1,32,26,2,1,,,,
473.1455285,473.1451657,473.1453205,C24 H26 O10,24,26,10,,,,,
473.1303002,473.1299374,473.1300644,C20 H26 O13,20,26,13,,,,,
473.1222867,473.1219239,473.1216892,C31 H22 O3 S1,31,22,3,1,,,,
473.1093116,473.1089488,473.108935,C23 H22 O11,23,22,11,,,,,
473.0941188,473.0937561,473.0936789,C19 H22 O14,19,22,14,,,,,
473.0730964,473.0727337,473.0725495,C22 H18 O12,22,18,12,,,,,
473.0578365,473.0574738,473.0572933,C18 H18 O15,18,18,15,,,,,
473.0367168,473.0363541,473.036164,C21 H14 O13,21,14,13,,,,,
471.1873656,471.1870052,471.1871853,C22 H32 O11,22,32,11,,,,,
471.1793331,471.1789727,471.1788102,C33 H28 O1 S1,33,28,1,1,,,,
471.1663693,471.1660089,471.1660559,C25 H28 O9,25,28,9,,,,,
471.1512572,471.1508968,471.1507998,C21 H28 O12,21,28,12,,,,,
471.1302464,471.129886,471.1296704,C24 H24 O10,24,24,10,,,,,
471.0938092,471.0934489,471.0932849,C23 H20 O11,23,20,11,,,,,
471.0784678,471.0781076,471.0780288,C19 H20 O14,19,20,14,,,,,
471.0571746,471.0568143,471.0568994,C22 H16 O12,22,16,12,,,,,
471.041851,471.0414907,471.0416433,C18 H16 O15,18,16,15,,,,,
469.2842677,469.2839096,469.2840631,C22 H46 O8 S1,22,46,8,1,,,,
469.2084557,469.2080978,469.2079208,C23 H34 O10,23,34,10,,,,,
469.1720474,469.1716895,469.1715353,C22 H30 O11,22,30,11,,,,,
469.1507652,469.1504073,469.1504059,C25 H26 O9,25,26,9,,,,,
469.1354214,469.1350635,469.1351497,C21 H26 O12,21,26,12,,,,,
469.1272922,469.1269343,469.1267746,C32 H22 O2 S1,32,22,2,1,,,,
469.114186,469.1138281,469.1140204,C24 H22 O10,24,22,10,,,,,
469.0989291,469.0985713,469.0987642,C20 H22 O13,20,22,13,,,,,
469.0778707,469.0775129,469.0776349,C23 H18 O11,23,18,11,,,,,
469.0627337,469.0623759,469.0623787,C19 H18 O14,19,18,14,,,,,
469.0418311,469.0414733,469.0412494,C22 H14 O12,22,14,12,,,,,
468.1958452,468.1954885,468.1956255,C22 H32 O10 13C1,22,32,10,,,1,,
468.1594092,468.1590525,468.15924,C21 H28 O11 13C1,21,28,11,,,1,,
467.2288744,467.2285188,467.2286562,C24 H36 O9,24,36,9,,,,,
467.192514,467.1921585,467.1922707,C23 H32 O10,23,32,10,,,,,
467.1563097,467.1559542,467.1558852,C22 H28 O11,22,28,11,,,,,
467.1200679,467.1197125,467.1194997,C21 H24 O12,21,24,12,,,,,
467.0988315,467.0984761,467.0983703,C24 H20 O10,24,20,10,,,,,
467.0835336,467.0831782,467.0831142,C20 H20 O13,20,20,13,,,,,
467.0622908,467.0619354,467.0619848,C23 H16 O11,23,16,11,,,,,
467.0469545,467.0465991,467.0467287,C19 H16 O14,19,16,14,,,,,
467.0444951,467.0441397,467.0442267,C23 H16 O9 S1,23,16,9,1,,,,
466.1805509,466.1801966,466.1799755,C22 H30 O10 13C1,22,30,10,,,1,,
466.1439211,466.1435669,466.14359,C21 H26 O11 13C1,21,26,11,,,1,,
465.2133121,465.212959,465.2130061,C24 H34 O9,24,34,9,,,,,
465.1768283,465.1764753,465.1766206,C23 H30 O10,23,30,10,,,,,
465.1687764,465.1684233,465.1682455,C34 H26 S1,34,26,,1,,,,
465.1404924,465.1401394,465.1402351,C22 H26 O11,22,26,11,,,,,
465.1043355,465.1039825,465.1038496,C21 H22 O12,21,22,12,,,,,
465.083263,465.08291,465.0827202,C24 H18 O10,24,18,10,,,,,
465.0680126,465.0676597,465.0674641,C20 H18 O13,20,18,13,,,,,
465.0315001,465.0311472,465.0310786,C19 H14 O14,19,14,14,,,,,
464.20104,464.2006881,464.2007109,C23 H32 O9 13C1,23,32,9,,,1,,
464.1648437,464.1644919,464.1643254,C22 H28 O10 13C1,22,28,10,,,1,,
463.2342377,463.233887,463.2337416,C25 H36 O8,25,36,8,,,,,
463.1977009,463.1973503,463.1973561,C24 H32 O9,24,32,9,,,,,
463.1611887,463.1608381,463.1609706,C23 H28 O10,23,28,10,,,,,
463.1378855,463.137535,463.1373393,C30 H24 O3 S1,30,24,3,1,,,,
463.1248579,463.1245073,463.1245851,C22 H24 O11,22,24,11,,,,,
463.0886295,463.0882789,463.0881995,C21 H20 O12,21,20,12,,,,,
463.0523175,463.051967,463.051814,C20 H16 O13,20,16,13,,,,,
462.1854004,462.185051,462.1850608,C23 H30 O9 13C1,23,30,9,,,1,,
462.1491862,462.1488368,462.1486753,C22 H26 O10 13C1,22,26,10,,,1,,
461.2185054,461.2181572,461.2180915,C25 H34 O8,25,34,8,,,,,
461.1820002,461.181652,461.181706,C24 H30 O9,24,30,9,,,,,
461.1585831,461.158235,461.1580747,C31 H26 O2 S1,31,26,2,1,,,,
461.1455657,461.1452176,461.1453205,C23 H26 O10,23,26,10,,,,,
461.1092604,461.1089123,461.108935,C22 H22 O11,22,22,11,,,,,
461.0941289,461.0937808,461.0936789,C18 H22 O14,18,22,14,,,,,
461.0730267,461.0726786,461.0725495,C21 H18 O12,21,18,12,,,,,
461.0366474,461.0362993,461.036164,C20 H14 O13,20,14,13,,,,,
459.2392011,459.2388553,459.238827,C26 H36 O7,26,36,7,,,,,
459.2026939,459.2023481,459.2024415,C25 H32 O8,25,32,8,,,,,
459.1793094,459.1789636,459.1788102,C32 H28 O1 S1,32,28,1,1,,,,
459.1662689,459.1659231,459.1660559,C24 H28 O9,24,28,9,,,,,
459.1510545,459.1507087,459.1507998,C20 H28 O12,20,28,12,,,,,
459.1429951,459.1426494,459.1424247,C31 H24 O2 S1,31,24,2,1,,,,
459.1300085,459.1296628,459.1296704,C23 H24 O10,23,24,10,,,,,
459.1148044,459.1144587,459.1144143,C19 H24 O13,19,24,13,,,,,
459.0937717,459.093426,459.0932849,C22 H20 O11,22,20,11,,,,,
459.078548,459.0782024,459.0780288,C18 H20 O14,18,20,14,,,,,
459.0574047,459.057059,459.0568994,C21 H16 O12,21,16,12,,,,,
459.0420535,459.0417079,459.0416433,C17 H16 O15,17,16,15,,,,,
457.2233447,457.2230013,457.2231769,C26 H34 O7,26,34,7,,,,,
457.2081505,457.2078071,457.2079208,C22 H34 O10,22,34,10,,,,,
457.2000965,457.1997531,457.1995456,C33 H30 S1,33,30,,1,,,,
457.1871177,457.1867743,457.1867914,C25 H30 O8,25,30,8,,,,,
457.1719601,457.1716167,457.1715353,C21 H30 O11,21,30,11,,,,,
457.1508837,457.1505404,457.1504059,C24 H26 O9,24,26,9,,,,,
457.135687,457.1353437,457.1351497,C20 H26 O12,20,26,12,,,,,
457.1144748,457.1141315,457.1140204,C23 H22 O10,23,22,10,,,,,
457.0991517,457.0988085,457.0987642,C19 H22 O13,19,22,13,,,,,
457.0778808,457.0775376,457.0776349,C22 H18 O11,22,18,11,,,,,
457.0625939,457.0622507,457.0623787,C18 H18 O14,18,18,14,,,,,
457.041473,457.0411299,457.0412494,C21 H14 O12,21,14,12,,,,,
457.0390396,457.0386965,457.0387474,C25 H14 O7 S1,25,14,7,1,,,,
456.1594171,456.159075,456.15924,C20 H28 O11 13C1,20,28,11,,,1,,
456.1514227,456.1510806,456.1508649,C31 H24 O1 S1 13C1,31,24,1,1,,1,,
456.1514227,456.1510806,456.1511342,C20 H27 O11 N1,20,27,11,,1,,,
455.1927186,455.1923777,455.1922707,C22 H32 O10,22,32,10,,,,,
455.1714445,455.1711036,455.1711413,C25 H28 O8,25,28,8,,,,,
455.1561519,455.155811,455.1558852,C21 H28 O11,21,28,11,,,,,
455.1480403,455.1476995,455.14751,C32 H24 O1 S1,32,24,1,1,,,,
455.1349322,455.1345913,455.1347558,C24 H24 O9,24,24,9,,,,,
455.1196851,455.1193442,455.1194997,C20 H24 O12,20,24,12,,,,,
455.1116354,455.1112946,455.1111245,C31 H20 O2 S1,31,20,2,1,,,,
455.0986268,455.098286,455.0983703,C23 H20 O10,23,20,10,,,,,
455.0834564,455.0831156,455.0831142,C19 H20 O13,19,20,13,,,,,
455.0624806,455.0621398,455.0619848,C22 H16 O11,22,16,11,,,,,
455.0472962,455.0469555,455.0467287,C18 H16 O14,18,16,14,,,,,
454.1804407,454.180101,454.1799755,C21 H30 O10 13C1,21,30,10,,,1,,
454.1439657,454.143626,454.14359,C20 H26 O11 13C1,20,26,11,,,1,,
454.1074221,454.1070825,454.1072044,C19 H22 O12 13C1,19,22,12,,,1,,
453.2131935,453.212855,453.2130061,C23 H34 O9,23,34,9,,,,,
453.1770355,453.176697,453.1766206,C22 H30 O10,22,30,10,,,,,
453.1407823,453.1404438,453.1402351,C21 H26 O11,21,26,11,,,,,
453.1042207,453.1038823,453.1038496,C20 H22 O12,20,22,12,,,,,
453.0829192,453.0825808,453.0827202,C23 H18 O10,23,18,10,,,,,
453.0676018,453.0672634,453.0674641,C19 H18 O13,19,18,13,,,,,
453.0464928,453.0461545,453.0463347,C22 H14 O11,22,14,11,,,,,
453.0313192,453.0309808,453.0310786,C18 H14 O14,18,14,14,,,,,
453.0290249,453.0286866,453.0285767,C22 H14 O9 S1,22,14,9,1,,,,
452.2009309,452.2005936,452.2007109,C22 H32 O9 13C1,22,32,9,,,1,,
452.164656,452.1643187,452.1643254,C21 H28 O10 13C1,21,28,10,,,1,,
452.1284095,452.1280723,452.1279399,C20 H24 O11 13C1,20,24,11,,,1,,
451.2340866,451.2337505,451.2337416,C24 H36 O8,24,36,8,,,,,
451.2131323,451.2127962,451.2126122,C27 H32 O6,27,32,6,,,,,
451.1974785,451.1971424,451.1973561,C23 H32 O9,23,32,9,,,,,
451.1612466,451.1609105,451.1609706,C22 H28 O10,22,28,10,,,,,
451.125142,451.124806,451.1245851,C21 H24 O11,21,24,11,,,,,
451.088715,451.088379,451.0881995,C20 H20 O12,20,20,12,,,,,
451.0673764,451.0670405,451.0670702,C23 H16 O10,23,16,10,,,,,
451.0520071,451.0516711,451.051814,C19 H16 O13,19,16,13,,,,,
451.0495789,451.049243,451.0493121,C23 H16 O8 S1,23,16,8,1,,,,
451.0132261,451.0128902,451.0129266,C22 H12 O9 S1,22,12,9,1,,,,
450.1852336,450.1848987,450.1850608,C22 H30 O9 13C1,22,30,9,,,1,,
450.148929,450.1485942,450.1486753,C21 H26 O10 13C1,21,26,10,,,1,,
449.2183631,449.2180294,449.2180915,C24 H34 O8,24,34,8,,,,,
449.2161412,449.2158074,449.2155896,C28 H34 O3 S1,28,34,3,1,,,,
449.181886,449.1815523,449.181706,C23 H30 O9,23,30,9,,,,,
449.1456713,449.1453377,449.1453205,C22 H26 O10,22,26,10,,,,,
449.1094028,449.1090692,449.108935,C21 H22 O11,21,22,11,,,,,
449.0730093,449.0726758,449.0725495,C20 H18 O12,20,18,12,,,,,
449.0364602,449.0361267,449.036164,C19 H14 O13,19,14,13,,,,,
449.0340301,449.0336966,449.0336621,C23 H14 O8 S1,23,14,8,1,,,,
448.2059967,448.2056642,448.2057963,C23 H32 O8 13C1,23,32,8,,,1,,
448.1695558,448.1692234,448.1694108,C22 H28 O9 13C1,22,28,9,,,1,,
448.1333892,448.1330568,448.1330253,C21 H24 O10 13C1,21,24,10,,,1,,
447.239169,447.2388377,447.238827,C25 H36 O7,25,36,7,,,,,
447.202667,447.2023357,447.2024415,C24 H32 O8,24,32,8,,,,,
447.1792867,447.1789554,447.1788102,C31 H28 O1 S1,31,28,1,1,,,,
447.1662582,447.165927,447.1660559,C23 H28 O9,23,28,9,,,,,
447.1301025,447.1297713,447.1296704,C22 H24 O10,22,24,10,,,,,
447.0938345,447.0935034,447.0932849,C21 H20 O11,21,20,11,,,,,
447.0785094,447.0781783,447.0780288,C17 H20 O14,17,20,14,,,,,
447.0572049,447.0568738,447.0568994,C20 H16 O12,20,16,12,,,,,
447.0547794,447.0544483,447.0543975,C24 H16 O7 S1,24,16,7,1,,,,
447.0206526,447.0203216,447.0205139,C19 H12 O13,19,12,13,,,,,
447.0182428,447.0179117,447.018012,C23 H12 O8 S1,23,12,8,1,,,,
446.1903512,446.1900211,446.1901462,C23 H30 O8 13C1,23,30,8,,,1,,
445.2233128,445.2229839,445.2231769,C25 H34 O7,25,34,7,,,,,
445.1871519,445.1868231,445.1867914,C24 H30 O8,24,30,8,,,,,
445.172022,445.1716931,445.1715353,C20 H30 O11,20,30,11,,,,,
445.1509245,445.1505956,445.1504059,C23 H26 O9,23,26,9,,,,,
445.1356595,445.1353307,445.1351497,C19 H26 O12,19,26,12,,,,,
445.1178017,445.117473,445.1173917,C19 H26 O10 S1,19,26,10,1,,,,
445.1143824,445.1140536,445.1140204,C22 H22 O10,22,22,10,,,,,
445.0989998,445.0986711,445.0987642,C18 H22 O13,18,22,13,,,,,
445.0908777,445.090549,445.0903891,C29 H18 O3 S1,29,18,3,1,,,,
445.0778024,445.0774737,445.0776349,C21 H18 O11,21,18,11,,,,,
445.0625681,445.0622394,445.0623787,C17 H18 O14,17,18,14,,,,,
445.0415393,445.0412106,445.0412494,C20 H14 O12,20,14,12,,,,,
445.0391395,445.0388108,445.0387474,C24 H14 O7 S1,24,14,7,1,,,,
444.1149491,444.1146215,444.1147486,C18 H23 O12 N1,18,23,12,,1,,,
443.2783139,443.2779874,443.2777959,C31 H40 S1,31,40,,1,,,,
443.2079787,443.2076522,443.2075268,C25 H32 O7,25,32,7,,,,,
443.1926602,443.1923338,443.1922707,C21 H32 O10,21,32,10,,,,,
443.1714797,443.1711532,443.1711413,C24 H28 O8,24,28,8,,,,,
443.1561628,443.1558364,443.1558852,C20 H28 O11,20,28,11,,,,,
443.1383453,443.1380189,443.1381271,C20 H28 O9 S1,20,28,9,1,,,,
443.1349454,443.1346189,443.1347558,C23 H24 O9,23,24,9,,,,,
443.1294029,443.1290765,443.1288826,C30 H20 O4,30,20,4,,,,,
443.1196807,443.1193543,443.1194997,C19 H24 O12,19,24,12,,,,,
443.1116244,443.111298,443.1111245,C30 H20 O2 S1,30,20,2,1,,,,
443.1019337,443.1016073,443.1017416,C19 H24 O10 S1,19,24,10,1,,,,
443.0986633,443.0983369,443.0983703,C22 H20 O10,22,20,10,,,,,
443.0834658,443.0831395,443.0831142,C18 H20 O13,18,20,13,,,,,
443.0624981,443.0621718,443.0619848,C21 H16 O11,21,16,11,,,,,
443.0260868,443.0257605,443.0255993,C20 H12 O12,20,12,12,,,,,
442.2566307,442.2563053,442.2561178,C19 H42 O8 S1 13C1,19,42,8,1,,1,,
442.1801376,442.1798124,442.1799755,C20 H30 O10 13C1,20,30,10,,,1,,
442.1720364,442.1717111,442.1718696,C20 H29 O10 N1,20,29,10,,1,,,
442.1439115,442.1435863,442.14359,C19 H26 O11 13C1,19,26,11,,,1,,
442.1358505,442.1355253,442.1354841,C19 H25 O11 N1,19,25,11,,1,,,
441.2530073,441.2526832,441.252763,C20 H42 O8 S1,20,42,8,1,,,,
441.213148,441.2128239,441.2130061,C22 H34 O9,22,34,9,,,,,
441.192138,441.191814,441.1918768,C25 H30 O7,25,30,7,,,,,
441.1770191,441.1766951,441.1766206,C21 H30 O10,21,30,10,,,,,
441.1560147,441.1556906,441.1554913,C24 H26 O8,24,26,8,,,,,
441.1407618,441.1404378,441.1402351,C20 H26 O11,20,26,11,,,,,
441.1195683,441.1192443,441.1191058,C23 H22 O9,23,22,9,,,,,
441.1041546,441.1038306,441.1038496,C19 H22 O12,19,22,12,,,,,
441.1017982,441.1014742,441.1013477,C23 H22 O7 S1,23,22,7,1,,,,
441.0959973,441.0956733,441.0954745,C30 H18 O2 S1,30,18,2,1,,,,
441.0828978,441.0825739,441.0827202,C22 H18 O10,22,18,10,,,,,
441.0676426,441.0673186,441.0674641,C18 H18 O13,18,18,13,,,,,
441.0465986,441.0462747,441.0463347,C21 H14 O11,21,14,11,,,,,
441.04419,441.0438661,441.0438328,C25 H14 O6 S1,25,14,6,1,,,,
441.0314415,441.0311176,441.0310786,C17 H14 O14,17,14,14,,,,,
440.1647256,440.1644028,440.1643254,C20 H28 O10 13C1,20,28,10,,,1,,
440.1281046,440.1277818,440.1279399,C19 H24 O11 13C1,19,24,11,,,1,,
440.1199973,440.1196745,440.119834,C19 H23 O11 N1,19,23,11,,1,,,
440.091778,440.0914552,440.0915544,C18 H20 O12 13C1,18,20,12,,,1,,
439.1975881,439.1972664,439.1973561,C22 H32 O9,22,32,9,,,,,
439.1611692,439.1608476,439.1609706,C21 H28 O10,21,28,10,,,,,
439.1531284,439.1528068,439.1525954,C32 H24 S1,32,24,,1,,,,
439.1249929,439.1246712,439.1245851,C20 H24 O11,20,24,11,,,,,
439.1039888,439.1036673,439.1034557,C23 H20 O9,23,20,9,,,,,
439.0887147,439.0883931,439.0881995,C19 H20 O12,19,20,12,,,,,
439.0674678,439.0671463,439.0670702,C22 H16 O10,22,16,10,,,,,
439.0520647,439.0517432,439.051814,C18 H16 O13,18,16,13,,,,,
439.0308314,439.0305099,439.0306847,C21 H12 O11,21,12,11,,,,,
438.1855262,438.1852057,438.1850608,C21 H30 O9 13C1,21,30,9,,,1,,
438.1490879,438.1487675,438.1486753,C20 H26 O10 13C1,20,26,10,,,1,,
438.1124848,438.1121644,438.1122898,C19 H22 O11 13C1,19,22,11,,,1,,
438.1044025,438.1040822,438.104184,C19 H21 O11 N1,19,21,11,,1,,,
438.0761209,438.0758006,438.0759043,C18 H18 O12 13C1,18,18,12,,,1,,
437.2184504,437.2181311,437.2180915,C23 H34 O8,23,34,8,,,,,
437.1818743,437.181555,437.181706,C22 H30 O9,22,30,9,,,,,
437.1456174,437.1452982,437.1453205,C21 H26 O10,21,26,10,,,,,
437.1094108,437.1090916,437.108935,C20 H22 O11,20,22,11,,,,,
437.0729398,437.0726206,437.0725495,C19 H18 O12,19,18,12,,,,,
437.0517376,437.0514185,437.0514201,C22 H14 O10,22,14,10,,,,,
437.0364212,437.0361021,437.036164,C18 H14 O13,18,14,13,,,,,
437.0339975,437.0336783,437.0336621,C22 H14 O8 S1,22,14,8,1,,,,
436.2061555,436.2058374,436.2057963,C22 H32 O8 13C1,22,32,8,,,1,,
436.1333319,436.1330139,436.1330253,C20 H24 O10 13C1,20,24,10,,,1,,
436.0967987,436.0964807,436.0966398,C19 H20 O11 13C1,19,20,11,,,1,,
436.0887119,436.0883939,436.0885339,C19 H19 O11 N1,19,19,11,,1,,,
435.2392557,435.2389387,435.238827,C24 H36 O7,24,36,7,,,,,
435.2026187,435.2023018,435.2024415,C23 H32 O8,23,32,8,,,,,
435.1792264,435.1789095,435.1788102,C30 H28 O1 S1,30,28,1,1,,,,
435.1662235,435.1659066,435.1660559,C22 H28 O9,22,28,9,,,,,
435.1301519,435.129835,435.1296704,C21 H24 O10,21,24,10,,,,,
435.0937654,435.0934486,435.0932849,C20 H20 O11,20,20,11,,,,,
435.0724312,435.0721144,435.0721556,C23 H16 O9,23,16,9,,,,,
435.0570624,435.0567456,435.0568994,C19 H16 O12,19,16,12,,,,,
435.0546594,435.0543427,435.0543975,C23 H16 O7 S1,23,16,7,1,,,,
435.0207266,435.0204099,435.0205139,C18 H12 O13,18,12,13,,,,,
435.0183183,435.0180016,435.018012,C22 H12 O8 S1,22,12,8,1,,,,
434.1905883,434.1902725,434.1901462,C22 H30 O8 13C1,22,30,8,,,1,,
434.1646107,434.164295,434.1642823,C22 H29 O6 S1 N1,22,29,6,1,1,,,
434.1540186,434.1537029,434.1537607,C21 H26 O9 13C1,21,26,9,,,1,,
434.117556,434.1172404,434.1173752,C20 H22 O10 13C1,20,22,10,,,1,,
433.2233424,433.2230278,433.2231769,C24 H34 O7,24,34,7,,,,,
433.1870555,433.1867409,433.1867914,C23 H30 O8,23,30,8,,,,,
433.1508908,433.1505763,433.1504059,C22 H26 O9,22,26,9,,,,,
433.1143869,433.1140725,433.1140204,C21 H22 O10,21,22,10,,,,,
433.0989867,433.0986723,433.0987642,C17 H22 O13,17,22,13,,,,,
433.0908829,433.0905685,433.0903891,C28 H18 O3 S1,28,18,3,1,,,,
433.0777717,433.0774573,433.0776349,C20 H18 O11,20,18,11,,,,,
433.0625079,433.0621935,433.0623787,C16 H18 O14,16,18,14,,,,,
433.0544428,433.0541284,433.0540036,C27 H14 O4 S1,27,14,4,1,,,,
433.0415397,433.0412254,433.0412494,C19 H14 O12,19,14,12,,,,,
433.039142,433.0388277,433.0387474,C23 H14 O7 S1,23,14,7,1,,,,
432.1746741,432.1743608,432.1744962,C22 H28 O8 13C1,22,28,8,,,1,,
432.1384667,432.1381534,432.1381107,C21 H24 O9 13C1,21,24,9,,,1,,
431.2079403,431.2076281,431.2075268,C24 H32 O7,24,32,7,,,,,
431.1713986,431.1710864,431.1711413,C23 H28 O8,23,28,8,,,,,
431.1560709,431.1557587,431.1558852,C19 H28 O11,19,28,11,,,,,
431.1479924,431.1476803,431.14751,C30 H24 O1 S1,30,24,1,1,,,,
431.1383076,431.1379955,431.1381271,C19 H28 O9 S1,19,28,9,1,,,,
431.134939,431.1346269,431.1347558,C22 H24 O9,22,24,9,,,,,
431.1197346,431.1194226,431.1194997,C18 H24 O12,18,24,12,,,,,
431.098729,431.098417,431.0983703,C21 H20 O10,21,20,10,,,,,
431.083584,431.083272,431.0831142,C17 H20 O13,17,20,13,,,,,
431.0624498,431.0621378,431.0619848,C20 H16 O11,20,16,11,,,,,
431.0471989,431.0468869,431.0467287,C16 H16 O14,16,16,14,,,,,
431.0258832,431.0255712,431.0255993,C19 H12 O12,19,12,12,,,,,
431.0234324,431.0231204,431.0230974,C23 H12 O7 S1,23,12,7,1,,,,
430.1357579,430.135447,430.1354841,C18 H25 O11 N1,18,25,11,,1,,,
430.0992802,430.0989693,430.0990986,C17 H21 O12 N1,17,21,12,,1,,,
429.1922952,429.1919854,429.1918768,C24 H30 O7,24,30,7,,,,,
429.1770843,429.1767745,429.1766206,C20 H30 O10,20,30,10,,,,,
429.1559303,429.1556205,429.1554913,C23 H26 O8,23,26,8,,,,,
429.1406158,429.140306,429.1402351,C19 H26 O11,19,26,11,,,,,
429.1227154,429.1224057,429.1224771,C19 H26 O9 S1,19,26,9,1,,,,
429.1193429,429.1190332,429.1191058,C22 H22 O9,22,22,9,,,,,
429.1040237,429.103714,429.1038496,C18 H22 O12,18,22,12,,,,,
429.0959479,429.0956383,429.0954745,C29 H18 O2 S1,29,18,2,1,,,,
429.0829201,429.0826104,429.0827202,C21 H18 O10,21,18,10,,,,,
429.0677102,429.0674005,429.0674641,C17 H18 O13,17,18,13,,,,,
429.0467311,429.0464215,429.0463347,C20 H14 O11,20,14,11,,,,,
429.0443222,429.0440126,429.0438328,C24 H14 O6 S1,24,14,6,1,,,,
429.0315709,429.0312613,429.0310786,C16 H14 O14,16,14,14,,,,,
428.1647906,428.164482,428.1643254,C19 H28 O10 13C1,19,28,10,,,1,,
428.1283343,428.1280258,428.1279399,C18 H24 O11 13C1,18,24,11,,,1,,
428.1201553,428.1198468,428.119834,C18 H23 O11 N1,18,23,11,,1,,,
428.0917415,428.091433,428.0915544,C17 H20 O12 13C1,17,20,12,,,1,,
428.0553728,428.0550644,428.0551689,C16 H16 O13 13C1,16,16,13,,,1,,
427.197576,427.1972685,427.1973561,C21 H32 O9,21,32,9,,,,,
427.1765295,427.1762221,427.1762267,C24 H28 O7,24,28,7,,,,,
427.1613887,427.1610813,427.1609706,C20 H28 O10,20,28,10,,,,,
427.1402982,427.1399908,427.1398412,C23 H24 O8,23,24,8,,,,,
427.125007,427.1246997,427.1245851,C19 H24 O11,19,24,11,,,,,
427.1071401,427.1068327,427.106827,C19 H24 O9 S1,19,24,9,1,,,,
427.1037484,427.1034411,427.1034557,C22 H20 O9,22,20,9,,,,,
427.0884112,427.0881039,427.0881995,C18 H20 O12,18,20,12,,,,,
427.0860937,427.0857864,427.0856976,C22 H20 O7 S1,22,20,7,1,,,,
427.0802986,427.0799913,427.0798244,C29 H16 O2 S1,29,16,2,1,,,,
427.0672458,427.0669386,427.0670702,C21 H16 O10,21,16,10,,,,,
427.0520279,427.0517207,427.051814,C17 H16 O13,17,16,13,,,,,
427.0310688,427.0307616,427.0306847,C20 H12 O11,20,12,11,,,,,
426.2615464,426.26124,426.2612032,C19 H42 O7 S1 13C1,19,42,7,1,,1,,
426.1853464,426.1850401,426.1850608,C20 H30 O9 13C1,20,30,9,,,1,,
426.1491287,426.1488225,426.1486753,C19 H26 O10 13C1,19,26,10,,,1,,
426.1410554,426.1407492,426.1405695,C19 H25 O10 N1,19,25,10,,1,,,
426.1125994,426.1122932,426.1122898,C18 H22 O11 13C1,18,22,11,,,1,,
426.1044587,426.1041525,426.104184,C18 H21 O11 N1,18,21,11,,1,,,
426.0760857,426.0757796,426.0759043,C17 H18 O12 13C1,17,18,12,,,1,,
425.2581194,425.2578142,425.2578483,C20 H42 O7 S1,20,42,7,1,,,,
425.2182728,425.2179677,425.2180915,C22 H34 O8,22,34,8,,,,,
425.1820716,425.1817666,425.181706,C21 H30 O9,21,30,9,,,,,
425.1457816,425.1454766,425.1453205,C20 H26 O10,20,26,10,,,,,
425.1092448,425.1089398,425.108935,C19 H22 O11,19,22,11,,,,,
425.0913849,425.0910799,425.0911769,C19 H22 O9 S1,19,22,9,1,,,,
425.0879692,425.0876643,425.0878056,C22 H18 O9,22,18,9,,,,,
425.072694,425.072389,425.0725495,C18 H18 O12,18,18,12,,,,,
425.0646219,425.064317,425.0641743,C29 H14 O2 S1,29,14,2,1,,,,
425.0516372,425.0513323,425.0514201,C21 H14 O10,21,14,10,,,,,
425.0365291,425.0362242,425.036164,C17 H14 O13,17,14,13,,,,,
424.1698486,424.1695448,424.1694108,C20 H28 O9 13C1,20,28,9,,,1,,
424.1333496,424.1330458,424.1330253,C19 H24 O10 13C1,19,24,10,,,1,,
424.1252044,424.1249006,424.1249194,C19 H23 O10 N1,19,23,10,,1,,,
424.0967932,424.0964894,424.0966398,C18 H20 O11 13C1,18,20,11,,,1,,
424.0887081,424.0884043,424.0885339,C18 H19 O11 N1,18,19,11,,1,,,
424.0605691,424.0602654,424.0602543,C17 H16 O12 13C1,17,16,12,,,1,,
423.2226416,423.2223389,423.222344,C20 H38 O7 34S1,20,38,7,,,,1,
423.2028178,423.2025151,423.2024415,C22 H32 O8,22,32,8,,,,,
423.1664566,423.1661539,423.1660559,C21 H28 O9,21,28,9,,,,,
423.1298688,423.1295661,423.1296704,C20 H24 O10,20,24,10,,,,,
423.1217783,423.1214756,423.1212953,C31 H20 S1,31,20,,1,,,,
423.1046968,423.1043942,423.1045183,C18 H20 O10 N2,18,20,10,,2,,,
423.093487,423.0931844,423.0932849,C19 H20 O11,19,20,11,,,,,
423.072542,423.0722394,423.0721556,C22 H16 O9,22,16,9,,,,,
423.0573835,423.057081,423.0568994,C18 H16 O12,18,16,12,,,,,
423.0208971,423.0205946,423.0205139,C17 H12 O13,17,12,13,,,,,
423.018468,423.0181655,423.018012,C21 H12 O8 S1,21,12,8,1,,,,
422.2303096,422.230008,422.229903,C19 H38 O7 S1 13C1,19,38,7,1,,1,,
422.1905878,422.1902863,422.1901462,C21 H30 O8 13C1,21,30,8,,,1,,
422.1539339,422.1536324,422.1537607,C20 H26 O9 13C1,20,26,9,,,1,,
422.1458115,422.1455101,422.1456549,C20 H25 O9 N1,20,25,9,,1,,,
422.1175915,422.1172901,422.1173752,C19 H22 O10 13C1,19,22,10,,,1,,
422.1095097,422.1092082,422.1092693,C19 H21 O10 N1,19,21,10,,1,,,
421.2269678,421.2266674,421.2265482,C20 H38 O7 S1,20,38,7,1,,,,
421.2235485,421.2232481,421.2231769,C23 H34 O7,23,34,7,,,,,
421.1869411,421.1866408,421.1867914,C22 H30 O8,22,30,8,,,,,
421.1636193,421.163319,421.1631601,C29 H26 O1 S1,29,26,1,1,,,,
421.1506478,421.1503475,421.1504059,C21 H26 O9,21,26,9,,,,,
421.114505,421.1142048,421.1140204,C20 H22 O10,20,22,10,,,,,
421.0779843,421.0776841,421.0776349,C19 H18 O11,19,18,11,,,,,
421.0413991,421.0410989,421.0412494,C18 H14 O12,18,14,12,,,,,
421.03898,421.0386799,421.0387474,C22 H14 O7 S1,22,14,7,1,,,,
420.1748789,420.1745798,420.1744962,C21 H28 O8 13C1,21,28,8,,,1,,
420.1385813,420.1382822,420.1381107,C20 H24 O9 13C1,20,24,9,,,1,,
420.1018742,420.1015751,420.1017251,C19 H20 O10 13C1,19,20,10,,,1,,
420.0937322,420.0934332,420.0936193,C19 H19 O10 N1,19,19,10,,1,,,
420.0655272,420.0652282,420.0653396,C18 H16 O11 13C1,18,16,11,,,1,,
419.208002,419.207704,419.2075268,C23 H32 O7,23,32,7,,,,,
419.1714514,419.1711534,419.1711413,C22 H28 O8,22,28,8,,,,,
419.1479684,419.1476705,419.14751,C29 H24 O1 S1,29,24,1,1,,,,
419.1348893,419.1345914,419.1347558,C21 H24 O9,21,24,9,,,,,
419.1293749,419.129077,419.1288826,C28 H20 O4,28,20,4,,,,,
419.0987325,419.0984346,419.0983703,C20 H20 O10,20,20,10,,,,,
419.0835558,419.083258,419.0831142,C16 H20 O13,16,20,13,,,,,
419.06244,419.0621422,419.0619848,C19 H16 O11,19,16,11,,,,,
419.0258682,419.0255704,419.0255993,C18 H12 O12,18,12,12,,,,,
419.0234192,419.0231214,419.0230974,C22 H12 O7 S1,22,12,7,1,,,,
418.1591222,418.1588254,418.1588461,C21 H26 O8 13C1,21,26,8,,,1,,
417.2284746,417.2281789,417.2282623,C24 H34 O6,24,34,6,,,,,
417.2108415,417.2105458,417.2105042,C24 H34 O4 S1,24,34,4,1,,,,
417.1922718,417.1919762,417.1918768,C23 H30 O7,23,30,7,,,,,
417.1558241,417.1555285,417.1554913,C22 H26 O8,22,26,8,,,,,
417.1404702,417.1401746,417.1402351,C18 H26 O11,18,26,11,,,,,
417.1323521,417.1320565,417.13186,C29 H22 O1 S1,29,22,1,1,,,,
417.1226298,417.1223342,417.1224771,C18 H26 O9 S1,18,26,9,1,,,,
417.1192688,417.1189732,417.1191058,C21 H22 O9,21,22,9,,,,,
417.1137341,417.1134386,417.1132325,C28 H18 O4,28,18,4,,,,,
417.1040372,417.1037417,417.1038496,C17 H22 O12,17,22,12,,,,,
417.0863671,417.0860716,417.0860915,C17 H22 O10 S1,17,22,10,1,,,,
417.0830093,417.0827138,417.0827202,C20 H18 O10,20,18,10,,,,,
417.0678616,417.0675661,417.0674641,C16 H18 O13,16,18,13,,,,,
417.0467925,417.0464971,417.0463347,C19 H14 O11,19,14,11,,,,,
417.0078255,417.0075301,417.0074473,C22 H10 O7 S1,22,10,7,1,,,,
416.156438,416.1561435,416.1562195,C18 H27 O10 N1,18,27,10,,1,,,
416.1202858,416.1199914,416.119834,C17 H23 O11 N1,17,23,11,,1,,,
415.1766499,415.1763566,415.1762267,C23 H28 O7,23,28,7,,,,,
415.1612978,415.1610045,415.1609706,C19 H28 O10,19,28,10,,,,,
415.1434137,415.1431204,415.1432125,C19 H28 O8 S1,19,28,8,1,,,,
415.139997,415.1397038,415.1398412,C22 H24 O8,22,24,8,,,,,
415.1344572,415.1341639,415.133968,C29 H20 O3,29,20,3,,,,,
415.1247118,415.1244185,415.1245851,C18 H24 O11,18,24,11,,,,,
415.1166636,415.1163704,415.1162099,C29 H20 O1 S1,29,20,1,1,,,,
415.1070133,415.1067201,415.106827,C18 H24 O9 S1,18,24,9,1,,,,
415.1036605,415.1033673,415.1034557,C21 H20 O9,21,20,9,,,,,
415.0885437,415.0882506,415.0881995,C17 H20 O12,17,20,12,,,,,
415.0675414,415.0672482,415.0670702,C20 H16 O10,20,16,10,,,,,
415.0522643,415.0519712,415.051814,C16 H16 O13,16,16,13,,,,,
415.0310356,415.0307425,415.0306847,C19 H12 O11,19,12,11,,,,,
415.0285211,415.028228,415.0281827,C23 H12 O6 S1,23,12,6,1,,,,
414.1491374,414.1488453,414.1486753,C18 H26 O10 13C1,18,26,10,,,1,,
414.1125968,414.1123047,414.1122898,C17 H22 O11 13C1,17,22,11,,,1,,
414.1044107,414.1041187,414.104184,C17 H21 O11 N1,17,21,11,,1,,,
414.0760397,414.0757477,414.0759043,C16 H18 O12 13C1,16,18,12,,,1,,
413.1818684,413.1815775,413.181706,C20 H30 O9,20,30,9,,,,,
413.1607253,413.1604344,413.1605766,C23 H26 O7,23,26,7,,,,,
413.1455459,413.145255,413.1453205,C19 H26 O10,19,26,10,,,,,
413.127902,413.1276111,413.1275624,C19 H26 O8 S1,19,26,8,1,,,,
413.1245298,413.1242389,413.1241911,C22 H22 O8,22,22,8,,,,,
413.1093492,413.1090583,413.108935,C18 H22 O11,18,22,11,,,,,
413.088203,413.0879121,413.0878056,C21 H18 O9,21,18,9,,,,,
413.0729007,413.0726099,413.0725495,C17 H18 O12,17,18,12,,,,,
413.0516399,413.0513491,413.0514201,C20 H14 O10,20,14,10,,,,,
413.0363337,413.036043,413.036164,C16 H14 O13,16,14,13,,,,,
413.0282435,413.0279527,413.0277888,C27 H10 O3 S1,27,10,3,1,,,,
413.0127841,413.0124934,413.0125327,C23 H10 O6 S1,23,10,6,1,,,,
412.1697666,412.1694769,412.1694108,C19 H28 O9 13C1,19,28,9,,,1,,
412.1331668,412.132877,412.1330253,C18 H24 O10 13C1,18,24,10,,,1,,
412.1250615,412.1247718,412.1246501,C29 H20 S1 13C1,29,20,,1,,1,,
412.1250615,412.1247718,412.1249194,C18 H23 O10 N1,18,23,10,,1,,,
412.0969109,412.0966212,412.0966398,C17 H20 O11 13C1,17,20,11,,,1,,
412.0889121,412.0886225,412.0885339,C17 H19 O11 N1,17,19,11,,1,,,
412.0607297,412.06044,412.0602543,C16 H16 O12 13C1,16,16,12,,,1,,
411.2027089,411.2024203,411.2024415,C21 H32 O8,21,32,8,,,,,
411.1665159,411.1662273,411.1660559,C20 H28 O9,20,28,9,,,,,
411.129922,411.1296335,411.1296704,C19 H24 O10,19,24,10,,,,,
411.1217689,411.1214804,411.1212953,C30 H20 S1,30,20,,1,,,,
411.1120648,411.1117762,411.1119124,C19 H24 O8 S1,19,24,8,1,,,,
411.1086652,411.1083767,411.1085411,C22 H20 O8,22,20,8,,,,,
411.1046166,411.104328,411.1045183,C17 H20 O10 N2,17,20,10,,2,,,
411.0934361,411.0931476,411.0932849,C18 H20 O11,18,20,11,,,,,
411.0853922,411.0851038,411.0849098,C29 H16 O1 S1,29,16,1,1,,,,
411.0724663,411.0721779,411.0721556,C21 H16 O9,21,16,9,,,,,
411.0573472,411.0570587,411.0568994,C17 H16 O12,17,16,12,,,,,
411.036232,411.0359436,411.0357701,C20 H12 O10,20,12,10,,,,,
411.0208644,411.020576,411.0205139,C16 H12 O13,16,12,13,,,,,
410.1903685,410.190081,410.1901462,C20 H30 O8 13C1,20,30,8,,,1,,
410.154194,410.1539066,410.1537607,C19 H26 O9 13C1,19,26,9,,,1,,
410.1176353,410.1173479,410.1173752,C18 H22 O10 13C1,18,22,10,,,1,,
410.1094931,410.1092058,410.1092693,C18 H21 O10 N1,18,21,10,,1,,,
410.0811797,410.0808924,410.0809897,C17 H18 O11 13C1,17,18,11,,,1,,
410.0730939,410.0728066,410.0728838,C17 H17 O11 N1,17,17,11,,1,,,
409.2234196,409.2231333,409.2231769,C22 H34 O7,22,34,7,,,,,
409.1869625,409.1866762,409.1867914,C21 H30 O8,21,30,8,,,,,
409.1507795,409.1504933,409.1504059,C20 H26 O9,20,26,9,,,,,
409.1144299,409.1141437,409.1140204,C19 H22 O10,19,22,10,,,,,
409.093104,409.0928179,409.092891,C22 H18 O8,22,18,8,,,,,
409.0890647,409.0887785,409.0888683,C17 H18 O10 N2,17,18,10,,2,,,
409.0777706,409.0774844,409.0776349,C18 H18 O11,18,18,11,,,,,
409.0696412,409.0693551,409.0692597,C29 H14 O1 S1,29,14,1,1,,,,
409.0566338,409.0563477,409.0565055,C21 H14 O9,21,14,9,,,,,
409.0415033,409.0412172,409.0412494,C17 H14 O12,17,14,12,,,,,
409.0391198,409.0388337,409.0387474,C21 H14 O7 S1,21,14,7,1,,,,
408.1746684,408.1743833,408.1744962,C20 H28 O8 13C1,20,28,8,,,1,,
408.1385653,408.1382802,408.1381107,C19 H24 O9 13C1,19,24,9,,,1,,
408.1020081,408.1017231,408.1017251,C18 H20 O10 13C1,18,20,10,,,1,,
408.0938306,408.0935456,408.0936193,C18 H19 O10 N1,18,19,10,,1,,,
408.0654721,408.0651871,408.0653396,C17 H16 O11 13C1,17,16,11,,,1,,
408.0574086,408.0571237,408.0572338,C17 H15 O11 N1,17,15,11,,1,,,
407.2076653,407.2073813,407.2075268,C22 H32 O7,22,32,7,,,,,
407.1714054,407.1711214,407.1711413,C21 H28 O8,21,28,8,,,,,
407.1351933,407.1349094,407.1347558,C20 H24 O9,20,24,9,,,,,
407.098629,407.0983451,407.0983703,C19 H20 O10,19,20,10,,,,,
407.0773803,407.0770965,407.0772409,C22 H16 O8,22,16,8,,,,,
407.0752032,407.0749193,407.074739,C26 H16 O3 S1,26,16,3,1,,,,
407.0734009,407.073117,407.0732182,C17 H16 O10 N2,17,16,10,,2,,,
407.0621333,407.0618495,407.0619848,C18 H16 O11,18,16,11,,,,,
407.0260239,407.0257402,407.0255993,C17 H12 O12,17,12,12,,,,,
406.1953882,406.1951054,406.1952316,C21 H30 O7 13C1,21,30,7,,,1,,
406.15922,406.1589373,406.1588461,C20 H26 O8 13C1,20,26,8,,,1,,
406.1228507,406.1225679,406.1224606,C19 H22 O9 13C1,19,22,9,,,1,,
406.0861979,406.0859152,406.0860751,C18 H18 O10 13C1,18,18,10,,,1,,
406.0780896,406.077807,406.0779692,C18 H17 O10 N1,18,17,10,,1,,,
405.2283595,405.2280778,405.2282623,C23 H34 O6,23,34,6,,,,,
405.1921676,405.1918859,405.1918768,C22 H30 O7,22,30,7,,,,,
405.1559297,405.1556481,405.1554913,C21 H26 O8,21,26,8,,,,,
405.1192639,405.1189823,405.1191058,C20 H22 O9,20,22,9,,,,,
405.1137128,405.1134312,405.1132325,C27 H18 O4,27,18,4,,,,,
405.1039878,405.1037062,405.1038496,C16 H22 O12,16,22,12,,,,,
405.0959482,405.0956667,405.0954745,C27 H18 O2 S1,27,18,2,1,,,,
405.0941105,405.093829,405.0939536,C18 H18 O9 N2,18,18,9,,2,,,
405.0829229,405.0826414,405.0827202,C19 H18 O10,19,18,10,,,,,
405.0678108,405.0675293,405.0674641,C15 H18 O13,15,18,13,,,,,
405.0467666,405.0464851,405.0463347,C18 H14 O11,18,14,11,,,,,
405.0077821,405.0075007,405.0074473,C21 H10 O7 S1,21,10,7,1,,,,
404.1799771,404.1796967,404.1795815,C21 H28 O7 13C1,21,28,7,,,1,,
404.1434241,404.1431437,404.143196,C20 H24 O8 13C1,20,24,8,,,1,,
404.1200039,404.1197236,404.119834,C16 H23 O11 N1,16,23,11,,1,,,
404.1069604,404.10668,404.1068105,C19 H20 O9 13C1,19,20,9,,,1,,
403.2130057,403.2127264,403.2126122,C23 H32 O6,23,32,6,,,,,
403.1763767,403.1760974,403.1762267,C22 H28 O7,22,28,7,,,,,
403.1610785,403.1607992,403.1609706,C18 H28 O10,18,28,10,,,,,
403.1530394,403.1527601,403.1525954,C29 H24 S1,29,24,,1,,,,
403.1400443,403.139765,403.1398412,C21 H24 O8,21,24,8,,,,,
403.1249452,403.124666,403.1245851,C17 H24 O11,17,24,11,,,,,
403.1038911,403.1036118,403.1034557,C20 H20 O9,20,20,9,,,,,
403.0886076,403.0883284,403.0881995,C16 H20 O12,16,20,12,,,,,
403.0673421,403.0670629,403.0670702,C19 H16 O10,19,16,10,,,,,
403.064926,403.0646468,403.0645683,C23 H16 O5 S1,23,16,5,1,,,,
403.0519889,403.0517098,403.051814,C15 H16 O13,15,16,13,,,,,
403.0439132,403.0436341,403.0434389,C26 H12 O3 S1,26,12,3,1,,,,
403.0308635,403.0305844,403.0306847,C18 H12 O11,18,12,11,,,,,
403.0284641,403.028185,403.0281827,C22 H12 O6 S1,22,12,6,1,,,,
402.1044753,402.1041972,402.104184,C16 H21 O11 N1,16,21,11,,1,,,
401.1973531,401.1970761,401.1969622,C23 H30 O6,23,30,6,,,,,
401.1821042,401.1818273,401.181706,C19 H30 O9,19,30,9,,,,,
401.160899,401.1606221,401.1605766,C22 H26 O7,22,26,7,,,,,
401.1455142,401.1452373,401.1453205,C18 H26 O10,18,26,10,,,,,
401.1374131,401.1371362,401.1369454,C29 H22 S1,29,22,,1,,,,
401.1277217,401.1274448,401.1275624,C18 H26 O8 S1,18,26,8,1,,,,
401.1243238,401.1240469,401.1241911,C21 H22 O8,21,22,8,,,,,
401.118793,401.1185161,401.1183179,C28 H18 O3,28,18,3,,,,,
401.1091303,401.1088534,401.108935,C17 H22 O11,17,22,11,,,,,
401.0914882,401.0912113,401.0911769,C17 H22 O9 S1,17,22,9,1,,,,
401.0881157,401.0878388,401.0878056,C20 H18 O9,20,18,9,,,,,
401.0729651,401.0726882,401.0725495,C16 H18 O12,16,18,12,,,,,
401.0518121,401.0515352,401.0514201,C19 H14 O10,19,14,10,,,,,
401.0364815,401.0362047,401.036164,C15 H14 O13,15,14,13,,,,,
401.015218,401.0149412,401.0150346,C18 H10 O11,18,10,11,,,,,
401.0127552,401.0124784,401.0125327,C22 H10 O6 S1,22,10,6,1,,,,
400.1695555,400.1692797,400.1694108,C18 H28 O9 13C1,18,28,9,,,1,,
400.1615174,400.1612416,400.1613049,C18 H27 O9 N1,18,27,9,,1,,,
400.1333621,400.1330863,400.1330253,C17 H24 O10 13C1,17,24,10,,,1,,
400.1253351,400.1250593,400.1249194,C17 H23 O10 N1,17,23,10,,1,,,
400.0970234,400.0967477,400.0966398,C16 H20 O11 13C1,16,20,11,,,1,,
400.0888672,400.0885915,400.0885339,C16 H19 O11 N1,16,19,11,,1,,,
400.0603742,400.0600985,400.0602543,C15 H16 O12 13C1,15,16,12,,,1,,
399.2027511,399.2024764,399.2024415,C20 H32 O8,20,32,8,,,,,
399.1664389,399.1661642,399.1660559,C19 H28 O9,19,28,9,,,,,
399.1485258,399.1482512,399.1482979,C19 H28 O7 S1,19,28,7,1,,,,
399.1451247,399.14485,399.1449266,C22 H24 O7,22,24,7,,,,,
399.1297979,399.1295233,399.1296704,C18 H24 O10,18,24,10,,,,,
399.1217371,399.1214625,399.1212953,C29 H20 S1,29,20,,1,,,,
399.112061,399.1117864,399.1119124,C18 H24 O8 S1,18,24,8,1,,,,
399.1087166,399.108442,399.1085411,C21 H20 O8,21,20,8,,,,,
399.0935786,399.093304,399.0932849,C17 H20 O11,17,20,11,,,,,
399.0759381,399.0756636,399.0755269,C17 H20 O9 S1,17,20,9,1,,,,
399.072534,399.0722594,399.0721556,C20 H16 O9,20,16,9,,,,,
399.0573003,399.0570257,399.0568994,C16 H16 O12,16,16,12,,,,,
399.0360513,399.0357768,399.0357701,C19 H12 O10,19,12,10,,,,,
399.020713,399.0204385,399.0205139,C15 H12 O13,15,12,13,,,,,
399.0125915,399.012317,399.0121388,C26 H8 O3 S1,26,8,3,1,,,,
398.2302728,398.2299992,398.229903,C17 H38 O7 S1 13C1,17,38,7,1,,1,,
398.1902845,398.190011,398.1901462,C19 H30 O8 13C1,19,30,8,,,1,,
398.1540503,398.1537768,398.1537607,C18 H26 O9 13C1,18,26,9,,,1,,
398.1460726,398.1457991,398.1456549,C18 H25 O9 N1,18,25,9,,1,,,
398.1178053,398.1175319,398.1173752,C17 H22 O10 13C1,17,22,10,,,1,,
398.1096578,398.1093844,398.1092693,C17 H21 O10 N1,17,21,10,,1,,,
398.0811121,398.0808387,398.0809897,C16 H18 O11 13C1,16,18,11,,,1,,
398.072983,398.0727096,398.0728838,C16 H17 O11 N1,16,17,11,,1,,,
398.0448576,398.0445842,398.0446042,C15 H14 O12 13C1,15,14,12,,,1,,
397.3877863,397.3875137,397.3873464,C26 H54 S1,26,54,,1,,,,
397.2269127,397.2266403,397.2265482,C18 H38 O7 S1,18,38,7,1,,,,
397.1871162,397.1868439,397.1867914,C20 H30 O8,20,30,8,,,,,
397.1505739,397.1503016,397.1504059,C19 H26 O9,19,26,9,,,,,
397.1328643,397.132592,397.1326478,C19 H26 O7 S1,19,26,7,1,,,,
397.1294703,397.129198,397.1292765,C22 H22 O7,22,22,7,,,,,
397.1143146,397.1140423,397.1140204,C18 H22 O10,18,22,10,,,,,
397.0932411,397.0929688,397.092891,C21 H18 O8,21,18,8,,,,,
397.0780529,397.0777807,397.0776349,C17 H18 O11,17,18,11,,,,,
397.0568098,397.0565376,397.0565055,C20 H14 O9,20,14,9,,,,,
397.0414243,397.0411521,397.0412494,C16 H14 O12,16,14,12,,,,,
397.033299,397.0330268,397.0328742,C27 H10 O2 S1,27,10,2,1,,,,
397.0178331,397.017561,397.0176181,C23 H10 O5 S1,23,10,5,1,,,,
396.1749252,396.174654,396.1744962,C19 H28 O8 13C1,19,28,8,,,1,,
396.138354,396.1380829,396.1381107,C18 H24 O9 13C1,18,24,9,,,1,,
396.1301643,396.1298932,396.1300048,C18 H23 O9 N1,18,23,9,,1,,,
396.1018862,396.1016151,396.1017251,C17 H20 O10 13C1,17,20,10,,,1,,
396.0938652,396.0935941,396.0936193,C17 H19 O10 N1,17,19,10,,1,,,
396.0657325,396.0654615,396.0653396,C16 H16 O11 13C1,16,16,11,,,1,,
396.0576659,396.0573949,396.0572338,C16 H15 O11 N1,16,15,11,,1,,,
395.20768,395.2074099,395.2075268,C21 H32 O7,21,32,7,,,,,
395.1713802,395.1711102,395.1711413,C20 H28 O8,20,28,8,,,,,
395.13519,395.13492,395.1347558,C19 H24 O9,19,24,9,,,,,
395.1098366,395.1095666,395.1096037,C17 H20 O9 N2,17,20,9,,2,,,
395.0985111,395.0982412,395.0983703,C18 H20 O10,18,20,10,,,,,
395.0904189,395.0901489,395.0899952,C29 H16 S1,29,16,,1,,,,
395.0773657,395.0770958,395.0772409,C21 H16 O8,21,16,8,,,,,
395.073371,395.0731011,395.0732182,C16 H16 O10 N2,16,16,10,,2,,,
395.0622445,395.0619746,395.0619848,C17 H16 O11,17,16,11,,,,,
395.041284,395.0410141,395.0408554,C20 H12 O9,20,12,9,,,,,
395.0260294,395.0257595,395.0255993,C16 H12 O12,16,12,12,,,,,
394.2812482,394.2809792,394.2810261,C19 H41 O7 N1,19,41,7,,1,,,
394.1953997,394.1951308,394.1952316,C20 H30 O7 13C1,20,30,7,,,1,,
394.159072,394.1588031,394.1588461,C19 H26 O8 13C1,19,26,8,,,1,,
394.1228267,394.1225579,394.1224606,C18 H22 O9 13C1,18,22,9,,,1,,
394.1147453,394.1144765,394.1143547,C18 H21 O9 N1,18,21,9,,1,,,
394.0862852,394.0860164,394.0860751,C17 H18 O10 13C1,17,18,10,,,1,,
394.0781413,394.0778725,394.0779692,C17 H17 O10 N1,17,17,10,,1,,,
394.0498529,394.0495841,394.0496896,C16 H14 O11 13C1,16,14,11,,,1,,
393.1920667,393.1917989,393.1918768,C21 H30 O7,21,30,7,,,,,
393.155672,393.1554042,393.1554913,C20 H26 O8,20,26,8,,,,,
393.1195211,393.1192534,393.1191058,C19 H22 O9,19,22,9,,,,,
393.0942488,393.0939812,393.0939536,C17 H18 O9 N2,17,18,9,,2,,,
393.0829386,393.0826709,393.0827202,C18 H18 O10,18,18,10,,,,,
393.0617227,393.061455,393.0615909,C21 H14 O8,21,14,8,,,,,
393.046526,393.0462584,393.0463347,C17 H14 O11,17,14,11,,,,,
393.0441287,393.0438611,393.0438328,C21 H14 O6 S1,21,14,6,1,,,,
392.1797287,392.1794621,392.1795815,C20 H28 O7 13C1,20,28,7,,,1,,
392.1434434,392.1431769,392.143196,C19 H24 O8 13C1,19,24,8,,,1,,
392.1072185,392.106952,392.1068105,C18 H20 O9 13C1,18,20,9,,,1,,
392.0991162,392.0988497,392.0987047,C18 H19 O9 N1,18,19,9,,1,,,
392.0705772,392.0703107,392.070425,C17 H16 O10 13C1,17,16,10,,,1,,
392.0624398,392.0621733,392.0623192,C17 H15 O10 N1,17,15,10,,1,,,
391.2129198,391.2126543,391.2126122,C22 H32 O6,22,32,6,,,,,
391.1763593,391.1760938,391.1762267,C21 H28 O7,21,28,7,,,,,
391.1401448,391.1398794,391.1398412,C20 H24 O8,20,24,8,,,,,
391.1038424,391.103577,391.1034557,C19 H20 O9,19,20,9,,,,,
391.07848,391.0782146,391.0783036,C17 H16 O9 N2,17,16,9,,2,,,
391.0705657,391.0703003,391.0704415,C15 H20 O10 S1,15,20,10,1,,,,
391.0671983,391.066933,391.0670702,C18 H16 O10,18,16,10,,,,,
391.0647864,391.0645211,391.0645683,C22 H16 O5 S1,22,16,5,1,,,,
391.0519652,391.0516999,391.051814,C14 H16 O13,14,16,13,,,,,
391.031,391.0307347,391.0306847,C17 H12 O11,17,12,11,,,,,
391.0285845,391.0283193,391.0281827,C21 H12 O6 S1,21,12,6,1,,,,
390.1641454,390.1638811,390.1639315,C20 H26 O7 13C1,20,26,7,,,1,,
390.1279225,390.1276582,390.127546,C19 H22 O8 13C1,19,22,8,,,1,,
390.0913282,390.091064,390.0911605,C18 H18 O9 13C1,18,18,9,,,1,,
390.0832045,390.0829403,390.0830546,C18 H17 O9 N1,18,17,9,,1,,,
390.0549802,390.054716,390.0547749,C17 H14 O10 13C1,17,14,10,,,1,,
389.2910972,389.2908339,389.2908625,C21 H42 O6,21,42,6,,,,,
389.1970878,389.1968246,389.1969622,C22 H30 O6,22,30,6,,,,,
389.1609813,389.1607182,389.1605766,C21 H26 O7,21,26,7,,,,,
389.1456925,389.1454294,389.1453205,C17 H26 O10,17,26,10,,,,,
389.1244246,389.1241615,389.1241911,C20 H22 O8,20,22,8,,,,,
389.1090771,389.108814,389.108935,C16 H22 O11,16,22,11,,,,,
389.1009945,389.1007315,389.1005598,C27 H18 O1 S1,27,18,1,1,,,,
389.0913199,389.0910568,389.0911769,C16 H22 O9 S1,16,22,9,1,,,,
389.0879591,389.0876961,389.0878056,C19 H18 O9,19,18,9,,,,,
389.0855542,389.0852912,389.0853037,C23 H18 O4 S1,23,18,4,1,,,,
389.0728005,389.0725375,389.0725495,C15 H18 O12,15,18,12,,,,,
389.0518265,389.0515635,389.0514201,C18 H14 O10,18,14,10,,,,,
389.036594,389.036331,389.036164,C14 H14 O13,14,14,13,,,,,
389.0153325,389.0150695,389.0150346,C17 H10 O11,17,10,11,,,,,
389.0128696,389.0126066,389.0125327,C21 H10 O6 S1,21,10,6,1,,,,
388.1484696,388.1482076,388.1482814,C20 H24 O7 13C1,20,24,7,,,1,,
388.1250448,388.1247829,388.1249194,C16 H23 O10 N1,16,23,10,,1,,,
387.1815177,387.1812568,387.1813121,C22 H28 O6,22,28,6,,,,,
387.1661959,387.165935,387.1660559,C18 H28 O9,18,28,9,,,,,
387.1450709,387.1448101,387.1449266,C21 H24 O7,21,24,7,,,,,
387.1299526,387.1296918,387.1296704,C17 H24 O10,17,24,10,,,,,
387.1123183,387.1120575,387.1119124,C17 H24 O8 S1,17,24,8,1,,,,
387.1089428,387.108682,387.1085411,C20 H20 O8,20,20,8,,,,,
387.0936529,387.0933921,387.0932849,C16 H20 O11,16,20,11,,,,,
387.0757423,387.0754816,387.0755269,C16 H20 O9 S1,16,20,9,1,,,,
387.072332,387.0720713,387.0721556,C19 H16 O9,19,16,9,,,,,
387.0570227,387.056762,387.0568994,C15 H16 O12,15,16,12,,,,,
387.0489579,387.0486972,387.0485243,C26 H12 O2 S1,26,12,2,1,,,,
387.0359605,387.0356998,387.0357701,C18 H12 O10,18,12,10,,,,,
387.0335613,387.0333006,387.0332681,C22 H12 O5 S1,22,12,5,1,,,,
387.0208665,387.0206058,387.0205139,C14 H12 O13,14,12,13,,,,,
386.1541553,386.1538956,386.1537607,C17 H26 O9 13C1,17,26,9,,,1,,
386.1460633,386.1458036,386.1456549,C17 H25 O9 N1,17,25,9,,1,,,
386.1175903,386.1173307,386.1173752,C16 H22 O10 13C1,16,22,10,,,1,,
386.1094486,386.109189,386.1092693,C16 H21 O10 N1,16,21,10,,1,,,
386.0811532,386.0808936,386.0809897,C15 H18 O11 13C1,15,18,11,,,1,,
386.0731218,386.0728621,386.0728838,C15 H17 O11 N1,15,17,11,,1,,,
385.187156,385.1868974,385.1867914,C19 H30 O8,19,30,8,,,,,
385.1658604,385.1656018,385.165662,C22 H26 O6,22,26,6,,,,,
385.1505257,385.1502671,385.1504059,C18 H26 O9,18,26,9,,,,,
385.1294474,385.1291889,385.1292765,C21 H22 O7,21,22,7,,,,,
385.1143463,385.1140878,385.1140204,C17 H22 O10,17,22,10,,,,,
385.0966844,385.0964259,385.0962623,C17 H22 O8 S1,17,22,8,1,,,,
385.0932933,385.0930348,385.092891,C20 H18 O8,20,18,8,,,,,
385.077986,385.0777275,385.0776349,C16 H18 O11,16,18,11,,,,,
385.0566521,385.0563936,385.0565055,C19 H14 O9,19,14,9,,,,,
385.0413698,385.0411114,385.0412494,C15 H14 O12,15,14,12,,,,,
385.0203336,385.0200752,385.02012,C18 H10 O10,18,10,10,,,,,
385.017945,385.0176866,385.0176181,C22 H10 O5 S1,22,10,5,1,,,,
384.1747458,384.1744884,384.1744962,C18 H28 O8 13C1,18,28,8,,,1,,
384.1384746,384.1382172,384.1381107,C17 H24 O9 13C1,17,24,9,,,1,,
384.1303573,384.1300999,384.1300048,C17 H23 O9 N1,17,23,9,,1,,,
384.1018379,384.1015806,384.1017251,C16 H20 O10 13C1,16,20,10,,,1,,
384.0937555,384.0934981,384.0936193,C16 H19 O10 N1,16,19,10,,1,,,
384.0656982,384.0654409,384.0653396,C15 H16 O11 13C1,15,16,11,,,1,,
383.207886,383.2076296,383.2075268,C20 H32 O7,20,32,7,,,,,
383.1712752,383.1710189,383.1711413,C19 H28 O8,19,28,8,,,,,
383.1350442,383.134788,383.1347558,C18 H24 O9,18,24,9,,,,,
383.1140654,383.1138092,383.1136264,C21 H20 O7,21,20,7,,,,,
383.0987546,383.0984984,383.0983703,C17 H20 O10,17,20,10,,,,,
383.0808363,383.0805801,383.0806122,C17 H20 O8 S1,17,20,8,1,,,,
383.0773929,383.0771367,383.0772409,C20 H16 O8,20,16,8,,,,,
383.0620795,383.0618234,383.0619848,C16 H16 O11,16,16,11,,,,,
383.0540383,383.0537821,383.0536096,C27 H12 O1 S1,27,12,1,1,,,,
383.041086,383.0408298,383.0408554,C19 H12 O9,19,12,9,,,,,
383.0259911,383.025735,383.0255993,C15 H12 O12,15,12,12,,,,,
382.235118,382.2348627,382.2349884,C17 H38 O6 S1 13C1,17,38,6,1,,1,,
382.235118,382.2348627,382.2347446,C19 H33 O5 N3,19,33,5,,3,,,
382.1590807,382.1588256,382.1588461,C18 H26 O8 13C1,18,26,8,,,1,,
382.122602,382.1223469,382.1224606,C17 H22 O9 13C1,17,22,9,,,1,,
382.1145507,382.1142956,382.1143547,C17 H21 O9 N1,17,21,9,,1,,,
382.0864863,382.0862313,382.0860751,C16 H18 O10 13C1,16,18,10,,,1,,
382.0783417,382.0780867,382.0779692,C16 H17 O10 N1,16,17,10,,1,,,
382.0498545,382.0495994,382.0496896,C15 H14 O11 13C1,15,14,11,,,1,,
381.231841,381.2315869,381.2316336,C18 H38 O6 S1,18,38,6,1,,,,
381.1920876,381.1918335,381.1918768,C20 H30 O7,20,30,7,,,,,
381.1558756,381.1556216,381.1554913,C19 H26 O8,19,26,8,,,,,
381.1192212,381.1189673,381.1191058,C18 H22 O9,18,22,9,,,,,
381.0981025,381.0978485,381.0979764,C21 H18 O7,21,18,7,,,,,
381.0941111,381.0938572,381.0939536,C16 H18 O9 N2,16,18,9,,2,,,
381.0830229,381.082769,381.0827202,C17 H18 O10,17,18,10,,,,,
381.0619892,381.0617353,381.0615909,C20 H14 O8,20,14,8,,,,,
381.0467087,381.0464548,381.0463347,C16 H14 O11,16,14,11,,,,,
381.0442276,381.0439738,381.0438328,C20 H14 O6 S1,20,14,6,1,,,,
381.0253422,381.0250883,381.0252054,C19 H10 O9,19,10,9,,,,,
381.0100362,381.0097824,381.0099492,C15 H10 O12,15,10,12,,,,,
381.0076555,381.0074016,381.0074473,C19 H10 O7 S1,19,10,7,1,,,,
380.1797214,380.1794685,380.1795815,C19 H28 O7 13C1,19,28,7,,,1,,
380.1436038,380.143351,380.143196,C18 H24 O8 13C1,18,24,8,,,1,,
380.1069314,380.1066786,380.1068105,C17 H20 O9 13C1,17,20,9,,,1,,
380.0988038,380.098551,380.0987047,C17 H19 O9 N1,17,19,9,,1,,,
380.0707125,380.0704598,380.070425,C16 H16 O10 13C1,16,16,10,,,1,,
379.2128299,379.2125781,379.2126122,C21 H32 O6,21,32,6,,,,,
379.1763639,379.1761122,379.1762267,C20 H28 O7,20,28,7,,,,,
379.1402507,379.139999,379.1398412,C19 H24 O8,19,24,8,,,,,
379.1149222,379.1146705,379.1146891,C17 H20 O8 N2,17,20,8,,2,,,
379.1035731,379.1033214,379.1034557,C18 H20 O9,18,20,9,,,,,
379.0980176,379.0977659,379.0975825,C25 H16 O4,25,16,4,,,,,
379.0784593,379.0782076,379.0783036,C16 H16 O9 N2,16,16,9,,2,,,
379.067354,379.0671024,379.0670702,C17 H16 O10,17,16,10,,,,,
379.031063,379.0308114,379.0306847,C16 H12 O11,16,12,11,,,,,
379.0286016,379.02835,379.0281827,C20 H12 O6 S1,20,12,6,1,,,,
378.1641717,378.1639211,378.1639315,C19 H26 O7 13C1,19,26,7,,,1,,
378.1278979,378.1276474,378.127546,C18 H22 O8 13C1,18,22,8,,,1,,
378.0912627,378.0910121,378.0911605,C17 H18 O9 13C1,17,18,9,,,1,,
378.0831904,378.0829399,378.0830546,C17 H17 O9 N1,17,17,9,,1,,,
378.0551267,378.0548762,378.0547749,C16 H14 O10 13C1,16,14,10,,,1,,
377.1970645,377.196815,377.1969622,C21 H30 O6,21,30,6,,,,,
377.1609654,377.160716,377.1605766,C20 H26 O7,20,26,7,,,,,
377.1243808,377.1241314,377.1241911,C19 H22 O8,19,22,8,,,,,
377.1009829,377.1007335,377.1005598,C26 H18 O1 S1,26,18,1,1,,,,
377.0991444,377.098895,377.099039,C17 H18 O8 N2,17,18,8,,2,,,
377.0913212,377.0910718,377.0911769,C15 H22 O9 S1,15,22,9,1,,,,
377.0879947,377.0877453,377.0878056,C18 H18 O9,18,18,9,,,,,
377.0728664,377.0726171,377.0725495,C14 H18 O12,14,18,12,,,,,
377.0518155,377.0515662,377.0514201,C17 H14 O10,17,14,10,,,,,
377.0151916,377.0149423,377.0150346,C16 H10 O11,16,10,11,,,,,
377.0127938,377.0125446,377.0125327,C20 H10 O6 S1,20,10,6,1,,,,
376.1485611,376.1483128,376.1482814,C19 H24 O7 13C1,19,24,7,,,1,,
376.1250845,376.1248362,376.1249194,C15 H23 O10 N1,15,23,10,,1,,,
376.0758462,376.075598,376.0755104,C17 H16 O9 13C1,17,16,9,,,1,,
375.2756172,375.2753699,375.2752125,C20 H40 O6,20,40,6,,,,,
375.1816165,375.1813692,375.1813121,C21 H28 O6,21,28,6,,,,,
375.1450573,375.1448101,375.1449266,C20 H24 O7,20,24,7,,,,,
375.1298438,375.1295966,375.1296704,C16 H24 O10,16,24,10,,,,,
375.1088743,375.1086272,375.1085411,C19 H20 O8,19,20,8,,,,,
375.0936854,375.0934383,375.0932849,C15 H20 O11,15,20,11,,,,,
375.0758343,375.0755872,375.0755269,C15 H20 O9 S1,15,20,9,1,,,,
375.072453,375.0722059,375.0721556,C18 H16 O9,18,16,9,,,,,
375.057036,375.056789,375.0568994,C14 H16 O12,14,16,12,,,,,
375.0489518,375.0487047,375.0485243,C25 H12 O2 S1,25,12,2,1,,,,
375.035896,375.0356489,375.0357701,C17 H12 O10,17,12,10,,,,,
375.0334976,375.0332506,375.0332681,C21 H12 O5 S1,21,12,5,1,,,,
374.1096203,374.1093743,374.1092693,C15 H21 O10 N1,15,21,10,,1,,,
374.0964157,374.0961697,374.0962458,C18 H18 O8 13C1,18,18,8,,,1,,
373.2021881,373.2019431,373.2020475,C22 H30 O5,22,30,5,,,,,
373.1660439,373.165799,373.165662,C21 H26 O6,21,26,6,,,,,
373.1507249,373.15048,373.1504059,C17 H26 O9,17,26,9,,,,,
373.1327864,373.1325415,373.1326478,C17 H26 O7 S1,17,26,7,1,,,,
373.1293877,373.1291428,373.1292765,C20 H22 O7,20,22,7,,,,,
373.114149,373.1139041,373.1140204,C16 H22 O10,16,22,10,,,,,
373.0965138,373.096269,373.0962623,C16 H22 O8 S1,16,22,8,1,,,,
373.0931908,373.092946,373.092891,C19 H18 O8,19,18,8,,,,,
373.0780208,373.0777759,373.0776349,C15 H18 O11,15,18,11,,,,,
373.0568066,373.0565618,373.0565055,C18 H14 O9,18,14,9,,,,,
373.0414499,373.0412051,373.0412494,C14 H14 O12,14,14,12,,,,,
373.0202694,373.0200246,373.02012,C17 H10 O10,17,10,10,,,,,
373.0178648,373.01762,373.0176181,C21 H10 O5 S1,21,10,5,1,,,,
372.1384253,372.1381816,372.1381107,C16 H24 O9 13C1,16,24,9,,,1,,
372.1303672,372.1301234,372.1300048,C16 H23 O9 N1,16,23,9,,1,,,
372.1019875,372.1017438,372.1017251,C15 H20 O10 13C1,15,20,10,,,1,,
372.0938635,372.0936198,372.0936193,C15 H19 O10 N1,15,19,10,,1,,,
372.0654631,372.0652194,372.0653396,C14 H16 O11 13C1,14,16,11,,,1,,
372.057423,372.0571793,372.0572338,C14 H15 O11 N1,14,15,11,,1,,,
371.1714925,371.1712498,371.1711413,C18 H28 O8,18,28,8,,,,,
371.1502742,371.1500315,371.150012,C21 H24 O6,21,24,6,,,,,
371.1349026,371.13466,371.1347558,C17 H24 O9,17,24,9,,,,,
371.1171432,371.1169006,371.1169978,C17 H24 O7 S1,17,24,7,1,,,,
371.1137649,371.1135223,371.1136264,C20 H20 O7,20,20,7,,,,,
371.0986421,371.0983995,371.0983703,C16 H20 O10,16,20,10,,,,,
371.08103,371.0807874,371.0806122,C16 H20 O8 S1,16,20,8,1,,,,
371.0776075,371.077365,371.0772409,C19 H16 O8,19,16,8,,,,,
371.0622999,371.0620573,371.0619848,C15 H16 O11,15,16,11,,,,,
371.0409763,371.0407338,371.0408554,C18 H12 O9,18,12,9,,,,,
371.0385241,371.0382816,371.0383535,C22 H12 O4 S1,22,12,4,1,,,,
371.0257273,371.0254848,371.0255993,C14 H12 O12,14,12,12,,,,,
370.1591807,370.1589392,370.1588461,C17 H26 O8 13C1,17,26,8,,,1,,
370.1227218,370.1224803,370.1224606,C16 H22 O9 13C1,16,22,9,,,1,,
370.1145398,370.1142983,370.1143547,C16 H21 O9 N1,16,21,9,,1,,,
370.0862174,370.0859759,370.0860751,C15 H18 O10 13C1,15,18,10,,,1,,
370.078173,370.0779316,370.0779692,C15 H17 O10 N1,15,17,10,,1,,,
370.0500712,370.0498297,370.0496896,C14 H14 O11 13C1,14,14,11,,,1,,
369.1921,369.1918595,369.1918768,C19 H30 O7,19,30,7,,,,,
369.1556521,369.1554117,369.1554913,C18 H26 O8,18,26,8,,,,,
369.1194756,369.1192352,369.1191058,C17 H22 O9,17,22,9,,,,,
369.098217,369.0979767,369.0979764,C20 H18 O7,20,18,7,,,,,
369.0941556,369.0939152,369.0939536,C15 H18 O9 N2,15,18,9,,2,,,
369.0828518,369.0826115,369.0827202,C16 H18 O10,16,18,10,,,,,
369.0747627,369.0745224,369.0743451,C27 H14 S1,27,14,,1,,,,
369.0651018,369.0648615,369.0649622,C16 H18 O8 S1,16,18,8,1,,,,
369.0617223,369.061482,369.0615909,C19 H14 O8,19,14,8,,,,,
369.0466499,369.0464096,369.0463347,C15 H14 O11,15,14,11,,,,,
369.0255914,369.0253511,369.0252054,C18 H10 O9,18,10,9,,,,,
368.1798718,368.1796325,368.1795815,C18 H28 O7 13C1,18,28,7,,,1,,
368.143311,368.1430717,368.143196,C17 H24 O8 13C1,17,24,8,,,1,,
368.1352804,368.1350411,368.1350902,C17 H23 O8 N1,17,23,8,,1,,,
368.1071882,368.1069489,368.1068105,C16 H20 O9 13C1,16,20,9,,,1,,
368.0990545,368.0988153,368.0987047,C16 H19 O9 N1,16,19,9,,1,,,
368.0705337,368.0702945,368.070425,C15 H16 O10 13C1,15,16,10,,,1,,
368.0624429,368.0622037,368.0623192,C15 H15 O10 N1,15,15,10,,1,,,
367.242792,367.2425537,367.2424731,C20 H36 O2 S1 N2,20,36,2,1,2,,,
367.2313587,367.2311205,367.2312397,C21 H36 O3 S1,21,36,3,1,,,,
367.2128712,367.212633,367.2126122,C20 H32 O6,20,32,6,,,,,
367.1765091,367.1762709,367.1762267,C19 H28 O7,19,28,7,,,,,
367.1399867,367.1397486,367.1398412,C18 H24 O8,18,24,8,,,,,
367.1150069,367.1147688,367.1146891,C16 H20 O8 N2,16,20,8,,2,,,
367.1038258,367.1035877,367.1034557,C17 H20 O9,17,20,9,,,,,
367.0825982,367.0823602,367.0823263,C20 H16 O7,20,16,7,,,,,
367.0785366,367.0782986,367.0783036,C15 H16 O9 N2,15,16,9,,2,,,
367.0672225,367.0669845,367.0670702,C16 H16 O10,16,16,10,,,,,
367.0591104,367.0588723,367.058695,C27 H12 S1,27,12,,1,,,,
367.0460868,367.0458488,367.0459408,C19 H12 O8,19,12,8,,,,,
367.0309271,367.030689,367.0306847,C15 H12 O11,15,12,11,,,,,
367.0285328,367.0282948,367.0281827,C19 H12 O6 S1,19,12,6,1,,,,
366.2499248,366.2496876,366.249726,C17 H37 O7 N1,17,37,7,,1,,,
366.1640713,366.1638343,366.1639315,C18 H26 O7 13C1,18,26,7,,,1,,
366.1277976,366.1275606,366.127546,C17 H22 O8 13C1,17,22,8,,,1,,
366.1197506,366.1195136,366.1194401,C17 H21 O8 N1,17,21,8,,1,,,
366.0914819,366.0912449,366.0911605,C16 H18 O9 13C1,16,18,9,,,1,,
366.0833089,366.0830719,366.0830546,C16 H17 O9 N1,16,17,9,,1,,,
366.0548976,366.0546607,366.0547749,C15 H14 O10 13C1,15,14,10,,,1,,
366.0468258,366.0465889,366.0466691,C15 H13 O10 N1,15,13,10,,1,,,
365.1972702,365.1970343,365.1969622,C20 H30 O6,20,30,6,,,,,
365.1607062,365.1604703,365.1605766,C19 H26 O7,19,26,7,,,,,
365.1245326,365.1242967,365.1241911,C18 H22 O8,18,22,8,,,,,
365.0993097,365.0990739,365.099039,C16 H18 O8 N2,16,18,8,,2,,,
365.0880127,365.0877769,365.0878056,C17 H18 O9,17,18,9,,,,,
365.0667777,365.0665419,365.0666763,C20 H14 O7,20,14,7,,,,,
365.0627737,365.0625379,365.0626535,C15 H14 O9 N2,15,14,9,,2,,,
365.0515949,365.0513591,365.0514201,C16 H14 O10,16,14,10,,,,,
365.0491948,365.048959,365.0489182,C20 H14 O5 S1,20,14,5,1,,,,
365.0154182,365.0151824,365.0150346,C15 H10 O11,15,10,11,,,,,
364.1847776,364.1845428,364.1846669,C19 H28 O6 13C1,19,28,6,,,1,,
364.1485706,364.1483358,364.1482814,C18 H24 O7 13C1,18,24,7,,,1,,
364.1121209,364.1118861,364.1118959,C17 H20 O8 13C1,17,20,8,,,1,,
364.1039328,364.103698,364.10379,C17 H19 O8 N1,17,19,8,,1,,,
364.0756955,364.0754608,364.0755104,C16 H16 O9 13C1,16,16,9,,,1,,
364.067685,364.0674503,364.0674045,C16 H15 O9 N1,16,15,9,,1,,,
363.1815581,363.1813244,363.1813121,C20 H28 O6,20,28,6,,,,,
363.1452179,363.1449842,363.1449266,C19 H24 O7,19,24,7,,,,,
363.112025,363.1117913,363.1119124,C15 H24 O8 S1,15,24,8,1,,,,
363.1086665,363.1084329,363.1085411,C18 H20 O8,18,20,8,,,,,
363.0837151,363.0834816,363.0833889,C16 H16 O8 N2,16,16,8,,2,,,
363.0725159,363.0722824,363.0721556,C17 H16 O9,17,16,9,,,,,
363.0572541,363.0570206,363.0568994,C13 H16 O12,13,16,12,,,,,
363.0358822,363.0356487,363.0357701,C16 H12 O10,16,12,10,,,,,
363.033474,363.0332404,363.0332681,C20 H12 O5 S1,20,12,5,1,,,,
362.1691778,362.1689453,362.1690169,C19 H26 O6 13C1,19,26,6,,,1,,
362.1328427,362.1326102,362.1326313,C18 H22 O7 13C1,18,22,7,,,1,,
362.0965577,362.0963253,362.0962458,C17 H18 O8 13C1,17,18,8,,,1,,
362.05999,362.0597575,362.0598603,C16 H14 O9 13C1,16,14,9,,,1,,
362.0519355,362.0517031,362.0517545,C16 H13 O9 N1,16,13,9,,1,,,
361.1659432,361.1657118,361.165662,C20 H26 O6,20,26,6,,,,,
361.1295264,361.129295,361.1292765,C19 H22 O7,19,22,7,,,,,
361.114115,361.1138836,361.1140204,C15 H22 O10,15,22,10,,,,,
361.1060473,361.1058159,361.1056452,C26 H18 S1,26,18,,1,,,,
361.1042216,361.1039902,361.1041244,C17 H18 O7 N2,17,18,7,,2,,,
361.0963824,361.096151,361.0962623,C15 H22 O8 S1,15,22,8,1,,,,
361.0930374,361.0928061,361.092891,C18 H18 O8,18,18,8,,,,,
361.0779729,361.0777416,361.0776349,C14 H18 O11,14,18,11,,,,,
361.0568574,361.0566261,361.0565055,C17 H14 O9,17,14,9,,,,,
361.0414329,361.0412016,361.0412494,C13 H14 O12,13,14,12,,,,,
361.0202261,361.0199948,361.02012,C16 H10 O10,16,10,10,,,,,
361.0178241,361.0175928,361.0176181,C20 H10 O5 S1,20,10,5,1,,,,
360.1534871,360.1532568,360.1533668,C19 H24 O6 13C1,19,24,6,,,1,,
360.1302997,360.1300695,360.1300048,C15 H23 O9 N1,15,23,9,,1,,,
360.1173402,360.1171099,360.1169813,C18 H20 O7 13C1,18,20,7,,,1,,
360.0938908,360.0936605,360.0936193,C14 H19 O10 N1,14,19,10,,1,,,
360.0725732,360.072343,360.0724899,C17 H15 O8 N1,17,15,8,,1,,,
360.0654003,360.0651701,360.0653396,C13 H16 O11 13C1,13,16,11,,,1,,
359.1501881,359.1499589,359.150012,C20 H24 O6,20,24,6,,,,,
359.1348766,359.1346475,359.1347558,C16 H24 O9,16,24,9,,,,,
359.1171947,359.1169655,359.1169978,C16 H24 O7 S1,16,24,7,1,,,,
359.1138448,359.1136157,359.1136264,C19 H20 O7,19,20,7,,,,,
359.0987015,359.0984724,359.0983703,C15 H20 O10,15,20,10,,,,,
359.0809228,359.0806936,359.0806122,C15 H20 O8 S1,15,20,8,1,,,,
359.0775647,359.0773356,359.0772409,C18 H16 O8,18,16,8,,,,,
359.0622033,359.0619742,359.0619848,C14 H16 O11,14,16,11,,,,,
359.0409582,359.0407291,359.0408554,C17 H12 O9,17,12,9,,,,,
359.0385621,359.038333,359.0383535,C21 H12 O4 S1,21,12,4,1,,,,
359.0257939,359.0255648,359.0255993,C13 H12 O12,13,12,12,,,,,
358.1225863,358.1223582,358.1224606,C15 H22 O9 13C1,15,22,9,,,1,,
358.114484,358.114256,358.1143547,C15 H21 O9 N1,15,21,9,,1,,,
358.1014601,358.1012321,358.1013312,C18 H18 O7 13C1,18,18,7,,,1,,
358.0863617,358.0861337,358.0860751,C14 H18 O10 13C1,14,18,10,,,1,,
358.0783305,358.0781025,358.0779692,C14 H17 O10 N1,14,17,10,,1,,,
358.0499144,358.0496865,358.0496896,C13 H14 O11 13C1,13,14,11,,,1,,
357.1919886,357.1917616,357.1918768,C18 H30 O7,18,30,7,,,,,
357.170894,357.170667,357.1707474,C21 H26 O5,21,26,5,,,,,
357.1558309,357.155604,357.1554913,C17 H26 O8,17,26,8,,,,,
357.1346833,357.1344564,357.1343619,C20 H22 O6,20,22,6,,,,,
357.1192548,357.1190278,357.1191058,C16 H22 O9,16,22,9,,,,,
357.1014587,357.1012318,357.1013477,C16 H22 O7 S1,16,22,7,1,,,,
357.0980791,357.0978522,357.0979764,C19 H18 O7,19,18,7,,,,,
357.0829772,357.0827504,357.0827202,C15 H18 O10,15,18,10,,,,,
357.0653061,357.0650793,357.0649622,C15 H18 O8 S1,15,18,8,1,,,,
357.0619424,357.0617156,357.0615909,C18 H14 O8,18,14,8,,,,,
357.0466219,357.0463951,357.0463347,C14 H14 O11,14,14,11,,,,,
357.0253213,357.0250945,357.0252054,C17 H10 O9,17,10,9,,,,,
357.0228783,357.0226514,357.0227034,C21 H10 O4 S1,21,10,4,1,,,,
356.1435533,356.1433275,356.143196,C16 H24 O8 13C1,16,24,8,,,1,,
356.106911,356.1066852,356.1068105,C15 H20 O9 13C1,15,20,9,,,1,,
356.0988066,356.0985809,356.0987047,C15 H19 O9 N1,15,19,9,,1,,,
356.0707579,356.0705322,356.070425,C14 H16 O10 13C1,14,16,10,,,1,,
356.062682,356.0624563,356.0623192,C14 H15 O10 N1,14,15,10,,1,,,
355.1962477,355.1960229,355.1961293,C16 H34 O6 34S1,16,34,6,,,,1,
355.1763782,355.1761535,355.1762267,C18 H28 O7,18,28,7,,,,,
355.1401748,355.1399501,355.1398412,C17 H24 O8,17,24,8,,,,,
355.1188281,355.1186034,355.1187118,C20 H20 O6,20,20,6,,,,,
355.1035482,355.1033235,355.1034557,C16 H20 O9,16,20,9,,,,,
355.0826139,355.0823893,355.0823263,C19 H16 O7,19,16,7,,,,,
355.0674389,355.0672142,355.0670702,C15 H16 O10,15,16,10,,,,,
355.0461444,355.0459198,355.0459408,C18 H12 O8,18,12,8,,,,,
355.0307757,355.0305511,355.0306847,C14 H12 O11,14,12,11,,,,,
354.2191019,354.2188782,354.2189444,C19 H34 O3 S1 13C1,19,34,3,1,,1,,
354.2038099,354.2035862,354.2036883,C15 H34 O6 S1 13C1,15,34,6,1,,1,,
354.2038099,354.2035862,354.2034445,C17 H29 O5 N3,17,29,5,,3,,,
354.1642592,354.1640356,354.1639315,C17 H26 O7 13C1,17,26,7,,,1,,
354.1276447,354.1274211,354.127546,C16 H22 O8 13C1,16,22,8,,,1,,
354.1195421,354.1193185,354.1194401,C16 H21 O8 N1,16,21,8,,1,,,
354.0914903,354.0912667,354.0911605,C15 H18 O9 13C1,15,18,9,,,1,,
354.0834063,354.0831827,354.0830546,C15 H17 O9 N1,15,17,9,,1,,,
354.0549043,354.0546808,354.0547749,C14 H14 O10 13C1,14,14,10,,,1,,
354.0467747,354.0465512,354.0466691,C14 H13 O10 N1,14,13,10,,1,,,
353.2157629,353.2155403,353.2155896,C20 H34 O3 S1,20,34,3,1,,,,
353.2006296,353.2004071,353.2003335,C16 H34 O6 S1,16,34,6,1,,,,
353.1972487,353.1970262,353.1969622,C19 H30 O6,19,30,6,,,,,
353.1607605,353.160538,353.1605766,C18 H26 O7,18,26,7,,,,,
353.124425,353.1242026,353.1241911,C17 H22 O8,17,22,8,,,,,
353.0993844,353.0991619,353.099039,C15 H18 O8 N2,15,18,8,,2,,,
353.0880829,353.0878604,353.0878056,C16 H18 O9,16,18,9,,,,,
353.0667609,353.0665385,353.0666763,C19 H14 O7,19,14,7,,,,,
353.0627381,353.0625157,353.0626535,C14 H14 O9 N2,14,14,9,,2,,,
353.0515731,353.0513508,353.0514201,C15 H14 O10,15,14,10,,,,,
353.0153515,353.0151291,353.0150346,C14 H10 O11,14,10,11,,,,,
352.1881678,352.1879464,352.1880382,C15 H32 O6 S1 13C1,15,32,6,1,,1,,
352.1881678,352.1879464,352.1877944,C17 H27 O5 N3,17,27,5,,3,,,
352.1847895,352.184568,352.1846669,C18 H28 O6 13C1,18,28,6,,,1,,
352.1485878,352.1483665,352.1482814,C17 H24 O7 13C1,17,24,7,,,1,,
352.1120562,352.1118348,352.1118959,C16 H20 O8 13C1,16,20,8,,,1,,
352.1039027,352.1036814,352.10379,C16 H19 O8 N1,16,19,8,,1,,,
352.0757714,352.0755501,352.0755104,C15 H16 O9 13C1,15,16,9,,,1,,
352.0677444,352.0675231,352.0674045,C15 H15 O9 N1,15,15,9,,1,,,
351.217809,351.2175887,351.2176976,C20 H32 O5,20,32,5,,,,,
351.1849871,351.1847667,351.1846834,C16 H32 O6 S1,16,32,6,1,,,,
351.1816197,351.1813994,351.1813121,C19 H28 O6,19,28,6,,,,,
351.1450448,351.1448245,351.1449266,C18 H24 O7,18,24,7,,,,,
351.1199307,351.1197105,351.1197745,C16 H20 O7 N2,16,20,7,,2,,,
351.1088677,351.1086475,351.1085411,C17 H20 O8,17,20,8,,,,,
351.0836948,351.0834746,351.0833889,C15 H16 O8 N2,15,16,8,,2,,,
351.0723032,351.072083,351.0721556,C16 H16 O9,16,16,9,,,,,
351.051135,351.0509148,351.0510262,C19 H12 O7,19,12,7,,,,,
351.0360417,351.0358216,351.0357701,C15 H12 O10,15,12,10,,,,,
351.0336312,351.033411,351.0332681,C19 H12 O5 S1,19,12,5,1,,,,
350.1691769,350.1689577,350.1690169,C18 H26 O6 13C1,18,26,6,,,1,,
350.1329244,350.1327053,350.1326313,C17 H22 O7 13C1,17,22,7,,,1,,
350.0963951,350.096176,350.0962458,C16 H18 O8 13C1,16,18,8,,,1,,
350.0883498,350.0881307,350.08814,C16 H17 O8 N1,16,17,8,,1,,,
350.0601489,350.0599298,350.0598603,C15 H14 O9 13C1,15,14,9,,,1,,
350.0520016,350.0517825,350.0517545,C15 H13 O9 N1,15,13,9,,1,,,
349.2023992,349.2021811,349.2020475,C20 H30 O5,20,30,5,,,,,
349.1657621,349.165544,349.165662,C19 H26 O6,19,26,6,,,,,
349.1296071,349.1293891,349.1292765,C18 H22 O7,18,22,7,,,,,
349.1043329,349.1041148,349.1041244,C16 H18 O7 N2,16,18,7,,2,,,
349.096391,349.096173,349.0962623,C14 H22 O8 S1,14,22,8,1,,,,
349.0930063,349.0927883,349.092891,C17 H18 O8,17,18,8,,,,,
349.0679405,349.0677225,349.0677389,C15 H14 O8 N2,15,14,8,,2,,,
349.0568301,349.0566121,349.0565055,C16 H14 O9,16,14,9,,,,,
349.0202755,349.0200576,349.02012,C15 H10 O10,15,10,10,,,,,
349.0178348,349.0176169,349.0176181,C19 H10 O5 S1,19,10,5,1,,,,
348.1534758,348.1532588,348.1533668,C18 H24 O6 13C1,18,24,6,,,1,,
348.1172955,348.1170786,348.1169813,C17 H20 O7 13C1,17,20,7,,,1,,
348.0938931,348.0936762,348.0936193,C13 H19 O10 N1,13,19,10,,1,,,
348.0807302,348.0805134,348.0805958,C16 H16 O8 13C1,16,16,8,,,1,,
348.0726056,348.0723887,348.0724899,C16 H15 O8 N1,16,15,8,,1,,,
347.1867132,347.1864973,347.1863975,C20 H28 O5,20,28,5,,,,,
347.1501234,347.1499076,347.150012,C19 H24 O6,19,24,6,,,,,
347.1348868,347.134671,347.1347558,C15 H24 O9,15,24,9,,,,,
347.1172698,347.117054,347.1169978,C15 H24 O7 S1,15,24,7,1,,,,
347.1139346,347.1137188,347.1136264,C18 H20 O7,18,20,7,,,,,
347.0987041,347.0984883,347.0983703,C14 H20 O10,14,20,10,,,,,
347.0887192,347.0885034,347.0884743,C16 H16 O7 N2,16,16,7,,2,,,
347.08077,347.0805542,347.0806122,C14 H20 O8 S1,14,20,8,1,,,,
347.0773722,347.0771564,347.0772409,C17 H16 O8,17,16,8,,,,,
347.0620749,347.0618591,347.0619848,C13 H16 O11,13,16,11,,,,,
347.0411584,347.0409427,347.0408554,C16 H12 O9,16,12,9,,,,,
346.1016559,346.1014412,346.1013312,C17 H18 O7 13C1,17,18,7,,,1,,
346.0780973,346.0778826,346.0779692,C13 H17 O10 N1,13,17,10,,1,,,
345.1708662,345.1706526,345.1707474,C20 H26 O5,20,26,5,,,,,
345.1555944,345.1553807,345.1554913,C16 H26 O8,16,26,8,,,,,
345.1346277,345.1344141,345.1343619,C19 H22 O6,19,22,6,,,,,
345.1194297,345.1192161,345.1191058,C15 H22 O9,15,22,9,,,,,
345.1015233,345.1013097,345.1013477,C15 H22 O7 S1,15,22,7,1,,,,
345.0981214,345.0979078,345.0979764,C18 H18 O7,18,18,7,,,,,
345.0828401,345.0826266,345.0827202,C14 H18 O10,14,18,10,,,,,
345.0651927,345.0649792,345.0649622,C14 H18 O8 S1,14,18,8,1,,,,
345.0618774,345.0616638,345.0615909,C17 H14 O8,17,14,8,,,,,
345.046646,345.0464325,345.0463347,C13 H14 O11,13,14,11,,,,,
345.0253962,345.0251827,345.0252054,C16 H10 O9,16,10,9,,,,,
344.1434978,344.1432852,344.143196,C15 H24 O8 13C1,15,24,8,,,1,,
344.1069104,344.1066979,344.1068105,C14 H20 O9 13C1,14,20,9,,,1,,
344.0988333,344.0986208,344.0987047,C14 H19 O9 N1,14,19,9,,1,,,
344.0707729,344.0705604,344.070425,C13 H16 O10 13C1,13,16,10,,,1,,
344.0626948,344.0624824,344.0623192,C13 H15 O10 N1,13,15,10,,1,,,
343.1765466,343.1763352,343.1762267,C17 H28 O7,17,28,7,,,,,
343.1553404,343.1551289,343.1550973,C20 H24 O5,20,24,5,,,,,
343.1399564,343.139745,343.1398412,C16 H24 O8,16,24,8,,,,,
343.1188712,343.1186598,343.1187118,C19 H20 O6,19,20,6,,,,,
343.1037928,343.1035814,343.1034557,C15 H20 O9,15,20,9,,,,,
343.0859776,343.0857662,343.0856976,C15 H20 O7 S1,15,20,7,1,,,,
343.0825702,343.0823588,343.0823263,C18 H16 O7,18,16,7,,,,,
343.0671843,343.0669729,343.0670702,C14 H16 O10,14,16,10,,,,,
343.0461105,343.0458991,343.0459408,C17 H12 O8,17,12,8,,,,,
343.0309798,343.0307685,343.0306847,C13 H12 O11,13,12,11,,,,,
342.1993881,342.1991777,342.1990902,C18 H32 O3 13C1 34S1,18,32,3,,,1,1,
342.1278297,342.1276193,342.127546,C15 H22 O8 13C1,15,22,8,,,1,,
342.1196653,342.1194549,342.1194401,C15 H21 O8 N1,15,21,8,,1,,,
342.0912912,342.0910809,342.0911605,C14 H18 O9 13C1,14,18,9,,,1,,
342.083278,342.0830678,342.0830546,C14 H17 O9 N1,14,17,9,,1,,,
342.055047,342.0548368,342.0547749,C13 H14 O10 13C1,13,14,10,,,1,,
341.2067925,341.2065832,341.2066492,C17 H32 O3 S1 13C2,17,32,3,1,,2,,
341.2043489,341.2041396,341.2041845,C19 H32 O2 S1 18O1,19,32,2,1,,,,1
341.1959868,341.1957775,341.1957354,C19 H32 O3 34S1,19,32,3,,,,1,
341.1607702,341.1605609,341.1605766,C17 H26 O7,17,26,7,,,,,
341.1244309,341.1242217,341.1241911,C16 H22 O8,16,22,8,,,,,
341.1092604,341.1090512,341.108935,C12 H22 O11,12,22,11,,,,,
341.1034042,341.103195,341.1030618,C19 H18 O6,19,18,6,,,,,
341.0879937,341.0877846,341.0878056,C15 H18 O9,15,18,9,,,,,
341.0667719,341.0665627,341.0666763,C18 H14 O7,18,14,7,,,,,
341.0516824,341.0514733,341.0514201,C14 H14 O10,14,14,10,,,,,
341.0305941,341.0303849,341.0302907,C17 H10 O8,17,10,8,,,,,
341.0151822,341.0149731,341.0150346,C13 H10 O11,13,10,11,,,,,
340.2033862,340.203178,340.2032944,C18 H32 O3 S1 13C1,18,32,3,1,,1,,
340.2033862,340.203178,340.2030506,C20 H27 O2 N3,20,27,2,,3,,,
340.1485118,340.1483036,340.1482814,C16 H24 O7 13C1,16,24,7,,,1,,
340.1120506,340.1118425,340.1118959,C15 H20 O8 13C1,15,20,8,,,1,,
340.1040063,340.1037982,340.10379,C15 H19 O8 N1,15,19,8,,1,,,
340.0757695,340.0755615,340.0755104,C14 H16 O9 13C1,14,16,9,,,1,,
340.067585,340.0673769,340.0674045,C14 H15 O9 N1,14,15,9,,1,,,
340.0392887,340.0390807,340.0391249,C13 H12 O10 13C1,13,12,10,,,1,,
339.200072,339.1998649,339.1999395,C19 H32 O3 S1,19,32,3,1,,,,
339.1814275,339.1812205,339.1813121,C18 H28 O6,18,28,6,,,,,
339.1452166,339.1450095,339.1449266,C17 H24 O7,17,24,7,,,,,
339.1086673,339.1084603,339.1085411,C16 H20 O8,16,20,8,,,,,
339.0837141,339.0835072,339.0833889,C14 H16 O8 N2,14,16,8,,2,,,
339.072451,339.0722441,339.0721556,C15 H16 O9,15,16,9,,,,,
339.0511326,339.0509256,339.0510262,C18 H12 O7,18,12,7,,,,,
339.0358906,339.0356837,339.0357701,C14 H12 O10,14,12,10,,,,,
338.2090092,338.2088031,338.2087737,C15 H34 O5 S1 13C1,15,34,5,1,,1,,
338.1692292,338.1690233,338.1690169,C17 H26 O6 13C1,17,26,6,,,1,,
338.1328146,338.1326087,338.1326313,C16 H22 O7 13C1,16,22,7,,,1,,
338.1246555,338.1244496,338.1245255,C16 H21 O7 N1,16,21,7,,1,,,
338.096456,338.0962502,338.0962458,C15 H18 O8 13C1,15,18,8,,,1,,
338.0884257,338.0882198,338.08814,C15 H17 O8 N1,15,17,8,,1,,,
338.0600278,338.0598219,338.0598603,C14 H14 O9 13C1,14,14,9,,,1,,
338.0518762,338.0516703,338.0517545,C14 H13 O9 N1,14,13,9,,1,,,
337.2055485,337.2053436,337.2054188,C16 H34 O5 S1,16,34,5,1,,,,
337.2021591,337.2019542,337.2020475,C19 H30 O5,19,30,5,,,,,
337.1844313,337.1842264,337.1842895,C19 H30 O3 S1,19,30,3,1,,,,
337.1659849,337.16578,337.165662,C18 H26 O6,18,26,6,,,,,
337.1293628,337.129158,337.1292765,C17 H22 O7,17,22,7,,,,,
337.1043853,337.1041805,337.1041244,C15 H18 O7 N2,15,18,7,,2,,,
337.0932045,337.0929997,337.092891,C16 H18 O8,16,18,8,,,,,
337.0719499,337.0717451,337.0717616,C19 H14 O6,19,14,6,,,,,
337.0678873,337.0676826,337.0677389,C14 H14 O8 N2,14,14,8,,2,,,
337.0565988,337.056394,337.0565055,C15 H14 O9,15,14,9,,,,,
337.0204485,337.0202438,337.02012,C14 H10 O10,14,10,10,,,,,
336.1535003,336.1532965,336.1533668,C17 H24 O6 13C1,17,24,6,,,1,,
336.117268,336.1170643,336.1169813,C16 H20 O7 13C1,16,20,7,,,1,,
336.1091874,336.1089837,336.1088754,C16 H19 O7 N1,16,19,7,,1,,,
336.0807025,336.0804989,336.0805958,C15 H16 O8 13C1,15,16,8,,,1,,
336.0726028,336.0723992,336.0724899,C15 H15 O8 N1,15,15,8,,1,,,
335.1865909,335.1863882,335.1863975,C19 H28 O5,19,28,5,,,,,
335.1501968,335.1499941,335.150012,C18 H24 O6,18,24,6,,,,,
335.1138055,335.1136029,335.1136264,C17 H20 O7,17,20,7,,,,,
335.0885978,335.0883952,335.0884743,C15 H16 O7 N2,15,16,7,,2,,,
335.0808222,335.0806196,335.0806122,C13 H20 O8 S1,13,20,8,1,,,,
335.0775211,335.0773186,335.0772409,C16 H16 O8,16,16,8,,,,,
335.0409737,335.0407712,335.0408554,C15 H12 O9,15,12,9,,,,,
335.0385531,335.0383506,335.0383535,C19 H12 O4 S1,19,12,4,1,,,,
334.1378286,334.1376271,334.1377167,C17 H22 O6 13C1,17,22,6,,,1,,
334.114574,334.1143725,334.1143547,C13 H21 O9 N1,13,21,9,,1,,,
334.1016177,334.1014162,334.1013312,C16 H18 O7 13C1,16,18,7,,,1,,
334.0650183,334.0648169,334.0649457,C15 H14 O8 13C1,15,14,8,,,1,,
334.0569478,334.0567464,334.0568398,C15 H13 O8 N1,15,13,8,,1,,,
333.1708594,333.1706589,333.1707474,C19 H26 O5,19,26,5,,,,,
333.1346296,333.1344292,333.1343619,C18 H22 O6,18,22,6,,,,,
333.1192542,333.1190538,333.1191058,C14 H22 O9,14,22,9,,,,,
333.1014528,333.1012524,333.1013477,C14 H22 O7 S1,14,22,7,1,,,,
333.0980928,333.0978924,333.0979764,C17 H18 O7,17,18,7,,,,,
333.0829865,333.0827861,333.0827202,C13 H18 O10,13,18,10,,,,,
333.0618602,333.0616599,333.0615909,C16 H14 O8,16,14,8,,,,,
333.0593964,333.059196,333.059089,C20 H14 O3 S1,20,14,3,1,,,,
333.0464423,333.0462419,333.0463347,C12 H14 O11,12,14,11,,,,,
333.0254031,333.0252028,333.0252054,C15 H10 O9,15,10,9,,,,,
333.0230122,333.0228119,333.0227034,C19 H10 O4 S1,19,10,4,1,,,,
332.0988469,332.0986476,332.0987047,C13 H19 O9 N1,13,19,9,,1,,,
332.0857733,332.085574,332.0856812,C16 H16 O7 13C1,16,16,7,,,1,,
331.1551992,331.1550009,331.1550973,C19 H24 O5,19,24,5,,,,,
331.1400187,331.1398204,331.1398412,C15 H24 O8,15,24,8,,,,,
331.1223352,331.1221369,331.1220831,C15 H24 O6 S1,15,24,6,1,,,,
331.1189819,331.1187836,331.1187118,C18 H20 O6,18,20,6,,,,,
331.1036594,331.1034611,331.1034557,C14 H20 O9,14,20,9,,,,,
331.0857791,331.0855809,331.0856976,C14 H20 O7 S1,14,20,7,1,,,,
331.0824164,331.0822182,331.0823263,C17 H16 O7,17,16,7,,,,,
331.0672818,331.0670836,331.0670702,C13 H16 O10,13,16,10,,,,,
331.0462435,331.0460453,331.0459408,C16 H12 O8,16,12,8,,,,,
331.0307977,331.0305995,331.0306847,C12 H12 O11,12,12,11,,,,,
331.0096901,331.0094919,331.0095553,C15 H8 O9,15,8,9,,,,,
330.1278182,330.127621,330.127546,C14 H22 O8 13C1,14,22,8,,,1,,
330.0912631,330.091066,330.0911605,C13 H18 O9 13C1,13,18,9,,,1,,
330.0831773,330.0829801,330.0830546,C13 H17 O9 N1,13,17,9,,1,,,
329.1606864,329.1604903,329.1605766,C16 H26 O7,16,26,7,,,,,
329.1397221,329.139526,329.1394473,C19 H22 O5,19,22,5,,,,,
329.1244618,329.1242657,329.1241911,C15 H22 O8,15,22,8,,,,,
329.1065401,329.106344,329.1064331,C15 H22 O6 S1,15,22,6,1,,,,
329.1031545,329.1029584,329.1030618,C18 H18 O6,18,18,6,,,,,
329.0879344,329.0877383,329.0878056,C14 H18 O9,14,18,9,,,,,
329.0703686,329.0701726,329.0700476,C14 H18 O7 S1,14,18,7,1,,,,
329.0669807,329.0667847,329.0666763,C17 H14 O7,17,14,7,,,,,
329.051623,329.051427,329.0514201,C13 H14 O10,13,14,10,,,,,
329.0303937,329.0301977,329.0302907,C16 H10 O8,16,10,8,,,,,
329.0152858,329.0150899,329.0150346,C12 H10 O11,12,10,11,,,,,
328.192009,328.1918139,328.1918893,C17 H30 O2 S1 13C1 18O1,17,30,2,1,,1,,1
328.192009,328.1918139,328.1918172,C20 H27 O3 N1,20,27,3,,1,,,
328.1835525,328.1833574,328.1834401,C17 H30 O3 13C1 34S1,17,30,3,,,1,1,
328.1485855,328.1483905,328.1482814,C15 H24 O7 13C1,15,24,7,,,1,,
328.1119893,328.1117943,328.1118959,C14 H20 O8 13C1,14,20,8,,,1,,
328.1039852,328.1037902,328.10379,C14 H19 O8 N1,14,19,8,,1,,,
328.075731,328.075536,328.0755104,C13 H16 O9 13C1,13,16,9,,,1,,
328.0675217,328.0673268,328.0674045,C13 H15 O9 N1,13,15,9,,1,,,
327.1912607,327.1910668,327.1909991,C16 H30 O3 S1 13C2,16,30,3,1,,2,,
327.1888122,327.1886182,327.1885345,C18 H30 O2 S1 18O1,18,30,2,1,,,,1
327.1803663,327.1801723,327.1800853,C18 H30 O3 34S1,18,30,3,,,,1,
327.1450152,327.1448212,327.1449266,C16 H24 O7,16,24,7,,,,,
327.1088105,327.1086166,327.1085411,C15 H20 O8,15,20,8,,,,,
327.0908613,327.0906674,327.090783,C15 H20 O6 S1,15,20,6,1,,,,
327.0874871,327.0872932,327.0874117,C18 H16 O6,18,16,6,,,,,
327.0834951,327.0833012,327.0833889,C13 H16 O8 N2,13,16,8,,2,,,
327.0723426,327.0721487,327.0721556,C14 H16 O9,14,16,9,,,,,
327.0513116,327.0511178,327.0510262,C17 H12 O7,17,12,7,,,,,
327.0359197,327.0357259,327.0357701,C13 H12 O10,13,12,10,,,,,
327.0147538,327.01456,327.0146407,C16 H8 O8,16,8,8,,,,,
326.1877285,326.1875356,326.1876443,C17 H30 O3 S1 13C1,17,30,3,1,,1,,
326.1877285,326.1875356,326.1874005,C19 H25 O2 N3,19,25,2,,3,,,
326.1327347,326.1325418,326.1326313,C15 H22 O7 13C1,15,22,7,,,1,,
326.1246086,326.1244158,326.1245255,C15 H21 O7 N1,15,21,7,,1,,,
326.0965289,326.0963361,326.0962458,C14 H18 O8 13C1,14,18,8,,,1,,
326.0884373,326.0882445,326.08814,C14 H17 O8 N1,14,17,8,,1,,,
326.0599545,326.0597618,326.0598603,C13 H14 O9 13C1,13,14,9,,,1,,
326.0518739,326.0516811,326.0517545,C13 H13 O9 N1,13,13,9,,1,,,
325.1868543,325.1866625,325.1867914,C14 H30 O8,14,30,8,,,,,
325.1843836,325.1841918,325.1842895,C18 H30 O3 S1,18,30,3,1,,,,
325.1657747,325.165583,325.165662,C17 H26 O6,17,26,6,,,,,
325.1295032,325.1293115,325.1292765,C16 H22 O7,16,22,7,,,,,
325.1042041,325.1040124,325.1041244,C14 H18 O7 N2,14,18,7,,2,,,
325.0930763,325.0928846,325.092891,C15 H18 O8,15,18,8,,,,,
325.0720382,325.0718465,325.0717616,C18 H14 O6,18,14,6,,,,,
325.0566345,325.0564428,325.0565055,C14 H14 O9,14,14,9,,,,,
325.0354929,325.0353012,325.0353761,C17 H10 O7,17,10,7,,,,,
325.020421,325.0202294,325.02012,C13 H10 O10,13,10,10,,,,,
324.1534892,324.1532985,324.1533668,C16 H24 O6 13C1,16,24,6,,,1,,
324.1171479,324.1169573,324.1169813,C15 H20 O7 13C1,15,20,7,,,1,,
324.108959,324.1087684,324.1088754,C15 H19 O7 N1,15,19,7,,1,,,
324.0808513,324.0806607,324.0805958,C14 H16 O8 13C1,14,16,8,,,1,,
324.0727787,324.0725881,324.0724899,C14 H15 O8 N1,14,15,8,,1,,,
324.0443004,324.0441098,324.0442103,C13 H12 O9 13C1,13,12,9,,,1,,
323.1866362,323.1864465,323.1863975,C18 H28 O5,18,28,5,,,,,
323.1687391,323.1685495,323.1686394,C18 H28 O3 S1,18,28,3,1,,,,
323.1502369,323.1500473,323.150012,C17 H24 O6,17,24,6,,,,,
323.113763,323.1135735,323.1136264,C16 H20 O7,16,20,7,,,,,
323.0886342,323.0884446,323.0884743,C14 H16 O7 N2,14,16,7,,2,,,
323.077505,323.0773155,323.0772409,C15 H16 O8,15,16,8,,,,,
323.0562979,323.0561084,323.0561116,C18 H12 O6,18,12,6,,,,,
323.0409242,323.0407347,323.0408554,C14 H12 O9,14,12,9,,,,,
323.0047342,323.0045447,323.0044699,C13 H8 O10,13,8,10,,,,,
322.1379663,322.1377778,322.1377167,C16 H22 O6 13C1,16,22,6,,,1,,
322.1014933,322.1013048,322.1013312,C15 H18 O7 13C1,15,18,7,,,1,,
322.0934716,322.0932832,322.0932254,C15 H17 O7 N1,15,17,7,,1,,,
322.0650726,322.0648842,322.0649457,C14 H14 O8 13C1,14,14,8,,,1,,
322.056918,322.0567295,322.0568398,C14 H13 O8 N1,14,13,8,,1,,,
321.1710263,321.1708389,321.1707474,C18 H26 O5,18,26,5,,,,,
321.1344449,321.1342575,321.1343619,C17 H22 O6,17,22,6,,,,,
321.0982487,321.0980613,321.0979764,C16 H18 O7,16,18,7,,,,,
321.0729008,321.0727134,321.0728243,C14 H14 O7 N2,14,14,7,,2,,,
321.0617384,321.0615511,321.0615909,C15 H14 O8,15,14,8,,,,,
321.0253346,321.0251473,321.0252054,C14 H10 O9,14,10,9,,,,,
321.0229052,321.0227179,321.0227034,C18 H10 O4 S1,18,10,4,1,,,,
320.1222672,320.1220809,320.1220667,C16 H20 O6 13C1,16,20,6,,,1,,
320.0859172,320.0857309,320.0856812,C15 H16 O7 13C1,15,16,7,,,1,,
319.1552514,319.1550661,319.1550973,C18 H24 O5,18,24,5,,,,,
319.1189778,319.1187926,319.1187118,C17 H20 O6,17,20,6,,,,,
319.0857672,319.085582,319.0856976,C13 H20 O7 S1,13,20,7,1,,,,
319.0823971,319.0822119,319.0823263,C16 H16 O7,16,16,7,,,,,
319.0672412,319.0670561,319.0670702,C12 H16 O10,12,16,10,,,,,
319.0461919,319.0460068,319.0459408,C15 H12 O8,15,12,8,,,,,
319.0097134,319.0095282,319.0095553,C14 H8 O9,14,8,9,,,,,
318.070117,318.0699329,318.0700311,C15 H14 O7 13C1,15,14,7,,,1,,
317.1759676,317.1757844,317.1758328,C19 H26 O4,19,26,4,,,,,
317.1395484,317.1393653,317.1394473,C18 H22 O5,18,22,5,,,,,
317.1242971,317.124114,317.1241911,C14 H22 O8,14,22,8,,,,,
317.1033113,317.1031283,317.1030618,C17 H18 O6,17,18,6,,,,,
317.087996,317.087813,317.0878056,C13 H18 O9,13,18,9,,,,,
317.0667647,317.0665817,317.0666763,C16 H14 O7,16,14,7,,,,,
317.0516304,317.0514474,317.0514201,C12 H14 O10,12,14,10,,,,,
317.030548,317.030365,317.0302907,C15 H10 O8,15,10,8,,,,,
316.1121611,316.1119791,316.1118959,C13 H20 O8 13C1,13,20,8,,,1,,
315.1450152,315.1448342,315.1449266,C15 H24 O7,15,24,7,,,,,
315.1240791,315.1238982,315.1237972,C18 H20 O5,18,20,5,,,,,
315.1086874,315.1085064,315.1085411,C14 H20 O8,14,20,8,,,,,
315.09087,315.0906891,315.090783,C14 H20 O6 S1,14,20,6,1,,,,
315.0875188,315.0873379,315.0874117,C17 H16 O6,17,16,6,,,,,
315.0723896,315.0722087,315.0721556,C13 H16 O9,13,16,9,,,,,
315.0512107,315.0510299,315.0510262,C16 H12 O7,16,12,7,,,,,
315.0358654,315.0356845,315.0357701,C12 H12 O10,12,12,10,,,,,
315.0148986,315.0147178,315.0146407,C15 H8 O8,15,8,8,,,,,
314.1678867,314.1677068,314.1677901,C16 H28 O3 13C1 34S1,16,28,3,,,1,1,
314.1327917,314.1326118,314.1326313,C14 H22 O7 13C1,14,22,7,,,1,,
314.0965085,314.0963287,314.0962458,C13 H18 O8 13C1,13,18,8,,,1,,
314.0599307,314.0597509,314.0598603,C12 H14 O9 13C1,12,14,9,,,1,,
313.1755726,313.1753937,313.1753491,C15 H28 O3 S1 13C2,15,28,3,1,,2,,
313.1730903,313.1729115,313.1728844,C17 H28 O2 S1 18O1,17,28,2,1,,,,1
313.1657788,313.1655999,313.165662,C16 H26 O6,16,26,6,,,,,
313.1645414,313.1643626,313.1644352,C17 H28 O3 34S1,17,28,3,,,,1,
313.1295424,313.1293636,313.1292765,C15 H22 O7,15,22,7,,,,,
313.108245,313.1080662,313.1081471,C18 H18 O5,18,18,5,,,,,
313.092992,313.0928132,313.092891,C14 H18 O8,14,18,8,,,,,
313.0720071,313.0718283,313.0717616,C17 H14 O6,17,14,6,,,,,
313.0566805,313.0565018,313.0565055,C13 H14 O9,13,14,9,,,,,
313.0354604,313.0352817,313.0353761,C16 H10 O7,16,10,7,,,,,
313.0203506,313.0201719,313.02012,C12 H10 O10,12,10,10,,,,,
312.1751678,312.17499,312.1751218,C15 H27 O2 S1 N3,15,27,2,1,3,,,
312.1722525,312.1720747,312.1719942,C16 H28 O3 S1 13C1,16,28,3,1,,1,,
312.1534769,312.1532992,312.1533668,C15 H24 O6 13C1,15,24,6,,,1,,
312.1172275,312.1170498,312.1169813,C14 H20 O7 13C1,14,20,7,,,1,,
312.0806892,312.0805115,312.0805958,C13 H16 O8 13C1,13,16,8,,,1,,
312.0726631,312.0724854,312.0724899,C13 H15 O8 N1,13,15,8,,1,,,
311.1688487,311.168672,311.1686394,C17 H28 O3 S1,17,28,3,1,,,,
311.1501211,311.1499444,311.150012,C16 H24 O6,16,24,6,,,,,
311.1138759,311.1136992,311.1136264,C15 H20 O7,15,20,7,,,,,
311.0885603,311.0883837,311.0884743,C13 H16 O7 N2,13,16,7,,2,,,
311.077333,311.0771564,311.0772409,C14 H16 O8,14,16,8,,,,,
311.0563666,311.05619,311.0561116,C17 H12 O6,17,12,6,,,,,
311.0409942,311.0408176,311.0408554,C13 H12 O9,13,12,9,,,,,
310.1777319,310.1775563,310.1774735,C13 H30 O5 S1 13C1,13,30,5,1,,1,,
310.137807,310.1376314,310.1377167,C15 H22 O6 13C1,15,22,6,,,1,,
310.1014297,310.1012541,310.1013312,C14 H18 O7 13C1,14,18,7,,,1,,
310.0933062,310.0931306,310.0932254,C14 H17 O7 N1,14,17,7,,1,,,
310.0570306,310.0568551,310.0568398,C13 H13 O8 N1,13,13,8,,1,,,
309.174255,309.1740804,309.1741187,C14 H30 O5 S1,14,30,5,1,,,,
309.1708506,309.170676,309.1707474,C17 H26 O5,17,26,5,,,,,
309.1531031,309.1529285,309.1529893,C17 H26 O3 S1,17,26,3,1,,,,
309.1346142,309.1344396,309.1343619,C16 H22 O6,16,22,6,,,,,
309.0981169,309.0979424,309.0979764,C15 H18 O7,15,18,7,,,,,
309.061693,309.0615185,309.0615909,C14 H14 O8,14,14,8,,,,,
309.0406253,309.0404508,309.0404615,C17 H10 O6,17,10,6,,,,,
309.0254664,309.025292,309.0252054,C13 H10 O9,13,10,9,,,,,
308.1222463,308.1220728,308.1220667,C15 H20 O6 13C1,15,20,6,,,1,,
308.0857615,308.0855881,308.0856812,C14 H16 O7 13C1,14,16,7,,,1,,
308.0776503,308.0774768,308.0775753,C14 H15 O7 N1,14,15,7,,1,,,
307.1552796,307.1551072,307.1550973,C17 H24 O5,17,24,5,,,,,
307.1187749,307.1186025,307.1187118,C16 H20 O6,16,20,6,,,,,
307.0825311,307.0823587,307.0823263,C15 H16 O7,15,16,7,,,,,
307.0612927,307.0611204,307.061197,C18 H12 O5,18,12,5,,,,,
307.0461658,307.0459935,307.0459408,C14 H12 O8,14,12,8,,,,,
307.009633,307.0094608,307.0095553,C13 H8 O9,13,8,9,,,,,
306.106487,306.1063157,306.1064166,C15 H18 O6 13C1,15,18,6,,,1,,
306.0620003,306.0618291,306.0619252,C14 H13 O7 N1,14,13,7,,1,,,
305.1396814,305.1395111,305.1394473,C17 H22 O5,17,22,5,,,,,
305.1031786,305.1030084,305.1030618,C16 H18 O6,16,18,6,,,,,
305.0667784,305.0666082,305.0666763,C15 H14 O7,15,14,7,,,,,
305.0515264,305.0513562,305.0514201,C11 H14 O10,11,14,10,,,,,
305.0305314,305.0303612,305.0302907,C14 H10 O8,14,10,8,,,,,
303.2331611,303.2329928,303.2329537,C20 H32 O2,20,32,2,,,,,
303.1603414,303.1601733,303.1601827,C18 H24 O4,18,24,4,,,,,
303.1239957,303.1238276,303.1237972,C17 H20 O5,17,20,5,,,,,
303.1087398,303.1085717,303.1085411,C13 H20 O8,13,20,8,,,,,
303.0875039,303.0873358,303.0874117,C16 H16 O6,16,16,6,,,,,
303.0723957,303.0722276,303.0721556,C12 H16 O9,12,16,9,,,,,
303.0511323,303.0509642,303.0510262,C15 H12 O7,15,12,7,,,,,
303.0358649,303.0356968,303.0357701,C11 H12 O10,11,12,10,,,,,
303.0149006,303.0147326,303.0146407,C14 H8 O8,14,8,8,,,,,
302.0965019,302.0963349,302.0962458,C12 H18 O8 13C1,12,18,8,,,1,,
301.1657377,301.1655717,301.165662,C15 H26 O6,15,26,6,,,,,
301.1294405,301.1292745,301.1292765,C14 H22 O7,14,22,7,,,,,
301.1082536,301.1080876,301.1081471,C17 H18 O5,17,18,5,,,,,
301.0931156,301.0929496,301.092891,C13 H18 O8,13,18,8,,,,,
301.0718658,301.0716998,301.0717616,C16 H14 O6,16,14,6,,,,,
301.0566099,301.0564439,301.0565055,C12 H14 O9,12,14,9,,,,,
301.0356195,301.0354536,301.0353761,C15 H10 O7,15,10,7,,,,,
301.0201944,301.0200285,301.02012,C11 H10 O10,11,10,10,,,,,
300.1170561,300.1168912,300.1169813,C13 H20 O7 13C1,13,20,7,,,1,,
300.0807959,300.080631,300.0805958,C12 H16 O8 13C1,12,16,8,,,1,,
300.0725816,300.0724167,300.0724899,C12 H15 O8 N1,12,15,8,,1,,,
299.1598961,299.1597322,299.159699,C14 H26 O3 S1 13C2,14,26,3,1,,2,,
299.1502455,299.1500816,299.150012,C15 H24 O6,15,24,6,,,,,
299.1490159,299.148852,299.1487852,C16 H26 O3 34S1,16,26,3,,,,1,
299.1137689,299.113605,299.1136264,C14 H20 O7,14,20,7,,,,,
299.0926961,299.0925322,299.0924971,C17 H16 O5,17,16,5,,,,,
299.0773203,299.0771564,299.0772409,C13 H16 O8,13,16,8,,,,,
299.0563539,299.0561901,299.0561116,C16 H12 O6,16,12,6,,,,,
299.0410266,299.0408628,299.0408554,C12 H12 O9,12,12,9,,,,,
299.0198187,299.0196549,299.0197261,C15 H8 O7,15,8,7,,,,,
298.1564725,298.1563096,298.1563442,C15 H26 O3 S1 13C1,15,26,3,1,,1,,
298.1378186,298.1376558,298.1377167,C14 H22 O6 13C1,14,22,6,,,1,,
298.1014172,298.1012544,298.1013312,C13 H18 O7 13C1,13,18,7,,,1,,
298.0932977,298.0931349,298.0932254,C13 H17 O7 N1,13,17,7,,1,,,
298.0651459,298.0649832,298.0649457,C12 H14 O8 13C1,12,14,8,,,1,,
297.1708231,297.1706613,297.1707474,C16 H26 O5,16,26,5,,,,,
297.1531933,297.1530315,297.1529893,C16 H26 O3 S1,16,26,3,1,,,,
297.134476,297.1343142,297.1343619,C15 H22 O6,15,22,6,,,,,
297.0981863,297.0980245,297.0979764,C14 H18 O7,14,18,7,,,,,
297.0769217,297.07676,297.076847,C17 H14 O5,17,14,5,,,,,
297.0617906,297.0616289,297.0615909,C13 H14 O8,13,14,8,,,,,
297.0405995,297.0404378,297.0404615,C16 H10 O6,16,10,6,,,,,
297.0252726,297.025111,297.0252054,C12 H10 O9,12,10,9,,,,,
296.1221452,296.1219845,296.1220667,C14 H20 O6 13C1,14,20,6,,,1,,
296.0858839,296.0857233,296.0856812,C13 H16 O7 13C1,13,16,7,,,1,,
296.077693,296.0775323,296.0775753,C13 H15 O7 N1,13,15,7,,1,,,
295.1552436,295.1550839,295.1550973,C16 H24 O5,16,24,5,,,,,
295.1375668,295.1374071,295.1373393,C16 H24 O3 S1,16,24,3,1,,,,
295.1187763,295.1186166,295.1187118,C15 H20 O6,15,20,6,,,,,
295.0824482,295.0822886,295.0823263,C14 H16 O7,14,16,7,,,,,
295.0613385,295.0611789,295.061197,C17 H12 O5,17,12,5,,,,,
295.0461608,295.0460013,295.0459408,C13 H12 O8,13,12,8,,,,,
295.0097512,295.0095917,295.0095553,C12 H8 O9,12,8,9,,,,,
294.1826321,294.1824735,294.1825589,C13 H30 O4 S1 13C1,13,30,4,1,,1,,
294.1066229,294.1064643,294.1064166,C14 H18 O6 13C1,14,18,6,,,1,,
293.1794257,293.1792681,293.1792041,C14 H30 O4 S1,14,30,4,1,,,,
293.1760461,293.1758885,293.1758328,C17 H26 O4,17,26,4,,,,,
293.1396096,293.139452,293.1394473,C16 H22 O5,16,22,5,,,,,
293.1031315,293.102974,293.1030618,C15 H18 O6,15,18,6,,,,,
293.0667708,293.0666133,293.0666763,C14 H14 O7,14,14,7,,,,,
293.0305012,293.0303438,293.0302907,C13 H10 O8,13,10,8,,,,,
291.1603919,291.1602364,291.1601827,C17 H24 O4,17,24,4,,,,,
291.1239438,291.1237884,291.1237972,C16 H20 O5,16,20,5,,,,,
291.087486,291.0873306,291.0874117,C15 H16 O6,15,16,6,,,,,
291.051138,291.0509827,291.0510262,C14 H12 O7,14,12,7,,,,,
291.0148467,291.0146914,291.0146407,C13 H8 O8,13,8,8,,,,,
289.1446795,289.1445261,289.1445327,C17 H22 O4,17,22,4,,,,,
289.1082318,289.1080784,289.1081471,C16 H18 O5,16,18,5,,,,,
289.0931104,289.092957,289.092891,C12 H18 O8,12,18,8,,,,,
289.0718416,289.0716883,289.0717616,C15 H14 O6,15,14,6,,,,,
289.0566578,289.0565046,289.0565055,C11 H14 O9,11,14,9,,,,,
289.0355428,289.0353896,289.0353761,C14 H10 O7,14,10,7,,,,,
287.1289461,287.1287948,287.1288826,C17 H20 O4,17,20,4,,,,,
287.11384,287.1136887,287.1136264,C13 H20 O7,13,20,7,,,,,
287.0925809,287.0924296,287.0924971,C16 H16 O5,16,16,5,,,,,
287.0773699,287.0772187,287.0772409,C12 H16 O8,12,16,8,,,,,
287.0562804,287.0561293,287.0561116,C15 H12 O6,15,12,6,,,,,
287.0409346,287.0407835,287.0408554,C11 H12 O9,11,12,9,,,,,
287.0199228,287.0197716,287.0197261,C14 H8 O7,14,8,7,,,,,
286.1014879,286.1013377,286.1013312,C12 H18 O7 13C1,12,18,7,,,1,,
286.0438955,286.0437453,286.0438163,C14 H10 O6 13C1,14,10,6,,,1,,
285.1345423,285.1343931,285.1343619,C14 H22 O6,14,22,6,,,,,
285.0980867,285.0979376,285.0979764,C13 H18 O7,13,18,7,,,,,
285.0770125,285.0768634,285.076847,C16 H14 O5,16,14,5,,,,,
285.0616688,285.0615197,285.0615909,C12 H14 O8,12,14,8,,,,,
285.0407033,285.0405542,285.0404615,C15 H10 O6,15,10,6,,,,,
285.0252935,285.0251444,285.0252054,C11 H10 O9,11,10,9,,,,,
284.122193,284.1220449,284.1220667,C13 H20 O6 13C1,13,20,6,,,1,,
284.085757,284.085609,284.0856812,C12 H16 O7 13C1,12,16,7,,,1,,
283.2644954,283.2643482,283.2642539,C18 H36 O2,18,36,2,,,,,
283.1552031,283.155056,283.1550973,C15 H24 O5,15,24,5,,,,,
283.1375372,283.1373901,283.1373393,C15 H24 O3 S1,15,24,3,1,,,,
283.1187882,283.1186411,283.1187118,C14 H20 O6,14,20,6,,,,,
283.0823899,283.0822429,283.0823263,C13 H16 O7,13,16,7,,,,,
283.061397,283.06125,283.061197,C16 H12 O5,16,12,5,,,,,
283.0460459,283.0458989,283.0459408,C12 H12 O8,12,12,8,,,,,
283.024988,283.024841,283.0248114,C15 H8 O6,15,8,6,,,,,
282.1429938,282.1428477,282.1428021,C14 H22 O5 13C1,14,22,5,,,1,,
282.1066177,282.1064717,282.1064166,C13 H18 O6 13C1,13,18,6,,,1,,
281.248842,281.2486969,281.2486038,C18 H34 O2,18,34,2,,,,,
281.139519,281.139374,281.1394473,C15 H22 O5,15,22,5,,,,,
281.1031587,281.1030137,281.1030618,C14 H18 O6,14,18,6,,,,,
281.0668282,281.0666833,281.0666763,C13 H14 O7,13,14,7,,,,,
281.0457079,281.045563,281.0455469,C16 H10 O5,16,10,5,,,,,
281.0304762,281.0303313,281.0302907,C12 H10 O8,12,10,8,,,,,
280.127235,280.1270911,280.127152,C14 H20 O5 13C1,14,20,5,,,1,,
280.0908968,280.0907529,280.0907665,C13 H16 O6 13C1,13,16,6,,,1,,
279.1602598,279.1601169,279.1601827,C16 H24 O4,16,24,4,,,,,
279.1239052,279.1237623,279.1237972,C15 H20 O5,15,20,5,,,,,
279.0875656,279.0874227,279.0874117,C14 H16 O6,14,16,6,,,,,
279.051235,279.0510922,279.0510262,C13 H12 O7,13,12,7,,,,,
279.0148408,279.014698,279.0146407,C12 H8 O8,12,8,8,,,,,
277.1446502,277.1445093,277.1445327,C16 H22 O4,16,22,4,,,,,
277.1082981,277.1081573,277.1081471,C15 H18 O5,15,18,5,,,,,
277.0719513,277.0718106,277.0717616,C14 H14 O6,14,14,6,,,,,
277.0355832,277.0354425,277.0353761,C13 H10 O7,13,10,7,,,,,
275.1289687,275.1288299,275.1288826,C16 H20 O4,16,20,4,,,,,
275.0926076,275.0924689,275.0924971,C15 H16 O5,15,16,5,,,,,
275.0773352,275.0771965,275.0772409,C11 H16 O8,11,16,8,,,,,
275.0562707,275.056132,275.0561116,C14 H12 O6,14,12,6,,,,,
275.0409329,275.0407943,275.0408554,C10 H12 O9,10,12,9,,,,,
275.0198995,275.0197609,275.0197261,C13 H8 O7,13,8,7,,,,,
273.113296,273.1131593,273.1132325,C16 H18 O4,16,18,4,,,,,
273.0981578,273.0980212,273.0979764,C12 H18 O7,12,18,7,,,,,
273.076908,273.0767714,273.076847,C15 H14 O5,15,14,5,,,,,
273.0617874,273.0616507,273.0615909,C11 H14 O8,11,14,8,,,,,
273.0405241,273.0403875,273.0404615,C14 H10 O6,14,10,6,,,,,
273.0340075,273.0338709,273.0339368,C13 H10 O3 S1 N2,13,10,3,1,2,,,
272.1504923,272.1503566,272.1503463,C13 H23 O5 N1,13,23,5,,1,,,
271.1188126,271.118678,271.1187118,C13 H20 O6,13,20,6,,,,,
271.0824399,271.0823053,271.0823263,C12 H16 O7,12,16,7,,,,,
271.061353,271.0612185,271.061197,C15 H12 O5,15,12,5,,,,,
271.0460715,271.045937,271.0459408,C11 H12 O8,11,12,8,,,,,
271.0249886,271.0248541,271.0248114,C14 H8 O6,14,8,6,,,,,
270.1066259,270.1064923,270.1064166,C12 H18 O6 13C1,12,18,6,,,1,,
269.1396277,269.1394951,269.1394473,C14 H22 O5,14,22,5,,,,,
269.1032462,269.1031136,269.1030618,C13 H18 O6,13,18,6,,,,,
269.0668473,269.0667148,269.0666763,C12 H14 O7,12,14,7,,,,,
269.0456181,269.0454856,269.0455469,C15 H10 O5,15,10,5,,,,,
269.0304921,269.0303596,269.0302907,C11 H10 O8,11,10,8,,,,,
268.0909011,268.0907696,268.0907665,C12 H16 O6 13C1,12,16,6,,,1,,
267.1602737,267.1601431,267.1601827,C15 H24 O4,15,24,4,,,,,
267.1438817,267.1437511,267.1436998,C12 H26 O4 34S1,12,26,4,,,,1,
267.1238796,267.1237491,267.1237972,C14 H20 O5,14,20,5,,,,,
267.0875179,267.0873875,267.0874117,C13 H16 O6,13,16,6,,,,,
267.0663882,267.0662577,267.0662823,C16 H12 O4,16,12,4,,,,,
267.0511556,267.0510252,267.0510262,C12 H12 O7,12,12,7,,,,,
267.0148012,267.0146708,267.0146407,C11 H8 O8,11,8,8,,,,,
266.1513169,266.1511874,266.1512588,C11 H26 O4 S1 13C1,11,26,4,1,,1,,
265.1479728,265.1478443,265.147904,C12 H26 O4 S1,12,26,4,1,,,,
265.1446354,265.1445069,265.1445327,C15 H22 O4,15,22,4,,,,,
265.1083121,265.1081837,265.1081471,C14 H18 O5,14,18,5,,,,,
265.0719292,265.0718008,265.0717616,C13 H14 O6,13,14,6,,,,,
265.050702,265.0505736,265.0506323,C16 H10 O4,16,10,4,,,,,
265.0355613,265.0354329,265.0353761,C12 H10 O7,12,10,7,,,,,
264.1242116,264.1240842,264.1241316,C14 H19 O4 N1,14,19,4,,1,,,
263.1290413,263.1289149,263.1288826,C15 H20 O4,15,20,4,,,,,
263.0926039,263.0924775,263.0924971,C14 H16 O5,14,16,5,,,,,
263.0561969,263.0560706,263.0561116,C13 H12 O6,13,12,6,,,,,
263.0197882,263.0196619,263.0197261,C12 H8 O7,12,8,7,,,,,
261.1134154,261.113291,261.1132325,C15 H18 O4,15,18,4,,,,,
261.0770104,261.0768861,261.076847,C14 H14 O5,14,14,5,,,,,
261.0405957,261.0404714,261.0404615,C13 H10 O6,13,10,6,,,,,
261.0041693,261.0040451,261.004076,C12 H6 O7,12,6,7,,,,,
259.1187834,259.1186611,259.1187118,C12 H20 O6,12,20,6,,,,,
259.097698,259.0975758,259.0975825,C15 H16 O4,15,16,4,,,,,
259.0824433,259.0823211,259.0823263,C11 H16 O7,11,16,7,,,,,
259.0612796,259.0611573,259.061197,C14 H12 O5,14,12,5,,,,,
259.0460948,259.0459725,259.0459408,C10 H12 O8,10,12,8,,,,,
259.0248705,259.0247483,259.0248114,C13 H8 O6,13,8,6,,,,,
257.1031673,257.103047,257.1030618,C12 H18 O6,12,18,6,,,,,
257.0821121,257.0819919,257.0819324,C15 H14 O4,15,14,4,,,,,
257.0667333,257.0666131,257.0666763,C11 H14 O7,11,14,7,,,,,
257.0456982,257.045578,257.0455469,C14 H10 O5,14,10,5,,,,,
257.0303618,257.0302416,257.0302907,C10 H10 O8,10,10,8,,,,,
256.2364945,256.2363751,256.2363086,C15 H32 O2 13C1,15,32,2,,,1,,
255.2331093,255.2329909,255.2329537,C16 H32 O2,16,32,2,,,,,
255.1238925,255.1237742,255.1237972,C13 H20 O5,13,20,5,,,,,
255.0874642,255.087346,255.0874117,C12 H16 O6,12,16,6,,,,,
255.0664113,255.0662931,255.0662823,C15 H12 O4,15,12,4,,,,,
255.0511238,255.0510057,255.0510262,C11 H12 O7,11,12,7,,,,,
255.0299771,255.029859,255.0298968,C14 H8 O5,14,8,5,,,,,
255.0148025,255.0146844,255.0146407,C10 H8 O8,10,8,8,,,,,
253.1446994,253.1445832,253.1445327,C14 H22 O4,14,22,4,,,,,
253.1083105,253.1081943,253.1081471,C13 H18 O5,13,18,5,,,,,
253.083153,253.0830368,253.082995,C11 H14 O5 N2,11,14,5,,2,,,
253.0718662,253.0717501,253.0717616,C12 H14 O6,12,14,6,,,,,
253.03544,253.0353239,253.0353761,C11 H10 O7,11,10,7,,,,,
251.1290345,251.1289203,251.1288826,C14 H20 O4,14,20,4,,,,,
251.0925585,251.0924443,251.0924971,C13 H16 O5,13,16,5,,,,,
251.0562049,251.0560908,251.0561116,C12 H12 O6,12,12,6,,,,,
251.0198888,251.0197747,251.0197261,C11 H8 O7,11,8,7,,,,,
250.1450152,250.144902,250.144867,C14 H21 O3 N1,14,21,3,,1,,,
249.1497665,249.1496543,249.149618,C15 H22 O3,15,22,3,,,,,
249.1133657,249.1132536,249.1132325,C14 H18 O4,14,18,4,,,,,
249.0769036,249.0767915,249.076847,C13 H14 O5,13,14,5,,,,,
249.040573,249.0404609,249.0404615,C12 H10 O6,12,10,6,,,,,
249.0042385,249.0041264,249.004076,C11 H6 O7,11,6,7,,,,,
247.097742,247.0976319,247.0975825,C14 H16 O4,14,16,4,,,,,
247.0613175,247.0612074,247.061197,C13 H12 O5,13,12,5,,,,,
247.0248654,247.0247553,247.0248114,C12 H8 O6,12,8,6,,,,,
245.0820019,245.0818938,245.0819324,C14 H14 O4,14,14,4,,,,,
245.0456538,245.0455458,245.0455469,C13 H10 O5,13,10,5,,,,,
243.1238593,243.1237532,243.1237972,C12 H20 O5,12,20,5,,,,,
243.0875669,243.0874609,243.0874117,C11 H16 O6,11,16,6,,,,,
243.0663886,243.0662825,243.0662823,C14 H12 O4,14,12,4,,,,,
243.0511119,243.0510058,243.0510262,C10 H12 O7,10,12,7,,,,,
243.0300425,243.0299365,243.0298968,C13 H8 O5,13,8,5,,,,,
242.1762294,242.1761243,242.1761671,C13 H25 O3 N1,13,25,3,,1,,,
241.217361,241.2172568,241.2173037,C15 H30 O2,15,30,2,,,,,
241.1082492,241.1081451,241.1081471,C12 H18 O5,12,18,5,,,,,
241.0719066,241.0718026,241.0717616,C11 H14 O6,11,14,6,,,,,
241.0507811,241.050677,241.0506323,C14 H10 O4,14,10,4,,,,,
241.0354323,241.0353282,241.0353761,C10 H10 O7,10,10,7,,,,,
240.0708134,240.0707103,240.0706998,C9 H12 O5 N2 13C1,9,12,5,,2,1,,
239.1289393,239.1288372,239.1288826,C13 H20 O4,13,20,4,,,,,
239.092634,239.092532,239.0924971,C12 H16 O5,12,16,5,,,,,
239.067501,239.067399,239.067345,C10 H12 O5 N2,10,12,5,,2,,,
239.0561896,239.0560875,239.0561116,C11 H12 O6,11,12,6,,,,,
239.0198441,239.0197421,239.0197261,C10 H8 O7,10,8,7,,,,,
237.1132924,237.1131923,237.1132325,C13 H18 O4,13,18,4,,,,,
237.0769995,237.0768994,237.076847,C12 H14 O5,12,14,5,,,,,
237.0405189,237.0404189,237.0404615,C11 H10 O6,11,10,6,,,,,
235.1704438,235.1703457,235.1703535,C15 H24 O2,15,24,2,,,,,
235.0977084,235.0976103,235.0975825,C13 H16 O4,13,16,4,,,,,
235.0612856,235.0611876,235.061197,C12 H12 O5,12,12,5,,,,,
235.0249414,235.0248434,235.0248114,C11 H8 O6,11,8,6,,,,,
233.1183861,233.11829,233.1183179,C14 H18 O3,14,18,3,,,,,
233.0820477,233.0819516,233.0819324,C13 H14 O4,13,14,4,,,,,
233.0456496,233.0455536,233.0455469,C12 H10 O5,12,10,5,,,,,
233.0092467,233.0091507,233.0091614,C11 H6 O6,11,6,6,,,,,
231.0663932,231.0662991,231.0662823,C13 H12 O4,13,12,4,,,,,
231.0299446,231.0298506,231.0298968,C12 H8 O5,12,8,5,,,,,
229.0718834,229.0717913,229.0717616,C10 H14 O6,10,14,6,,,,,
229.050743,229.0506509,229.0506323,C13 H10 O4,13,10,4,,,,,
229.0354291,229.035337,229.0353761,C9 H10 O7,9,10,7,,,,,
227.2017117,227.2016215,227.2016536,C14 H28 O2,14,28,2,,,,,
227.0925495,227.0924593,227.0924971,C11 H16 O5,11,16,5,,,,,
227.0562273,227.0561372,227.0561116,C10 H12 O6,10,12,6,,,,,
226.0649988,226.0649097,226.0649457,C6 H14 O8 13C1,6,14,8,,,1,,
225.113283,225.1131948,225.1132325,C12 H18 O4,12,18,4,,,,,
225.0769462,225.076858,225.076847,C11 H14 O5,11,14,5,,,,,
225.0617193,225.0616311,225.0615909,C7 H14 O8,7,14,8,,,,,
225.0558068,225.0557187,225.0557176,C14 H10 O3,14,10,3,,,,,
225.0405997,225.0405115,225.0404615,C10 H10 O6,10,10,6,,,,,
223.0977078,223.0976216,223.0975825,C12 H16 O4,12,16,4,,,,,
223.061258,223.0611718,223.061197,C11 H12 O5,11,12,5,,,,,
223.0248697,223.0247835,223.0248114,C10 H8 O6,10,8,6,,,,,
221.082045,221.0819608,221.0819324,C12 H14 O4,12,14,4,,,,,
221.0456156,221.0455314,221.0455469,C11 H10 O5,11,10,5,,,,,
221.009205,221.0091209,221.0091614,C10 H6 O6,10,6,6,,,,,
219.0663307,219.0662484,219.0662823,C12 H12 O4,12,12,4,,,,,
219.0299442,219.0298619,219.0298968,C11 H8 O5,11,8,5,,,,,
217.0507206,217.0506403,217.0506323,C12 H10 O4,12,10,4,,,,,
213.0769036,213.0768272,213.076847,C10 H14 O5,10,14,5,,,,,
211.0612845,211.0612101,211.061197,C10 H12 O5,10,12,5,,,,,
211.0248721,211.0247977,211.0248114,C9 H8 O6,9,8,6,,,,,
209.0455973,209.0455248,209.0455469,C10 H10 O5,10,10,5,,,,,
191.0197963,191.0197411,191.0197261,C6 H8 O7,6,8,7,,,,,
581.2247651,581.2242639,,,,,,,,,,
559.0737673,559.0732954,,,,,,,,,,
557.2036338,557.2031643,,,,,,,,,,
545.1672198,545.1667661,,,,,,,,,,
519.2601161,519.2596956,,,,,,,,,,
519.2521016,519.2516812,,,,,,,,,,
517.0995134,517.0990957,,,,,,,,,,
515.0838086,515.0833934,,,,,,,,,,
515.0475063,515.0470912,,,,,,,,,,
513.3109519,513.310539,,,,,,,,,,
513.0681803,513.0677678,,,,,,,,,,
511.0889234,511.0885133,,,,,,,,,,
510.8522074,510.8517976,,,,,,,,,,
509.1307679,509.1303603,,,,,,,,,,
508.2272706,508.2268642,,,,,,,,,,
508.1911009,508.1906944,,,,,,,,,,
506.2119331,506.2115292,,,,,,,,,,
505.063098,505.0626955,,,,,,,,,,
504.2322215,504.23182,,,,,,,,,,
504.1958362,504.1954348,,,,,,,,,,
501.1536954,501.1532979,,,,,,,,,,
499.1744151,499.17402,,,,,,,,,,
497.1589794,497.1585869,,,,,,,,,,
496.1543439,496.1539526,,,,,,,,,,
495.15144,495.1510499,,,,,,,,,,
494.1750904,494.1747015,,,,,,,,,,
494.1387341,494.1383453,,,,,,,,,,
490.2165934,490.2162095,,,,,,,,,,
487.3049357,487.3045554,,,,,,,,,,
487.1381377,487.1377577,,,,,,,,,,
485.195392,485.1950143,,,,,,,,,,
485.1589367,485.158559,,,,,,,,,,
485.1223534,485.1219759,,,,,,,,,,
483.1432583,483.1428832,,,,,,,,,,
483.1150443,483.1146692,,,,,,,,,,
475.1379906,475.1376253,,,,,,,,,,
473.2830962,473.2827332,,,,,,,,,,
473.1950766,473.1947138,,,,,,,,,,
471.202554,471.2021936,,,,,,,,,,
471.143222,471.1428617,,,,,,,,,,
471.1150112,471.1146509,,,,,,,,,,
469.2004127,469.2000547,,,,,,,,,,
469.1639664,469.1636085,,,,,,,,,,
467.1845213,467.1841658,,,,,,,,,,
467.1482911,467.1479357,,,,,,,,,,
466.1073934,466.1070393,,,,,,,,,,
462.221604,462.2212546,,,,,,,,,,
461.1222835,461.1219354,,,,,,,,,,
459.1607822,459.1604364,,,,,,,,,,
459.1067852,459.1064395,,,,,,,,,,
457.1639088,457.1635655,,,,,,,,,,
457.1275766,457.1272333,,,,,,,,,,
455.1846308,455.1842899,,,,,,,,,,
453.2051488,453.2048103,,,,,,,,,,
453.1690152,453.1686767,,,,,,,,,,
453.1327362,453.1323977,,,,,,,,,,
451.1894158,451.1890797,,,,,,,,,,
451.1532314,451.1528954,,,,,,,,,,
449.1738329,449.1734993,,,,,,,,,,
449.158676,449.1583424,,,,,,,,,,
449.1224264,449.1220928,,,,,,,,,,
447.143048,447.1427168,,,,,,,,,,
447.1068835,447.1065523,,,,,,,,,,
445.1639751,445.1636463,,,,,,,,,,
445.1275598,445.1272311,,,,,,,,,,
443.1846113,443.1842848,,,,,,,,,,
443.1480587,443.1477323,,,,,,,,,,
443.0472824,443.0469561,,,,,,,,,,
441.2050905,441.2047664,,,,,,,,,,
441.1690042,441.1686802,,,,,,,,,,
441.1326579,441.1323339,,,,,,,,,,
439.2836596,439.2833378,,,,,,,,,,
439.1894888,439.1891672,,,,,,,,,,
439.1169425,439.1166209,,,,,,,,,,
437.17376,437.1734407,,,,,,,,,,
437.1375877,437.1372685,,,,,,,,,,
436.1699106,436.1695925,,,,,,,,,,
435.1431021,435.1427852,,,,,,,,,,
433.1638993,433.1635848,,,,,,,,,,
433.1275688,433.1272543,,,,,,,,,,
431.1844926,431.1841804,,,,,,,,,,
431.1294206,431.1291085,,,,,,,,,,
431.1117161,431.1114041,,,,,,,,,,
430.1073794,430.1070685,,,,,,,,,,
429.1690152,429.1687055,,,,,,,,,,
429.1325025,429.1321928,,,,,,,,,,
427.1895269,427.1892195,,,,,,,,,,
427.1533373,427.1530299,,,,,,,,,,
427.1168903,427.116583,,,,,,,,,,
426.3670715,426.3667651,,,,,,,,,,
425.1740191,425.1737141,,,,,,,,,,
425.1376773,425.1373723,,,,,,,,,,
425.1011054,425.1008004,,,,,,,,,,
423.1583302,423.1580275,,,,,,,,,,
421.1275285,421.1272282,,,,,,,,,,
419.1116869,419.111389,,,,,,,,,,
418.1953559,418.1950591,,,,,,,,,,
417.1689435,417.1686479,,,,,,,,,,
417.1502397,417.1499441,,,,,,,,,,
417.0959906,417.095695,,,,,,,,,,
417.0443648,417.0440693,,,,,,,,,,
415.1531389,415.1528456,,,,,,,,,,
415.0981872,415.097894,,,,,,,,,,
415.0805266,415.0802335,,,,,,,,,,
414.1410853,414.1407933,,,,,,,,,,
413.1737758,413.1734848,,,,,,,,,,
413.1375158,413.1372249,,,,,,,,,,
413.1012947,413.1010038,,,,,,,,,,
411.1584231,411.1581345,,,,,,,,,,
411.0829709,411.0826824,,,,,,,,,,
409.2730788,409.2727924,,,,,,,,,,
409.1789171,409.1786308,,,,,,,,,,
409.1427674,409.1424811,,,,,,,,,,
409.1063096,409.1060234,,,,,,,,,,
407.2574449,407.2571609,,,,,,,,,,
407.1868978,407.1866138,,,,,,,,,,
407.1117918,407.1115079,,,,,,,,,,
407.023606,407.0233222,,,,,,,,,,
406.0500052,406.0497226,,,,,,,,,,
405.1900033,405.1897217,,,,,,,,,,
405.1690166,405.168735,,,,,,,,,,
405.1324307,405.1321491,,,,,,,,,,
405.0597793,405.0594978,,,,,,,,,,
405.0443569,405.0440754,,,,,,,,,,
404.3957096,404.3954289,,,,,,,,,,
403.1895605,403.1892812,,,,,,,,,,
403.1345519,403.1342727,,,,,,,,,,
403.1169425,403.1166632,,,,,,,,,,
403.0983349,403.0980556,,,,,,,,,,
403.0804843,403.0802051,,,,,,,,,,
402.1410546,402.1407765,,,,,,,,,,
402.0760463,402.0757683,,,,,,,,,,
401.1740338,401.1737568,,,,,,,,,,
401.1552964,401.1550194,,,,,,,,,,
401.101113,401.1008361,,,,,,,,,,
401.0648919,401.064615,,,,,,,,,,
401.0283372,401.0280604,,,,,,,,,,
399.1583223,399.1580477,,,,,,,,,,
399.1559072,399.1556326,,,,,,,,,,
399.1395591,399.1392845,,,,,,,,,,
399.1032344,399.1029598,,,,,,,,,,
399.0855848,399.0853102,,,,,,,,,,
399.0492119,399.0489373,,,,,,,,,,
398.1621209,398.1618474,,,,,,,,,,
397.1587335,397.1584611,,,,,,,,,,
397.1424975,397.1422252,,,,,,,,,,
397.1062837,397.1060114,,,,,,,,,,
397.0699606,397.0696883,,,,,,,,,,
397.0674994,397.0672272,,,,,,,,,,
396.2786133,396.278342,,,,,,,,,,
395.2847528,395.2844826,,,,,,,,,,
395.2751863,395.2749162,,,,,,,,,,
395.1270781,395.1268081,,,,,,,,,,
395.0879703,395.0877003,,,,,,,,,,
395.0236007,395.0233308,,,,,,,,,,
393.2778467,393.2775789,,,,,,,,,,
393.13261,393.1323423,,,,,,,,,,
393.0960879,393.0958202,,,,,,,,,,
393.0748196,393.074552,,,,,,,,,,
393.0595619,393.0592943,,,,,,,,,,
393.0079215,393.0076539,,,,,,,,,,
391.2623392,391.2620737,,,,,,,,,,
391.1530939,391.1528285,,,,,,,,,,
391.1346764,391.134411,,,,,,,,,,
391.1169399,391.1166745,,,,,,,,,,
391.0803121,391.0800468,,,,,,,,,,
391.0439493,391.043684,,,,,,,,,,
389.173978,389.1737148,,,,,,,,,,
389.1375936,389.1373305,,,,,,,,,,
389.1188465,389.1185834,,,,,,,,,,
389.0824638,389.0822008,,,,,,,,,,
389.0648087,389.0645456,,,,,,,,,,
388.1331309,388.1328689,,,,,,,,,,
388.1120246,388.1117627,,,,,,,,,,
387.1580945,387.1578336,,,,,,,,,,
387.1395648,387.139304,,,,,,,,,,
387.1219589,387.1216981,,,,,,,,,,
387.1034207,387.1031599,,,,,,,,,,
387.085547,387.0852862,,,,,,,,,,
385.1790488,385.1787902,,,,,,,,,,
385.1424565,385.142198,,,,,,,,,,
385.1400782,385.1398196,,,,,,,,,,
385.1239398,385.1236813,,,,,,,,,,
385.1063222,385.1060637,,,,,,,,,,
385.0698215,385.069563,,,,,,,,,,
385.0333425,385.0330841,,,,,,,,,,
384.1466359,384.1463785,,,,,,,,,,
383.163194,383.1629377,,,,,,,,,,
383.1431212,383.1428649,,,,,,,,,,
383.1270379,383.1267816,,,,,,,,,,
383.0906076,383.0903514,,,,,,,,,,
383.0515828,383.0513267,,,,,,,,,,
382.9112804,382.9110244,,,,,,,,,,
381.1111386,381.1108847,,,,,,,,,,
381.0750282,381.0747743,,,,,,,,,,
379.1167414,379.1164898,,,,,,,,,,
379.0954824,379.0952307,,,,,,,,,,
379.0828276,379.0825759,,,,,,,,,,
379.0802711,379.0800195,,,,,,,,,,
378.0890864,378.0888359,,,,,,,,,,
377.3915164,377.3912667,,,,,,,,,,
377.1375754,377.137326,,,,,,,,,,
377.1188189,377.1185695,,,,,,,,,,
377.0858094,377.0855601,,,,,,,,,,
377.082535,377.0822856,,,,,,,,,,
377.0648495,377.0646001,,,,,,,,,,
377.0493799,377.0491305,,,,,,,,,,
377.0284022,377.0281529,,,,,,,,,,
376.1120427,376.1117944,,,,,,,,,,
375.1581437,375.1578966,,,,,,,,,,
375.1395138,375.1392666,,,,,,,,,,
375.1218349,375.1215878,,,,,,,,,,
375.1034135,375.1031664,,,,,,,,,,
375.0855939,375.0853468,,,,,,,,,,
374.0810954,374.0808495,,,,,,,,,,
373.1425779,373.142333,,,,,,,,,,
373.1238431,373.1235982,,,,,,,,,,
373.106121,373.1058761,,,,,,,,,,
373.0876952,373.0874504,,,,,,,,,,
373.0699412,373.0696964,,,,,,,,,,
373.0333497,373.0331049,,,,,,,,,,
371.1634183,371.1631756,,,,,,,,,,
371.1268073,371.1265647,,,,,,,,,,
371.1244238,371.1241812,,,,,,,,,,
371.1082997,371.1080571,,,,,,,,,,
371.0906311,371.0903885,,,,,,,,,,
371.0541447,371.0539021,,,,,,,,,,
371.0517014,371.0514589,,,,,,,,,,
371.0177254,371.0174829,,,,,,,,,,
370.9289222,370.9286798,,,,,,,,,,
370.1309419,370.1307004,,,,,,,,,,
369.2503403,369.2500998,,,,,,,,,,
369.1476241,369.1473837,,,,,,,,,,
369.1276036,369.1273632,,,,,,,,,,
369.1113871,369.1111467,,,,,,,,,,
369.0723488,369.0721085,,,,,,,,,,
369.0386122,369.0383719,,,,,,,,,,
368.2469548,368.2467154,,,,,,,,,,
367.253288,367.2530497,,,,,,,,,,
367.2507985,367.2505602,,,,,,,,,,
367.2443675,367.2441292,,,,,,,,,,
367.2435576,367.2433193,,,,,,,,,,
367.1319658,367.1317276,,,,,,,,,,
367.0957603,367.0955222,,,,,,,,,,
367.0567028,367.0564647,,,,,,,,,,
366.2528475,366.2526103,,,,,,,,,,
365.2465103,365.2462743,,,,,,,,,,
365.2451117,365.2448757,,,,,,,,,,
365.1011628,365.1009269,,,,,,,,,,
365.0824635,365.0822277,,,,,,,,,,
365.0798968,365.079661,,,,,,,,,,
365.0646074,365.0643716,,,,,,,,,,
365.012963,365.0127272,,,,,,,,,,
363.1217298,363.1214962,,,,,,,,,,
363.103177,363.1029434,,,,,,,,,,
363.0855364,363.0853028,,,,,,,,,,
363.0490669,363.0488334,,,,,,,,,,
361.1637839,361.1635525,,,,,,,,,,
361.1427024,361.142471,,,,,,,,,,
361.1239226,361.1236912,,,,,,,,,,
361.0875817,361.0873504,,,,,,,,,,
361.0699561,361.0697248,,,,,,,,,,
361.0333382,361.0331069,,,,,,,,,,
360.0806985,360.0804683,,,,,,,,,,
359.1268207,359.1265915,,,,,,,,,,
359.1083631,359.108134,,,,,,,,,,
359.0906526,359.0904235,,,,,,,,,,
359.0540529,359.0538239,,,,,,,,,,
359.0178493,359.0176202,,,,,,,,,,
357.1478037,357.1475768,,,,,,,,,,
357.111141,357.1109141,,,,,,,,,,
357.1087491,357.1085222,,,,,,,,,,
357.0749665,357.0747397,,,,,,,,,,
357.0385132,357.0382864,,,,,,,,,,
357.0360269,357.0358,,,,,,,,,,
355.8926785,355.8924529,,,,,,,,,,
355.1320373,355.1318126,,,,,,,,,,
355.1117033,355.1114786,,,,,,,,,,
355.0955311,355.0953065,,,,,,,,,,
355.0593606,355.0591359,,,,,,,,,,
355.0569082,355.0566836,,,,,,,,,,
355.0227509,355.0225263,,,,,,,,,,
353.0799027,353.0796803,,,,,,,,,,
353.0774727,353.0772503,,,,,,,,,,
351.2309508,351.2307305,,,,,,,,,,
351.1217477,351.1215275,,,,,,,,,,
351.1033711,351.1031509,,,,,,,,,,
351.0855487,351.0853285,,,,,,,,,,
351.0489677,351.0487475,,,,,,,,,,
350.283325,350.2831057,,,,,,,,,,
349.2763185,349.2761003,,,,,,,,,,
349.106188,349.10597,,,,,,,,,,
349.0874714,349.0872534,,,,,,,,,,
349.0697559,349.0695379,,,,,,,,,,
347.1268954,347.1266795,,,,,,,,,,
347.1084208,347.108205,,,,,,,,,,
347.0905839,347.0903681,,,,,,,,,,
347.0718043,347.0715885,,,,,,,,,,
347.0540486,347.0538328,,,,,,,,,,
346.1378242,346.1376095,,,,,,,,,,
346.0650497,346.064835,,,,,,,,,,
345.1475726,345.147359,,,,,,,,,,
345.1113295,345.1111159,,,,,,,,,,
345.0925548,345.0923413,,,,,,,,,,
345.0748125,345.0745989,,,,,,,,,,
345.0385356,345.038322,,,,,,,,,,
343.1318681,343.1316567,,,,,,,,,,
343.0957307,343.0955194,,,,,,,,,,
343.0591013,343.05889,,,,,,,,,,
342.1640632,342.1638528,,,,,,,,,,
341.1164449,341.1162357,,,,,,,,,,
341.0798405,341.0796313,,,,,,,,,,
341.0436886,341.0434795,,,,,,,,,,
340.9790377,340.9788287,,,,,,,,,,
340.2157327,340.2155245,,,,,,,,,,
340.2063021,340.2060939,,,,,,,,,,
340.1994139,340.1992057,,,,,,,,,,
339.2124554,339.2122483,,,,,,,,,,
339.2019172,339.2017101,,,,,,,,,,
339.1994289,339.1992218,,,,,,,,,,
339.1988296,339.1986225,,,,,,,,,,
339.0643,339.0640931,,,,,,,,,,
338.2188124,338.2186064,,,,,,,,,,
337.215381,337.2151761,,,,,,,,,,
337.1429213,337.1427165,,,,,,,,,,
337.1061996,337.1059948,,,,,,,,,,
337.0697375,337.0695328,,,,,,,,,,
337.0180003,337.0177956,,,,,,,,,,
336.231326,336.2311222,,,,,,,,,,
335.127015,335.1268124,,,,,,,,,,
335.1082075,335.1080049,,,,,,,,,,
335.0904065,335.0902039,,,,,,,,,,
335.054202,335.0539994,,,,,,,,,,
334.0695039,334.0693024,,,,,,,,,,
333.2205237,333.2203232,,,,,,,,,,
333.1111463,333.1109459,,,,,,,,,,
333.0925932,333.0923928,,,,,,,,,,
333.0749843,333.0747839,,,,,,,,,,
333.0383862,333.0381858,,,,,,,,,,
331.4031017,331.4029031,,,,,,,,,,
331.1320284,331.1318301,,,,,,,,,,
331.0955321,331.0953339,,,,,,,,,,
331.0769047,331.0767065,,,,,,,,,,
331.0593081,331.0591099,,,,,,,,,,
331.0227313,331.0225332,,,,,,,,,,
330.0382786,330.0380815,,,,,,,,,,
329.1526755,329.1524793,,,,,,,,,,
329.1163325,329.1161364,,,,,,,,,,
329.0799709,329.0797749,,,,,,,,,,
329.043468,329.043272,,,,,,,,,,
328.0589458,328.0587509,,,,,,,,,,
327.1006277,327.1004338,,,,,,,,,,
327.064369,327.0641752,,,,,,,,,,
327.0278209,327.0276271,,,,,,,,,,
326.7596381,326.7594446,,,,,,,,,,
326.1906576,326.1904647,,,,,,,,,,
326.1837772,326.1835843,,,,,,,,,,
325.1860766,325.1858848,,,,,,,,,,
325.1832577,325.1830659,,,,,,,,,,
325.0850975,325.0849058,,,,,,,,,,
325.0485221,325.0483304,,,,,,,,,,
324.2491648,324.248974,,,,,,,,,,
323.1066102,323.1064206,,,,,,,,,,
323.0904782,323.0902887,,,,,,,,,,
322.2519815,322.2517929,,,,,,,,,,
321.1475767,321.1473893,,,,,,,,,,
321.111307,321.1111196,,,,,,,,,,
321.0747357,321.0745483,,,,,,,,,,
320.0538981,320.0537118,,,,,,,,,,
320.0494157,320.0492294,,,,,,,,,,
319.2412462,319.2410608,,,,,,,,,,
319.1318954,319.1317101,,,,,,,,,,
319.1134654,319.1132802,,,,,,,,,,
319.0955411,319.0953559,,,,,,,,,,
319.0768865,319.0767013,,,,,,,,,,
319.0592831,319.0590979,,,,,,,,,,
317.2255788,317.2253956,,,,,,,,,,
317.1163004,317.1161173,,,,,,,,,,
317.0798756,317.0796926,,,,,,,,,,
317.0436351,317.0434521,,,,,,,,,,
316.0755832,316.0754012,,,,,,,,,,
316.0590967,316.0589148,,,,,,,,,,
315.1005608,315.1003798,,,,,,,,,,
315.0643317,315.0641508,,,,,,,,,,
315.0278331,315.0276522,,,,,,,,,,
313.0850033,313.0848245,,,,,,,,,,
313.0485764,313.0483977,,,,,,,,,,
312.1682883,312.1681106,,,,,,,,,,
311.1810586,311.1808819,,,,,,,,,,
311.1676125,311.1674358,,,,,,,,,,
309.1840117,309.1838371,,,,,,,,,,
307.0956354,307.095463,,,,,,,,,,
307.0591277,307.0589554,,,,,,,,,,
305.1162152,305.116045,,,,,,,,,,
305.0799739,305.0798037,,,,,,,,,,
303.1369664,303.1367983,,,,,,,,,,
303.1005736,303.1004054,,,,,,,,,,
303.0643276,303.0641595,,,,,,,,,,
301.1213279,301.1211619,,,,,,,,,,
301.0850487,301.0848827,,,,,,,,,,
300.0640173,300.0638525,,,,,,,,,,
293.2067878,293.2066302,,,,,,,,,,
291.20986,291.2097044,,,,,,,,,,
290.0433005,290.0431462,,,,,,,,,,
286.0483451,286.048195,,,,,,,,,,
285.1263155,285.1261664,,,,,,,,,,
285.017328,285.017179,,,,,,,,,,
283.0204032,283.0202563,,,,,,,,,,
278.0432488,278.043107,,,,,,,,,,
274.0483901,274.0482524,,,,,,,,,,
273.1441848,273.1440481,,,,,,,,,,
271.1470914,271.1469568,,,,,,,,,,
270.7981809,270.7980466,,,,,,,,,,
269.1313901,269.1312575,,,,,,,,,,
268.8010402,268.800908,,,,,,,,,,
266.8040469,266.8039167,,,,,,,,,,
262.0483597,262.0482344,,,,,,,,,,
261.9419093,261.9417841,,,,,,,,,,
248.0801214,248.0800103,,,,,,,,,,
234.984073,234.9839751,,,,,,,,,,
217.0484957,217.0484154,,,,,,,,,,
217.0299015,217.0298212,,,,,,,,,,
215.0329053,215.032827,,,,,,,,,,
187.0379284,187.0378771,,,,,,,,,,
183.6223113,183.6222632,,,,,,,,,,
183.1254919,183.1254443,,,,,,,,,,
174.8290484,174.8290086,,,,,,,,,,
174.8272729,174.8272331,,,,,,,,,,
172.8320298,172.8319918,,,,,,,,,,
172.8302714,172.8302335,,,,,,,,,,
170.8333655,170.8333295,,,,,,,,,,
169.6004919,169.600457,,,,,,,,,,
169.6000254,169.5999905,,,,,,,,,,
168.8362839,168.8362497,,,,,,,,,,
163.0942861,163.0942573,,,,,,,,,,
163.0938604,163.0938316,,,,,,,,,,
162.5926071,162.5925787,,,,,,,,,,
162.5921812,162.5921528,,,,,,,,,,
155.5848268,155.5848049,,,,,,,,,,
155.5844248,155.5844029,,,,,,,,,,
131.0931589,131.0931592,,,,,,,,,,
122.4149921,122.4150002,,,,,,,,,,
122.0837583,122.0837666,,,,,,,,,,
121.7493048,121.7493134,,,,,,,,,,
118.3682942,118.3683058,,,,,,,,,,
113.4015312,113.4015472,,,,,,,,,,
113.0670751,113.0670913,,,,,,,,,,
113.0366276,113.0366439,,,,,,,,,,
112.405534,112.4055508,,,,,,,,,,
112.3768539,112.3768708,,,,,,,,,,
108.7296155,108.7296356,,,,,,,,,,
108.395166,108.3951864,,,,,,,,,,
104.0577817,104.0578058,,,,,,,,,,
103.7232791,103.7233036,,,,,,,,,,
