,m/z,Calibrated m/z,Calculated m/z,H/C,O/C,Molecular Formula,C,H,O,S,N,13C,34S,18O,N/C,compound_class,probability
0,659.5470613,659.5466575,659.5467429,2.0,0.210526316,C38 H76 O8,38.0,76.0,8.0,0.0,0.0,0.0,0.0,0.0,0.0,lipid,0.9010941964984275
1,655.4618477,655.4614478,655.4612992,1.837837838,0.189189189,C37 H68 O7 S1,37.0,68.0,7.0,1.0,0.0,0.0,0.0,0.0,0.0,lipid,0.9105362349625457
2,617.3580194,617.3576551,617.3576219,2.071428571,0.428571429,C28 H58 O12 S1,28.0,58.0,12.0,1.0,0.0,0.0,0.0,0.0,0.0,lipid,0.8820379799858994
3,614.5452308,614.5448691,614.5446184,2.055555556,0.166666667,C36 H74 O6 13C1,37.0,74.0,6.0,0.0,0.0,1.0,0.0,0.0,0.0,lipid,0.9010152772855167
4,613.541673,613.5413122,613.5412636,2.0,0.162162162,C37 H74 O6,37.0,74.0,6.0,0.0,0.0,0.0,0.0,0.0,0.0,lipid,0.8760345640396305
5,586.5136427,586.5133065,586.5133183,2.058823529,0.176470588,C34 H70 O6 13C1,35.0,70.0,6.0,0.0,0.0,1.0,0.0,0.0,0.0,lipid,0.9008587624085213
6,585.5103733,585.510038,585.5099634,2.0,0.171428571,C35 H70 O6,35.0,70.0,6.0,0.0,0.0,0.0,0.0,0.0,0.0,lipid,0.8758845640034327
7,579.2449012,579.2445715,579.2447002,1.379310345,0.413793103,C29 H40 O12,29.0,40.0,12.0,0.0,0.0,0.0,0.0,0.0,0.0,lignin,0.8545779410739536
8,577.2658217,577.2654938,577.2654356,1.4,0.366666667,C30 H42 O11,30.0,42.0,11.0,0.0,0.0,0.0,0.0,0.0,0.0,lignin,0.8536959124526197
9,577.2292573,577.2289295,577.2290501,1.310344828,0.413793103,C29 H38 O12,29.0,38.0,12.0,0.0,0.0,0.0,0.0,0.0,0.0,lignin,0.8575382280757753
10,575.2502849,575.2499588,575.2497856,1.333333333,0.366666667,C30 H40 O11,30.0,40.0,11.0,0.0,0.0,0.0,0.0,0.0,0.0,lignin,0.8555497576394497
11,573.3317032,573.3313788,573.3314072,2.076923077,0.423076923,C26 H54 O11 S1,26.0,54.0,11.0,1.0,0.0,0.0,0.0,0.0,0.0,lipid,0.8804933963840099
12,565.2658899,565.2655727,565.2654356,1.448275862,0.379310345,C29 H42 O11,29.0,42.0,11.0,0.0,0.0,0.0,0.0,0.0,0.0,lignin,0.8523042278707603
13,565.2294483,565.2291311,565.2290501,1.357142857,0.428571429,C28 H38 O12,28.0,38.0,12.0,0.0,0.0,0.0,0.0,0.0,0.0,lignin,0.855217011707069
14,563.2866611,563.2863456,563.2861711,1.466666667,0.333333333,C30 H44 O10,30.0,44.0,10.0,0.0,0.0,0.0,0.0,0.0,0.0,lignin,0.7213482622243065
15,563.2501017,563.2497862,563.2497856,1.379310345,0.379310345,C29 H40 O11,29.0,40.0,11.0,0.0,0.0,0.0,0.0,0.0,0.0,lignin,0.8543473830312596
16,563.2136328,563.2133174,563.2134001,1.285714286,0.428571429,C28 H36 O12,28.0,36.0,12.0,0.0,0.0,0.0,0.0,0.0,0.0,lignin,0.8583204993812021
17,561.2708197,561.270506,561.270521,1.4,0.333333333,C30 H42 O10,30.0,42.0,10.0,0.0,0.0,0.0,0.0,0.0,0.0,lignin,0.8532756174648506
18,561.2344064,561.2340927,561.2341355,1.310344828,0.379310345,C29 H38 O11,29.0,38.0,11.0,0.0,0.0,0.0,0.0,0.0,0.0,lignin,0.8563528038143836
19,561.1980149,561.1977013,561.19775,1.214285714,0.428571429,C28 H34 O12,28.0,34.0,12.0,0.0,0.0,0.0,0.0,0.0,0.0,lignin,0.8610355222446617
20,559.2550594,559.2547475,559.254871,1.333333333,0.333333333,C30 H40 O10,30.0,40.0,10.0,0.0,0.0,0.0,0.0,0.0,0.0,lignin,0.8551654389159757
21,559.2186179,559.218306,559.2184854,1.24137931,0.379310345,C29 H36 O11,29.0,36.0,11.0,0.0,0.0,0.0,0.0,0.0,0.0,lignin,0.8598881740077434
22,557.3366398,557.3363296,557.3364926,2.076923077,0.384615385,C26 H54 O10 S1,26.0,54.0,10.0,1.0,0.0,0.0,0.0,0.0,0.0,lipid,0.8808709528415528
23,553.2654866,553.2651799,553.2654356,1.5,0.392857143,C28 H42 O11,28.0,42.0,11.0,0.0,0.0,0.0,0.0,0.0,0.0,lignin,0.7201201372205517
24,553.2654866,553.2651799,553.2649226,0.829268293,0.0,C41 H34 N2,41.0,34.0,0.0,0.0,2.0,0.0,0.0,0.0,0.04878048780487805,pah,0.9561764516329582
25,553.2291879,553.2288813,553.2290501,1.407407407,0.444444444,C27 H38 O12,27.0,38.0,12.0,0.0,0.0,0.0,0.0,0.0,0.0,lignin,0.8538720055209792
26,551.2865991,551.2862942,551.2861711,1.517241379,0.344827586,C29 H44 O10,29.0,44.0,10.0,0.0,0.0,0.0,0.0,0.0,0.0,lipid,0.7445370331446013
27,551.2501807,551.2498758,551.2497856,1.428571429,0.392857143,C28 H40 O11,28.0,40.0,11.0,0.0,0.0,0.0,0.0,0.0,0.0,lignin,0.8531095942078967
28,551.213767,551.2134621,551.2134001,1.333333333,0.444444444,C27 H36 O12,27.0,36.0,12.0,0.0,0.0,0.0,0.0,0.0,0.0,lignin,0.8559448464689936
29,549.2706637,549.2703605,549.270521,1.448275862,0.344827586,C29 H42 O10,29.0,42.0,10.0,0.0,0.0,0.0,0.0,0.0,0.0,lignin,0.8521013577592867
30,549.2342355,549.2339324,549.2341355,1.357142857,0.392857143,C28 H38 O11,28.0,38.0,11.0,0.0,0.0,0.0,0.0,0.0,0.0,lignin,0.855026465524334
31,549.1979678,549.1976647,549.19775,1.259259259,0.444444444,C27 H34 O12,27.0,34.0,12.0,0.0,0.0,0.0,0.0,0.0,0.0,lignin,0.8592572105971665
32,547.2917187,547.2914172,547.2912565,1.466666667,0.3,C30 H44 O9,30.0,44.0,9.0,0.0,0.0,0.0,0.0,0.0,0.0,lipid,0.5977364562644845
33,547.255256,547.2549545,547.254871,1.379310345,0.344827586,C29 H40 O10,29.0,40.0,10.0,0.0,0.0,0.0,0.0,0.0,0.0,lignin,0.8539409115851887
34,547.2188401,547.2185387,547.2184854,1.285714286,0.392857143,C28 H36 O11,28.0,36.0,11.0,0.0,0.0,0.0,0.0,0.0,0.0,lignin,0.858258022647503
35,545.2757694,545.2754697,545.2756064,1.4,0.3,C30 H42 O9,30.0,42.0,9.0,0.0,0.0,0.0,0.0,0.0,0.0,lignin,0.8529609839494021
36,545.2395202,545.2392205,545.2392209,1.310344828,0.344827586,C29 H38 O10,29.0,38.0,10.0,0.0,0.0,0.0,0.0,0.0,0.0,lignin,0.856058548192757
37,545.2033053,545.2030057,545.2028354,1.214285714,0.392857143,C28 H34 O11,28.0,34.0,11.0,0.0,0.0,0.0,0.0,0.0,0.0,lignin,0.8610484322614917
38,543.2601225,543.2598246,543.2599563,1.333333333,0.3,C30 H40 O9,30.0,40.0,9.0,0.0,0.0,0.0,0.0,0.0,0.0,lignin,0.8547907904892924
39,543.2237771,543.2234791,543.2235708,1.24137931,0.344827586,C29 H36 O10,29.0,36.0,10.0,0.0,0.0,0.0,0.0,0.0,0.0,lignin,0.8597393459718109
40,541.2445261,541.2442299,541.2443063,1.266666667,0.3,C30 H38 O9,30.0,38.0,9.0,0.0,0.0,0.0,0.0,0.0,0.0,lignin,0.8582294273785547
41,539.5048509,539.5045562,539.5044841,2.0,0.117647059,C34 H68 O4,34.0,68.0,4.0,0.0,0.0,0.0,0.0,0.0,0.0,lipid,0.8770186717438824
42,539.2136741,539.2133796,539.2134001,1.384615385,0.461538462,C26 H36 O12,26.0,36.0,12.0,0.0,0.0,0.0,0.0,0.0,0.0,lignin,0.855647337218836
43,537.2708956,537.2706028,537.270521,1.5,0.357142857,C28 H42 O10,28.0,42.0,10.0,0.0,0.0,0.0,0.0,0.0,0.0,lignin,0.5777803345959531
44,537.2344567,537.2341639,537.2341355,1.407407407,0.407407407,C27 H38 O11,27.0,38.0,11.0,0.0,0.0,0.0,0.0,0.0,0.0,lignin,0.8538774414655995
45,537.1979057,537.1976131,537.19775,1.307692308,0.461538462,C26 H34 O12,26.0,34.0,12.0,0.0,0.0,0.0,0.0,0.0,0.0,lignin,0.8576573340794409
46,535.2917235,535.2914325,535.2912565,1.517241379,0.310344828,C29 H44 O9,29.0,44.0,9.0,0.0,0.0,0.0,0.0,0.0,0.0,lipid,0.9052821781507039
47,535.2552628,535.2549717,535.254871,1.428571429,0.357142857,C28 H40 O10,28.0,40.0,10.0,0.0,0.0,0.0,0.0,0.0,0.0,lignin,0.8528711625420383
48,535.2187397,535.2184488,535.2184854,1.333333333,0.407407407,C27 H36 O11,27.0,36.0,11.0,0.0,0.0,0.0,0.0,0.0,0.0,lignin,0.8558172828941693
49,535.1822115,535.1819206,535.1820999,1.230769231,0.461538462,C26 H32 O12,26.0,32.0,12.0,0.0,0.0,0.0,0.0,0.0,0.0,lignin,0.8602850793115742
50,533.2759003,533.2756109,533.2756064,1.448275862,0.310344828,C29 H42 O9,29.0,42.0,9.0,0.0,0.0,0.0,0.0,0.0,0.0,lignin,0.7214548504100514
51,533.2394348,533.2391455,533.2392209,1.357142857,0.357142857,C28 H38 O10,28.0,38.0,10.0,0.0,0.0,0.0,0.0,0.0,0.0,lignin,0.8547641123093687
52,533.2030277,533.2027385,533.2028354,1.259259259,0.407407407,C27 H34 O11,27.0,34.0,11.0,0.0,0.0,0.0,0.0,0.0,0.0,lignin,0.8592577326259434
53,531.2965287,531.2962411,531.2963418,1.466666667,0.266666667,C30 H44 O8,30.0,44.0,8.0,0.0,0.0,0.0,0.0,0.0,0.0,lipid,0.9059406179454281
54,531.2601205,531.2598329,531.2599563,1.379310345,0.310344828,C29 H40 O9,29.0,40.0,9.0,0.0,0.0,0.0,0.0,0.0,0.0,lignin,0.8536082011678969
55,531.223831,531.2235434,531.2235708,1.285714286,0.357142857,C28 H36 O10,28.0,36.0,10.0,0.0,0.0,0.0,0.0,0.0,0.0,lignin,0.8580977010353766
56,531.187585,531.1872975,531.1871853,1.185185185,0.407407407,C27 H32 O11,27.0,32.0,11.0,0.0,0.0,0.0,0.0,0.0,0.0,lignin,0.8631530819157298
57,530.3090473,530.3087606,530.3085473,2.173913043,0.434782609,C23 H50 O10 S1 13C1,24.0,50.0,10.0,1.0,0.0,1.0,0.0,0.0,0.0,lipid,0.8813160195009917
58,529.30535,529.3050641,529.3051924,2.083333333,0.416666667,C24 H50 O10 S1,24.0,50.0,10.0,1.0,0.0,0.0,0.0,0.0,0.0,lipid,0.8804950432289443
59,529.2809643,529.2806784,529.2806918,1.4,0.266666667,C30 H42 O8,30.0,42.0,8.0,0.0,0.0,0.0,0.0,0.0,0.0,lignin,0.7220223467766338
60,529.244709,529.2444231,529.2443063,1.310344828,0.310344828,C29 H38 O9,29.0,38.0,9.0,0.0,0.0,0.0,0.0,0.0,0.0,lignin,0.8556296046503494
61,529.2084607,529.2081749,529.2079208,1.214285714,0.357142857,C28 H34 O10,28.0,34.0,10.0,0.0,0.0,0.0,0.0,0.0,0.0,lignin,0.8618226377548932
62,527.2290146,527.2287305,527.2286562,1.24137931,0.310344828,C29 H36 O9,29.0,36.0,9.0,0.0,0.0,0.0,0.0,0.0,0.0,lignin,0.8594270459324749
63,523.2551608,523.25488,523.254871,1.481481481,0.37037037,C27 H40 O10,27.0,40.0,10.0,0.0,0.0,0.0,0.0,0.0,0.0,lignin,0.7212583963023853
64,523.2187142,523.2184335,523.2184854,1.384615385,0.423076923,C26 H36 O11,26.0,36.0,11.0,0.0,0.0,0.0,0.0,0.0,0.0,lignin,0.8544961207441197
65,523.1823462,523.1820655,523.1820999,1.28,0.48,C25 H32 O12,25.0,32.0,12.0,0.0,0.0,0.0,0.0,0.0,0.0,lignin,0.8584873648752595
66,521.2759095,521.2756304,521.2756064,1.5,0.321428571,C28 H42 O9,28.0,42.0,9.0,0.0,0.0,0.0,0.0,0.0,0.0,lipid,0.7445736142756972
67,521.239628,521.239349,521.2392209,1.407407407,0.37037037,C27 H38 O10,27.0,38.0,10.0,0.0,0.0,0.0,0.0,0.0,0.0,lignin,0.8535592244182769
68,521.2032882,521.2030093,521.2028354,1.307692308,0.423076923,C26 H34 O11,26.0,34.0,11.0,0.0,0.0,0.0,0.0,0.0,0.0,lignin,0.8576343208783017
69,519.2965334,519.2962561,519.2963418,1.517241379,0.275862069,C29 H44 O8,29.0,44.0,8.0,0.0,0.0,0.0,0.0,0.0,0.0,lipid,0.9052411301204518
70,519.2600541,519.2597768,519.2599563,1.428571429,0.321428571,C28 H40 O9,28.0,40.0,9.0,0.0,0.0,0.0,0.0,0.0,0.0,lignin,0.8524945041931042
71,519.2237419,519.2234646,519.2235708,1.333333333,0.37037037,C27 H36 O10,27.0,36.0,10.0,0.0,0.0,0.0,0.0,0.0,0.0,lignin,0.8555805842877178
72,519.1875319,519.1872547,519.1871853,1.230769231,0.423076923,C26 H32 O11,26.0,32.0,11.0,0.0,0.0,0.0,0.0,0.0,0.0,lignin,0.8603511655033385
73,517.2810097,517.280734,517.2806918,1.448275862,0.275862069,C29 H42 O8,29.0,42.0,8.0,0.0,0.0,0.0,0.0,0.0,0.0,lipid,0.5978969946652475
74,517.2444662,517.2441906,517.2443063,1.357142857,0.321428571,C28 H38 O9,28.0,38.0,9.0,0.0,0.0,0.0,0.0,0.0,0.0,lignin,0.8543184943922469
75,517.2080068,517.2077312,517.2079208,1.259259259,0.37037037,C27 H34 O10,27.0,34.0,10.0,0.0,0.0,0.0,0.0,0.0,0.0,lignin,0.8591668387306173
76,517.1717808,517.1715053,517.1715353,1.153846154,0.423076923,C26 H30 O11,26.0,30.0,11.0,0.0,0.0,0.0,0.0,0.0,0.0,lignin,0.8647585193304261
77,515.2654404,515.2651665,515.2650417,1.379310345,0.275862069,C29 H40 O8,29.0,40.0,8.0,0.0,0.0,0.0,0.0,0.0,0.0,lignin,0.8533100709681822
78,515.2288998,515.2286259,515.2286562,1.285714286,0.321428571,C28 H36 O9,28.0,36.0,9.0,0.0,0.0,0.0,0.0,0.0,0.0,lignin,0.8566275330367734
79,515.1923985,515.1921246,515.1922707,1.185185185,0.37037037,C27 H32 O10,27.0,32.0,10.0,0.0,0.0,0.0,0.0,0.0,0.0,lignin,0.863213952902121
80,513.3107422,513.31047,513.3102778,2.083333333,0.375,C24 H50 O9 S1,24.0,50.0,9.0,1.0,0.0,0.0,0.0,0.0,0.0,lipid,0.8809200643757957
81,513.2497446,513.2494724,513.2493916,1.310344828,0.275862069,C29 H38 O8,29.0,38.0,8.0,0.0,0.0,0.0,0.0,0.0,0.0,lignin,0.8552767903735237
82,513.2132154,513.2129432,513.2130061,1.214285714,0.321428571,C28 H34 O9,28.0,34.0,9.0,0.0,0.0,0.0,0.0,0.0,0.0,lignin,0.8617663766855861
83,512.4768873,512.4766157,512.4765388,2.064516129,0.129032258,C31 H64 O4 13C1,32.0,64.0,4.0,0.0,0.0,1.0,0.0,0.0,0.0,lipid,0.8757117706395284
84,511.4734904,511.4732196,511.473184,2.0,0.125,C32 H64 O4,32.0,64.0,4.0,0.0,0.0,0.0,0.0,0.0,0.0,lipid,0.8768155094915852
85,511.2185893,511.2183188,511.2184854,1.44,0.44,C25 H36 O11,25.0,36.0,11.0,0.0,0.0,0.0,0.0,0.0,0.0,lignin,0.8540238329489187
86,509.2393157,509.2390469,509.2392209,1.461538462,0.384615385,C26 H38 O10,26.0,38.0,10.0,0.0,0.0,0.0,0.0,0.0,0.0,lignin,0.8520837870959801
87,509.2030493,509.2027805,509.2028354,1.36,0.44,C25 H34 O11,25.0,34.0,11.0,0.0,0.0,0.0,0.0,0.0,0.0,lignin,0.8551926104082886
88,507.2602333,507.2599662,507.2599563,1.481481481,0.333333333,C27 H40 O9,27.0,40.0,9.0,0.0,0.0,0.0,0.0,0.0,0.0,lipid,0.5973630845641696
89,507.2239868,507.2237197,507.2235708,1.384615385,0.384615385,C26 H36 O10,26.0,36.0,10.0,0.0,0.0,0.0,0.0,0.0,0.0,lignin,0.8542577857751402
90,507.1875974,507.1873304,507.1871853,1.28,0.44,C25 H32 O11,25.0,32.0,11.0,0.0,0.0,0.0,0.0,0.0,0.0,lignin,0.8585189419863835
91,505.2811356,505.2808701,505.2806918,1.5,0.285714286,C28 H42 O8,28.0,42.0,8.0,0.0,0.0,0.0,0.0,0.0,0.0,lipid,0.9053521968395675
92,505.2446564,505.244391,505.2443063,1.407407407,0.333333333,C27 H38 O9,27.0,38.0,9.0,0.0,0.0,0.0,0.0,0.0,0.0,lignin,0.853095837024599
93,505.2081059,505.2078405,505.2079208,1.307692308,0.384615385,C26 H34 O10,26.0,34.0,10.0,0.0,0.0,0.0,0.0,0.0,0.0,lignin,0.8564714711045255
94,505.1716328,505.1713674,505.1715353,1.2,0.44,C25 H30 O11,25.0,30.0,11.0,0.0,0.0,0.0,0.0,0.0,0.0,lignin,0.8623384455746921
95,503.2651715,503.2649077,503.2650417,1.428571429,0.285714286,C28 H40 O8,28.0,40.0,8.0,0.0,0.0,0.0,0.0,0.0,0.0,lignin,0.7216403689590601
96,503.22893,503.2286663,503.2286562,1.333333333,0.333333333,C27 H36 O9,27.0,36.0,9.0,0.0,0.0,0.0,0.0,0.0,0.0,lignin,0.8551654389159757
97,503.192664,503.1924003,503.1922707,1.230769231,0.384615385,C26 H32 O10,26.0,32.0,10.0,0.0,0.0,0.0,0.0,0.0,0.0,lignin,0.8603309231585019
98,501.4162289,501.4159667,501.4160631,2.0,0.206896552,C29 H58 O6,29.0,58.0,6.0,0.0,0.0,0.0,0.0,0.0,0.0,lipid,0.9011392352627172
99,501.2862117,501.2859496,501.2857772,1.448275862,0.24137931,C29 H42 O7,29.0,42.0,7.0,0.0,0.0,0.0,0.0,0.0,0.0,lipid,0.9062807397931408
100,501.2496472,501.2493851,501.2493916,1.357142857,0.285714286,C28 H38 O8,28.0,38.0,8.0,0.0,0.0,0.0,0.0,0.0,0.0,lignin,0.8539725447618789
101,501.2131427,501.2128806,501.2130061,1.259259259,0.333333333,C27 H34 O9,27.0,34.0,9.0,0.0,0.0,0.0,0.0,0.0,0.0,lignin,0.8589399740843762
102,501.1767927,501.1765307,501.1766206,1.153846154,0.384615385,C26 H30 O10,26.0,30.0,10.0,0.0,0.0,0.0,0.0,0.0,0.0,lignin,0.8648977354898453
103,499.2705276,499.2702671,499.2701271,1.379310345,0.24137931,C29 H40 O7,29.0,40.0,7.0,0.0,0.0,0.0,0.0,0.0,0.0,lignin,0.7222350427283615
104,499.2341686,499.2339082,499.2337416,1.285714286,0.285714286,C28 H36 O8,28.0,36.0,8.0,0.0,0.0,0.0,0.0,0.0,0.0,lignin,0.8562150277618212
105,499.1976679,499.1974075,499.1973561,1.185185185,0.333333333,C27 H32 O9,27.0,32.0,9.0,0.0,0.0,0.0,0.0,0.0,0.0,lignin,0.8631900133377295
106,497.2184079,497.2181491,497.2180915,1.214285714,0.285714286,C28 H34 O8,28.0,34.0,8.0,0.0,0.0,0.0,0.0,0.0,0.0,lignin,0.8616302270694849
107,497.2032228,497.2029641,497.2028354,1.416666667,0.458333333,C24 H34 O11,24.0,34.0,11.0,0.0,0.0,0.0,0.0,0.0,0.0,lignin,0.8545238466300615
108,497.1668314,497.1665728,497.1664499,1.304347826,0.52173913,C23 H30 O12,23.0,30.0,12.0,0.0,0.0,0.0,0.0,0.0,0.0,lignin,0.8576721475044785
109,495.2600668,495.2598098,495.2599563,1.538461538,0.346153846,C26 H40 O9,26.0,40.0,9.0,0.0,0.0,0.0,0.0,0.0,0.0,lipid,0.8942544063203981
110,495.2237868,495.2235297,495.2235708,1.44,0.4,C25 H36 O10,25.0,36.0,10.0,0.0,0.0,0.0,0.0,0.0,0.0,lignin,0.8526898266792393
111,495.1875752,495.1873182,495.1871853,1.333333333,0.458333333,C24 H32 O11,24.0,32.0,11.0,0.0,0.0,0.0,0.0,0.0,0.0,lignin,0.8560050922869769
112,495.151251,495.150994,495.1507998,1.217391304,0.52173913,C23 H28 O12,23.0,28.0,12.0,0.0,0.0,0.0,0.0,0.0,0.0,lignin,0.8605138161774146
113,493.2444805,493.2442251,493.2443063,1.461538462,0.346153846,C26 H38 O9,26.0,38.0,9.0,0.0,0.0,0.0,0.0,0.0,0.0,lignin,0.7213270459284509
114,493.2422992,493.2420438,493.2418043,1.266666667,0.133333333,C30 H38 O4 S1,30.0,38.0,4.0,1.0,0.0,0.0,0.0,0.0,0.0,lignin,0.855426146924884
115,493.2082453,493.2079899,493.2079208,1.36,0.4,C25 H34 O10,25.0,34.0,10.0,0.0,0.0,0.0,0.0,0.0,0.0,lignin,0.8549941910681123
116,493.1719248,493.1716694,493.1715353,1.25,0.458333333,C24 H30 O11,24.0,30.0,11.0,0.0,0.0,0.0,0.0,0.0,0.0,lignin,0.8595690676139849
117,493.1354634,493.1352081,493.1351497,1.130434783,0.52173913,C23 H26 O12,23.0,26.0,12.0,0.0,0.0,0.0,0.0,0.0,0.0,lignin,0.8651587117835969
118,493.0989696,493.0987143,493.0987642,1.0,0.590909091,C22 H22 O13,22.0,22.0,13.0,0.0,0.0,0.0,0.0,0.0,0.0,lignin,0.9372635403054226
119,492.232211,492.2319564,492.232011,1.44,0.36,C25 H36 O9 13C1,26.0,36.0,9.0,0.0,0.0,1.0,0.0,0.0,0.0,lignin,0.8524545849722379
120,491.2652408,491.264987,491.2650417,1.481481481,0.296296296,C27 H40 O8,27.0,40.0,8.0,0.0,0.0,0.0,0.0,0.0,0.0,lipid,0.7450201190480755
121,491.2289924,491.2287386,491.2286562,1.384615385,0.346153846,C26 H36 O9,26.0,36.0,9.0,0.0,0.0,0.0,0.0,0.0,0.0,lignin,0.8538167710295477
122,491.1926543,491.1924006,491.1922707,1.28,0.4,C25 H32 O10,25.0,32.0,10.0,0.0,0.0,0.0,0.0,0.0,0.0,lignin,0.8584682436155102
123,491.1562362,491.1559826,491.1558852,1.166666667,0.458333333,C24 H28 O11,24.0,28.0,11.0,0.0,0.0,0.0,0.0,0.0,0.0,lignin,0.8638544705892126
124,491.1197853,491.1195316,491.1194997,1.043478261,0.52173913,C23 H24 O12,23.0,24.0,12.0,0.0,0.0,0.0,0.0,0.0,0.0,lignin,0.938261808448153
125,491.0832765,491.0830229,491.0831142,0.909090909,0.590909091,C22 H20 O13,22.0,20.0,13.0,0.0,0.0,0.0,0.0,0.0,0.0,tannin,0.9040414688712483
126,490.2165298,490.2162769,490.216361,1.36,0.36,C25 H34 O9 13C1,26.0,34.0,9.0,0.0,0.0,1.0,0.0,0.0,0.0,lignin,0.8547163326404347
127,489.2860202,489.285768,489.2857772,1.5,0.25,C28 H42 O7,28.0,42.0,7.0,0.0,0.0,0.0,0.0,0.0,0.0,lipid,0.9057386725738421
128,489.2497651,489.249513,489.2493916,1.407407407,0.296296296,C27 H38 O8,27.0,38.0,8.0,0.0,0.0,0.0,0.0,0.0,0.0,lignin,0.8527570281405199
129,489.2133831,489.2131311,489.2130061,1.307692308,0.346153846,C26 H34 O9,26.0,34.0,9.0,0.0,0.0,0.0,0.0,0.0,0.0,lignin,0.8561614769532966
130,489.1768595,489.1766075,489.1766206,1.2,0.4,C25 H30 O10,25.0,30.0,10.0,0.0,0.0,0.0,0.0,0.0,0.0,lignin,0.8624519255261431
131,489.140302,489.14005,489.1402351,1.083333333,0.458333333,C24 H26 O11,24.0,26.0,11.0,0.0,0.0,0.0,0.0,0.0,0.0,lignin,0.9399671975497912
132,489.1039937,489.1037417,489.1038496,0.956521739,0.52173913,C23 H22 O12,23.0,22.0,12.0,0.0,0.0,0.0,0.0,0.0,0.0,lignin,0.9373153799200307
133,487.4005663,487.4003157,487.400413,2.0,0.214285714,C28 H56 O6,28.0,56.0,6.0,0.0,0.0,0.0,0.0,0.0,0.0,lipid,0.901048425856256
134,487.2704811,487.2702307,487.2701271,1.428571429,0.25,C28 H40 O7,28.0,40.0,7.0,0.0,0.0,0.0,0.0,0.0,0.0,lipid,0.5978101942906946
135,487.233886,487.2336355,487.2337416,1.333333333,0.296296296,C27 H36 O8,27.0,36.0,8.0,0.0,0.0,0.0,0.0,0.0,0.0,lignin,0.8547541698813843
136,487.1974959,487.1972455,487.1973561,1.230769231,0.346153846,C26 H32 O9,26.0,32.0,9.0,0.0,0.0,0.0,0.0,0.0,0.0,lignin,0.8601927440400632
137,487.1612458,487.1609954,487.1609706,1.12,0.4,C25 H28 O10,25.0,28.0,10.0,0.0,0.0,0.0,0.0,0.0,0.0,lignin,0.8661917050440969
138,486.2826397,486.28239,486.2823325,2.19047619,0.428571429,C21 H46 O9 S1 13C1,22.0,46.0,9.0,1.0,0.0,1.0,0.0,0.0,0.0,lipid,0.881259435185816
139,485.2791307,485.2788819,485.2789777,2.090909091,0.409090909,C22 H46 O9 S1,22.0,46.0,9.0,1.0,0.0,0.0,0.0,0.0,0.0,lipid,0.8804812793386507
140,485.2546559,485.2544071,485.254477,1.357142857,0.25,C28 H38 O7,28.0,38.0,7.0,0.0,0.0,0.0,0.0,0.0,0.0,lignin,0.8536779122335888
141,485.2183838,485.218135,485.2180915,1.259259259,0.296296296,C27 H34 O8,27.0,34.0,8.0,0.0,0.0,0.0,0.0,0.0,0.0,lignin,0.8585367017335954
142,485.18208,485.1818313,485.181706,1.153846154,0.346153846,C26 H30 O9,26.0,30.0,9.0,0.0,0.0,0.0,0.0,0.0,0.0,lignin,0.8649317990212347
143,485.0726403,485.0723916,485.0725495,0.782608696,0.52173913,C23 H18 O12,23.0,18.0,12.0,0.0,0.0,0.0,0.0,0.0,0.0,tannin,0.9121401570239355
144,483.223639,483.2233918,483.2235708,1.5,0.416666667,C24 H36 O10,24.0,36.0,10.0,0.0,0.0,0.0,0.0,0.0,0.0,lignin,0.8461609361572195
145,483.2026184,483.2023713,483.2024415,1.185185185,0.296296296,C27 H32 O8,27.0,32.0,8.0,0.0,0.0,0.0,0.0,0.0,0.0,lignin,0.8630785765317196
146,483.1873268,483.1870797,483.1871853,1.391304348,0.47826087,C23 H32 O11,23.0,32.0,11.0,0.0,0.0,0.0,0.0,0.0,0.0,lignin,0.8550778583401446
147,483.1511495,483.1509024,483.1507998,1.272727273,0.545454545,C22 H28 O12,22.0,28.0,12.0,0.0,0.0,0.0,0.0,0.0,0.0,lignin,0.8585615403772945
148,481.2446951,481.2444496,481.2443063,1.52,0.36,C25 H38 O9,25.0,38.0,9.0,0.0,0.0,0.0,0.0,0.0,0.0,lipid,0.5975280669834855
149,481.2082793,481.2080339,481.2079208,1.416666667,0.416666667,C24 H34 O10,24.0,34.0,10.0,0.0,0.0,0.0,0.0,0.0,0.0,lignin,0.8535325729837526
150,481.1717611,481.1715157,481.1715353,1.304347826,0.47826087,C23 H30 O11,23.0,30.0,11.0,0.0,0.0,0.0,0.0,0.0,0.0,lignin,0.8577465357949408
151,481.1636302,481.1633848,481.1631601,0.764705882,0.029411765,C34 H26 O1 S1,34.0,26.0,1.0,1.0,0.0,0.0,0.0,0.0,0.0,pah,0.9561458642253877
152,481.1352544,481.135009,481.1351497,1.181818182,0.545454545,C22 H26 O12,22.0,26.0,12.0,0.0,0.0,0.0,0.0,0.0,0.0,lignin,0.8623792859303526
153,481.0989916,481.0987463,481.0987642,1.047619048,0.619047619,C21 H22 O13,21.0,22.0,13.0,0.0,0.0,0.0,0.0,0.0,0.0,lignin,0.9372142258588783
154,479.2653324,479.2650886,479.2650417,1.538461538,0.307692308,C26 H40 O8,26.0,40.0,8.0,0.0,0.0,0.0,0.0,0.0,0.0,lipid,0.9051444360177483
155,479.2290369,479.2287931,479.2286562,1.44,0.36,C25 H36 O9,25.0,36.0,9.0,0.0,0.0,0.0,0.0,0.0,0.0,lignin,0.8524545849722379
156,479.1926356,479.1923918,479.1922707,1.333333333,0.416666667,C24 H32 O10,24.0,32.0,10.0,0.0,0.0,0.0,0.0,0.0,0.0,lignin,0.8558634344216982
157,479.156143,479.1558992,479.1558852,1.217391304,0.47826087,C23 H28 O11,23.0,28.0,11.0,0.0,0.0,0.0,0.0,0.0,0.0,lignin,0.8607558048809869
158,479.1196613,479.1194176,479.1194997,1.090909091,0.545454545,C22 H24 O12,22.0,24.0,12.0,0.0,0.0,0.0,0.0,0.0,0.0,lignin,0.9361269209800998
159,479.0832773,479.0830336,479.0831142,0.952380952,0.619047619,C21 H20 O13,21.0,20.0,13.0,0.0,0.0,0.0,0.0,0.0,0.0,lignin,0.6074923047899838
160,477.2496155,477.2493733,477.2493916,1.461538462,0.307692308,C26 H38 O8,26.0,38.0,8.0,0.0,0.0,0.0,0.0,0.0,0.0,lipid,0.597686104002271
161,477.2133344,477.2130923,477.2130061,1.36,0.36,C25 H34 O9,25.0,34.0,9.0,0.0,0.0,0.0,0.0,0.0,0.0,lignin,0.8547163326404347
162,477.1769953,477.1767531,477.1766206,1.25,0.416666667,C24 H30 O10,24.0,30.0,10.0,0.0,0.0,0.0,0.0,0.0,0.0,lignin,0.8596050875510549
163,477.1404662,477.1402241,477.1402351,1.130434783,0.47826087,C23 H26 O11,23.0,26.0,11.0,0.0,0.0,0.0,0.0,0.0,0.0,lignin,0.8656700598823249
164,477.1039664,477.1037244,477.1038496,1.0,0.545454545,C22 H22 O12,22.0,22.0,12.0,0.0,0.0,0.0,0.0,0.0,0.0,lignin,0.9376762954986292
165,477.067614,477.0673719,477.0674641,0.857142857,0.619047619,C21 H18 O13,21.0,18.0,13.0,0.0,0.0,0.0,0.0,0.0,0.0,tannin,0.9101006203540747
166,476.2010893,476.200848,476.2007109,1.333333333,0.375,C24 H32 O9 13C1,25.0,32.0,9.0,0.0,0.0,1.0,0.0,0.0,0.0,lignin,0.8556167225618718
167,475.270331,475.2700904,475.2701271,1.481481481,0.259259259,C27 H40 O7,27.0,40.0,7.0,0.0,0.0,0.0,0.0,0.0,0.0,lipid,0.9058480553176945
168,475.2340886,475.2338481,475.2337416,1.384615385,0.307692308,C26 H36 O8,26.0,36.0,8.0,0.0,0.0,0.0,0.0,0.0,0.0,lignin,0.8534481397421324
169,475.1977006,475.1974601,475.1973561,1.28,0.36,C25 H32 O9,25.0,32.0,9.0,0.0,0.0,0.0,0.0,0.0,0.0,lignin,0.8583132135885171
170,475.1612569,475.1610165,475.1609706,1.166666667,0.416666667,C24 H28 O10,24.0,28.0,10.0,0.0,0.0,0.0,0.0,0.0,0.0,lignin,0.8640829332157646
171,475.1248071,475.1245667,475.1245851,1.043478261,0.47826087,C23 H24 O11,23.0,24.0,11.0,0.0,0.0,0.0,0.0,0.0,0.0,lignin,0.9388068518747831
172,475.088331,475.0880906,475.0881995,0.909090909,0.545454545,C22 H20 O12,22.0,20.0,12.0,0.0,0.0,0.0,0.0,0.0,0.0,tannin,0.9039067005377687
173,473.3850546,473.3848156,473.3847629,2.0,0.222222222,C27 H54 O6,27.0,54.0,6.0,0.0,0.0,0.0,0.0,0.0,0.0,lipid,0.9009542844024814
174,473.2548502,473.2546112,473.254477,1.407407407,0.259259259,C27 H38 O7,27.0,38.0,7.0,0.0,0.0,0.0,0.0,0.0,0.0,lignin,0.5417342346426334
175,473.2184007,473.2181618,473.2180915,1.307692308,0.307692308,C26 H34 O8,26.0,34.0,8.0,0.0,0.0,0.0,0.0,0.0,0.0,lignin,0.8556884828481547
176,473.1818604,473.1816215,473.181706,1.2,0.36,C25 H30 O9,25.0,30.0,9.0,0.0,0.0,0.0,0.0,0.0,0.0,lignin,0.862485067919747
177,473.1454055,473.1451666,473.1453205,1.083333333,0.416666667,C24 H26 O10,24.0,26.0,10.0,0.0,0.0,0.0,0.0,0.0,0.0,lignin,0.9407790399928659
178,473.1091696,473.1089308,473.108935,0.956521739,0.47826087,C23 H22 O11,23.0,22.0,11.0,0.0,0.0,0.0,0.0,0.0,0.0,lignin,0.937643084669267
179,473.0729419,473.0727031,473.0725495,0.818181818,0.545454545,C22 H18 O12,22.0,18.0,12.0,0.0,0.0,0.0,0.0,0.0,0.0,tannin,0.9113100316406744
180,471.2389759,471.2387386,471.238827,1.333333333,0.259259259,C27 H36 O7,27.0,36.0,7.0,0.0,0.0,0.0,0.0,0.0,0.0,lignin,0.8544190087636763
181,471.2024993,471.2022621,471.2024415,1.230769231,0.307692308,C26 H32 O8,26.0,32.0,8.0,0.0,0.0,0.0,0.0,0.0,0.0,lignin,0.8598610011472492
182,471.187327,471.1870898,471.1871853,1.454545455,0.5,C22 H32 O11,22.0,32.0,11.0,0.0,0.0,0.0,0.0,0.0,0.0,lignin,0.8457237448309295
183,471.1792732,471.1790359,471.1788102,0.848484848,0.03030303,C33 H28 O1 S1,33.0,28.0,1.0,1.0,0.0,0.0,0.0,0.0,0.0,pah,0.9571049300584669
184,471.1663274,471.1660902,471.1660559,1.12,0.36,C25 H28 O9,25.0,28.0,9.0,0.0,0.0,0.0,0.0,0.0,0.0,lignin,0.8671586468098044
185,470.9929942,470.9927571,470.9928599,0.347826087,0.347826087,C23 H8 O8 S1 N2,23.0,8.0,8.0,1.0,2.0,0.0,0.0,0.0,0.08695652173913043,pah,0.954730059176752
186,469.2841962,469.2839605,469.2840631,2.090909091,0.363636364,C22 H46 O8 S1,22.0,46.0,8.0,1.0,0.0,0.0,0.0,0.0,0.0,lipid,0.8809834091142766
187,469.2082747,469.2080391,469.2079208,1.47826087,0.434782609,C23 H34 O10,23.0,34.0,10.0,0.0,0.0,0.0,0.0,0.0,0.0,lignin,0.8520803277780754
188,469.1718881,469.1716525,469.1715353,1.363636364,0.5,C22 H30 O11,22.0,30.0,11.0,0.0,0.0,0.0,0.0,0.0,0.0,lignin,0.856138185792131
189,469.13532,469.1350844,469.1351497,1.238095238,0.571428571,C21 H26 O12,21.0,26.0,12.0,0.0,0.0,0.0,0.0,0.0,0.0,lignin,0.8594944386425007
190,469.098837,469.0986015,469.0987642,1.1,0.65,C20 H22 O13,20.0,22.0,13.0,0.0,0.0,0.0,0.0,0.0,0.0,lignin,0.8972326078583477
191,467.2288132,467.2285792,467.2286562,1.5,0.375,C24 H36 O9,24.0,36.0,9.0,0.0,0.0,0.0,0.0,0.0,0.0,lignin,0.7210066780751461
192,467.1924261,467.1921922,467.1922707,1.391304348,0.434782609,C23 H32 O10,23.0,32.0,10.0,0.0,0.0,0.0,0.0,0.0,0.0,lignin,0.8543920856695252
193,467.1561914,467.1559575,467.1558852,1.272727273,0.5,C22 H28 O11,22.0,28.0,11.0,0.0,0.0,0.0,0.0,0.0,0.0,lignin,0.8587056415866581
194,467.1199004,467.1196665,467.1194997,1.142857143,0.571428571,C21 H24 O12,21.0,24.0,12.0,0.0,0.0,0.0,0.0,0.0,0.0,lignin,0.8638495022608617
195,467.0834268,467.0831929,467.0831142,1.0,0.65,C20 H20 O13,20.0,20.0,13.0,0.0,0.0,0.0,0.0,0.0,0.0,lignin,0.9367628708870519
196,465.24973,465.2494976,465.2493916,1.52,0.32,C25 H38 O8,25.0,38.0,8.0,0.0,0.0,0.0,0.0,0.0,0.0,lipid,0.9052839692226714
197,465.2132226,465.2129903,465.2130061,1.416666667,0.375,C24 H34 O9,24.0,34.0,9.0,0.0,0.0,0.0,0.0,0.0,0.0,lignin,0.8533931407470099
198,465.1767478,465.1765155,465.1766206,1.304347826,0.434782609,C23 H30 O10,23.0,30.0,10.0,0.0,0.0,0.0,0.0,0.0,0.0,lignin,0.8577486572000133
199,465.1686707,465.1684383,465.1682455,0.764705882,0.0,C34 H26 S1,34.0,26.0,0.0,1.0,0.0,0.0,0.0,0.0,0.0,pah,0.9562309673885254
200,465.1404164,465.1401841,465.1402351,1.181818182,0.5,C22 H26 O11,22.0,26.0,11.0,0.0,0.0,0.0,0.0,0.0,0.0,lignin,0.8628004465333037
201,465.1041128,465.1038806,465.1038496,1.047619048,0.571428571,C21 H22 O12,21.0,22.0,12.0,0.0,0.0,0.0,0.0,0.0,0.0,lignin,0.9377261204168679
202,464.200904,464.2006724,464.2007109,1.391304348,0.391304348,C23 H32 O9 13C1,24.0,32.0,9.0,0.0,0.0,1.0,0.0,0.0,0.0,lignin,0.8541452301162991
203,463.2340969,463.2338662,463.2337416,1.44,0.32,C25 H36 O8,25.0,36.0,8.0,0.0,0.0,0.0,0.0,0.0,0.0,lignin,0.7217167477226758
204,463.1975876,463.1973569,463.1973561,1.333333333,0.375,C24 H32 O9,24.0,32.0,9.0,0.0,0.0,0.0,0.0,0.0,0.0,lignin,0.8556167225618718
205,463.1611118,463.1608811,463.1609706,1.217391304,0.434782609,C23 H28 O10,23.0,28.0,10.0,0.0,0.0,0.0,0.0,0.0,0.0,lignin,0.8608926876246871
206,463.1247511,463.1245205,463.1245851,1.090909091,0.5,C22 H24 O11,22.0,24.0,11.0,0.0,0.0,0.0,0.0,0.0,0.0,lignin,0.9393649682670878
207,463.0884823,463.0882517,463.0881995,0.952380952,0.571428571,C21 H20 O12,21.0,20.0,12.0,0.0,0.0,0.0,0.0,0.0,0.0,lignin,0.6077937751426358
208,461.254807,461.2545778,461.254477,1.461538462,0.269230769,C26 H38 O7,26.0,38.0,7.0,0.0,0.0,0.0,0.0,0.0,0.0,lipid,0.7452928512018278
209,461.218414,461.2181849,461.2180915,1.36,0.32,C25 H34 O8,25.0,34.0,8.0,0.0,0.0,0.0,0.0,0.0,0.0,lignin,0.8542229494600937
210,461.181896,461.1816669,461.181706,1.25,0.375,C24 H30 O9,24.0,30.0,9.0,0.0,0.0,0.0,0.0,0.0,0.0,lignin,0.8595363644524904
211,461.1455048,461.1452757,461.1453205,1.130434783,0.434782609,C23 H26 O10,23.0,26.0,10.0,0.0,0.0,0.0,0.0,0.0,0.0,lignin,0.8660688445755664
212,461.109133,461.1089039,461.108935,1.0,0.5,C22 H22 O11,22.0,22.0,11.0,0.0,0.0,0.0,0.0,0.0,0.0,lignin,0.9381105716616908
213,461.0728568,461.0726278,461.0725495,0.857142857,0.571428571,C21 H18 O12,21.0,18.0,12.0,0.0,0.0,0.0,0.0,0.0,0.0,tannin,0.9099907868601675
214,459.2391453,459.2389178,459.238827,1.384615385,0.269230769,C26 H36 O7,26.0,36.0,7.0,0.0,0.0,0.0,0.0,0.0,0.0,lignin,0.853126842084251
215,459.2026007,459.2023732,459.2024415,1.28,0.32,C25 H32 O8,25.0,32.0,8.0,0.0,0.0,0.0,0.0,0.0,0.0,lignin,0.8568224022566783
216,459.1661894,459.165962,459.1660559,1.166666667,0.375,C24 H28 O9,24.0,28.0,9.0,0.0,0.0,0.0,0.0,0.0,0.0,lignin,0.8641887123282241
217,459.129916,459.1296886,459.1296704,1.043478261,0.434782609,C23 H24 O10,23.0,24.0,10.0,0.0,0.0,0.0,0.0,0.0,0.0,lignin,0.9393983350411906
218,459.0936344,459.0934069,459.0932849,0.909090909,0.5,C22 H20 O11,22.0,20.0,11.0,0.0,0.0,0.0,0.0,0.0,0.0,tannin,0.9035353510075929
219,459.0571942,459.0569669,459.0568994,0.761904762,0.571428571,C21 H16 O12,21.0,16.0,12.0,0.0,0.0,0.0,0.0,0.0,0.0,tannin,0.9127392914886444
220,457.2232975,457.2230716,457.2231769,1.307692308,0.269230769,C26 H34 O7,26.0,34.0,7.0,0.0,0.0,0.0,0.0,0.0,0.0,lignin,0.8552996152570825
221,457.1869891,457.1867632,457.1867914,1.2,0.32,C25 H30 O8,25.0,30.0,8.0,0.0,0.0,0.0,0.0,0.0,0.0,lignin,0.8624271387423971
222,457.1718204,457.1715945,457.1715353,1.428571429,0.523809524,C21 H30 O11,21.0,30.0,11.0,0.0,0.0,0.0,0.0,0.0,0.0,lignin,0.8527916043118855
223,457.1507271,457.1505013,457.1504059,1.083333333,0.375,C24 H26 O9,24.0,26.0,9.0,0.0,0.0,0.0,0.0,0.0,0.0,lignin,0.9416980705306498
224,457.1355019,457.1352761,457.1351497,1.3,0.6,C20 H26 O12,20.0,26.0,12.0,0.0,0.0,0.0,0.0,0.0,0.0,lignin,0.867338256688529
225,457.1143289,457.1141031,457.1140204,0.956521739,0.434782609,C23 H22 O10,23.0,22.0,10.0,0.0,0.0,0.0,0.0,0.0,0.0,lignin,0.9379702467896589
226,457.0990209,457.0987951,457.0987642,1.157894737,0.684210526,C19 H22 O13,19.0,22.0,13.0,0.0,0.0,0.0,0.0,0.0,0.0,lignin,0.8819719487403737
227,457.077791,457.0775652,457.0776349,0.818181818,0.5,C22 H18 O11,22.0,18.0,11.0,0.0,0.0,0.0,0.0,0.0,0.0,tannin,0.9112387217198282
228,455.1925575,455.1923333,455.1922707,1.454545455,0.454545455,C22 H32 O10,22.0,32.0,10.0,0.0,0.0,0.0,0.0,0.0,0.0,lignin,0.8525940152065388
229,455.1713504,455.1711262,455.1711413,1.12,0.32,C25 H28 O8,25.0,28.0,8.0,0.0,0.0,0.0,0.0,0.0,0.0,lignin,0.8671761820312451
230,455.1560359,455.1558116,455.1558852,1.333333333,0.523809524,C21 H28 O11,21.0,28.0,11.0,0.0,0.0,0.0,0.0,0.0,0.0,lignin,0.8569019814163139
231,455.1196031,455.1193789,455.1194997,1.2,0.6,C20 H24 O12,20.0,24.0,12.0,0.0,0.0,0.0,0.0,0.0,0.0,lignin,0.8605637013663646
232,455.0985452,455.098321,455.0983703,0.869565217,0.434782609,C23 H20 O10,23.0,20.0,10.0,0.0,0.0,0.0,0.0,0.0,0.0,tannin,0.9094735199091708
233,455.0833435,455.0831194,455.0831142,1.052631579,0.684210526,C19 H20 O13,19.0,20.0,13.0,0.0,0.0,0.0,0.0,0.0,0.0,lignin,0.9365756080557184
234,455.062276,455.0620518,455.0619848,0.727272727,0.5,C22 H16 O11,22.0,16.0,11.0,0.0,0.0,0.0,0.0,0.0,0.0,tannin,0.8955652166735539
235,453.2131136,453.212891,453.2130061,1.47826087,0.391304348,C23 H34 O9,23.0,34.0,9.0,0.0,0.0,0.0,0.0,0.0,0.0,lignin,0.8518162676464807
236,453.1768974,453.1766748,453.1766206,1.363636364,0.454545455,C22 H30 O10,22.0,30.0,10.0,0.0,0.0,0.0,0.0,0.0,0.0,lignin,0.8551600269117119
237,453.1406027,453.14038,453.1402351,1.238095238,0.523809524,C21 H26 O11,21.0,26.0,11.0,0.0,0.0,0.0,0.0,0.0,0.0,lignin,0.8597655219129055
238,453.1040923,453.1038697,453.1038496,1.1,0.6,C20 H22 O12,20.0,22.0,12.0,0.0,0.0,0.0,0.0,0.0,0.0,lignin,0.8976887654535102
239,453.0828482,453.0826256,453.0827202,0.782608696,0.434782609,C23 H18 O10,23.0,18.0,10.0,0.0,0.0,0.0,0.0,0.0,0.0,tannin,0.900663061298746
240,453.067527,453.0673045,453.0674641,0.947368421,0.684210526,C19 H18 O13,19.0,18.0,13.0,0.0,0.0,0.0,0.0,0.0,0.0,tannin,0.7310367819898654
241,452.200863,452.2006412,452.2007109,1.454545455,0.409090909,C22 H32 O9 13C1,23.0,32.0,9.0,0.0,0.0,1.0,0.0,0.0,0.0,lignin,0.8524546661476095
242,452.1645919,452.16437,452.1643254,1.333333333,0.476190476,C21 H28 O10 13C1,22.0,28.0,10.0,0.0,0.0,1.0,0.0,0.0,0.0,lignin,0.8568984337715149
243,451.233991,451.2337699,451.2337416,1.5,0.333333333,C24 H36 O8,24.0,36.0,8.0,0.0,0.0,0.0,0.0,0.0,0.0,lipid,0.5974726827990636
244,451.1974326,451.1972116,451.1973561,1.391304348,0.391304348,C23 H32 O9,23.0,32.0,9.0,0.0,0.0,0.0,0.0,0.0,0.0,lignin,0.8541452301162991
245,451.1611433,451.1609223,451.1609706,1.272727273,0.454545455,C22 H28 O10,22.0,28.0,10.0,0.0,0.0,0.0,0.0,0.0,0.0,lignin,0.8587978397358015
246,451.1306766,451.1304556,451.1304583,2.0,1.142857143,C14 H28 O16,14.0,28.0,16.0,0.0,0.0,0.0,0.0,0.0,0.0,carbohydrate,0.903181468447178
247,451.1249562,451.1247352,451.1245851,1.142857143,0.523809524,C21 H24 O11,21.0,24.0,11.0,0.0,0.0,0.0,0.0,0.0,0.0,lignin,0.8644683520371007
248,451.0885142,451.0882932,451.0881995,1.0,0.6,C20 H20 O12,20.0,20.0,12.0,0.0,0.0,0.0,0.0,0.0,0.0,lignin,0.937183515404201
249,451.0519139,451.051693,451.051814,0.842105263,0.684210526,C19 H16 O13,19.0,16.0,13.0,0.0,0.0,0.0,0.0,0.0,0.0,tannin,0.910737240127656
250,450.2216514,450.2214311,450.2214464,1.47826087,0.347826087,C23 H34 O8 13C1,24.0,34.0,8.0,0.0,0.0,1.0,0.0,0.0,0.0,lignin,0.7210671233256676
251,450.1851574,450.1849372,450.1850608,1.363636364,0.409090909,C22 H30 O9 13C1,23.0,30.0,9.0,0.0,0.0,1.0,0.0,0.0,0.0,lignin,0.8549500815200745
252,450.1770822,450.1768619,450.176955,1.318181818,0.409090909,C22 H29 O9 N1,22.0,29.0,9.0,0.0,1.0,0.0,0.0,0.0,0.045454545454545456,lignin,0.8555497913980556
253,449.2547968,449.2545773,449.254477,1.52,0.28,C25 H38 O7,25.0,38.0,7.0,0.0,0.0,0.0,0.0,0.0,0.0,lipid,0.9052277265056023
254,449.2182772,449.2180578,449.2180915,1.416666667,0.333333333,C24 H34 O8,24.0,34.0,8.0,0.0,0.0,0.0,0.0,0.0,0.0,lignin,0.8528774104053213
255,449.1818185,449.1815991,449.181706,1.304347826,0.391304348,C23 H30 O9,23.0,30.0,9.0,0.0,0.0,0.0,0.0,0.0,0.0,lignin,0.8566188534606622
256,449.1455569,449.1453375,449.1453205,1.181818182,0.454545455,C22 H26 O10,22.0,26.0,10.0,0.0,0.0,0.0,0.0,0.0,0.0,lignin,0.863120683281782
257,449.1092728,449.1090534,449.108935,1.047619048,0.523809524,C21 H22 O11,21.0,22.0,11.0,0.0,0.0,0.0,0.0,0.0,0.0,lignin,0.9382874873006024
258,449.0728603,449.072641,449.0725495,0.9,0.6,C20 H18 O12,20.0,18.0,12.0,0.0,0.0,0.0,0.0,0.0,0.0,tannin,0.904402365888237
259,448.2059161,448.2056974,448.2057963,1.391304348,0.347826087,C23 H32 O8 13C1,24.0,32.0,8.0,0.0,0.0,1.0,0.0,0.0,0.0,lignin,0.8536635088085431
260,448.1694945,448.1692759,448.1694108,1.272727273,0.409090909,C22 H28 O9 13C1,23.0,28.0,9.0,0.0,0.0,1.0,0.0,0.0,0.0,lignin,0.8587822085527257
261,447.239091,447.2388731,447.238827,1.44,0.28,C25 H36 O7,25.0,36.0,7.0,0.0,0.0,0.0,0.0,0.0,0.0,lipid,0.5978232514197949
262,447.2025958,447.202378,447.2024415,1.333333333,0.333333333,C24 H32 O8,24.0,32.0,8.0,0.0,0.0,0.0,0.0,0.0,0.0,lignin,0.8551654389159757
263,447.1661903,447.1659725,447.1660559,1.217391304,0.391304348,C23 H28 O9,23.0,28.0,9.0,0.0,0.0,0.0,0.0,0.0,0.0,lignin,0.8609100995462786
264,447.1299466,447.1297288,447.1296704,1.090909091,0.454545455,C22 H24 O10,22.0,24.0,10.0,0.0,0.0,0.0,0.0,0.0,0.0,lignin,0.9402671249234376
265,447.0936239,447.0934062,447.0932849,0.952380952,0.523809524,C21 H20 O11,21.0,20.0,11.0,0.0,0.0,0.0,0.0,0.0,0.0,lignin,0.7925433517716529
266,447.0571058,447.0568881,447.0568994,0.8,0.6,C20 H16 O12,20.0,16.0,12.0,0.0,0.0,0.0,0.0,0.0,0.0,tannin,0.9118854893651083
267,446.1902925,446.1900754,446.1901462,1.304347826,0.347826087,C23 H30 O8 13C1,24.0,30.0,8.0,0.0,0.0,1.0,0.0,0.0,0.0,lignin,0.8562912088003072
268,445.3537391,445.3535227,445.3534628,2.0,0.24,C25 H50 O6,25.0,50.0,6.0,0.0,0.0,0.0,0.0,0.0,0.0,lipid,0.9022115805477842
269,445.2232476,445.2230313,445.2231769,1.36,0.28,C25 H34 O7,25.0,34.0,7.0,0.0,0.0,0.0,0.0,0.0,0.0,lignin,0.8538456264754423
270,445.1870461,445.1868298,445.1867914,1.25,0.333333333,C24 H30 O8,24.0,30.0,8.0,0.0,0.0,0.0,0.0,0.0,0.0,lignin,0.8593055437815356
271,445.1507711,445.1505549,445.1504059,1.130434783,0.391304348,C23 H26 O9,23.0,26.0,9.0,0.0,0.0,0.0,0.0,0.0,0.0,lignin,0.8663146345801305
272,445.1142763,445.1140601,445.1140204,1.0,0.454545455,C22 H22 O10,22.0,22.0,10.0,0.0,0.0,0.0,0.0,0.0,0.0,lignin,0.9384917442290032
273,445.0777303,445.0775141,445.0776349,0.857142857,0.523809524,C21 H18 O11,21.0,18.0,11.0,0.0,0.0,0.0,0.0,0.0,0.0,tannin,0.9099147469728475
274,443.2782252,443.2780105,443.2777959,1.290322581,0.0,C31 H40 S1,31.0,40.0,0.0,1.0,0.0,0.0,0.0,0.0,0.0,lipid,0.8977677860578982
275,443.2078539,443.2076393,443.2075268,1.28,0.28,C25 H32 O7,25.0,32.0,7.0,0.0,0.0,0.0,0.0,0.0,0.0,lignin,0.8563638007104
276,443.1925776,443.192363,443.1922707,1.523809524,0.476190476,C21 H32 O10,21.0,32.0,10.0,0.0,0.0,0.0,0.0,0.0,0.0,lignin,0.8428985471404598
277,443.1713865,443.1711719,443.1711413,1.166666667,0.333333333,C24 H28 O8,24.0,28.0,8.0,0.0,0.0,0.0,0.0,0.0,0.0,lignin,0.864180428239405
278,443.1560879,443.1558733,443.1558852,1.4,0.55,C20 H28 O11,20.0,28.0,11.0,0.0,0.0,0.0,0.0,0.0,0.0,lignin,0.8634048449092754
279,443.1348877,443.1346731,443.1347558,1.043478261,0.391304348,C23 H24 O9,23.0,24.0,9.0,0.0,0.0,0.0,0.0,0.0,0.0,lignin,0.9400431034082807
280,443.1195979,443.1193833,443.1194997,1.263157895,0.631578947,C19 H24 O12,19.0,24.0,12.0,0.0,0.0,0.0,0.0,0.0,0.0,lignin,0.8681338577918819
281,443.0986068,443.0983922,443.0983703,0.909090909,0.454545455,C22 H20 O10,22.0,20.0,10.0,0.0,0.0,0.0,0.0,0.0,0.0,tannin,0.9085638001158918
282,443.0833486,443.083134,443.0831142,1.111111111,0.722222222,C18 H20 O13,18.0,20.0,13.0,0.0,0.0,0.0,0.0,0.0,0.0,lignin,0.8996881776083736
283,443.0623226,443.0621081,443.0619848,0.761904762,0.523809524,C21 H16 O11,21.0,16.0,11.0,0.0,0.0,0.0,0.0,0.0,0.0,tannin,0.9103062671498545
284,442.2564537,442.2562398,442.2561178,2.210526316,0.421052632,C19 H42 O8 S1 13C1,20.0,42.0,8.0,1.0,0.0,1.0,0.0,0.0,0.0,lipid,0.8811938474869745
285,441.2529291,441.252716,441.252763,2.1,0.4,C20 H42 O8 S1,20.0,42.0,8.0,1.0,0.0,0.0,0.0,0.0,0.0,lipid,0.8804859140379998
286,441.2131069,441.2128938,441.2130061,1.545454545,0.409090909,C22 H34 O9,22.0,34.0,9.0,0.0,0.0,0.0,0.0,0.0,0.0,lignin,0.5784897788344096
287,441.1920583,441.1918453,441.1918768,1.2,0.28,C25 H30 O7,25.0,30.0,7.0,0.0,0.0,0.0,0.0,0.0,0.0,lignin,0.8622675447895244
288,441.1769042,441.1766912,441.1766206,1.428571429,0.476190476,C21 H30 O10,21.0,30.0,10.0,0.0,0.0,0.0,0.0,0.0,0.0,lignin,0.8531472176171233
289,441.1405939,441.1403809,441.1402351,1.3,0.55,C20 H26 O11,20.0,26.0,11.0,0.0,0.0,0.0,0.0,0.0,0.0,lignin,0.857690840428841
290,441.1040268,441.1038138,441.1038496,1.157894737,0.631578947,C19 H22 O12,19.0,22.0,12.0,0.0,0.0,0.0,0.0,0.0,0.0,lignin,0.862370494803465
291,441.1017051,441.1014921,441.1013477,0.956521739,0.304347826,C23 H22 O7 S1,23.0,22.0,7.0,1.0,0.0,0.0,0.0,0.0,0.0,lignin,0.9448836834665885
292,441.0828327,441.0826198,441.0827202,0.818181818,0.454545455,C22 H18 O10,22.0,18.0,10.0,0.0,0.0,0.0,0.0,0.0,0.0,tannin,0.911119869170753
293,441.0675367,441.0673237,441.0674641,1.0,0.722222222,C18 H18 O13,18.0,18.0,13.0,0.0,0.0,0.0,0.0,0.0,0.0,lignin,0.9362275391038175
294,441.0464985,441.0462856,441.0463347,0.666666667,0.523809524,C21 H14 O11,21.0,14.0,11.0,0.0,0.0,0.0,0.0,0.0,0.0,tannin,0.8800853977501758
295,439.2340202,439.2338087,439.2337416,1.565217391,0.347826087,C23 H36 O8,23.0,36.0,8.0,0.0,0.0,0.0,0.0,0.0,0.0,lipid,0.8929348647009853
296,439.197508,439.1972965,439.1973561,1.454545455,0.409090909,C22 H32 O9,22.0,32.0,9.0,0.0,0.0,0.0,0.0,0.0,0.0,lignin,0.8524546661476095
297,439.1610763,439.1608648,439.1609706,1.333333333,0.476190476,C21 H28 O10,21.0,28.0,10.0,0.0,0.0,0.0,0.0,0.0,0.0,lignin,0.8568984337715149
298,439.1248694,439.124658,439.1245851,1.2,0.55,C20 H24 O11,20.0,24.0,11.0,0.0,0.0,0.0,0.0,0.0,0.0,lignin,0.8610027604558137
299,439.0885244,439.088313,439.0881995,1.052631579,0.631578947,C19 H20 O12,19.0,20.0,12.0,0.0,0.0,0.0,0.0,0.0,0.0,lignin,0.9371183644875455
300,439.0673559,439.0671445,439.0670702,0.727272727,0.454545455,C22 H16 O10,22.0,16.0,10.0,0.0,0.0,0.0,0.0,0.0,0.0,tannin,0.8825862418684182
301,439.0519768,439.0517654,439.051814,0.888888889,0.722222222,C18 H16 O13,18.0,16.0,13.0,0.0,0.0,0.0,0.0,0.0,0.0,tannin,0.9054127865751445
302,438.1853881,438.1851774,438.1850608,1.428571429,0.428571429,C21 H30 O9 13C1,22.0,30.0,9.0,0.0,0.0,1.0,0.0,0.0,0.0,lignin,0.8531021251883066
303,437.2183382,437.2181283,437.2180915,1.47826087,0.347826087,C23 H34 O8,23.0,34.0,8.0,0.0,0.0,0.0,0.0,0.0,0.0,lignin,0.7210671233256676
304,437.1818162,437.1816063,437.181706,1.363636364,0.409090909,C22 H30 O9,22.0,30.0,9.0,0.0,0.0,0.0,0.0,0.0,0.0,lignin,0.8549500815200745
305,437.1455115,437.1453017,437.1453205,1.238095238,0.476190476,C21 H26 O10,21.0,26.0,10.0,0.0,0.0,0.0,0.0,0.0,0.0,lignin,0.859958584061288
306,437.1092549,437.1090451,437.108935,1.1,0.55,C20 H22 O11,20.0,22.0,11.0,0.0,0.0,0.0,0.0,0.0,0.0,lignin,0.8986315021837095
307,437.072832,437.0726222,437.0725495,0.947368421,0.631578947,C19 H18 O12,19.0,18.0,12.0,0.0,0.0,0.0,0.0,0.0,0.0,tannin,0.547582745923423
308,437.0363049,437.0360952,437.036164,0.777777778,0.722222222,C18 H14 O13,18.0,14.0,13.0,0.0,0.0,0.0,0.0,0.0,0.0,tannin,0.9130521186854276
309,436.2060683,436.2058592,436.2057963,1.454545455,0.363636364,C22 H32 O8 13C1,23.0,32.0,8.0,0.0,0.0,1.0,0.0,0.0,0.0,lignin,0.8519513849120852
310,436.1697384,436.1695293,436.1694108,1.333333333,0.428571429,C21 H28 O9 13C1,22.0,28.0,9.0,0.0,0.0,1.0,0.0,0.0,0.0,lignin,0.8559186396947422
311,435.2391345,435.2389262,435.238827,1.5,0.291666667,C24 H36 O7,24.0,36.0,7.0,0.0,0.0,0.0,0.0,0.0,0.0,lipid,0.9053594854236182
312,435.2025572,435.2023488,435.2024415,1.391304348,0.347826087,C23 H32 O8,23.0,32.0,8.0,0.0,0.0,0.0,0.0,0.0,0.0,lignin,0.8536635088085431
313,435.166158,435.1659497,435.1660559,1.272727273,0.409090909,C22 H28 O9,22.0,28.0,9.0,0.0,0.0,0.0,0.0,0.0,0.0,lignin,0.8587822085527257
314,435.1299915,435.1297832,435.1296704,1.142857143,0.476190476,C21 H24 O10,21.0,24.0,10.0,0.0,0.0,0.0,0.0,0.0,0.0,lignin,0.8649885351377138
315,435.0935924,435.0933842,435.0932849,1.0,0.55,C20 H20 O11,20.0,20.0,11.0,0.0,0.0,0.0,0.0,0.0,0.0,lignin,0.937634063699545
316,435.056979,435.0567708,435.0568994,0.842105263,0.631578947,C19 H16 O12,19.0,16.0,12.0,0.0,0.0,0.0,0.0,0.0,0.0,tannin,0.9105283086009612
317,434.190466,434.1902584,434.1901462,1.363636364,0.363636364,C22 H30 O8 13C1,23.0,30.0,8.0,0.0,0.0,1.0,0.0,0.0,0.0,lignin,0.8546552592369823
318,434.1645046,434.1642971,434.1642823,1.318181818,0.272727273,C22 H29 O6 S1 N1,22.0,29.0,6.0,1.0,1.0,0.0,0.0,0.0,0.045454545454545456,lignin,0.8546832181563783
319,434.1539097,434.1537022,434.1537607,1.238095238,0.428571429,C21 H26 O9 13C1,22.0,26.0,9.0,0.0,0.0,1.0,0.0,0.0,0.0,lignin,0.8600563311768734
320,433.2232756,433.2230689,433.2231769,1.416666667,0.291666667,C24 H34 O7,24.0,34.0,7.0,0.0,0.0,0.0,0.0,0.0,0.0,lignin,0.7218961815393855
321,433.1869779,433.1867711,433.1867914,1.304347826,0.347826087,C23 H30 O8,23.0,30.0,8.0,0.0,0.0,0.0,0.0,0.0,0.0,lignin,0.8562912088003072
322,433.1507266,433.1505199,433.1504059,1.181818182,0.409090909,C22 H26 O9,22.0,26.0,9.0,0.0,0.0,0.0,0.0,0.0,0.0,lignin,0.8633179060435922
323,433.1142475,433.1140408,433.1140204,1.047619048,0.476190476,C21 H22 O10,21.0,22.0,10.0,0.0,0.0,0.0,0.0,0.0,0.0,lignin,0.9389002643250313
324,433.1118054,433.1115987,433.1115184,0.88,0.2,C25 H22 O5 S1,25.0,22.0,5.0,1.0,0.0,0.0,0.0,0.0,0.0,tannin,0.8764927749728082
325,433.0777212,433.0775146,433.0776349,0.9,0.55,C20 H18 O11,20.0,18.0,11.0,0.0,0.0,0.0,0.0,0.0,0.0,tannin,0.9042476957125285
326,433.0753266,433.0751199,433.0751329,0.75,0.25,C24 H18 O6 S1,24.0,18.0,6.0,1.0,0.0,0.0,0.0,0.0,0.0,tannin,0.6172638965503788
327,433.0414342,433.0412276,433.0412494,0.736842105,0.631578947,C19 H14 O12,19.0,14.0,12.0,0.0,0.0,0.0,0.0,0.0,0.0,tannin,0.9135555986313818
328,432.1745793,432.1743734,432.1744962,1.272727273,0.363636364,C22 H28 O8 13C1,23.0,28.0,8.0,0.0,0.0,1.0,0.0,0.0,0.0,lignin,0.8585905454674961
329,431.2442004,431.2439952,431.2439123,1.44,0.24,C25 H36 O6,25.0,36.0,6.0,0.0,0.0,0.0,0.0,0.0,0.0,lipid,0.9063305396156418
330,431.2078113,431.2076062,431.2075268,1.333333333,0.291666667,C24 H32 O7,24.0,32.0,7.0,0.0,0.0,0.0,0.0,0.0,0.0,lignin,0.8547093953362758
331,431.1843141,431.184109,431.1838955,0.903225806,0.0,C31 H28 S1,31.0,28.0,0.0,1.0,0.0,0.0,0.0,0.0,0.0,pah,0.9586316038969451
332,431.1713032,431.1710981,431.1711413,1.217391304,0.347826087,C23 H28 O8,23.0,28.0,8.0,0.0,0.0,0.0,0.0,0.0,0.0,lignin,0.8607897864904608
333,431.1479191,431.147714,431.14751,0.8,0.033333333,C30 H24 O1 S1,30.0,24.0,1.0,1.0,0.0,0.0,0.0,0.0,0.0,pah,0.9564531303152413
334,431.1348679,431.1346628,431.1347558,1.090909091,0.409090909,C22 H24 O9,22.0,24.0,9.0,0.0,0.0,0.0,0.0,0.0,0.0,lignin,0.9412317490062639
335,431.0986132,431.0984081,431.0983703,0.952380952,0.476190476,C21 H20 O10,21.0,20.0,10.0,0.0,0.0,0.0,0.0,0.0,0.0,lignin,0.9376616624144531
336,431.0833969,431.0831918,431.0831142,1.176470588,0.764705882,C17 H20 O13,17.0,20.0,13.0,0.0,0.0,0.0,0.0,0.0,0.0,lignin,0.6686671793381593
337,431.0623032,431.0620981,431.0619848,0.8,0.55,C20 H16 O11,20.0,16.0,11.0,0.0,0.0,0.0,0.0,0.0,0.0,tannin,0.9117862541062658
338,431.0409171,431.040712,431.0408554,0.52173913,0.391304348,C23 H12 O9,23.0,12.0,9.0,0.0,0.0,0.0,0.0,0.0,0.0,pah,0.9545829384654224
339,429.2283825,429.2281789,429.2282623,1.36,0.24,C25 H34 O6,25.0,34.0,6.0,0.0,0.0,0.0,0.0,0.0,0.0,lignin,0.853525018744878
340,429.1921399,429.1919363,429.1918768,1.25,0.291666667,C24 H30 O7,24.0,30.0,7.0,0.0,0.0,0.0,0.0,0.0,0.0,lignin,0.8588614492654715
341,429.176972,429.1767684,429.1766206,1.5,0.5,C20 H30 O10,20.0,30.0,10.0,0.0,0.0,0.0,0.0,0.0,0.0,lignin,0.8433573749661694
342,429.1558048,429.1556013,429.1554913,1.130434783,0.347826087,C23 H26 O8,23.0,26.0,8.0,0.0,0.0,0.0,0.0,0.0,0.0,lignin,0.8664020624303135
343,429.1404635,429.1402599,429.1402351,1.368421053,0.578947368,C19 H26 O11,19.0,26.0,11.0,0.0,0.0,0.0,0.0,0.0,0.0,lignin,0.8641126482561245
344,429.1192637,429.1190602,429.1191058,1.0,0.409090909,C22 H22 O9,22.0,22.0,9.0,0.0,0.0,0.0,0.0,0.0,0.0,lignin,0.9384470108689484
345,429.1039392,429.1037357,429.1038496,1.222222222,0.666666667,C18 H22 O12,18.0,22.0,12.0,0.0,0.0,0.0,0.0,0.0,0.0,lignin,0.8696864586236128
346,429.0828838,429.0826803,429.0827202,0.857142857,0.476190476,C21 H18 O10,21.0,18.0,10.0,0.0,0.0,0.0,0.0,0.0,0.0,tannin,0.909849618896172
347,429.0676335,429.06743,429.0674641,1.058823529,0.764705882,C17 H18 O13,17.0,18.0,13.0,0.0,0.0,0.0,0.0,0.0,0.0,lignin,0.9510137700254886
348,429.0466443,429.0464408,429.0463347,0.7,0.55,C20 H14 O11,20.0,14.0,11.0,0.0,0.0,0.0,0.0,0.0,0.0,tannin,0.8969377415879041
349,427.1975093,427.1973073,427.1973561,1.523809524,0.428571429,C21 H32 O9,21.0,32.0,9.0,0.0,0.0,0.0,0.0,0.0,0.0,lignin,0.8439914428290309
350,427.1764762,427.1762742,427.1762267,1.166666667,0.291666667,C24 H28 O7,24.0,28.0,7.0,0.0,0.0,0.0,0.0,0.0,0.0,lignin,0.8640525703775801
351,427.1612483,427.1610463,427.1609706,1.4,0.5,C20 H28 O10,20.0,28.0,10.0,0.0,0.0,0.0,0.0,0.0,0.0,lignin,0.8548859759710256
352,427.1401249,427.1399229,427.1398412,1.043478261,0.347826087,C23 H24 O8,23.0,24.0,8.0,0.0,0.0,0.0,0.0,0.0,0.0,lignin,0.9400818075613844
353,427.124836,427.1246341,427.1245851,1.263157895,0.578947368,C19 H24 O11,19.0,24.0,11.0,0.0,0.0,0.0,0.0,0.0,0.0,lignin,0.8586075902669744
354,427.1036702,427.1034683,427.1034557,0.909090909,0.409090909,C22 H20 O9,22.0,20.0,9.0,0.0,0.0,0.0,0.0,0.0,0.0,tannin,0.9084820850138635
355,427.0883286,427.0881267,427.0881995,1.111111111,0.666666667,C18 H20 O12,18.0,20.0,12.0,0.0,0.0,0.0,0.0,0.0,0.0,lignin,0.896475487625716
356,427.0860064,427.0858045,427.0856976,0.909090909,0.318181818,C22 H20 O7 S1,22.0,20.0,7.0,1.0,0.0,0.0,0.0,0.0,0.0,tannin,0.9081264727804228
357,427.0671771,427.0669752,427.0670702,0.761904762,0.476190476,C21 H16 O10,21.0,16.0,10.0,0.0,0.0,0.0,0.0,0.0,0.0,tannin,0.9024216316716634
358,427.0519448,427.0517429,427.051814,0.941176471,0.764705882,C17 H16 O13,17.0,16.0,13.0,0.0,0.0,0.0,0.0,0.0,0.0,tannin,0.9042024052543217
359,426.2613637,426.2611624,426.2612032,2.210526316,0.368421053,C19 H42 O7 S1 13C1,20.0,42.0,7.0,1.0,0.0,1.0,0.0,0.0,0.0,lipid,0.8799258252436892
360,426.2613637,426.2611624,426.2609594,1.761904762,0.285714286,C21 H37 O6 N3,21.0,37.0,6.0,0.0,3.0,0.0,0.0,0.0,0.14285714285714285,lipid,0.7378151549395661
361,425.258034,425.2578335,425.2578483,2.1,0.35,C20 H42 O7 S1,20.0,42.0,7.0,1.0,0.0,0.0,0.0,0.0,0.0,lipid,0.8810679872109508
362,425.218221,425.2180205,425.2180915,1.545454545,0.363636364,C22 H34 O8,22.0,34.0,8.0,0.0,0.0,0.0,0.0,0.0,0.0,lipid,0.8933744284769745
363,425.1819512,425.1817508,425.181706,1.428571429,0.428571429,C21 H30 O9,21.0,30.0,9.0,0.0,0.0,0.0,0.0,0.0,0.0,lignin,0.8531021251883066
364,425.1456108,425.1454104,425.1453205,1.3,0.5,C20 H26 O10,20.0,26.0,10.0,0.0,0.0,0.0,0.0,0.0,0.0,lignin,0.8578410160047147
365,425.1091517,425.1089514,425.108935,1.157894737,0.578947368,C19 H22 O11,19.0,22.0,11.0,0.0,0.0,0.0,0.0,0.0,0.0,lignin,0.8630354067194317
366,425.0878963,425.0876959,425.0878056,0.818181818,0.409090909,C22 H18 O9,22.0,18.0,9.0,0.0,0.0,0.0,0.0,0.0,0.0,tannin,0.9089898380363906
367,425.072631,425.0724307,425.0725495,1.0,0.666666667,C18 H18 O12,18.0,18.0,12.0,0.0,0.0,0.0,0.0,0.0,0.0,lignin,0.9366264785975282
368,425.0515712,425.0513709,425.0514201,0.666666667,0.476190476,C21 H14 O10,21.0,14.0,10.0,0.0,0.0,0.0,0.0,0.0,0.0,tannin,0.8766042076612184
369,424.16972,424.1695203,424.1694108,1.4,0.45,C20 H28 O9 13C1,21.0,28.0,9.0,0.0,0.0,1.0,0.0,0.0,0.0,lignin,0.8551011269881498
370,423.2026965,423.2024976,423.2024415,1.454545455,0.363636364,C22 H32 O8,22.0,32.0,8.0,0.0,0.0,0.0,0.0,0.0,0.0,lignin,0.8519513849120852
371,423.1663153,423.1661164,423.1660559,1.333333333,0.428571429,C21 H28 O9,21.0,28.0,9.0,0.0,0.0,0.0,0.0,0.0,0.0,lignin,0.8559186396947422
372,423.1297971,423.1295983,423.1296704,1.2,0.5,C20 H24 O10,20.0,24.0,10.0,0.0,0.0,0.0,0.0,0.0,0.0,lignin,0.8613582912770827
373,423.0934065,423.0932077,423.0932849,1.052631579,0.578947368,C19 H20 O11,19.0,20.0,11.0,0.0,0.0,0.0,0.0,0.0,0.0,lignin,0.9376888870397708
374,423.0572122,423.0570134,423.0568994,0.888888889,0.666666667,C18 H16 O12,18.0,16.0,12.0,0.0,0.0,0.0,0.0,0.0,0.0,tannin,0.9051041436534156
375,422.2301899,422.2299918,422.229903,2.0,0.368421053,C19 H38 O7 S1 13C1,20.0,38.0,7.0,1.0,0.0,1.0,0.0,0.0,0.0,lipid,0.8824060586056713
376,422.1904269,422.1902288,422.1901462,1.428571429,0.380952381,C21 H30 O8 13C1,22.0,30.0,8.0,0.0,0.0,1.0,0.0,0.0,0.0,lignin,0.852993985247305
377,422.1538644,422.1536663,422.1537607,1.3,0.45,C20 H26 O9 13C1,21.0,26.0,9.0,0.0,0.0,1.0,0.0,0.0,0.0,lignin,0.8578871829915311
378,421.2268138,421.2266165,421.2265482,1.9,0.35,C20 H38 O7 S1,20.0,38.0,7.0,1.0,0.0,0.0,0.0,0.0,0.0,lipid,0.8949572689730096
379,421.2234299,421.2232326,421.2231769,1.47826087,0.304347826,C23 H34 O7,23.0,34.0,7.0,0.0,0.0,0.0,0.0,0.0,0.0,lipid,0.74501203631049
380,421.1868774,421.1866801,421.1867914,1.363636364,0.363636364,C22 H30 O8,22.0,30.0,8.0,0.0,0.0,0.0,0.0,0.0,0.0,lignin,0.8546552592369823
381,421.1505632,421.150366,421.1504059,1.238095238,0.428571429,C21 H26 O9,21.0,26.0,9.0,0.0,0.0,0.0,0.0,0.0,0.0,lignin,0.8600563311768734
382,421.1143362,421.1141389,421.1140204,1.1,0.5,C20 H22 O10,20.0,22.0,10.0,0.0,0.0,0.0,0.0,0.0,0.0,lignin,0.8995673407370784
383,421.0778483,421.0776511,421.0776349,0.947368421,0.578947368,C19 H18 O11,19.0,18.0,11.0,0.0,0.0,0.0,0.0,0.0,0.0,lignin,0.6077441458084591
384,421.0413146,421.0411174,421.0412494,0.777777778,0.666666667,C18 H14 O12,18.0,14.0,12.0,0.0,0.0,0.0,0.0,0.0,0.0,tannin,0.912697220920735
385,421.0389196,421.0387224,421.0387474,0.636363636,0.318181818,C22 H14 O7 S1,22.0,14.0,7.0,1.0,0.0,0.0,0.0,0.0,0.0,pah,0.6271903755226103
386,420.2109265,420.2107299,420.2108817,1.454545455,0.318181818,C22 H32 O7 13C1,23.0,32.0,7.0,0.0,0.0,1.0,0.0,0.0,0.0,lignin,0.7214151076974835
387,420.1747247,420.1745282,420.1744962,1.333333333,0.380952381,C21 H28 O8 13C1,22.0,28.0,8.0,0.0,0.0,1.0,0.0,0.0,0.0,lignin,0.8556597689398607
388,419.301686,419.3014901,419.3014272,2.0,0.318181818,C22 H44 O7,22.0,44.0,7.0,0.0,0.0,0.0,0.0,0.0,0.0,lipid,0.8953050464200931
389,419.244051,419.2438552,419.2439123,1.5,0.25,C24 H36 O6,24.0,36.0,6.0,0.0,0.0,0.0,0.0,0.0,0.0,lipid,0.9057386725738421
390,419.2078491,419.2076534,419.2075268,1.391304348,0.304347826,C23 H32 O7,23.0,32.0,7.0,0.0,0.0,0.0,0.0,0.0,0.0,lignin,0.8532514209341617
391,419.1713623,419.1711666,419.1711413,1.272727273,0.363636364,C22 H28 O8,22.0,28.0,8.0,0.0,0.0,0.0,0.0,0.0,0.0,lignin,0.8585905454674961
392,419.1348359,419.1346402,419.1347558,1.142857143,0.428571429,C21 H24 O9,21.0,24.0,9.0,0.0,0.0,0.0,0.0,0.0,0.0,lignin,0.86536062181472
393,419.1324459,419.1322502,419.1322539,0.96,0.16,C25 H24 O4 S1,25.0,24.0,4.0,1.0,0.0,0.0,0.0,0.0,0.0,lignin,0.9425478935050446
394,419.0986187,419.0984231,419.0983703,1.0,0.5,C20 H20 O10,20.0,20.0,10.0,0.0,0.0,0.0,0.0,0.0,0.0,lignin,0.9381105716616908
395,419.0623042,419.0621085,419.0619848,0.842105263,0.578947368,C19 H16 O11,19.0,16.0,11.0,0.0,0.0,0.0,0.0,0.0,0.0,tannin,0.910391290789833
396,418.1953049,418.1951099,418.1952316,1.363636364,0.318181818,C22 H30 O7 13C1,23.0,30.0,7.0,0.0,0.0,1.0,0.0,0.0,0.0,lignin,0.8541031074045822
397,418.1590042,418.1588092,418.1588461,1.238095238,0.380952381,C21 H26 O8 13C1,22.0,26.0,8.0,0.0,0.0,1.0,0.0,0.0,0.0,lignin,0.8600241481292136
398,417.2284077,417.2282135,417.2282623,1.416666667,0.25,C24 H34 O6,24.0,34.0,6.0,0.0,0.0,0.0,0.0,0.0,0.0,lipid,0.5977648010231802
399,417.1921455,417.1919513,417.1918768,1.304347826,0.304347826,C23 H30 O7,23.0,30.0,7.0,0.0,0.0,0.0,0.0,0.0,0.0,lignin,0.8557642286708154
400,417.1557159,417.1555217,417.1554913,1.181818182,0.363636364,C22 H26 O8,22.0,26.0,8.0,0.0,0.0,0.0,0.0,0.0,0.0,lignin,0.8633884455535787
401,417.1191982,417.1190041,417.1191058,1.047619048,0.428571429,C21 H22 O9,21.0,22.0,9.0,0.0,0.0,0.0,0.0,0.0,0.0,lignin,0.9395731202322886
402,417.1039682,417.1037741,417.1038496,1.294117647,0.705882353,C17 H22 O12,17.0,22.0,12.0,0.0,0.0,0.0,0.0,0.0,0.0,lignin,0.5983309849687374
403,417.0829036,417.0827095,417.0827202,0.9,0.5,C20 H18 O10,20.0,18.0,10.0,0.0,0.0,0.0,0.0,0.0,0.0,tannin,0.9088425954122181
404,417.0677299,417.0675358,417.0674641,1.125,0.8125,C16 H18 O13,16.0,18.0,13.0,0.0,0.0,0.0,0.0,0.0,0.0,lignin,0.6717087430310349
405,417.0466262,417.0464321,417.0463347,0.736842105,0.578947368,C19 H14 O11,19.0,14.0,11.0,0.0,0.0,0.0,0.0,0.0,0.0,tannin,0.9111155251700875
406,417.0252521,417.025058,417.0252054,0.454545455,0.409090909,C22 H10 O9,22.0,10.0,9.0,0.0,0.0,0.0,0.0,0.0,0.0,pah,0.9545493723995719
407,415.2187162,415.2185236,415.2184854,2.117647059,0.647058824,C17 H36 O11,17.0,36.0,11.0,0.0,0.0,0.0,0.0,0.0,0.0,carbohydrate,0.8931556311042176
408,415.2128648,415.2126721,415.2126122,1.333333333,0.25,C24 H32 O6,24.0,32.0,6.0,0.0,0.0,0.0,0.0,0.0,0.0,lignin,0.8543411808180228
409,415.1765144,415.1763218,415.1762267,1.217391304,0.304347826,C23 H28 O7,23.0,28.0,7.0,0.0,0.0,0.0,0.0,0.0,0.0,lignin,0.8615700587035804
410,415.1611798,415.1609872,415.1609706,1.473684211,0.526315789,C19 H28 O10,19.0,28.0,10.0,0.0,0.0,0.0,0.0,0.0,0.0,lignin,0.843886805288161
411,415.1399488,415.1397562,415.1398412,1.090909091,0.363636364,C22 H24 O8,22.0,24.0,8.0,0.0,0.0,0.0,0.0,0.0,0.0,lignin,0.9423479407213312
412,415.124658,415.1244655,415.1245851,1.333333333,0.611111111,C18 H24 O11,18.0,24.0,11.0,0.0,0.0,0.0,0.0,0.0,0.0,lignin,0.8874853985524854
413,415.1036169,415.1034243,415.1034557,0.952380952,0.428571429,C21 H20 O9,21.0,20.0,9.0,0.0,0.0,0.0,0.0,0.0,0.0,lignin,0.9380123298451813
414,415.0884541,415.0882615,415.0881995,1.176470588,0.705882353,C17 H20 O12,17.0,20.0,12.0,0.0,0.0,0.0,0.0,0.0,0.0,lignin,0.8708226642440356
415,415.0674108,415.0672182,415.0670702,0.8,0.5,C20 H16 O10,20.0,16.0,10.0,0.0,0.0,0.0,0.0,0.0,0.0,tannin,0.9116910823228206
416,415.0520954,415.0519028,415.051814,1.0,0.8125,C16 H16 O13,16.0,16.0,13.0,0.0,0.0,0.0,0.0,0.0,0.0,lignin,0.9355772806691839
417,415.0285006,415.028308,415.0281827,0.52173913,0.260869565,C23 H12 O6 S1,23.0,12.0,6.0,1.0,0.0,0.0,0.0,0.0,0.0,pah,0.9547591890163669
418,414.2133927,414.2132008,414.2133405,1.65,0.4,C20 H33 O8 N1,20.0,33.0,8.0,0.0,1.0,0.0,0.0,0.0,0.05,lipid,0.9143869413247148
419,413.1971375,413.1969464,413.1969622,1.25,0.25,C24 H30 O6,24.0,30.0,6.0,0.0,0.0,0.0,0.0,0.0,0.0,lignin,0.8584587861005847
420,413.1817975,413.1816065,413.181706,1.5,0.45,C20 H30 O9,20.0,30.0,9.0,0.0,0.0,0.0,0.0,0.0,0.0,lignin,0.8446972210040512
421,413.1606955,413.1605044,413.1605766,1.130434783,0.304347826,C23 H26 O7,23.0,26.0,7.0,0.0,0.0,0.0,0.0,0.0,0.0,lignin,0.8664198383540078
422,413.1454702,413.1452791,413.1453205,1.368421053,0.526315789,C19 H26 O10,19.0,26.0,10.0,0.0,0.0,0.0,0.0,0.0,0.0,lignin,0.8557602745851682
423,413.1244332,413.1242421,413.1241911,1.0,0.363636364,C22 H22 O8,22.0,22.0,8.0,0.0,0.0,0.0,0.0,0.0,0.0,lignin,0.938893742466129
424,413.1092301,413.109039,413.108935,1.222222222,0.611111111,C18 H22 O11,18.0,22.0,11.0,0.0,0.0,0.0,0.0,0.0,0.0,lignin,0.869541265837063
425,413.0881018,413.0879108,413.0878056,0.857142857,0.428571429,C21 H18 O9,21.0,18.0,9.0,0.0,0.0,0.0,0.0,0.0,0.0,tannin,0.9101374825790263
426,413.0727429,413.0725519,413.0725495,1.058823529,0.705882353,C17 H18 O12,17.0,18.0,12.0,0.0,0.0,0.0,0.0,0.0,0.0,lignin,0.9363983771848868
427,413.0515258,413.0513348,413.0514201,0.7,0.5,C20 H14 O10,20.0,14.0,10.0,0.0,0.0,0.0,0.0,0.0,0.0,tannin,0.8830941284832561
428,413.0362434,413.0360524,413.036164,0.875,0.8125,C16 H14 O13,16.0,14.0,13.0,0.0,0.0,0.0,0.0,0.0,0.0,tannin,0.9071773217489703
429,412.2188682,412.2186778,412.2188198,2.058823529,0.588235294,C17 H35 O10 N1,17.0,35.0,10.0,0.0,1.0,0.0,0.0,0.0,0.058823529411764705,carbohydrate,0.7542322820777678
430,412.169681,412.1694907,412.1694108,1.473684211,0.473684211,C19 H28 O9 13C1,20.0,28.0,9.0,0.0,0.0,1.0,0.0,0.0,0.0,lignin,0.8455330529439318
431,412.133091,412.1329007,412.1330253,1.333333333,0.555555556,C18 H24 O10 13C1,19.0,24.0,10.0,0.0,0.0,1.0,0.0,0.0,0.0,lignin,0.8568118201188788
432,411.2026127,411.2024232,411.2024415,1.523809524,0.380952381,C21 H32 O8,21.0,32.0,8.0,0.0,0.0,0.0,0.0,0.0,0.0,lignin,0.5772890476844388
433,411.166359,411.1661695,411.1660559,1.4,0.45,C20 H28 O9,20.0,28.0,9.0,0.0,0.0,0.0,0.0,0.0,0.0,lignin,0.8551011269881498
434,411.1298186,411.1296291,411.1296704,1.263157895,0.526315789,C19 H24 O10,19.0,24.0,10.0,0.0,0.0,0.0,0.0,0.0,0.0,lignin,0.8589558060239881
435,411.1085825,411.108393,411.1085411,0.909090909,0.363636364,C22 H20 O8,22.0,20.0,8.0,0.0,0.0,0.0,0.0,0.0,0.0,tannin,0.9083577390732558
436,411.093368,411.0931786,411.0932849,1.111111111,0.611111111,C18 H20 O11,18.0,20.0,11.0,0.0,0.0,0.0,0.0,0.0,0.0,lignin,0.8976290713972919
437,411.0723707,411.0721812,411.0721556,0.761904762,0.428571429,C21 H16 O9,21.0,16.0,9.0,0.0,0.0,0.0,0.0,0.0,0.0,tannin,0.8877565364890758
438,411.0571877,411.0569983,411.0568994,0.941176471,0.705882353,C17 H16 O12,17.0,16.0,12.0,0.0,0.0,0.0,0.0,0.0,0.0,tannin,0.9038524154122541
439,410.1903073,410.1901186,410.1901462,1.5,0.4,C20 H30 O8 13C1,21.0,30.0,8.0,0.0,0.0,1.0,0.0,0.0,0.0,lignin,0.8503241025359334
440,410.1540591,410.1538704,410.1537607,1.368421053,0.473684211,C19 H26 O9 13C1,20.0,26.0,9.0,0.0,0.0,1.0,0.0,0.0,0.0,lignin,0.8560262835077583
441,409.3113655,409.3111774,409.3112041,1.5,0.071428571,C28 H42 O2,28.0,42.0,2.0,0.0,0.0,0.0,0.0,0.0,0.0,lipid,0.9062862337537515
442,409.2233256,409.2231376,409.2231769,1.545454545,0.318181818,C22 H34 O7,22.0,34.0,7.0,0.0,0.0,0.0,0.0,0.0,0.0,lipid,0.903068357882475
443,409.1869083,409.1867203,409.1867914,1.428571429,0.380952381,C21 H30 O8,21.0,30.0,8.0,0.0,0.0,0.0,0.0,0.0,0.0,lignin,0.852993985247305
444,409.1506578,409.1504698,409.1504059,1.3,0.45,C20 H26 O9,20.0,26.0,9.0,0.0,0.0,0.0,0.0,0.0,0.0,lignin,0.8578871829915311
445,409.1142825,409.1140945,409.1140204,1.157894737,0.526315789,C19 H22 O10,19.0,22.0,10.0,0.0,0.0,0.0,0.0,0.0,0.0,lignin,0.8636790064039411
446,409.0777074,409.0775195,409.0776349,1.0,0.611111111,C18 H18 O11,18.0,18.0,11.0,0.0,0.0,0.0,0.0,0.0,0.0,lignin,0.9370868369017359
447,409.0565719,409.056384,409.0565055,0.666666667,0.428571429,C21 H14 O9,21.0,14.0,9.0,0.0,0.0,0.0,0.0,0.0,0.0,tannin,0.8217195448206607
448,409.0413965,409.0412087,409.0412494,0.823529412,0.705882353,C17 H14 O12,17.0,14.0,12.0,0.0,0.0,0.0,0.0,0.0,0.0,tannin,0.9113664629735977
449,408.2109899,408.2108027,408.2108817,1.523809524,0.333333333,C21 H32 O7 13C1,22.0,32.0,7.0,0.0,0.0,1.0,0.0,0.0,0.0,lipid,0.9052917154132322
450,408.1746018,408.1744146,408.1744962,1.4,0.4,C20 H28 O8 13C1,21.0,28.0,8.0,0.0,0.0,1.0,0.0,0.0,0.0,lignin,0.8539999627092645
451,408.1384038,408.1382166,408.1381107,1.263157895,0.473684211,C19 H24 O9 13C1,20.0,24.0,9.0,0.0,0.0,1.0,0.0,0.0,0.0,lignin,0.8590925235129954
452,407.2076082,407.2074217,407.2075268,1.454545455,0.318181818,C22 H32 O7,22.0,32.0,7.0,0.0,0.0,0.0,0.0,0.0,0.0,lignin,0.7214151076974835
453,407.1713215,407.1711351,407.1711413,1.333333333,0.380952381,C21 H28 O8,21.0,28.0,8.0,0.0,0.0,0.0,0.0,0.0,0.0,lignin,0.8556597689398607
454,407.1350365,407.1348501,407.1347558,1.2,0.45,C20 H24 O9,20.0,24.0,9.0,0.0,0.0,0.0,0.0,0.0,0.0,lignin,0.8622951888492913
455,407.098543,407.0983567,407.0983703,1.052631579,0.526315789,C19 H20 O10,19.0,20.0,10.0,0.0,0.0,0.0,0.0,0.0,0.0,lignin,0.9383212300902677
456,407.0620609,407.0618745,407.0619848,0.888888889,0.611111111,C18 H16 O11,18.0,16.0,11.0,0.0,0.0,0.0,0.0,0.0,0.0,tannin,0.904865751325971
457,407.0234713,407.023285,407.0230974,0.571428571,0.333333333,C21 H12 O7 S1,21.0,12.0,7.0,1.0,0.0,0.0,0.0,0.0,0.0,pah,0.9547097026504463
458,406.1953401,406.1951544,406.1952316,1.428571429,0.333333333,C21 H30 O7 13C1,22.0,30.0,7.0,0.0,0.0,1.0,0.0,0.0,0.0,lignin,0.8526064400627039
459,406.1590857,406.1589001,406.1588461,1.3,0.4,C20 H26 O8 13C1,21.0,26.0,8.0,0.0,0.0,1.0,0.0,0.0,0.0,lignin,0.8578166076724912
460,405.2283419,405.228157,405.2282623,1.47826087,0.260869565,C23 H34 O6,23.0,34.0,6.0,0.0,0.0,0.0,0.0,0.0,0.0,lipid,0.9058677761765465
461,405.1920772,405.1918923,405.1918768,1.363636364,0.318181818,C22 H30 O7,22.0,30.0,7.0,0.0,0.0,0.0,0.0,0.0,0.0,lignin,0.8541031074045822
462,405.155776,405.1555911,405.1554913,1.238095238,0.380952381,C21 H26 O8,21.0,26.0,8.0,0.0,0.0,0.0,0.0,0.0,0.0,lignin,0.8600241481292136
463,405.1191855,405.1190006,405.1191058,1.1,0.45,C20 H22 O9,20.0,22.0,9.0,0.0,0.0,0.0,0.0,0.0,0.0,lignin,0.9380300423844801
464,405.1167671,405.1165822,405.1166038,0.916666667,0.166666667,C24 H22 O4 S1,24.0,22.0,4.0,1.0,0.0,0.0,0.0,0.0,0.0,tannin,0.878144828504755
465,405.0828608,405.082676,405.0827202,0.947368421,0.526315789,C19 H18 O10,19.0,18.0,10.0,0.0,0.0,0.0,0.0,0.0,0.0,lignin,0.607983788255294
466,405.0466066,405.0464218,405.0463347,0.777777778,0.611111111,C18 H14 O11,18.0,14.0,11.0,0.0,0.0,0.0,0.0,0.0,0.0,tannin,0.9124755303765635
467,405.044195,405.0440102,405.0438328,0.636363636,0.272727273,C22 H14 O6 S1,22.0,14.0,6.0,1.0,0.0,0.0,0.0,0.0,0.0,pah,0.9549326688392015
468,404.3102497,404.3100654,404.3098674,2.095238095,0.285714286,C21 H44 O6 13C1,22.0,44.0,6.0,0.0,0.0,1.0,0.0,0.0,0.0,lipid,0.8942783155329261
469,404.1798633,404.1796791,404.1795815,1.333333333,0.333333333,C21 H28 O7 13C1,22.0,28.0,7.0,0.0,0.0,1.0,0.0,0.0,0.0,lignin,0.8551654389159757
470,404.1433433,404.1431592,404.143196,1.2,0.4,C20 H24 O8 13C1,21.0,24.0,8.0,0.0,0.0,1.0,0.0,0.0,0.0,lignin,0.8624519255261431
471,403.3067585,403.306575,403.3065126,2.0,0.272727273,C22 H44 O6,22.0,44.0,6.0,0.0,0.0,0.0,0.0,0.0,0.0,lipid,0.8946003230478363
472,403.2491789,403.2489955,403.2489977,1.5,0.208333333,C24 H36 O5,24.0,36.0,5.0,0.0,0.0,0.0,0.0,0.0,0.0,lipid,0.9057483950434205
473,403.2129189,403.2127355,403.2126122,1.391304348,0.260869565,C23 H32 O6,23.0,32.0,6.0,0.0,0.0,0.0,0.0,0.0,0.0,lignin,0.7221445859494694
474,403.1763301,403.1761467,403.1762267,1.272727273,0.318181818,C22 H28 O7,22.0,28.0,7.0,0.0,0.0,0.0,0.0,0.0,0.0,lignin,0.8582005930160992
475,403.1399912,403.1398078,403.1398412,1.142857143,0.380952381,C21 H24 O8,21.0,24.0,8.0,0.0,0.0,0.0,0.0,0.0,0.0,lignin,0.8655626976017473
476,403.1037485,403.1035652,403.1034557,1.0,0.45,C20 H20 O9,20.0,20.0,9.0,0.0,0.0,0.0,0.0,0.0,0.0,lignin,0.9385385587905537
477,403.0884537,403.0882704,403.0881995,1.25,0.75,C16 H20 O12,16.0,20.0,12.0,0.0,0.0,0.0,0.0,0.0,0.0,lignin,0.5692058065126332
478,403.0672426,403.0670593,403.0670702,0.842105263,0.526315789,C19 H16 O10,19.0,16.0,10.0,0.0,0.0,0.0,0.0,0.0,0.0,tannin,0.9103018845652773
479,403.0307849,403.0306016,403.0306847,0.666666667,0.611111111,C18 H12 O11,18.0,12.0,11.0,0.0,0.0,0.0,0.0,0.0,0.0,tannin,0.8982657102832116
480,403.0283966,403.0282134,403.0281827,0.545454545,0.272727273,C22 H12 O6 S1,22.0,12.0,6.0,1.0,0.0,0.0,0.0,0.0,0.0,pah,0.9547729839047226
481,401.1972494,401.1970676,401.1969622,1.304347826,0.260869565,C23 H30 O6,23.0,30.0,6.0,0.0,0.0,0.0,0.0,0.0,0.0,lignin,0.8553321515519237
482,401.1819872,401.1818053,401.181706,1.578947368,0.473684211,C19 H30 O9,19.0,30.0,9.0,0.0,0.0,0.0,0.0,0.0,0.0,lignin,0.7115557024533326
483,401.1607889,401.160607,401.1605766,1.181818182,0.318181818,C22 H26 O7,22.0,26.0,7.0,0.0,0.0,0.0,0.0,0.0,0.0,lignin,0.8633292663751568
484,401.1508607,401.1506789,401.1506807,0.916666667,0.166666667,C24 H22 O4 N2,24.0,22.0,4.0,0.0,2.0,0.0,0.0,0.0,0.08333333333333333,tannin,0.8790362768632534
485,401.1454349,401.145253,401.1453205,1.444444444,0.555555556,C18 H26 O10,18.0,26.0,10.0,0.0,0.0,0.0,0.0,0.0,0.0,lignin,0.8773604803478093
486,401.1242574,401.1240756,401.1241911,1.047619048,0.380952381,C21 H22 O8,21.0,22.0,8.0,0.0,0.0,0.0,0.0,0.0,0.0,lignin,0.9403165896418963
487,401.1090615,401.1088797,401.108935,1.294117647,0.647058824,C17 H22 O11,17.0,22.0,11.0,0.0,0.0,0.0,0.0,0.0,0.0,lignin,0.8806630857608495
488,401.0880398,401.087858,401.0878056,0.9,0.45,C20 H18 O9,20.0,18.0,9.0,0.0,0.0,0.0,0.0,0.0,0.0,tannin,0.908770549491552
489,401.0728468,401.0726651,401.0725495,1.125,0.75,C16 H18 O12,16.0,18.0,12.0,0.0,0.0,0.0,0.0,0.0,0.0,lignin,0.9192373750867573
490,401.0516765,401.0514947,401.0514201,0.736842105,0.526315789,C19 H14 O10,19.0,14.0,10.0,0.0,0.0,0.0,0.0,0.0,0.0,tannin,0.9040608733127387
491,399.2224287,399.2222484,399.222344,2.111111111,0.388888889,C18 H38 O7 34S1,18.0,38.0,7.0,0.0,0.0,0.0,1.0,0.0,0.0,lipid,0.8804934690112376
492,399.202683,399.2025027,399.2024415,1.6,0.4,C20 H32 O8,20.0,32.0,8.0,0.0,0.0,0.0,0.0,0.0,0.0,lipid,0.8883462113260732
493,399.1816003,399.18142,399.1813121,1.217391304,0.260869565,C23 H28 O6,23.0,28.0,6.0,0.0,0.0,0.0,0.0,0.0,0.0,lignin,0.8613633599205747
494,399.1663291,399.1661488,399.1660559,1.473684211,0.473684211,C19 H28 O9,19.0,28.0,9.0,0.0,0.0,0.0,0.0,0.0,0.0,lignin,0.8455330529439318
495,399.1450435,399.1448633,399.1449266,1.090909091,0.318181818,C22 H24 O7,22.0,24.0,7.0,0.0,0.0,0.0,0.0,0.0,0.0,lignin,0.9436662856715164
496,399.1297472,399.129567,399.1296704,1.333333333,0.555555556,C18 H24 O10,18.0,24.0,10.0,0.0,0.0,0.0,0.0,0.0,0.0,lignin,0.8568118201188788
497,399.1086475,399.1084672,399.1085411,0.952380952,0.380952381,C21 H20 O8,21.0,20.0,8.0,0.0,0.0,0.0,0.0,0.0,0.0,lignin,0.9380736924529675
498,399.0934832,399.093303,399.0932849,1.176470588,0.647058824,C17 H20 O11,17.0,20.0,11.0,0.0,0.0,0.0,0.0,0.0,0.0,lignin,0.871453006385581
499,399.0724656,399.0722854,399.0721556,0.8,0.45,C20 H16 O9,20.0,16.0,9.0,0.0,0.0,0.0,0.0,0.0,0.0,tannin,0.9091517233984657
500,399.0571531,399.0569729,399.0568994,1.0,0.75,C16 H16 O12,16.0,16.0,12.0,0.0,0.0,0.0,0.0,0.0,0.0,lignin,0.9360192879463437
501,398.2301708,398.2299912,398.229903,2.235294118,0.411764706,C17 H38 O7 S1 13C1,18.0,38.0,7.0,1.0,0.0,1.0,0.0,0.0,0.0,lipid,0.881116893202855
502,398.1539414,398.1537618,398.1537607,1.444444444,0.5,C18 H26 O9 13C1,19.0,26.0,9.0,0.0,0.0,1.0,0.0,0.0,0.0,lignin,0.8525559541009015
503,397.2267882,397.2266093,397.2265482,2.111111111,0.388888889,C18 H38 O7 S1,18.0,38.0,7.0,1.0,0.0,0.0,0.0,0.0,0.0,lipid,0.8804934690112376
504,397.1870165,397.1868378,397.1867914,1.5,0.4,C20 H30 O8,20.0,30.0,8.0,0.0,0.0,0.0,0.0,0.0,0.0,lignin,0.8503241025359334
505,397.1505148,397.1503361,397.1504059,1.368421053,0.473684211,C19 H26 O9,19.0,26.0,9.0,0.0,0.0,0.0,0.0,0.0,0.0,lignin,0.8560262835077583
506,397.1142227,397.114044,397.1140204,1.222222222,0.555555556,C18 H22 O10,18.0,22.0,10.0,0.0,0.0,0.0,0.0,0.0,0.0,lignin,0.8601644067693508
507,397.0931572,397.0929785,397.092891,0.857142857,0.380952381,C21 H18 O8,21.0,18.0,8.0,0.0,0.0,0.0,0.0,0.0,0.0,tannin,0.9099428191865645
508,397.0779102,397.0777315,397.0776349,1.058823529,0.647058824,C17 H18 O11,17.0,18.0,11.0,0.0,0.0,0.0,0.0,0.0,0.0,lignin,0.936944091835364
509,397.0567244,397.0565458,397.0565055,0.7,0.45,C20 H14 O9,20.0,14.0,9.0,0.0,0.0,0.0,0.0,0.0,0.0,tannin,0.8778587410932414
510,397.0413787,397.0412,397.0412494,0.875,0.75,C16 H14 O12,16.0,14.0,12.0,0.0,0.0,0.0,0.0,0.0,0.0,tannin,0.9062049957749687
511,396.1747775,396.1745995,396.1744962,1.473684211,0.421052632,C19 H28 O8 13C1,20.0,28.0,8.0,0.0,0.0,1.0,0.0,0.0,0.0,lignin,0.8521928649449
512,396.1382596,396.1380816,396.1381107,1.333333333,0.5,C18 H24 O9 13C1,19.0,24.0,9.0,0.0,0.0,1.0,0.0,0.0,0.0,lignin,0.8569490914445916
513,395.2076191,395.2074419,395.2075268,1.523809524,0.333333333,C21 H32 O7,21.0,32.0,7.0,0.0,0.0,0.0,0.0,0.0,0.0,lipid,0.9052917154132322
514,395.1713112,395.171134,395.1711413,1.4,0.4,C20 H28 O8,20.0,28.0,8.0,0.0,0.0,0.0,0.0,0.0,0.0,lignin,0.8539999627092645
515,395.1350511,395.1348738,395.1347558,1.263157895,0.473684211,C19 H24 O9,19.0,24.0,9.0,0.0,0.0,0.0,0.0,0.0,0.0,lignin,0.8590925235129954
516,395.0984491,395.098272,395.0983703,1.111111111,0.555555556,C18 H20 O10,18.0,20.0,10.0,0.0,0.0,0.0,0.0,0.0,0.0,lignin,0.8987638001031305
517,395.077335,395.0771578,395.0772409,0.761904762,0.380952381,C21 H16 O8,21.0,16.0,8.0,0.0,0.0,0.0,0.0,0.0,0.0,tannin,0.8796322461761873
518,395.0621532,395.061976,395.0619848,0.941176471,0.647058824,C17 H16 O11,17.0,16.0,11.0,0.0,0.0,0.0,0.0,0.0,0.0,tannin,0.7310362481980779
519,394.2811919,394.2810153,394.2810261,2.157894737,0.368421053,C19 H41 O7 N1,19.0,41.0,7.0,0.0,1.0,0.0,0.0,0.0,0.05263157894736842,lipid,0.8783195955069921
520,394.1953362,394.1951597,394.1952316,1.5,0.35,C20 H30 O7 13C1,21.0,30.0,7.0,0.0,0.0,1.0,0.0,0.0,0.0,lipid,0.5974466648591198
521,394.1589874,394.158811,394.1588461,1.368421053,0.421052632,C19 H26 O8 13C1,20.0,26.0,8.0,0.0,0.0,1.0,0.0,0.0,0.0,lignin,0.8548882147329214
522,394.1227303,394.1225538,394.1224606,1.222222222,0.5,C18 H22 O9 13C1,19.0,22.0,9.0,0.0,0.0,1.0,0.0,0.0,0.0,lignin,0.8604575388845316
523,393.1920027,393.191827,393.1918768,1.428571429,0.333333333,C21 H30 O7,21.0,30.0,7.0,0.0,0.0,0.0,0.0,0.0,0.0,lignin,0.8526064400627039
524,393.1556113,393.1554356,393.1554913,1.3,0.4,C20 H26 O8,20.0,26.0,8.0,0.0,0.0,0.0,0.0,0.0,0.0,lignin,0.8578166076724912
525,393.1193764,393.1192008,393.1191058,1.157894737,0.473684211,C19 H22 O9,19.0,22.0,9.0,0.0,0.0,0.0,0.0,0.0,0.0,lignin,0.8641948381615133
526,393.0828631,393.0826874,393.0827202,1.0,0.555555556,C18 H18 O10,18.0,18.0,10.0,0.0,0.0,0.0,0.0,0.0,0.0,lignin,0.9375827385603408
527,393.0464408,393.0462652,393.0463347,0.823529412,0.647058824,C17 H14 O11,17.0,14.0,11.0,0.0,0.0,0.0,0.0,0.0,0.0,tannin,0.9110846259545478
528,393.044046,393.0438704,393.0438328,0.666666667,0.285714286,C21 H14 O6 S1,21.0,14.0,6.0,1.0,0.0,0.0,0.0,0.0,0.0,pah,0.6270135873063014
529,392.1796809,392.1795059,392.1795815,1.4,0.35,C20 H28 O7 13C1,21.0,28.0,7.0,0.0,0.0,1.0,0.0,0.0,0.0,lignin,0.8534695274708255
530,392.1433674,392.1431925,392.143196,1.263157895,0.421052632,C19 H24 O8 13C1,20.0,24.0,8.0,0.0,0.0,1.0,0.0,0.0,0.0,lignin,0.859127786459432
531,391.2128311,391.2126569,391.2126122,1.454545455,0.272727273,C22 H32 O6,22.0,32.0,6.0,0.0,0.0,0.0,0.0,0.0,0.0,lipid,0.7452853222153893
532,391.1763063,391.1761321,391.1762267,1.333333333,0.333333333,C21 H28 O7,21.0,28.0,7.0,0.0,0.0,0.0,0.0,0.0,0.0,lignin,0.8551654389159757
533,391.1400445,391.1398703,391.1398412,1.2,0.4,C20 H24 O8,20.0,24.0,8.0,0.0,0.0,0.0,0.0,0.0,0.0,lignin,0.8624519255261431
534,391.1036953,391.1035211,391.1034557,1.052631579,0.473684211,C19 H20 O9,19.0,20.0,9.0,0.0,0.0,0.0,0.0,0.0,0.0,lignin,0.9390207736654143
535,391.0671341,391.0669599,391.0670702,0.888888889,0.555555556,C18 H16 O10,18.0,16.0,10.0,0.0,0.0,0.0,0.0,0.0,0.0,tannin,0.9091875655957173
536,391.0309133,391.0307392,391.0306847,0.705882353,0.647058824,C17 H12 O11,17.0,12.0,11.0,0.0,0.0,0.0,0.0,0.0,0.0,tannin,0.9143523784852811
537,391.0284853,391.0283112,391.0281827,0.571428571,0.285714286,C21 H12 O6 S1,21.0,12.0,6.0,1.0,0.0,0.0,0.0,0.0,0.0,pah,0.9547892544273673
538,390.1640879,390.1639144,390.1639315,1.3,0.35,C20 H26 O7 13C1,21.0,26.0,7.0,0.0,0.0,1.0,0.0,0.0,0.0,lignin,0.8564600332216351
539,389.2910474,389.2908746,389.2908625,2.0,0.285714286,C21 H42 O6,21.0,42.0,6.0,0.0,0.0,0.0,0.0,0.0,0.0,lipid,0.8943798610648617
540,389.1970512,389.1968785,389.1969622,1.363636364,0.272727273,C22 H30 O6,22.0,30.0,6.0,0.0,0.0,0.0,0.0,0.0,0.0,lignin,0.8536877938566775
541,389.1608562,389.1606835,389.1605766,1.238095238,0.333333333,C21 H26 O7,21.0,26.0,7.0,0.0,0.0,0.0,0.0,0.0,0.0,lignin,0.8597965148887416
542,389.1243349,389.1241623,389.1241911,1.1,0.4,C20 H22 O8,20.0,22.0,8.0,0.0,0.0,0.0,0.0,0.0,0.0,lignin,0.904897077917974
543,389.0879093,389.0877367,389.0878056,0.947368421,0.473684211,C19 H18 O9,19.0,18.0,9.0,0.0,0.0,0.0,0.0,0.0,0.0,lignin,0.7928518902418298
544,389.0726938,389.0725212,389.0725495,1.2,0.8,C15 H18 O12,15.0,18.0,12.0,0.0,0.0,0.0,0.0,0.0,0.0,lignin,0.5385829862356663
545,389.0516724,389.0514998,389.0514201,0.777777778,0.555555556,C18 H14 O10,18.0,14.0,10.0,0.0,0.0,0.0,0.0,0.0,0.0,tannin,0.9123343698442365
546,387.1814598,387.1812886,387.1813121,1.272727273,0.272727273,C22 H28 O6,22.0,28.0,6.0,0.0,0.0,0.0,0.0,0.0,0.0,lignin,0.8565598968290127
547,387.1661315,387.1659603,387.1660559,1.555555556,0.5,C18 H28 O9,18.0,28.0,9.0,0.0,0.0,0.0,0.0,0.0,0.0,lignin,0.842463410831856
548,387.1450243,387.1448532,387.1449266,1.142857143,0.333333333,C21 H24 O7,21.0,24.0,7.0,0.0,0.0,0.0,0.0,0.0,0.0,lignin,0.8655917935643386
549,387.1298407,387.1296696,387.1296704,1.411764706,0.588235294,C17 H24 O10,17.0,24.0,10.0,0.0,0.0,0.0,0.0,0.0,0.0,lignin,0.8680668133776754
550,387.1087919,387.1086208,387.1085411,1.0,0.4,C20 H20 O8,20.0,20.0,8.0,0.0,0.0,0.0,0.0,0.0,0.0,lignin,0.9385361116841459
551,387.0935051,387.0933339,387.0932849,1.25,0.6875,C16 H20 O11,16.0,20.0,11.0,0.0,0.0,0.0,0.0,0.0,0.0,lignin,0.8687237884121297
552,387.0722449,387.0720738,387.0721556,0.842105263,0.473684211,C19 H16 O9,19.0,16.0,9.0,0.0,0.0,0.0,0.0,0.0,0.0,tannin,0.9105866031734047
553,387.0569887,387.0568176,387.0568994,1.066666667,0.8,C15 H16 O12,15.0,16.0,12.0,0.0,0.0,0.0,0.0,0.0,0.0,lignin,0.922339765642582
554,387.0359026,387.0357316,387.0357701,0.666666667,0.555555556,C18 H12 O10,18.0,12.0,10.0,0.0,0.0,0.0,0.0,0.0,0.0,tannin,0.8835871309863135
555,387.0335215,387.0333504,387.0332681,0.545454545,0.227272727,C22 H12 O5 S1,22.0,12.0,5.0,1.0,0.0,0.0,0.0,0.0,0.0,pah,0.9548357238383387
556,385.2056101,385.2054404,385.2054188,1.7,0.25,C20 H34 O5 S1,20.0,34.0,5.0,1.0,0.0,0.0,0.0,0.0,0.0,lipid,0.8892733787248559
557,385.187033,385.1868633,385.1867914,1.578947368,0.421052632,C19 H30 O8,19.0,30.0,8.0,0.0,0.0,0.0,0.0,0.0,0.0,lipid,0.7277173535673254
558,385.1657982,385.1656285,385.165662,1.181818182,0.272727273,C22 H26 O6,22.0,26.0,6.0,0.0,0.0,0.0,0.0,0.0,0.0,lignin,0.8631389125054809
559,385.1504732,385.1503035,385.1504059,1.444444444,0.5,C18 H26 O9,18.0,26.0,9.0,0.0,0.0,0.0,0.0,0.0,0.0,lignin,0.8525559541009015
560,385.1293972,385.1292275,385.1292765,1.047619048,0.333333333,C21 H22 O7,21.0,22.0,7.0,0.0,0.0,0.0,0.0,0.0,0.0,lignin,0.9404167328261168
561,385.1142431,385.1140735,385.1140204,1.294117647,0.588235294,C17 H22 O10,17.0,22.0,10.0,0.0,0.0,0.0,0.0,0.0,0.0,lignin,0.8675421293288755
562,385.0931572,385.0929876,385.092891,0.9,0.4,C20 H18 O8,20.0,18.0,8.0,0.0,0.0,0.0,0.0,0.0,0.0,tannin,0.9086745467713063
563,385.0778475,385.0776779,385.0776349,1.125,0.6875,C16 H18 O11,16.0,18.0,11.0,0.0,0.0,0.0,0.0,0.0,0.0,lignin,0.8999407893331556
564,385.0565911,385.0564215,385.0565055,0.736842105,0.473684211,C19 H14 O9,19.0,14.0,9.0,0.0,0.0,0.0,0.0,0.0,0.0,tannin,0.8891495724142242
565,385.0412927,385.0411231,385.0412494,0.933333333,0.8,C15 H14 O12,15.0,14.0,12.0,0.0,0.0,0.0,0.0,0.0,0.0,tannin,0.904704629860331
566,384.1384039,384.138235,384.1381107,1.411764706,0.529411765,C17 H24 O9 13C1,18.0,24.0,9.0,0.0,0.0,1.0,0.0,0.0,0.0,lignin,0.8532922317608979
567,383.2077713,383.2076031,383.2075268,1.6,0.35,C20 H32 O7,20.0,32.0,7.0,0.0,0.0,0.0,0.0,0.0,0.0,lipid,0.8893044017010189
568,383.1712306,383.1710625,383.1711413,1.473684211,0.421052632,C19 H28 O8,19.0,28.0,8.0,0.0,0.0,0.0,0.0,0.0,0.0,lignin,0.8521928649449
569,383.1349492,383.1347811,383.1347558,1.333333333,0.5,C18 H24 O9,18.0,24.0,9.0,0.0,0.0,0.0,0.0,0.0,0.0,lignin,0.8569490914445916
570,383.0986138,383.0984457,383.0983703,1.176470588,0.588235294,C17 H20 O10,17.0,20.0,10.0,0.0,0.0,0.0,0.0,0.0,0.0,lignin,0.8621950562879027
571,383.0773297,383.0771616,383.0772409,0.8,0.4,C20 H16 O8,20.0,16.0,8.0,0.0,0.0,0.0,0.0,0.0,0.0,tannin,0.8989007775752317
572,383.0620289,383.0618609,383.0619848,1.0,0.6875,C16 H16 O11,16.0,16.0,11.0,0.0,0.0,0.0,0.0,0.0,0.0,lignin,0.936459680478176
573,382.2350727,382.2349052,382.2349884,2.235294118,0.352941176,C17 H38 O6 S1 13C1,18.0,38.0,6.0,1.0,0.0,1.0,0.0,0.0,0.0,lipid,0.8798783143913009
574,382.2350727,382.2349052,382.2347446,1.736842105,0.263157895,C19 H33 O5 N3,19.0,33.0,5.0,0.0,3.0,0.0,0.0,0.0,0.15789473684210525,lipid,0.6220935106482282
575,382.159011,382.1588436,382.1588461,1.444444444,0.444444444,C18 H26 O8 13C1,19.0,26.0,8.0,0.0,0.0,1.0,0.0,0.0,0.0,lignin,0.8539469661486209
576,382.1225577,382.1223903,382.1224606,1.294117647,0.529411765,C17 H22 O9 13C1,18.0,22.0,9.0,0.0,0.0,1.0,0.0,0.0,0.0,lignin,0.8579346088291023
577,381.2317677,381.231601,381.2316336,2.111111111,0.333333333,C18 H38 O6 S1,18.0,38.0,6.0,1.0,0.0,0.0,0.0,0.0,0.0,lipid,0.8811862546083612
578,381.1920207,381.1918541,381.1918768,1.5,0.35,C20 H30 O7,20.0,30.0,7.0,0.0,0.0,0.0,0.0,0.0,0.0,lipid,0.5974466648591198
579,381.1557502,381.1555836,381.1554913,1.368421053,0.421052632,C19 H26 O8,19.0,26.0,8.0,0.0,0.0,0.0,0.0,0.0,0.0,lignin,0.8548882147329214
580,381.1191773,381.1190107,381.1191058,1.222222222,0.5,C18 H22 O9,18.0,22.0,9.0,0.0,0.0,0.0,0.0,0.0,0.0,lignin,0.8604575388845316
581,381.082931,381.0827644,381.0827202,1.058823529,0.588235294,C17 H18 O10,17.0,18.0,10.0,0.0,0.0,0.0,0.0,0.0,0.0,lignin,0.9376481056446039
582,381.0465686,381.0464021,381.0463347,0.875,0.6875,C16 H14 O11,16.0,14.0,11.0,0.0,0.0,0.0,0.0,0.0,0.0,tannin,0.9057925725515871
583,380.1796889,380.179523,380.1795815,1.473684211,0.368421053,C19 H28 O7 13C1,20.0,28.0,7.0,0.0,0.0,1.0,0.0,0.0,0.0,lignin,0.8516044776110187
584,380.1434718,380.1433059,380.143196,1.333333333,0.444444444,C18 H24 O8 13C1,19.0,24.0,8.0,0.0,0.0,1.0,0.0,0.0,0.0,lignin,0.8559448464689936
585,380.1068688,380.1067029,380.1068105,1.176470588,0.529411765,C17 H20 O9 13C1,18.0,20.0,9.0,0.0,0.0,1.0,0.0,0.0,0.0,lignin,0.8627759780385011
586,379.2127767,379.2126115,379.2126122,1.523809524,0.285714286,C21 H32 O6,21.0,32.0,6.0,0.0,0.0,0.0,0.0,0.0,0.0,lipid,0.9052096970948964
587,379.17632,379.1761548,379.1762267,1.4,0.35,C20 H28 O7,20.0,28.0,7.0,0.0,0.0,0.0,0.0,0.0,0.0,lignin,0.8534695274708255
588,379.1401157,379.1399506,379.1398412,1.263157895,0.421052632,C19 H24 O8,19.0,24.0,8.0,0.0,0.0,0.0,0.0,0.0,0.0,lignin,0.859127786459432
589,379.103516,379.1033509,379.1034557,1.111111111,0.5,C18 H20 O9,18.0,20.0,9.0,0.0,0.0,0.0,0.0,0.0,0.0,lignin,0.865755751129708
590,379.1011209,379.1009558,379.1009538,0.909090909,0.181818182,C22 H20 O4 S1,22.0,20.0,4.0,1.0,0.0,0.0,0.0,0.0,0.0,tannin,0.8791740742350556
591,379.0672574,379.0670924,379.0670702,0.941176471,0.588235294,C17 H16 O10,17.0,16.0,10.0,0.0,0.0,0.0,0.0,0.0,0.0,tannin,0.7303977767835377
592,379.0309299,379.0307648,379.0306847,0.75,0.6875,C16 H12 O11,16.0,12.0,11.0,0.0,0.0,0.0,0.0,0.0,0.0,tannin,0.9135546162202137
593,379.0284949,379.0283298,379.0281827,0.6,0.3,C20 H12 O6 S1,20.0,12.0,6.0,1.0,0.0,0.0,0.0,0.0,0.0,pah,0.9548080056797665
594,378.1641277,378.1639633,378.1639315,1.368421053,0.368421053,C19 H26 O7 13C1,20.0,26.0,7.0,0.0,0.0,1.0,0.0,0.0,0.0,lignin,0.8545315277603283
595,378.1277759,378.1276115,378.127546,1.222222222,0.444444444,C18 H22 O8 13C1,19.0,22.0,8.0,0.0,0.0,1.0,0.0,0.0,0.0,lignin,0.8606717626355881
596,377.2820344,377.2818707,377.2819221,2.222222222,0.333333333,C18 H40 O6 13C2,20.0,40.0,6.0,0.0,0.0,2.0,0.0,0.0,0.0,lipid,0.8801114145834324
597,377.1970304,377.1968668,377.1969622,1.428571429,0.285714286,C21 H30 O6,21.0,30.0,6.0,0.0,0.0,0.0,0.0,0.0,0.0,lignin,0.7216403689590601
598,377.1608434,377.1606798,377.1605766,1.3,0.35,C20 H26 O7,20.0,26.0,7.0,0.0,0.0,0.0,0.0,0.0,0.0,lignin,0.8564600332216351
599,377.1243208,377.1241572,377.1241911,1.157894737,0.421052632,C19 H22 O8,19.0,22.0,8.0,0.0,0.0,0.0,0.0,0.0,0.0,lignin,0.8645421683430673
600,377.1218899,377.1217263,377.1216892,0.956521739,0.130434783,C23 H22 O3 S1,23.0,22.0,3.0,1.0,0.0,0.0,0.0,0.0,0.0,lignin,0.9185234166423613
601,377.0879192,377.0877556,377.0878056,1.0,0.5,C18 H18 O9,18.0,18.0,9.0,0.0,0.0,0.0,0.0,0.0,0.0,lignin,0.9381105716616908
602,377.0516646,377.051501,377.0514201,0.823529412,0.588235294,C17 H14 O10,17.0,14.0,10.0,0.0,0.0,0.0,0.0,0.0,0.0,tannin,0.9109071158371087
603,377.0127192,377.0125556,377.0125327,0.5,0.3,C20 H10 O6 S1,20.0,10.0,6.0,1.0,0.0,0.0,0.0,0.0,0.0,pah,0.9546893306263808
604,376.2788975,376.2787345,376.2785673,2.105263158,0.315789474,C19 H40 O6 13C1,20.0,40.0,6.0,0.0,0.0,1.0,0.0,0.0,0.0,lipid,0.8816120527727108
605,376.1484525,376.1482896,376.1482814,1.263157895,0.368421053,C19 H24 O7 13C1,20.0,24.0,7.0,0.0,0.0,1.0,0.0,0.0,0.0,lignin,0.85901371261316
606,375.2754773,375.2753151,375.2752125,2.0,0.3,C20 H40 O6,20.0,40.0,6.0,0.0,0.0,0.0,0.0,0.0,0.0,lipid,0.8940261673562379
607,375.2178614,375.2176992,375.2176976,1.454545455,0.227272727,C22 H32 O5,22.0,32.0,5.0,0.0,0.0,0.0,0.0,0.0,0.0,lipid,0.9062434491074116
608,375.1815345,375.1813723,375.1813121,1.333333333,0.285714286,C21 H28 O6,21.0,28.0,6.0,0.0,0.0,0.0,0.0,0.0,0.0,lignin,0.8546532915246612
609,375.145001,375.1448388,375.1449266,1.2,0.35,C20 H24 O7,20.0,24.0,7.0,0.0,0.0,0.0,0.0,0.0,0.0,lignin,0.8624798726731575
610,375.1087502,375.1085881,375.1085411,1.052631579,0.421052632,C19 H20 O8,19.0,20.0,8.0,0.0,0.0,0.0,0.0,0.0,0.0,lignin,0.9398007396403985
611,375.1063504,375.1061883,375.1060391,0.869565217,0.130434783,C23 H20 O3 S1,23.0,20.0,3.0,1.0,0.0,0.0,0.0,0.0,0.0,tannin,0.619980681497329
612,375.0723543,375.0721922,375.0721556,0.888888889,0.5,C18 H16 O9,18.0,16.0,9.0,0.0,0.0,0.0,0.0,0.0,0.0,tannin,0.9091053977732365
613,375.0569794,375.0568173,375.0568994,1.142857143,0.857142857,C14 H16 O12,14.0,16.0,12.0,0.0,0.0,0.0,0.0,0.0,0.0,lignin,0.6670715124866456
614,375.0358376,375.0356756,375.0357701,0.705882353,0.588235294,C17 H12 O10,17.0,12.0,10.0,0.0,0.0,0.0,0.0,0.0,0.0,tannin,0.9057538576346635
615,375.0334445,375.0332824,375.0332681,0.571428571,0.238095238,C21 H12 O5 S1,21.0,12.0,5.0,1.0,0.0,0.0,0.0,0.0,0.0,pah,0.9548650696016239
616,373.2054769,373.2053162,373.2054188,1.789473684,0.263157895,C19 H34 O5 S1,19.0,34.0,5.0,1.0,0.0,0.0,0.0,0.0,0.0,lipid,0.9098819481351559
617,373.2021461,373.2019854,373.2020475,1.363636364,0.227272727,C22 H30 O5,22.0,30.0,5.0,0.0,0.0,0.0,0.0,0.0,0.0,lignin,0.7224488366946822
618,373.1659365,373.1657758,373.165662,1.238095238,0.285714286,C21 H26 O6,21.0,26.0,6.0,0.0,0.0,0.0,0.0,0.0,0.0,lignin,0.8592997194020715
619,373.1506074,373.1504468,373.1504059,1.529411765,0.529411765,C17 H26 O9,17.0,26.0,9.0,0.0,0.0,0.0,0.0,0.0,0.0,lignin,0.8744764167071676
620,373.1293372,373.1291765,373.1292765,1.1,0.35,C20 H22 O7,20.0,22.0,7.0,0.0,0.0,0.0,0.0,0.0,0.0,lignin,0.9059931539125226
621,373.1141028,373.1139422,373.1140204,1.375,0.625,C16 H22 O10,16.0,22.0,10.0,0.0,0.0,0.0,0.0,0.0,0.0,lignin,0.9073261976004119
622,373.0930878,373.0929272,373.092891,0.947368421,0.421052632,C19 H18 O8,19.0,18.0,8.0,0.0,0.0,0.0,0.0,0.0,0.0,lignin,0.9380646200794954
623,373.0778791,373.0777185,373.0776349,1.2,0.733333333,C15 H18 O11,15.0,18.0,11.0,0.0,0.0,0.0,0.0,0.0,0.0,lignin,0.8697404616160099
624,373.0567008,373.0565402,373.0565055,0.777777778,0.5,C18 H14 O9,18.0,14.0,9.0,0.0,0.0,0.0,0.0,0.0,0.0,tannin,0.9099456628229644
625,373.0413843,373.0412237,373.0412494,1.0,0.857142857,C14 H14 O12,14.0,14.0,12.0,0.0,0.0,0.0,0.0,0.0,0.0,lignin,0.8178458991916125
626,373.0178023,373.0176417,373.0176181,0.476190476,0.238095238,C21 H10 O5 S1,21.0,10.0,5.0,1.0,0.0,0.0,0.0,0.0,0.0,pah,0.9547351508963983
627,372.2756488,372.2754888,372.2755468,1.95,0.25,C20 H39 O5 N1,20.0,39.0,5.0,0.0,1.0,0.0,0.0,0.0,0.05,lipid,0.8950231062992746
628,371.2076582,371.207499,371.2075268,1.684210526,0.368421053,C19 H32 O7,19.0,32.0,7.0,0.0,0.0,0.0,0.0,0.0,0.0,lipid,0.9114225959932811
629,371.1899465,371.1897873,371.1897688,1.684210526,0.263157895,C19 H32 O5 S1,19.0,32.0,5.0,1.0,0.0,0.0,0.0,0.0,0.0,lipid,0.8894148674552484
630,371.18662,371.1864608,371.1863975,1.272727273,0.227272727,C22 H28 O5,22.0,28.0,5.0,0.0,0.0,0.0,0.0,0.0,0.0,lignin,0.8561209699715887
631,371.1713972,371.171238,371.1711413,1.555555556,0.444444444,C18 H28 O8,18.0,28.0,8.0,0.0,0.0,0.0,0.0,0.0,0.0,lignin,0.7123148726588796
632,371.1502562,371.1500971,371.150012,1.142857143,0.285714286,C21 H24 O6,21.0,24.0,6.0,0.0,0.0,0.0,0.0,0.0,0.0,lignin,0.8655404216728684
633,371.1348377,371.1346785,371.1347558,1.411764706,0.529411765,C17 H24 O9,17.0,24.0,9.0,0.0,0.0,0.0,0.0,0.0,0.0,lignin,0.8532922317608979
634,371.1137121,371.1135529,371.1136264,1.0,0.35,C20 H20 O7,20.0,20.0,7.0,0.0,0.0,0.0,0.0,0.0,0.0,lignin,0.9390272687441088
635,371.0985688,371.0984097,371.0983703,1.25,0.625,C16 H20 O10,16.0,20.0,10.0,0.0,0.0,0.0,0.0,0.0,0.0,lignin,0.8685467575985095
636,371.0774916,371.0773324,371.0772409,0.842105263,0.421052632,C19 H16 O8,19.0,16.0,8.0,0.0,0.0,0.0,0.0,0.0,0.0,tannin,0.9104559100614212
637,371.0621893,371.0620302,371.0619848,1.066666667,0.733333333,C15 H16 O11,15.0,16.0,11.0,0.0,0.0,0.0,0.0,0.0,0.0,lignin,0.9274802120820231
638,371.0409262,371.0407671,371.0408554,0.666666667,0.5,C18 H12 O9,18.0,12.0,9.0,0.0,0.0,0.0,0.0,0.0,0.0,tannin,0.87814781580687
639,371.025681,371.0255219,371.0255993,0.857142857,0.857142857,C14 H12 O12,14.0,12.0,12.0,0.0,0.0,0.0,0.0,0.0,0.0,tannin,0.908620339165038
640,370.159078,370.1589196,370.1588461,1.529411765,0.470588235,C17 H26 O8 13C1,18.0,26.0,8.0,0.0,0.0,1.0,0.0,0.0,0.0,lignin,0.8427914751261172
641,370.1226592,370.1225008,370.1224606,1.375,0.5625,C16 H22 O9 13C1,17.0,22.0,9.0,0.0,0.0,1.0,0.0,0.0,0.0,lignin,0.8640685845385313
642,369.2106888,369.2105311,369.2105042,1.7,0.2,C20 H34 O4 S1,20.0,34.0,4.0,1.0,0.0,0.0,0.0,0.0,0.0,lipid,0.8933506205517036
643,369.1920333,369.1918756,369.1918768,1.578947368,0.368421053,C19 H30 O7,19.0,30.0,7.0,0.0,0.0,0.0,0.0,0.0,0.0,lipid,0.8897376175940354
644,369.1742163,369.1740586,369.1741187,1.578947368,0.263157895,C19 H30 O5 S1,19.0,30.0,5.0,1.0,0.0,0.0,0.0,0.0,0.0,lipid,0.9029142376183611
645,369.1555947,369.155437,369.1554913,1.444444444,0.444444444,C18 H26 O8,18.0,26.0,8.0,0.0,0.0,0.0,0.0,0.0,0.0,lignin,0.8539469661486209
646,369.1193627,369.119205,369.1191058,1.294117647,0.529411765,C17 H22 O9,17.0,22.0,9.0,0.0,0.0,0.0,0.0,0.0,0.0,lignin,0.8579346088291023
647,369.0981349,369.0979772,369.0979764,0.9,0.35,C20 H18 O7,20.0,18.0,7.0,0.0,0.0,0.0,0.0,0.0,0.0,tannin,0.9085025490448484
648,369.0827945,369.0826369,369.0827202,1.125,0.625,C16 H18 O10,16.0,18.0,10.0,0.0,0.0,0.0,0.0,0.0,0.0,lignin,0.8630510011186848
649,369.0616801,369.0615225,369.0615909,0.736842105,0.421052632,C19 H14 O8,19.0,14.0,8.0,0.0,0.0,0.0,0.0,0.0,0.0,tannin,0.8801030713772249
650,369.0465256,369.046368,369.0463347,0.933333333,0.733333333,C15 H14 O11,15.0,14.0,11.0,0.0,0.0,0.0,0.0,0.0,0.0,tannin,0.9042504039772463
651,368.1798097,368.1796527,368.1795815,1.555555556,0.388888889,C18 H28 O7 13C1,19.0,28.0,7.0,0.0,0.0,1.0,0.0,0.0,0.0,lipid,0.730519721335294
652,368.143263,368.1431061,368.143196,1.411764706,0.470588235,C17 H24 O8 13C1,18.0,24.0,8.0,0.0,0.0,1.0,0.0,0.0,0.0,lignin,0.8546363836169066
653,368.1071041,368.1069472,368.1068105,1.25,0.5625,C16 H20 O9 13C1,17.0,20.0,9.0,0.0,0.0,1.0,0.0,0.0,0.0,lignin,0.8591693090694903
654,367.2128216,367.2126653,367.2126122,1.6,0.3,C20 H32 O6,20.0,32.0,6.0,0.0,0.0,0.0,0.0,0.0,0.0,lipid,0.8933328730978781
655,367.1764072,367.176251,367.1762267,1.473684211,0.368421053,C19 H28 O7,19.0,28.0,7.0,0.0,0.0,0.0,0.0,0.0,0.0,lignin,0.8516044776110187
656,367.139928,367.1397719,367.1398412,1.333333333,0.444444444,C18 H24 O8,18.0,24.0,8.0,0.0,0.0,0.0,0.0,0.0,0.0,lignin,0.8559448464689936
657,367.1037132,367.1035571,367.1034557,1.176470588,0.529411765,C17 H20 O9,17.0,20.0,9.0,0.0,0.0,0.0,0.0,0.0,0.0,lignin,0.8627759780385011
658,367.0671634,367.0670073,367.0670702,1.0,0.625,C16 H16 O10,16.0,16.0,10.0,0.0,0.0,0.0,0.0,0.0,0.0,lignin,0.9369677228760567
659,367.0460314,367.0458753,367.0459408,0.631578947,0.421052632,C19 H12 O8,19.0,12.0,8.0,0.0,0.0,0.0,0.0,0.0,0.0,tannin,0.6167560487341361
660,367.0308548,367.0306987,367.0306847,0.8,0.733333333,C15 H12 O11,15.0,12.0,11.0,0.0,0.0,0.0,0.0,0.0,0.0,tannin,0.912200992987322
661,366.2498637,366.2497081,366.249726,2.176470588,0.411764706,C17 H37 O7 N1,17.0,37.0,7.0,0.0,1.0,0.0,0.0,0.0,0.058823529411764705,lipid,0.8280315535830652
662,366.1640317,366.1638762,366.1639315,1.444444444,0.388888889,C18 H26 O7 13C1,19.0,26.0,7.0,0.0,0.0,1.0,0.0,0.0,0.0,lignin,0.852497948510852
663,366.1277243,366.1275689,366.127546,1.294117647,0.470588235,C17 H22 O8 13C1,18.0,22.0,8.0,0.0,0.0,1.0,0.0,0.0,0.0,lignin,0.8580587781326574
664,365.1971955,365.1970408,365.1969622,1.5,0.3,C20 H30 O6,20.0,30.0,6.0,0.0,0.0,0.0,0.0,0.0,0.0,lipid,0.9053719780058133
665,365.1606692,365.1605145,365.1605766,1.368421053,0.368421053,C19 H26 O7,19.0,26.0,7.0,0.0,0.0,0.0,0.0,0.0,0.0,lignin,0.8545315277603283
666,365.1244249,365.1242702,365.1241911,1.222222222,0.444444444,C18 H22 O8,18.0,22.0,8.0,0.0,0.0,0.0,0.0,0.0,0.0,lignin,0.8606717626355881
667,365.087948,365.0877933,365.0878056,1.058823529,0.529411765,C17 H18 O9,17.0,18.0,9.0,0.0,0.0,0.0,0.0,0.0,0.0,lignin,0.9383669676472831
668,365.0854997,365.085345,365.0853037,0.857142857,0.19047619,C21 H18 O4 S1,21.0,18.0,4.0,1.0,0.0,0.0,0.0,0.0,0.0,tannin,0.8730667593257063
669,365.0667271,365.0665724,365.0666763,0.7,0.35,C20 H14 O7,20.0,14.0,7.0,0.0,0.0,0.0,0.0,0.0,0.0,tannin,0.6709979991759447
670,365.0515341,365.0513794,365.0514201,0.875,0.625,C16 H14 O10,16.0,14.0,10.0,0.0,0.0,0.0,0.0,0.0,0.0,tannin,0.9054849388877582
671,365.0491539,365.0489993,365.0489182,0.7,0.25,C20 H14 O5 S1,20.0,14.0,5.0,1.0,0.0,0.0,0.0,0.0,0.0,pah,0.6268534114179227
672,364.1847355,364.1845815,364.1846669,1.473684211,0.315789474,C19 H28 O6 13C1,20.0,28.0,6.0,0.0,0.0,1.0,0.0,0.0,0.0,lipid,0.597758489194349
673,364.1484819,364.1483279,364.1482814,1.333333333,0.388888889,C18 H24 O7 13C1,19.0,24.0,7.0,0.0,0.0,1.0,0.0,0.0,0.0,lignin,0.8557121103029814
674,364.1120282,364.1118742,364.1118959,1.176470588,0.470588235,C17 H20 O8 13C1,18.0,20.0,8.0,0.0,0.0,1.0,0.0,0.0,0.0,lignin,0.863277798509398
675,363.2753705,363.2752171,363.2752125,2.105263158,0.315789474,C19 H40 O6,19.0,40.0,6.0,0.0,0.0,0.0,0.0,0.0,0.0,lipid,0.8816120527727108
676,363.181493,363.1813397,363.1813121,1.4,0.3,C20 H28 O6,20.0,28.0,6.0,0.0,0.0,0.0,0.0,0.0,0.0,lignin,0.8529609839494021
677,363.1451201,363.1449669,363.1449266,1.263157895,0.368421053,C19 H24 O7,19.0,24.0,7.0,0.0,0.0,0.0,0.0,0.0,0.0,lignin,0.85901371261316
678,363.1086157,363.1084625,363.1085411,1.111111111,0.444444444,C18 H20 O8,18.0,20.0,8.0,0.0,0.0,0.0,0.0,0.0,0.0,lignin,0.866425922452389
679,363.1062204,363.1060672,363.1060391,0.909090909,0.136363636,C22 H20 O3 S1,22.0,20.0,3.0,1.0,0.0,0.0,0.0,0.0,0.0,tannin,0.8732176468455407
680,363.072411,363.0722578,363.0721556,0.941176471,0.529411765,C17 H16 O9,17.0,16.0,9.0,0.0,0.0,0.0,0.0,0.0,0.0,tannin,0.5469755960961425
681,363.0358505,363.0356974,363.0357701,0.75,0.625,C16 H12 O10,16.0,12.0,10.0,0.0,0.0,0.0,0.0,0.0,0.0,tannin,0.9132092452623188
682,363.0334393,363.0332861,363.0332681,0.6,0.25,C20 H12 O5 S1,20.0,12.0,5.0,1.0,0.0,0.0,0.0,0.0,0.0,pah,0.9548998884321624
683,362.1691108,362.1689583,362.1690169,1.368421053,0.315789474,C19 H26 O6 13C1,20.0,26.0,6.0,0.0,0.0,1.0,0.0,0.0,0.0,lignin,0.8539485050410622
684,362.1327976,362.1326451,362.1326313,1.222222222,0.388888889,C18 H22 O7 13C1,19.0,22.0,7.0,0.0,0.0,1.0,0.0,0.0,0.0,lignin,0.8606978369621684
685,361.2021393,361.2019875,361.2020475,1.428571429,0.238095238,C21 H30 O5,21.0,30.0,5.0,0.0,0.0,0.0,0.0,0.0,0.0,lipid,0.7453846202826135
686,361.1658636,361.1657118,361.165662,1.3,0.3,C20 H26 O6,20.0,26.0,6.0,0.0,0.0,0.0,0.0,0.0,0.0,lignin,0.8558651879009446
687,361.1294466,361.1292949,361.1292765,1.157894737,0.368421053,C19 H22 O7,19.0,22.0,7.0,0.0,0.0,0.0,0.0,0.0,0.0,lignin,0.8646894595552299
688,361.0929868,361.0928351,361.092891,1.0,0.444444444,C18 H18 O8,18.0,18.0,8.0,0.0,0.0,0.0,0.0,0.0,0.0,lignin,0.9385942703928519
689,361.0906222,361.0904704,361.0903891,0.818181818,0.136363636,C22 H18 O3 S1,22.0,18.0,3.0,1.0,0.0,0.0,0.0,0.0,0.0,pah,0.6978105510806714
690,361.0778664,361.0777147,361.0776349,1.285714286,0.785714286,C14 H18 O11,14.0,18.0,11.0,0.0,0.0,0.0,0.0,0.0,0.0,lignin,0.6148650116649406
691,361.0567317,361.05658,361.0565055,0.823529412,0.529411765,C17 H14 O9,17.0,14.0,9.0,0.0,0.0,0.0,0.0,0.0,0.0,tannin,0.9111428411108176
692,361.0201751,361.0200234,361.02012,0.625,0.625,C16 H10 O10,16.0,10.0,10.0,0.0,0.0,0.0,0.0,0.0,0.0,tannin,0.8841772555147294
693,361.0177814,361.0176298,361.0176181,0.5,0.25,C20 H10 O5 S1,20.0,10.0,5.0,1.0,0.0,0.0,0.0,0.0,0.0,pah,0.9547466790914647
694,359.1866222,359.1864719,359.1863975,1.333333333,0.238095238,C21 H28 O5,21.0,28.0,5.0,0.0,0.0,0.0,0.0,0.0,0.0,lignin,0.854241840505573
695,359.1501293,359.149979,359.150012,1.2,0.3,C20 H24 O6,20.0,24.0,6.0,0.0,0.0,0.0,0.0,0.0,0.0,lignin,0.8623589099774603
696,359.1348374,359.1346872,359.1347558,1.5,0.5625,C16 H24 O9,16.0,24.0,9.0,0.0,0.0,0.0,0.0,0.0,0.0,lignin,0.864313301098948
697,359.1137668,359.1136165,359.1136264,1.052631579,0.368421053,C19 H20 O7,19.0,20.0,7.0,0.0,0.0,0.0,0.0,0.0,0.0,lignin,0.9406780105372258
698,359.0985869,359.0984367,359.0983703,1.333333333,0.666666667,C15 H20 O10,15.0,20.0,10.0,0.0,0.0,0.0,0.0,0.0,0.0,lignin,0.9083813389933786
699,359.0774746,359.0773244,359.0772409,0.888888889,0.444444444,C18 H16 O8,18.0,16.0,8.0,0.0,0.0,0.0,0.0,0.0,0.0,tannin,0.909026055364326
700,359.0621218,359.0619716,359.0619848,1.142857143,0.785714286,C14 H16 O11,14.0,16.0,11.0,0.0,0.0,0.0,0.0,0.0,0.0,lignin,0.6721478199530097
701,359.0409172,359.040767,359.0408554,0.705882353,0.529411765,C17 H12 O9,17.0,12.0,9.0,0.0,0.0,0.0,0.0,0.0,0.0,tannin,0.8905335829581513
702,357.1919657,357.1918169,357.1918768,1.666666667,0.388888889,C18 H30 O7,18.0,30.0,7.0,0.0,0.0,0.0,0.0,0.0,0.0,lipid,0.8867562342433137
703,357.1742017,357.1740529,357.1741187,1.666666667,0.277777778,C18 H30 O5 S1,18.0,30.0,5.0,1.0,0.0,0.0,0.0,0.0,0.0,lipid,0.889611206356164
704,357.1708601,357.1707112,357.1707474,1.238095238,0.238095238,C21 H26 O5,21.0,26.0,5.0,0.0,0.0,0.0,0.0,0.0,0.0,lignin,0.8588291511619879
705,357.1557226,357.1555738,357.1554913,1.529411765,0.470588235,C17 H26 O8,17.0,26.0,8.0,0.0,0.0,0.0,0.0,0.0,0.0,lignin,0.8427914751261172
706,357.1345873,357.1344385,357.1343619,1.1,0.3,C20 H22 O6,20.0,22.0,6.0,0.0,0.0,0.0,0.0,0.0,0.0,lignin,0.8772739845545985
707,357.1192067,357.1190579,357.1191058,1.375,0.5625,C16 H22 O9,16.0,22.0,9.0,0.0,0.0,0.0,0.0,0.0,0.0,lignin,0.8640685845385313
708,357.0980217,357.0978729,357.0979764,0.947368421,0.368421053,C19 H18 O7,19.0,18.0,7.0,0.0,0.0,0.0,0.0,0.0,0.0,lignin,0.9443732019527694
709,357.0828769,357.0827281,357.0827202,1.2,0.666666667,C15 H18 O10,15.0,18.0,10.0,0.0,0.0,0.0,0.0,0.0,0.0,lignin,0.869799958367009
710,357.061805,357.0616563,357.0615909,0.777777778,0.444444444,C18 H14 O8,18.0,14.0,8.0,0.0,0.0,0.0,0.0,0.0,0.0,tannin,0.9011111731574382
711,357.0465091,357.0463604,357.0463347,1.0,0.785714286,C14 H14 O11,14.0,14.0,11.0,0.0,0.0,0.0,0.0,0.0,0.0,lignin,0.9357606077857149
712,357.0252657,357.0251169,357.0252054,0.588235294,0.529411765,C17 H10 O9,17.0,10.0,9.0,0.0,0.0,0.0,0.0,0.0,0.0,tannin,0.6707545024871868
713,356.2807336,356.2805854,356.2806322,1.95,0.2,C20 H39 O4 N1,20.0,39.0,4.0,0.0,1.0,0.0,0.0,0.0,0.05,lipid,0.9042172391797033
714,356.19831,356.1981619,356.198209,1.777777778,0.222222222,C18 H32 O4 S1 13C1,19.0,32.0,4.0,1.0,0.0,1.0,0.0,0.0,0.0,lipid,0.9112916315418402
715,356.1434583,356.1433102,356.143196,1.5,0.5,C16 H24 O8 13C1,17.0,24.0,8.0,0.0,0.0,1.0,0.0,0.0,0.0,lignin,0.8433573749661694
716,356.1068931,356.1067451,356.1068105,1.333333333,0.6,C15 H20 O9 13C1,16.0,20.0,9.0,0.0,0.0,1.0,0.0,0.0,0.0,lignin,0.8651072877873072
717,355.1962109,355.1960636,355.1961293,2.125,0.375,C16 H34 O6 34S1,16.0,34.0,6.0,0.0,0.0,0.0,1.0,0.0,0.0,lipid,0.8805059043682597
718,355.1949257,355.1947783,355.1948542,1.684210526,0.210526316,C19 H32 O4 S1,19.0,32.0,4.0,1.0,0.0,0.0,0.0,0.0,0.0,lipid,0.8934883172088857
719,355.1763243,355.1761769,355.1762267,1.555555556,0.388888889,C18 H28 O7,18.0,28.0,7.0,0.0,0.0,0.0,0.0,0.0,0.0,lipid,0.730519721335294
720,355.1400803,355.139933,355.1398412,1.411764706,0.470588235,C17 H24 O8,17.0,24.0,8.0,0.0,0.0,0.0,0.0,0.0,0.0,lignin,0.8546363836169066
721,355.1035157,355.1033684,355.1034557,1.25,0.5625,C16 H20 O9,16.0,20.0,9.0,0.0,0.0,0.0,0.0,0.0,0.0,lignin,0.8591693090694903
722,355.0825392,355.0823919,355.0823263,0.842105263,0.368421053,C19 H16 O7,19.0,16.0,7.0,0.0,0.0,0.0,0.0,0.0,0.0,tannin,0.9082686213467899
723,355.0673193,355.067172,355.0670702,1.066666667,0.666666667,C15 H16 O10,15.0,16.0,10.0,0.0,0.0,0.0,0.0,0.0,0.0,lignin,0.9368326605141327
724,355.0460856,355.0459383,355.0459408,0.666666667,0.444444444,C18 H12 O8,18.0,12.0,8.0,0.0,0.0,0.0,0.0,0.0,0.0,tannin,0.822537980878395
725,355.0307408,355.0305935,355.0306847,0.857142857,0.785714286,C14 H12 O11,14.0,12.0,11.0,0.0,0.0,0.0,0.0,0.0,0.0,tannin,0.9073757037448281
726,354.2037738,354.2036271,354.2036883,2.266666667,0.4,C15 H34 O6 S1 13C1,16.0,34.0,6.0,1.0,0.0,1.0,0.0,0.0,0.0,lipid,0.881025296399477
727,354.1641959,354.1640493,354.1639315,1.529411765,0.411764706,C17 H26 O7 13C1,18.0,26.0,7.0,0.0,0.0,1.0,0.0,0.0,0.0,lignin,0.714233278824674
728,354.1276008,354.1274542,354.127546,1.375,0.5,C16 H22 O8 13C1,17.0,22.0,8.0,0.0,0.0,1.0,0.0,0.0,0.0,lignin,0.8558770867811951
729,353.2157068,353.2155609,353.2155896,1.7,0.15,C20 H34 O3 S1,20.0,34.0,3.0,1.0,0.0,0.0,0.0,0.0,0.0,lipid,0.9024854380471068
730,353.2005295,353.2003836,353.2003335,2.125,0.375,C16 H34 O6 S1,16.0,34.0,6.0,1.0,0.0,0.0,0.0,0.0,0.0,lipid,0.8805059043682597
731,353.1971767,353.1970308,353.1969622,1.578947368,0.315789474,C19 H30 O6,19.0,30.0,6.0,0.0,0.0,0.0,0.0,0.0,0.0,lipid,0.8936332481473148
732,353.1793814,353.1792355,353.1792041,1.578947368,0.210526316,C19 H30 O4 S1,19.0,30.0,4.0,1.0,0.0,0.0,0.0,0.0,0.0,lipid,0.9049222501838379
733,353.1606984,353.1605525,353.1605766,1.444444444,0.388888889,C18 H26 O7,18.0,26.0,7.0,0.0,0.0,0.0,0.0,0.0,0.0,lignin,0.852497948510852
734,353.1243522,353.1242064,353.1241911,1.294117647,0.470588235,C17 H22 O8,17.0,22.0,8.0,0.0,0.0,0.0,0.0,0.0,0.0,lignin,0.8580587781326574
735,353.0879845,353.0878387,353.0878056,1.125,0.5625,C16 H18 O9,16.0,18.0,9.0,0.0,0.0,0.0,0.0,0.0,0.0,lignin,0.8640486212740811
736,353.0667109,353.0665651,353.0666763,0.736842105,0.368421053,C19 H14 O7,19.0,14.0,7.0,0.0,0.0,0.0,0.0,0.0,0.0,tannin,0.875570569088923
737,353.0515228,353.051377,353.0514201,0.933333333,0.666666667,C15 H14 O10,15.0,14.0,10.0,0.0,0.0,0.0,0.0,0.0,0.0,tannin,0.9038722731183986
738,352.1881269,352.1879817,352.1880382,2.133333333,0.4,C15 H32 O6 S1 13C1,16.0,32.0,6.0,1.0,0.0,1.0,0.0,0.0,0.0,lipid,0.8802200581766249
739,352.1847251,352.1845799,352.1846669,1.555555556,0.333333333,C18 H28 O6 13C1,19.0,28.0,6.0,0.0,0.0,1.0,0.0,0.0,0.0,lipid,0.8939832484480863
740,352.1484943,352.1483492,352.1482814,1.411764706,0.411764706,C17 H24 O7 13C1,18.0,24.0,7.0,0.0,0.0,1.0,0.0,0.0,0.0,lignin,0.8536124892890739
741,352.1120103,352.1118652,352.1118959,1.25,0.5,C16 H20 O8 13C1,17.0,20.0,8.0,0.0,0.0,1.0,0.0,0.0,0.0,lignin,0.859461773928792
742,352.0762854,352.0761403,352.076136,0.833333333,0.166666667,C18 H15 O3 S1 N3,18.0,15.0,3.0,1.0,3.0,0.0,0.0,0.0,0.16666666666666666,tannin,0.49870787768612707
743,351.2177934,351.2176489,351.2176976,1.6,0.25,C20 H32 O5,20.0,32.0,5.0,0.0,0.0,0.0,0.0,0.0,0.0,lipid,0.9027902535012388
744,351.1849101,351.1847656,351.1846834,2.0,0.375,C16 H32 O6 S1,16.0,32.0,6.0,1.0,0.0,0.0,0.0,0.0,0.0,lipid,0.8822187270475151
745,351.1815251,351.1813806,351.1813121,1.473684211,0.315789474,C19 H28 O6,19.0,28.0,6.0,0.0,0.0,0.0,0.0,0.0,0.0,lipid,0.597758489194349
746,351.1450028,351.1448583,351.1449266,1.333333333,0.388888889,C18 H24 O7,18.0,24.0,7.0,0.0,0.0,0.0,0.0,0.0,0.0,lignin,0.8557121103029814
747,351.1087624,351.108618,351.1085411,1.176470588,0.470588235,C17 H20 O8,17.0,20.0,8.0,0.0,0.0,0.0,0.0,0.0,0.0,lignin,0.863277798509398
748,351.0722484,351.0721041,351.0721556,1.0,0.5625,C16 H16 O9,16.0,16.0,9.0,0.0,0.0,0.0,0.0,0.0,0.0,lignin,0.9375190296057887
749,351.0359423,351.035798,351.0357701,0.8,0.666666667,C15 H12 O10,15.0,12.0,10.0,0.0,0.0,0.0,0.0,0.0,0.0,tannin,0.9121152908398399
750,350.1691328,350.1689891,350.1690169,1.444444444,0.333333333,C18 H26 O6 13C1,19.0,26.0,6.0,0.0,0.0,1.0,0.0,0.0,0.0,lignin,0.8520692137013153
751,350.132836,350.1326924,350.1326313,1.294117647,0.411764706,C17 H22 O7 13C1,18.0,22.0,7.0,0.0,0.0,1.0,0.0,0.0,0.0,lignin,0.8580292045969926
752,349.2022812,349.2021382,349.2020475,1.5,0.25,C20 H30 O5,20.0,30.0,5.0,0.0,0.0,0.0,0.0,0.0,0.0,lipid,0.9057386725738421
753,349.1657301,349.1655871,349.165662,1.368421053,0.315789474,C19 H26 O6,19.0,26.0,6.0,0.0,0.0,0.0,0.0,0.0,0.0,lignin,0.8539485050410622
754,349.1295133,349.1293704,349.1292765,1.222222222,0.388888889,C18 H22 O7,18.0,22.0,7.0,0.0,0.0,0.0,0.0,0.0,0.0,lignin,0.8606978369621684
755,349.0929713,349.0928284,349.092891,1.058823529,0.470588235,C17 H18 O8,17.0,18.0,8.0,0.0,0.0,0.0,0.0,0.0,0.0,lignin,0.9391815298977093
756,349.0905567,349.0904138,349.0903891,0.857142857,0.142857143,C21 H18 O3 S1,21.0,18.0,3.0,1.0,0.0,0.0,0.0,0.0,0.0,tannin,0.6197610225539519
757,349.0567249,349.056582,349.0565055,0.875,0.5625,C16 H14 O9,16.0,14.0,9.0,0.0,0.0,0.0,0.0,0.0,0.0,tannin,0.9095325607858153
758,349.020205,349.0200622,349.02012,0.666666667,0.666666667,C15 H10 O10,15.0,10.0,10.0,0.0,0.0,0.0,0.0,0.0,0.0,tannin,0.9078663733977107
759,349.0177955,349.0176527,349.0176181,0.526315789,0.263157895,C19 H10 O5 S1,19.0,10.0,5.0,1.0,0.0,0.0,0.0,0.0,0.0,pah,0.954761762307389
760,348.153438,348.1532957,348.1533668,1.333333333,0.333333333,C18 H24 O6 13C1,19.0,24.0,6.0,0.0,0.0,1.0,0.0,0.0,0.0,lignin,0.8551654389159757
761,348.117161,348.1170188,348.1169813,1.176470588,0.411764706,C17 H20 O7 13C1,18.0,20.0,7.0,0.0,0.0,1.0,0.0,0.0,0.0,lignin,0.8635838990533404
762,347.2804361,347.2802945,347.2802979,2.105263158,0.263157895,C19 H40 O5,19.0,40.0,5.0,0.0,0.0,0.0,0.0,0.0,0.0,lipid,0.8924362302768541
763,347.2441261,347.2439845,347.2439123,2.0,0.333333333,C18 H36 O6,18.0,36.0,6.0,0.0,0.0,0.0,0.0,0.0,0.0,lipid,0.8839912284900251
764,347.1866186,347.186477,347.1863975,1.4,0.25,C20 H28 O5,20.0,28.0,5.0,0.0,0.0,0.0,0.0,0.0,0.0,lignin,0.5417735867959198
765,347.1500782,347.1499367,347.150012,1.263157895,0.315789474,C19 H24 O6,19.0,24.0,6.0,0.0,0.0,0.0,0.0,0.0,0.0,lignin,0.8585967345210401
766,347.1172345,347.117093,347.1169978,1.6,0.466666667,C15 H24 O7 S1,15.0,24.0,7.0,1.0,0.0,0.0,0.0,0.0,0.0,lipid,0.5469464105580049
767,347.1138347,347.1136932,347.1136264,1.111111111,0.388888889,C18 H20 O7,18.0,20.0,7.0,0.0,0.0,0.0,0.0,0.0,0.0,lignin,0.8669206215533534
768,347.0985723,347.0984308,347.0983703,1.428571429,0.714285714,C14 H20 O10,14.0,20.0,10.0,0.0,0.0,0.0,0.0,0.0,0.0,lignin,0.5849220149562266
769,347.0773305,347.077189,347.0772409,0.941176471,0.470588235,C17 H16 O8,17.0,16.0,8.0,0.0,0.0,0.0,0.0,0.0,0.0,lignin,0.6082803140462957
770,347.0748723,347.0747309,347.074739,0.761904762,0.142857143,C21 H16 O3 S1,21.0,16.0,3.0,1.0,0.0,0.0,0.0,0.0,0.0,pah,0.9557790960437889
771,347.0620326,347.0618912,347.0619848,1.230769231,0.846153846,C13 H16 O11,13.0,16.0,11.0,0.0,0.0,0.0,0.0,0.0,0.0,lignin,0.6223674138929643
772,347.0410567,347.0409153,347.0408554,0.75,0.5625,C16 H12 O9,16.0,12.0,9.0,0.0,0.0,0.0,0.0,0.0,0.0,tannin,0.9129546728300489
773,347.0386632,347.0385218,347.0383535,0.6,0.2,C20 H12 O4 S1,20.0,12.0,4.0,1.0,0.0,0.0,0.0,0.0,0.0,pah,0.9549871272915986
774,346.1377649,346.1376241,346.1377167,1.222222222,0.333333333,C18 H22 O6 13C1,19.0,22.0,6.0,0.0,0.0,1.0,0.0,0.0,0.0,lignin,0.8604874486797005
775,345.170831,345.1706909,345.1707474,1.3,0.25,C20 H26 O5,20.0,26.0,5.0,0.0,0.0,0.0,0.0,0.0,0.0,lignin,0.8553772841872419
776,345.1555637,345.1554237,345.1554913,1.625,0.5,C16 H26 O8,16.0,26.0,8.0,0.0,0.0,0.0,0.0,0.0,0.0,lipid,0.5698070515660043
777,345.1345667,345.1344267,345.1343619,1.157894737,0.315789474,C19 H22 O6,19.0,22.0,6.0,0.0,0.0,0.0,0.0,0.0,0.0,lignin,0.8646443611917022
778,345.119338,345.119198,345.1191058,1.466666667,0.6,C15 H22 O9,15.0,22.0,9.0,0.0,0.0,0.0,0.0,0.0,0.0,lignin,0.8968618685560716
779,345.1014759,345.1013358,345.1013477,1.466666667,0.466666667,C15 H22 O7 S1,15.0,22.0,7.0,1.0,0.0,0.0,0.0,0.0,0.0,lignin,0.8522105375986422
780,345.0980723,345.0979322,345.0979764,1.0,0.388888889,C18 H18 O7,18.0,18.0,7.0,0.0,0.0,0.0,0.0,0.0,0.0,lignin,0.9386453007985068
781,345.0827936,345.0826536,345.0827202,1.285714286,0.714285714,C14 H18 O10,14.0,18.0,10.0,0.0,0.0,0.0,0.0,0.0,0.0,lignin,0.5988748811103604
782,345.0617856,345.0616456,345.0615909,0.823529412,0.470588235,C17 H14 O8,17.0,14.0,8.0,0.0,0.0,0.0,0.0,0.0,0.0,tannin,0.91104338178093
783,345.0465431,345.0464031,345.0463347,1.076923077,0.846153846,C13 H14 O11,13.0,14.0,11.0,0.0,0.0,0.0,0.0,0.0,0.0,lignin,0.5640847163904019
784,345.0253325,345.0251926,345.0252054,0.625,0.5625,C16 H10 O9,16.0,10.0,9.0,0.0,0.0,0.0,0.0,0.0,0.0,tannin,0.8785869204079019
785,343.2126744,343.2125357,343.2126122,1.777777778,0.333333333,C18 H32 O6,18.0,32.0,6.0,0.0,0.0,0.0,0.0,0.0,0.0,lipid,0.9103383608282736
786,343.1764464,343.1763078,343.1762267,1.647058824,0.411764706,C17 H28 O7,17.0,28.0,7.0,0.0,0.0,0.0,0.0,0.0,0.0,lipid,0.8869825099617297
787,343.1586275,343.1584889,343.1584686,1.647058824,0.294117647,C17 H28 O5 S1,17.0,28.0,5.0,1.0,0.0,0.0,0.0,0.0,0.0,lipid,0.8898850121520221
788,343.1552813,343.1551427,343.1550973,1.2,0.25,C20 H24 O5,20.0,24.0,5.0,0.0,0.0,0.0,0.0,0.0,0.0,lignin,0.8620969614344016
789,343.139909,343.1397704,343.1398412,1.5,0.5,C16 H24 O8,16.0,24.0,8.0,0.0,0.0,0.0,0.0,0.0,0.0,lignin,0.8433573749661694
790,343.1188255,343.1186869,343.1187118,1.052631579,0.315789474,C19 H20 O6,19.0,20.0,6.0,0.0,0.0,0.0,0.0,0.0,0.0,lignin,0.9408711387891717
791,343.1036857,343.1035472,343.1034557,1.333333333,0.6,C15 H20 O9,15.0,20.0,9.0,0.0,0.0,0.0,0.0,0.0,0.0,lignin,0.8651072877873072
792,343.0824921,343.0823536,343.0823263,0.888888889,0.388888889,C18 H16 O7,18.0,16.0,7.0,0.0,0.0,0.0,0.0,0.0,0.0,tannin,0.9089022056801559
793,343.0671409,343.0670024,343.0670702,1.142857143,0.714285714,C14 H16 O10,14.0,16.0,10.0,0.0,0.0,0.0,0.0,0.0,0.0,lignin,0.8821196427901488
794,343.0460445,343.045906,343.0459408,0.705882353,0.470588235,C17 H12 O8,17.0,12.0,8.0,0.0,0.0,0.0,0.0,0.0,0.0,tannin,0.8805498803658571
795,343.030884,343.0307455,343.0306847,0.923076923,0.846153846,C13 H12 O11,13.0,12.0,11.0,0.0,0.0,0.0,0.0,0.0,0.0,tannin,0.905462233666084
796,342.2651645,342.2650265,342.2649821,1.947368421,0.210526316,C19 H37 O4 N1,19.0,37.0,4.0,0.0,1.0,0.0,0.0,0.0,0.05263157894736842,lipid,0.8966498107990984
797,342.1992953,342.1991574,342.1990902,1.777777778,0.166666667,C18 H32 O3 13C1 34S1,19.0,32.0,3.0,0.0,0.0,1.0,1.0,0.0,0.0,lipid,0.9161294705286982
798,342.1826056,342.1824677,342.1825589,1.764705882,0.235294118,C17 H30 O4 S1 13C1,18.0,30.0,4.0,1.0,0.0,1.0,0.0,0.0,0.0,lipid,0.9112534356182442
799,342.1826056,342.1824677,342.1823151,1.315789474,0.157894737,C19 H25 O3 N3,19.0,25.0,3.0,0.0,3.0,0.0,0.0,0.0,0.15789473684210525,peptide,0.8719523745366144
800,342.1277284,342.1275905,342.127546,1.466666667,0.533333333,C15 H22 O8 13C1,16.0,22.0,8.0,0.0,0.0,1.0,0.0,0.0,0.0,lignin,0.8440341707384746
801,342.0912602,342.0911224,342.0911605,1.285714286,0.642857143,C14 H18 O9 13C1,15.0,18.0,9.0,0.0,0.0,1.0,0.0,0.0,0.0,lignin,0.8681091495399957
802,341.2699456,341.2698083,341.2697332,1.9,0.2,C20 H38 O4,20.0,38.0,4.0,0.0,0.0,0.0,0.0,0.0,0.0,lipid,0.9087141193020493
803,341.2067386,341.2066014,341.2066492,1.882352941,0.176470588,C17 H32 O3 S1 13C2,19.0,32.0,3.0,1.0,0.0,2.0,0.0,0.0,0.0,lipid,0.9098172907577601
804,341.2043023,341.2041651,341.2041845,1.684210526,0.105263158,C19 H32 O2 S1 18O1,19.0,32.0,2.0,1.0,0.0,0.0,0.0,1.0,0.0,lipid,0.9027330741199574
805,341.1971042,341.196967,341.1969622,1.666666667,0.333333333,C18 H30 O6,18.0,30.0,6.0,0.0,0.0,0.0,0.0,0.0,0.0,lipid,0.8866181809581267
806,341.1959027,341.1957655,341.1957354,1.684210526,0.157894737,C19 H32 O3 34S1,19.0,32.0,3.0,0.0,0.0,0.0,1.0,0.0,0.0,lipid,0.9025531293072738
807,341.1793762,341.1792391,341.1792041,1.666666667,0.222222222,C18 H30 O4 S1,18.0,30.0,4.0,1.0,0.0,0.0,0.0,0.0,0.0,lipid,0.8936440924996226
808,341.1607274,341.1605902,341.1605766,1.529411765,0.411764706,C17 H26 O7,17.0,26.0,7.0,0.0,0.0,0.0,0.0,0.0,0.0,lignin,0.714233278824674
809,341.1243539,341.1242167,341.1241911,1.375,0.5,C16 H22 O8,16.0,22.0,8.0,0.0,0.0,0.0,0.0,0.0,0.0,lignin,0.8558770867811951
810,341.1091746,341.1090375,341.108935,1.833333333,0.916666667,C12 H22 O11,12.0,22.0,11.0,0.0,0.0,0.0,0.0,0.0,0.0,carbohydrate,0.9049782348390434
811,341.1032845,341.1031474,341.1030618,0.947368421,0.315789474,C19 H18 O6,19.0,18.0,6.0,0.0,0.0,0.0,0.0,0.0,0.0,lignin,0.9446690885011011
812,341.0879243,341.0877872,341.0878056,1.2,0.6,C15 H18 O9,15.0,18.0,9.0,0.0,0.0,0.0,0.0,0.0,0.0,lignin,0.8605637013663646
813,341.0667284,341.0665913,341.0666763,0.777777778,0.388888889,C18 H14 O7,18.0,14.0,7.0,0.0,0.0,0.0,0.0,0.0,0.0,tannin,0.8843592757745377
814,341.0516037,341.0514666,341.0514201,1.0,0.714285714,C14 H14 O10,14.0,14.0,10.0,0.0,0.0,0.0,0.0,0.0,0.0,lignin,0.9362882572194385
815,341.0305226,341.0303855,341.0302907,0.588235294,0.470588235,C17 H10 O8,17.0,10.0,8.0,0.0,0.0,0.0,0.0,0.0,0.0,tannin,0.6155303856224308
816,340.2033501,340.2032137,340.2032944,1.777777778,0.166666667,C18 H32 O3 S1 13C1,19.0,32.0,3.0,1.0,0.0,1.0,0.0,0.0,0.0,lipid,0.9161294705286982
817,340.2033501,340.2032137,340.2030506,1.35,0.1,C20 H27 O2 N3,20.0,27.0,2.0,0.0,3.0,0.0,0.0,0.0,0.15,peptide,0.8704815700868018
818,340.1484483,340.1483119,340.1482814,1.5,0.4375,C16 H24 O7 13C1,17.0,24.0,7.0,0.0,0.0,1.0,0.0,0.0,0.0,lignin,0.8453355476671289
819,340.1120021,340.1118657,340.1118959,1.333333333,0.533333333,C15 H20 O8 13C1,16.0,20.0,8.0,0.0,0.0,1.0,0.0,0.0,0.0,lignin,0.8568780398511537
820,339.2000298,339.1998941,339.1999395,1.684210526,0.157894737,C19 H32 O3 S1,19.0,32.0,3.0,1.0,0.0,0.0,0.0,0.0,0.0,lipid,0.9025531293072738
821,339.1813894,339.1812537,339.1813121,1.555555556,0.333333333,C18 H28 O6,18.0,28.0,6.0,0.0,0.0,0.0,0.0,0.0,0.0,lipid,0.8939832484480863
822,339.1637103,339.1635746,339.163554,1.555555556,0.222222222,C18 H28 O4 S1,18.0,28.0,4.0,1.0,0.0,0.0,0.0,0.0,0.0,lipid,0.905034795379182
823,339.1451412,339.1450055,339.1449266,1.411764706,0.411764706,C17 H24 O7,17.0,24.0,7.0,0.0,0.0,0.0,0.0,0.0,0.0,lignin,0.8536124892890739
824,339.1086223,339.1084867,339.1085411,1.25,0.5,C16 H20 O8,16.0,20.0,8.0,0.0,0.0,0.0,0.0,0.0,0.0,lignin,0.859461773928792
825,339.0723496,339.0722139,339.0721556,1.066666667,0.6,C15 H16 O9,15.0,16.0,9.0,0.0,0.0,0.0,0.0,0.0,0.0,lignin,0.9375341676749738
826,339.0511081,339.0509725,339.0510262,0.666666667,0.388888889,C18 H12 O7,18.0,12.0,7.0,0.0,0.0,0.0,0.0,0.0,0.0,tannin,0.6183471312736659
827,339.0358364,339.0357008,339.0357701,0.857142857,0.714285714,C14 H12 O10,14.0,12.0,10.0,0.0,0.0,0.0,0.0,0.0,0.0,tannin,0.9067838653036295
828,338.2187093,338.2185742,338.2184259,2.2,0.466666667,C15 H33 O7 N1,15.0,33.0,7.0,0.0,1.0,0.0,0.0,0.0,0.06666666666666667,lipid,0.37551812748815594
829,338.2089222,338.2087872,338.2087737,2.266666667,0.333333333,C15 H34 O5 S1 13C1,16.0,34.0,5.0,1.0,0.0,1.0,0.0,0.0,0.0,lipid,0.8798228513611109
830,338.187701,338.187566,338.1876443,1.666666667,0.166666667,C18 H30 O3 S1 13C1,19.0,30.0,3.0,1.0,0.0,1.0,0.0,0.0,0.0,lipid,0.9026298056504704
831,338.187701,338.187566,338.1874005,1.25,0.1,C20 H25 O2 N3,20.0,25.0,2.0,0.0,3.0,0.0,0.0,0.0,0.15,peptide,0.8737103656788004
832,338.1691796,338.1690446,338.1690169,1.529411765,0.352941176,C17 H26 O6 13C1,18.0,26.0,6.0,0.0,0.0,1.0,0.0,0.0,0.0,lipid,0.7336008558490557
833,338.1327403,338.1326054,338.1326313,1.375,0.4375,C16 H22 O7 13C1,17.0,22.0,7.0,0.0,0.0,1.0,0.0,0.0,0.0,lignin,0.8547987798263854
834,338.0963777,338.0962428,338.0962458,1.2,0.533333333,C15 H18 O8 13C1,16.0,18.0,8.0,0.0,0.0,1.0,0.0,0.0,0.0,lignin,0.8611151874168176
835,337.2054999,337.2053656,337.2054188,2.125,0.3125,C16 H34 O5 S1,16.0,34.0,5.0,1.0,0.0,0.0,0.0,0.0,0.0,lipid,0.8813627598339535
836,337.2021232,337.2019888,337.2020475,1.578947368,0.263157895,C19 H30 O5,19.0,30.0,5.0,0.0,0.0,0.0,0.0,0.0,0.0,lipid,0.9029142376183611
837,337.1843739,337.1842396,337.1842895,1.578947368,0.157894737,C19 H30 O3 S1,19.0,30.0,3.0,1.0,0.0,0.0,0.0,0.0,0.0,lipid,0.9049890433210166
838,337.1658892,337.1657549,337.165662,1.444444444,0.333333333,C18 H26 O6,18.0,26.0,6.0,0.0,0.0,0.0,0.0,0.0,0.0,lignin,0.8520692137013153
839,337.1293293,337.129195,337.1292765,1.294117647,0.411764706,C17 H22 O7,17.0,22.0,7.0,0.0,0.0,0.0,0.0,0.0,0.0,lignin,0.8580292045969926
840,337.093101,337.0929668,337.092891,1.125,0.5,C16 H18 O8,16.0,18.0,8.0,0.0,0.0,0.0,0.0,0.0,0.0,lignin,0.8649377403916679
841,337.0565639,337.0564297,337.0565055,0.933333333,0.6,C15 H14 O9,15.0,14.0,9.0,0.0,0.0,0.0,0.0,0.0,0.0,tannin,0.9032475889876415
842,337.02033,337.0201958,337.02012,0.714285714,0.714285714,C14 H10 O10,14.0,10.0,10.0,0.0,0.0,0.0,0.0,0.0,0.0,tannin,0.9147583555183848
843,336.1534466,336.1533131,336.1533668,1.411764706,0.352941176,C17 H24 O6 13C1,18.0,24.0,6.0,0.0,0.0,1.0,0.0,0.0,0.0,lignin,0.8532161373240953
844,336.1172014,336.1170678,336.1169813,1.25,0.4375,C16 H20 O7 13C1,17.0,20.0,7.0,0.0,0.0,1.0,0.0,0.0,0.0,lignin,0.8595975426145843
845,335.1865421,335.1864092,335.1863975,1.473684211,0.263157895,C19 H28 O5,19.0,28.0,5.0,0.0,0.0,0.0,0.0,0.0,0.0,lipid,0.9058961779140209
846,335.1501411,335.1500083,335.150012,1.333333333,0.333333333,C18 H24 O6,18.0,24.0,6.0,0.0,0.0,0.0,0.0,0.0,0.0,lignin,0.8551654389159757
847,335.1137466,335.1136137,335.1136264,1.176470588,0.411764706,C17 H20 O7,17.0,20.0,7.0,0.0,0.0,0.0,0.0,0.0,0.0,lignin,0.8635838990533404
848,335.0774405,335.0773077,335.0772409,1.0,0.5,C16 H16 O8,16.0,16.0,8.0,0.0,0.0,0.0,0.0,0.0,0.0,lignin,0.9381105716616908
849,335.0750019,335.0748691,335.074739,0.8,0.15,C20 H16 O3 S1,20.0,16.0,3.0,1.0,0.0,0.0,0.0,0.0,0.0,pah,0.6978941165676533
850,335.0409285,335.0407957,335.0408554,0.8,0.6,C15 H12 O9,15.0,12.0,9.0,0.0,0.0,0.0,0.0,0.0,0.0,tannin,0.9118854893651083
851,335.0385225,335.0383897,335.0383535,0.631578947,0.210526316,C19 H12 O4 S1,19.0,12.0,4.0,1.0,0.0,0.0,0.0,0.0,0.0,pah,0.9550496377157837
852,334.1742793,334.1741471,334.1741022,1.444444444,0.277777778,C18 H26 O5 13C1,19.0,26.0,5.0,0.0,0.0,1.0,0.0,0.0,0.0,lipid,0.5978631261009373
853,334.1377976,334.1376655,334.1377167,1.294117647,0.352941176,C17 H22 O6 13C1,18.0,22.0,6.0,0.0,0.0,1.0,0.0,0.0,0.0,lignin,0.8566892753566246
854,333.239599,333.2394676,333.2394957,2.125,0.3125,C16 H34 O5 N2,16.0,34.0,5.0,0.0,2.0,0.0,0.0,0.0,0.125,lipid,0.5682323292948384
855,333.207337,333.2072055,333.2071329,1.5,0.2,C20 H30 O4,20.0,30.0,4.0,0.0,0.0,0.0,0.0,0.0,0.0,lipid,0.9057546937892417
856,333.1708209,333.1706895,333.1707474,1.368421053,0.263157895,C19 H26 O5,19.0,26.0,5.0,0.0,0.0,0.0,0.0,0.0,0.0,lignin,0.8534858881876447
857,333.1345394,333.134408,333.1343619,1.222222222,0.333333333,C18 H22 O6,18.0,22.0,6.0,0.0,0.0,0.0,0.0,0.0,0.0,lignin,0.8604874486797005
858,333.0980439,333.0979125,333.0979764,1.058823529,0.411764706,C17 H18 O7,17.0,18.0,7.0,0.0,0.0,0.0,0.0,0.0,0.0,lignin,0.9401085973020669
859,333.0956424,333.095511,333.0954745,0.857142857,0.095238095,C21 H18 O2 S1,21.0,18.0,2.0,1.0,0.0,0.0,0.0,0.0,0.0,pah,0.9569590238263814
860,333.0829191,333.0827878,333.0827202,1.384615385,0.769230769,C13 H18 O10,13.0,18.0,10.0,0.0,0.0,0.0,0.0,0.0,0.0,lignin,0.5858837081847463
861,333.0617835,333.0616521,333.0615909,0.875,0.5,C16 H14 O8,16.0,14.0,8.0,0.0,0.0,0.0,0.0,0.0,0.0,tannin,0.9094405737502246
862,333.0593529,333.0592216,333.059089,0.7,0.15,C20 H14 O3 S1,20.0,14.0,3.0,1.0,0.0,0.0,0.0,0.0,0.0,pah,0.9554341550260746
863,333.0253292,333.0251979,333.0252054,0.666666667,0.6,C15 H10 O9,15.0,10.0,9.0,0.0,0.0,0.0,0.0,0.0,0.0,tannin,0.8918104310974739
864,333.0229521,333.0228208,333.0227034,0.526315789,0.210526316,C19 H10 O4 S1,19.0,10.0,4.0,1.0,0.0,0.0,0.0,0.0,0.0,pah,0.9548276398917673
865,331.1916542,331.1915242,331.1914828,1.4,0.2,C20 H28 O4,20.0,28.0,4.0,0.0,0.0,0.0,0.0,0.0,0.0,lipid,0.7454530363098634
866,331.1551731,331.1550431,331.1550973,1.263157895,0.263157895,C19 H24 O5,19.0,24.0,5.0,0.0,0.0,0.0,0.0,0.0,0.0,lignin,0.8568886518184275
867,331.1399678,331.1398378,331.1398412,1.6,0.533333333,C15 H24 O8,15.0,24.0,8.0,0.0,0.0,0.0,0.0,0.0,0.0,lignin,0.7333510108324296
868,331.12229,331.12216,331.1220831,1.6,0.4,C15 H24 O6 S1,15.0,24.0,6.0,1.0,0.0,0.0,0.0,0.0,0.0,lipid,0.8883462113260732
869,331.1188937,331.1187637,331.1187118,1.111111111,0.333333333,C18 H20 O6,18.0,20.0,6.0,0.0,0.0,0.0,0.0,0.0,0.0,lignin,0.8670870170821307
870,331.103602,331.103472,331.1034557,1.428571429,0.642857143,C14 H20 O9,14.0,20.0,9.0,0.0,0.0,0.0,0.0,0.0,0.0,lignin,0.6894132117822891
871,331.0823857,331.0822558,331.0823263,0.941176471,0.411764706,C17 H16 O7,17.0,16.0,7.0,0.0,0.0,0.0,0.0,0.0,0.0,lignin,0.6084836347782548
872,331.0672246,331.0670947,331.0670702,1.230769231,0.769230769,C13 H16 O10,13.0,16.0,10.0,0.0,0.0,0.0,0.0,0.0,0.0,lignin,0.5715335399731842
873,331.0461559,331.046026,331.0459408,0.75,0.5,C16 H12 O8,16.0,12.0,8.0,0.0,0.0,0.0,0.0,0.0,0.0,tannin,0.9032489768593457
874,329.2699825,329.2698538,329.2697332,2.0,0.210526316,C19 H38 O4,19.0,38.0,4.0,0.0,0.0,0.0,0.0,0.0,0.0,lipid,0.9010941964984275
875,329.2333953,329.2332667,329.2333477,1.888888889,0.277777778,C18 H34 O5,18.0,34.0,5.0,0.0,0.0,0.0,0.0,0.0,0.0,lipid,0.8770166123677781
876,329.1759073,329.1757788,329.1758328,1.3,0.2,C20 H26 O4,20.0,26.0,4.0,0.0,0.0,0.0,0.0,0.0,0.0,lignin,0.8549409600477341
877,329.160646,329.1605174,329.1605766,1.625,0.4375,C16 H26 O7,16.0,26.0,7.0,0.0,0.0,0.0,0.0,0.0,0.0,lipid,0.887384394563776
878,329.1396311,329.1395026,329.1394473,1.157894737,0.263157895,C19 H22 O5,19.0,22.0,5.0,0.0,0.0,0.0,0.0,0.0,0.0,lignin,0.8644020707364083
879,329.1243791,329.1242506,329.1241911,1.466666667,0.533333333,C15 H22 O8,15.0,22.0,8.0,0.0,0.0,0.0,0.0,0.0,0.0,lignin,0.8440341707384746
880,329.1031115,329.102983,329.1030618,1.0,0.333333333,C18 H18 O6,18.0,18.0,6.0,0.0,0.0,0.0,0.0,0.0,0.0,lignin,0.9391886105421801
881,329.0878951,329.0877666,329.0878056,1.285714286,0.642857143,C14 H18 O9,14.0,18.0,9.0,0.0,0.0,0.0,0.0,0.0,0.0,lignin,0.8681091495399957
882,329.0668951,329.0667666,329.0666763,0.823529412,0.411764706,C17 H14 O7,17.0,14.0,7.0,0.0,0.0,0.0,0.0,0.0,0.0,tannin,0.9084702102194235
883,329.0515488,329.0514203,329.0514201,1.076923077,0.769230769,C13 H14 O10,13.0,14.0,10.0,0.0,0.0,0.0,0.0,0.0,0.0,lignin,0.8997305966071183
884,329.0303608,329.0302324,329.0302907,0.625,0.5,C16 H10 O8,16.0,10.0,8.0,0.0,0.0,0.0,0.0,0.0,0.0,tannin,0.822472543438221
885,328.1835132,328.1833853,328.1834401,1.764705882,0.176470588,C17 H30 O3 13C1 34S1,18.0,30.0,3.0,0.0,0.0,1.0,1.0,0.0,0.0,lipid,0.9162158135724232
886,328.1484728,328.1483449,328.1482814,1.6,0.466666667,C15 H24 O7 13C1,16.0,24.0,7.0,0.0,0.0,1.0,0.0,0.0,0.0,lipid,0.5469464105580049
887,328.1119527,328.1118249,328.1118959,1.428571429,0.571428571,C14 H20 O8 13C1,15.0,20.0,8.0,0.0,0.0,1.0,0.0,0.0,0.0,lignin,0.8676465340958656
888,327.254272,327.2541448,327.2540831,1.894736842,0.210526316,C19 H36 O4,19.0,36.0,4.0,0.0,0.0,0.0,0.0,0.0,0.0,lipid,0.9086396838554442
889,327.2177687,327.2176415,327.2176976,1.777777778,0.277777778,C18 H32 O5,18.0,32.0,5.0,0.0,0.0,0.0,0.0,0.0,0.0,lipid,0.9098522139135087
890,327.1911793,327.1910521,327.1909991,1.875,0.1875,C16 H30 O3 S1 13C2,18.0,30.0,3.0,1.0,0.0,2.0,0.0,0.0,0.0,lipid,0.9097199513149974
891,327.1887113,327.1885841,327.1885345,1.666666667,0.111111111,C18 H30 O2 S1 18O1,18.0,30.0,2.0,1.0,0.0,0.0,0.0,1.0,0.0,lipid,0.9028080459603431
892,327.1814578,327.1813307,327.1813121,1.647058824,0.352941176,C17 H28 O6,17.0,28.0,6.0,0.0,0.0,0.0,0.0,0.0,0.0,lipid,0.8878262918026183
893,327.1802808,327.1801536,327.1800853,1.666666667,0.166666667,C18 H30 O3 34S1,18.0,30.0,3.0,0.0,0.0,0.0,1.0,0.0,0.0,lipid,0.9026298056504704
894,327.1636486,327.1635215,327.163554,1.647058824,0.235294118,C17 H28 O4 S1,17.0,28.0,4.0,1.0,0.0,0.0,0.0,0.0,0.0,lipid,0.8938213132574262
895,327.1449847,327.1448576,327.1449266,1.5,0.4375,C16 H24 O7,16.0,24.0,7.0,0.0,0.0,0.0,0.0,0.0,0.0,lignin,0.8453355476671289
896,327.1087248,327.1085977,327.1085411,1.333333333,0.533333333,C15 H20 O8,15.0,20.0,8.0,0.0,0.0,0.0,0.0,0.0,0.0,lignin,0.8568780398511537
897,327.0874663,327.0873392,327.0874117,0.888888889,0.333333333,C18 H16 O6,18.0,16.0,6.0,0.0,0.0,0.0,0.0,0.0,0.0,tannin,0.9090546110433003
898,327.0722881,327.072161,327.0721556,1.142857143,0.642857143,C14 H16 O9,14.0,16.0,9.0,0.0,0.0,0.0,0.0,0.0,0.0,lignin,0.862838604435732
899,327.0512156,327.0510886,327.0510262,0.705882353,0.411764706,C17 H12 O7,17.0,12.0,7.0,0.0,0.0,0.0,0.0,0.0,0.0,tannin,0.8757917221814091
900,327.0358733,327.0357463,327.0357701,0.923076923,0.769230769,C13 H12 O10,13.0,12.0,10.0,0.0,0.0,0.0,0.0,0.0,0.0,tannin,0.9048632456178158
901,326.1876959,326.1875694,326.1876443,1.764705882,0.176470588,C17 H30 O3 S1 13C1,18.0,30.0,3.0,1.0,0.0,1.0,0.0,0.0,0.0,lipid,0.9162158135724232
902,326.1327037,326.1325773,326.1326313,1.466666667,0.466666667,C15 H22 O7 13C1,16.0,22.0,7.0,0.0,0.0,1.0,0.0,0.0,0.0,lignin,0.8522105375986422
903,326.0964427,326.0963164,326.0962458,1.285714286,0.571428571,C14 H18 O8 13C1,15.0,18.0,8.0,0.0,0.0,1.0,0.0,0.0,0.0,lignin,0.8580004395408487
904,325.2022322,325.2021064,325.2020475,1.666666667,0.277777778,C18 H30 O5,18.0,30.0,5.0,0.0,0.0,0.0,0.0,0.0,0.0,lipid,0.889611206356164
905,325.1843338,325.1842081,325.1842895,1.666666667,0.166666667,C18 H30 O3 S1,18.0,30.0,3.0,1.0,0.0,0.0,0.0,0.0,0.0,lipid,0.9026298056504704
906,325.1657328,325.1656071,325.165662,1.529411765,0.352941176,C17 H26 O6,17.0,26.0,6.0,0.0,0.0,0.0,0.0,0.0,0.0,lipid,0.7336008558490557
907,325.1480488,325.1479231,325.147904,1.529411765,0.235294118,C17 H26 O4 S1,17.0,26.0,4.0,1.0,0.0,0.0,0.0,0.0,0.0,lipid,0.905168974241783
908,325.1294309,325.1293052,325.1292765,1.375,0.4375,C16 H22 O7,16.0,22.0,7.0,0.0,0.0,0.0,0.0,0.0,0.0,lignin,0.8547987798263854
909,325.0930148,325.0928892,325.092891,1.2,0.533333333,C15 H18 O8,15.0,18.0,8.0,0.0,0.0,0.0,0.0,0.0,0.0,lignin,0.8611151874168176
910,325.0719648,325.0718392,325.0717616,0.777777778,0.333333333,C18 H14 O6,18.0,14.0,6.0,0.0,0.0,0.0,0.0,0.0,0.0,tannin,0.8769511101179127
911,325.0565894,325.0564638,325.0565055,1.0,0.642857143,C14 H14 O9,14.0,14.0,9.0,0.0,0.0,0.0,0.0,0.0,0.0,lignin,0.936817375609157
912,325.0354704,325.0353448,325.0353761,0.588235294,0.411764706,C17 H10 O7,17.0,10.0,7.0,0.0,0.0,0.0,0.0,0.0,0.0,pah,0.5017352231959984
913,325.0203385,325.0202129,325.02012,0.769230769,0.769230769,C13 H10 O10,13.0,10.0,10.0,0.0,0.0,0.0,0.0,0.0,0.0,tannin,0.9137451236882533
914,324.1720676,324.1719426,324.1719942,1.647058824,0.176470588,C17 H28 O3 S1 13C1,18.0,28.0,3.0,1.0,0.0,1.0,0.0,0.0,0.0,lipid,0.9027175641678495
915,324.1534526,324.1533276,324.1533668,1.5,0.375,C16 H24 O6 13C1,17.0,24.0,6.0,0.0,0.0,1.0,0.0,0.0,0.0,lignin,0.7210066780751461
916,324.1171074,324.1169824,324.1169813,1.333333333,0.466666667,C15 H20 O7 13C1,16.0,20.0,7.0,0.0,0.0,1.0,0.0,0.0,0.0,lignin,0.8568990388449247
917,323.1865509,323.1864266,323.1863975,1.555555556,0.277777778,C18 H28 O5,18.0,28.0,5.0,0.0,0.0,0.0,0.0,0.0,0.0,lipid,0.905019831958972
918,323.1686963,323.168572,323.1686394,1.555555556,0.166666667,C18 H28 O3 S1,18.0,28.0,3.0,1.0,0.0,0.0,0.0,0.0,0.0,lipid,0.9054958497763632
919,323.1501687,323.1500444,323.150012,1.411764706,0.352941176,C17 H24 O6,17.0,24.0,6.0,0.0,0.0,0.0,0.0,0.0,0.0,lignin,0.8532161373240953
920,323.1137139,323.1135897,323.1136264,1.25,0.4375,C16 H20 O7,16.0,20.0,7.0,0.0,0.0,0.0,0.0,0.0,0.0,lignin,0.8595975426145843
921,323.0774297,323.0773055,323.0772409,1.066666667,0.533333333,C15 H16 O8,15.0,16.0,8.0,0.0,0.0,0.0,0.0,0.0,0.0,lignin,0.9384314250449665
922,323.0408903,323.0407661,323.0408554,0.857142857,0.642857143,C14 H12 O9,14.0,12.0,9.0,0.0,0.0,0.0,0.0,0.0,0.0,tannin,0.9101734895278802
923,322.13793,322.1378064,322.1377167,1.375,0.375,C16 H22 O6 13C1,17.0,22.0,6.0,0.0,0.0,1.0,0.0,0.0,0.0,lignin,0.8544202875819928
924,322.1014431,322.1013195,322.1013312,1.2,0.466666667,C15 H18 O7 13C1,16.0,18.0,7.0,0.0,0.0,1.0,0.0,0.0,0.0,lignin,0.8622105658929644
925,321.2106423,321.2105194,321.2105042,2.125,0.25,C16 H34 O4 S1,16.0,34.0,4.0,1.0,0.0,0.0,0.0,0.0,0.0,lipid,0.8923910984945163
926,321.1742978,321.1741749,321.1741187,2.0,0.333333333,C15 H30 O5 S1,15.0,30.0,5.0,1.0,0.0,0.0,0.0,0.0,0.0,lipid,0.8839912284900251
927,321.1709388,321.1708159,321.1707474,1.444444444,0.277777778,C18 H26 O5,18.0,26.0,5.0,0.0,0.0,0.0,0.0,0.0,0.0,lipid,0.5978631261009373
928,321.1344174,321.1342946,321.1343619,1.294117647,0.352941176,C17 H22 O6,17.0,22.0,6.0,0.0,0.0,0.0,0.0,0.0,0.0,lignin,0.8566892753566246
929,321.0981615,321.0980387,321.0979764,1.125,0.4375,C16 H18 O7,16.0,18.0,7.0,0.0,0.0,0.0,0.0,0.0,0.0,lignin,0.8663785152895833
930,321.0616912,321.0615685,321.0615909,0.933333333,0.533333333,C15 H14 O8,15.0,14.0,8.0,0.0,0.0,0.0,0.0,0.0,0.0,tannin,0.9030532619630259
931,321.0252918,321.0251691,321.0252054,0.714285714,0.642857143,C14 H10 O9,14.0,10.0,9.0,0.0,0.0,0.0,0.0,0.0,0.0,tannin,0.9141407816423888
932,320.1222136,320.1220915,320.1220667,1.25,0.375,C16 H20 O6 13C1,17.0,20.0,6.0,0.0,0.0,1.0,0.0,0.0,0.0,lignin,0.8595363644524904
933,319.1915922,319.1914707,319.1914828,1.473684211,0.210526316,C19 H28 O4,19.0,28.0,4.0,0.0,0.0,0.0,0.0,0.0,0.0,lipid,0.9061386834313991
934,319.1551997,319.1550783,319.1550973,1.333333333,0.277777778,C18 H24 O5,18.0,24.0,5.0,0.0,0.0,0.0,0.0,0.0,0.0,lignin,0.8545807044721861
935,319.1188974,319.118776,319.1187118,1.176470588,0.352941176,C17 H20 O6,17.0,20.0,6.0,0.0,0.0,0.0,0.0,0.0,0.0,lignin,0.8636665595698494
936,319.0823694,319.082248,319.0823263,1.0,0.4375,C16 H16 O7,16.0,16.0,7.0,0.0,0.0,0.0,0.0,0.0,0.0,lignin,0.9381706904368453
937,319.0799742,319.0798528,319.0798244,0.8,0.1,C20 H16 O2 S1,20.0,16.0,2.0,1.0,0.0,0.0,0.0,0.0,0.0,pah,0.9561891481920217
938,319.0461204,319.045999,319.0459408,0.8,0.533333333,C15 H12 O8,15.0,12.0,8.0,0.0,0.0,0.0,0.0,0.0,0.0,tannin,0.9117582887929346
939,317.2446635,317.2445434,317.2445811,2.125,0.25,C16 H34 O4 N2,16.0,34.0,4.0,0.0,2.0,0.0,0.0,0.0,0.125,lipid,0.734643976064586
940,317.1759211,317.175801,317.1758328,1.368421053,0.210526316,C19 H26 O4,19.0,26.0,4.0,0.0,0.0,0.0,0.0,0.0,0.0,lignin,0.5419616893746702
941,317.1395196,317.1393996,317.1394473,1.222222222,0.277777778,C18 H22 O5,18.0,22.0,5.0,0.0,0.0,0.0,0.0,0.0,0.0,lignin,0.8612404828743975
942,317.1242591,317.1241391,317.1241911,1.571428571,0.571428571,C14 H22 O8,14.0,22.0,8.0,0.0,0.0,0.0,0.0,0.0,0.0,lignin,0.7699808293856132
943,317.1032325,317.1031125,317.1030618,1.058823529,0.352941176,C17 H18 O6,17.0,18.0,6.0,0.0,0.0,0.0,0.0,0.0,0.0,lignin,0.9411767629784672
944,317.0879523,317.0878324,317.0878056,1.384615385,0.692307692,C13 H18 O9,13.0,18.0,9.0,0.0,0.0,0.0,0.0,0.0,0.0,lignin,0.5880898619588504
945,317.0667224,317.0666024,317.0666763,0.875,0.4375,C16 H14 O7,16.0,14.0,7.0,0.0,0.0,0.0,0.0,0.0,0.0,tannin,0.9093478143131895
946,317.0515512,317.0514312,317.0514201,1.166666667,0.833333333,C12 H14 O10,12.0,14.0,10.0,0.0,0.0,0.0,0.0,0.0,0.0,lignin,0.6100752927030905
947,317.0304658,317.0303459,317.0302907,0.666666667,0.533333333,C15 H10 O8,15.0,10.0,8.0,0.0,0.0,0.0,0.0,0.0,0.0,tannin,0.8810054472017974
948,315.2541952,315.2540766,315.2540831,2.0,0.222222222,C18 H36 O4,18.0,36.0,4.0,0.0,0.0,0.0,0.0,0.0,0.0,lipid,0.9009542844024814
949,315.1815048,315.1813861,315.1813121,1.75,0.375,C16 H28 O6,16.0,28.0,6.0,0.0,0.0,0.0,0.0,0.0,0.0,lipid,0.9103948873639764
950,315.160254,315.1601354,315.1601827,1.263157895,0.210526316,C19 H24 O4,19.0,24.0,4.0,0.0,0.0,0.0,0.0,0.0,0.0,lignin,0.8563152048101884
951,315.1449807,315.1448621,315.1449266,1.6,0.466666667,C15 H24 O7,15.0,24.0,7.0,0.0,0.0,0.0,0.0,0.0,0.0,lipid,0.5469464105580049
952,315.123977,315.1238584,315.1237972,1.111111111,0.277777778,C18 H20 O5,18.0,20.0,5.0,0.0,0.0,0.0,0.0,0.0,0.0,lignin,0.8669946705992919
953,315.1086416,315.108523,315.1085411,1.428571429,0.571428571,C14 H20 O8,14.0,20.0,8.0,0.0,0.0,0.0,0.0,0.0,0.0,lignin,0.8676465340958656
954,315.0874787,315.0873602,315.0874117,0.941176471,0.352941176,C17 H16 O6,17.0,16.0,6.0,0.0,0.0,0.0,0.0,0.0,0.0,lignin,0.9443883808698047
955,315.0723091,315.0721905,315.0721556,1.230769231,0.692307692,C13 H16 O9,13.0,16.0,9.0,0.0,0.0,0.0,0.0,0.0,0.0,lignin,0.869216077903457
956,315.0511453,315.0510268,315.0510262,0.75,0.4375,C16 H12 O7,16.0,12.0,7.0,0.0,0.0,0.0,0.0,0.0,0.0,tannin,0.8856384338559653
957,315.0358238,315.0357053,315.0357701,1.0,0.833333333,C12 H12 O10,12.0,12.0,10.0,0.0,0.0,0.0,0.0,0.0,0.0,lignin,0.8699342715313045
958,314.1678506,314.1677326,314.1677901,1.75,0.1875,C16 H28 O3 13C1 34S1,17.0,28.0,3.0,0.0,0.0,1.0,1.0,0.0,0.0,lipid,0.8915779411434499
959,314.1327375,314.1326196,314.1326313,1.571428571,0.5,C14 H22 O7 13C1,15.0,22.0,7.0,0.0,0.0,1.0,0.0,0.0,0.0,lignin,0.8421333903939011
960,314.0964339,314.096316,314.0962458,1.384615385,0.615384615,C13 H18 O8 13C1,14.0,18.0,8.0,0.0,0.0,1.0,0.0,0.0,0.0,lignin,0.8751242671524487
961,313.2386094,313.2384921,313.238433,1.888888889,0.222222222,C18 H34 O4,18.0,34.0,4.0,0.0,0.0,0.0,0.0,0.0,0.0,lipid,0.9085655367161068
962,313.1811114,313.1809941,313.1809182,1.3,0.15,C20 H26 O3,20.0,26.0,3.0,0.0,0.0,0.0,0.0,0.0,0.0,lignin,0.5426793119367326
963,313.1755161,313.1753989,313.1753491,1.866666667,0.2,C15 H28 O3 S1 13C2,17.0,28.0,3.0,1.0,0.0,2.0,0.0,0.0,0.0,lipid,0.909623926364912
964,313.1730381,313.1729208,313.1728844,1.647058824,0.117647059,C17 H28 O2 S1 18O1,17.0,28.0,2.0,1.0,0.0,0.0,0.0,1.0,0.0,lipid,0.902893332816781
965,313.1657393,313.1656221,313.165662,1.625,0.375,C16 H26 O6,16.0,26.0,6.0,0.0,0.0,0.0,0.0,0.0,0.0,lipid,0.8880166682901779
966,313.1645061,313.1643888,313.1644352,1.647058824,0.176470588,C17 H28 O3 34S1,17.0,28.0,3.0,0.0,0.0,0.0,1.0,0.0,0.0,lipid,0.9027175641678495
967,313.1479559,313.1478387,313.147904,1.625,0.25,C16 H26 O4 S1,16.0,26.0,4.0,1.0,0.0,0.0,0.0,0.0,0.0,lipid,0.8940245517574699
968,313.129466,313.1293488,313.1292765,1.466666667,0.466666667,C15 H22 O7,15.0,22.0,7.0,0.0,0.0,0.0,0.0,0.0,0.0,lignin,0.8522105375986422
969,313.0929531,313.0928359,313.092891,1.285714286,0.571428571,C14 H18 O8,14.0,18.0,8.0,0.0,0.0,0.0,0.0,0.0,0.0,lignin,0.8580004395408487
970,313.0719417,313.0718245,313.0717616,0.823529412,0.352941176,C17 H14 O6,17.0,14.0,6.0,0.0,0.0,0.0,0.0,0.0,0.0,tannin,0.8959702730613325
971,313.0566262,313.056509,313.0565055,1.076923077,0.692307692,C13 H14 O9,13.0,14.0,9.0,0.0,0.0,0.0,0.0,0.0,0.0,lignin,0.9255064973522062
972,313.0354222,313.0353051,313.0353761,0.625,0.4375,C16 H10 O7,16.0,10.0,7.0,0.0,0.0,0.0,0.0,0.0,0.0,tannin,0.6170970469105834
973,312.175089,312.1749725,312.1751218,1.8,0.133333333,C15 H27 O2 S1 N3,15.0,27.0,2.0,1.0,3.0,0.0,0.0,0.0,0.2,peptide,0.8956652741009579
974,312.1721677,312.1720511,312.1719942,1.75,0.1875,C16 H28 O3 S1 13C1,17.0,28.0,3.0,1.0,0.0,1.0,0.0,0.0,0.0,lipid,0.8915779411434499
975,312.1534564,312.1533399,312.1533668,1.6,0.4,C15 H24 O6 13C1,16.0,24.0,6.0,0.0,0.0,1.0,0.0,0.0,0.0,lipid,0.8883462113260732
976,312.1171568,312.1170403,312.1169813,1.428571429,0.5,C14 H20 O7 13C1,15.0,20.0,7.0,0.0,0.0,1.0,0.0,0.0,0.0,lignin,0.8530374102173699
977,311.2229539,311.2228381,311.222783,1.777777778,0.222222222,C18 H32 O4,18.0,32.0,4.0,0.0,0.0,0.0,0.0,0.0,0.0,lipid,0.9112916315418402
978,311.1864882,311.1863724,311.1863975,1.647058824,0.294117647,C17 H28 O5,17.0,28.0,5.0,0.0,0.0,0.0,0.0,0.0,0.0,lipid,0.8898850121520221
979,311.1687625,311.1686467,311.1686394,1.647058824,0.176470588,C17 H28 O3 S1,17.0,28.0,3.0,1.0,0.0,0.0,0.0,0.0,0.0,lipid,0.9027175641678495
980,311.1500833,311.1499675,311.150012,1.5,0.375,C16 H24 O6,16.0,24.0,6.0,0.0,0.0,0.0,0.0,0.0,0.0,lignin,0.7210066780751461
981,311.1138016,311.1136858,311.1136264,1.333333333,0.466666667,C15 H20 O7,15.0,20.0,7.0,0.0,0.0,0.0,0.0,0.0,0.0,lignin,0.8568990388449247
982,311.0772947,311.077179,311.0772409,1.142857143,0.571428571,C14 H16 O8,14.0,16.0,8.0,0.0,0.0,0.0,0.0,0.0,0.0,lignin,0.8638495022608617
983,311.0563028,311.056187,311.0561116,0.705882353,0.352941176,C17 H12 O6,17.0,12.0,6.0,0.0,0.0,0.0,0.0,0.0,0.0,tannin,0.720988092934032
984,311.0409511,311.0408354,311.0408554,0.923076923,0.692307692,C13 H12 O9,13.0,12.0,9.0,0.0,0.0,0.0,0.0,0.0,0.0,tannin,0.9043302071749215
985,310.1776443,310.1775292,310.1774735,2.307692308,0.384615385,C13 H30 O5 S1 13C1,14.0,30.0,5.0,1.0,0.0,1.0,0.0,0.0,0.0,lipid,0.8808895292957079
986,310.1564181,310.156303,310.1563442,1.625,0.1875,C16 H26 O3 S1 13C1,17.0,26.0,3.0,1.0,0.0,1.0,0.0,0.0,0.0,lipid,0.9028192599474792
987,310.1377746,310.1376595,310.1377167,1.466666667,0.4,C15 H22 O6 13C1,16.0,22.0,6.0,0.0,0.0,1.0,0.0,0.0,0.0,lignin,0.8521401014245304
988,310.1013945,310.1012794,310.1013312,1.285714286,0.5,C14 H18 O7 13C1,15.0,18.0,7.0,0.0,0.0,1.0,0.0,0.0,0.0,lignin,0.858265607232622
989,309.2072264,309.207112,309.2071329,1.666666667,0.222222222,C18 H30 O4,18.0,30.0,4.0,0.0,0.0,0.0,0.0,0.0,0.0,lipid,0.8936440924996226
990,309.1742085,309.1740941,309.1741187,2.142857143,0.357142857,C14 H30 O5 S1,14.0,30.0,5.0,1.0,0.0,0.0,0.0,0.0,0.0,lipid,0.8805270025501585
991,309.1708089,309.1706945,309.1707474,1.529411765,0.294117647,C17 H26 O5,17.0,26.0,5.0,0.0,0.0,0.0,0.0,0.0,0.0,lipid,0.9051840961696774
992,309.1530711,309.1529566,309.1529893,1.529411765,0.176470588,C17 H26 O3 S1,17.0,26.0,3.0,1.0,0.0,0.0,0.0,0.0,0.0,lipid,0.9056196517521844
993,309.1345417,309.1344273,309.1343619,1.375,0.375,C16 H22 O6,16.0,22.0,6.0,0.0,0.0,0.0,0.0,0.0,0.0,lignin,0.8544202875819928
994,309.0980717,309.0979574,309.0979764,1.2,0.466666667,C15 H18 O7,15.0,18.0,7.0,0.0,0.0,0.0,0.0,0.0,0.0,lignin,0.8622105658929644
995,309.0616561,309.0615418,309.0615909,1.0,0.571428571,C14 H14 O8,14.0,14.0,8.0,0.0,0.0,0.0,0.0,0.0,0.0,lignin,0.9374378451743167
996,309.0253899,309.0252756,309.0252054,0.769230769,0.692307692,C13 H10 O9,13.0,10.0,9.0,0.0,0.0,0.0,0.0,0.0,0.0,tannin,0.913071378934452
997,308.1221779,308.1220642,308.1220667,1.333333333,0.4,C15 H20 O6 13C1,16.0,20.0,6.0,0.0,0.0,1.0,0.0,0.0,0.0,lignin,0.8557776041607109
998,307.1916371,307.1915241,307.1914828,1.555555556,0.222222222,C18 H28 O4,18.0,28.0,4.0,0.0,0.0,0.0,0.0,0.0,0.0,lipid,0.905034795379182
999,307.1552322,307.1551192,307.1550973,1.411764706,0.294117647,C17 H24 O5,17.0,24.0,5.0,0.0,0.0,0.0,0.0,0.0,0.0,lignin,0.8526399174402866
1000,307.1187514,307.1186384,307.1187118,1.25,0.375,C16 H20 O6,16.0,20.0,6.0,0.0,0.0,0.0,0.0,0.0,0.0,lignin,0.8595363644524904
1001,307.0824672,307.0823542,307.0823263,1.066666667,0.466666667,C15 H16 O7,15.0,16.0,7.0,0.0,0.0,0.0,0.0,0.0,0.0,lignin,0.9394054729317538
1002,307.0461076,307.0459946,307.0459408,0.857142857,0.571428571,C14 H12 O8,14.0,12.0,8.0,0.0,0.0,0.0,0.0,0.0,0.0,tannin,0.9099907868601675
1003,305.2487554,305.2486438,305.2486038,1.7,0.1,C20 H34 O2,20.0,34.0,2.0,0.0,0.0,0.0,0.0,0.0,0.0,lipid,0.9026665582662059
1004,305.175916,305.1758044,305.1758328,1.444444444,0.222222222,C18 H26 O4,18.0,26.0,4.0,0.0,0.0,0.0,0.0,0.0,0.0,lipid,0.906305064803705
1005,305.1396192,305.1395076,305.1394473,1.294117647,0.294117647,C17 H22 O5,17.0,22.0,5.0,0.0,0.0,0.0,0.0,0.0,0.0,lignin,0.8560062114096032
1006,305.1031455,305.1030339,305.1030618,1.125,0.375,C16 H18 O6,16.0,18.0,6.0,0.0,0.0,0.0,0.0,0.0,0.0,lignin,0.8667259995282492
1007,305.0667409,305.0666294,305.0666763,0.933333333,0.466666667,C15 H14 O7,15.0,14.0,7.0,0.0,0.0,0.0,0.0,0.0,0.0,tannin,0.902888941690638
1008,305.0304701,305.0303585,305.0302907,0.714285714,0.571428571,C14 H10 O8,14.0,10.0,8.0,0.0,0.0,0.0,0.0,0.0,0.0,tannin,0.9053111784062173
1009,303.2330731,303.2329629,303.2329537,1.6,0.1,C20 H32 O2,20.0,32.0,2.0,0.0,0.0,0.0,0.0,0.0,0.0,lipid,0.9049891539567966
1010,303.1603085,303.1601982,303.1601827,1.333333333,0.222222222,C18 H24 O4,18.0,24.0,4.0,0.0,0.0,0.0,0.0,0.0,0.0,lignin,0.8541138921156524
1011,303.1239514,303.1238412,303.1237972,1.176470588,0.294117647,C17 H20 O5,17.0,20.0,5.0,0.0,0.0,0.0,0.0,0.0,0.0,lignin,0.8635257803130376
1012,303.1086542,303.108544,303.1085411,1.538461538,0.615384615,C13 H20 O8,13.0,20.0,8.0,0.0,0.0,0.0,0.0,0.0,0.0,lignin,0.5823736990154117
1013,303.0874703,303.0873601,303.0874117,1.0,0.375,C16 H16 O6,16.0,16.0,6.0,0.0,0.0,0.0,0.0,0.0,0.0,lignin,0.9387819963105676
1014,303.0723153,303.0722051,303.0721556,1.333333333,0.75,C12 H16 O9,12.0,16.0,9.0,0.0,0.0,0.0,0.0,0.0,0.0,lignin,0.589863990071753
1015,303.0511025,303.0509923,303.0510262,0.8,0.466666667,C15 H12 O7,15.0,12.0,7.0,0.0,0.0,0.0,0.0,0.0,0.0,tannin,0.911563067689493
1016,301.2386243,301.2385155,301.238433,2.0,0.235294118,C17 H34 O4,17.0,34.0,4.0,0.0,0.0,0.0,0.0,0.0,0.0,lipid,0.902265276734932
1017,301.2173485,301.2172397,301.2173037,1.5,0.1,C20 H30 O2,20.0,30.0,2.0,0.0,0.0,0.0,0.0,0.0,0.0,lipid,0.9062139447411767
1018,301.1656989,301.16559,301.165662,1.733333333,0.4,C15 H26 O6,15.0,26.0,6.0,0.0,0.0,0.0,0.0,0.0,0.0,lipid,0.9104959019640793
1019,301.1293898,301.129281,301.1292765,1.571428571,0.5,C14 H22 O7,14.0,22.0,7.0,0.0,0.0,0.0,0.0,0.0,0.0,lignin,0.8421333903939011
1020,301.1082094,301.1081006,301.1081471,1.058823529,0.294117647,C17 H18 O5,17.0,18.0,5.0,0.0,0.0,0.0,0.0,0.0,0.0,lignin,0.9415500167477054
1021,301.0930503,301.0929415,301.092891,1.384615385,0.615384615,C13 H18 O8,13.0,18.0,8.0,0.0,0.0,0.0,0.0,0.0,0.0,lignin,0.8751242671524487
1022,301.0718247,301.071716,301.0717616,0.875,0.375,C16 H14 O6,16.0,14.0,6.0,0.0,0.0,0.0,0.0,0.0,0.0,tannin,0.9095647813438834
1023,301.056573,301.0564642,301.0565055,1.166666667,0.75,C12 H14 O9,12.0,14.0,9.0,0.0,0.0,0.0,0.0,0.0,0.0,lignin,0.8811229925723323
1024,301.0355291,301.0354204,301.0353761,0.666666667,0.466666667,C15 H10 O7,15.0,10.0,7.0,0.0,0.0,0.0,0.0,0.0,0.0,tannin,0.8760718027125914
1025,300.1170289,300.1169208,300.1169813,1.538461538,0.538461538,C13 H20 O7 13C1,14.0,20.0,7.0,0.0,0.0,1.0,0.0,0.0,0.0,lignin,0.8636158259330294
1026,299.2592836,299.2591761,299.2591685,2.0,0.166666667,C18 H36 O3,18.0,36.0,3.0,0.0,0.0,0.0,0.0,0.0,0.0,lipid,0.8759599682420353
1027,299.2228309,299.2227234,299.222783,1.882352941,0.235294118,C17 H32 O4,17.0,32.0,4.0,0.0,0.0,0.0,0.0,0.0,0.0,lipid,0.9084920574846965
1028,299.2018073,299.2016998,299.2016536,1.4,0.1,C20 H28 O2,20.0,28.0,2.0,0.0,0.0,0.0,0.0,0.0,0.0,lipid,0.9068412849172736
1029,299.1598394,299.1597319,299.159699,1.857142857,0.214285714,C14 H26 O3 S1 13C2,16.0,26.0,3.0,1.0,0.0,2.0,0.0,0.0,0.0,lipid,0.9095303005932337
1030,299.1501722,299.1500648,299.150012,1.6,0.4,C15 H24 O6,15.0,24.0,6.0,0.0,0.0,0.0,0.0,0.0,0.0,lipid,0.8883462113260732
1031,299.148941,299.1488336,299.1487852,1.625,0.1875,C16 H26 O3 34S1,16.0,26.0,3.0,0.0,0.0,0.0,1.0,0.0,0.0,lipid,0.9028192599474792
1032,299.1137279,299.1136204,299.1136264,1.428571429,0.5,C14 H20 O7,14.0,20.0,7.0,0.0,0.0,0.0,0.0,0.0,0.0,lignin,0.8530374102173699
1033,299.0772979,299.0771906,299.0772409,1.230769231,0.615384615,C13 H16 O8,13.0,16.0,8.0,0.0,0.0,0.0,0.0,0.0,0.0,lignin,0.86923654862165
1034,299.056272,299.0561647,299.0561116,0.75,0.375,C16 H12 O6,16.0,12.0,6.0,0.0,0.0,0.0,0.0,0.0,0.0,tannin,0.8773566316636309
1035,299.0409744,299.0408671,299.0408554,1.0,0.75,C12 H12 O9,12.0,12.0,9.0,0.0,0.0,0.0,0.0,0.0,0.0,lignin,0.9360192879463437
1036,298.156429,298.1563222,298.1563442,1.733333333,0.2,C15 H26 O3 S1 13C1,16.0,26.0,3.0,1.0,0.0,1.0,0.0,0.0,0.0,lipid,0.8917208815074147
1037,298.137799,298.1376922,298.1377167,1.571428571,0.428571429,C14 H22 O6 13C1,15.0,22.0,6.0,0.0,0.0,1.0,0.0,0.0,0.0,lipid,0.5801629485111165
1038,298.1013961,298.1012893,298.1013312,1.384615385,0.538461538,C13 H18 O7 13C1,14.0,18.0,7.0,0.0,0.0,1.0,0.0,0.0,0.0,lignin,0.853990153824107
1039,297.2436666,297.2435605,297.2435184,1.888888889,0.166666667,C18 H34 O3,18.0,34.0,3.0,0.0,0.0,0.0,0.0,0.0,0.0,lipid,0.9099152096493137
1040,297.170805,297.1706989,297.1707474,1.625,0.3125,C16 H26 O5,16.0,26.0,5.0,0.0,0.0,0.0,0.0,0.0,0.0,lipid,0.8902729476924985
1041,297.1531257,297.1530197,297.1529893,1.625,0.1875,C16 H26 O3 S1,16.0,26.0,3.0,1.0,0.0,0.0,0.0,0.0,0.0,lipid,0.9028192599474792
1042,297.134438,297.1343319,297.1343619,1.466666667,0.4,C15 H22 O6,15.0,22.0,6.0,0.0,0.0,0.0,0.0,0.0,0.0,lignin,0.8521401014245304
1043,297.0981345,297.0980285,297.0979764,1.285714286,0.5,C14 H18 O7,14.0,18.0,7.0,0.0,0.0,0.0,0.0,0.0,0.0,lignin,0.858265607232622
1044,297.0617298,297.0616238,297.0615909,1.076923077,0.615384615,C13 H14 O8,13.0,14.0,8.0,0.0,0.0,0.0,0.0,0.0,0.0,lignin,0.9374616791450322
1045,297.0405655,297.0404595,297.0404615,0.625,0.375,C16 H10 O6,16.0,10.0,6.0,0.0,0.0,0.0,0.0,0.0,0.0,tannin,0.614096578228415
1046,297.0252491,297.0251431,297.0252054,0.833333333,0.75,C12 H10 O9,12.0,10.0,9.0,0.0,0.0,0.0,0.0,0.0,0.0,tannin,0.9083217423387062
1047,296.1221152,296.1220099,296.1220667,1.428571429,0.428571429,C14 H20 O6 13C1,15.0,20.0,6.0,0.0,0.0,1.0,0.0,0.0,0.0,lignin,0.8531021251883066
1048,295.2279761,295.2278714,295.2278684,1.777777778,0.166666667,C18 H32 O3,18.0,32.0,3.0,0.0,0.0,0.0,0.0,0.0,0.0,lipid,0.9161294705286982
1049,295.1551989,295.1550942,295.1550973,1.5,0.3125,C16 H24 O5,16.0,24.0,5.0,0.0,0.0,0.0,0.0,0.0,0.0,lipid,0.9053963300895331
1050,295.1374798,295.1373751,295.1373393,1.5,0.1875,C16 H24 O3 S1,16.0,24.0,3.0,1.0,0.0,0.0,0.0,0.0,0.0,lipid,0.905766517461984
1051,295.118749,295.1186443,295.1187118,1.333333333,0.4,C15 H20 O6,15.0,20.0,6.0,0.0,0.0,0.0,0.0,0.0,0.0,lignin,0.8557776041607109
1052,295.0824061,295.0823014,295.0823263,1.142857143,0.5,C14 H16 O7,14.0,16.0,7.0,0.0,0.0,0.0,0.0,0.0,0.0,lignin,0.8647448054225672
1053,295.0461047,295.0460001,295.0459408,0.923076923,0.615384615,C13 H12 O8,13.0,12.0,8.0,0.0,0.0,0.0,0.0,0.0,0.0,tannin,0.9036390419493042
1054,294.182608,294.182504,294.1825589,2.307692308,0.307692308,C13 H30 O4 S1 13C1,14.0,30.0,4.0,1.0,0.0,1.0,0.0,0.0,0.0,lipid,0.8797577319373033
1055,294.1065659,294.106462,294.1064166,1.285714286,0.428571429,C14 H18 O6 13C1,15.0,18.0,6.0,0.0,0.0,1.0,0.0,0.0,0.0,lignin,0.8583204993812021
1056,293.2123217,293.2122184,293.2122183,1.666666667,0.166666667,C18 H30 O3,18.0,30.0,3.0,0.0,0.0,0.0,0.0,0.0,0.0,lipid,0.9026298056504704
1057,293.1793575,293.1792542,293.1792041,2.142857143,0.285714286,C14 H30 O4 S1,14.0,30.0,4.0,1.0,0.0,0.0,0.0,0.0,0.0,lipid,0.8937650662189582
1058,293.1759877,293.1758844,293.1758328,1.529411765,0.235294118,C17 H26 O4,17.0,26.0,4.0,0.0,0.0,0.0,0.0,0.0,0.0,lipid,0.905168974241783
1059,293.139567,293.1394637,293.1394473,1.375,0.3125,C16 H22 O5,16.0,22.0,5.0,0.0,0.0,0.0,0.0,0.0,0.0,lignin,0.8537409752996945
1060,293.1031087,293.1030054,293.1030618,1.2,0.4,C15 H18 O6,15.0,18.0,6.0,0.0,0.0,0.0,0.0,0.0,0.0,lignin,0.8624519255261431
1061,293.0667415,293.0666383,293.0666763,1.0,0.5,C14 H14 O7,14.0,14.0,7.0,0.0,0.0,0.0,0.0,0.0,0.0,lignin,0.9381105716616908
1062,293.049107,293.0490037,293.0489182,1.0,0.357142857,C14 H14 O5 S1,14.0,14.0,5.0,1.0,0.0,0.0,0.0,0.0,0.0,lignin,0.9389574379667742
1063,293.0304361,293.0303329,293.0302907,0.769230769,0.615384615,C13 H10 O8,13.0,10.0,8.0,0.0,0.0,0.0,0.0,0.0,0.0,tannin,0.9127014588558909
1064,292.2131891,292.2130865,292.2129466,2.214285714,0.357142857,C14 H31 O5 N1,14.0,31.0,5.0,0.0,1.0,0.0,0.0,0.0,0.07142857142857142,lipid,0.8282034967141284
1065,291.1603445,291.1602426,291.1601827,1.411764706,0.235294118,C17 H24 O4,17.0,24.0,4.0,0.0,0.0,0.0,0.0,0.0,0.0,lipid,0.5977689434241291
1066,291.1239041,291.1238022,291.1237972,1.25,0.3125,C16 H20 O5,16.0,20.0,5.0,0.0,0.0,0.0,0.0,0.0,0.0,lignin,0.8590890134974964
1067,291.0874599,291.087358,291.0874117,1.066666667,0.4,C15 H16 O6,15.0,16.0,6.0,0.0,0.0,0.0,0.0,0.0,0.0,lignin,0.9405464776260228
1068,291.0511073,291.0510055,291.0510262,0.857142857,0.5,C14 H12 O7,14.0,12.0,7.0,0.0,0.0,0.0,0.0,0.0,0.0,tannin,0.909882677844233
1069,291.014775,291.0146731,291.0146407,0.615384615,0.615384615,C13 H8 O8,13.0,8.0,8.0,0.0,0.0,0.0,0.0,0.0,0.0,tannin,0.8816557835786212
1070,289.1446503,289.1445498,289.1445327,1.294117647,0.235294118,C17 H22 O4,17.0,22.0,4.0,0.0,0.0,0.0,0.0,0.0,0.0,lignin,0.8554423689663867
1071,289.1082003,289.1080998,289.1081471,1.125,0.3125,C16 H18 O5,16.0,18.0,5.0,0.0,0.0,0.0,0.0,0.0,0.0,lignin,0.8668119331941735
1072,289.093054,289.0929535,289.092891,1.5,0.666666667,C12 H18 O8,12.0,18.0,8.0,0.0,0.0,0.0,0.0,0.0,0.0,lignin,0.5827334864284917
1073,289.071813,289.0717125,289.0717616,0.933333333,0.4,C15 H14 O6,15.0,14.0,6.0,0.0,0.0,0.0,0.0,0.0,0.0,tannin,0.9078967809026871
1074,289.0565912,289.0564907,289.0565055,1.272727273,0.818181818,C11 H14 O9,11.0,14.0,9.0,0.0,0.0,0.0,0.0,0.0,0.0,lignin,0.6147681221618215
1075,289.0355008,289.0354003,289.0353761,0.714285714,0.5,C14 H10 O7,14.0,10.0,7.0,0.0,0.0,0.0,0.0,0.0,0.0,tannin,0.886907156241457
1076,287.2228424,287.2227431,287.222783,2.0,0.25,C16 H32 O4,16.0,32.0,4.0,0.0,0.0,0.0,0.0,0.0,0.0,lipid,0.8949112535639223
1077,287.1501713,287.1500722,287.150012,1.714285714,0.428571429,C14 H24 O6,14.0,24.0,6.0,0.0,0.0,0.0,0.0,0.0,0.0,lipid,0.9120098467850731
1078,287.1289303,287.1288312,287.1288826,1.176470588,0.235294118,C17 H20 O4,17.0,20.0,4.0,0.0,0.0,0.0,0.0,0.0,0.0,lignin,0.8631794027763069
1079,287.1137883,287.1136891,287.1136264,1.538461538,0.538461538,C13 H20 O7,13.0,20.0,7.0,0.0,0.0,0.0,0.0,0.0,0.0,lignin,0.8636158259330294
1080,287.0925626,287.0924634,287.0924971,1.0,0.3125,C16 H16 O5,16.0,16.0,5.0,0.0,0.0,0.0,0.0,0.0,0.0,lignin,0.9393845240461876
1081,287.0773288,287.0772296,287.0772409,1.333333333,0.666666667,C12 H16 O8,12.0,16.0,8.0,0.0,0.0,0.0,0.0,0.0,0.0,lignin,0.9083813389933786
1082,287.0562124,287.0561133,287.0561116,0.8,0.4,C15 H12 O6,15.0,12.0,6.0,0.0,0.0,0.0,0.0,0.0,0.0,tannin,0.8989007775752317
1083,287.0408971,287.040798,287.0408554,1.090909091,0.818181818,C11 H12 O9,11.0,12.0,9.0,0.0,0.0,0.0,0.0,0.0,0.0,lignin,0.6727500803791863
1084,285.2436035,285.2435056,285.2435184,2.0,0.176470588,C17 H34 O3,17.0,34.0,3.0,0.0,0.0,0.0,0.0,0.0,0.0,lipid,0.8758082641925838
1085,285.2072517,285.2071538,285.2071329,1.875,0.25,C16 H30 O4,16.0,30.0,4.0,0.0,0.0,0.0,0.0,0.0,0.0,lipid,0.9084198030861976
1086,285.1345003,285.1344025,285.1343619,1.571428571,0.428571429,C14 H22 O6,14.0,22.0,6.0,0.0,0.0,0.0,0.0,0.0,0.0,lipid,0.5801629485111165
1087,285.0980596,285.0979618,285.0979764,1.384615385,0.538461538,C13 H18 O7,13.0,18.0,7.0,0.0,0.0,0.0,0.0,0.0,0.0,lignin,0.853990153824107
1088,285.0616336,285.0615358,285.0615909,1.166666667,0.666666667,C12 H14 O8,12.0,14.0,8.0,0.0,0.0,0.0,0.0,0.0,0.0,lignin,0.8716059672005706
1089,285.040639,285.0405413,285.0404615,0.666666667,0.4,C15 H10 O6,15.0,10.0,6.0,0.0,0.0,0.0,0.0,0.0,0.0,tannin,0.6708963608779575
1090,284.2677323,284.2676351,284.2676087,2.117647059,0.117647059,C17 H36 O2 13C1,18.0,36.0,2.0,0.0,0.0,1.0,0.0,0.0,0.0,lipid,0.9009765103726359
1091,284.1221604,284.1220633,284.1220667,1.538461538,0.461538462,C13 H20 O6 13C1,14.0,20.0,6.0,0.0,0.0,1.0,0.0,0.0,0.0,lignin,0.842617617005337
1092,283.2643996,283.2643031,283.2642539,2.0,0.111111111,C18 H36 O2,18.0,36.0,2.0,0.0,0.0,0.0,0.0,0.0,0.0,lipid,0.8772183810602238
1093,283.2279886,283.2278921,283.2278684,1.882352941,0.176470588,C17 H32 O3,17.0,32.0,3.0,0.0,0.0,0.0,0.0,0.0,0.0,lipid,0.9098172907577601
1094,283.1551756,283.1550792,283.1550973,1.6,0.333333333,C15 H24 O5,15.0,24.0,5.0,0.0,0.0,0.0,0.0,0.0,0.0,lipid,0.8908387253181619
1095,283.1374707,283.1373743,283.1373393,1.6,0.2,C15 H24 O3 S1,15.0,24.0,3.0,1.0,0.0,0.0,0.0,0.0,0.0,lipid,0.9029389024265715
1096,283.118764,283.1186676,283.1187118,1.428571429,0.428571429,C14 H20 O6,14.0,20.0,6.0,0.0,0.0,0.0,0.0,0.0,0.0,lignin,0.8531021251883066
1097,283.0823753,283.0822789,283.0823263,1.230769231,0.538461538,C13 H16 O7,13.0,16.0,7.0,0.0,0.0,0.0,0.0,0.0,0.0,lignin,0.859936152059013
1098,283.0613438,283.0612474,283.061197,0.75,0.3125,C16 H12 O5,16.0,12.0,5.0,0.0,0.0,0.0,0.0,0.0,0.0,tannin,0.8214204655345485
1099,283.0460103,283.0459139,283.0459408,1.0,0.666666667,C12 H12 O8,12.0,12.0,8.0,0.0,0.0,0.0,0.0,0.0,0.0,lignin,0.9366264785975282
1100,282.2520011,282.2519053,282.2519586,2.0,0.117647059,C17 H34 O2 13C1,18.0,34.0,2.0,0.0,0.0,1.0,0.0,0.0,0.0,lipid,0.8770186717438824
1101,282.1429299,282.1428341,282.1428021,1.571428571,0.357142857,C14 H22 O5 13C1,15.0,22.0,5.0,0.0,0.0,1.0,0.0,0.0,0.0,lipid,0.8916654049594701
1102,282.1065744,282.1064787,282.1064166,1.384615385,0.461538462,C13 H18 O6 13C1,14.0,18.0,6.0,0.0,0.0,1.0,0.0,0.0,0.0,lignin,0.855647337218836
1103,281.2487461,281.2486509,281.2486038,1.888888889,0.111111111,C18 H34 O2,18.0,34.0,2.0,0.0,0.0,0.0,0.0,0.0,0.0,lipid,0.9125050251243889
1104,281.1758817,281.1757866,281.1758328,1.625,0.25,C16 H26 O4,16.0,26.0,4.0,0.0,0.0,0.0,0.0,0.0,0.0,lipid,0.8940245517574699
1105,281.1395001,281.139405,281.1394473,1.466666667,0.333333333,C15 H22 O5,15.0,22.0,5.0,0.0,0.0,0.0,0.0,0.0,0.0,lignin,0.7213482622243065
1106,281.1031246,281.1030295,281.1030618,1.285714286,0.428571429,C14 H18 O6,14.0,18.0,6.0,0.0,0.0,0.0,0.0,0.0,0.0,lignin,0.8583204993812021
1107,281.066789,281.066694,281.0666763,1.076923077,0.538461538,C13 H14 O7,13.0,14.0,7.0,0.0,0.0,0.0,0.0,0.0,0.0,lignin,0.9385269548055357
1108,281.0304234,281.0303284,281.0302907,0.833333333,0.666666667,C12 H10 O8,12.0,10.0,8.0,0.0,0.0,0.0,0.0,0.0,0.0,tannin,0.9108975923352037
1109,280.2647737,280.2646792,280.2645882,1.944444444,0.055555556,C18 H35 O1 N1,18.0,35.0,1.0,0.0,1.0,0.0,0.0,0.0,0.05555555555555555,lipid,0.9112670313496732
1110,280.1271977,280.1271033,280.127152,1.428571429,0.357142857,C14 H20 O5 13C1,15.0,20.0,5.0,0.0,0.0,1.0,0.0,0.0,0.0,lignin,0.8528711625420383
1111,279.2329959,279.2329021,279.2329537,1.777777778,0.111111111,C18 H32 O2,18.0,32.0,2.0,0.0,0.0,0.0,0.0,0.0,0.0,lipid,0.9186339738140527
1112,279.1636407,279.1635469,279.163554,2.153846154,0.307692308,C13 H28 O4 S1,13.0,28.0,4.0,1.0,0.0,0.0,0.0,0.0,0.0,lipid,0.8810494026281821
1113,279.1602392,279.1601454,279.1601827,1.5,0.25,C16 H24 O4,16.0,24.0,4.0,0.0,0.0,0.0,0.0,0.0,0.0,lipid,0.9057386725738421
1114,279.1238741,279.1237804,279.1237972,1.333333333,0.333333333,C15 H20 O5,15.0,20.0,5.0,0.0,0.0,0.0,0.0,0.0,0.0,lignin,0.8551654389159757
1115,279.0875327,279.087439,279.0874117,1.142857143,0.428571429,C14 H16 O6,14.0,16.0,6.0,0.0,0.0,0.0,0.0,0.0,0.0,lignin,0.86536062181472
1116,279.0511644,279.0510707,279.0510262,0.923076923,0.538461538,C13 H12 O7,13.0,12.0,7.0,0.0,0.0,0.0,0.0,0.0,0.0,tannin,0.9034052875631626
1117,279.0147937,279.0147001,279.0146407,0.666666667,0.666666667,C12 H8 O8,12.0,8.0,8.0,0.0,0.0,0.0,0.0,0.0,0.0,tannin,0.9078663733977107
1118,277.1445938,277.1445014,277.1445327,1.375,0.25,C16 H22 O4,16.0,22.0,4.0,0.0,0.0,0.0,0.0,0.0,0.0,lignin,0.8532178669268617
1119,277.108249,277.1081567,277.1081471,1.2,0.333333333,C15 H18 O5,15.0,18.0,5.0,0.0,0.0,0.0,0.0,0.0,0.0,lignin,0.8624573785737117
1120,277.0718892,277.0717969,277.0717616,1.0,0.428571429,C14 H14 O6,14.0,14.0,6.0,0.0,0.0,0.0,0.0,0.0,0.0,lignin,0.9382571288507146
1121,277.0355106,277.0354183,277.0353761,0.769230769,0.538461538,C13 H10 O7,13.0,10.0,7.0,0.0,0.0,0.0,0.0,0.0,0.0,tannin,0.9124760919264538
1122,275.1289593,275.1288683,275.1288826,1.25,0.25,C16 H20 O4,16.0,20.0,4.0,0.0,0.0,0.0,0.0,0.0,0.0,lignin,0.8584587861005847
1123,275.0925732,275.0924822,275.0924971,1.066666667,0.333333333,C15 H16 O5,15.0,16.0,5.0,0.0,0.0,0.0,0.0,0.0,0.0,lignin,0.9419074772657214
1124,275.0562219,275.0561309,275.0561116,0.857142857,0.428571429,C14 H12 O6,14.0,12.0,6.0,0.0,0.0,0.0,0.0,0.0,0.0,tannin,0.9101374825790263
1125,275.0198147,275.0197237,275.0197261,0.615384615,0.538461538,C13 H8 O7,13.0,8.0,7.0,0.0,0.0,0.0,0.0,0.0,0.0,tannin,0.8237883929346351
1126,273.2072654,273.2071756,273.2071329,2.0,0.266666667,C15 H30 O4,15.0,30.0,4.0,0.0,0.0,0.0,0.0,0.0,0.0,lipid,0.8946886355739408
1127,273.1345014,273.1344118,273.1343619,1.692307692,0.461538462,C13 H22 O6,13.0,22.0,6.0,0.0,0.0,0.0,0.0,0.0,0.0,lipid,0.9104781452149295
1128,273.0981091,273.0980194,273.0979764,1.5,0.583333333,C12 H18 O7,12.0,18.0,7.0,0.0,0.0,0.0,0.0,0.0,0.0,lignin,0.8961767060147693
1129,273.0768781,273.0767885,273.076847,0.933333333,0.333333333,C15 H14 O5,15.0,14.0,5.0,0.0,0.0,0.0,0.0,0.0,0.0,tannin,0.9076881399548344
1130,273.0617262,273.0616366,273.0615909,1.272727273,0.727272727,C11 H14 O8,11.0,14.0,8.0,0.0,0.0,0.0,0.0,0.0,0.0,lignin,0.5997762449136061
1131,273.0404678,273.0403782,273.0404615,0.714285714,0.428571429,C14 H10 O6,14.0,10.0,6.0,0.0,0.0,0.0,0.0,0.0,0.0,tannin,0.8777318422507452
1132,271.2279304,271.227842,271.2278684,2.0,0.1875,C16 H32 O3,16.0,32.0,3.0,0.0,0.0,0.0,0.0,0.0,0.0,lipid,0.8756525087525968
1133,271.1551719,271.1550836,271.1550973,1.714285714,0.357142857,C14 H24 O5,14.0,24.0,5.0,0.0,0.0,0.0,0.0,0.0,0.0,lipid,0.9110109440261974
1134,271.1187835,271.1186952,271.1187118,1.538461538,0.461538462,C13 H20 O6,13.0,20.0,6.0,0.0,0.0,0.0,0.0,0.0,0.0,lignin,0.842617617005337
1135,271.0823989,271.0823106,271.0823263,1.333333333,0.583333333,C12 H16 O7,12.0,16.0,7.0,0.0,0.0,0.0,0.0,0.0,0.0,lignin,0.8666134186730344
1136,271.0613115,271.0612232,271.061197,0.8,0.333333333,C15 H12 O5,15.0,12.0,5.0,0.0,0.0,0.0,0.0,0.0,0.0,tannin,0.880376890853686
1137,271.0460262,271.0459379,271.0459408,1.090909091,0.727272727,C11 H12 O8,11.0,12.0,8.0,0.0,0.0,0.0,0.0,0.0,0.0,lignin,0.8966045338519388
1138,271.0249357,271.0248474,271.0248114,0.571428571,0.428571429,C14 H8 O6,14.0,8.0,6.0,0.0,0.0,0.0,0.0,0.0,0.0,pah,0.6268888699258163
1139,270.2521123,270.2520246,270.2519586,2.125,0.125,C16 H34 O2 13C1,17.0,34.0,2.0,0.0,0.0,1.0,0.0,0.0,0.0,lipid,0.8935762859240945
1140,270.1065647,270.1064771,270.1064166,1.5,0.5,C12 H18 O6 13C1,13.0,18.0,6.0,0.0,0.0,1.0,0.0,0.0,0.0,lignin,0.8433573749661694
1141,269.2487197,269.2486327,269.2486038,2.0,0.117647059,C17 H34 O2,17.0,34.0,2.0,0.0,0.0,0.0,0.0,0.0,0.0,lipid,0.8770186717438824
1142,269.2123243,269.2122373,269.2122183,1.875,0.1875,C16 H30 O3,16.0,30.0,3.0,0.0,0.0,0.0,0.0,0.0,0.0,lipid,0.9097199513149974
1143,269.1395721,269.1394851,269.1394473,1.571428571,0.357142857,C14 H22 O5,14.0,22.0,5.0,0.0,0.0,0.0,0.0,0.0,0.0,lipid,0.8916654049594701
1144,269.1031921,269.1031051,269.1030618,1.384615385,0.461538462,C13 H18 O6,13.0,18.0,6.0,0.0,0.0,0.0,0.0,0.0,0.0,lignin,0.855647337218836
1145,269.0667908,269.0667039,269.0666763,1.166666667,0.583333333,C12 H14 O7,12.0,14.0,7.0,0.0,0.0,0.0,0.0,0.0,0.0,lignin,0.862636641200339
1146,269.0455901,269.0455031,269.0455469,0.666666667,0.333333333,C15 H10 O5,15.0,10.0,5.0,0.0,0.0,0.0,0.0,0.0,0.0,tannin,0.6151155888371713
1147,269.0304168,269.0303298,269.0302907,0.909090909,0.727272727,C11 H10 O8,11.0,10.0,8.0,0.0,0.0,0.0,0.0,0.0,0.0,tannin,0.90501689352093
1148,267.2329845,267.2328988,267.2329537,1.882352941,0.117647059,C17 H32 O2,17.0,32.0,2.0,0.0,0.0,0.0,0.0,0.0,0.0,lipid,0.9123647585395194
1149,267.1966086,267.1965229,267.1965682,1.75,0.1875,C16 H28 O3,16.0,28.0,3.0,0.0,0.0,0.0,0.0,0.0,0.0,lipid,0.8915779411434499
1150,267.1602473,267.1601616,267.1601827,1.6,0.266666667,C15 H24 O4,15.0,24.0,4.0,0.0,0.0,0.0,0.0,0.0,0.0,lipid,0.9027227663705488
1151,267.1438261,267.1437405,267.1436998,2.166666667,0.333333333,C12 H26 O4 34S1,12.0,26.0,4.0,0.0,0.0,0.0,1.0,0.0,0.0,lipid,0.8805648379227418
1152,267.123853,267.1237673,267.1237972,1.428571429,0.357142857,C14 H20 O5,14.0,20.0,5.0,0.0,0.0,0.0,0.0,0.0,0.0,lignin,0.8528711625420383
1153,267.0874847,267.0873991,267.0874117,1.230769231,0.461538462,C13 H16 O6,13.0,16.0,6.0,0.0,0.0,0.0,0.0,0.0,0.0,lignin,0.8602850793115742
1154,267.0511194,267.0510338,267.0510262,1.0,0.583333333,C12 H12 O7,12.0,12.0,7.0,0.0,0.0,0.0,0.0,0.0,0.0,lignin,0.937330866738933
1155,267.014739,267.0146535,267.0146407,0.727272727,0.727272727,C11 H8 O8,11.0,8.0,8.0,0.0,0.0,0.0,0.0,0.0,0.0,tannin,0.9145279376246502
1156,266.151296,266.151211,266.1512588,2.363636364,0.363636364,C11 H26 O4 S1 13C1,12.0,26.0,4.0,1.0,0.0,1.0,0.0,0.0,0.0,lipid,0.8792198076215062
1157,265.1479454,265.147861,265.147904,2.166666667,0.333333333,C12 H26 O4 S1,12.0,26.0,4.0,1.0,0.0,0.0,0.0,0.0,0.0,lipid,0.8805648379227418
1158,265.1446037,265.1445194,265.1445327,1.466666667,0.266666667,C15 H22 O4,15.0,22.0,4.0,0.0,0.0,0.0,0.0,0.0,0.0,lipid,0.9059406179454281
1159,265.1082653,265.108181,265.1081471,1.285714286,0.357142857,C14 H18 O5,14.0,18.0,5.0,0.0,0.0,0.0,0.0,0.0,0.0,lignin,0.8580977010353766
1160,265.0718752,265.071791,265.0717616,1.076923077,0.461538462,C13 H14 O6,13.0,14.0,6.0,0.0,0.0,0.0,0.0,0.0,0.0,lignin,0.9397362113069458
1161,265.0355107,265.0354264,265.0353761,0.833333333,0.583333333,C12 H10 O7,12.0,10.0,7.0,0.0,0.0,0.0,0.0,0.0,0.0,tannin,0.9106318490754551
1162,264.1241953,264.1241117,264.1241316,1.357142857,0.285714286,C14 H19 O4 N1,14.0,19.0,4.0,0.0,1.0,0.0,0.0,0.0,0.07142857142857142,lignin,0.6608908140517553
1163,263.128996,263.128913,263.1288826,1.333333333,0.266666667,C15 H20 O4,15.0,20.0,4.0,0.0,0.0,0.0,0.0,0.0,0.0,lignin,0.8544825854241301
1164,263.0925656,263.0924827,263.0924971,1.142857143,0.357142857,C14 H16 O5,14.0,16.0,5.0,0.0,0.0,0.0,0.0,0.0,0.0,lignin,0.8655984776823569
1165,263.0561611,263.0560782,263.0561116,0.923076923,0.461538462,C13 H12 O6,13.0,12.0,6.0,0.0,0.0,0.0,0.0,0.0,0.0,tannin,0.9029601947648869
1166,263.0197657,263.0196828,263.0197261,0.666666667,0.583333333,C12 H8 O7,12.0,8.0,7.0,0.0,0.0,0.0,0.0,0.0,0.0,tannin,0.8880670230669914
1167,261.1133429,261.1132613,261.1132325,1.2,0.266666667,C15 H18 O4,15.0,18.0,4.0,0.0,0.0,0.0,0.0,0.0,0.0,lignin,0.8621966287469928
1168,261.0769699,261.0768883,261.076847,1.0,0.357142857,C14 H14 O5,14.0,14.0,5.0,0.0,0.0,0.0,0.0,0.0,0.0,lignin,0.9389574379667742
1169,261.0405553,261.0404737,261.0404615,0.769230769,0.461538462,C13 H10 O6,13.0,10.0,6.0,0.0,0.0,0.0,0.0,0.0,0.0,tannin,0.9018489457523857
1170,259.1187644,259.1186841,259.1187118,1.666666667,0.5,C12 H20 O6,12.0,20.0,6.0,0.0,0.0,0.0,0.0,0.0,0.0,lipid,0.8227734348494588
1171,259.0976629,259.0975826,259.0975825,1.066666667,0.266666667,C15 H16 O4,15.0,16.0,4.0,0.0,0.0,0.0,0.0,0.0,0.0,lignin,0.9426311053117225
1172,259.0824059,259.0823256,259.0823263,1.454545455,0.636363636,C11 H16 O7,11.0,16.0,7.0,0.0,0.0,0.0,0.0,0.0,0.0,lignin,0.6885567985583754
1173,259.0612468,259.0611665,259.061197,0.857142857,0.357142857,C14 H12 O5,14.0,12.0,5.0,0.0,0.0,0.0,0.0,0.0,0.0,tannin,0.9097119228282846
1174,259.0460656,259.0459854,259.0459408,1.2,0.8,C10 H12 O8,10.0,12.0,8.0,0.0,0.0,0.0,0.0,0.0,0.0,lignin,0.5385829862356663
1175,259.0248395,259.0247593,259.0248114,0.615384615,0.461538462,C13 H8 O6,13.0,8.0,6.0,0.0,0.0,0.0,0.0,0.0,0.0,tannin,0.6175919660152388
1176,257.2397848,257.2397057,257.2396634,2.285714286,0.142857143,C14 H32 O2 13C2,16.0,32.0,2.0,0.0,0.0,2.0,0.0,0.0,0.0,lipid,0.8908929329642236
1177,257.2123117,257.2122326,257.2122183,2.0,0.2,C15 H30 O3,15.0,30.0,3.0,0.0,0.0,0.0,0.0,0.0,0.0,lipid,0.9012274197235552
1178,257.1759536,257.1758746,257.1758328,1.857142857,0.285714286,C14 H26 O4,14.0,26.0,4.0,0.0,0.0,0.0,0.0,0.0,0.0,lipid,0.8773475332169658
1179,257.1395589,257.1394799,257.1394473,1.692307692,0.384615385,C13 H22 O5,13.0,22.0,5.0,0.0,0.0,0.0,0.0,0.0,0.0,lipid,0.9111314324360794
1180,257.103133,257.103054,257.1030618,1.5,0.5,C12 H18 O6,12.0,18.0,6.0,0.0,0.0,0.0,0.0,0.0,0.0,lignin,0.8433573749661694
1181,257.0667088,257.0666299,257.0666763,1.272727273,0.636363636,C11 H14 O7,11.0,14.0,7.0,0.0,0.0,0.0,0.0,0.0,0.0,lignin,0.8678471925501243
1182,257.0456527,257.0455737,257.0455469,0.714285714,0.357142857,C14 H10 O5,14.0,10.0,5.0,0.0,0.0,0.0,0.0,0.0,0.0,tannin,0.821309359609371
1183,257.0303244,257.0302455,257.0302907,1.0,0.8,C10 H10 O8,10.0,10.0,8.0,0.0,0.0,0.0,0.0,0.0,0.0,lignin,0.9356643772971147
1184,256.2364179,256.2363395,256.2363086,2.133333333,0.133333333,C15 H32 O2 13C1,16.0,32.0,2.0,0.0,0.0,1.0,0.0,0.0,0.0,lipid,0.8933700162800532
1185,255.2330226,255.2329449,255.2329537,2.0,0.125,C16 H32 O2,16.0,32.0,2.0,0.0,0.0,0.0,0.0,0.0,0.0,lipid,0.8768155094915852
1186,255.1966703,255.1965926,255.1965682,1.866666667,0.2,C15 H28 O3,15.0,28.0,3.0,0.0,0.0,0.0,0.0,0.0,0.0,lipid,0.909623926364912
1187,255.1602941,255.1602165,255.1601827,1.714285714,0.285714286,C14 H24 O4,14.0,24.0,4.0,0.0,0.0,0.0,0.0,0.0,0.0,lipid,0.8864639381004131
1188,255.123855,255.1237774,255.1237972,1.538461538,0.384615385,C13 H20 O5,13.0,20.0,5.0,0.0,0.0,0.0,0.0,0.0,0.0,lipid,0.584844338568189
1189,255.0874389,255.0873613,255.0874117,1.333333333,0.5,C12 H16 O6,12.0,16.0,6.0,0.0,0.0,0.0,0.0,0.0,0.0,lignin,0.8569490914445916
1190,255.0510865,255.0510088,255.0510262,1.090909091,0.636363636,C11 H12 O7,11.0,12.0,7.0,0.0,0.0,0.0,0.0,0.0,0.0,lignin,0.8972249760763764
1191,255.0147463,255.0146688,255.0146407,0.8,0.8,C10 H8 O8,10.0,8.0,8.0,0.0,0.0,0.0,0.0,0.0,0.0,tannin,0.9128480552144536
1192,254.2207655,254.2206884,254.2206585,2.0,0.133333333,C15 H30 O2 13C1,16.0,30.0,2.0,0.0,0.0,1.0,0.0,0.0,0.0,lipid,0.8766085881461982
1193,253.2173465,253.2172701,253.2173037,1.875,0.125,C16 H30 O2,16.0,30.0,2.0,0.0,0.0,0.0,0.0,0.0,0.0,lipid,0.9122224231074885
1194,253.1446404,253.1445641,253.1445327,1.571428571,0.285714286,C14 H22 O4,14.0,22.0,4.0,0.0,0.0,0.0,0.0,0.0,0.0,lipid,0.9029094788950232
1195,253.1082515,253.1081752,253.1081471,1.384615385,0.384615385,C13 H18 O5,13.0,18.0,5.0,0.0,0.0,0.0,0.0,0.0,0.0,lignin,0.8542577857751402
1196,253.0831033,253.083027,253.082995,1.272727273,0.454545455,C11 H14 O5 N2,11.0,14.0,5.0,0.0,2.0,0.0,0.0,0.0,0.18181818181818182,peptide,0.7815037500020976
1197,253.0718306,253.0717543,253.0717616,1.166666667,0.5,C12 H14 O6,12.0,14.0,6.0,0.0,0.0,0.0,0.0,0.0,0.0,lignin,0.8635178765675349
1198,253.0354189,253.0353426,253.0353761,0.909090909,0.636363636,C11 H10 O7,11.0,10.0,7.0,0.0,0.0,0.0,0.0,0.0,0.0,tannin,0.9042049560335108
1199,251.1653689,251.1652938,251.1652681,1.6,0.2,C15 H24 O3,15.0,24.0,3.0,0.0,0.0,0.0,0.0,0.0,0.0,lipid,0.9029389024265715
1200,251.1289792,251.1289041,251.1288826,1.428571429,0.285714286,C14 H20 O4,14.0,20.0,4.0,0.0,0.0,0.0,0.0,0.0,0.0,lignin,0.7216403689590601
1201,251.0925389,251.0924639,251.0924971,1.230769231,0.384615385,C13 H16 O5,13.0,16.0,5.0,0.0,0.0,0.0,0.0,0.0,0.0,lignin,0.8603309231585019
1202,251.0561765,251.0561015,251.0561116,1.0,0.5,C12 H12 O6,12.0,12.0,6.0,0.0,0.0,0.0,0.0,0.0,0.0,lignin,0.9381105716616908
1203,251.0198396,251.0197647,251.0197261,0.727272727,0.636363636,C11 H8 O7,11.0,8.0,7.0,0.0,0.0,0.0,0.0,0.0,0.0,tannin,0.9138058623042212
1204,250.1449628,250.1448884,250.144867,1.5,0.214285714,C14 H21 O3 N1,14.0,21.0,3.0,0.0,1.0,0.0,0.0,0.0,0.07142857142857142,lipid,0.8947826203353436
1205,249.1497207,249.149647,249.149618,1.466666667,0.2,C15 H22 O3,15.0,22.0,3.0,0.0,0.0,0.0,0.0,0.0,0.0,lipid,0.9061868233706191
1206,249.1133345,249.1132608,249.1132325,1.285714286,0.285714286,C14 H18 O4,14.0,18.0,4.0,0.0,0.0,0.0,0.0,0.0,0.0,lignin,0.8562150277618212
1207,249.0768797,249.0768061,249.076847,1.076923077,0.384615385,C13 H14 O5,13.0,14.0,5.0,0.0,0.0,0.0,0.0,0.0,0.0,lignin,0.9412146922616046
1208,249.0405354,249.0404617,249.0404615,0.833333333,0.5,C12 H10 O6,12.0,10.0,6.0,0.0,0.0,0.0,0.0,0.0,0.0,tannin,0.9108462186971457
1209,247.1340016,247.1339292,247.133968,1.333333333,0.2,C15 H20 O3,15.0,20.0,3.0,0.0,0.0,0.0,0.0,0.0,0.0,lignin,0.722901070109357
1210,247.097691,247.0976186,247.0975825,1.142857143,0.285714286,C14 H16 O4,14.0,16.0,4.0,0.0,0.0,0.0,0.0,0.0,0.0,lignin,0.8655404216728684
1211,247.0612882,247.0612158,247.061197,0.923076923,0.384615385,C13 H12 O5,13.0,12.0,5.0,0.0,0.0,0.0,0.0,0.0,0.0,tannin,0.9080979204529367
1212,247.0248386,247.0247663,247.0248114,0.666666667,0.5,C12 H8 O6,12.0,8.0,6.0,0.0,0.0,0.0,0.0,0.0,0.0,tannin,0.87814781580687
1213,245.0456128,245.0455418,245.0455469,0.769230769,0.384615385,C13 H10 O5,13.0,10.0,5.0,0.0,0.0,0.0,0.0,0.0,0.0,tannin,0.8815022636194273
1214,243.1966582,243.1965883,243.1965682,2.0,0.214285714,C14 H28 O3,14.0,28.0,3.0,0.0,0.0,0.0,0.0,0.0,0.0,lipid,0.901048425856256
1215,243.1602719,243.1602021,243.1601827,1.846153846,0.307692308,C13 H24 O4,13.0,24.0,4.0,0.0,0.0,0.0,0.0,0.0,0.0,lipid,0.87721855486704
1216,243.1238341,243.1237644,243.1237972,1.666666667,0.416666667,C12 H20 O5,12.0,20.0,5.0,0.0,0.0,0.0,0.0,0.0,0.0,lipid,0.9114112754316384
1217,243.087515,243.0874453,243.0874117,1.454545455,0.545454545,C11 H16 O6,11.0,16.0,6.0,0.0,0.0,0.0,0.0,0.0,0.0,lignin,0.8771773387749441
1218,243.0510775,243.0510078,243.0510262,1.2,0.7,C10 H12 O7,10.0,12.0,7.0,0.0,0.0,0.0,0.0,0.0,0.0,lignin,0.8701115474426049
1219,242.2207554,242.2206862,242.2206585,2.142857143,0.142857143,C14 H30 O2 13C1,15.0,30.0,2.0,0.0,0.0,1.0,0.0,0.0,0.0,lipid,0.8931469275476488
1220,242.1762107,242.1761415,242.1761671,1.923076923,0.230769231,C13 H25 O3 N1,13.0,25.0,3.0,0.0,1.0,0.0,0.0,0.0,0.07692307692307693,lipid,0.8390773260116762
1221,241.2173379,241.2172693,241.2173037,2.0,0.133333333,C15 H30 O2,15.0,30.0,2.0,0.0,0.0,0.0,0.0,0.0,0.0,lipid,0.8766085881461982
1222,241.1810134,241.1809449,241.1809182,1.857142857,0.214285714,C14 H26 O3,14.0,26.0,3.0,0.0,0.0,0.0,0.0,0.0,0.0,lipid,0.9095303005932337
1223,241.1445736,241.1445051,241.1445327,1.692307692,0.307692308,C13 H22 O4,13.0,22.0,4.0,0.0,0.0,0.0,0.0,0.0,0.0,lipid,0.8865107848622837
1224,241.1082083,241.1081398,241.1081471,1.5,0.416666667,C12 H18 O5,12.0,18.0,5.0,0.0,0.0,0.0,0.0,0.0,0.0,lignin,0.8461609361572195
1225,241.0718709,241.0718025,241.0717616,1.272727273,0.545454545,C11 H14 O6,11.0,14.0,6.0,0.0,0.0,0.0,0.0,0.0,0.0,lignin,0.8585615403772945
1226,241.0354061,241.0353376,241.0353761,1.0,0.7,C10 H10 O7,10.0,10.0,7.0,0.0,0.0,0.0,0.0,0.0,0.0,lignin,0.9363989568870723
1227,240.0707772,240.0707094,240.0706998,1.333333333,0.555555556,C9 H12 O5 N2 13C1,10.0,12.0,5.0,0.0,2.0,1.0,0.0,0.0,0.2,peptide,0.6195654344179312
1228,239.1289079,239.1288407,239.1288826,1.538461538,0.307692308,C13 H20 O4,13.0,20.0,4.0,0.0,0.0,0.0,0.0,0.0,0.0,lipid,0.9051444360177483
1229,239.0925915,239.0925244,239.0924971,1.333333333,0.416666667,C12 H16 O5,12.0,16.0,5.0,0.0,0.0,0.0,0.0,0.0,0.0,lignin,0.8558634344216982
1230,239.0674465,239.0673793,239.067345,1.2,0.5,C10 H12 O5 N2,10.0,12.0,5.0,0.0,2.0,0.0,0.0,0.0,0.2,peptide,0.7846793775772192
1231,239.0561591,239.056092,239.0561116,1.090909091,0.545454545,C11 H12 O6,11.0,12.0,6.0,0.0,0.0,0.0,0.0,0.0,0.0,lignin,0.9361269209800998
1232,239.0198226,239.0197554,239.0197261,0.8,0.7,C10 H8 O7,10.0,8.0,7.0,0.0,0.0,0.0,0.0,0.0,0.0,tannin,0.9119703949043423
1233,237.1496955,237.1496296,237.149618,1.571428571,0.214285714,C14 H22 O3,14.0,22.0,3.0,0.0,0.0,0.0,0.0,0.0,0.0,lipid,0.90495771018232
1234,237.1132683,237.1132024,237.1132325,1.384615385,0.307692308,C13 H18 O4,13.0,18.0,4.0,0.0,0.0,0.0,0.0,0.0,0.0,lignin,0.8534481397421324
1235,237.0769405,237.0768746,237.076847,1.166666667,0.416666667,C12 H14 O5,12.0,14.0,5.0,0.0,0.0,0.0,0.0,0.0,0.0,lignin,0.8640829332157646
1236,237.0404848,237.0404189,237.0404615,0.909090909,0.545454545,C11 H10 O6,11.0,10.0,6.0,0.0,0.0,0.0,0.0,0.0,0.0,tannin,0.9039067005377687
1237,235.170409,235.1703444,235.1703535,1.6,0.133333333,C15 H24 O2,15.0,24.0,2.0,0.0,0.0,0.0,0.0,0.0,0.0,lipid,0.9049246581668637
1238,235.1340317,235.1339671,235.133968,1.428571429,0.214285714,C14 H20 O3,14.0,20.0,3.0,0.0,0.0,0.0,0.0,0.0,0.0,lipid,0.9064590724537369
1239,235.0976706,235.097606,235.0975825,1.230769231,0.307692308,C13 H16 O4,13.0,16.0,4.0,0.0,0.0,0.0,0.0,0.0,0.0,lignin,0.8598610011472492
1240,235.0612505,235.0611859,235.061197,1.0,0.416666667,C12 H12 O5,12.0,12.0,5.0,0.0,0.0,0.0,0.0,0.0,0.0,lignin,0.9383729783247526
1241,235.0249091,235.0248446,235.0248114,0.727272727,0.545454545,C11 H8 O6,11.0,8.0,6.0,0.0,0.0,0.0,0.0,0.0,0.0,tannin,0.9046069383825799
1242,233.1547907,233.1547274,233.1547034,1.466666667,0.133333333,C15 H22 O2,15.0,22.0,2.0,0.0,0.0,0.0,0.0,0.0,0.0,lipid,0.9063370177795363
1243,233.0456152,233.0455519,233.0455469,0.833333333,0.416666667,C12 H10 O5,12.0,10.0,5.0,0.0,0.0,0.0,0.0,0.0,0.0,tannin,0.9106132019608403
1244,231.0299313,231.0298693,231.0298968,0.666666667,0.416666667,C12 H8 O5,12.0,8.0,5.0,0.0,0.0,0.0,0.0,0.0,0.0,tannin,0.8211700261813883
1245,229.181,229.1809392,229.1809182,2.0,0.230769231,C13 H26 O3,13.0,26.0,3.0,0.0,0.0,0.0,0.0,0.0,0.0,lipid,0.9008557440674559
1246,228.2050641,228.205004,228.2050084,2.153846154,0.153846154,C13 H28 O2 13C1,14.0,28.0,2.0,0.0,0.0,1.0,0.0,0.0,0.0,lipid,0.8928959975338561
1247,228.1031238,228.1030638,228.1030022,1.071428571,0.142857143,C14 H15 O2 N1,14.0,15.0,2.0,0.0,1.0,0.0,0.0,0.0,0.07142857142857142,lignin,0.9573594224155911
1248,227.201683,227.2016235,227.2016536,2.0,0.142857143,C14 H28 O2,14.0,28.0,2.0,0.0,0.0,0.0,0.0,0.0,0.0,lipid,0.8763974878267637
1249,227.1289652,227.1289057,227.1288826,1.666666667,0.333333333,C12 H20 O4,12.0,20.0,4.0,0.0,0.0,0.0,0.0,0.0,0.0,lipid,0.8866181809581267
1250,227.0925275,227.0924681,227.0924971,1.454545455,0.454545455,C11 H16 O5,11.0,16.0,5.0,0.0,0.0,0.0,0.0,0.0,0.0,lignin,0.8525940152065388
1251,227.0658947,227.0658353,227.0658359,2.0,1.0,C7 H14 O7 18O1,7.0,14.0,7.0,0.0,0.0,0.0,0.0,1.0,0.0,carbohydrate,0.8934019484865401
1252,227.0561856,227.0561262,227.0561116,1.2,0.6,C10 H12 O6,10.0,12.0,6.0,0.0,0.0,0.0,0.0,0.0,0.0,lignin,0.8605637013663646
1253,226.0649744,226.0649156,226.0649457,2.333333333,1.333333333,C6 H14 O8 13C1,7.0,14.0,8.0,0.0,0.0,1.0,0.0,0.0,0.0,carbohydrate,0.5447091650555639
1254,225.1132689,225.1132108,225.1132325,1.5,0.333333333,C12 H18 O4,12.0,18.0,4.0,0.0,0.0,0.0,0.0,0.0,0.0,lipid,0.5974726827990636
1255,225.0769047,225.0768465,225.076847,1.272727273,0.454545455,C11 H14 O5,11.0,14.0,5.0,0.0,0.0,0.0,0.0,0.0,0.0,lignin,0.8587978397358015
1256,225.0616756,225.0616175,225.0615909,2.0,1.142857143,C7 H14 O8,7.0,14.0,8.0,0.0,0.0,0.0,0.0,0.0,0.0,carbohydrate,0.903181468447178
1257,225.0405453,225.0404872,225.0404615,1.0,0.6,C10 H10 O6,10.0,10.0,6.0,0.0,0.0,0.0,0.0,0.0,0.0,lignin,0.937183515404201
1258,223.0976524,223.0975955,223.0975825,1.333333333,0.333333333,C12 H16 O4,12.0,16.0,4.0,0.0,0.0,0.0,0.0,0.0,0.0,lignin,0.8551654389159757
1259,223.0612363,223.0611795,223.061197,1.090909091,0.454545455,C11 H12 O5,11.0,12.0,5.0,0.0,0.0,0.0,0.0,0.0,0.0,lignin,0.9402671249234376
1260,223.024845,223.0247882,223.0248114,0.8,0.6,C10 H8 O6,10.0,8.0,6.0,0.0,0.0,0.0,0.0,0.0,0.0,tannin,0.9118854893651083
1261,221.1547632,221.1547075,221.1547034,1.571428571,0.142857143,C14 H22 O2,14.0,22.0,2.0,0.0,0.0,0.0,0.0,0.0,0.0,lipid,0.9054497830266183
1262,221.0820089,221.0819533,221.0819324,1.166666667,0.333333333,C12 H14 O4,12.0,14.0,4.0,0.0,0.0,0.0,0.0,0.0,0.0,lignin,0.864180428239405
1263,221.0455953,221.0455397,221.0455469,0.909090909,0.454545455,C11 H10 O5,11.0,10.0,5.0,0.0,0.0,0.0,0.0,0.0,0.0,tannin,0.9085638001158918
1264,219.0299249,219.0298706,219.0298968,0.727272727,0.454545455,C11 H8 O5,11.0,8.0,5.0,0.0,0.0,0.0,0.0,0.0,0.0,tannin,0.8825862418684182
1265,215.1653224,215.1652706,215.1652681,2.0,0.25,C12 H24 O3,12.0,24.0,3.0,0.0,0.0,0.0,0.0,0.0,0.0,lipid,0.8949112535639223
1266,213.1860462,213.1859956,213.1860035,2.0,0.153846154,C13 H26 O2,13.0,26.0,2.0,0.0,0.0,0.0,0.0,0.0,0.0,lipid,0.876181598775134
1267,211.0248457,211.0247965,211.0248114,0.888888889,0.666666667,C9 H8 O6,9.0,8.0,6.0,0.0,0.0,0.0,0.0,0.0,0.0,tannin,0.9051041436534156
1268,209.1084643,209.1084163,209.1084219,1.0,0.0,C14 H14 N2,14.0,14.0,0.0,0.0,2.0,0.0,0.0,0.0,0.14285714285714285,pah,0.75850545767445
1269,209.0455795,209.0455315,209.0455469,1.0,0.5,C10 H10 O5,10.0,10.0,5.0,0.0,0.0,0.0,0.0,0.0,0.0,lignin,0.9381105716616908
1270,207.0299638,207.029917,207.0298968,0.8,0.5,C10 H8 O5,10.0,8.0,5.0,0.0,0.0,0.0,0.0,0.0,0.0,tannin,0.9116910823228206
1271,206.1631634,206.1631173,206.1631436,1.692307692,0.076923077,C13 H22 O1 13C1,14.0,22.0,1.0,0.0,0.0,1.0,0.0,0.0,0.0,lipid,0.9027768309886005
1272,205.1598519,205.1598064,205.1597888,1.571428571,0.071428571,C14 H22 O1,14.0,22.0,1.0,0.0,0.0,0.0,0.0,0.0,0.0,lipid,0.9055909889719477
1273,201.1132574,201.1132144,201.1132325,1.8,0.4,C10 H18 O4,10.0,18.0,4.0,0.0,0.0,0.0,0.0,0.0,0.0,lipid,0.8979828009118617
1274,199.1703948,199.170353,199.1703535,2.0,0.166666667,C12 H24 O2,12.0,24.0,2.0,0.0,0.0,0.0,0.0,0.0,0.0,lipid,0.8759599682420353
1275,195.0299443,195.029905,195.0298968,0.888888889,0.555555556,C9 H8 O5,9.0,8.0,5.0,0.0,0.0,0.0,0.0,0.0,0.0,tannin,0.9091875655957173
1276,191.0197597,191.0197229,191.0197261,1.333333333,1.166666667,C6 H8 O7,6.0,8.0,7.0,0.0,0.0,0.0,0.0,0.0,0.0,carbohydrate,0.9009940751952363
1277,187.1340028,187.1339684,187.133968,2.0,0.3,C10 H20 O3,10.0,20.0,3.0,0.0,0.0,0.0,0.0,0.0,0.0,lipid,0.8940261673562379
1278,187.0976235,187.0975891,187.0975825,1.777777778,0.444444444,C9 H16 O4,9.0,16.0,4.0,0.0,0.0,0.0,0.0,0.0,0.0,lipid,0.8972618057092376
1279,185.1547325,185.1546993,185.1547034,2.0,0.181818182,C11 H22 O2,11.0,22.0,2.0,0.0,0.0,0.0,0.0,0.0,0.0,lipid,0.8757309592250389
1280,171.1390905,171.1390658,171.1390534,2.0,0.2,C10 H20 O2,10.0,20.0,2.0,0.0,0.0,0.0,0.0,0.0,0.0,lipid,0.9012274197235552
