,m/z,Calibrated m/z,Calculated m/z,H/C,O/C,Molecular Formula,C,H,O,S,N,13C,34S,18O,N/C,compound_class,probability
0,661.3847067,661.3840246,661.3839751,0.980392157,0.0,C51 H50,51.0,50.0,0.0,0.0,0.0,0.0,0.0,0.0,0.0,pah,0.9077831637188251
1,661.3847067,661.3840246,661.3838367,2.066666667,0.433333333,C30 H62 O13 S1,30.0,62.0,13.0,1.0,0.0,0.0,0.0,0.0,0.0,lipid,0.8953516753843556
2,619.2401742,619.2395583,619.2396148,1.290322581,0.419354839,C31 H40 O13,31.0,40.0,13.0,0.0,0.0,0.0,0.0,0.0,0.0,lignin,0.8360397584061825
3,617.3584214,617.3578084,617.3576219,2.071428571,0.428571429,C28 H58 O12 S1,28.0,58.0,12.0,1.0,0.0,0.0,0.0,0.0,0.0,lipid,0.8953687762334411
4,607.2401374,607.23954,607.2396148,1.333333333,0.433333333,C30 H40 O13,30.0,40.0,13.0,0.0,0.0,0.0,0.0,0.0,0.0,lignin,0.8353979843474258
5,607.2039221,607.2033248,607.2032293,1.24137931,0.482758621,C29 H36 O14,29.0,36.0,14.0,0.0,0.0,0.0,0.0,0.0,0.0,lignin,0.8388431003122434
6,605.2606945,605.2601001,605.2603503,1.35483871,0.387096774,C31 H42 O12,31.0,42.0,12.0,0.0,0.0,0.0,0.0,0.0,0.0,lignin,0.8342778259901449
7,605.2606945,605.2601001,605.2598372,0.772727273,0.022727273,C44 H34 O1 N2,44.0,34.0,1.0,0.0,2.0,0.0,0.0,0.0,0.045454545454545456,pah,0.9485317441296335
8,605.2242964,605.223702,605.2239647,1.266666667,0.433333333,C30 H38 O13,30.0,38.0,13.0,0.0,0.0,0.0,0.0,0.0,0.0,lignin,0.8368661091219215
9,605.2242964,605.223702,605.2234517,0.697674419,0.046511628,C43 H30 O2 N2,43.0,30.0,2.0,0.0,2.0,0.0,0.0,0.0,0.046511627906976744,pah,0.945433541233608
10,603.2450472,603.2444559,603.2447002,1.290322581,0.387096774,C31 H40 O12,31.0,40.0,12.0,0.0,0.0,0.0,0.0,0.0,0.0,lignin,0.8354347926446678
11,603.2450472,603.2444559,603.2441871,0.727272727,0.022727273,C44 H32 O1 N2,44.0,32.0,1.0,0.0,2.0,0.0,0.0,0.0,0.045454545454545456,pah,0.9461462124833895
12,603.2086363,603.2080451,603.2083147,1.2,0.433333333,C30 H36 O13,30.0,36.0,13.0,0.0,0.0,0.0,0.0,0.0,0.0,lignin,0.8387410582843214
13,603.2086363,603.2080451,603.2078016,0.651162791,0.046511628,C43 H28 O2 N2,43.0,28.0,2.0,0.0,2.0,0.0,0.0,0.0,0.046511627906976744,pah,0.9448156130670864
14,597.255548,597.2549658,597.2547518,0.80952381,0.047619048,C42 H34 O2 N2,42.0,34.0,2.0,0.0,2.0,0.0,0.0,0.0,0.047619047619047616,pah,0.9489183689321777
15,597.2192563,597.2186742,597.2188794,1.357142857,0.5,C28 H38 O14,28.0,38.0,14.0,0.0,0.0,0.0,0.0,0.0,0.0,lignin,0.8361810757911915
16,595.2401459,595.2395668,595.2396148,1.379310345,0.448275862,C29 H40 O13,29.0,40.0,13.0,0.0,0.0,0.0,0.0,0.0,0.0,lignin,0.8347923833824247
17,595.2039898,595.2034107,595.2032293,1.285714286,0.5,C28 H36 O14,28.0,36.0,14.0,0.0,0.0,0.0,0.0,0.0,0.0,lignin,0.8380029393311151
18,593.2610818,593.2605057,593.2603503,1.4,0.4,C30 H42 O12,30.0,42.0,12.0,0.0,0.0,0.0,0.0,0.0,0.0,lignin,0.8337426698163128
19,593.224818,593.224242,593.2239647,1.310344828,0.448275862,C29 H38 O13,29.0,38.0,13.0,0.0,0.0,0.0,0.0,0.0,0.0,lignin,0.8361729391530055
20,591.2455086,591.2449356,591.2447002,1.333333333,0.4,C30 H40 O12,30.0,40.0,12.0,0.0,0.0,0.0,0.0,0.0,0.0,lignin,0.8348312264573547
21,591.2090158,591.2084428,591.2083147,1.24137931,0.448275862,C29 H36 O13,29.0,36.0,13.0,0.0,0.0,0.0,0.0,0.0,0.0,lignin,0.8379006426045296
22,591.1724415,591.1718686,591.1719292,1.142857143,0.5,C28 H32 O14,28.0,32.0,14.0,0.0,0.0,0.0,0.0,0.0,0.0,lignin,0.8794083712790549
23,589.2295116,589.2289416,589.2290501,1.266666667,0.4,C30 H38 O12,30.0,38.0,12.0,0.0,0.0,0.0,0.0,0.0,0.0,lignin,0.8361608935239317
24,589.1930809,589.192511,589.1926646,1.172413793,0.448275862,C29 H34 O13,29.0,34.0,13.0,0.0,0.0,0.0,0.0,0.0,0.0,lignin,0.8375838358433464
25,589.1567269,589.156157,589.1562791,1.071428571,0.5,C28 H30 O14,28.0,30.0,14.0,0.0,0.0,0.0,0.0,0.0,0.0,lignin,0.9232855316257652
26,587.2140825,587.2135155,587.2134001,1.2,0.4,C30 H36 O12,30.0,36.0,12.0,0.0,0.0,0.0,0.0,0.0,0.0,lignin,0.8378584543447772
27,583.2400085,583.2394475,583.2396148,1.428571429,0.464285714,C28 H40 O13,28.0,40.0,13.0,0.0,0.0,0.0,0.0,0.0,0.0,lignin,0.8342195582217433
28,583.2036939,583.203133,583.2032293,1.333333333,0.518518519,C27 H36 O14,27.0,36.0,14.0,0.0,0.0,0.0,0.0,0.0,0.0,lignin,0.8371655882152582
29,581.2247777,581.2242197,581.2239647,1.357142857,0.464285714,C28 H38 O13,28.0,38.0,13.0,0.0,0.0,0.0,0.0,0.0,0.0,lignin,0.8354846338462935
30,581.1883991,581.1878412,581.1875792,1.259259259,0.518518519,C27 H34 O14,27.0,34.0,14.0,0.0,0.0,0.0,0.0,0.0,0.0,lignin,0.8393286247293024
31,579.2813288,579.2807738,579.2805726,0.837209302,0.0,C43 H36 N2,43.0,36.0,0.0,0.0,2.0,0.0,0.0,0.0,0.046511627906976744,pah,0.9291213925786579
32,579.2449762,579.2444212,579.2447002,1.379310345,0.413793103,C29 H40 O12,29.0,40.0,12.0,0.0,0.0,0.0,0.0,0.0,0.0,lignin,0.8342704334627598
33,579.2449762,579.2444212,579.2441871,0.761904762,0.023809524,C42 H32 O1 N2,42.0,32.0,1.0,0.0,2.0,0.0,0.0,0.0,0.047619047619047616,pah,0.9484676966719855
34,579.2088543,579.2082993,579.2083147,1.285714286,0.464285714,C28 H36 O13,28.0,36.0,13.0,0.0,0.0,0.0,0.0,0.0,0.0,lignin,0.8371171861361526
35,579.1727111,579.1721562,579.1719292,1.185185185,0.518518519,C27 H32 O14,27.0,32.0,14.0,0.0,0.0,0.0,0.0,0.0,0.0,lignin,0.8422478987132184
36,577.2661319,577.2655798,577.2654356,1.4,0.366666667,C30 H42 O11,30.0,42.0,11.0,0.0,0.0,0.0,0.0,0.0,0.0,lignin,0.8332965773998516
37,577.2295015,577.2289496,577.2290501,1.310344828,0.413793103,C29 H38 O12,29.0,38.0,12.0,0.0,0.0,0.0,0.0,0.0,0.0,lignin,0.8355076242943296
38,577.1929786,577.1924267,577.1926646,1.214285714,0.464285714,C28 H34 O13,28.0,34.0,13.0,0.0,0.0,0.0,0.0,0.0,0.0,lignin,0.8391813351369303
39,577.1929786,577.1924267,577.1921516,0.634146341,0.048780488,C41 H26 O2 N2,41.0,26.0,2.0,0.0,2.0,0.0,0.0,0.0,0.04878048780487805,pah,0.9446581777947207
40,575.2505773,575.2500282,575.2497856,1.333333333,0.366666667,C30 H40 O11,30.0,40.0,11.0,0.0,0.0,0.0,0.0,0.0,0.0,lignin,0.834332419815118
41,575.2142151,575.2136661,575.2134001,1.24137931,0.413793103,C29 H36 O12,29.0,36.0,12.0,0.0,0.0,0.0,0.0,0.0,0.0,lignin,0.8370665233896251
42,575.1777439,575.177195,575.1770146,1.142857143,0.464285714,C28 H32 O13,28.0,32.0,13.0,0.0,0.0,0.0,0.0,0.0,0.0,lignin,0.8790637800984504
43,573.3318888,573.3313426,573.3314072,2.076923077,0.423076923,C26 H54 O11 S1,26.0,54.0,11.0,1.0,0.0,0.0,0.0,0.0,0.0,lipid,0.8953885066489861
44,573.2346699,573.2341239,573.2341355,1.266666667,0.366666667,C30 H38 O11,30.0,38.0,11.0,0.0,0.0,0.0,0.0,0.0,0.0,lignin,0.8355299496336647
45,573.1983854,573.1978395,573.19775,1.172413793,0.413793103,C29 H34 O12,29.0,34.0,12.0,0.0,0.0,0.0,0.0,0.0,0.0,lignin,0.8365673464042012
46,571.2187999,571.2182569,571.2184854,1.2,0.366666667,C30 H36 O11,30.0,36.0,11.0,0.0,0.0,0.0,0.0,0.0,0.0,lignin,0.8370461395286277
47,571.2187999,571.2182569,571.2179724,0.651162791,0.0,C43 H28 N2,43.0,28.0,0.0,0.0,2.0,0.0,0.0,0.0,0.046511627906976744,pah,0.9451849995919979
48,569.2243146,569.2237746,569.2239647,1.407407407,0.481481481,C27 H38 O13,27.0,38.0,13.0,0.0,0.0,0.0,0.0,0.0,0.0,lignin,0.834837318343482
49,569.1878916,569.1873516,569.1875792,1.307692308,0.538461538,C26 H34 O14,26.0,34.0,14.0,0.0,0.0,0.0,0.0,0.0,0.0,lignin,0.8383950785534017
50,567.2452967,567.2447596,567.2447002,1.428571429,0.428571429,C28 H40 O12,28.0,40.0,12.0,0.0,0.0,0.0,0.0,0.0,0.0,lignin,0.8336997195324882
51,567.2087394,567.2082024,567.2083147,1.333333333,0.481481481,C27 H36 O13,27.0,36.0,13.0,0.0,0.0,0.0,0.0,0.0,0.0,lignin,0.8363369935054866
52,567.1723123,567.1717753,567.1719292,1.230769231,0.538461538,C26 H32 O14,26.0,32.0,14.0,0.0,0.0,0.0,0.0,0.0,0.0,lignin,0.8410669813250493
53,565.2662348,565.2657007,565.2654356,1.448275862,0.379310345,C29 H42 O11,29.0,42.0,11.0,0.0,0.0,0.0,0.0,0.0,0.0,lignin,0.832776753008449
54,565.2296991,565.229165,565.2290501,1.357142857,0.428571429,C28 H38 O12,28.0,38.0,12.0,0.0,0.0,0.0,0.0,0.0,0.0,lignin,0.8348659923260369
55,565.1931195,565.1925855,565.1926646,1.259259259,0.481481481,C27 H34 O13,27.0,34.0,13.0,0.0,0.0,0.0,0.0,0.0,0.0,lignin,0.838255216033593
56,565.1565799,565.1560459,565.1562791,1.153846154,0.538461538,C26 H30 O14,26.0,30.0,14.0,0.0,0.0,0.0,0.0,0.0,0.0,lignin,0.8797711436559418
57,565.1565799,565.1560459,565.155766,0.564102564,0.076923077,C39 H22 O3 N2,39.0,22.0,3.0,0.0,2.0,0.0,0.0,0.0,0.05128205128205128,pah,0.9439649040671372
58,565.120227,565.1196931,565.1198936,1.04,0.6,C25 H26 O15,25.0,26.0,15.0,0.0,0.0,0.0,0.0,0.0,0.0,tannin,0.5345239239171748
59,563.2869703,563.2864391,563.2861711,1.466666667,0.333333333,C30 H44 O10,30.0,44.0,10.0,0.0,0.0,0.0,0.0,0.0,0.0,lipid,0.6150078427360112
60,563.2503364,563.2498052,563.2497856,1.379310345,0.379310345,C29 H40 O11,29.0,40.0,11.0,0.0,0.0,0.0,0.0,0.0,0.0,lignin,0.8337778163907712
61,563.2137696,563.2132385,563.2134001,1.285714286,0.428571429,C28 H36 O12,28.0,36.0,12.0,0.0,0.0,0.0,0.0,0.0,0.0,lignin,0.8363311057415543
62,563.1773023,563.1767712,563.1770146,1.185185185,0.481481481,C27 H32 O13,27.0,32.0,13.0,0.0,0.0,0.0,0.0,0.0,0.0,lignin,0.840805042360736
63,563.1773023,563.1767712,563.1765015,0.6,0.05,C40 H24 O2 N2,40.0,24.0,2.0,0.0,2.0,0.0,0.0,0.0,0.05,pah,0.9443367930685491
64,563.1410222,563.1404912,563.140629,1.076923077,0.538461538,C26 H28 O14,26.0,28.0,14.0,0.0,0.0,0.0,0.0,0.0,0.0,lignin,0.9232869088314007
65,561.2709823,561.2704541,561.270521,1.4,0.333333333,C30 H42 O10,30.0,42.0,10.0,0.0,0.0,0.0,0.0,0.0,0.0,lignin,0.8328864499687902
66,561.234575,561.2340468,561.2341355,1.310344828,0.379310345,C29 H38 O11,29.0,38.0,11.0,0.0,0.0,0.0,0.0,0.0,0.0,lignin,0.8349162611781814
67,561.1982153,561.1976871,561.19775,1.214285714,0.428571429,C28 H34 O12,28.0,34.0,12.0,0.0,0.0,0.0,0.0,0.0,0.0,lignin,0.83817337096499
68,561.1619113,561.1613832,561.1613645,1.111111111,0.481481481,C27 H30 O13,27.0,30.0,13.0,0.0,0.0,0.0,0.0,0.0,0.0,lignin,0.924042422055332
69,561.1255548,561.1250268,561.124979,1.0,0.538461538,C26 H26 O14,26.0,26.0,14.0,0.0,0.0,0.0,0.0,0.0,0.0,tannin,0.7177398878964988
70,561.0893058,561.0887779,561.0885935,0.88,0.6,C25 H22 O15,25.0,22.0,15.0,0.0,0.0,0.0,0.0,0.0,0.0,tannin,0.8889842438081933
71,559.255209,559.2546837,559.254871,1.333333333,0.333333333,C30 H40 O10,30.0,40.0,10.0,0.0,0.0,0.0,0.0,0.0,0.0,lignin,0.8338729306890442
72,559.2188005,559.2182753,559.2184854,1.24137931,0.379310345,C29 H36 O11,29.0,36.0,11.0,0.0,0.0,0.0,0.0,0.0,0.0,lignin,0.8363249218099302
73,559.1825758,559.1820507,559.1820999,1.142857143,0.428571429,C28 H32 O12,28.0,32.0,12.0,0.0,0.0,0.0,0.0,0.0,0.0,lignin,0.8788650611170613
74,557.2399651,557.2394428,557.2392209,1.266666667,0.333333333,C30 H38 O10,30.0,38.0,10.0,0.0,0.0,0.0,0.0,0.0,0.0,lignin,0.834942974054858
75,557.0940819,557.0935598,557.0936789,0.846153846,0.538461538,C26 H22 O14,26.0,22.0,14.0,0.0,0.0,0.0,0.0,0.0,0.0,tannin,0.8902773985173432
76,555.2089056,555.2083863,555.2083147,1.384615385,0.5,C26 H36 O13,26.0,36.0,13.0,0.0,0.0,0.0,0.0,0.0,0.0,lignin,0.8355925287610217
77,555.1724491,555.1719299,555.1719292,1.28,0.56,C25 H32 O14,25.0,32.0,14.0,0.0,0.0,0.0,0.0,0.0,0.0,lignin,0.8911615084112767
78,553.2657544,553.2652379,553.2654356,1.5,0.392857143,C28 H42 O11,28.0,42.0,11.0,0.0,0.0,0.0,0.0,0.0,0.0,lignin,0.6991294615549993
79,553.2293198,553.2288034,553.2290501,1.407407407,0.444444444,C27 H38 O12,27.0,38.0,12.0,0.0,0.0,0.0,0.0,0.0,0.0,lignin,0.8342677878592821
80,553.2293198,553.2288034,553.2285371,0.75,0.025,C40 H30 O1 N2,40.0,30.0,1.0,0.0,2.0,0.0,0.0,0.0,0.05,pah,0.9467249747684992
81,553.2212951,553.2207787,553.220675,0.894736842,0.052631579,C38 H34 O2 S1,38.0,34.0,2.0,1.0,0.0,0.0,0.0,0.0,0.0,pah,0.9240542875627062
82,553.1930976,553.1925813,553.1926646,1.307692308,0.5,C26 H34 O13,26.0,34.0,13.0,0.0,0.0,0.0,0.0,0.0,0.0,lignin,0.837393254383169
83,553.1569166,553.1564004,553.1562791,1.2,0.56,C25 H30 O14,25.0,30.0,14.0,0.0,0.0,0.0,0.0,0.0,0.0,lignin,0.8623735826269293
84,551.2504927,551.2499793,551.2497856,1.428571429,0.392857143,C28 H40 O11,28.0,40.0,11.0,0.0,0.0,0.0,0.0,0.0,0.0,lignin,0.8332192163785981
85,551.2140899,551.2135765,551.2134001,1.333333333,0.444444444,C27 H36 O12,27.0,36.0,12.0,0.0,0.0,0.0,0.0,0.0,0.0,lignin,0.8356017707481657
86,551.1776353,551.1771219,551.1770146,1.230769231,0.5,C26 H32 O13,26.0,32.0,13.0,0.0,0.0,0.0,0.0,0.0,0.0,lignin,0.8397278791009708
87,551.1411388,551.1406255,551.140629,1.12,0.56,C25 H28 O14,25.0,28.0,14.0,0.0,0.0,0.0,0.0,0.0,0.0,lignin,0.9211667890673354
88,551.1046433,551.10413,551.1042435,1.0,0.625,C24 H24 O15,24.0,24.0,15.0,0.0,0.0,0.0,0.0,0.0,0.0,tannin,0.7149311823157929
89,549.2708097,549.2702991,549.270521,1.448275862,0.344827586,C29 H42 O10,29.0,42.0,10.0,0.0,0.0,0.0,0.0,0.0,0.0,lignin,0.705211141807773
90,549.23437,549.2338595,549.2336224,0.731707317,0.0,C41 H30 N2,41.0,30.0,0.0,0.0,2.0,0.0,0.0,0.0,0.04878048780487805,pah,0.9466284967932157
91,549.1981112,549.1976008,549.19775,1.259259259,0.444444444,C27 H34 O12,27.0,34.0,12.0,0.0,0.0,0.0,0.0,0.0,0.0,lignin,0.8373134731105182
92,549.1619383,549.1614279,549.1613645,1.153846154,0.5,C26 H30 O13,26.0,30.0,13.0,0.0,0.0,0.0,0.0,0.0,0.0,lignin,0.8792865919472318
93,547.2919605,547.2914529,547.2912565,1.466666667,0.3,C30 H44 O9,30.0,44.0,9.0,0.0,0.0,0.0,0.0,0.0,0.0,lipid,0.8989858493746435
94,547.2555564,547.2550488,547.254871,1.379310345,0.344827586,C29 H40 O10,29.0,40.0,10.0,0.0,0.0,0.0,0.0,0.0,0.0,lignin,0.8333216646159194
95,547.219081,547.2185734,547.2184854,1.285714286,0.392857143,C28 H36 O11,28.0,36.0,11.0,0.0,0.0,0.0,0.0,0.0,0.0,lignin,0.8356336017273737
96,547.1826011,547.1820936,547.1820999,1.185185185,0.444444444,C27 H32 O12,27.0,32.0,12.0,0.0,0.0,0.0,0.0,0.0,0.0,lignin,0.8395620568384741
97,547.1461481,547.1456406,547.1457144,1.076923077,0.5,C26 H28 O13,26.0,28.0,13.0,0.0,0.0,0.0,0.0,0.0,0.0,lignin,0.9233505876364875
98,547.1097204,547.109213,547.1093289,0.96,0.56,C25 H24 O14,25.0,24.0,14.0,0.0,0.0,0.0,0.0,0.0,0.0,tannin,0.8865314047920663
99,547.0733502,547.0728429,547.0729434,0.833333333,0.625,C24 H20 O15,24.0,20.0,15.0,0.0,0.0,0.0,0.0,0.0,0.0,tannin,0.890111852631329
100,545.2759386,545.2754339,545.2756064,1.4,0.3,C30 H42 O9,30.0,42.0,9.0,0.0,0.0,0.0,0.0,0.0,0.0,lignin,0.8325094714093435
101,545.2397934,545.2392888,545.2392209,1.310344828,0.344827586,C29 H38 O10,29.0,38.0,10.0,0.0,0.0,0.0,0.0,0.0,0.0,lignin,0.834395262008595
102,545.20358,545.2030754,545.2028354,1.214285714,0.392857143,C28 H34 O11,28.0,34.0,11.0,0.0,0.0,0.0,0.0,0.0,0.0,lignin,0.8372929811086784
103,545.1672241,545.1667196,545.1664499,1.111111111,0.444444444,C27 H30 O12,27.0,30.0,12.0,0.0,0.0,0.0,0.0,0.0,0.0,lignin,0.9244800061505736
104,545.0941622,545.0936577,545.0936789,0.88,0.56,C25 H22 O14,25.0,22.0,14.0,0.0,0.0,0.0,0.0,0.0,0.0,tannin,0.8886501063081674
105,545.0576208,545.0571164,545.0572933,0.75,0.625,C24 H18 O15,24.0,18.0,15.0,0.0,0.0,0.0,0.0,0.0,0.0,tannin,0.8921572274611455
106,543.2603302,543.2598284,543.2599563,1.333333333,0.3,C30 H40 O9,30.0,40.0,9.0,0.0,0.0,0.0,0.0,0.0,0.0,lignin,0.8334178432873607
107,543.2239528,543.2234511,543.2235708,1.24137931,0.344827586,C29 H36 O10,29.0,36.0,10.0,0.0,0.0,0.0,0.0,0.0,0.0,lignin,0.8356411310305184
108,543.1876786,543.1871769,543.1871853,1.142857143,0.392857143,C28 H32 O11,28.0,32.0,11.0,0.0,0.0,0.0,0.0,0.0,0.0,lignin,0.8741693711803833
109,543.1150364,543.1145348,543.1144143,0.923076923,0.5,C26 H24 O13,26.0,24.0,13.0,0.0,0.0,0.0,0.0,0.0,0.0,tannin,0.8869974798850979
110,543.0787372,543.0782357,543.0780288,0.8,0.56,C25 H20 O14,25.0,20.0,14.0,0.0,0.0,0.0,0.0,0.0,0.0,tannin,0.8913879712064334
111,541.2293913,541.2288925,541.2290501,1.461538462,0.461538462,C26 H38 O12,26.0,38.0,12.0,0.0,0.0,0.0,0.0,0.0,0.0,lignin,0.8275009898212188
112,541.2081788,541.20768,541.2079208,1.172413793,0.344827586,C29 H34 O10,29.0,34.0,10.0,0.0,0.0,0.0,0.0,0.0,0.0,lignin,0.8352431522753465
113,541.1929098,541.192411,541.1926646,1.36,0.52,C25 H34 O13,25.0,34.0,13.0,0.0,0.0,0.0,0.0,0.0,0.0,lignin,0.8365394337955037
114,541.1929098,541.192411,541.1921516,0.684210526,0.052631579,C38 H26 O2 N2,38.0,26.0,2.0,0.0,2.0,0.0,0.0,0.0,0.05263157894736842,pah,0.945343745693236
115,541.1718435,541.1713448,541.1715353,1.071428571,0.392857143,C28 H30 O11,28.0,30.0,11.0,0.0,0.0,0.0,0.0,0.0,0.0,lignin,0.9248676299734427
116,541.1566439,541.1561452,541.1562791,1.25,0.583333333,C24 H30 O14,24.0,30.0,14.0,0.0,0.0,0.0,0.0,0.0,0.0,lignin,0.8761546041468868
117,541.0994203,541.0989217,541.0987642,0.846153846,0.5,C26 H22 O13,26.0,22.0,13.0,0.0,0.0,0.0,0.0,0.0,0.0,tannin,0.8893250270840201
118,539.2504279,539.2499319,539.2497856,1.481481481,0.407407407,C27 H40 O11,27.0,40.0,11.0,0.0,0.0,0.0,0.0,0.0,0.0,lignin,0.8326712533789001
119,539.2139221,539.2134263,539.2134001,1.384615385,0.461538462,C26 H36 O12,26.0,36.0,12.0,0.0,0.0,0.0,0.0,0.0,0.0,lignin,0.8349141630872529
120,539.1773934,539.1768976,539.1770146,1.28,0.52,C25 H32 O13,25.0,32.0,13.0,0.0,0.0,0.0,0.0,0.0,0.0,lignin,0.8386974530628887
121,539.1408706,539.1403748,539.140629,1.166666667,0.583333333,C24 H28 O14,24.0,28.0,14.0,0.0,0.0,0.0,0.0,0.0,0.0,lignin,0.8697137413775067
122,539.1408706,539.1403748,539.140116,0.540540541,0.081081081,C37 H20 O3 N2,37.0,20.0,3.0,0.0,2.0,0.0,0.0,0.0,0.05405405405405406,pah,0.9438769814296941
123,539.1198533,539.1193575,539.1194997,0.888888889,0.444444444,C27 H24 O12,27.0,24.0,12.0,0.0,0.0,0.0,0.0,0.0,0.0,tannin,0.8855841935154203
124,539.1046307,539.104135,539.1042435,1.043478261,0.652173913,C23 H24 O15,23.0,24.0,15.0,0.0,0.0,0.0,0.0,0.0,0.0,tannin,0.7183344716258662
125,539.0836075,539.0831118,539.0831142,0.769230769,0.5,C26 H20 O13,26.0,20.0,13.0,0.0,0.0,0.0,0.0,0.0,0.0,tannin,0.8904857466659986
126,537.2346442,537.2341512,537.2341355,1.407407407,0.407407407,C27 H38 O11,27.0,38.0,11.0,0.0,0.0,0.0,0.0,0.0,0.0,lignin,0.833730994735894
127,537.1980997,537.1976068,537.19775,1.307692308,0.461538462,C26 H34 O12,26.0,34.0,12.0,0.0,0.0,0.0,0.0,0.0,0.0,lignin,0.8365121500959644
128,537.1616793,537.1611864,537.1613645,1.2,0.52,C25 H30 O13,25.0,30.0,13.0,0.0,0.0,0.0,0.0,0.0,0.0,lignin,0.8416475909744104
129,537.1253735,537.1248807,537.124979,1.083333333,0.583333333,C24 H26 O14,24.0,26.0,14.0,0.0,0.0,0.0,0.0,0.0,0.0,lignin,0.7994982843373355
130,537.089157,537.0886642,537.0885935,0.956521739,0.652173913,C23 H22 O15,23.0,22.0,15.0,0.0,0.0,0.0,0.0,0.0,0.0,tannin,0.8818122288130723
131,535.2555573,535.2550672,535.254871,1.428571429,0.357142857,C28 H40 O10,28.0,40.0,10.0,0.0,0.0,0.0,0.0,0.0,0.0,lignin,0.8327779978200078
132,535.2189318,535.2184417,535.2184854,1.333333333,0.407407407,C27 H36 O11,27.0,36.0,11.0,0.0,0.0,0.0,0.0,0.0,0.0,lignin,0.8349514147951366
133,535.1823492,535.1818592,535.1820999,1.230769231,0.461538462,C26 H32 O12,26.0,32.0,12.0,0.0,0.0,0.0,0.0,0.0,0.0,lignin,0.8385721013890916
134,535.1459635,535.1454735,535.1457144,1.12,0.52,C25 H28 O13,25.0,28.0,13.0,0.0,0.0,0.0,0.0,0.0,0.0,lignin,0.9209160385090808
135,535.1097702,535.1092802,535.1093289,1.0,0.583333333,C24 H24 O14,24.0,24.0,14.0,0.0,0.0,0.0,0.0,0.0,0.0,tannin,0.719379338881798
136,535.0736097,535.0731198,535.0729434,0.869565217,0.652173913,C23 H20 O15,23.0,20.0,15.0,0.0,0.0,0.0,0.0,0.0,0.0,tannin,0.8832595757122966
137,534.2430723,534.2425837,534.2425757,1.407407407,0.37037037,C27 H38 O10 13C1,28.0,38.0,10.0,0.0,0.0,1.0,0.0,0.0,0.0,lignin,0.8332362128344523
138,533.2761431,533.2756558,533.2756064,1.448275862,0.310344828,C29 H42 O9,29.0,42.0,9.0,0.0,0.0,0.0,0.0,0.0,0.0,lipid,0.6151253914514141
139,533.2396138,533.2391266,533.2392209,1.357142857,0.357142857,C28 H38 O10,28.0,38.0,10.0,0.0,0.0,0.0,0.0,0.0,0.0,lignin,0.8338209409650839
140,533.2031776,533.2026905,533.2028354,1.259259259,0.407407407,C27 H34 O11,27.0,34.0,11.0,0.0,0.0,0.0,0.0,0.0,0.0,lignin,0.8364845290038974
141,533.1668453,533.1663582,533.1664499,1.153846154,0.461538462,C26 H30 O12,26.0,30.0,12.0,0.0,0.0,0.0,0.0,0.0,0.0,lignin,0.8387307451802322
142,533.1305897,533.1301027,533.1300644,1.04,0.52,C25 H26 O13,25.0,26.0,13.0,0.0,0.0,0.0,0.0,0.0,0.0,lignin,0.7989223748372305
143,533.0943796,533.0938926,533.0936789,0.916666667,0.583333333,C24 H22 O14,24.0,22.0,14.0,0.0,0.0,0.0,0.0,0.0,0.0,tannin,0.8882254432000888
144,533.0580367,533.0575498,533.0572933,0.782608696,0.652173913,C23 H18 O15,23.0,18.0,15.0,0.0,0.0,0.0,0.0,0.0,0.0,tannin,0.8854437212013119
145,531.3309175,531.3304331,531.3302254,1.371428571,0.057142857,C35 H48 O2 S1,35.0,48.0,2.0,1.0,0.0,0.0,0.0,0.0,0.0,lipid,0.8960722170491188
146,531.2602631,531.2597788,531.2599563,1.379310345,0.310344828,C29 H40 O9,29.0,40.0,9.0,0.0,0.0,0.0,0.0,0.0,0.0,lignin,0.8329027569239222
147,531.2240052,531.2235209,531.2235708,1.285714286,0.357142857,C28 H36 O10,28.0,36.0,10.0,0.0,0.0,0.0,0.0,0.0,0.0,lignin,0.8350151800891865
148,531.1877556,531.1872714,531.1871853,1.185185185,0.407407407,C27 H32 O11,27.0,32.0,11.0,0.0,0.0,0.0,0.0,0.0,0.0,lignin,0.8384903554142026
149,531.1514548,531.1509706,531.1507998,1.076923077,0.461538462,C26 H28 O12,26.0,28.0,12.0,0.0,0.0,0.0,0.0,0.0,0.0,lignin,0.9235827496153132
150,531.1150378,531.1145537,531.1144143,0.96,0.52,C25 H24 O13,25.0,24.0,13.0,0.0,0.0,0.0,0.0,0.0,0.0,tannin,0.8849382138587976
151,531.0786362,531.0781521,531.0780288,0.833333333,0.583333333,C24 H20 O14,24.0,20.0,14.0,0.0,0.0,0.0,0.0,0.0,0.0,tannin,0.8898293511906308
152,529.3054837,529.3050022,529.3051924,2.083333333,0.416666667,C24 H50 O10 S1,24.0,50.0,10.0,1.0,0.0,0.0,0.0,0.0,0.0,lipid,0.8954115277261752
153,529.2811523,529.2806709,529.2806918,1.4,0.266666667,C30 H42 O8,30.0,42.0,8.0,0.0,0.0,0.0,0.0,0.0,0.0,lipid,0.6153336664102532
154,529.2449628,529.2444814,529.2443063,1.310344828,0.310344828,C29 H38 O9,29.0,38.0,9.0,0.0,0.0,0.0,0.0,0.0,0.0,lignin,0.8339059387831975
155,529.172233,529.1717517,529.1715353,1.111111111,0.407407407,C27 H30 O11,27.0,30.0,11.0,0.0,0.0,0.0,0.0,0.0,0.0,lignin,0.9250556662411572
156,529.1356207,529.1351394,529.1351497,1.0,0.461538462,C26 H26 O12,26.0,26.0,12.0,0.0,0.0,0.0,0.0,0.0,0.0,lignin,0.7997996401297209
157,529.0990796,529.0985984,529.0987642,0.88,0.52,C25 H22 O13,25.0,22.0,13.0,0.0,0.0,0.0,0.0,0.0,0.0,tannin,0.8893074538532613
158,529.0626561,529.0621749,529.0623787,0.75,0.583333333,C24 H18 O14,24.0,18.0,14.0,0.0,0.0,0.0,0.0,0.0,0.0,tannin,0.8927438965079736
159,527.2292094,527.2287308,527.2286562,1.24137931,0.310344828,C29 H36 O9,29.0,36.0,9.0,0.0,0.0,0.0,0.0,0.0,0.0,lignin,0.8354011031090478
160,527.2138632,527.2133847,527.2134001,1.44,0.48,C25 H36 O12,25.0,36.0,12.0,0.0,0.0,0.0,0.0,0.0,0.0,lignin,0.8280897662550235
161,527.1926382,527.1921598,527.1922707,1.142857143,0.357142857,C28 H32 O10,28.0,32.0,10.0,0.0,0.0,0.0,0.0,0.0,0.0,lignin,0.8362779476476903
162,527.1772941,527.1768156,527.1770146,1.333333333,0.541666667,C24 H32 O13,24.0,32.0,13.0,0.0,0.0,0.0,0.0,0.0,0.0,lignin,0.8377368761214632
163,527.1561859,527.1557075,527.1558852,1.037037037,0.407407407,C27 H28 O11,27.0,28.0,11.0,0.0,0.0,0.0,0.0,0.0,0.0,lignin,0.9240177194219139
164,527.1408986,527.1404202,527.140629,1.217391304,0.608695652,C23 H28 O14,23.0,28.0,14.0,0.0,0.0,0.0,0.0,0.0,0.0,lignin,0.9055464014936611
165,527.1198888,527.1194105,527.1194997,0.923076923,0.461538462,C26 H24 O12,26.0,24.0,12.0,0.0,0.0,0.0,0.0,0.0,0.0,tannin,0.8852854715936329
166,527.1047718,527.1042934,527.1042435,1.090909091,0.681818182,C22 H24 O15,22.0,24.0,15.0,0.0,0.0,0.0,0.0,0.0,0.0,lignin,0.6340314818614369
167,527.08374,527.0832616,527.0831142,0.8,0.52,C25 H20 O13,25.0,20.0,13.0,0.0,0.0,0.0,0.0,0.0,0.0,tannin,0.8905064188540897
168,525.2345852,525.2341095,525.2341355,1.461538462,0.423076923,C26 H38 O11,26.0,38.0,11.0,0.0,0.0,0.0,0.0,0.0,0.0,lignin,0.8331377151270607
169,525.1983683,525.1978927,525.19775,1.36,0.48,C25 H34 O12,25.0,34.0,12.0,0.0,0.0,0.0,0.0,0.0,0.0,lignin,0.8357211288671526
170,525.1620654,525.1615899,525.1613645,1.25,0.541666667,C24 H30 O13,24.0,30.0,13.0,0.0,0.0,0.0,0.0,0.0,0.0,lignin,0.8404245703064422
171,525.1256555,525.12518,525.124979,1.130434783,0.608695652,C23 H26 O14,23.0,26.0,14.0,0.0,0.0,0.0,0.0,0.0,0.0,lignin,0.9240595063608945
172,525.0891318,525.0886563,525.0885935,1.0,0.681818182,C22 H22 O15,22.0,22.0,15.0,0.0,0.0,0.0,0.0,0.0,0.0,tannin,0.7188220447926845
173,525.0678651,525.0673897,525.0674641,0.72,0.52,C25 H18 O13,25.0,18.0,13.0,0.0,0.0,0.0,0.0,0.0,0.0,tannin,0.8916904384628955
174,523.2554124,523.2549396,523.254871,1.481481481,0.37037037,C27 H40 O10,27.0,40.0,10.0,0.0,0.0,0.0,0.0,0.0,0.0,lignin,0.7051219756595777
175,523.2189009,523.2184282,523.2184854,1.384615385,0.423076923,C26 H36 O11,26.0,36.0,11.0,0.0,0.0,0.0,0.0,0.0,0.0,lignin,0.8343212460093214
176,523.1824626,523.1819899,523.1820999,1.28,0.48,C25 H32 O12,25.0,32.0,12.0,0.0,0.0,0.0,0.0,0.0,0.0,lignin,0.8376225206385058
177,523.1461264,523.1456537,523.1457144,1.166666667,0.541666667,C24 H28 O13,24.0,28.0,13.0,0.0,0.0,0.0,0.0,0.0,0.0,lignin,0.8436412171191261
178,523.1098219,523.1093493,523.1093289,1.043478261,0.608695652,C23 H24 O14,23.0,24.0,14.0,0.0,0.0,0.0,0.0,0.0,0.0,tannin,0.5345255384397829
179,523.0735449,523.0730723,523.0729434,0.909090909,0.681818182,C22 H20 O15,22.0,20.0,15.0,0.0,0.0,0.0,0.0,0.0,0.0,tannin,0.8859608606439577
180,521.276148,521.275678,521.2756064,1.5,0.321428571,C28 H42 O9,28.0,42.0,9.0,0.0,0.0,0.0,0.0,0.0,0.0,lipid,0.898808063766802
181,521.2399266,521.2394567,521.2392209,1.407407407,0.37037037,C27 H38 O10,27.0,38.0,10.0,0.0,0.0,0.0,0.0,0.0,0.0,lignin,0.8332362128344523
182,521.2035548,521.2030849,521.2028354,1.307692308,0.423076923,C26 H34 O11,26.0,34.0,11.0,0.0,0.0,0.0,0.0,0.0,0.0,lignin,0.8357351924986641
183,521.1670098,521.16654,521.1664499,1.2,0.48,C25 H30 O12,25.0,30.0,12.0,0.0,0.0,0.0,0.0,0.0,0.0,lignin,0.8401840008226925
184,521.1304426,521.1299728,521.1300644,1.083333333,0.541666667,C24 H26 O13,24.0,26.0,13.0,0.0,0.0,0.0,0.0,0.0,0.0,lignin,0.9233367237090369
185,521.0939372,521.0934675,521.0936789,0.956521739,0.608695652,C23 H22 O14,23.0,22.0,14.0,0.0,0.0,0.0,0.0,0.0,0.0,tannin,0.8877519863125739
186,521.057715,521.0572453,521.0572933,0.818181818,0.681818182,C22 H18 O15,22.0,18.0,15.0,0.0,0.0,0.0,0.0,0.0,0.0,tannin,0.8869919742482042
187,520.255543,520.2550745,520.2552053,1.444444444,0.333333333,C27 H39 O9 N1,27.0,39.0,9.0,0.0,1.0,0.0,0.0,0.0,0.037037037037037035,lipid,0.9004562790608164
188,520.227478,520.2270096,520.2269257,1.384615385,0.384615385,C26 H36 O10 13C1,27.0,36.0,10.0,0.0,0.0,1.0,0.0,0.0,0.0,lignin,0.8337684022759575
189,519.2967374,519.2962703,519.2963418,1.517241379,0.275862069,C29 H44 O8,29.0,44.0,8.0,0.0,0.0,0.0,0.0,0.0,0.0,lipid,0.898918577853754
190,519.2601644,519.2596973,519.2599563,1.428571429,0.321428571,C28 H40 O9,28.0,40.0,9.0,0.0,0.0,0.0,0.0,0.0,0.0,lignin,0.7051866941695961
191,519.2239193,519.2234523,519.2235708,1.333333333,0.37037037,C27 H36 O10,27.0,36.0,10.0,0.0,0.0,0.0,0.0,0.0,0.0,lignin,0.8343843134676916
192,519.1877896,519.1873226,519.1871853,1.230769231,0.423076923,C26 H32 O11,26.0,32.0,11.0,0.0,0.0,0.0,0.0,0.0,0.0,lignin,0.8375673832815738
193,519.1514554,519.1509884,519.1507998,1.12,0.48,C25 H28 O12,25.0,28.0,12.0,0.0,0.0,0.0,0.0,0.0,0.0,lignin,0.9210180964897281
194,519.0785498,519.078083,519.0780288,0.869565217,0.608695652,C23 H20 O14,23.0,20.0,14.0,0.0,0.0,0.0,0.0,0.0,0.0,tannin,0.8893268490867007
195,518.2478896,518.247424,518.2476611,1.407407407,0.333333333,C27 H38 O9 13C1,28.0,38.0,9.0,0.0,0.0,1.0,0.0,0.0,0.0,lignin,0.8327851865116488
196,518.2115238,518.2110583,518.2112756,1.307692308,0.384615385,C26 H34 O10 13C1,27.0,34.0,10.0,0.0,0.0,1.0,0.0,0.0,0.0,lignin,0.835052331135533
197,517.2812196,517.2807553,517.2806918,1.448275862,0.275862069,C29 H42 O8,29.0,42.0,8.0,0.0,0.0,0.0,0.0,0.0,0.0,lipid,0.8991437663272371
198,517.2445895,517.2441253,517.2443063,1.357142857,0.321428571,C28 H38 O9,28.0,38.0,9.0,0.0,0.0,0.0,0.0,0.0,0.0,lignin,0.8333539033294288
199,517.2081321,517.2076679,517.2079208,1.259259259,0.37037037,C27 H34 O10,27.0,34.0,10.0,0.0,0.0,0.0,0.0,0.0,0.0,lignin,0.8357527375540983
200,517.171919,517.1714549,517.1715353,1.153846154,0.423076923,C26 H30 O11,26.0,30.0,11.0,0.0,0.0,0.0,0.0,0.0,0.0,lignin,0.837440383003387
201,517.1357974,517.1353334,517.1351497,1.04,0.48,C25 H26 O12,25.0,26.0,12.0,0.0,0.0,0.0,0.0,0.0,0.0,lignin,0.9230174270894853
202,515.2656992,515.2652378,515.2650417,1.379310345,0.275862069,C29 H40 O8,29.0,40.0,8.0,0.0,0.0,0.0,0.0,0.0,0.0,lignin,0.8324973902350002
203,515.2290582,515.2285969,515.2286562,1.285714286,0.321428571,C28 H36 O9,28.0,36.0,9.0,0.0,0.0,0.0,0.0,0.0,0.0,lignin,0.8344489905453051
204,515.1924987,515.1920374,515.1922707,1.185185185,0.37037037,C27 H32 O10,27.0,32.0,10.0,0.0,0.0,0.0,0.0,0.0,0.0,lignin,0.8375278496571464
205,515.1561292,515.155668,515.1558852,1.076923077,0.423076923,C26 H28 O11,26.0,28.0,11.0,0.0,0.0,0.0,0.0,0.0,0.0,lignin,0.9239621655367477
206,515.1200319,515.1195707,515.1194997,0.96,0.48,C25 H24 O12,25.0,24.0,12.0,0.0,0.0,0.0,0.0,0.0,0.0,tannin,0.8850226829106702
207,513.3109803,513.3105217,513.3102778,2.083333333,0.375,C24 H50 O9 S1,24.0,50.0,9.0,1.0,0.0,0.0,0.0,0.0,0.0,lipid,0.8957629769341781
208,513.2499247,513.2494662,513.2493916,1.310344828,0.275862069,C29 H38 O8,29.0,38.0,8.0,0.0,0.0,0.0,0.0,0.0,0.0,lignin,0.8333713871506461
209,513.2133264,513.2128679,513.2130061,1.214285714,0.321428571,C28 H34 O9,28.0,34.0,9.0,0.0,0.0,0.0,0.0,0.0,0.0,lignin,0.835697318641613
210,513.1980338,513.1975753,513.19775,1.416666667,0.5,C24 H34 O12,24.0,34.0,12.0,0.0,0.0,0.0,0.0,0.0,0.0,lignin,0.8349779377505054
211,513.1899808,513.1895224,513.1893748,0.857142857,0.057142857,C35 H30 O2 S1,35.0,30.0,2.0,1.0,0.0,0.0,0.0,0.0,0.0,pah,0.9265934537833136
212,513.1768412,513.1763828,513.1766206,1.111111111,0.37037037,C27 H30 O10,27.0,30.0,10.0,0.0,0.0,0.0,0.0,0.0,0.0,lignin,0.9264206543608807
213,513.1616391,513.1611808,513.1613645,1.304347826,0.565217391,C23 H30 O13,23.0,30.0,13.0,0.0,0.0,0.0,0.0,0.0,0.0,lignin,0.8702236469161061
214,513.1406254,513.1401671,513.1402351,1.0,0.423076923,C26 H26 O11,26.0,26.0,11.0,0.0,0.0,0.0,0.0,0.0,0.0,lignin,0.9234465349007536
215,513.1255231,513.1250648,513.124979,1.181818182,0.636363636,C22 H26 O14,22.0,26.0,14.0,0.0,0.0,0.0,0.0,0.0,0.0,lignin,0.9350347731496663
216,513.1044737,513.1040154,513.1038496,0.88,0.48,C25 H22 O12,25.0,22.0,12.0,0.0,0.0,0.0,0.0,0.0,0.0,tannin,0.8878445828500985
217,513.0893012,513.0888429,513.0885935,1.047619048,0.714285714,C21 H22 O15,21.0,22.0,15.0,0.0,0.0,0.0,0.0,0.0,0.0,tannin,0.7183143576049277
218,513.0681682,513.06771,513.0674641,0.75,0.541666667,C24 H18 O13,24.0,18.0,13.0,0.0,0.0,0.0,0.0,0.0,0.0,tannin,0.8917148981723791
219,511.2187398,511.2182842,511.2184854,1.44,0.44,C25 H36 O11,25.0,36.0,11.0,0.0,0.0,0.0,0.0,0.0,0.0,lignin,0.8336839104874183
220,511.2106728,511.2102172,511.2101103,0.888888889,0.027777778,C36 H32 O1 S1,36.0,32.0,1.0,1.0,0.0,0.0,0.0,0.0,0.0,pah,0.9241613909580927
221,511.1823347,511.1818791,511.1820999,1.333333333,0.5,C24 H32 O12,24.0,32.0,12.0,0.0,0.0,0.0,0.0,0.0,0.0,lignin,0.8367388708071595
222,511.1743327,511.1738772,511.1737248,0.8,0.057142857,C35 H28 O2 S1,35.0,28.0,2.0,1.0,0.0,0.0,0.0,0.0,0.0,pah,0.9471383768752941
223,511.1461707,511.1457152,511.1457144,1.217391304,0.565217391,C23 H28 O13,23.0,28.0,13.0,0.0,0.0,0.0,0.0,0.0,0.0,lignin,0.8926765365222004
224,511.0736455,511.0731901,511.0729434,0.952380952,0.714285714,C21 H20 O15,21.0,20.0,15.0,0.0,0.0,0.0,0.0,0.0,0.0,tannin,0.8854644703930934
225,509.2394535,509.2390007,509.2392209,1.461538462,0.384615385,C26 H38 O10,26.0,38.0,10.0,0.0,0.0,0.0,0.0,0.0,0.0,lignin,0.8326634989597721
226,509.2032072,509.2027544,509.2028354,1.36,0.44,C25 H34 O11,25.0,34.0,11.0,0.0,0.0,0.0,0.0,0.0,0.0,lignin,0.8350028186278718
227,509.1670511,509.1665984,509.1664499,1.25,0.5,C24 H30 O12,24.0,30.0,12.0,0.0,0.0,0.0,0.0,0.0,0.0,lignin,0.8390726626231947
228,509.0943041,509.0938515,509.0936789,1.0,0.636363636,C22 H22 O14,22.0,22.0,14.0,0.0,0.0,0.0,0.0,0.0,0.0,tannin,0.7149446854337655
229,507.2603954,507.2599454,507.2599563,1.481481481,0.333333333,C27 H40 O9,27.0,40.0,9.0,0.0,0.0,0.0,0.0,0.0,0.0,lipid,0.8988192336561974
230,507.2242206,507.2237707,507.2235708,1.384615385,0.384615385,C26 H36 O10,26.0,36.0,10.0,0.0,0.0,0.0,0.0,0.0,0.0,lignin,0.8337684022759575
231,507.1513415,507.1508917,507.1507998,1.166666667,0.5,C24 H28 O12,24.0,28.0,12.0,0.0,0.0,0.0,0.0,0.0,0.0,lignin,0.839680591125683
232,507.1147276,507.1142778,507.1144143,1.043478261,0.565217391,C23 H24 O13,23.0,24.0,13.0,0.0,0.0,0.0,0.0,0.0,0.0,lignin,0.7995322290729291
233,507.0782434,507.0777937,507.0780288,0.909090909,0.636363636,C22 H20 O14,22.0,20.0,14.0,0.0,0.0,0.0,0.0,0.0,0.0,tannin,0.8825620321394398
234,507.0420517,507.0416021,507.0416433,0.761904762,0.714285714,C21 H16 O15,21.0,16.0,15.0,0.0,0.0,0.0,0.0,0.0,0.0,tannin,0.8874291304229951
235,506.2119354,506.2114869,506.2112756,1.36,0.4,C25 H34 O10 13C1,26.0,34.0,10.0,0.0,0.0,1.0,0.0,0.0,0.0,lignin,0.8343809230895431
236,505.2448795,505.2444323,505.2443063,1.407407407,0.333333333,C27 H38 O9,27.0,38.0,9.0,0.0,0.0,0.0,0.0,0.0,0.0,lignin,0.8327851865116488
237,505.2082409,505.2077938,505.2079208,1.307692308,0.384615385,C26 H34 O10,26.0,34.0,10.0,0.0,0.0,0.0,0.0,0.0,0.0,lignin,0.835052331135533
238,505.1354654,505.1350184,505.1351497,1.083333333,0.5,C24 H26 O12,24.0,26.0,12.0,0.0,0.0,0.0,0.0,0.0,0.0,lignin,0.9234329527469057
239,505.0993966,505.0989497,505.0987642,0.956521739,0.565217391,C23 H22 O13,23.0,22.0,13.0,0.0,0.0,0.0,0.0,0.0,0.0,tannin,0.8869166556217698
240,505.0630734,505.0626265,505.0623787,0.818181818,0.636363636,C22 H18 O14,22.0,18.0,14.0,0.0,0.0,0.0,0.0,0.0,0.0,tannin,0.8843356275307951
241,503.2652722,503.2648279,503.2650417,1.428571429,0.285714286,C28 H40 O8,28.0,40.0,8.0,0.0,0.0,0.0,0.0,0.0,0.0,lipid,0.6152643190638664
242,503.229106,503.2286617,503.2286562,1.333333333,0.333333333,C27 H36 O9,27.0,36.0,9.0,0.0,0.0,0.0,0.0,0.0,0.0,lignin,0.8338729306890442
243,503.1929412,503.192497,503.1922707,1.230769231,0.384615385,C26 H32 O10,26.0,32.0,10.0,0.0,0.0,0.0,0.0,0.0,0.0,lignin,0.8366887603948273
244,503.1565321,503.1560879,503.1558852,1.12,0.44,C25 H28 O11,25.0,28.0,11.0,0.0,0.0,0.0,0.0,0.0,0.0,lignin,0.9213006195311259
245,503.1200154,503.1195712,503.1194997,1.0,0.5,C24 H24 O12,24.0,24.0,12.0,0.0,0.0,0.0,0.0,0.0,0.0,tannin,0.5343542876145502
246,503.0833974,503.0829533,503.0831142,0.869565217,0.565217391,C23 H20 O13,23.0,20.0,13.0,0.0,0.0,0.0,0.0,0.0,0.0,tannin,0.888910302178577
247,503.0470274,503.0465834,503.0467287,0.727272727,0.636363636,C22 H16 O14,22.0,16.0,14.0,0.0,0.0,0.0,0.0,0.0,0.0,tannin,0.8926675651474779
248,501.2498209,501.2493795,501.2493916,1.357142857,0.285714286,C28 H38 O8,28.0,38.0,8.0,0.0,0.0,0.0,0.0,0.0,0.0,lignin,0.8329048323527074
249,501.2132612,501.2128198,501.2130061,1.259259259,0.333333333,C27 H34 O9,27.0,34.0,9.0,0.0,0.0,0.0,0.0,0.0,0.0,lignin,0.8350851941810931
250,501.1979931,501.1975517,501.19775,1.47826087,0.52173913,C23 H34 O12,23.0,34.0,12.0,0.0,0.0,0.0,0.0,0.0,0.0,lignin,0.8280046508304091
251,501.1899332,501.1894918,501.1893748,0.882352941,0.058823529,C34 H30 O2 S1,34.0,30.0,2.0,1.0,0.0,0.0,0.0,0.0,0.0,pah,0.924024695388435
252,501.1769164,501.176475,501.1766206,1.153846154,0.384615385,C26 H30 O10,26.0,30.0,10.0,0.0,0.0,0.0,0.0,0.0,0.0,lignin,0.8363180783690186
253,501.1617235,501.1612821,501.1613645,1.363636364,0.590909091,C22 H30 O13,22.0,30.0,13.0,0.0,0.0,0.0,0.0,0.0,0.0,lignin,0.8986012570041625
254,501.1407534,501.140312,501.1402351,1.04,0.44,C25 H26 O11,25.0,26.0,11.0,0.0,0.0,0.0,0.0,0.0,0.0,lignin,0.9243561642792436
255,501.1044816,501.1040403,501.1038496,0.916666667,0.5,C24 H22 O12,24.0,22.0,12.0,0.0,0.0,0.0,0.0,0.0,0.0,tannin,0.8872968264521488
256,501.0681134,501.0676722,501.0674641,0.782608696,0.565217391,C23 H18 O13,23.0,18.0,13.0,0.0,0.0,0.0,0.0,0.0,0.0,tannin,0.8917816126130079
257,499.2344053,499.2339667,499.2337416,1.285714286,0.285714286,C28 H36 O8,28.0,36.0,8.0,0.0,0.0,0.0,0.0,0.0,0.0,lignin,0.833874209945203
258,499.2190632,499.2186246,499.2184854,1.5,0.458333333,C24 H36 O11,24.0,36.0,11.0,0.0,0.0,0.0,0.0,0.0,0.0,lignin,0.8268787638289755
259,499.1979007,499.1974621,499.1973561,1.185185185,0.333333333,C27 H32 O9,27.0,32.0,9.0,0.0,0.0,0.0,0.0,0.0,0.0,lignin,0.836599287014771
260,499.1825658,499.1821272,499.1820999,1.391304348,0.52173913,C23 H32 O12,23.0,32.0,12.0,0.0,0.0,0.0,0.0,0.0,0.0,lignin,0.8358716300606149
261,499.1613308,499.1608922,499.1609706,1.076923077,0.384615385,C26 H28 O10,26.0,28.0,10.0,0.0,0.0,0.0,0.0,0.0,0.0,lignin,0.9251139604385881
262,499.1460268,499.1455883,499.1457144,1.272727273,0.590909091,C22 H28 O13,22.0,28.0,13.0,0.0,0.0,0.0,0.0,0.0,0.0,lignin,0.8756475109903443
263,499.1379614,499.1375228,499.1373393,0.727272727,0.090909091,C33 H24 O3 S1,33.0,24.0,3.0,1.0,0.0,0.0,0.0,0.0,0.0,pah,0.9443384680257374
264,499.124891,499.1244525,499.1245851,0.96,0.44,C25 H24 O11,25.0,24.0,11.0,0.0,0.0,0.0,0.0,0.0,0.0,tannin,0.7175470215034672
265,499.109653,499.1092145,499.1093289,1.142857143,0.666666667,C21 H24 O14,21.0,24.0,14.0,0.0,0.0,0.0,0.0,0.0,0.0,lignin,0.8131989100962225
266,499.088564,499.0881256,499.0881995,0.833333333,0.5,C24 H20 O12,24.0,20.0,12.0,0.0,0.0,0.0,0.0,0.0,0.0,tannin,0.889612759557275
267,499.0733402,499.0729018,499.0729434,1.0,0.75,C20 H20 O15,20.0,20.0,15.0,0.0,0.0,0.0,0.0,0.0,0.0,tannin,0.7187722595064604
268,499.052282,499.0518436,499.051814,0.695652174,0.565217391,C23 H16 O13,23.0,16.0,13.0,0.0,0.0,0.0,0.0,0.0,0.0,tannin,0.893418933794343
269,497.239627,497.2391912,497.2392209,1.52,0.4,C25 H38 O10,25.0,38.0,10.0,0.0,0.0,0.0,0.0,0.0,0.0,lipid,0.6037186452053653
270,497.2186176,497.2181818,497.2180915,1.214285714,0.285714286,C28 H34 O8,28.0,34.0,8.0,0.0,0.0,0.0,0.0,0.0,0.0,lignin,0.8350442415515683
271,497.2034175,497.2029817,497.2028354,1.416666667,0.458333333,C24 H34 O11,24.0,34.0,11.0,0.0,0.0,0.0,0.0,0.0,0.0,lignin,0.8343251370513045
272,497.1670975,497.1666617,497.1664499,1.304347826,0.52173913,C23 H30 O12,23.0,30.0,12.0,0.0,0.0,0.0,0.0,0.0,0.0,lignin,0.838039553323678
273,497.1306549,497.1302192,497.1300644,1.181818182,0.590909091,C22 H26 O13,22.0,26.0,13.0,0.0,0.0,0.0,0.0,0.0,0.0,lignin,0.8747942446656809
274,497.1093538,497.1089182,497.108935,0.88,0.44,C25 H22 O11,25.0,22.0,11.0,0.0,0.0,0.0,0.0,0.0,0.0,tannin,0.8857933529200135
275,497.0939757,497.0935401,497.0936789,1.047619048,0.666666667,C21 H22 O14,21.0,22.0,14.0,0.0,0.0,0.0,0.0,0.0,0.0,tannin,0.7182947703357223
276,497.0727754,497.0723398,497.0725495,0.75,0.5,C24 H18 O12,24.0,18.0,12.0,0.0,0.0,0.0,0.0,0.0,0.0,tannin,0.8908719501658513
277,497.0575134,497.0570778,497.0572933,0.9,0.75,C20 H18 O15,20.0,18.0,15.0,0.0,0.0,0.0,0.0,0.0,0.0,tannin,0.8859063061700798
278,496.1908726,496.1904382,496.1905401,1.391304348,0.47826087,C23 H32 O11 13C1,24.0,32.0,11.0,0.0,0.0,1.0,0.0,0.0,0.0,lignin,0.8350728904475977
279,495.2601884,495.2597553,495.2599563,1.538461538,0.346153846,C26 H40 O9,26.0,40.0,9.0,0.0,0.0,0.0,0.0,0.0,0.0,lipid,0.8878220289661055
280,495.239318,495.238885,495.238827,1.24137931,0.24137931,C29 H36 O7,29.0,36.0,7.0,0.0,0.0,0.0,0.0,0.0,0.0,lignin,0.8339103594029369
281,495.2239152,495.2234822,495.2235708,1.44,0.4,C25 H36 O10,25.0,36.0,10.0,0.0,0.0,0.0,0.0,0.0,0.0,lignin,0.8331473294248424
282,495.1877975,495.1873646,495.1871853,1.333333333,0.458333333,C24 H32 O11,24.0,32.0,11.0,0.0,0.0,0.0,0.0,0.0,0.0,lignin,0.8358672023691363
283,495.115009,495.1145761,495.1144143,1.090909091,0.590909091,C22 H24 O13,22.0,24.0,13.0,0.0,0.0,0.0,0.0,0.0,0.0,lignin,0.7995561445690049
284,495.0937236,495.0932908,495.0932849,0.8,0.44,C25 H20 O11,25.0,20.0,11.0,0.0,0.0,0.0,0.0,0.0,0.0,tannin,0.8890917268297553
285,495.0783536,495.0779208,495.0780288,0.952380952,0.666666667,C21 H20 O14,21.0,20.0,14.0,0.0,0.0,0.0,0.0,0.0,0.0,tannin,0.8855529266884294
286,495.0571056,495.0566728,495.0568994,0.666666667,0.5,C24 H16 O12,24.0,16.0,12.0,0.0,0.0,0.0,0.0,0.0,0.0,tannin,0.8929154893576697
287,495.0418349,495.0414021,495.0416433,0.8,0.75,C20 H16 O15,20.0,16.0,15.0,0.0,0.0,0.0,0.0,0.0,0.0,tannin,0.8868568225659665
288,494.2117401,494.2113085,494.2112756,1.416666667,0.416666667,C24 H34 O10 13C1,25.0,34.0,10.0,0.0,0.0,1.0,0.0,0.0,0.0,lignin,0.8337169597066568
289,494.1751138,494.1746823,494.1748901,1.304347826,0.47826087,C23 H30 O11 13C1,24.0,30.0,11.0,0.0,0.0,1.0,0.0,0.0,0.0,lignin,0.8369655127963075
290,493.244619,493.2441888,493.2443063,1.461538462,0.346153846,C26 H38 O9,26.0,38.0,9.0,0.0,0.0,0.0,0.0,0.0,0.0,lignin,0.7050859932967405
291,493.2424332,493.242003,493.2418043,1.266666667,0.133333333,C30 H38 O4 S1,30.0,38.0,4.0,1.0,0.0,0.0,0.0,0.0,0.0,lignin,0.5210516392599304
292,493.2084858,493.2080556,493.2079208,1.36,0.4,C25 H34 O10,25.0,34.0,10.0,0.0,0.0,0.0,0.0,0.0,0.0,lignin,0.8343809230895431
293,493.1721699,493.1717398,493.1715353,1.25,0.458333333,C24 H30 O11,24.0,30.0,11.0,0.0,0.0,0.0,0.0,0.0,0.0,lignin,0.8379131244335216
294,493.1357258,493.1352958,493.1351497,1.130434783,0.52173913,C23 H26 O12,23.0,26.0,12.0,0.0,0.0,0.0,0.0,0.0,0.0,lignin,0.9210108254807355
295,493.0991482,493.0987182,493.0987642,1.0,0.590909091,C22 H22 O13,22.0,22.0,13.0,0.0,0.0,0.0,0.0,0.0,0.0,tannin,0.7198370368158248
296,493.0779365,493.0775065,493.0776349,0.72,0.44,C25 H18 O11,25.0,18.0,11.0,0.0,0.0,0.0,0.0,0.0,0.0,tannin,0.8912301749965243
297,493.0626425,493.0622125,493.0623787,0.857142857,0.666666667,C21 H18 O14,21.0,18.0,14.0,0.0,0.0,0.0,0.0,0.0,0.0,tannin,0.8835456249262063
298,492.2324109,492.2319821,492.232011,1.44,0.36,C25 H36 O9 13C1,26.0,36.0,9.0,0.0,0.0,1.0,0.0,0.0,0.0,lignin,0.8326591091061971
299,492.1959183,492.1954895,492.1956255,1.333333333,0.416666667,C24 H32 O10 13C1,25.0,32.0,10.0,0.0,0.0,1.0,0.0,0.0,0.0,lignin,0.8351062822906374
300,492.1595899,492.1591612,492.15924,1.217391304,0.47826087,C23 H28 O11 13C1,24.0,28.0,11.0,0.0,0.0,1.0,0.0,0.0,0.0,lignin,0.8395044463260406
301,491.2654368,491.2650093,491.2650417,1.481481481,0.296296296,C27 H40 O8,27.0,40.0,8.0,0.0,0.0,0.0,0.0,0.0,0.0,lipid,0.8989538691834852
302,491.2291986,491.2287711,491.2286562,1.384615385,0.346153846,C26 H36 O9,26.0,36.0,9.0,0.0,0.0,0.0,0.0,0.0,0.0,lignin,0.8332605961497664
303,491.1928643,491.192437,491.1922707,1.28,0.4,C25 H32 O10,25.0,32.0,10.0,0.0,0.0,0.0,0.0,0.0,0.0,lignin,0.8358896186348627
304,491.1564335,491.1560061,491.1558852,1.166666667,0.458333333,C24 H28 O11,24.0,28.0,11.0,0.0,0.0,0.0,0.0,0.0,0.0,lignin,0.8381254229159059
305,491.1199409,491.1195136,491.1194997,1.043478261,0.52173913,C23 H24 O12,23.0,24.0,12.0,0.0,0.0,0.0,0.0,0.0,0.0,lignin,0.7989336368843805
306,491.0834319,491.0830047,491.0831142,0.909090909,0.590909091,C22 H20 O13,22.0,20.0,13.0,0.0,0.0,0.0,0.0,0.0,0.0,tannin,0.8883526378689318
307,491.0470833,491.0466561,491.0467287,0.761904762,0.666666667,C21 H16 O14,21.0,16.0,14.0,0.0,0.0,0.0,0.0,0.0,0.0,tannin,0.8859401236327852
308,491.0447212,491.0442941,491.0442267,0.64,0.36,C25 H16 O9 S1,25.0,16.0,9.0,1.0,0.0,0.0,0.0,0.0,0.0,tannin,0.7391284150734156
309,490.2166251,490.2161991,490.216361,1.36,0.36,C25 H34 O9 13C1,26.0,34.0,9.0,0.0,0.0,1.0,0.0,0.0,0.0,lignin,0.8338149895033347
310,490.1803237,490.1798978,490.1799755,1.25,0.416666667,C24 H30 O10 13C1,25.0,30.0,10.0,0.0,0.0,1.0,0.0,0.0,0.0,lignin,0.8369116499533445
311,489.2500279,489.2496032,489.2493916,1.407407407,0.296296296,C27 H38 O8,27.0,38.0,8.0,0.0,0.0,0.0,0.0,0.0,0.0,lignin,0.7051686540520841
312,489.2136532,489.2132286,489.2130061,1.307692308,0.346153846,C26 H34 O9,26.0,34.0,9.0,0.0,0.0,0.0,0.0,0.0,0.0,lignin,0.8344576384929407
313,489.1770515,489.1766269,489.1766206,1.2,0.4,C25 H30 O10,25.0,30.0,10.0,0.0,0.0,0.0,0.0,0.0,0.0,lignin,0.8378584543447772
314,489.1535362,489.1531117,489.1529893,0.8125,0.09375,C32 H26 O3 S1,32.0,26.0,3.0,1.0,0.0,0.0,0.0,0.0,0.0,pah,0.9470331875144105
315,489.1404322,489.1400077,489.1402351,1.083333333,0.458333333,C24 H26 O11,24.0,26.0,11.0,0.0,0.0,0.0,0.0,0.0,0.0,lignin,0.9237227886848363
316,489.1041007,489.1036762,489.1038496,0.956521739,0.52173913,C23 H22 O12,23.0,22.0,12.0,0.0,0.0,0.0,0.0,0.0,0.0,tannin,0.8851437397695603
317,489.0680216,489.0675972,489.0674641,0.818181818,0.590909091,C22 H18 O13,22.0,18.0,13.0,0.0,0.0,0.0,0.0,0.0,0.0,tannin,0.8901774617516583
318,487.2340002,487.2335784,487.2337416,1.333333333,0.296296296,C27 H36 O8,27.0,36.0,8.0,0.0,0.0,0.0,0.0,0.0,0.0,lignin,0.8333740645294258
319,487.1975939,487.1971721,487.1973561,1.230769231,0.346153846,C26 H32 O9,26.0,32.0,9.0,0.0,0.0,0.0,0.0,0.0,0.0,lignin,0.8358962409010452
320,487.1823822,487.1819605,487.1820999,1.454545455,0.545454545,C22 H32 O12,22.0,32.0,12.0,0.0,0.0,0.0,0.0,0.0,0.0,lignin,0.8776649047802589
321,487.1743672,487.1739454,487.1737248,0.848484848,0.060606061,C33 H28 O2 S1,33.0,28.0,2.0,1.0,0.0,0.0,0.0,0.0,0.0,pah,0.9265654828833794
322,487.1613832,487.1609615,487.1609706,1.12,0.4,C25 H28 O10,25.0,28.0,10.0,0.0,0.0,0.0,0.0,0.0,0.0,lignin,0.9217657858504513
323,487.1462296,487.1458079,487.1457144,1.333333333,0.619047619,C21 H28 O13,21.0,28.0,13.0,0.0,0.0,0.0,0.0,0.0,0.0,lignin,0.9316926981003562
324,487.1252103,487.1247886,487.1245851,1.0,0.458333333,C24 H24 O11,24.0,24.0,11.0,0.0,0.0,0.0,0.0,0.0,0.0,lignin,0.7997834759642751
325,487.1099685,487.1095468,487.1093289,1.2,0.7,C20 H24 O14,20.0,24.0,14.0,0.0,0.0,0.0,0.0,0.0,0.0,lignin,0.9347262621921966
326,487.0888264,487.0884048,487.0881995,0.869565217,0.52173913,C23 H20 O12,23.0,20.0,12.0,0.0,0.0,0.0,0.0,0.0,0.0,tannin,0.8895557462399086
327,487.0735087,487.0730871,487.0729434,1.052631579,0.789473684,C19 H20 O15,19.0,20.0,15.0,0.0,0.0,0.0,0.0,0.0,0.0,tannin,0.7182836469262105
328,487.0523055,487.0518839,487.051814,0.727272727,0.590909091,C22 H16 O13,22.0,16.0,13.0,0.0,0.0,0.0,0.0,0.0,0.0,tannin,0.8935031438930059
329,486.2828854,486.2824649,486.2823325,2.19047619,0.428571429,C21 H46 O9 S1 13C1,22.0,46.0,9.0,1.0,0.0,1.0,0.0,0.0,0.0,lipid,0.8954891544386385
330,485.2792328,485.2788137,485.2789777,2.090909091,0.409090909,C22 H46 O9 S1,22.0,46.0,9.0,1.0,0.0,0.0,0.0,0.0,0.0,lipid,0.8954387440826883
331,485.2548026,485.2543835,485.254477,1.357142857,0.25,C28 H38 O7,28.0,38.0,7.0,0.0,0.0,0.0,0.0,0.0,0.0,lignin,0.8324183898874526
332,485.2186425,485.2182235,485.2180915,1.259259259,0.296296296,C27 H34 O8,27.0,34.0,8.0,0.0,0.0,0.0,0.0,0.0,0.0,lignin,0.8344169793233881
333,485.2034794,485.2030604,485.2028354,1.47826087,0.47826087,C23 H34 O11,23.0,34.0,11.0,0.0,0.0,0.0,0.0,0.0,0.0,lignin,0.8274384398158684
334,485.1823468,485.1819278,485.181706,1.153846154,0.346153846,C26 H30 O9,26.0,30.0,9.0,0.0,0.0,0.0,0.0,0.0,0.0,lignin,0.8352705701251442
335,485.1670856,485.1666667,485.1664499,1.363636364,0.545454545,C22 H30 O12,22.0,30.0,12.0,0.0,0.0,0.0,0.0,0.0,0.0,lignin,0.8370250210710626
336,485.145857,485.145438,485.1453205,1.04,0.4,C25 H26 O10,25.0,26.0,10.0,0.0,0.0,0.0,0.0,0.0,0.0,lignin,0.9241265682004789
337,485.1305206,485.1301017,485.1300644,1.238095238,0.619047619,C21 H26 O13,21.0,26.0,13.0,0.0,0.0,0.0,0.0,0.0,0.0,lignin,0.9377131854543096
338,485.1092273,485.1088084,485.108935,0.916666667,0.458333333,C24 H22 O11,24.0,22.0,11.0,0.0,0.0,0.0,0.0,0.0,0.0,tannin,0.8854182763807785
339,485.09389,485.0934711,485.0936789,1.1,0.7,C20 H22 O14,20.0,22.0,14.0,0.0,0.0,0.0,0.0,0.0,0.0,lignin,0.6340212869163256
340,485.0727424,485.0723236,485.0725495,0.782608696,0.52173913,C23 H18 O12,23.0,18.0,12.0,0.0,0.0,0.0,0.0,0.0,0.0,tannin,0.8908693682625664
341,485.0575351,485.0571163,485.0572933,0.947368421,0.789473684,C19 H18 O15,19.0,18.0,15.0,0.0,0.0,0.0,0.0,0.0,0.0,tannin,0.885372059432276
342,485.0366114,485.0361926,485.036164,0.636363636,0.590909091,C22 H14 O13,22.0,14.0,13.0,0.0,0.0,0.0,0.0,0.0,0.0,tannin,0.8946485300544105
343,483.2237969,483.2233807,483.2235708,1.5,0.416666667,C24 H36 O10,24.0,36.0,10.0,0.0,0.0,0.0,0.0,0.0,0.0,lignin,0.8264543435641967
344,483.2026646,483.2022483,483.2024415,1.185185185,0.296296296,C27 H32 O8,27.0,32.0,8.0,0.0,0.0,0.0,0.0,0.0,0.0,lignin,0.8358306509246527
345,483.1874543,483.1870381,483.1871853,1.391304348,0.47826087,C23 H32 O11,23.0,32.0,11.0,0.0,0.0,0.0,0.0,0.0,0.0,lignin,0.8350728904475977
346,483.1794217,483.1790055,483.1788102,0.823529412,0.029411765,C34 H28 O1 S1,34.0,28.0,1.0,1.0,0.0,0.0,0.0,0.0,0.0,pah,0.9322421110171406
347,483.151352,483.1509359,483.1507998,1.272727273,0.545454545,C22 H28 O12,22.0,28.0,12.0,0.0,0.0,0.0,0.0,0.0,0.0,lignin,0.8397186723665037
348,483.1302904,483.1298743,483.1296704,0.96,0.4,C25 H24 O10,25.0,24.0,10.0,0.0,0.0,0.0,0.0,0.0,0.0,tannin,0.7170085274148627
349,483.1150502,483.1146341,483.1144143,1.142857143,0.619047619,C21 H24 O13,21.0,24.0,13.0,0.0,0.0,0.0,0.0,0.0,0.0,lignin,0.9022571081871208
350,483.0939119,483.0934958,483.0932849,0.833333333,0.458333333,C24 H20 O11,24.0,20.0,11.0,0.0,0.0,0.0,0.0,0.0,0.0,tannin,0.888506672444526
351,483.0785821,483.078166,483.0780288,1.0,0.7,C20 H20 O14,20.0,20.0,14.0,0.0,0.0,0.0,0.0,0.0,0.0,tannin,0.7188065712841234
352,483.0573539,483.0569379,483.0568994,0.695652174,0.52173913,C23 H16 O12,23.0,16.0,12.0,0.0,0.0,0.0,0.0,0.0,0.0,tannin,0.8925505839060024
353,483.0420136,483.0415976,483.0416433,0.842105263,0.789473684,C19 H16 O15,19.0,16.0,15.0,0.0,0.0,0.0,0.0,0.0,0.0,tannin,0.8863714198620543
354,482.1751963,482.1747816,482.1748901,1.363636364,0.5,C22 H30 O11 13C1,23.0,30.0,11.0,0.0,0.0,1.0,0.0,0.0,0.0,lignin,0.8360367689358619
355,482.1670784,482.1666636,482.1665149,0.787878788,0.03030303,C33 H26 O1 S1 13C1,34.0,26.0,1.0,1.0,0.0,1.0,0.0,0.0,0.0,pah,0.94718024650565
356,482.1670784,482.1666636,482.1667842,1.318181818,0.5,C22 H29 O11 N1,22.0,29.0,11.0,0.0,1.0,0.0,0.0,0.0,0.045454545454545456,lignin,0.8374145754682683
357,482.1388625,482.1384477,482.1385046,1.238095238,0.571428571,C21 H26 O12 13C1,22.0,26.0,12.0,0.0,0.0,1.0,0.0,0.0,0.0,lignin,0.8763761843099372
358,481.2448811,481.2444676,481.2443063,1.52,0.36,C25 H38 O9,25.0,38.0,9.0,0.0,0.0,0.0,0.0,0.0,0.0,lipid,0.8878001695502
359,481.2084935,481.2080801,481.2079208,1.416666667,0.416666667,C24 H34 O10,24.0,34.0,10.0,0.0,0.0,0.0,0.0,0.0,0.0,lignin,0.8337169597066568
360,481.1718907,481.1714773,481.1715353,1.304347826,0.47826087,C23 H30 O11,23.0,30.0,11.0,0.0,0.0,0.0,0.0,0.0,0.0,lignin,0.8369655127963075
361,481.1637517,481.1633383,481.1631601,0.764705882,0.029411765,C34 H26 O1 S1,34.0,26.0,1.0,1.0,0.0,0.0,0.0,0.0,0.0,pah,0.9469533862272705
362,481.1353519,481.1349386,481.1351497,1.181818182,0.545454545,C22 H26 O12,22.0,26.0,12.0,0.0,0.0,0.0,0.0,0.0,0.0,lignin,0.8436300447614633
363,481.0990983,481.098685,481.0987642,1.047619048,0.619047619,C21 H22 O13,21.0,22.0,13.0,0.0,0.0,0.0,0.0,0.0,0.0,tannin,0.5344469963004036
364,481.0781835,481.0777702,481.0776349,0.75,0.458333333,C24 H18 O11,24.0,18.0,11.0,0.0,0.0,0.0,0.0,0.0,0.0,tannin,0.8904446445661286
365,481.0630024,481.0625891,481.0623787,0.9,0.7,C20 H18 O14,20.0,18.0,14.0,0.0,0.0,0.0,0.0,0.0,0.0,tannin,0.88599134176029
366,480.1962133,480.1958012,480.1956255,1.391304348,0.434782609,C23 H32 O10 13C1,24.0,32.0,10.0,0.0,0.0,1.0,0.0,0.0,0.0,lignin,0.8343864751264018
367,480.1596001,480.1591881,480.15924,1.272727273,0.5,C22 H28 O11 13C1,23.0,28.0,11.0,0.0,0.0,1.0,0.0,0.0,0.0,lignin,0.8383576414216887
368,480.1230424,480.1226304,480.1228545,1.142857143,0.571428571,C21 H24 O12 13C1,22.0,24.0,12.0,0.0,0.0,1.0,0.0,0.0,0.0,lignin,0.8989317700132468
369,479.2292363,479.2288256,479.2286562,1.44,0.36,C25 H36 O9,25.0,36.0,9.0,0.0,0.0,0.0,0.0,0.0,0.0,lignin,0.8326591091061971
370,479.1928461,479.1924355,479.1922707,1.333333333,0.416666667,C24 H32 O10,24.0,32.0,10.0,0.0,0.0,0.0,0.0,0.0,0.0,lignin,0.8351062822906374
371,479.1563044,479.1558938,479.1558852,1.217391304,0.47826087,C23 H28 O11,23.0,28.0,11.0,0.0,0.0,0.0,0.0,0.0,0.0,lignin,0.8395044463260406
372,479.1197893,479.1193788,479.1194997,1.090909091,0.545454545,C22 H24 O12,22.0,24.0,12.0,0.0,0.0,0.0,0.0,0.0,0.0,lignin,0.9233995944237889
373,479.0834535,479.083043,479.0831142,0.952380952,0.619047619,C21 H20 O13,21.0,20.0,13.0,0.0,0.0,0.0,0.0,0.0,0.0,tannin,0.8879446229898905
374,479.0624099,479.0619994,479.0619848,0.666666667,0.458333333,C24 H16 O11,24.0,16.0,11.0,0.0,0.0,0.0,0.0,0.0,0.0,tannin,0.8922776744600982
375,479.0472512,479.0468407,479.0467287,0.8,0.7,C20 H16 O14,20.0,16.0,14.0,0.0,0.0,0.0,0.0,0.0,0.0,tannin,0.8871091687262413
376,478.2168965,478.2164872,478.216361,1.416666667,0.375,C24 H34 O9 13C1,25.0,34.0,9.0,0.0,0.0,1.0,0.0,0.0,0.0,lignin,0.8331618138875563
377,478.1806074,478.1801981,478.1799755,1.304347826,0.434782609,C23 H30 O10 13C1,24.0,30.0,10.0,0.0,0.0,1.0,0.0,0.0,0.0,lignin,0.8360350271655032
378,478.1439923,478.1435831,478.14359,1.181818182,0.5,C22 H26 O11 13C1,23.0,26.0,11.0,0.0,0.0,1.0,0.0,0.0,0.0,lignin,0.8416428230963244
379,477.2497201,477.2493121,477.2493916,1.461538462,0.307692308,C26 H38 O8,26.0,38.0,8.0,0.0,0.0,0.0,0.0,0.0,0.0,lipid,0.8989716956755128
380,477.2135898,477.2131819,477.2130061,1.36,0.36,C25 H34 O9,25.0,34.0,9.0,0.0,0.0,0.0,0.0,0.0,0.0,lignin,0.8338149895033347
381,477.1772478,477.17684,477.1766206,1.25,0.416666667,C24 H30 O10,24.0,30.0,10.0,0.0,0.0,0.0,0.0,0.0,0.0,lignin,0.8369116499533445
382,477.1406511,477.1402433,477.1402351,1.130434783,0.47826087,C23 H26 O11,23.0,26.0,11.0,0.0,0.0,0.0,0.0,0.0,0.0,lignin,0.9211887064605533
383,477.1040503,477.1036425,477.1038496,1.0,0.545454545,C22 H22 O12,22.0,22.0,12.0,0.0,0.0,0.0,0.0,0.0,0.0,tannin,0.7179299885071994
384,477.0677444,477.0673367,477.0674641,0.857142857,0.619047619,C21 H18 O13,21.0,18.0,13.0,0.0,0.0,0.0,0.0,0.0,0.0,tannin,0.8896187745561207
385,476.2012971,476.2008906,476.2007109,1.333333333,0.375,C24 H32 O9 13C1,25.0,32.0,9.0,0.0,0.0,1.0,0.0,0.0,0.0,lignin,0.8344504603674346
386,476.1648273,476.1644208,476.1643254,1.217391304,0.434782609,C23 H28 O10 13C1,24.0,28.0,10.0,0.0,0.0,1.0,0.0,0.0,0.0,lignin,0.8382489229867254
387,475.2342721,475.2338669,475.2337416,1.384615385,0.307692308,C26 H36 O8,26.0,36.0,8.0,0.0,0.0,0.0,0.0,0.0,0.0,lignin,0.8327994150879661
388,475.197924,475.1975188,475.1973561,1.28,0.36,C25 H32 O9,25.0,32.0,9.0,0.0,0.0,0.0,0.0,0.0,0.0,lignin,0.8351715209768091
389,475.1614567,475.1610516,475.1609706,1.166666667,0.416666667,C24 H28 O10,24.0,28.0,10.0,0.0,0.0,0.0,0.0,0.0,0.0,lignin,0.8368266771994491
390,475.1248714,475.1244664,475.1245851,1.043478261,0.47826087,C23 H24 O11,23.0,24.0,11.0,0.0,0.0,0.0,0.0,0.0,0.0,lignin,0.9230528968966676
391,475.08842,475.0880151,475.0881995,0.909090909,0.545454545,C22 H20 O12,22.0,20.0,12.0,0.0,0.0,0.0,0.0,0.0,0.0,tannin,0.8878165329626247
392,475.0732201,475.0728151,475.0729434,1.111111111,0.833333333,C18 H20 O15,18.0,20.0,15.0,0.0,0.0,0.0,0.0,0.0,0.0,lignin,0.6494287128666973
393,475.0522647,475.0518598,475.051814,0.761904762,0.619047619,C21 H16 O13,21.0,16.0,13.0,0.0,0.0,0.0,0.0,0.0,0.0,tannin,0.8917290431486569
394,475.0498606,475.0494557,475.0493121,0.64,0.32,C25 H16 O8 S1,25.0,16.0,8.0,1.0,0.0,0.0,0.0,0.0,0.0,tannin,0.693913243590021
395,473.218606,473.2182036,473.2180915,1.307692308,0.307692308,C26 H34 O8,26.0,34.0,8.0,0.0,0.0,0.0,0.0,0.0,0.0,lignin,0.8339150797179506
396,473.1819854,473.181583,473.181706,1.2,0.36,C25 H30 O9,25.0,30.0,9.0,0.0,0.0,0.0,0.0,0.0,0.0,lignin,0.8369032299329842
397,473.1667054,473.1663031,473.1664499,1.428571429,0.571428571,C21 H30 O12,21.0,30.0,12.0,0.0,0.0,0.0,0.0,0.0,0.0,lignin,0.8618200331133318
398,473.1585944,473.1581921,473.1580747,0.8125,0.0625,C32 H26 O2 S1,32.0,26.0,2.0,1.0,0.0,0.0,0.0,0.0,0.0,pah,0.9472369483962874
399,473.1455454,473.1451431,473.1453205,1.083333333,0.416666667,C24 H26 O10,24.0,26.0,10.0,0.0,0.0,0.0,0.0,0.0,0.0,lignin,0.9241864824805865
400,473.1303011,473.1298988,473.1300644,1.3,0.65,C20 H26 O13,20.0,26.0,13.0,0.0,0.0,0.0,0.0,0.0,0.0,lignin,0.9319187306747667
401,473.1222961,473.1218938,473.1216892,0.709677419,0.096774194,C31 H22 O3 S1,31.0,22.0,3.0,1.0,0.0,0.0,0.0,0.0,0.0,pah,0.9441069310601946
402,473.1093235,473.1089213,473.108935,0.956521739,0.47826087,C23 H22 O11,23.0,22.0,11.0,0.0,0.0,0.0,0.0,0.0,0.0,tannin,0.8850877183742616
403,473.0941714,473.0937692,473.0936789,1.157894737,0.736842105,C19 H22 O14,19.0,22.0,14.0,0.0,0.0,0.0,0.0,0.0,0.0,lignin,0.813295609959647
404,473.0731247,473.0727225,473.0725495,0.818181818,0.545454545,C22 H18 O12,22.0,18.0,12.0,0.0,0.0,0.0,0.0,0.0,0.0,tannin,0.8908953478252742
405,473.0367317,473.0363295,473.036164,0.666666667,0.619047619,C21 H14 O13,21.0,14.0,13.0,0.0,0.0,0.0,0.0,0.0,0.0,tannin,0.8946105895306147
406,471.2391308,471.2387311,471.238827,1.333333333,0.259259259,C27 H36 O7,27.0,36.0,7.0,0.0,0.0,0.0,0.0,0.0,0.0,lignin,0.8328369536683361
407,471.187385,471.1869854,471.1871853,1.454545455,0.5,C22 H32 O11,22.0,32.0,11.0,0.0,0.0,0.0,0.0,0.0,0.0,lignin,0.8281098189709389
408,471.179359,471.1789594,471.1788102,0.848484848,0.03030303,C33 H28 O1 S1,33.0,28.0,1.0,1.0,0.0,0.0,0.0,0.0,0.0,pah,0.9266922393798065
409,471.1664161,471.1660165,471.1660559,1.12,0.36,C25 H28 O9,25.0,28.0,9.0,0.0,0.0,0.0,0.0,0.0,0.0,lignin,0.9225384172381463
410,471.1513082,471.1509086,471.1507998,1.333333333,0.571428571,C21 H28 O12,21.0,28.0,12.0,0.0,0.0,0.0,0.0,0.0,0.0,lignin,0.8696465861868112
411,471.1302978,471.1298983,471.1296704,1.0,0.416666667,C24 H24 O10,24.0,24.0,10.0,0.0,0.0,0.0,0.0,0.0,0.0,lignin,0.9229424889167854
412,471.1150396,471.1146401,471.1144143,1.2,0.65,C20 H24 O13,20.0,24.0,13.0,0.0,0.0,0.0,0.0,0.0,0.0,lignin,0.9346431843604763
413,471.0938347,471.0934353,471.0932849,0.869565217,0.47826087,C23 H20 O11,23.0,20.0,11.0,0.0,0.0,0.0,0.0,0.0,0.0,tannin,0.8882180028672664
414,471.0785001,471.0781006,471.0780288,1.052631579,0.736842105,C19 H20 O14,19.0,20.0,14.0,0.0,0.0,0.0,0.0,0.0,0.0,tannin,0.7182678921744521
415,471.0571677,471.0567683,471.0568994,0.727272727,0.545454545,C22 H16 O12,22.0,16.0,12.0,0.0,0.0,0.0,0.0,0.0,0.0,tannin,0.8922708704770399
416,471.0418404,471.041441,471.0416433,0.888888889,0.833333333,C18 H16 O15,18.0,16.0,15.0,0.0,0.0,0.0,0.0,0.0,0.0,tannin,0.8858546113870627
417,471.0182747,471.0178754,471.018012,0.48,0.32,C25 H12 O8 S1,25.0,12.0,8.0,1.0,0.0,0.0,0.0,0.0,0.0,pah,0.5792871987619048
418,469.2842882,469.2838912,469.2840631,2.090909091,0.363636364,C22 H46 O8 S1,22.0,46.0,8.0,1.0,0.0,0.0,0.0,0.0,0.0,lipid,0.8958265080266263
419,469.2085198,469.2081229,469.2079208,1.47826087,0.434782609,C23 H34 O10,23.0,34.0,10.0,0.0,0.0,0.0,0.0,0.0,0.0,lignin,0.8269431132030054
420,469.1873416,469.1869447,469.1867914,1.153846154,0.307692308,C26 H30 O8,26.0,30.0,8.0,0.0,0.0,0.0,0.0,0.0,0.0,lignin,0.8344273087990917
421,469.1721149,469.171718,469.1715353,1.363636364,0.5,C22 H30 O11,22.0,30.0,11.0,0.0,0.0,0.0,0.0,0.0,0.0,lignin,0.8360367689358619
422,469.1508404,469.1504436,469.1504059,1.04,0.36,C25 H26 O9,25.0,26.0,9.0,0.0,0.0,0.0,0.0,0.0,0.0,lignin,0.9240014161549539
423,469.1354608,469.135064,469.1351497,1.238095238,0.571428571,C21 H26 O12,21.0,26.0,12.0,0.0,0.0,0.0,0.0,0.0,0.0,lignin,0.8763761843099372
424,469.1273105,469.1269138,469.1267746,0.6875,0.0625,C32 H22 O2 S1,32.0,22.0,2.0,1.0,0.0,0.0,0.0,0.0,0.0,pah,0.9440975143901568
425,469.1142124,469.1138156,469.1140204,0.916666667,0.416666667,C24 H22 O10,24.0,22.0,10.0,0.0,0.0,0.0,0.0,0.0,0.0,tannin,0.884154076863308
426,469.0989461,469.0985494,469.0987642,1.1,0.65,C20 H22 O13,20.0,22.0,13.0,0.0,0.0,0.0,0.0,0.0,0.0,lignin,0.8009993842283294
427,469.0779134,469.0775167,469.0776349,0.782608696,0.47826087,C23 H18 O11,23.0,18.0,11.0,0.0,0.0,0.0,0.0,0.0,0.0,tannin,0.8899965392467912
428,469.0627859,469.0623892,469.0623787,0.947368421,0.736842105,C19 H18 O14,19.0,18.0,14.0,0.0,0.0,0.0,0.0,0.0,0.0,tannin,0.8854612205031579
429,468.1958927,468.1954973,468.1956255,1.454545455,0.454545455,C22 H32 O10 13C1,23.0,32.0,10.0,0.0,0.0,1.0,0.0,0.0,0.0,lignin,0.8275290536985264
430,468.1594245,468.1590291,468.15924,1.333333333,0.523809524,C21 H28 O11 13C1,22.0,28.0,11.0,0.0,0.0,1.0,0.0,0.0,0.0,lignin,0.8372923297705837
431,467.2289122,467.228518,467.2286562,1.5,0.375,C24 H36 O9,24.0,36.0,9.0,0.0,0.0,0.0,0.0,0.0,0.0,lipid,0.6148219769299166
432,467.1925603,467.1921662,467.1922707,1.391304348,0.434782609,C23 H32 O10,23.0,32.0,10.0,0.0,0.0,0.0,0.0,0.0,0.0,lignin,0.8343864751264018
433,467.1563762,467.1559822,467.1558852,1.272727273,0.5,C22 H28 O11,22.0,28.0,11.0,0.0,0.0,0.0,0.0,0.0,0.0,lignin,0.8383576414216887
434,467.1201031,467.1197091,467.1194997,1.142857143,0.571428571,C21 H24 O12,21.0,24.0,12.0,0.0,0.0,0.0,0.0,0.0,0.0,lignin,0.8989317700132468
435,467.0989012,467.0985072,467.0983703,0.833333333,0.416666667,C24 H20 O10,24.0,20.0,10.0,0.0,0.0,0.0,0.0,0.0,0.0,tannin,0.8869940391007465
436,467.0835929,467.0831989,467.0831142,1.0,0.65,C20 H20 O13,20.0,20.0,13.0,0.0,0.0,0.0,0.0,0.0,0.0,tannin,0.7149622933866118
437,467.0623026,467.0619087,467.0619848,0.695652174,0.47826087,C23 H16 O11,23.0,16.0,11.0,0.0,0.0,0.0,0.0,0.0,0.0,tannin,0.8920067510736918
438,467.0469327,467.0465388,467.0467287,0.842105263,0.736842105,C19 H16 O14,19.0,16.0,14.0,0.0,0.0,0.0,0.0,0.0,0.0,tannin,0.8865006681944468
439,466.2169529,466.2165601,466.216361,1.47826087,0.391304348,C23 H34 O9 13C1,24.0,34.0,9.0,0.0,0.0,1.0,0.0,0.0,0.0,lignin,0.8325242578492139
440,466.1439796,466.1435869,466.14359,1.238095238,0.523809524,C21 H26 O11 13C1,22.0,26.0,11.0,0.0,0.0,1.0,0.0,0.0,0.0,lignin,0.8402541281095945
441,465.2499276,465.2495361,465.2493916,1.52,0.32,C25 H38 O8,25.0,38.0,8.0,0.0,0.0,0.0,0.0,0.0,0.0,lipid,0.8987564667448502
442,465.2133538,465.2129625,465.2130061,1.416666667,0.375,C24 H34 O9,24.0,34.0,9.0,0.0,0.0,0.0,0.0,0.0,0.0,lignin,0.8331618138875563
443,465.1768593,465.176468,465.1766206,1.304347826,0.434782609,C23 H30 O10,23.0,30.0,10.0,0.0,0.0,0.0,0.0,0.0,0.0,lignin,0.8360350271655032
444,465.1687917,465.1684004,465.1682455,0.764705882,0.0,C34 H26 S1,34.0,26.0,0.0,1.0,0.0,0.0,0.0,0.0,0.0,pah,0.9471866474380295
445,465.140544,465.1401527,465.1402351,1.181818182,0.5,C22 H26 O11,22.0,26.0,11.0,0.0,0.0,0.0,0.0,0.0,0.0,lignin,0.8416428230963244
446,465.1043369,465.1039456,465.1038496,1.047619048,0.571428571,C21 H22 O12,21.0,22.0,12.0,0.0,0.0,0.0,0.0,0.0,0.0,lignin,0.7995934512777584
447,465.0680256,465.0676344,465.0674641,0.9,0.65,C20 H18 O13,20.0,18.0,13.0,0.0,0.0,0.0,0.0,0.0,0.0,tannin,0.8827085116894617
448,464.2010984,464.2007084,464.2007109,1.391304348,0.391304348,C23 H32 O9 13C1,24.0,32.0,9.0,0.0,0.0,1.0,0.0,0.0,0.0,lignin,0.8337569456037942
449,464.1649419,464.1645519,464.1643254,1.272727273,0.454545455,C22 H28 O10 13C1,23.0,28.0,10.0,0.0,0.0,1.0,0.0,0.0,0.0,lignin,0.8371986769680919
450,463.2342948,463.2339061,463.2337416,1.44,0.32,C25 H36 O8,25.0,36.0,8.0,0.0,0.0,0.0,0.0,0.0,0.0,lignin,0.7050531071757442
451,463.1977447,463.1973561,463.1973561,1.333333333,0.375,C24 H32 O9,24.0,32.0,9.0,0.0,0.0,0.0,0.0,0.0,0.0,lignin,0.8344504603674346
452,463.1612165,463.160828,463.1609706,1.217391304,0.434782609,C23 H28 O10,23.0,28.0,10.0,0.0,0.0,0.0,0.0,0.0,0.0,lignin,0.8382489229867254
453,463.1248901,463.1245016,463.1245851,1.090909091,0.5,C22 H24 O11,22.0,24.0,11.0,0.0,0.0,0.0,0.0,0.0,0.0,lignin,0.9235444385444863
454,463.0886716,463.0882831,463.0881995,0.952380952,0.571428571,C21 H20 O12,21.0,20.0,12.0,0.0,0.0,0.0,0.0,0.0,0.0,tannin,0.8871913195437842
455,463.0523644,463.051976,463.051814,0.8,0.65,C20 H16 O13,20.0,16.0,13.0,0.0,0.0,0.0,0.0,0.0,0.0,tannin,0.8848871196561783
456,462.1854755,462.1850882,462.1850608,1.304347826,0.391304348,C23 H30 O9 13C1,24.0,30.0,9.0,0.0,0.0,1.0,0.0,0.0,0.0,lignin,0.8352293789505436
457,462.1492755,462.1488883,462.1486753,1.181818182,0.454545455,C22 H26 O10 13C1,23.0,26.0,10.0,0.0,0.0,1.0,0.0,0.0,0.0,lignin,0.8400079515126706
458,461.2185902,461.2182043,461.2180915,1.36,0.32,C25 H34 O8,25.0,34.0,8.0,0.0,0.0,0.0,0.0,0.0,0.0,lignin,0.8332939848251304
459,461.1820318,461.1816459,461.181706,1.25,0.375,C24 H30 O9,24.0,30.0,9.0,0.0,0.0,0.0,0.0,0.0,0.0,lignin,0.8360428301224448
460,461.1586043,461.1582185,461.1580747,0.838709677,0.064516129,C31 H26 O2 S1,31.0,26.0,2.0,1.0,0.0,0.0,0.0,0.0,0.0,pah,0.932154277089667
461,461.1455726,461.1451867,461.1453205,1.130434783,0.434782609,C23 H26 O10,23.0,26.0,10.0,0.0,0.0,0.0,0.0,0.0,0.0,lignin,0.9215711611485989
462,461.1093155,461.1089297,461.108935,1.0,0.5,C22 H22 O11,22.0,22.0,11.0,0.0,0.0,0.0,0.0,0.0,0.0,tannin,0.5343542876145502
463,461.0941426,461.0937569,461.0936789,1.222222222,0.777777778,C18 H22 O14,18.0,22.0,14.0,0.0,0.0,0.0,0.0,0.0,0.0,lignin,0.9393878290664311
464,461.073091,461.0727052,461.0725495,0.857142857,0.571428571,C21 H18 O12,21.0,18.0,12.0,0.0,0.0,0.0,0.0,0.0,0.0,tannin,0.8892786090510258
465,461.0367174,461.0363318,461.036164,0.7,0.65,C20 H14 O13,20.0,14.0,13.0,0.0,0.0,0.0,0.0,0.0,0.0,tannin,0.8871467665221001
466,459.2393248,459.2389416,459.238827,1.384615385,0.269230769,C26 H36 O7,26.0,36.0,7.0,0.0,0.0,0.0,0.0,0.0,0.0,lignin,0.7051332246239836
467,459.2027261,459.2023429,459.2024415,1.28,0.32,C25 H32 O8,25.0,32.0,8.0,0.0,0.0,0.0,0.0,0.0,0.0,lignin,0.8345277996369497
468,459.1793424,459.1789593,459.1788102,0.875,0.03125,C32 H28 O1 S1,32.0,28.0,1.0,1.0,0.0,0.0,0.0,0.0,0.0,pah,0.9241390924971175
469,459.1663024,459.1659193,459.1660559,1.166666667,0.375,C24 H28 O9,24.0,28.0,9.0,0.0,0.0,0.0,0.0,0.0,0.0,lignin,0.8357151818783966
470,459.1607703,459.1603872,459.1601827,0.774193548,0.129032258,C31 H24 O4,31.0,24.0,4.0,0.0,0.0,0.0,0.0,0.0,0.0,pah,0.9446023981217933
471,459.1510887,459.1507056,459.1507998,1.4,0.6,C20 H28 O12,20.0,28.0,12.0,0.0,0.0,0.0,0.0,0.0,0.0,lignin,0.8927154263495435
472,459.1300482,459.1296651,459.1296704,1.043478261,0.434782609,C23 H24 O10,23.0,24.0,10.0,0.0,0.0,0.0,0.0,0.0,0.0,lignin,0.9244328444464964
473,459.1149369,459.1145538,459.1144143,1.263157895,0.684210526,C19 H24 O13,19.0,24.0,13.0,0.0,0.0,0.0,0.0,0.0,0.0,lignin,0.9370902867437415
474,459.0938424,459.0934594,459.0932849,0.909090909,0.5,C22 H20 O11,22.0,20.0,11.0,0.0,0.0,0.0,0.0,0.0,0.0,tannin,0.8877160002165685
475,459.0785945,459.0782114,459.0780288,1.111111111,0.777777778,C18 H20 O14,18.0,20.0,14.0,0.0,0.0,0.0,0.0,0.0,0.0,lignin,0.6337524853561419
476,459.0574354,459.0570524,459.0568994,0.761904762,0.571428571,C21 H16 O12,21.0,16.0,12.0,0.0,0.0,0.0,0.0,0.0,0.0,tannin,0.8922856803447387
477,457.2233779,457.2229974,457.2231769,1.307692308,0.269230769,C26 H34 O7,26.0,34.0,7.0,0.0,0.0,0.0,0.0,0.0,0.0,lignin,0.8333213349475266
478,457.2082039,457.2078235,457.2079208,1.545454545,0.454545455,C22 H34 O10,22.0,34.0,10.0,0.0,0.0,0.0,0.0,0.0,0.0,lignin,0.6991363560527495
479,457.1871656,457.1867852,457.1867914,1.2,0.32,C25 H30 O8,25.0,30.0,8.0,0.0,0.0,0.0,0.0,0.0,0.0,lignin,0.8359767710292234
480,457.1720246,457.1716442,457.1715353,1.428571429,0.523809524,C21 H30 O11,21.0,30.0,11.0,0.0,0.0,0.0,0.0,0.0,0.0,lignin,0.8289065624576348
481,457.1509503,457.1505699,457.1504059,1.083333333,0.375,C24 H26 O9,24.0,26.0,9.0,0.0,0.0,0.0,0.0,0.0,0.0,lignin,0.9249132968918093
482,457.1356894,457.135309,457.1351497,1.3,0.6,C20 H26 O12,20.0,26.0,12.0,0.0,0.0,0.0,0.0,0.0,0.0,lignin,0.8995033012768848
483,457.1145461,457.1141658,457.1140204,0.956521739,0.434782609,C23 H22 O10,23.0,22.0,10.0,0.0,0.0,0.0,0.0,0.0,0.0,tannin,0.8834619386114715
484,457.0991832,457.0988029,457.0987642,1.157894737,0.684210526,C19 H22 O13,19.0,22.0,13.0,0.0,0.0,0.0,0.0,0.0,0.0,lignin,0.9374204214509074
485,457.0779445,457.0775642,457.0776349,0.818181818,0.5,C22 H18 O11,22.0,18.0,11.0,0.0,0.0,0.0,0.0,0.0,0.0,tannin,0.8899351174640622
486,457.0626108,457.0622306,457.0623787,1.0,0.777777778,C18 H18 O14,18.0,18.0,14.0,0.0,0.0,0.0,0.0,0.0,0.0,tannin,0.7187626959176769
487,457.0414829,457.0411026,457.0412494,0.666666667,0.571428571,C21 H14 O12,21.0,14.0,12.0,0.0,0.0,0.0,0.0,0.0,0.0,tannin,0.8940049428308081
488,457.0390457,457.0386655,457.0387474,0.56,0.28,C25 H14 O7 S1,25.0,14.0,7.0,1.0,0.0,0.0,0.0,0.0,0.0,pah,0.5792400142346273
489,456.1594831,456.159104,456.15924,1.4,0.55,C20 H28 O11 13C1,21.0,28.0,11.0,0.0,0.0,1.0,0.0,0.0,0.0,lignin,0.8782358730492537
490,455.1927662,455.1923885,455.1922707,1.454545455,0.454545455,C22 H32 O10,22.0,32.0,10.0,0.0,0.0,0.0,0.0,0.0,0.0,lignin,0.8275290536985264
491,455.1715259,455.1711482,455.1711413,1.12,0.32,C25 H28 O8,25.0,28.0,8.0,0.0,0.0,0.0,0.0,0.0,0.0,lignin,0.9177215789244151
492,455.1561839,455.1558062,455.1558852,1.333333333,0.523809524,C21 H28 O11,21.0,28.0,11.0,0.0,0.0,0.0,0.0,0.0,0.0,lignin,0.8372923297705837
493,455.1480678,455.1476901,455.14751,0.75,0.03125,C32 H24 O1 S1,32.0,24.0,1.0,1.0,0.0,0.0,0.0,0.0,0.0,pah,0.9451301433214789
494,455.1383456,455.1379679,455.1381271,1.333333333,0.428571429,C21 H28 O9 S1,21.0,28.0,9.0,1.0,0.0,0.0,0.0,0.0,0.0,lignin,0.8353129386485975
495,455.1349794,455.1346018,455.1347558,1.0,0.375,C24 H24 O9,24.0,24.0,9.0,0.0,0.0,0.0,0.0,0.0,0.0,lignin,0.923123916587147
496,455.119712,455.1193343,455.1194997,1.2,0.6,C20 H24 O12,20.0,24.0,12.0,0.0,0.0,0.0,0.0,0.0,0.0,lignin,0.9059390441440254
497,455.1116463,455.1112687,455.1111245,0.64516129,0.064516129,C31 H20 O2 S1,31.0,20.0,2.0,1.0,0.0,0.0,0.0,0.0,0.0,pah,0.9436846745120235
498,455.0986775,455.0982999,455.0983703,0.869565217,0.434782609,C23 H20 O10,23.0,20.0,10.0,0.0,0.0,0.0,0.0,0.0,0.0,tannin,0.8860453440128238
499,455.0834932,455.0831157,455.0831142,1.052631579,0.684210526,C19 H20 O13,19.0,20.0,13.0,0.0,0.0,0.0,0.0,0.0,0.0,tannin,0.7182488174130537
500,455.0625584,455.0621808,455.0619848,0.727272727,0.5,C22 H16 O11,22.0,16.0,11.0,0.0,0.0,0.0,0.0,0.0,0.0,tannin,0.8913263157432917
501,455.0472979,455.0469204,455.0467287,0.888888889,0.777777778,C18 H16 O14,18.0,16.0,14.0,0.0,0.0,0.0,0.0,0.0,0.0,tannin,0.8859742821625082
502,454.1805379,454.1801615,454.1799755,1.428571429,0.476190476,C21 H30 O10 13C1,22.0,30.0,10.0,0.0,0.0,1.0,0.0,0.0,0.0,lignin,0.8344007143098542
503,454.1439709,454.1435946,454.14359,1.3,0.55,C20 H26 O11 13C1,21.0,26.0,11.0,0.0,0.0,1.0,0.0,0.0,0.0,lignin,0.8541178918181773
504,454.1074141,454.1070379,454.1072044,1.157894737,0.631578947,C19 H22 O12 13C1,20.0,22.0,12.0,0.0,0.0,1.0,0.0,0.0,0.0,lignin,0.9375757656279873
505,453.2132295,453.2128544,453.2130061,1.47826087,0.391304348,C23 H34 O9,23.0,34.0,9.0,0.0,0.0,0.0,0.0,0.0,0.0,lignin,0.8325242578492139
506,453.1770771,453.1767021,453.1766206,1.363636364,0.454545455,C22 H30 O10,22.0,30.0,10.0,0.0,0.0,0.0,0.0,0.0,0.0,lignin,0.835183203339092
507,453.1408145,453.1404395,453.1402351,1.238095238,0.523809524,C21 H26 O11,21.0,26.0,11.0,0.0,0.0,0.0,0.0,0.0,0.0,lignin,0.8402541281095945
508,453.1042669,453.1038921,453.1038496,1.1,0.6,C20 H22 O12,20.0,22.0,12.0,0.0,0.0,0.0,0.0,0.0,0.0,lignin,0.7996275057241246
509,453.0829444,453.0825696,453.0827202,0.782608696,0.434782609,C23 H18 O10,23.0,18.0,10.0,0.0,0.0,0.0,0.0,0.0,0.0,tannin,0.889443524163832
510,453.0465114,453.0461366,453.0463347,0.636363636,0.5,C22 H14 O11,22.0,14.0,11.0,0.0,0.0,0.0,0.0,0.0,0.0,tannin,0.8936598666707782
511,453.0313728,453.030998,453.0310786,0.777777778,0.777777778,C18 H14 O14,18.0,14.0,14.0,0.0,0.0,0.0,0.0,0.0,0.0,tannin,0.8869859429534206
512,453.0289992,453.0286244,453.0285767,0.636363636,0.409090909,C22 H14 O9 S1,22.0,14.0,9.0,1.0,0.0,0.0,0.0,0.0,0.0,tannin,0.8826481910436119
513,452.1647462,452.1643726,452.1643254,1.333333333,0.476190476,C21 H28 O10 13C1,22.0,28.0,10.0,0.0,0.0,1.0,0.0,0.0,0.0,lignin,0.8362265044741136
514,452.1284443,452.1280707,452.1279399,1.2,0.55,C20 H24 O11 13C1,21.0,24.0,11.0,0.0,0.0,1.0,0.0,0.0,0.0,lignin,0.8429203321102083
515,451.2341208,451.2337485,451.2337416,1.5,0.333333333,C24 H36 O8,24.0,36.0,8.0,0.0,0.0,0.0,0.0,0.0,0.0,lipid,0.8987679166636724
516,451.2131547,451.2127824,451.2126122,1.185185185,0.222222222,C27 H32 O6,27.0,32.0,6.0,0.0,0.0,0.0,0.0,0.0,0.0,lignin,0.8345152719581407
517,451.161269,451.1608968,451.1609706,1.272727273,0.454545455,C22 H28 O10,22.0,28.0,10.0,0.0,0.0,0.0,0.0,0.0,0.0,lignin,0.8371986769680919
518,451.1251671,451.1247949,451.1245851,1.142857143,0.523809524,C21 H24 O11,21.0,24.0,11.0,0.0,0.0,0.0,0.0,0.0,0.0,lignin,0.879722557733766
519,451.0887264,451.0883543,451.0881995,1.0,0.6,C20 H20 O12,20.0,20.0,12.0,0.0,0.0,0.0,0.0,0.0,0.0,tannin,0.7201531095269726
520,451.067411,451.0670388,451.0670702,0.695652174,0.434782609,C23 H16 O10,23.0,16.0,10.0,0.0,0.0,0.0,0.0,0.0,0.0,tannin,0.8915312491708305
521,451.0520201,451.051648,451.051814,0.842105263,0.684210526,C19 H16 O13,19.0,16.0,13.0,0.0,0.0,0.0,0.0,0.0,0.0,tannin,0.8866924296087237
522,451.04964,451.0492678,451.0493121,0.695652174,0.347826087,C23 H16 O8 S1,23.0,16.0,8.0,1.0,0.0,0.0,0.0,0.0,0.0,tannin,0.8468860304604714
523,451.013246,451.012874,451.0129266,0.545454545,0.409090909,C22 H12 O9 S1,22.0,12.0,9.0,1.0,0.0,0.0,0.0,0.0,0.0,tannin,0.7314666444266077
524,450.2217643,450.2213934,450.2214464,1.47826087,0.347826087,C23 H34 O8 13C1,24.0,34.0,8.0,0.0,0.0,1.0,0.0,0.0,0.0,lipid,0.6149398372087977
525,450.1852741,450.1849032,450.1850608,1.363636364,0.409090909,C22 H30 O9 13C1,23.0,30.0,9.0,0.0,0.0,1.0,0.0,0.0,0.0,lignin,0.8344546157711239
526,450.1771635,450.1767926,450.176955,1.318181818,0.409090909,C22 H29 O9 N1,22.0,29.0,9.0,0.0,1.0,0.0,0.0,0.0,0.045454545454545456,lignin,0.8355977924587947
527,450.1489703,450.1485994,450.1486753,1.238095238,0.476190476,C21 H26 O10 13C1,22.0,26.0,10.0,0.0,0.0,1.0,0.0,0.0,0.0,lignin,0.8387578556575305
528,450.1127728,450.1124019,450.1122898,1.1,0.55,C20 H22 O11 13C1,21.0,22.0,11.0,0.0,0.0,1.0,0.0,0.0,0.0,lignin,0.9234807836091358
529,449.2183945,449.2180248,449.2180915,1.416666667,0.333333333,C24 H34 O8,24.0,34.0,8.0,0.0,0.0,0.0,0.0,0.0,0.0,lignin,0.8326610086001767
530,449.1819137,449.1815441,449.181706,1.304347826,0.391304348,C23 H30 O9,23.0,30.0,9.0,0.0,0.0,0.0,0.0,0.0,0.0,lignin,0.8352293789505436
531,449.1457114,449.1453418,449.1453205,1.181818182,0.454545455,C22 H26 O10,22.0,26.0,10.0,0.0,0.0,0.0,0.0,0.0,0.0,lignin,0.8400079515126706
532,449.1094489,449.1090794,449.108935,1.047619048,0.523809524,C21 H22 O11,21.0,22.0,11.0,0.0,0.0,0.0,0.0,0.0,0.0,lignin,0.7989481505149815
533,449.0730386,449.0726692,449.0725495,0.9,0.6,C20 H18 O12,20.0,18.0,12.0,0.0,0.0,0.0,0.0,0.0,0.0,tannin,0.888607825062012
534,449.0364875,449.0361181,449.036164,0.736842105,0.684210526,C19 H14 O13,19.0,14.0,13.0,0.0,0.0,0.0,0.0,0.0,0.0,tannin,0.886300427008916
535,449.0340548,449.0336854,449.0336621,0.608695652,0.347826087,C23 H14 O8 S1,23.0,14.0,8.0,1.0,0.0,0.0,0.0,0.0,0.0,tannin,0.7024649868627004
536,448.2060628,448.2056945,448.2057963,1.391304348,0.347826087,C23 H32 O8 13C1,24.0,32.0,8.0,0.0,0.0,1.0,0.0,0.0,0.0,lignin,0.8331844774466687
537,448.1695866,448.1692184,448.1694108,1.272727273,0.409090909,C22 H28 O9 13C1,23.0,28.0,9.0,0.0,0.0,1.0,0.0,0.0,0.0,lignin,0.836205647908846
538,448.1334501,448.1330819,448.1330253,1.142857143,0.476190476,C21 H24 O10 13C1,22.0,24.0,10.0,0.0,0.0,1.0,0.0,0.0,0.0,lignin,0.879164104635571
539,447.2392737,447.2389067,447.238827,1.44,0.28,C25 H36 O7,25.0,36.0,7.0,0.0,0.0,0.0,0.0,0.0,0.0,lipid,0.8991539672877744
540,447.2026978,447.2023309,447.2024415,1.333333333,0.333333333,C24 H32 O8,24.0,32.0,8.0,0.0,0.0,0.0,0.0,0.0,0.0,lignin,0.8338729306890442
541,447.1793476,447.1789807,447.1788102,0.903225806,0.032258065,C31 H28 O1 S1,31.0,28.0,1.0,1.0,0.0,0.0,0.0,0.0,0.0,pah,0.9241548598680407
542,447.1662811,447.1659143,447.1660559,1.217391304,0.391304348,C23 H28 O9,23.0,28.0,9.0,0.0,0.0,0.0,0.0,0.0,0.0,lignin,0.8371753385765501
543,447.1301424,447.1297756,447.1296704,1.090909091,0.454545455,C22 H24 O10,22.0,24.0,10.0,0.0,0.0,0.0,0.0,0.0,0.0,lignin,0.9239045996356099
544,447.093853,447.0934863,447.0932849,0.952380952,0.523809524,C21 H20 O11,21.0,20.0,11.0,0.0,0.0,0.0,0.0,0.0,0.0,tannin,0.8854061898895654
545,447.0785195,447.0781528,447.0780288,1.176470588,0.823529412,C17 H20 O14,17.0,20.0,14.0,0.0,0.0,0.0,0.0,0.0,0.0,lignin,0.8745084249138942
546,447.0572429,447.0568762,447.0568994,0.8,0.6,C20 H16 O12,20.0,16.0,12.0,0.0,0.0,0.0,0.0,0.0,0.0,tannin,0.8905301293287525
547,447.0548442,447.0544775,447.0543975,0.666666667,0.291666667,C24 H16 O7 S1,24.0,16.0,7.0,1.0,0.0,0.0,0.0,0.0,0.0,tannin,0.6860042029848847
548,447.0206787,447.0203121,447.0205139,0.631578947,0.684210526,C19 H12 O13,19.0,12.0,13.0,0.0,0.0,0.0,0.0,0.0,0.0,tannin,0.8878480815401952
549,447.0182423,447.0178757,447.018012,0.52173913,0.347826087,C23 H12 O8 S1,23.0,12.0,8.0,1.0,0.0,0.0,0.0,0.0,0.0,tannin,0.6767305275802495
550,446.1903941,446.1900285,446.1901462,1.304347826,0.347826087,C23 H30 O8 13C1,24.0,30.0,8.0,0.0,0.0,1.0,0.0,0.0,0.0,lignin,0.8345378593731582
551,446.154213,446.1538475,446.1537607,1.181818182,0.409090909,C22 H26 O9 13C1,23.0,26.0,9.0,0.0,0.0,1.0,0.0,0.0,0.0,lignin,0.8386409515294984
552,445.1871949,445.1868307,445.1867914,1.25,0.333333333,C24 H30 O8,24.0,30.0,8.0,0.0,0.0,0.0,0.0,0.0,0.0,lignin,0.8352686575161645
553,445.1720496,445.1716854,445.1715353,1.5,0.55,C20 H30 O11,20.0,30.0,11.0,0.0,0.0,0.0,0.0,0.0,0.0,lignin,0.8772564889297421
554,445.1509738,445.1506096,445.1504059,1.130434783,0.391304348,C23 H26 O9,23.0,26.0,9.0,0.0,0.0,0.0,0.0,0.0,0.0,lignin,0.9221863501723424
555,445.1357125,445.1353484,445.1351497,1.368421053,0.631578947,C19 H26 O12,19.0,26.0,12.0,0.0,0.0,0.0,0.0,0.0,0.0,lignin,0.8926974614991396
556,445.1178143,445.1174502,445.1173917,1.368421053,0.526315789,C19 H26 O10 S1,19.0,26.0,10.0,1.0,0.0,0.0,0.0,0.0,0.0,lignin,0.8364781403694513
557,445.1144369,445.1140728,445.1140204,1.0,0.454545455,C22 H22 O10,22.0,22.0,10.0,0.0,0.0,0.0,0.0,0.0,0.0,lignin,0.7997660021122768
558,445.0990293,445.0986653,445.0987642,1.222222222,0.722222222,C18 H22 O13,18.0,22.0,13.0,0.0,0.0,0.0,0.0,0.0,0.0,lignin,0.9380303006963038
559,445.0908916,445.0905276,445.0903891,0.620689655,0.103448276,C29 H18 O3 S1,29.0,18.0,3.0,1.0,0.0,0.0,0.0,0.0,0.0,pah,0.9433249435381212
560,445.0778155,445.0774514,445.0776349,0.857142857,0.523809524,C21 H18 O11,21.0,18.0,11.0,0.0,0.0,0.0,0.0,0.0,0.0,tannin,0.8898582990944618
561,445.0753976,445.0750336,445.0751329,0.72,0.24,C25 H18 O6 S1,25.0,18.0,6.0,1.0,0.0,0.0,0.0,0.0,0.0,tannin,0.6774262857852302
562,445.0625775,445.0622135,445.0623787,1.058823529,0.823529412,C17 H18 O14,17.0,18.0,14.0,0.0,0.0,0.0,0.0,0.0,0.0,tannin,0.6610853426359566
563,445.0415847,445.0412207,445.0412494,0.7,0.6,C20 H14 O12,20.0,14.0,12.0,0.0,0.0,0.0,0.0,0.0,0.0,tannin,0.8941397162706171
564,445.039207,445.038843,445.0387474,0.583333333,0.291666667,C24 H14 O7 S1,24.0,14.0,7.0,1.0,0.0,0.0,0.0,0.0,0.0,tannin,0.6018130664757624
565,443.2783523,443.2779907,443.2777959,1.290322581,0.0,C31 H40 S1,31.0,40.0,0.0,1.0,0.0,0.0,0.0,0.0,0.0,lipid,0.8952060936549111
566,443.208012,443.2076505,443.2075268,1.28,0.28,C25 H32 O7,25.0,32.0,7.0,0.0,0.0,0.0,0.0,0.0,0.0,lignin,0.8338805265028105
567,443.1927619,443.1924004,443.1922707,1.523809524,0.476190476,C21 H32 O10,21.0,32.0,10.0,0.0,0.0,0.0,0.0,0.0,0.0,lignin,0.8267328655759186
568,443.1715308,443.1711693,443.1711413,1.166666667,0.333333333,C24 H28 O8,24.0,28.0,8.0,0.0,0.0,0.0,0.0,0.0,0.0,lignin,0.8346794013289476
569,443.1562127,443.1558513,443.1558852,1.4,0.55,C20 H28 O11,20.0,28.0,11.0,0.0,0.0,0.0,0.0,0.0,0.0,lignin,0.8782358730492537
570,443.1480885,443.1477271,443.14751,0.774193548,0.032258065,C31 H24 O1 S1,31.0,24.0,1.0,1.0,0.0,0.0,0.0,0.0,0.0,pah,0.947028486471087
571,443.1383328,443.1379714,443.1381271,1.4,0.45,C20 H28 O9 S1,20.0,28.0,9.0,1.0,0.0,0.0,0.0,0.0,0.0,lignin,0.8344730465960998
572,443.1349835,443.134622,443.1347558,1.043478261,0.391304348,C23 H24 O9,23.0,24.0,9.0,0.0,0.0,0.0,0.0,0.0,0.0,lignin,0.9237498133974196
573,443.129418,443.1290565,443.1288826,0.666666667,0.133333333,C30 H20 O4,30.0,20.0,4.0,0.0,0.0,0.0,0.0,0.0,0.0,pah,0.9435227285154489
574,443.1196891,443.1193277,443.1194997,1.263157895,0.631578947,C19 H24 O12,19.0,24.0,12.0,0.0,0.0,0.0,0.0,0.0,0.0,lignin,0.9372556229782972
575,443.1116327,443.1112713,443.1111245,0.666666667,0.066666667,C30 H20 O2 S1,30.0,20.0,2.0,1.0,0.0,0.0,0.0,0.0,0.0,pah,0.9438661085457121
576,443.1019778,443.1016164,443.1017416,1.263157895,0.526315789,C19 H24 O10 S1,19.0,24.0,10.0,1.0,0.0,0.0,0.0,0.0,0.0,lignin,0.8394393452038115
577,443.0987141,443.0983527,443.0983703,0.909090909,0.454545455,C22 H20 O10,22.0,20.0,10.0,0.0,0.0,0.0,0.0,0.0,0.0,tannin,0.8851355866656185
578,443.0835205,443.0831591,443.0831142,1.111111111,0.722222222,C18 H20 O13,18.0,20.0,13.0,0.0,0.0,0.0,0.0,0.0,0.0,lignin,0.8007793123430964
579,443.0625412,443.0621799,443.0619848,0.761904762,0.523809524,C21 H16 O11,21.0,16.0,11.0,0.0,0.0,0.0,0.0,0.0,0.0,tannin,0.8912988256207013
580,443.0472727,443.0469114,443.0467287,0.941176471,0.823529412,C17 H16 O14,17.0,16.0,14.0,0.0,0.0,0.0,0.0,0.0,0.0,tannin,0.885406564316491
581,442.2566611,442.2563008,442.2561178,2.210526316,0.421052632,C19 H42 O8 S1 13C1,20.0,42.0,8.0,1.0,0.0,1.0,0.0,0.0,0.0,lipid,0.8954604735446855
582,442.180161,442.1798008,442.1799755,1.5,0.5,C20 H30 O10 13C1,21.0,30.0,10.0,0.0,0.0,1.0,0.0,0.0,0.0,lignin,0.8273653065013118
583,442.1720844,442.1717243,442.1718696,1.45,0.5,C20 H29 O10 N1,20.0,29.0,10.0,0.0,1.0,0.0,0.0,0.0,0.05,lignin,0.7381951006037699
584,442.143929,442.1435689,442.14359,1.368421053,0.578947368,C19 H26 O11 13C1,20.0,26.0,11.0,0.0,0.0,1.0,0.0,0.0,0.0,lignin,0.8690787382335774
585,442.1358921,442.135532,442.1354841,1.315789474,0.578947368,C19 H25 O11 N1,19.0,25.0,11.0,0.0,1.0,0.0,0.0,0.0,0.05263157894736842,lignin,0.833858710776024
586,441.253045,441.2526861,441.252763,2.1,0.4,C20 H42 O8 S1,20.0,42.0,8.0,1.0,0.0,0.0,0.0,0.0,0.0,lipid,0.8954714282175825
587,441.2131656,441.2128068,441.2130061,1.545454545,0.409090909,C22 H34 O9,22.0,34.0,9.0,0.0,0.0,0.0,0.0,0.0,0.0,lipid,0.8873511899326403
588,441.1921576,441.1917988,441.1918768,1.2,0.28,C25 H30 O7,25.0,30.0,7.0,0.0,0.0,0.0,0.0,0.0,0.0,lignin,0.8352222483260565
589,441.1770766,441.1767178,441.1766206,1.428571429,0.476190476,C21 H30 O10,21.0,30.0,10.0,0.0,0.0,0.0,0.0,0.0,0.0,lignin,0.8344007143098542
590,441.1560531,441.1556943,441.1554913,1.083333333,0.333333333,C24 H26 O8,24.0,26.0,8.0,0.0,0.0,0.0,0.0,0.0,0.0,lignin,0.925646416162056
591,441.1407873,441.1404285,441.1402351,1.3,0.55,C20 H26 O11,20.0,26.0,11.0,0.0,0.0,0.0,0.0,0.0,0.0,lignin,0.8541178918181773
592,441.1195829,441.1192242,441.1191058,0.956521739,0.391304348,C23 H22 O9,23.0,22.0,9.0,0.0,0.0,0.0,0.0,0.0,0.0,tannin,0.8829586513920509
593,441.1041659,441.1038072,441.1038496,1.157894737,0.631578947,C19 H22 O12,19.0,22.0,12.0,0.0,0.0,0.0,0.0,0.0,0.0,lignin,0.9375757656279873
594,441.101836,441.1014773,441.1013477,0.956521739,0.304347826,C23 H22 O7 S1,23.0,22.0,7.0,1.0,0.0,0.0,0.0,0.0,0.0,lignin,0.9228371019486576
595,441.0960313,441.0956726,441.0954745,0.6,0.066666667,C30 H18 O2 S1,30.0,18.0,2.0,1.0,0.0,0.0,0.0,0.0,0.0,pah,0.9433272847988775
596,441.0829008,441.0825421,441.0827202,0.818181818,0.454545455,C22 H18 O10,22.0,18.0,10.0,0.0,0.0,0.0,0.0,0.0,0.0,tannin,0.8888685685298932
597,441.0676562,441.0672975,441.0674641,1.0,0.722222222,C18 H18 O13,18.0,18.0,13.0,0.0,0.0,0.0,0.0,0.0,0.0,tannin,0.7187886609001521
598,441.0466386,441.04628,441.0463347,0.666666667,0.523809524,C21 H14 O11,21.0,14.0,11.0,0.0,0.0,0.0,0.0,0.0,0.0,tannin,0.8933402581689249
599,441.0442248,441.0438662,441.0438328,0.56,0.24,C25 H14 O6 S1,25.0,14.0,6.0,1.0,0.0,0.0,0.0,0.0,0.0,pah,0.9429271376634721
600,441.0314983,441.0311397,441.0310786,0.823529412,0.823529412,C17 H14 O14,17.0,14.0,14.0,0.0,0.0,0.0,0.0,0.0,0.0,tannin,0.8864185391151667
601,440.1647426,440.1643851,440.1643254,1.4,0.5,C20 H28 O10 13C1,21.0,28.0,10.0,0.0,0.0,1.0,0.0,0.0,0.0,lignin,0.835287767426083
602,440.1566063,440.1562489,440.1562195,1.35,0.5,C20 H27 O10 N1,20.0,27.0,10.0,0.0,1.0,0.0,0.0,0.0,0.05,lignin,0.83660079885806
603,440.1281137,440.1277563,440.1279399,1.263157895,0.578947368,C19 H24 O11 13C1,20.0,24.0,11.0,0.0,0.0,1.0,0.0,0.0,0.0,lignin,0.8757937439833763
604,440.1200108,440.1196534,440.119834,1.210526316,0.578947368,C19 H23 O11 N1,19.0,23.0,11.0,0.0,1.0,0.0,0.0,0.0,0.05263157894736842,lignin,0.844507383627031
605,440.0918327,440.0914753,440.0915544,1.111111111,0.666666667,C18 H20 O12 13C1,19.0,20.0,12.0,0.0,0.0,1.0,0.0,0.0,0.0,lignin,0.8010577142832004
606,439.197625,439.1972688,439.1973561,1.454545455,0.409090909,C22 H32 O9,22.0,32.0,9.0,0.0,0.0,0.0,0.0,0.0,0.0,lignin,0.8330576147525267
607,439.1611883,439.1608322,439.1609706,1.333333333,0.476190476,C21 H28 O10,21.0,28.0,10.0,0.0,0.0,0.0,0.0,0.0,0.0,lignin,0.8362265044741136
608,439.1531438,439.1527877,439.1525954,0.75,0.0,C32 H24 S1,32.0,24.0,0.0,1.0,0.0,0.0,0.0,0.0,0.0,pah,0.947040872820946
609,439.1250419,439.1246858,439.1245851,1.2,0.55,C20 H24 O11,20.0,24.0,11.0,0.0,0.0,0.0,0.0,0.0,0.0,lignin,0.8429203321102083
610,439.1039784,439.1036223,439.1034557,0.869565217,0.391304348,C23 H20 O9,23.0,20.0,9.0,0.0,0.0,0.0,0.0,0.0,0.0,tannin,0.8849400182600278
611,439.0887513,439.0883953,439.0881995,1.052631579,0.631578947,C19 H20 O12,19.0,20.0,12.0,0.0,0.0,0.0,0.0,0.0,0.0,tannin,0.5344452656300825
612,439.0675124,439.0671564,439.0670702,0.727272727,0.454545455,C22 H16 O10,22.0,16.0,10.0,0.0,0.0,0.0,0.0,0.0,0.0,tannin,0.8912626941760255
613,439.0520959,439.0517399,439.051814,0.888888889,0.722222222,C18 H16 O13,18.0,16.0,13.0,0.0,0.0,0.0,0.0,0.0,0.0,tannin,0.8860383850198895
614,439.0496824,439.0493265,439.0493121,0.727272727,0.363636364,C22 H16 O8 S1,22.0,16.0,8.0,1.0,0.0,0.0,0.0,0.0,0.0,tannin,0.881211781198578
615,439.0284283,439.0280724,439.0281827,0.48,0.24,C25 H12 O6 S1,25.0,12.0,6.0,1.0,0.0,0.0,0.0,0.0,0.0,pah,0.9426870253984816
616,438.1855681,438.1852133,438.1850608,1.428571429,0.428571429,C21 H30 O9 13C1,22.0,30.0,9.0,0.0,0.0,1.0,0.0,0.0,0.0,lignin,0.8336997195324882
617,438.149114,438.1487592,438.1486753,1.3,0.5,C20 H26 O10 13C1,21.0,26.0,10.0,0.0,0.0,1.0,0.0,0.0,0.0,lignin,0.8376012675083813
618,438.1410022,438.1406475,438.1405695,1.25,0.5,C20 H25 O10 N1,20.0,25.0,10.0,0.0,1.0,0.0,0.0,0.0,0.05,lignin,0.8395385287837452
619,438.1125273,438.1121726,438.1122898,1.157894737,0.578947368,C19 H22 O11 13C1,20.0,22.0,11.0,0.0,0.0,1.0,0.0,0.0,0.0,lignin,0.9050256880101776
620,438.1043909,438.1040362,438.104184,1.105263158,0.578947368,C19 H21 O11 N1,19.0,21.0,11.0,0.0,1.0,0.0,0.0,0.0,0.05263157894736842,lignin,0.9117083158424505
621,438.0761323,438.0757776,438.0759043,1.0,0.666666667,C18 H18 O12 13C1,19.0,18.0,12.0,0.0,0.0,1.0,0.0,0.0,0.0,tannin,0.7188385592029459
622,437.2185046,437.2181511,437.2180915,1.47826087,0.347826087,C23 H34 O8,23.0,34.0,8.0,0.0,0.0,0.0,0.0,0.0,0.0,lipid,0.6149398372087977
623,437.1818874,437.1815339,437.181706,1.363636364,0.409090909,C22 H30 O9,22.0,30.0,9.0,0.0,0.0,0.0,0.0,0.0,0.0,lignin,0.8344546157711239
624,437.1456457,437.1452923,437.1453205,1.238095238,0.476190476,C21 H26 O10,21.0,26.0,10.0,0.0,0.0,0.0,0.0,0.0,0.0,lignin,0.8387578556575305
625,437.109442,437.1090886,437.108935,1.1,0.55,C20 H22 O11,20.0,22.0,11.0,0.0,0.0,0.0,0.0,0.0,0.0,lignin,0.9234807836091358
626,437.0882812,437.0879279,437.0878056,0.782608696,0.391304348,C23 H18 O9,23.0,18.0,9.0,0.0,0.0,0.0,0.0,0.0,0.0,tannin,0.8899177672697544
627,437.0730004,437.0726471,437.0725495,0.947368421,0.631578947,C19 H18 O12,19.0,18.0,12.0,0.0,0.0,0.0,0.0,0.0,0.0,tannin,0.8819629948653823
628,437.0517637,437.0514104,437.0514201,0.636363636,0.454545455,C22 H14 O10,22.0,14.0,10.0,0.0,0.0,0.0,0.0,0.0,0.0,tannin,0.8875619630683108
629,437.036435,437.0360818,437.036164,0.777777778,0.722222222,C18 H14 O13,18.0,14.0,13.0,0.0,0.0,0.0,0.0,0.0,0.0,tannin,0.8872171647749152
630,437.0340129,437.0336596,437.0336621,0.636363636,0.363636364,C22 H14 O8 S1,22.0,14.0,8.0,1.0,0.0,0.0,0.0,0.0,0.0,tannin,0.7407156766281859
631,436.2062171,436.2058649,436.2057963,1.454545455,0.363636364,C22 H32 O8 13C1,23.0,32.0,8.0,0.0,0.0,1.0,0.0,0.0,0.0,lignin,0.8325115136195407
632,436.1699448,436.1695927,436.1694108,1.333333333,0.428571429,C21 H28 O9 13C1,22.0,28.0,9.0,0.0,0.0,1.0,0.0,0.0,0.0,lignin,0.8353129386485975
633,436.1333486,436.1329965,436.1330253,1.2,0.5,C20 H24 O10 13C1,21.0,24.0,10.0,0.0,0.0,1.0,0.0,0.0,0.0,lignin,0.8408858900156151
634,436.0968405,436.0964885,436.0966398,1.052631579,0.578947368,C19 H20 O11 13C1,20.0,20.0,11.0,0.0,0.0,1.0,0.0,0.0,0.0,lignin,0.7996701997119878
635,436.0887568,436.0884048,436.0885339,1.0,0.578947368,C19 H19 O11 N1,19.0,19.0,11.0,0.0,1.0,0.0,0.0,0.0,0.05263157894736842,tannin,0.7220949708046173
636,435.2393421,435.2389912,435.238827,1.5,0.291666667,C24 H36 O7,24.0,36.0,7.0,0.0,0.0,0.0,0.0,0.0,0.0,lipid,0.8989137939023202
637,435.2026473,435.2022965,435.2024415,1.391304348,0.347826087,C23 H32 O8,23.0,32.0,8.0,0.0,0.0,0.0,0.0,0.0,0.0,lignin,0.8331844774466687
638,435.1792297,435.1788789,435.1788102,0.933333333,0.033333333,C30 H28 O1 S1,30.0,28.0,1.0,1.0,0.0,0.0,0.0,0.0,0.0,pah,0.9241995921588032
639,435.1662407,435.16589,435.1660559,1.272727273,0.409090909,C22 H28 O9,22.0,28.0,9.0,0.0,0.0,0.0,0.0,0.0,0.0,lignin,0.836205647908846
640,435.130182,435.1298313,435.1296704,1.142857143,0.476190476,C21 H24 O10,21.0,24.0,10.0,0.0,0.0,0.0,0.0,0.0,0.0,lignin,0.879164104635571
641,435.0937999,435.0934493,435.0932849,1.0,0.55,C20 H20 O11,20.0,20.0,11.0,0.0,0.0,0.0,0.0,0.0,0.0,tannin,0.7180632888639532
642,435.0570896,435.056739,435.0568994,0.842105263,0.631578947,C19 H16 O12,19.0,16.0,12.0,0.0,0.0,0.0,0.0,0.0,0.0,tannin,0.8837915323224077
643,435.0546775,435.0543269,435.0543975,0.695652174,0.304347826,C23 H16 O7 S1,23.0,16.0,7.0,1.0,0.0,0.0,0.0,0.0,0.0,tannin,0.7116256231050437
644,435.0207202,435.0203696,435.0205139,0.666666667,0.722222222,C18 H12 O13,18.0,12.0,13.0,0.0,0.0,0.0,0.0,0.0,0.0,tannin,0.8883956497806509
645,435.0183217,435.0179712,435.018012,0.545454545,0.363636364,C22 H12 O8 S1,22.0,12.0,8.0,1.0,0.0,0.0,0.0,0.0,0.0,tannin,0.6870748975015102
646,434.1906327,434.1902833,434.1901462,1.363636364,0.363636364,C22 H30 O8 13C1,23.0,30.0,8.0,0.0,0.0,1.0,0.0,0.0,0.0,lignin,0.8338075984653373
647,434.1646307,434.1642813,434.1642823,1.318181818,0.272727273,C22 H29 O6 S1 N1,22.0,29.0,6.0,1.0,1.0,0.0,0.0,0.0,0.045454545454545456,lipid,0.9021347176351941
648,434.1540362,434.1536868,434.1537607,1.238095238,0.428571429,C21 H26 O9 13C1,22.0,26.0,9.0,0.0,0.0,1.0,0.0,0.0,0.0,lignin,0.8375005342499972
649,434.1175411,434.1171917,434.1173752,1.1,0.5,C20 H22 O10 13C1,21.0,22.0,10.0,0.0,0.0,1.0,0.0,0.0,0.0,lignin,0.923685074341073
650,433.2233657,433.2230175,433.2231769,1.416666667,0.291666667,C24 H34 O7,24.0,34.0,7.0,0.0,0.0,0.0,0.0,0.0,0.0,lignin,0.5229977670878153
651,433.187088,433.1867399,433.1867914,1.304347826,0.347826087,C23 H30 O8,23.0,30.0,8.0,0.0,0.0,0.0,0.0,0.0,0.0,lignin,0.8345378593731582
652,433.1509197,433.1505716,433.1504059,1.181818182,0.409090909,C22 H26 O9,22.0,26.0,9.0,0.0,0.0,0.0,0.0,0.0,0.0,lignin,0.8386409515294984
653,433.1144211,433.1140731,433.1140204,1.047619048,0.476190476,C21 H22 O10,21.0,22.0,10.0,0.0,0.0,0.0,0.0,0.0,0.0,lignin,0.9231000809630941
654,433.0989976,433.0986496,433.0987642,1.294117647,0.764705882,C17 H22 O13,17.0,22.0,13.0,0.0,0.0,0.0,0.0,0.0,0.0,lignin,0.8979854866344976
655,433.0908921,433.0905441,433.0903891,0.642857143,0.107142857,C28 H18 O3 S1,28.0,18.0,3.0,1.0,0.0,0.0,0.0,0.0,0.0,pah,0.9434638453537276
656,433.0777786,433.0774306,433.0776349,0.9,0.55,C20 H18 O11,20.0,18.0,11.0,0.0,0.0,0.0,0.0,0.0,0.0,tannin,0.8881038084823973
657,433.0753663,433.0750183,433.0751329,0.75,0.25,C24 H18 O6 S1,24.0,18.0,6.0,1.0,0.0,0.0,0.0,0.0,0.0,tannin,0.689438979078648
658,433.0625365,433.0621885,433.0623787,1.125,0.875,C16 H18 O14,16.0,18.0,14.0,0.0,0.0,0.0,0.0,0.0,0.0,lignin,0.7008350171174716
659,433.0415741,433.0412261,433.0412494,0.736842105,0.631578947,C19 H14 O12,19.0,14.0,12.0,0.0,0.0,0.0,0.0,0.0,0.0,tannin,0.8924790555830707
660,433.039199,433.0388511,433.0387474,0.608695652,0.304347826,C23 H14 O7 S1,23.0,14.0,7.0,1.0,0.0,0.0,0.0,0.0,0.0,tannin,0.678188040033376
661,432.1746812,432.1743344,432.1744962,1.272727273,0.363636364,C22 H28 O8 13C1,23.0,28.0,8.0,0.0,0.0,1.0,0.0,0.0,0.0,lignin,0.8353536569308438
662,432.1385112,432.1381644,432.1381107,1.142857143,0.428571429,C21 H24 O9 13C1,22.0,24.0,9.0,0.0,0.0,1.0,0.0,0.0,0.0,lignin,0.8788650611170613
663,431.2079967,431.2076513,431.2075268,1.333333333,0.291666667,C24 H32 O7,24.0,32.0,7.0,0.0,0.0,0.0,0.0,0.0,0.0,lignin,0.8333202386735905
664,431.1714218,431.1710763,431.1711413,1.217391304,0.347826087,C23 H28 O8,23.0,28.0,8.0,0.0,0.0,0.0,0.0,0.0,0.0,lignin,0.8362328151436913
665,431.1561048,431.1557594,431.1558852,1.473684211,0.578947368,C19 H28 O11,19.0,28.0,11.0,0.0,0.0,0.0,0.0,0.0,0.0,lignin,0.8590891077373517
666,431.1480081,431.1476627,431.14751,0.8,0.033333333,C30 H24 O1 S1,30.0,24.0,1.0,1.0,0.0,0.0,0.0,0.0,0.0,pah,0.947292963856194
667,431.1383399,431.1379945,431.1381271,1.473684211,0.473684211,C19 H28 O9 S1,19.0,28.0,9.0,1.0,0.0,0.0,0.0,0.0,0.0,lignin,0.8274549635347638
668,431.1349601,431.1346148,431.1347558,1.090909091,0.409090909,C22 H24 O9,22.0,24.0,9.0,0.0,0.0,0.0,0.0,0.0,0.0,lignin,0.925637293056457
669,431.1294338,431.1290884,431.1288826,0.689655172,0.137931034,C29 H20 O4,29.0,20.0,4.0,0.0,0.0,0.0,0.0,0.0,0.0,pah,0.9436801307402073
670,431.1197685,431.1194231,431.1194997,1.333333333,0.666666667,C18 H24 O12,18.0,24.0,12.0,0.0,0.0,0.0,0.0,0.0,0.0,lignin,0.8927516930537751
671,431.0987794,431.0984341,431.0983703,0.952380952,0.476190476,C21 H20 O10,21.0,20.0,10.0,0.0,0.0,0.0,0.0,0.0,0.0,tannin,0.8851658793705335
672,431.0836077,431.0832624,431.0831142,1.176470588,0.764705882,C17 H20 O13,17.0,20.0,13.0,0.0,0.0,0.0,0.0,0.0,0.0,lignin,0.871549817463768
673,431.0624832,431.0621379,431.0619848,0.8,0.55,C20 H16 O11,20.0,16.0,11.0,0.0,0.0,0.0,0.0,0.0,0.0,tannin,0.8912646698831658
674,431.0471865,431.0468412,431.0467287,1.0,0.875,C16 H16 O14,16.0,16.0,14.0,0.0,0.0,0.0,0.0,0.0,0.0,lignin,0.512756396431696
675,431.0259229,431.0255777,431.0255993,0.631578947,0.631578947,C19 H12 O12,19.0,12.0,12.0,0.0,0.0,0.0,0.0,0.0,0.0,tannin,0.8950291640120565
676,431.0234569,431.0231117,431.0230974,0.52173913,0.304347826,C23 H12 O7 S1,23.0,12.0,7.0,1.0,0.0,0.0,0.0,0.0,0.0,pah,0.5241957931577538
677,430.1357414,430.1353973,430.1354841,1.388888889,0.611111111,C18 H25 O11 N1,18.0,25.0,11.0,0.0,1.0,0.0,0.0,0.0,0.05555555555555555,lignin,0.4536409875753592
678,430.0993186,430.0989746,430.0990986,1.235294118,0.705882353,C17 H21 O12 N1,17.0,21.0,12.0,0.0,1.0,0.0,0.0,0.0,0.058823529411764705,lignin,0.5922985806189817
679,429.1923053,429.1919625,429.1918768,1.25,0.291666667,C24 H30 O7,24.0,30.0,7.0,0.0,0.0,0.0,0.0,0.0,0.0,lignin,0.8344997735755761
680,429.1771082,429.1767654,429.1766206,1.5,0.5,C20 H30 O10,20.0,30.0,10.0,0.0,0.0,0.0,0.0,0.0,0.0,lignin,0.8273653065013118
681,429.1559676,429.1556248,429.1554913,1.130434783,0.347826087,C23 H26 O8,23.0,26.0,8.0,0.0,0.0,0.0,0.0,0.0,0.0,lignin,0.9178522739228869
682,429.140647,429.1403043,429.1402351,1.368421053,0.578947368,C19 H26 O11,19.0,26.0,11.0,0.0,0.0,0.0,0.0,0.0,0.0,lignin,0.8690787382335774
683,429.1227474,429.1224047,429.1224771,1.368421053,0.473684211,C19 H26 O9 S1,19.0,26.0,9.0,1.0,0.0,0.0,0.0,0.0,0.0,lignin,0.8354311653546528
684,429.1193758,429.1190331,429.1191058,1.0,0.409090909,C22 H22 O9,22.0,22.0,9.0,0.0,0.0,0.0,0.0,0.0,0.0,lignin,0.9229629923744872
685,429.104053,429.1037103,429.1038496,1.222222222,0.666666667,C18 H22 O12,18.0,22.0,12.0,0.0,0.0,0.0,0.0,0.0,0.0,lignin,0.9378189442849829
686,429.0959699,429.0956272,429.0954745,0.620689655,0.068965517,C29 H18 O2 S1,29.0,18.0,2.0,1.0,0.0,0.0,0.0,0.0,0.0,pah,0.9434664235580366
687,429.0829495,429.0826069,429.0827202,0.857142857,0.476190476,C21 H18 O10,21.0,18.0,10.0,0.0,0.0,0.0,0.0,0.0,0.0,tannin,0.8881567082586823
688,429.067739,429.0673964,429.0674641,1.058823529,0.764705882,C17 H18 O13,17.0,18.0,13.0,0.0,0.0,0.0,0.0,0.0,0.0,tannin,0.7182159146236808
689,429.0467941,429.0464515,429.0463347,0.7,0.55,C20 H14 O11,20.0,14.0,11.0,0.0,0.0,0.0,0.0,0.0,0.0,tannin,0.8926375152229371
690,429.031596,429.0312534,429.0310786,0.875,0.875,C16 H14 O14,16.0,14.0,14.0,0.0,0.0,0.0,0.0,0.0,0.0,tannin,0.8861472772270581
691,428.1648177,428.1644762,428.1643254,1.473684211,0.526315789,C19 H28 O10 13C1,20.0,28.0,10.0,0.0,0.0,1.0,0.0,0.0,0.0,lignin,0.8281985116508592
692,428.1567025,428.1563611,428.1562195,1.421052632,0.526315789,C19 H27 O10 N1,19.0,27.0,10.0,0.0,1.0,0.0,0.0,0.0,0.05263157894736842,lignin,0.7391851243992147
693,428.1283465,428.1280051,428.1279399,1.333333333,0.611111111,C18 H24 O11 13C1,19.0,24.0,11.0,0.0,0.0,1.0,0.0,0.0,0.0,lignin,0.9317578855469945
694,428.1202525,428.1199111,428.119834,1.277777778,0.611111111,C18 H23 O11 N1,18.0,23.0,11.0,0.0,1.0,0.0,0.0,0.0,0.05555555555555555,lignin,0.8618575039950604
695,428.0917643,428.091423,428.0915544,1.176470588,0.705882353,C17 H20 O12 13C1,18.0,20.0,12.0,0.0,0.0,1.0,0.0,0.0,0.0,lignin,0.9373981229188637
696,428.0836329,428.0832916,428.0834485,1.117647059,0.705882353,C17 H19 O12 N1,17.0,19.0,12.0,0.0,1.0,0.0,0.0,0.0,0.058823529411764705,lignin,0.7223602787973414
697,427.1976159,427.1972758,427.1973561,1.523809524,0.428571429,C21 H32 O9,21.0,32.0,9.0,0.0,0.0,0.0,0.0,0.0,0.0,lignin,0.6991516811539982
698,427.1766343,427.1762942,427.1762267,1.166666667,0.291666667,C24 H28 O7,24.0,28.0,7.0,0.0,0.0,0.0,0.0,0.0,0.0,lignin,0.8338693067683167
699,427.1614312,427.1610911,427.1609706,1.4,0.5,C20 H28 O10,20.0,28.0,10.0,0.0,0.0,0.0,0.0,0.0,0.0,lignin,0.835287767426083
700,427.1403303,427.1399902,427.1398412,1.043478261,0.347826087,C23 H24 O8,23.0,24.0,8.0,0.0,0.0,0.0,0.0,0.0,0.0,lignin,0.9242305602299566
701,427.1250397,427.1246996,427.1245851,1.263157895,0.578947368,C19 H24 O11,19.0,24.0,11.0,0.0,0.0,0.0,0.0,0.0,0.0,lignin,0.8757937439833763
702,427.1071678,427.1068277,427.106827,1.263157895,0.473684211,C19 H24 O9 S1,19.0,24.0,9.0,1.0,0.0,0.0,0.0,0.0,0.0,lignin,0.8379342541388677
703,427.1037938,427.1034538,427.1034557,0.909090909,0.409090909,C22 H20 O9,22.0,20.0,9.0,0.0,0.0,0.0,0.0,0.0,0.0,tannin,0.884222573071407
704,427.0884269,427.0880868,427.0881995,1.111111111,0.666666667,C18 H20 O12,18.0,20.0,12.0,0.0,0.0,0.0,0.0,0.0,0.0,lignin,0.8010577142832004
705,427.0860992,427.0857592,427.0856976,0.909090909,0.318181818,C22 H20 O7 S1,22.0,20.0,7.0,1.0,0.0,0.0,0.0,0.0,0.0,tannin,0.8831251615686984
706,427.0803165,427.0799765,427.0798244,0.551724138,0.068965517,C29 H16 O2 S1,29.0,16.0,2.0,1.0,0.0,0.0,0.0,0.0,0.0,pah,0.9430947909382017
707,427.0672509,427.0669109,427.0670702,0.761904762,0.476190476,C21 H16 O10,21.0,16.0,10.0,0.0,0.0,0.0,0.0,0.0,0.0,tannin,0.8903953605749428
708,427.0520505,427.0517106,427.051814,0.941176471,0.764705882,C17 H16 O13,17.0,16.0,13.0,0.0,0.0,0.0,0.0,0.0,0.0,tannin,0.8854675522116354
709,427.0311597,427.0308198,427.0306847,0.6,0.55,C20 H12 O11,20.0,12.0,11.0,0.0,0.0,0.0,0.0,0.0,0.0,tannin,0.8944871874626272
710,427.0286633,427.0283234,427.0281827,0.5,0.25,C24 H12 O6 S1,24.0,12.0,6.0,1.0,0.0,0.0,0.0,0.0,0.0,pah,0.9427203376834943
711,426.2615484,426.2612095,426.2612032,2.210526316,0.368421053,C19 H42 O7 S1 13C1,20.0,42.0,7.0,1.0,0.0,1.0,0.0,0.0,0.0,lipid,0.8952239605765223
712,426.1854376,426.1850988,426.1850608,1.5,0.45,C20 H30 O9 13C1,21.0,30.0,9.0,0.0,0.0,1.0,0.0,0.0,0.0,lignin,0.8267889167464967
713,426.1491679,426.1488292,426.1486753,1.368421053,0.526315789,C19 H26 O10 13C1,20.0,26.0,10.0,0.0,0.0,1.0,0.0,0.0,0.0,lignin,0.8364781403694513
714,426.1410466,426.1407079,426.1405695,1.315789474,0.526315789,C19 H25 O10 N1,19.0,25.0,10.0,0.0,1.0,0.0,0.0,0.0,0.05263157894736842,lignin,0.8381758060476067
715,426.1126256,426.1122869,426.1122898,1.222222222,0.611111111,C18 H22 O11 13C1,19.0,22.0,11.0,0.0,0.0,1.0,0.0,0.0,0.0,lignin,0.9054420749003365
716,426.1044619,426.1041232,426.104184,1.166666667,0.611111111,C18 H21 O11 N1,18.0,21.0,11.0,0.0,1.0,0.0,0.0,0.0,0.05555555555555555,lignin,0.8500032889879987
717,426.0760992,426.0757605,426.0759043,1.058823529,0.705882353,C17 H18 O12 13C1,18.0,18.0,12.0,0.0,0.0,1.0,0.0,0.0,0.0,tannin,0.7181912348985497
718,425.2581486,425.257811,425.2578483,2.1,0.35,C20 H42 O7 S1,20.0,42.0,7.0,1.0,0.0,0.0,0.0,0.0,0.0,lipid,0.8959038058341307
719,425.2182855,425.2179479,425.2180915,1.545454545,0.363636364,C22 H34 O8,22.0,34.0,8.0,0.0,0.0,0.0,0.0,0.0,0.0,lipid,0.8876568011452676
720,425.182099,425.1817615,425.181706,1.428571429,0.428571429,C21 H30 O9,21.0,30.0,9.0,0.0,0.0,0.0,0.0,0.0,0.0,lignin,0.8336997195324882
721,425.1458059,425.1454684,425.1453205,1.3,0.5,C20 H26 O10,20.0,26.0,10.0,0.0,0.0,0.0,0.0,0.0,0.0,lignin,0.8376012675083813
722,425.1246094,425.124272,425.1241911,0.956521739,0.347826087,C23 H22 O8,23.0,22.0,8.0,0.0,0.0,0.0,0.0,0.0,0.0,lignin,0.9226478158417637
723,425.1092709,425.1089335,425.108935,1.157894737,0.578947368,C19 H22 O11,19.0,22.0,11.0,0.0,0.0,0.0,0.0,0.0,0.0,lignin,0.9050256880101776
724,425.0879984,425.087661,425.0878056,0.818181818,0.409090909,C22 H18 O9,22.0,18.0,9.0,0.0,0.0,0.0,0.0,0.0,0.0,tannin,0.8874377353024426
725,425.0727129,425.0723756,425.0725495,1.0,0.666666667,C18 H18 O12,18.0,18.0,12.0,0.0,0.0,0.0,0.0,0.0,0.0,tannin,0.7188385592029459
726,425.0516673,425.05133,425.0514201,0.666666667,0.476190476,C21 H14 O10,21.0,14.0,10.0,0.0,0.0,0.0,0.0,0.0,0.0,tannin,0.8925335271330035
727,425.0365724,425.0362351,425.036164,0.823529412,0.764705882,C17 H14 O13,17.0,14.0,13.0,0.0,0.0,0.0,0.0,0.0,0.0,tannin,0.8866259255882808
728,424.206096,424.2057598,424.2057963,1.523809524,0.380952381,C21 H32 O8 13C1,22.0,32.0,8.0,0.0,0.0,1.0,0.0,0.0,0.0,lipid,0.8876253884668124
729,424.1698808,424.1695446,424.1694108,1.4,0.45,C20 H28 O9 13C1,21.0,28.0,9.0,0.0,0.0,1.0,0.0,0.0,0.0,lignin,0.8344730465960998
730,424.1334148,424.1330787,424.1330253,1.263157895,0.526315789,C19 H24 O10 13C1,20.0,24.0,10.0,0.0,0.0,1.0,0.0,0.0,0.0,lignin,0.8394393452038115
731,424.1252695,424.1249334,424.1249194,1.210526316,0.526315789,C19 H23 O10 N1,19.0,23.0,10.0,0.0,1.0,0.0,0.0,0.0,0.05263157894736842,lignin,0.8420759682874855
732,424.0968214,424.0964854,424.0966398,1.111111111,0.611111111,C18 H20 O11 13C1,19.0,20.0,11.0,0.0,0.0,1.0,0.0,0.0,0.0,lignin,0.7962153711442304
733,424.0887393,424.0884033,424.0885339,1.055555556,0.611111111,C18 H19 O11 N1,18.0,19.0,11.0,0.0,1.0,0.0,0.0,0.0,0.05555555555555555,lignin,0.6386475493220949
734,423.2227064,423.2223715,423.222344,1.9,0.35,C20 H38 O7 34S1,20.0,38.0,7.0,0.0,0.0,0.0,1.0,0.0,0.0,lipid,0.9504269085832171
735,423.2028642,423.2025293,423.2024415,1.454545455,0.363636364,C22 H32 O8,22.0,32.0,8.0,0.0,0.0,0.0,0.0,0.0,0.0,lignin,0.8325115136195407
736,423.1664943,423.1661595,423.1660559,1.333333333,0.428571429,C21 H28 O9,21.0,28.0,9.0,0.0,0.0,0.0,0.0,0.0,0.0,lignin,0.8353129386485975
737,423.1298811,423.1295463,423.1296704,1.2,0.5,C20 H24 O10,20.0,24.0,10.0,0.0,0.0,0.0,0.0,0.0,0.0,lignin,0.8408858900156151
738,423.1217839,423.1214491,423.1212953,0.64516129,0.0,C31 H20 S1,31.0,20.0,0.0,1.0,0.0,0.0,0.0,0.0,0.0,pah,0.9441147759132129
739,423.1047039,423.1043692,423.1045183,1.111111111,0.555555556,C18 H20 O10 N2,18.0,20.0,10.0,0.0,2.0,0.0,0.0,0.0,0.1111111111111111,peptide,0.4798942545535776
740,423.0935087,423.0931739,423.0932849,1.052631579,0.578947368,C19 H20 O11,19.0,20.0,11.0,0.0,0.0,0.0,0.0,0.0,0.0,lignin,0.7996701997119878
741,423.0725661,423.0722314,423.0721556,0.727272727,0.409090909,C22 H16 O9,22.0,16.0,9.0,0.0,0.0,0.0,0.0,0.0,0.0,tannin,0.8908063724078014
742,423.0574003,423.0570656,423.0568994,0.888888889,0.666666667,C18 H16 O12,18.0,16.0,12.0,0.0,0.0,0.0,0.0,0.0,0.0,tannin,0.8829197497931753
743,423.0185099,423.0181753,423.018012,0.571428571,0.380952381,C21 H12 O8 S1,21.0,12.0,8.0,1.0,0.0,0.0,0.0,0.0,0.0,tannin,0.7157185158978028
744,422.2303406,422.230007,422.229903,2.0,0.368421053,C19 H38 O7 S1 13C1,20.0,38.0,7.0,1.0,0.0,1.0,0.0,0.0,0.0,lipid,0.8963428002914992
745,422.1905827,422.1902492,422.1901462,1.428571429,0.380952381,C21 H30 O8 13C1,22.0,30.0,8.0,0.0,0.0,1.0,0.0,0.0,0.0,lignin,0.8330678331558111
746,422.1539386,422.1536051,422.1537607,1.3,0.45,C20 H26 O9 13C1,21.0,26.0,9.0,0.0,0.0,1.0,0.0,0.0,0.0,lignin,0.8364472504454241
747,422.1457945,422.1454611,422.1456549,1.25,0.45,C20 H25 O9 N1,20.0,25.0,9.0,0.0,1.0,0.0,0.0,0.0,0.05,lignin,0.8382067984523298
748,422.1176051,422.1172716,422.1173752,1.157894737,0.526315789,C19 H22 O10 13C1,20.0,22.0,10.0,0.0,0.0,1.0,0.0,0.0,0.0,lignin,0.8434647626808582
749,421.2269969,421.2266646,421.2265482,1.9,0.35,C20 H38 O7 S1,20.0,38.0,7.0,1.0,0.0,0.0,0.0,0.0,0.0,lipid,0.9504269085832171
750,421.2235879,421.2232556,421.2231769,1.47826087,0.304347826,C23 H34 O7,23.0,34.0,7.0,0.0,0.0,0.0,0.0,0.0,0.0,lipid,0.8989332362224884
751,421.1869651,421.1866329,421.1867914,1.363636364,0.363636364,C22 H30 O8,22.0,30.0,8.0,0.0,0.0,0.0,0.0,0.0,0.0,lignin,0.8338075984653373
752,421.1636666,421.1633344,421.1631601,0.896551724,0.034482759,C29 H26 O1 S1,29.0,26.0,1.0,1.0,0.0,0.0,0.0,0.0,0.0,pah,0.9241378349860044
753,421.1506832,421.150351,421.1504059,1.238095238,0.428571429,C21 H26 O9,21.0,26.0,9.0,0.0,0.0,0.0,0.0,0.0,0.0,lignin,0.8375005342499972
754,421.1145267,421.1141946,421.1140204,1.1,0.5,C20 H22 O10,20.0,22.0,10.0,0.0,0.0,0.0,0.0,0.0,0.0,lignin,0.923685074341073
755,421.0779972,421.0776651,421.0776349,0.947368421,0.578947368,C19 H18 O11,19.0,18.0,11.0,0.0,0.0,0.0,0.0,0.0,0.0,tannin,0.8874680083002593
756,421.0414069,421.0410749,421.0412494,0.777777778,0.666666667,C18 H14 O12,18.0,14.0,12.0,0.0,0.0,0.0,0.0,0.0,0.0,tannin,0.8856116285620196
757,421.0390026,421.0386706,421.0387474,0.636363636,0.318181818,C22 H14 O7 S1,22.0,14.0,7.0,1.0,0.0,0.0,0.0,0.0,0.0,tannin,0.6911739499665454
758,420.1749213,420.1745905,420.1744962,1.333333333,0.380952381,C21 H28 O8 13C1,22.0,28.0,8.0,0.0,0.0,1.0,0.0,0.0,0.0,lignin,0.8345375581929154
759,420.1385871,420.1382562,420.1381107,1.2,0.45,C20 H24 O9 13C1,21.0,24.0,9.0,0.0,0.0,1.0,0.0,0.0,0.0,lignin,0.8392294486551026
760,420.1019201,420.1015894,420.1017251,1.052631579,0.526315789,C19 H20 O10 13C1,20.0,20.0,10.0,0.0,0.0,1.0,0.0,0.0,0.0,lignin,0.798972433992815
761,420.0937434,420.0934126,420.0936193,1.0,0.526315789,C19 H19 O10 N1,19.0,19.0,10.0,0.0,1.0,0.0,0.0,0.0,0.05263157894736842,tannin,0.7201465277192247
762,419.2080272,419.2076976,419.2075268,1.391304348,0.304347826,C23 H32 O7,23.0,32.0,7.0,0.0,0.0,0.0,0.0,0.0,0.0,lignin,0.8326715948802841
763,419.1715052,419.1711757,419.1711413,1.272727273,0.363636364,C22 H28 O8,22.0,28.0,8.0,0.0,0.0,0.0,0.0,0.0,0.0,lignin,0.8353536569308438
764,419.147978,419.1476485,419.14751,0.827586207,0.034482759,C29 H24 O1 S1,29.0,24.0,1.0,1.0,0.0,0.0,0.0,0.0,0.0,pah,0.9322397102444923
765,419.1349062,419.1345767,419.1347558,1.142857143,0.428571429,C21 H24 O9,21.0,24.0,9.0,0.0,0.0,0.0,0.0,0.0,0.0,lignin,0.8788650611170613
766,419.1293729,419.1290434,419.1288826,0.714285714,0.142857143,C28 H20 O4,28.0,20.0,4.0,0.0,0.0,0.0,0.0,0.0,0.0,pah,0.9438651865721444
767,419.0987486,419.0984192,419.0983703,1.0,0.5,C20 H20 O10,20.0,20.0,10.0,0.0,0.0,0.0,0.0,0.0,0.0,tannin,0.5343542876145502
768,419.0835532,419.0832238,419.0831142,1.25,0.8125,C16 H20 O13,16.0,20.0,13.0,0.0,0.0,0.0,0.0,0.0,0.0,lignin,0.9025150979427607
769,419.0624536,419.0621242,419.0619848,0.842105263,0.578947368,C19 H16 O11,19.0,16.0,11.0,0.0,0.0,0.0,0.0,0.0,0.0,tannin,0.8896283600222408
770,419.0258906,419.0255612,419.0255993,0.666666667,0.666666667,C18 H12 O12,18.0,12.0,12.0,0.0,0.0,0.0,0.0,0.0,0.0,tannin,0.8875171320512413
771,419.023462,419.0231327,419.0230974,0.545454545,0.318181818,C22 H12 O7 S1,22.0,12.0,7.0,1.0,0.0,0.0,0.0,0.0,0.0,tannin,0.6027595516971586
772,418.1591564,418.1588282,418.1588461,1.238095238,0.380952381,C21 H26 O8 13C1,22.0,26.0,8.0,0.0,0.0,1.0,0.0,0.0,0.0,lignin,0.8364355341859937
773,418.1229391,418.122611,418.1224606,1.1,0.45,C20 H22 O9 13C1,21.0,22.0,9.0,0.0,0.0,1.0,0.0,0.0,0.0,lignin,0.9241467758287756
774,417.2285329,417.2282059,417.2282623,1.416666667,0.25,C24 H34 O6,24.0,34.0,6.0,0.0,0.0,0.0,0.0,0.0,0.0,lipid,0.899139908530258
775,417.210891,417.210564,417.2105042,1.416666667,0.166666667,C24 H34 O4 S1,24.0,34.0,4.0,1.0,0.0,0.0,0.0,0.0,0.0,lipid,0.900056070732472
776,417.1923239,417.191997,417.1918768,1.304347826,0.304347826,C23 H30 O7,23.0,30.0,7.0,0.0,0.0,0.0,0.0,0.0,0.0,lignin,0.8339270776083682
777,417.1558634,417.1555365,417.1554913,1.181818182,0.363636364,C22 H26 O8,22.0,26.0,8.0,0.0,0.0,0.0,0.0,0.0,0.0,lignin,0.8374666369775061
778,417.1404992,417.1401723,417.1402351,1.444444444,0.611111111,C18 H26 O11,18.0,26.0,11.0,0.0,0.0,0.0,0.0,0.0,0.0,lignin,0.8921400719228189
779,417.1323768,417.13205,417.13186,0.75862069,0.034482759,C29 H22 O1 S1,29.0,22.0,1.0,1.0,0.0,0.0,0.0,0.0,0.0,pah,0.9452318710662647
780,417.1226869,417.12236,417.1224771,1.444444444,0.5,C18 H26 O9 S1,18.0,26.0,9.0,1.0,0.0,0.0,0.0,0.0,0.0,lignin,0.8282831421771762
781,417.1192813,417.1189544,417.1191058,1.047619048,0.428571429,C21 H22 O9,21.0,22.0,9.0,0.0,0.0,0.0,0.0,0.0,0.0,lignin,0.9245349490279308
782,417.1137377,417.1134109,417.1132325,0.642857143,0.142857143,C28 H18 O4,28.0,18.0,4.0,0.0,0.0,0.0,0.0,0.0,0.0,pah,0.9433207159006359
783,417.1040448,417.103718,417.1038496,1.294117647,0.705882353,C17 H22 O12,17.0,22.0,12.0,0.0,0.0,0.0,0.0,0.0,0.0,lignin,0.8977547057089218
784,417.0960074,417.0956806,417.0954745,0.642857143,0.071428571,C28 H18 O2 S1,28.0,18.0,2.0,1.0,0.0,0.0,0.0,0.0,0.0,pah,0.9436303215199404
785,417.0830197,417.0826929,417.0827202,0.9,0.5,C20 H18 O10,20.0,18.0,10.0,0.0,0.0,0.0,0.0,0.0,0.0,tannin,0.8881561586193099
786,417.0678891,417.0675624,417.0674641,1.125,0.8125,C16 H18 O13,16.0,18.0,13.0,0.0,0.0,0.0,0.0,0.0,0.0,lignin,0.695307272391477
787,417.0468249,417.0464982,417.0463347,0.736842105,0.578947368,C19 H14 O11,19.0,14.0,11.0,0.0,0.0,0.0,0.0,0.0,0.0,tannin,0.8929972309390157
788,416.1564767,416.1561511,416.1562195,1.5,0.555555556,C18 H27 O10 N1,18.0,27.0,10.0,0.0,1.0,0.0,0.0,0.0,0.05555555555555555,lignin,0.4551379709171968
789,416.1203522,416.1200267,416.119834,1.352941176,0.647058824,C17 H23 O11 N1,17.0,23.0,11.0,0.0,1.0,0.0,0.0,0.0,0.058823529411764705,carbohydrate,0.8966745782099281
790,415.2130169,415.2126925,415.2126122,1.333333333,0.25,C24 H32 O6,24.0,32.0,6.0,0.0,0.0,0.0,0.0,0.0,0.0,lignin,0.8327240286549756
791,415.1978376,415.1975133,415.1973561,1.6,0.45,C20 H32 O9,20.0,32.0,9.0,0.0,0.0,0.0,0.0,0.0,0.0,lipid,0.886994563618328
792,415.1766977,415.1763734,415.1762267,1.217391304,0.304347826,C23 H28 O7,23.0,28.0,7.0,0.0,0.0,0.0,0.0,0.0,0.0,lignin,0.8353131546094886
793,415.1613244,415.1610001,415.1609706,1.473684211,0.526315789,C19 H28 O10,19.0,28.0,10.0,0.0,0.0,0.0,0.0,0.0,0.0,lignin,0.8281985116508592
794,415.143396,415.1430717,415.1432125,1.473684211,0.421052632,C19 H28 O8 S1,19.0,28.0,8.0,1.0,0.0,0.0,0.0,0.0,0.0,lignin,0.8329424263277572
795,415.1400117,415.1396874,415.1398412,1.090909091,0.363636364,C22 H24 O8,22.0,24.0,8.0,0.0,0.0,0.0,0.0,0.0,0.0,lignin,0.9253329983054248
796,415.1344697,415.1341455,415.133968,0.689655172,0.103448276,C29 H20 O3,29.0,20.0,3.0,0.0,0.0,0.0,0.0,0.0,0.0,pah,0.9438696287494682
797,415.1247212,415.124397,415.1245851,1.333333333,0.611111111,C18 H24 O11,18.0,24.0,11.0,0.0,0.0,0.0,0.0,0.0,0.0,lignin,0.9317578855469945
798,415.1166737,415.1163495,415.1162099,0.689655172,0.034482759,C29 H20 O1 S1,29.0,20.0,1.0,1.0,0.0,0.0,0.0,0.0,0.0,pah,0.9443702177940496
799,415.1070545,415.1067303,415.106827,1.333333333,0.5,C18 H24 O9 S1,18.0,24.0,9.0,1.0,0.0,0.0,0.0,0.0,0.0,lignin,0.8367388708071595
800,415.1037025,415.1033783,415.1034557,0.952380952,0.428571429,C21 H20 O9,21.0,20.0,9.0,0.0,0.0,0.0,0.0,0.0,0.0,tannin,0.883472537078682
801,415.0885894,415.0882653,415.0881995,1.176470588,0.705882353,C17 H20 O12,17.0,20.0,12.0,0.0,0.0,0.0,0.0,0.0,0.0,lignin,0.9373981229188637
802,415.0675698,415.0672456,415.0670702,0.8,0.5,C20 H16 O10,20.0,16.0,10.0,0.0,0.0,0.0,0.0,0.0,0.0,tannin,0.8898634126020722
803,415.0523089,415.0519848,415.051814,1.0,0.8125,C16 H16 O13,16.0,16.0,13.0,0.0,0.0,0.0,0.0,0.0,0.0,tannin,0.7187612591084548
804,415.0310551,415.030731,415.0306847,0.631578947,0.578947368,C19 H12 O11,19.0,12.0,11.0,0.0,0.0,0.0,0.0,0.0,0.0,tannin,0.8942297744510599
805,415.0286101,415.028286,415.0281827,0.52173913,0.260869565,C23 H12 O6 S1,23.0,12.0,6.0,1.0,0.0,0.0,0.0,0.0,0.0,pah,0.9427575910161027
806,414.1491713,414.1488483,414.1486753,1.444444444,0.555555556,C18 H26 O10 13C1,19.0,26.0,10.0,0.0,0.0,1.0,0.0,0.0,0.0,lignin,0.8616668119793458
807,414.1126114,414.1122885,414.1122898,1.294117647,0.647058824,C17 H22 O11 13C1,18.0,22.0,11.0,0.0,0.0,1.0,0.0,0.0,0.0,lignin,0.9367468205349448
808,414.1044741,414.1041512,414.104184,1.235294118,0.647058824,C17 H21 O11 N1,17.0,21.0,11.0,0.0,1.0,0.0,0.0,0.0,0.058823529411764705,lignin,0.914472456020478
809,414.0760426,414.0757197,414.0759043,1.125,0.75,C16 H18 O12 13C1,17.0,18.0,12.0,0.0,0.0,1.0,0.0,0.0,0.0,lignin,0.8041493815571386
810,413.1972087,413.196887,413.1969622,1.25,0.25,C24 H30 O6,24.0,30.0,6.0,0.0,0.0,0.0,0.0,0.0,0.0,lignin,0.8339009726134938
811,413.1818955,413.1815738,413.181706,1.5,0.45,C20 H30 O9,20.0,30.0,9.0,0.0,0.0,0.0,0.0,0.0,0.0,lignin,0.8267889167464967
812,413.1607599,413.1604382,413.1605766,1.130434783,0.304347826,C23 H26 O7,23.0,26.0,7.0,0.0,0.0,0.0,0.0,0.0,0.0,lignin,0.9179129277440101
813,413.1455748,413.1452532,413.1453205,1.368421053,0.526315789,C19 H26 O10,19.0,26.0,10.0,0.0,0.0,0.0,0.0,0.0,0.0,lignin,0.8364781403694513
814,413.1279295,413.1276079,413.1275624,1.368421053,0.421052632,C19 H26 O8 S1,19.0,26.0,8.0,1.0,0.0,0.0,0.0,0.0,0.0,lignin,0.8345541250536979
815,413.1245756,413.124254,413.1241911,1.0,0.363636364,C22 H22 O8,22.0,22.0,8.0,0.0,0.0,0.0,0.0,0.0,0.0,lignin,0.9231951468926688
816,413.1093867,413.1090651,413.108935,1.222222222,0.611111111,C18 H22 O11,18.0,22.0,11.0,0.0,0.0,0.0,0.0,0.0,0.0,lignin,0.9054420749003365
817,413.088256,413.0879345,413.0878056,0.857142857,0.428571429,C21 H18 O9,21.0,18.0,9.0,0.0,0.0,0.0,0.0,0.0,0.0,tannin,0.886355801163637
818,413.0729142,413.0725926,413.0725495,1.058823529,0.705882353,C17 H18 O12,17.0,18.0,12.0,0.0,0.0,0.0,0.0,0.0,0.0,tannin,0.7181912348985497
819,413.0516679,413.0513464,413.0514201,0.7,0.5,C20 H14 O10,20.0,14.0,10.0,0.0,0.0,0.0,0.0,0.0,0.0,tannin,0.8921734771064271
820,413.0363321,413.0360106,413.036164,0.875,0.8125,C16 H14 O13,16.0,14.0,13.0,0.0,0.0,0.0,0.0,0.0,0.0,tannin,0.8860206361983167
821,413.028286,413.0279646,413.0277888,0.37037037,0.111111111,C27 H10 O3 S1,27.0,10.0,3.0,1.0,0.0,0.0,0.0,0.0,0.0,pah,0.9426620731720294
822,413.0128522,413.0125307,413.0125327,0.434782609,0.260869565,C23 H10 O6 S1,23.0,10.0,6.0,1.0,0.0,0.0,0.0,0.0,0.0,pah,0.9425881478805993
823,412.1698114,412.169491,412.1694108,1.473684211,0.473684211,C19 H28 O9 13C1,20.0,28.0,9.0,0.0,0.0,1.0,0.0,0.0,0.0,lignin,0.8274549635347638
824,412.1616884,412.1613681,412.1613049,1.421052632,0.473684211,C19 H27 O9 N1,19.0,27.0,9.0,0.0,1.0,0.0,0.0,0.0,0.05263157894736842,lignin,0.829081385418221
825,412.1331706,412.1328503,412.1330253,1.333333333,0.555555556,C18 H24 O10 13C1,19.0,24.0,10.0,0.0,0.0,1.0,0.0,0.0,0.0,lignin,0.8855529236594872
826,412.125076,412.1247557,412.1249194,1.277777778,0.555555556,C18 H23 O10 N1,18.0,23.0,10.0,0.0,1.0,0.0,0.0,0.0,0.05555555555555555,lignin,0.8403580573467477
827,412.096961,412.0966408,412.0966398,1.176470588,0.647058824,C17 H20 O11 13C1,18.0,20.0,11.0,0.0,0.0,1.0,0.0,0.0,0.0,lignin,0.9334354169466648
828,412.0889772,412.0886569,412.0885339,1.117647059,0.647058824,C17 H19 O11 N1,17.0,19.0,11.0,0.0,1.0,0.0,0.0,0.0,0.058823529411764705,lignin,0.9307803999499364
829,411.2027207,411.2024016,411.2024415,1.523809524,0.380952381,C21 H32 O8,21.0,32.0,8.0,0.0,0.0,0.0,0.0,0.0,0.0,lipid,0.8876253884668124
830,411.1665354,411.1662164,411.1660559,1.4,0.45,C20 H28 O9,20.0,28.0,9.0,0.0,0.0,0.0,0.0,0.0,0.0,lignin,0.8344730465960998
831,411.1299399,411.1296209,411.1296704,1.263157895,0.526315789,C19 H24 O10,19.0,24.0,10.0,0.0,0.0,0.0,0.0,0.0,0.0,lignin,0.8394393452038115
832,411.1217874,411.1214684,411.1212953,0.666666667,0.0,C30 H20 S1,30.0,20.0,0.0,1.0,0.0,0.0,0.0,0.0,0.0,pah,0.9443486206797562
833,411.1120609,411.1117419,411.1119124,1.263157895,0.421052632,C19 H24 O8 S1,19.0,24.0,8.0,1.0,0.0,0.0,0.0,0.0,0.0,lignin,0.8366819585757919
834,411.1086772,411.1083582,411.1085411,0.909090909,0.363636364,C22 H20 O8,22.0,20.0,8.0,0.0,0.0,0.0,0.0,0.0,0.0,tannin,0.8836043465835448
835,411.1046871,411.1043682,411.1045183,1.176470588,0.588235294,C17 H20 O10 N2,17.0,20.0,10.0,0.0,2.0,0.0,0.0,0.0,0.11764705882352941,peptide,0.42652392109286963
836,411.09345,411.093131,411.0932849,1.111111111,0.611111111,C18 H20 O11,18.0,20.0,11.0,0.0,0.0,0.0,0.0,0.0,0.0,lignin,0.7962153711442304
837,411.0854264,411.0851074,411.0849098,0.551724138,0.034482759,C29 H16 O1 S1,29.0,16.0,1.0,1.0,0.0,0.0,0.0,0.0,0.0,pah,0.9431948499158616
838,411.0725176,411.0721987,411.0721556,0.761904762,0.428571429,C21 H16 O9,21.0,16.0,9.0,0.0,0.0,0.0,0.0,0.0,0.0,tannin,0.8905348109180251
839,411.0573578,411.0570389,411.0568994,0.941176471,0.705882353,C17 H16 O12,17.0,16.0,12.0,0.0,0.0,0.0,0.0,0.0,0.0,tannin,0.8855487762387957
840,411.0362489,411.0359301,411.0357701,0.6,0.5,C20 H12 O10,20.0,12.0,10.0,0.0,0.0,0.0,0.0,0.0,0.0,tannin,0.8942147428819951
841,411.020927,411.0206082,411.0205139,0.75,0.8125,C16 H12 O13,16.0,12.0,13.0,0.0,0.0,0.0,0.0,0.0,0.0,tannin,0.8870766980115082
842,410.1903832,410.1900654,410.1901462,1.5,0.4,C20 H30 O8 13C1,21.0,30.0,8.0,0.0,0.0,1.0,0.0,0.0,0.0,lignin,0.6991851238401421
843,410.1542424,410.1539247,410.1537607,1.368421053,0.473684211,C19 H26 O9 13C1,20.0,26.0,9.0,0.0,0.0,1.0,0.0,0.0,0.0,lignin,0.8354311653546528
844,410.1176795,410.1173618,410.1173752,1.222222222,0.555555556,C18 H22 O10 13C1,19.0,22.0,10.0,0.0,0.0,1.0,0.0,0.0,0.0,lignin,0.8613108101946756
845,410.1094967,410.1091791,410.1092693,1.166666667,0.555555556,C18 H21 O10 N1,18.0,21.0,10.0,0.0,1.0,0.0,0.0,0.0,0.05555555555555555,lignin,0.8458156666873112
846,410.0811669,410.0808493,410.0809897,1.058823529,0.647058824,C17 H18 O11 13C1,18.0,18.0,11.0,0.0,0.0,1.0,0.0,0.0,0.0,tannin,0.5384903959759445
847,410.0731107,410.0727931,410.0728838,1.0,0.647058824,C17 H17 O11 N1,17.0,17.0,11.0,0.0,1.0,0.0,0.0,0.0,0.058823529411764705,tannin,0.7236398151274989
848,409.2234553,409.2231388,409.2231769,1.545454545,0.318181818,C22 H34 O7,22.0,34.0,7.0,0.0,0.0,0.0,0.0,0.0,0.0,lipid,0.8880211989307194
849,409.1869842,409.1866678,409.1867914,1.428571429,0.380952381,C21 H30 O8,21.0,30.0,8.0,0.0,0.0,0.0,0.0,0.0,0.0,lignin,0.8330678331558111
850,409.150795,409.1504786,409.1504059,1.3,0.45,C20 H26 O9,20.0,26.0,9.0,0.0,0.0,0.0,0.0,0.0,0.0,lignin,0.8364472504454241
851,409.1144511,409.1141348,409.1140204,1.157894737,0.526315789,C19 H22 O10,19.0,22.0,10.0,0.0,0.0,0.0,0.0,0.0,0.0,lignin,0.8434647626808582
852,409.0931465,409.0928302,409.092891,0.818181818,0.363636364,C22 H18 O8,22.0,18.0,8.0,0.0,0.0,0.0,0.0,0.0,0.0,tannin,0.8858525766686551
853,409.0890932,409.0887769,409.0888683,1.058823529,0.588235294,C17 H18 O10 N2,17.0,18.0,10.0,0.0,2.0,0.0,0.0,0.0,0.11764705882352941,peptide,0.6060266433654973
854,409.0777805,409.0774642,409.0776349,1.0,0.611111111,C18 H18 O11,18.0,18.0,11.0,0.0,0.0,0.0,0.0,0.0,0.0,tannin,0.7204533358106446
855,409.0696928,409.0693765,409.0692597,0.482758621,0.034482759,C29 H14 O1 S1,29.0,14.0,1.0,1.0,0.0,0.0,0.0,0.0,0.0,pah,0.9428693774920663
856,409.0566474,409.0563311,409.0565055,0.666666667,0.428571429,C21 H14 O9,21.0,14.0,9.0,0.0,0.0,0.0,0.0,0.0,0.0,tannin,0.8865710859608796
857,409.0415487,409.0412325,409.0412494,0.823529412,0.705882353,C17 H14 O12,17.0,14.0,12.0,0.0,0.0,0.0,0.0,0.0,0.0,tannin,0.8868202139143249
858,409.0391448,409.0388286,409.0387474,0.666666667,0.333333333,C21 H14 O7 S1,21.0,14.0,7.0,1.0,0.0,0.0,0.0,0.0,0.0,tannin,0.7270477875095833
859,408.1747018,408.1743867,408.1744962,1.4,0.4,C20 H28 O8 13C1,21.0,28.0,8.0,0.0,0.0,1.0,0.0,0.0,0.0,lignin,0.8337426698163128
860,408.1386005,408.1382854,408.1381107,1.263157895,0.473684211,C19 H24 O9 13C1,20.0,24.0,9.0,0.0,0.0,1.0,0.0,0.0,0.0,lignin,0.8379342541388677
861,408.1020309,408.1017159,408.1017251,1.111111111,0.555555556,C18 H20 O10 13C1,19.0,20.0,10.0,0.0,0.0,1.0,0.0,0.0,0.0,lignin,0.9235886018153199
862,408.0938467,408.0935317,408.0936193,1.055555556,0.555555556,C18 H19 O10 N1,18.0,19.0,10.0,0.0,1.0,0.0,0.0,0.0,0.05555555555555555,lignin,0.8008979041853609
863,408.0654781,408.0651631,408.0653396,0.941176471,0.647058824,C17 H16 O11 13C1,18.0,16.0,11.0,0.0,0.0,1.0,0.0,0.0,0.0,tannin,0.8820460864989048
864,407.2076864,407.2073725,407.2075268,1.454545455,0.318181818,C22 H32 O7,22.0,32.0,7.0,0.0,0.0,0.0,0.0,0.0,0.0,lipid,0.6150837931048422
865,407.1714288,407.1711149,407.1711413,1.333333333,0.380952381,C21 H28 O8,21.0,28.0,8.0,0.0,0.0,0.0,0.0,0.0,0.0,lignin,0.8345375581929154
866,407.1352099,407.1348962,407.1347558,1.2,0.45,C20 H24 O9,20.0,24.0,9.0,0.0,0.0,0.0,0.0,0.0,0.0,lignin,0.8392294486551026
867,407.1099955,407.1096817,407.1096037,1.111111111,0.5,C18 H20 O9 N2,18.0,20.0,9.0,0.0,2.0,0.0,0.0,0.0,0.1111111111111111,lipid,0.5066058173291598
868,407.0986522,407.0983385,407.0983703,1.052631579,0.526315789,C19 H20 O10,19.0,20.0,10.0,0.0,0.0,0.0,0.0,0.0,0.0,lignin,0.798972433992815
869,407.0774101,407.0770964,407.0772409,0.727272727,0.363636364,C22 H16 O8,22.0,16.0,8.0,0.0,0.0,0.0,0.0,0.0,0.0,tannin,0.881211781198578
870,407.0734034,407.0730897,407.0732182,0.941176471,0.588235294,C17 H16 O10 N2,17.0,16.0,10.0,0.0,2.0,0.0,0.0,0.0,0.11764705882352941,peptide,0.5843505195165585
871,407.0621517,407.061838,407.0619848,0.888888889,0.611111111,C18 H16 O11,18.0,16.0,11.0,0.0,0.0,0.0,0.0,0.0,0.0,tannin,0.8890079529608889
872,407.0597751,407.0594615,407.0594829,0.727272727,0.272727273,C22 H16 O6 S1,22.0,16.0,6.0,1.0,0.0,0.0,0.0,0.0,0.0,tannin,0.696621358905644
873,407.0260305,407.0257169,407.0255993,0.705882353,0.705882353,C17 H12 O12,17.0,12.0,12.0,0.0,0.0,0.0,0.0,0.0,0.0,tannin,0.8880946111828674
874,406.1954113,406.1950987,406.1952316,1.428571429,0.333333333,C21 H30 O7 13C1,22.0,30.0,7.0,0.0,0.0,1.0,0.0,0.0,0.0,lignin,0.8325051815489909
875,406.1592603,406.1589478,406.1588461,1.3,0.4,C20 H26 O8 13C1,21.0,26.0,8.0,0.0,0.0,1.0,0.0,0.0,0.0,lignin,0.8354687261162557
876,406.1228757,406.1225633,406.1224606,1.157894737,0.473684211,C19 H22 O9 13C1,20.0,22.0,9.0,0.0,0.0,1.0,0.0,0.0,0.0,lignin,0.8390207913383911
877,406.0862141,406.0859017,406.0860751,1.0,0.555555556,C18 H18 O10 13C1,19.0,18.0,10.0,0.0,0.0,1.0,0.0,0.0,0.0,tannin,0.7182419971692593
878,406.0781084,406.077796,406.0779692,0.944444444,0.555555556,C18 H17 O10 N1,18.0,17.0,10.0,0.0,1.0,0.0,0.0,0.0,0.05555555555555555,tannin,0.8909306616736661
879,405.2283793,405.228068,405.2282623,1.47826087,0.260869565,C23 H34 O6,23.0,34.0,6.0,0.0,0.0,0.0,0.0,0.0,0.0,lipid,0.899105048974117
880,405.1922036,405.1918923,405.1918768,1.363636364,0.318181818,C22 H30 O7,22.0,30.0,7.0,0.0,0.0,0.0,0.0,0.0,0.0,lignin,0.8332184885590884
881,405.1559483,405.1556371,405.1554913,1.238095238,0.380952381,C21 H26 O8,21.0,26.0,8.0,0.0,0.0,0.0,0.0,0.0,0.0,lignin,0.8364355341859937
882,405.1226722,405.1223611,405.1224771,1.529411765,0.529411765,C17 H26 O9 S1,17.0,26.0,9.0,1.0,0.0,0.0,0.0,0.0,0.0,lignin,0.8609689138860667
883,405.1192717,405.1189606,405.1191058,1.1,0.45,C20 H22 O9,20.0,22.0,9.0,0.0,0.0,0.0,0.0,0.0,0.0,lignin,0.9241467758287756
884,405.1137281,405.1134169,405.1132325,0.666666667,0.148148148,C27 H18 O4,27.0,18.0,4.0,0.0,0.0,0.0,0.0,0.0,0.0,pah,0.9434567571671046
885,405.0959339,405.0956228,405.0954745,0.666666667,0.074074074,C27 H18 O2 S1,27.0,18.0,2.0,1.0,0.0,0.0,0.0,0.0,0.0,pah,0.9438242946186481
886,405.0941299,405.0938188,405.0939536,1.0,0.5,C18 H18 O9 N2,18.0,18.0,9.0,0.0,2.0,0.0,0.0,0.0,0.1111111111111111,peptide,0.613231911890529
887,405.0829655,405.0826544,405.0827202,0.947368421,0.526315789,C19 H18 O10,19.0,18.0,10.0,0.0,0.0,0.0,0.0,0.0,0.0,tannin,0.8857538208385117
888,405.0805906,405.0802795,405.0802183,0.782608696,0.217391304,C23 H18 O5 S1,23.0,18.0,5.0,1.0,0.0,0.0,0.0,0.0,0.0,tannin,0.6820367844306885
889,405.0678284,405.0675173,405.0674641,1.2,0.866666667,C15 H18 O13,15.0,18.0,13.0,0.0,0.0,0.0,0.0,0.0,0.0,lignin,0.8657767448181302
890,405.0467959,405.0464849,405.0463347,0.777777778,0.611111111,C18 H14 O11,18.0,14.0,11.0,0.0,0.0,0.0,0.0,0.0,0.0,tannin,0.8911661515797213
891,405.0078374,405.0075264,405.0074473,0.476190476,0.333333333,C21 H10 O7 S1,21.0,10.0,7.0,1.0,0.0,0.0,0.0,0.0,0.0,tannin,0.5786092196919739
892,404.1800113,404.1797014,404.1795815,1.333333333,0.333333333,C21 H28 O7 13C1,22.0,28.0,7.0,0.0,0.0,1.0,0.0,0.0,0.0,lignin,0.8338729306890442
893,404.1434471,404.1431372,404.143196,1.2,0.4,C20 H24 O8 13C1,21.0,24.0,8.0,0.0,0.0,1.0,0.0,0.0,0.0,lignin,0.8378584543447772
894,404.1200155,404.1197057,404.119834,1.4375,0.6875,C16 H23 O11 N1,16.0,23.0,11.0,0.0,1.0,0.0,0.0,0.0,0.0625,carbohydrate,0.9566046082460767
895,404.1069531,404.1066433,404.1068105,1.052631579,0.473684211,C19 H20 O9 13C1,20.0,20.0,9.0,0.0,0.0,1.0,0.0,0.0,0.0,lignin,0.9231642844065927
896,403.2130569,403.2127482,403.2126122,1.391304348,0.260869565,C23 H32 O6,23.0,32.0,6.0,0.0,0.0,0.0,0.0,0.0,0.0,lignin,0.5228957124990143
897,403.1764032,403.1760946,403.1762267,1.272727273,0.318181818,C22 H28 O7,22.0,28.0,7.0,0.0,0.0,0.0,0.0,0.0,0.0,lignin,0.8346308195599859
898,403.1611005,403.1607919,403.1609706,1.555555556,0.555555556,C18 H28 O10,18.0,28.0,10.0,0.0,0.0,0.0,0.0,0.0,0.0,lignin,0.770391820333464
899,403.1530436,403.152735,403.1525954,0.827586207,0.0,C29 H24 S1,29.0,24.0,0.0,1.0,0.0,0.0,0.0,0.0,0.0,pah,0.9267769488343769
900,403.1400762,403.1397676,403.1398412,1.142857143,0.380952381,C21 H24 O8,21.0,24.0,8.0,0.0,0.0,0.0,0.0,0.0,0.0,lignin,0.8372911099717408
901,403.1249637,403.1246551,403.1245851,1.411764706,0.647058824,C17 H24 O11,17.0,24.0,11.0,0.0,0.0,0.0,0.0,0.0,0.0,lignin,0.8920778540528669
902,403.1039029,403.1035943,403.1034557,1.0,0.45,C20 H20 O9,20.0,20.0,9.0,0.0,0.0,0.0,0.0,0.0,0.0,lignin,0.7997472816433296
903,403.0886271,403.0883186,403.0881995,1.25,0.75,C16 H20 O12,16.0,20.0,12.0,0.0,0.0,0.0,0.0,0.0,0.0,lignin,0.9379697367630134
904,403.0673521,403.0670436,403.0670702,0.842105263,0.526315789,C19 H16 O10,19.0,16.0,10.0,0.0,0.0,0.0,0.0,0.0,0.0,tannin,0.8902000671987619
905,403.05201,403.0517015,403.051814,1.066666667,0.866666667,C15 H16 O13,15.0,16.0,13.0,0.0,0.0,0.0,0.0,0.0,0.0,lignin,0.5144790237859047
906,403.0439119,403.0436035,403.0434389,0.461538462,0.115384615,C26 H12 O3 S1,26.0,12.0,3.0,1.0,0.0,0.0,0.0,0.0,0.0,pah,0.9428265170319532
907,403.0308574,403.030549,403.0306847,0.666666667,0.611111111,C18 H12 O11,18.0,12.0,11.0,0.0,0.0,0.0,0.0,0.0,0.0,tannin,0.8945968876826651
908,403.0284496,403.0281412,403.0281827,0.545454545,0.272727273,C22 H12 O6 S1,22.0,12.0,6.0,1.0,0.0,0.0,0.0,0.0,0.0,pah,0.8359576561032211
909,402.1410697,402.1407624,402.1405695,1.470588235,0.588235294,C17 H25 O10 N1,17.0,25.0,10.0,0.0,1.0,0.0,0.0,0.0,0.058823529411764705,lipid,0.6368342827766146
910,401.1974005,401.1970944,401.1969622,1.304347826,0.260869565,C23 H30 O6,23.0,30.0,6.0,0.0,0.0,0.0,0.0,0.0,0.0,lignin,0.8332592890934049
911,401.1821778,401.1818717,401.181706,1.578947368,0.473684211,C19 H30 O9,19.0,30.0,9.0,0.0,0.0,0.0,0.0,0.0,0.0,lignin,0.5646120272796932
912,401.1609333,401.1606273,401.1605766,1.181818182,0.318181818,C22 H26 O7,22.0,26.0,7.0,0.0,0.0,0.0,0.0,0.0,0.0,lignin,0.8363512312297198
913,401.1455248,401.1452188,401.1453205,1.444444444,0.555555556,C18 H26 O10,18.0,26.0,10.0,0.0,0.0,0.0,0.0,0.0,0.0,lignin,0.8616668119793458
914,401.1374247,401.1371187,401.1369454,0.75862069,0.0,C29 H22 S1,29.0,22.0,0.0,1.0,0.0,0.0,0.0,0.0,0.0,pah,0.9471249748489372
915,401.1277179,401.1274119,401.1275624,1.444444444,0.444444444,C18 H26 O8 S1,18.0,26.0,8.0,1.0,0.0,0.0,0.0,0.0,0.0,lignin,0.8336779378339203
916,401.1243391,401.1240331,401.1241911,1.047619048,0.380952381,C21 H22 O8,21.0,22.0,8.0,0.0,0.0,0.0,0.0,0.0,0.0,lignin,0.9239370097849766
917,401.1188014,401.1184954,401.1183179,0.642857143,0.107142857,C28 H18 O3,28.0,18.0,3.0,0.0,0.0,0.0,0.0,0.0,0.0,pah,0.9434638453537276
918,401.1091434,401.1088375,401.108935,1.294117647,0.647058824,C17 H22 O11,17.0,22.0,11.0,0.0,0.0,0.0,0.0,0.0,0.0,lignin,0.9367468205349448
919,401.0914935,401.0911876,401.0911769,1.294117647,0.529411765,C17 H22 O9 S1,17.0,22.0,9.0,1.0,0.0,0.0,0.0,0.0,0.0,lignin,0.8385555082181227
920,401.0881762,401.0878703,401.0878056,0.9,0.45,C20 H18 O9,20.0,18.0,9.0,0.0,0.0,0.0,0.0,0.0,0.0,tannin,0.8853331391773303
921,401.0729944,401.0726885,401.0725495,1.125,0.75,C16 H18 O12,16.0,18.0,12.0,0.0,0.0,0.0,0.0,0.0,0.0,lignin,0.8041493815571386
922,401.0518238,401.051518,401.0514201,0.736842105,0.526315789,C19 H14 O10,19.0,14.0,10.0,0.0,0.0,0.0,0.0,0.0,0.0,tannin,0.8913894104755858
923,401.0365034,401.0361976,401.036164,0.933333333,0.866666667,C15 H14 O13,15.0,14.0,13.0,0.0,0.0,0.0,0.0,0.0,0.0,tannin,0.8287689004510718
924,401.012793,401.0124872,401.0125327,0.454545455,0.272727273,C22 H10 O6 S1,22.0,10.0,6.0,1.0,0.0,0.0,0.0,0.0,0.0,pah,0.9426020511974951
925,400.1695727,400.169268,400.1694108,1.555555556,0.5,C18 H28 O9 13C1,19.0,28.0,9.0,0.0,0.0,1.0,0.0,0.0,0.0,lignin,0.8266031854817719
926,400.161516,400.1612113,400.1613049,1.5,0.5,C18 H27 O9 N1,18.0,27.0,9.0,0.0,1.0,0.0,0.0,0.0,0.05555555555555555,lipid,0.9539207293533394
927,400.1334104,400.1331057,400.1330253,1.411764706,0.588235294,C17 H24 O10 13C1,18.0,24.0,10.0,0.0,0.0,1.0,0.0,0.0,0.0,lignin,0.8596743067086043
928,400.1253688,400.1250641,400.1249194,1.352941176,0.588235294,C17 H23 O10 N1,17.0,23.0,10.0,0.0,1.0,0.0,0.0,0.0,0.058823529411764705,lignin,0.7423413604723741
929,400.0970557,400.096751,400.0966398,1.25,0.6875,C16 H20 O11 13C1,17.0,20.0,11.0,0.0,0.0,1.0,0.0,0.0,0.0,lignin,0.9373111529463104
930,400.088912,400.0886074,400.0885339,1.1875,0.6875,C16 H19 O11 N1,16.0,19.0,11.0,0.0,1.0,0.0,0.0,0.0,0.0625,lignin,0.6315969521122327
931,400.0603819,400.0600773,400.0602543,1.066666667,0.8,C15 H16 O12 13C1,16.0,16.0,12.0,0.0,0.0,1.0,0.0,0.0,0.0,tannin,0.7181584298038171
932,399.2027908,399.2024873,399.2024415,1.6,0.4,C20 H32 O8,20.0,32.0,8.0,0.0,0.0,0.0,0.0,0.0,0.0,lipid,0.8872600893033035
933,399.1817656,399.1814622,399.1813121,1.217391304,0.260869565,C23 H28 O6,23.0,28.0,6.0,0.0,0.0,0.0,0.0,0.0,0.0,lignin,0.8345793083014653
934,399.166471,399.1661676,399.1660559,1.473684211,0.473684211,C19 H28 O9,19.0,28.0,9.0,0.0,0.0,0.0,0.0,0.0,0.0,lignin,0.8274549635347638
935,399.1485629,399.1482595,399.1482979,1.473684211,0.368421053,C19 H28 O7 S1,19.0,28.0,7.0,1.0,0.0,0.0,0.0,0.0,0.0,lignin,0.7051830624225264
936,399.1451441,399.1448407,399.1449266,1.090909091,0.318181818,C22 H24 O7,22.0,24.0,7.0,0.0,0.0,0.0,0.0,0.0,0.0,lignin,0.926251821520993
937,399.1298111,399.1295077,399.1296704,1.333333333,0.555555556,C18 H24 O10,18.0,24.0,10.0,0.0,0.0,0.0,0.0,0.0,0.0,lignin,0.8855529236594872
938,399.1217495,399.1214461,399.1212953,0.689655172,0.0,C29 H20 S1,29.0,20.0,0.0,1.0,0.0,0.0,0.0,0.0,0.0,pah,0.9446242091966169
939,399.1121238,399.1118204,399.1119124,1.333333333,0.444444444,C18 H24 O8 S1,18.0,24.0,8.0,1.0,0.0,0.0,0.0,0.0,0.0,lignin,0.8356017707481657
940,399.1087266,399.1084233,399.1085411,0.952380952,0.380952381,C21 H20 O8,21.0,20.0,8.0,0.0,0.0,0.0,0.0,0.0,0.0,tannin,0.8829351455758822
941,399.0936071,399.0933038,399.0932849,1.176470588,0.647058824,C17 H20 O11,17.0,20.0,11.0,0.0,0.0,0.0,0.0,0.0,0.0,lignin,0.9334354169466648
942,399.0759619,399.0756586,399.0755269,1.176470588,0.529411765,C17 H20 O9 S1,17.0,20.0,9.0,1.0,0.0,0.0,0.0,0.0,0.0,lignin,0.8404865065150892
943,399.07258,399.0722767,399.0721556,0.8,0.45,C20 H16 O9,20.0,16.0,9.0,0.0,0.0,0.0,0.0,0.0,0.0,tannin,0.889259166769776
944,399.0573322,399.0570289,399.0568994,1.0,0.75,C16 H16 O12,16.0,16.0,12.0,0.0,0.0,0.0,0.0,0.0,0.0,tannin,0.7187722595064604
945,399.0361048,399.0358016,399.0357701,0.631578947,0.526315789,C19 H12 O10,19.0,12.0,10.0,0.0,0.0,0.0,0.0,0.0,0.0,tannin,0.8939953543166241
946,399.0337012,399.033398,399.0332681,0.52173913,0.217391304,C23 H12 O5 S1,23.0,12.0,5.0,1.0,0.0,0.0,0.0,0.0,0.0,pah,0.9428515219076804
947,399.020758,399.0204547,399.0205139,0.8,0.866666667,C15 H12 O13,15.0,12.0,13.0,0.0,0.0,0.0,0.0,0.0,0.0,tannin,0.8864705552288221
948,399.0126346,399.0123314,399.0121388,0.307692308,0.115384615,C26 H8 O3 S1,26.0,8.0,3.0,1.0,0.0,0.0,0.0,0.0,0.0,pah,0.9425714606672665
949,398.2303148,398.2300126,398.229903,2.235294118,0.411764706,C17 H38 O7 S1 13C1,18.0,38.0,7.0,1.0,0.0,1.0,0.0,0.0,0.0,lipid,0.8954253472840892
950,398.1902875,398.1899854,398.1901462,1.578947368,0.421052632,C19 H30 O8 13C1,20.0,30.0,8.0,0.0,0.0,1.0,0.0,0.0,0.0,lipid,0.8872158406070341
951,398.154083,398.1537809,398.1537607,1.444444444,0.5,C18 H26 O9 13C1,19.0,26.0,9.0,0.0,0.0,1.0,0.0,0.0,0.0,lignin,0.8282831421771762
952,398.1460471,398.145745,398.1456549,1.388888889,0.5,C18 H25 O9 N1,18.0,25.0,9.0,0.0,1.0,0.0,0.0,0.0,0.05555555555555555,lignin,0.8301842967399015
953,398.1178218,398.1175197,398.1173752,1.294117647,0.588235294,C17 H22 O10 13C1,18.0,22.0,10.0,0.0,0.0,1.0,0.0,0.0,0.0,lignin,0.8705117197456845
954,398.109689,398.109387,398.1092693,1.235294118,0.588235294,C17 H21 O10 N1,17.0,21.0,10.0,0.0,1.0,0.0,0.0,0.0,0.058823529411764705,lignin,0.8437247741816638
955,398.0811106,398.0808086,398.0809897,1.125,0.6875,C16 H18 O11 13C1,17.0,18.0,11.0,0.0,0.0,1.0,0.0,0.0,0.0,lignin,0.8044095158226628
956,398.0730068,398.0727048,398.0728838,1.0625,0.6875,C16 H17 O11 N1,16.0,17.0,11.0,0.0,1.0,0.0,0.0,0.0,0.0625,lignin,0.6498367720843585
957,397.3878033,397.3875022,397.3873464,2.076923077,0.0,C26 H54 S1,26.0,54.0,0.0,1.0,0.0,0.0,0.0,0.0,0.0,lipid,0.9116800352298726
958,397.2269309,397.22663,397.2265482,2.111111111,0.388888889,C18 H38 O7 S1,18.0,38.0,7.0,1.0,0.0,0.0,0.0,0.0,0.0,lipid,0.8955114304956654
959,397.1871554,397.1868545,397.1867914,1.5,0.4,C20 H30 O8,20.0,30.0,8.0,0.0,0.0,0.0,0.0,0.0,0.0,lignin,0.6991851238401421
960,397.1505934,397.1502926,397.1504059,1.368421053,0.473684211,C19 H26 O9,19.0,26.0,9.0,0.0,0.0,0.0,0.0,0.0,0.0,lignin,0.8354311653546528
961,397.1328959,397.1325951,397.1326478,1.368421053,0.368421053,C19 H26 O7 S1,19.0,26.0,7.0,1.0,0.0,0.0,0.0,0.0,0.0,lignin,0.8337981667391554
962,397.1294963,397.1291955,397.1292765,1.0,0.318181818,C22 H22 O7,22.0,22.0,7.0,0.0,0.0,0.0,0.0,0.0,0.0,lignin,0.9235547524441664
963,397.1143353,397.1140346,397.1140204,1.222222222,0.555555556,C18 H22 O10,18.0,22.0,10.0,0.0,0.0,0.0,0.0,0.0,0.0,lignin,0.8613108101946756
964,397.093305,397.0930042,397.092891,0.857142857,0.380952381,C21 H18 O8,21.0,18.0,8.0,0.0,0.0,0.0,0.0,0.0,0.0,tannin,0.8850789147845107
965,397.0892655,397.0889648,397.0888683,1.125,0.625,C16 H18 O10 N2,16.0,18.0,10.0,0.0,2.0,0.0,0.0,0.0,0.125,amino_sugar,0.49110345905505615
966,397.0780607,397.07776,397.0776349,1.058823529,0.647058824,C17 H18 O11,17.0,18.0,11.0,0.0,0.0,0.0,0.0,0.0,0.0,tannin,0.5384903959759445
967,397.056845,397.0565443,397.0565055,0.7,0.45,C20 H14 O9,20.0,14.0,9.0,0.0,0.0,0.0,0.0,0.0,0.0,tannin,0.8916338881188077
968,397.0414386,397.0411379,397.0412494,0.875,0.75,C16 H14 O12,16.0,14.0,12.0,0.0,0.0,0.0,0.0,0.0,0.0,tannin,0.8861719482091654
969,397.0333272,397.0330266,397.0328742,0.37037037,0.074074074,C27 H10 O2 S1,27.0,10.0,2.0,1.0,0.0,0.0,0.0,0.0,0.0,pah,0.9427031006967944
970,397.0178305,397.0175299,397.0176181,0.434782609,0.217391304,C23 H10 O5 S1,23.0,10.0,5.0,1.0,0.0,0.0,0.0,0.0,0.0,pah,0.9426195788843961
971,396.174934,396.1746344,396.1744962,1.473684211,0.421052632,C19 H28 O8 13C1,20.0,28.0,8.0,0.0,0.0,1.0,0.0,0.0,0.0,lignin,0.8329424263277572
972,396.1383623,396.1380628,396.1381107,1.333333333,0.5,C18 H24 O9 13C1,19.0,24.0,9.0,0.0,0.0,1.0,0.0,0.0,0.0,lignin,0.8367388708071595
973,396.1301827,396.1298832,396.1300048,1.277777778,0.5,C18 H23 O9 N1,18.0,23.0,9.0,0.0,1.0,0.0,0.0,0.0,0.05555555555555555,lignin,0.8386670050404833
974,396.1018999,396.1016004,396.1017251,1.176470588,0.588235294,C17 H20 O10 13C1,18.0,20.0,10.0,0.0,0.0,1.0,0.0,0.0,0.0,lignin,0.8696242068198721
975,396.0938846,396.0935851,396.0936193,1.117647059,0.588235294,C17 H19 O10 N1,17.0,19.0,10.0,0.0,1.0,0.0,0.0,0.0,0.058823529411764705,lignin,0.9180360201303296
976,396.0657922,396.0654928,396.0653396,1.0,0.6875,C16 H16 O11 13C1,17.0,16.0,11.0,0.0,0.0,1.0,0.0,0.0,0.0,tannin,0.7188162608953104
977,396.0576653,396.0573659,396.0572338,0.9375,0.6875,C16 H15 O11 N1,16.0,15.0,11.0,0.0,1.0,0.0,0.0,0.0,0.0625,lignin,0.47520247903815366
978,395.2077014,395.2074031,395.2075268,1.523809524,0.333333333,C21 H32 O7,21.0,32.0,7.0,0.0,0.0,0.0,0.0,0.0,0.0,lipid,0.8987030638286988
979,395.1714176,395.1711193,395.1711413,1.4,0.4,C20 H28 O8,20.0,28.0,8.0,0.0,0.0,0.0,0.0,0.0,0.0,lignin,0.8337426698163128
980,395.135204,395.1349058,395.1347558,1.263157895,0.473684211,C19 H24 O9,19.0,24.0,9.0,0.0,0.0,0.0,0.0,0.0,0.0,lignin,0.8379342541388677
981,395.1098447,395.1095465,395.1096037,1.176470588,0.529411765,C17 H20 O9 N2,17.0,20.0,9.0,0.0,2.0,0.0,0.0,0.0,0.11764705882352941,peptide,0.5262638930075484
982,395.0985262,395.0982281,395.0983703,1.111111111,0.555555556,C18 H20 O10,18.0,20.0,10.0,0.0,0.0,0.0,0.0,0.0,0.0,lignin,0.9235886018153199
983,395.0904332,395.090135,395.0899952,0.551724138,0.0,C29 H16 S1,29.0,16.0,0.0,1.0,0.0,0.0,0.0,0.0,0.0,pah,0.9433197475782377
984,395.0808025,395.0805044,395.0806122,1.111111111,0.444444444,C18 H20 O8 S1,18.0,20.0,8.0,1.0,0.0,0.0,0.0,0.0,0.0,lignin,0.9244800061505736
985,395.0773854,395.0770873,395.0772409,0.761904762,0.380952381,C21 H16 O8,21.0,16.0,8.0,0.0,0.0,0.0,0.0,0.0,0.0,tannin,0.8900717174199209
986,395.0733872,395.0730891,395.0732182,1.0,0.625,C16 H16 O10 N2,16.0,16.0,10.0,0.0,2.0,0.0,0.0,0.0,0.125,peptide,0.693937006741506
987,395.0622786,395.0619805,395.0619848,0.941176471,0.647058824,C17 H16 O11,17.0,16.0,11.0,0.0,0.0,0.0,0.0,0.0,0.0,tannin,0.8820460864989048
988,395.0260331,395.025735,395.0255993,0.75,0.75,C16 H12 O12,16.0,12.0,12.0,0.0,0.0,0.0,0.0,0.0,0.0,tannin,0.8873339901372826
989,394.2812438,394.2809467,394.2810261,2.157894737,0.368421053,C19 H41 O7 N1,19.0,41.0,7.0,0.0,1.0,0.0,0.0,0.0,0.05263157894736842,lipid,0.8980922997306588
990,394.1954317,394.1951347,394.1952316,1.5,0.35,C20 H30 O7 13C1,21.0,30.0,7.0,0.0,0.0,1.0,0.0,0.0,0.0,lipid,0.8987133088926436
991,394.1591014,394.1588045,394.1588461,1.368421053,0.421052632,C19 H26 O8 13C1,20.0,26.0,8.0,0.0,0.0,1.0,0.0,0.0,0.0,lignin,0.8345541250536979
992,394.1228892,394.1225923,394.1224606,1.222222222,0.5,C18 H22 O9 13C1,19.0,22.0,9.0,0.0,0.0,1.0,0.0,0.0,0.0,lignin,0.8400352790112302
993,394.1147825,394.1144856,394.1143547,1.166666667,0.5,C18 H21 O9 N1,18.0,21.0,9.0,0.0,1.0,0.0,0.0,0.0,0.05555555555555555,lignin,0.8430533552457741
994,394.0863054,394.0860086,394.0860751,1.058823529,0.588235294,C17 H18 O10 13C1,18.0,18.0,10.0,0.0,0.0,1.0,0.0,0.0,0.0,lignin,0.7997197866742848
995,394.0781576,394.0778607,394.0779692,1.0,0.588235294,C17 H17 O10 N1,17.0,17.0,10.0,0.0,1.0,0.0,0.0,0.0,0.058823529411764705,tannin,0.722834416026146
996,394.0498585,394.0495617,394.0496896,0.875,0.6875,C16 H14 O11 13C1,17.0,14.0,11.0,0.0,0.0,1.0,0.0,0.0,0.0,tannin,0.8863063375075599
997,393.1920969,393.1918012,393.1918768,1.428571429,0.333333333,C21 H30 O7,21.0,30.0,7.0,0.0,0.0,0.0,0.0,0.0,0.0,lignin,0.8325051815489909
998,393.1556901,393.1553944,393.1554913,1.3,0.4,C20 H26 O8,20.0,26.0,8.0,0.0,0.0,0.0,0.0,0.0,0.0,lignin,0.8354687261162557
999,393.1195462,393.1192506,393.1191058,1.157894737,0.473684211,C19 H22 O9,19.0,22.0,9.0,0.0,0.0,0.0,0.0,0.0,0.0,lignin,0.8390207913383911
1000,393.0943006,393.094005,393.0939536,1.058823529,0.529411765,C17 H18 O9 N2,17.0,18.0,9.0,0.0,2.0,0.0,0.0,0.0,0.11764705882352941,peptide,0.6303118419582592
1001,393.0829712,393.0826757,393.0827202,1.0,0.555555556,C18 H18 O10,18.0,18.0,10.0,0.0,0.0,0.0,0.0,0.0,0.0,tannin,0.7182419971692593
1002,393.0617624,393.0614669,393.0615909,0.666666667,0.380952381,C21 H14 O8,21.0,14.0,8.0,0.0,0.0,0.0,0.0,0.0,0.0,tannin,0.8509363758608268
1003,393.0595746,393.0592791,393.059089,0.56,0.12,C25 H14 O3 S1,25.0,14.0,3.0,1.0,0.0,0.0,0.0,0.0,0.0,pah,0.9429737473600168
1004,393.0465313,393.0462358,393.0463347,0.823529412,0.647058824,C17 H14 O11,17.0,14.0,11.0,0.0,0.0,0.0,0.0,0.0,0.0,tannin,0.8842376128177181
1005,393.0441462,393.0438507,393.0438328,0.666666667,0.285714286,C21 H14 O6 S1,21.0,14.0,6.0,1.0,0.0,0.0,0.0,0.0,0.0,tannin,0.6832341391308281
1006,392.1797466,392.1794522,392.1795815,1.4,0.35,C20 H28 O7 13C1,21.0,28.0,7.0,0.0,0.0,1.0,0.0,0.0,0.0,lignin,0.8330869837025784
1007,392.1434678,392.1431734,392.143196,1.263157895,0.421052632,C19 H24 O8 13C1,20.0,24.0,8.0,0.0,0.0,1.0,0.0,0.0,0.0,lignin,0.8366819585757919
1008,392.1072615,392.1069672,392.1068105,1.111111111,0.5,C18 H20 O9 13C1,19.0,20.0,9.0,0.0,0.0,1.0,0.0,0.0,0.0,lignin,0.9238766061941412
1009,392.0991275,392.0988332,392.0987047,1.055555556,0.5,C18 H19 O9 N1,18.0,19.0,9.0,0.0,1.0,0.0,0.0,0.0,0.05555555555555555,lignin,0.925829572073431
1010,392.0705838,392.0702896,392.070425,0.941176471,0.588235294,C17 H16 O10 13C1,18.0,16.0,10.0,0.0,0.0,1.0,0.0,0.0,0.0,tannin,0.8877585091174358
1011,392.0624677,392.0621735,392.0623192,0.882352941,0.588235294,C17 H15 O10 N1,17.0,15.0,10.0,0.0,1.0,0.0,0.0,0.0,0.058823529411764705,tannin,0.8935828688177709
1012,391.2129693,391.2126762,391.2126122,1.454545455,0.272727273,C22 H32 O6,22.0,32.0,6.0,0.0,0.0,0.0,0.0,0.0,0.0,lipid,0.8991358874016202
1013,391.1763693,391.1760761,391.1762267,1.333333333,0.333333333,C21 H28 O7,21.0,28.0,7.0,0.0,0.0,0.0,0.0,0.0,0.0,lignin,0.8338729306890442
1014,391.1401815,391.1398885,391.1398412,1.2,0.4,C20 H24 O8,20.0,24.0,8.0,0.0,0.0,0.0,0.0,0.0,0.0,lignin,0.8378584543447772
1015,391.1038586,391.1035655,391.1034557,1.052631579,0.473684211,C19 H20 O9,19.0,20.0,9.0,0.0,0.0,0.0,0.0,0.0,0.0,lignin,0.9231642844065927
1016,391.0785102,391.0782172,391.0783036,0.941176471,0.529411765,C17 H16 O9 N2,17.0,16.0,9.0,0.0,2.0,0.0,0.0,0.0,0.11764705882352941,peptide,0.6279896689132023
1017,391.0672125,391.0669195,391.0670702,0.888888889,0.555555556,C18 H16 O10,18.0,16.0,10.0,0.0,0.0,0.0,0.0,0.0,0.0,tannin,0.888417713617072
1018,391.0647979,391.0645049,391.0645683,0.727272727,0.227272727,C22 H16 O5 S1,22.0,16.0,5.0,1.0,0.0,0.0,0.0,0.0,0.0,tannin,0.6749473470742627
1019,391.0519979,391.0517049,391.051814,1.142857143,0.928571429,C14 H16 O13,14.0,16.0,13.0,0.0,0.0,0.0,0.0,0.0,0.0,lignin,0.8105842280652794
1020,391.0310353,391.0307424,391.0306847,0.705882353,0.647058824,C17 H12 O11,17.0,12.0,11.0,0.0,0.0,0.0,0.0,0.0,0.0,tannin,0.8870714778792166
1021,391.0286423,391.0283494,391.0281827,0.571428571,0.285714286,C21 H12 O6 S1,21.0,12.0,6.0,1.0,0.0,0.0,0.0,0.0,0.0,tannin,0.5787028797422653
1022,390.1641638,390.163872,390.1639315,1.3,0.35,C20 H26 O7 13C1,21.0,26.0,7.0,0.0,0.0,1.0,0.0,0.0,0.0,lignin,0.834644694332989
1023,390.1279528,390.127661,390.127546,1.157894737,0.421052632,C19 H22 O8 13C1,20.0,22.0,8.0,0.0,0.0,1.0,0.0,0.0,0.0,lignin,0.8372411582367747
1024,390.1045261,390.1042343,390.104184,1.4,0.733333333,C15 H21 O11 N1,15.0,21.0,11.0,0.0,1.0,0.0,0.0,0.0,0.06666666666666667,carbohydrate,0.9533499256263716
1025,390.0913391,390.0910474,390.0911605,1.0,0.5,C18 H18 O9 13C1,19.0,18.0,9.0,0.0,0.0,1.0,0.0,0.0,0.0,tannin,0.5343542876145502
1026,390.0831984,390.0829067,390.0830546,0.944444444,0.5,C18 H17 O9 N1,18.0,17.0,9.0,0.0,1.0,0.0,0.0,0.0,0.05555555555555555,tannin,0.889054204756059
1027,389.1970998,389.1968092,389.1969622,1.363636364,0.272727273,C22 H30 O6,22.0,30.0,6.0,0.0,0.0,0.0,0.0,0.0,0.0,lignin,0.832476577468784
1028,389.1610068,389.1607163,389.1605766,1.238095238,0.333333333,C21 H26 O7,21.0,26.0,7.0,0.0,0.0,0.0,0.0,0.0,0.0,lignin,0.8355138997417013
1029,389.1457379,389.1454474,389.1453205,1.529411765,0.588235294,C17 H26 O10,17.0,26.0,10.0,0.0,0.0,0.0,0.0,0.0,0.0,lignin,0.7272499801559231
1030,389.1278623,389.1275718,389.1275624,1.529411765,0.470588235,C17 H26 O8 S1,17.0,26.0,8.0,1.0,0.0,0.0,0.0,0.0,0.0,lignin,0.8265938027476514
1031,389.1244532,389.1241627,389.1241911,1.1,0.4,C20 H22 O8,20.0,22.0,8.0,0.0,0.0,0.0,0.0,0.0,0.0,lignin,0.9260178454543573
1032,389.1090868,389.1087963,389.108935,1.375,0.6875,C16 H22 O11,16.0,22.0,11.0,0.0,0.0,0.0,0.0,0.0,0.0,lignin,0.8924218610260292
1033,389.1010059,389.1007155,389.1005598,0.666666667,0.037037037,C27 H18 O1 S1,27.0,18.0,1.0,1.0,0.0,0.0,0.0,0.0,0.0,pah,0.9441044247005685
1034,389.0913417,389.0910512,389.0911769,1.375,0.5625,C16 H22 O9 S1,16.0,22.0,9.0,1.0,0.0,0.0,0.0,0.0,0.0,lignin,0.8689680844681595
1035,389.087969,389.0876785,389.0878056,0.947368421,0.473684211,C19 H18 O9,19.0,18.0,9.0,0.0,0.0,0.0,0.0,0.0,0.0,tannin,0.8852616182208575
1036,389.0855569,389.0852665,389.0853037,0.782608696,0.173913043,C23 H18 O4 S1,23.0,18.0,4.0,1.0,0.0,0.0,0.0,0.0,0.0,tannin,0.6192553163701653
1037,389.0728216,389.0725311,389.0725495,1.2,0.8,C15 H18 O12,15.0,18.0,12.0,0.0,0.0,0.0,0.0,0.0,0.0,lignin,0.9083349281392836
1038,389.05183,389.0515397,389.0514201,0.777777778,0.555555556,C18 H14 O10,18.0,14.0,10.0,0.0,0.0,0.0,0.0,0.0,0.0,tannin,0.8917544267563218
1039,389.0365981,389.0363078,389.036164,1.0,0.928571429,C14 H14 O13,14.0,14.0,13.0,0.0,0.0,0.0,0.0,0.0,0.0,lignin,0.5121370452043701
1040,389.0153724,389.015082,389.0150346,0.588235294,0.647058824,C17 H10 O11,17.0,10.0,11.0,0.0,0.0,0.0,0.0,0.0,0.0,tannin,0.8977200809781672
1041,389.0129042,389.0126139,389.0125327,0.476190476,0.285714286,C21 H10 O6 S1,21.0,10.0,6.0,1.0,0.0,0.0,0.0,0.0,0.0,pah,0.9426153811772936
1042,388.1485151,388.1482259,388.1482814,1.2,0.35,C20 H24 O7 13C1,21.0,24.0,7.0,0.0,0.0,1.0,0.0,0.0,0.0,lignin,0.8370549320286065
1043,388.1250617,388.1247725,388.1249194,1.4375,0.625,C16 H23 O10 N1,16.0,23.0,10.0,0.0,1.0,0.0,0.0,0.0,0.0625,carbohydrate,0.8522217981992906
1044,387.1815571,387.1812692,387.1813121,1.272727273,0.272727273,C22 H28 O6,22.0,28.0,6.0,0.0,0.0,0.0,0.0,0.0,0.0,lignin,0.8338891467467956
1045,387.1661981,387.1659101,387.1660559,1.555555556,0.5,C18 H28 O9,18.0,28.0,9.0,0.0,0.0,0.0,0.0,0.0,0.0,lignin,0.8266031854817719
1046,387.1450874,387.1447995,387.1449266,1.142857143,0.333333333,C21 H24 O7,21.0,24.0,7.0,0.0,0.0,0.0,0.0,0.0,0.0,lignin,0.8352416794532239
1047,387.1299993,387.1297114,387.1296704,1.411764706,0.588235294,C17 H24 O10,17.0,24.0,10.0,0.0,0.0,0.0,0.0,0.0,0.0,lignin,0.8596743067086043
1048,387.1123374,387.1120495,387.1119124,1.411764706,0.470588235,C17 H24 O8 S1,17.0,24.0,8.0,1.0,0.0,0.0,0.0,0.0,0.0,lignin,0.8345930226308214
1049,387.1089667,387.1086788,387.1085411,1.0,0.4,C20 H20 O8,20.0,20.0,8.0,0.0,0.0,0.0,0.0,0.0,0.0,lignin,0.9229951599688443
1050,387.0936777,387.0933898,387.0932849,1.25,0.6875,C16 H20 O11,16.0,20.0,11.0,0.0,0.0,0.0,0.0,0.0,0.0,lignin,0.9373111529463104
1051,387.0757714,387.0754835,387.0755269,1.25,0.5625,C16 H20 O9 S1,16.0,20.0,9.0,1.0,0.0,0.0,0.0,0.0,0.0,lignin,0.8918273028810111
1052,387.0723481,387.0720603,387.0721556,0.842105263,0.473684211,C19 H16 O9,19.0,16.0,9.0,0.0,0.0,0.0,0.0,0.0,0.0,tannin,0.8885584598329499
1053,387.0699082,387.0696204,387.0696536,0.695652174,0.173913043,C23 H16 O4 S1,23.0,16.0,4.0,1.0,0.0,0.0,0.0,0.0,0.0,pah,0.9435448610980128
1054,387.0570397,387.0567519,387.0568994,1.066666667,0.8,C15 H16 O12,15.0,16.0,12.0,0.0,0.0,0.0,0.0,0.0,0.0,tannin,0.7181584298038171
1055,387.0489983,387.0487104,387.0485243,0.461538462,0.076923077,C26 H12 O2 S1,26.0,12.0,2.0,1.0,0.0,0.0,0.0,0.0,0.0,pah,0.942864012584329
1056,387.0359846,387.0356968,387.0357701,0.666666667,0.555555556,C18 H12 O10,18.0,12.0,10.0,0.0,0.0,0.0,0.0,0.0,0.0,tannin,0.8936620665946929
1057,387.0335987,387.0333109,387.0332681,0.545454545,0.227272727,C22 H12 O5 S1,22.0,12.0,5.0,1.0,0.0,0.0,0.0,0.0,0.0,pah,0.9429079140770261
1058,387.020893,387.0206052,387.0205139,0.857142857,0.928571429,C14 H12 O13,14.0,12.0,13.0,0.0,0.0,0.0,0.0,0.0,0.0,lignin,0.4679970422455071
1059,386.1541903,386.1539036,386.1537607,1.529411765,0.529411765,C17 H26 O9 13C1,18.0,26.0,9.0,0.0,0.0,1.0,0.0,0.0,0.0,lignin,0.8609689138860667
1060,386.1461125,386.1458259,386.1456549,1.470588235,0.529411765,C17 H25 O9 N1,17.0,25.0,9.0,0.0,1.0,0.0,0.0,0.0,0.058823529411764705,lignin,0.5885210275975878
1061,386.1176079,386.1173212,386.1173752,1.375,0.625,C16 H22 O10 13C1,17.0,22.0,10.0,0.0,0.0,1.0,0.0,0.0,0.0,lignin,0.8926964560417048
1062,386.1094634,386.1091767,386.1092693,1.3125,0.625,C16 H21 O10 N1,16.0,21.0,10.0,0.0,1.0,0.0,0.0,0.0,0.0625,lignin,0.5432139117481979
1063,386.081158,386.0808714,386.0809897,1.2,0.733333333,C15 H18 O11 13C1,16.0,18.0,11.0,0.0,0.0,1.0,0.0,0.0,0.0,lignin,0.9351041219580637
1064,386.0731555,386.0728689,386.0728838,1.133333333,0.733333333,C15 H17 O11 N1,15.0,17.0,11.0,0.0,1.0,0.0,0.0,0.0,0.06666666666666667,lignin,0.6205279782539062
1065,385.1871774,385.186892,385.1867914,1.578947368,0.421052632,C19 H30 O8,19.0,30.0,8.0,0.0,0.0,0.0,0.0,0.0,0.0,lipid,0.8872158406070341
1066,385.165876,385.1655906,385.165662,1.181818182,0.272727273,C22 H26 O6,22.0,26.0,6.0,0.0,0.0,0.0,0.0,0.0,0.0,lignin,0.8354546494763826
1067,385.150534,385.1502486,385.1504059,1.444444444,0.5,C18 H26 O9,18.0,26.0,9.0,0.0,0.0,0.0,0.0,0.0,0.0,lignin,0.8282831421771762
1068,385.1294545,385.1291691,385.1292765,1.047619048,0.333333333,C21 H22 O7,21.0,22.0,7.0,0.0,0.0,0.0,0.0,0.0,0.0,lignin,0.924531749404783
1069,385.1143748,385.1140894,385.1140204,1.294117647,0.588235294,C17 H22 O10,17.0,22.0,10.0,0.0,0.0,0.0,0.0,0.0,0.0,lignin,0.8705117197456845
1070,385.096711,385.0964257,385.0962623,1.294117647,0.470588235,C17 H22 O8 S1,17.0,22.0,8.0,1.0,0.0,0.0,0.0,0.0,0.0,lignin,0.8370481707535029
1071,385.0933187,385.0930334,385.092891,0.9,0.4,C20 H18 O8,20.0,18.0,8.0,0.0,0.0,0.0,0.0,0.0,0.0,tannin,0.8843017126936044
1072,385.0779999,385.0777146,385.0776349,1.125,0.6875,C16 H18 O11,16.0,18.0,11.0,0.0,0.0,0.0,0.0,0.0,0.0,lignin,0.8044095158226628
1073,385.0566609,385.0563756,385.0565055,0.736842105,0.473684211,C19 H14 O9,19.0,14.0,9.0,0.0,0.0,0.0,0.0,0.0,0.0,tannin,0.8908747937123872
1074,385.0542661,385.0539808,385.0540036,0.608695652,0.173913043,C23 H14 O4 S1,23.0,14.0,4.0,1.0,0.0,0.0,0.0,0.0,0.0,pah,0.9430751414552605
1075,385.0413773,385.0410921,385.0412494,0.933333333,0.8,C15 H14 O12,15.0,14.0,12.0,0.0,0.0,0.0,0.0,0.0,0.0,tannin,0.8854986123794397
1076,385.0333292,385.0330439,385.0328742,0.384615385,0.076923077,C26 H10 O2 S1,26.0,10.0,2.0,1.0,0.0,0.0,0.0,0.0,0.0,pah,0.942734108868015
1077,385.0203863,385.0201011,385.02012,0.555555556,0.555555556,C18 H10 O10,18.0,10.0,10.0,0.0,0.0,0.0,0.0,0.0,0.0,tannin,0.8949245464503932
1078,385.0180024,385.0177172,385.0176181,0.454545455,0.227272727,C22 H10 O5 S1,22.0,10.0,5.0,1.0,0.0,0.0,0.0,0.0,0.0,pah,0.9426473772181083
1079,384.1748167,384.1745325,384.1744962,1.555555556,0.444444444,C18 H28 O8 13C1,19.0,28.0,8.0,0.0,0.0,1.0,0.0,0.0,0.0,lignin,0.5644977643999162
1080,384.1385052,384.1382211,384.1381107,1.411764706,0.529411765,C17 H24 O9 13C1,18.0,24.0,9.0,0.0,0.0,1.0,0.0,0.0,0.0,lignin,0.8293299320096675
1081,384.1303604,384.1300763,384.1300048,1.352941176,0.529411765,C17 H23 O9 N1,17.0,23.0,9.0,0.0,1.0,0.0,0.0,0.0,0.058823529411764705,lignin,0.8316789523698878
1082,384.1018599,384.1015759,384.1017251,1.25,0.625,C16 H20 O10 13C1,17.0,20.0,10.0,0.0,0.0,1.0,0.0,0.0,0.0,lignin,0.9374903237143478
1083,384.0937678,384.0934838,384.0936193,1.1875,0.625,C16 H19 O10 N1,16.0,19.0,10.0,0.0,1.0,0.0,0.0,0.0,0.0625,lignin,0.867715582782072
1084,384.0657168,384.0654328,384.0653396,1.066666667,0.733333333,C15 H16 O11 13C1,16.0,16.0,11.0,0.0,0.0,1.0,0.0,0.0,0.0,tannin,0.7181227087884073
1085,383.2078933,383.2076104,383.2075268,1.6,0.35,C20 H32 O7,20.0,32.0,7.0,0.0,0.0,0.0,0.0,0.0,0.0,lipid,0.887567316184467
1086,383.1712863,383.1710035,383.1711413,1.473684211,0.421052632,C19 H28 O8,19.0,28.0,8.0,0.0,0.0,0.0,0.0,0.0,0.0,lignin,0.8329424263277572
1087,383.1501865,383.1499037,383.150012,1.090909091,0.272727273,C22 H24 O6,22.0,24.0,6.0,0.0,0.0,0.0,0.0,0.0,0.0,lignin,0.9274055135291114
1088,383.1350649,383.134782,383.1347558,1.333333333,0.5,C18 H24 O9,18.0,24.0,9.0,0.0,0.0,0.0,0.0,0.0,0.0,lignin,0.8367388708071595
1089,383.1140481,383.1137653,383.1136264,0.952380952,0.333333333,C21 H20 O7,21.0,20.0,7.0,0.0,0.0,0.0,0.0,0.0,0.0,lignin,0.7566330606438364
1090,383.1100409,383.1097581,383.1096037,1.25,0.5625,C16 H20 O9 N2,16.0,20.0,9.0,0.0,2.0,0.0,0.0,0.0,0.125,peptide,0.4249753758326021
1091,383.0987718,383.0984891,383.0983703,1.176470588,0.588235294,C17 H20 O10,17.0,20.0,10.0,0.0,0.0,0.0,0.0,0.0,0.0,lignin,0.8696242068198721
1092,383.0808245,383.0805417,383.0806122,1.176470588,0.470588235,C17 H20 O8 S1,17.0,20.0,8.0,1.0,0.0,0.0,0.0,0.0,0.0,lignin,0.8381771370223309
1093,383.0774059,383.0771231,383.0772409,0.8,0.4,C20 H16 O8,20.0,16.0,8.0,0.0,0.0,0.0,0.0,0.0,0.0,tannin,0.887987590440153
1094,383.0733418,383.0730591,383.0732182,1.066666667,0.666666667,C15 H16 O10 N2,15.0,16.0,10.0,0.0,2.0,0.0,0.0,0.0,0.13333333333333333,amino_sugar,0.5082044296500758
1095,383.0620854,383.0618027,383.0619848,1.0,0.6875,C16 H16 O11,16.0,16.0,11.0,0.0,0.0,0.0,0.0,0.0,0.0,tannin,0.7188162608953104
1096,383.0540341,383.0537514,383.0536096,0.444444444,0.037037037,C27 H12 O1 S1,27.0,12.0,1.0,1.0,0.0,0.0,0.0,0.0,0.0,pah,0.9427828869215984
1097,383.0410954,383.0408127,383.0408554,0.631578947,0.473684211,C19 H12 O9,19.0,12.0,9.0,0.0,0.0,0.0,0.0,0.0,0.0,tannin,0.8929821661053658
1098,383.0260098,383.0257271,383.0255993,0.8,0.8,C15 H12 O12,15.0,12.0,12.0,0.0,0.0,0.0,0.0,0.0,0.0,tannin,0.8866986852868557
1099,382.2351604,382.2348787,382.2349884,2.235294118,0.352941176,C17 H38 O6 S1 13C1,18.0,38.0,6.0,1.0,0.0,1.0,0.0,0.0,0.0,lipid,0.8952333918759068
1100,382.2351604,382.2348787,382.2347446,1.736842105,0.263157895,C19 H33 O5 N3,19.0,33.0,5.0,0.0,3.0,0.0,0.0,0.0,0.15789473684210525,peptide,0.771688007685988
1101,382.1591104,382.1588288,382.1588461,1.444444444,0.444444444,C18 H26 O8 13C1,19.0,26.0,8.0,0.0,0.0,1.0,0.0,0.0,0.0,lignin,0.8336779378339203
1102,382.1509356,382.150654,382.1507402,1.388888889,0.444444444,C18 H25 O8 N1,18.0,25.0,8.0,0.0,1.0,0.0,0.0,0.0,0.05555555555555555,lignin,0.8347384970775169
1103,382.122605,382.1223234,382.1224606,1.294117647,0.529411765,C17 H22 O9 13C1,18.0,22.0,9.0,0.0,0.0,1.0,0.0,0.0,0.0,lignin,0.8385555082181227
1104,382.114563,382.1142815,382.1143547,1.235294118,0.529411765,C17 H21 O9 N1,17.0,21.0,9.0,0.0,1.0,0.0,0.0,0.0,0.058823529411764705,lignin,0.841171618919106
1105,382.086498,382.0862165,382.0860751,1.125,0.625,C16 H18 O10 13C1,17.0,18.0,10.0,0.0,0.0,1.0,0.0,0.0,0.0,lignin,0.923819692016124
1106,382.0783839,382.0781025,382.0779692,1.0625,0.625,C16 H17 O10 N1,16.0,17.0,10.0,0.0,1.0,0.0,0.0,0.0,0.0625,lignin,0.6392673122946061
1107,382.0498455,382.0495641,382.0496896,0.933333333,0.733333333,C15 H14 O11 13C1,16.0,14.0,11.0,0.0,0.0,1.0,0.0,0.0,0.0,tannin,0.885607464066563
1108,381.2318476,381.2315672,381.2316336,2.111111111,0.333333333,C18 H38 O6 S1,18.0,38.0,6.0,1.0,0.0,0.0,0.0,0.0,0.0,lipid,0.8959999529514524
1109,381.1921067,381.1918264,381.1918768,1.5,0.35,C20 H30 O7,20.0,30.0,7.0,0.0,0.0,0.0,0.0,0.0,0.0,lipid,0.8987133088926436
1110,381.1559012,381.1556209,381.1554913,1.368421053,0.421052632,C19 H26 O8,19.0,26.0,8.0,0.0,0.0,0.0,0.0,0.0,0.0,lignin,0.8345541250536979
1111,381.1192269,381.1189466,381.1191058,1.222222222,0.5,C18 H22 O9,18.0,22.0,9.0,0.0,0.0,0.0,0.0,0.0,0.0,lignin,0.8400352790112302
1112,381.094129,381.0938488,381.0939536,1.125,0.5625,C16 H18 O9 N2,16.0,18.0,9.0,0.0,2.0,0.0,0.0,0.0,0.125,peptide,0.5722006435809045
1113,381.083044,381.0827638,381.0827202,1.058823529,0.588235294,C17 H18 O10,17.0,18.0,10.0,0.0,0.0,0.0,0.0,0.0,0.0,lignin,0.7997197866742848
1114,381.0620034,381.0617232,381.0615909,0.7,0.4,C20 H14 O8,20.0,14.0,8.0,0.0,0.0,0.0,0.0,0.0,0.0,tannin,0.8856775913581115
1115,381.0467187,381.0464385,381.0463347,0.875,0.6875,C16 H14 O11,16.0,14.0,11.0,0.0,0.0,0.0,0.0,0.0,0.0,tannin,0.8863063375075599
1116,381.0443023,381.0440222,381.0438328,0.7,0.3,C20 H14 O6 S1,20.0,14.0,6.0,1.0,0.0,0.0,0.0,0.0,0.0,tannin,0.7092564712592289
1117,381.0076562,381.0073761,381.0074473,0.526315789,0.368421053,C19 H10 O7 S1,19.0,10.0,7.0,1.0,0.0,0.0,0.0,0.0,0.0,tannin,0.6842219779777909
1118,380.1797541,380.1794751,380.1795815,1.473684211,0.368421053,C19 H28 O7 13C1,20.0,28.0,7.0,0.0,0.0,1.0,0.0,0.0,0.0,lignin,0.7051830624225264
1119,380.1436209,380.1433419,380.143196,1.333333333,0.444444444,C18 H24 O8 13C1,19.0,24.0,8.0,0.0,0.0,1.0,0.0,0.0,0.0,lignin,0.8356017707481657
1120,380.1069426,380.1066636,380.1068105,1.176470588,0.529411765,C17 H20 O9 13C1,18.0,20.0,9.0,0.0,0.0,1.0,0.0,0.0,0.0,lignin,0.8404865065150892
1121,380.0988133,380.0985344,380.0987047,1.117647059,0.529411765,C17 H19 O9 N1,17.0,19.0,9.0,0.0,1.0,0.0,0.0,0.0,0.058823529411764705,lignin,0.8858717818021132
1122,380.0707137,380.0704347,380.070425,1.0,0.625,C16 H16 O10 13C1,17.0,16.0,10.0,0.0,0.0,1.0,0.0,0.0,0.0,tannin,0.7149311823157929
1123,380.0627037,380.0624248,380.0623192,0.9375,0.625,C16 H15 O10 N1,16.0,15.0,10.0,0.0,1.0,0.0,0.0,0.0,0.0625,tannin,0.8926461164458356
1124,379.2128834,379.2126055,379.2126122,1.523809524,0.285714286,C21 H32 O6,21.0,32.0,6.0,0.0,0.0,0.0,0.0,0.0,0.0,lipid,0.8988622185062674
1125,379.176374,379.1760963,379.1762267,1.4,0.35,C20 H28 O7,20.0,28.0,7.0,0.0,0.0,0.0,0.0,0.0,0.0,lignin,0.8330869837025784
1126,379.1402665,379.1399887,379.1398412,1.263157895,0.421052632,C19 H24 O8,19.0,24.0,8.0,0.0,0.0,0.0,0.0,0.0,0.0,lignin,0.8366819585757919
1127,379.1149276,379.1146499,379.1146891,1.176470588,0.470588235,C17 H20 O8 N2,17.0,20.0,8.0,0.0,2.0,0.0,0.0,0.0,0.11764705882352941,peptide,0.5258595431174834
1128,379.1035868,379.1033091,379.1034557,1.111111111,0.5,C18 H20 O9,18.0,20.0,9.0,0.0,0.0,0.0,0.0,0.0,0.0,lignin,0.9238766061941412
1129,379.0802875,379.0800099,379.0798244,0.64,0.08,C25 H16 O2 S1,25.0,16.0,2.0,1.0,0.0,0.0,0.0,0.0,0.0,pah,0.9435654984290398
1130,379.0784761,379.0781985,379.0783036,1.0,0.5625,C16 H16 O9 N2,16.0,16.0,9.0,0.0,2.0,0.0,0.0,0.0,0.125,peptide,0.7141490178212816
1131,379.0673719,379.0670942,379.0670702,0.941176471,0.588235294,C17 H16 O10,17.0,16.0,10.0,0.0,0.0,0.0,0.0,0.0,0.0,tannin,0.8877585091174358
1132,379.0649867,379.0647091,379.0645683,0.761904762,0.238095238,C21 H16 O5 S1,21.0,16.0,5.0,1.0,0.0,0.0,0.0,0.0,0.0,tannin,0.6864295401452847
1133,379.031087,379.0308094,379.0306847,0.75,0.6875,C16 H12 O11,16.0,12.0,11.0,0.0,0.0,0.0,0.0,0.0,0.0,tannin,0.886080380840762
1134,379.028628,379.0283505,379.0281827,0.6,0.3,C20 H12 O6 S1,20.0,12.0,6.0,1.0,0.0,0.0,0.0,0.0,0.0,tannin,0.6757180230909425
1135,378.1642117,378.1639352,378.1639315,1.368421053,0.368421053,C19 H26 O7 13C1,20.0,26.0,7.0,0.0,0.0,1.0,0.0,0.0,0.0,lignin,0.8337981667391554
1136,378.1279113,378.1276349,378.127546,1.222222222,0.444444444,C18 H22 O8 13C1,19.0,22.0,8.0,0.0,0.0,1.0,0.0,0.0,0.0,lignin,0.8383631886455438
1137,378.0912719,378.0909955,378.0911605,1.058823529,0.529411765,C17 H18 O9 13C1,18.0,18.0,9.0,0.0,0.0,1.0,0.0,0.0,0.0,lignin,0.7989984966383796
1138,378.0832049,378.0829285,378.0830546,1.0,0.529411765,C17 H17 O9 N1,17.0,17.0,9.0,0.0,1.0,0.0,0.0,0.0,0.058823529411764705,tannin,0.7205954046512753
1139,378.0551786,378.0549023,378.0547749,0.875,0.625,C16 H14 O10 13C1,17.0,14.0,10.0,0.0,0.0,1.0,0.0,0.0,0.0,tannin,0.8893488806351136
1140,377.1970774,377.1968022,377.1969622,1.428571429,0.285714286,C21 H30 O6,21.0,30.0,6.0,0.0,0.0,0.0,0.0,0.0,0.0,lipid,0.6152643190638664
1141,377.1609918,377.1607166,377.1605766,1.3,0.35,C20 H26 O7,20.0,26.0,7.0,0.0,0.0,0.0,0.0,0.0,0.0,lignin,0.834644694332989
1142,377.1244067,377.1241315,377.1241911,1.157894737,0.421052632,C19 H22 O8,19.0,22.0,8.0,0.0,0.0,0.0,0.0,0.0,0.0,lignin,0.8372411582367747
1143,377.1009905,377.1007154,377.1005598,0.692307692,0.038461538,C26 H18 O1 S1,26.0,18.0,1.0,1.0,0.0,0.0,0.0,0.0,0.0,pah,0.9443109494195824
1144,377.099166,377.0988908,377.099039,1.058823529,0.470588235,C17 H18 O8 N2,17.0,18.0,8.0,0.0,2.0,0.0,0.0,0.0,0.11764705882352941,peptide,0.6256591772693147
1145,377.0913399,377.0910647,377.0911769,1.466666667,0.6,C15 H22 O9 S1,15.0,22.0,9.0,1.0,0.0,0.0,0.0,0.0,0.0,lignin,0.8920687337041704
1146,377.0880098,377.0877347,377.0878056,1.0,0.5,C18 H18 O9,18.0,18.0,9.0,0.0,0.0,0.0,0.0,0.0,0.0,tannin,0.5343542876145502
1147,377.0518232,377.0515481,377.0514201,0.823529412,0.588235294,C17 H14 O10,17.0,14.0,10.0,0.0,0.0,0.0,0.0,0.0,0.0,tannin,0.8900533721712502
1148,377.0152244,377.0149493,377.0150346,0.625,0.6875,C16 H10 O11,16.0,10.0,11.0,0.0,0.0,0.0,0.0,0.0,0.0,tannin,0.8879062852847526
1149,377.0128003,377.0125253,377.0125327,0.5,0.3,C20 H10 O6 S1,20.0,10.0,6.0,1.0,0.0,0.0,0.0,0.0,0.0,pah,0.579578123880469
1150,376.1485752,376.1483013,376.1482814,1.263157895,0.368421053,C19 H24 O7 13C1,20.0,24.0,7.0,0.0,0.0,1.0,0.0,0.0,0.0,lignin,0.8356344679256787
1151,376.1120533,376.1117794,376.1118959,1.111111111,0.444444444,C18 H20 O8 13C1,19.0,20.0,8.0,0.0,0.0,1.0,0.0,0.0,0.0,lignin,0.9244800061505736
1152,376.0758803,376.0756064,376.0755104,0.941176471,0.529411765,C17 H16 O9 13C1,18.0,16.0,9.0,0.0,0.0,1.0,0.0,0.0,0.0,tannin,0.8862348843835012
1153,376.0677728,376.067499,376.0674045,0.882352941,0.529411765,C17 H15 O9 N1,17.0,15.0,9.0,0.0,1.0,0.0,0.0,0.0,0.058823529411764705,tannin,0.8927442615776823
1154,375.2755867,375.2753139,375.2752125,2.0,0.3,C20 H40 O6,20.0,40.0,6.0,0.0,0.0,0.0,0.0,0.0,0.0,lipid,0.8970647538889185
1155,375.1816667,375.1813939,375.1813121,1.333333333,0.285714286,C21 H28 O6,21.0,28.0,6.0,0.0,0.0,0.0,0.0,0.0,0.0,lignin,0.8330510647877931
1156,375.1450661,375.1447935,375.1449266,1.2,0.35,C20 H24 O7,20.0,24.0,7.0,0.0,0.0,0.0,0.0,0.0,0.0,lignin,0.8370549320286065
1157,375.1298525,375.1295799,375.1296704,1.5,0.625,C16 H24 O10,16.0,24.0,10.0,0.0,0.0,0.0,0.0,0.0,0.0,lignin,0.7270167216690273
1158,375.1088821,375.1086095,375.1085411,1.052631579,0.421052632,C19 H20 O8,19.0,20.0,8.0,0.0,0.0,0.0,0.0,0.0,0.0,lignin,0.9246741862486655
1159,375.0936955,375.0934229,375.0932849,1.333333333,0.733333333,C15 H20 O11,15.0,20.0,11.0,0.0,0.0,0.0,0.0,0.0,0.0,lignin,0.8926059059487749
1160,375.0758749,375.0756024,375.0755269,1.333333333,0.6,C15 H20 O9 S1,15.0,20.0,9.0,1.0,0.0,0.0,0.0,0.0,0.0,lignin,0.8989794111211274
1161,375.0724895,375.0722169,375.0721556,0.888888889,0.5,C18 H16 O9,18.0,16.0,9.0,0.0,0.0,0.0,0.0,0.0,0.0,tannin,0.8885945528392828
1162,375.0700429,375.0697704,375.0696536,0.727272727,0.181818182,C22 H16 O4 S1,22.0,16.0,4.0,1.0,0.0,0.0,0.0,0.0,0.0,pah,0.8371608965947305
1163,375.0570546,375.056782,375.0568994,1.142857143,0.857142857,C14 H16 O12,14.0,16.0,12.0,0.0,0.0,0.0,0.0,0.0,0.0,lignin,0.8135919786442123
1164,375.0489554,375.0486828,375.0485243,0.48,0.08,C25 H12 O2 S1,25.0,12.0,2.0,1.0,0.0,0.0,0.0,0.0,0.0,pah,0.9428661924382787
1165,375.035898,375.0356255,375.0357701,0.705882353,0.588235294,C17 H12 O10,17.0,12.0,10.0,0.0,0.0,0.0,0.0,0.0,0.0,tannin,0.8939191578622026
1166,375.0335104,375.0332379,375.0332681,0.571428571,0.238095238,C21 H12 O5 S1,21.0,12.0,5.0,1.0,0.0,0.0,0.0,0.0,0.0,pah,0.9429693357001483
1167,374.1096562,374.1093848,374.1092693,1.4,0.666666667,C15 H21 O10 N1,15.0,21.0,10.0,0.0,1.0,0.0,0.0,0.0,0.06666666666666667,carbohydrate,0.9582619283011743
1168,374.0964361,374.0961647,374.0962458,1.0,0.444444444,C18 H18 O8 13C1,19.0,18.0,8.0,0.0,0.0,1.0,0.0,0.0,0.0,lignin,0.7997275990059256
1169,373.2021822,373.201912,373.2020475,1.363636364,0.227272727,C22 H30 O5,22.0,30.0,5.0,0.0,0.0,0.0,0.0,0.0,0.0,lignin,0.5229219938313043
1170,373.1660642,373.1657941,373.165662,1.238095238,0.285714286,C21 H26 O6,21.0,26.0,6.0,0.0,0.0,0.0,0.0,0.0,0.0,lignin,0.8346100428821439
1171,373.150762,373.1504918,373.1504059,1.529411765,0.529411765,C17 H26 O9,17.0,26.0,9.0,0.0,0.0,0.0,0.0,0.0,0.0,lignin,0.8609689138860667
1172,373.1328049,373.1325348,373.1326478,1.529411765,0.411764706,C17 H26 O7 S1,17.0,26.0,7.0,1.0,0.0,0.0,0.0,0.0,0.0,lignin,0.5644410084860741
1173,373.1294011,373.129131,373.1292765,1.1,0.35,C20 H22 O7,20.0,22.0,7.0,0.0,0.0,0.0,0.0,0.0,0.0,lignin,0.9259083379256863
1174,373.1141527,373.1138826,373.1140204,1.375,0.625,C16 H22 O10,16.0,22.0,10.0,0.0,0.0,0.0,0.0,0.0,0.0,lignin,0.8926964560417048
1175,373.0965725,373.0963024,373.0962623,1.375,0.5,C16 H22 O8 S1,16.0,22.0,8.0,1.0,0.0,0.0,0.0,0.0,0.0,lignin,0.8357920129054219
1176,373.0932261,373.092956,373.092891,0.947368421,0.421052632,C19 H18 O8,19.0,18.0,8.0,0.0,0.0,0.0,0.0,0.0,0.0,tannin,0.8834873499862365
1177,373.0780358,373.0777658,373.0776349,1.2,0.733333333,C15 H18 O11,15.0,18.0,11.0,0.0,0.0,0.0,0.0,0.0,0.0,lignin,0.9351041219580637
1178,373.0568218,373.0565517,373.0565055,0.777777778,0.5,C18 H14 O9,18.0,14.0,9.0,0.0,0.0,0.0,0.0,0.0,0.0,tannin,0.8903120038459488
1179,373.0414615,373.0411915,373.0412494,1.0,0.857142857,C14 H14 O12,14.0,14.0,12.0,0.0,0.0,0.0,0.0,0.0,0.0,tannin,0.6618957217883642
1180,373.0202774,373.0200075,373.02012,0.588235294,0.588235294,C17 H10 O10,17.0,10.0,10.0,0.0,0.0,0.0,0.0,0.0,0.0,tannin,0.8946897173183401
1181,373.0178673,373.0175973,373.0176181,0.476190476,0.238095238,C21 H10 O5 S1,21.0,10.0,5.0,1.0,0.0,0.0,0.0,0.0,0.0,pah,0.9426808646166105
1182,372.138447,372.1381781,372.1381107,1.5,0.5625,C16 H24 O9 13C1,17.0,24.0,9.0,0.0,0.0,1.0,0.0,0.0,0.0,lignin,0.8610221949516811
1183,372.130405,372.1301361,372.1300048,1.4375,0.5625,C16 H23 O9 N1,16.0,23.0,9.0,0.0,1.0,0.0,0.0,0.0,0.0625,lipid,0.49141583861932164
1184,372.1020365,372.1017677,372.1017251,1.333333333,0.666666667,C15 H20 O10 13C1,16.0,20.0,10.0,0.0,0.0,1.0,0.0,0.0,0.0,lignin,0.8927516930537751
1185,372.0939114,372.0936426,372.0936193,1.266666667,0.666666667,C15 H19 O10 N1,15.0,19.0,10.0,0.0,1.0,0.0,0.0,0.0,0.06666666666666667,carbohydrate,0.48893436498411524
1186,372.0654779,372.0652091,372.0653396,1.142857143,0.785714286,C14 H16 O11 13C1,15.0,16.0,11.0,0.0,0.0,1.0,0.0,0.0,0.0,lignin,0.8713769566273971
1187,372.0574312,372.0571624,372.0572338,1.071428571,0.785714286,C14 H15 O11 N1,14.0,15.0,11.0,0.0,1.0,0.0,0.0,0.0,0.07142857142857142,amino_sugar,0.44236198439303215
1188,371.1715248,371.1712572,371.1711413,1.555555556,0.444444444,C18 H28 O8,18.0,28.0,8.0,0.0,0.0,0.0,0.0,0.0,0.0,lignin,0.5644977643999162
1189,371.1502895,371.1500219,371.150012,1.142857143,0.285714286,C21 H24 O6,21.0,24.0,6.0,0.0,0.0,0.0,0.0,0.0,0.0,lignin,0.8342165739532424
1190,371.134915,371.1346474,371.1347558,1.411764706,0.529411765,C17 H24 O9,17.0,24.0,9.0,0.0,0.0,0.0,0.0,0.0,0.0,lignin,0.8293299320096675
1191,371.1171514,371.1168838,371.1169978,1.411764706,0.411764706,C17 H24 O7 S1,17.0,24.0,7.0,1.0,0.0,0.0,0.0,0.0,0.0,lignin,0.8337243166814716
1192,371.1137784,371.1135108,371.1136264,1.0,0.35,C20 H20 O7,20.0,20.0,7.0,0.0,0.0,0.0,0.0,0.0,0.0,lignin,0.9232898567126135
1193,371.0986827,371.0984152,371.0983703,1.25,0.625,C16 H20 O10,16.0,20.0,10.0,0.0,0.0,0.0,0.0,0.0,0.0,lignin,0.9374903237143478
1194,371.0810198,371.0807523,371.0806122,1.25,0.5,C16 H20 O8 S1,16.0,20.0,8.0,1.0,0.0,0.0,0.0,0.0,0.0,lignin,0.8390726626231947
1195,371.0776523,371.0773847,371.0772409,0.842105263,0.421052632,C19 H16 O8,19.0,16.0,8.0,0.0,0.0,0.0,0.0,0.0,0.0,tannin,0.8867513495449076
1196,371.0623331,371.0620656,371.0619848,1.066666667,0.733333333,C15 H16 O11,15.0,16.0,11.0,0.0,0.0,0.0,0.0,0.0,0.0,tannin,0.7181227087884073
1197,371.0409834,371.0407159,371.0408554,0.666666667,0.5,C18 H12 O9,18.0,12.0,9.0,0.0,0.0,0.0,0.0,0.0,0.0,tannin,0.8929154893576697
1198,371.0385633,371.0382958,371.0383535,0.545454545,0.181818182,C22 H12 O4 S1,22.0,12.0,4.0,1.0,0.0,0.0,0.0,0.0,0.0,pah,0.942981404035469
1199,371.0257461,371.0254787,371.0255993,0.857142857,0.857142857,C14 H12 O12,14.0,12.0,12.0,0.0,0.0,0.0,0.0,0.0,0.0,tannin,0.8860522208457097
1200,370.1591762,370.1589099,370.1588461,1.529411765,0.470588235,C17 H26 O8 13C1,18.0,26.0,8.0,0.0,0.0,1.0,0.0,0.0,0.0,lignin,0.8265938027476514
1201,370.1227397,370.1224734,370.1224606,1.375,0.5625,C16 H22 O9 13C1,17.0,22.0,9.0,0.0,0.0,1.0,0.0,0.0,0.0,lignin,0.8689680844681595
1202,370.1145556,370.1142893,370.1143547,1.3125,0.5625,C16 H21 O9 N1,16.0,21.0,9.0,0.0,1.0,0.0,0.0,0.0,0.0625,lignin,0.8393901151606744
1203,370.0862245,370.0859583,370.0860751,1.2,0.666666667,C15 H18 O10 13C1,16.0,18.0,10.0,0.0,0.0,1.0,0.0,0.0,0.0,lignin,0.9346222680973405
1204,370.0781998,370.0779335,370.0779692,1.133333333,0.666666667,C15 H17 O10 N1,15.0,17.0,10.0,0.0,1.0,0.0,0.0,0.0,0.06666666666666667,lignin,0.7580986538259696
1205,370.0500731,370.0498069,370.0496896,1.0,0.785714286,C14 H14 O11 13C1,15.0,14.0,11.0,0.0,0.0,1.0,0.0,0.0,0.0,tannin,0.7187612826936334
1206,369.1921346,369.1918694,369.1918768,1.578947368,0.368421053,C19 H30 O7,19.0,30.0,7.0,0.0,0.0,0.0,0.0,0.0,0.0,lipid,0.8875339098984247
1207,369.1556659,369.1554008,369.1554913,1.444444444,0.444444444,C18 H26 O8,18.0,26.0,8.0,0.0,0.0,0.0,0.0,0.0,0.0,lignin,0.8336779378339203
1208,369.1347159,369.1344508,369.1343619,1.047619048,0.285714286,C21 H22 O6,21.0,22.0,6.0,0.0,0.0,0.0,0.0,0.0,0.0,lignin,0.925292756501692
1209,369.1195004,369.1192353,369.1191058,1.294117647,0.529411765,C17 H22 O9,17.0,22.0,9.0,0.0,0.0,0.0,0.0,0.0,0.0,lignin,0.8385555082181227
1210,369.1016765,369.1014115,369.1013477,1.294117647,0.411764706,C17 H22 O7 S1,17.0,22.0,7.0,1.0,0.0,0.0,0.0,0.0,0.0,lignin,0.835809388057631
1211,369.0982559,369.0979909,369.0979764,0.9,0.35,C20 H18 O7,20.0,18.0,7.0,0.0,0.0,0.0,0.0,0.0,0.0,tannin,0.8836284918248406
1212,369.0942099,369.0939448,369.0939536,1.2,0.6,C15 H18 O9 N2,15.0,18.0,9.0,0.0,2.0,0.0,0.0,0.0,0.13333333333333333,amino_sugar,0.4810948937831415
1213,369.0828633,369.0825983,369.0827202,1.125,0.625,C16 H18 O10,16.0,18.0,10.0,0.0,0.0,0.0,0.0,0.0,0.0,lignin,0.923819692016124
1214,369.074765,369.0745,369.0743451,0.518518519,0.0,C27 H14 S1,27.0,14.0,0.0,1.0,0.0,0.0,0.0,0.0,0.0,pah,0.9431115078993478
1215,369.0651073,369.0648423,369.0649622,1.125,0.5,C16 H18 O8 S1,16.0,18.0,8.0,1.0,0.0,0.0,0.0,0.0,0.0,lignin,0.9210037118104808
1216,369.0617382,369.0614732,369.0615909,0.736842105,0.421052632,C19 H14 O8,19.0,14.0,8.0,0.0,0.0,0.0,0.0,0.0,0.0,tannin,0.8908048602081117
1217,369.0466603,369.0463953,369.0463347,0.933333333,0.733333333,C15 H14 O11,15.0,14.0,11.0,0.0,0.0,0.0,0.0,0.0,0.0,tannin,0.885607464066563
1218,368.1799084,368.1796446,368.1795815,1.555555556,0.388888889,C18 H28 O7 13C1,19.0,28.0,7.0,0.0,0.0,1.0,0.0,0.0,0.0,lipid,0.8874412228509632
1219,368.143321,368.1430572,368.143196,1.411764706,0.470588235,C17 H24 O8 13C1,18.0,24.0,8.0,0.0,0.0,1.0,0.0,0.0,0.0,lignin,0.8345930226308214
1220,368.1353135,368.1350496,368.1350902,1.352941176,0.470588235,C17 H23 O8 N1,17.0,23.0,8.0,0.0,1.0,0.0,0.0,0.0,0.058823529411764705,lignin,0.8359666679756461
1221,368.1072124,368.1069487,368.1068105,1.25,0.5625,C16 H20 O9 13C1,17.0,20.0,9.0,0.0,0.0,1.0,0.0,0.0,0.0,lignin,0.8918273028810111
1222,368.099103,368.0988392,368.0987047,1.1875,0.5625,C16 H19 O9 N1,16.0,19.0,9.0,0.0,1.0,0.0,0.0,0.0,0.0625,lignin,0.8451502367810221
1223,368.0705429,368.0702792,368.070425,1.066666667,0.666666667,C15 H16 O10 13C1,16.0,16.0,10.0,0.0,0.0,1.0,0.0,0.0,0.0,tannin,0.5384688998705429
1224,368.0624558,368.0621921,368.0623192,1.0,0.666666667,C15 H15 O10 N1,15.0,15.0,10.0,0.0,1.0,0.0,0.0,0.0,0.06666666666666667,lignin,0.5411571861831117
1225,367.2435648,367.2433021,367.2431245,1.142857143,0.0,C28 H32,28.0,32.0,0.0,0.0,0.0,0.0,0.0,0.0,0.0,lignin,0.6246199305415632
1226,367.2313639,367.2311013,367.2312397,1.714285714,0.142857143,C21 H36 O3 S1,21.0,36.0,3.0,1.0,0.0,0.0,0.0,0.0,0.0,lipid,0.8888803187805768
1227,367.2129291,367.2126665,367.2126122,1.6,0.3,C20 H32 O6,20.0,32.0,6.0,0.0,0.0,0.0,0.0,0.0,0.0,lipid,0.8879386577473328
1228,367.1765285,367.1762659,367.1762267,1.473684211,0.368421053,C19 H28 O7,19.0,28.0,7.0,0.0,0.0,0.0,0.0,0.0,0.0,lignin,0.7051830624225264
1229,367.1400043,367.1397417,367.1398412,1.333333333,0.444444444,C18 H24 O8,18.0,24.0,8.0,0.0,0.0,0.0,0.0,0.0,0.0,lignin,0.8356017707481657
1230,367.1150588,367.1147962,367.1146891,1.25,0.5,C16 H20 O8 N2,16.0,20.0,8.0,0.0,2.0,0.0,0.0,0.0,0.125,peptide,0.5968320143572055
1231,367.1038419,367.1035793,367.1034557,1.176470588,0.529411765,C17 H20 O9,17.0,20.0,9.0,0.0,0.0,0.0,0.0,0.0,0.0,lignin,0.8404865065150892
1232,367.082629,367.0823665,367.0823263,0.8,0.35,C20 H16 O7,20.0,16.0,7.0,0.0,0.0,0.0,0.0,0.0,0.0,tannin,0.8891720213305885
1233,367.078568,367.0783056,367.0783036,1.066666667,0.6,C15 H16 O9 N2,15.0,16.0,9.0,0.0,2.0,0.0,0.0,0.0,0.13333333333333333,peptide,0.66821951013858
1234,367.0672367,367.0669743,367.0670702,1.0,0.625,C16 H16 O10,16.0,16.0,10.0,0.0,0.0,0.0,0.0,0.0,0.0,tannin,0.7149311823157929
1235,367.0460838,367.0458214,367.0459408,0.631578947,0.421052632,C19 H12 O8,19.0,12.0,8.0,0.0,0.0,0.0,0.0,0.0,0.0,tannin,0.8832019529438492
1236,367.0309696,367.0307071,367.0306847,0.8,0.733333333,C15 H12 O11,15.0,12.0,11.0,0.0,0.0,0.0,0.0,0.0,0.0,tannin,0.8869355359903219
1237,367.0285729,367.0283105,367.0281827,0.631578947,0.315789474,C19 H12 O6 S1,19.0,12.0,6.0,1.0,0.0,0.0,0.0,0.0,0.0,tannin,0.6880766185176693
1238,366.2499348,366.2496733,366.249726,2.176470588,0.411764706,C17 H37 O7 N1,17.0,37.0,7.0,0.0,1.0,0.0,0.0,0.0,0.058823529411764705,lipid,0.900671329033405
1239,366.1641017,366.1638403,366.1639315,1.444444444,0.388888889,C18 H26 O7 13C1,19.0,26.0,7.0,0.0,0.0,1.0,0.0,0.0,0.0,lignin,0.8329453447100488
1240,366.1278142,366.1275529,366.127546,1.294117647,0.470588235,C17 H22 O8 13C1,18.0,22.0,8.0,0.0,0.0,1.0,0.0,0.0,0.0,lignin,0.8370481707535029
1241,366.1197848,366.1195235,366.1194401,1.235294118,0.470588235,C17 H21 O8 N1,17.0,21.0,8.0,0.0,1.0,0.0,0.0,0.0,0.058823529411764705,lignin,0.8393465131589231
1242,366.0915011,366.0912398,366.0911605,1.125,0.5625,C16 H18 O9 13C1,17.0,18.0,9.0,0.0,0.0,1.0,0.0,0.0,0.0,lignin,0.9211925866681876
1243,366.0833305,366.0830693,366.0830546,1.0625,0.5625,C16 H17 O9 N1,16.0,17.0,9.0,0.0,1.0,0.0,0.0,0.0,0.0625,lignin,0.8012531059768211
1244,366.0549138,366.0546526,366.0547749,0.933333333,0.666666667,C15 H14 O10 13C1,16.0,14.0,10.0,0.0,0.0,1.0,0.0,0.0,0.0,tannin,0.885758639618804
1245,366.0468818,366.0466206,366.0466691,0.866666667,0.666666667,C15 H13 O10 N1,15.0,13.0,10.0,0.0,1.0,0.0,0.0,0.0,0.06666666666666667,tannin,0.8957679218179926
1246,365.1973101,365.19705,365.1969622,1.5,0.3,C20 H30 O6,20.0,30.0,6.0,0.0,0.0,0.0,0.0,0.0,0.0,lipid,0.8988833019797393
1247,365.1607189,365.1604588,365.1605766,1.368421053,0.368421053,C19 H26 O7,19.0,26.0,7.0,0.0,0.0,0.0,0.0,0.0,0.0,lignin,0.8337981667391554
1248,365.1245521,365.124292,365.1241911,1.222222222,0.444444444,C18 H22 O8,18.0,22.0,8.0,0.0,0.0,0.0,0.0,0.0,0.0,lignin,0.8383631886455438
1249,365.0993576,365.0990976,365.099039,1.125,0.5,C16 H18 O8 N2,16.0,18.0,8.0,0.0,2.0,0.0,0.0,0.0,0.125,peptide,0.580614501627128
1250,365.0880504,365.0877905,365.0878056,1.058823529,0.529411765,C17 H18 O9,17.0,18.0,9.0,0.0,0.0,0.0,0.0,0.0,0.0,lignin,0.7989984966383796
1251,365.0856248,365.0853648,365.0853037,0.857142857,0.19047619,C21 H18 O4 S1,21.0,18.0,4.0,1.0,0.0,0.0,0.0,0.0,0.0,tannin,0.6708644693742182
1252,365.0668006,365.0665406,365.0666763,0.7,0.35,C20 H14 O7,20.0,14.0,7.0,0.0,0.0,0.0,0.0,0.0,0.0,tannin,0.8480883696187901
1253,365.0628111,365.0625512,365.0626535,0.933333333,0.6,C15 H14 O9 N2,15.0,14.0,9.0,0.0,2.0,0.0,0.0,0.0,0.13333333333333333,peptide,0.7805200063034782
1254,365.0516154,365.0513555,365.0514201,0.875,0.625,C16 H14 O10,16.0,14.0,10.0,0.0,0.0,0.0,0.0,0.0,0.0,tannin,0.8893488806351136
1255,365.0492248,365.0489649,365.0489182,0.7,0.25,C20 H14 O5 S1,20.0,14.0,5.0,1.0,0.0,0.0,0.0,0.0,0.0,tannin,0.6770982436052244
1256,365.0154127,365.0151528,365.0150346,0.666666667,0.733333333,C15 H10 O11,15.0,10.0,11.0,0.0,0.0,0.0,0.0,0.0,0.0,tannin,0.8882993319728139
1257,364.1847979,364.184539,364.1846669,1.473684211,0.315789474,C19 H28 O6 13C1,20.0,28.0,6.0,0.0,0.0,1.0,0.0,0.0,0.0,lipid,0.8989043669567967
1258,364.1486198,364.148361,364.1482814,1.333333333,0.388888889,C18 H24 O7 13C1,19.0,24.0,7.0,0.0,0.0,1.0,0.0,0.0,0.0,lignin,0.8346571906617998
1259,364.1121417,364.1118829,364.1118959,1.176470588,0.470588235,C17 H20 O8 13C1,18.0,20.0,8.0,0.0,0.0,1.0,0.0,0.0,0.0,lignin,0.8381771370223309
1260,364.1039325,364.1036738,364.10379,1.117647059,0.470588235,C17 H19 O8 N1,17.0,19.0,8.0,0.0,1.0,0.0,0.0,0.0,0.058823529411764705,lignin,0.8834438734212764
1261,364.0757118,364.0754531,364.0755104,1.0,0.5625,C16 H16 O9 13C1,17.0,16.0,9.0,0.0,0.0,1.0,0.0,0.0,0.0,tannin,0.7184856346802457
1262,364.0677169,364.0674582,364.0674045,0.9375,0.5625,C16 H15 O9 N1,16.0,15.0,9.0,0.0,1.0,0.0,0.0,0.0,0.0625,tannin,0.8918516731435743
1263,363.1815908,363.1813332,363.1813121,1.4,0.3,C20 H28 O6,20.0,28.0,6.0,0.0,0.0,0.0,0.0,0.0,0.0,lignin,0.8325094714093435
1264,363.1452381,363.1449805,363.1449266,1.263157895,0.368421053,C19 H24 O7,19.0,24.0,7.0,0.0,0.0,0.0,0.0,0.0,0.0,lignin,0.8356344679256787
1265,363.1120318,363.1117743,363.1119124,1.6,0.533333333,C15 H24 O8 S1,15.0,24.0,8.0,1.0,0.0,0.0,0.0,0.0,0.0,lignin,0.7703039615253509
1266,363.1086789,363.1084214,363.1085411,1.111111111,0.444444444,C18 H20 O8,18.0,20.0,8.0,0.0,0.0,0.0,0.0,0.0,0.0,lignin,0.9244800061505736
1267,363.0837504,363.0834929,363.0833889,1.0,0.5,C16 H16 O8 N2,16.0,16.0,8.0,0.0,2.0,0.0,0.0,0.0,0.125,peptide,0.7447334197552143
1268,363.0759106,363.0756531,363.0755269,1.428571429,0.642857143,C14 H20 O9 S1,14.0,20.0,9.0,1.0,0.0,0.0,0.0,0.0,0.0,lignin,0.8919566447549068
1269,363.0725514,363.072294,363.0721556,0.941176471,0.529411765,C17 H16 O9,17.0,16.0,9.0,0.0,0.0,0.0,0.0,0.0,0.0,tannin,0.8862348843835012
1270,363.0572428,363.0569854,363.0568994,1.230769231,0.923076923,C13 H16 O12,13.0,16.0,12.0,0.0,0.0,0.0,0.0,0.0,0.0,lignin,0.5620916311624649
1271,363.0358924,363.035635,363.0357701,0.75,0.625,C16 H12 O10,16.0,12.0,10.0,0.0,0.0,0.0,0.0,0.0,0.0,tannin,0.8921572274611455
1272,363.0334892,363.0332318,363.0332681,0.6,0.25,C20 H12 O5 S1,20.0,12.0,5.0,1.0,0.0,0.0,0.0,0.0,0.0,pah,0.5796838894949758
1273,362.1692086,362.1689523,362.1690169,1.368421053,0.315789474,C19 H26 O6 13C1,20.0,26.0,6.0,0.0,0.0,1.0,0.0,0.0,0.0,lignin,0.8331204436372474
1274,362.1328991,362.1326428,362.1326313,1.222222222,0.388888889,C18 H22 O7 13C1,19.0,22.0,7.0,0.0,0.0,1.0,0.0,0.0,0.0,lignin,0.8369959120087316
1275,362.1096671,362.1094109,362.1092693,1.5,0.714285714,C14 H21 O10 N1,14.0,21.0,10.0,0.0,1.0,0.0,0.0,0.0,0.07142857142857142,carbohydrate,0.9488693085729765
1276,362.0965685,362.0963123,362.0962458,1.058823529,0.470588235,C17 H18 O8 13C1,18.0,18.0,8.0,0.0,0.0,1.0,0.0,0.0,0.0,lignin,0.9232541407148626
1277,362.0600183,362.0597622,362.0598603,0.875,0.5625,C16 H14 O9 13C1,17.0,14.0,9.0,0.0,0.0,1.0,0.0,0.0,0.0,tannin,0.8887760590738665
1278,362.0519312,362.051675,362.0517545,0.8125,0.5625,C16 H13 O9 N1,16.0,13.0,9.0,0.0,1.0,0.0,0.0,0.0,0.0625,tannin,0.895990457340865
1279,361.2022046,361.2019494,361.2020475,1.428571429,0.238095238,C21 H30 O5,21.0,30.0,5.0,0.0,0.0,0.0,0.0,0.0,0.0,lipid,0.8991594035646813
1280,361.1659761,361.165721,361.165662,1.3,0.3,C20 H26 O6,20.0,26.0,6.0,0.0,0.0,0.0,0.0,0.0,0.0,lignin,0.8337416936517474
1281,361.1295521,361.1292971,361.1292765,1.157894737,0.368421053,C19 H22 O7,19.0,22.0,7.0,0.0,0.0,0.0,0.0,0.0,0.0,lignin,0.8361584277190202
1282,361.1141331,361.1138781,361.1140204,1.466666667,0.666666667,C15 H22 O10,15.0,22.0,10.0,0.0,0.0,0.0,0.0,0.0,0.0,lignin,0.727121341676532
1283,361.1060554,361.1058004,361.1056452,0.692307692,0.0,C26 H18 S1,26.0,18.0,0.0,1.0,0.0,0.0,0.0,0.0,0.0,pah,0.944657854673603
1284,361.1042183,361.1039633,361.1041244,1.058823529,0.411764706,C17 H18 O7 N2,17.0,18.0,7.0,0.0,2.0,0.0,0.0,0.0,0.11764705882352941,peptide,0.7419733205512931
1285,361.096406,361.0961511,361.0962623,1.466666667,0.533333333,C15 H22 O8 S1,15.0,22.0,8.0,1.0,0.0,0.0,0.0,0.0,0.0,lignin,0.8617302558400242
1286,361.0930641,361.0928091,361.092891,1.0,0.444444444,C18 H18 O8,18.0,18.0,8.0,0.0,0.0,0.0,0.0,0.0,0.0,lignin,0.7997275990059256
1287,361.0906699,361.0904149,361.0903891,0.818181818,0.136363636,C22 H18 O3 S1,22.0,18.0,3.0,1.0,0.0,0.0,0.0,0.0,0.0,pah,0.8385149258274653
1288,361.0779955,361.0777405,361.0776349,1.285714286,0.785714286,C14 H18 O11,14.0,18.0,11.0,0.0,0.0,0.0,0.0,0.0,0.0,lignin,0.9022890218302425
1289,361.0602518,361.0599969,361.0598768,1.285714286,0.642857143,C14 H18 O9 S1,14.0,18.0,9.0,1.0,0.0,0.0,0.0,0.0,0.0,lignin,0.9368792747350903
1290,361.0568656,361.0566107,361.0565055,0.823529412,0.529411765,C17 H14 O9,17.0,14.0,9.0,0.0,0.0,0.0,0.0,0.0,0.0,tannin,0.8906032986819842
1291,361.0414615,361.0412066,361.0412494,1.076923077,0.923076923,C13 H14 O12,13.0,14.0,12.0,0.0,0.0,0.0,0.0,0.0,0.0,lignin,0.5139612992926589
1292,361.0202356,361.0199807,361.02012,0.625,0.625,C16 H10 O10,16.0,10.0,10.0,0.0,0.0,0.0,0.0,0.0,0.0,tannin,0.8950742156957221
1293,361.0178398,361.017585,361.0176181,0.5,0.25,C20 H10 O5 S1,20.0,10.0,5.0,1.0,0.0,0.0,0.0,0.0,0.0,pah,0.9427203376834943
1294,360.1534895,360.1532357,360.1533668,1.263157895,0.315789474,C19 H24 O6 13C1,20.0,24.0,6.0,0.0,0.0,1.0,0.0,0.0,0.0,lignin,0.8345463118716229
1295,360.1173483,360.1170945,360.1169813,1.111111111,0.388888889,C18 H20 O7 13C1,19.0,20.0,7.0,0.0,0.0,1.0,0.0,0.0,0.0,lignin,0.9260685236304826
1296,360.0939001,360.0936463,360.0936193,1.357142857,0.714285714,C14 H19 O10 N1,14.0,19.0,10.0,0.0,1.0,0.0,0.0,0.0,0.07142857142857142,carbohydrate,0.9543158375303914
1297,360.0807005,360.0804468,360.0805958,0.941176471,0.470588235,C17 H16 O8 13C1,18.0,16.0,8.0,0.0,0.0,1.0,0.0,0.0,0.0,tannin,0.8853816780091762
1298,360.072578,360.0723243,360.0724899,0.882352941,0.470588235,C17 H15 O8 N1,17.0,15.0,8.0,0.0,1.0,0.0,0.0,0.0,0.058823529411764705,tannin,0.8915236776498912
1299,360.0654248,360.0651711,360.0653396,1.230769231,0.846153846,C13 H16 O11 13C1,14.0,16.0,11.0,0.0,0.0,1.0,0.0,0.0,0.0,lignin,0.865709191476714
1300,359.1867618,359.1865092,359.1863975,1.333333333,0.238095238,C21 H28 O5,21.0,28.0,5.0,0.0,0.0,0.0,0.0,0.0,0.0,lignin,0.8325827229365658
1301,359.1715075,359.1712549,359.1711413,1.647058824,0.470588235,C17 H28 O8,17.0,28.0,8.0,0.0,0.0,0.0,0.0,0.0,0.0,lipid,0.911171155140377
1302,359.1502178,359.1499653,359.150012,1.2,0.3,C20 H24 O6,20.0,24.0,6.0,0.0,0.0,0.0,0.0,0.0,0.0,lignin,0.8355864217761433
1303,359.1348876,359.1346351,359.1347558,1.5,0.5625,C16 H24 O9,16.0,24.0,9.0,0.0,0.0,0.0,0.0,0.0,0.0,lignin,0.8610221949516811
1304,359.1171865,359.116934,359.1169978,1.5,0.4375,C16 H24 O7 S1,16.0,24.0,7.0,1.0,0.0,0.0,0.0,0.0,0.0,lignin,0.826658791362721
1305,359.1138564,359.1136039,359.1136264,1.052631579,0.368421053,C19 H20 O7,19.0,20.0,7.0,0.0,0.0,0.0,0.0,0.0,0.0,lignin,0.9241931596496284
1306,359.098708,359.0984556,359.0983703,1.333333333,0.666666667,C15 H20 O10,15.0,20.0,10.0,0.0,0.0,0.0,0.0,0.0,0.0,lignin,0.8927516930537751
1307,359.080979,359.0807265,359.0806122,1.333333333,0.533333333,C15 H20 O8 S1,15.0,20.0,8.0,1.0,0.0,0.0,0.0,0.0,0.0,lignin,0.8375261257168185
1308,359.0775887,359.0773362,359.0772409,0.888888889,0.444444444,C18 H16 O8,18.0,16.0,8.0,0.0,0.0,0.0,0.0,0.0,0.0,tannin,0.8855841935154203
1309,359.062228,359.0619756,359.0619848,1.142857143,0.785714286,C14 H16 O11,14.0,16.0,11.0,0.0,0.0,0.0,0.0,0.0,0.0,lignin,0.8713769566273971
1310,359.0409662,359.0407138,359.0408554,0.705882353,0.529411765,C17 H12 O9,17.0,12.0,9.0,0.0,0.0,0.0,0.0,0.0,0.0,tannin,0.8921435345976952
1311,359.0385762,359.0383238,359.0383535,0.571428571,0.19047619,C21 H12 O4 S1,21.0,12.0,4.0,1.0,0.0,0.0,0.0,0.0,0.0,pah,0.9430296135708434
1312,359.0258115,359.0255591,359.0255993,0.923076923,0.923076923,C13 H12 O12,13.0,12.0,12.0,0.0,0.0,0.0,0.0,0.0,0.0,lignin,0.4697401201153507
1313,358.1226093,358.122358,358.1224606,1.466666667,0.6,C15 H22 O9 13C1,16.0,22.0,9.0,0.0,0.0,1.0,0.0,0.0,0.0,lignin,0.8920687337041704
1314,358.1145122,358.1142609,358.1143547,1.4,0.6,C15 H21 O9 N1,15.0,21.0,9.0,0.0,1.0,0.0,0.0,0.0,0.06666666666666667,lipid,0.6373158496818758
1315,358.0863981,358.0861469,358.0860751,1.285714286,0.714285714,C14 H18 O10 13C1,15.0,18.0,10.0,0.0,0.0,1.0,0.0,0.0,0.0,lignin,0.9367365103719767
1316,358.0783244,358.0780732,358.0779692,1.214285714,0.714285714,C14 H17 O10 N1,14.0,17.0,10.0,0.0,1.0,0.0,0.0,0.0,0.07142857142857142,carbohydrate,0.506697480082783
1317,358.0499496,358.0496984,358.0496896,1.076923077,0.846153846,C13 H14 O11 13C1,14.0,14.0,11.0,0.0,0.0,1.0,0.0,0.0,0.0,lignin,0.5150527798436108
1318,357.1920069,357.1917568,357.1918768,1.666666667,0.388888889,C18 H30 O7,18.0,30.0,7.0,0.0,0.0,0.0,0.0,0.0,0.0,lipid,0.8870856076941287
1319,357.1709239,357.1706738,357.1707474,1.238095238,0.238095238,C21 H26 O5,21.0,26.0,5.0,0.0,0.0,0.0,0.0,0.0,0.0,lignin,0.8339133382080854
1320,357.1558417,357.1555916,357.1554913,1.529411765,0.470588235,C17 H26 O8,17.0,26.0,8.0,0.0,0.0,0.0,0.0,0.0,0.0,lignin,0.8265938027476514
1321,357.1346983,357.1344482,357.1343619,1.1,0.3,C20 H22 O6,20.0,22.0,6.0,0.0,0.0,0.0,0.0,0.0,0.0,lignin,0.9270961699149929
1322,357.1192768,357.1190268,357.1191058,1.375,0.5625,C16 H22 O9,16.0,22.0,9.0,0.0,0.0,0.0,0.0,0.0,0.0,lignin,0.8689680844681595
1323,357.1014524,357.1012024,357.1013477,1.375,0.4375,C16 H22 O7 S1,16.0,22.0,7.0,1.0,0.0,0.0,0.0,0.0,0.0,lignin,0.834696160673723
1324,357.0980954,357.0978454,357.0979764,0.947368421,0.368421053,C19 H18 O7,19.0,18.0,7.0,0.0,0.0,0.0,0.0,0.0,0.0,tannin,0.8829069074112894
1325,357.0829876,357.0827377,357.0827202,1.2,0.666666667,C15 H18 O10,15.0,18.0,10.0,0.0,0.0,0.0,0.0,0.0,0.0,lignin,0.9346222680973405
1326,357.0653414,357.0650915,357.0649622,1.2,0.533333333,C15 H18 O8 S1,15.0,18.0,8.0,1.0,0.0,0.0,0.0,0.0,0.0,lignin,0.8421925036864257
1327,357.06195,357.0617,357.0615909,0.777777778,0.444444444,C18 H14 O8,18.0,14.0,8.0,0.0,0.0,0.0,0.0,0.0,0.0,tannin,0.889695562991165
1328,357.0466387,357.0463888,357.0463347,1.0,0.785714286,C14 H14 O11,14.0,14.0,11.0,0.0,0.0,0.0,0.0,0.0,0.0,tannin,0.7187612826936334
1329,357.0253365,357.0250866,357.0252054,0.588235294,0.529411765,C17 H10 O9,17.0,10.0,9.0,0.0,0.0,0.0,0.0,0.0,0.0,tannin,0.8945280966372529
1330,357.022918,357.0226681,357.0227034,0.476190476,0.19047619,C21 H10 O4 S1,21.0,10.0,4.0,1.0,0.0,0.0,0.0,0.0,0.0,pah,0.9427618124661657
1331,356.143563,356.1433142,356.143196,1.5,0.5,C16 H24 O8 13C1,17.0,24.0,8.0,0.0,0.0,1.0,0.0,0.0,0.0,lignin,0.8273653065013118
1332,356.1069192,356.1066705,356.1068105,1.333333333,0.6,C15 H20 O9 13C1,16.0,20.0,9.0,0.0,0.0,1.0,0.0,0.0,0.0,lignin,0.8989794111211274
1333,356.0988216,356.0985729,356.0987047,1.266666667,0.6,C15 H19 O9 N1,15.0,19.0,9.0,0.0,1.0,0.0,0.0,0.0,0.06666666666666667,lignin,0.7765356844499485
1334,356.0707696,356.0705209,356.070425,1.142857143,0.714285714,C14 H16 O10 13C1,15.0,16.0,10.0,0.0,0.0,1.0,0.0,0.0,0.0,lignin,0.813279368650133
1335,356.0626967,356.062448,356.0623192,1.071428571,0.714285714,C14 H15 O10 N1,14.0,15.0,10.0,0.0,1.0,0.0,0.0,0.0,0.07142857142857142,lignin,0.4345413779889603
1336,355.1962888,355.1960412,355.1961293,2.125,0.375,C16 H34 O6 34S1,16.0,34.0,6.0,0.0,0.0,0.0,1.0,0.0,0.0,lipid,0.8955564970908574
1337,355.1763926,355.176145,355.1762267,1.555555556,0.388888889,C18 H28 O7,18.0,28.0,7.0,0.0,0.0,0.0,0.0,0.0,0.0,lipid,0.8874412228509632
1338,355.1401999,355.1399523,355.1398412,1.411764706,0.470588235,C17 H24 O8,17.0,24.0,8.0,0.0,0.0,0.0,0.0,0.0,0.0,lignin,0.8345930226308214
1339,355.1188455,355.118598,355.1187118,1.0,0.3,C20 H20 O6,20.0,20.0,6.0,0.0,0.0,0.0,0.0,0.0,0.0,lignin,0.9237350782304986
1340,355.1035555,355.103308,355.1034557,1.25,0.5625,C16 H20 O9,16.0,20.0,9.0,0.0,0.0,0.0,0.0,0.0,0.0,lignin,0.8918273028810111
1341,355.0826409,355.0823934,355.0823263,0.842105263,0.368421053,C19 H16 O7,19.0,16.0,7.0,0.0,0.0,0.0,0.0,0.0,0.0,tannin,0.8852441316062967
1342,355.0674449,355.0671975,355.0670702,1.066666667,0.666666667,C15 H16 O10,15.0,16.0,10.0,0.0,0.0,0.0,0.0,0.0,0.0,tannin,0.5384688998705429
1343,355.046161,355.0459135,355.0459408,0.666666667,0.444444444,C18 H12 O8,18.0,12.0,8.0,0.0,0.0,0.0,0.0,0.0,0.0,tannin,0.8917474833399839
1344,355.0307882,355.0305408,355.0306847,0.857142857,0.785714286,C14 H12 O11,14.0,12.0,11.0,0.0,0.0,0.0,0.0,0.0,0.0,tannin,0.8862498318473137
1345,354.2191066,354.2188602,354.2189444,1.789473684,0.157894737,C19 H34 O3 S1 13C1,20.0,34.0,3.0,1.0,0.0,1.0,0.0,0.0,0.0,lipid,0.8881328074740431
1346,354.2191066,354.2188602,354.2187007,1.380952381,0.095238095,C21 H29 O2 N3,21.0,29.0,2.0,0.0,3.0,0.0,0.0,0.0,0.14285714285714285,peptide,0.8369097216555316
1347,354.2038225,354.2035762,354.2036883,2.266666667,0.4,C15 H34 O6 S1 13C1,16.0,34.0,6.0,1.0,0.0,1.0,0.0,0.0,0.0,lipid,0.8953813427494071
1348,354.2038225,354.2035762,354.2034445,1.705882353,0.294117647,C17 H29 O5 N3,17.0,29.0,5.0,0.0,3.0,0.0,0.0,0.0,0.17647058823529413,peptide,0.8624612232534465
1349,354.1642916,354.1640453,354.1639315,1.529411765,0.411764706,C17 H26 O7 13C1,18.0,26.0,7.0,0.0,0.0,1.0,0.0,0.0,0.0,lignin,0.5644410084860741
1350,354.1276542,354.1274079,354.127546,1.375,0.5,C16 H22 O8 13C1,17.0,22.0,8.0,0.0,0.0,1.0,0.0,0.0,0.0,lignin,0.8357920129054219
1351,354.1195444,354.1192981,354.1194401,1.3125,0.5,C16 H21 O8 N1,16.0,21.0,8.0,0.0,1.0,0.0,0.0,0.0,0.0625,lignin,0.8376569333666529
1352,354.0915109,354.0912646,354.0911605,1.2,0.6,C15 H18 O9 13C1,16.0,18.0,9.0,0.0,0.0,1.0,0.0,0.0,0.0,lignin,0.9059390441440254
1353,354.0834258,354.0831796,354.0830546,1.133333333,0.6,C15 H17 O9 N1,15.0,17.0,9.0,0.0,1.0,0.0,0.0,0.0,0.06666666666666667,lignin,0.8890938320861721
1354,354.0549174,354.0546713,354.0547749,1.0,0.714285714,C14 H14 O10 13C1,15.0,14.0,10.0,0.0,0.0,1.0,0.0,0.0,0.0,tannin,0.718794579387262
1355,354.0467773,354.0465311,354.0466691,0.928571429,0.714285714,C14 H13 O10 N1,14.0,13.0,10.0,0.0,1.0,0.0,0.0,0.0,0.07142857142857142,tannin,0.7842745983266344
1356,353.2157709,353.2155258,353.2155896,1.7,0.15,C20 H34 O3 S1,20.0,34.0,3.0,1.0,0.0,0.0,0.0,0.0,0.0,lipid,0.8888963100116485
1357,353.2006482,353.2004031,353.2003335,2.125,0.375,C16 H34 O6 S1,16.0,34.0,6.0,1.0,0.0,0.0,0.0,0.0,0.0,lipid,0.8955564970908574
1358,353.1972817,353.1970365,353.1969622,1.578947368,0.315789474,C19 H30 O6,19.0,30.0,6.0,0.0,0.0,0.0,0.0,0.0,0.0,lipid,0.887918011836413
1359,353.1607848,353.1605397,353.1605766,1.444444444,0.388888889,C18 H26 O7,18.0,26.0,7.0,0.0,0.0,0.0,0.0,0.0,0.0,lignin,0.8329453447100488
1360,353.1244407,353.1241957,353.1241911,1.294117647,0.470588235,C17 H22 O8,17.0,22.0,8.0,0.0,0.0,0.0,0.0,0.0,0.0,lignin,0.8370481707535029
1361,353.1034212,353.1031762,353.1030618,0.9,0.3,C20 H18 O6,20.0,18.0,6.0,0.0,0.0,0.0,0.0,0.0,0.0,tannin,0.8831092627421038
1362,353.0994012,353.0991562,353.099039,1.2,0.533333333,C15 H18 O8 N2,15.0,18.0,8.0,0.0,2.0,0.0,0.0,0.0,0.13333333333333333,peptide,0.6422007016488308
1363,353.0881048,353.0878598,353.0878056,1.125,0.5625,C16 H18 O9,16.0,18.0,9.0,0.0,0.0,0.0,0.0,0.0,0.0,lignin,0.9211925866681876
1364,353.0667738,353.0665289,353.0666763,0.736842105,0.368421053,C19 H14 O7,19.0,14.0,7.0,0.0,0.0,0.0,0.0,0.0,0.0,tannin,0.8847553646849132
1365,353.062761,353.062516,353.0626535,1.0,0.642857143,C14 H14 O9 N2,14.0,14.0,9.0,0.0,2.0,0.0,0.0,0.0,0.14285714285714285,peptide,0.7657907086727084
1366,353.0516019,353.0513569,353.0514201,0.933333333,0.666666667,C15 H14 O10,15.0,14.0,10.0,0.0,0.0,0.0,0.0,0.0,0.0,tannin,0.885758639618804
1367,353.0153589,353.015114,353.0150346,0.714285714,0.785714286,C14 H10 O11,14.0,10.0,11.0,0.0,0.0,0.0,0.0,0.0,0.0,tannin,0.8874739377886289
1368,353.0129219,353.012677,353.0125327,0.555555556,0.333333333,C18 H10 O6 S1,18.0,10.0,6.0,1.0,0.0,0.0,0.0,0.0,0.0,tannin,0.6779055294213739
1369,352.1881812,352.1879373,352.1880382,2.133333333,0.4,C15 H32 O6 S1 13C1,16.0,32.0,6.0,1.0,0.0,1.0,0.0,0.0,0.0,lipid,0.8953193825493141
1370,352.1881812,352.1879373,352.1877944,1.588235294,0.294117647,C17 H27 O5 N3,17.0,27.0,5.0,0.0,3.0,0.0,0.0,0.0,0.17647058823529413,peptide,0.8645380822242567
1371,352.184807,352.1845631,352.1846669,1.555555556,0.333333333,C18 H28 O6 13C1,19.0,28.0,6.0,0.0,0.0,1.0,0.0,0.0,0.0,lipid,0.887841149763051
1372,352.148603,352.1483592,352.1482814,1.411764706,0.411764706,C17 H24 O7 13C1,18.0,24.0,7.0,0.0,0.0,1.0,0.0,0.0,0.0,lignin,0.8337243166814716
1373,352.1120724,352.1118287,352.1118959,1.25,0.5,C16 H20 O8 13C1,17.0,20.0,8.0,0.0,0.0,1.0,0.0,0.0,0.0,lignin,0.8390726626231947
1374,352.1039069,352.1036632,352.10379,1.1875,0.5,C16 H19 O8 N1,16.0,19.0,8.0,0.0,1.0,0.0,0.0,0.0,0.0625,lignin,0.8423077576239765
1375,352.07581,352.0755663,352.0755104,1.066666667,0.6,C15 H16 O9 13C1,16.0,16.0,9.0,0.0,0.0,1.0,0.0,0.0,0.0,lignin,0.7998495313383561
1376,352.0677612,352.0675174,352.0674045,1.0,0.6,C15 H15 O9 N1,15.0,15.0,9.0,0.0,1.0,0.0,0.0,0.0,0.06666666666666667,tannin,0.7236752106731974
1377,351.2178437,351.217601,351.2176976,1.6,0.25,C20 H32 O5,20.0,32.0,5.0,0.0,0.0,0.0,0.0,0.0,0.0,lipid,0.8884135794682871
1378,351.1849997,351.1847571,351.1846834,2.0,0.375,C16 H32 O6 S1,16.0,32.0,6.0,1.0,0.0,0.0,0.0,0.0,0.0,lipid,0.8962749012232921
1379,351.1816389,351.1813963,351.1813121,1.473684211,0.315789474,C19 H28 O6,19.0,28.0,6.0,0.0,0.0,0.0,0.0,0.0,0.0,lipid,0.8989043669567967
1380,351.1450556,351.144813,351.1449266,1.333333333,0.388888889,C18 H24 O7,18.0,24.0,7.0,0.0,0.0,0.0,0.0,0.0,0.0,lignin,0.8346571906617998
1381,351.1199593,351.1197167,351.1197745,1.25,0.4375,C16 H20 O7 N2,16.0,20.0,7.0,0.0,2.0,0.0,0.0,0.0,0.125,lipid,0.6156091611064085
1382,351.1088852,351.1086427,351.1085411,1.176470588,0.470588235,C17 H20 O8,17.0,20.0,8.0,0.0,0.0,0.0,0.0,0.0,0.0,lignin,0.8381771370223309
1383,351.0836965,351.083454,351.0833889,1.066666667,0.533333333,C15 H16 O8 N2,15.0,16.0,8.0,0.0,2.0,0.0,0.0,0.0,0.13333333333333333,peptide,0.7376100158687959
1384,351.0723141,351.0720716,351.0721556,1.0,0.5625,C16 H16 O9,16.0,16.0,9.0,0.0,0.0,0.0,0.0,0.0,0.0,tannin,0.7184856346802457
1385,351.0698742,351.0696318,351.0696536,0.8,0.2,C20 H16 O4 S1,20.0,16.0,4.0,1.0,0.0,0.0,0.0,0.0,0.0,tannin,0.6789543232023016
1386,351.0511392,351.0508967,351.0510262,0.631578947,0.368421053,C19 H12 O7,19.0,12.0,7.0,0.0,0.0,0.0,0.0,0.0,0.0,tannin,0.7427480066413857
1387,351.0360634,351.0358209,351.0357701,0.8,0.666666667,C15 H12 O10,15.0,12.0,10.0,0.0,0.0,0.0,0.0,0.0,0.0,tannin,0.8850477108536452
1388,351.0336755,351.0334331,351.0332681,0.631578947,0.263157895,C19 H12 O5 S1,19.0,12.0,5.0,1.0,0.0,0.0,0.0,0.0,0.0,tannin,0.6014033633594968
1389,350.1692188,350.1689774,350.1690169,1.444444444,0.333333333,C18 H26 O6 13C1,19.0,26.0,6.0,0.0,0.0,1.0,0.0,0.0,0.0,lignin,0.7051367445582484
1390,350.1329433,350.132702,350.1326313,1.294117647,0.411764706,C17 H22 O7 13C1,18.0,22.0,7.0,0.0,0.0,1.0,0.0,0.0,0.0,lignin,0.835809388057631
1391,350.1246952,350.1244539,350.1245255,1.235294118,0.411764706,C17 H21 O7 N1,17.0,21.0,7.0,0.0,1.0,0.0,0.0,0.0,0.058823529411764705,lignin,0.8378246472742088
1392,350.0964011,350.0961598,350.0962458,1.125,0.5,C16 H18 O8 13C1,17.0,18.0,8.0,0.0,0.0,1.0,0.0,0.0,0.0,lignin,0.9210037118104808
1393,350.0883966,350.0881553,350.08814,1.0625,0.5,C16 H17 O8 N1,16.0,17.0,8.0,0.0,1.0,0.0,0.0,0.0,0.0625,lignin,0.9262824018522056
1394,350.0601675,350.0599263,350.0598603,0.933333333,0.6,C15 H14 O9 13C1,16.0,14.0,9.0,0.0,0.0,1.0,0.0,0.0,0.0,tannin,0.8881254643977685
1395,350.0520433,350.0518021,350.0517545,0.866666667,0.6,C15 H13 O9 N1,15.0,13.0,9.0,0.0,1.0,0.0,0.0,0.0,0.06666666666666667,tannin,0.895234223536065
1396,349.2023889,349.2021487,349.2020475,1.5,0.25,C20 H30 O5,20.0,30.0,5.0,0.0,0.0,0.0,0.0,0.0,0.0,lipid,0.8990755587185465
1397,349.165768,349.1655279,349.165662,1.368421053,0.315789474,C19 H26 O6,19.0,26.0,6.0,0.0,0.0,0.0,0.0,0.0,0.0,lignin,0.8331204436372474
1398,349.1296366,349.1293965,349.1292765,1.222222222,0.388888889,C18 H22 O7,18.0,22.0,7.0,0.0,0.0,0.0,0.0,0.0,0.0,lignin,0.8369959120087316
1399,349.1043432,349.1041032,349.1041244,1.125,0.4375,C16 H18 O7 N2,16.0,18.0,7.0,0.0,2.0,0.0,0.0,0.0,0.125,peptide,0.6523804534407931
1400,349.0963969,349.0961568,349.0962623,1.571428571,0.571428571,C14 H22 O8 S1,14.0,22.0,8.0,1.0,0.0,0.0,0.0,0.0,0.0,lignin,0.7271302743693546
1401,349.0930162,349.0927762,349.092891,1.058823529,0.470588235,C17 H18 O8,17.0,18.0,8.0,0.0,0.0,0.0,0.0,0.0,0.0,lignin,0.9232541407148626
1402,349.0905994,349.0903594,349.0903891,0.857142857,0.142857143,C21 H18 O3 S1,21.0,18.0,3.0,1.0,0.0,0.0,0.0,0.0,0.0,tannin,0.4466678151245416
1403,349.0679497,349.0677097,349.0677389,0.933333333,0.533333333,C15 H14 O8 N2,15.0,14.0,8.0,0.0,2.0,0.0,0.0,0.0,0.13333333333333333,peptide,0.7981063342299936
1404,349.056846,349.056606,349.0565055,0.875,0.5625,C16 H14 O9,16.0,14.0,9.0,0.0,0.0,0.0,0.0,0.0,0.0,tannin,0.8887760590738665
1405,349.0202877,349.0200477,349.02012,0.666666667,0.666666667,C15 H10 O10,15.0,10.0,10.0,0.0,0.0,0.0,0.0,0.0,0.0,tannin,0.8875171320512413
1406,349.0178647,349.0176248,349.0176181,0.526315789,0.263157895,C19 H10 O5 S1,19.0,10.0,5.0,1.0,0.0,0.0,0.0,0.0,0.0,pah,0.942765440678415
1407,348.1534863,348.1532474,348.1533668,1.333333333,0.333333333,C18 H24 O6 13C1,19.0,24.0,6.0,0.0,0.0,1.0,0.0,0.0,0.0,lignin,0.8338729306890442
1408,348.1173185,348.1170796,348.1169813,1.176470588,0.411764706,C17 H20 O7 13C1,18.0,20.0,7.0,0.0,0.0,1.0,0.0,0.0,0.0,lignin,0.8363898939348801
1409,348.0938996,348.0936608,348.0936193,1.461538462,0.769230769,C13 H19 O10 N1,13.0,19.0,10.0,0.0,1.0,0.0,0.0,0.0,0.07692307692307693,carbohydrate,0.9480281107948256
1410,348.0807618,348.080523,348.0805958,1.0,0.5,C16 H16 O8 13C1,17.0,16.0,8.0,0.0,0.0,1.0,0.0,0.0,0.0,tannin,0.5343542876145502
1411,348.0726149,348.0723761,348.0724899,0.9375,0.5,C16 H15 O8 N1,16.0,15.0,8.0,0.0,1.0,0.0,0.0,0.0,0.0625,tannin,0.8900569861896116
1412,347.1867454,347.1865077,347.1863975,1.4,0.25,C20 H28 O5,20.0,28.0,5.0,0.0,0.0,0.0,0.0,0.0,0.0,lipid,0.7445036516428389
1413,347.1501347,347.149897,347.150012,1.263157895,0.315789474,C19 H24 O6,19.0,24.0,6.0,0.0,0.0,0.0,0.0,0.0,0.0,lignin,0.8345463118716229
1414,347.1349093,347.1346717,347.1347558,1.6,0.6,C15 H24 O9,15.0,24.0,9.0,0.0,0.0,0.0,0.0,0.0,0.0,carbohydrate,0.7593447505757736
1415,347.1172899,347.1170523,347.1169978,1.6,0.466666667,C15 H24 O7 S1,15.0,24.0,7.0,1.0,0.0,0.0,0.0,0.0,0.0,lipid,0.8869126513236528
1416,347.1139506,347.113713,347.1136264,1.111111111,0.388888889,C18 H20 O7,18.0,20.0,7.0,0.0,0.0,0.0,0.0,0.0,0.0,lignin,0.9260685236304826
1417,347.0987215,347.0984839,347.0983703,1.428571429,0.714285714,C14 H20 O10,14.0,20.0,10.0,0.0,0.0,0.0,0.0,0.0,0.0,lignin,0.7270515418893693
1418,347.088758,347.0885204,347.0884743,1.0,0.4375,C16 H16 O7 N2,16.0,16.0,7.0,0.0,2.0,0.0,0.0,0.0,0.125,peptide,0.7953955826450866
1419,347.0807861,347.0805485,347.0806122,1.428571429,0.571428571,C14 H20 O8 S1,14.0,20.0,8.0,1.0,0.0,0.0,0.0,0.0,0.0,lignin,0.8618200331133318
1420,347.0773811,347.0771436,347.0772409,0.941176471,0.470588235,C17 H16 O8,17.0,16.0,8.0,0.0,0.0,0.0,0.0,0.0,0.0,tannin,0.8853816780091762
1421,347.0749236,347.074686,347.074739,0.761904762,0.142857143,C21 H16 O3 S1,21.0,16.0,3.0,1.0,0.0,0.0,0.0,0.0,0.0,pah,0.9443461768307954
1422,347.0620814,347.0618439,347.0619848,1.230769231,0.846153846,C13 H16 O11,13.0,16.0,11.0,0.0,0.0,0.0,0.0,0.0,0.0,lignin,0.865709191476714
1423,347.0411728,347.0409353,347.0408554,0.75,0.5625,C16 H12 O9,16.0,12.0,9.0,0.0,0.0,0.0,0.0,0.0,0.0,tannin,0.892419795980868
1424,346.1378379,346.1376015,346.1377167,1.222222222,0.333333333,C18 H22 O6 13C1,19.0,22.0,6.0,0.0,0.0,1.0,0.0,0.0,0.0,lignin,0.8362041427777758
1425,346.1147346,346.1144983,346.1143547,1.5,0.642857143,C14 H21 O9 N1,14.0,21.0,9.0,0.0,1.0,0.0,0.0,0.0,0.07142857142857142,carbohydrate,0.955514927064528
1426,346.1016787,346.1014423,346.1013312,1.058823529,0.411764706,C17 H18 O7 13C1,18.0,18.0,7.0,0.0,0.0,1.0,0.0,0.0,0.0,lignin,0.9243868824337756
1427,346.0781061,346.0778698,346.0779692,1.307692308,0.769230769,C13 H17 O10 N1,13.0,17.0,10.0,0.0,1.0,0.0,0.0,0.0,0.07692307692307693,carbohydrate,0.9543521531323247
1428,345.1708821,345.1706469,345.1707474,1.3,0.25,C20 H26 O5,20.0,26.0,5.0,0.0,0.0,0.0,0.0,0.0,0.0,lignin,0.8331806222944973
1429,345.1555962,345.155361,345.1554913,1.625,0.5,C16 H26 O8,16.0,26.0,8.0,0.0,0.0,0.0,0.0,0.0,0.0,lipid,0.9110977448828196
1430,345.1346745,345.1344394,345.1343619,1.157894737,0.315789474,C19 H22 O6,19.0,22.0,6.0,0.0,0.0,0.0,0.0,0.0,0.0,lignin,0.8345049064539636
1431,345.1194472,345.1192121,345.1191058,1.466666667,0.6,C15 H22 O9,15.0,22.0,9.0,0.0,0.0,0.0,0.0,0.0,0.0,lignin,0.8920687337041704
1432,345.1015419,345.1013068,345.1013477,1.466666667,0.466666667,C15 H22 O7 S1,15.0,22.0,7.0,1.0,0.0,0.0,0.0,0.0,0.0,lignin,0.8274811547214409
1433,345.0981332,345.0978981,345.0979764,1.0,0.388888889,C18 H18 O7,18.0,18.0,7.0,0.0,0.0,0.0,0.0,0.0,0.0,lignin,0.9230455634826772
1434,345.0828509,345.0826158,345.0827202,1.285714286,0.714285714,C14 H18 O10,14.0,18.0,10.0,0.0,0.0,0.0,0.0,0.0,0.0,lignin,0.9367365103719767
1435,345.0652263,345.0649912,345.0649622,1.285714286,0.571428571,C14 H18 O8 S1,14.0,18.0,8.0,1.0,0.0,0.0,0.0,0.0,0.0,lignin,0.875238878372056
1436,345.0618867,345.0616516,345.0615909,0.823529412,0.470588235,C17 H14 O8,17.0,14.0,8.0,0.0,0.0,0.0,0.0,0.0,0.0,tannin,0.8889972895408199
1437,345.0466726,345.0464375,345.0463347,1.076923077,0.846153846,C13 H14 O11,13.0,14.0,11.0,0.0,0.0,0.0,0.0,0.0,0.0,lignin,0.5150527798436108
1438,345.0254283,345.0251932,345.0252054,0.625,0.5625,C16 H10 O9,16.0,10.0,9.0,0.0,0.0,0.0,0.0,0.0,0.0,tannin,0.8942533763501563
1439,345.0229889,345.0227539,345.0227034,0.5,0.2,C20 H10 O4 S1,20.0,10.0,4.0,1.0,0.0,0.0,0.0,0.0,0.0,pah,0.942816753044774
1440,344.1435387,344.1433048,344.143196,1.6,0.533333333,C15 H24 O8 13C1,16.0,24.0,8.0,0.0,0.0,1.0,0.0,0.0,0.0,lignin,0.7703039615253509
1441,344.1069234,344.1066896,344.1068105,1.428571429,0.642857143,C14 H20 O9 13C1,15.0,20.0,9.0,0.0,0.0,1.0,0.0,0.0,0.0,lignin,0.8919566447549068
1442,344.0988192,344.0985853,344.0987047,1.357142857,0.642857143,C14 H19 O9 N1,14.0,19.0,9.0,0.0,1.0,0.0,0.0,0.0,0.07142857142857142,carbohydrate,0.8469918830424346
1443,344.0707634,344.0705296,344.070425,1.230769231,0.769230769,C13 H16 O10 13C1,14.0,16.0,10.0,0.0,0.0,1.0,0.0,0.0,0.0,lignin,0.9388394083497408
1444,344.0626936,344.0624597,344.0623192,1.153846154,0.769230769,C13 H15 O10 N1,13.0,15.0,10.0,0.0,1.0,0.0,0.0,0.0,0.07692307692307693,amino_sugar,0.395842175882279
1445,343.1765367,343.176304,343.1762267,1.647058824,0.411764706,C17 H28 O7,17.0,28.0,7.0,0.0,0.0,0.0,0.0,0.0,0.0,lipid,0.887035803792673
1446,343.1553826,343.1551499,343.1550973,1.2,0.25,C20 H24 O5,20.0,24.0,5.0,0.0,0.0,0.0,0.0,0.0,0.0,lignin,0.83470904881592
1447,343.1399649,343.1397322,343.1398412,1.5,0.5,C16 H24 O8,16.0,24.0,8.0,0.0,0.0,0.0,0.0,0.0,0.0,lignin,0.8273653065013118
1448,343.1189032,343.1186706,343.1187118,1.052631579,0.315789474,C19 H20 O6,19.0,20.0,6.0,0.0,0.0,0.0,0.0,0.0,0.0,lignin,0.924942827172873
1449,343.1038033,343.1035707,343.1034557,1.333333333,0.6,C15 H20 O9,15.0,20.0,9.0,0.0,0.0,0.0,0.0,0.0,0.0,lignin,0.8989794111211274
1450,343.0860034,343.0857708,343.0856976,1.333333333,0.466666667,C15 H20 O7 S1,15.0,20.0,7.0,1.0,0.0,0.0,0.0,0.0,0.0,lignin,0.8360323034793374
1451,343.0825898,343.0823572,343.0823263,0.888888889,0.388888889,C18 H16 O7,18.0,16.0,7.0,0.0,0.0,0.0,0.0,0.0,0.0,tannin,0.8843954586917059
1452,343.0671925,343.0669599,343.0670702,1.142857143,0.714285714,C14 H16 O10,14.0,16.0,10.0,0.0,0.0,0.0,0.0,0.0,0.0,lignin,0.813279368650133
1453,343.0494716,343.049239,343.0493121,1.142857143,0.571428571,C14 H16 O8 S1,14.0,16.0,8.0,1.0,0.0,0.0,0.0,0.0,0.0,lignin,0.8989317700132468
1454,343.0461302,343.0458976,343.0459408,0.705882353,0.470588235,C17 H12 O8,17.0,12.0,8.0,0.0,0.0,0.0,0.0,0.0,0.0,tannin,0.8917518655347261
1455,343.0310068,343.0307742,343.0306847,0.923076923,0.846153846,C13 H12 O11,13.0,12.0,11.0,0.0,0.0,0.0,0.0,0.0,0.0,tannin,0.885544910791214
1456,342.1994071,342.1991756,342.1990902,1.777777778,0.166666667,C18 H32 O3 13C1 34S1,19.0,32.0,3.0,0.0,0.0,1.0,1.0,0.0,0.0,lipid,0.8881190179620504
1457,342.1640529,342.1638214,342.1639315,1.625,0.4375,C16 H26 O7 13C1,17.0,26.0,7.0,0.0,0.0,1.0,0.0,0.0,0.0,lipid,0.8869790237646585
1458,342.1278635,342.127632,342.127546,1.466666667,0.533333333,C15 H22 O8 13C1,16.0,22.0,8.0,0.0,0.0,1.0,0.0,0.0,0.0,lignin,0.8617302558400242
1459,342.1196976,342.1194662,342.1194401,1.4,0.533333333,C15 H21 O8 N1,15.0,21.0,8.0,0.0,1.0,0.0,0.0,0.0,0.06666666666666667,lignin,0.7399447243165259
1460,342.0913054,342.091074,342.0911605,1.285714286,0.642857143,C14 H18 O9 13C1,15.0,18.0,9.0,0.0,0.0,1.0,0.0,0.0,0.0,lignin,0.9368792747350903
1461,342.0832813,342.0830499,342.0830546,1.214285714,0.642857143,C14 H17 O9 N1,14.0,17.0,9.0,0.0,1.0,0.0,0.0,0.0,0.07142857142857142,lignin,0.6190002782163156
1462,342.0550995,342.0548682,342.0547749,1.076923077,0.769230769,C13 H14 O10 13C1,14.0,14.0,10.0,0.0,0.0,1.0,0.0,0.0,0.0,tannin,0.7180414567006689
1463,341.2068086,341.2065783,341.2066492,1.882352941,0.176470588,C17 H32 O3 S1 13C2,19.0,32.0,3.0,1.0,0.0,2.0,0.0,0.0,0.0,lipid,0.9119108651009821
1464,341.204369,341.2041387,341.2041845,1.684210526,0.105263158,C19 H32 O2 S1 18O1,19.0,32.0,2.0,1.0,0.0,0.0,0.0,1.0,0.0,lipid,0.8893599169661794
1465,341.1960053,341.195775,341.1957354,1.684210526,0.157894737,C19 H32 O3 34S1,19.0,32.0,3.0,0.0,0.0,0.0,1.0,0.0,0.0,lipid,0.8889193028084751
1466,341.1795565,341.1793263,341.1792041,1.666666667,0.222222222,C18 H30 O4 S1,18.0,30.0,4.0,1.0,0.0,0.0,0.0,0.0,0.0,lipid,0.8882690063209321
1467,341.160806,341.1605757,341.1605766,1.529411765,0.411764706,C17 H26 O7,17.0,26.0,7.0,0.0,0.0,0.0,0.0,0.0,0.0,lignin,0.5644410084860741
1468,341.1244431,341.1242129,341.1241911,1.375,0.5,C16 H22 O8,16.0,22.0,8.0,0.0,0.0,0.0,0.0,0.0,0.0,lignin,0.8357920129054219
1469,341.1092641,341.1090339,341.108935,1.833333333,0.916666667,C12 H22 O11,12.0,22.0,11.0,0.0,0.0,0.0,0.0,0.0,0.0,carbohydrate,0.9442126816878812
1470,341.1034004,341.1031702,341.1030618,0.947368421,0.315789474,C19 H18 O6,19.0,18.0,6.0,0.0,0.0,0.0,0.0,0.0,0.0,lignin,0.7566098511473209
1471,341.0880101,341.0877799,341.0878056,1.2,0.6,C15 H18 O9,15.0,18.0,9.0,0.0,0.0,0.0,0.0,0.0,0.0,lignin,0.9059390441440254
1472,341.0701416,341.0699115,341.0700476,1.2,0.466666667,C15 H18 O7 S1,15.0,18.0,7.0,1.0,0.0,0.0,0.0,0.0,0.0,lignin,0.839746042718223
1473,341.0667773,341.0665472,341.0666763,0.777777778,0.388888889,C18 H14 O7,18.0,14.0,7.0,0.0,0.0,0.0,0.0,0.0,0.0,tannin,0.8899577323622199
1474,341.0517114,341.0514813,341.0514201,1.0,0.714285714,C14 H14 O10,14.0,14.0,10.0,0.0,0.0,0.0,0.0,0.0,0.0,tannin,0.718794579387262
1475,341.0306068,341.0303767,341.0302907,0.588235294,0.470588235,C17 H10 O8,17.0,10.0,8.0,0.0,0.0,0.0,0.0,0.0,0.0,tannin,0.8854301244298088
1476,341.0152002,341.0149701,341.0150346,0.769230769,0.846153846,C13 H10 O11,13.0,10.0,11.0,0.0,0.0,0.0,0.0,0.0,0.0,tannin,0.8867833270505632
1477,340.2033909,340.2031618,340.2032944,1.777777778,0.166666667,C18 H32 O3 S1 13C1,19.0,32.0,3.0,1.0,0.0,1.0,0.0,0.0,0.0,lipid,0.8881190179620504
1478,340.2033909,340.2031618,340.2030506,1.35,0.1,C20 H27 O2 N3,20.0,27.0,2.0,0.0,3.0,0.0,0.0,0.0,0.15,peptide,0.837461143683212
1479,340.1485455,340.1483165,340.1482814,1.5,0.4375,C16 H24 O7 13C1,17.0,24.0,7.0,0.0,0.0,1.0,0.0,0.0,0.0,lignin,0.826658791362721
1480,340.112072,340.111843,340.1118959,1.333333333,0.533333333,C15 H20 O8 13C1,16.0,20.0,8.0,0.0,0.0,1.0,0.0,0.0,0.0,lignin,0.8375261257168185
1481,340.1040712,340.1038423,340.10379,1.266666667,0.533333333,C15 H19 O8 N1,15.0,19.0,8.0,0.0,1.0,0.0,0.0,0.0,0.06666666666666667,lignin,0.8401281610960807
1482,340.0758095,340.0755805,340.0755104,1.142857143,0.642857143,C14 H16 O9 13C1,15.0,16.0,9.0,0.0,0.0,1.0,0.0,0.0,0.0,lignin,0.9374702002125843
1483,340.0676111,340.0673822,340.0674045,1.071428571,0.642857143,C14 H15 O9 N1,14.0,15.0,9.0,0.0,1.0,0.0,0.0,0.0,0.07142857142857142,lignin,0.638538606756804
1484,339.2000797,339.1998518,339.1999395,1.684210526,0.157894737,C19 H32 O3 S1,19.0,32.0,3.0,1.0,0.0,0.0,0.0,0.0,0.0,lipid,0.8889193028084751
1485,339.1814443,339.1812165,339.1813121,1.555555556,0.333333333,C18 H28 O6,18.0,28.0,6.0,0.0,0.0,0.0,0.0,0.0,0.0,lipid,0.887841149763051
1486,339.1452451,339.1450173,339.1449266,1.411764706,0.411764706,C17 H24 O7,17.0,24.0,7.0,0.0,0.0,0.0,0.0,0.0,0.0,lignin,0.8337243166814716
1487,339.1086754,339.1084476,339.1085411,1.25,0.5,C16 H20 O8,16.0,20.0,8.0,0.0,0.0,0.0,0.0,0.0,0.0,lignin,0.8390726626231947
1488,339.0837056,339.0834779,339.0833889,1.142857143,0.571428571,C14 H16 O8 N2,14.0,16.0,8.0,0.0,2.0,0.0,0.0,0.0,0.14285714285714285,peptide,0.77243213210897
1489,339.0724657,339.072238,339.0721556,1.066666667,0.6,C15 H16 O9,15.0,16.0,9.0,0.0,0.0,0.0,0.0,0.0,0.0,lignin,0.7998495313383561
1490,339.0511311,339.0509035,339.0510262,0.666666667,0.388888889,C18 H12 O7,18.0,12.0,7.0,0.0,0.0,0.0,0.0,0.0,0.0,tannin,0.8818871016181191
1491,339.0359082,339.0356805,339.0357701,0.857142857,0.714285714,C14 H12 O10,14.0,12.0,10.0,0.0,0.0,0.0,0.0,0.0,0.0,tannin,0.8864068171071295
1492,338.2188076,338.2185809,338.2184259,2.2,0.466666667,C15 H33 O7 N1,15.0,33.0,7.0,0.0,1.0,0.0,0.0,0.0,0.06666666666666667,lipid,0.5754334422942524
1493,338.2090132,338.2087866,338.2087737,2.266666667,0.333333333,C15 H34 O5 S1 13C1,16.0,34.0,5.0,1.0,0.0,1.0,0.0,0.0,0.0,lipid,0.8952445498391904
1494,338.1692746,338.169048,338.1690169,1.529411765,0.352941176,C17 H26 O6 13C1,18.0,26.0,6.0,0.0,0.0,1.0,0.0,0.0,0.0,lipid,0.8878114900830892
1495,338.1328228,338.1325962,338.1326313,1.375,0.4375,C16 H22 O7 13C1,17.0,22.0,7.0,0.0,0.0,1.0,0.0,0.0,0.0,lignin,0.834696160673723
1496,338.1246743,338.1244477,338.1245255,1.3125,0.4375,C16 H21 O7 N1,16.0,21.0,7.0,0.0,1.0,0.0,0.0,0.0,0.0625,lignin,0.8364033539015339
1497,338.0964832,338.0962567,338.0962458,1.2,0.533333333,C15 H18 O8 13C1,16.0,18.0,8.0,0.0,0.0,1.0,0.0,0.0,0.0,lignin,0.8421925036864257
1498,338.088451,338.0882245,338.08814,1.133333333,0.533333333,C15 H17 O8 N1,15.0,17.0,8.0,0.0,1.0,0.0,0.0,0.0,0.06666666666666667,lignin,0.8470510125834906
1499,338.0600224,338.0597959,338.0598603,1.0,0.642857143,C14 H14 O9 13C1,15.0,14.0,9.0,0.0,0.0,1.0,0.0,0.0,0.0,tannin,0.714952794485101
1500,338.0518748,338.0516483,338.0517545,0.928571429,0.642857143,C14 H13 O9 N1,14.0,13.0,9.0,0.0,1.0,0.0,0.0,0.0,0.07142857142857142,tannin,0.8942903767404555
1501,337.2055503,337.2053249,337.2054188,2.125,0.3125,C16 H34 O5 S1,16.0,34.0,5.0,1.0,0.0,0.0,0.0,0.0,0.0,lipid,0.8961229222447814
1502,337.2021612,337.2019358,337.2020475,1.578947368,0.263157895,C19 H30 O5,19.0,30.0,5.0,0.0,0.0,0.0,0.0,0.0,0.0,lipid,0.8884108714478677
1503,337.1844394,337.1842141,337.1842895,1.578947368,0.157894737,C19 H30 O3 S1,19.0,30.0,3.0,1.0,0.0,0.0,0.0,0.0,0.0,lipid,0.8986174022777897
1504,337.1660022,337.1657768,337.165662,1.444444444,0.333333333,C18 H26 O6,18.0,26.0,6.0,0.0,0.0,0.0,0.0,0.0,0.0,lignin,0.7051367445582484
1505,337.1293679,337.1291426,337.1292765,1.294117647,0.411764706,C17 H22 O7,17.0,22.0,7.0,0.0,0.0,0.0,0.0,0.0,0.0,lignin,0.835809388057631
1506,337.1043919,337.1041666,337.1041244,1.2,0.466666667,C15 H18 O7 N2,15.0,18.0,7.0,0.0,2.0,0.0,0.0,0.0,0.13333333333333333,peptide,0.7391060416215931
1507,337.0932103,337.092985,337.092891,1.125,0.5,C16 H18 O8,16.0,18.0,8.0,0.0,0.0,0.0,0.0,0.0,0.0,lignin,0.9210037118104808
1508,337.0719698,337.0717446,337.0717616,0.736842105,0.315789474,C19 H14 O6,19.0,14.0,6.0,0.0,0.0,0.0,0.0,0.0,0.0,tannin,0.8437524842106287
1509,337.0679057,337.0676804,337.0677389,1.0,0.571428571,C14 H14 O8 N2,14.0,14.0,8.0,0.0,2.0,0.0,0.0,0.0,0.14285714285714285,peptide,0.7797660960294521
1510,337.056609,337.0563838,337.0565055,0.933333333,0.6,C15 H14 O9,15.0,14.0,9.0,0.0,0.0,0.0,0.0,0.0,0.0,tannin,0.8881254643977685
1511,337.0542118,337.0539865,337.0540036,0.736842105,0.210526316,C19 H14 O4 S1,19.0,14.0,4.0,1.0,0.0,0.0,0.0,0.0,0.0,tannin,0.672220022590601
1512,337.020452,337.0202268,337.02012,0.714285714,0.714285714,C14 H10 O10,14.0,10.0,10.0,0.0,0.0,0.0,0.0,0.0,0.0,tannin,0.8879325968662926
1513,336.1535167,336.1532925,336.1533668,1.411764706,0.352941176,C17 H24 O6 13C1,18.0,24.0,6.0,0.0,0.0,1.0,0.0,0.0,0.0,lignin,0.8329576745151493
1514,336.1172914,336.1170673,336.1169813,1.25,0.4375,C16 H20 O7 13C1,17.0,20.0,7.0,0.0,0.0,1.0,0.0,0.0,0.0,lignin,0.8373942575131214
1515,336.1092028,336.1089787,336.1088754,1.1875,0.4375,C16 H19 O7 N1,16.0,19.0,7.0,0.0,1.0,0.0,0.0,0.0,0.0625,lignin,0.8400696174012919
1516,336.0806993,336.0804752,336.0805958,1.066666667,0.533333333,C15 H16 O8 13C1,16.0,16.0,8.0,0.0,0.0,1.0,0.0,0.0,0.0,lignin,0.9232136447372982
1517,336.0726077,336.0723836,336.0724899,1.0,0.533333333,C15 H15 O8 N1,15.0,15.0,8.0,0.0,1.0,0.0,0.0,0.0,0.06666666666666667,tannin,0.721195864516076
1518,335.1866272,335.1864043,335.1863975,1.473684211,0.263157895,C19 H28 O5,19.0,28.0,5.0,0.0,0.0,0.0,0.0,0.0,0.0,lipid,0.8991111175562445
1519,335.1502065,335.1499836,335.150012,1.333333333,0.333333333,C18 H24 O6,18.0,24.0,6.0,0.0,0.0,0.0,0.0,0.0,0.0,lignin,0.8338729306890442
1520,335.1138231,335.1136002,335.1136264,1.176470588,0.411764706,C17 H20 O7,17.0,20.0,7.0,0.0,0.0,0.0,0.0,0.0,0.0,lignin,0.8363898939348801
1521,335.0886154,335.0883925,335.0884743,1.066666667,0.466666667,C15 H16 O7 N2,15.0,16.0,7.0,0.0,2.0,0.0,0.0,0.0,0.13333333333333333,peptide,0.7517606036824821
1522,335.0775486,335.0773258,335.0772409,1.0,0.5,C16 H16 O8,16.0,16.0,8.0,0.0,0.0,0.0,0.0,0.0,0.0,tannin,0.5343542876145502
1523,335.0409905,335.0407677,335.0408554,0.8,0.6,C15 H12 O9,15.0,12.0,9.0,0.0,0.0,0.0,0.0,0.0,0.0,tannin,0.8905301293287525
1524,335.0385642,335.0383415,335.0383535,0.631578947,0.210526316,C19 H12 O4 S1,19.0,12.0,4.0,1.0,0.0,0.0,0.0,0.0,0.0,pah,0.9431050407965367
1525,334.1378459,334.1376242,334.1377167,1.294117647,0.352941176,C17 H22 O6 13C1,18.0,22.0,6.0,0.0,0.0,1.0,0.0,0.0,0.0,lignin,0.8347936871261549
1526,334.1146104,334.1143887,334.1143547,1.615384615,0.692307692,C13 H21 O9 N1,13.0,21.0,9.0,0.0,1.0,0.0,0.0,0.0,0.07692307692307693,carbohydrate,0.9348180988153191
1527,334.101657,334.1014353,334.1013312,1.125,0.4375,C16 H18 O7 13C1,17.0,18.0,7.0,0.0,0.0,1.0,0.0,0.0,0.0,lignin,0.9214248872960976
1528,334.0650343,334.0648127,334.0649457,0.933333333,0.533333333,C15 H14 O8 13C1,16.0,14.0,8.0,0.0,0.0,1.0,0.0,0.0,0.0,tannin,0.8867643302833439
1529,334.0569615,334.0567399,334.0568398,0.866666667,0.533333333,C15 H13 O8 N1,15.0,13.0,8.0,0.0,1.0,0.0,0.0,0.0,0.06666666666666667,tannin,0.8940393552170889
1530,333.1708705,333.17065,333.1707474,1.368421053,0.263157895,C19 H26 O5,19.0,26.0,5.0,0.0,0.0,0.0,0.0,0.0,0.0,lignin,0.8323166360899512
1531,333.1346553,333.1344349,333.1343619,1.222222222,0.333333333,C18 H22 O6,18.0,22.0,6.0,0.0,0.0,0.0,0.0,0.0,0.0,lignin,0.8362041427777758
1532,333.1014537,333.1012333,333.1013477,1.571428571,0.5,C14 H22 O7 S1,14.0,22.0,7.0,1.0,0.0,0.0,0.0,0.0,0.0,lignin,0.8263889261171222
1533,333.0981028,333.0978824,333.0979764,1.058823529,0.411764706,C17 H18 O7,17.0,18.0,7.0,0.0,0.0,0.0,0.0,0.0,0.0,lignin,0.9243868824337756
1534,333.083018,333.0827976,333.0827202,1.384615385,0.769230769,C13 H18 O10,13.0,18.0,10.0,0.0,0.0,0.0,0.0,0.0,0.0,lignin,0.5658735484138051
1535,333.073129,333.0729087,333.0728243,0.933333333,0.466666667,C15 H14 O7 N2,15.0,14.0,7.0,0.0,2.0,0.0,0.0,0.0,0.13333333333333333,peptide,0.8706653452991182
1536,333.0652669,333.0650465,333.0649622,1.384615385,0.615384615,C13 H18 O8 S1,13.0,18.0,8.0,1.0,0.0,0.0,0.0,0.0,0.0,lignin,0.8926995596818157
1537,333.0618764,333.061656,333.0615909,0.875,0.5,C16 H14 O8,16.0,14.0,8.0,0.0,0.0,0.0,0.0,0.0,0.0,tannin,0.8890450631437485
1538,333.0594377,333.0592174,333.059089,0.7,0.15,C20 H14 O3 S1,20.0,14.0,3.0,1.0,0.0,0.0,0.0,0.0,0.0,pah,0.9437012842083246
1539,333.046439,333.0462186,333.0463347,1.166666667,0.916666667,C12 H14 O11,12.0,14.0,11.0,0.0,0.0,0.0,0.0,0.0,0.0,lignin,0.6248484112557574
1540,333.0254115,333.0251912,333.0252054,0.666666667,0.6,C15 H10 O9,15.0,10.0,9.0,0.0,0.0,0.0,0.0,0.0,0.0,tannin,0.8945985661965528
1541,333.0230319,333.0228116,333.0227034,0.526315789,0.210526316,C19 H10 O4 S1,19.0,10.0,4.0,1.0,0.0,0.0,0.0,0.0,0.0,pah,0.9428801080550159
1542,332.1223864,332.1221672,332.1220667,1.176470588,0.352941176,C17 H20 O6 13C1,18.0,20.0,6.0,0.0,0.0,1.0,0.0,0.0,0.0,lignin,0.835327637727115
1543,332.0988607,332.0986415,332.0987047,1.461538462,0.692307692,C13 H19 O9 N1,13.0,19.0,9.0,0.0,1.0,0.0,0.0,0.0,0.07692307692307693,carbohydrate,0.953358749840962
1544,332.0857703,332.0855511,332.0856812,1.0,0.4375,C16 H16 O7 13C1,17.0,16.0,7.0,0.0,0.0,1.0,0.0,0.0,0.0,lignin,0.7992225654347699
1545,332.0777427,332.0775236,332.0775753,0.9375,0.4375,C16 H15 O7 N1,16.0,15.0,7.0,0.0,1.0,0.0,0.0,0.0,0.0625,tannin,0.8879045135556929
1546,332.0540962,332.0538771,332.053944,0.47826087,0.0,C23 H11 S1 N1,23.0,11.0,0.0,1.0,1.0,0.0,0.0,0.0,0.043478260869565216,pah,0.9435724667432147
1547,331.1552189,331.1550008,331.1550973,1.263157895,0.263157895,C19 H24 O5,19.0,24.0,5.0,0.0,0.0,0.0,0.0,0.0,0.0,lignin,0.8338824724603627
1548,331.1400402,331.1398222,331.1398412,1.6,0.533333333,C15 H24 O8,15.0,24.0,8.0,0.0,0.0,0.0,0.0,0.0,0.0,lignin,0.7703039615253509
1549,331.1223823,331.1221643,331.1220831,1.6,0.4,C15 H24 O6 S1,15.0,24.0,6.0,1.0,0.0,0.0,0.0,0.0,0.0,lipid,0.8872600893033035
1550,331.1190082,331.1187902,331.1187118,1.111111111,0.333333333,C18 H20 O6,18.0,20.0,6.0,0.0,0.0,0.0,0.0,0.0,0.0,lignin,0.9267340594488551
1551,331.1036944,331.1034765,331.1034557,1.428571429,0.642857143,C14 H20 O9,14.0,20.0,9.0,0.0,0.0,0.0,0.0,0.0,0.0,lignin,0.8919566447549068
1552,331.0857964,331.0855785,331.0856976,1.428571429,0.5,C14 H20 O7 S1,14.0,20.0,7.0,1.0,0.0,0.0,0.0,0.0,0.0,lignin,0.8285561198475986
1553,331.0824241,331.0822061,331.0823263,0.941176471,0.411764706,C17 H16 O7,17.0,16.0,7.0,0.0,0.0,0.0,0.0,0.0,0.0,tannin,0.8835090484313242
1554,331.0673025,331.0670846,331.0670702,1.230769231,0.769230769,C13 H16 O10,13.0,16.0,10.0,0.0,0.0,0.0,0.0,0.0,0.0,lignin,0.9388394083497408
1555,331.0462462,331.0460283,331.0459408,0.75,0.5,C16 H12 O8,16.0,12.0,8.0,0.0,0.0,0.0,0.0,0.0,0.0,tannin,0.8908719501658513
1556,331.0308121,331.0305942,331.0306847,1.0,0.916666667,C12 H12 O11,12.0,12.0,11.0,0.0,0.0,0.0,0.0,0.0,0.0,lignin,0.512270246064225
1557,331.0096741,331.0094563,331.0095553,0.533333333,0.6,C15 H8 O9,15.0,8.0,9.0,0.0,0.0,0.0,0.0,0.0,0.0,tannin,0.8951954681803095
1558,331.0073142,331.0070964,331.0070534,0.421052632,0.210526316,C19 H8 O4 S1,19.0,8.0,4.0,1.0,0.0,0.0,0.0,0.0,0.0,pah,0.942602172351316
1559,330.1278282,330.1276114,330.127546,1.571428571,0.571428571,C14 H22 O8 13C1,15.0,22.0,8.0,0.0,0.0,1.0,0.0,0.0,0.0,lignin,0.7271302743693546
1560,330.0912726,330.0910559,330.0911605,1.384615385,0.692307692,C13 H18 O9 13C1,14.0,18.0,9.0,0.0,0.0,1.0,0.0,0.0,0.0,lignin,0.892280867839623
1561,330.083192,330.0829753,330.0830546,1.307692308,0.692307692,C13 H17 O9 N1,13.0,17.0,9.0,0.0,1.0,0.0,0.0,0.0,0.07692307692307693,carbohydrate,0.9438464605141045
1562,329.1606955,329.1604799,329.1605766,1.625,0.4375,C16 H26 O7,16.0,26.0,7.0,0.0,0.0,0.0,0.0,0.0,0.0,lipid,0.8869790237646585
1563,329.1397457,329.1395301,329.1394473,1.157894737,0.263157895,C19 H22 O5,19.0,22.0,5.0,0.0,0.0,0.0,0.0,0.0,0.0,lignin,0.8335282914750313
1564,329.1244781,329.1242626,329.1241911,1.466666667,0.533333333,C15 H22 O8,15.0,22.0,8.0,0.0,0.0,0.0,0.0,0.0,0.0,lignin,0.8617302558400242
1565,329.1065539,329.1063383,329.1064331,1.466666667,0.4,C15 H22 O6 S1,15.0,22.0,6.0,1.0,0.0,0.0,0.0,0.0,0.0,lignin,0.8327789977429184
1566,329.1031597,329.1029442,329.1030618,1.0,0.333333333,C18 H18 O6,18.0,18.0,6.0,0.0,0.0,0.0,0.0,0.0,0.0,lignin,0.9234207039608633
1567,329.0879501,329.0877346,329.0878056,1.285714286,0.642857143,C14 H18 O9,14.0,18.0,9.0,0.0,0.0,0.0,0.0,0.0,0.0,lignin,0.9368792747350903
1568,329.0703808,329.0701653,329.0700476,1.285714286,0.5,C14 H18 O7 S1,14.0,18.0,7.0,1.0,0.0,0.0,0.0,0.0,0.0,lignin,0.8380029393311151
1569,329.0669996,329.0667841,329.0666763,0.823529412,0.411764706,C17 H14 O7,17.0,14.0,7.0,0.0,0.0,0.0,0.0,0.0,0.0,tannin,0.8872773215798404
1570,329.0516445,329.051429,329.0514201,1.076923077,0.769230769,C13 H14 O10,13.0,14.0,10.0,0.0,0.0,0.0,0.0,0.0,0.0,tannin,0.7180414567006689
1571,329.0303946,329.0301792,329.0302907,0.625,0.5,C16 H10 O8,16.0,10.0,8.0,0.0,0.0,0.0,0.0,0.0,0.0,tannin,0.8938624899274175
1572,329.0153159,329.0151005,329.0150346,0.833333333,0.916666667,C12 H10 O11,12.0,10.0,11.0,0.0,0.0,0.0,0.0,0.0,0.0,tannin,0.82976186080268
1573,328.1835576,328.1833432,328.1834401,1.764705882,0.176470588,C17 H30 O3 13C1 34S1,18.0,30.0,3.0,0.0,0.0,1.0,1.0,0.0,0.0,lipid,0.8881040572055572
1574,328.1485938,328.1483795,328.1482814,1.6,0.466666667,C15 H24 O7 13C1,16.0,24.0,7.0,0.0,0.0,1.0,0.0,0.0,0.0,lipid,0.8869126513236528
1575,328.1120002,328.1117858,328.1118959,1.428571429,0.571428571,C14 H20 O8 13C1,15.0,20.0,8.0,0.0,0.0,1.0,0.0,0.0,0.0,lignin,0.8618200331133318
1576,328.1040373,328.103823,328.10379,1.357142857,0.571428571,C14 H19 O8 N1,14.0,19.0,8.0,0.0,1.0,0.0,0.0,0.0,0.07142857142857142,lipid,0.5625706264783381
1577,328.0757374,328.0755231,328.0755104,1.230769231,0.692307692,C13 H16 O9 13C1,14.0,16.0,9.0,0.0,0.0,1.0,0.0,0.0,0.0,lignin,0.9376766394751254
1578,328.0675397,328.0673255,328.0674045,1.153846154,0.692307692,C13 H15 O9 N1,13.0,15.0,9.0,0.0,1.0,0.0,0.0,0.0,0.07692307692307693,lignin,0.3669053405888272
1579,327.1912812,327.1910679,327.1909991,1.875,0.1875,C16 H30 O3 S1 13C2,18.0,30.0,3.0,1.0,0.0,2.0,0.0,0.0,0.0,lipid,0.911864050071137
1580,327.1888304,327.1886172,327.1885345,1.666666667,0.111111111,C18 H30 O2 S1 18O1,18.0,30.0,2.0,1.0,0.0,0.0,0.0,1.0,0.0,lipid,0.8984927327101001
1581,327.1815837,327.1813705,327.1813121,1.647058824,0.352941176,C17 H28 O6,17.0,28.0,6.0,0.0,0.0,0.0,0.0,0.0,0.0,lipid,0.8873555696373779
1582,327.180388,327.1801747,327.1800853,1.666666667,0.166666667,C18 H30 O3 34S1,18.0,30.0,3.0,0.0,0.0,0.0,1.0,0.0,0.0,lipid,0.8889446958205326
1583,327.1450214,327.1448083,327.1449266,1.5,0.4375,C16 H24 O7,16.0,24.0,7.0,0.0,0.0,0.0,0.0,0.0,0.0,lignin,0.826658791362721
1584,327.1240867,327.1238736,327.1237972,1.052631579,0.263157895,C19 H20 O5,19.0,20.0,5.0,0.0,0.0,0.0,0.0,0.0,0.0,lignin,0.9259218797249087
1585,327.108826,327.1086129,327.1085411,1.333333333,0.533333333,C15 H20 O8,15.0,20.0,8.0,0.0,0.0,0.0,0.0,0.0,0.0,lignin,0.8375261257168185
1586,327.0908666,327.0906535,327.090783,1.333333333,0.4,C15 H20 O6 S1,15.0,20.0,6.0,1.0,0.0,0.0,0.0,0.0,0.0,lignin,0.8348312264573547
1587,327.0875002,327.0872871,327.0874117,0.888888889,0.333333333,C18 H16 O6,18.0,16.0,6.0,0.0,0.0,0.0,0.0,0.0,0.0,tannin,0.8836563022938899
1588,327.083467,327.0832539,327.0833889,1.230769231,0.615384615,C13 H16 O8 N2,13.0,16.0,8.0,0.0,2.0,0.0,0.0,0.0,0.15384615384615385,peptide,0.6094638550336182
1589,327.0723614,327.0721483,327.0721556,1.142857143,0.642857143,C14 H16 O9,14.0,16.0,9.0,0.0,0.0,0.0,0.0,0.0,0.0,lignin,0.9374702002125843
1590,327.0513219,327.0511088,327.0510262,0.705882353,0.411764706,C17 H12 O7,17.0,12.0,7.0,0.0,0.0,0.0,0.0,0.0,0.0,tannin,0.8907698479596023
1591,327.0359351,327.0357221,327.0357701,0.923076923,0.769230769,C13 H12 O10,13.0,12.0,10.0,0.0,0.0,0.0,0.0,0.0,0.0,tannin,0.8856379466113624
1592,327.0147427,327.0145297,327.0146407,0.5,0.5,C16 H8 O8,16.0,8.0,8.0,0.0,0.0,0.0,0.0,0.0,0.0,tannin,0.8773448968768938
1593,326.1877329,326.1875209,326.1876443,1.764705882,0.176470588,C17 H30 O3 S1 13C1,18.0,30.0,3.0,1.0,0.0,1.0,0.0,0.0,0.0,lipid,0.8881040572055572
1594,326.1877329,326.1875209,326.1874005,1.315789474,0.105263158,C19 H25 O2 N3,19.0,25.0,2.0,0.0,3.0,0.0,0.0,0.0,0.15789473684210525,peptide,0.8380939788048746
1595,326.1327426,326.1325306,326.1326313,1.466666667,0.466666667,C15 H22 O7 13C1,16.0,22.0,7.0,0.0,0.0,1.0,0.0,0.0,0.0,lignin,0.8274811547214409
1596,326.1246197,326.1244077,326.1245255,1.4,0.466666667,C15 H21 O7 N1,15.0,21.0,7.0,0.0,1.0,0.0,0.0,0.0,0.06666666666666667,lignin,0.6473732152272758
1597,326.0965496,326.0963377,326.0962458,1.285714286,0.571428571,C14 H18 O8 13C1,15.0,18.0,8.0,0.0,0.0,1.0,0.0,0.0,0.0,lignin,0.875238878372056
1598,326.0884416,326.0882297,326.08814,1.214285714,0.571428571,C14 H17 O8 N1,14.0,17.0,8.0,0.0,1.0,0.0,0.0,0.0,0.07142857142857142,lignin,0.7781818742943999
1599,326.0599584,326.0597466,326.0598603,1.076923077,0.692307692,C13 H14 O9 13C1,14.0,14.0,9.0,0.0,0.0,1.0,0.0,0.0,0.0,lignin,0.6339076759264559
1600,326.0519068,326.051695,326.0517545,1.0,0.692307692,C13 H13 O9 N1,13.0,13.0,9.0,0.0,1.0,0.0,0.0,0.0,0.07692307692307693,tannin,0.3734254063508694
1601,325.1868617,325.1866509,325.1867914,2.142857143,0.571428571,C14 H30 O8,14.0,30.0,8.0,0.0,0.0,0.0,0.0,0.0,0.0,carbohydrate,0.8677103531005
1602,325.1843894,325.1841786,325.1842895,1.666666667,0.166666667,C18 H30 O3 S1,18.0,30.0,3.0,1.0,0.0,0.0,0.0,0.0,0.0,lipid,0.8889446958205326
1603,325.1657859,325.1655751,325.165662,1.529411765,0.352941176,C17 H26 O6,17.0,26.0,6.0,0.0,0.0,0.0,0.0,0.0,0.0,lipid,0.8878114900830892
1604,325.1295334,325.1293227,325.1292765,1.375,0.4375,C16 H22 O7,16.0,22.0,7.0,0.0,0.0,0.0,0.0,0.0,0.0,lignin,0.834696160673723
1605,325.1042029,325.1039922,325.1041244,1.285714286,0.5,C14 H18 O7 N2,14.0,18.0,7.0,0.0,2.0,0.0,0.0,0.0,0.14285714285714285,peptide,0.6563457235620842
1606,325.0930943,325.0928836,325.092891,1.2,0.533333333,C15 H18 O8,15.0,18.0,8.0,0.0,0.0,0.0,0.0,0.0,0.0,lignin,0.8421925036864257
1607,325.0720869,325.0718762,325.0717616,0.777777778,0.333333333,C18 H14 O6,18.0,14.0,6.0,0.0,0.0,0.0,0.0,0.0,0.0,tannin,0.8548627581574472
1608,325.0680306,325.0678199,325.0677389,1.076923077,0.615384615,C13 H14 O8 N2,13.0,14.0,8.0,0.0,2.0,0.0,0.0,0.0,0.15384615384615385,peptide,0.7724838712493644
1609,325.0566494,325.0564388,325.0565055,1.0,0.642857143,C14 H14 O9,14.0,14.0,9.0,0.0,0.0,0.0,0.0,0.0,0.0,tannin,0.714952794485101
1610,325.0355128,325.0353021,325.0353761,0.588235294,0.411764706,C17 H10 O7,17.0,10.0,7.0,0.0,0.0,0.0,0.0,0.0,0.0,tannin,0.7773545675978741
1611,325.0204301,325.0202195,325.02012,0.769230769,0.769230769,C13 H10 O10,13.0,10.0,10.0,0.0,0.0,0.0,0.0,0.0,0.0,tannin,0.8870528905642627
1612,324.1534997,324.1532902,324.1533668,1.5,0.375,C16 H24 O6 13C1,17.0,24.0,6.0,0.0,0.0,1.0,0.0,0.0,0.0,lipid,0.6148219769299166
1613,324.1171706,324.1169611,324.1169813,1.333333333,0.466666667,C15 H20 O7 13C1,16.0,20.0,7.0,0.0,0.0,1.0,0.0,0.0,0.0,lignin,0.8360323034793374
1614,324.1089738,324.1087643,324.1088754,1.266666667,0.466666667,C15 H19 O7 N1,15.0,19.0,7.0,0.0,1.0,0.0,0.0,0.0,0.06666666666666667,lignin,0.8383050121478053
1615,324.0808512,324.0806417,324.0805958,1.142857143,0.571428571,C14 H16 O8 13C1,15.0,16.0,8.0,0.0,0.0,1.0,0.0,0.0,0.0,lignin,0.8989317700132468
1616,324.0727889,324.0725795,324.0724899,1.071428571,0.571428571,C14 H15 O8 N1,14.0,15.0,8.0,0.0,1.0,0.0,0.0,0.0,0.07142857142857142,lignin,0.8563729129458368
1617,324.044299,324.0440895,324.0442103,0.923076923,0.692307692,C13 H12 O9 13C1,14.0,12.0,9.0,0.0,0.0,1.0,0.0,0.0,0.0,tannin,0.8857762110805734
1618,323.1866629,323.1864546,323.1863975,1.555555556,0.277777778,C18 H28 O5,18.0,28.0,5.0,0.0,0.0,0.0,0.0,0.0,0.0,lipid,0.8987935582561759
1619,323.1687419,323.1685336,323.1686394,1.555555556,0.166666667,C18 H28 O3 S1,18.0,28.0,3.0,1.0,0.0,0.0,0.0,0.0,0.0,lipid,0.8986756046876009
1620,323.1502482,323.1500398,323.150012,1.411764706,0.352941176,C17 H24 O6,17.0,24.0,6.0,0.0,0.0,0.0,0.0,0.0,0.0,lignin,0.8329576745151493
1621,323.1137761,323.1135678,323.1136264,1.25,0.4375,C16 H20 O7,16.0,20.0,7.0,0.0,0.0,0.0,0.0,0.0,0.0,lignin,0.8373942575131214
1622,323.0886425,323.0884343,323.0884743,1.142857143,0.5,C14 H16 O7 N2,14.0,16.0,7.0,0.0,2.0,0.0,0.0,0.0,0.14285714285714285,peptide,0.7602354984898836
1623,323.0775139,323.0773056,323.0772409,1.066666667,0.533333333,C15 H16 O8,15.0,16.0,8.0,0.0,0.0,0.0,0.0,0.0,0.0,lignin,0.9232136447372982
1624,323.0563236,323.0561153,323.0561116,0.666666667,0.333333333,C18 H12 O6,18.0,12.0,6.0,0.0,0.0,0.0,0.0,0.0,0.0,tannin,0.7270477875095833
1625,323.040926,323.0407178,323.0408554,0.857142857,0.642857143,C14 H12 O9,14.0,12.0,9.0,0.0,0.0,0.0,0.0,0.0,0.0,tannin,0.8834933495614816
1626,322.138003,322.1377959,322.1377167,1.375,0.375,C16 H22 O6 13C1,17.0,22.0,6.0,0.0,0.0,1.0,0.0,0.0,0.0,lignin,0.8337856979677092
1627,322.1014923,322.1012852,322.1013312,1.2,0.466666667,C15 H18 O7 13C1,16.0,18.0,7.0,0.0,0.0,1.0,0.0,0.0,0.0,lignin,0.839746042718223
1628,322.0935001,322.093293,322.0932254,1.133333333,0.466666667,C15 H17 O7 N1,15.0,17.0,7.0,0.0,1.0,0.0,0.0,0.0,0.06666666666666667,lignin,0.8433550591343261
1629,322.0650699,322.0648629,322.0649457,1.0,0.571428571,C14 H14 O8 13C1,15.0,14.0,8.0,0.0,0.0,1.0,0.0,0.0,0.0,tannin,0.7188318803111553
1630,322.0569229,322.0567158,322.0568398,0.928571429,0.571428571,C14 H13 O8 N1,14.0,13.0,8.0,0.0,1.0,0.0,0.0,0.0,0.07142857142857142,tannin,0.8930810985467575
1631,321.1710397,321.1708338,321.1707474,1.444444444,0.277777778,C18 H26 O5,18.0,26.0,5.0,0.0,0.0,0.0,0.0,0.0,0.0,lipid,0.899148518186719
1632,321.1344536,321.1342477,321.1343619,1.294117647,0.352941176,C17 H22 O6,17.0,22.0,6.0,0.0,0.0,0.0,0.0,0.0,0.0,lignin,0.8347936871261549
1633,321.0982646,321.0980588,321.0979764,1.125,0.4375,C16 H18 O7,16.0,18.0,7.0,0.0,0.0,0.0,0.0,0.0,0.0,lignin,0.9214248872960976
1634,321.0728964,321.0726905,321.0728243,1.0,0.5,C14 H14 O7 N2,14.0,14.0,7.0,0.0,2.0,0.0,0.0,0.0,0.14285714285714285,peptide,0.7978173276360362
1635,321.0617573,321.0615515,321.0615909,0.933333333,0.533333333,C15 H14 O8,15.0,14.0,8.0,0.0,0.0,0.0,0.0,0.0,0.0,tannin,0.8867643302833439
1636,321.02533,321.0251243,321.0252054,0.714285714,0.642857143,C14 H10 O9,14.0,10.0,9.0,0.0,0.0,0.0,0.0,0.0,0.0,tannin,0.8869560832530994
1637,321.0228988,321.022693,321.0227034,0.555555556,0.222222222,C18 H10 O4 S1,18.0,10.0,4.0,1.0,0.0,0.0,0.0,0.0,0.0,pah,0.9429517157563014
1638,320.1222946,320.1220899,320.1220667,1.25,0.375,C16 H20 O6 13C1,17.0,20.0,6.0,0.0,0.0,1.0,0.0,0.0,0.0,lignin,0.8360428301224448
1639,320.0859366,320.085732,320.0856812,1.066666667,0.466666667,C15 H16 O7 13C1,16.0,16.0,7.0,0.0,0.0,1.0,0.0,0.0,0.0,lignin,0.9233844942888657
1640,320.0778685,320.0776639,320.0775753,1.0,0.466666667,C15 H15 O7 N1,15.0,15.0,7.0,0.0,1.0,0.0,0.0,0.0,0.06666666666666667,lignin,0.8004342158343674
1641,319.1552745,319.155071,319.1550973,1.333333333,0.277777778,C18 H24 O5,18.0,24.0,5.0,0.0,0.0,0.0,0.0,0.0,0.0,lignin,0.8329633774908792
1642,319.1190013,319.1187978,319.1187118,1.176470588,0.352941176,C17 H20 O6,17.0,20.0,6.0,0.0,0.0,0.0,0.0,0.0,0.0,lignin,0.835327637727115
1643,319.0857766,319.0855732,319.0856976,1.538461538,0.538461538,C13 H20 O7 S1,13.0,20.0,7.0,1.0,0.0,0.0,0.0,0.0,0.0,lignin,0.8609222479047899
1644,319.0824043,319.0822009,319.0823263,1.0,0.4375,C16 H16 O7,16.0,16.0,7.0,0.0,0.0,0.0,0.0,0.0,0.0,lignin,0.7992225654347699
1645,319.0672888,319.0670854,319.0670702,1.333333333,0.833333333,C12 H16 O10,12.0,16.0,10.0,0.0,0.0,0.0,0.0,0.0,0.0,carbohydrate,0.5639784117194666
1646,319.0462201,319.0460168,319.0459408,0.8,0.533333333,C15 H12 O8,15.0,12.0,8.0,0.0,0.0,0.0,0.0,0.0,0.0,tannin,0.8911066438831258
1647,319.0097393,319.0095359,319.0095553,0.571428571,0.642857143,C14 H8 O9,14.0,8.0,9.0,0.0,0.0,0.0,0.0,0.0,0.0,tannin,0.8978434205708791
1648,317.1759885,317.1757874,317.1758328,1.368421053,0.210526316,C19 H26 O4,19.0,26.0,4.0,0.0,0.0,0.0,0.0,0.0,0.0,lipid,0.7456382687062229
1649,317.1395619,317.1393608,317.1394473,1.222222222,0.277777778,C18 H22 O5,18.0,22.0,5.0,0.0,0.0,0.0,0.0,0.0,0.0,lignin,0.8347640706516106
1650,317.1242968,317.1240957,317.1241911,1.571428571,0.571428571,C14 H22 O8,14.0,22.0,8.0,0.0,0.0,0.0,0.0,0.0,0.0,lignin,0.7271302743693546
1651,317.1033391,317.103138,317.1030618,1.058823529,0.352941176,C17 H18 O6,17.0,18.0,6.0,0.0,0.0,0.0,0.0,0.0,0.0,lignin,0.9245567414496534
1652,317.0880238,317.0878228,317.0878056,1.384615385,0.692307692,C13 H18 O9,13.0,18.0,9.0,0.0,0.0,0.0,0.0,0.0,0.0,lignin,0.892280867839623
1653,317.0701529,317.0699518,317.0700476,1.384615385,0.538461538,C13 H18 O7 S1,13.0,18.0,7.0,1.0,0.0,0.0,0.0,0.0,0.0,lignin,0.8363624467952218
1654,317.0667719,317.0665709,317.0666763,0.875,0.4375,C16 H14 O7,16.0,14.0,7.0,0.0,0.0,0.0,0.0,0.0,0.0,tannin,0.8859132597764695
1655,317.0516494,317.0514485,317.0514201,1.166666667,0.833333333,C12 H14 O10,12.0,14.0,10.0,0.0,0.0,0.0,0.0,0.0,0.0,lignin,0.8744597392737719
1656,317.0305688,317.0303678,317.0302907,0.666666667,0.533333333,C15 H10 O8,15.0,10.0,8.0,0.0,0.0,0.0,0.0,0.0,0.0,tannin,0.8934645445120403
1657,316.1121715,316.1119717,316.1118959,1.538461538,0.615384615,C13 H20 O8 13C1,14.0,20.0,8.0,0.0,0.0,1.0,0.0,0.0,0.0,lignin,0.7269160324640462
1658,316.075585,316.0753852,316.0755104,1.333333333,0.75,C12 H16 O9 13C1,13.0,16.0,9.0,0.0,0.0,1.0,0.0,0.0,0.0,lignin,0.8925303720993923
1659,316.0675471,316.0673473,316.0674045,1.25,0.75,C12 H15 O9 N1,12.0,15.0,9.0,0.0,1.0,0.0,0.0,0.0,0.08333333333333333,carbohydrate,0.8645476153897744
1660,315.1450218,315.1448231,315.1449266,1.6,0.466666667,C15 H24 O7,15.0,24.0,7.0,0.0,0.0,0.0,0.0,0.0,0.0,lipid,0.8869126513236528
1661,315.1240741,315.1238754,315.1237972,1.111111111,0.277777778,C18 H20 O5,18.0,20.0,5.0,0.0,0.0,0.0,0.0,0.0,0.0,lignin,0.9219647281241243
1662,315.1086923,315.1084936,315.1085411,1.428571429,0.571428571,C14 H20 O8,14.0,20.0,8.0,0.0,0.0,0.0,0.0,0.0,0.0,lignin,0.8618200331133318
1663,315.0908683,315.0906697,315.090783,1.428571429,0.428571429,C14 H20 O6 S1,14.0,20.0,6.0,1.0,0.0,0.0,0.0,0.0,0.0,lignin,0.8336997195324882
1664,315.0875254,315.0873267,315.0874117,0.941176471,0.352941176,C17 H16 O6,17.0,16.0,6.0,0.0,0.0,0.0,0.0,0.0,0.0,tannin,0.8828733065795689
1665,315.0724215,315.0722229,315.0721556,1.230769231,0.692307692,C13 H16 O9,13.0,16.0,9.0,0.0,0.0,0.0,0.0,0.0,0.0,lignin,0.9376766394751254
1666,315.0512182,315.0510196,315.0510262,0.75,0.4375,C16 H12 O7,16.0,12.0,7.0,0.0,0.0,0.0,0.0,0.0,0.0,tannin,0.890773357599144
1667,315.0358688,315.0356702,315.0357701,1.0,0.833333333,C12 H12 O10,12.0,12.0,10.0,0.0,0.0,0.0,0.0,0.0,0.0,tannin,0.719058395828905
1668,315.0149032,315.0147047,315.0146407,0.533333333,0.533333333,C15 H8 O8,15.0,8.0,8.0,0.0,0.0,0.0,0.0,0.0,0.0,tannin,0.8898714510484768
1669,314.1679054,314.1677079,314.1677901,1.75,0.1875,C16 H28 O3 13C1 34S1,17.0,28.0,3.0,0.0,0.0,1.0,1.0,0.0,0.0,lipid,0.8880877461068708
1670,314.1328021,314.1326046,314.1326313,1.571428571,0.5,C14 H22 O7 13C1,15.0,22.0,7.0,0.0,0.0,1.0,0.0,0.0,0.0,lignin,0.8263889261171222
1671,314.0965245,314.0963271,314.0962458,1.384615385,0.615384615,C13 H18 O8 13C1,14.0,18.0,8.0,0.0,0.0,1.0,0.0,0.0,0.0,lignin,0.8926995596818157
1672,314.0884093,314.0882119,314.08814,1.307692308,0.615384615,C13 H17 O8 N1,13.0,17.0,8.0,0.0,1.0,0.0,0.0,0.0,0.07692307692307693,lipid,0.6761259752488817
1673,314.0599476,314.0597502,314.0598603,1.166666667,0.75,C12 H14 O9 13C1,13.0,14.0,9.0,0.0,0.0,1.0,0.0,0.0,0.0,lignin,0.813303787075944
1674,313.1756162,313.1754199,313.1753491,1.866666667,0.2,C15 H28 O3 S1 13C2,17.0,28.0,3.0,1.0,0.0,2.0,0.0,0.0,0.0,lipid,0.9118130285441725
1675,313.1731339,313.1729376,313.1728844,1.647058824,0.117647059,C17 H28 O2 S1 18O1,17.0,28.0,2.0,1.0,0.0,0.0,0.0,1.0,0.0,lipid,0.8985439402941472
1676,313.1657814,313.1655851,313.165662,1.625,0.375,C16 H26 O6,16.0,26.0,6.0,0.0,0.0,0.0,0.0,0.0,0.0,lipid,0.8873111679940516
1677,313.1645542,313.1643578,313.1644352,1.647058824,0.176470588,C17 H28 O3 34S1,17.0,28.0,3.0,0.0,0.0,0.0,1.0,0.0,0.0,lipid,0.8889728478515039
1678,313.1295603,313.129364,313.1292765,1.466666667,0.466666667,C15 H22 O7,15.0,22.0,7.0,0.0,0.0,0.0,0.0,0.0,0.0,lignin,0.8274811547214409
1679,313.1082595,313.1080632,313.1081471,1.0,0.277777778,C18 H18 O5,18.0,18.0,5.0,0.0,0.0,0.0,0.0,0.0,0.0,lignin,0.9239849144859511
1680,313.0930001,313.0928039,313.092891,1.285714286,0.571428571,C14 H18 O8,14.0,18.0,8.0,0.0,0.0,0.0,0.0,0.0,0.0,lignin,0.875238878372056
1681,313.0720335,313.0718373,313.0717616,0.823529412,0.352941176,C17 H14 O6,17.0,14.0,6.0,0.0,0.0,0.0,0.0,0.0,0.0,tannin,0.8854418079986954
1682,313.0567031,313.0565069,313.0565055,1.076923077,0.692307692,C13 H14 O9,13.0,14.0,9.0,0.0,0.0,0.0,0.0,0.0,0.0,lignin,0.6339076759264559
1683,313.0354741,313.0352779,313.0353761,0.625,0.4375,C16 H10 O7,16.0,10.0,7.0,0.0,0.0,0.0,0.0,0.0,0.0,tannin,0.883905764427005
1684,313.0203833,313.0201872,313.02012,0.833333333,0.833333333,C12 H10 O10,12.0,10.0,10.0,0.0,0.0,0.0,0.0,0.0,0.0,tannin,0.8863079559571482
1685,312.1751892,312.174994,312.1751218,1.8,0.133333333,C15 H27 O2 S1 N3,15.0,27.0,2.0,1.0,3.0,0.0,0.0,0.0,0.2,peptide,0.861526881445948
1686,312.1722701,312.172075,312.1719942,1.75,0.1875,C16 H28 O3 S1 13C1,17.0,28.0,3.0,1.0,0.0,1.0,0.0,0.0,0.0,lipid,0.8880877461068708
1687,312.1534977,312.1533026,312.1533668,1.6,0.4,C15 H24 O6 13C1,16.0,24.0,6.0,0.0,0.0,1.0,0.0,0.0,0.0,lipid,0.8872600893033035
1688,312.1172631,312.117068,312.1169813,1.428571429,0.5,C14 H20 O7 13C1,15.0,20.0,7.0,0.0,0.0,1.0,0.0,0.0,0.0,lignin,0.8285561198475986
1689,312.1091467,312.1089516,312.1088754,1.357142857,0.5,C14 H19 O7 N1,14.0,19.0,7.0,0.0,1.0,0.0,0.0,0.0,0.07142857142857142,lignin,0.8317553171365866
1690,312.0806986,312.0805036,312.0805958,1.230769231,0.615384615,C13 H16 O8 13C1,14.0,16.0,8.0,0.0,0.0,1.0,0.0,0.0,0.0,lignin,0.9053265793657654
1691,312.0726757,312.0724806,312.0724899,1.153846154,0.615384615,C13 H15 O8 N1,13.0,15.0,8.0,0.0,1.0,0.0,0.0,0.0,0.07692307692307693,lipid,0.7869196753395589
1692,311.168873,311.1686791,311.1686394,1.647058824,0.176470588,C17 H28 O3 S1,17.0,28.0,3.0,1.0,0.0,0.0,0.0,0.0,0.0,lipid,0.8889728478515039
1693,311.1501304,311.1499365,311.150012,1.5,0.375,C16 H24 O6,16.0,24.0,6.0,0.0,0.0,0.0,0.0,0.0,0.0,lipid,0.6148219769299166
1694,311.1138926,311.1136988,311.1136264,1.333333333,0.466666667,C15 H20 O7,15.0,20.0,7.0,0.0,0.0,0.0,0.0,0.0,0.0,lignin,0.8360323034793374
1695,311.0773411,311.0771473,311.0772409,1.142857143,0.571428571,C14 H16 O8,14.0,16.0,8.0,0.0,0.0,0.0,0.0,0.0,0.0,lignin,0.8989317700132468
1696,311.0563841,311.0561903,311.0561116,0.705882353,0.352941176,C17 H12 O6,17.0,12.0,6.0,0.0,0.0,0.0,0.0,0.0,0.0,tannin,0.8494030670832178
1697,311.0410091,311.0408153,311.0408554,0.923076923,0.692307692,C13 H12 O9,13.0,12.0,9.0,0.0,0.0,0.0,0.0,0.0,0.0,tannin,0.8857762110805734
1698,310.1777529,310.1775602,310.1774735,2.307692308,0.384615385,C13 H30 O5 S1 13C1,14.0,30.0,5.0,1.0,0.0,1.0,0.0,0.0,0.0,lipid,0.8953246217623722
1699,310.1378277,310.137635,310.1377167,1.466666667,0.4,C15 H22 O6 13C1,16.0,22.0,6.0,0.0,0.0,1.0,0.0,0.0,0.0,lignin,0.8327789977429184
1700,310.1014436,310.1012509,310.1013312,1.285714286,0.5,C14 H18 O7 13C1,15.0,18.0,7.0,0.0,0.0,1.0,0.0,0.0,0.0,lignin,0.8380029393311151
1701,310.0932958,310.0931031,310.0932254,1.214285714,0.5,C14 H17 O7 N1,14.0,17.0,7.0,0.0,1.0,0.0,0.0,0.0,0.07142857142857142,lignin,0.8412271901962336
1702,310.0652324,310.0650398,310.0649457,1.076923077,0.615384615,C13 H14 O8 13C1,14.0,14.0,8.0,0.0,0.0,1.0,0.0,0.0,0.0,lignin,0.7958895041920028
1703,310.0570767,310.0568841,310.0568398,1.0,0.615384615,C13 H13 O8 N1,13.0,13.0,8.0,0.0,1.0,0.0,0.0,0.0,0.07692307692307693,tannin,0.31729314149482163
1704,309.1742722,309.1740806,309.1741187,2.142857143,0.357142857,C14 H30 O5 S1,14.0,30.0,5.0,1.0,0.0,0.0,0.0,0.0,0.0,lipid,0.8956212142417985
1705,309.1708613,309.1706697,309.1707474,1.529411765,0.294117647,C17 H26 O5,17.0,26.0,5.0,0.0,0.0,0.0,0.0,0.0,0.0,lipid,0.8988160217178299
1706,309.1531262,309.1529346,309.1529893,1.529411765,0.176470588,C17 H26 O3 S1,17.0,26.0,3.0,1.0,0.0,0.0,0.0,0.0,0.0,lipid,0.8986861189284762
1707,309.1346353,309.1344438,309.1343619,1.375,0.375,C16 H22 O6,16.0,22.0,6.0,0.0,0.0,0.0,0.0,0.0,0.0,lignin,0.8337856979677092
1708,309.0981372,309.0979458,309.0979764,1.2,0.466666667,C15 H18 O7,15.0,18.0,7.0,0.0,0.0,0.0,0.0,0.0,0.0,lignin,0.839746042718223
1709,309.0617012,309.0615097,309.0615909,1.0,0.571428571,C14 H14 O8,14.0,14.0,8.0,0.0,0.0,0.0,0.0,0.0,0.0,tannin,0.7188318803111553
1710,309.0254822,309.0252908,309.0252054,0.769230769,0.692307692,C13 H10 O9,13.0,10.0,9.0,0.0,0.0,0.0,0.0,0.0,0.0,tannin,0.8874969172213542
1711,308.122264,308.1220737,308.1220667,1.333333333,0.4,C15 H20 O6 13C1,16.0,20.0,6.0,0.0,0.0,1.0,0.0,0.0,0.0,lignin,0.8348312264573547
1712,308.085779,308.0855887,308.0856812,1.142857143,0.5,C14 H16 O7 13C1,15.0,16.0,7.0,0.0,0.0,1.0,0.0,0.0,0.0,lignin,0.8794083712790549
1713,308.0776677,308.0774775,308.0775753,1.071428571,0.5,C14 H15 O7 N1,14.0,15.0,7.0,0.0,1.0,0.0,0.0,0.0,0.07142857142857142,lignin,0.9546236922659268
1714,307.1553044,307.1551153,307.1550973,1.411764706,0.294117647,C17 H24 O5,17.0,24.0,5.0,0.0,0.0,0.0,0.0,0.0,0.0,lignin,0.7051016842292435
1715,307.1187788,307.1185897,307.1187118,1.25,0.375,C16 H20 O6,16.0,20.0,6.0,0.0,0.0,0.0,0.0,0.0,0.0,lignin,0.8360428301224448
1716,307.0825544,307.0823654,307.0823263,1.066666667,0.466666667,C15 H16 O7,15.0,16.0,7.0,0.0,0.0,0.0,0.0,0.0,0.0,lignin,0.9233844942888657
1717,307.0461884,307.0459994,307.0459408,0.857142857,0.571428571,C14 H12 O8,14.0,12.0,8.0,0.0,0.0,0.0,0.0,0.0,0.0,tannin,0.8892786090510258
1718,307.0096412,307.0094522,307.0095553,0.615384615,0.692307692,C13 H8 O9,13.0,8.0,9.0,0.0,0.0,0.0,0.0,0.0,0.0,tannin,0.8879898040095279
1719,306.1064972,306.1063092,306.1064166,1.2,0.4,C15 H18 O6 13C1,16.0,18.0,6.0,0.0,0.0,1.0,0.0,0.0,0.0,lignin,0.8378584543447772
1720,306.0620118,306.0618239,306.0619252,0.928571429,0.5,C14 H13 O7 N1,14.0,13.0,7.0,0.0,1.0,0.0,0.0,0.0,0.07142857142857142,tannin,0.8914319061492655
1721,305.1397164,305.1395296,305.1394473,1.294117647,0.294117647,C17 H22 O5,17.0,22.0,5.0,0.0,0.0,0.0,0.0,0.0,0.0,lignin,0.8343052553157075
1722,305.103194,305.1030073,305.1030618,1.125,0.375,C16 H18 O6,16.0,18.0,6.0,0.0,0.0,0.0,0.0,0.0,0.0,lignin,0.9229646011340614
1723,305.0667872,305.0666005,305.0666763,0.933333333,0.466666667,C15 H14 O7,15.0,14.0,7.0,0.0,0.0,0.0,0.0,0.0,0.0,tannin,0.8850785374502141
1724,305.0515202,305.0513336,305.0514201,1.272727273,0.909090909,C11 H14 O10,11.0,14.0,10.0,0.0,0.0,0.0,0.0,0.0,0.0,carbohydrate,0.7789480737337413
1725,305.0305583,305.0303717,305.0302907,0.714285714,0.571428571,C14 H10 O8,14.0,10.0,8.0,0.0,0.0,0.0,0.0,0.0,0.0,tannin,0.8935087459376472
1726,303.2331556,303.2329711,303.2329537,1.6,0.1,C20 H32 O2,20.0,32.0,2.0,0.0,0.0,0.0,0.0,0.0,0.0,lipid,0.899713573065555
1727,303.160365,303.1601806,303.1601827,1.333333333,0.222222222,C18 H24 O4,18.0,24.0,4.0,0.0,0.0,0.0,0.0,0.0,0.0,lignin,0.8324014405187038
1728,303.1240329,303.1238485,303.1237972,1.176470588,0.294117647,C17 H20 O5,17.0,20.0,5.0,0.0,0.0,0.0,0.0,0.0,0.0,lignin,0.8337358822169936
1729,303.1087481,303.1085637,303.1085411,1.538461538,0.615384615,C13 H20 O8,13.0,20.0,8.0,0.0,0.0,0.0,0.0,0.0,0.0,lignin,0.7269160324640462
1730,303.0875053,303.0873209,303.0874117,1.0,0.375,C16 H16 O6,16.0,16.0,6.0,0.0,0.0,0.0,0.0,0.0,0.0,lignin,0.923123916587147
1731,303.072418,303.0722337,303.0721556,1.333333333,0.75,C12 H16 O9,12.0,16.0,9.0,0.0,0.0,0.0,0.0,0.0,0.0,lignin,0.8925303720993923
1732,303.0511507,303.0509664,303.0510262,0.8,0.466666667,C15 H12 O7,15.0,12.0,7.0,0.0,0.0,0.0,0.0,0.0,0.0,tannin,0.8894938522077274
1733,303.0358757,303.0356915,303.0357701,1.090909091,0.909090909,C11 H12 O10,11.0,12.0,10.0,0.0,0.0,0.0,0.0,0.0,0.0,lignin,0.5145085343026293
1734,303.0149013,303.014717,303.0146407,0.571428571,0.571428571,C14 H8 O8,14.0,8.0,8.0,0.0,0.0,0.0,0.0,0.0,0.0,tannin,0.8948167752908048
1735,302.0965111,302.0963279,302.0962458,1.5,0.666666667,C12 H18 O8 13C1,13.0,18.0,8.0,0.0,0.0,1.0,0.0,0.0,0.0,carbohydrate,0.7597194088571999
1736,301.1657435,301.1655615,301.165662,1.733333333,0.4,C15 H26 O6,15.0,26.0,6.0,0.0,0.0,0.0,0.0,0.0,0.0,lipid,0.9111859593102725
1737,301.1447849,301.1446029,301.1445327,1.222222222,0.222222222,C18 H22 O4,18.0,22.0,4.0,0.0,0.0,0.0,0.0,0.0,0.0,lignin,0.8339255410594347
1738,301.1294541,301.1292721,301.1292765,1.571428571,0.5,C14 H22 O7,14.0,22.0,7.0,0.0,0.0,0.0,0.0,0.0,0.0,lignin,0.8263889261171222
1739,301.1082797,301.1080977,301.1081471,1.058823529,0.294117647,C17 H18 O5,17.0,18.0,5.0,0.0,0.0,0.0,0.0,0.0,0.0,lignin,0.9255307396396907
1740,301.0931406,301.0929586,301.092891,1.384615385,0.615384615,C13 H18 O8,13.0,18.0,8.0,0.0,0.0,0.0,0.0,0.0,0.0,lignin,0.8926995596818157
1741,301.0718737,301.0716917,301.0717616,0.875,0.375,C16 H14 O6,16.0,14.0,6.0,0.0,0.0,0.0,0.0,0.0,0.0,tannin,0.8845091569594329
1742,301.0566233,301.0564413,301.0565055,1.166666667,0.75,C12 H14 O9,12.0,14.0,9.0,0.0,0.0,0.0,0.0,0.0,0.0,lignin,0.813303787075944
1743,301.0356304,301.0354485,301.0353761,0.666666667,0.466666667,C15 H10 O7,15.0,10.0,7.0,0.0,0.0,0.0,0.0,0.0,0.0,tannin,0.892395113955178
1744,301.0202047,301.0200228,301.02012,0.909090909,0.909090909,C11 H10 O10,11.0,10.0,10.0,0.0,0.0,0.0,0.0,0.0,0.0,lignin,0.46952684075821394
1745,300.1170652,300.1168844,300.1169813,1.538461538,0.538461538,C13 H20 O7 13C1,14.0,20.0,7.0,0.0,0.0,1.0,0.0,0.0,0.0,lignin,0.8609222479047899
1746,300.0808093,300.0806286,300.0805958,1.333333333,0.666666667,C12 H16 O8 13C1,13.0,16.0,8.0,0.0,0.0,1.0,0.0,0.0,0.0,lignin,0.8927516930537751
1747,300.0725962,300.0724154,300.0724899,1.25,0.666666667,C12 H15 O8 N1,12.0,15.0,8.0,0.0,1.0,0.0,0.0,0.0,0.08333333333333333,carbohydrate,0.8233978282925918
1748,299.1599228,299.1597431,299.159699,1.857142857,0.214285714,C14 H26 O3 S1 13C2,16.0,26.0,3.0,1.0,0.0,2.0,0.0,0.0,0.0,lipid,0.9117571593044399
1749,299.1502669,299.1500872,299.150012,1.6,0.4,C15 H24 O6,15.0,24.0,6.0,0.0,0.0,0.0,0.0,0.0,0.0,lipid,0.8872600893033035
1750,299.1490388,299.1488591,299.1487852,1.625,0.1875,C16 H26 O3 34S1,16.0,26.0,3.0,0.0,0.0,0.0,1.0,0.0,0.0,lipid,0.8890041742701991
1751,299.113787,299.1136073,299.1136264,1.428571429,0.5,C14 H20 O7,14.0,20.0,7.0,0.0,0.0,0.0,0.0,0.0,0.0,lignin,0.8285561198475986
1752,299.0927252,299.0925456,299.0924971,0.941176471,0.294117647,C17 H16 O5,17.0,16.0,5.0,0.0,0.0,0.0,0.0,0.0,0.0,lignin,0.7565878456953707
1753,299.077332,299.0771524,299.0772409,1.230769231,0.615384615,C13 H16 O8,13.0,16.0,8.0,0.0,0.0,0.0,0.0,0.0,0.0,lignin,0.9053265793657654
1754,299.0563661,299.0561865,299.0561116,0.75,0.375,C16 H12 O6,16.0,12.0,6.0,0.0,0.0,0.0,0.0,0.0,0.0,tannin,0.8862744334605269
1755,299.041059,299.0408795,299.0408554,1.0,0.75,C12 H12 O9,12.0,12.0,9.0,0.0,0.0,0.0,0.0,0.0,0.0,tannin,0.7187722595064604
1756,299.0198376,299.0196581,299.0197261,0.533333333,0.466666667,C15 H8 O7,15.0,8.0,7.0,0.0,0.0,0.0,0.0,0.0,0.0,tannin,0.876216440629532
1757,298.1564866,298.1563081,298.1563442,1.733333333,0.2,C15 H26 O3 S1 13C1,16.0,26.0,3.0,1.0,0.0,1.0,0.0,0.0,0.0,lipid,0.8880698540837206
1758,298.1378374,298.1376589,298.1377167,1.571428571,0.428571429,C14 H22 O6 13C1,15.0,22.0,6.0,0.0,0.0,1.0,0.0,0.0,0.0,lipid,0.887199590547711
1759,298.1014265,298.1012481,298.1013312,1.384615385,0.538461538,C13 H18 O7 13C1,14.0,18.0,7.0,0.0,0.0,1.0,0.0,0.0,0.0,lignin,0.8363624467952218
1760,298.093307,298.0931286,298.0932254,1.307692308,0.538461538,C13 H17 O7 N1,13.0,17.0,7.0,0.0,1.0,0.0,0.0,0.0,0.07692307692307693,lipid,0.7954205499952295
1761,298.0651729,298.0649945,298.0649457,1.166666667,0.666666667,C12 H14 O8 13C1,13.0,14.0,8.0,0.0,0.0,1.0,0.0,0.0,0.0,lignin,0.9374977691896854
1762,298.0569673,298.0567889,298.0568398,1.083333333,0.666666667,C12 H13 O8 N1,12.0,13.0,8.0,0.0,1.0,0.0,0.0,0.0,0.08333333333333333,lipid,0.3358054329415542
1763,297.1708343,297.170657,297.1707474,1.625,0.3125,C16 H26 O5,16.0,26.0,5.0,0.0,0.0,0.0,0.0,0.0,0.0,lipid,0.8877169641925093
1764,297.1532208,297.1530435,297.1529893,1.625,0.1875,C16 H26 O3 S1,16.0,26.0,3.0,1.0,0.0,0.0,0.0,0.0,0.0,lipid,0.8890041742701991
1765,297.1344859,297.1343086,297.1343619,1.466666667,0.4,C15 H22 O6,15.0,22.0,6.0,0.0,0.0,0.0,0.0,0.0,0.0,lignin,0.8327789977429184
1766,297.0982153,297.0980381,297.0979764,1.285714286,0.5,C14 H18 O7,14.0,18.0,7.0,0.0,0.0,0.0,0.0,0.0,0.0,lignin,0.8380029393311151
1767,297.0769202,297.0767429,297.076847,0.823529412,0.294117647,C17 H14 O5,17.0,14.0,5.0,0.0,0.0,0.0,0.0,0.0,0.0,tannin,0.852881125721914
1768,297.0618068,297.0616296,297.0615909,1.076923077,0.615384615,C13 H14 O8,13.0,14.0,8.0,0.0,0.0,0.0,0.0,0.0,0.0,lignin,0.7958895041920028
1769,297.0406191,297.0404419,297.0404615,0.625,0.375,C16 H10 O6,16.0,10.0,6.0,0.0,0.0,0.0,0.0,0.0,0.0,tannin,0.745406741314586
1770,297.025278,297.0251008,297.0252054,0.833333333,0.75,C12 H10 O9,12.0,10.0,9.0,0.0,0.0,0.0,0.0,0.0,0.0,tannin,0.8865392976591749
1771,296.1221482,296.1219721,296.1220667,1.428571429,0.428571429,C14 H20 O6 13C1,15.0,20.0,6.0,0.0,0.0,1.0,0.0,0.0,0.0,lignin,0.8336997195324882
1772,296.0859145,296.0857385,296.0856812,1.230769231,0.538461538,C13 H16 O7 13C1,14.0,16.0,7.0,0.0,0.0,1.0,0.0,0.0,0.0,lignin,0.8410669813250493
1773,296.0777059,296.0775299,296.0775753,1.153846154,0.538461538,C13 H15 O7 N1,13.0,15.0,7.0,0.0,1.0,0.0,0.0,0.0,0.07692307692307693,lipid,0.5107634106430745
1774,295.1552682,295.1550932,295.1550973,1.5,0.3125,C16 H24 O5,16.0,24.0,5.0,0.0,0.0,0.0,0.0,0.0,0.0,lipid,0.8988389064480587
1775,295.1375824,295.1374074,295.1373393,1.5,0.1875,C16 H24 O3 S1,16.0,24.0,3.0,1.0,0.0,0.0,0.0,0.0,0.0,lipid,0.8987552071022504
1776,295.1187831,295.1186082,295.1187118,1.333333333,0.4,C15 H20 O6,15.0,20.0,6.0,0.0,0.0,0.0,0.0,0.0,0.0,lignin,0.8348312264573547
1777,295.0824601,295.0822852,295.0823263,1.142857143,0.5,C14 H16 O7,14.0,16.0,7.0,0.0,0.0,0.0,0.0,0.0,0.0,lignin,0.8794083712790549
1778,295.061358,295.0611832,295.061197,0.705882353,0.294117647,C17 H12 O5,17.0,12.0,5.0,0.0,0.0,0.0,0.0,0.0,0.0,tannin,0.7060984177999794
1779,295.0461881,295.0460133,295.0459408,0.923076923,0.615384615,C13 H12 O8,13.0,12.0,8.0,0.0,0.0,0.0,0.0,0.0,0.0,tannin,0.8884490667914067
1780,295.0097635,295.0095887,295.0095553,0.666666667,0.75,C12 H8 O9,12.0,8.0,9.0,0.0,0.0,0.0,0.0,0.0,0.0,tannin,0.888170834252324
1781,294.1826416,294.1824678,294.1825589,2.307692308,0.307692308,C13 H30 O4 S1 13C1,14.0,30.0,4.0,1.0,0.0,1.0,0.0,0.0,0.0,lipid,0.8952529851623134
1782,294.106665,294.1064913,294.1064166,1.285714286,0.428571429,C14 H18 O6 13C1,15.0,18.0,6.0,0.0,0.0,1.0,0.0,0.0,0.0,lignin,0.8363311057415543
1783,294.0984826,294.0983088,294.0983107,1.214285714,0.428571429,C14 H17 O6 N1,14.0,17.0,6.0,0.0,1.0,0.0,0.0,0.0,0.07142857142857142,lignin,0.8388867840235651
1784,294.0621682,294.0619945,294.0619252,1.0,0.538461538,C13 H13 O7 N1,13.0,13.0,7.0,0.0,1.0,0.0,0.0,0.0,0.07692307692307693,tannin,0.5253066634318277
1785,293.1794483,293.1792757,293.1792041,2.142857143,0.285714286,C14 H30 O4 S1,14.0,30.0,4.0,1.0,0.0,0.0,0.0,0.0,0.0,lipid,0.8955191198843965
1786,293.1760655,293.1758928,293.1758328,1.529411765,0.235294118,C17 H26 O4,17.0,26.0,4.0,0.0,0.0,0.0,0.0,0.0,0.0,lipid,0.8990112637108117
1787,293.13964,293.1394674,293.1394473,1.375,0.3125,C16 H22 O5,16.0,22.0,5.0,0.0,0.0,0.0,0.0,0.0,0.0,lignin,0.8329880235153558
1788,293.1031383,293.1029657,293.1030618,1.2,0.4,C15 H18 O6,15.0,18.0,6.0,0.0,0.0,0.0,0.0,0.0,0.0,lignin,0.8378584543447772
1789,293.0667824,293.0666099,293.0666763,1.0,0.5,C14 H14 O7,14.0,14.0,7.0,0.0,0.0,0.0,0.0,0.0,0.0,tannin,0.5343542876145502
1790,293.0305151,293.0303426,293.0302907,0.769230769,0.615384615,C13 H10 O8,13.0,10.0,8.0,0.0,0.0,0.0,0.0,0.0,0.0,tannin,0.891454416141889
1791,292.090831,292.0906597,292.0907665,1.142857143,0.428571429,C14 H16 O6 13C1,15.0,16.0,6.0,0.0,0.0,1.0,0.0,0.0,0.0,lignin,0.8788650611170613
1792,291.1604393,291.160269,291.1601827,1.411764706,0.235294118,C17 H24 O4,17.0,24.0,4.0,0.0,0.0,0.0,0.0,0.0,0.0,lipid,0.8992532727946084
1793,291.1239653,291.1237951,291.1237972,1.25,0.3125,C16 H20 O5,16.0,20.0,5.0,0.0,0.0,0.0,0.0,0.0,0.0,lignin,0.8352792419034845
1794,291.0874951,291.0873249,291.0874117,1.066666667,0.4,C15 H16 O6,15.0,16.0,6.0,0.0,0.0,0.0,0.0,0.0,0.0,lignin,0.9246725588062675
1795,291.0511595,291.0509893,291.0510262,0.857142857,0.5,C14 H12 O7,14.0,12.0,7.0,0.0,0.0,0.0,0.0,0.0,0.0,tannin,0.889061331374523
1796,291.0148672,291.014697,291.0146407,0.615384615,0.615384615,C13 H8 O8,13.0,8.0,8.0,0.0,0.0,0.0,0.0,0.0,0.0,tannin,0.8974338428745898
1797,289.1447026,289.1445347,289.1445327,1.294117647,0.235294118,C17 H22 O4,17.0,22.0,4.0,0.0,0.0,0.0,0.0,0.0,0.0,lignin,0.83307851202604
1798,289.1082349,289.108067,289.1081471,1.125,0.3125,C16 H18 O5,16.0,18.0,5.0,0.0,0.0,0.0,0.0,0.0,0.0,lignin,0.9177999416139782
1799,289.0931267,289.0929588,289.092891,1.5,0.666666667,C12 H18 O8,12.0,18.0,8.0,0.0,0.0,0.0,0.0,0.0,0.0,carbohydrate,0.7597194088571999
1800,289.071852,289.0716842,289.0717616,0.933333333,0.4,C15 H14 O6,15.0,14.0,6.0,0.0,0.0,0.0,0.0,0.0,0.0,tannin,0.8835357083707478
1801,289.0566712,289.0565033,289.0565055,1.272727273,0.818181818,C11 H14 O9,11.0,14.0,9.0,0.0,0.0,0.0,0.0,0.0,0.0,lignin,0.9024009289779162
1802,289.0355693,289.0354015,289.0353761,0.714285714,0.5,C14 H10 O7,14.0,10.0,7.0,0.0,0.0,0.0,0.0,0.0,0.0,tannin,0.8915950396868668
1803,287.1289548,287.1287892,287.1288826,1.176470588,0.235294118,C17 H20 O4,17.0,20.0,4.0,0.0,0.0,0.0,0.0,0.0,0.0,lignin,0.8328668078997365
1804,287.1138607,287.1136952,287.1136264,1.538461538,0.538461538,C13 H20 O7,13.0,20.0,7.0,0.0,0.0,0.0,0.0,0.0,0.0,lignin,0.8609222479047899
1805,287.0926018,287.0924362,287.0924971,1.0,0.3125,C16 H16 O5,16.0,16.0,5.0,0.0,0.0,0.0,0.0,0.0,0.0,lignin,0.9236088029065634
1806,287.0773898,287.0772242,287.0772409,1.333333333,0.666666667,C12 H16 O8,12.0,16.0,8.0,0.0,0.0,0.0,0.0,0.0,0.0,lignin,0.8927516930537751
1807,287.0563024,287.0561369,287.0561116,0.8,0.4,C15 H12 O6,15.0,12.0,6.0,0.0,0.0,0.0,0.0,0.0,0.0,tannin,0.887987590440153
1808,287.0409442,287.0407788,287.0408554,1.090909091,0.818181818,C11 H12 O9,11.0,12.0,9.0,0.0,0.0,0.0,0.0,0.0,0.0,tannin,0.6606467615582281
1809,287.019958,287.0197926,287.0197261,0.571428571,0.5,C14 H8 O7,14.0,8.0,7.0,0.0,0.0,0.0,0.0,0.0,0.0,tannin,0.889309173726691
1810,286.1014968,286.1013324,286.1013312,1.5,0.583333333,C12 H18 O7 13C1,13.0,18.0,7.0,0.0,0.0,1.0,0.0,0.0,0.0,lignin,0.8920159296199666
1811,285.1345664,285.1344031,285.1343619,1.571428571,0.428571429,C14 H22 O6,14.0,22.0,6.0,0.0,0.0,0.0,0.0,0.0,0.0,lipid,0.887199590547711
1812,285.098102,285.0979388,285.0979764,1.384615385,0.538461538,C13 H18 O7,13.0,18.0,7.0,0.0,0.0,0.0,0.0,0.0,0.0,lignin,0.8363624467952218
1813,285.0770486,285.0768855,285.076847,0.875,0.3125,C16 H14 O5,16.0,14.0,5.0,0.0,0.0,0.0,0.0,0.0,0.0,tannin,0.8836845772677207
1814,285.0616726,285.0615094,285.0615909,1.166666667,0.666666667,C12 H14 O8,12.0,14.0,8.0,0.0,0.0,0.0,0.0,0.0,0.0,lignin,0.9374977691896854
1815,285.0407009,285.0405378,285.0404615,0.666666667,0.4,C15 H10 O6,15.0,10.0,6.0,0.0,0.0,0.0,0.0,0.0,0.0,tannin,0.8823962105473196
1816,285.0252977,285.0251346,285.0252054,0.909090909,0.818181818,C11 H10 O9,11.0,10.0,9.0,0.0,0.0,0.0,0.0,0.0,0.0,tannin,0.8857119134528431
1817,284.1222024,284.1220403,284.1220667,1.538461538,0.461538462,C13 H20 O6 13C1,14.0,20.0,6.0,0.0,0.0,1.0,0.0,0.0,0.0,lignin,0.8263764999728576
1818,284.0857666,284.0856046,284.0856812,1.333333333,0.583333333,C12 H16 O7 13C1,13.0,16.0,7.0,0.0,0.0,1.0,0.0,0.0,0.0,lignin,0.8697266752734935
1819,283.1552128,283.1550519,283.1550973,1.6,0.333333333,C15 H24 O5,15.0,24.0,5.0,0.0,0.0,0.0,0.0,0.0,0.0,lipid,0.887682517417798
1820,283.1375626,283.1374016,283.1373393,1.6,0.2,C15 H24 O3 S1,15.0,24.0,3.0,1.0,0.0,0.0,0.0,0.0,0.0,lipid,0.8989564497524519
1821,283.1187942,283.1186333,283.1187118,1.428571429,0.428571429,C14 H20 O6,14.0,20.0,6.0,0.0,0.0,0.0,0.0,0.0,0.0,lignin,0.8336997195324882
1822,283.0823942,283.0822334,283.0823263,1.230769231,0.538461538,C13 H16 O7,13.0,16.0,7.0,0.0,0.0,0.0,0.0,0.0,0.0,lignin,0.8410669813250493
1823,283.0614256,283.0612648,283.061197,0.75,0.3125,C16 H12 O5,16.0,12.0,5.0,0.0,0.0,0.0,0.0,0.0,0.0,tannin,0.8451541372536902
1824,283.0460578,283.045897,283.0459408,1.0,0.666666667,C12 H12 O8,12.0,12.0,8.0,0.0,0.0,0.0,0.0,0.0,0.0,tannin,0.7188385592029459
1825,283.0250048,283.024844,283.0248114,0.533333333,0.4,C15 H8 O6,15.0,8.0,6.0,0.0,0.0,0.0,0.0,0.0,0.0,tannin,0.7115270043545545
1826,282.1430216,282.1428618,282.1428021,1.571428571,0.357142857,C14 H22 O5 13C1,15.0,22.0,5.0,0.0,0.0,1.0,0.0,0.0,0.0,lipid,0.8876422447176312
1827,282.1066556,282.1064959,282.1064166,1.384615385,0.461538462,C13 H18 O6 13C1,14.0,18.0,6.0,0.0,0.0,1.0,0.0,0.0,0.0,lignin,0.8349141630872529
1828,281.139529,281.1393704,281.1394473,1.466666667,0.333333333,C15 H22 O5,15.0,22.0,5.0,0.0,0.0,0.0,0.0,0.0,0.0,lipid,0.6150078427360112
1829,281.1031709,281.1030123,281.1030618,1.285714286,0.428571429,C14 H18 O6,14.0,18.0,6.0,0.0,0.0,0.0,0.0,0.0,0.0,lignin,0.8363311057415543
1830,281.0668498,281.0666913,281.0666763,1.076923077,0.538461538,C13 H14 O7,13.0,14.0,7.0,0.0,0.0,0.0,0.0,0.0,0.0,lignin,0.9232869088314007
1831,281.0457332,281.0455747,281.0455469,0.625,0.3125,C16 H10 O5,16.0,10.0,5.0,0.0,0.0,0.0,0.0,0.0,0.0,tannin,0.6845427280314895
1832,281.0305053,281.0303468,281.0302907,0.833333333,0.666666667,C12 H10 O8,12.0,10.0,8.0,0.0,0.0,0.0,0.0,0.0,0.0,tannin,0.8840953958957011
1833,280.1272366,280.1270792,280.127152,1.428571429,0.357142857,C14 H20 O5 13C1,15.0,20.0,5.0,0.0,0.0,1.0,0.0,0.0,0.0,lignin,0.8327779978200078
1834,280.0909147,280.0907573,280.0907665,1.230769231,0.461538462,C13 H16 O6 13C1,14.0,16.0,6.0,0.0,0.0,1.0,0.0,0.0,0.0,lignin,0.8385721013890916
1835,279.1602633,279.160107,279.1601827,1.5,0.25,C16 H24 O4,16.0,24.0,4.0,0.0,0.0,0.0,0.0,0.0,0.0,lipid,0.8990755587185465
1836,279.1239149,279.1237586,279.1237972,1.333333333,0.333333333,C15 H20 O5,15.0,20.0,5.0,0.0,0.0,0.0,0.0,0.0,0.0,lignin,0.8338729306890442
1837,279.087588,279.0874318,279.0874117,1.142857143,0.428571429,C14 H16 O6,14.0,16.0,6.0,0.0,0.0,0.0,0.0,0.0,0.0,lignin,0.8788650611170613
1838,279.0512533,279.0510971,279.0510262,0.923076923,0.538461538,C13 H12 O7,13.0,12.0,7.0,0.0,0.0,0.0,0.0,0.0,0.0,tannin,0.8872823610246054
1839,279.0148735,279.0147174,279.0146407,0.666666667,0.666666667,C12 H8 O8,12.0,8.0,8.0,0.0,0.0,0.0,0.0,0.0,0.0,tannin,0.8875171320512413
1840,277.1446543,277.1445003,277.1445327,1.375,0.25,C16 H22 O4,16.0,22.0,4.0,0.0,0.0,0.0,0.0,0.0,0.0,lignin,0.7049679448181568
1841,277.1083301,277.1081762,277.1081471,1.2,0.333333333,C15 H18 O5,15.0,18.0,5.0,0.0,0.0,0.0,0.0,0.0,0.0,lignin,0.8366955023105469
1842,277.0719858,277.0718319,277.0717616,1.0,0.428571429,C14 H14 O6,14.0,14.0,6.0,0.0,0.0,0.0,0.0,0.0,0.0,lignin,0.7992034749090533
1843,277.0355923,277.0354384,277.0353761,0.769230769,0.538461538,C13 H10 O7,13.0,10.0,7.0,0.0,0.0,0.0,0.0,0.0,0.0,tannin,0.8912906287983773
1844,275.1289826,275.128831,275.1288826,1.25,0.25,C16 H20 O4,16.0,20.0,4.0,0.0,0.0,0.0,0.0,0.0,0.0,lignin,0.8339009726134938
1845,275.0926341,275.0924825,275.0924971,1.066666667,0.333333333,C15 H16 O5,15.0,16.0,5.0,0.0,0.0,0.0,0.0,0.0,0.0,lignin,0.9250913311888654
1846,275.0773375,275.0771859,275.0772409,1.454545455,0.727272727,C11 H16 O8,11.0,16.0,8.0,0.0,0.0,0.0,0.0,0.0,0.0,carbohydrate,0.8893964264076992
1847,275.0562933,275.0561417,275.0561116,0.857142857,0.428571429,C14 H12 O6,14.0,12.0,6.0,0.0,0.0,0.0,0.0,0.0,0.0,tannin,0.886355801163637
1848,275.019908,275.0197565,275.0197261,0.615384615,0.538461538,C13 H8 O7,13.0,8.0,7.0,0.0,0.0,0.0,0.0,0.0,0.0,tannin,0.8942729544301515
1849,273.1345762,273.1344269,273.1343619,1.692307692,0.461538462,C13 H22 O6,13.0,22.0,6.0,0.0,0.0,0.0,0.0,0.0,0.0,lipid,0.9506390251538128
1850,273.1133121,273.1131627,273.1132325,1.125,0.25,C16 H18 O4,16.0,18.0,4.0,0.0,0.0,0.0,0.0,0.0,0.0,lignin,0.918105759275392
1851,273.0981771,273.0980278,273.0979764,1.5,0.583333333,C12 H18 O7,12.0,18.0,7.0,0.0,0.0,0.0,0.0,0.0,0.0,lignin,0.8920159296199666
1852,273.0769131,273.0767638,273.076847,0.933333333,0.333333333,C15 H14 O5,15.0,14.0,5.0,0.0,0.0,0.0,0.0,0.0,0.0,tannin,0.8828328407329934
1853,273.0618003,273.061651,273.0615909,1.272727273,0.727272727,C11 H14 O8,11.0,14.0,8.0,0.0,0.0,0.0,0.0,0.0,0.0,lignin,0.937336513474143
1854,273.0405237,273.0403745,273.0404615,0.714285714,0.428571429,C14 H10 O6,14.0,10.0,6.0,0.0,0.0,0.0,0.0,0.0,0.0,tannin,0.8911929489453125
1855,273.0340084,273.0338591,273.0339368,0.769230769,0.230769231,C13 H10 O3 S1 N2,13.0,10.0,3.0,1.0,2.0,0.0,0.0,0.0,0.15384615384615385,pah,0.4753975372765661
1856,273.0254157,273.0252665,273.0252054,1.0,0.9,C10 H10 O9,10.0,10.0,9.0,0.0,0.0,0.0,0.0,0.0,0.0,lignin,0.5124604505504875
1857,271.1188302,271.1186831,271.1187118,1.538461538,0.461538462,C13 H20 O6,13.0,20.0,6.0,0.0,0.0,0.0,0.0,0.0,0.0,lignin,0.8263764999728576
1858,271.082452,271.082305,271.0823263,1.333333333,0.583333333,C12 H16 O7,12.0,16.0,7.0,0.0,0.0,0.0,0.0,0.0,0.0,lignin,0.8697266752734935
1859,271.0613875,271.0612405,271.061197,0.8,0.333333333,C15 H12 O5,15.0,12.0,5.0,0.0,0.0,0.0,0.0,0.0,0.0,tannin,0.885028373954532
1860,271.0460886,271.0459416,271.0459408,1.090909091,0.727272727,C11 H12 O8,11.0,12.0,8.0,0.0,0.0,0.0,0.0,0.0,0.0,lignin,0.6338392890677603
1861,271.0250121,271.0248652,271.0248114,0.571428571,0.428571429,C14 H8 O6,14.0,8.0,6.0,0.0,0.0,0.0,0.0,0.0,0.0,tannin,0.8477964113446459
1862,270.1066338,270.106488,270.1064166,1.5,0.5,C12 H18 O6 13C1,13.0,18.0,6.0,0.0,0.0,1.0,0.0,0.0,0.0,lignin,0.8273653065013118
1863,269.139646,269.1395012,269.1394473,1.571428571,0.357142857,C14 H22 O5,14.0,22.0,5.0,0.0,0.0,0.0,0.0,0.0,0.0,lipid,0.8876422447176312
1864,269.1032618,269.1031171,269.1030618,1.384615385,0.461538462,C13 H18 O6,13.0,18.0,6.0,0.0,0.0,0.0,0.0,0.0,0.0,lignin,0.8349141630872529
1865,269.0668728,269.0667281,269.0666763,1.166666667,0.583333333,C12 H14 O7,12.0,14.0,7.0,0.0,0.0,0.0,0.0,0.0,0.0,lignin,0.8697137413775067
1866,269.045614,269.0454693,269.0455469,0.666666667,0.333333333,C15 H10 O5,15.0,10.0,5.0,0.0,0.0,0.0,0.0,0.0,0.0,tannin,0.7270477875095833
1867,269.0305057,269.030361,269.0302907,0.909090909,0.727272727,C11 H10 O8,11.0,10.0,8.0,0.0,0.0,0.0,0.0,0.0,0.0,tannin,0.8858661799548061
1868,268.127313,268.1271694,268.127152,1.538461538,0.384615385,C13 H20 O5 13C1,14.0,20.0,5.0,0.0,0.0,1.0,0.0,0.0,0.0,lipid,0.8875384310094454
1869,268.0909166,268.090773,268.0907665,1.333333333,0.5,C12 H16 O6 13C1,13.0,16.0,6.0,0.0,0.0,1.0,0.0,0.0,0.0,lignin,0.8367388708071595
1870,267.1602899,267.1601474,267.1601827,1.6,0.266666667,C15 H24 O4,15.0,24.0,4.0,0.0,0.0,0.0,0.0,0.0,0.0,lipid,0.8882402083667353
1871,267.1438933,267.1437508,267.1436998,2.166666667,0.333333333,C12 H26 O4 34S1,12.0,26.0,4.0,0.0,0.0,0.0,1.0,0.0,0.0,lipid,0.8957081152971608
1872,267.1238937,267.1237512,267.1237972,1.428571429,0.357142857,C14 H20 O5,14.0,20.0,5.0,0.0,0.0,0.0,0.0,0.0,0.0,lignin,0.8327779978200078
1873,267.0875353,267.0873929,267.0874117,1.230769231,0.461538462,C13 H16 O6,13.0,16.0,6.0,0.0,0.0,0.0,0.0,0.0,0.0,lignin,0.8385721013890916
1874,267.0511736,267.0510312,267.0510262,1.0,0.583333333,C12 H12 O7,12.0,12.0,7.0,0.0,0.0,0.0,0.0,0.0,0.0,tannin,0.719379338881798
1875,267.0148123,267.01467,267.0146407,0.727272727,0.727272727,C11 H8 O8,11.0,8.0,8.0,0.0,0.0,0.0,0.0,0.0,0.0,tannin,0.8877031569053457
1876,266.1513218,266.1511804,266.1512588,2.363636364,0.363636364,C11 H26 O4 S1 13C1,12.0,26.0,4.0,1.0,0.0,1.0,0.0,0.0,0.0,lipid,0.895248753614793
1877,265.1479801,265.1478399,265.147904,2.166666667,0.333333333,C12 H26 O4 S1,12.0,26.0,4.0,1.0,0.0,0.0,0.0,0.0,0.0,lipid,0.8957081152971608
1878,265.144651,265.1445108,265.1445327,1.466666667,0.266666667,C15 H22 O4,15.0,22.0,4.0,0.0,0.0,0.0,0.0,0.0,0.0,lipid,0.8991203180146377
1879,265.1083306,265.1081905,265.1081471,1.285714286,0.357142857,C14 H18 O5,14.0,18.0,5.0,0.0,0.0,0.0,0.0,0.0,0.0,lignin,0.8350151800891865
1880,265.0719393,265.0717991,265.0717616,1.076923077,0.461538462,C13 H14 O6,13.0,14.0,6.0,0.0,0.0,0.0,0.0,0.0,0.0,lignin,0.9235827496153132
1881,265.0507082,265.0505682,265.0506323,0.625,0.25,C16 H10 O4,16.0,10.0,4.0,0.0,0.0,0.0,0.0,0.0,0.0,pah,0.5792243528567166
1882,265.0355832,265.0354431,265.0353761,0.833333333,0.583333333,C12 H10 O7,12.0,10.0,7.0,0.0,0.0,0.0,0.0,0.0,0.0,tannin,0.8898293511906308
1883,264.1242282,264.1240892,264.1241316,1.357142857,0.285714286,C14 H19 O4 N1,14.0,19.0,4.0,0.0,1.0,0.0,0.0,0.0,0.07142857142857142,lipid,0.9022680314106604
1884,263.1290665,263.1289286,263.1288826,1.333333333,0.266666667,C15 H20 O4,15.0,20.0,4.0,0.0,0.0,0.0,0.0,0.0,0.0,lignin,0.8329291560981915
1885,263.0926142,263.0924764,263.0924971,1.142857143,0.357142857,C14 H16 O5,14.0,16.0,5.0,0.0,0.0,0.0,0.0,0.0,0.0,lignin,0.8362779476476903
1886,263.0562063,263.0560685,263.0561116,0.923076923,0.461538462,C13 H12 O6,13.0,12.0,6.0,0.0,0.0,0.0,0.0,0.0,0.0,tannin,0.8852854715936329
1887,263.0197928,263.019655,263.0197261,0.666666667,0.583333333,C12 H8 O7,12.0,8.0,7.0,0.0,0.0,0.0,0.0,0.0,0.0,tannin,0.8940693987963954
1888,261.1498162,261.1496805,261.149618,1.375,0.1875,C16 H22 O3,16.0,22.0,3.0,0.0,0.0,0.0,0.0,0.0,0.0,lipid,0.9001216787988214
1889,261.113434,261.1132984,261.1132325,1.2,0.266666667,C15 H18 O4,15.0,18.0,4.0,0.0,0.0,0.0,0.0,0.0,0.0,lignin,0.8349899284233526
1890,261.0770349,261.0768993,261.076847,1.0,0.357142857,C14 H14 O5,14.0,14.0,5.0,0.0,0.0,0.0,0.0,0.0,0.0,lignin,0.9232389156408709
1891,261.0406056,261.04047,261.0404615,0.769230769,0.461538462,C13 H10 O6,13.0,10.0,6.0,0.0,0.0,0.0,0.0,0.0,0.0,tannin,0.890087525506217
1892,261.0041678,261.0040323,261.004076,0.5,0.583333333,C12 H6 O7,12.0,6.0,7.0,0.0,0.0,0.0,0.0,0.0,0.0,tannin,0.8954515534343965
1893,259.1187827,259.1186494,259.1187118,1.666666667,0.5,C12 H20 O6,12.0,20.0,6.0,0.0,0.0,0.0,0.0,0.0,0.0,lipid,0.9505075972465269
1894,259.0977144,259.0975811,259.0975825,1.066666667,0.266666667,C15 H16 O4,15.0,16.0,4.0,0.0,0.0,0.0,0.0,0.0,0.0,lignin,0.9264263709958831
1895,259.0824554,259.0823221,259.0823263,1.454545455,0.636363636,C11 H16 O7,11.0,16.0,7.0,0.0,0.0,0.0,0.0,0.0,0.0,lignin,0.8917845480266632
1896,259.0612844,259.0611512,259.061197,0.857142857,0.357142857,C14 H12 O5,14.0,12.0,5.0,0.0,0.0,0.0,0.0,0.0,0.0,tannin,0.8846496525962744
1897,259.0461191,259.0459858,259.0459408,1.2,0.8,C10 H12 O8,10.0,12.0,8.0,0.0,0.0,0.0,0.0,0.0,0.0,lignin,0.9083349281392836
1898,259.0248853,259.0247521,259.0248114,0.615384615,0.461538462,C13 H8 O6,13.0,8.0,6.0,0.0,0.0,0.0,0.0,0.0,0.0,tannin,0.8881719339616584
1899,257.1031816,257.1030506,257.1030618,1.5,0.5,C12 H18 O6,12.0,18.0,6.0,0.0,0.0,0.0,0.0,0.0,0.0,lignin,0.8273653065013118
1900,257.0821194,257.0819884,257.0819324,0.933333333,0.266666667,C15 H14 O4,15.0,14.0,4.0,0.0,0.0,0.0,0.0,0.0,0.0,lignin,0.7522941413621665
1901,257.0667398,257.0666088,257.0666763,1.272727273,0.636363636,C11 H14 O7,11.0,14.0,7.0,0.0,0.0,0.0,0.0,0.0,0.0,lignin,0.9370921140481723
1902,257.0457127,257.0455817,257.0455469,0.714285714,0.357142857,C14 H10 O5,14.0,10.0,5.0,0.0,0.0,0.0,0.0,0.0,0.0,tannin,0.8508400590092547
1903,257.0303692,257.0302382,257.0302907,1.0,0.8,C10 H10 O8,10.0,10.0,8.0,0.0,0.0,0.0,0.0,0.0,0.0,tannin,0.7187603222335043
1904,256.2364835,256.2363534,256.2363086,2.133333333,0.133333333,C15 H32 O2 13C1,16.0,32.0,2.0,0.0,0.0,1.0,0.0,0.0,0.0,lipid,0.9499594568396607
1905,255.2331036,255.2329746,255.2329537,2.0,0.125,C16 H32 O2,16.0,32.0,2.0,0.0,0.0,0.0,0.0,0.0,0.0,lipid,0.9117052864755664
1906,255.1239028,255.123774,255.1237972,1.538461538,0.384615385,C13 H20 O5,13.0,20.0,5.0,0.0,0.0,0.0,0.0,0.0,0.0,lipid,0.8875384310094454
1907,255.0874679,255.0873391,255.0874117,1.333333333,0.5,C12 H16 O6,12.0,16.0,6.0,0.0,0.0,0.0,0.0,0.0,0.0,lignin,0.8367388708071595
1908,255.0664249,255.0662962,255.0662823,0.8,0.266666667,C15 H12 O4,15.0,12.0,4.0,0.0,0.0,0.0,0.0,0.0,0.0,tannin,0.8376726436615429
1909,255.0511443,255.0510155,255.0510262,1.090909091,0.636363636,C11 H12 O7,11.0,12.0,7.0,0.0,0.0,0.0,0.0,0.0,0.0,lignin,0.7958678932983878
1910,255.0299886,255.0298599,255.0298968,0.571428571,0.357142857,C14 H8 O5,14.0,8.0,5.0,0.0,0.0,0.0,0.0,0.0,0.0,tannin,0.6919955794313184
1911,255.0148278,255.0146991,255.0146407,0.8,0.8,C10 H8 O8,10.0,8.0,8.0,0.0,0.0,0.0,0.0,0.0,0.0,tannin,0.8866986852868557
1912,253.1447077,253.1445811,253.1445327,1.571428571,0.285714286,C14 H22 O4,14.0,22.0,4.0,0.0,0.0,0.0,0.0,0.0,0.0,lipid,0.8882269264701284
1913,253.1083333,253.1082067,253.1081471,1.384615385,0.384615385,C13 H18 O5,13.0,18.0,5.0,0.0,0.0,0.0,0.0,0.0,0.0,lignin,0.8337684022759575
1914,253.0831749,253.0830484,253.082995,1.272727273,0.454545455,C11 H14 O5 N2,11.0,14.0,5.0,0.0,2.0,0.0,0.0,0.0,0.18181818181818182,peptide,0.9355708329481873
1915,253.0718844,253.0717579,253.0717616,1.166666667,0.5,C12 H14 O6,12.0,14.0,6.0,0.0,0.0,0.0,0.0,0.0,0.0,lignin,0.839680591125683
1916,253.035441,253.0353145,253.0353761,0.909090909,0.636363636,C11 H10 O7,11.0,10.0,7.0,0.0,0.0,0.0,0.0,0.0,0.0,tannin,0.8825620321394398
1917,251.1290436,251.1289192,251.1288826,1.428571429,0.285714286,C14 H20 O4,14.0,20.0,4.0,0.0,0.0,0.0,0.0,0.0,0.0,lipid,0.6152643190638664
1918,251.0925633,251.092439,251.0924971,1.230769231,0.384615385,C13 H16 O5,13.0,16.0,5.0,0.0,0.0,0.0,0.0,0.0,0.0,lignin,0.8366887603948273
1919,251.056215,251.0560908,251.0561116,1.0,0.5,C12 H12 O6,12.0,12.0,6.0,0.0,0.0,0.0,0.0,0.0,0.0,tannin,0.5343542876145502
1920,251.0199116,251.0197874,251.0197261,0.727272727,0.636363636,C11 H8 O7,11.0,8.0,7.0,0.0,0.0,0.0,0.0,0.0,0.0,tannin,0.8926675651474779
1921,250.1450273,250.1449041,250.144867,1.5,0.214285714,C14 H21 O3 N1,14.0,21.0,3.0,0.0,1.0,0.0,0.0,0.0,0.07142857142857142,lipid,0.8996814096635601
1922,249.1497838,249.1496617,249.149618,1.466666667,0.2,C15 H22 O3,15.0,22.0,3.0,0.0,0.0,0.0,0.0,0.0,0.0,lipid,0.8997971399897539
1923,249.1133918,249.1132697,249.1132325,1.285714286,0.285714286,C14 H18 O4,14.0,18.0,4.0,0.0,0.0,0.0,0.0,0.0,0.0,lignin,0.833874209945203
1924,249.0769093,249.0767873,249.076847,1.076923077,0.384615385,C13 H14 O5,13.0,14.0,5.0,0.0,0.0,0.0,0.0,0.0,0.0,lignin,0.9251139604385881
1925,249.0405879,249.0404659,249.0404615,0.833333333,0.5,C12 H10 O6,12.0,10.0,6.0,0.0,0.0,0.0,0.0,0.0,0.0,tannin,0.889612759557275
1926,249.0042423,249.0041204,249.004076,0.545454545,0.636363636,C11 H6 O7,11.0,6.0,7.0,0.0,0.0,0.0,0.0,0.0,0.0,tannin,0.8955116173779556
1927,247.0977658,247.097646,247.0975825,1.142857143,0.285714286,C14 H16 O4,14.0,16.0,4.0,0.0,0.0,0.0,0.0,0.0,0.0,lignin,0.8342165739532424
1928,247.0613279,247.0612082,247.061197,0.923076923,0.384615385,C13 H12 O5,13.0,12.0,5.0,0.0,0.0,0.0,0.0,0.0,0.0,tannin,0.8835658763478523
1929,247.0248632,247.0247435,247.0248114,0.666666667,0.5,C12 H8 O6,12.0,8.0,6.0,0.0,0.0,0.0,0.0,0.0,0.0,tannin,0.8929154893576697
1930,245.0820119,245.0818943,245.0819324,1.0,0.285714286,C14 H14 O4,14.0,14.0,4.0,0.0,0.0,0.0,0.0,0.0,0.0,lignin,0.9238919339969603
1931,245.0668608,245.0667433,245.0666763,1.4,0.7,C10 H14 O7,10.0,14.0,7.0,0.0,0.0,0.0,0.0,0.0,0.0,lignin,0.8920637821436064
1932,245.0456711,245.0455537,245.0455469,0.769230769,0.384615385,C13 H10 O5,13.0,10.0,5.0,0.0,0.0,0.0,0.0,0.0,0.0,tannin,0.8900227060417532
1933,243.1603322,243.1602168,243.1601827,1.846153846,0.307692308,C13 H24 O4,13.0,24.0,4.0,0.0,0.0,0.0,0.0,0.0,0.0,lipid,0.9509085371559408
1934,243.1238521,243.1237368,243.1237972,1.666666667,0.416666667,C12 H20 O5,12.0,20.0,5.0,0.0,0.0,0.0,0.0,0.0,0.0,lipid,0.9113284338026352
1935,243.0875861,243.0874708,243.0874117,1.454545455,0.545454545,C11 H16 O6,11.0,16.0,6.0,0.0,0.0,0.0,0.0,0.0,0.0,lignin,0.8776649047802589
1936,243.0664142,243.0662989,243.0662823,0.857142857,0.285714286,C14 H12 O4,14.0,12.0,4.0,0.0,0.0,0.0,0.0,0.0,0.0,tannin,0.8536273026862471
1937,243.0511333,243.0510181,243.0510262,1.2,0.7,C10 H12 O7,10.0,12.0,7.0,0.0,0.0,0.0,0.0,0.0,0.0,lignin,0.9347262621921966
1938,243.0300641,243.0299489,243.0298968,0.615384615,0.384615385,C13 H8 O5,13.0,8.0,5.0,0.0,0.0,0.0,0.0,0.0,0.0,tannin,0.7491002099411775
1939,242.1762369,242.1761226,242.1761671,1.923076923,0.230769231,C13 H25 O3 N1,13.0,25.0,3.0,0.0,1.0,0.0,0.0,0.0,0.07692307692307693,lipid,0.9427689598400276
1940,241.1082581,241.108145,241.1081471,1.5,0.416666667,C12 H18 O5,12.0,18.0,5.0,0.0,0.0,0.0,0.0,0.0,0.0,lignin,0.8264543435641967
1941,241.0719273,241.0718143,241.0717616,1.272727273,0.545454545,C11 H14 O6,11.0,14.0,6.0,0.0,0.0,0.0,0.0,0.0,0.0,lignin,0.8397186723665037
1942,241.0508003,241.0506873,241.0506323,0.714285714,0.285714286,C14 H10 O4,14.0,10.0,4.0,0.0,0.0,0.0,0.0,0.0,0.0,tannin,0.7019538785104711
1943,241.0354354,241.0353224,241.0353761,1.0,0.7,C10 H10 O7,10.0,10.0,7.0,0.0,0.0,0.0,0.0,0.0,0.0,tannin,0.7188065712841234
1944,240.0708288,240.0707169,240.0706998,1.333333333,0.555555556,C9 H12 O5 N2 13C1,10.0,12.0,5.0,0.0,2.0,1.0,0.0,0.0,0.2,peptide,0.7690419882378609
1945,239.1289417,239.1288308,239.1288826,1.538461538,0.307692308,C13 H20 O4,13.0,20.0,4.0,0.0,0.0,0.0,0.0,0.0,0.0,lipid,0.8987445739712967
1946,239.0926587,239.0925479,239.0924971,1.333333333,0.416666667,C12 H16 O5,12.0,16.0,5.0,0.0,0.0,0.0,0.0,0.0,0.0,lignin,0.8351062822906374
1947,239.0675068,239.067396,239.067345,1.2,0.5,C10 H12 O5 N2,10.0,12.0,5.0,0.0,2.0,0.0,0.0,0.0,0.2,peptide,0.9447494277177434
1948,239.0561972,239.0560863,239.0561116,1.090909091,0.545454545,C11 H12 O6,11.0,12.0,6.0,0.0,0.0,0.0,0.0,0.0,0.0,lignin,0.9233995944237889
1949,239.0198629,239.0197521,239.0197261,0.8,0.7,C10 H8 O7,10.0,8.0,7.0,0.0,0.0,0.0,0.0,0.0,0.0,tannin,0.8871091687262413
1950,237.1132976,237.1131889,237.1132325,1.384615385,0.307692308,C13 H18 O4,13.0,18.0,4.0,0.0,0.0,0.0,0.0,0.0,0.0,lignin,0.8327994150879661
1951,237.0770112,237.0769025,237.076847,1.166666667,0.416666667,C12 H14 O5,12.0,14.0,5.0,0.0,0.0,0.0,0.0,0.0,0.0,lignin,0.8368266771994491
1952,237.0405232,237.0404146,237.0404615,0.909090909,0.545454545,C11 H10 O6,11.0,10.0,6.0,0.0,0.0,0.0,0.0,0.0,0.0,tannin,0.8878165329626247
1953,235.1704603,235.1703538,235.1703535,1.6,0.133333333,C15 H24 O2,15.0,24.0,2.0,0.0,0.0,0.0,0.0,0.0,0.0,lipid,0.8986672850302968
1954,235.0977173,235.0976109,235.0975825,1.230769231,0.307692308,C13 H16 O4,13.0,16.0,4.0,0.0,0.0,0.0,0.0,0.0,0.0,lignin,0.8351123833118621
1955,235.0612982,235.0611918,235.061197,1.0,0.416666667,C12 H12 O5,12.0,12.0,5.0,0.0,0.0,0.0,0.0,0.0,0.0,lignin,0.9229424889167854
1956,235.024952,235.0248456,235.0248114,0.727272727,0.545454545,C11 H8 O6,11.0,8.0,6.0,0.0,0.0,0.0,0.0,0.0,0.0,tannin,0.8922708704770399
1957,233.1548553,233.154751,233.1547034,1.466666667,0.133333333,C15 H22 O2,15.0,22.0,2.0,0.0,0.0,0.0,0.0,0.0,0.0,lipid,0.8999980345663671
1958,233.1183842,233.11828,233.1183179,1.285714286,0.214285714,C14 H18 O3,14.0,18.0,3.0,0.0,0.0,0.0,0.0,0.0,0.0,lignin,0.8329323828483008
1959,233.0820726,233.0819684,233.0819324,1.076923077,0.307692308,C13 H14 O4,13.0,14.0,4.0,0.0,0.0,0.0,0.0,0.0,0.0,lignin,0.92593015543903
1960,233.0456662,233.0455621,233.0455469,0.833333333,0.416666667,C12 H10 O5,12.0,10.0,5.0,0.0,0.0,0.0,0.0,0.0,0.0,tannin,0.8869940391007465
1961,233.0092492,233.0091451,233.0091614,0.545454545,0.545454545,C11 H6 O6,11.0,6.0,6.0,0.0,0.0,0.0,0.0,0.0,0.0,tannin,0.8949806417820094
1962,231.0664135,231.0663115,231.0662823,0.923076923,0.307692308,C13 H12 O4,13.0,12.0,4.0,0.0,0.0,0.0,0.0,0.0,0.0,tannin,0.8827810308047855
1963,231.0299566,231.0298547,231.0298968,0.666666667,0.416666667,C12 H8 O5,12.0,8.0,5.0,0.0,0.0,0.0,0.0,0.0,0.0,tannin,0.8829833170871767
1964,229.0718977,229.071798,229.0717616,1.4,0.6,C10 H14 O6,10.0,14.0,6.0,0.0,0.0,0.0,0.0,0.0,0.0,lignin,0.8927154263495435
1965,229.050752,229.0506522,229.0506323,0.769230769,0.307692308,C13 H10 O4,13.0,10.0,4.0,0.0,0.0,0.0,0.0,0.0,0.0,tannin,0.8467196903242324
1966,229.0354309,229.0353312,229.0353761,1.111111111,0.777777778,C9 H10 O7,9.0,10.0,7.0,0.0,0.0,0.0,0.0,0.0,0.0,lignin,0.6337524853561419
1967,227.2017172,227.2016195,227.2016536,2.0,0.142857143,C14 H28 O2,14.0,28.0,2.0,0.0,0.0,0.0,0.0,0.0,0.0,lipid,0.9513765053962828
1968,227.0925495,227.0924519,227.0924971,1.454545455,0.454545455,C11 H16 O5,11.0,16.0,5.0,0.0,0.0,0.0,0.0,0.0,0.0,lignin,0.8275290536985264
1969,227.0562436,227.056146,227.0561116,1.2,0.6,C10 H12 O6,10.0,12.0,6.0,0.0,0.0,0.0,0.0,0.0,0.0,lignin,0.9059390441440254
1970,227.0351277,227.0350302,227.0349822,0.615384615,0.307692308,C13 H8 O4,13.0,8.0,4.0,0.0,0.0,0.0,0.0,0.0,0.0,tannin,0.6804687856546197
1971,227.0198812,227.0197836,227.0197261,0.888888889,0.777777778,C9 H8 O7,9.0,8.0,7.0,0.0,0.0,0.0,0.0,0.0,0.0,tannin,0.8859742821625082
1972,226.0650051,226.0649086,226.0649457,2.333333333,1.333333333,C6 H14 O8 13C1,7.0,14.0,8.0,0.0,0.0,1.0,0.0,0.0,0.0,carbohydrate,0.922265663066403
1973,225.1132952,225.1131998,225.1132325,1.5,0.333333333,C12 H18 O4,12.0,18.0,4.0,0.0,0.0,0.0,0.0,0.0,0.0,lipid,0.8987679166636724
1974,225.0769589,225.0768635,225.076847,1.272727273,0.454545455,C11 H14 O5,11.0,14.0,5.0,0.0,0.0,0.0,0.0,0.0,0.0,lignin,0.8371986769680919
1975,225.0617396,225.0616443,225.0615909,2.0,1.142857143,C7 H14 O8,7.0,14.0,8.0,0.0,0.0,0.0,0.0,0.0,0.0,carbohydrate,0.9371420288161947
1976,225.0406092,225.0405139,225.0404615,1.0,0.6,C10 H10 O6,10.0,10.0,6.0,0.0,0.0,0.0,0.0,0.0,0.0,tannin,0.7201531095269726
1977,223.0977162,223.097623,223.0975825,1.333333333,0.333333333,C12 H16 O4,12.0,16.0,4.0,0.0,0.0,0.0,0.0,0.0,0.0,lignin,0.8338729306890442
1978,223.0612692,223.0611761,223.061197,1.090909091,0.454545455,C11 H12 O5,11.0,12.0,5.0,0.0,0.0,0.0,0.0,0.0,0.0,lignin,0.9239045996356099
1979,223.0248706,223.0247775,223.0248114,0.8,0.6,C10 H8 O6,10.0,8.0,6.0,0.0,0.0,0.0,0.0,0.0,0.0,tannin,0.8905301293287525
1980,221.0820583,221.0819673,221.0819324,1.166666667,0.333333333,C12 H14 O4,12.0,14.0,4.0,0.0,0.0,0.0,0.0,0.0,0.0,lignin,0.8346794013289476
1981,221.0456296,221.0455386,221.0455469,0.909090909,0.454545455,C11 H10 O5,11.0,10.0,5.0,0.0,0.0,0.0,0.0,0.0,0.0,tannin,0.8851355866656185
1982,221.0092127,221.0091218,221.0091614,0.6,0.6,C10 H6 O6,10.0,6.0,6.0,0.0,0.0,0.0,0.0,0.0,0.0,tannin,0.8950321951777267
1983,219.0663485,219.0662597,219.0662823,1.0,0.333333333,C12 H12 O4,12.0,12.0,4.0,0.0,0.0,0.0,0.0,0.0,0.0,lignin,0.9234207039608633
1984,219.0299569,219.0298681,219.0298968,0.727272727,0.454545455,C11 H8 O5,11.0,8.0,5.0,0.0,0.0,0.0,0.0,0.0,0.0,tannin,0.8912626941760255
1985,217.0507258,217.0506392,217.0506323,0.833333333,0.333333333,C12 H10 O4,12.0,10.0,4.0,0.0,0.0,0.0,0.0,0.0,0.0,tannin,0.8886490286325793
1986,211.0977006,211.0976205,211.0975825,1.454545455,0.363636364,C11 H16 O4,11.0,16.0,4.0,0.0,0.0,0.0,0.0,0.0,0.0,lignin,0.8325115136195407
1987,211.0613077,211.0612276,211.061197,1.2,0.5,C10 H12 O5,10.0,12.0,5.0,0.0,0.0,0.0,0.0,0.0,0.0,lignin,0.8408858900156151
1988,211.0248798,211.0247997,211.0248114,0.888888889,0.666666667,C9 H8 O6,9.0,8.0,6.0,0.0,0.0,0.0,0.0,0.0,0.0,tannin,0.8829197497931753
1989,209.0456015,209.0455235,209.0455469,1.0,0.5,C10 H10 O5,10.0,10.0,5.0,0.0,0.0,0.0,0.0,0.0,0.0,tannin,0.5343542876145502
1990,207.0300203,207.0299445,207.0298968,0.8,0.5,C10 H8 O5,10.0,8.0,5.0,0.0,0.0,0.0,0.0,0.0,0.0,tannin,0.8898634126020722
1991,199.1704405,199.1703731,199.1703535,2.0,0.166666667,C12 H24 O2,12.0,24.0,2.0,0.0,0.0,0.0,0.0,0.0,0.0,lipid,0.9511799801226442
1992,191.0198051,191.0197464,191.0197261,1.333333333,1.166666667,C6 H8 O7,6.0,8.0,7.0,0.0,0.0,0.0,0.0,0.0,0.0,carbohydrate,0.8589698800266896
